cd_mun,nm_mun,sigla_uf,area_km2,mes,nome_mes,normal_mm,status_dados,ano_inicial,ano_final,numero_anos,fonte,colecao_gee,periodo_referencia,malha_municipal
1200401,Rio Branco,AC,8834.832,5,mai,97.57809204808306,OK,1991,2020,30,CHIRPS_v2,UCSB-CHG/CHIRPS/DAILY,1991-2020,IBGE_2024
1200807,Porto Acre,AC,2603.942,5,mai,106.67024486399163,OK,1991,2020,30,CHIRPS_v2,UCSB-CHG/CHIRPS/DAILY,1991-2020,IBGE_2024
1200385,Plácido de Castro,AC,1952.531,5,mai,95.4936490740141,OK,1991,2020,30,CHIRPS_v2,UCSB-CHG/CHIRPS/DAILY,1991-2020,IBGE_2024
1200450,Senador Guiomard,AC,2320.956,5,mai,103.04610261613156,OK,1991,2020,30,CHIRPS_v2,UCSB-CHG/CHIRPS/DAILY,1991-2020,IBGE_2024
1200179,Capixaba,AC,1705.236,5,mai,93.6150209854984,OK,1991,2020,30,CHIRPS_v2,UCSB-CHG/CHIRPS/DAILY,1991-2020,IBGE_2024
1200138,Bujari,AC,3035.547,5,mai,101.62893617632598,OK,1991,2020,30,CHIRPS_v2,UCSB-CHG/CHIRPS/DAILY,1991-2020,IBGE_2024
1200054,Assis Brasil,AC,4968.527,5,mai,115.9204506506912,OK,1991,2020,30,CHIRPS_v2,UCSB-CHG/CHIRPS/DAILY,1991-2020,IBGE_2024
1200252,Epitaciolândia,AC,1652.715,5,mai,69.73308887197058,OK,1991,2020,30,CHIRPS_v2,UCSB-CHG/CHIRPS/DAILY,1991-2020,IBGE_2024
1200708,Xapuri,AC,5350.3,5,mai,88.10709970500491,OK,1991,2020,30,CHIRPS_v2,UCSB-CHG/CHIRPS/DAILY,1991-2020,IBGE_2024
1200104,Brasiléia,AC,3928.821,5,mai,102.32399717999905,OK,1991,2020,30,CHIRPS_v2,UCSB-CHG/CHIRPS/DAILY,1991-2020,IBGE_2024
1200435,Santa Rosa do Purus,AC,6144.95,5,mai,125.13634259177877,OK,1991,2020,30,CHIRPS_v2,UCSB-CHG/CHIRPS/DAILY,1991-2020,IBGE_2024
1200500,Sena Madureira,AC,23748.843,5,mai,110.5066722805898,OK,1991,2020,30,CHIRPS_v2,UCSB-CHG/CHIRPS/DAILY,1991-2020,IBGE_2024
1200344,Manoel Urbano,AC,10615.134,5,mai,119.26532867599299,OK,1991,2020,30,CHIRPS_v2,UCSB-CHG/CHIRPS/DAILY,1991-2020,IBGE_2024
1200351,Marechal Thaumaturgo,AC,8185.635,5,mai,128.64693593056114,OK,1991,2020,30,CHIRPS_v2,UCSB-CHG/CHIRPS/DAILY,1991-2020,IBGE_2024
1200336,Mâncio Lima,AC,5414.073,5,mai,160.18778278719566,OK,1991,2020,30,CHIRPS_v2,UCSB-CHG/CHIRPS/DAILY,1991-2020,IBGE_2024
1200427,Rodrigues Alves,AC,3082.396,5,mai,158.07098146909863,OK,1991,2020,30,CHIRPS_v2,UCSB-CHG/CHIRPS/DAILY,1991-2020,IBGE_2024
1200393,Porto Walter,AC,6452.756,5,mai,134.25200300742898,OK,1991,2020,30,CHIRPS_v2,UCSB-CHG/CHIRPS/DAILY,1991-2020,IBGE_2024
1200203,Cruzeiro do Sul,AC,8793.341,5,mai,156.89041688830432,OK,1991,2020,30,CHIRPS_v2,UCSB-CHG/CHIRPS/DAILY,1991-2020,IBGE_2024
1200328,Jordão,AC,5346.443,5,mai,110.3571406852547,OK,1991,2020,30,CHIRPS_v2,UCSB-CHG/CHIRPS/DAILY,1991-2020,IBGE_2024
1200302,Feijó,AC,27946.684,5,mai,126.0970892992793,OK,1991,2020,30,CHIRPS_v2,UCSB-CHG/CHIRPS/DAILY,1991-2020,IBGE_2024
1200609,Tarauacá,AC,20169.487,5,mai,139.39919323720045,OK,1991,2020,30,CHIRPS_v2,UCSB-CHG/CHIRPS/DAILY,1991-2020,IBGE_2024
1303536,Presidente Figueiredo,AM,25027.907,5,mai,308.110239558795,OK,1991,2020,30,CHIRPS_v2,UCSB-CHG/CHIRPS/DAILY,1991-2020,IBGE_2024
1303809,São Gabriel da Cachoeira,AM,108700.19,5,mai,376.34971615125914,OK,1991,2020,30,CHIRPS_v2,UCSB-CHG/CHIRPS/DAILY,1991-2020,IBGE_2024
1303601,Santa Isabel do Rio Negro,AM,62470.219,5,mai,336.3384010266077,OK,1991,2020,30,CHIRPS_v2,UCSB-CHG/CHIRPS/DAILY,1991-2020,IBGE_2024
1300409,Barcelos,AM,122453.454,5,mai,346.7229791701226,OK,1991,2020,30,CHIRPS_v2,UCSB-CHG/CHIRPS/DAILY,1991-2020,IBGE_2024
1302306,Jutaí,AM,68971.126,5,mai,243.01382395269604,OK,1991,2020,30,CHIRPS_v2,UCSB-CHG/CHIRPS/DAILY,1991-2020,IBGE_2024
1302108,Japurá,AM,55964.231,5,mai,332.4130577199967,OK,1991,2020,30,CHIRPS_v2,UCSB-CHG/CHIRPS/DAILY,1991-2020,IBGE_2024
1301001,Carauari,AM,25771.943,5,mai,222.58450786433133,OK,1991,2020,30,CHIRPS_v2,UCSB-CHG/CHIRPS/DAILY,1991-2020,IBGE_2024
1303700,Santo Antônio do Içá,AM,12482.067,5,mai,283.5459301328118,OK,1991,2020,30,CHIRPS_v2,UCSB-CHG/CHIRPS/DAILY,1991-2020,IBGE_2024
1304062,Tabatinga,AM,3279.046,5,mai,236.299119263782,OK,1991,2020,30,CHIRPS_v2,UCSB-CHG/CHIRPS/DAILY,1991-2020,IBGE_2024
1303908,São Paulo de Olivença,AM,19615.643,5,mai,244.0381116178717,OK,1991,2020,30,CHIRPS_v2,UCSB-CHG/CHIRPS/DAILY,1991-2020,IBGE_2024
1304237,Tonantins,AM,6336.62,5,mai,283.75890959380035,OK,1991,2020,30,CHIRPS_v2,UCSB-CHG/CHIRPS/DAILY,1991-2020,IBGE_2024
1300607,Benjamin Constant,AM,9100.432,5,mai,230.32402984100437,OK,1991,2020,30,CHIRPS_v2,UCSB-CHG/CHIRPS/DAILY,1991-2020,IBGE_2024
1300201,Atalaia do Norte,AM,76313.455,5,mai,215.87829332205098,OK,1991,2020,30,CHIRPS_v2,UCSB-CHG/CHIRPS/DAILY,1991-2020,IBGE_2024
1300060,Amaturá,AM,4658.391,5,mai,266.1115095551566,OK,1991,2020,30,CHIRPS_v2,UCSB-CHG/CHIRPS/DAILY,1991-2020,IBGE_2024
1301803,Ipixuna,AM,12437.643,5,mai,174.62131149323227,OK,1991,2020,30,CHIRPS_v2,UCSB-CHG/CHIRPS/DAILY,1991-2020,IBGE_2024
1301654,Guajará,AM,7427.071,5,mai,160.63936622160628,OK,1991,2020,30,CHIRPS_v2,UCSB-CHG/CHIRPS/DAILY,1991-2020,IBGE_2024
1301951,Itamarati,AM,25509.236,5,mai,188.40072003876136,OK,1991,2020,30,CHIRPS_v2,UCSB-CHG/CHIRPS/DAILY,1991-2020,IBGE_2024
1301506,Envira,AM,7419.658,5,mai,158.32829840060165,OK,1991,2020,30,CHIRPS_v2,UCSB-CHG/CHIRPS/DAILY,1991-2020,IBGE_2024
1301407,Eirunepé,AM,15189.428,5,mai,171.74167692351656,OK,1991,2020,30,CHIRPS_v2,UCSB-CHG/CHIRPS/DAILY,1991-2020,IBGE_2024
1304104,Tapauá,AM,84697.765,5,mai,179.95424466560172,OK,1991,2020,30,CHIRPS_v2,UCSB-CHG/CHIRPS/DAILY,1991-2020,IBGE_2024
1303502,Pauini,AM,41637.294,5,mai,163.5217342329217,OK,1991,2020,30,CHIRPS_v2,UCSB-CHG/CHIRPS/DAILY,1991-2020,IBGE_2024
1300706,Boca do Acre,AM,21949.686,5,mai,127.74520452619034,OK,1991,2020,30,CHIRPS_v2,UCSB-CHG/CHIRPS/DAILY,1991-2020,IBGE_2024
1302405,Lábrea,AM,68349.909,5,mai,129.70307191189477,OK,1991,2020,30,CHIRPS_v2,UCSB-CHG/CHIRPS/DAILY,1991-2020,IBGE_2024
1303007,Nhamundá,AM,14077.252,5,mai,306.13470723929265,OK,1991,2020,30,CHIRPS_v2,UCSB-CHG/CHIRPS/DAILY,1991-2020,IBGE_2024
1304302,Urucará,AM,27851.365,5,mai,333.62601316258497,OK,1991,2020,30,CHIRPS_v2,UCSB-CHG/CHIRPS/DAILY,1991-2020,IBGE_2024
1400100,Boa Vista,RR,5687.037,5,mai,285.2453711493615,OK,1991,2020,30,CHIRPS_v2,UCSB-CHG/CHIRPS/DAILY,1991-2020,IBGE_2024
1400050,Alto Alegre,RR,25424.287,5,mai,350.65091984614253,OK,1991,2020,30,CHIRPS_v2,UCSB-CHG/CHIRPS/DAILY,1991-2020,IBGE_2024
1400308,Mucajaí,RR,12337.85,5,mai,341.5069972372598,OK,1991,2020,30,CHIRPS_v2,UCSB-CHG/CHIRPS/DAILY,1991-2020,IBGE_2024
1400175,Cantá,RR,7664.831,5,mai,320.29179203245627,OK,1991,2020,30,CHIRPS_v2,UCSB-CHG/CHIRPS/DAILY,1991-2020,IBGE_2024
1400159,Bonfim,RR,8079.84,5,mai,317.56747789713273,OK,1991,2020,30,CHIRPS_v2,UCSB-CHG/CHIRPS/DAILY,1991-2020,IBGE_2024
1400407,Normandia,RR,6959.982,5,mai,278.14397912693806,OK,1991,2020,30,CHIRPS_v2,UCSB-CHG/CHIRPS/DAILY,1991-2020,IBGE_2024
1400456,Pacaraima,RR,8019.088,5,mai,272.6301572551288,OK,1991,2020,30,CHIRPS_v2,UCSB-CHG/CHIRPS/DAILY,1991-2020,IBGE_2024
1400704,Uiramutã,RR,8102.219,5,mai,234.20529753209908,OK,1991,2020,30,CHIRPS_v2,UCSB-CHG/CHIRPS/DAILY,1991-2020,IBGE_2024
1400027,Amajari,RR,28370.592,5,mai,339.8184295429664,OK,1991,2020,30,CHIRPS_v2,UCSB-CHG/CHIRPS/DAILY,1991-2020,IBGE_2024
1400605,São Luiz do Anauá,RR,1526.9,5,mai,343.2635800614887,OK,1991,2020,30,CHIRPS_v2,UCSB-CHG/CHIRPS/DAILY,1991-2020,IBGE_2024
1400506,São João da Baliza,RR,4284.503,5,mai,360.02102178212874,OK,1991,2020,30,CHIRPS_v2,UCSB-CHG/CHIRPS/DAILY,1991-2020,IBGE_2024
1400472,Rorainópolis,RR,33579.445,5,mai,347.96138685934176,OK,1991,2020,30,CHIRPS_v2,UCSB-CHG/CHIRPS/DAILY,1991-2020,IBGE_2024
1400233,Caroebe,RR,12064.399,5,mai,373.240975536675,OK,1991,2020,30,CHIRPS_v2,UCSB-CHG/CHIRPS/DAILY,1991-2020,IBGE_2024
1400282,Iracema,RR,14018.766,5,mai,363.30923047627203,OK,1991,2020,30,CHIRPS_v2,UCSB-CHG/CHIRPS/DAILY,1991-2020,IBGE_2024
1400209,Caracaraí,RR,47385.318,5,mai,337.1993705315973,OK,1991,2020,30,CHIRPS_v2,UCSB-CHG/CHIRPS/DAILY,1991-2020,IBGE_2024
1500404,Alenquer,PA,23644.384,5,mai,292.2279024584026,OK,1991,2020,30,CHIRPS_v2,UCSB-CHG/CHIRPS/DAILY,1991-2020,IBGE_2024
1504802,Monte Alegre,PA,18151.323,5,mai,274.64608793013804,OK,1991,2020,30,CHIRPS_v2,UCSB-CHG/CHIRPS/DAILY,1991-2020,IBGE_2024
1505304,Oriximiná,PA,107560.161,5,mai,396.4702037270953,OK,1991,2020,30,CHIRPS_v2,UCSB-CHG/CHIRPS/DAILY,1991-2020,IBGE_2024
1505106,Óbidos,PA,28009.656,5,mai,325.4481883425837,OK,1991,2020,30,CHIRPS_v2,UCSB-CHG/CHIRPS/DAILY,1991-2020,IBGE_2024
1500503,Almeirim,PA,72968.578,5,mai,328.28253360880336,OK,1991,2020,30,CHIRPS_v2,UCSB-CHG/CHIRPS/DAILY,1991-2020,IBGE_2024
1500305,Afuá,PA,8338.438,5,mai,318.32674819636065,OK,1991,2020,30,CHIRPS_v2,UCSB-CHG/CHIRPS/DAILY,1991-2020,IBGE_2024
1502509,Chaves,PA,12534.995,5,mai,327.3828486577591,OK,1991,2020,30,CHIRPS_v2,UCSB-CHG/CHIRPS/DAILY,1991-2020,IBGE_2024
1600303,Macapá,AP,6563.849,5,mai,323.64529822451505,OK,1991,2020,30,CHIRPS_v2,UCSB-CHG/CHIRPS/DAILY,1991-2020,IBGE_2024
1600600,Santana,AP,1541.225,5,mai,321.92599426916695,OK,1991,2020,30,CHIRPS_v2,UCSB-CHG/CHIRPS/DAILY,1991-2020,IBGE_2024
1600253,Itaubal,AP,1622.867,5,mai,308.6496859245513,OK,1991,2020,30,CHIRPS_v2,UCSB-CHG/CHIRPS/DAILY,1991-2020,IBGE_2024
1600402,Mazagão,AP,13294.778,5,mai,322.2866068352825,OK,1991,2020,30,CHIRPS_v2,UCSB-CHG/CHIRPS/DAILY,1991-2020,IBGE_2024
1600279,Laranjal do Jari,AP,30542.284,5,mai,331.04071667476006,OK,1991,2020,30,CHIRPS_v2,UCSB-CHG/CHIRPS/DAILY,1991-2020,IBGE_2024
1600212,Cutias,AP,2179.114,5,mai,339.79083360553824,OK,1991,2020,30,CHIRPS_v2,UCSB-CHG/CHIRPS/DAILY,1991-2020,IBGE_2024
1600204,Calçoene,AP,14117.297,5,mai,459.543556318003,OK,1991,2020,30,CHIRPS_v2,UCSB-CHG/CHIRPS/DAILY,1991-2020,IBGE_2024
1600105,Amapá,AP,8454.846,5,mai,391.40863890882497,OK,1991,2020,30,CHIRPS_v2,UCSB-CHG/CHIRPS/DAILY,1991-2020,IBGE_2024
1600501,Oiapoque,AP,23058.224,5,mai,467.1191467027246,OK,1991,2020,30,CHIRPS_v2,UCSB-CHG/CHIRPS/DAILY,1991-2020,IBGE_2024
1600550,Pracuúba,AP,4948.508,5,mai,388.50432023488446,OK,1991,2020,30,CHIRPS_v2,UCSB-CHG/CHIRPS/DAILY,1991-2020,IBGE_2024
1600709,Tartarugalzinho,AP,6684.705,5,mai,371.1558899854042,OK,1991,2020,30,CHIRPS_v2,UCSB-CHG/CHIRPS/DAILY,1991-2020,IBGE_2024
1600238,Ferreira Gomes,AP,4973.855,5,mai,339.25356569120856,OK,1991,2020,30,CHIRPS_v2,UCSB-CHG/CHIRPS/DAILY,1991-2020,IBGE_2024
1600154,Pedra Branca do Amapari,AP,9622.29,5,mai,322.90841057636095,OK,1991,2020,30,CHIRPS_v2,UCSB-CHG/CHIRPS/DAILY,1991-2020,IBGE_2024
1600535,Porto Grande,AP,4428.013,5,mai,321.76969983290235,OK,1991,2020,30,CHIRPS_v2,UCSB-CHG/CHIRPS/DAILY,1991-2020,IBGE_2024
1600055,Serra do Navio,AP,7713.046,5,mai,340.4070051682253,OK,1991,2020,30,CHIRPS_v2,UCSB-CHG/CHIRPS/DAILY,1991-2020,IBGE_2024
2111201,São José de Ribamar,MA,180.266,5,mai,312.16358299897485,OK,1991,2020,30,CHIRPS_v2,UCSB-CHG/CHIRPS/DAILY,1991-2020,IBGE_2024
2111300,São Luís,MA,583.063,5,mai,319.71995840228624,OK,1991,2020,30,CHIRPS_v2,UCSB-CHG/CHIRPS/DAILY,1991-2020,IBGE_2024
2109452,Raposa,MA,79.213,5,mai,303.377616734677,OK,1991,2020,30,CHIRPS_v2,UCSB-CHG/CHIRPS/DAILY,1991-2020,IBGE_2024
2107506,Paço do Lumiar,MA,127.275,5,mai,313.91154442234694,OK,1991,2020,30,CHIRPS_v2,UCSB-CHG/CHIRPS/DAILY,1991-2020,IBGE_2024
2102374,Cachoeira Grande,MA,707.236,5,mai,235.22958158152198,OK,1991,2020,30,CHIRPS_v2,UCSB-CHG/CHIRPS/DAILY,1991-2020,IBGE_2024
2110203,Santa Rita,MA,756.797,5,mai,254.17076540249042,OK,1991,2020,30,CHIRPS_v2,UCSB-CHG/CHIRPS/DAILY,1991-2020,IBGE_2024
2109601,Rosário,MA,647.998,5,mai,291.3211589117168,OK,1991,2020,30,CHIRPS_v2,UCSB-CHG/CHIRPS/DAILY,1991-2020,IBGE_2024
2109205,Presidente Juscelino,MA,355.568,5,mai,256.3717070675356,OK,1991,2020,30,CHIRPS_v2,UCSB-CHG/CHIRPS/DAILY,1991-2020,IBGE_2024
2101251,Bacabeira,MA,542.961,5,mai,304.1611443907057,OK,1991,2020,30,CHIRPS_v2,UCSB-CHG/CHIRPS/DAILY,1991-2020,IBGE_2024
2101103,Axixá,MA,160.462,5,mai,278.10985131955806,OK,1991,2020,30,CHIRPS_v2,UCSB-CHG/CHIRPS/DAILY,1991-2020,IBGE_2024
2100204,Alcântara,MA,1167.964,5,mai,306.04341830336995,OK,1991,2020,30,CHIRPS_v2,UCSB-CHG/CHIRPS/DAILY,1991-2020,IBGE_2024
2107100,Morros,MA,1712.121,5,mai,225.41174411690517,OK,1991,2020,30,CHIRPS_v2,UCSB-CHG/CHIRPS/DAILY,1991-2020,IBGE_2024
2105104,Icatu,MA,1124.446,5,mai,267.8093655232395,OK,1991,2020,30,CHIRPS_v2,UCSB-CHG/CHIRPS/DAILY,1991-2020,IBGE_2024
2101905,Bequimão,MA,790.222,5,mai,307.42690994879274,OK,1991,2020,30,CHIRPS_v2,UCSB-CHG/CHIRPS/DAILY,1991-2020,IBGE_2024
2110500,São Bento,MA,456.998,5,mai,314.6324483723193,OK,1991,2020,30,CHIRPS_v2,UCSB-CHG/CHIRPS/DAILY,1991-2020,IBGE_2024
2101350,Bacurituba,MA,413.651,5,mai,305.0158218065096,OK,1991,2020,30,CHIRPS_v2,UCSB-CHG/CHIRPS/DAILY,1991-2020,IBGE_2024
2109809,Santa Helena,MA,2191.164,5,mai,283.11040661470133,OK,1991,2020,30,CHIRPS_v2,UCSB-CHG/CHIRPS/DAILY,1991-2020,IBGE_2024
2108603,Pinheiro,MA,1512.969,5,mai,297.46758811409353,OK,1991,2020,30,CHIRPS_v2,UCSB-CHG/CHIRPS/DAILY,1991-2020,IBGE_2024
2108405,Peri Mirim,MA,397.993,5,mai,301.44191537312173,OK,1991,2020,30,CHIRPS_v2,UCSB-CHG/CHIRPS/DAILY,1991-2020,IBGE_2024
2107605,Palmeirândia,MA,532.161,5,mai,310.80974434279267,OK,1991,2020,30,CHIRPS_v2,UCSB-CHG/CHIRPS/DAILY,1991-2020,IBGE_2024
2103208,Chapadinha,MA,3248.774,5,mai,175.93711424151584,OK,1991,2020,30,CHIRPS_v2,UCSB-CHG/CHIRPS/DAILY,1991-2020,IBGE_2024
2110104,Santa Quitéria do Maranhão,MA,1430.329,5,mai,185.53073705754943,OK,1991,2020,30,CHIRPS_v2,UCSB-CHG/CHIRPS/DAILY,1991-2020,IBGE_2024
2102101,Brejo,MA,1073.257,5,mai,195.07517873468078,OK,1991,2020,30,CHIRPS_v2,UCSB-CHG/CHIRPS/DAILY,1991-2020,IBGE_2024
2110401,São Benedito do Rio Preto,MA,931.484,5,mai,198.45192523484224,OK,1991,2020,30,CHIRPS_v2,UCSB-CHG/CHIRPS/DAILY,1991-2020,IBGE_2024
2102200,Buriti,MA,1475.78,5,mai,195.4476172082561,OK,1991,2020,30,CHIRPS_v2,UCSB-CHG/CHIRPS/DAILY,1991-2020,IBGE_2024
2101731,Belágua,MA,569.606,5,mai,201.50753157572834,OK,1991,2020,30,CHIRPS_v2,UCSB-CHG/CHIRPS/DAILY,1991-2020,IBGE_2024
2100808,Anapurus,MA,608.903,5,mai,185.3343659441768,OK,1991,2020,30,CHIRPS_v2,UCSB-CHG/CHIRPS/DAILY,1991-2020,IBGE_2024
2106672,Milagres do Maranhão,MA,634.818,5,mai,183.59789303581567,OK,1991,2020,30,CHIRPS_v2,UCSB-CHG/CHIRPS/DAILY,1991-2020,IBGE_2024
2106409,Mata Roma,MA,548.581,5,mai,179.93627691496926,OK,1991,2020,30,CHIRPS_v2,UCSB-CHG/CHIRPS/DAILY,1991-2020,IBGE_2024
2112605,Urbano Santos,MA,1706.196,5,mai,194.1495668688415,OK,1991,2020,30,CHIRPS_v2,UCSB-CHG/CHIRPS/DAILY,1991-2020,IBGE_2024
2102705,Cantanhede,MA,773.009,5,mai,221.2372301783986,OK,1991,2020,30,CHIRPS_v2,UCSB-CHG/CHIRPS/DAILY,1991-2020,IBGE_2024
2109304,Presidente Vargas,MA,460.004,5,mai,209.08995668037784,OK,1991,2020,30,CHIRPS_v2,UCSB-CHG/CHIRPS/DAILY,1991-2020,IBGE_2024
2100709,Anajatuba,MA,940.489,5,mai,247.7321437852378,OK,1991,2020,30,CHIRPS_v2,UCSB-CHG/CHIRPS/DAILY,1991-2020,IBGE_2024
2108801,Pirapemas,MA,688.761,5,mai,216.7647763278697,OK,1991,2020,30,CHIRPS_v2,UCSB-CHG/CHIRPS/DAILY,1991-2020,IBGE_2024
2107209,Nina Rodrigues,MA,570.938,5,mai,215.97347030508408,OK,1991,2020,30,CHIRPS_v2,UCSB-CHG/CHIRPS/DAILY,1991-2020,IBGE_2024
2106631,Matões do Norte,MA,794.454,5,mai,213.01811356454644,OK,1991,2020,30,CHIRPS_v2,UCSB-CHG/CHIRPS/DAILY,1991-2020,IBGE_2024
2106755,Miranda do Norte,MA,341.107,5,mai,211.4415022068872,OK,1991,2020,30,CHIRPS_v2,UCSB-CHG/CHIRPS/DAILY,1991-2020,IBGE_2024
2105401,Itapecuru Mirim,MA,1480.641,5,mai,218.64382147917098,OK,1991,2020,30,CHIRPS_v2,UCSB-CHG/CHIRPS/DAILY,1991-2020,IBGE_2024
2112704,Vargem Grande,MA,1958.702,5,mai,187.65391631586908,OK,1991,2020,30,CHIRPS_v2,UCSB-CHG/CHIRPS/DAILY,1991-2020,IBGE_2024
2102507,Cajari,MA,662.066,5,mai,243.6055166125544,OK,1991,2020,30,CHIRPS_v2,UCSB-CHG/CHIRPS/DAILY,1991-2020,IBGE_2024
2102408,Cajapió,MA,545.244,5,mai,314.5801046356533,OK,1991,2020,30,CHIRPS_v2,UCSB-CHG/CHIRPS/DAILY,1991-2020,IBGE_2024
2111003,São João Batista,MA,649.957,5,mai,282.20356043931343,OK,1991,2020,30,CHIRPS_v2,UCSB-CHG/CHIRPS/DAILY,1991-2020,IBGE_2024
2101004,Arari,MA,1099.81,5,mai,226.39655945646606,OK,1991,2020,30,CHIRPS_v2,UCSB-CHG/CHIRPS/DAILY,1991-2020,IBGE_2024
2107456,Olinda Nova do Maranhão,MA,199.879,5,mai,287.26436663933146,OK,1991,2020,30,CHIRPS_v2,UCSB-CHG/CHIRPS/DAILY,1991-2020,IBGE_2024
2106508,Matinha,MA,410.633,5,mai,272.70927660359933,OK,1991,2020,30,CHIRPS_v2,UCSB-CHG/CHIRPS/DAILY,1991-2020,IBGE_2024
2112803,Viana,MA,1166.745,5,mai,263.9373036106425,OK,1991,2020,30,CHIRPS_v2,UCSB-CHG/CHIRPS/DAILY,1991-2020,IBGE_2024
2112902,Vitória do Mearim,MA,715.625,5,mai,226.1583357915406,OK,1991,2020,30,CHIRPS_v2,UCSB-CHG/CHIRPS/DAILY,1991-2020,IBGE_2024
2111706,São Vicente Ferrer,MA,393.927,5,mai,307.83987470751356,OK,1991,2020,30,CHIRPS_v2,UCSB-CHG/CHIRPS/DAILY,1991-2020,IBGE_2024
2110278,Santo Amaro do Maranhão,MA,1582.806,5,mai,210.11196050752073,OK,1991,2020,30,CHIRPS_v2,UCSB-CHG/CHIRPS/DAILY,1991-2020,IBGE_2024
2101707,Barreirinhas,MA,3046.308,5,mai,200.94257888673235,OK,1991,2020,30,CHIRPS_v2,UCSB-CHG/CHIRPS/DAILY,1991-2020,IBGE_2024
2109403,Primeira Cruz,MA,1337.161,5,mai,220.84585409180826,OK,1991,2020,30,CHIRPS_v2,UCSB-CHG/CHIRPS/DAILY,1991-2020,IBGE_2024
2105005,Humberto de Campos,MA,1714.625,5,mai,236.7089473988781,OK,1991,2020,30,CHIRPS_v2,UCSB-CHG/CHIRPS/DAILY,1991-2020,IBGE_2024
2110609,São Bernardo,MA,1005.823,5,mai,186.05886864095197,OK,1991,2020,30,CHIRPS_v2,UCSB-CHG/CHIRPS/DAILY,1991-2020,IBGE_2024
2110237,Santana do Maranhão,MA,932.032,5,mai,191.09627741405598,OK,1991,2020,30,CHIRPS_v2,UCSB-CHG/CHIRPS/DAILY,1991-2020,IBGE_2024
2100907,Araioses,MA,1789.73,5,mai,176.12186575080477,OK,1991,2020,30,CHIRPS_v2,UCSB-CHG/CHIRPS/DAILY,1991-2020,IBGE_2024
2108058,Paulino Neves,MA,979.482,5,mai,190.97131249236284,OK,1991,2020,30,CHIRPS_v2,UCSB-CHG/CHIRPS/DAILY,1991-2020,IBGE_2024
2100154,Água Doce do Maranhão,MA,442.292,5,mai,179.5369836888628,OK,1991,2020,30,CHIRPS_v2,UCSB-CHG/CHIRPS/DAILY,1991-2020,IBGE_2024
2106300,Magalhães de Almeida,MA,434.433,5,mai,190.6565818729655,OK,1991,2020,30,CHIRPS_v2,UCSB-CHG/CHIRPS/DAILY,1991-2020,IBGE_2024
2112506,Tutóia,MA,1566.081,5,mai,186.71814401859922,OK,1991,2020,30,CHIRPS_v2,UCSB-CHG/CHIRPS/DAILY,1991-2020,IBGE_2024
2111789,Serrano do Maranhão,MA,1185.31,5,mai,291.5894270934129,OK,1991,2020,30,CHIRPS_v2,UCSB-CHG/CHIRPS/DAILY,1991-2020,IBGE_2024
2103703,Cururupu,MA,1255.667,5,mai,268.8182246334109,OK,1991,2020,30,CHIRPS_v2,UCSB-CHG/CHIRPS/DAILY,1991-2020,IBGE_2024
2103109,Cedral,MA,285.211,5,mai,258.82708635996266,OK,1991,2020,30,CHIRPS_v2,UCSB-CHG/CHIRPS/DAILY,1991-2020,IBGE_2024
2103125,Central do Maranhão,MA,319.538,5,mai,293.3852187327385,OK,1991,2020,30,CHIRPS_v2,UCSB-CHG/CHIRPS/DAILY,1991-2020,IBGE_2024
2109056,Porto Rico do Maranhão,MA,244.979,5,mai,258.9099647097169,OK,1991,2020,30,CHIRPS_v2,UCSB-CHG/CHIRPS/DAILY,1991-2020,IBGE_2024
2100832,Apicum-Açu,MA,341.12,5,mai,270.87504440485594,OK,1991,2020,30,CHIRPS_v2,UCSB-CHG/CHIRPS/DAILY,1991-2020,IBGE_2024
2101301,Bacuri,MA,832.084,5,mai,277.74523154555277,OK,1991,2020,30,CHIRPS_v2,UCSB-CHG/CHIRPS/DAILY,1991-2020,IBGE_2024
2106805,Mirinzal,MA,686.944,5,mai,285.52052460741,OK,1991,2020,30,CHIRPS_v2,UCSB-CHG/CHIRPS/DAILY,1991-2020,IBGE_2024
2104909,Guimarães,MA,478.857,5,mai,269.7631206440097,OK,1991,2020,30,CHIRPS_v2,UCSB-CHG/CHIRPS/DAILY,1991-2020,IBGE_2024
2108702,Pio XII,MA,545.221,5,mai,198.09291177595352,OK,1991,2020,30,CHIRPS_v2,UCSB-CHG/CHIRPS/DAILY,1991-2020,IBGE_2024
2105153,Igarapé do Meio,MA,368.703,5,mai,212.4510373971012,OK,1991,2020,30,CHIRPS_v2,UCSB-CHG/CHIRPS/DAILY,1991-2020,IBGE_2024
2101202,Bacabal,MA,1656.736,5,mai,176.19752206401878,OK,1991,2020,30,CHIRPS_v2,UCSB-CHG/CHIRPS/DAILY,1991-2020,IBGE_2024
2111508,São Mateus do Maranhão,MA,800.045,5,mai,198.20654128479438,OK,1991,2020,30,CHIRPS_v2,UCSB-CHG/CHIRPS/DAILY,1991-2020,IBGE_2024
2111409,São Luís Gonzaga do Maranhão,MA,909.164,5,mai,163.57176938726946,OK,1991,2020,30,CHIRPS_v2,UCSB-CHG/CHIRPS/DAILY,1991-2020,IBGE_2024
2102077,Bom Lugar,MA,445.171,5,mai,159.86697955472343,OK,1991,2020,30,CHIRPS_v2,UCSB-CHG/CHIRPS/DAILY,1991-2020,IBGE_2024
2100436,Alto Alegre do Maranhão,MA,392.751,5,mai,166.04187505459743,OK,1991,2020,30,CHIRPS_v2,UCSB-CHG/CHIRPS/DAILY,1991-2020,IBGE_2024
2105906,Lago Verde,MA,631.455,5,mai,192.12572851607231,OK,1991,2020,30,CHIRPS_v2,UCSB-CHG/CHIRPS/DAILY,1991-2020,IBGE_2024
2103554,Conceição do Lago-Açu,MA,727.133,5,mai,211.38910386190074,OK,1991,2020,30,CHIRPS_v2,UCSB-CHG/CHIRPS/DAILY,1991-2020,IBGE_2024
2111672,São Roberto,MA,226.811,5,mai,80.81343149967235,OK,1991,2020,30,CHIRPS_v2,UCSB-CHG/CHIRPS/DAILY,1991-2020,IBGE_2024
2111631,São Raimundo do Doca Bezerra,MA,419.55,5,mai,74.6141439223201,OK,1991,2020,30,CHIRPS_v2,UCSB-CHG/CHIRPS/DAILY,1991-2020,IBGE_2024
2102754,Capinzal do Norte,MA,590.271,5,mai,139.7680369476293,OK,1991,2020,30,CHIRPS_v2,UCSB-CHG/CHIRPS/DAILY,1991-2020,IBGE_2024
2101939,Bernardo do Mearim,MA,247.189,5,mai,156.2448660088567,OK,1991,2020,30,CHIRPS_v2,UCSB-CHG/CHIRPS/DAILY,1991-2020,IBGE_2024
2110302,Santo Antônio dos Lopes,MA,770.923,5,mai,127.0294938169666,OK,1991,2020,30,CHIRPS_v2,UCSB-CHG/CHIRPS/DAILY,1991-2020,IBGE_2024
2108900,Poção de Pedras,MA,990.66,5,mai,121.98668924859015,OK,1991,2020,30,CHIRPS_v2,UCSB-CHG/CHIRPS/DAILY,1991-2020,IBGE_2024
2108207,Pedreiras,MA,261.814,5,mai,167.91567851459558,OK,1991,2020,30,CHIRPS_v2,UCSB-CHG/CHIRPS/DAILY,1991-2020,IBGE_2024
2105948,Lago dos Rodrigues,MA,220.776,5,mai,145.85968441623402,OK,1991,2020,30,CHIRPS_v2,UCSB-CHG/CHIRPS/DAILY,1991-2020,IBGE_2024
2106003,Lima Campos,MA,321.932,5,mai,159.53561053588152,OK,1991,2020,30,CHIRPS_v2,UCSB-CHG/CHIRPS/DAILY,1991-2020,IBGE_2024
2105609,Joselândia,MA,703.094,5,mai,103.38655170559841,OK,1991,2020,30,CHIRPS_v2,UCSB-CHG/CHIRPS/DAILY,1991-2020,IBGE_2024
2105807,Lago do Junco,MA,328.525,5,mai,145.4232502535783,OK,1991,2020,30,CHIRPS_v2,UCSB-CHG/CHIRPS/DAILY,1991-2020,IBGE_2024
2105203,Igarapé Grande,MA,346.218,5,mai,154.57620398654757,OK,1991,2020,30,CHIRPS_v2,UCSB-CHG/CHIRPS/DAILY,1991-2020,IBGE_2024
2112233,Trizidela do Vale,MA,291.61,5,mai,163.3775422841184,OK,1991,2020,30,CHIRPS_v2,UCSB-CHG/CHIRPS/DAILY,1991-2020,IBGE_2024
2104008,Esperantinópolis,MA,452.402,5,mai,114.55723043076445,OK,1991,2020,30,CHIRPS_v2,UCSB-CHG/CHIRPS/DAILY,1991-2020,IBGE_2024
2103000,Caxias,MA,5200.625,5,mai,132.89196789839926,OK,1991,2020,30,CHIRPS_v2,UCSB-CHG/CHIRPS/DAILY,1991-2020,IBGE_2024
2103406,Coelho Neto,MA,976.653,5,mai,169.62114995569345,OK,1991,2020,30,CHIRPS_v2,UCSB-CHG/CHIRPS/DAILY,1991-2020,IBGE_2024
2111078,São João do Soter,MA,1438.066,5,mai,100.33013800153896,OK,1991,2020,30,CHIRPS_v2,UCSB-CHG/CHIRPS/DAILY,1991-2020,IBGE_2024
2100303,Aldeias Altas,MA,1943.413,5,mai,146.57013078962052,OK,1991,2020,30,CHIRPS_v2,UCSB-CHG/CHIRPS/DAILY,1991-2020,IBGE_2024
2100105,Afonso Cunha,MA,371.767,5,mai,151.10686401872073,OK,1991,2020,30,CHIRPS_v2,UCSB-CHG/CHIRPS/DAILY,1991-2020,IBGE_2024
2103901,Duque Bacelar,MA,317.494,5,mai,188.17000375771454,OK,1991,2020,30,CHIRPS_v2,UCSB-CHG/CHIRPS/DAILY,1991-2020,IBGE_2024
2112209,Timon,MA,1763.219,5,mai,113.97300220741167,OK,1991,2020,30,CHIRPS_v2,UCSB-CHG/CHIRPS/DAILY,1991-2020,IBGE_2024
2102309,Buriti Bravo,MA,1581.721,5,mai,66.78032870793552,OK,1991,2020,30,CHIRPS_v2,UCSB-CHG/CHIRPS/DAILY,1991-2020,IBGE_2024
2107803,Parnarama,MA,3246.503,5,mai,88.54493879614309,OK,1991,2020,30,CHIRPS_v2,UCSB-CHG/CHIRPS/DAILY,1991-2020,IBGE_2024
2106607,Matões,MA,2108.672,5,mai,96.69936684504846,OK,1991,2020,30,CHIRPS_v2,UCSB-CHG/CHIRPS/DAILY,1991-2020,IBGE_2024
2103307,Codó,MA,4361.6,5,mai,135.6511146790647,OK,1991,2020,30,CHIRPS_v2,UCSB-CHG/CHIRPS/DAILY,1991-2020,IBGE_2024
2103604,Coroatá,MA,2263.692,5,mai,179.79828207969402,OK,1991,2020,30,CHIRPS_v2,UCSB-CHG/CHIRPS/DAILY,1991-2020,IBGE_2024
2108454,Peritoró,MA,824.72,5,mai,155.21148798364044,OK,1991,2020,30,CHIRPS_v2,UCSB-CHG/CHIRPS/DAILY,1991-2020,IBGE_2024
2112100,Timbiras,MA,1486.582,5,mai,144.7689063947721,OK,1991,2020,30,CHIRPS_v2,UCSB-CHG/CHIRPS/DAILY,1991-2020,IBGE_2024
2103802,Dom Pedro,MA,358.493,5,mai,79.94123675019289,OK,1991,2020,30,CHIRPS_v2,UCSB-CHG/CHIRPS/DAILY,1991-2020,IBGE_2024
2111250,São José dos Basílios,MA,353.72,5,mai,92.79883885413842,OK,1991,2020,30,CHIRPS_v2,UCSB-CHG/CHIRPS/DAILY,1991-2020,IBGE_2024
2110708,São Domingos do Maranhão,MA,1151.978,5,mai,52.74902891332612,OK,1991,2020,30,CHIRPS_v2,UCSB-CHG/CHIRPS/DAILY,1991-2020,IBGE_2024
2109759,Santa Filomena do Maranhão,MA,623.213,5,mai,83.42224787127172,OK,1991,2020,30,CHIRPS_v2,UCSB-CHG/CHIRPS/DAILY,1991-2020,IBGE_2024
2109106,Presidente Dutra,MA,771.574,5,mai,73.51851999553057,OK,1991,2020,30,CHIRPS_v2,UCSB-CHG/CHIRPS/DAILY,1991-2020,IBGE_2024
2104628,Governador Luiz Rocha,MA,401.587,5,mai,62.40814541941785,OK,1991,2020,30,CHIRPS_v2,UCSB-CHG/CHIRPS/DAILY,1991-2020,IBGE_2024
2104602,Governador Eugênio Barros,MA,647.015,5,mai,78.35398319026038,OK,1991,2020,30,CHIRPS_v2,UCSB-CHG/CHIRPS/DAILY,1991-2020,IBGE_2024
2104404,Gonçalves Dias,MA,883.588,5,mai,69.85752207749329,OK,1991,2020,30,CHIRPS_v2,UCSB-CHG/CHIRPS/DAILY,1991-2020,IBGE_2024
2104503,Governador Archer,MA,445.857,5,mai,77.59549617521118,OK,1991,2020,30,CHIRPS_v2,UCSB-CHG/CHIRPS/DAILY,1991-2020,IBGE_2024
2104701,Graça Aranha,MA,271.445,5,mai,65.91967789752862,OK,1991,2020,30,CHIRPS_v2,UCSB-CHG/CHIRPS/DAILY,1991-2020,IBGE_2024
2112308,Tuntum,MA,3369.119,5,mai,70.54604686360133,OK,1991,2020,30,CHIRPS_v2,UCSB-CHG/CHIRPS/DAILY,1991-2020,IBGE_2024
2111748,Senador Alexandre Costa,MA,426.431,5,mai,74.44188854934522,OK,1991,2020,30,CHIRPS_v2,UCSB-CHG/CHIRPS/DAILY,1991-2020,IBGE_2024
2104206,Fortuna,MA,835.668,5,mai,67.73556964470593,OK,1991,2020,30,CHIRPS_v2,UCSB-CHG/CHIRPS/DAILY,1991-2020,IBGE_2024
2111953,Sucupira do Riachão,MA,862.226,5,mai,42.79145421073684,OK,1991,2020,30,CHIRPS_v2,UCSB-CHG/CHIRPS/DAILY,1991-2020,IBGE_2024
2111102,São João dos Patos,MA,1483.255,5,mai,31.496526585183734,OK,1991,2020,30,CHIRPS_v2,UCSB-CHG/CHIRPS/DAILY,1991-2020,IBGE_2024
2110658,São Domingos do Azeitão,MA,961.153,5,mai,20.79889910233336,OK,1991,2020,30,CHIRPS_v2,UCSB-CHG/CHIRPS/DAILY,1991-2020,IBGE_2024
2110906,São Francisco do Maranhão,MA,2284.217,5,mai,53.58675892242155,OK,1991,2020,30,CHIRPS_v2,UCSB-CHG/CHIRPS/DAILY,1991-2020,IBGE_2024
2101509,Barão de Grajaú,MA,2209.414,5,mai,38.03898421985167,OK,1991,2020,30,CHIRPS_v2,UCSB-CHG/CHIRPS/DAILY,1991-2020,IBGE_2024
2101806,Benedito Leite,MA,1784.64,5,mai,20.907851437386288,OK,1991,2020,30,CHIRPS_v2,UCSB-CHG/CHIRPS/DAILY,1991-2020,IBGE_2024
2108009,Pastos Bons,MA,1635.178,5,mai,14.780697153195522,OK,1991,2020,30,CHIRPS_v2,UCSB-CHG/CHIRPS/DAILY,1991-2020,IBGE_2024
2107704,Paraibano,MA,530.517,5,mai,23.402022141434802,OK,1991,2020,30,CHIRPS_v2,UCSB-CHG/CHIRPS/DAILY,1991-2020,IBGE_2024
2107902,Passagem Franca,MA,1358.327,5,mai,33.51444222071389,OK,1991,2020,30,CHIRPS_v2,UCSB-CHG/CHIRPS/DAILY,1991-2020,IBGE_2024
2107308,Nova Iorque,MA,978.342,5,mai,18.570898449599778,OK,1991,2020,30,CHIRPS_v2,UCSB-CHG/CHIRPS/DAILY,1991-2020,IBGE_2024
2105922,Lagoa do Mato,MA,1512.985,5,mai,62.06220832110704,OK,1991,2020,30,CHIRPS_v2,UCSB-CHG/CHIRPS/DAILY,1991-2020,IBGE_2024
2103505,Colinas,MA,1978.668,5,mai,40.15168911374082,OK,1991,2020,30,CHIRPS_v2,UCSB-CHG/CHIRPS/DAILY,1991-2020,IBGE_2024
2111904,Sucupira do Norte,MA,1074.435,5,mai,19.40283748986329,OK,1991,2020,30,CHIRPS_v2,UCSB-CHG/CHIRPS/DAILY,1991-2020,IBGE_2024
2106706,Mirador,MA,8522.882,5,mai,44.193142587640025,OK,1991,2020,30,CHIRPS_v2,UCSB-CHG/CHIRPS/DAILY,1991-2020,IBGE_2024
2105450,Jatobá,MA,591.637,5,mai,45.89597569478081,OK,1991,2020,30,CHIRPS_v2,UCSB-CHG/CHIRPS/DAILY,1991-2020,IBGE_2024
2101608,Barra do Corda,MA,5187.673,5,mai,69.47857463915494,OK,1991,2020,30,CHIRPS_v2,UCSB-CHG/CHIRPS/DAILY,1991-2020,IBGE_2024
2104081,Fernando Falcão,MA,5086.59,5,mai,45.772339323588696,OK,1991,2020,30,CHIRPS_v2,UCSB-CHG/CHIRPS/DAILY,1991-2020,IBGE_2024
2110807,São Félix de Balsas,MA,2033.29,5,mai,33.71589774372152,OK,1991,2020,30,CHIRPS_v2,UCSB-CHG/CHIRPS/DAILY,1991-2020,IBGE_2024
2211001,Teresina,PI,1387.466,5,mai,123.10758414233156,OK,1991,2020,30,CHIRPS_v2,UCSB-CHG/CHIRPS/DAILY,1991-2020,IBGE_2024
2200301,Alto Longá,PI,1743.331,5,mai,103.16329490136894,OK,1991,2020,30,CHIRPS_v2,UCSB-CHG/CHIRPS/DAILY,1991-2020,IBGE_2024
2200400,Altos,PI,957.226,5,mai,140.15445356361752,OK,1991,2020,30,CHIRPS_v2,UCSB-CHG/CHIRPS/DAILY,1991-2020,IBGE_2024
2207793,Pau D'Arco do Piauí,PI,430.024,5,mai,115.57340787270009,OK,1991,2020,30,CHIRPS_v2,UCSB-CHG/CHIRPS/DAILY,1991-2020,IBGE_2024
2206951,Novo Santo Antônio,PI,443.873,5,mai,96.81002074814775,OK,1991,2020,30,CHIRPS_v2,UCSB-CHG/CHIRPS/DAILY,1991-2020,IBGE_2024
2206407,Monsenhor Gil,PI,552.427,5,mai,95.78755502160531,OK,1991,2020,30,CHIRPS_v2,UCSB-CHG/CHIRPS/DAILY,1991-2020,IBGE_2024
2206720,Nazária,PI,362.376,5,mai,96.201913069683,OK,1991,2020,30,CHIRPS_v2,UCSB-CHG/CHIRPS/DAILY,1991-2020,IBGE_2024
2206209,Miguel Alves,PI,1392.122,5,mai,180.57066013339926,OK,1991,2020,30,CHIRPS_v2,UCSB-CHG/CHIRPS/DAILY,1991-2020,IBGE_2024
2205508,José de Freitas,PI,1538.175,5,mai,145.18669417858453,OK,1991,2020,30,CHIRPS_v2,UCSB-CHG/CHIRPS/DAILY,1991-2020,IBGE_2024
2205557,Lagoa Alegre,PI,394.207,5,mai,152.07247154075858,OK,1991,2020,30,CHIRPS_v2,UCSB-CHG/CHIRPS/DAILY,1991-2020,IBGE_2024
2205581,Lagoa do Piauí,PI,435.871,5,mai,102.00171230975572,OK,1991,2020,30,CHIRPS_v2,UCSB-CHG/CHIRPS/DAILY,1991-2020,IBGE_2024
2203255,Curralinhos,PI,344.123,5,mai,88.6636107489185,OK,1991,2020,30,CHIRPS_v2,UCSB-CHG/CHIRPS/DAILY,1991-2020,IBGE_2024
2203305,Demerval Lobão,PI,220.047,5,mai,111.73690088052815,OK,1991,2020,30,CHIRPS_v2,UCSB-CHG/CHIRPS/DAILY,1991-2020,IBGE_2024
2211100,União,PI,1170.754,5,mai,154.45237370012393,OK,1991,2020,30,CHIRPS_v2,UCSB-CHG/CHIRPS/DAILY,1991-2020,IBGE_2024
2202737,Coivaras,PI,484.465,5,mai,127.06036254002103,OK,1991,2020,30,CHIRPS_v2,UCSB-CHG/CHIRPS/DAILY,1991-2020,IBGE_2024
2201606,Beneditinos,PI,937.443,5,mai,96.55162242555701,OK,1991,2020,30,CHIRPS_v2,UCSB-CHG/CHIRPS/DAILY,1991-2020,IBGE_2024
2209609,São Félix do Piauí,PI,627.034,5,mai,81.68141954775561,OK,1991,2020,30,CHIRPS_v2,UCSB-CHG/CHIRPS/DAILY,1991-2020,IBGE_2024
2200202,Água Branca,PI,96.843,5,mai,86.18913112217393,OK,1991,2020,30,CHIRPS_v2,UCSB-CHG/CHIRPS/DAILY,1991-2020,IBGE_2024
2208809,Regeneração,PI,1247.509,5,mai,63.497373511258715,OK,1991,2020,30,CHIRPS_v2,UCSB-CHG/CHIRPS/DAILY,1991-2020,IBGE_2024
2200608,Angical do Piauí,PI,222.023,5,mai,75.09828691603325,OK,1991,2020,30,CHIRPS_v2,UCSB-CHG/CHIRPS/DAILY,1991-2020,IBGE_2024
2208601,Prata do Piauí,PI,196.786,5,mai,82.09532010549067,OK,1991,2020,30,CHIRPS_v2,UCSB-CHG/CHIRPS/DAILY,1991-2020,IBGE_2024
2200509,Amarante,PI,1180.193,5,mai,63.95053424367823,OK,1991,2020,30,CHIRPS_v2,UCSB-CHG/CHIRPS/DAILY,1991-2020,IBGE_2024
2200103,Agricolândia,PI,112.392,5,mai,88.4739806127569,OK,1991,2020,30,CHIRPS_v2,UCSB-CHG/CHIRPS/DAILY,1991-2020,IBGE_2024
2207504,Palmeirais,PI,1493.766,5,mai,73.31618811506252,OK,1991,2020,30,CHIRPS_v2,UCSB-CHG/CHIRPS/DAILY,1991-2020,IBGE_2024
2207751,Passagem Franca do Piauí,PI,643.209,5,mai,83.24406671989576,OK,1991,2020,30,CHIRPS_v2,UCSB-CHG/CHIRPS/DAILY,1991-2020,IBGE_2024
2207108,Olho D'Água do Piauí,PI,183.605,5,mai,85.15725725632988,OK,1991,2020,30,CHIRPS_v2,UCSB-CHG/CHIRPS/DAILY,1991-2020,IBGE_2024
2206308,Miguel Leão,PI,102.761,5,mai,89.70391498445116,OK,1991,2020,30,CHIRPS_v2,UCSB-CHG/CHIRPS/DAILY,1991-2020,IBGE_2024
2205540,Lagoinha do Piauí,PI,67.649,5,mai,90.18760912253198,OK,1991,2020,30,CHIRPS_v2,UCSB-CHG/CHIRPS/DAILY,1991-2020,IBGE_2024
2205250,Jardim do Mulato,PI,511.42,5,mai,70.44055977299114,OK,1991,2020,30,CHIRPS_v2,UCSB-CHG/CHIRPS/DAILY,1991-2020,IBGE_2024
2204600,Hugo Napoleão,PI,224.573,5,mai,80.27499970497372,OK,1991,2020,30,CHIRPS_v2,UCSB-CHG/CHIRPS/DAILY,1991-2020,IBGE_2024
2204006,Francinópolis,PI,268.704,5,mai,63.05971764636275,OK,1991,2020,30,CHIRPS_v2,UCSB-CHG/CHIRPS/DAILY,1991-2020,IBGE_2024
2211407,Várzea Grande,PI,236.453,5,mai,49.980953674014216,OK,1991,2020,30,CHIRPS_v2,UCSB-CHG/CHIRPS/DAILY,1991-2020,IBGE_2024
2203503,Elesbão Veloso,PI,1383.976,5,mai,74.86735705112892,OK,1991,2020,30,CHIRPS_v2,UCSB-CHG/CHIRPS/DAILY,1991-2020,IBGE_2024
2210508,São Pedro do Piauí,PI,518.285,5,mai,78.39393516694774,OK,1991,2020,30,CHIRPS_v2,UCSB-CHG/CHIRPS/DAILY,1991-2020,IBGE_2024
2210383,São Miguel da Baixa Grande,PI,444.528,5,mai,82.4380013317274,OK,1991,2020,30,CHIRPS_v2,UCSB-CHG/CHIRPS/DAILY,1991-2020,IBGE_2024
2201408,Barro Duro,PI,159.436,5,mai,86.67296978688384,OK,1991,2020,30,CHIRPS_v2,UCSB-CHG/CHIRPS/DAILY,1991-2020,IBGE_2024
2209450,Santo Antônio dos Milagres,PI,34.444,5,mai,78.71601226547432,OK,1991,2020,30,CHIRPS_v2,UCSB-CHG/CHIRPS/DAILY,1991-2020,IBGE_2024
2209807,São Gonçalo do Piauí,PI,148.484,5,mai,80.91233482055262,OK,1991,2020,30,CHIRPS_v2,UCSB-CHG/CHIRPS/DAILY,1991-2020,IBGE_2024
2201051,Assunção do Piauí,PI,1690.698,5,mai,56.48286372414254,OK,1991,2020,30,CHIRPS_v2,UCSB-CHG/CHIRPS/DAILY,1991-2020,IBGE_2024
2206753,Nossa Senhora de Nazaré,PI,356.872,5,mai,130.95845477622075,OK,1991,2020,30,CHIRPS_v2,UCSB-CHG/CHIRPS/DAILY,1991-2020,IBGE_2024
2205276,Jatobá do Piauí,PI,651.747,5,mai,107.19730685651543,OK,1991,2020,30,CHIRPS_v2,UCSB-CHG/CHIRPS/DAILY,1991-2020,IBGE_2024
2205516,Juazeiro do Piauí,PI,935.404,5,mai,81.4936626062487,OK,1991,2020,30,CHIRPS_v2,UCSB-CHG/CHIRPS/DAILY,1991-2020,IBGE_2024
2202711,Cocal de Telha,PI,310.254,5,mai,122.94319608664142,OK,1991,2020,30,CHIRPS_v2,UCSB-CHG/CHIRPS/DAILY,1991-2020,IBGE_2024
2210409,São Miguel do Tapuio,PI,4988.973,5,mai,65.3823856674438,OK,1991,2020,30,CHIRPS_v2,UCSB-CHG/CHIRPS/DAILY,1991-2020,IBGE_2024
2202208,Campo Maior,PI,1680.863,5,mai,122.90870773666116,OK,1991,2020,30,CHIRPS_v2,UCSB-CHG/CHIRPS/DAILY,1991-2020,IBGE_2024
2202604,Castelo do Piauí,PI,2378.846,5,mai,74.22111457174967,OK,1991,2020,30,CHIRPS_v2,UCSB-CHG/CHIRPS/DAILY,1991-2020,IBGE_2024
2210656,Sigefredo Pacheco,PI,1031.102,5,mai,95.88353798478299,OK,1991,2020,30,CHIRPS_v2,UCSB-CHG/CHIRPS/DAILY,1991-2020,IBGE_2024
2209906,São João da Serra,PI,994.224,5,mai,84.89116832191979,OK,1991,2020,30,CHIRPS_v2,UCSB-CHG/CHIRPS/DAILY,1991-2020,IBGE_2024
2201945,Boqueirão do Piauí,PI,271.024,5,mai,133.46634889000592,OK,1991,2020,30,CHIRPS_v2,UCSB-CHG/CHIRPS/DAILY,1991-2020,IBGE_2024
2202026,Buriti dos Montes,PI,2437.329,5,mai,70.31373388017099,OK,1991,2020,30,CHIRPS_v2,UCSB-CHG/CHIRPS/DAILY,1991-2020,IBGE_2024
2209153,Santa Cruz dos Milagres,PI,978.546,5,mai,79.75714292362387,OK,1991,2020,30,CHIRPS_v2,UCSB-CHG/CHIRPS/DAILY,1991-2020,IBGE_2024
2200905,Aroazes,PI,821.211,5,mai,63.794747726273165,OK,1991,2020,30,CHIRPS_v2,UCSB-CHG/CHIRPS/DAILY,1991-2020,IBGE_2024
2208106,Pimenteiras,PI,4555.95,5,mai,47.840943192547,OK,1991,2020,30,CHIRPS_v2,UCSB-CHG/CHIRPS/DAILY,1991-2020,IBGE_2024
2206902,Novo Oriente do Piauí,PI,525.906,5,mai,47.65658080183444,OK,1991,2020,30,CHIRPS_v2,UCSB-CHG/CHIRPS/DAILY,1991-2020,IBGE_2024
2205599,Lagoa do Sítio,PI,805.018,5,mai,44.25452839507246,OK,1991,2020,30,CHIRPS_v2,UCSB-CHG/CHIRPS/DAILY,1991-2020,IBGE_2024
2204808,Ipiranga do Piauí,PI,529.417,5,mai,34.08362699866695,OK,1991,2020,30,CHIRPS_v2,UCSB-CHG/CHIRPS/DAILY,1991-2020,IBGE_2024
2204709,Inhuma,PI,978.222,5,mai,38.78626927652355,OK,1991,2020,30,CHIRPS_v2,UCSB-CHG/CHIRPS/DAILY,1991-2020,IBGE_2024
2211308,Valença do Piauí,PI,1333.722,5,mai,51.441377225442665,OK,1991,2020,30,CHIRPS_v2,UCSB-CHG/CHIRPS/DAILY,1991-2020,IBGE_2024
2201176,Barra D'Alcântara,PI,263.943,5,mai,48.73089208964979,OK,1991,2020,30,CHIRPS_v2,UCSB-CHG/CHIRPS/DAILY,1991-2020,IBGE_2024
2208502,Porto,PI,253.114,5,mai,223.32487126648297,OK,1991,2020,30,CHIRPS_v2,UCSB-CHG/CHIRPS/DAILY,1991-2020,IBGE_2024
2206803,Nossa Senhora dos Remédios,PI,357.896,5,mai,204.98350612615596,OK,1991,2020,30,CHIRPS_v2,UCSB-CHG/CHIRPS/DAILY,1991-2020,IBGE_2024
2201770,Boa Hora,PI,339.902,5,mai,151.20912558322124,OK,1991,2020,30,CHIRPS_v2,UCSB-CHG/CHIRPS/DAILY,1991-2020,IBGE_2024
2202059,Cabeceiras do Piauí,PI,608.744,5,mai,150.31302333888942,OK,1991,2020,30,CHIRPS_v2,UCSB-CHG/CHIRPS/DAILY,1991-2020,IBGE_2024
2202174,Campo Largo do Piauí,PI,478.079,5,mai,230.442834698749,OK,1991,2020,30,CHIRPS_v2,UCSB-CHG/CHIRPS/DAILY,1991-2020,IBGE_2024
2201200,Barras,PI,1722.506,5,mai,187.53274540501315,OK,1991,2020,30,CHIRPS_v2,UCSB-CHG/CHIRPS/DAILY,1991-2020,IBGE_2024
2207702,Parnaíba,PI,436.907,5,mai,156.8677905823049,OK,1991,2020,30,CHIRPS_v2,UCSB-CHG/CHIRPS/DAILY,1991-2020,IBGE_2024
2206696,Murici dos Portelas,PI,475.72,5,mai,192.88963303257734,OK,1991,2020,30,CHIRPS_v2,UCSB-CHG/CHIRPS/DAILY,1991-2020,IBGE_2024
2205706,Luís Correia,PI,1074.133,5,mai,151.07198101425902,OK,1991,2020,30,CHIRPS_v2,UCSB-CHG/CHIRPS/DAILY,1991-2020,IBGE_2024
2204659,Ilha Grande,PI,129.696,5,mai,154.60050467598705,OK,1991,2020,30,CHIRPS_v2,UCSB-CHG/CHIRPS/DAILY,1991-2020,IBGE_2024
2202729,Cocal dos Alves,PI,324.856,5,mai,151.67822919396943,OK,1991,2020,30,CHIRPS_v2,UCSB-CHG/CHIRPS/DAILY,1991-2020,IBGE_2024
2202703,Cocal,PI,1294.131,5,mai,169.4503672185641,OK,1991,2020,30,CHIRPS_v2,UCSB-CHG/CHIRPS/DAILY,1991-2020,IBGE_2024
2202653,Caxingó,PI,491.093,5,mai,192.79597875740168,OK,1991,2020,30,CHIRPS_v2,UCSB-CHG/CHIRPS/DAILY,1991-2020,IBGE_2024
2202539,Caraúbas do Piauí,PI,463.184,5,mai,175.18356974143882,OK,1991,2020,30,CHIRPS_v2,UCSB-CHG/CHIRPS/DAILY,1991-2020,IBGE_2024
2201919,Bom Princípio do Piauí,PI,523.143,5,mai,171.08975189742162,OK,1991,2020,30,CHIRPS_v2,UCSB-CHG/CHIRPS/DAILY,1991-2020,IBGE_2024
2202083,Cajueiro da Praia,PI,271.165,5,mai,142.66847693552884,OK,1991,2020,30,CHIRPS_v2,UCSB-CHG/CHIRPS/DAILY,1991-2020,IBGE_2024
2202000,Buriti dos Lopes,PI,690.539,5,mai,191.01002667475038,OK,1991,2020,30,CHIRPS_v2,UCSB-CHG/CHIRPS/DAILY,1991-2020,IBGE_2024
2208403,Piripiri,PI,1406.925,5,mai,134.83977541418648,OK,1991,2020,30,CHIRPS_v2,UCSB-CHG/CHIRPS/DAILY,1991-2020,IBGE_2024
2207900,Pedro II,PI,1544.373,5,mai,92.0317137130414,OK,1991,2020,30,CHIRPS_v2,UCSB-CHG/CHIRPS/DAILY,1991-2020,IBGE_2024
2208304,Piracuruca,PI,2309.93,5,mai,146.0825639735829,OK,1991,2020,30,CHIRPS_v2,UCSB-CHG/CHIRPS/DAILY,1991-2020,IBGE_2024
2206357,Milton Brandão,PI,1310.728,5,mai,87.49074597661628,OK,1991,2020,30,CHIRPS_v2,UCSB-CHG/CHIRPS/DAILY,1991-2020,IBGE_2024
2205573,Lagoa de São Francisco,PI,155.86,5,mai,114.80259453037151,OK,1991,2020,30,CHIRPS_v2,UCSB-CHG/CHIRPS/DAILY,1991-2020,IBGE_2024
2203420,Domingos Mourão,PI,848.705,5,mai,96.61006197731024,OK,1991,2020,30,CHIRPS_v2,UCSB-CHG/CHIRPS/DAILY,1991-2020,IBGE_2024
2202406,Capitão de Campos,PI,564.858,5,mai,124.03371242418739,OK,1991,2020,30,CHIRPS_v2,UCSB-CHG/CHIRPS/DAILY,1991-2020,IBGE_2024
2210052,São José do Divino,PI,391.157,5,mai,156.2928483477455,OK,1991,2020,30,CHIRPS_v2,UCSB-CHG/CHIRPS/DAILY,1991-2020,IBGE_2024
2209872,São João da Fronteira,PI,817.115,5,mai,118.50911590286424,OK,1991,2020,30,CHIRPS_v2,UCSB-CHG/CHIRPS/DAILY,1991-2020,IBGE_2024
2201960,Brasileira,PI,880.836,5,mai,137.08377443592133,OK,1991,2020,30,CHIRPS_v2,UCSB-CHG/CHIRPS/DAILY,1991-2020,IBGE_2024
2201507,Batalha,PI,1584.255,5,mai,178.7484530176413,OK,1991,2020,30,CHIRPS_v2,UCSB-CHG/CHIRPS/DAILY,1991-2020,IBGE_2024
2206670,Morro do Chapéu do Piauí,PI,314.436,5,mai,194.35838701319565,OK,1991,2020,30,CHIRPS_v2,UCSB-CHG/CHIRPS/DAILY,1991-2020,IBGE_2024
2205805,Luzilândia,PI,699.182,5,mai,197.41358969614012,OK,1991,2020,30,CHIRPS_v2,UCSB-CHG/CHIRPS/DAILY,1991-2020,IBGE_2024
2205854,Madeiro,PI,178.843,5,mai,197.1491112152159,OK,1991,2020,30,CHIRPS_v2,UCSB-CHG/CHIRPS/DAILY,1991-2020,IBGE_2024
2206100,Matias Olímpio,PI,226.785,5,mai,217.97670207426918,OK,1991,2020,30,CHIRPS_v2,UCSB-CHG/CHIRPS/DAILY,1991-2020,IBGE_2024
2205409,Joaquim Pires,PI,756.188,5,mai,183.64456434957978,OK,1991,2020,30,CHIRPS_v2,UCSB-CHG/CHIRPS/DAILY,1991-2020,IBGE_2024
2205458,Joca Marques,PI,169.005,5,mai,195.92897920154795,OK,1991,2020,30,CHIRPS_v2,UCSB-CHG/CHIRPS/DAILY,1991-2020,IBGE_2024
2203701,Esperantina,PI,911.736,5,mai,196.7153952179496,OK,1991,2020,30,CHIRPS_v2,UCSB-CHG/CHIRPS/DAILY,1991-2020,IBGE_2024
2209971,São João do Arraial,PI,215.149,5,mai,229.0836838578921,OK,1991,2020,30,CHIRPS_v2,UCSB-CHG/CHIRPS/DAILY,1991-2020,IBGE_2024
2200954,Aroeiras do Itaim,PI,316.235,5,mai,19.50171846373804,OK,1991,2020,30,CHIRPS_v2,UCSB-CHG/CHIRPS/DAILY,1991-2020,IBGE_2024
2209104,Santa Cruz do Piauí,PI,562.402,5,mai,26.054624625023074,OK,1991,2020,30,CHIRPS_v2,UCSB-CHG/CHIRPS/DAILY,1991-2020,IBGE_2024
2200277,Alegrete do Piauí,PI,243.732,5,mai,24.34024363122899,OK,1991,2020,30,CHIRPS_v2,UCSB-CHG/CHIRPS/DAILY,1991-2020,IBGE_2024
2200251,Alagoinha do Piauí,PI,535.89,5,mai,33.60001907861199,OK,1991,2020,30,CHIRPS_v2,UCSB-CHG/CHIRPS/DAILY,1991-2020,IBGE_2024
2208007,Picos,PI,577.284,5,mai,25.047098539444097,OK,1991,2020,30,CHIRPS_v2,UCSB-CHG/CHIRPS/DAILY,1991-2020,IBGE_2024
2208205,Pio IX,PI,1948.141,5,mai,40.80829180196377,OK,1991,2020,30,CHIRPS_v2,UCSB-CHG/CHIRPS/DAILY,1991-2020,IBGE_2024
2207553,Paquetá,PI,432.572,5,mai,26.610544061897173,OK,1991,2020,30,CHIRPS_v2,UCSB-CHG/CHIRPS/DAILY,1991-2020,IBGE_2024
2207207,Padre Marcos,PI,278.696,5,mai,20.638813007676433,OK,1991,2020,30,CHIRPS_v2,UCSB-CHG/CHIRPS/DAILY,1991-2020,IBGE_2024
2206506,Monsenhor Hipólito,PI,401.568,5,mai,35.96859506571006,OK,1991,2020,30,CHIRPS_v2,UCSB-CHG/CHIRPS/DAILY,1991-2020,IBGE_2024
2205953,Marcolândia,PI,136.786,5,mai,27.095414085344178,OK,1991,2020,30,CHIRPS_v2,UCSB-CHG/CHIRPS/DAILY,1991-2020,IBGE_2024
2206050,Massapê do Piauí,PI,530.169,5,mai,19.03454342896561,OK,1991,2020,30,CHIRPS_v2,UCSB-CHG/CHIRPS/DAILY,1991-2020,IBGE_2024
2204907,Isaías Coelho,PI,800.687,5,mai,27.85884743031638,OK,1991,2020,30,CHIRPS_v2,UCSB-CHG/CHIRPS/DAILY,1991-2020,IBGE_2024
2205201,Jaicós,PI,866.788,5,mai,19.52626436811307,OK,1991,2020,30,CHIRPS_v2,UCSB-CHG/CHIRPS/DAILY,1991-2020,IBGE_2024
2205003,Itainópolis,PI,827.62,5,mai,22.233922980950652,OK,1991,2020,30,CHIRPS_v2,UCSB-CHG/CHIRPS/DAILY,1991-2020,IBGE_2024
2204352,Geminiano,PI,440.606,5,mai,19.511755929015358,OK,1991,2020,30,CHIRPS_v2,UCSB-CHG/CHIRPS/DAILY,1991-2020,IBGE_2024
2204303,Fronteiras,PI,777.179,5,mai,33.555452121318694,OK,1991,2020,30,CHIRPS_v2,UCSB-CHG/CHIRPS/DAILY,1991-2020,IBGE_2024
2204154,Francisco Macedo,PI,179.245,5,mai,23.495499253972913,OK,1991,2020,30,CHIRPS_v2,UCSB-CHG/CHIRPS/DAILY,1991-2020,IBGE_2024
2204204,Francisco Santos,PI,492.191,5,mai,29.775883679741273,OK,1991,2020,30,CHIRPS_v2,UCSB-CHG/CHIRPS/DAILY,1991-2020,IBGE_2024
2211605,Vila Nova do Piauí,PI,221.627,5,mai,21.86157031439266,OK,1991,2020,30,CHIRPS_v2,UCSB-CHG/CHIRPS/DAILY,1991-2020,IBGE_2024
2203404,Dom Expedito Lopes,PI,218.808,5,mai,30.235677298932863,OK,1991,2020,30,CHIRPS_v2,UCSB-CHG/CHIRPS/DAILY,1991-2020,IBGE_2024
2211506,Vera Mendes,PI,341.975,5,mai,28.167607898875517,OK,1991,2020,30,CHIRPS_v2,UCSB-CHG/CHIRPS/DAILY,1991-2020,IBGE_2024
2211704,Wall Ferraz,PI,317.278,5,mai,26.875485509143484,OK,1991,2020,30,CHIRPS_v2,UCSB-CHG/CHIRPS/DAILY,1991-2020,IBGE_2024
2210938,Sussuapara,PI,205.194,5,mai,25.136954616220546,OK,1991,2020,30,CHIRPS_v2,UCSB-CHG/CHIRPS/DAILY,1991-2020,IBGE_2024
2210375,São Luis do Piauí,PI,238.099,5,mai,35.683922377370074,OK,1991,2020,30,CHIRPS_v2,UCSB-CHG/CHIRPS/DAILY,1991-2020,IBGE_2024
2201804,Bocaina,PI,261.49,5,mai,31.01061581349753,OK,1991,2020,30,CHIRPS_v2,UCSB-CHG/CHIRPS/DAILY,1991-2020,IBGE_2024
2210300,São Julião,PI,291.089,5,mai,27.34790981106503,OK,1991,2020,30,CHIRPS_v2,UCSB-CHG/CHIRPS/DAILY,1991-2020,IBGE_2024
2202091,Caldeirão Grande do Piauí,PI,467.082,5,mai,28.57130443613711,OK,1991,2020,30,CHIRPS_v2,UCSB-CHG/CHIRPS/DAILY,1991-2020,IBGE_2024
2202133,Campo Grande do Piauí,PI,311.682,5,mai,20.587601520954866,OK,1991,2020,30,CHIRPS_v2,UCSB-CHG/CHIRPS/DAILY,1991-2020,IBGE_2024
2210201,São José do Piauí,PI,373.347,5,mai,34.80269936672013,OK,1991,2020,30,CHIRPS_v2,UCSB-CHG/CHIRPS/DAILY,1991-2020,IBGE_2024
2209401,Santo Antônio de Lisboa,PI,376.353,5,mai,31.42957576373357,OK,1991,2020,30,CHIRPS_v2,UCSB-CHG/CHIRPS/DAILY,1991-2020,IBGE_2024
2209351,Santana do Piauí,PI,112.189,5,mai,30.68915245311495,OK,1991,2020,30,CHIRPS_v2,UCSB-CHG/CHIRPS/DAILY,1991-2020,IBGE_2024
2201572,Belém do Piauí,PI,243.234,5,mai,17.249626009175536,OK,1991,2020,30,CHIRPS_v2,UCSB-CHG/CHIRPS/DAILY,1991-2020,IBGE_2024
2209856,São João da Canabrava,PI,476.094,5,mai,38.19717982742496,OK,1991,2020,30,CHIRPS_v2,UCSB-CHG/CHIRPS/DAILY,1991-2020,IBGE_2024
2208650,Queimada Nova,PI,1283.369,5,mai,15.277168480544141,OK,1991,2020,30,CHIRPS_v2,UCSB-CHG/CHIRPS/DAILY,1991-2020,IBGE_2024
2200053,Acauã,PI,1196.75,5,mai,15.48975220042969,OK,1991,2020,30,CHIRPS_v2,UCSB-CHG/CHIRPS/DAILY,1991-2020,IBGE_2024
2207801,Paulistana,PI,1937.343,5,mai,15.010445250635216,OK,1991,2020,30,CHIRPS_v2,UCSB-CHG/CHIRPS/DAILY,1991-2020,IBGE_2024
2207777,Patos do Piauí,PI,801.403,5,mai,27.104136262148153,OK,1991,2020,30,CHIRPS_v2,UCSB-CHG/CHIRPS/DAILY,1991-2020,IBGE_2024
2205151,Jacobina do Piauí,PI,1333.796,5,mai,20.592062797674313,OK,1991,2020,30,CHIRPS_v2,UCSB-CHG/CHIRPS/DAILY,1991-2020,IBGE_2024
2203271,Curral Novo do Piauí,PI,755.252,5,mai,19.519235148518522,OK,1991,2020,30,CHIRPS_v2,UCSB-CHG/CHIRPS/DAILY,1991-2020,IBGE_2024
2202554,Caridade do Piauí,PI,498.793,5,mai,19.568090236582066,OK,1991,2020,30,CHIRPS_v2,UCSB-CHG/CHIRPS/DAILY,1991-2020,IBGE_2024
2210706,Simões,PI,1076.055,5,mai,22.02916467964684,OK,1991,2020,30,CHIRPS_v2,UCSB-CHG/CHIRPS/DAILY,1991-2020,IBGE_2024
2201739,Betânia do Piauí,PI,667.433,5,mai,15.711305842409551,OK,1991,2020,30,CHIRPS_v2,UCSB-CHG/CHIRPS/DAILY,1991-2020,IBGE_2024
2207009,Oeiras,PI,2696.724,5,mai,35.63215846319095,OK,1991,2020,30,CHIRPS_v2,UCSB-CHG/CHIRPS/DAILY,1991-2020,IBGE_2024
2203859,Floresta do Piauí,PI,221.519,5,mai,28.95616620664493,OK,1991,2020,30,CHIRPS_v2,UCSB-CHG/CHIRPS/DAILY,1991-2020,IBGE_2024
2210979,Tanque do Piauí,PI,408.985,5,mai,47.32470275082274,OK,1991,2020,30,CHIRPS_v2,UCSB-CHG/CHIRPS/DAILY,1991-2020,IBGE_2024
2202778,Colônia do Piauí,PI,938.303,5,mai,33.89395824460114,OK,1991,2020,30,CHIRPS_v2,UCSB-CHG/CHIRPS/DAILY,1991-2020,IBGE_2024
2210391,São Miguel do Fidalgo,PI,813.444,5,mai,24.42605619405917,OK,1991,2020,30,CHIRPS_v2,UCSB-CHG/CHIRPS/DAILY,1991-2020,IBGE_2024
2209955,São João da Varjota,PI,394.457,5,mai,32.38292339374648,OK,1991,2020,30,CHIRPS_v2,UCSB-CHG/CHIRPS/DAILY,1991-2020,IBGE_2024
2202075,Cajazeiras do Piauí,PI,515.427,5,mai,44.78943863131167,OK,1991,2020,30,CHIRPS_v2,UCSB-CHG/CHIRPS/DAILY,1991-2020,IBGE_2024
2209500,Santo Inácio do Piauí,PI,845.492,5,mai,27.76337533154801,OK,1991,2020,30,CHIRPS_v2,UCSB-CHG/CHIRPS/DAILY,1991-2020,IBGE_2024
2209377,Santa Rosa do Piauí,PI,338.339,5,mai,40.731142993559516,OK,1991,2020,30,CHIRPS_v2,UCSB-CHG/CHIRPS/DAILY,1991-2020,IBGE_2024
2207306,Paes Landim,PI,401.379,5,mai,18.63052368741955,OK,1991,2020,30,CHIRPS_v2,UCSB-CHG/CHIRPS/DAILY,1991-2020,IBGE_2024
2210904,Socorro do Piauí,PI,761.854,5,mai,21.088352445060327,OK,1991,2020,30,CHIRPS_v2,UCSB-CHG/CHIRPS/DAILY,1991-2020,IBGE_2024
2202802,Conceição do Canindé,PI,824.729,5,mai,20.5113731849336,OK,1991,2020,30,CHIRPS_v2,UCSB-CHG/CHIRPS/DAILY,1991-2020,IBGE_2024
2210805,Simplício Mendes,PI,1360.04,5,mai,16.483081553956648,OK,1991,2020,30,CHIRPS_v2,UCSB-CHG/CHIRPS/DAILY,1991-2020,IBGE_2024
2202109,Campinas do Piauí,PI,783.843,5,mai,23.390984811159054,OK,1991,2020,30,CHIRPS_v2,UCSB-CHG/CHIRPS/DAILY,1991-2020,IBGE_2024
2201556,Bela Vista do Piauí,PI,499.092,5,mai,13.250357459967379,OK,1991,2020,30,CHIRPS_v2,UCSB-CHG/CHIRPS/DAILY,1991-2020,IBGE_2024
2209658,São Francisco de Assis do Piauí,PI,1072.311,5,mai,14.937852599314581,OK,1991,2020,30,CHIRPS_v2,UCSB-CHG/CHIRPS/DAILY,1991-2020,IBGE_2024
2200707,Anísio de Abreu,PI,337.876,5,mai,7.759672455332185,OK,1991,2020,30,CHIRPS_v2,UCSB-CHG/CHIRPS/DAILY,1991-2020,IBGE_2024
2205532,Jurema,PI,1271.881,5,mai,7.498412847373017,OK,1991,2020,30,CHIRPS_v2,UCSB-CHG/CHIRPS/DAILY,1991-2020,IBGE_2024
2204550,Guaribas,PI,3118.231,5,mai,13.361828387053265,OK,1991,2020,30,CHIRPS_v2,UCSB-CHG/CHIRPS/DAILY,1991-2020,IBGE_2024
2203750,Fartura do Piauí,PI,713.047,5,mai,6.420699358650142,OK,1991,2020,30,CHIRPS_v2,UCSB-CHG/CHIRPS/DAILY,1991-2020,IBGE_2024
2203354,Dirceu Arcoverde,PI,1005.572,5,mai,6.380238427391778,OK,1991,2020,30,CHIRPS_v2,UCSB-CHG/CHIRPS/DAILY,1991-2020,IBGE_2024
2203453,Dom Inocêncio,PI,3871.83,5,mai,10.05411728059226,OK,1991,2020,30,CHIRPS_v2,UCSB-CHG/CHIRPS/DAILY,1991-2020,IBGE_2024
2202851,Coronel José Dias,PI,1926.095,5,mai,9.447304639161063,OK,1991,2020,30,CHIRPS_v2,UCSB-CHG/CHIRPS/DAILY,1991-2020,IBGE_2024
2211357,Várzea Branca,PI,450.429,5,mai,6.3555089676280465,OK,1991,2020,30,CHIRPS_v2,UCSB-CHG/CHIRPS/DAILY,1991-2020,IBGE_2024
2210607,São Raimundo Nonato,PI,2415.29,5,mai,7.659094041542461,OK,1991,2020,30,CHIRPS_v2,UCSB-CHG/CHIRPS/DAILY,1991-2020,IBGE_2024
2202505,Caracol,PI,1610.959,5,mai,7.880643455672882,OK,1991,2020,30,CHIRPS_v2,UCSB-CHG/CHIRPS/DAILY,1991-2020,IBGE_2024
2210359,São Lourenço do Piauí,PI,673.821,5,mai,7.118351658725685,OK,1991,2020,30,CHIRPS_v2,UCSB-CHG/CHIRPS/DAILY,1991-2020,IBGE_2024
2201929,Bonfim do Piauí,PI,289.149,5,mai,7.860558803259608,OK,1991,2020,30,CHIRPS_v2,UCSB-CHG/CHIRPS/DAILY,1991-2020,IBGE_2024
2209559,São Braz do Piauí,PI,656.042,5,mai,7.16346581382173,OK,1991,2020,30,CHIRPS_v2,UCSB-CHG/CHIRPS/DAILY,1991-2020,IBGE_2024
2208874,Ribeira do Piauí,PI,1012.479,5,mai,24.19171787794816,OK,1991,2020,30,CHIRPS_v2,UCSB-CHG/CHIRPS/DAILY,1991-2020,IBGE_2024
2207959,Nova Santa Rita,PI,909.734,5,mai,14.61026240511278,OK,1991,2020,30,CHIRPS_v2,UCSB-CHG/CHIRPS/DAILY,1991-2020,IBGE_2024
2207934,Pedro Laurentino,PI,870.613,5,mai,15.91534388279327,OK,1991,2020,30,CHIRPS_v2,UCSB-CHG/CHIRPS/DAILY,1991-2020,IBGE_2024
2205359,João Costa,PI,1800.237,5,mai,12.504928290523445,OK,1991,2020,30,CHIRPS_v2,UCSB-CHG/CHIRPS/DAILY,1991-2020,IBGE_2024
2205565,Lagoa do Barro do Piauí,PI,1331.025,5,mai,13.686881082641696,OK,1991,2020,30,CHIRPS_v2,UCSB-CHG/CHIRPS/DAILY,1991-2020,IBGE_2024
2202455,Capitão Gervásio Oliveira,PI,1132.996,5,mai,11.860404781126272,OK,1991,2020,30,CHIRPS_v2,UCSB-CHG/CHIRPS/DAILY,1991-2020,IBGE_2024
2210003,São João do Piauí,PI,1527.488,5,mai,14.229553944202447,OK,1991,2020,30,CHIRPS_v2,UCSB-CHG/CHIRPS/DAILY,1991-2020,IBGE_2024
2202117,Campo Alegre do Fidalgo,PI,657.797,5,mai,12.134069190080337,OK,1991,2020,30,CHIRPS_v2,UCSB-CHG/CHIRPS/DAILY,1991-2020,IBGE_2024
2208858,Riacho Frio,PI,2220.597,5,mai,14.281435906129861,OK,1991,2020,30,CHIRPS_v2,UCSB-CHG/CHIRPS/DAILY,1991-2020,IBGE_2024
2201101,Avelino Lopes,PI,1220.369,5,mai,13.078721278990082,OK,1991,2020,30,CHIRPS_v2,UCSB-CHG/CHIRPS/DAILY,1991-2020,IBGE_2024
2207603,Parnaguá,PI,3428.811,5,mai,14.596475504834585,OK,1991,2020,30,CHIRPS_v2,UCSB-CHG/CHIRPS/DAILY,1991-2020,IBGE_2024
2206654,Morro Cabeça no Tempo,PI,2207.658,5,mai,11.49801460182729,OK,1991,2020,30,CHIRPS_v2,UCSB-CHG/CHIRPS/DAILY,1991-2020,IBGE_2024
2206605,Monte Alegre do Piauí,PI,2417.394,5,mai,15.802313526246106,OK,1991,2020,30,CHIRPS_v2,UCSB-CHG/CHIRPS/DAILY,1991-2020,IBGE_2024
2205524,Júlio Borges,PI,1283.918,5,mai,12.463219604427138,OK,1991,2020,30,CHIRPS_v2,UCSB-CHG/CHIRPS/DAILY,1991-2020,IBGE_2024
2204402,Gilbués,PI,3495.692,5,mai,20.410713429890468,OK,1991,2020,30,CHIRPS_v2,UCSB-CHG/CHIRPS/DAILY,1991-2020,IBGE_2024
2202901,Corrente,PI,3048.746,5,mai,17.634517482493127,OK,1991,2020,30,CHIRPS_v2,UCSB-CHG/CHIRPS/DAILY,1991-2020,IBGE_2024
2203206,Curimatá,PI,2344.949,5,mai,15.644220950508078,OK,1991,2020,30,CHIRPS_v2,UCSB-CHG/CHIRPS/DAILY,1991-2020,IBGE_2024
2203008,Cristalândia do Piauí,PI,1202.898,5,mai,14.48669702516648,OK,1991,2020,30,CHIRPS_v2,UCSB-CHG/CHIRPS/DAILY,1991-2020,IBGE_2024
2210623,Sebastião Barros,PI,893.489,5,mai,15.28297005533929,OK,1991,2020,30,CHIRPS_v2,UCSB-CHG/CHIRPS/DAILY,1991-2020,IBGE_2024
2209302,Santa Luz,PI,1185.404,5,mai,25.526701382456892,OK,1991,2020,30,CHIRPS_v2,UCSB-CHG/CHIRPS/DAILY,1991-2020,IBGE_2024
2208700,Redenção do Gurguéia,PI,2470.575,5,mai,18.024322787307085,OK,1991,2020,30,CHIRPS_v2,UCSB-CHG/CHIRPS/DAILY,1991-2020,IBGE_2024
2200459,Alvorada do Gurguéia,PI,2131.517,5,mai,25.68603046795279,OK,1991,2020,30,CHIRPS_v2,UCSB-CHG/CHIRPS/DAILY,1991-2020,IBGE_2024
2207405,Palmeira do Piauí,PI,2023.971,5,mai,23.609997800064374,OK,1991,2020,30,CHIRPS_v2,UCSB-CHG/CHIRPS/DAILY,1991-2020,IBGE_2024
2203230,Currais,PI,3156.695,5,mai,20.37341916607935,OK,1991,2020,30,CHIRPS_v2,UCSB-CHG/CHIRPS/DAILY,1991-2020,IBGE_2024
2202752,Colônia do Gurguéia,PI,429.582,5,mai,28.832753045464955,OK,1991,2020,30,CHIRPS_v2,UCSB-CHG/CHIRPS/DAILY,1991-2020,IBGE_2024
2203107,Cristino Castro,PI,1845.69,5,mai,25.0609436522675,OK,1991,2020,30,CHIRPS_v2,UCSB-CHG/CHIRPS/DAILY,1991-2020,IBGE_2024
2201903,Bom Jesus,PI,5470.984,5,mai,18.263461340603843,OK,1991,2020,30,CHIRPS_v2,UCSB-CHG/CHIRPS/DAILY,1991-2020,IBGE_2024
2209708,São Francisco do Piauí,PI,1341.44,5,mai,35.15509509395237,OK,1991,2020,30,CHIRPS_v2,UCSB-CHG/CHIRPS/DAILY,1991-2020,IBGE_2024
2201002,Arraial,PI,619.21,5,mai,58.0602667170571,OK,1991,2020,30,CHIRPS_v2,UCSB-CHG/CHIRPS/DAILY,1991-2020,IBGE_2024
2208551,Porto Alegre do Piauí,PI,1168.044,5,mai,12.517636458215952,OK,1991,2020,30,CHIRPS_v2,UCSB-CHG/CHIRPS/DAILY,1991-2020,IBGE_2024
2206704,Nazaré do Piauí,PI,1316.762,5,mai,38.83729948525624,OK,1991,2020,30,CHIRPS_v2,UCSB-CHG/CHIRPS/DAILY,1991-2020,IBGE_2024
2206001,Marcos Parente,PI,677.416,5,mai,11.455374099727896,OK,1991,2020,30,CHIRPS_v2,UCSB-CHG/CHIRPS/DAILY,1991-2020,IBGE_2024
2205300,Jerumenha,PI,1865.94,5,mai,37.62660945076914,OK,1991,2020,30,CHIRPS_v2,UCSB-CHG/CHIRPS/DAILY,1991-2020,IBGE_2024
2205607,Landri Sales,PI,1088.583,5,mai,11.191212225034592,OK,1991,2020,30,CHIRPS_v2,UCSB-CHG/CHIRPS/DAILY,1991-2020,IBGE_2024
2205102,Itaueira,PI,2554.178,5,mai,17.377746524697287,OK,1991,2020,30,CHIRPS_v2,UCSB-CHG/CHIRPS/DAILY,1991-2020,IBGE_2024
2204501,Guadalupe,PI,1026.538,5,mai,24.5873556523363,OK,1991,2020,30,CHIRPS_v2,UCSB-CHG/CHIRPS/DAILY,1991-2020,IBGE_2024
2203909,Floriano,PI,3407.978,5,mai,38.553304733267176,OK,1991,2020,30,CHIRPS_v2,UCSB-CHG/CHIRPS/DAILY,1991-2020,IBGE_2024
2204105,Francisco Ayres,PI,682.514,5,mai,52.590727826486166,OK,1991,2020,30,CHIRPS_v2,UCSB-CHG/CHIRPS/DAILY,1991-2020,IBGE_2024
2202251,Canavieira,PI,2165.2,5,mai,22.69984520154614,OK,1991,2020,30,CHIRPS_v2,UCSB-CHG/CHIRPS/DAILY,1991-2020,IBGE_2024
2210102,São José do Peixe,PI,1287.174,5,mai,28.879000258061478,OK,1991,2020,30,CHIRPS_v2,UCSB-CHG/CHIRPS/DAILY,1991-2020,IBGE_2024
2200806,Antônio Almeida,PI,644.801,5,mai,11.23003787439327,OK,1991,2020,30,CHIRPS_v2,UCSB-CHG/CHIRPS/DAILY,1991-2020,IBGE_2024
2208908,Ribeiro Gonçalves,PI,3987.142,5,mai,34.40761098468013,OK,1991,2020,30,CHIRPS_v2,UCSB-CHG/CHIRPS/DAILY,1991-2020,IBGE_2024
2201150,Baixa Grande do Ribeiro,PI,7808.913,5,mai,24.42088745066221,OK,1991,2020,30,CHIRPS_v2,UCSB-CHG/CHIRPS/DAILY,1991-2020,IBGE_2024
2205904,Manoel Emídio,PI,1620.412,5,mai,17.581826476761716,OK,1991,2020,30,CHIRPS_v2,UCSB-CHG/CHIRPS/DAILY,1991-2020,IBGE_2024
2211209,Uruçuí,PI,8413.009,5,mai,20.103948500253498,OK,1991,2020,30,CHIRPS_v2,UCSB-CHG/CHIRPS/DAILY,1991-2020,IBGE_2024
2210631,Sebastião Leal,PI,3148.866,5,mai,11.088983454202017,OK,1991,2020,30,CHIRPS_v2,UCSB-CHG/CHIRPS/DAILY,1991-2020,IBGE_2024
2201705,Bertolínia,PI,1216.116,5,mai,13.55123131201229,OK,1991,2020,30,CHIRPS_v2,UCSB-CHG/CHIRPS/DAILY,1991-2020,IBGE_2024
2209005,Rio Grande do Piauí,PI,635.953,5,mai,13.188846650259089,OK,1991,2020,30,CHIRPS_v2,UCSB-CHG/CHIRPS/DAILY,1991-2020,IBGE_2024
2207850,Pavussu,PI,1090.697,5,mai,9.410739961177034,OK,1991,2020,30,CHIRPS_v2,UCSB-CHG/CHIRPS/DAILY,1991-2020,IBGE_2024
2207355,Pajeú do Piauí,PI,986.961,5,mai,20.128543163253415,OK,1991,2020,30,CHIRPS_v2,UCSB-CHG/CHIRPS/DAILY,1991-2020,IBGE_2024
2203800,Flores do Piauí,PI,946.72,5,mai,18.013305905870094,OK,1991,2020,30,CHIRPS_v2,UCSB-CHG/CHIRPS/DAILY,1991-2020,IBGE_2024
2203602,Eliseu Martins,PI,1097.866,5,mai,25.48431189533333,OK,1991,2020,30,CHIRPS_v2,UCSB-CHG/CHIRPS/DAILY,1991-2020,IBGE_2024
2210953,Tamboril do Piauí,PI,1587.296,5,mai,12.076134785673162,OK,1991,2020,30,CHIRPS_v2,UCSB-CHG/CHIRPS/DAILY,1991-2020,IBGE_2024
2202307,Canto do Buriti,PI,4325.643,5,mai,12.142453977375487,OK,1991,2020,30,CHIRPS_v2,UCSB-CHG/CHIRPS/DAILY,1991-2020,IBGE_2024
2201988,Brejo do Piauí,PI,2267.326,5,mai,13.928124000371556,OK,1991,2020,30,CHIRPS_v2,UCSB-CHG/CHIRPS/DAILY,1991-2020,IBGE_2024
2307700,Maranguape,CE,583.506,5,mai,137.76405005740534,OK,1991,2020,30,CHIRPS_v2,UCSB-CHG/CHIRPS/DAILY,1991-2020,IBGE_2024
2307650,Maracanaú,CE,105.084,5,mai,153.71437567735393,OK,1991,2020,30,CHIRPS_v2,UCSB-CHG/CHIRPS/DAILY,1991-2020,IBGE_2024
2306256,Itaitinga,CE,153.686,5,mai,162.24180120202337,OK,1991,2020,30,CHIRPS_v2,UCSB-CHG/CHIRPS/DAILY,1991-2020,IBGE_2024
2304285,Eusébio,CE,78.818,5,mai,167.0865059387957,OK,1991,2020,30,CHIRPS_v2,UCSB-CHG/CHIRPS/DAILY,1991-2020,IBGE_2024
2304400,Fortaleza,CE,312.353,5,mai,175.27242556626635,OK,1991,2020,30,CHIRPS_v2,UCSB-CHG/CHIRPS/DAILY,1991-2020,IBGE_2024
2303709,Caucaia,CE,1223.199,5,mai,103.9789376572658,OK,1991,2020,30,CHIRPS_v2,UCSB-CHG/CHIRPS/DAILY,1991-2020,IBGE_2024
2309706,Pacatuba,CE,133.223,5,mai,164.95540930332274,OK,1991,2020,30,CHIRPS_v2,UCSB-CHG/CHIRPS/DAILY,1991-2020,IBGE_2024
2301000,Aquiraz,CE,480.236,5,mai,167.31587561488345,OK,1991,2020,30,CHIRPS_v2,UCSB-CHG/CHIRPS/DAILY,1991-2020,IBGE_2024
2305233,Horizonte,CE,160.556,5,mai,164.32466225085676,OK,1991,2020,30,CHIRPS_v2,UCSB-CHG/CHIRPS/DAILY,1991-2020,IBGE_2024
2304954,Guaiúba,CE,256.053,5,mai,159.16957055436143,OK,1991,2020,30,CHIRPS_v2,UCSB-CHG/CHIRPS/DAILY,1991-2020,IBGE_2024
2312403,São Gonçalo do Amarante,CE,842.679,5,mai,85.58488654485635,OK,1991,2020,30,CHIRPS_v2,UCSB-CHG/CHIRPS/DAILY,1991-2020,IBGE_2024
2312601,São Luís do Curu,CE,122.865,5,mai,99.64591062571535,OK,1991,2020,30,CHIRPS_v2,UCSB-CHG/CHIRPS/DAILY,1991-2020,IBGE_2024
2303956,Chorozinho,CE,296.431,5,mai,115.53567620545056,OK,1991,2020,30,CHIRPS_v2,UCSB-CHG/CHIRPS/DAILY,1991-2020,IBGE_2024
2303501,Cascavel,CE,838.115,5,mai,145.45964156314704,OK,1991,2020,30,CHIRPS_v2,UCSB-CHG/CHIRPS/DAILY,1991-2020,IBGE_2024
2310852,Pindoretama,CE,74.033,5,mai,178.0652120465741,OK,1991,2020,30,CHIRPS_v2,UCSB-CHG/CHIRPS/DAILY,1991-2020,IBGE_2024
2302206,Beberibe,CE,1596.75,5,mai,117.62477672888089,OK,1991,2020,30,CHIRPS_v2,UCSB-CHG/CHIRPS/DAILY,1991-2020,IBGE_2024
2310258,Paraipaba,CE,289.231,5,mai,67.21761851238426,OK,1991,2020,30,CHIRPS_v2,UCSB-CHG/CHIRPS/DAILY,1991-2020,IBGE_2024
2310100,Palmácia,CE,128.896,5,mai,177.00617887807968,OK,1991,2020,30,CHIRPS_v2,UCSB-CHG/CHIRPS/DAILY,1991-2020,IBGE_2024
2310209,Paracuru,CE,304.734,5,mai,60.90829401305047,OK,1991,2020,30,CHIRPS_v2,UCSB-CHG/CHIRPS/DAILY,1991-2020,IBGE_2024
2309607,Pacajus,CE,250.305,5,mai,145.82522025632846,OK,1991,2020,30,CHIRPS_v2,UCSB-CHG/CHIRPS/DAILY,1991-2020,IBGE_2024
2306405,Itapipoca,CE,1596.225,5,mai,101.57705144144263,OK,1991,2020,30,CHIRPS_v2,UCSB-CHG/CHIRPS/DAILY,1991-2020,IBGE_2024
2313807,Uruburetama,CE,103.478,5,mai,103.06329923302475,OK,1991,2020,30,CHIRPS_v2,UCSB-CHG/CHIRPS/DAILY,1991-2020,IBGE_2024
2313500,Trairi,CE,928.726,5,mai,52.368010607180324,OK,1991,2020,30,CHIRPS_v2,UCSB-CHG/CHIRPS/DAILY,1991-2020,IBGE_2024
2313757,Umirim,CE,315.647,5,mai,97.06507699295102,OK,1991,2020,30,CHIRPS_v2,UCSB-CHG/CHIRPS/DAILY,1991-2020,IBGE_2024
2313559,Tururu,CE,197.193,5,mai,88.17688432210397,OK,1991,2020,30,CHIRPS_v2,UCSB-CHG/CHIRPS/DAILY,1991-2020,IBGE_2024
2300754,Amontada,CE,1175.044,5,mai,118.39437980168206,OK,1991,2020,30,CHIRPS_v2,UCSB-CHG/CHIRPS/DAILY,1991-2020,IBGE_2024
2308377,Miraíma,CE,708.678,5,mai,93.43955566369182,OK,1991,2020,30,CHIRPS_v2,UCSB-CHG/CHIRPS/DAILY,1991-2020,IBGE_2024
2306504,Itapiúna,CE,593.232,5,mai,110.15321368897388,OK,1991,2020,30,CHIRPS_v2,UCSB-CHG/CHIRPS/DAILY,1991-2020,IBGE_2024
2305100,Guaramiranga,CE,90.817,5,mai,174.87111885662918,OK,1991,2020,30,CHIRPS_v2,UCSB-CHG/CHIRPS/DAILY,1991-2020,IBGE_2024
2311603,Redenção,CE,247.989,5,mai,157.17821067128347,OK,1991,2020,30,CHIRPS_v2,UCSB-CHG/CHIRPS/DAILY,1991-2020,IBGE_2024
2302909,Capistrano,CE,226.549,5,mai,140.98957689547802,OK,1991,2020,30,CHIRPS_v2,UCSB-CHG/CHIRPS/DAILY,1991-2020,IBGE_2024
2302107,Baturité,CE,314.075,5,mai,150.18476752447538,OK,1991,2020,30,CHIRPS_v2,UCSB-CHG/CHIRPS/DAILY,1991-2020,IBGE_2024
2309805,Pacoti,CE,112.433,5,mai,214.44980754918242,OK,1991,2020,30,CHIRPS_v2,UCSB-CHG/CHIRPS/DAILY,1991-2020,IBGE_2024
2301950,Barreira,CE,260.237,5,mai,132.7454824125224,OK,1991,2020,30,CHIRPS_v2,UCSB-CHG/CHIRPS/DAILY,1991-2020,IBGE_2024
2301208,Aracoiaba,CE,643.988,5,mai,115.47997172045439,OK,1991,2020,30,CHIRPS_v2,UCSB-CHG/CHIRPS/DAILY,1991-2020,IBGE_2024
2301406,Aratuba,CE,119.758,5,mai,159.38197488464502,OK,1991,2020,30,CHIRPS_v2,UCSB-CHG/CHIRPS/DAILY,1991-2020,IBGE_2024
2309458,Ocara,CE,763.075,5,mai,105.75805756924777,OK,1991,2020,30,CHIRPS_v2,UCSB-CHG/CHIRPS/DAILY,1991-2020,IBGE_2024
2309102,Mulungu,CE,97.951,5,mai,179.55130632828352,OK,1991,2020,30,CHIRPS_v2,UCSB-CHG/CHIRPS/DAILY,1991-2020,IBGE_2024
2300150,Acarape,CE,129.767,5,mai,151.991340961731,OK,1991,2020,30,CHIRPS_v2,UCSB-CHG/CHIRPS/DAILY,1991-2020,IBGE_2024
2307635,Madalena,CE,998.195,5,mai,80.00334370685154,OK,1991,2020,30,CHIRPS_v2,UCSB-CHG/CHIRPS/DAILY,1991-2020,IBGE_2024
2306603,Itatira,CE,829.211,5,mai,81.4559470905454,OK,1991,2020,30,CHIRPS_v2,UCSB-CHG/CHIRPS/DAILY,1991-2020,IBGE_2024
2303006,Caridade,CE,926.271,5,mai,106.38939684348757,OK,1991,2020,30,CHIRPS_v2,UCSB-CHG/CHIRPS/DAILY,1991-2020,IBGE_2024
2302800,Canindé,CE,3032.39,5,mai,92.00342134174197,OK,1991,2020,30,CHIRPS_v2,UCSB-CHG/CHIRPS/DAILY,1991-2020,IBGE_2024
2310407,Paramoti,CE,539.238,5,mai,89.27494255685276,OK,1991,2020,30,CHIRPS_v2,UCSB-CHG/CHIRPS/DAILY,1991-2020,IBGE_2024
2302404,Boa Viagem,CE,2835.037,5,mai,81.14979504386866,OK,1991,2020,30,CHIRPS_v2,UCSB-CHG/CHIRPS/DAILY,1991-2020,IBGE_2024
2306306,Itapajé,CE,436.32,5,mai,99.57322397154614,OK,1991,2020,30,CHIRPS_v2,UCSB-CHG/CHIRPS/DAILY,1991-2020,IBGE_2024
2306108,Irauçuba,CE,1466.413,5,mai,79.4217986190718,OK,1991,2020,30,CHIRPS_v2,UCSB-CHG/CHIRPS/DAILY,1991-2020,IBGE_2024
2313351,Tejuçuoca,CE,758.706,5,mai,93.76792729948693,OK,1991,2020,30,CHIRPS_v2,UCSB-CHG/CHIRPS/DAILY,1991-2020,IBGE_2024
2304608,General Sampaio,CE,230.371,5,mai,93.37013916188361,OK,1991,2020,30,CHIRPS_v2,UCSB-CHG/CHIRPS/DAILY,1991-2020,IBGE_2024
2310704,Pentecoste,CE,1379.836,5,mai,101.02373206132012,OK,1991,2020,30,CHIRPS_v2,UCSB-CHG/CHIRPS/DAILY,1991-2020,IBGE_2024
2300903,Apuiarés,CE,543.98,5,mai,100.18955071124904,OK,1991,2020,30,CHIRPS_v2,UCSB-CHG/CHIRPS/DAILY,1991-2020,IBGE_2024
2305266,Ibaretama,CE,879.253,5,mai,98.8084608152072,OK,1991,2020,30,CHIRPS_v2,UCSB-CHG/CHIRPS/DAILY,1991-2020,IBGE_2024
2305332,Ibicuitinga,CE,423.856,5,mai,92.18893766333329,OK,1991,2020,30,CHIRPS_v2,UCSB-CHG/CHIRPS/DAILY,1991-2020,IBGE_2024
2313005,Solonópole,CE,1535.856,5,mai,109.7841258456342,OK,1991,2020,30,CHIRPS_v2,UCSB-CHG/CHIRPS/DAILY,1991-2020,IBGE_2024
2304269,Deputado Irapuan Pinheiro,CE,471.134,5,mai,107.99492637357338,OK,1991,2020,30,CHIRPS_v2,UCSB-CHG/CHIRPS/DAILY,1991-2020,IBGE_2024
2312700,Senador Pompeu,CE,963.256,5,mai,108.22063268640392,OK,1991,2020,30,CHIRPS_v2,UCSB-CHG/CHIRPS/DAILY,1991-2020,IBGE_2024
2303931,Choró,CE,815.268,5,mai,99.24864710065964,OK,1991,2020,30,CHIRPS_v2,UCSB-CHG/CHIRPS/DAILY,1991-2020,IBGE_2024
2311405,Quixeramobim,CE,3302.144,5,mai,92.94093173569303,OK,1991,2020,30,CHIRPS_v2,UCSB-CHG/CHIRPS/DAILY,1991-2020,IBGE_2024
2311306,Quixadá,CE,2020.587,5,mai,99.2547934374419,OK,1991,2020,30,CHIRPS_v2,UCSB-CHG/CHIRPS/DAILY,1991-2020,IBGE_2024
2310506,Pedra Branca,CE,1328.779,5,mai,81.4627881376169,OK,1991,2020,30,CHIRPS_v2,UCSB-CHG/CHIRPS/DAILY,1991-2020,IBGE_2024
2301851,Banabuiú,CE,1080.983,5,mai,93.21392229346426,OK,1991,2020,30,CHIRPS_v2,UCSB-CHG/CHIRPS/DAILY,1991-2020,IBGE_2024
2308351,Milhã,CE,502.136,5,mai,106.48817383802111,OK,1991,2020,30,CHIRPS_v2,UCSB-CHG/CHIRPS/DAILY,1991-2020,IBGE_2024
2307601,Limoeiro do Norte,CE,794.688,5,mai,79.36963503427823,OK,1991,2020,30,CHIRPS_v2,UCSB-CHG/CHIRPS/DAILY,1991-2020,IBGE_2024
2306801,Jaguaribara,CE,622.963,5,mai,95.29831086335611,OK,1991,2020,30,CHIRPS_v2,UCSB-CHG/CHIRPS/DAILY,1991-2020,IBGE_2024
2306702,Jaguaretama,CE,1826.829,5,mai,93.97395477178797,OK,1991,2020,30,CHIRPS_v2,UCSB-CHG/CHIRPS/DAILY,1991-2020,IBGE_2024
2306900,Jaguaribe,CE,1877.062,5,mai,98.576998558244,OK,1991,2020,30,CHIRPS_v2,UCSB-CHG/CHIRPS/DAILY,1991-2020,IBGE_2024
2306009,Iracema,CE,839.174,5,mai,108.28014696453431,OK,1991,2020,30,CHIRPS_v2,UCSB-CHG/CHIRPS/DAILY,1991-2020,IBGE_2024
2313104,Tabuleiro do Norte,CE,1047.637,5,mai,80.68548367502262,OK,1991,2020,30,CHIRPS_v2,UCSB-CHG/CHIRPS/DAILY,1991-2020,IBGE_2024
2312502,São João do Jaguaribe,CE,279.451,5,mai,84.60445656808831,OK,1991,2020,30,CHIRPS_v2,UCSB-CHG/CHIRPS/DAILY,1991-2020,IBGE_2024
2304277,Ereré,CE,349.034,5,mai,118.91252131749988,OK,1991,2020,30,CHIRPS_v2,UCSB-CHG/CHIRPS/DAILY,1991-2020,IBGE_2024
2311801,Russas,CE,1505.726,5,mai,90.55543622328679,OK,1991,2020,30,CHIRPS_v2,UCSB-CHG/CHIRPS/DAILY,1991-2020,IBGE_2024
2311504,Quixeré,CE,609.438,5,mai,80.84972853530606,OK,1991,2020,30,CHIRPS_v2,UCSB-CHG/CHIRPS/DAILY,1991-2020,IBGE_2024
2310803,Pereiro,CE,449.74,5,mai,112.90397320578303,OK,1991,2020,30,CHIRPS_v2,UCSB-CHG/CHIRPS/DAILY,1991-2020,IBGE_2024
2311231,Potiretama,CE,409.137,5,mai,95.25650570650645,OK,1991,2020,30,CHIRPS_v2,UCSB-CHG/CHIRPS/DAILY,1991-2020,IBGE_2024
2310001,Palhano,CE,436.98,5,mai,90.32694185888602,OK,1991,2020,30,CHIRPS_v2,UCSB-CHG/CHIRPS/DAILY,1991-2020,IBGE_2024
2300705,Alto Santo,CE,1147.209,5,mai,88.71423346526241,OK,1991,2020,30,CHIRPS_v2,UCSB-CHG/CHIRPS/DAILY,1991-2020,IBGE_2024
2308708,Morada Nova,CE,2822.836,5,mai,92.92300687008692,OK,1991,2020,30,CHIRPS_v2,UCSB-CHG/CHIRPS/DAILY,1991-2020,IBGE_2024
2307007,Jaguaruana,CE,854.36,5,mai,81.49494316104295,OK,1991,2020,30,CHIRPS_v2,UCSB-CHG/CHIRPS/DAILY,1991-2020,IBGE_2024
2306207,Itaiçaba,CE,213.604,5,mai,86.57886604972482,OK,1991,2020,30,CHIRPS_v2,UCSB-CHG/CHIRPS/DAILY,1991-2020,IBGE_2024
2305357,Icapuí,CE,421.441,5,mai,88.51022040951646,OK,1991,2020,30,CHIRPS_v2,UCSB-CHG/CHIRPS/DAILY,1991-2020,IBGE_2024
2304459,Fortim,CE,285.024,5,mai,107.45762353568672,OK,1991,2020,30,CHIRPS_v2,UCSB-CHG/CHIRPS/DAILY,1991-2020,IBGE_2024
2301109,Aracati,CE,1227.196,5,mai,91.60864415305718,OK,1991,2020,30,CHIRPS_v2,UCSB-CHG/CHIRPS/DAILY,1991-2020,IBGE_2024
2308500,Mombaça,CE,2105.518,5,mai,93.54346309392123,OK,1991,2020,30,CHIRPS_v2,UCSB-CHG/CHIRPS/DAILY,1991-2020,IBGE_2024
2300309,Acopiara,CE,2254.279,5,mai,93.30757763851463,OK,1991,2020,30,CHIRPS_v2,UCSB-CHG/CHIRPS/DAILY,1991-2020,IBGE_2024
2307403,Jucás,CE,940.336,5,mai,76.58504022438473,OK,1991,2020,30,CHIRPS_v2,UCSB-CHG/CHIRPS/DAILY,1991-2020,IBGE_2024
2305506,Iguatu,CE,977.311,5,mai,93.95314657467233,OK,1991,2020,30,CHIRPS_v2,UCSB-CHG/CHIRPS/DAILY,1991-2020,IBGE_2024
2311900,Saboeiro,CE,1381.274,5,mai,64.48384514540513,OK,1991,2020,30,CHIRPS_v2,UCSB-CHG/CHIRPS/DAILY,1991-2020,IBGE_2024
2303808,Cedro,CE,729.97,5,mai,87.14040421820296,OK,1991,2020,30,CHIRPS_v2,UCSB-CHG/CHIRPS/DAILY,1991-2020,IBGE_2024
2303600,Catarina,CE,488.153,5,mai,71.35365598216627,OK,1991,2020,30,CHIRPS_v2,UCSB-CHG/CHIRPS/DAILY,1991-2020,IBGE_2024
2311355,Quixelô,CE,620.242,5,mai,91.09981698483173,OK,1991,2020,30,CHIRPS_v2,UCSB-CHG/CHIRPS/DAILY,1991-2020,IBGE_2024
2303303,Cariús,CE,1036.417,5,mai,79.19824841413318,OK,1991,2020,30,CHIRPS_v2,UCSB-CHG/CHIRPS/DAILY,1991-2020,IBGE_2024
2310902,Piquet Carneiro,CE,589.601,5,mai,110.49724467072846,OK,1991,2020,30,CHIRPS_v2,UCSB-CHG/CHIRPS/DAILY,1991-2020,IBGE_2024
2305704,Ipaumirim,CE,276.508,5,mai,88.95991446232355,OK,1991,2020,30,CHIRPS_v2,UCSB-CHG/CHIRPS/DAILY,1991-2020,IBGE_2024
2313708,Umari,CE,263.185,5,mai,91.92473593339352,OK,1991,2020,30,CHIRPS_v2,UCSB-CHG/CHIRPS/DAILY,1991-2020,IBGE_2024
2305407,Icó,CE,1865.86,5,mai,92.67131460532408,OK,1991,2020,30,CHIRPS_v2,UCSB-CHG/CHIRPS/DAILY,1991-2020,IBGE_2024
2301802,Baixio,CE,145.556,5,mai,85.99268033497601,OK,1991,2020,30,CHIRPS_v2,UCSB-CHG/CHIRPS/DAILY,1991-2020,IBGE_2024
2309508,Orós,CE,577.526,5,mai,97.59064001053723,OK,1991,2020,30,CHIRPS_v2,UCSB-CHG/CHIRPS/DAILY,1991-2020,IBGE_2024
2307304,Juazeiro do Norte,CE,258.788,5,mai,65.47276933501225,OK,1991,2020,30,CHIRPS_v2,UCSB-CHG/CHIRPS/DAILY,1991-2020,IBGE_2024
2304202,Crato,CE,1138.15,5,mai,76.11530227608242,OK,1991,2020,30,CHIRPS_v2,UCSB-CHG/CHIRPS/DAILY,1991-2020,IBGE_2024
2301901,Barbalha,CE,608.142,5,mai,70.91000129733237,OK,1991,2020,30,CHIRPS_v2,UCSB-CHG/CHIRPS/DAILY,1991-2020,IBGE_2024
2307502,Lavras da Mangabeira,CE,945.263,5,mai,85.11927561022144,OK,1991,2020,30,CHIRPS_v2,UCSB-CHG/CHIRPS/DAILY,1991-2020,IBGE_2024
2307106,Jardim,CE,544.995,5,mai,59.49106238250812,OK,1991,2020,30,CHIRPS_v2,UCSB-CHG/CHIRPS/DAILY,1991-2020,IBGE_2024
2314003,Várzea Alegre,CE,829.977,5,mai,79.54472317943971,OK,1991,2020,30,CHIRPS_v2,UCSB-CHG/CHIRPS/DAILY,1991-2020,IBGE_2024
2304806,Granjeiro,CE,111.528,5,mai,86.82298571806179,OK,1991,2020,30,CHIRPS_v2,UCSB-CHG/CHIRPS/DAILY,1991-2020,IBGE_2024
2313252,Tarrafas,CE,412.719,5,mai,61.73333140672497,OK,1991,2020,30,CHIRPS_v2,UCSB-CHG/CHIRPS/DAILY,1991-2020,IBGE_2024
2304301,Farias Brito,CE,530.54,5,mai,63.23175461902922,OK,1991,2020,30,CHIRPS_v2,UCSB-CHG/CHIRPS/DAILY,1991-2020,IBGE_2024
2311959,Salitre,CE,806.254,5,mai,35.48710011769433,OK,1991,2020,30,CHIRPS_v2,UCSB-CHG/CHIRPS/DAILY,1991-2020,IBGE_2024
2312106,Santana do Cariri,CE,855.159,5,mai,72.10963238426349,OK,1991,2020,30,CHIRPS_v2,UCSB-CHG/CHIRPS/DAILY,1991-2020,IBGE_2024
2303204,Caririaçu,CE,634.179,5,mai,77.18277022160187,OK,1991,2020,30,CHIRPS_v2,UCSB-CHG/CHIRPS/DAILY,1991-2020,IBGE_2024
2302701,Campos Sales,CE,1082.581,5,mai,34.30723419959054,OK,1991,2020,30,CHIRPS_v2,UCSB-CHG/CHIRPS/DAILY,1991-2020,IBGE_2024
2311207,Potengi,CE,343.264,5,mai,47.924209674399485,OK,1991,2020,30,CHIRPS_v2,UCSB-CHG/CHIRPS/DAILY,1991-2020,IBGE_2024
2301703,Aurora,CE,885.87,5,mai,75.32408110792575,OK,1991,2020,30,CHIRPS_v2,UCSB-CHG/CHIRPS/DAILY,1991-2020,IBGE_2024
2301604,Assaré,CE,1155.124,5,mai,55.4985385279036,OK,1991,2020,30,CHIRPS_v2,UCSB-CHG/CHIRPS/DAILY,1991-2020,IBGE_2024
2309201,Nova Olinda,CE,282.584,5,mai,65.01330806420361,OK,1991,2020,30,CHIRPS_v2,UCSB-CHG/CHIRPS/DAILY,1991-2020,IBGE_2024
2301307,Araripe,CE,1097.345,5,mai,50.845408930168475,OK,1991,2020,30,CHIRPS_v2,UCSB-CHG/CHIRPS/DAILY,1991-2020,IBGE_2024
2300606,Altaneira,CE,72.675,5,mai,64.64037771954574,OK,1991,2020,30,CHIRPS_v2,UCSB-CHG/CHIRPS/DAILY,1991-2020,IBGE_2024
2300804,Antonina do Norte,CE,259.706,5,mai,53.101205913837184,OK,1991,2020,30,CHIRPS_v2,UCSB-CHG/CHIRPS/DAILY,1991-2020,IBGE_2024
2308401,Missão Velha,CE,613.317,5,mai,65.25230780749321,OK,1991,2020,30,CHIRPS_v2,UCSB-CHG/CHIRPS/DAILY,1991-2020,IBGE_2024
2300408,Aiuaba,CE,2438.563,5,mai,41.98641560780748,OK,1991,2020,30,CHIRPS_v2,UCSB-CHG/CHIRPS/DAILY,1991-2020,IBGE_2024
2308104,Mauriti,CE,1079.01,5,mai,57.64825961356017,OK,1991,2020,30,CHIRPS_v2,UCSB-CHG/CHIRPS/DAILY,1991-2020,IBGE_2024
2307205,Jati,CE,368.357,5,mai,45.32008504367053,OK,1991,2020,30,CHIRPS_v2,UCSB-CHG/CHIRPS/DAILY,1991-2020,IBGE_2024
2311108,Porteiras,CE,224.86,5,mai,60.3460633331756,OK,1991,2020,30,CHIRPS_v2,UCSB-CHG/CHIRPS/DAILY,1991-2020,IBGE_2024
2310605,Penaforte,CE,150.536,5,mai,41.27764688209233,OK,1991,2020,30,CHIRPS_v2,UCSB-CHG/CHIRPS/DAILY,1991-2020,IBGE_2024
2302503,Brejo Santo,CE,654.658,5,mai,56.795027826200624,OK,1991,2020,30,CHIRPS_v2,UCSB-CHG/CHIRPS/DAILY,1991-2020,IBGE_2024
2302008,Barro,CE,711.346,5,mai,70.99017839094101,OK,1991,2020,30,CHIRPS_v2,UCSB-CHG/CHIRPS/DAILY,1991-2020,IBGE_2024
2308302,Milagres,CE,579.097,5,mai,58.135604661731485,OK,1991,2020,30,CHIRPS_v2,UCSB-CHG/CHIRPS/DAILY,1991-2020,IBGE_2024
2300101,Abaiara,CE,180.833,5,mai,61.62321348491616,OK,1991,2020,30,CHIRPS_v2,UCSB-CHG/CHIRPS/DAILY,1991-2020,IBGE_2024
2305654,Ipaporanga,CE,704.773,5,mai,71.52844888367477,OK,1991,2020,30,CHIRPS_v2,UCSB-CHG/CHIRPS/DAILY,1991-2020,IBGE_2024
2305605,Independência,CE,3237.132,5,mai,50.385389366228516,OK,1991,2020,30,CHIRPS_v2,UCSB-CHG/CHIRPS/DAILY,1991-2020,IBGE_2024
2313203,Tamboril,CE,2011.781,5,mai,61.30811403004009,OK,1991,2020,30,CHIRPS_v2,UCSB-CHG/CHIRPS/DAILY,1991-2020,IBGE_2024
2304103,Crateús,CE,2981.462,5,mai,65.23032428736585,OK,1991,2020,30,CHIRPS_v2,UCSB-CHG/CHIRPS/DAILY,1991-2020,IBGE_2024
2311264,Quiterianópolis,CE,1022.896,5,mai,57.25248544628236,OK,1991,2020,30,CHIRPS_v2,UCSB-CHG/CHIRPS/DAILY,1991-2020,IBGE_2024
2311009,Poranga,CE,1310.768,5,mai,69.81940137224481,OK,1991,2020,30,CHIRPS_v2,UCSB-CHG/CHIRPS/DAILY,1991-2020,IBGE_2024
2309409,Novo Oriente,CE,954.384,5,mai,61.35842766276501,OK,1991,2020,30,CHIRPS_v2,UCSB-CHG/CHIRPS/DAILY,1991-2020,IBGE_2024
2309300,Nova Russas,CE,736.911,5,mai,88.97854908839139,OK,1991,2020,30,CHIRPS_v2,UCSB-CHG/CHIRPS/DAILY,1991-2020,IBGE_2024
2301257,Ararendá,CE,342.302,5,mai,81.40815061297494,OK,1991,2020,30,CHIRPS_v2,UCSB-CHG/CHIRPS/DAILY,1991-2020,IBGE_2024
2308609,Monsenhor Tabosa,CE,892.538,5,mai,73.07131881050134,OK,1991,2020,30,CHIRPS_v2,UCSB-CHG/CHIRPS/DAILY,1991-2020,IBGE_2024
2313302,Tauá,CE,4010.609,5,mai,54.23444440356524,OK,1991,2020,30,CHIRPS_v2,UCSB-CHG/CHIRPS/DAILY,1991-2020,IBGE_2024
2310308,Parambu,CE,2313.868,5,mai,48.9377953499902,OK,1991,2020,30,CHIRPS_v2,UCSB-CHG/CHIRPS/DAILY,1991-2020,IBGE_2024
2301505,Arneiroz,CE,1068.447,5,mai,52.591722256835304,OK,1991,2020,30,CHIRPS_v2,UCSB-CHG/CHIRPS/DAILY,1991-2020,IBGE_2024
2312908,Sobral,CE,2068.474,5,mai,91.76341109546601,OK,1991,2020,30,CHIRPS_v2,UCSB-CHG/CHIRPS/DAILY,1991-2020,IBGE_2024
2304350,Forquilha,CE,568.778,5,mai,99.61299782242963,OK,1991,2020,30,CHIRPS_v2,UCSB-CHG/CHIRPS/DAILY,1991-2020,IBGE_2024
2307908,Martinópole,CE,303.445,5,mai,122.5108617827381,OK,1991,2020,30,CHIRPS_v2,UCSB-CHG/CHIRPS/DAILY,1991-2020,IBGE_2024
2308005,Massapê,CE,567.78,5,mai,128.44523271304888,OK,1991,2020,30,CHIRPS_v2,UCSB-CHG/CHIRPS/DAILY,1991-2020,IBGE_2024
2313955,Varjota,CE,179.239,5,mai,105.72713439772099,OK,1991,2020,30,CHIRPS_v2,UCSB-CHG/CHIRPS/DAILY,1991-2020,IBGE_2024
2313906,Uruoca,CE,697.683,5,mai,122.17507020635625,OK,1991,2020,30,CHIRPS_v2,UCSB-CHG/CHIRPS/DAILY,1991-2020,IBGE_2024
2305209,Hidrolândia,CE,926.592,5,mai,96.61710735057326,OK,1991,2020,30,CHIRPS_v2,UCSB-CHG/CHIRPS/DAILY,1991-2020,IBGE_2024
2312809,Senador Sá,CE,424.642,5,mai,126.80161102873696,OK,1991,2020,30,CHIRPS_v2,UCSB-CHG/CHIRPS/DAILY,1991-2020,IBGE_2024
2304657,Graça,CE,258.943,5,mai,164.82668284475713,OK,1991,2020,30,CHIRPS_v2,UCSB-CHG/CHIRPS/DAILY,1991-2020,IBGE_2024
2304905,Groaíras,CE,155.68,5,mai,107.85106019284228,OK,1991,2020,30,CHIRPS_v2,UCSB-CHG/CHIRPS/DAILY,1991-2020,IBGE_2024
2304509,Frecheirinha,CE,210.284,5,mai,134.03424762650704,OK,1991,2020,30,CHIRPS_v2,UCSB-CHG/CHIRPS/DAILY,1991-2020,IBGE_2024
2303659,Catunda,CE,784.022,5,mai,73.80891462519813,OK,1991,2020,30,CHIRPS_v2,UCSB-CHG/CHIRPS/DAILY,1991-2020,IBGE_2024
2304004,Coreaú,CE,750.333,5,mai,116.97973203829926,OK,1991,2020,30,CHIRPS_v2,UCSB-CHG/CHIRPS/DAILY,1991-2020,IBGE_2024
2312205,Santa Quitéria,CE,4262.293,5,mai,79.99551418434933,OK,1991,2020,30,CHIRPS_v2,UCSB-CHG/CHIRPS/DAILY,1991-2020,IBGE_2024
2312007,Santana do Acaraú,CE,972.551,5,mai,99.79987951169883,OK,1991,2020,30,CHIRPS_v2,UCSB-CHG/CHIRPS/DAILY,1991-2020,IBGE_2024
2303105,Cariré,CE,755.597,5,mai,108.0093684254924,OK,1991,2020,30,CHIRPS_v2,UCSB-CHG/CHIRPS/DAILY,1991-2020,IBGE_2024
2311702,Reriutaba,CE,372.949,5,mai,124.27562531664746,OK,1991,2020,30,CHIRPS_v2,UCSB-CHG/CHIRPS/DAILY,1991-2020,IBGE_2024
2309904,Pacujá,CE,88.355,5,mai,141.6650699745946,OK,1991,2020,30,CHIRPS_v2,UCSB-CHG/CHIRPS/DAILY,1991-2020,IBGE_2024
2308807,Moraújo,CE,414.445,5,mai,122.47351879812764,OK,1991,2020,30,CHIRPS_v2,UCSB-CHG/CHIRPS/DAILY,1991-2020,IBGE_2024
2308906,Morrinhos,CE,411.608,5,mai,108.25009761509128,OK,1991,2020,30,CHIRPS_v2,UCSB-CHG/CHIRPS/DAILY,1991-2020,IBGE_2024
2300507,Alcântaras,CE,135.76,5,mai,116.40337975243902,OK,1991,2020,30,CHIRPS_v2,UCSB-CHG/CHIRPS/DAILY,1991-2020,IBGE_2024
2309003,Mucambo,CE,192.19,5,mai,141.3619654763493,OK,1991,2020,30,CHIRPS_v2,UCSB-CHG/CHIRPS/DAILY,1991-2020,IBGE_2024
2308203,Meruoca,CE,151.651,5,mai,131.18529296547698,OK,1991,2020,30,CHIRPS_v2,UCSB-CHG/CHIRPS/DAILY,1991-2020,IBGE_2024
2305803,Ipu,CE,626.049,5,mai,110.84792493915569,OK,1991,2020,30,CHIRPS_v2,UCSB-CHG/CHIRPS/DAILY,1991-2020,IBGE_2024
2314102,Viçosa do Ceará,CE,1310.91,5,mai,154.4436915436844,OK,1991,2020,30,CHIRPS_v2,UCSB-CHG/CHIRPS/DAILY,1991-2020,IBGE_2024
2305902,Ipueiras,CE,1483.262,5,mai,88.40877845934021,OK,1991,2020,30,CHIRPS_v2,UCSB-CHG/CHIRPS/DAILY,1991-2020,IBGE_2024
2305308,Ibiapina,CE,414.092,5,mai,150.5858750528661,OK,1991,2020,30,CHIRPS_v2,UCSB-CHG/CHIRPS/DAILY,1991-2020,IBGE_2024
2313401,Tianguá,CE,909.853,5,mai,150.9772268026879,OK,1991,2020,30,CHIRPS_v2,UCSB-CHG/CHIRPS/DAILY,1991-2020,IBGE_2024
2313609,Ubajara,CE,423.673,5,mai,154.32911960741072,OK,1991,2020,30,CHIRPS_v2,UCSB-CHG/CHIRPS/DAILY,1991-2020,IBGE_2024
2305001,Guaraciaba do Norte,CE,624.61,5,mai,118.89575445391588,OK,1991,2020,30,CHIRPS_v2,UCSB-CHG/CHIRPS/DAILY,1991-2020,IBGE_2024
2304236,Croatá,CE,696.351,5,mai,91.73431639738357,OK,1991,2020,30,CHIRPS_v2,UCSB-CHG/CHIRPS/DAILY,1991-2020,IBGE_2024
2312304,São Benedito,CE,350.847,5,mai,148.19680833657515,OK,1991,2020,30,CHIRPS_v2,UCSB-CHG/CHIRPS/DAILY,1991-2020,IBGE_2024
2303402,Carnaubal,CE,363.212,5,mai,128.7926757256434,OK,1991,2020,30,CHIRPS_v2,UCSB-CHG/CHIRPS/DAILY,1991-2020,IBGE_2024
2310951,Pires Ferreira,CE,244.464,5,mai,110.08368347541126,OK,1991,2020,30,CHIRPS_v2,UCSB-CHG/CHIRPS/DAILY,1991-2020,IBGE_2024
2307809,Marco,CE,573.611,5,mai,119.70129845841448,OK,1991,2020,30,CHIRPS_v2,UCSB-CHG/CHIRPS/DAILY,1991-2020,IBGE_2024
2307254,Jijoca de Jericoacoara,CE,209.029,5,mai,125.3063428348817,OK,1991,2020,30,CHIRPS_v2,UCSB-CHG/CHIRPS/DAILY,1991-2020,IBGE_2024
2306553,Itarema,CE,714.833,5,mai,130.3358362163358,OK,1991,2020,30,CHIRPS_v2,UCSB-CHG/CHIRPS/DAILY,1991-2020,IBGE_2024
2304251,Cruz,CE,335.921,5,mai,124.52194982348037,OK,1991,2020,30,CHIRPS_v2,UCSB-CHG/CHIRPS/DAILY,1991-2020,IBGE_2024
2302305,Bela Cruz,CE,842.106,5,mai,126.98767227567252,OK,1991,2020,30,CHIRPS_v2,UCSB-CHG/CHIRPS/DAILY,1991-2020,IBGE_2024
2300200,Acaraú,CE,842.469,5,mai,137.23065710136225,OK,1991,2020,30,CHIRPS_v2,UCSB-CHG/CHIRPS/DAILY,1991-2020,IBGE_2024
2304707,Granja,CE,2663.178,5,mai,140.8347385453229,OK,1991,2020,30,CHIRPS_v2,UCSB-CHG/CHIRPS/DAILY,1991-2020,IBGE_2024
2303907,Chaval,CE,237.239,5,mai,144.5339272728165,OK,1991,2020,30,CHIRPS_v2,UCSB-CHG/CHIRPS/DAILY,1991-2020,IBGE_2024
2302602,Camocim,CE,1120.449,5,mai,132.2258013727512,OK,1991,2020,30,CHIRPS_v2,UCSB-CHG/CHIRPS/DAILY,1991-2020,IBGE_2024
2302057,Barroquinha,CE,385.59,5,mai,138.7778480512722,OK,1991,2020,30,CHIRPS_v2,UCSB-CHG/CHIRPS/DAILY,1991-2020,IBGE_2024
2403608,Extremoz,RN,140.639,5,mai,146.10972368752425,OK,1991,2020,30,CHIRPS_v2,UCSB-CHG/CHIRPS/DAILY,1991-2020,IBGE_2024
2412005,São Gonçalo do Amarante,RN,249.8,5,mai,138.18126953528127,OK,1991,2020,30,CHIRPS_v2,UCSB-CHG/CHIRPS/DAILY,1991-2020,IBGE_2024
2403251,Parnamirim,RN,124.006,5,mai,169.22184733697895,OK,1991,2020,30,CHIRPS_v2,UCSB-CHG/CHIRPS/DAILY,1991-2020,IBGE_2024
2408102,Natal,RN,167.401,5,mai,162.5155775543194,OK,1991,2020,30,CHIRPS_v2,UCSB-CHG/CHIRPS/DAILY,1991-2020,IBGE_2024
2407104,Macaíba,RN,510.092,5,mai,127.17671229498572,OK,1991,2020,30,CHIRPS_v2,UCSB-CHG/CHIRPS/DAILY,1991-2020,IBGE_2024
2413904,Taipu,RN,352.818,5,mai,120.11336936122629,OK,1991,2020,30,CHIRPS_v2,UCSB-CHG/CHIRPS/DAILY,1991-2020,IBGE_2024
2413201,Senador Georgino Avelino,RN,26.1,5,mai,206.13325851399162,OK,1991,2020,30,CHIRPS_v2,UCSB-CHG/CHIRPS/DAILY,1991-2020,IBGE_2024
2404606,Ielmo Marinho,RN,312.028,5,mai,109.87215970329373,OK,1991,2020,30,CHIRPS_v2,UCSB-CHG/CHIRPS/DAILY,1991-2020,IBGE_2024
2412203,São José de Mipibu,RN,289.987,5,mai,155.37888302281766,OK,1991,2020,30,CHIRPS_v2,UCSB-CHG/CHIRPS/DAILY,1991-2020,IBGE_2024
2412559,São Miguel do Gostoso,RN,431.445,5,mai,91.86657806161412,OK,1991,2020,30,CHIRPS_v2,UCSB-CHG/CHIRPS/DAILY,1991-2020,IBGE_2024
2402600,Ceará-Mirim,RN,724.838,5,mai,136.4668060168164,OK,1991,2020,30,CHIRPS_v2,UCSB-CHG/CHIRPS/DAILY,1991-2020,IBGE_2024
2410108,Poço Branco,RN,230.401,5,mai,94.63155007547721,OK,1991,2020,30,CHIRPS_v2,UCSB-CHG/CHIRPS/DAILY,1991-2020,IBGE_2024
2410405,Pureza,RN,504.294,5,mai,113.14125164302966,OK,1991,2020,30,CHIRPS_v2,UCSB-CHG/CHIRPS/DAILY,1991-2020,IBGE_2024
2401602,Bento Fernandes,RN,301.069,5,mai,81.57802950721384,OK,1991,2020,30,CHIRPS_v2,UCSB-CHG/CHIRPS/DAILY,1991-2020,IBGE_2024
2401800,Brejinho,RN,61.559,5,mai,119.37827488699078,OK,1991,2020,30,CHIRPS_v2,UCSB-CHG/CHIRPS/DAILY,1991-2020,IBGE_2024
2401701,Bom Jesus,RN,122.035,5,mai,92.62112752993117,OK,1991,2020,30,CHIRPS_v2,UCSB-CHG/CHIRPS/DAILY,1991-2020,IBGE_2024
2408953,Rio do Fogo,RN,151.097,5,mai,122.6095986974182,OK,1991,2020,30,CHIRPS_v2,UCSB-CHG/CHIRPS/DAILY,1991-2020,IBGE_2024
2408201,Nísia Floresta,RN,307.719,5,mai,194.43162181102625,OK,1991,2020,30,CHIRPS_v2,UCSB-CHG/CHIRPS/DAILY,1991-2020,IBGE_2024
2407500,Maxaranguape,RN,132.129,5,mai,133.28858413742444,OK,1991,2020,30,CHIRPS_v2,UCSB-CHG/CHIRPS/DAILY,1991-2020,IBGE_2024
2407807,Monte Alegre,RN,211.259,5,mai,125.79410893851883,OK,1991,2020,30,CHIRPS_v2,UCSB-CHG/CHIRPS/DAILY,1991-2020,IBGE_2024
2414803,Vera Cruz,RN,84.127,5,mai,119.35401545930564,OK,1991,2020,30,CHIRPS_v2,UCSB-CHG/CHIRPS/DAILY,1991-2020,IBGE_2024
2406601,Lagoa Salgada,RN,79.128,5,mai,115.0787097740728,OK,1991,2020,30,CHIRPS_v2,UCSB-CHG/CHIRPS/DAILY,1991-2020,IBGE_2024
2406155,Jundiá,RN,44.641,5,mai,126.51066006093973,OK,1991,2020,30,CHIRPS_v2,UCSB-CHG/CHIRPS/DAILY,1991-2020,IBGE_2024
2414407,Touros,RN,753.961,5,mai,108.08643849247274,OK,1991,2020,30,CHIRPS_v2,UCSB-CHG/CHIRPS/DAILY,1991-2020,IBGE_2024
2413300,Serra de São Bento,RN,96.585,5,mai,90.3020393297101,OK,1991,2020,30,CHIRPS_v2,UCSB-CHG/CHIRPS/DAILY,1991-2020,IBGE_2024
2413508,Serrinha,RN,193.351,5,mai,90.49715036411845,OK,1991,2020,30,CHIRPS_v2,UCSB-CHG/CHIRPS/DAILY,1991-2020,IBGE_2024
2405306,Januário Cicco,RN,167.042,5,mai,94.14963559947257,OK,1991,2020,30,CHIRPS_v2,UCSB-CHG/CHIRPS/DAILY,1991-2020,IBGE_2024
2412302,São José do Campestre,RN,341.115,5,mai,77.60488911744088,OK,1991,2020,30,CHIRPS_v2,UCSB-CHG/CHIRPS/DAILY,1991-2020,IBGE_2024
2411502,Santo Antônio,RN,301.082,5,mai,100.42578709433685,OK,1991,2020,30,CHIRPS_v2,UCSB-CHG/CHIRPS/DAILY,1991-2020,IBGE_2024
2410306,Serra Caiada,RN,230.036,5,mai,81.30314866242466,OK,1991,2020,30,CHIRPS_v2,UCSB-CHG/CHIRPS/DAILY,1991-2020,IBGE_2024
2409209,Passagem,RN,41.215,5,mai,111.6182028800454,OK,1991,2020,30,CHIRPS_v2,UCSB-CHG/CHIRPS/DAILY,1991-2020,IBGE_2024
2409100,Passa e Fica,RN,44.105,5,mai,95.4110226764238,OK,1991,2020,30,CHIRPS_v2,UCSB-CHG/CHIRPS/DAILY,1991-2020,IBGE_2024
2408300,Nova Cruz,RN,277.319,5,mai,98.77535234608929,OK,1991,2020,30,CHIRPS_v2,UCSB-CHG/CHIRPS/DAILY,1991-2020,IBGE_2024
2407906,Monte das Gameleiras,RN,71.946,5,mai,83.7134609866877,OK,1991,2020,30,CHIRPS_v2,UCSB-CHG/CHIRPS/DAILY,1991-2020,IBGE_2024
2414704,Várzea,RN,72.684,5,mai,95.8515119969383,OK,1991,2020,30,CHIRPS_v2,UCSB-CHG/CHIRPS/DAILY,1991-2020,IBGE_2024
2406205,Lagoa d'Anta,RN,104.065,5,mai,91.02021756969188,OK,1991,2020,30,CHIRPS_v2,UCSB-CHG/CHIRPS/DAILY,1991-2020,IBGE_2024
2406304,Lagoa de Pedras,RN,117.971,5,mai,115.45113572656403,OK,1991,2020,30,CHIRPS_v2,UCSB-CHG/CHIRPS/DAILY,1991-2020,IBGE_2024
2404200,Goianinha,RN,192.279,5,mai,149.23428971857453,OK,1991,2020,30,CHIRPS_v2,UCSB-CHG/CHIRPS/DAILY,1991-2020,IBGE_2024
2403509,Espírito Santo,RN,135.837,5,mai,123.42863733272904,OK,1991,2020,30,CHIRPS_v2,UCSB-CHG/CHIRPS/DAILY,1991-2020,IBGE_2024
2402204,Canguaretama,RN,245.485,5,mai,150.2113083845763,OK,1991,2020,30,CHIRPS_v2,UCSB-CHG/CHIRPS/DAILY,1991-2020,IBGE_2024
2401404,Baía Formosa,RN,247.484,5,mai,186.28567766791366,OK,1991,2020,30,CHIRPS_v2,UCSB-CHG/CHIRPS/DAILY,1991-2020,IBGE_2024
2409803,Pedro Velho,RN,192.708,5,mai,128.7348599019726,OK,1991,2020,30,CHIRPS_v2,UCSB-CHG/CHIRPS/DAILY,1991-2020,IBGE_2024
2401206,Arez,RN,115.407,5,mai,172.99238277954385,OK,1991,2020,30,CHIRPS_v2,UCSB-CHG/CHIRPS/DAILY,1991-2020,IBGE_2024
2407708,Montanhas,RN,82.214,5,mai,123.10370565532578,OK,1991,2020,30,CHIRPS_v2,UCSB-CHG/CHIRPS/DAILY,1991-2020,IBGE_2024
2415008,Vila Flor,RN,47.656,5,mai,189.15007203196362,OK,1991,2020,30,CHIRPS_v2,UCSB-CHG/CHIRPS/DAILY,1991-2020,IBGE_2024
2414209,Tibau do Sul,RN,102.68,5,mai,185.3886145465465,OK,1991,2020,30,CHIRPS_v2,UCSB-CHG/CHIRPS/DAILY,1991-2020,IBGE_2024
2414001,Tangará,RN,339.484,5,mai,70.81684383177908,OK,1991,2020,30,CHIRPS_v2,UCSB-CHG/CHIRPS/DAILY,1991-2020,IBGE_2024
2405009,Jaçanã,RN,54.56,5,mai,57.5691687578676,OK,1991,2020,30,CHIRPS_v2,UCSB-CHG/CHIRPS/DAILY,1991-2020,IBGE_2024
2405405,Japi,RN,188.99,5,mai,76.13393711059155,OK,1991,2020,30,CHIRPS_v2,UCSB-CHG/CHIRPS/DAILY,1991-2020,IBGE_2024
2411700,São Bento do Trairí,RN,190.818,5,mai,79.5426746288948,OK,1991,2020,30,CHIRPS_v2,UCSB-CHG/CHIRPS/DAILY,1991-2020,IBGE_2024
2411205,Santa Cruz,RN,624.356,5,mai,59.968731011665945,OK,1991,2020,30,CHIRPS_v2,UCSB-CHG/CHIRPS/DAILY,1991-2020,IBGE_2024
2402808,Coronel Ezequiel,RN,185.748,5,mai,58.47377376929149,OK,1991,2020,30,CHIRPS_v2,UCSB-CHG/CHIRPS/DAILY,1991-2020,IBGE_2024
2402105,Campo Redondo,RN,213.727,5,mai,58.91799277581539,OK,1991,2020,30,CHIRPS_v2,UCSB-CHG/CHIRPS/DAILY,1991-2020,IBGE_2024
2406809,Lajes Pintadas,RN,130.211,5,mai,66.14063283325873,OK,1991,2020,30,CHIRPS_v2,UCSB-CHG/CHIRPS/DAILY,1991-2020,IBGE_2024
2413706,Sítio Novo,RN,213.456,5,mai,65.27087351058934,OK,1991,2020,30,CHIRPS_v2,UCSB-CHG/CHIRPS/DAILY,1991-2020,IBGE_2024
2405801,João Câmara,RN,714.971,5,mai,71.55868997361976,OK,1991,2020,30,CHIRPS_v2,UCSB-CHG/CHIRPS/DAILY,1991-2020,IBGE_2024
2405108,Jandaíra,RN,442.754,5,mai,60.37861205961746,OK,1991,2020,30,CHIRPS_v2,UCSB-CHG/CHIRPS/DAILY,1991-2020,IBGE_2024
2404101,Galinhos,RN,340.769,5,mai,61.796417450056126,OK,1991,2020,30,CHIRPS_v2,UCSB-CHG/CHIRPS/DAILY,1991-2020,IBGE_2024
2411601,São Bento do Norte,RN,288.761,5,mai,75.36587422964425,OK,1991,2020,30,CHIRPS_v2,UCSB-CHG/CHIRPS/DAILY,1991-2020,IBGE_2024
2409704,Pedro Avelino,RN,952.754,5,mai,52.432341954308605,OK,1991,2020,30,CHIRPS_v2,UCSB-CHG/CHIRPS/DAILY,1991-2020,IBGE_2024
2409605,Pedra Preta,RN,294.985,5,mai,58.40358183530016,OK,1991,2020,30,CHIRPS_v2,UCSB-CHG/CHIRPS/DAILY,1991-2020,IBGE_2024
2401859,Caiçara do Norte,RN,225.633,5,mai,66.98897511581579,OK,1991,2020,30,CHIRPS_v2,UCSB-CHG/CHIRPS/DAILY,1991-2020,IBGE_2024
2409506,Pedra Grande,RN,221.167,5,mai,75.76516422614388,OK,1991,2020,30,CHIRPS_v2,UCSB-CHG/CHIRPS/DAILY,1991-2020,IBGE_2024
2408805,Parazinho,RN,231.007,5,mai,70.58895122443415,OK,1991,2020,30,CHIRPS_v2,UCSB-CHG/CHIRPS/DAILY,1991-2020,IBGE_2024
2405504,Jardim de Angicos,RN,254.012,5,mai,66.01396000341995,OK,1991,2020,30,CHIRPS_v2,UCSB-CHG/CHIRPS/DAILY,1991-2020,IBGE_2024
2412708,São Pedro,RN,195.237,5,mai,83.80600137286977,OK,1991,2020,30,CHIRPS_v2,UCSB-CHG/CHIRPS/DAILY,1991-2020,IBGE_2024
2413102,Senador Elói de Souza,RN,143.574,5,mai,79.6070935371554,OK,1991,2020,30,CHIRPS_v2,UCSB-CHG/CHIRPS/DAILY,1991-2020,IBGE_2024
2412906,São Tomé,RN,862.585,5,mai,61.468987190454285,OK,1991,2020,30,CHIRPS_v2,UCSB-CHG/CHIRPS/DAILY,1991-2020,IBGE_2024
2412609,São Paulo do Potengi,RN,240.425,5,mai,74.55686172658595,OK,1991,2020,30,CHIRPS_v2,UCSB-CHG/CHIRPS/DAILY,1991-2020,IBGE_2024
2411106,Ruy Barbosa,RN,125.816,5,mai,66.9589043312488,OK,1991,2020,30,CHIRPS_v2,UCSB-CHG/CHIRPS/DAILY,1991-2020,IBGE_2024
2410900,Riachuelo,RN,262.88,5,mai,72.60352272604737,OK,1991,2020,30,CHIRPS_v2,UCSB-CHG/CHIRPS/DAILY,1991-2020,IBGE_2024
2401909,Caiçara do Rio do Vento,RN,261.194,5,mai,71.45045456425187,OK,1991,2020,30,CHIRPS_v2,UCSB-CHG/CHIRPS/DAILY,1991-2020,IBGE_2024
2401503,Barcelona,RN,152.626,5,mai,60.30420612152973,OK,1991,2020,30,CHIRPS_v2,UCSB-CHG/CHIRPS/DAILY,1991-2020,IBGE_2024
2409332,Santa Maria,RN,219.57,5,mai,76.77628745325165,OK,1991,2020,30,CHIRPS_v2,UCSB-CHG/CHIRPS/DAILY,1991-2020,IBGE_2024
2406403,Lagoa de Velhos,RN,111.607,5,mai,74.51688600706643,OK,1991,2020,30,CHIRPS_v2,UCSB-CHG/CHIRPS/DAILY,1991-2020,IBGE_2024
2413409,Serra Negra do Norte,RN,562.396,5,mai,97.11617518925506,OK,1991,2020,30,CHIRPS_v2,UCSB-CHG/CHIRPS/DAILY,1991-2020,IBGE_2024
2404804,Ipueira,RN,127.348,5,mai,71.77731101915954,OK,1991,2020,30,CHIRPS_v2,UCSB-CHG/CHIRPS/DAILY,1991-2020,IBGE_2024
2412104,São João do Sabugi,RN,277.011,5,mai,76.95555244171578,OK,1991,2020,30,CHIRPS_v2,UCSB-CHG/CHIRPS/DAILY,1991-2020,IBGE_2024
2412401,São José do Seridó,RN,174.505,5,mai,68.11935245041052,OK,1991,2020,30,CHIRPS_v2,UCSB-CHG/CHIRPS/DAILY,1991-2020,IBGE_2024
2411809,São Fernando,RN,404.427,5,mai,70.56800365305985,OK,1991,2020,30,CHIRPS_v2,UCSB-CHG/CHIRPS/DAILY,1991-2020,IBGE_2024
2403400,Equador,RN,264.985,5,mai,65.3258419375661,OK,1991,2020,30,CHIRPS_v2,UCSB-CHG/CHIRPS/DAILY,1991-2020,IBGE_2024
2403004,Cruzeta,RN,295.83,5,mai,64.91443853645349,OK,1991,2020,30,CHIRPS_v2,UCSB-CHG/CHIRPS/DAILY,1991-2020,IBGE_2024
2411429,Santana do Seridó,RN,188.403,5,mai,67.66762706153925,OK,1991,2020,30,CHIRPS_v2,UCSB-CHG/CHIRPS/DAILY,1991-2020,IBGE_2024
2402006,Caicó,RN,1228.583,5,mai,67.94676633331301,OK,1991,2020,30,CHIRPS_v2,UCSB-CHG/CHIRPS/DAILY,1991-2020,IBGE_2024
2408904,Parelhas,RN,513.507,5,mai,63.561452485096275,OK,1991,2020,30,CHIRPS_v2,UCSB-CHG/CHIRPS/DAILY,1991-2020,IBGE_2024
2408508,Ouro Branco,RN,253.21,5,mai,66.50316033668587,OK,1991,2020,30,CHIRPS_v2,UCSB-CHG/CHIRPS/DAILY,1991-2020,IBGE_2024
2414308,Timbaúba dos Batistas,RN,135.456,5,mai,80.08868094422363,OK,1991,2020,30,CHIRPS_v2,UCSB-CHG/CHIRPS/DAILY,1991-2020,IBGE_2024
2406106,Jucurutu,RN,933.73,5,mai,81.49521296604303,OK,1991,2020,30,CHIRPS_v2,UCSB-CHG/CHIRPS/DAILY,1991-2020,IBGE_2024
2405603,Jardim de Piranhas,RN,330.53,5,mai,78.67422764422358,OK,1991,2020,30,CHIRPS_v2,UCSB-CHG/CHIRPS/DAILY,1991-2020,IBGE_2024
2405702,Jardim do Seridó,RN,367.645,5,mai,62.67953884532916,OK,1991,2020,30,CHIRPS_v2,UCSB-CHG/CHIRPS/DAILY,1991-2020,IBGE_2024
2413003,São Vicente,RN,197.817,5,mai,58.567033958208064,OK,1991,2020,30,CHIRPS_v2,UCSB-CHG/CHIRPS/DAILY,1991-2020,IBGE_2024
2403806,Florânia,RN,507.892,5,mai,73.87823098737474,OK,1991,2020,30,CHIRPS_v2,UCSB-CHG/CHIRPS/DAILY,1991-2020,IBGE_2024
2403103,Currais Novos,RN,864.349,5,mai,49.87001772180103,OK,1991,2020,30,CHIRPS_v2,UCSB-CHG/CHIRPS/DAILY,1991-2020,IBGE_2024
2402402,Carnaúba dos Dantas,RN,246.308,5,mai,52.012907371914984,OK,1991,2020,30,CHIRPS_v2,UCSB-CHG/CHIRPS/DAILY,1991-2020,IBGE_2024
2402709,Cerro Corá,RN,393.573,5,mai,62.026271902029734,OK,1991,2020,30,CHIRPS_v2,UCSB-CHG/CHIRPS/DAILY,1991-2020,IBGE_2024
2401651,Bodó,RN,253.519,5,mai,58.26899119920801,OK,1991,2020,30,CHIRPS_v2,UCSB-CHG/CHIRPS/DAILY,1991-2020,IBGE_2024
2400109,Acari,RN,608.466,5,mai,58.02544513754758,OK,1991,2020,30,CHIRPS_v2,UCSB-CHG/CHIRPS/DAILY,1991-2020,IBGE_2024
2406502,Lagoa Nova,RN,176.302,5,mai,62.45938003715079,OK,1991,2020,30,CHIRPS_v2,UCSB-CHG/CHIRPS/DAILY,1991-2020,IBGE_2024
2414159,Tenente Laurentino Cruz,RN,68.556,5,mai,65.85606199695133,OK,1991,2020,30,CHIRPS_v2,UCSB-CHG/CHIRPS/DAILY,1991-2020,IBGE_2024
2408003,Mossoró,RN,2099.334,5,mai,85.1678173822666,OK,1991,2020,30,CHIRPS_v2,UCSB-CHG/CHIRPS/DAILY,1991-2020,IBGE_2024
2413359,Serra do Mel,RN,620.241,5,mai,67.30645258988488,OK,1991,2020,30,CHIRPS_v2,UCSB-CHG/CHIRPS/DAILY,1991-2020,IBGE_2024
2413607,Severiano Melo,RN,157.85,5,mai,84.31938950448402,OK,1991,2020,30,CHIRPS_v2,UCSB-CHG/CHIRPS/DAILY,1991-2020,IBGE_2024
2405207,Janduís,RN,303.448,5,mai,82.90787037939783,OK,1991,2020,30,CHIRPS_v2,UCSB-CHG/CHIRPS/DAILY,1991-2020,IBGE_2024
2404903,Itaú,RN,133.031,5,mai,86.16366760167547,OK,1991,2020,30,CHIRPS_v2,UCSB-CHG/CHIRPS/DAILY,1991-2020,IBGE_2024
2404309,Governador Dix-Sept Rosado,RN,1109.36,5,mai,83.39651482525807,OK,1991,2020,30,CHIRPS_v2,UCSB-CHG/CHIRPS/DAILY,1991-2020,IBGE_2024
2404408,Grossos,RN,124.538,5,mai,75.62644177761639,OK,1991,2020,30,CHIRPS_v2,UCSB-CHG/CHIRPS/DAILY,1991-2020,IBGE_2024
2403707,Felipe Guerra,RN,292.177,5,mai,79.16772496516144,OK,1991,2020,30,CHIRPS_v2,UCSB-CHG/CHIRPS/DAILY,1991-2020,IBGE_2024
2411007,Rodolfo Fernandes,RN,154.84,5,mai,101.89631596275224,OK,1991,2020,30,CHIRPS_v2,UCSB-CHG/CHIRPS/DAILY,1991-2020,IBGE_2024
2411056,Tibau,RN,169.366,5,mai,71.45268492444279,OK,1991,2020,30,CHIRPS_v2,UCSB-CHG/CHIRPS/DAILY,1991-2020,IBGE_2024
2402303,Caraúbas,RN,1094.488,5,mai,82.6070935872551,OK,1991,2020,30,CHIRPS_v2,UCSB-CHG/CHIRPS/DAILY,1991-2020,IBGE_2024
2401453,Baraúna,RN,825.681,5,mai,82.78371770852782,OK,1991,2020,30,CHIRPS_v2,UCSB-CHG/CHIRPS/DAILY,1991-2020,IBGE_2024
2401008,Apodi,RN,1569.146,5,mai,85.17169473701452,OK,1991,2020,30,CHIRPS_v2,UCSB-CHG/CHIRPS/DAILY,1991-2020,IBGE_2024
2401305,Campo Grande,RN,890.89,5,mai,88.40924619355296,OK,1991,2020,30,CHIRPS_v2,UCSB-CHG/CHIRPS/DAILY,1991-2020,IBGE_2024
2401107,Areia Branca,RN,342.749,5,mai,65.90389854925942,OK,1991,2020,30,CHIRPS_v2,UCSB-CHG/CHIRPS/DAILY,1991-2020,IBGE_2024
2407609,Messias Targino,RN,142.607,5,mai,81.47892702451993,OK,1991,2020,30,CHIRPS_v2,UCSB-CHG/CHIRPS/DAILY,1991-2020,IBGE_2024
2414605,Upanema,RN,873.14,5,mai,89.20078897112802,OK,1991,2020,30,CHIRPS_v2,UCSB-CHG/CHIRPS/DAILY,1991-2020,IBGE_2024
2414100,Tenente Ananias,RN,223.671,5,mai,103.78857836113522,OK,1991,2020,30,CHIRPS_v2,UCSB-CHG/CHIRPS/DAILY,1991-2020,IBGE_2024
2405900,João Dias,RN,88.173,5,mai,114.64722788641473,OK,1991,2020,30,CHIRPS_v2,UCSB-CHG/CHIRPS/DAILY,1991-2020,IBGE_2024
2413557,Serrinha dos Pintos,RN,122.375,5,mai,98.97043944978448,OK,1991,2020,30,CHIRPS_v2,UCSB-CHG/CHIRPS/DAILY,1991-2020,IBGE_2024
2404002,Frutuoso Gomes,RN,63.279,5,mai,108.95170754794597,OK,1991,2020,30,CHIRPS_v2,UCSB-CHG/CHIRPS/DAILY,1991-2020,IBGE_2024
2412500,São Miguel,RN,166.233,5,mai,106.57625149253768,OK,1991,2020,30,CHIRPS_v2,UCSB-CHG/CHIRPS/DAILY,1991-2020,IBGE_2024
2403905,Francisco Dantas,RN,181.558,5,mai,99.99683263425919,OK,1991,2020,30,CHIRPS_v2,UCSB-CHG/CHIRPS/DAILY,1991-2020,IBGE_2024
2411908,São Francisco do Oeste,RN,75.588,5,mai,106.83643428719864,OK,1991,2020,30,CHIRPS_v2,UCSB-CHG/CHIRPS/DAILY,1991-2020,IBGE_2024
2402907,Coronel João Pessoa,RN,117.139,5,mai,108.38712220899059,OK,1991,2020,30,CHIRPS_v2,UCSB-CHG/CHIRPS/DAILY,1991-2020,IBGE_2024
2403301,Encanto,RN,125.749,5,mai,118.3855310831919,OK,1991,2020,30,CHIRPS_v2,UCSB-CHG/CHIRPS/DAILY,1991-2020,IBGE_2024
2403202,Doutor Severiano,RN,113.737,5,mai,118.69837536348503,OK,1991,2020,30,CHIRPS_v2,UCSB-CHG/CHIRPS/DAILY,1991-2020,IBGE_2024
2410702,Riacho da Cruz,RN,127.223,5,mai,106.71879018066339,OK,1991,2020,30,CHIRPS_v2,UCSB-CHG/CHIRPS/DAILY,1991-2020,IBGE_2024
2410801,Riacho de Santana,RN,128.106,5,mai,112.77199943278895,OK,1991,2020,30,CHIRPS_v2,UCSB-CHG/CHIRPS/DAILY,1991-2020,IBGE_2024
2410603,Rafael Godeiro,RN,100.073,5,mai,94.50899413508321,OK,1991,2020,30,CHIRPS_v2,UCSB-CHG/CHIRPS/DAILY,1991-2020,IBGE_2024
2410207,Portalegre,RN,110.054,5,mai,106.84407719197684,OK,1991,2020,30,CHIRPS_v2,UCSB-CHG/CHIRPS/DAILY,1991-2020,IBGE_2024
2410504,Rafael Fernandes,RN,78.231,5,mai,111.81013232972977,OK,1991,2020,30,CHIRPS_v2,UCSB-CHG/CHIRPS/DAILY,1991-2020,IBGE_2024
2410009,Pilões,RN,82.69,5,mai,105.35084665659757,OK,1991,2020,30,CHIRPS_v2,UCSB-CHG/CHIRPS/DAILY,1991-2020,IBGE_2024
2400901,Antônio Martins,RN,244.897,5,mai,104.16769963777416,OK,1991,2020,30,CHIRPS_v2,UCSB-CHG/CHIRPS/DAILY,1991-2020,IBGE_2024
2409308,Patu,RN,319.136,5,mai,93.97183894804498,OK,1991,2020,30,CHIRPS_v2,UCSB-CHG/CHIRPS/DAILY,1991-2020,IBGE_2024
2409407,Pau dos Ferros,RN,259.959,5,mai,104.99562917833101,OK,1991,2020,30,CHIRPS_v2,UCSB-CHG/CHIRPS/DAILY,1991-2020,IBGE_2024
2400505,Alexandria,RN,381.205,5,mai,107.49715845833619,OK,1991,2020,30,CHIRPS_v2,UCSB-CHG/CHIRPS/DAILY,1991-2020,IBGE_2024
2408607,Paraná,RN,81.39,5,mai,103.00935356564348,OK,1991,2020,30,CHIRPS_v2,UCSB-CHG/CHIRPS/DAILY,1991-2020,IBGE_2024
2400406,Água Nova,RN,50.684,5,mai,116.45730730397361,OK,1991,2020,30,CHIRPS_v2,UCSB-CHG/CHIRPS/DAILY,1991-2020,IBGE_2024
2400604,Almino Afonso,RN,128.038,5,mai,109.26247892455406,OK,1991,2020,30,CHIRPS_v2,UCSB-CHG/CHIRPS/DAILY,1991-2020,IBGE_2024
2408409,Olho d'Água do Borges,RN,136.393,5,mai,84.90840975892844,OK,1991,2020,30,CHIRPS_v2,UCSB-CHG/CHIRPS/DAILY,1991-2020,IBGE_2024
2407005,Luís Gomes,RN,166.638,5,mai,111.17310604880738,OK,1991,2020,30,CHIRPS_v2,UCSB-CHG/CHIRPS/DAILY,1991-2020,IBGE_2024
2407401,Martins,RN,169.464,5,mai,116.83033980152663,OK,1991,2020,30,CHIRPS_v2,UCSB-CHG/CHIRPS/DAILY,1991-2020,IBGE_2024
2407302,Marcelino Vieira,RN,345.711,5,mai,110.70973237986905,OK,1991,2020,30,CHIRPS_v2,UCSB-CHG/CHIRPS/DAILY,1991-2020,IBGE_2024
2407252,Major Sales,RN,31.971,5,mai,110.25237688619741,OK,1991,2020,30,CHIRPS_v2,UCSB-CHG/CHIRPS/DAILY,1991-2020,IBGE_2024
2414902,Viçosa,RN,37.905,5,mai,121.04550629794957,OK,1991,2020,30,CHIRPS_v2,UCSB-CHG/CHIRPS/DAILY,1991-2020,IBGE_2024
2414753,Venha-Ver,RN,71.621,5,mai,107.22059579441527,OK,1991,2020,30,CHIRPS_v2,UCSB-CHG/CHIRPS/DAILY,1991-2020,IBGE_2024
2406908,Lucrécia,RN,30.931,5,mai,111.38633686877566,OK,1991,2020,30,CHIRPS_v2,UCSB-CHG/CHIRPS/DAILY,1991-2020,IBGE_2024
2406007,José da Penha,RN,117.635,5,mai,111.17060505454008,OK,1991,2020,30,CHIRPS_v2,UCSB-CHG/CHIRPS/DAILY,1991-2020,IBGE_2024
2414506,Umarizal,RN,249.61,5,mai,100.62327516833795,OK,1991,2020,30,CHIRPS_v2,UCSB-CHG/CHIRPS/DAILY,1991-2020,IBGE_2024
2413805,Taboleiro Grande,RN,124.093,5,mai,108.74183597870656,OK,1991,2020,30,CHIRPS_v2,UCSB-CHG/CHIRPS/DAILY,1991-2020,IBGE_2024
2412807,São Rafael,RN,469.101,5,mai,90.01398645178134,OK,1991,2020,30,CHIRPS_v2,UCSB-CHG/CHIRPS/DAILY,1991-2020,IBGE_2024
2404507,Guamaré,RN,258.307,5,mai,56.29393446206564,OK,1991,2020,30,CHIRPS_v2,UCSB-CHG/CHIRPS/DAILY,1991-2020,IBGE_2024
2404853,Itajá,RN,203.624,5,mai,84.83443250045524,OK,1991,2020,30,CHIRPS_v2,UCSB-CHG/CHIRPS/DAILY,1991-2020,IBGE_2024
2404705,Ipanguaçu,RN,374.245,5,mai,80.72617555595195,OK,1991,2020,30,CHIRPS_v2,UCSB-CHG/CHIRPS/DAILY,1991-2020,IBGE_2024
2403756,Fernando Pedroza,RN,322.628,5,mai,45.93989446003044,OK,1991,2020,30,CHIRPS_v2,UCSB-CHG/CHIRPS/DAILY,1991-2020,IBGE_2024
2411403,Santana do Matos,RN,1422.268,5,mai,70.57459352502286,OK,1991,2020,30,CHIRPS_v2,UCSB-CHG/CHIRPS/DAILY,1991-2020,IBGE_2024
2402501,Carnaubais,RN,517.737,5,mai,70.02608676407714,OK,1991,2020,30,CHIRPS_v2,UCSB-CHG/CHIRPS/DAILY,1991-2020,IBGE_2024
2410256,Porto do Mangue,RN,361.237,5,mai,62.64003717604903,OK,1991,2020,30,CHIRPS_v2,UCSB-CHG/CHIRPS/DAILY,1991-2020,IBGE_2024
2409902,Pendências,RN,419.137,5,mai,65.86613895612031,OK,1991,2020,30,CHIRPS_v2,UCSB-CHG/CHIRPS/DAILY,1991-2020,IBGE_2024
2408706,Paraú,RN,383.214,5,mai,87.72104608181972,OK,1991,2020,30,CHIRPS_v2,UCSB-CHG/CHIRPS/DAILY,1991-2020,IBGE_2024
2400802,Angicos,RN,741.582,5,mai,53.653802209446674,OK,1991,2020,30,CHIRPS_v2,UCSB-CHG/CHIRPS/DAILY,1991-2020,IBGE_2024
2400703,Alto do Rodrigues,RN,191.334,5,mai,66.53467885725638,OK,1991,2020,30,CHIRPS_v2,UCSB-CHG/CHIRPS/DAILY,1991-2020,IBGE_2024
2400208,Assú,RN,1303.442,5,mai,74.70175748992932,OK,1991,2020,30,CHIRPS_v2,UCSB-CHG/CHIRPS/DAILY,1991-2020,IBGE_2024
2400307,Afonso Bezerra,RN,576.179,5,mai,62.087700353277675,OK,1991,2020,30,CHIRPS_v2,UCSB-CHG/CHIRPS/DAILY,1991-2020,IBGE_2024
2407203,Macau,RN,775.302,5,mai,62.067751837504844,OK,1991,2020,30,CHIRPS_v2,UCSB-CHG/CHIRPS/DAILY,1991-2020,IBGE_2024
2406700,Lajes,RN,676.627,5,mai,46.75059352831627,OK,1991,2020,30,CHIRPS_v2,UCSB-CHG/CHIRPS/DAILY,1991-2020,IBGE_2024
2414456,Triunfo Potiguar,RN,268.725,5,mai,98.54536590371339,OK,1991,2020,30,CHIRPS_v2,UCSB-CHG/CHIRPS/DAILY,1991-2020,IBGE_2024
2503209,Cabedelo,PB,29.873,5,mai,283.26993484652763,OK,1991,2020,30,CHIRPS_v2,UCSB-CHG/CHIRPS/DAILY,1991-2020,IBGE_2024
2501807,Bayeux,PB,27.705,5,mai,204.05809670230354,OK,1991,2020,30,CHIRPS_v2,UCSB-CHG/CHIRPS/DAILY,1991-2020,IBGE_2024
2508604,Lucena,PB,93.8,5,mai,215.00990015988037,OK,1991,2020,30,CHIRPS_v2,UCSB-CHG/CHIRPS/DAILY,1991-2020,IBGE_2024
2507507,João Pessoa,PB,210.044,5,mai,253.61301486217553,OK,1991,2020,30,CHIRPS_v2,UCSB-CHG/CHIRPS/DAILY,1991-2020,IBGE_2024
2513703,Santa Rita,PB,718.576,5,mai,202.4255203239223,OK,1991,2020,30,CHIRPS_v2,UCSB-CHG/CHIRPS/DAILY,1991-2020,IBGE_2024
2504603,Conde,PB,171.267,5,mai,299.24867307420067,OK,1991,2020,30,CHIRPS_v2,UCSB-CHG/CHIRPS/DAILY,1991-2020,IBGE_2024
2511509,Pilar,PB,103.306,5,mai,114.55622238609222,OK,1991,2020,30,CHIRPS_v2,UCSB-CHG/CHIRPS/DAILY,1991-2020,IBGE_2024
2511905,Pitimbu,PB,135.801,5,mai,345.01556402702164,OK,1991,2020,30,CHIRPS_v2,UCSB-CHG/CHIRPS/DAILY,1991-2020,IBGE_2024
2511202,Pedras de Fogo,PB,406.729,5,mai,178.6898824321377,OK,1991,2020,30,CHIRPS_v2,UCSB-CHG/CHIRPS/DAILY,1991-2020,IBGE_2024
2503001,Caaporã,PB,151.018,5,mai,309.3158963629259,OK,1991,2020,30,CHIRPS_v2,UCSB-CHG/CHIRPS/DAILY,1991-2020,IBGE_2024
2509107,Mari,PB,155.265,5,mai,131.82415476643737,OK,1991,2020,30,CHIRPS_v2,UCSB-CHG/CHIRPS/DAILY,1991-2020,IBGE_2024
2500601,Alhandra,PB,183.974,5,mai,241.10108371566824,OK,1991,2020,30,CHIRPS_v2,UCSB-CHG/CHIRPS/DAILY,1991-2020,IBGE_2024
2507903,Juripiranga,PB,78.706,5,mai,152.32086074940509,OK,1991,2020,30,CHIRPS_v2,UCSB-CHG/CHIRPS/DAILY,1991-2020,IBGE_2024
2515971,Sobrado,PB,61.953,5,mai,129.39712305075216,OK,1991,2020,30,CHIRPS_v2,UCSB-CHG/CHIRPS/DAILY,1991-2020,IBGE_2024
2507606,Juarez Távora,PB,75.678,5,mai,102.53070924480755,OK,1991,2020,30,CHIRPS_v2,UCSB-CHG/CHIRPS/DAILY,1991-2020,IBGE_2024
2515302,Sapé,PB,313.678,5,mai,134.9654928296333,OK,1991,2020,30,CHIRPS_v2,UCSB-CHG/CHIRPS/DAILY,1991-2020,IBGE_2024
2506400,Gurinhém,PB,340.408,5,mai,109.98065437138702,OK,1991,2020,30,CHIRPS_v2,UCSB-CHG/CHIRPS/DAILY,1991-2020,IBGE_2024
2515005,São Miguel de Taipu,PB,92.413,5,mai,129.0795851820491,OK,1991,2020,30,CHIRPS_v2,UCSB-CHG/CHIRPS/DAILY,1991-2020,IBGE_2024
2504900,Cruz do Espírito Santo,PB,192.512,5,mai,149.78194523048444,OK,1991,2020,30,CHIRPS_v2,UCSB-CHG/CHIRPS/DAILY,1991-2020,IBGE_2024
2505238,Cuité de Mamanguape,PB,107.68,5,mai,136.10983762130854,OK,1991,2020,30,CHIRPS_v2,UCSB-CHG/CHIRPS/DAILY,1991-2020,IBGE_2024
2512762,Riachão do Poço,PB,40.46,5,mai,127.06268044165711,OK,1991,2020,30,CHIRPS_v2,UCSB-CHG/CHIRPS/DAILY,1991-2020,IBGE_2024
2503803,Caldas Brandão,PB,55.963,5,mai,124.94795494889638,OK,1991,2020,30,CHIRPS_v2,UCSB-CHG/CHIRPS/DAILY,1991-2020,IBGE_2024
2511608,Pilões,PB,65.574,5,mai,168.40226583329462,OK,1991,2020,30,CHIRPS_v2,UCSB-CHG/CHIRPS/DAILY,1991-2020,IBGE_2024
2511707,Pilõezinhos,PB,40.908,5,mai,174.8388427935613,OK,1991,2020,30,CHIRPS_v2,UCSB-CHG/CHIRPS/DAILY,1991-2020,IBGE_2024
2503506,Cacimba de Dentro,PB,165.072,5,mai,82.95058246442274,OK,1991,2020,30,CHIRPS_v2,UCSB-CHG/CHIRPS/DAILY,1991-2020,IBGE_2024
2511806,Pirpirituba,PB,80.672,5,mai,174.9598157054307,OK,1991,2020,30,CHIRPS_v2,UCSB-CHG/CHIRPS/DAILY,1991-2020,IBGE_2024
2503605,Caiçara,PB,123.677,5,mai,120.14536401778798,OK,1991,2020,30,CHIRPS_v2,UCSB-CHG/CHIRPS/DAILY,1991-2020,IBGE_2024
2502706,Borborema,PB,26.107,5,mai,150.83430029670944,OK,1991,2020,30,CHIRPS_v2,UCSB-CHG/CHIRPS/DAILY,1991-2020,IBGE_2024
2501906,Belém,PB,99.609,5,mai,158.2780556814213,OK,1991,2020,30,CHIRPS_v2,UCSB-CHG/CHIRPS/DAILY,1991-2020,IBGE_2024
2509800,Mulungu,PB,187.259,5,mai,123.10696196894371,OK,1991,2020,30,CHIRPS_v2,UCSB-CHG/CHIRPS/DAILY,1991-2020,IBGE_2024
2501500,Bananeiras,PB,255.641,5,mai,135.02725497443464,OK,1991,2020,30,CHIRPS_v2,UCSB-CHG/CHIRPS/DAILY,1991-2020,IBGE_2024
2500809,Araçagi,PB,232.177,5,mai,143.7760240526142,OK,1991,2020,30,CHIRPS_v2,UCSB-CHG/CHIRPS/DAILY,1991-2020,IBGE_2024
2500908,Arara,PB,91.306,5,mai,112.46766603776193,OK,1991,2020,30,CHIRPS_v2,UCSB-CHG/CHIRPS/DAILY,1991-2020,IBGE_2024
2501005,Araruna,PB,246.717,5,mai,89.8589291581873,OK,1991,2020,30,CHIRPS_v2,UCSB-CHG/CHIRPS/DAILY,1991-2020,IBGE_2024
2508554,Logradouro,PB,42.876,5,mai,98.58756297209862,OK,1991,2020,30,CHIRPS_v2,UCSB-CHG/CHIRPS/DAILY,1991-2020,IBGE_2024
2500502,Alagoinha,PB,111.361,5,mai,147.36369635055627,OK,1991,2020,30,CHIRPS_v2,UCSB-CHG/CHIRPS/DAILY,1991-2020,IBGE_2024
2516409,Tacima,PB,245.237,5,mai,103.53340902904914,OK,1991,2020,30,CHIRPS_v2,UCSB-CHG/CHIRPS/DAILY,1991-2020,IBGE_2024
2508208,Lagoa de Dentro,PB,83.508,5,mai,143.23869442290882,OK,1991,2020,30,CHIRPS_v2,UCSB-CHG/CHIRPS/DAILY,1991-2020,IBGE_2024
2515609,Serra da Raiz,PB,31.679,5,mai,149.84052006488218,OK,1991,2020,30,CHIRPS_v2,UCSB-CHG/CHIRPS/DAILY,1991-2020,IBGE_2024
2515930,Sertãozinho,PB,32.455,5,mai,150.18852118953967,OK,1991,2020,30,CHIRPS_v2,UCSB-CHG/CHIRPS/DAILY,1991-2020,IBGE_2024
2516003,Solânea,PB,233.043,5,mai,92.60593759774878,OK,1991,2020,30,CHIRPS_v2,UCSB-CHG/CHIRPS/DAILY,1991-2020,IBGE_2024
2515906,Serraria,PB,65.062,5,mai,138.8590645044199,OK,1991,2020,30,CHIRPS_v2,UCSB-CHG/CHIRPS/DAILY,1991-2020,IBGE_2024
2505808,Duas Estradas,PB,27.012,5,mai,147.0047603606123,OK,1991,2020,30,CHIRPS_v2,UCSB-CHG/CHIRPS/DAILY,1991-2020,IBGE_2024
2506301,Guarabira,PB,162.387,5,mai,155.87909847716224,OK,1991,2020,30,CHIRPS_v2,UCSB-CHG/CHIRPS/DAILY,1991-2020,IBGE_2024
2505709,Dona Inês,PB,173.648,5,mai,97.20391430516781,OK,1991,2020,30,CHIRPS_v2,UCSB-CHG/CHIRPS/DAILY,1991-2020,IBGE_2024
2505204,Cuitegi,PB,42.091,5,mai,171.02898964204493,OK,1991,2020,30,CHIRPS_v2,UCSB-CHG/CHIRPS/DAILY,1991-2020,IBGE_2024
2512747,Riachão,PB,85.291,5,mai,98.48748813891208,OK,1991,2020,30,CHIRPS_v2,UCSB-CHG/CHIRPS/DAILY,1991-2020,IBGE_2024
2504157,Casserengue,PB,202.761,5,mai,73.62653718796247,OK,1991,2020,30,CHIRPS_v2,UCSB-CHG/CHIRPS/DAILY,1991-2020,IBGE_2024
2504033,Capim,PB,79.876,5,mai,153.72660406716284,OK,1991,2020,30,CHIRPS_v2,UCSB-CHG/CHIRPS/DAILY,1991-2020,IBGE_2024
2501401,Baía da Traição,PB,102.756,5,mai,215.8860459607165,OK,1991,2020,30,CHIRPS_v2,UCSB-CHG/CHIRPS/DAILY,1991-2020,IBGE_2024
2509057,Marcação,PB,122.665,5,mai,211.26498838677819,OK,1991,2020,30,CHIRPS_v2,UCSB-CHG/CHIRPS/DAILY,1991-2020,IBGE_2024
2508901,Mamanguape,PB,337.434,5,mai,174.89989412308472,OK,1991,2020,30,CHIRPS_v2,UCSB-CHG/CHIRPS/DAILY,1991-2020,IBGE_2024
2509305,Mataraca,PB,182.439,5,mai,191.3320672883678,OK,1991,2020,30,CHIRPS_v2,UCSB-CHG/CHIRPS/DAILY,1991-2020,IBGE_2024
2507309,Jacaraú,PB,256.845,5,mai,143.1352942009249,OK,1991,2020,30,CHIRPS_v2,UCSB-CHG/CHIRPS/DAILY,1991-2020,IBGE_2024
2507101,Itapororoca,PB,145.807,5,mai,155.79602099669668,OK,1991,2020,30,CHIRPS_v2,UCSB-CHG/CHIRPS/DAILY,1991-2020,IBGE_2024
2505279,Curral de Cima,PB,86.428,5,mai,156.50215366641626,OK,1991,2020,30,CHIRPS_v2,UCSB-CHG/CHIRPS/DAILY,1991-2020,IBGE_2024
2512903,Rio Tinto,PB,465.24,5,mai,203.46529571517848,OK,1991,2020,30,CHIRPS_v2,UCSB-CHG/CHIRPS/DAILY,1991-2020,IBGE_2024
2512721,Pedro Régis,PB,74.216,5,mai,145.95446037387168,OK,1991,2020,30,CHIRPS_v2,UCSB-CHG/CHIRPS/DAILY,1991-2020,IBGE_2024
2509909,Natuba,PB,202.173,5,mai,119.72168055506783,OK,1991,2020,30,CHIRPS_v2,UCSB-CHG/CHIRPS/DAILY,1991-2020,IBGE_2024
2509404,Mogeiro,PB,214.093,5,mai,93.10194667846723,OK,1991,2020,30,CHIRPS_v2,UCSB-CHG/CHIRPS/DAILY,1991-2020,IBGE_2024
2506905,Itabaiana,PB,210.572,5,mai,114.94090830068178,OK,1991,2020,30,CHIRPS_v2,UCSB-CHG/CHIRPS/DAILY,1991-2020,IBGE_2024
2514453,São José dos Ramos,PB,100.642,5,mai,104.65642849265306,OK,1991,2020,30,CHIRPS_v2,UCSB-CHG/CHIRPS/DAILY,1991-2020,IBGE_2024
2513109,Salgado de São Félix,PB,204.079,5,mai,115.41397877227347,OK,1991,2020,30,CHIRPS_v2,UCSB-CHG/CHIRPS/DAILY,1991-2020,IBGE_2024
2504009,Campina Grande,PB,591.656,5,mai,73.48017515690059,OK,1991,2020,30,CHIRPS_v2,UCSB-CHG/CHIRPS/DAILY,1991-2020,IBGE_2024
2509206,Massaranduba,PB,209.402,5,mai,102.92049148750479,OK,1991,2020,30,CHIRPS_v2,UCSB-CHG/CHIRPS/DAILY,1991-2020,IBGE_2024
2508307,Lagoa Seca,PB,108.219,5,mai,78.81125325988862,OK,1991,2020,30,CHIRPS_v2,UCSB-CHG/CHIRPS/DAILY,1991-2020,IBGE_2024
2512507,Queimadas,PB,402.748,5,mai,69.35004539631102,OK,1991,2020,30,CHIRPS_v2,UCSB-CHG/CHIRPS/DAILY,1991-2020,IBGE_2024
2512408,Puxinanã,PB,71.118,5,mai,61.56406390543583,OK,1991,2020,30,CHIRPS_v2,UCSB-CHG/CHIRPS/DAILY,1991-2020,IBGE_2024
2504074,Caraúbas,PB,486.623,5,mai,29.854256473670738,OK,1991,2020,30,CHIRPS_v2,UCSB-CHG/CHIRPS/DAILY,1991-2020,IBGE_2024
2503100,Cabaceiras,PB,469.171,5,mai,48.24609622550568,OK,1991,2020,30,CHIRPS_v2,UCSB-CHG/CHIRPS/DAILY,1991-2020,IBGE_2024
2510501,Olivedos,PB,314.625,5,mai,52.99570308593336,OK,1991,2020,30,CHIRPS_v2,UCSB-CHG/CHIRPS/DAILY,1991-2020,IBGE_2024
2502508,Boqueirão,PB,373.077,5,mai,59.83016490370242,OK,1991,2020,30,CHIRPS_v2,UCSB-CHG/CHIRPS/DAILY,1991-2020,IBGE_2024
2501708,Barra de São Miguel,PB,609.695,5,mai,47.13559543684027,OK,1991,2020,30,CHIRPS_v2,UCSB-CHG/CHIRPS/DAILY,1991-2020,IBGE_2024
2502151,Boa Vista,PB,468.933,5,mai,54.66750986600996,OK,1991,2020,30,CHIRPS_v2,UCSB-CHG/CHIRPS/DAILY,1991-2020,IBGE_2024
2501351,Assunção,PB,132.139,5,mai,45.53564207860451,OK,1991,2020,30,CHIRPS_v2,UCSB-CHG/CHIRPS/DAILY,1991-2020,IBGE_2024
2501203,Areial,PB,35.81,5,mai,68.69910049904693,OK,1991,2020,30,CHIRPS_v2,UCSB-CHG/CHIRPS/DAILY,1991-2020,IBGE_2024
2509503,Montadas,PB,31.793,5,mai,64.94759402574425,OK,1991,2020,30,CHIRPS_v2,UCSB-CHG/CHIRPS/DAILY,1991-2020,IBGE_2024
2501302,Aroeiras,PB,376.118,5,mai,91.81781703466912,OK,1991,2020,30,CHIRPS_v2,UCSB-CHG/CHIRPS/DAILY,1991-2020,IBGE_2024
2501575,Barra de Santana,PB,375.177,5,mai,69.65563400383729,OK,1991,2020,30,CHIRPS_v2,UCSB-CHG/CHIRPS/DAILY,1991-2020,IBGE_2024
2501104,Areia,PB,269.13,5,mai,148.61527411756904,OK,1991,2020,30,CHIRPS_v2,UCSB-CHG/CHIRPS/DAILY,1991-2020,IBGE_2024
2509339,Matinhas,PB,36.522,5,mai,121.18638231215856,OK,1991,2020,30,CHIRPS_v2,UCSB-CHG/CHIRPS/DAILY,1991-2020,IBGE_2024
2500304,Alagoa Grande,PB,322.071,5,mai,122.88014606768671,OK,1991,2020,30,CHIRPS_v2,UCSB-CHG/CHIRPS/DAILY,1991-2020,IBGE_2024
2516755,Tenório,PB,87.452,5,mai,53.64669748289261,OK,1991,2020,30,CHIRPS_v2,UCSB-CHG/CHIRPS/DAILY,1991-2020,IBGE_2024
2500403,Alagoa Nova,PB,128.23,5,mai,134.11468857386748,OK,1991,2020,30,CHIRPS_v2,UCSB-CHG/CHIRPS/DAILY,1991-2020,IBGE_2024
2500577,Algodão de Jandaíra,PB,222.74,5,mai,64.18906663156251,OK,1991,2020,30,CHIRPS_v2,UCSB-CHG/CHIRPS/DAILY,1991-2020,IBGE_2024
2517001,Umbuzeiro,PB,185.578,5,mai,92.13085557942075,OK,1991,2020,30,CHIRPS_v2,UCSB-CHG/CHIRPS/DAILY,1991-2020,IBGE_2024
2500536,Alcantil,PB,309.896,5,mai,69.45255840528452,OK,1991,2020,30,CHIRPS_v2,UCSB-CHG/CHIRPS/DAILY,1991-2020,IBGE_2024
2516102,Soledade,PB,578.178,5,mai,39.19997916488223,OK,1991,2020,30,CHIRPS_v2,UCSB-CHG/CHIRPS/DAILY,1991-2020,IBGE_2024
2516508,Taperoá,PB,628.365,5,mai,45.857754882897794,OK,1991,2020,30,CHIRPS_v2,UCSB-CHG/CHIRPS/DAILY,1991-2020,IBGE_2024
2507804,Junco do Seridó,PB,180.425,5,mai,66.41097033382349,OK,1991,2020,30,CHIRPS_v2,UCSB-CHG/CHIRPS/DAILY,1991-2020,IBGE_2024
2515807,Serra Redonda,PB,55.197,5,mai,110.70744933342229,OK,1991,2020,30,CHIRPS_v2,UCSB-CHG/CHIRPS/DAILY,1991-2020,IBGE_2024
2507705,Juazeirinho,PB,474.606,5,mai,46.970257753496774,OK,1991,2020,30,CHIRPS_v2,UCSB-CHG/CHIRPS/DAILY,1991-2020,IBGE_2024
2515104,São Sebastião de Lagoa de Roça,PB,46.372,5,mai,91.93440210454654,OK,1991,2020,30,CHIRPS_v2,UCSB-CHG/CHIRPS/DAILY,1991-2020,IBGE_2024
2515401,São Vicente do Seridó,PB,262.751,5,mai,46.732745396742224,OK,1991,2020,30,CHIRPS_v2,UCSB-CHG/CHIRPS/DAILY,1991-2020,IBGE_2024
2507200,Itatuba,PB,251.75,5,mai,92.19388270674058,OK,1991,2020,30,CHIRPS_v2,UCSB-CHG/CHIRPS/DAILY,1991-2020,IBGE_2024
2506509,Gurjão,PB,344.502,5,mai,35.861002690850285,OK,1991,2020,30,CHIRPS_v2,UCSB-CHG/CHIRPS/DAILY,1991-2020,IBGE_2024
2506806,Ingá,PB,262.179,5,mai,97.19629135016197,OK,1991,2020,30,CHIRPS_v2,UCSB-CHG/CHIRPS/DAILY,1991-2020,IBGE_2024
2506004,Esperança,PB,157.851,5,mai,80.73591072617045,OK,1991,2020,30,CHIRPS_v2,UCSB-CHG/CHIRPS/DAILY,1991-2020,IBGE_2024
2514008,São João do Cariri,PB,612.963,5,mai,37.64015931187462,OK,1991,2020,30,CHIRPS_v2,UCSB-CHG/CHIRPS/DAILY,1991-2020,IBGE_2024
2506251,Gado Bravo,PB,192.42,5,mai,78.31864634842441,OK,1991,2020,30,CHIRPS_v2,UCSB-CHG/CHIRPS/DAILY,1991-2020,IBGE_2024
2506103,Fagundes,PB,185.061,5,mai,90.56287635136957,OK,1991,2020,30,CHIRPS_v2,UCSB-CHG/CHIRPS/DAILY,1991-2020,IBGE_2024
2513943,São Domingos do Cariri,PB,233.835,5,mai,37.99976212492726,OK,1991,2020,30,CHIRPS_v2,UCSB-CHG/CHIRPS/DAILY,1991-2020,IBGE_2024
2513851,Santo André,PB,197.791,5,mai,44.116693486787916,OK,1991,2020,30,CHIRPS_v2,UCSB-CHG/CHIRPS/DAILY,1991-2020,IBGE_2024
2513158,Santa Cecília,PB,217.577,5,mai,70.94738681638717,OK,1991,2020,30,CHIRPS_v2,UCSB-CHG/CHIRPS/DAILY,1991-2020,IBGE_2024
2505006,Cubati,PB,163.57,5,mai,46.52661357440305,OK,1991,2020,30,CHIRPS_v2,UCSB-CHG/CHIRPS/DAILY,1991-2020,IBGE_2024
2512705,Remígio,PB,183.459,5,mai,86.83046309734918,OK,1991,2020,30,CHIRPS_v2,UCSB-CHG/CHIRPS/DAILY,1991-2020,IBGE_2024
2504355,Caturité,PB,117.825,5,mai,63.52510571264691,OK,1991,2020,30,CHIRPS_v2,UCSB-CHG/CHIRPS/DAILY,1991-2020,IBGE_2024
2512754,Riachão do Bacamarte,PB,40.281,5,mai,99.43682326115858,OK,1991,2020,30,CHIRPS_v2,UCSB-CHG/CHIRPS/DAILY,1991-2020,IBGE_2024
2512788,Riacho de Santo Antônio,PB,93.654,5,mai,52.98277825043685,OK,1991,2020,30,CHIRPS_v2,UCSB-CHG/CHIRPS/DAILY,1991-2020,IBGE_2024
2512002,Pocinhos,PB,623.967,5,mai,51.86578253426997,OK,1991,2020,30,CHIRPS_v2,UCSB-CHG/CHIRPS/DAILY,1991-2020,IBGE_2024
2511103,Pedra Lavrada,PB,335.615,5,mai,48.93772691108412,OK,1991,2020,30,CHIRPS_v2,UCSB-CHG/CHIRPS/DAILY,1991-2020,IBGE_2024
2511400,Picuí,PB,667.714,5,mai,42.666825069502906,OK,1991,2020,30,CHIRPS_v2,UCSB-CHG/CHIRPS/DAILY,1991-2020,IBGE_2024
2510105,Nova Floresta,PB,47.572,5,mai,49.27606938202354,OK,1991,2020,30,CHIRPS_v2,UCSB-CHG/CHIRPS/DAILY,1991-2020,IBGE_2024
2510303,Nova Palmeira,PB,314.748,5,mai,49.90074461331353,OK,1991,2020,30,CHIRPS_v2,UCSB-CHG/CHIRPS/DAILY,1991-2020,IBGE_2024
2501609,Barra de Santa Rosa,PB,781.187,5,mai,57.67607120452952,OK,1991,2020,30,CHIRPS_v2,UCSB-CHG/CHIRPS/DAILY,1991-2020,IBGE_2024
2501534,Baraúna,PB,50.03,5,mai,48.312633031560225,OK,1991,2020,30,CHIRPS_v2,UCSB-CHG/CHIRPS/DAILY,1991-2020,IBGE_2024
2516151,Sossêgo,PB,147.264,5,mai,51.71737965847397,OK,1991,2020,30,CHIRPS_v2,UCSB-CHG/CHIRPS/DAILY,1991-2020,IBGE_2024
2506202,Frei Martinho,PB,238.658,5,mai,47.49033642896027,OK,1991,2020,30,CHIRPS_v2,UCSB-CHG/CHIRPS/DAILY,1991-2020,IBGE_2024
2505352,Damião,PB,186.198,5,mai,63.324397674446345,OK,1991,2020,30,CHIRPS_v2,UCSB-CHG/CHIRPS/DAILY,1991-2020,IBGE_2024
2505105,Cuité,PB,733.818,5,mai,60.14567378837678,OK,1991,2020,30,CHIRPS_v2,UCSB-CHG/CHIRPS/DAILY,1991-2020,IBGE_2024
2512200,Prata,PB,201.788,5,mai,60.81873827836889,OK,1991,2020,30,CHIRPS_v2,UCSB-CHG/CHIRPS/DAILY,1991-2020,IBGE_2024
2510600,Ouro Velho,PB,128.11,5,mai,63.321533684760986,OK,1991,2020,30,CHIRPS_v2,UCSB-CHG/CHIRPS/DAILY,1991-2020,IBGE_2024
2509701,Monteiro,PB,992.62,5,mai,68.09426527868357,OK,1991,2020,30,CHIRPS_v2,UCSB-CHG/CHIRPS/DAILY,1991-2020,IBGE_2024
2517407,Zabelê,PB,106.811,5,mai,78.23691685158012,OK,1991,2020,30,CHIRPS_v2,UCSB-CHG/CHIRPS/DAILY,1991-2020,IBGE_2024
2515203,São Sebastião do Umbuzeiro,PB,464.327,5,mai,82.06174391238811,OK,1991,2020,30,CHIRPS_v2,UCSB-CHG/CHIRPS/DAILY,1991-2020,IBGE_2024
2514107,São João do Tigre,PB,812.617,5,mai,73.00082061084599,OK,1991,2020,30,CHIRPS_v2,UCSB-CHG/CHIRPS/DAILY,1991-2020,IBGE_2024
2503902,Camalaú,PB,541.841,5,mai,49.058275377598804,OK,1991,2020,30,CHIRPS_v2,UCSB-CHG/CHIRPS/DAILY,1991-2020,IBGE_2024
2510659,Parari,PB,207.814,5,mai,35.818142837005404,OK,1991,2020,30,CHIRPS_v2,UCSB-CHG/CHIRPS/DAILY,1991-2020,IBGE_2024
2500734,Amparo,PB,122.094,5,mai,63.79598896844052,OK,1991,2020,30,CHIRPS_v2,UCSB-CHG/CHIRPS/DAILY,1991-2020,IBGE_2024
2508505,Livramento,PB,266.948,5,mai,57.382103059368106,OK,1991,2020,30,CHIRPS_v2,UCSB-CHG/CHIRPS/DAILY,1991-2020,IBGE_2024
2516300,Sumé,PB,833.315,5,mai,57.369995406270675,OK,1991,2020,30,CHIRPS_v2,UCSB-CHG/CHIRPS/DAILY,1991-2020,IBGE_2024
2515500,Serra Branca,PB,698.105,5,mai,43.94710416231923,OK,1991,2020,30,CHIRPS_v2,UCSB-CHG/CHIRPS/DAILY,1991-2020,IBGE_2024
2514800,São José dos Cordeiros,PB,376.661,5,mai,63.86475497934474,OK,1991,2020,30,CHIRPS_v2,UCSB-CHG/CHIRPS/DAILY,1991-2020,IBGE_2024
2504850,Coxixola,PB,173.942,5,mai,32.622697827895315,OK,1991,2020,30,CHIRPS_v2,UCSB-CHG/CHIRPS/DAILY,1991-2020,IBGE_2024
2504702,Congo,PB,324.686,5,mai,29.245248569894283,OK,1991,2020,30,CHIRPS_v2,UCSB-CHG/CHIRPS/DAILY,1991-2020,IBGE_2024
2510808,Patos,PB,472.892,5,mai,73.21740093689452,OK,1991,2020,30,CHIRPS_v2,UCSB-CHG/CHIRPS/DAILY,1991-2020,IBGE_2024
2512606,Quixaba,PB,147.158,5,mai,52.801077112301876,OK,1991,2020,30,CHIRPS_v2,UCSB-CHG/CHIRPS/DAILY,1991-2020,IBGE_2024
2503407,Cacimba de Areia,PB,213.019,5,mai,69.05835783973559,OK,1991,2020,30,CHIRPS_v2,UCSB-CHG/CHIRPS/DAILY,1991-2020,IBGE_2024
2503555,Cacimbas,PB,124.068,5,mai,55.239456922000734,OK,1991,2020,30,CHIRPS_v2,UCSB-CHG/CHIRPS/DAILY,1991-2020,IBGE_2024
2510709,Passagem,PB,123.422,5,mai,52.41306724900019,OK,1991,2020,30,CHIRPS_v2,UCSB-CHG/CHIRPS/DAILY,1991-2020,IBGE_2024
2510402,Olho d'Água,PB,580.47,5,mai,85.53387811635262,OK,1991,2020,30,CHIRPS_v2,UCSB-CHG/CHIRPS/DAILY,1991-2020,IBGE_2024
2509396,Maturéia,PB,83.053,5,mai,81.71176132226455,OK,1991,2020,30,CHIRPS_v2,UCSB-CHG/CHIRPS/DAILY,1991-2020,IBGE_2024
2517100,Várzea,PB,191.282,5,mai,64.52300481675036,OK,1991,2020,30,CHIRPS_v2,UCSB-CHG/CHIRPS/DAILY,1991-2020,IBGE_2024
2501153,Areia de Baraúnas,PB,114.078,5,mai,53.52727783080145,OK,1991,2020,30,CHIRPS_v2,UCSB-CHG/CHIRPS/DAILY,1991-2020,IBGE_2024
2516706,Teixeira,PB,155.452,5,mai,79.38752621880418,OK,1991,2020,30,CHIRPS_v2,UCSB-CHG/CHIRPS/DAILY,1991-2020,IBGE_2024
2508802,Malta,PB,172.01,5,mai,87.30195107543277,OK,1991,2020,30,CHIRPS_v2,UCSB-CHG/CHIRPS/DAILY,1991-2020,IBGE_2024
2508703,Mãe d'Água,PB,228.676,5,mai,85.44309905258025,OK,1991,2020,30,CHIRPS_v2,UCSB-CHG/CHIRPS/DAILY,1991-2020,IBGE_2024
2500106,Água Branca,PB,241.662,5,mai,85.39554020787985,OK,1991,2020,30,CHIRPS_v2,UCSB-CHG/CHIRPS/DAILY,1991-2020,IBGE_2024
2514701,São José do Sabugi,PB,213.555,5,mai,66.23879311887275,OK,1991,2020,30,CHIRPS_v2,UCSB-CHG/CHIRPS/DAILY,1991-2020,IBGE_2024
2514602,São José do Bonfim,PB,153.629,5,mai,84.07338997661736,OK,1991,2020,30,CHIRPS_v2,UCSB-CHG/CHIRPS/DAILY,1991-2020,IBGE_2024
2514909,São Mamede,PB,533.446,5,mai,59.08145949629396,OK,1991,2020,30,CHIRPS_v2,UCSB-CHG/CHIRPS/DAILY,1991-2020,IBGE_2024
2506707,Imaculada,PB,317.804,5,mai,81.68550043617638,OK,1991,2020,30,CHIRPS_v2,UCSB-CHG/CHIRPS/DAILY,1991-2020,IBGE_2024
2505907,Emas,PB,248.226,5,mai,84.6762056996786,OK,1991,2020,30,CHIRPS_v2,UCSB-CHG/CHIRPS/DAILY,1991-2020,IBGE_2024
2514404,São José de Espinharas,PB,726.757,5,mai,81.84562604595067,OK,1991,2020,30,CHIRPS_v2,UCSB-CHG/CHIRPS/DAILY,1991-2020,IBGE_2024
2505501,Vista Serrana,PB,60.39,5,mai,86.16727269626854,OK,1991,2020,30,CHIRPS_v2,UCSB-CHG/CHIRPS/DAILY,1991-2020,IBGE_2024
2505402,Desterro,PB,182.018,5,mai,62.697294795470526,OK,1991,2020,30,CHIRPS_v2,UCSB-CHG/CHIRPS/DAILY,1991-2020,IBGE_2024
2513802,Santa Teresinha,PB,359.442,5,mai,90.34721750995679,OK,1991,2020,30,CHIRPS_v2,UCSB-CHG/CHIRPS/DAILY,1991-2020,IBGE_2024
2513000,Salgadinho,PB,179.005,5,mai,54.200939449196675,OK,1991,2020,30,CHIRPS_v2,UCSB-CHG/CHIRPS/DAILY,1991-2020,IBGE_2024
2504801,Coremas,PB,372.012,5,mai,87.74970630103016,OK,1991,2020,30,CHIRPS_v2,UCSB-CHG/CHIRPS/DAILY,1991-2020,IBGE_2024
2513406,Santa Luzia,PB,440.766,5,mai,61.883329664360794,OK,1991,2020,30,CHIRPS_v2,UCSB-CHG/CHIRPS/DAILY,1991-2020,IBGE_2024
2504207,Catingueira,PB,527.424,5,mai,99.6810080845601,OK,1991,2020,30,CHIRPS_v2,UCSB-CHG/CHIRPS/DAILY,1991-2020,IBGE_2024
2511004,Pedra Branca,PB,116.873,5,mai,74.97236611914579,OK,1991,2020,30,CHIRPS_v2,UCSB-CHG/CHIRPS/DAILY,1991-2020,IBGE_2024
2511301,Piancó,PB,576.986,5,mai,86.37168704109779,OK,1991,2020,30,CHIRPS_v2,UCSB-CHG/CHIRPS/DAILY,1991-2020,IBGE_2024
2502607,Igaracy,PB,197.058,5,mai,80.97844263188794,OK,1991,2020,30,CHIRPS_v2,UCSB-CHG/CHIRPS/DAILY,1991-2020,IBGE_2024
2502102,Boa Ventura,PB,168.664,5,mai,72.49128056692378,OK,1991,2020,30,CHIRPS_v2,UCSB-CHG/CHIRPS/DAILY,1991-2020,IBGE_2024
2510204,Nova Olinda,PB,81.516,5,mai,80.3534159467455,OK,1991,2020,30,CHIRPS_v2,UCSB-CHG/CHIRPS/DAILY,1991-2020,IBGE_2024
2500205,Aguiar,PB,351.607,5,mai,77.2039316931704,OK,1991,2020,30,CHIRPS_v2,UCSB-CHG/CHIRPS/DAILY,1991-2020,IBGE_2024
2507002,Itaporanga,PB,460.21,5,mai,77.67030601083096,OK,1991,2020,30,CHIRPS_v2,UCSB-CHG/CHIRPS/DAILY,1991-2020,IBGE_2024
2506608,Ibiara,PB,240.357,5,mai,64.35910189344492,OK,1991,2020,30,CHIRPS_v2,UCSB-CHG/CHIRPS/DAILY,1991-2020,IBGE_2024
2514305,São José de Caiana,PB,183.273,5,mai,82.29392681242358,OK,1991,2020,30,CHIRPS_v2,UCSB-CHG/CHIRPS/DAILY,1991-2020,IBGE_2024
2513505,Santana de Mangueira,PB,405.164,5,mai,69.33528054524112,OK,1991,2020,30,CHIRPS_v2,UCSB-CHG/CHIRPS/DAILY,1991-2020,IBGE_2024
2505303,Curral Velho,PB,217.624,5,mai,71.40566522492526,OK,1991,2020,30,CHIRPS_v2,UCSB-CHG/CHIRPS/DAILY,1991-2020,IBGE_2024
2513604,Santana dos Garrotes,PB,361.484,5,mai,69.33418397907484,OK,1991,2020,30,CHIRPS_v2,UCSB-CHG/CHIRPS/DAILY,1991-2020,IBGE_2024
2505600,Diamante,PB,271.791,5,mai,75.0897834372718,OK,1991,2020,30,CHIRPS_v2,UCSB-CHG/CHIRPS/DAILY,1991-2020,IBGE_2024
2513356,Santa Inês,PB,327.635,5,mai,66.10088838118168,OK,1991,2020,30,CHIRPS_v2,UCSB-CHG/CHIRPS/DAILY,1991-2020,IBGE_2024
2504405,Conceição,PB,580.65,5,mai,67.18220747647571,OK,1991,2020,30,CHIRPS_v2,UCSB-CHG/CHIRPS/DAILY,1991-2020,IBGE_2024
2502904,Brejo dos Santos,PB,93.857,5,mai,111.55435556877609,OK,1991,2020,30,CHIRPS_v2,UCSB-CHG/CHIRPS/DAILY,1991-2020,IBGE_2024
2502805,Brejo do Cruz,PB,401.315,5,mai,95.32189174131476,OK,1991,2020,30,CHIRPS_v2,UCSB-CHG/CHIRPS/DAILY,1991-2020,IBGE_2024
2502300,Bom Sucesso,PB,186.059,5,mai,105.92938232090947,OK,1991,2020,30,CHIRPS_v2,UCSB-CHG/CHIRPS/DAILY,1991-2020,IBGE_2024
2502003,Belém do Brejo do Cruz,PB,601.549,5,mai,82.97094368475526,OK,1991,2020,30,CHIRPS_v2,UCSB-CHG/CHIRPS/DAILY,1991-2020,IBGE_2024
2509370,Mato Grosso,PB,85.275,5,mai,111.16483422950348,OK,1991,2020,30,CHIRPS_v2,UCSB-CHG/CHIRPS/DAILY,1991-2020,IBGE_2024
2507408,Jericó,PB,177.356,5,mai,110.9890585665023,OK,1991,2020,30,CHIRPS_v2,UCSB-CHG/CHIRPS/DAILY,1991-2020,IBGE_2024
2514651,São José do Brejo do Cruz,PB,253.787,5,mai,83.35251642587316,OK,1991,2020,30,CHIRPS_v2,UCSB-CHG/CHIRPS/DAILY,1991-2020,IBGE_2024
2513901,São Bento,PB,245.84,5,mai,95.45755785378175,OK,1991,2020,30,CHIRPS_v2,UCSB-CHG/CHIRPS/DAILY,1991-2020,IBGE_2024
2504306,Catolé do Rocha,PB,551.765,5,mai,114.1386219495088,OK,1991,2020,30,CHIRPS_v2,UCSB-CHG/CHIRPS/DAILY,1991-2020,IBGE_2024
2512804,Riacho dos Cavalos,PB,262.532,5,mai,108.50784178632364,OK,1991,2020,30,CHIRPS_v2,UCSB-CHG/CHIRPS/DAILY,1991-2020,IBGE_2024
2510907,Paulista,PB,577.379,5,mai,95.53519887411979,OK,1991,2020,30,CHIRPS_v2,UCSB-CHG/CHIRPS/DAILY,1991-2020,IBGE_2024
2508109,Lagoa,PB,176.649,5,mai,113.03636363787281,OK,1991,2020,30,CHIRPS_v2,UCSB-CHG/CHIRPS/DAILY,1991-2020,IBGE_2024
2513968,São Domingos,PB,170.361,5,mai,91.21664135952234,OK,1991,2020,30,CHIRPS_v2,UCSB-CHG/CHIRPS/DAILY,1991-2020,IBGE_2024
2513927,São Bentinho,PB,199.635,5,mai,86.4300881491403,OK,1991,2020,30,CHIRPS_v2,UCSB-CHG/CHIRPS/DAILY,1991-2020,IBGE_2024
2504504,Condado,PB,265.473,5,mai,92.49289745958137,OK,1991,2020,30,CHIRPS_v2,UCSB-CHG/CHIRPS/DAILY,1991-2020,IBGE_2024
2512101,Pombal,PB,894.098,5,mai,90.1447364594033,OK,1991,2020,30,CHIRPS_v2,UCSB-CHG/CHIRPS/DAILY,1991-2020,IBGE_2024
2503753,Cajazeirinhas,PB,282.693,5,mai,90.11785157276894,OK,1991,2020,30,CHIRPS_v2,UCSB-CHG/CHIRPS/DAILY,1991-2020,IBGE_2024
2512309,Princesa Isabel,PB,368.569,5,mai,79.4912074846988,OK,1991,2020,30,CHIRPS_v2,UCSB-CHG/CHIRPS/DAILY,1991-2020,IBGE_2024
2509008,Manaíra,PB,352.025,5,mai,69.57276417999317,OK,1991,2020,30,CHIRPS_v2,UCSB-CHG/CHIRPS/DAILY,1991-2020,IBGE_2024
2516607,Tavares,PB,239.507,5,mai,78.8917192745469,OK,1991,2020,30,CHIRPS_v2,UCSB-CHG/CHIRPS/DAILY,1991-2020,IBGE_2024
2508000,Juru,PB,395.075,5,mai,79.093832300842,OK,1991,2020,30,CHIRPS_v2,UCSB-CHG/CHIRPS/DAILY,1991-2020,IBGE_2024
2514552,São José de Princesa,PB,158.052,5,mai,77.25088016631912,OK,1991,2020,30,CHIRPS_v2,UCSB-CHG/CHIRPS/DAILY,1991-2020,IBGE_2024
2510006,Nazarezinho,PB,193.203,5,mai,78.84246529697275,OK,1991,2020,30,CHIRPS_v2,UCSB-CHG/CHIRPS/DAILY,1991-2020,IBGE_2024
2502052,Bernardino Batista,PB,57.453,5,mai,105.62848653447818,OK,1991,2020,30,CHIRPS_v2,UCSB-CHG/CHIRPS/DAILY,1991-2020,IBGE_2024
2517209,Vieirópolis,PB,147.098,5,mai,99.91670881198723,OK,1991,2020,30,CHIRPS_v2,UCSB-CHG/CHIRPS/DAILY,1991-2020,IBGE_2024
2500775,Aparecida,PB,291.478,5,mai,87.93893827605828,OK,1991,2020,30,CHIRPS_v2,UCSB-CHG/CHIRPS/DAILY,1991-2020,IBGE_2024
2509156,Marizópolis,PB,69.952,5,mai,77.48610538955347,OK,1991,2020,30,CHIRPS_v2,UCSB-CHG/CHIRPS/DAILY,1991-2020,IBGE_2024
2508406,Lastro,PB,107.416,5,mai,97.01667765209272,OK,1991,2020,30,CHIRPS_v2,UCSB-CHG/CHIRPS/DAILY,1991-2020,IBGE_2024
2516904,Uiraúna,PB,293.182,5,mai,96.51653448793303,OK,1991,2020,30,CHIRPS_v2,UCSB-CHG/CHIRPS/DAILY,1991-2020,IBGE_2024
2516201,Sousa,PB,728.492,5,mai,85.82058106581282,OK,1991,2020,30,CHIRPS_v2,UCSB-CHG/CHIRPS/DAILY,1991-2020,IBGE_2024
2514206,São José da Lagoa Tapada,PB,333.724,5,mai,82.98663809638688,OK,1991,2020,30,CHIRPS_v2,UCSB-CHG/CHIRPS/DAILY,1991-2020,IBGE_2024
2513653,Joca Claudino,PB,71.799,5,mai,98.41734940781862,OK,1991,2020,30,CHIRPS_v2,UCSB-CHG/CHIRPS/DAILY,1991-2020,IBGE_2024
2513984,São Francisco,PB,90.724,5,mai,98.83628038526814,OK,1991,2020,30,CHIRPS_v2,UCSB-CHG/CHIRPS/DAILY,1991-2020,IBGE_2024
2513208,Santa Cruz,PB,217.677,5,mai,100.48862053903893,OK,1991,2020,30,CHIRPS_v2,UCSB-CHG/CHIRPS/DAILY,1991-2020,IBGE_2024
2512036,Poço Dantas,PB,97.758,5,mai,106.9154731598913,OK,1991,2020,30,CHIRPS_v2,UCSB-CHG/CHIRPS/DAILY,1991-2020,IBGE_2024
2504108,Carrapateira,PB,59.07,5,mai,72.59577124321532,OK,1991,2020,30,CHIRPS_v2,UCSB-CHG/CHIRPS/DAILY,1991-2020,IBGE_2024
2503308,Cachoeira dos Índios,PB,193.215,5,mai,81.47673565486255,OK,1991,2020,30,CHIRPS_v2,UCSB-CHG/CHIRPS/DAILY,1991-2020,IBGE_2024
2503704,Cajazeiras,PB,562.703,5,mai,79.27347718305847,OK,1991,2020,30,CHIRPS_v2,UCSB-CHG/CHIRPS/DAILY,1991-2020,IBGE_2024
2502409,Bonito de Santa Fé,PB,226.798,5,mai,79.256251492607,OK,1991,2020,30,CHIRPS_v2,UCSB-CHG/CHIRPS/DAILY,1991-2020,IBGE_2024
2502201,Bom Jesus,PB,47.367,5,mai,85.86350607795279,OK,1991,2020,30,CHIRPS_v2,UCSB-CHG/CHIRPS/DAILY,1991-2020,IBGE_2024
2509602,Monte Horebe,PB,116.854,5,mai,75.2567337631836,OK,1991,2020,30,CHIRPS_v2,UCSB-CHG/CHIRPS/DAILY,1991-2020,IBGE_2024
2500700,São João do Rio do Peixe,PB,476.237,5,mai,85.19161849325916,OK,1991,2020,30,CHIRPS_v2,UCSB-CHG/CHIRPS/DAILY,1991-2020,IBGE_2024
2516805,Triunfo,PB,224.336,5,mai,89.58369810489945,OK,1991,2020,30,CHIRPS_v2,UCSB-CHG/CHIRPS/DAILY,1991-2020,IBGE_2024
2515708,Serra Grande,PB,64.352,5,mai,78.86072354616223,OK,1991,2020,30,CHIRPS_v2,UCSB-CHG/CHIRPS/DAILY,1991-2020,IBGE_2024
2514503,São José de Piranhas,PB,686.918,5,mai,75.2405239578393,OK,1991,2020,30,CHIRPS_v2,UCSB-CHG/CHIRPS/DAILY,1991-2020,IBGE_2024
2513307,Santa Helena,PB,211.143,5,mai,86.26844483851283,OK,1991,2020,30,CHIRPS_v2,UCSB-CHG/CHIRPS/DAILY,1991-2020,IBGE_2024
2512077,Poço de José de Moura,PB,94.646,5,mai,90.4480736314478,OK,1991,2020,30,CHIRPS_v2,UCSB-CHG/CHIRPS/DAILY,1991-2020,IBGE_2024
2605459,Fernando de Noronha,PE,18.609,5,mai,,SEM_DADOS,1991,2020,30,CHIRPS_v2,UCSB-CHG/CHIRPS/DAILY,1991-2020,IBGE_2024
2610707,Paulista,PE,96.932,5,mai,297.0125061071271,OK,1991,2020,30,CHIRPS_v2,UCSB-CHG/CHIRPS/DAILY,1991-2020,IBGE_2024
2610608,Paudalho,PE,269.65,5,mai,187.9420038387927,OK,1991,2020,30,CHIRPS_v2,UCSB-CHG/CHIRPS/DAILY,1991-2020,IBGE_2024
2609402,Moreno,PE,194.197,5,mai,213.01698135532476,OK,1991,2020,30,CHIRPS_v2,UCSB-CHG/CHIRPS/DAILY,1991-2020,IBGE_2024
2601052,Araçoiaba,PE,96.36,5,mai,237.70608623751357,OK,1991,2020,30,CHIRPS_v2,UCSB-CHG/CHIRPS/DAILY,1991-2020,IBGE_2024
2609600,Olinda,PE,41.3,5,mai,303.8704355904738,OK,1991,2020,30,CHIRPS_v2,UCSB-CHG/CHIRPS/DAILY,1991-2020,IBGE_2024
2600054,Abreu e Lima,PE,126.384,5,mai,257.1812250329483,OK,1991,2020,30,CHIRPS_v2,UCSB-CHG/CHIRPS/DAILY,1991-2020,IBGE_2024
2607901,Jaboatão dos Guararapes,PE,258.724,5,mai,265.4033403844344,OK,1991,2020,30,CHIRPS_v2,UCSB-CHG/CHIRPS/DAILY,1991-2020,IBGE_2024
2607752,Itapissuma,PE,73.968,5,mai,275.6619162397193,OK,1991,2020,30,CHIRPS_v2,UCSB-CHG/CHIRPS/DAILY,1991-2020,IBGE_2024
2607208,Ipojuca,PE,521.801,5,mai,244.44238283257803,OK,1991,2020,30,CHIRPS_v2,UCSB-CHG/CHIRPS/DAILY,1991-2020,IBGE_2024
2607604,Ilha de Itamaracá,PE,66.146,5,mai,301.06917640396733,OK,1991,2020,30,CHIRPS_v2,UCSB-CHG/CHIRPS/DAILY,1991-2020,IBGE_2024
2606804,Igarassu,PE,306.879,5,mai,275.6823601881013,OK,1991,2020,30,CHIRPS_v2,UCSB-CHG/CHIRPS/DAILY,1991-2020,IBGE_2024
2613701,São Lourenço da Mata,PE,263.687,5,mai,227.82295972590111,OK,1991,2020,30,CHIRPS_v2,UCSB-CHG/CHIRPS/DAILY,1991-2020,IBGE_2024
2603454,Camaragibe,PE,51.321,5,mai,289.6388264683051,OK,1991,2020,30,CHIRPS_v2,UCSB-CHG/CHIRPS/DAILY,1991-2020,IBGE_2024
2611606,Recife,PE,218.843,5,mai,299.50067842525925,OK,1991,2020,30,CHIRPS_v2,UCSB-CHG/CHIRPS/DAILY,1991-2020,IBGE_2024
2602902,Cabo de Santo Agostinho,PE,445.386,5,mai,227.18175237555647,OK,1991,2020,30,CHIRPS_v2,UCSB-CHG/CHIRPS/DAILY,1991-2020,IBGE_2024
2600708,Aliança,PE,272.773,5,mai,171.491091887764,OK,1991,2020,30,CHIRPS_v2,UCSB-CHG/CHIRPS/DAILY,1991-2020,IBGE_2024
2609006,Macaparana,PE,108.049,5,mai,154.3964877330613,OK,1991,2020,30,CHIRPS_v2,UCSB-CHG/CHIRPS/DAILY,1991-2020,IBGE_2024
2607802,Itaquitinga,PE,162.739,5,mai,234.85581388755915,OK,1991,2020,30,CHIRPS_v2,UCSB-CHG/CHIRPS/DAILY,1991-2020,IBGE_2024
2616308,Vicência,PE,227.906,5,mai,164.24474846280066,OK,1991,2020,30,CHIRPS_v2,UCSB-CHG/CHIRPS/DAILY,1991-2020,IBGE_2024
2607653,Itambé,PE,304.005,5,mai,188.17258525972068,OK,1991,2020,30,CHIRPS_v2,UCSB-CHG/CHIRPS/DAILY,1991-2020,IBGE_2024
2615300,Timbaúba,PE,287.683,5,mai,180.25589375819507,OK,1991,2020,30,CHIRPS_v2,UCSB-CHG/CHIRPS/DAILY,1991-2020,IBGE_2024
2606200,Goiana,PE,445.406,5,mai,289.4224232511551,OK,1991,2020,30,CHIRPS_v2,UCSB-CHG/CHIRPS/DAILY,1991-2020,IBGE_2024
2613800,São Vicente Férrer,PE,112.472,5,mai,160.4054533715625,OK,1991,2020,30,CHIRPS_v2,UCSB-CHG/CHIRPS/DAILY,1991-2020,IBGE_2024
2605509,Ferreiros,PE,92.516,5,mai,161.46461192720935,OK,1991,2020,30,CHIRPS_v2,UCSB-CHG/CHIRPS/DAILY,1991-2020,IBGE_2024
2604601,Condado,PE,89.645,5,mai,206.77900851898642,OK,1991,2020,30,CHIRPS_v2,UCSB-CHG/CHIRPS/DAILY,1991-2020,IBGE_2024
2603603,Camutanga,PE,39.116,5,mai,154.82319258323915,OK,1991,2020,30,CHIRPS_v2,UCSB-CHG/CHIRPS/DAILY,1991-2020,IBGE_2024
2610004,Palmares,PE,339.388,5,mai,193.39339921201105,OK,1991,2020,30,CHIRPS_v2,UCSB-CHG/CHIRPS/DAILY,1991-2020,IBGE_2024
2601508,Belém de Maria,PE,75.912,5,mai,162.42568186311897,OK,1991,2020,30,CHIRPS_v2,UCSB-CHG/CHIRPS/DAILY,1991-2020,IBGE_2024
2609204,Maraial,PE,199.865,5,mai,192.98675536591975,OK,1991,2020,30,CHIRPS_v2,UCSB-CHG/CHIRPS/DAILY,1991-2020,IBGE_2024
2608206,Joaquim Nabuco,PE,122.605,5,mai,194.9766898257204,OK,1991,2020,30,CHIRPS_v2,UCSB-CHG/CHIRPS/DAILY,1991-2020,IBGE_2024
2616506,Xexéu,PE,110.814,5,mai,196.28889517478885,OK,1991,2020,30,CHIRPS_v2,UCSB-CHG/CHIRPS/DAILY,1991-2020,IBGE_2024
2600401,Água Preta,PE,531.936,5,mai,206.7647662182855,OK,1991,2020,30,CHIRPS_v2,UCSB-CHG/CHIRPS/DAILY,1991-2020,IBGE_2024
2607950,Jaqueira,PE,87.208,5,mai,170.4139077532128,OK,1991,2020,30,CHIRPS_v2,UCSB-CHG/CHIRPS/DAILY,1991-2020,IBGE_2024
2605905,Gameleira,PE,257.781,5,mai,210.5446835675691,OK,1991,2020,30,CHIRPS_v2,UCSB-CHG/CHIRPS/DAILY,1991-2020,IBGE_2024
2612901,São Benedito do Sul,PE,160.477,5,mai,156.2091456309907,OK,1991,2020,30,CHIRPS_v2,UCSB-CHG/CHIRPS/DAILY,1991-2020,IBGE_2024
2604205,Catende,PE,208.594,5,mai,181.79985586019956,OK,1991,2020,30,CHIRPS_v2,UCSB-CHG/CHIRPS/DAILY,1991-2020,IBGE_2024
2610509,Passira,PE,327.21,5,mai,84.54810679691528,OK,1991,2020,30,CHIRPS_v2,UCSB-CHG/CHIRPS/DAILY,1991-2020,IBGE_2024
2609709,Orobó,PE,138.362,5,mai,116.48954872848374,OK,1991,2020,30,CHIRPS_v2,UCSB-CHG/CHIRPS/DAILY,1991-2020,IBGE_2024
2608909,Limoeiro,PE,273.733,5,mai,117.858644525942,OK,1991,2020,30,CHIRPS_v2,UCSB-CHG/CHIRPS/DAILY,1991-2020,IBGE_2024
2609105,Machados,PE,58.32,5,mai,158.6714639681232,OK,1991,2020,30,CHIRPS_v2,UCSB-CHG/CHIRPS/DAILY,1991-2020,IBGE_2024
2608107,João Alfredo,PE,134.147,5,mai,101.9962760050736,OK,1991,2020,30,CHIRPS_v2,UCSB-CHG/CHIRPS/DAILY,1991-2020,IBGE_2024
2605400,Feira Nova,PE,107.726,5,mai,102.0837346964575,OK,1991,2020,30,CHIRPS_v2,UCSB-CHG/CHIRPS/DAILY,1991-2020,IBGE_2024
2612109,Salgadinho,PE,87.218,5,mai,96.0464246309771,OK,1991,2020,30,CHIRPS_v2,UCSB-CHG/CHIRPS/DAILY,1991-2020,IBGE_2024
2602209,Bom Jardim,PE,226.639,5,mai,112.33518423508457,OK,1991,2020,30,CHIRPS_v2,UCSB-CHG/CHIRPS/DAILY,1991-2020,IBGE_2024
2616407,Vitória de Santo Antão,PE,373.3,5,mai,150.21751251046874,OK,1991,2020,30,CHIRPS_v2,UCSB-CHG/CHIRPS/DAILY,1991-2020,IBGE_2024
2606101,Glória do Goitá,PE,234.486,5,mai,114.77038843441366,OK,1991,2020,30,CHIRPS_v2,UCSB-CHG/CHIRPS/DAILY,1991-2020,IBGE_2024
2604403,Chã de Alegria,PE,49.328,5,mai,158.59936458528864,OK,1991,2020,30,CHIRPS_v2,UCSB-CHG/CHIRPS/DAILY,1991-2020,IBGE_2024
2611309,Pombos,PE,203.105,5,mai,141.60166453537732,OK,1991,2020,30,CHIRPS_v2,UCSB-CHG/CHIRPS/DAILY,1991-2020,IBGE_2024
2609501,Nazaré da Mata,PE,130.572,5,mai,152.00624354372698,OK,1991,2020,30,CHIRPS_v2,UCSB-CHG/CHIRPS/DAILY,1991-2020,IBGE_2024
2608453,Lagoa do Carro,PE,69.244,5,mai,126.68280963925254,OK,1991,2020,30,CHIRPS_v2,UCSB-CHG/CHIRPS/DAILY,1991-2020,IBGE_2024
2608503,Lagoa de Itaenga,PE,57.298,5,mai,133.204199909221,OK,1991,2020,30,CHIRPS_v2,UCSB-CHG/CHIRPS/DAILY,1991-2020,IBGE_2024
2615508,Tracunhaém,PE,137.321,5,mai,164.29141232568625,OK,1991,2020,30,CHIRPS_v2,UCSB-CHG/CHIRPS/DAILY,1991-2020,IBGE_2024
2604007,Carpina,PE,146.494,5,mai,136.04293287762013,OK,1991,2020,30,CHIRPS_v2,UCSB-CHG/CHIRPS/DAILY,1991-2020,IBGE_2024
2602704,Buenos Aires,PE,93.187,5,mai,155.936906924715,OK,1991,2020,30,CHIRPS_v2,UCSB-CHG/CHIRPS/DAILY,1991-2020,IBGE_2024
2601409,Barreiros,PE,233.432,5,mai,266.6376214463324,OK,1991,2020,30,CHIRPS_v2,UCSB-CHG/CHIRPS/DAILY,1991-2020,IBGE_2024
2614857,Tamandaré,PE,213.75,5,mai,268.64625161805856,OK,1991,2020,30,CHIRPS_v2,UCSB-CHG/CHIRPS/DAILY,1991-2020,IBGE_2024
2614204,Sirinhaém,PE,374.321,5,mai,291.81308314114574,OK,1991,2020,30,CHIRPS_v2,UCSB-CHG/CHIRPS/DAILY,1991-2020,IBGE_2024
2613404,São José da Coroa Grande,PE,69.184,5,mai,262.57402508343864,OK,1991,2020,30,CHIRPS_v2,UCSB-CHG/CHIRPS/DAILY,1991-2020,IBGE_2024
2611903,Rio Formoso,PE,227.458,5,mai,280.76706167291957,OK,1991,2020,30,CHIRPS_v2,UCSB-CHG/CHIRPS/DAILY,1991-2020,IBGE_2024
2616183,Vertente do Lério,PE,73.631,5,mai,72.77365710590591,OK,1991,2020,30,CHIRPS_v2,UCSB-CHG/CHIRPS/DAILY,1991-2020,IBGE_2024
2616209,Vertentes,PE,196.324,5,mai,97.97824145045774,OK,1991,2020,30,CHIRPS_v2,UCSB-CHG/CHIRPS/DAILY,1991-2020,IBGE_2024
2614501,Surubim,PE,253.296,5,mai,81.63467464013318,OK,1991,2020,30,CHIRPS_v2,UCSB-CHG/CHIRPS/DAILY,1991-2020,IBGE_2024
2605806,Frei Miguelinho,PE,213.735,5,mai,86.52757242869544,OK,1991,2020,30,CHIRPS_v2,UCSB-CHG/CHIRPS/DAILY,1991-2020,IBGE_2024
2604155,Casinhas,PE,116.833,5,mai,81.25353231631374,OK,1991,2020,30,CHIRPS_v2,UCSB-CHG/CHIRPS/DAILY,1991-2020,IBGE_2024
2612703,Santa Maria do Cambucá,PE,92.148,5,mai,72.23105094741203,OK,1991,2020,30,CHIRPS_v2,UCSB-CHG/CHIRPS/DAILY,1991-2020,IBGE_2024
2604106,Caruaru,PE,919.069,5,mai,75.0203481062249,OK,1991,2020,30,CHIRPS_v2,UCSB-CHG/CHIRPS/DAILY,1991-2020,IBGE_2024
2610202,Panelas,PE,380.428,5,mai,90.39180789213363,OK,1991,2020,30,CHIRPS_v2,UCSB-CHG/CHIRPS/DAILY,1991-2020,IBGE_2024
2601904,Bezerros,PE,497.156,5,mai,101.9449147798068,OK,1991,2020,30,CHIRPS_v2,UCSB-CHG/CHIRPS/DAILY,1991-2020,IBGE_2024
2601300,Barra de Guabiraba,PE,118.639,5,mai,177.0130031077768,OK,1991,2020,30,CHIRPS_v2,UCSB-CHG/CHIRPS/DAILY,1991-2020,IBGE_2024
2600807,Altinho,PE,450.178,5,mai,67.96372253233551,OK,1991,2020,30,CHIRPS_v2,UCSB-CHG/CHIRPS/DAILY,1991-2020,IBGE_2024
2608701,Lagoa dos Gatos,PE,224.948,5,mai,136.1913219361163,OK,1991,2020,30,CHIRPS_v2,UCSB-CHG/CHIRPS/DAILY,1991-2020,IBGE_2024
2600302,Agrestina,PE,200.369,5,mai,78.53969514180498,OK,1991,2020,30,CHIRPS_v2,UCSB-CHG/CHIRPS/DAILY,1991-2020,IBGE_2024
2608008,Jataúba,PE,714.601,5,mai,64.67859404984529,OK,1991,2020,30,CHIRPS_v2,UCSB-CHG/CHIRPS/DAILY,1991-2020,IBGE_2024
2615409,Toritama,PE,25.704,5,mai,74.19206227009519,OK,1991,2020,30,CHIRPS_v2,UCSB-CHG/CHIRPS/DAILY,1991-2020,IBGE_2024
2615003,Taquaritinga do Norte,PE,475.183,5,mai,61.453735015855145,OK,1991,2020,30,CHIRPS_v2,UCSB-CHG/CHIRPS/DAILY,1991-2020,IBGE_2024
2606705,Ibirajuba,PE,189.596,5,mai,49.979081987832004,OK,1991,2020,30,CHIRPS_v2,UCSB-CHG/CHIRPS/DAILY,1991-2020,IBGE_2024
2606408,Gravatá,PE,507.36,5,mai,108.4738963727723,OK,1991,2020,30,CHIRPS_v2,UCSB-CHG/CHIRPS/DAILY,1991-2020,IBGE_2024
2605004,Cupira,PE,95.149,5,mai,91.06724673421016,OK,1991,2020,30,CHIRPS_v2,UCSB-CHG/CHIRPS/DAILY,1991-2020,IBGE_2024
2613305,São Joaquim do Monte,PE,224.624,5,mai,106.0366139185283,OK,1991,2020,30,CHIRPS_v2,UCSB-CHG/CHIRPS/DAILY,1991-2020,IBGE_2024
2613107,São Caitano,PE,382.483,5,mai,41.80932990973362,OK,1991,2020,30,CHIRPS_v2,UCSB-CHG/CHIRPS/DAILY,1991-2020,IBGE_2024
2604908,Cumaru,PE,291.429,5,mai,82.00537892656548,OK,1991,2020,30,CHIRPS_v2,UCSB-CHG/CHIRPS/DAILY,1991-2020,IBGE_2024
2612505,Santa Cruz do Capibaribe,PE,335.309,5,mai,41.32472647658583,OK,1991,2020,30,CHIRPS_v2,UCSB-CHG/CHIRPS/DAILY,1991-2020,IBGE_2024
2604502,Chã Grande,PE,84.787,5,mai,151.83651581405744,OK,1991,2020,30,CHIRPS_v2,UCSB-CHG/CHIRPS/DAILY,1991-2020,IBGE_2024
2612000,Sairé,PE,190.454,5,mai,136.47671546831248,OK,1991,2020,30,CHIRPS_v2,UCSB-CHG/CHIRPS/DAILY,1991-2020,IBGE_2024
2603108,Cachoeirinha,PE,179.262,5,mai,73.94534792192621,OK,1991,2020,30,CHIRPS_v2,UCSB-CHG/CHIRPS/DAILY,1991-2020,IBGE_2024
2611705,Riacho das Almas,PE,313.613,5,mai,81.69027506856635,OK,1991,2020,30,CHIRPS_v2,UCSB-CHG/CHIRPS/DAILY,1991-2020,IBGE_2024
2603504,Camocim de São Félix,PE,72.01,5,mai,124.19959263216695,OK,1991,2020,30,CHIRPS_v2,UCSB-CHG/CHIRPS/DAILY,1991-2020,IBGE_2024
2602605,Brejo da Madre de Deus,PE,761.824,5,mai,69.61794404702323,OK,1991,2020,30,CHIRPS_v2,UCSB-CHG/CHIRPS/DAILY,1991-2020,IBGE_2024
2602308,Bonito,PE,392.627,5,mai,168.32450630761417,OK,1991,2020,30,CHIRPS_v2,UCSB-CHG/CHIRPS/DAILY,1991-2020,IBGE_2024
2606002,Garanhuns,PE,458.964,5,mai,120.07058790443844,OK,1991,2020,30,CHIRPS_v2,UCSB-CHG/CHIRPS/DAILY,1991-2020,IBGE_2024
2602407,Brejão,PE,159.786,5,mai,129.8779079450988,OK,1991,2020,30,CHIRPS_v2,UCSB-CHG/CHIRPS/DAILY,1991-2020,IBGE_2024
2610103,Palmeirina,PE,169.012,5,mai,139.03489768693234,OK,1991,2020,30,CHIRPS_v2,UCSB-CHG/CHIRPS/DAILY,1991-2020,IBGE_2024
2608800,Lajedo,PE,189.096,5,mai,71.66421560930355,OK,1991,2020,30,CHIRPS_v2,UCSB-CHG/CHIRPS/DAILY,1991-2020,IBGE_2024
2601003,Angelim,PE,118.72,5,mai,142.01821092396426,OK,1991,2020,30,CHIRPS_v2,UCSB-CHG/CHIRPS/DAILY,1991-2020,IBGE_2024
2608404,Jurema,PE,148.254,5,mai,109.31756684068073,OK,1991,2020,30,CHIRPS_v2,UCSB-CHG/CHIRPS/DAILY,1991-2020,IBGE_2024
2608255,Jucati,PE,120.167,5,mai,77.61204969514465,OK,1991,2020,30,CHIRPS_v2,UCSB-CHG/CHIRPS/DAILY,1991-2020,IBGE_2024
2608305,Jupi,PE,104.835,5,mai,77.21197741573508,OK,1991,2020,30,CHIRPS_v2,UCSB-CHG/CHIRPS/DAILY,1991-2020,IBGE_2024
2608602,Lagoa do Ouro,PE,199.996,5,mai,156.06299678743235,OK,1991,2020,30,CHIRPS_v2,UCSB-CHG/CHIRPS/DAILY,1991-2020,IBGE_2024
2600500,Águas Belas,PE,885.987,5,mai,82.44725661396365,OK,1991,2020,30,CHIRPS_v2,UCSB-CHG/CHIRPS/DAILY,1991-2020,IBGE_2024
2615102,Terezinha,PE,151.625,5,mai,133.01180991699616,OK,1991,2020,30,CHIRPS_v2,UCSB-CHG/CHIRPS/DAILY,1991-2020,IBGE_2024
2606507,Iati,PE,635.137,5,mai,90.43749094947444,OK,1991,2020,30,CHIRPS_v2,UCSB-CHG/CHIRPS/DAILY,1991-2020,IBGE_2024
2604700,Correntes,PE,317.793,5,mai,148.36718256737308,OK,1991,2020,30,CHIRPS_v2,UCSB-CHG/CHIRPS/DAILY,1991-2020,IBGE_2024
2613206,São João,PE,258.443,5,mai,125.79624225977811,OK,1991,2020,30,CHIRPS_v2,UCSB-CHG/CHIRPS/DAILY,1991-2020,IBGE_2024
2612307,Saloá,PE,251.55,5,mai,107.62295925510178,OK,1991,2020,30,CHIRPS_v2,UCSB-CHG/CHIRPS/DAILY,1991-2020,IBGE_2024
2603801,Capoeiras,PE,337.108,5,mai,88.32715256426958,OK,1991,2020,30,CHIRPS_v2,UCSB-CHG/CHIRPS/DAILY,1991-2020,IBGE_2024
2603702,Canhotinho,PE,422.831,5,mai,142.98423184529605,OK,1991,2020,30,CHIRPS_v2,UCSB-CHG/CHIRPS/DAILY,1991-2020,IBGE_2024
2603207,Caetés,PE,294.946,5,mai,81.3957006702679,OK,1991,2020,30,CHIRPS_v2,UCSB-CHG/CHIRPS/DAILY,1991-2020,IBGE_2024
2611507,Quipapá,PE,230.617,5,mai,162.86103556516014,OK,1991,2020,30,CHIRPS_v2,UCSB-CHG/CHIRPS/DAILY,1991-2020,IBGE_2024
2603306,Calçado,PE,121.434,5,mai,89.22046725240527,OK,1991,2020,30,CHIRPS_v2,UCSB-CHG/CHIRPS/DAILY,1991-2020,IBGE_2024
2610301,Paranatama,PE,185.371,5,mai,91.66567949967296,OK,1991,2020,30,CHIRPS_v2,UCSB-CHG/CHIRPS/DAILY,1991-2020,IBGE_2024
2602100,Bom Conselho,PE,790.774,5,mai,136.79358730644273,OK,1991,2020,30,CHIRPS_v2,UCSB-CHG/CHIRPS/DAILY,1991-2020,IBGE_2024
2601201,Arcoverde,PE,343.923,5,mai,81.97898632637863,OK,1991,2020,30,CHIRPS_v2,UCSB-CHG/CHIRPS/DAILY,1991-2020,IBGE_2024
2609154,Manari,PE,386.57,5,mai,66.25080676110474,OK,1991,2020,30,CHIRPS_v2,UCSB-CHG/CHIRPS/DAILY,1991-2020,IBGE_2024
2616001,Venturosa,PE,331.552,5,mai,66.27340357740944,OK,1991,2020,30,CHIRPS_v2,UCSB-CHG/CHIRPS/DAILY,1991-2020,IBGE_2024
2615805,Tupanatinga,PE,888.467,5,mai,74.06812239506462,OK,1991,2020,30,CHIRPS_v2,UCSB-CHG/CHIRPS/DAILY,1991-2020,IBGE_2024
2607505,Itaíba,PE,1034.044,5,mai,64.9982604159044,OK,1991,2020,30,CHIRPS_v2,UCSB-CHG/CHIRPS/DAILY,1991-2020,IBGE_2024
2607000,Inajá,PE,1240.961,5,mai,48.8054858520561,OK,1991,2020,30,CHIRPS_v2,UCSB-CHG/CHIRPS/DAILY,1991-2020,IBGE_2024
2606606,Ibimirim,PE,1929.342,5,mai,54.01325497487434,OK,1991,2020,30,CHIRPS_v2,UCSB-CHG/CHIRPS/DAILY,1991-2020,IBGE_2024
2614105,Sertânia,PE,2409.511,5,mai,65.6147850137464,OK,1991,2020,30,CHIRPS_v2,UCSB-CHG/CHIRPS/DAILY,1991-2020,IBGE_2024
2605103,Custódia,PE,1382.059,5,mai,74.28938915487979,OK,1991,2020,30,CHIRPS_v2,UCSB-CHG/CHIRPS/DAILY,1991-2020,IBGE_2024
2602803,Buíque,PE,1295.821,5,mai,81.15293442368929,OK,1991,2020,30,CHIRPS_v2,UCSB-CHG/CHIRPS/DAILY,1991-2020,IBGE_2024
2610806,Pedra,PE,922.482,5,mai,60.1543058892717,OK,1991,2020,30,CHIRPS_v2,UCSB-CHG/CHIRPS/DAILY,1991-2020,IBGE_2024
2601706,Belo Jardim,PE,647.445,5,mai,78.3790683642232,OK,1991,2020,30,CHIRPS_v2,UCSB-CHG/CHIRPS/DAILY,1991-2020,IBGE_2024
2600609,Alagoinha,PE,208.545,5,mai,79.61094915877072,OK,1991,2020,30,CHIRPS_v2,UCSB-CHG/CHIRPS/DAILY,1991-2020,IBGE_2024
2614709,Tacaimbó,PE,227.6,5,mai,66.71207952383266,OK,1991,2020,30,CHIRPS_v2,UCSB-CHG/CHIRPS/DAILY,1991-2020,IBGE_2024
2613008,São Bento do Una,PE,719.193,5,mai,75.30273997249652,OK,1991,2020,30,CHIRPS_v2,UCSB-CHG/CHIRPS/DAILY,1991-2020,IBGE_2024
2612406,Sanharó,PE,268.065,5,mai,71.06037450708737,OK,1991,2020,30,CHIRPS_v2,UCSB-CHG/CHIRPS/DAILY,1991-2020,IBGE_2024
2610905,Pesqueira,PE,970.438,5,mai,91.00845280883819,OK,1991,2020,30,CHIRPS_v2,UCSB-CHG/CHIRPS/DAILY,1991-2020,IBGE_2024
2611200,Poção,PE,205.118,5,mai,86.99389781208586,OK,1991,2020,30,CHIRPS_v2,UCSB-CHG/CHIRPS/DAILY,1991-2020,IBGE_2024
2601805,Betânia,PE,1256.138,5,mai,49.469442176654766,OK,1991,2020,30,CHIRPS_v2,UCSB-CHG/CHIRPS/DAILY,1991-2020,IBGE_2024
2609303,Mirandiba,PE,821.676,5,mai,44.65794369094834,OK,1991,2020,30,CHIRPS_v2,UCSB-CHG/CHIRPS/DAILY,1991-2020,IBGE_2024
2608057,Jatobá,PE,277.862,5,mai,48.284416180256024,OK,1991,2020,30,CHIRPS_v2,UCSB-CHG/CHIRPS/DAILY,1991-2020,IBGE_2024
2615706,Triunfo,PE,191.518,5,mai,96.77491075545565,OK,1991,2020,30,CHIRPS_v2,UCSB-CHG/CHIRPS/DAILY,1991-2020,IBGE_2024
2614808,Tacaratu,PE,1264.532,5,mai,46.33808055287879,OK,1991,2020,30,CHIRPS_v2,UCSB-CHG/CHIRPS/DAILY,1991-2020,IBGE_2024
2613909,Serra Talhada,PE,2980.007,5,mai,49.88012325976689,OK,1991,2020,30,CHIRPS_v2,UCSB-CHG/CHIRPS/DAILY,1991-2020,IBGE_2024
2605707,Floresta,PE,3637.243,5,mai,39.88309429407509,OK,1991,2020,30,CHIRPS_v2,UCSB-CHG/CHIRPS/DAILY,1991-2020,IBGE_2024
2613503,São José do Belmonte,PE,1474.086,5,mai,44.601160429153595,OK,1991,2020,30,CHIRPS_v2,UCSB-CHG/CHIRPS/DAILY,1991-2020,IBGE_2024
2605608,Flores,PE,995.561,5,mai,71.64092948452927,OK,1991,2020,30,CHIRPS_v2,UCSB-CHG/CHIRPS/DAILY,1991-2020,IBGE_2024
2612471,Santa Cruz da Baixa Verde,PE,114.931,5,mai,85.32399467953813,OK,1991,2020,30,CHIRPS_v2,UCSB-CHG/CHIRPS/DAILY,1991-2020,IBGE_2024
2603926,Carnaubeira da Penha,PE,1004.248,5,mai,36.1876462696223,OK,1991,2020,30,CHIRPS_v2,UCSB-CHG/CHIRPS/DAILY,1991-2020,IBGE_2024
2603405,Calumbi,PE,179.314,5,mai,67.4923958998363,OK,1991,2020,30,CHIRPS_v2,UCSB-CHG/CHIRPS/DAILY,1991-2020,IBGE_2024
2611002,Petrolândia,PE,1056.589,5,mai,38.78844862461285,OK,1991,2020,30,CHIRPS_v2,UCSB-CHG/CHIRPS/DAILY,1991-2020,IBGE_2024
2602506,Brejinho,PE,106.066,5,mai,81.13771487625769,OK,1991,2020,30,CHIRPS_v2,UCSB-CHG/CHIRPS/DAILY,1991-2020,IBGE_2024
2600104,Afogados da Ingazeira,PE,378.031,5,mai,79.40684930865724,OK,1991,2020,30,CHIRPS_v2,UCSB-CHG/CHIRPS/DAILY,1991-2020,IBGE_2024
2615904,Tuparetama,PE,188.428,5,mai,69.25468840353761,OK,1991,2020,30,CHIRPS_v2,UCSB-CHG/CHIRPS/DAILY,1991-2020,IBGE_2024
2607703,Itapetim,PE,411.875,5,mai,76.73723659200513,OK,1991,2020,30,CHIRPS_v2,UCSB-CHG/CHIRPS/DAILY,1991-2020,IBGE_2024
2606903,Iguaracy,PE,836.046,5,mai,83.4324494886832,OK,1991,2020,30,CHIRPS_v2,UCSB-CHG/CHIRPS/DAILY,1991-2020,IBGE_2024
2607109,Ingazeira,PE,243.858,5,mai,72.24469810063823,OK,1991,2020,30,CHIRPS_v2,UCSB-CHG/CHIRPS/DAILY,1991-2020,IBGE_2024
2614402,Solidão,PE,138.6,5,mai,82.9024436872801,OK,1991,2020,30,CHIRPS_v2,UCSB-CHG/CHIRPS/DAILY,1991-2020,IBGE_2024
2614600,Tabira,PE,388.458,5,mai,75.44019663704745,OK,1991,2020,30,CHIRPS_v2,UCSB-CHG/CHIRPS/DAILY,1991-2020,IBGE_2024
2613602,São José do Egito,PE,774.037,5,mai,68.58054748657523,OK,1991,2020,30,CHIRPS_v2,UCSB-CHG/CHIRPS/DAILY,1991-2020,IBGE_2024
2612802,Santa Terezinha,PE,200.327,5,mai,87.5567785508506,OK,1991,2020,30,CHIRPS_v2,UCSB-CHG/CHIRPS/DAILY,1991-2020,IBGE_2024
2603900,Carnaíba,PE,432.134,5,mai,79.53223602261606,OK,1991,2020,30,CHIRPS_v2,UCSB-CHG/CHIRPS/DAILY,1991-2020,IBGE_2024
2611533,Quixaba,PE,210.705,5,mai,73.35824243994206,OK,1991,2020,30,CHIRPS_v2,UCSB-CHG/CHIRPS/DAILY,1991-2020,IBGE_2024
2611101,Petrolina,PE,4558.905,5,mai,13.818010341971924,OK,1991,2020,30,CHIRPS_v2,UCSB-CHG/CHIRPS/DAILY,1991-2020,IBGE_2024
2609808,Orocó,PE,554.759,5,mai,19.259946582850933,OK,1991,2020,30,CHIRPS_v2,UCSB-CHG/CHIRPS/DAILY,1991-2020,IBGE_2024
2608750,Lagoa Grande,PE,1844.506,5,mai,23.819167455654018,OK,1991,2020,30,CHIRPS_v2,UCSB-CHG/CHIRPS/DAILY,1991-2020,IBGE_2024
2600203,Afrânio,PE,1491.572,5,mai,15.430631395188001,OK,1991,2020,30,CHIRPS_v2,UCSB-CHG/CHIRPS/DAILY,1991-2020,IBGE_2024
2605152,Dormentes,PE,1543.723,5,mai,12.897991089406768,OK,1991,2020,30,CHIRPS_v2,UCSB-CHG/CHIRPS/DAILY,1991-2020,IBGE_2024
2612604,Santa Maria da Boa Vista,PE,3000.773,5,mai,25.787812479047144,OK,1991,2020,30,CHIRPS_v2,UCSB-CHG/CHIRPS/DAILY,1991-2020,IBGE_2024
2609907,Ouricuri,PE,2381.568,5,mai,27.684275379879054,OK,1991,2020,30,CHIRPS_v2,UCSB-CHG/CHIRPS/DAILY,1991-2020,IBGE_2024
2602001,Bodocó,PE,1621.785,5,mai,53.003521625310974,OK,1991,2020,30,CHIRPS_v2,UCSB-CHG/CHIRPS/DAILY,1991-2020,IBGE_2024
2601102,Araripina,PE,2037.394,5,mai,30.083465162985576,OK,1991,2020,30,CHIRPS_v2,UCSB-CHG/CHIRPS/DAILY,1991-2020,IBGE_2024
2607307,Ipubi,PE,693.915,5,mai,44.89328864118011,OK,1991,2020,30,CHIRPS_v2,UCSB-CHG/CHIRPS/DAILY,1991-2020,IBGE_2024
2615607,Trindade,PE,295.765,5,mai,36.423769491174234,OK,1991,2020,30,CHIRPS_v2,UCSB-CHG/CHIRPS/DAILY,1991-2020,IBGE_2024
2606309,Granito,PE,521.69,5,mai,50.97606423879239,OK,1991,2020,30,CHIRPS_v2,UCSB-CHG/CHIRPS/DAILY,1991-2020,IBGE_2024
2614303,Moreilândia,PE,404.288,5,mai,56.455136082018534,OK,1991,2020,30,CHIRPS_v2,UCSB-CHG/CHIRPS/DAILY,1991-2020,IBGE_2024
2605301,Exu,PE,1336.786,5,mai,68.7250424706829,OK,1991,2020,30,CHIRPS_v2,UCSB-CHG/CHIRPS/DAILY,1991-2020,IBGE_2024
2612455,Santa Cruz,PE,1246.181,5,mai,19.32826747019278,OK,1991,2020,30,CHIRPS_v2,UCSB-CHG/CHIRPS/DAILY,1991-2020,IBGE_2024
2612554,Santa Filomena,PE,1004.561,5,mai,17.36154744754867,OK,1991,2020,30,CHIRPS_v2,UCSB-CHG/CHIRPS/DAILY,1991-2020,IBGE_2024
2601607,Belém do São Francisco,PE,1830.828,5,mai,22.027185001073995,OK,1991,2020,30,CHIRPS_v2,UCSB-CHG/CHIRPS/DAILY,1991-2020,IBGE_2024
2616100,Verdejante,PE,476.04,5,mai,33.595493100241654,OK,1991,2020,30,CHIRPS_v2,UCSB-CHG/CHIRPS/DAILY,1991-2020,IBGE_2024
2607406,Itacuruba,PE,436.528,5,mai,30.304931700429687,OK,1991,2020,30,CHIRPS_v2,UCSB-CHG/CHIRPS/DAILY,1991-2020,IBGE_2024
2615201,Terra Nova,PE,318.709,5,mai,33.60986908603575,OK,1991,2020,30,CHIRPS_v2,UCSB-CHG/CHIRPS/DAILY,1991-2020,IBGE_2024
2614006,Serrita,PE,1535.19,5,mai,42.777430534138915,OK,1991,2020,30,CHIRPS_v2,UCSB-CHG/CHIRPS/DAILY,1991-2020,IBGE_2024
2604304,Cedro,PE,148.746,5,mai,42.211164511519094,OK,1991,2020,30,CHIRPS_v2,UCSB-CHG/CHIRPS/DAILY,1991-2020,IBGE_2024
2612208,Salgueiro,PE,1678.562,5,mai,32.70651295014289,OK,1991,2020,30,CHIRPS_v2,UCSB-CHG/CHIRPS/DAILY,1991-2020,IBGE_2024
2603009,Cabrobó,PE,1658.617,5,mai,26.999269635171565,OK,1991,2020,30,CHIRPS_v2,UCSB-CHG/CHIRPS/DAILY,1991-2020,IBGE_2024
2610400,Parnamirim,PE,2609.55,5,mai,24.8821938807335,OK,1991,2020,30,CHIRPS_v2,UCSB-CHG/CHIRPS/DAILY,1991-2020,IBGE_2024
2600906,Amaraji,PE,233.239,5,mai,184.78627680467966,OK,1991,2020,30,CHIRPS_v2,UCSB-CHG/CHIRPS/DAILY,1991-2020,IBGE_2024
2605202,Escada,PE,342.156,5,mai,168.70867500343275,OK,1991,2020,30,CHIRPS_v2,UCSB-CHG/CHIRPS/DAILY,1991-2020,IBGE_2024
2604809,Cortês,PE,103.416,5,mai,188.13679136062234,OK,1991,2020,30,CHIRPS_v2,UCSB-CHG/CHIRPS/DAILY,1991-2020,IBGE_2024
2611804,Ribeirão,PE,289.566,5,mai,198.0533571886538,OK,1991,2020,30,CHIRPS_v2,UCSB-CHG/CHIRPS/DAILY,1991-2020,IBGE_2024
2611408,Primavera,PE,113.563,5,mai,178.21545319445826,OK,1991,2020,30,CHIRPS_v2,UCSB-CHG/CHIRPS/DAILY,1991-2020,IBGE_2024
2704302,Maceió,AL,509.295,5,mai,282.66191480838035,OK,1991,2020,30,CHIRPS_v2,UCSB-CHG/CHIRPS/DAILY,1991-2020,IBGE_2024
2702207,Coqueiro Seco,AL,39.608,5,mai,288.3462386810301,OK,1991,2020,30,CHIRPS_v2,UCSB-CHG/CHIRPS/DAILY,1991-2020,IBGE_2024
2700508,Barra de Santo Antônio,AL,131.364,5,mai,249.11269149388352,OK,1991,2020,30,CHIRPS_v2,UCSB-CHG/CHIRPS/DAILY,1991-2020,IBGE_2024
2708907,Satuba,AL,41.268,5,mai,265.938050404438,OK,1991,2020,30,CHIRPS_v2,UCSB-CHG/CHIRPS/DAILY,1991-2020,IBGE_2024
2707701,Rio Largo,AL,293.832,5,mai,233.0155118444992,OK,1991,2020,30,CHIRPS_v2,UCSB-CHG/CHIRPS/DAILY,1991-2020,IBGE_2024
2707909,Santa Luzia do Norte,AL,28.857,5,mai,279.3105460252297,OK,1991,2020,30,CHIRPS_v2,UCSB-CHG/CHIRPS/DAILY,1991-2020,IBGE_2024
2706448,Paripueira,AL,92.813,5,mai,257.69900817051854,OK,1991,2020,30,CHIRPS_v2,UCSB-CHG/CHIRPS/DAILY,1991-2020,IBGE_2024
2705200,Messias,AL,114.156,5,mai,224.51227707532826,OK,1991,2020,30,CHIRPS_v2,UCSB-CHG/CHIRPS/DAILY,1991-2020,IBGE_2024
2704708,Marechal Deodoro,AL,340.987,5,mai,254.36915279708828,OK,1991,2020,30,CHIRPS_v2,UCSB-CHG/CHIRPS/DAILY,1991-2020,IBGE_2024
2703809,Joaquim Gomes,AL,300.865,5,mai,216.68489229427234,OK,1991,2020,30,CHIRPS_v2,UCSB-CHG/CHIRPS/DAILY,1991-2020,IBGE_2024
2702801,Flexeiras,AL,333.756,5,mai,225.92841742316088,OK,1991,2020,30,CHIRPS_v2,UCSB-CHG/CHIRPS/DAILY,1991-2020,IBGE_2024
2700607,Barra de São Miguel,AL,74.332,5,mai,244.25602469754836,OK,1991,2020,30,CHIRPS_v2,UCSB-CHG/CHIRPS/DAILY,1991-2020,IBGE_2024
2706901,Pilar,AL,259.646,5,mai,215.24423425109933,OK,1991,2020,30,CHIRPS_v2,UCSB-CHG/CHIRPS/DAILY,1991-2020,IBGE_2024
2703601,Japaratinga,AL,85.699,5,mai,232.11331058665132,OK,1991,2020,30,CHIRPS_v2,UCSB-CHG/CHIRPS/DAILY,1991-2020,IBGE_2024
2703502,Jacuípe,AL,209.65,5,mai,209.57149774284727,OK,1991,2020,30,CHIRPS_v2,UCSB-CHG/CHIRPS/DAILY,1991-2020,IBGE_2024
2703908,Jundiá,AL,88.772,5,mai,199.30814099474657,OK,1991,2020,30,CHIRPS_v2,UCSB-CHG/CHIRPS/DAILY,1991-2020,IBGE_2024
2702108,Colônia Leopoldina,AL,201.461,5,mai,196.18094206842412,OK,1991,2020,30,CHIRPS_v2,UCSB-CHG/CHIRPS/DAILY,1991-2020,IBGE_2024
2701357,Campestre,AL,65.019,5,mai,200.7810447678475,OK,1991,2020,30,CHIRPS_v2,UCSB-CHG/CHIRPS/DAILY,1991-2020,IBGE_2024
2708709,São Miguel dos Milagres,AL,76.852,5,mai,229.03221492942546,OK,1991,2020,30,CHIRPS_v2,UCSB-CHG/CHIRPS/DAILY,1991-2020,IBGE_2024
2708501,São Luís do Quitunde,AL,397.257,5,mai,218.71352439489527,OK,1991,2020,30,CHIRPS_v2,UCSB-CHG/CHIRPS/DAILY,1991-2020,IBGE_2024
2707404,Porto de Pedras,AL,256.526,5,mai,215.28348847723393,OK,1991,2020,30,CHIRPS_v2,UCSB-CHG/CHIRPS/DAILY,1991-2020,IBGE_2024
2707305,Porto Calvo,AL,313.68,5,mai,200.74192461107071,OK,1991,2020,30,CHIRPS_v2,UCSB-CHG/CHIRPS/DAILY,1991-2020,IBGE_2024
2706505,Passo de Camaragibe,AL,251.169,5,mai,221.89681680640868,OK,1991,2020,30,CHIRPS_v2,UCSB-CHG/CHIRPS/DAILY,1991-2020,IBGE_2024
2705606,Novo Lino,AL,219.327,5,mai,196.40300330520424,OK,1991,2020,30,CHIRPS_v2,UCSB-CHG/CHIRPS/DAILY,1991-2020,IBGE_2024
2705101,Matriz de Camaragibe,AL,238.112,5,mai,200.92356386742622,OK,1991,2020,30,CHIRPS_v2,UCSB-CHG/CHIRPS/DAILY,1991-2020,IBGE_2024
2704500,Maragogi,AL,333.952,5,mai,229.89457602327778,OK,1991,2020,30,CHIRPS_v2,UCSB-CHG/CHIRPS/DAILY,1991-2020,IBGE_2024
2703205,Igreja Nova,AL,428.023,5,mai,195.71238250701893,OK,1991,2020,30,CHIRPS_v2,UCSB-CHG/CHIRPS/DAILY,1991-2020,IBGE_2024
2702702,Feliz Deserto,AL,110.062,5,mai,226.44702415517227,OK,1991,2020,30,CHIRPS_v2,UCSB-CHG/CHIRPS/DAILY,1991-2020,IBGE_2024
2702306,Coruripe,AL,897.431,5,mai,223.0247858017394,OK,1991,2020,30,CHIRPS_v2,UCSB-CHG/CHIRPS/DAILY,1991-2020,IBGE_2024
2708204,São Brás,AL,138.969,5,mai,141.25721945528298,OK,1991,2020,30,CHIRPS_v2,UCSB-CHG/CHIRPS/DAILY,1991-2020,IBGE_2024
2707503,Porto Real do Colégio,AL,237.017,5,mai,156.87717631997802,OK,1991,2020,30,CHIRPS_v2,UCSB-CHG/CHIRPS/DAILY,1991-2020,IBGE_2024
2706703,Penedo,AL,688.713,5,mai,225.2539590478912,OK,1991,2020,30,CHIRPS_v2,UCSB-CHG/CHIRPS/DAILY,1991-2020,IBGE_2024
2706802,Piaçabuçu,AL,243.686,5,mai,238.51144383538067,OK,1991,2020,30,CHIRPS_v2,UCSB-CHG/CHIRPS/DAILY,1991-2020,IBGE_2024
2703759,Jequiá da Praia,AL,334.619,5,mai,234.65309983622095,OK,1991,2020,30,CHIRPS_v2,UCSB-CHG/CHIRPS/DAILY,1991-2020,IBGE_2024
2701407,Campo Alegre,AL,312.726,5,mai,188.57546393146674,OK,1991,2020,30,CHIRPS_v2,UCSB-CHG/CHIRPS/DAILY,1991-2020,IBGE_2024
2701001,Boca da Mata,AL,192.952,5,mai,183.99319811109586,OK,1991,2020,30,CHIRPS_v2,UCSB-CHG/CHIRPS/DAILY,1991-2020,IBGE_2024
2708600,São Miguel dos Campos,AL,335.679,5,mai,215.19263757322125,OK,1991,2020,30,CHIRPS_v2,UCSB-CHG/CHIRPS/DAILY,1991-2020,IBGE_2024
2700201,Anadia,AL,186.074,5,mai,165.15978154022932,OK,1991,2020,30,CHIRPS_v2,UCSB-CHG/CHIRPS/DAILY,1991-2020,IBGE_2024
2707800,Roteiro,AL,128.869,5,mai,253.36094309809246,OK,1991,2020,30,CHIRPS_v2,UCSB-CHG/CHIRPS/DAILY,1991-2020,IBGE_2024
2703007,Ibateguara,AL,265.313,5,mai,165.6250234435288,OK,1991,2020,30,CHIRPS_v2,UCSB-CHG/CHIRPS/DAILY,1991-2020,IBGE_2024
2709301,União dos Palmares,AL,420.081,5,mai,186.3502243705622,OK,1991,2020,30,CHIRPS_v2,UCSB-CHG/CHIRPS/DAILY,1991-2020,IBGE_2024
2701100,Branquinha,AL,168.343,5,mai,197.65895523292124,OK,1991,2020,30,CHIRPS_v2,UCSB-CHG/CHIRPS/DAILY,1991-2020,IBGE_2024
2708105,Santana do Mundaú,AL,232.17,5,mai,170.62300330430904,OK,1991,2020,30,CHIRPS_v2,UCSB-CHG/CHIRPS/DAILY,1991-2020,IBGE_2024
2708303,São José da Laje,AL,256.603,5,mai,174.0379483670805,OK,1991,2020,30,CHIRPS_v2,UCSB-CHG/CHIRPS/DAILY,1991-2020,IBGE_2024
2705507,Murici,AL,418.028,5,mai,211.91058249804954,OK,1991,2020,30,CHIRPS_v2,UCSB-CHG/CHIRPS/DAILY,1991-2020,IBGE_2024
2701902,Chã Preta,AL,157.831,5,mai,188.56794886857466,OK,1991,2020,30,CHIRPS_v2,UCSB-CHG/CHIRPS/DAILY,1991-2020,IBGE_2024
2701704,Capela,AL,253.168,5,mai,190.58902241441618,OK,1991,2020,30,CHIRPS_v2,UCSB-CHG/CHIRPS/DAILY,1991-2020,IBGE_2024
2701308,Cajueiro,AL,107.168,5,mai,179.94002447857017,OK,1991,2020,30,CHIRPS_v2,UCSB-CHG/CHIRPS/DAILY,1991-2020,IBGE_2024
2709400,Viçosa,AL,365.154,5,mai,171.5453002742165,OK,1991,2020,30,CHIRPS_v2,UCSB-CHG/CHIRPS/DAILY,1991-2020,IBGE_2024
2700409,Atalaia,AL,533.259,5,mai,184.98255332661975,OK,1991,2020,30,CHIRPS_v2,UCSB-CHG/CHIRPS/DAILY,1991-2020,IBGE_2024
2707008,Pindoba,AL,117.576,5,mai,169.04905784242135,OK,1991,2020,30,CHIRPS_v2,UCSB-CHG/CHIRPS/DAILY,1991-2020,IBGE_2024
2704906,Mar Vermelho,AL,91.741,5,mai,152.69542700730963,OK,1991,2020,30,CHIRPS_v2,UCSB-CHG/CHIRPS/DAILY,1991-2020,IBGE_2024
2700300,Arapiraca,AL,346.188,5,mai,142.65328073619668,OK,1991,2020,30,CHIRPS_v2,UCSB-CHG/CHIRPS/DAILY,1991-2020,IBGE_2024
2704104,Lagoa da Canoa,AL,83.621,5,mai,152.16364527944478,OK,1991,2020,30,CHIRPS_v2,UCSB-CHG/CHIRPS/DAILY,1991-2020,IBGE_2024
2704005,Junqueiro,AL,246.961,5,mai,159.51302927183986,OK,1991,2020,30,CHIRPS_v2,UCSB-CHG/CHIRPS/DAILY,1991-2020,IBGE_2024
2704203,Limoeiro de Anadia,AL,309.171,5,mai,143.14504721290788,OK,1991,2020,30,CHIRPS_v2,UCSB-CHG/CHIRPS/DAILY,1991-2020,IBGE_2024
2703700,Jaramataia,AL,105.416,5,mai,107.47359225901084,OK,1991,2020,30,CHIRPS_v2,UCSB-CHG/CHIRPS/DAILY,1991-2020,IBGE_2024
2702603,Feira Grande,AL,175.906,5,mai,155.32522309010872,OK,1991,2020,30,CHIRPS_v2,UCSB-CHG/CHIRPS/DAILY,1991-2020,IBGE_2024
2702900,Girau do Ponciano,AL,517.85,5,mai,126.65574398767907,OK,1991,2020,30,CHIRPS_v2,UCSB-CHG/CHIRPS/DAILY,1991-2020,IBGE_2024
2702009,Coité do Nóia,AL,88.334,5,mai,119.66321863062534,OK,1991,2020,30,CHIRPS_v2,UCSB-CHG/CHIRPS/DAILY,1991-2020,IBGE_2024
2702355,Craíbas,AL,277.617,5,mai,100.70442646251058,OK,1991,2020,30,CHIRPS_v2,UCSB-CHG/CHIRPS/DAILY,1991-2020,IBGE_2024
2701506,Campo Grande,AL,170.145,5,mai,141.57593164657402,OK,1991,2020,30,CHIRPS_v2,UCSB-CHG/CHIRPS/DAILY,1991-2020,IBGE_2024
2709202,Traipu,AL,680.0,5,mai,127.75766389287737,OK,1991,2020,30,CHIRPS_v2,UCSB-CHG/CHIRPS/DAILY,1991-2020,IBGE_2024
2709103,Taquarana,AL,153.833,5,mai,125.75527308874483,OK,1991,2020,30,CHIRPS_v2,UCSB-CHG/CHIRPS/DAILY,1991-2020,IBGE_2024
2709152,Teotônio Vilela,AL,299.237,5,mai,198.97989852171676,OK,1991,2020,30,CHIRPS_v2,UCSB-CHG/CHIRPS/DAILY,1991-2020,IBGE_2024
2709004,Tanque d'Arca,AL,124.616,5,mai,137.2270802884782,OK,1991,2020,30,CHIRPS_v2,UCSB-CHG/CHIRPS/DAILY,1991-2020,IBGE_2024
2708808,São Sebastião,AL,312.746,5,mai,174.7813869341926,OK,1991,2020,30,CHIRPS_v2,UCSB-CHG/CHIRPS/DAILY,1991-2020,IBGE_2024
2705903,Olho d'Água Grande,AL,115.509,5,mai,155.94600782431635,OK,1991,2020,30,CHIRPS_v2,UCSB-CHG/CHIRPS/DAILY,1991-2020,IBGE_2024
2704807,Maribondo,AL,180.107,5,mai,152.79940263243577,OK,1991,2020,30,CHIRPS_v2,UCSB-CHG/CHIRPS/DAILY,1991-2020,IBGE_2024
2704401,Major Isidoro,AL,437.602,5,mai,111.2305290191035,OK,1991,2020,30,CHIRPS_v2,UCSB-CHG/CHIRPS/DAILY,1991-2020,IBGE_2024
2703106,Igaci,AL,334.342,5,mai,97.87279737739757,OK,1991,2020,30,CHIRPS_v2,UCSB-CHG/CHIRPS/DAILY,1991-2020,IBGE_2024
2702553,Estrela de Alagoas,AL,260.615,5,mai,93.56009326089408,OK,1991,2020,30,CHIRPS_v2,UCSB-CHG/CHIRPS/DAILY,1991-2020,IBGE_2024
2701209,Cacimbinhas,AL,282.011,5,mai,110.58497960141922,OK,1991,2020,30,CHIRPS_v2,UCSB-CHG/CHIRPS/DAILY,1991-2020,IBGE_2024
2700805,Belém,AL,66.629,5,mai,120.7180829168745,OK,1991,2020,30,CHIRPS_v2,UCSB-CHG/CHIRPS/DAILY,1991-2020,IBGE_2024
2707602,Quebrangulo,AL,319.829,5,mai,183.56222877681276,OK,1991,2020,30,CHIRPS_v2,UCSB-CHG/CHIRPS/DAILY,1991-2020,IBGE_2024
2706604,Paulo Jacinto,AL,118.457,5,mai,157.21608641530267,OK,1991,2020,30,CHIRPS_v2,UCSB-CHG/CHIRPS/DAILY,1991-2020,IBGE_2024
2706307,Palmeira dos Índios,AL,450.99,5,mai,101.782984245707,OK,1991,2020,30,CHIRPS_v2,UCSB-CHG/CHIRPS/DAILY,1991-2020,IBGE_2024
2705309,Minador do Negrão,AL,167.461,5,mai,105.24316168183776,OK,1991,2020,30,CHIRPS_v2,UCSB-CHG/CHIRPS/DAILY,1991-2020,IBGE_2024
2703304,Inhapi,AL,372.019,5,mai,62.23115627803699,OK,1991,2020,30,CHIRPS_v2,UCSB-CHG/CHIRPS/DAILY,1991-2020,IBGE_2024
2702405,Delmiro Gouveia,AL,628.547,5,mai,62.076843184087465,OK,1991,2020,30,CHIRPS_v2,UCSB-CHG/CHIRPS/DAILY,1991-2020,IBGE_2024
2700102,Água Branca,AL,473.845,5,mai,59.71218989342557,OK,1991,2020,30,CHIRPS_v2,UCSB-CHG/CHIRPS/DAILY,1991-2020,IBGE_2024
2707107,Piranhas,AL,403.994,5,mai,71.09151037737668,OK,1991,2020,30,CHIRPS_v2,UCSB-CHG/CHIRPS/DAILY,1991-2020,IBGE_2024
2706422,Pariconha,AL,254.718,5,mai,47.609605771627315,OK,1991,2020,30,CHIRPS_v2,UCSB-CHG/CHIRPS/DAILY,1991-2020,IBGE_2024
2705804,Olho d'Água do Casado,AL,327.679,5,mai,62.20969879198423,OK,1991,2020,30,CHIRPS_v2,UCSB-CHG/CHIRPS/DAILY,1991-2020,IBGE_2024
2705002,Mata Grande,AL,909.535,5,mai,86.88320055909907,OK,1991,2020,30,CHIRPS_v2,UCSB-CHG/CHIRPS/DAILY,1991-2020,IBGE_2024
2702504,Dois Riachos,AL,142.364,5,mai,92.9657557945754,OK,1991,2020,30,CHIRPS_v2,UCSB-CHG/CHIRPS/DAILY,1991-2020,IBGE_2024
2701605,Canapi,AL,600.879,5,mai,78.26637072685742,OK,1991,2020,30,CHIRPS_v2,UCSB-CHG/CHIRPS/DAILY,1991-2020,IBGE_2024
2701803,Carneiros,AL,111.695,5,mai,78.50102500890112,OK,1991,2020,30,CHIRPS_v2,UCSB-CHG/CHIRPS/DAILY,1991-2020,IBGE_2024
2708956,Senador Rui Palmeira,AL,338.569,5,mai,59.10074816592197,OK,1991,2020,30,CHIRPS_v2,UCSB-CHG/CHIRPS/DAILY,1991-2020,IBGE_2024
2708006,Santana do Ipanema,AL,436.087,5,mai,99.00883333114885,OK,1991,2020,30,CHIRPS_v2,UCSB-CHG/CHIRPS/DAILY,1991-2020,IBGE_2024
2707206,Poço das Trincheiras,AL,284.526,5,mai,94.65024647022516,OK,1991,2020,30,CHIRPS_v2,UCSB-CHG/CHIRPS/DAILY,1991-2020,IBGE_2024
2706000,Olivença,AL,174.188,5,mai,91.31796898465298,OK,1991,2020,30,CHIRPS_v2,UCSB-CHG/CHIRPS/DAILY,1991-2020,IBGE_2024
2706109,Ouro Branco,AL,196.349,5,mai,82.28839653607787,OK,1991,2020,30,CHIRPS_v2,UCSB-CHG/CHIRPS/DAILY,1991-2020,IBGE_2024
2704609,Maravilha,AL,334.052,5,mai,77.39824681609007,OK,1991,2020,30,CHIRPS_v2,UCSB-CHG/CHIRPS/DAILY,1991-2020,IBGE_2024
2703403,Jacaré dos Homens,AL,149.332,5,mai,77.73496222181541,OK,1991,2020,30,CHIRPS_v2,UCSB-CHG/CHIRPS/DAILY,1991-2020,IBGE_2024
2700904,Belo Monte,AL,322.887,5,mai,76.08443372846985,OK,1991,2020,30,CHIRPS_v2,UCSB-CHG/CHIRPS/DAILY,1991-2020,IBGE_2024
2700706,Batalha,AL,331.752,5,mai,87.25989098644037,OK,1991,2020,30,CHIRPS_v2,UCSB-CHG/CHIRPS/DAILY,1991-2020,IBGE_2024
2708402,São José da Tapera,AL,490.88,5,mai,68.37176180983154,OK,1991,2020,30,CHIRPS_v2,UCSB-CHG/CHIRPS/DAILY,1991-2020,IBGE_2024
2706208,Palestina,AL,38.189,5,mai,74.14535115297603,OK,1991,2020,30,CHIRPS_v2,UCSB-CHG/CHIRPS/DAILY,1991-2020,IBGE_2024
2706406,Pão de Açúcar,AL,688.87,5,mai,75.53902177859564,OK,1991,2020,30,CHIRPS_v2,UCSB-CHG/CHIRPS/DAILY,1991-2020,IBGE_2024
2705705,Olho d'Água das Flores,AL,188.398,5,mai,83.46462622383032,OK,1991,2020,30,CHIRPS_v2,UCSB-CHG/CHIRPS/DAILY,1991-2020,IBGE_2024
2705408,Monteirópolis,AL,86.605,5,mai,75.38851683279127,OK,1991,2020,30,CHIRPS_v2,UCSB-CHG/CHIRPS/DAILY,1991-2020,IBGE_2024
2801900,Cumbe,SE,121.959,5,mai,167.06853006119485,OK,1991,2020,30,CHIRPS_v2,UCSB-CHG/CHIRPS/DAILY,1991-2020,IBGE_2024
2801306,Capela,SE,442.21,5,mai,214.80187427426728,OK,1991,2020,30,CHIRPS_v2,UCSB-CHG/CHIRPS/DAILY,1991-2020,IBGE_2024
2806503,Santa Rosa de Lima,SE,67.672,5,mai,212.2313882653245,OK,1991,2020,30,CHIRPS_v2,UCSB-CHG/CHIRPS/DAILY,1991-2020,IBGE_2024
2806602,Santo Amaro das Brotas,SE,236.965,5,mai,245.07069901237276,OK,1991,2020,30,CHIRPS_v2,UCSB-CHG/CHIRPS/DAILY,1991-2020,IBGE_2024
2805307,Pirambu,SE,208.681,5,mai,237.71478655418628,OK,1991,2020,30,CHIRPS_v2,UCSB-CHG/CHIRPS/DAILY,1991-2020,IBGE_2024
2804607,Nossa Senhora das Dores,SE,482.785,5,mai,177.93265867740612,OK,1991,2020,30,CHIRPS_v2,UCSB-CHG/CHIRPS/DAILY,1991-2020,IBGE_2024
2803302,Japaratuba,SE,365.677,5,mai,245.55680078126824,OK,1991,2020,30,CHIRPS_v2,UCSB-CHG/CHIRPS/DAILY,1991-2020,IBGE_2024
2803203,Itaporanga d'Ajuda,SE,739.702,5,mai,225.85765985985316,OK,1991,2020,30,CHIRPS_v2,UCSB-CHG/CHIRPS/DAILY,1991-2020,IBGE_2024
2802502,General Maynard,SE,19.793,5,mai,238.42653370950757,OK,1991,2020,30,CHIRPS_v2,UCSB-CHG/CHIRPS/DAILY,1991-2020,IBGE_2024
2802007,Divina Pastora,SE,90.508,5,mai,220.15753744540618,OK,1991,2020,30,CHIRPS_v2,UCSB-CHG/CHIRPS/DAILY,1991-2020,IBGE_2024
2801504,Carmópolis,SE,46.395,5,mai,241.31365398999174,OK,1991,2020,30,CHIRPS_v2,UCSB-CHG/CHIRPS/DAILY,1991-2020,IBGE_2024
2800308,Aracaju,SE,182.163,5,mai,252.8760914377902,OK,1991,2020,30,CHIRPS_v2,UCSB-CHG/CHIRPS/DAILY,1991-2020,IBGE_2024
2800605,Barra dos Coqueiros,SE,92.268,5,mai,230.096942967897,OK,1991,2020,30,CHIRPS_v2,UCSB-CHG/CHIRPS/DAILY,1991-2020,IBGE_2024
2807204,Siriri,SE,168.343,5,mai,213.86863752900751,OK,1991,2020,30,CHIRPS_v2,UCSB-CHG/CHIRPS/DAILY,1991-2020,IBGE_2024
2806701,São Cristóvão,SE,438.037,5,mai,264.752647079042,OK,1991,2020,30,CHIRPS_v2,UCSB-CHG/CHIRPS/DAILY,1991-2020,IBGE_2024
2805901,Riachuelo,SE,78.308,5,mai,225.11392583391284,OK,1991,2020,30,CHIRPS_v2,UCSB-CHG/CHIRPS/DAILY,1991-2020,IBGE_2024
2806107,Rosário do Catete,SE,102.683,5,mai,232.37227064755888,OK,1991,2020,30,CHIRPS_v2,UCSB-CHG/CHIRPS/DAILY,1991-2020,IBGE_2024
2804805,Nossa Senhora do Socorro,SE,155.018,5,mai,240.57591537505783,OK,1991,2020,30,CHIRPS_v2,UCSB-CHG/CHIRPS/DAILY,1991-2020,IBGE_2024
2804003,Maruim,SE,95.554,5,mai,224.9005846112413,OK,1991,2020,30,CHIRPS_v2,UCSB-CHG/CHIRPS/DAILY,1991-2020,IBGE_2024
2803609,Laranjeiras,SE,162.274,5,mai,231.6723870738528,OK,1991,2020,30,CHIRPS_v2,UCSB-CHG/CHIRPS/DAILY,1991-2020,IBGE_2024
2802106,Estância,SE,647.344,5,mai,257.2202165160183,OK,1991,2020,30,CHIRPS_v2,UCSB-CHG/CHIRPS/DAILY,1991-2020,IBGE_2024
2801702,Cristinápolis,SE,228.556,5,mai,183.59251812965257,OK,1991,2020,30,CHIRPS_v2,UCSB-CHG/CHIRPS/DAILY,1991-2020,IBGE_2024
2800407,Arauá,SE,198.967,5,mai,195.86248170062817,OK,1991,2020,30,CHIRPS_v2,UCSB-CHG/CHIRPS/DAILY,1991-2020,IBGE_2024
2800670,Boquim,SE,205.443,5,mai,180.3125352811579,OK,1991,2020,30,CHIRPS_v2,UCSB-CHG/CHIRPS/DAILY,1991-2020,IBGE_2024
2807501,Tomar do Geru,SE,304.837,5,mai,120.81343075294255,OK,1991,2020,30,CHIRPS_v2,UCSB-CHG/CHIRPS/DAILY,1991-2020,IBGE_2024
2807600,Umbaúba,SE,117.514,5,mai,188.5456658051959,OK,1991,2020,30,CHIRPS_v2,UCSB-CHG/CHIRPS/DAILY,1991-2020,IBGE_2024
2806305,Santa Luzia do Itanhy,SE,325.259,5,mai,229.62108917571766,OK,1991,2020,30,CHIRPS_v2,UCSB-CHG/CHIRPS/DAILY,1991-2020,IBGE_2024
2805109,Pedrinhas,SE,33.344,5,mai,176.0884287401608,OK,1991,2020,30,CHIRPS_v2,UCSB-CHG/CHIRPS/DAILY,1991-2020,IBGE_2024
2803005,Itabaianinha,SE,501.794,5,mai,141.14335462022564,OK,1991,2020,30,CHIRPS_v2,UCSB-CHG/CHIRPS/DAILY,1991-2020,IBGE_2024
2802809,Indiaroba,SE,316.316,5,mai,231.7011157318983,OK,1991,2020,30,CHIRPS_v2,UCSB-CHG/CHIRPS/DAILY,1991-2020,IBGE_2024
2802700,Ilha das Flores,SE,52.693,5,mai,206.222142309681,OK,1991,2020,30,CHIRPS_v2,UCSB-CHG/CHIRPS/DAILY,1991-2020,IBGE_2024
2801603,Cedro de São João,SE,83.71,5,mai,167.8114051246905,OK,1991,2020,30,CHIRPS_v2,UCSB-CHG/CHIRPS/DAILY,1991-2020,IBGE_2024
2801108,Canhoba,SE,171.581,5,mai,129.9979347203213,OK,1991,2020,30,CHIRPS_v2,UCSB-CHG/CHIRPS/DAILY,1991-2020,IBGE_2024
2800209,Aquidabã,SE,359.543,5,mai,163.16300873917382,OK,1991,2020,30,CHIRPS_v2,UCSB-CHG/CHIRPS/DAILY,1991-2020,IBGE_2024
2800704,Brejo Grande,SE,141.464,5,mai,203.8875341114951,OK,1991,2020,30,CHIRPS_v2,UCSB-CHG/CHIRPS/DAILY,1991-2020,IBGE_2024
2800100,Amparo do São Francisco,SE,35.683,5,mai,122.83712774029337,OK,1991,2020,30,CHIRPS_v2,UCSB-CHG/CHIRPS/DAILY,1991-2020,IBGE_2024
2806909,São Francisco,SE,83.985,5,mai,177.51976847241673,OK,1991,2020,30,CHIRPS_v2,UCSB-CHG/CHIRPS/DAILY,1991-2020,IBGE_2024
2807303,Telha,SE,47.86,5,mai,126.97839801400931,OK,1991,2020,30,CHIRPS_v2,UCSB-CHG/CHIRPS/DAILY,1991-2020,IBGE_2024
2806404,Santana do São Francisco,SE,44.017,5,mai,190.07976788852932,OK,1991,2020,30,CHIRPS_v2,UCSB-CHG/CHIRPS/DAILY,1991-2020,IBGE_2024
2805703,Propriá,SE,96.32,5,mai,145.3798771581143,OK,1991,2020,30,CHIRPS_v2,UCSB-CHG/CHIRPS/DAILY,1991-2020,IBGE_2024
2804904,Pacatuba,SE,381.428,5,mai,205.86632483925064,OK,1991,2020,30,CHIRPS_v2,UCSB-CHG/CHIRPS/DAILY,1991-2020,IBGE_2024
2804300,Muribeca,SE,74.31,5,mai,202.75345547296735,OK,1991,2020,30,CHIRPS_v2,UCSB-CHG/CHIRPS/DAILY,1991-2020,IBGE_2024
2804409,Neópolis,SE,271.323,5,mai,195.4414251359344,OK,1991,2020,30,CHIRPS_v2,UCSB-CHG/CHIRPS/DAILY,1991-2020,IBGE_2024
2804706,Nossa Senhora de Lourdes,SE,83.767,5,mai,124.93445408176116,OK,1991,2020,30,CHIRPS_v2,UCSB-CHG/CHIRPS/DAILY,1991-2020,IBGE_2024
2803807,Malhada dos Bois,SE,63.199,5,mai,187.74585594224806,OK,1991,2020,30,CHIRPS_v2,UCSB-CHG/CHIRPS/DAILY,1991-2020,IBGE_2024
2803401,Japoatã,SE,402.353,5,mai,198.95937073788897,OK,1991,2020,30,CHIRPS_v2,UCSB-CHG/CHIRPS/DAILY,1991-2020,IBGE_2024
2802304,Frei Paulo,SE,399.178,5,mai,127.9655797970987,OK,1991,2020,30,CHIRPS_v2,UCSB-CHG/CHIRPS/DAILY,1991-2020,IBGE_2024
2801405,Carira,SE,638.875,5,mai,90.40905046090457,OK,1991,2020,30,CHIRPS_v2,UCSB-CHG/CHIRPS/DAILY,1991-2020,IBGE_2024
2801009,Campo do Brito,SE,201.518,5,mai,176.63843919777165,OK,1991,2020,30,CHIRPS_v2,UCSB-CHG/CHIRPS/DAILY,1991-2020,IBGE_2024
2800506,Areia Branca,SE,148.135,5,mai,226.38622608538475,OK,1991,2020,30,CHIRPS_v2,UCSB-CHG/CHIRPS/DAILY,1991-2020,IBGE_2024
2807006,São Miguel do Aleixo,SE,140.041,5,mai,135.18627047126787,OK,1991,2020,30,CHIRPS_v2,UCSB-CHG/CHIRPS/DAILY,1991-2020,IBGE_2024
2806800,São Domingos,SE,101.999,5,mai,162.62966010860498,OK,1991,2020,30,CHIRPS_v2,UCSB-CHG/CHIRPS/DAILY,1991-2020,IBGE_2024
2806008,Ribeirópolis,SE,259.057,5,mai,140.89086682258264,OK,1991,2020,30,CHIRPS_v2,UCSB-CHG/CHIRPS/DAILY,1991-2020,IBGE_2024
2805000,Pedra Mole,SE,82.184,5,mai,132.94236119350631,OK,1991,2020,30,CHIRPS_v2,UCSB-CHG/CHIRPS/DAILY,1991-2020,IBGE_2024
2805208,Pinhão,SE,156.4,5,mai,123.04856301808898,OK,1991,2020,30,CHIRPS_v2,UCSB-CHG/CHIRPS/DAILY,1991-2020,IBGE_2024
2804458,Nossa Senhora Aparecida,SE,340.855,5,mai,112.65368204506396,OK,1991,2020,30,CHIRPS_v2,UCSB-CHG/CHIRPS/DAILY,1991-2020,IBGE_2024
2803906,Malhador,SE,101.888,5,mai,204.19776193434672,OK,1991,2020,30,CHIRPS_v2,UCSB-CHG/CHIRPS/DAILY,1991-2020,IBGE_2024
2804102,Moita Bonita,SE,95.397,5,mai,159.42760327441266,OK,1991,2020,30,CHIRPS_v2,UCSB-CHG/CHIRPS/DAILY,1991-2020,IBGE_2024
2803708,Macambira,SE,137.496,5,mai,140.4056418729459,OK,1991,2020,30,CHIRPS_v2,UCSB-CHG/CHIRPS/DAILY,1991-2020,IBGE_2024
2802908,Itabaiana,SE,337.348,5,mai,162.61985231422247,OK,1991,2020,30,CHIRPS_v2,UCSB-CHG/CHIRPS/DAILY,1991-2020,IBGE_2024
2807402,Tobias Barreto,SE,1024.645,5,mai,89.06021150640933,OK,1991,2020,30,CHIRPS_v2,UCSB-CHG/CHIRPS/DAILY,1991-2020,IBGE_2024
2807105,Simão Dias,SE,560.199,5,mai,134.00523464253789,OK,1991,2020,30,CHIRPS_v2,UCSB-CHG/CHIRPS/DAILY,1991-2020,IBGE_2024
2806206,Salgado,SE,247.579,5,mai,204.4643633260078,OK,1991,2020,30,CHIRPS_v2,UCSB-CHG/CHIRPS/DAILY,1991-2020,IBGE_2024
2805505,Poço Verde,SE,441.326,5,mai,71.38751607589893,OK,1991,2020,30,CHIRPS_v2,UCSB-CHG/CHIRPS/DAILY,1991-2020,IBGE_2024
2805802,Riachão do Dantas,SE,530.606,5,mai,128.2891366566408,OK,1991,2020,30,CHIRPS_v2,UCSB-CHG/CHIRPS/DAILY,1991-2020,IBGE_2024
2803500,Lagarto,SE,968.921,5,mai,157.56481159931715,OK,1991,2020,30,CHIRPS_v2,UCSB-CHG/CHIRPS/DAILY,1991-2020,IBGE_2024
2803104,Itabi,SE,183.422,5,mai,116.74139529322639,OK,1991,2020,30,CHIRPS_v2,UCSB-CHG/CHIRPS/DAILY,1991-2020,IBGE_2024
2802403,Gararu,SE,661.622,5,mai,91.03117167229745,OK,1991,2020,30,CHIRPS_v2,UCSB-CHG/CHIRPS/DAILY,1991-2020,IBGE_2024
2802601,Graccho Cardoso,SE,240.756,5,mai,139.32731259952897,OK,1991,2020,30,CHIRPS_v2,UCSB-CHG/CHIRPS/DAILY,1991-2020,IBGE_2024
2802205,Feira Nova,SE,194.187,5,mai,131.43427251968149,OK,1991,2020,30,CHIRPS_v2,UCSB-CHG/CHIRPS/DAILY,1991-2020,IBGE_2024
2801207,Canindé de São Francisco,SE,1080.009,5,mai,62.52043831015564,OK,1991,2020,30,CHIRPS_v2,UCSB-CHG/CHIRPS/DAILY,1991-2020,IBGE_2024
2805406,Poço Redondo,SE,1074.584,5,mai,70.14893886029276,OK,1991,2020,30,CHIRPS_v2,UCSB-CHG/CHIRPS/DAILY,1991-2020,IBGE_2024
2805604,Porto da Folha,SE,878.044,5,mai,72.65445949643579,OK,1991,2020,30,CHIRPS_v2,UCSB-CHG/CHIRPS/DAILY,1991-2020,IBGE_2024
2804508,Nossa Senhora da Glória,SE,754.959,5,mai,91.35589827368634,OK,1991,2020,30,CHIRPS_v2,UCSB-CHG/CHIRPS/DAILY,1991-2020,IBGE_2024
2804201,Monte Alegre de Sergipe,SE,387.352,5,mai,78.92678417760885,OK,1991,2020,30,CHIRPS_v2,UCSB-CHG/CHIRPS/DAILY,1991-2020,IBGE_2024
2930709,Simões Filho,BA,201.529,5,mai,267.50486903687084,OK,1991,2020,30,CHIRPS_v2,UCSB-CHG/CHIRPS/DAILY,1991-2020,IBGE_2024
2906501,Candeias,BA,251.808,5,mai,292.712421789494,OK,1991,2020,30,CHIRPS_v2,UCSB-CHG/CHIRPS/DAILY,1991-2020,IBGE_2024
2905701,Camaçari,BA,785.421,5,mai,272.78349776563664,OK,1991,2020,30,CHIRPS_v2,UCSB-CHG/CHIRPS/DAILY,1991-2020,IBGE_2024
2929503,São Sebastião do Passé,BA,536.678,5,mai,265.23824264891476,OK,1991,2020,30,CHIRPS_v2,UCSB-CHG/CHIRPS/DAILY,1991-2020,IBGE_2024
2929206,São Francisco do Conde,BA,269.737,5,mai,311.5102786710605,OK,1991,2020,30,CHIRPS_v2,UCSB-CHG/CHIRPS/DAILY,1991-2020,IBGE_2024
2921005,Mata de São João,BA,605.169,5,mai,283.5522274697076,OK,1991,2020,30,CHIRPS_v2,UCSB-CHG/CHIRPS/DAILY,1991-2020,IBGE_2024
2919926,Madre de Deus,BA,33.032,5,mai,310.663225616601,OK,1991,2020,30,CHIRPS_v2,UCSB-CHG/CHIRPS/DAILY,1991-2020,IBGE_2024
2927408,Salvador,BA,692.589,5,mai,282.03230019832614,OK,1991,2020,30,CHIRPS_v2,UCSB-CHG/CHIRPS/DAILY,1991-2020,IBGE_2024
2919207,Lauro de Freitas,BA,57.942,5,mai,193.43547226536452,OK,1991,2020,30,CHIRPS_v2,UCSB-CHG/CHIRPS/DAILY,1991-2020,IBGE_2024
2910057,Dias d'Ávila,BA,183.759,5,mai,277.0248388441704,OK,1991,2020,30,CHIRPS_v2,UCSB-CHG/CHIRPS/DAILY,1991-2020,IBGE_2024
2931707,Terra Nova,BA,193.241,5,mai,206.78673735922516,OK,1991,2020,30,CHIRPS_v2,UCSB-CHG/CHIRPS/DAILY,1991-2020,IBGE_2024
2915908,Itanagra,BA,533.632,5,mai,277.3859982501214,OK,1991,2020,30,CHIRPS_v2,UCSB-CHG/CHIRPS/DAILY,1991-2020,IBGE_2024
2907509,Catu,BA,426.956,5,mai,208.06563087140046,OK,1991,2020,30,CHIRPS_v2,UCSB-CHG/CHIRPS/DAILY,1991-2020,IBGE_2024
2929750,Saubara,BA,166.428,5,mai,275.4317438740245,OK,1991,2020,30,CHIRPS_v2,UCSB-CHG/CHIRPS/DAILY,1991-2020,IBGE_2024
2928604,Santo Amaro,BA,494.502,5,mai,251.26984401242075,OK,1991,2020,30,CHIRPS_v2,UCSB-CHG/CHIRPS/DAILY,1991-2020,IBGE_2024
2925204,Pojuca,BA,314.931,5,mai,254.66300515519697,OK,1991,2020,30,CHIRPS_v2,UCSB-CHG/CHIRPS/DAILY,1991-2020,IBGE_2024
2900702,Alagoinhas,BA,707.836,5,mai,174.95985409757827,OK,1991,2020,30,CHIRPS_v2,UCSB-CHG/CHIRPS/DAILY,1991-2020,IBGE_2024
2909604,Crisópolis,BA,636.609,5,mai,108.62240584618961,OK,1991,2020,30,CHIRPS_v2,UCSB-CHG/CHIRPS/DAILY,1991-2020,IBGE_2024
2924108,Pedrão,BA,158.487,5,mai,134.0146327882209,OK,1991,2020,30,CHIRPS_v2,UCSB-CHG/CHIRPS/DAILY,1991-2020,IBGE_2024
2916500,Itapicuru,BA,1557.688,5,mai,88.76881308422993,OK,1991,2020,30,CHIRPS_v2,UCSB-CHG/CHIRPS/DAILY,1991-2020,IBGE_2024
2900306,Acajutiba,BA,181.475,5,mai,147.63041721890207,OK,1991,2020,30,CHIRPS_v2,UCSB-CHG/CHIRPS/DAILY,1991-2020,IBGE_2024
2908606,Conde,BA,931.106,5,mai,228.76442289024484,OK,1991,2020,30,CHIRPS_v2,UCSB-CHG/CHIRPS/DAILY,1991-2020,IBGE_2024
2931400,Teodoro Sampaio,BA,244.613,5,mai,160.34905644096312,OK,1991,2020,30,CHIRPS_v2,UCSB-CHG/CHIRPS/DAILY,1991-2020,IBGE_2024
2907004,Cardeal da Silva,BA,293.456,5,mai,228.2506977937255,OK,1991,2020,30,CHIRPS_v2,UCSB-CHG/CHIRPS/DAILY,1991-2020,IBGE_2024
2929701,Sátiro Dias,BA,949.223,5,mai,87.07394910139504,OK,1991,2020,30,CHIRPS_v2,UCSB-CHG/CHIRPS/DAILY,1991-2020,IBGE_2024
2913705,Inhambupe,BA,1082.283,5,mai,117.65472011498747,OK,1991,2020,30,CHIRPS_v2,UCSB-CHG/CHIRPS/DAILY,1991-2020,IBGE_2024
2927002,Rio Real,BA,739.776,5,mai,150.10330468463127,OK,1991,2020,30,CHIRPS_v2,UCSB-CHG/CHIRPS/DAILY,1991-2020,IBGE_2024
2910503,Entre Rios,BA,1187.767,5,mai,214.0017081964129,OK,1991,2020,30,CHIRPS_v2,UCSB-CHG/CHIRPS/DAILY,1991-2020,IBGE_2024
2902203,Aramari,BA,368.947,5,mai,144.71513265308565,OK,1991,2020,30,CHIRPS_v2,UCSB-CHG/CHIRPS/DAILY,1991-2020,IBGE_2024
2910602,Esplanada,BA,1299.356,5,mai,212.3254135109614,OK,1991,2020,30,CHIRPS_v2,UCSB-CHG/CHIRPS/DAILY,1991-2020,IBGE_2024
2902054,Araçás,BA,474.577,5,mai,215.58219024287536,OK,1991,2020,30,CHIRPS_v2,UCSB-CHG/CHIRPS/DAILY,1991-2020,IBGE_2024
2901908,Aporá,BA,479.262,5,mai,118.85071341264282,OK,1991,2020,30,CHIRPS_v2,UCSB-CHG/CHIRPS/DAILY,1991-2020,IBGE_2024
2917904,Jandaíra,BA,640.772,5,mai,229.84045223440825,OK,1991,2020,30,CHIRPS_v2,UCSB-CHG/CHIRPS/DAILY,1991-2020,IBGE_2024
2933174,Varzedo,BA,221.399,5,mai,88.48756835419387,OK,1991,2020,30,CHIRPS_v2,UCSB-CHG/CHIRPS/DAILY,1991-2020,IBGE_2024
2901007,Amargosa,BA,431.654,5,mai,58.2644453119703,OK,1991,2020,30,CHIRPS_v2,UCSB-CHG/CHIRPS/DAILY,1991-2020,IBGE_2024
2932101,Ubaíra,BA,663.892,5,mai,53.84610653758981,OK,1991,2020,30,CHIRPS_v2,UCSB-CHG/CHIRPS/DAILY,1991-2020,IBGE_2024
2922805,Nova Itarana,BA,475.381,5,mai,25.70349772033948,OK,1991,2020,30,CHIRPS_v2,UCSB-CHG/CHIRPS/DAILY,1991-2020,IBGE_2024
2922201,Muniz Ferreira,BA,104.54,5,mai,175.47954631410647,OK,1991,2020,30,CHIRPS_v2,UCSB-CHG/CHIRPS/DAILY,1991-2020,IBGE_2024
2922409,Mutuípe,BA,275.854,5,mai,89.10594104528535,OK,1991,2020,30,CHIRPS_v2,UCSB-CHG/CHIRPS/DAILY,1991-2020,IBGE_2024
2929404,São Miguel das Matas,BA,230.906,5,mai,88.88388465696022,OK,1991,2020,30,CHIRPS_v2,UCSB-CHG/CHIRPS/DAILY,1991-2020,IBGE_2024
2921302,Milagres,BA,420.357,5,mai,38.560549515067414,OK,1991,2020,30,CHIRPS_v2,UCSB-CHG/CHIRPS/DAILY,1991-2020,IBGE_2024
2904308,Brejões,BA,518.566,5,mai,38.5961781957649,OK,1991,2020,30,CHIRPS_v2,UCSB-CHG/CHIRPS/DAILY,1991-2020,IBGE_2024
2928703,Santo Antônio de Jesus,BA,261.74,5,mai,117.23714493913552,OK,1991,2020,30,CHIRPS_v2,UCSB-CHG/CHIRPS/DAILY,1991-2020,IBGE_2024
2918803,Laje,BA,449.835,5,mai,114.33360267781276,OK,1991,2020,30,CHIRPS_v2,UCSB-CHG/CHIRPS/DAILY,1991-2020,IBGE_2024
2918209,Jiquiriçá,BA,238.66,5,mai,67.841531458588,OK,1991,2020,30,CHIRPS_v2,UCSB-CHG/CHIRPS/DAILY,1991-2020,IBGE_2024
2910305,Elísio Medrado,BA,179.329,5,mai,62.75106931567419,OK,1991,2020,30,CHIRPS_v2,UCSB-CHG/CHIRPS/DAILY,1991-2020,IBGE_2024
2910206,Dom Macedo Costa,BA,94.778,5,mai,105.47615150888313,OK,1991,2020,30,CHIRPS_v2,UCSB-CHG/CHIRPS/DAILY,1991-2020,IBGE_2024
2908309,Conceição do Almeida,BA,284.837,5,mai,93.87377488954125,OK,1991,2020,30,CHIRPS_v2,UCSB-CHG/CHIRPS/DAILY,1991-2020,IBGE_2024
2916856,Itatim,BA,547.509,5,mai,42.79264606001262,OK,1991,2020,30,CHIRPS_v2,UCSB-CHG/CHIRPS/DAILY,1991-2020,IBGE_2024
2907301,Castro Alves,BA,713.789,5,mai,72.30298965963395,OK,1991,2020,30,CHIRPS_v2,UCSB-CHG/CHIRPS/DAILY,1991-2020,IBGE_2024
2922300,Muritiba,BA,86.311,5,mai,120.19119194982332,OK,1991,2020,30,CHIRPS_v2,UCSB-CHG/CHIRPS/DAILY,1991-2020,IBGE_2024
2929602,Sapeaçu,BA,131.218,5,mai,102.15177718722808,OK,1991,2020,30,CHIRPS_v2,UCSB-CHG/CHIRPS/DAILY,1991-2020,IBGE_2024
2904902,Cachoeira,BA,394.893,5,mai,204.14118621303996,OK,1991,2020,30,CHIRPS_v2,UCSB-CHG/CHIRPS/DAILY,1991-2020,IBGE_2024
2929107,São Felipe,BA,222.407,5,mai,139.05689215453853,OK,1991,2020,30,CHIRPS_v2,UCSB-CHG/CHIRPS/DAILY,1991-2020,IBGE_2024
2904852,Cabaceiras do Paraguaçu,BA,222.027,5,mai,99.66451257105692,OK,1991,2020,30,CHIRPS_v2,UCSB-CHG/CHIRPS/DAILY,1991-2020,IBGE_2024
2929008,São Félix,BA,103.226,5,mai,148.5478316152578,OK,1991,2020,30,CHIRPS_v2,UCSB-CHG/CHIRPS/DAILY,1991-2020,IBGE_2024
2928505,Santa Terezinha,BA,719.258,5,mai,44.890464471822554,OK,1991,2020,30,CHIRPS_v2,UCSB-CHG/CHIRPS/DAILY,1991-2020,IBGE_2024
2911600,Governador Mangabeira,BA,106.848,5,mai,120.39050778464387,OK,1991,2020,30,CHIRPS_v2,UCSB-CHG/CHIRPS/DAILY,1991-2020,IBGE_2024
2909802,Cruz das Almas,BA,139.118,5,mai,121.6328056961932,OK,1991,2020,30,CHIRPS_v2,UCSB-CHG/CHIRPS/DAILY,1991-2020,IBGE_2024
2932903,Valença,BA,1123.975,5,mai,185.32155875400156,OK,1991,2020,30,CHIRPS_v2,UCSB-CHG/CHIRPS/DAILY,1991-2020,IBGE_2024
2917300,Ituberá,BA,415.428,5,mai,196.1509854288653,OK,1991,2020,30,CHIRPS_v2,UCSB-CHG/CHIRPS/DAILY,1991-2020,IBGE_2024
2922607,Nilo Peçanha,BA,388.936,5,mai,202.40174069023985,OK,1991,2020,30,CHIRPS_v2,UCSB-CHG/CHIRPS/DAILY,1991-2020,IBGE_2024
2931202,Taperoá,BA,454.081,5,mai,183.9170740831108,OK,1991,2020,30,CHIRPS_v2,UCSB-CHG/CHIRPS/DAILY,1991-2020,IBGE_2024
2905800,Camamu,BA,839.702,5,mai,153.29305550438252,OK,1991,2020,30,CHIRPS_v2,UCSB-CHG/CHIRPS/DAILY,1991-2020,IBGE_2024
2905404,Cairu,BA,448.846,5,mai,268.67176889521846,OK,1991,2020,30,CHIRPS_v2,UCSB-CHG/CHIRPS/DAILY,1991-2020,IBGE_2024
2913457,Igrapiúna,BA,591.312,5,mai,169.37188226214178,OK,1991,2020,30,CHIRPS_v2,UCSB-CHG/CHIRPS/DAILY,1991-2020,IBGE_2024
2925758,Presidente Tancredo Neves,BA,441.82,5,mai,125.35774528871778,OK,1991,2020,30,CHIRPS_v2,UCSB-CHG/CHIRPS/DAILY,1991-2020,IBGE_2024
2917805,Jaguaripe,BA,863.424,5,mai,245.5623803054926,OK,1991,2020,30,CHIRPS_v2,UCSB-CHG/CHIRPS/DAILY,1991-2020,IBGE_2024
2933208,Vera Cruz,BA,297.537,5,mai,352.44689533557647,OK,1991,2020,30,CHIRPS_v2,UCSB-CHG/CHIRPS/DAILY,1991-2020,IBGE_2024
2916104,Itaparica,BA,121.373,5,mai,318.4106738024599,OK,1991,2020,30,CHIRPS_v2,UCSB-CHG/CHIRPS/DAILY,1991-2020,IBGE_2024
2922508,Nazaré,BA,278.63,5,mai,211.60181020013837,OK,1991,2020,30,CHIRPS_v2,UCSB-CHG/CHIRPS/DAILY,1991-2020,IBGE_2024
2920601,Maragogipe,BA,437.61,5,mai,192.87675059510084,OK,1991,2020,30,CHIRPS_v2,UCSB-CHG/CHIRPS/DAILY,1991-2020,IBGE_2024
2927309,Salinas da Margarida,BA,150.569,5,mai,281.22237988130354,OK,1991,2020,30,CHIRPS_v2,UCSB-CHG/CHIRPS/DAILY,1991-2020,IBGE_2024
2902302,Aratuípe,BA,174.012,5,mai,197.23333221719,OK,1991,2020,30,CHIRPS_v2,UCSB-CHG/CHIRPS/DAILY,1991-2020,IBGE_2024
2914802,Itabuna,BA,401.028,5,mai,110.70557756954263,OK,1991,2020,30,CHIRPS_v2,UCSB-CHG/CHIRPS/DAILY,1991-2020,IBGE_2024
2913606,Ilhéus,BA,1588.556,5,mai,132.98511292321305,OK,1991,2020,30,CHIRPS_v2,UCSB-CHG/CHIRPS/DAILY,1991-2020,IBGE_2024
2900900,Almadina,BA,245.236,5,mai,79.29218353697362,OK,1991,2020,30,CHIRPS_v2,UCSB-CHG/CHIRPS/DAILY,1991-2020,IBGE_2024
2916609,Itapitanga,BA,420.664,5,mai,68.2567646154323,OK,1991,2020,30,CHIRPS_v2,UCSB-CHG/CHIRPS/DAILY,1991-2020,IBGE_2024
2932705,Uruçuca,BA,510.097,5,mai,127.95835008226946,OK,1991,2020,30,CHIRPS_v2,UCSB-CHG/CHIRPS/DAILY,1991-2020,IBGE_2024
2932200,Ubaitaba,BA,181.102,5,mai,107.38945818039971,OK,1991,2020,30,CHIRPS_v2,UCSB-CHG/CHIRPS/DAILY,1991-2020,IBGE_2024
2916203,Itapé,BA,452.716,5,mai,83.2250426700425,OK,1991,2020,30,CHIRPS_v2,UCSB-CHG/CHIRPS/DAILY,1991-2020,IBGE_2024
2908002,Coaraci,BA,274.501,5,mai,84.36722932862547,OK,1991,2020,30,CHIRPS_v2,UCSB-CHG/CHIRPS/DAILY,1991-2020,IBGE_2024
2915403,Itaju do Colônia,BA,1226.908,5,mai,56.70120179592393,OK,1991,2020,30,CHIRPS_v2,UCSB-CHG/CHIRPS/DAILY,1991-2020,IBGE_2024
2915502,Itajuípe,BA,270.752,5,mai,103.22883108591267,OK,1991,2020,30,CHIRPS_v2,UCSB-CHG/CHIRPS/DAILY,1991-2020,IBGE_2024
2914901,Itacaré,BA,726.265,5,mai,136.86474443506754,OK,1991,2020,30,CHIRPS_v2,UCSB-CHG/CHIRPS/DAILY,1991-2020,IBGE_2024
2929354,São José da Vitória,BA,127.925,5,mai,107.85889933756322,OK,1991,2020,30,CHIRPS_v2,UCSB-CHG/CHIRPS/DAILY,1991-2020,IBGE_2024
2920700,Maraú,BA,848.885,5,mai,145.17791002958867,OK,1991,2020,30,CHIRPS_v2,UCSB-CHG/CHIRPS/DAILY,1991-2020,IBGE_2024
2904704,Buerarema,BA,219.487,5,mai,112.25858421468335,OK,1991,2020,30,CHIRPS_v2,UCSB-CHG/CHIRPS/DAILY,1991-2020,IBGE_2024
2912707,Ibirapitanga,BA,472.664,5,mai,107.01614814770761,OK,1991,2020,30,CHIRPS_v2,UCSB-CHG/CHIRPS/DAILY,1991-2020,IBGE_2024
2927804,Santa Cruz da Vitória,BA,284.083,5,mai,64.79552825803334,OK,1991,2020,30,CHIRPS_v2,UCSB-CHG/CHIRPS/DAILY,1991-2020,IBGE_2024
2912301,Ibicuí,BA,1139.378,5,mai,60.557567953829015,OK,1991,2020,30,CHIRPS_v2,UCSB-CHG/CHIRPS/DAILY,1991-2020,IBGE_2024
2912103,Ibicaraí,BA,230.953,5,mai,86.12868401963426,OK,1991,2020,30,CHIRPS_v2,UCSB-CHG/CHIRPS/DAILY,1991-2020,IBGE_2024
2903300,Barro Preto,BA,201.585,5,mai,109.20725434492888,OK,1991,2020,30,CHIRPS_v2,UCSB-CHG/CHIRPS/DAILY,1991-2020,IBGE_2024
2911006,Floresta Azul,BA,321.013,5,mai,68.26507561535139,OK,1991,2020,30,CHIRPS_v2,UCSB-CHG/CHIRPS/DAILY,1991-2020,IBGE_2024
2910909,Firmino Alves,BA,172.353,5,mai,70.52562862909215,OK,1991,2020,30,CHIRPS_v2,UCSB-CHG/CHIRPS/DAILY,1991-2020,IBGE_2024
2902401,Aurelino Leal,BA,445.394,5,mai,94.74397795940001,OK,1991,2020,30,CHIRPS_v2,UCSB-CHG/CHIRPS/DAILY,1991-2020,IBGE_2024
2931350,Teixeira de Freitas,BA,1165.618,5,mai,74.93571149279013,OK,1991,2020,30,CHIRPS_v2,UCSB-CHG/CHIRPS/DAILY,1991-2020,IBGE_2024
2900801,Alcobaça,BA,1477.929,5,mai,111.46397794142946,OK,1991,2020,30,CHIRPS_v2,UCSB-CHG/CHIRPS/DAILY,1991-2020,IBGE_2024
2933257,Vereda,BA,782.159,5,mai,67.65435987068943,OK,1991,2020,30,CHIRPS_v2,UCSB-CHG/CHIRPS/DAILY,1991-2020,IBGE_2024
2916005,Itanhém,BA,1394.174,5,mai,48.27778146025113,OK,1991,2020,30,CHIRPS_v2,UCSB-CHG/CHIRPS/DAILY,1991-2020,IBGE_2024
2915601,Itamaraju,BA,2360.584,5,mai,81.85550912578401,OK,1991,2020,30,CHIRPS_v2,UCSB-CHG/CHIRPS/DAILY,1991-2020,IBGE_2024
2923001,Nova Viçosa,BA,1316.398,5,mai,82.63507178360457,OK,1991,2020,30,CHIRPS_v2,UCSB-CHG/CHIRPS/DAILY,1991-2020,IBGE_2024
2906907,Caravelas,BA,2375.525,5,mai,87.02656272169693,OK,1991,2020,30,CHIRPS_v2,UCSB-CHG/CHIRPS/DAILY,1991-2020,IBGE_2024
2922003,Mucuri,BA,1787.422,5,mai,64.05438518277293,OK,1991,2020,30,CHIRPS_v2,UCSB-CHG/CHIRPS/DAILY,1991-2020,IBGE_2024
2921104,Medeiros Neto,BA,1314.108,5,mai,49.93128308620862,OK,1991,2020,30,CHIRPS_v2,UCSB-CHG/CHIRPS/DAILY,1991-2020,IBGE_2024
2912806,Ibirapuã,BA,770.866,5,mai,66.18416530571461,OK,1991,2020,30,CHIRPS_v2,UCSB-CHG/CHIRPS/DAILY,1991-2020,IBGE_2024
2918902,Lajedão,BA,624.77,5,mai,50.33391322562015,OK,1991,2020,30,CHIRPS_v2,UCSB-CHG/CHIRPS/DAILY,1991-2020,IBGE_2024
2918456,Jucuruçu,BA,1457.656,5,mai,57.95680093283548,OK,1991,2020,30,CHIRPS_v2,UCSB-CHG/CHIRPS/DAILY,1991-2020,IBGE_2024
2925501,Prado,BA,1692.1,5,mai,112.11510208816779,OK,1991,2020,30,CHIRPS_v2,UCSB-CHG/CHIRPS/DAILY,1991-2020,IBGE_2024
2910727,Eunápolis,BA,1425.979,5,mai,72.87817079628809,OK,1991,2020,30,CHIRPS_v2,UCSB-CHG/CHIRPS/DAILY,1991-2020,IBGE_2024
2925303,Porto Seguro,BA,2285.734,5,mai,104.28962645452413,OK,1991,2020,30,CHIRPS_v2,UCSB-CHG/CHIRPS/DAILY,1991-2020,IBGE_2024
2916302,Itapebi,BA,1031.879,5,mai,65.00461870108738,OK,1991,2020,30,CHIRPS_v2,UCSB-CHG/CHIRPS/DAILY,1991-2020,IBGE_2024
2915304,Itagimirim,BA,876.791,5,mai,50.84127934184345,OK,1991,2020,30,CHIRPS_v2,UCSB-CHG/CHIRPS/DAILY,1991-2020,IBGE_2024
2914653,Itabela,BA,924.914,5,mai,92.10147548355235,OK,1991,2020,30,CHIRPS_v2,UCSB-CHG/CHIRPS/DAILY,1991-2020,IBGE_2024
2927705,Santa Cruz Cabrália,BA,1462.958,5,mai,121.95043875160722,OK,1991,2020,30,CHIRPS_v2,UCSB-CHG/CHIRPS/DAILY,1991-2020,IBGE_2024
2911808,Guaratinga,BA,2189.404,5,mai,69.29188160317058,OK,1991,2020,30,CHIRPS_v2,UCSB-CHG/CHIRPS/DAILY,1991-2020,IBGE_2024
2903409,Belmonte,BA,1920.631,5,mai,128.7008225063969,OK,1991,2020,30,CHIRPS_v2,UCSB-CHG/CHIRPS/DAILY,1991-2020,IBGE_2024
2932507,Una,BA,1126.733,5,mai,125.85130900176671,OK,1991,2020,30,CHIRPS_v2,UCSB-CHG/CHIRPS/DAILY,1991-2020,IBGE_2024
2923902,Pau Brasil,BA,626.306,5,mai,70.01361960540657,OK,1991,2020,30,CHIRPS_v2,UCSB-CHG/CHIRPS/DAILY,1991-2020,IBGE_2024
2906303,Canavieiras,BA,1334.279,5,mai,136.94357836823679,OK,1991,2020,30,CHIRPS_v2,UCSB-CHG/CHIRPS/DAILY,1991-2020,IBGE_2024
2905602,Camacan,BA,584.848,5,mai,103.33303778726122,OK,1991,2020,30,CHIRPS_v2,UCSB-CHG/CHIRPS/DAILY,1991-2020,IBGE_2024
2920908,Mascote,BA,742.689,5,mai,95.65628836028313,OK,1991,2020,30,CHIRPS_v2,UCSB-CHG/CHIRPS/DAILY,1991-2020,IBGE_2024
2928059,Santa Luzia,BA,824.473,5,mai,119.38065313515438,OK,1991,2020,30,CHIRPS_v2,UCSB-CHG/CHIRPS/DAILY,1991-2020,IBGE_2024
2918555,Jussari,BA,327.998,5,mai,97.6626542041945,OK,1991,2020,30,CHIRPS_v2,UCSB-CHG/CHIRPS/DAILY,1991-2020,IBGE_2024
2902252,Arataca,BA,435.962,5,mai,112.18918448271013,OK,1991,2020,30,CHIRPS_v2,UCSB-CHG/CHIRPS/DAILY,1991-2020,IBGE_2024
2933307,Vitória da Conquista,BA,3254.186,5,mai,25.448305348661936,OK,1991,2020,30,CHIRPS_v2,UCSB-CHG/CHIRPS/DAILY,1991-2020,IBGE_2024
2924702,Piripá,BA,504.396,5,mai,14.710094481507285,OK,1991,2020,30,CHIRPS_v2,UCSB-CHG/CHIRPS/DAILY,1991-2020,IBGE_2024
2925006,Planalto,BA,769.001,5,mai,34.36946022632453,OK,1991,2020,30,CHIRPS_v2,UCSB-CHG/CHIRPS/DAILY,1991-2020,IBGE_2024
2908804,Contendas do Sincorá,BA,977.455,5,mai,21.99704258531108,OK,1991,2020,30,CHIRPS_v2,UCSB-CHG/CHIRPS/DAILY,1991-2020,IBGE_2024
2925105,Poções,BA,937.856,5,mai,19.962720429948345,OK,1991,2020,30,CHIRPS_v2,UCSB-CHG/CHIRPS/DAILY,1991-2020,IBGE_2024
2917201,Ituaçu,BA,1199.374,5,mai,22.136890249063637,OK,1991,2020,30,CHIRPS_v2,UCSB-CHG/CHIRPS/DAILY,1991-2020,IBGE_2024
2909000,Cordeiros,BA,523.64,5,mai,10.851440560070948,OK,1991,2020,30,CHIRPS_v2,UCSB-CHG/CHIRPS/DAILY,1991-2020,IBGE_2024
2908705,Condeúba,BA,1348.039,5,mai,10.529074153658808,OK,1991,2020,30,CHIRPS_v2,UCSB-CHG/CHIRPS/DAILY,1991-2020,IBGE_2024
2931806,Tremedal,BA,2017.644,5,mai,13.935878586956218,OK,1991,2020,30,CHIRPS_v2,UCSB-CHG/CHIRPS/DAILY,1991-2020,IBGE_2024
2915809,Itambé,BA,1534.58,5,mai,44.970642189878504,OK,1991,2020,30,CHIRPS_v2,UCSB-CHG/CHIRPS/DAILY,1991-2020,IBGE_2024
2922706,Nova Canaã,BA,804.617,5,mai,56.37995047867325,OK,1991,2020,30,CHIRPS_v2,UCSB-CHG/CHIRPS/DAILY,1991-2020,IBGE_2024
2931004,Tanhaçu,BA,1277.514,5,mai,12.37588618498329,OK,1991,2020,30,CHIRPS_v2,UCSB-CHG/CHIRPS/DAILY,1991-2020,IBGE_2024
2906899,Caraíbas,BA,805.629,5,mai,13.987453693628172,OK,1991,2020,30,CHIRPS_v2,UCSB-CHG/CHIRPS/DAILY,1991-2020,IBGE_2024
2906709,Cândido Sales,BA,1169.814,5,mai,20.419594348316924,OK,1991,2020,30,CHIRPS_v2,UCSB-CHG/CHIRPS/DAILY,1991-2020,IBGE_2024
2914307,Iramaia,BA,1708.114,5,mai,23.087144868540346,OK,1991,2020,30,CHIRPS_v2,UCSB-CHG/CHIRPS/DAILY,1991-2020,IBGE_2024
2913507,Iguaí,BA,860.223,5,mai,57.69599605740674,OK,1991,2020,30,CHIRPS_v2,UCSB-CHG/CHIRPS/DAILY,1991-2020,IBGE_2024
2921450,Mirante,BA,1172.861,5,mai,8.80579135104926,OK,1991,2020,30,CHIRPS_v2,UCSB-CHG/CHIRPS/DAILY,1991-2020,IBGE_2024
2904803,Caatiba,BA,512.436,5,mai,63.5655477795316,OK,1991,2020,30,CHIRPS_v2,UCSB-CHG/CHIRPS/DAILY,1991-2020,IBGE_2024
2905156,Caetanos,BA,767.144,5,mai,7.751394502589253,OK,1991,2020,30,CHIRPS_v2,UCSB-CHG/CHIRPS/DAILY,1991-2020,IBGE_2024
2919959,Maetinga,BA,614.834,5,mai,13.563556204469423,OK,1991,2020,30,CHIRPS_v2,UCSB-CHG/CHIRPS/DAILY,1991-2020,IBGE_2024
2903706,Boa Nova,BA,848.857,5,mai,31.09585975768427,OK,1991,2020,30,CHIRPS_v2,UCSB-CHG/CHIRPS/DAILY,1991-2020,IBGE_2024
2912202,Ibicoara,BA,817.355,5,mai,25.061759856329427,OK,1991,2020,30,CHIRPS_v2,UCSB-CHG/CHIRPS/DAILY,1991-2020,IBGE_2024
2903953,Bom Jesus da Serra,BA,467.907,5,mai,9.88264119987817,OK,1991,2020,30,CHIRPS_v2,UCSB-CHG/CHIRPS/DAILY,1991-2020,IBGE_2024
2903508,Belo Campo,BA,772.757,5,mai,12.673849252790367,OK,1991,2020,30,CHIRPS_v2,UCSB-CHG/CHIRPS/DAILY,1991-2020,IBGE_2024
2902807,Barra da Estiva,BA,1657.414,5,mai,21.461883970049993,OK,1991,2020,30,CHIRPS_v2,UCSB-CHG/CHIRPS/DAILY,1991-2020,IBGE_2024
2902906,Barra do Choça,BA,765.931,5,mai,45.26967246171846,OK,1991,2020,30,CHIRPS_v2,UCSB-CHG/CHIRPS/DAILY,1991-2020,IBGE_2024
2926657,Ribeirão do Largo,BA,1363.7,5,mai,49.451640483244375,OK,1991,2020,30,CHIRPS_v2,UCSB-CHG/CHIRPS/DAILY,1991-2020,IBGE_2024
2910404,Encruzilhada,BA,1890.133,5,mai,32.221751325456864,OK,1991,2020,30,CHIRPS_v2,UCSB-CHG/CHIRPS/DAILY,1991-2020,IBGE_2024
2925709,Presidente Jânio Quadros,BA,1208.566,5,mai,13.577933786318193,OK,1991,2020,30,CHIRPS_v2,UCSB-CHG/CHIRPS/DAILY,1991-2020,IBGE_2024
2901205,Anagé,BA,1899.685,5,mai,15.47067314476031,OK,1991,2020,30,CHIRPS_v2,UCSB-CHG/CHIRPS/DAILY,1991-2020,IBGE_2024
2918001,Jequié,BA,2969.039,5,mai,35.5709185589071,OK,1991,2020,30,CHIRPS_v2,UCSB-CHG/CHIRPS/DAILY,1991-2020,IBGE_2024
2900603,Aiquara,BA,167.877,5,mai,70.65092415106487,OK,1991,2020,30,CHIRPS_v2,UCSB-CHG/CHIRPS/DAILY,1991-2020,IBGE_2024
2924900,Planaltino,BA,955.454,5,mai,21.66784860663144,OK,1991,2020,30,CHIRPS_v2,UCSB-CHG/CHIRPS/DAILY,1991-2020,IBGE_2024
2916906,Itiruçu,BA,322.243,5,mai,17.750559548697414,OK,1991,2020,30,CHIRPS_v2,UCSB-CHG/CHIRPS/DAILY,1991-2020,IBGE_2024
2916708,Itaquara,BA,344.093,5,mai,42.71327302994205,OK,1991,2020,30,CHIRPS_v2,UCSB-CHG/CHIRPS/DAILY,1991-2020,IBGE_2024
2915106,Itagi,BA,310.621,5,mai,64.92026932857246,OK,1991,2020,30,CHIRPS_v2,UCSB-CHG/CHIRPS/DAILY,1991-2020,IBGE_2024
2914208,Irajuba,BA,459.047,5,mai,31.395191212864734,OK,1991,2020,30,CHIRPS_v2,UCSB-CHG/CHIRPS/DAILY,1991-2020,IBGE_2024
2920403,Manoel Vitorino,BA,2201.763,5,mai,12.673495085367069,OK,1991,2020,30,CHIRPS_v2,UCSB-CHG/CHIRPS/DAILY,1991-2020,IBGE_2024
2920502,Maracás,BA,2413.27,5,mai,20.412221435436404,OK,1991,2020,30,CHIRPS_v2,UCSB-CHG/CHIRPS/DAILY,1991-2020,IBGE_2024
2927903,Santa Inês,BA,374.526,5,mai,45.501898172811934,OK,1991,2020,30,CHIRPS_v2,UCSB-CHG/CHIRPS/DAILY,1991-2020,IBGE_2024
2919058,Lajedo do Tabocal,BA,382.937,5,mai,20.52752923666113,OK,1991,2020,30,CHIRPS_v2,UCSB-CHG/CHIRPS/DAILY,1991-2020,IBGE_2024
2918704,Lafaiete Coutinho,BA,498.11,5,mai,26.33123373529203,OK,1991,2020,30,CHIRPS_v2,UCSB-CHG/CHIRPS/DAILY,1991-2020,IBGE_2024
2918308,Jitaúna,BA,262.05,5,mai,76.23745407409417,OK,1991,2020,30,CHIRPS_v2,UCSB-CHG/CHIRPS/DAILY,1991-2020,IBGE_2024
2901957,Apuarema,BA,150.83,5,mai,82.40139543683863,OK,1991,2020,30,CHIRPS_v2,UCSB-CHG/CHIRPS/DAILY,1991-2020,IBGE_2024
2917607,Jaguaquara,BA,924.512,5,mai,49.963676908824546,OK,1991,2020,30,CHIRPS_v2,UCSB-CHG/CHIRPS/DAILY,1991-2020,IBGE_2024
2909505,Cravolândia,BA,182.518,5,mai,62.340845028270564,OK,1991,2020,30,CHIRPS_v2,UCSB-CHG/CHIRPS/DAILY,1991-2020,IBGE_2024
2900108,Abaíra,BA,538.679,5,mai,35.74632427023257,OK,1991,2020,30,CHIRPS_v2,UCSB-CHG/CHIRPS/DAILY,1991-2020,IBGE_2024
2900504,Érico Cardoso,BA,735.249,5,mai,10.17915394203398,OK,1991,2020,30,CHIRPS_v2,UCSB-CHG/CHIRPS/DAILY,1991-2020,IBGE_2024
2923605,Paramirim,BA,1087.067,5,mai,5.831678224806067,OK,1991,2020,30,CHIRPS_v2,UCSB-CHG/CHIRPS/DAILY,1991-2020,IBGE_2024
2907558,Caturama,BA,716.254,5,mai,11.672767932419509,OK,1991,2020,30,CHIRPS_v2,UCSB-CHG/CHIRPS/DAILY,1991-2020,IBGE_2024
2920304,Malhada de Pedras,BA,550.82,5,mai,8.700890547483247,OK,1991,2020,30,CHIRPS_v2,UCSB-CHG/CHIRPS/DAILY,1991-2020,IBGE_2024
2904605,Brumado,BA,2207.613,5,mai,11.230894214692396,OK,1991,2020,30,CHIRPS_v2,UCSB-CHG/CHIRPS/DAILY,1991-2020,IBGE_2024
2919504,Livramento de Nossa Senhora,BA,1952.51,5,mai,10.385347320322614,OK,1991,2020,30,CHIRPS_v2,UCSB-CHG/CHIRPS/DAILY,1991-2020,IBGE_2024
2918605,Jussiape,BA,589.763,5,mai,25.51641459240589,OK,1991,2020,30,CHIRPS_v2,UCSB-CHG/CHIRPS/DAILY,1991-2020,IBGE_2024
2926905,Rio do Pires,BA,656.223,5,mai,19.56255347826113,OK,1991,2020,30,CHIRPS_v2,UCSB-CHG/CHIRPS/DAILY,1991-2020,IBGE_2024
2926707,Rio de Contas,BA,1115.252,5,mai,22.73856489159202,OK,1991,2020,30,CHIRPS_v2,UCSB-CHG/CHIRPS/DAILY,1991-2020,IBGE_2024
2902005,Aracatu,BA,1489.804,5,mai,9.890996826927385,OK,1991,2020,30,CHIRPS_v2,UCSB-CHG/CHIRPS/DAILY,1991-2020,IBGE_2024
2910107,Dom Basílio,BA,689.513,5,mai,10.094981288009766,OK,1991,2020,30,CHIRPS_v2,UCSB-CHG/CHIRPS/DAILY,1991-2020,IBGE_2024
2924678,Piraí do Norte,BA,193.427,5,mai,125.55018562577744,OK,1991,2020,30,CHIRPS_v2,UCSB-CHG/CHIRPS/DAILY,1991-2020,IBGE_2024
2932309,Ubatã,BA,177.643,5,mai,96.74751481833879,OK,1991,2020,30,CHIRPS_v2,UCSB-CHG/CHIRPS/DAILY,1991-2020,IBGE_2024
2931608,Teolândia,BA,289.782,5,mai,116.73920529169382,OK,1991,2020,30,CHIRPS_v2,UCSB-CHG/CHIRPS/DAILY,1991-2020,IBGE_2024
2922755,Nova Ibiá,BA,203.2,5,mai,101.95293704765923,OK,1991,2020,30,CHIRPS_v2,UCSB-CHG/CHIRPS/DAILY,1991-2020,IBGE_2024
2915700,Itamari,BA,143.479,5,mai,83.35361207515771,OK,1991,2020,30,CHIRPS_v2,UCSB-CHG/CHIRPS/DAILY,1991-2020,IBGE_2024
2915205,Itagibá,BA,810.994,5,mai,67.12038302807298,OK,1991,2020,30,CHIRPS_v2,UCSB-CHG/CHIRPS/DAILY,1991-2020,IBGE_2024
2913903,Ipiaú,BA,280.454,5,mai,82.40069092241694,OK,1991,2020,30,CHIRPS_v2,UCSB-CHG/CHIRPS/DAILY,1991-2020,IBGE_2024
2912905,Ibirataia,BA,318.129,5,mai,90.3036613041944,OK,1991,2020,30,CHIRPS_v2,UCSB-CHG/CHIRPS/DAILY,1991-2020,IBGE_2024
2911501,Gongogi,BA,202.194,5,mai,83.69992616605266,OK,1991,2020,30,CHIRPS_v2,UCSB-CHG/CHIRPS/DAILY,1991-2020,IBGE_2024
2911204,Gandu,BA,229.66,5,mai,113.40754929457812,OK,1991,2020,30,CHIRPS_v2,UCSB-CHG/CHIRPS/DAILY,1991-2020,IBGE_2024
2903102,Barra do Rocha,BA,214.411,5,mai,90.03036623495497,OK,1991,2020,30,CHIRPS_v2,UCSB-CHG/CHIRPS/DAILY,1991-2020,IBGE_2024
2910008,Dário Meira,BA,413.637,5,mai,70.64202717272426,OK,1991,2020,30,CHIRPS_v2,UCSB-CHG/CHIRPS/DAILY,1991-2020,IBGE_2024
2933505,Wenceslau Guimarães,BA,655.056,5,mai,102.14824121282983,OK,1991,2020,30,CHIRPS_v2,UCSB-CHG/CHIRPS/DAILY,1991-2020,IBGE_2024
2917102,Itororó,BA,313.839,5,mai,70.79190820885242,OK,1991,2020,30,CHIRPS_v2,UCSB-CHG/CHIRPS/DAILY,1991-2020,IBGE_2024
2916807,Itarantim,BA,1674.03,5,mai,36.61575657697033,OK,1991,2020,30,CHIRPS_v2,UCSB-CHG/CHIRPS/DAILY,1991-2020,IBGE_2024
2916401,Itapetinga,BA,1651.158,5,mai,50.64500287101224,OK,1991,2020,30,CHIRPS_v2,UCSB-CHG/CHIRPS/DAILY,1991-2020,IBGE_2024
2920007,Maiquinique,BA,588.296,5,mai,49.1891638756108,OK,1991,2020,30,CHIRPS_v2,UCSB-CHG/CHIRPS/DAILY,1991-2020,IBGE_2024
2919702,Macarani,BA,1210.106,5,mai,43.42885111316877,OK,1991,2020,30,CHIRPS_v2,UCSB-CHG/CHIRPS/DAILY,1991-2020,IBGE_2024
2925402,Potiraguá,BA,1111.567,5,mai,49.21754349110106,OK,1991,2020,30,CHIRPS_v2,UCSB-CHG/CHIRPS/DAILY,1991-2020,IBGE_2024
2917334,Iuiu,BA,1535.229,5,mai,1.349630729997088,OK,1991,2020,30,CHIRPS_v2,UCSB-CHG/CHIRPS/DAILY,1991-2020,IBGE_2024
2917409,Jacaraci,BA,1332.42,5,mai,10.118060741057928,OK,1991,2020,30,CHIRPS_v2,UCSB-CHG/CHIRPS/DAILY,1991-2020,IBGE_2024
2924504,Pindaí,BA,628.469,5,mai,3.3727621078825503,OK,1991,2020,30,CHIRPS_v2,UCSB-CHG/CHIRPS/DAILY,1991-2020,IBGE_2024
2932606,Urandi,BA,902.402,5,mai,3.9507550423305977,OK,1991,2020,30,CHIRPS_v2,UCSB-CHG/CHIRPS/DAILY,1991-2020,IBGE_2024
2923407,Palmas de Monte Alto,BA,2559.973,5,mai,3.3364336620066406,OK,1991,2020,30,CHIRPS_v2,UCSB-CHG/CHIRPS/DAILY,1991-2020,IBGE_2024
2931053,Tanque Novo,BA,729.516,5,mai,4.937027070105004,OK,1991,2020,30,CHIRPS_v2,UCSB-CHG/CHIRPS/DAILY,1991-2020,IBGE_2024
2907103,Carinhanha,BA,2525.512,5,mai,4.425998737011093,OK,1991,2020,30,CHIRPS_v2,UCSB-CHG/CHIRPS/DAILY,1991-2020,IBGE_2024
2906600,Candiba,BA,433.642,5,mai,4.855602069400033,OK,1991,2020,30,CHIRPS_v2,UCSB-CHG/CHIRPS/DAILY,1991-2020,IBGE_2024
2930006,Sebastião Laranjeiras,BA,1982.037,5,mai,2.273860429487539,OK,1991,2020,30,CHIRPS_v2,UCSB-CHG/CHIRPS/DAILY,1991-2020,IBGE_2024
2921807,Mortugaba,BA,528.214,5,mai,7.201365596887454,OK,1991,2020,30,CHIRPS_v2,UCSB-CHG/CHIRPS/DAILY,1991-2020,IBGE_2024
2921054,Matina,BA,773.852,5,mai,2.676808865949085,OK,1991,2020,30,CHIRPS_v2,UCSB-CHG/CHIRPS/DAILY,1991-2020,IBGE_2024
2913408,Igaporã,BA,836.561,5,mai,3.948268258402053,OK,1991,2020,30,CHIRPS_v2,UCSB-CHG/CHIRPS/DAILY,1991-2020,IBGE_2024
2905206,Caetité,BA,2651.537,5,mai,9.693736253381141,OK,1991,2020,30,CHIRPS_v2,UCSB-CHG/CHIRPS/DAILY,1991-2020,IBGE_2024
2920205,Malhada,BA,1971.632,5,mai,3.9100931919084245,OK,1991,2020,30,CHIRPS_v2,UCSB-CHG/CHIRPS/DAILY,1991-2020,IBGE_2024
2905008,Caculé,BA,610.47,5,mai,8.670586553518875,OK,1991,2020,30,CHIRPS_v2,UCSB-CHG/CHIRPS/DAILY,1991-2020,IBGE_2024
2904209,Botuporã,BA,627.613,5,mai,10.037126122043336,OK,1991,2020,30,CHIRPS_v2,UCSB-CHG/CHIRPS/DAILY,1991-2020,IBGE_2024
2912004,Ibiassucê,BA,483.27,5,mai,7.913064636680555,OK,1991,2020,30,CHIRPS_v2,UCSB-CHG/CHIRPS/DAILY,1991-2020,IBGE_2024
2919405,Licínio de Almeida,BA,856.626,5,mai,8.44225154542623,OK,1991,2020,30,CHIRPS_v2,UCSB-CHG/CHIRPS/DAILY,1991-2020,IBGE_2024
2911709,Guanambi,BA,1272.367,5,mai,2.8464530627297226,OK,1991,2020,30,CHIRPS_v2,UCSB-CHG/CHIRPS/DAILY,1991-2020,IBGE_2024
2926806,Rio do Antônio,BA,779.046,5,mai,10.011721719263706,OK,1991,2020,30,CHIRPS_v2,UCSB-CHG/CHIRPS/DAILY,1991-2020,IBGE_2024
2911659,Guajeru,BA,871.975,5,mai,9.641002802639045,OK,1991,2020,30,CHIRPS_v2,UCSB-CHG/CHIRPS/DAILY,1991-2020,IBGE_2024
2918753,Lagoa Real,BA,912.22,5,mai,12.820476647228427,OK,1991,2020,30,CHIRPS_v2,UCSB-CHG/CHIRPS/DAILY,1991-2020,IBGE_2024
2926400,Riacho de Santana,BA,3183.361,5,mai,4.465814537119484,OK,1991,2020,30,CHIRPS_v2,UCSB-CHG/CHIRPS/DAILY,1991-2020,IBGE_2024
2910776,Feira da Mata,BA,1176.504,5,mai,4.064245776711752,OK,1991,2020,30,CHIRPS_v2,UCSB-CHG/CHIRPS/DAILY,1991-2020,IBGE_2024
2923704,Paratinga,BA,2624.998,5,mai,17.324393294544688,OK,1991,2020,30,CHIRPS_v2,UCSB-CHG/CHIRPS/DAILY,1991-2020,IBGE_2024
2930758,Sítio do Mato,BA,1627.804,5,mai,6.537888878655998,OK,1991,2020,30,CHIRPS_v2,UCSB-CHG/CHIRPS/DAILY,1991-2020,IBGE_2024
2930154,Serra do Ramalho,BA,2341.701,5,mai,4.966757778230689,OK,1991,2020,30,CHIRPS_v2,UCSB-CHG/CHIRPS/DAILY,1991-2020,IBGE_2024
2912509,Ibipitanga,BA,954.373,5,mai,14.837649870919412,OK,1991,2020,30,CHIRPS_v2,UCSB-CHG/CHIRPS/DAILY,1991-2020,IBGE_2024
2919801,Macaúbas,BA,2459.102,5,mai,15.087176194094905,OK,1991,2020,30,CHIRPS_v2,UCSB-CHG/CHIRPS/DAILY,1991-2020,IBGE_2024
2904100,Boquira,BA,1426.233,5,mai,18.438161558206232,OK,1991,2020,30,CHIRPS_v2,UCSB-CHG/CHIRPS/DAILY,1991-2020,IBGE_2024
2903904,Bom Jesus da Lapa,BA,4114.493,5,mai,6.9709101682390076,OK,1991,2020,30,CHIRPS_v2,UCSB-CHG/CHIRPS/DAILY,1991-2020,IBGE_2024
2901403,Angical,BA,1530.643,5,mai,9.994422028967891,OK,1991,2020,30,CHIRPS_v2,UCSB-CHG/CHIRPS/DAILY,1991-2020,IBGE_2024
2907400,Catolândia,BA,702.504,5,mai,10.750252415238682,OK,1991,2020,30,CHIRPS_v2,UCSB-CHG/CHIRPS/DAILY,1991-2020,IBGE_2024
2930907,Tabocas do Brejo Velho,BA,1437.188,5,mai,6.839932914342872,OK,1991,2020,30,CHIRPS_v2,UCSB-CHG/CHIRPS/DAILY,1991-2020,IBGE_2024
2930303,Serra Dourada,BA,1592.249,5,mai,6.050823730984647,OK,1991,2020,30,CHIRPS_v2,UCSB-CHG/CHIRPS/DAILY,1991-2020,IBGE_2024
2928901,São Desidério,BA,15158.737,5,mai,20.664537126986296,OK,1991,2020,30,CHIRPS_v2,UCSB-CHG/CHIRPS/DAILY,1991-2020,IBGE_2024
2928406,Santa Rita de Cássia,BA,6030.491,5,mai,15.091614262812366,OK,1991,2020,30,CHIRPS_v2,UCSB-CHG/CHIRPS/DAILY,1991-2020,IBGE_2024
2928208,Santana,BA,1909.353,5,mai,8.842570786458523,OK,1991,2020,30,CHIRPS_v2,UCSB-CHG/CHIRPS/DAILY,1991-2020,IBGE_2024
2920452,Mansidão,BA,3129.588,5,mai,8.087647021893854,OK,1991,2020,30,CHIRPS_v2,UCSB-CHG/CHIRPS/DAILY,1991-2020,IBGE_2024
2904407,Brejolândia,BA,2247.207,5,mai,5.406401594648671,OK,1991,2020,30,CHIRPS_v2,UCSB-CHG/CHIRPS/DAILY,1991-2020,IBGE_2024
2911105,Formosa do Rio Preto,BA,15634.328,5,mai,24.36245767647252,OK,1991,2020,30,CHIRPS_v2,UCSB-CHG/CHIRPS/DAILY,1991-2020,IBGE_2024
2926202,Riachão das Neves,BA,5969.305,5,mai,16.902650325998763,OK,1991,2020,30,CHIRPS_v2,UCSB-CHG/CHIRPS/DAILY,1991-2020,IBGE_2024
2902500,Baianópolis,BA,3321.752,5,mai,9.039896393232732,OK,1991,2020,30,CHIRPS_v2,UCSB-CHG/CHIRPS/DAILY,1991-2020,IBGE_2024
2933455,Wanderley,BA,2920.579,5,mai,4.569971646193445,OK,1991,2020,30,CHIRPS_v2,UCSB-CHG/CHIRPS/DAILY,1991-2020,IBGE_2024
2909406,Cotegipe,BA,4282.775,5,mai,6.162738987304017,OK,1991,2020,30,CHIRPS_v2,UCSB-CHG/CHIRPS/DAILY,1991-2020,IBGE_2024
2909703,Cristópolis,BA,1052.839,5,mai,5.2842740871970015,OK,1991,2020,30,CHIRPS_v2,UCSB-CHG/CHIRPS/DAILY,1991-2020,IBGE_2024
2917359,Jaborandi,BA,9955.111,5,mai,10.96845212141097,OK,1991,2020,30,CHIRPS_v2,UCSB-CHG/CHIRPS/DAILY,1991-2020,IBGE_2024
2909109,Coribe,BA,2665.141,5,mai,6.850656933109525,OK,1991,2020,30,CHIRPS_v2,UCSB-CHG/CHIRPS/DAILY,1991-2020,IBGE_2024
2908101,Cocos,BA,10138.25,5,mai,7.933926482112944,OK,1991,2020,30,CHIRPS_v2,UCSB-CHG/CHIRPS/DAILY,1991-2020,IBGE_2024
2906105,Canápolis,BA,460.388,5,mai,6.383742913384424,OK,1991,2020,30,CHIRPS_v2,UCSB-CHG/CHIRPS/DAILY,1991-2020,IBGE_2024
2929057,São Félix do Coribe,BA,1751.671,5,mai,6.345077430443017,OK,1991,2020,30,CHIRPS_v2,UCSB-CHG/CHIRPS/DAILY,1991-2020,IBGE_2024
2928109,Santa Maria da Vitória,BA,1984.91,5,mai,6.379373484206296,OK,1991,2020,30,CHIRPS_v2,UCSB-CHG/CHIRPS/DAILY,1991-2020,IBGE_2024
2909307,Correntina,BA,11504.316,5,mai,14.302198565450283,OK,1991,2020,30,CHIRPS_v2,UCSB-CHG/CHIRPS/DAILY,1991-2020,IBGE_2024
2932408,Uibaí,BA,545.297,5,mai,12.704341507354176,OK,1991,2020,30,CHIRPS_v2,UCSB-CHG/CHIRPS/DAILY,1991-2020,IBGE_2024
2907608,Central,BA,566.975,5,mai,4.562390254987151,OK,1991,2020,30,CHIRPS_v2,UCSB-CHG/CHIRPS/DAILY,1991-2020,IBGE_2024
2915353,Itaguaçu da Bahia,BA,4310.255,5,mai,5.840346047348466,OK,1991,2020,30,CHIRPS_v2,UCSB-CHG/CHIRPS/DAILY,1991-2020,IBGE_2024
2914604,Irecê,BA,319.175,5,mai,6.5645200728860305,OK,1991,2020,30,CHIRPS_v2,UCSB-CHG/CHIRPS/DAILY,1991-2020,IBGE_2024
2906204,Canarana,BA,579.726,5,mai,5.362025586933971,OK,1991,2020,30,CHIRPS_v2,UCSB-CHG/CHIRPS/DAILY,1991-2020,IBGE_2024
2921708,Morro do Chapéu,BA,5745.765,5,mai,31.41235436860624,OK,1991,2020,30,CHIRPS_v2,UCSB-CHG/CHIRPS/DAILY,1991-2020,IBGE_2024
2922052,Mulungu do Morro,BA,646.621,5,mai,15.919475081639533,OK,1991,2020,30,CHIRPS_v2,UCSB-CHG/CHIRPS/DAILY,1991-2020,IBGE_2024
2929255,São Gabriel,BA,1146.054,5,mai,5.410477189732455,OK,1991,2020,30,CHIRPS_v2,UCSB-CHG/CHIRPS/DAILY,1991-2020,IBGE_2024
2905305,Cafarnaum,BA,643.666,5,mai,11.90057658381217,OK,1991,2020,30,CHIRPS_v2,UCSB-CHG/CHIRPS/DAILY,1991-2020,IBGE_2024
2913101,Ibititá,BA,573.033,5,mai,5.226509903891299,OK,1991,2020,30,CHIRPS_v2,UCSB-CHG/CHIRPS/DAILY,1991-2020,IBGE_2024
2912400,Ibipeba,BA,1382.009,5,mai,10.431335475010329,OK,1991,2020,30,CHIRPS_v2,UCSB-CHG/CHIRPS/DAILY,1991-2020,IBGE_2024
2904050,Bonito,BA,791.276,5,mai,39.77053447546872,OK,1991,2020,30,CHIRPS_v2,UCSB-CHG/CHIRPS/DAILY,1991-2020,IBGE_2024
2919157,Lapão,BA,642.882,5,mai,6.67865182312674,OK,1991,2020,30,CHIRPS_v2,UCSB-CHG/CHIRPS/DAILY,1991-2020,IBGE_2024
2903235,Barro Alto,BA,414.506,5,mai,11.49716398859457,OK,1991,2020,30,CHIRPS_v2,UCSB-CHG/CHIRPS/DAILY,1991-2020,IBGE_2024
2918506,Jussara,BA,1355.173,5,mai,2.6621633793059356,OK,1991,2020,30,CHIRPS_v2,UCSB-CHG/CHIRPS/DAILY,1991-2020,IBGE_2024
2903003,Barra do Mendes,BA,1436.299,5,mai,16.223862884971904,OK,1991,2020,30,CHIRPS_v2,UCSB-CHG/CHIRPS/DAILY,1991-2020,IBGE_2024
2918357,João Dourado,BA,913.258,5,mai,6.497490941457243,OK,1991,2020,30,CHIRPS_v2,UCSB-CHG/CHIRPS/DAILY,1991-2020,IBGE_2024
2925600,Presidente Dutra,BA,232.064,5,mai,6.315334943863282,OK,1991,2020,30,CHIRPS_v2,UCSB-CHG/CHIRPS/DAILY,1991-2020,IBGE_2024
2901155,América Dourada,BA,822.373,5,mai,10.218836033616707,OK,1991,2020,30,CHIRPS_v2,UCSB-CHG/CHIRPS/DAILY,1991-2020,IBGE_2024
2923209,Oliveira dos Brejinhos,BA,3313.435,5,mai,8.330575098802846,OK,1991,2020,30,CHIRPS_v2,UCSB-CHG/CHIRPS/DAILY,1991-2020,IBGE_2024
2922250,Muquém do São Francisco,BA,3852.11,5,mai,8.000185867902157,OK,1991,2020,30,CHIRPS_v2,UCSB-CHG/CHIRPS/DAILY,1991-2020,IBGE_2024
2921609,Morpará,BA,2093.86,5,mai,11.410708045458978,OK,1991,2020,30,CHIRPS_v2,UCSB-CHG/CHIRPS/DAILY,1991-2020,IBGE_2024
2914109,Ipupiara,BA,1055.76,5,mai,8.158145184598348,OK,1991,2020,30,CHIRPS_v2,UCSB-CHG/CHIRPS/DAILY,1991-2020,IBGE_2024
2904753,Buritirama,BA,4046.741,5,mai,11.154204903831197,OK,1991,2020,30,CHIRPS_v2,UCSB-CHG/CHIRPS/DAILY,1991-2020,IBGE_2024
2913200,Ibotirama,BA,1740.113,5,mai,11.839022734832954,OK,1991,2020,30,CHIRPS_v2,UCSB-CHG/CHIRPS/DAILY,1991-2020,IBGE_2024
2904506,Brotas de Macaúbas,BA,2520.811,5,mai,9.00379964491082,OK,1991,2020,30,CHIRPS_v2,UCSB-CHG/CHIRPS/DAILY,1991-2020,IBGE_2024
2911303,Gentio do Ouro,BA,3817.946,5,mai,5.784087117238791,OK,1991,2020,30,CHIRPS_v2,UCSB-CHG/CHIRPS/DAILY,1991-2020,IBGE_2024
2902708,Barra,BA,11428.112,5,mai,6.232141196579382,OK,1991,2020,30,CHIRPS_v2,UCSB-CHG/CHIRPS/DAILY,1991-2020,IBGE_2024
2933604,Xique-Xique,BA,5079.659,5,mai,7.267315866149114,OK,1991,2020,30,CHIRPS_v2,UCSB-CHG/CHIRPS/DAILY,1991-2020,IBGE_2024
2918407,Juazeiro,BA,6721.592,5,mai,15.437804730228706,OK,1991,2020,30,CHIRPS_v2,UCSB-CHG/CHIRPS/DAILY,1991-2020,IBGE_2024
2924405,Pilão Arcado,BA,11597.932,5,mai,7.932052615636619,OK,1991,2020,30,CHIRPS_v2,UCSB-CHG/CHIRPS/DAILY,1991-2020,IBGE_2024
2932002,Uauá,BA,3060.865,5,mai,34.97105640021105,OK,1991,2020,30,CHIRPS_v2,UCSB-CHG/CHIRPS/DAILY,1991-2020,IBGE_2024
2930774,Sobradinho,BA,1359.08,5,mai,17.28044588743532,OK,1991,2020,30,CHIRPS_v2,UCSB-CHG/CHIRPS/DAILY,1991-2020,IBGE_2024
2907202,Casa Nova,BA,9648.942,5,mai,8.875887153332034,OK,1991,2020,30,CHIRPS_v2,UCSB-CHG/CHIRPS/DAILY,1991-2020,IBGE_2024
2905909,Campo Alegre de Lourdes,BA,2914.573,5,mai,8.087329193690618,OK,1991,2020,30,CHIRPS_v2,UCSB-CHG/CHIRPS/DAILY,1991-2020,IBGE_2024
2930204,Sento Sé,BA,11980.158,5,mai,12.433765533108472,OK,1991,2020,30,CHIRPS_v2,UCSB-CHG/CHIRPS/DAILY,1991-2020,IBGE_2024
2909901,Curaçá,BA,5950.614,5,mai,23.95458708517409,OK,1991,2020,30,CHIRPS_v2,UCSB-CHG/CHIRPS/DAILY,1991-2020,IBGE_2024
2926004,Remanso,BA,4571.634,5,mai,6.2468409541021686,OK,1991,2020,30,CHIRPS_v2,UCSB-CHG/CHIRPS/DAILY,1991-2020,IBGE_2024
2917706,Jaguarari,BA,2466.009,5,mai,32.92415327439555,OK,1991,2020,30,CHIRPS_v2,UCSB-CHG/CHIRPS/DAILY,1991-2020,IBGE_2024
2901353,Andorinha,BA,1362.386,5,mai,37.357614198895455,OK,1991,2020,30,CHIRPS_v2,UCSB-CHG/CHIRPS/DAILY,1991-2020,IBGE_2024
2917003,Itiúba,BA,1650.592,5,mai,31.928322237415237,OK,1991,2020,30,CHIRPS_v2,UCSB-CHG/CHIRPS/DAILY,1991-2020,IBGE_2024
2924603,Pindobaçu,BA,495.845,5,mai,67.70090128153491,OK,1991,2020,30,CHIRPS_v2,UCSB-CHG/CHIRPS/DAILY,1991-2020,IBGE_2024
2930105,Senhor do Bonfim,BA,789.36,5,mai,61.771888827022295,OK,1991,2020,30,CHIRPS_v2,UCSB-CHG/CHIRPS/DAILY,1991-2020,IBGE_2024
2906006,Campo Formoso,BA,7161.83,5,mai,28.841318586684853,OK,1991,2020,30,CHIRPS_v2,UCSB-CHG/CHIRPS/DAILY,1991-2020,IBGE_2024
2910859,Filadélfia,BA,579.687,5,mai,45.06575823978228,OK,1991,2020,30,CHIRPS_v2,UCSB-CHG/CHIRPS/DAILY,1991-2020,IBGE_2024
2901809,Antônio Gonçalves,BA,345.282,5,mai,60.27820167739756,OK,1991,2020,30,CHIRPS_v2,UCSB-CHG/CHIRPS/DAILY,1991-2020,IBGE_2024
2925253,Ponto Novo,BA,530.143,5,mai,37.113747984525496,OK,1991,2020,30,CHIRPS_v2,UCSB-CHG/CHIRPS/DAILY,1991-2020,IBGE_2024
2924009,Paulo Afonso,BA,1544.388,5,mai,58.255352475352105,OK,1991,2020,30,CHIRPS_v2,UCSB-CHG/CHIRPS/DAILY,1991-2020,IBGE_2024
2900207,Abaré,BA,1604.923,5,mai,27.25535669072288,OK,1991,2020,30,CHIRPS_v2,UCSB-CHG/CHIRPS/DAILY,1991-2020,IBGE_2024
2907707,Chorrochó,BA,3005.319,5,mai,31.855404422587256,OK,1991,2020,30,CHIRPS_v2,UCSB-CHG/CHIRPS/DAILY,1991-2020,IBGE_2024
2919900,Macururé,BA,2545.857,5,mai,30.408989301483295,OK,1991,2020,30,CHIRPS_v2,UCSB-CHG/CHIRPS/DAILY,1991-2020,IBGE_2024
2927606,Santa Brígida,BA,934.46,5,mai,70.7689908339854,OK,1991,2020,30,CHIRPS_v2,UCSB-CHG/CHIRPS/DAILY,1991-2020,IBGE_2024
2911402,Glória,BA,1566.609,5,mai,34.4860247160927,OK,1991,2020,30,CHIRPS_v2,UCSB-CHG/CHIRPS/DAILY,1991-2020,IBGE_2024
2927101,Rodelas,BA,2207.159,5,mai,38.48517948740536,OK,1991,2020,30,CHIRPS_v2,UCSB-CHG/CHIRPS/DAILY,1991-2020,IBGE_2024
2931905,Tucano,BA,2198.237,5,mai,50.309219504859136,OK,1991,2020,30,CHIRPS_v2,UCSB-CHG/CHIRPS/DAILY,1991-2020,IBGE_2024
2907905,Cipó,BA,168.33,5,mai,93.32788137690943,OK,1991,2020,30,CHIRPS_v2,UCSB-CHG/CHIRPS/DAILY,1991-2020,IBGE_2024
2923100,Olindina,BA,637.316,5,mai,86.89617325206444,OK,1991,2020,30,CHIRPS_v2,UCSB-CHG/CHIRPS/DAILY,1991-2020,IBGE_2024
2922904,Nova Soure,BA,966.993,5,mai,74.27640768346394,OK,1991,2020,30,CHIRPS_v2,UCSB-CHG/CHIRPS/DAILY,1991-2020,IBGE_2024
2902658,Banzaê,BA,409.508,5,mai,61.52519068012409,OK,1991,2020,30,CHIRPS_v2,UCSB-CHG/CHIRPS/DAILY,1991-2020,IBGE_2024
2926608,Ribeira do Pombal,BA,1228.125,5,mai,60.637243872758695,OK,1991,2020,30,CHIRPS_v2,UCSB-CHG/CHIRPS/DAILY,1991-2020,IBGE_2024
2926509,Ribeira do Amparo,BA,666.036,5,mai,80.69841411774473,OK,1991,2020,30,CHIRPS_v2,UCSB-CHG/CHIRPS/DAILY,1991-2020,IBGE_2024
2906824,Canudos,BA,3564.627,5,mai,55.04557306213293,OK,1991,2020,30,CHIRPS_v2,UCSB-CHG/CHIRPS/DAILY,1991-2020,IBGE_2024
2906808,Cansanção,BA,1351.891,5,mai,39.446838293933546,OK,1991,2020,30,CHIRPS_v2,UCSB-CHG/CHIRPS/DAILY,1991-2020,IBGE_2024
2921500,Monte Santo,BA,3034.196,5,mai,46.71979596663939,OK,1991,2020,30,CHIRPS_v2,UCSB-CHG/CHIRPS/DAILY,1991-2020,IBGE_2024
2910701,Euclides da Cunha,BA,2025.368,5,mai,63.681584838501465,OK,1991,2020,30,CHIRPS_v2,UCSB-CHG/CHIRPS/DAILY,1991-2020,IBGE_2024
2925907,Quijingue,BA,1380.798,5,mai,47.37841606374289,OK,1991,2020,30,CHIRPS_v2,UCSB-CHG/CHIRPS/DAILY,1991-2020,IBGE_2024
2900355,Adustina,BA,629.1,5,mai,68.87289198531157,OK,1991,2020,30,CHIRPS_v2,UCSB-CHG/CHIRPS/DAILY,1991-2020,IBGE_2024
2923803,Paripiranga,BA,442.186,5,mai,95.31212644576179,OK,1991,2020,30,CHIRPS_v2,UCSB-CHG/CHIRPS/DAILY,1991-2020,IBGE_2024
2907806,Cícero Dantas,BA,817.023,5,mai,76.47992028198183,OK,1991,2020,30,CHIRPS_v2,UCSB-CHG/CHIRPS/DAILY,1991-2020,IBGE_2024
2911857,Heliópolis,BA,314.669,5,mai,63.07946616585403,OK,1991,2020,30,CHIRPS_v2,UCSB-CHG/CHIRPS/DAILY,1991-2020,IBGE_2024
2910750,Fátima,BA,368.342,5,mai,76.37172967181233,OK,1991,2020,30,CHIRPS_v2,UCSB-CHG/CHIRPS/DAILY,1991-2020,IBGE_2024
2901601,Antas,BA,326.36,5,mai,72.05527140091749,OK,1991,2020,30,CHIRPS_v2,UCSB-CHG/CHIRPS/DAILY,1991-2020,IBGE_2024
2909208,Coronel João Sá,BA,797.434,5,mai,74.27755445657847,OK,1991,2020,30,CHIRPS_v2,UCSB-CHG/CHIRPS/DAILY,1991-2020,IBGE_2024
2924207,Pedro Alexandre,BA,889.572,5,mai,74.61003716678542,OK,1991,2020,30,CHIRPS_v2,UCSB-CHG/CHIRPS/DAILY,1991-2020,IBGE_2024
2930766,Sítio do Quinto,BA,656.837,5,mai,63.564291594750756,OK,1991,2020,30,CHIRPS_v2,UCSB-CHG/CHIRPS/DAILY,1991-2020,IBGE_2024
2923050,Novo Triunfo,BA,299.125,5,mai,80.26786494586493,OK,1991,2020,30,CHIRPS_v2,UCSB-CHG/CHIRPS/DAILY,1991-2020,IBGE_2024
2918100,Jeremoabo,BA,4267.489,5,mai,78.1729476288137,OK,1991,2020,30,CHIRPS_v2,UCSB-CHG/CHIRPS/DAILY,1991-2020,IBGE_2024
2910800,Feira de Santana,BA,1304.427,5,mai,99.77229900935482,OK,1991,2020,30,CHIRPS_v2,UCSB-CHG/CHIRPS/DAILY,1991-2020,IBGE_2024
2924652,Pintadas,BA,647.144,5,mai,37.47503254129254,OK,1991,2020,30,CHIRPS_v2,UCSB-CHG/CHIRPS/DAILY,1991-2020,IBGE_2024
2908903,Coração de Maria,BA,378.421,5,mai,126.69029634357317,OK,1991,2020,30,CHIRPS_v2,UCSB-CHG/CHIRPS/DAILY,1991-2020,IBGE_2024
2908507,Conceição do Jacuípe,BA,114.869,5,mai,162.92765144633918,OK,1991,2020,30,CHIRPS_v2,UCSB-CHG/CHIRPS/DAILY,1991-2020,IBGE_2024
2900405,Água Fria,BA,742.775,5,mai,76.90285964405179,OK,1991,2020,30,CHIRPS_v2,UCSB-CHG/CHIRPS/DAILY,1991-2020,IBGE_2024
2924058,Pé de Serra,BA,596.772,5,mai,32.704787901205364,OK,1991,2020,30,CHIRPS_v2,UCSB-CHG/CHIRPS/DAILY,1991-2020,IBGE_2024
2908200,Conceição da Feira,BA,164.799,5,mai,176.8808083055027,OK,1991,2020,30,CHIRPS_v2,UCSB-CHG/CHIRPS/DAILY,1991-2020,IBGE_2024
2923308,Ouriçangas,BA,156.982,5,mai,101.22290301865411,OK,1991,2020,30,CHIRPS_v2,UCSB-CHG/CHIRPS/DAILY,1991-2020,IBGE_2024
2922730,Nova Fátima,BA,346.785,5,mai,36.30129764711518,OK,1991,2020,30,CHIRPS_v2,UCSB-CHG/CHIRPS/DAILY,1991-2020,IBGE_2024
2906857,Capela do Alto Alegre,BA,629.585,5,mai,35.19636537447475,OK,1991,2020,30,CHIRPS_v2,UCSB-CHG/CHIRPS/DAILY,1991-2020,IBGE_2024
2931103,Tanquinho,BA,243.838,5,mai,75.24611879292269,OK,1991,2020,30,CHIRPS_v2,UCSB-CHG/CHIRPS/DAILY,1991-2020,IBGE_2024
2930402,Serra Preta,BA,595.294,5,mai,55.89947879144384,OK,1991,2020,30,CHIRPS_v2,UCSB-CHG/CHIRPS/DAILY,1991-2020,IBGE_2024
2922102,Mundo Novo,BA,1491.989,5,mai,60.45252479962843,OK,1991,2020,30,CHIRPS_v2,UCSB-CHG/CHIRPS/DAILY,1991-2020,IBGE_2024
2914505,Irará,BA,267.88,5,mai,101.25764368191197,OK,1991,2020,30,CHIRPS_v2,UCSB-CHG/CHIRPS/DAILY,1991-2020,IBGE_2024
2906402,Candeal,BA,447.577,5,mai,48.70786863479044,OK,1991,2020,30,CHIRPS_v2,UCSB-CHG/CHIRPS/DAILY,1991-2020,IBGE_2024
2914000,Ipirá,BA,3105.285,5,mai,43.42438043094852,OK,1991,2020,30,CHIRPS_v2,UCSB-CHG/CHIRPS/DAILY,1991-2020,IBGE_2024
2929305,São Gonçalo dos Campos,BA,294.768,5,mai,155.81747600644556,OK,1991,2020,30,CHIRPS_v2,UCSB-CHG/CHIRPS/DAILY,1991-2020,IBGE_2024
2913804,Ipecaetá,BA,372.565,5,mai,68.72601761737539,OK,1991,2020,30,CHIRPS_v2,UCSB-CHG/CHIRPS/DAILY,1991-2020,IBGE_2024
2928802,Santo Estêvão,BA,360.334,5,mai,94.00854014423744,OK,1991,2020,30,CHIRPS_v2,UCSB-CHG/CHIRPS/DAILY,1991-2020,IBGE_2024
2913309,Ichu,BA,138.016,5,mai,40.16777421706035,OK,1991,2020,30,CHIRPS_v2,UCSB-CHG/CHIRPS/DAILY,1991-2020,IBGE_2024
2928307,Santanópolis,BA,222.686,5,mai,77.99774703645828,OK,1991,2020,30,CHIRPS_v2,UCSB-CHG/CHIRPS/DAILY,1991-2020,IBGE_2024
2920106,Mairi,BA,906.679,5,mai,54.10358619855259,OK,1991,2020,30,CHIRPS_v2,UCSB-CHG/CHIRPS/DAILY,1991-2020,IBGE_2024
2919603,Macajuba,BA,701.17,5,mai,49.287006253063154,OK,1991,2020,30,CHIRPS_v2,UCSB-CHG/CHIRPS/DAILY,1991-2020,IBGE_2024
2919108,Lamarão,BA,189.26,5,mai,55.810269300480265,OK,1991,2020,30,CHIRPS_v2,UCSB-CHG/CHIRPS/DAILY,1991-2020,IBGE_2024
2927507,Santa Bárbara,BA,347.021,5,mai,73.45748206906829,OK,1991,2020,30,CHIRPS_v2,UCSB-CHG/CHIRPS/DAILY,1991-2020,IBGE_2024
2902609,Baixa Grande,BA,967.515,5,mai,54.90751642874031,OK,1991,2020,30,CHIRPS_v2,UCSB-CHG/CHIRPS/DAILY,1991-2020,IBGE_2024
2926301,Riachão do Jacuípe,BA,1155.417,5,mai,39.491551106283055,OK,1991,2020,30,CHIRPS_v2,UCSB-CHG/CHIRPS/DAILY,1991-2020,IBGE_2024
2911253,Gavião,BA,384.592,5,mai,30.07060691679706,OK,1991,2020,30,CHIRPS_v2,UCSB-CHG/CHIRPS/DAILY,1991-2020,IBGE_2024
2901700,Antônio Cardoso,BA,293.53,5,mai,112.87863707950244,OK,1991,2020,30,CHIRPS_v2,UCSB-CHG/CHIRPS/DAILY,1991-2020,IBGE_2024
2925956,Rafael Jambeiro,BA,1090.552,5,mai,59.93807795394923,OK,1991,2020,30,CHIRPS_v2,UCSB-CHG/CHIRPS/DAILY,1991-2020,IBGE_2024
2901106,Amélia Rodrigues,BA,166.872,5,mai,211.66319419559954,OK,1991,2020,30,CHIRPS_v2,UCSB-CHG/CHIRPS/DAILY,1991-2020,IBGE_2024
2901502,Anguera,BA,187.84,5,mai,91.38716065053949,OK,1991,2020,30,CHIRPS_v2,UCSB-CHG/CHIRPS/DAILY,1991-2020,IBGE_2024
2933059,Várzea da Roça,BA,468.407,5,mai,44.33476397008079,OK,1991,2020,30,CHIRPS_v2,UCSB-CHG/CHIRPS/DAILY,1991-2020,IBGE_2024
2933109,Várzea do Poço,BA,206.478,5,mai,37.877263716277284,OK,1991,2020,30,CHIRPS_v2,UCSB-CHG/CHIRPS/DAILY,1991-2020,IBGE_2024
2933158,Várzea Nova,BA,1225.088,5,mai,18.507588408412502,OK,1991,2020,30,CHIRPS_v2,UCSB-CHG/CHIRPS/DAILY,1991-2020,IBGE_2024
2932457,Umburanas,BA,1775.633,5,mai,15.253335036566632,OK,1991,2020,30,CHIRPS_v2,UCSB-CHG/CHIRPS/DAILY,1991-2020,IBGE_2024
2931301,Tapiramutá,BA,714.691,5,mai,45.14264790100734,OK,1991,2020,30,CHIRPS_v2,UCSB-CHG/CHIRPS/DAILY,1991-2020,IBGE_2024
2923357,Ourolândia,BA,1544.985,5,mai,11.685196619821395,OK,1991,2020,30,CHIRPS_v2,UCSB-CHG/CHIRPS/DAILY,1991-2020,IBGE_2024
2906873,Capim Grosso,BA,464.776,5,mai,31.516959364165544,OK,1991,2020,30,CHIRPS_v2,UCSB-CHG/CHIRPS/DAILY,1991-2020,IBGE_2024
2930600,Serrolândia,BA,322.021,5,mai,34.84749884840136,OK,1991,2020,30,CHIRPS_v2,UCSB-CHG/CHIRPS/DAILY,1991-2020,IBGE_2024
2929800,Saúde,BA,509.098,5,mai,60.95817660621184,OK,1991,2020,30,CHIRPS_v2,UCSB-CHG/CHIRPS/DAILY,1991-2020,IBGE_2024
2921203,Miguel Calmon,BA,1599.673,5,mai,34.85244936536887,OK,1991,2020,30,CHIRPS_v2,UCSB-CHG/CHIRPS/DAILY,1991-2020,IBGE_2024
2929370,São José do Jacuípe,BA,362.365,5,mai,43.44058486824028,OK,1991,2020,30,CHIRPS_v2,UCSB-CHG/CHIRPS/DAILY,1991-2020,IBGE_2024
2921401,Mirangaba,BA,1751.777,5,mai,27.93464653744704,OK,1991,2020,30,CHIRPS_v2,UCSB-CHG/CHIRPS/DAILY,1991-2020,IBGE_2024
2905503,Caldeirão Grande,BA,458.311,5,mai,44.794794993653994,OK,1991,2020,30,CHIRPS_v2,UCSB-CHG/CHIRPS/DAILY,1991-2020,IBGE_2024
2905107,Caém,BA,540.909,5,mai,51.64533674755814,OK,1991,2020,30,CHIRPS_v2,UCSB-CHG/CHIRPS/DAILY,1991-2020,IBGE_2024
2925931,Quixabeira,BA,366.387,5,mai,33.22516750391439,OK,1991,2020,30,CHIRPS_v2,UCSB-CHG/CHIRPS/DAILY,1991-2020,IBGE_2024
2917508,Jacobina,BA,2192.906,5,mai,35.32660084134172,OK,1991,2020,30,CHIRPS_v2,UCSB-CHG/CHIRPS/DAILY,1991-2020,IBGE_2024
2924801,Piritiba,BA,980.331,5,mai,44.21313023007109,OK,1991,2020,30,CHIRPS_v2,UCSB-CHG/CHIRPS/DAILY,1991-2020,IBGE_2024
2932804,Utinga,BA,633.761,5,mai,42.257993066123355,OK,1991,2020,30,CHIRPS_v2,UCSB-CHG/CHIRPS/DAILY,1991-2020,IBGE_2024
2915007,Itaeté,BA,1331.822,5,mai,29.574444541400087,OK,1991,2020,30,CHIRPS_v2,UCSB-CHG/CHIRPS/DAILY,1991-2020,IBGE_2024
2922854,Nova Redenção,BA,565.356,5,mai,32.00988056511617,OK,1991,2020,30,CHIRPS_v2,UCSB-CHG/CHIRPS/DAILY,1991-2020,IBGE_2024
2914703,Itaberaba,BA,2386.387,5,mai,38.673523570082565,OK,1991,2020,30,CHIRPS_v2,UCSB-CHG/CHIRPS/DAILY,1991-2020,IBGE_2024
2920809,Marcionílio Souza,BA,1099.284,5,mai,23.795576362474648,OK,1991,2020,30,CHIRPS_v2,UCSB-CHG/CHIRPS/DAILY,1991-2020,IBGE_2024
2912608,Ibiquera,BA,698.245,5,mai,28.541977338565047,OK,1991,2020,30,CHIRPS_v2,UCSB-CHG/CHIRPS/DAILY,1991-2020,IBGE_2024
2903805,Boa Vista do Tupim,BA,2972.112,5,mai,35.399134233592356,OK,1991,2020,30,CHIRPS_v2,UCSB-CHG/CHIRPS/DAILY,1991-2020,IBGE_2024
2911907,Iaçu,BA,2342.497,5,mai,34.9604729832397,OK,1991,2020,30,CHIRPS_v2,UCSB-CHG/CHIRPS/DAILY,1991-2020,IBGE_2024
2927200,Ruy Barbosa,BA,1991.772,5,mai,39.458387897719525,OK,1991,2020,30,CHIRPS_v2,UCSB-CHG/CHIRPS/DAILY,1991-2020,IBGE_2024
2919009,Lajedinho,BA,846.728,5,mai,32.68111886156049,OK,1991,2020,30,CHIRPS_v2,UCSB-CHG/CHIRPS/DAILY,1991-2020,IBGE_2024
2933406,Wagner,BA,522.37,5,mai,39.881045323826264,OK,1991,2020,30,CHIRPS_v2,UCSB-CHG/CHIRPS/DAILY,1991-2020,IBGE_2024
2901304,Andaraí,BA,1589.786,5,mai,36.96195086212837,OK,1991,2020,30,CHIRPS_v2,UCSB-CHG/CHIRPS/DAILY,1991-2020,IBGE_2024
2908408,Conceição do Coité,BA,1015.249,5,mai,32.07709758267227,OK,1991,2020,30,CHIRPS_v2,UCSB-CHG/CHIRPS/DAILY,1991-2020,IBGE_2024
2922656,Nordestina,BA,465.407,5,mai,34.955230278647434,OK,1991,2020,30,CHIRPS_v2,UCSB-CHG/CHIRPS/DAILY,1991-2020,IBGE_2024
2928950,São Domingos,BA,289.963,5,mai,40.88333349891216,OK,1991,2020,30,CHIRPS_v2,UCSB-CHG/CHIRPS/DAILY,1991-2020,IBGE_2024
2928000,Santaluz,BA,1623.445,5,mai,31.830372677029676,OK,1991,2020,30,CHIRPS_v2,UCSB-CHG/CHIRPS/DAILY,1991-2020,IBGE_2024
2925808,Queimadas,BA,2011.06,5,mai,28.76784913987873,OK,1991,2020,30,CHIRPS_v2,UCSB-CHG/CHIRPS/DAILY,1991-2020,IBGE_2024
2926103,Retirolândia,BA,242.331,5,mai,29.12694980435956,OK,1991,2020,30,CHIRPS_v2,UCSB-CHG/CHIRPS/DAILY,1991-2020,IBGE_2024
2933000,Valente,BA,394.877,5,mai,25.072548088320342,OK,1991,2020,30,CHIRPS_v2,UCSB-CHG/CHIRPS/DAILY,1991-2020,IBGE_2024
2931509,Teofilândia,BA,351.892,5,mai,51.756132252355975,OK,1991,2020,30,CHIRPS_v2,UCSB-CHG/CHIRPS/DAILY,1991-2020,IBGE_2024
2930501,Serrinha,BA,583.311,5,mai,58.71212677579427,OK,1991,2020,30,CHIRPS_v2,UCSB-CHG/CHIRPS/DAILY,1991-2020,IBGE_2024
2903276,Barrocas,BA,207.297,5,mai,42.12297325762575,OK,1991,2020,30,CHIRPS_v2,UCSB-CHG/CHIRPS/DAILY,1991-2020,IBGE_2024
2903607,Biritinga,BA,553.762,5,mai,63.63751465459735,OK,1991,2020,30,CHIRPS_v2,UCSB-CHG/CHIRPS/DAILY,1991-2020,IBGE_2024
2902104,Araci,BA,1496.246,5,mai,45.49859197697515,OK,1991,2020,30,CHIRPS_v2,UCSB-CHG/CHIRPS/DAILY,1991-2020,IBGE_2024
2924306,Piatã,BA,1825.855,5,mai,34.7374513932129,OK,1991,2020,30,CHIRPS_v2,UCSB-CHG/CHIRPS/DAILY,1991-2020,IBGE_2024
2923506,Palmeiras,BA,737.797,5,mai,27.731317778656386,OK,1991,2020,30,CHIRPS_v2,UCSB-CHG/CHIRPS/DAILY,1991-2020,IBGE_2024
2930808,Souto Soares,BA,1026.638,5,mai,17.84079474569978,OK,1991,2020,30,CHIRPS_v2,UCSB-CHG/CHIRPS/DAILY,1991-2020,IBGE_2024
2923035,Novo Horizonte,BA,627.5,5,mai,23.90689147422062,OK,1991,2020,30,CHIRPS_v2,UCSB-CHG/CHIRPS/DAILY,1991-2020,IBGE_2024
2914406,Iraquara,BA,991.821,5,mai,18.65688241436993,OK,1991,2020,30,CHIRPS_v2,UCSB-CHG/CHIRPS/DAILY,1991-2020,IBGE_2024
2929909,Seabra,BA,2402.17,5,mai,12.30865022676601,OK,1991,2020,30,CHIRPS_v2,UCSB-CHG/CHIRPS/DAILY,1991-2020,IBGE_2024
2921906,Mucugê,BA,2462.689,5,mai,29.968908577065925,OK,1991,2020,30,CHIRPS_v2,UCSB-CHG/CHIRPS/DAILY,1991-2020,IBGE_2024
2913002,Ibitiara,BA,1834.003,5,mai,9.771779512799101,OK,1991,2020,30,CHIRPS_v2,UCSB-CHG/CHIRPS/DAILY,1991-2020,IBGE_2024
2904001,Boninal,BA,896.857,5,mai,18.71373817425181,OK,1991,2020,30,CHIRPS_v2,UCSB-CHG/CHIRPS/DAILY,1991-2020,IBGE_2024
2919306,Lençóis,BA,1282.981,5,mai,46.65174065231804,OK,1991,2020,30,CHIRPS_v2,UCSB-CHG/CHIRPS/DAILY,1991-2020,IBGE_2024
3136603,Nova União,MG,172.131,5,mai,29.2807288872579,OK,1991,2020,30,CHIRPS_v2,UCSB-CHG/CHIRPS/DAILY,1991-2020,IBGE_2024
3168309,Taquaraçu de Minas,MG,329.287,5,mai,29.06698769018022,OK,1991,2020,30,CHIRPS_v2,UCSB-CHG/CHIRPS/DAILY,1991-2020,IBGE_2024
3134608,Jaboticatubas,MG,1114.972,5,mai,24.55562536328318,OK,1991,2020,30,CHIRPS_v2,UCSB-CHG/CHIRPS/DAILY,1991-2020,IBGE_2024
3126000,Florestal,MG,194.965,5,mai,29.410147213890983,OK,1991,2020,30,CHIRPS_v2,UCSB-CHG/CHIRPS/DAILY,1991-2020,IBGE_2024
3142304,Moeda,MG,154.129,5,mai,32.51941944307693,OK,1991,2020,30,CHIRPS_v2,UCSB-CHG/CHIRPS/DAILY,1991-2020,IBGE_2024
3140704,Mateus Leme,MG,302.312,5,mai,30.91910286322706,OK,1991,2020,30,CHIRPS_v2,UCSB-CHG/CHIRPS/DAILY,1991-2020,IBGE_2024
3162955,São José da Lapa,MG,48.135,5,mai,27.421201522201656,OK,1991,2020,30,CHIRPS_v2,UCSB-CHG/CHIRPS/DAILY,1991-2020,IBGE_2024
3129806,Ibirité,MG,72.389,5,mai,32.652148457235036,OK,1991,2020,30,CHIRPS_v2,UCSB-CHG/CHIRPS/DAILY,1991-2020,IBGE_2024
3137601,Lagoa Santa,MG,229.741,5,mai,26.8299276631811,OK,1991,2020,30,CHIRPS_v2,UCSB-CHG/CHIRPS/DAILY,1991-2020,IBGE_2024
3153905,Raposos,MG,72.228,5,mai,30.737156762321163,OK,1991,2020,30,CHIRPS_v2,UCSB-CHG/CHIRPS/DAILY,1991-2020,IBGE_2024
3144805,Nova Lima,MG,430.115,5,mai,30.281211394510965,OK,1991,2020,30,CHIRPS_v2,UCSB-CHG/CHIRPS/DAILY,1991-2020,IBGE_2024
3136652,Juatuba,MG,97.66,5,mai,30.686409284452395,OK,1991,2020,30,CHIRPS_v2,UCSB-CHG/CHIRPS/DAILY,1991-2020,IBGE_2024
3110004,Caeté,MG,542.531,5,mai,32.007994763894395,OK,1991,2020,30,CHIRPS_v2,UCSB-CHG/CHIRPS/DAILY,1991-2020,IBGE_2024
3118601,Contagem,MG,194.732,5,mai,29.07186969288852,OK,1991,2020,30,CHIRPS_v2,UCSB-CHG/CHIRPS/DAILY,1991-2020,IBGE_2024
3117876,Confins,MG,42.462,5,mai,27.282146495375514,OK,1991,2020,30,CHIRPS_v2,UCSB-CHG/CHIRPS/DAILY,1991-2020,IBGE_2024
3109006,Brumadinho,MG,640.63,5,mai,32.27737672469884,OK,1991,2020,30,CHIRPS_v2,UCSB-CHG/CHIRPS/DAILY,1991-2020,IBGE_2024
3157807,Santa Luzia,MG,235.166,5,mai,27.277554009782673,OK,1991,2020,30,CHIRPS_v2,UCSB-CHG/CHIRPS/DAILY,1991-2020,IBGE_2024
3149309,Pedro Leopoldo,MG,292.81,5,mai,26.745234580706246,OK,1991,2020,30,CHIRPS_v2,UCSB-CHG/CHIRPS/DAILY,1991-2020,IBGE_2024
3165537,Sarzedo,MG,62.134,5,mai,31.4037442738363,OK,1991,2020,30,CHIRPS_v2,UCSB-CHG/CHIRPS/DAILY,1991-2020,IBGE_2024
3156700,Sabará,MG,302.453,5,mai,28.907516894457945,OK,1991,2020,30,CHIRPS_v2,UCSB-CHG/CHIRPS/DAILY,1991-2020,IBGE_2024
3124104,Esmeraldas,MG,909.727,5,mai,27.190387631256826,OK,1991,2020,30,CHIRPS_v2,UCSB-CHG/CHIRPS/DAILY,1991-2020,IBGE_2024
3140159,Mário Campos,MG,35.196,5,mai,31.578865402429155,OK,1991,2020,30,CHIRPS_v2,UCSB-CHG/CHIRPS/DAILY,1991-2020,IBGE_2024
3106705,Betim,MG,344.076,5,mai,30.276430459399567,OK,1991,2020,30,CHIRPS_v2,UCSB-CHG/CHIRPS/DAILY,1991-2020,IBGE_2024
3130101,Igarapé,MG,110.894,5,mai,30.92506292733874,OK,1991,2020,30,CHIRPS_v2,UCSB-CHG/CHIRPS/DAILY,1991-2020,IBGE_2024
3162922,São Joaquim de Bicas,MG,71.995,5,mai,31.736432240355725,OK,1991,2020,30,CHIRPS_v2,UCSB-CHG/CHIRPS/DAILY,1991-2020,IBGE_2024
3106200,Belo Horizonte,MG,331.337,5,mai,25.760920945605697,OK,1991,2020,30,CHIRPS_v2,UCSB-CHG/CHIRPS/DAILY,1991-2020,IBGE_2024
3154606,Ribeirão das Neves,MG,155.105,5,mai,27.244467020487004,OK,1991,2020,30,CHIRPS_v2,UCSB-CHG/CHIRPS/DAILY,1991-2020,IBGE_2024
3171204,Vespasiano,MG,70.456,5,mai,26.225214022619998,OK,1991,2020,30,CHIRPS_v2,UCSB-CHG/CHIRPS/DAILY,1991-2020,IBGE_2024
3154804,Rio Acima,MG,228.899,5,mai,30.511309176361184,OK,1991,2020,30,CHIRPS_v2,UCSB-CHG/CHIRPS/DAILY,1991-2020,IBGE_2024
3153608,Prudente de Morais,MG,124.189,5,mai,24.822357415836002,OK,1991,2020,30,CHIRPS_v2,UCSB-CHG/CHIRPS/DAILY,1991-2020,IBGE_2024
3167202,Sete Lagoas,MG,536.928,5,mai,24.56248332364988,OK,1991,2020,30,CHIRPS_v2,UCSB-CHG/CHIRPS/DAILY,1991-2020,IBGE_2024
3131000,Inhaúma,MG,244.996,5,mai,26.124241288148,OK,1991,2020,30,CHIRPS_v2,UCSB-CHG/CHIRPS/DAILY,1991-2020,IBGE_2024
3105004,Baldim,MG,556.266,5,mai,24.685789838516236,OK,1991,2020,30,CHIRPS_v2,UCSB-CHG/CHIRPS/DAILY,1991-2020,IBGE_2024
3112505,Capim Branco,MG,95.333,5,mai,25.934639290004874,OK,1991,2020,30,CHIRPS_v2,UCSB-CHG/CHIRPS/DAILY,1991-2020,IBGE_2024
3135704,Jequitibá,MG,445.03,5,mai,23.00353647347377,OK,1991,2020,30,CHIRPS_v2,UCSB-CHG/CHIRPS/DAILY,1991-2020,IBGE_2024
3103207,Araçaí,MG,187.53,5,mai,23.774186878129242,OK,1991,2020,30,CHIRPS_v2,UCSB-CHG/CHIRPS/DAILY,1991-2020,IBGE_2024
3118908,Cordisburgo,MG,823.654,5,mai,22.48121182517347,OK,1991,2020,30,CHIRPS_v2,UCSB-CHG/CHIRPS/DAILY,1991-2020,IBGE_2024
3143708,Morro do Pilar,MG,477.548,5,mai,27.128190610219608,OK,1991,2020,30,CHIRPS_v2,UCSB-CHG/CHIRPS/DAILY,1991-2020,IBGE_2024
3127206,Funilândia,MG,199.797,5,mai,24.116098795207265,OK,1991,2020,30,CHIRPS_v2,UCSB-CHG/CHIRPS/DAILY,1991-2020,IBGE_2024
3126406,Fortuna de Minas,MG,198.665,5,mai,27.241008963494526,OK,1991,2020,30,CHIRPS_v2,UCSB-CHG/CHIRPS/DAILY,1991-2020,IBGE_2024
3109600,Cachoeira da Prata,MG,61.425,5,mai,26.86945480737422,OK,1991,2020,30,CHIRPS_v2,UCSB-CHG/CHIRPS/DAILY,1991-2020,IBGE_2024
3159001,Santana do Riacho,MG,677.207,5,mai,24.61420824173193,OK,1991,2020,30,CHIRPS_v2,UCSB-CHG/CHIRPS/DAILY,1991-2020,IBGE_2024
3118106,Congonhas do Norte,MG,405.671,5,mai,24.051397284071268,OK,1991,2020,30,CHIRPS_v2,UCSB-CHG/CHIRPS/DAILY,1991-2020,IBGE_2024
3109907,Caetanópolis,MG,156.039,5,mai,25.041495378563248,OK,1991,2020,30,CHIRPS_v2,UCSB-CHG/CHIRPS/DAILY,1991-2020,IBGE_2024
3158508,Santana de Pirapama,MG,1255.832,5,mai,21.828231489294815,OK,1991,2020,30,CHIRPS_v2,UCSB-CHG/CHIRPS/DAILY,1991-2020,IBGE_2024
3117504,Conceição do Mato Dentro,MG,1720.04,5,mai,27.72752615878393,OK,1991,2020,30,CHIRPS_v2,UCSB-CHG/CHIRPS/DAILY,1991-2020,IBGE_2024
3141108,Matozinhos,MG,252.453,5,mai,25.748296621473965,OK,1991,2020,30,CHIRPS_v2,UCSB-CHG/CHIRPS/DAILY,1991-2020,IBGE_2024
3147402,Paraopeba,MG,625.631,5,mai,24.678098916412345,OK,1991,2020,30,CHIRPS_v2,UCSB-CHG/CHIRPS/DAILY,1991-2020,IBGE_2024
3146107,Ouro Preto,MG,1246.068,5,mai,30.331840550704744,OK,1991,2020,30,CHIRPS_v2,UCSB-CHG/CHIRPS/DAILY,1991-2020,IBGE_2024
3157203,Santa Bárbara,MG,684.505,5,mai,30.641658087147736,OK,1991,2020,30,CHIRPS_v2,UCSB-CHG/CHIRPS/DAILY,1991-2020,IBGE_2024
3131901,Itabirito,MG,544.535,5,mai,30.86642600572181,OK,1991,2020,30,CHIRPS_v2,UCSB-CHG/CHIRPS/DAILY,1991-2020,IBGE_2024
3115359,Catas Altas,MG,240.042,5,mai,31.093336438923853,OK,1991,2020,30,CHIRPS_v2,UCSB-CHG/CHIRPS/DAILY,1991-2020,IBGE_2024
3140001,Mariana,MG,1194.208,5,mai,33.16516472061183,OK,1991,2020,30,CHIRPS_v2,UCSB-CHG/CHIRPS/DAILY,1991-2020,IBGE_2024
3105400,Barão de Cocais,MG,340.14,5,mai,33.56751878868624,OK,1991,2020,30,CHIRPS_v2,UCSB-CHG/CHIRPS/DAILY,1991-2020,IBGE_2024
3120904,Curvelo,MG,3296.2,5,mai,19.50834758644372,OK,1991,2020,30,CHIRPS_v2,UCSB-CHG/CHIRPS/DAILY,1991-2020,IBGE_2024
3104809,Augusto de Lima,MG,1254.832,5,mai,18.607686404287385,OK,1991,2020,30,CHIRPS_v2,UCSB-CHG/CHIRPS/DAILY,1991-2020,IBGE_2024
3153202,Presidente Juscelino,MG,695.882,5,mai,19.143699063614015,OK,1991,2020,30,CHIRPS_v2,UCSB-CHG/CHIRPS/DAILY,1991-2020,IBGE_2024
3160603,Santo Hipólito,MG,430.656,5,mai,19.843086997251156,OK,1991,2020,30,CHIRPS_v2,UCSB-CHG/CHIRPS/DAILY,1991-2020,IBGE_2024
3119104,Corinto,MG,2525.397,5,mai,20.264338625708767,OK,1991,2020,30,CHIRPS_v2,UCSB-CHG/CHIRPS/DAILY,1991-2020,IBGE_2024
3143609,Morro da Garça,MG,414.772,5,mai,18.538452973724045,OK,1991,2020,30,CHIRPS_v2,UCSB-CHG/CHIRPS/DAILY,1991-2020,IBGE_2024
3142502,Monjolos,MG,650.911,5,mai,21.24404136486268,OK,1991,2020,30,CHIRPS_v2,UCSB-CHG/CHIRPS/DAILY,1991-2020,IBGE_2024
3109204,Buenópolis,MG,1599.881,5,mai,16.95350474395758,OK,1991,2020,30,CHIRPS_v2,UCSB-CHG/CHIRPS/DAILY,1991-2020,IBGE_2024
3131109,Inimutaba,MG,527.06,5,mai,16.419289288113465,OK,1991,2020,30,CHIRPS_v2,UCSB-CHG/CHIRPS/DAILY,1991-2020,IBGE_2024
3131703,Itabira,MG,1254.607,5,mai,26.115835740221467,OK,1991,2020,30,CHIRPS_v2,UCSB-CHG/CHIRPS/DAILY,1991-2020,IBGE_2024
3113800,Carmésia,MG,259.103,5,mai,30.486642441606513,OK,1991,2020,30,CHIRPS_v2,UCSB-CHG/CHIRPS/DAILY,1991-2020,IBGE_2024
3160504,Santo Antônio do Rio Abaixo,MG,107.269,5,mai,27.727625291723722,OK,1991,2020,30,CHIRPS_v2,UCSB-CHG/CHIRPS/DAILY,1991-2020,IBGE_2024
3125903,Ferros,MG,1088.791,5,mai,31.409643160861556,OK,1991,2020,30,CHIRPS_v2,UCSB-CHG/CHIRPS/DAILY,1991-2020,IBGE_2024
3158003,Santa Maria de Itabira,MG,597.441,5,mai,28.0857034445749,OK,1991,2020,30,CHIRPS_v2,UCSB-CHG/CHIRPS/DAILY,1991-2020,IBGE_2024
3132800,Itambé do Mato Dentro,MG,380.34,5,mai,25.268712820283124,OK,1991,2020,30,CHIRPS_v2,UCSB-CHG/CHIRPS/DAILY,1991-2020,IBGE_2024
3164803,São Sebastião do Rio Preto,MG,128.002,5,mai,26.334113180050224,OK,1991,2020,30,CHIRPS_v2,UCSB-CHG/CHIRPS/DAILY,1991-2020,IBGE_2024
3107703,Bom Jesus do Amparo,MG,195.611,5,mai,29.019603905136293,OK,1991,2020,30,CHIRPS_v2,UCSB-CHG/CHIRPS/DAILY,1991-2020,IBGE_2024
3147501,Passabém,MG,94.183,5,mai,26.47844744173618,OK,1991,2020,30,CHIRPS_v2,UCSB-CHG/CHIRPS/DAILY,1991-2020,IBGE_2024
3143302,Montes Claros,MG,3589.811,5,mai,10.197710388066795,OK,1991,2020,30,CHIRPS_v2,UCSB-CHG/CHIRPS/DAILY,1991-2020,IBGE_2024
3129657,Ibiracatu,MG,353.257,5,mai,7.046319847770299,OK,1991,2020,30,CHIRPS_v2,UCSB-CHG/CHIRPS/DAILY,1991-2020,IBGE_2024
3162401,São João da Ponte,MG,1851.102,5,mai,6.379595833754396,OK,1991,2020,30,CHIRPS_v2,UCSB-CHG/CHIRPS/DAILY,1991-2020,IBGE_2024
3162252,São João da Lagoa,MG,998.015,5,mai,9.466927935415878,OK,1991,2020,30,CHIRPS_v2,UCSB-CHG/CHIRPS/DAILY,1991-2020,IBGE_2024
3162658,São João do Pacuí,MG,415.922,5,mai,7.758466371186723,OK,1991,2020,30,CHIRPS_v2,UCSB-CHG/CHIRPS/DAILY,1991-2020,IBGE_2024
3145455,Olhos-d'Água,MG,2092.078,5,mai,14.748460480403281,OK,1991,2020,30,CHIRPS_v2,UCSB-CHG/CHIRPS/DAILY,1991-2020,IBGE_2024
3137304,Lagoa dos Patos,MG,600.547,5,mai,11.649162561235578,OK,1991,2020,30,CHIRPS_v2,UCSB-CHG/CHIRPS/DAILY,1991-2020,IBGE_2024
3112703,Capitão Enéas,MG,971.576,5,mai,4.7498042740426385,OK,1991,2020,30,CHIRPS_v2,UCSB-CHG/CHIRPS/DAILY,1991-2020,IBGE_2024
3136801,Juramento,MG,431.63,5,mai,7.111899793202667,OK,1991,2020,30,CHIRPS_v2,UCSB-CHG/CHIRPS/DAILY,1991-2020,IBGE_2024
3120300,Cristália,MG,840.702,5,mai,10.973063258877573,OK,1991,2020,30,CHIRPS_v2,UCSB-CHG/CHIRPS/DAILY,1991-2020,IBGE_2024
3136579,Josenópolis,MG,541.393,5,mai,11.40594597215479,OK,1991,2020,30,CHIRPS_v2,UCSB-CHG/CHIRPS/DAILY,1991-2020,IBGE_2024
3128253,Guaraciama,MG,390.263,5,mai,9.6543577526123,OK,1991,2020,30,CHIRPS_v2,UCSB-CHG/CHIRPS/DAILY,1991-2020,IBGE_2024
3136405,Joaquim Felício,MG,790.935,5,mai,16.098373282017125,OK,1991,2020,30,CHIRPS_v2,UCSB-CHG/CHIRPS/DAILY,1991-2020,IBGE_2024
3135605,Jequitaí,MG,1268.443,5,mai,11.152251903353054,OK,1991,2020,30,CHIRPS_v2,UCSB-CHG/CHIRPS/DAILY,1991-2020,IBGE_2024
3111150,Campo Azul,MG,505.914,5,mai,10.568651080848186,OK,1991,2020,30,CHIRPS_v2,UCSB-CHG/CHIRPS/DAILY,1991-2020,IBGE_2024
3127800,Grão Mogol,MG,3885.294,5,mai,7.8413743231224355,OK,1991,2020,30,CHIRPS_v2,UCSB-CHG/CHIRPS/DAILY,1991-2020,IBGE_2024
3118809,Coração de Jesus,MG,2225.216,5,mai,8.08000052629999,OK,1991,2020,30,CHIRPS_v2,UCSB-CHG/CHIRPS/DAILY,1991-2020,IBGE_2024
3127354,Glaucilândia,MG,145.861,5,mai,5.14467784020649,OK,1991,2020,30,CHIRPS_v2,UCSB-CHG/CHIRPS/DAILY,1991-2020,IBGE_2024
3135357,Japonvar,MG,375.181,5,mai,9.295762717619853,OK,1991,2020,30,CHIRPS_v2,UCSB-CHG/CHIRPS/DAILY,1991-2020,IBGE_2024
3126604,Francisco Dumont,MG,1576.128,5,mai,13.549885429484675,OK,1991,2020,30,CHIRPS_v2,UCSB-CHG/CHIRPS/DAILY,1991-2020,IBGE_2024
3126703,Francisco Sá,MG,2747.295,5,mai,4.736490457941844,OK,1991,2020,30,CHIRPS_v2,UCSB-CHG/CHIRPS/DAILY,1991-2020,IBGE_2024
3142007,Mirabela,MG,723.278,5,mai,8.007467870799022,OK,1991,2020,30,CHIRPS_v2,UCSB-CHG/CHIRPS/DAILY,1991-2020,IBGE_2024
3108602,Brasília de Minas,MG,1399.484,5,mai,9.085971622879393,OK,1991,2020,30,CHIRPS_v2,UCSB-CHG/CHIRPS/DAILY,1991-2020,IBGE_2024
3108503,Botumirim,MG,1568.884,5,mai,11.76284156887878,OK,1991,2020,30,CHIRPS_v2,UCSB-CHG/CHIRPS/DAILY,1991-2020,IBGE_2024
3116506,Claro dos Poções,MG,720.424,5,mai,10.202269091987237,OK,1991,2020,30,CHIRPS_v2,UCSB-CHG/CHIRPS/DAILY,1991-2020,IBGE_2024
3132008,Itacambira,MG,1788.445,5,mai,9.643915449465604,OK,1991,2020,30,CHIRPS_v2,UCSB-CHG/CHIRPS/DAILY,1991-2020,IBGE_2024
3123809,Engenheiro Navarro,MG,608.306,5,mai,11.061767866179517,OK,1991,2020,30,CHIRPS_v2,UCSB-CHG/CHIRPS/DAILY,1991-2020,IBGE_2024
3147956,Patis,MG,444.196,5,mai,8.650760306615492,OK,1991,2020,30,CHIRPS_v2,UCSB-CHG/CHIRPS/DAILY,1991-2020,IBGE_2024
3107307,Bocaiúva,MG,3206.757,5,mai,12.079728050829567,OK,1991,2020,30,CHIRPS_v2,UCSB-CHG/CHIRPS/DAILY,1991-2020,IBGE_2024
3138682,Luislândia,MG,411.714,5,mai,10.29814840237379,OK,1991,2020,30,CHIRPS_v2,UCSB-CHG/CHIRPS/DAILY,1991-2020,IBGE_2024
3138658,Lontra,MG,258.925,5,mai,10.075101528882223,OK,1991,2020,30,CHIRPS_v2,UCSB-CHG/CHIRPS/DAILY,1991-2020,IBGE_2024
3170909,Varzelândia,MG,814.994,5,mai,4.411258163896858,OK,1991,2020,30,CHIRPS_v2,UCSB-CHG/CHIRPS/DAILY,1991-2020,IBGE_2024
3145059,Nova Porteirinha,MG,120.944,5,mai,1.3064933903455798,OK,1991,2020,30,CHIRPS_v2,UCSB-CHG/CHIRPS/DAILY,1991-2020,IBGE_2024
3152204,Porteirinha,MG,1749.683,5,mai,2.3679894880198153,OK,1991,2020,30,CHIRPS_v2,UCSB-CHG/CHIRPS/DAILY,1991-2020,IBGE_2024
3135100,Janaúba,MG,2181.319,5,mai,2.385066129098281,OK,1991,2020,30,CHIRPS_v2,UCSB-CHG/CHIRPS/DAILY,1991-2020,IBGE_2024
3135050,Jaíba,MG,2635.467,5,mai,2.4151085414176787,OK,1991,2020,30,CHIRPS_v2,UCSB-CHG/CHIRPS/DAILY,1991-2020,IBGE_2024
3166956,Serranópolis de Minas,MG,551.954,5,mai,5.877663159953366,OK,1991,2020,30,CHIRPS_v2,UCSB-CHG/CHIRPS/DAILY,1991-2020,IBGE_2024
3142254,Miravânia,MG,602.128,5,mai,3.691587611805082,OK,1991,2020,30,CHIRPS_v2,UCSB-CHG/CHIRPS/DAILY,1991-2020,IBGE_2024
3140852,Matias Cardoso,MG,1940.597,5,mai,2.6520738302187983,OK,1991,2020,30,CHIRPS_v2,UCSB-CHG/CHIRPS/DAILY,1991-2020,IBGE_2024
3139300,Manga,MG,1950.184,5,mai,2.4346221033875524,OK,1991,2020,30,CHIRPS_v2,UCSB-CHG/CHIRPS/DAILY,1991-2020,IBGE_2024
3146552,Pai Pedro,MG,839.805,5,mai,1.236980145610138,OK,1991,2020,30,CHIRPS_v2,UCSB-CHG/CHIRPS/DAILY,1991-2020,IBGE_2024
3171030,Verdelândia,MG,1570.582,5,mai,2.6542973508117367,OK,1991,2020,30,CHIRPS_v2,UCSB-CHG/CHIRPS/DAILY,1991-2020,IBGE_2024
3154507,Riacho dos Machados,MG,1315.54,5,mai,6.4669256450747605,OK,1991,2020,30,CHIRPS_v2,UCSB-CHG/CHIRPS/DAILY,1991-2020,IBGE_2024
3146255,Padre Carvalho,MG,446.275,5,mai,10.644482655271187,OK,1991,2020,30,CHIRPS_v2,UCSB-CHG/CHIRPS/DAILY,1991-2020,IBGE_2024
3170651,Vargem Grande do Rio Pardo,MG,491.512,5,mai,8.266552622922099,OK,1991,2020,30,CHIRPS_v2,UCSB-CHG/CHIRPS/DAILY,1991-2020,IBGE_2024
3120870,Curral de Dentro,MG,570.95,5,mai,14.687540407162434,OK,1991,2020,30,CHIRPS_v2,UCSB-CHG/CHIRPS/DAILY,1991-2020,IBGE_2024
3145372,Novorizonte,MG,271.61,5,mai,12.246640440653769,OK,1991,2020,30,CHIRPS_v2,UCSB-CHG/CHIRPS/DAILY,1991-2020,IBGE_2024
3144656,Ninheira,MG,1108.27,5,mai,14.321843137273634,OK,1991,2020,30,CHIRPS_v2,UCSB-CHG/CHIRPS/DAILY,1991-2020,IBGE_2024
3168002,Taiobeiras,MG,1220.045,5,mai,11.301347326806352,OK,1991,2020,30,CHIRPS_v2,UCSB-CHG/CHIRPS/DAILY,1991-2020,IBGE_2024
3127073,Fruta de Leite,MG,762.837,5,mai,11.299676397141805,OK,1991,2020,30,CHIRPS_v2,UCSB-CHG/CHIRPS/DAILY,1991-2020,IBGE_2024
3157377,Santa Cruz de Salinas,MG,589.607,5,mai,13.85219422170669,OK,1991,2020,30,CHIRPS_v2,UCSB-CHG/CHIRPS/DAILY,1991-2020,IBGE_2024
3157005,Salinas,MG,1862.117,5,mai,12.270785467020602,OK,1991,2020,30,CHIRPS_v2,UCSB-CHG/CHIRPS/DAILY,1991-2020,IBGE_2024
3156502,Rubelita,MG,1110.295,5,mai,13.97012113905039,OK,1991,2020,30,CHIRPS_v2,UCSB-CHG/CHIRPS/DAILY,1991-2020,IBGE_2024
3155603,Rio Pardo de Minas,MG,3117.675,5,mai,8.280851581050086,OK,1991,2020,30,CHIRPS_v2,UCSB-CHG/CHIRPS/DAILY,1991-2020,IBGE_2024
3106655,Berizal,MG,488.756,5,mai,16.064290497335126,OK,1991,2020,30,CHIRPS_v2,UCSB-CHG/CHIRPS/DAILY,1991-2020,IBGE_2024
3130655,Indaiabira,MG,1004.149,5,mai,10.781475979279273,OK,1991,2020,30,CHIRPS_v2,UCSB-CHG/CHIRPS/DAILY,1991-2020,IBGE_2024
3162708,São João do Paraíso,MG,1925.575,5,mai,11.034521850985444,OK,1991,2020,30,CHIRPS_v2,UCSB-CHG/CHIRPS/DAILY,1991-2020,IBGE_2024
3162450,São João das Missões,MG,678.274,5,mai,2.9364199992829376,OK,1991,2020,30,CHIRPS_v2,UCSB-CHG/CHIRPS/DAILY,1991-2020,IBGE_2024
3136959,Juvenília,MG,1064.692,5,mai,3.024411205217887,OK,1991,2020,30,CHIRPS_v2,UCSB-CHG/CHIRPS/DAILY,1991-2020,IBGE_2024
3135209,Januária,MG,6661.588,5,mai,9.744624351169758,OK,1991,2020,30,CHIRPS_v2,UCSB-CHG/CHIRPS/DAILY,1991-2020,IBGE_2024
3117836,Cônego Marinho,MG,1610.469,5,mai,5.348317765999409,OK,1991,2020,30,CHIRPS_v2,UCSB-CHG/CHIRPS/DAILY,1991-2020,IBGE_2024
3142700,Montalvânia,MG,1503.755,5,mai,3.18087165867346,OK,1991,2020,30,CHIRPS_v2,UCSB-CHG/CHIRPS/DAILY,1991-2020,IBGE_2024
3149150,Pedras de Maria da Cruz,MG,1525.648,5,mai,7.802018844780466,OK,1991,2020,30,CHIRPS_v2,UCSB-CHG/CHIRPS/DAILY,1991-2020,IBGE_2024
3132107,Itacarambi,MG,1225.273,5,mai,4.305080460498466,OK,1991,2020,30,CHIRPS_v2,UCSB-CHG/CHIRPS/DAILY,1991-2020,IBGE_2024
3108255,Bonito de Minas,MG,3936.455,5,mai,7.393950060819214,OK,1991,2020,30,CHIRPS_v2,UCSB-CHG/CHIRPS/DAILY,1991-2020,IBGE_2024
3151206,Pirapora,MG,549.514,5,mai,13.37934377563845,OK,1991,2020,30,CHIRPS_v2,UCSB-CHG/CHIRPS/DAILY,1991-2020,IBGE_2024
3170008,Ubaí,MG,820.524,5,mai,9.845363640973533,OK,1991,2020,30,CHIRPS_v2,UCSB-CHG/CHIRPS/DAILY,1991-2020,IBGE_2024
3161106,São Francisco,MG,3308.1,5,mai,11.789278472946869,OK,1991,2020,30,CHIRPS_v2,UCSB-CHG/CHIRPS/DAILY,1991-2020,IBGE_2024
3130051,Icaraí de Minas,MG,625.664,5,mai,9.240846246121723,OK,1991,2020,30,CHIRPS_v2,UCSB-CHG/CHIRPS/DAILY,1991-2020,IBGE_2024
3160454,Santo Antônio do Retiro,MG,796.29,5,mai,7.917358105355788,OK,1991,2020,30,CHIRPS_v2,UCSB-CHG/CHIRPS/DAILY,1991-2020,IBGE_2024
3143450,Montezuma,MG,1130.419,5,mai,7.685478574180514,OK,1991,2020,30,CHIRPS_v2,UCSB-CHG/CHIRPS/DAILY,1991-2020,IBGE_2024
3127339,Gameleiras,MG,1733.203,5,mai,2.7510637856924403,OK,1991,2020,30,CHIRPS_v2,UCSB-CHG/CHIRPS/DAILY,1991-2020,IBGE_2024
3142908,Monte Azul,MG,1001.296,5,mai,2.9736113112811235,OK,1991,2020,30,CHIRPS_v2,UCSB-CHG/CHIRPS/DAILY,1991-2020,IBGE_2024
3124302,Espinosa,MG,1868.97,5,mai,3.745330623328749,OK,1991,2020,30,CHIRPS_v2,UCSB-CHG/CHIRPS/DAILY,1991-2020,IBGE_2024
3141009,Mato Verde,MG,472.245,5,mai,1.5308140798553116,OK,1991,2020,30,CHIRPS_v2,UCSB-CHG/CHIRPS/DAILY,1991-2020,IBGE_2024
3115474,Catuti,MG,287.812,5,mai,1.1201347791451672,OK,1991,2020,30,CHIRPS_v2,UCSB-CHG/CHIRPS/DAILY,1991-2020,IBGE_2024
3139250,Mamonas,MG,284.365,5,mai,3.476323524588754,OK,1991,2020,30,CHIRPS_v2,UCSB-CHG/CHIRPS/DAILY,1991-2020,IBGE_2024
3168606,Teófilo Otoni,MG,3242.27,5,mai,28.5969781817188,OK,1991,2020,30,CHIRPS_v2,UCSB-CHG/CHIRPS/DAILY,1991-2020,IBGE_2024
3146206,Ouro Verde de Minas,MG,175.482,5,mai,27.72362800122026,OK,1991,2020,30,CHIRPS_v2,UCSB-CHG/CHIRPS/DAILY,1991-2020,IBGE_2024
3146305,Padre Paraíso,MG,544.375,5,mai,22.16094239231431,OK,1991,2020,30,CHIRPS_v2,UCSB-CHG/CHIRPS/DAILY,1991-2020,IBGE_2024
3145307,Novo Cruzeiro,MG,1702.981,5,mai,22.210574734926222,OK,1991,2020,30,CHIRPS_v2,UCSB-CHG/CHIRPS/DAILY,1991-2020,IBGE_2024
3145356,Novo Oriente de Minas,MG,755.151,5,mai,26.18224539186369,OK,1991,2020,30,CHIRPS_v2,UCSB-CHG/CHIRPS/DAILY,1991-2020,IBGE_2024
3113008,Caraí,MG,1242.345,5,mai,22.14109693140439,OK,1991,2020,30,CHIRPS_v2,UCSB-CHG/CHIRPS/DAILY,1991-2020,IBGE_2024
3144904,Nova Módica,MG,375.973,5,mai,19.536706022201464,OK,1991,2020,30,CHIRPS_v2,UCSB-CHG/CHIRPS/DAILY,1991-2020,IBGE_2024
3104700,Ataléia,MG,1836.933,5,mai,25.076893496891056,OK,1991,2020,30,CHIRPS_v2,UCSB-CHG/CHIRPS/DAILY,1991-2020,IBGE_2024
3137007,Ladainha,MG,866.29,5,mai,25.86878725702348,OK,1991,2020,30,CHIRPS_v2,UCSB-CHG/CHIRPS/DAILY,1991-2020,IBGE_2024
3144300,Nanuque,MG,1518.166,5,mai,40.60662994354935,OK,1991,2020,30,CHIRPS_v2,UCSB-CHG/CHIRPS/DAILY,1991-2020,IBGE_2024
3152170,Ponto dos Volantes,MG,1212.413,5,mai,23.368065220318197,OK,1991,2020,30,CHIRPS_v2,UCSB-CHG/CHIRPS/DAILY,1991-2020,IBGE_2024
3152402,Poté,MG,625.111,5,mai,25.341336342363505,OK,1991,2020,30,CHIRPS_v2,UCSB-CHG/CHIRPS/DAILY,1991-2020,IBGE_2024
3110806,Campanário,MG,442.398,5,mai,19.37560811114224,OK,1991,2020,30,CHIRPS_v2,UCSB-CHG/CHIRPS/DAILY,1991-2020,IBGE_2024
3143153,Monte Formoso,MG,385.553,5,mai,29.35287975475657,OK,1991,2020,30,CHIRPS_v2,UCSB-CHG/CHIRPS/DAILY,1991-2020,IBGE_2024
3126752,Franciscópolis,MG,717.087,5,mai,19.732470090372292,OK,1991,2020,30,CHIRPS_v2,UCSB-CHG/CHIRPS/DAILY,1991-2020,IBGE_2024
3126802,Frei Gaspar,MG,626.672,5,mai,29.889126311137673,OK,1991,2020,30,CHIRPS_v2,UCSB-CHG/CHIRPS/DAILY,1991-2020,IBGE_2024
3150000,Pescador,MG,317.463,5,mai,21.584176608080206,OK,1991,2020,30,CHIRPS_v2,UCSB-CHG/CHIRPS/DAILY,1991-2020,IBGE_2024
3166709,Serra dos Aimorés,MG,213.574,5,mai,53.34635140398653,OK,1991,2020,30,CHIRPS_v2,UCSB-CHG/CHIRPS/DAILY,1991-2020,IBGE_2024
3133303,Itaobim,MG,679.024,5,mai,16.33636301111069,OK,1991,2020,30,CHIRPS_v2,UCSB-CHG/CHIRPS/DAILY,1991-2020,IBGE_2024
3132701,Itambacuri,MG,1419.209,5,mai,21.78770959679933,OK,1991,2020,30,CHIRPS_v2,UCSB-CHG/CHIRPS/DAILY,1991-2020,IBGE_2024
3165552,Setubinha,MG,534.655,5,mai,23.496503305464195,OK,1991,2020,30,CHIRPS_v2,UCSB-CHG/CHIRPS/DAILY,1991-2020,IBGE_2024
3148509,Pavão,MG,601.19,5,mai,31.81015372968979,OK,1991,2020,30,CHIRPS_v2,UCSB-CHG/CHIRPS/DAILY,1991-2020,IBGE_2024
3132305,Itaipé,MG,480.829,5,mai,23.639058216247847,OK,1991,2020,30,CHIRPS_v2,UCSB-CHG/CHIRPS/DAILY,1991-2020,IBGE_2024
3115458,Catuji,MG,419.38,5,mai,23.70063982114935,OK,1991,2020,30,CHIRPS_v2,UCSB-CHG/CHIRPS/DAILY,1991-2020,IBGE_2024
3139201,Malacacheta,MG,727.886,5,mai,20.339390515759103,OK,1991,2020,30,CHIRPS_v2,UCSB-CHG/CHIRPS/DAILY,1991-2020,IBGE_2024
3163300,São José do Divino,MG,328.704,5,mai,20.959520166705563,OK,1991,2020,30,CHIRPS_v2,UCSB-CHG/CHIRPS/DAILY,1991-2020,IBGE_2024
3113701,Carlos Chagas,MG,3202.984,5,mai,35.4796832811927,OK,1991,2020,30,CHIRPS_v2,UCSB-CHG/CHIRPS/DAILY,1991-2020,IBGE_2024
3104452,Aricanduva,MG,243.329,5,mai,19.340290029764265,OK,1991,2020,30,CHIRPS_v2,UCSB-CHG/CHIRPS/DAILY,1991-2020,IBGE_2024
3169703,Turmalina,MG,1153.111,5,mai,14.624287625137736,OK,1991,2020,30,CHIRPS_v2,UCSB-CHG/CHIRPS/DAILY,1991-2020,IBGE_2024
3112307,Capelinha,MG,965.292,5,mai,17.50851802786954,OK,1991,2020,30,CHIRPS_v2,UCSB-CHG/CHIRPS/DAILY,1991-2020,IBGE_2024
3102852,Angelândia,MG,185.211,5,mai,19.24709361040066,OK,1991,2020,30,CHIRPS_v2,UCSB-CHG/CHIRPS/DAILY,1991-2020,IBGE_2024
3141801,Minas Novas,MG,1812.398,5,mai,13.681610246532092,OK,1991,2020,30,CHIRPS_v2,UCSB-CHG/CHIRPS/DAILY,1991-2020,IBGE_2024
3100609,Água Boa,MG,1320.344,5,mai,20.91731842809967,OK,1991,2020,30,CHIRPS_v2,UCSB-CHG/CHIRPS/DAILY,1991-2020,IBGE_2024
3132503,Itamarandiba,MG,2735.665,5,mai,18.632173465234658,OK,1991,2020,30,CHIRPS_v2,UCSB-CHG/CHIRPS/DAILY,1991-2020,IBGE_2024
3116100,Chapada do Norte,MG,830.833,5,mai,12.038266458145317,OK,1991,2020,30,CHIRPS_v2,UCSB-CHG/CHIRPS/DAILY,1991-2020,IBGE_2024
3171071,Veredinha,MG,631.691,5,mai,13.84373423235844,OK,1991,2020,30,CHIRPS_v2,UCSB-CHG/CHIRPS/DAILY,1991-2020,IBGE_2024
3138351,Leme do Prado,MG,280.036,5,mai,16.14900930536909,OK,1991,2020,30,CHIRPS_v2,UCSB-CHG/CHIRPS/DAILY,1991-2020,IBGE_2024
3105202,Bandeira,MG,483.789,5,mai,42.21164397263886,OK,1991,2020,30,CHIRPS_v2,UCSB-CHG/CHIRPS/DAILY,1991-2020,IBGE_2024
3136504,Jordânia,MG,546.705,5,mai,34.57170203210776,OK,1991,2020,30,CHIRPS_v2,UCSB-CHG/CHIRPS/DAILY,1991-2020,IBGE_2024
3135803,Jequitinhonha,MG,3514.216,5,mai,37.031367434308386,OK,1991,2020,30,CHIRPS_v2,UCSB-CHG/CHIRPS/DAILY,1991-2020,IBGE_2024
3160306,Santo Antônio do Jacinto,MG,503.706,5,mai,39.86208137163127,OK,1991,2020,30,CHIRPS_v2,UCSB-CHG/CHIRPS/DAILY,1991-2020,IBGE_2024
3136009,Joaíma,MG,1664.19,5,mai,33.620243074209554,OK,1991,2020,30,CHIRPS_v2,UCSB-CHG/CHIRPS/DAILY,1991-2020,IBGE_2024
3134707,Jacinto,MG,1393.609,5,mai,34.05089301187534,OK,1991,2020,30,CHIRPS_v2,UCSB-CHG/CHIRPS/DAILY,1991-2020,IBGE_2024
3101706,Almenara,MG,2294.426,5,mai,45.91863940676004,OK,1991,2020,30,CHIRPS_v2,UCSB-CHG/CHIRPS/DAILY,1991-2020,IBGE_2024
3158102,Santa Maria do Salto,MG,440.605,5,mai,42.731761408143726,OK,1991,2020,30,CHIRPS_v2,UCSB-CHG/CHIRPS/DAILY,1991-2020,IBGE_2024
3125606,Felisburgo,MG,596.215,5,mai,43.86158733895469,OK,1991,2020,30,CHIRPS_v2,UCSB-CHG/CHIRPS/DAILY,1991-2020,IBGE_2024
3157104,Salto da Divisa,MG,938.008,5,mai,43.642206002024224,OK,1991,2020,30,CHIRPS_v2,UCSB-CHG/CHIRPS/DAILY,1991-2020,IBGE_2024
3156601,Rubim,MG,965.174,5,mai,39.11455889067434,OK,1991,2020,30,CHIRPS_v2,UCSB-CHG/CHIRPS/DAILY,1991-2020,IBGE_2024
3140555,Mata Verde,MG,227.539,5,mai,38.05221120696712,OK,1991,2020,30,CHIRPS_v2,UCSB-CHG/CHIRPS/DAILY,1991-2020,IBGE_2024
3155108,Rio do Prado,MG,479.815,5,mai,46.04334438613144,OK,1991,2020,30,CHIRPS_v2,UCSB-CHG/CHIRPS/DAILY,1991-2020,IBGE_2024
3146750,Palmópolis,MG,433.154,5,mai,42.25441176929831,OK,1991,2020,30,CHIRPS_v2,UCSB-CHG/CHIRPS/DAILY,1991-2020,IBGE_2024
3121605,Diamantina,MG,3891.659,5,mai,20.58302444571071,OK,1991,2020,30,CHIRPS_v2,UCSB-CHG/CHIRPS/DAILY,1991-2020,IBGE_2024
3113503,Carbonita,MG,1456.095,5,mai,14.819535248207083,OK,1991,2020,30,CHIRPS_v2,UCSB-CHG/CHIRPS/DAILY,1991-2020,IBGE_2024
3121001,Datas,MG,310.099,5,mai,23.27116017878785,OK,1991,2020,30,CHIRPS_v2,UCSB-CHG/CHIRPS/DAILY,1991-2020,IBGE_2024
3153301,Presidente Kubitschek,MG,189.235,5,mai,24.417139929662817,OK,1991,2020,30,CHIRPS_v2,UCSB-CHG/CHIRPS/DAILY,1991-2020,IBGE_2024
3120102,Couto de Magalhães de Minas,MG,485.654,5,mai,22.07603585580514,OK,1991,2020,30,CHIRPS_v2,UCSB-CHG/CHIRPS/DAILY,1991-2020,IBGE_2024
3127602,Gouveia,MG,866.601,5,mai,22.58064901934815,OK,1991,2020,30,CHIRPS_v2,UCSB-CHG/CHIRPS/DAILY,1991-2020,IBGE_2024
3160207,Santo Antônio do Itambé,MG,305.737,5,mai,28.086286929846644,OK,1991,2020,30,CHIRPS_v2,UCSB-CHG/CHIRPS/DAILY,1991-2020,IBGE_2024
3102407,Alvorada de Minas,MG,374.008,5,mai,29.49171670218388,OK,1991,2020,30,CHIRPS_v2,UCSB-CHG/CHIRPS/DAILY,1991-2020,IBGE_2024
3167103,Serro,MG,1217.813,5,mai,26.815520159387454,OK,1991,2020,30,CHIRPS_v2,UCSB-CHG/CHIRPS/DAILY,1991-2020,IBGE_2024
3125507,São Gonçalo do Rio Preto,MG,314.458,5,mai,21.831840904953285,OK,1991,2020,30,CHIRPS_v2,UCSB-CHG/CHIRPS/DAILY,1991-2020,IBGE_2024
3166501,Serra Azul de Minas,MG,218.595,5,mai,27.97160275796539,OK,1991,2020,30,CHIRPS_v2,UCSB-CHG/CHIRPS/DAILY,1991-2020,IBGE_2024
3125408,Felício dos Santos,MG,357.622,5,mai,22.674017909779693,OK,1991,2020,30,CHIRPS_v2,UCSB-CHG/CHIRPS/DAILY,1991-2020,IBGE_2024
3165909,Senador Modestino Gonçalves,MG,952.055,5,mai,18.922531293243267,OK,1991,2020,30,CHIRPS_v2,UCSB-CHG/CHIRPS/DAILY,1991-2020,IBGE_2024
3136520,José Gonçalves de Minas,MG,381.332,5,mai,14.015846524985719,OK,1991,2020,30,CHIRPS_v2,UCSB-CHG/CHIRPS/DAILY,1991-2020,IBGE_2024
3103405,Araçuaí,MG,2236.279,5,mai,15.47376510652845,OK,1991,2020,30,CHIRPS_v2,UCSB-CHG/CHIRPS/DAILY,1991-2020,IBGE_2024
3119500,Coronel Murta,MG,815.413,5,mai,13.478829789876047,OK,1991,2020,30,CHIRPS_v2,UCSB-CHG/CHIRPS/DAILY,1991-2020,IBGE_2024
3135456,Jenipapo de Minas,MG,284.453,5,mai,14.7925942800927,OK,1991,2020,30,CHIRPS_v2,UCSB-CHG/CHIRPS/DAILY,1991-2020,IBGE_2024
3126505,Francisco Badaró,MG,461.481,5,mai,11.346141992976381,OK,1991,2020,30,CHIRPS_v2,UCSB-CHG/CHIRPS/DAILY,1991-2020,IBGE_2024
3134004,Itinga,MG,1649.622,5,mai,16.174605960310135,OK,1991,2020,30,CHIRPS_v2,UCSB-CHG/CHIRPS/DAILY,1991-2020,IBGE_2024
3106507,Berilo,MG,587.106,5,mai,10.436477511017307,OK,1991,2020,30,CHIRPS_v2,UCSB-CHG/CHIRPS/DAILY,1991-2020,IBGE_2024
3171600,Virgem da Lapa,MG,868.914,5,mai,9.516739477639744,OK,1991,2020,30,CHIRPS_v2,UCSB-CHG/CHIRPS/DAILY,1991-2020,IBGE_2024
3102704,Cachoeira de Pajeú,MG,695.672,5,mai,23.441070241070538,OK,1991,2020,30,CHIRPS_v2,UCSB-CHG/CHIRPS/DAILY,1991-2020,IBGE_2024
3141405,Medina,MG,1435.903,5,mai,22.39947662948075,OK,1991,2020,30,CHIRPS_v2,UCSB-CHG/CHIRPS/DAILY,1991-2020,IBGE_2024
3101003,Águas Vermelhas,MG,1256.607,5,mai,19.101394958372243,OK,1991,2020,30,CHIRPS_v2,UCSB-CHG/CHIRPS/DAILY,1991-2020,IBGE_2024
3117009,Comercinho,MG,654.961,5,mai,16.832826178191798,OK,1991,2020,30,CHIRPS_v2,UCSB-CHG/CHIRPS/DAILY,1991-2020,IBGE_2024
3148707,Pedra Azul,MG,1594.651,5,mai,33.52531885470951,OK,1991,2020,30,CHIRPS_v2,UCSB-CHG/CHIRPS/DAILY,1991-2020,IBGE_2024
3122454,Divisópolis,MG,572.926,5,mai,44.40460103605304,OK,1991,2020,30,CHIRPS_v2,UCSB-CHG/CHIRPS/DAILY,1991-2020,IBGE_2024
3122355,Divisa Alegre,MG,117.802,5,mai,22.12731820263306,OK,1991,2020,30,CHIRPS_v2,UCSB-CHG/CHIRPS/DAILY,1991-2020,IBGE_2024
3170305,Umburatiba,MG,405.834,5,mai,36.54425145167285,OK,1991,2020,30,CHIRPS_v2,UCSB-CHG/CHIRPS/DAILY,1991-2020,IBGE_2024
3120151,Crisólita,MG,966.202,5,mai,35.80233934021826,OK,1991,2020,30,CHIRPS_v2,UCSB-CHG/CHIRPS/DAILY,1991-2020,IBGE_2024
3127057,Fronteira dos Vales,MG,320.757,5,mai,42.239819091720456,OK,1991,2020,30,CHIRPS_v2,UCSB-CHG/CHIRPS/DAILY,1991-2020,IBGE_2024
3100906,Águas Formosas,MG,820.079,5,mai,38.71435638463882,OK,1991,2020,30,CHIRPS_v2,UCSB-CHG/CHIRPS/DAILY,1991-2020,IBGE_2024
3157658,Santa Helena de Minas,MG,276.433,5,mai,38.08182207346379,OK,1991,2020,30,CHIRPS_v2,UCSB-CHG/CHIRPS/DAILY,1991-2020,IBGE_2024
3106606,Bertópolis,MG,427.803,5,mai,37.492951899623655,OK,1991,2020,30,CHIRPS_v2,UCSB-CHG/CHIRPS/DAILY,1991-2020,IBGE_2024
3138906,Machacalis,MG,332.378,5,mai,34.215301089350895,OK,1991,2020,30,CHIRPS_v2,UCSB-CHG/CHIRPS/DAILY,1991-2020,IBGE_2024
3127701,Governador Valadares,MG,2342.376,5,mai,26.97366890228217,OK,1991,2020,30,CHIRPS_v2,UCSB-CHG/CHIRPS/DAILY,1991-2020,IBGE_2024
3112653,Capitão Andrade,MG,279.088,5,mai,26.483014549717907,OK,1991,2020,30,CHIRPS_v2,UCSB-CHG/CHIRPS/DAILY,1991-2020,IBGE_2024
3169505,Tumiritinga,MG,500.073,5,mai,23.262186146553653,OK,1991,2020,30,CHIRPS_v2,UCSB-CHG/CHIRPS/DAILY,1991-2020,IBGE_2024
3161601,São Geraldo da Piedade,MG,152.336,5,mai,32.8528016493827,OK,1991,2020,30,CHIRPS_v2,UCSB-CHG/CHIRPS/DAILY,1991-2020,IBGE_2024
3161650,São Geraldo do Baixio,MG,280.954,5,mai,24.429810986030766,OK,1991,2020,30,CHIRPS_v2,UCSB-CHG/CHIRPS/DAILY,1991-2020,IBGE_2024
3127503,Gonzaga,MG,209.348,5,mai,35.479886436461314,OK,1991,2020,30,CHIRPS_v2,UCSB-CHG/CHIRPS/DAILY,1991-2020,IBGE_2024
3119203,Coroaci,MG,576.274,5,mai,29.399408517820568,OK,1991,2020,30,CHIRPS_v2,UCSB-CHG/CHIRPS/DAILY,1991-2020,IBGE_2024
3127370,Goiabeira,MG,112.443,5,mai,26.10202590446244,OK,1991,2020,30,CHIRPS_v2,UCSB-CHG/CHIRPS/DAILY,1991-2020,IBGE_2024
3168408,Tarumirim,MG,731.753,5,mai,30.826850772623388,OK,1991,2020,30,CHIRPS_v2,UCSB-CHG/CHIRPS/DAILY,1991-2020,IBGE_2024
3144201,Nacip Raydan,MG,233.493,5,mai,26.48153596618789,OK,1991,2020,30,CHIRPS_v2,UCSB-CHG/CHIRPS/DAILY,1991-2020,IBGE_2024
3135076,Jampruca,MG,517.095,5,mai,19.528078077800632,OK,1991,2020,30,CHIRPS_v2,UCSB-CHG/CHIRPS/DAILY,1991-2020,IBGE_2024
3126901,Frei Inocêncio,MG,469.557,5,mai,22.200273510900338,OK,1991,2020,30,CHIRPS_v2,UCSB-CHG/CHIRPS/DAILY,1991-2020,IBGE_2024
3127305,Galiléia,MG,720.303,5,mai,27.008060392112633,OK,1991,2020,30,CHIRPS_v2,UCSB-CHG/CHIRPS/DAILY,1991-2020,IBGE_2024
3118403,Conselheiro Pena,MG,1466.367,5,mai,30.15759450836487,OK,1991,2020,30,CHIRPS_v2,UCSB-CHG/CHIRPS/DAILY,1991-2020,IBGE_2024
3101805,Alpercata,MG,166.972,5,mai,28.160252490752136,OK,1991,2020,30,CHIRPS_v2,UCSB-CHG/CHIRPS/DAILY,1991-2020,IBGE_2024
3167707,Sobrália,MG,206.787,5,mai,30.962169445274508,OK,1991,2020,30,CHIRPS_v2,UCSB-CHG/CHIRPS/DAILY,1991-2020,IBGE_2024
3125804,Fernandes Tourinho,MG,151.875,5,mai,29.793524934077418,OK,1991,2020,30,CHIRPS_v2,UCSB-CHG/CHIRPS/DAILY,1991-2020,IBGE_2024
3133204,Itanhomi,MG,488.843,5,mai,27.437558959214513,OK,1991,2020,30,CHIRPS_v2,UCSB-CHG/CHIRPS/DAILY,1991-2020,IBGE_2024
3165503,Sardoá,MG,141.904,5,mai,30.575707312259134,OK,1991,2020,30,CHIRPS_v2,UCSB-CHG/CHIRPS/DAILY,1991-2020,IBGE_2024
3157500,Santa Efigênia de Minas,MG,131.965,5,mai,33.56938693534942,OK,1991,2020,30,CHIRPS_v2,UCSB-CHG/CHIRPS/DAILY,1991-2020,IBGE_2024
3140100,Marilac,MG,158.809,5,mai,23.605622586763985,OK,1991,2020,30,CHIRPS_v2,UCSB-CHG/CHIRPS/DAILY,1991-2020,IBGE_2024
3123700,Engenheiro Caldas,MG,187.058,5,mai,28.681643036228838,OK,1991,2020,30,CHIRPS_v2,UCSB-CHG/CHIRPS/DAILY,1991-2020,IBGE_2024
3171501,Mathias Lobato,MG,172.297,5,mai,23.398450337515044,OK,1991,2020,30,CHIRPS_v2,UCSB-CHG/CHIRPS/DAILY,1991-2020,IBGE_2024
3171907,Virgolândia,MG,281.022,5,mai,27.939199997808487,OK,1991,2020,30,CHIRPS_v2,UCSB-CHG/CHIRPS/DAILY,1991-2020,IBGE_2024
3163003,São José da Safira,MG,213.881,5,mai,22.78299406769028,OK,1991,2020,30,CHIRPS_v2,UCSB-CHG/CHIRPS/DAILY,1991-2020,IBGE_2024
3122108,Divino das Laranjeiras,MG,342.249,5,mai,25.24813551127412,OK,1991,2020,30,CHIRPS_v2,UCSB-CHG/CHIRPS/DAILY,1991-2020,IBGE_2024
3112059,Cantagalo,MG,141.855,5,mai,35.005549841957304,OK,1991,2020,30,CHIRPS_v2,UCSB-CHG/CHIRPS/DAILY,1991-2020,IBGE_2024
3128006,Guanhães,MG,1075.124,5,mai,33.16945798485009,OK,1991,2020,30,CHIRPS_v2,UCSB-CHG/CHIRPS/DAILY,1991-2020,IBGE_2024
3136553,José Raydan,MG,180.822,5,mai,27.893016826005645,OK,1991,2020,30,CHIRPS_v2,UCSB-CHG/CHIRPS/DAILY,1991-2020,IBGE_2024
3126950,Frei Lagonegro,MG,167.474,5,mai,27.67299423021956,OK,1991,2020,30,CHIRPS_v2,UCSB-CHG/CHIRPS/DAILY,1991-2020,IBGE_2024
3158201,Santa Maria do Suaçuí,MG,624.047,5,mai,23.841412064654026,OK,1991,2020,30,CHIRPS_v2,UCSB-CHG/CHIRPS/DAILY,1991-2020,IBGE_2024
3116803,Coluna,MG,347.716,5,mai,29.74241147494071,OK,1991,2020,30,CHIRPS_v2,UCSB-CHG/CHIRPS/DAILY,1991-2020,IBGE_2024
3166105,Senhora do Porto,MG,381.328,5,mai,32.346561360059425,OK,1991,2020,30,CHIRPS_v2,UCSB-CHG/CHIRPS/DAILY,1991-2020,IBGE_2024
3148608,Peçanha,MG,996.646,5,mai,33.06947507059434,OK,1991,2020,30,CHIRPS_v2,UCSB-CHG/CHIRPS/DAILY,1991-2020,IBGE_2024
3140605,Materlândia,MG,280.53,5,mai,31.115154735988682,OK,1991,2020,30,CHIRPS_v2,UCSB-CHG/CHIRPS/DAILY,1991-2020,IBGE_2024
3148400,Paulistas,MG,220.564,5,mai,34.01677864259143,OK,1991,2020,30,CHIRPS_v2,UCSB-CHG/CHIRPS/DAILY,1991-2020,IBGE_2024
3156809,Sabinópolis,MG,919.811,5,mai,31.44733755222557,OK,1991,2020,30,CHIRPS_v2,UCSB-CHG/CHIRPS/DAILY,1991-2020,IBGE_2024
3164506,São Sebastião do Maranhão,MG,517.83,5,mai,24.682997097684922,OK,1991,2020,30,CHIRPS_v2,UCSB-CHG/CHIRPS/DAILY,1991-2020,IBGE_2024
3156007,Rio Vermelho,MG,987.246,5,mai,27.74655042244608,OK,1991,2020,30,CHIRPS_v2,UCSB-CHG/CHIRPS/DAILY,1991-2020,IBGE_2024
3123106,Dores de Guanhães,MG,382.124,5,mai,32.27737944379525,OK,1991,2020,30,CHIRPS_v2,UCSB-CHG/CHIRPS/DAILY,1991-2020,IBGE_2024
3164100,São Pedro do Suaçuí,MG,308.106,5,mai,30.490209991970293,OK,1991,2020,30,CHIRPS_v2,UCSB-CHG/CHIRPS/DAILY,1991-2020,IBGE_2024
3171808,Virginópolis,MG,439.878,5,mai,36.45727718661782,OK,1991,2020,30,CHIRPS_v2,UCSB-CHG/CHIRPS/DAILY,1991-2020,IBGE_2024
3163508,São José do Jacuri,MG,345.146,5,mai,29.644408202801603,OK,1991,2020,30,CHIRPS_v2,UCSB-CHG/CHIRPS/DAILY,1991-2020,IBGE_2024
3122603,Dom Joaquim,MG,398.793,5,mai,31.278082884789203,OK,1991,2020,30,CHIRPS_v2,UCSB-CHG/CHIRPS/DAILY,1991-2020,IBGE_2024
3162807,São João Evangelista,MG,478.183,5,mai,34.83796230627583,OK,1991,2020,30,CHIRPS_v2,UCSB-CHG/CHIRPS/DAILY,1991-2020,IBGE_2024
3122207,Divinolândia de Minas,MG,133.12,5,mai,35.734803605551654,OK,1991,2020,30,CHIRPS_v2,UCSB-CHG/CHIRPS/DAILY,1991-2020,IBGE_2024
3162575,São João do Manteninha,MG,137.928,5,mai,26.973699914312945,OK,1991,2020,30,CHIRPS_v2,UCSB-CHG/CHIRPS/DAILY,1991-2020,IBGE_2024
3144672,Nova Belém,MG,146.776,5,mai,31.587431464531903,OK,1991,2020,30,CHIRPS_v2,UCSB-CHG/CHIRPS/DAILY,1991-2020,IBGE_2024
3161056,São Félix de Minas,MG,162.56,5,mai,21.280450297981766,OK,1991,2020,30,CHIRPS_v2,UCSB-CHG/CHIRPS/DAILY,1991-2020,IBGE_2024
3141504,Mendes Pimentel,MG,305.507,5,mai,24.768089957498898,OK,1991,2020,30,CHIRPS_v2,UCSB-CHG/CHIRPS/DAILY,1991-2020,IBGE_2024
3115706,Central de Minas,MG,204.328,5,mai,23.17539424734979,OK,1991,2020,30,CHIRPS_v2,UCSB-CHG/CHIRPS/DAILY,1991-2020,IBGE_2024
3131802,Itabirinha,MG,209.034,5,mai,25.774360357118287,OK,1991,2020,30,CHIRPS_v2,UCSB-CHG/CHIRPS/DAILY,1991-2020,IBGE_2024
3139607,Mantena,MG,685.208,5,mai,26.44502279523646,OK,1991,2020,30,CHIRPS_v2,UCSB-CHG/CHIRPS/DAILY,1991-2020,IBGE_2024
3154309,Resplendor,MG,1081.796,5,mai,30.108438848124717,OK,1991,2020,30,CHIRPS_v2,UCSB-CHG/CHIRPS/DAILY,1991-2020,IBGE_2024
3120839,Cuparaque,MG,226.75,5,mai,25.770085013608735,OK,1991,2020,30,CHIRPS_v2,UCSB-CHG/CHIRPS/DAILY,1991-2020,IBGE_2024
3159506,Santa Rita do Itueto,MG,485.081,5,mai,38.029432960223076,OK,1991,2020,30,CHIRPS_v2,UCSB-CHG/CHIRPS/DAILY,1991-2020,IBGE_2024
3134103,Itueta,MG,452.676,5,mai,33.4253546821119,OK,1991,2020,30,CHIRPS_v2,UCSB-CHG/CHIRPS/DAILY,1991-2020,IBGE_2024
3101102,Aimorés,MG,1348.913,5,mai,34.51259432717336,OK,1991,2020,30,CHIRPS_v2,UCSB-CHG/CHIRPS/DAILY,1991-2020,IBGE_2024
3144359,Naque,MG,127.173,5,mai,35.798498102826734,OK,1991,2020,30,CHIRPS_v2,UCSB-CHG/CHIRPS/DAILY,1991-2020,IBGE_2024
3119401,Coronel Fabriciano,MG,221.881,5,mai,36.490179378395965,OK,1991,2020,30,CHIRPS_v2,UCSB-CHG/CHIRPS/DAILY,1991-2020,IBGE_2024
3168705,Timóteo,MG,144.377,5,mai,37.494087255211575,OK,1991,2020,30,CHIRPS_v2,UCSB-CHG/CHIRPS/DAILY,1991-2020,IBGE_2024
3135001,Jaguaraçu,MG,163.76,5,mai,34.08204110635467,OK,1991,2020,30,CHIRPS_v2,UCSB-CHG/CHIRPS/DAILY,1991-2020,IBGE_2024
3158953,Santana do Paraíso,MG,275.575,5,mai,36.28044237832688,OK,1991,2020,30,CHIRPS_v2,UCSB-CHG/CHIRPS/DAILY,1991-2020,IBGE_2024
3109253,Bugre,MG,161.491,5,mai,36.917773382944965,OK,1991,2020,30,CHIRPS_v2,UCSB-CHG/CHIRPS/DAILY,1991-2020,IBGE_2024
3140308,Marliéria,MG,545.813,5,mai,39.10241242690322,OK,1991,2020,30,CHIRPS_v2,UCSB-CHG/CHIRPS/DAILY,1991-2020,IBGE_2024
3131158,Ipaba,MG,113.246,5,mai,38.95750052278782,OK,1991,2020,30,CHIRPS_v2,UCSB-CHG/CHIRPS/DAILY,1991-2020,IBGE_2024
3131307,Ipatinga,MG,164.482,5,mai,36.13057589323019,OK,1991,2020,30,CHIRPS_v2,UCSB-CHG/CHIRPS/DAILY,1991-2020,IBGE_2024
3106309,Belo Oriente,MG,334.909,5,mai,37.13437389730767,OK,1991,2020,30,CHIRPS_v2,UCSB-CHG/CHIRPS/DAILY,1991-2020,IBGE_2024
3162609,São João do Oriente,MG,120.122,5,mai,31.878398418661913,OK,1991,2020,30,CHIRPS_v2,UCSB-CHG/CHIRPS/DAILY,1991-2020,IBGE_2024
3129301,Iapu,MG,340.994,5,mai,33.99664146430323,OK,1991,2020,30,CHIRPS_v2,UCSB-CHG/CHIRPS/DAILY,1991-2020,IBGE_2024
3136108,Joanésia,MG,233.292,5,mai,32.768379524282494,OK,1991,2020,30,CHIRPS_v2,UCSB-CHG/CHIRPS/DAILY,1991-2020,IBGE_2024
3103009,Antônio Dias,MG,787.061,5,mai,31.77989167519385,OK,1991,2020,30,CHIRPS_v2,UCSB-CHG/CHIRPS/DAILY,1991-2020,IBGE_2024
3150539,Pingo-d'Água,MG,66.57,5,mai,41.69335680913136,OK,1991,2020,30,CHIRPS_v2,UCSB-CHG/CHIRPS/DAILY,1991-2020,IBGE_2024
3149952,Periquito,MG,228.907,5,mai,32.587971583971274,OK,1991,2020,30,CHIRPS_v2,UCSB-CHG/CHIRPS/DAILY,1991-2020,IBGE_2024
3141702,Mesquita,MG,274.938,5,mai,32.55242511249611,OK,1991,2020,30,CHIRPS_v2,UCSB-CHG/CHIRPS/DAILY,1991-2020,IBGE_2024
3100500,Açucena,MG,815.422,5,mai,34.48319894928459,OK,1991,2020,30,CHIRPS_v2,UCSB-CHG/CHIRPS/DAILY,1991-2020,IBGE_2024
3108800,Braúnas,MG,378.318,5,mai,33.40077986326674,OK,1991,2020,30,CHIRPS_v2,UCSB-CHG/CHIRPS/DAILY,1991-2020,IBGE_2024
3163409,São José do Goiabal,MG,189.578,5,mai,36.634588366674095,OK,1991,2020,30,CHIRPS_v2,UCSB-CHG/CHIRPS/DAILY,1991-2020,IBGE_2024
3122504,Dom Cavati,MG,59.52,5,mai,33.18842915133751,OK,1991,2020,30,CHIRPS_v2,UCSB-CHG/CHIRPS/DAILY,1991-2020,IBGE_2024
3121803,Dionísio,MG,339.375,5,mai,35.71224749871314,OK,1991,2020,30,CHIRPS_v2,UCSB-CHG/CHIRPS/DAILY,1991-2020,IBGE_2024
3170578,Vargem Alegre,MG,116.664,5,mai,38.17767067345681,OK,1991,2020,30,CHIRPS_v2,UCSB-CHG/CHIRPS/DAILY,1991-2020,IBGE_2024
3154002,Raul Soares,MG,763.364,5,mai,34.38675703867971,OK,1991,2020,30,CHIRPS_v2,UCSB-CHG/CHIRPS/DAILY,1991-2020,IBGE_2024
3113404,Caratinga,MG,1258.748,5,mai,36.43773957979849,OK,1991,2020,30,CHIRPS_v2,UCSB-CHG/CHIRPS/DAILY,1991-2020,IBGE_2024
3170057,Ubaporanga,MG,189.045,5,mai,34.272867590845436,OK,1991,2020,30,CHIRPS_v2,UCSB-CHG/CHIRPS/DAILY,1991-2020,IBGE_2024
3120003,Córrego Novo,MG,205.385,5,mai,37.07969795321952,OK,1991,2020,30,CHIRPS_v2,UCSB-CHG/CHIRPS/DAILY,1991-2020,IBGE_2024
3160959,São Domingos das Dores,MG,60.865,5,mai,34.87950986805458,OK,1991,2020,30,CHIRPS_v2,UCSB-CHG/CHIRPS/DAILY,1991-2020,IBGE_2024
3159357,Santa Rita de Minas,MG,68.153,5,mai,33.07098782752371,OK,1991,2020,30,CHIRPS_v2,UCSB-CHG/CHIRPS/DAILY,1991-2020,IBGE_2024
3102209,Alvarenga,MG,295.691,5,mai,33.0981633287793,OK,1991,2020,30,CHIRPS_v2,UCSB-CHG/CHIRPS/DAILY,1991-2020,IBGE_2024
3150158,Piedade de Caratinga,MG,109.345,5,mai,32.72020315454907,OK,1991,2020,30,CHIRPS_v2,UCSB-CHG/CHIRPS/DAILY,1991-2020,IBGE_2024
3157252,Santa Bárbara do Leste,MG,107.402,5,mai,33.31373094626721,OK,1991,2020,30,CHIRPS_v2,UCSB-CHG/CHIRPS/DAILY,1991-2020,IBGE_2024
3123858,Entre Folhas,MG,85.39,5,mai,35.551031469147524,OK,1991,2020,30,CHIRPS_v2,UCSB-CHG/CHIRPS/DAILY,1991-2020,IBGE_2024
3107802,Bom Jesus do Galho,MG,592.289,5,mai,38.44179517452466,OK,1991,2020,30,CHIRPS_v2,UCSB-CHG/CHIRPS/DAILY,1991-2020,IBGE_2024
3164472,São Sebastião do Anta,MG,80.618,5,mai,34.09789516406006,OK,1991,2020,30,CHIRPS_v2,UCSB-CHG/CHIRPS/DAILY,1991-2020,IBGE_2024
3130556,Imbé de Minas,MG,196.735,5,mai,33.080815758154856,OK,1991,2020,30,CHIRPS_v2,UCSB-CHG/CHIRPS/DAILY,1991-2020,IBGE_2024
3130903,Inhapim,MG,858.024,5,mai,33.61658131977477,OK,1991,2020,30,CHIRPS_v2,UCSB-CHG/CHIRPS/DAILY,1991-2020,IBGE_2024
3171154,Vermelho Novo,MG,115.242,5,mai,33.57747830852571,OK,1991,2020,30,CHIRPS_v2,UCSB-CHG/CHIRPS/DAILY,1991-2020,IBGE_2024
3161908,São Gonçalo do Rio Abaixo,MG,363.818,5,mai,30.744911882855007,OK,1991,2020,30,CHIRPS_v2,UCSB-CHG/CHIRPS/DAILY,1991-2020,IBGE_2024
3136207,João Monlevade,MG,98.231,5,mai,30.428343559267468,OK,1991,2020,30,CHIRPS_v2,UCSB-CHG/CHIRPS/DAILY,1991-2020,IBGE_2024
3144706,Nova Era,MG,361.852,5,mai,29.932582572213168,OK,1991,2020,30,CHIRPS_v2,UCSB-CHG/CHIRPS/DAILY,1991-2020,IBGE_2024
3161007,São Domingos do Prata,MG,743.768,5,mai,31.15923736026438,OK,1991,2020,30,CHIRPS_v2,UCSB-CHG/CHIRPS/DAILY,1991-2020,IBGE_2024
3155702,Rio Piracicaba,MG,373.037,5,mai,33.10898642368098,OK,1991,2020,30,CHIRPS_v2,UCSB-CHG/CHIRPS/DAILY,1991-2020,IBGE_2024
3106002,Bela Vista de Minas,MG,109.25,5,mai,30.299030349190012,OK,1991,2020,30,CHIRPS_v2,UCSB-CHG/CHIRPS/DAILY,1991-2020,IBGE_2024
3136702,Juiz de Fora,MG,1435.749,5,mai,41.617016459594595,OK,1991,2020,30,CHIRPS_v2,UCSB-CHG/CHIRPS/DAILY,1991-2020,IBGE_2024
3167509,Simão Pereira,MG,135.689,5,mai,42.66512773757528,OK,1991,2020,30,CHIRPS_v2,UCSB-CHG/CHIRPS/DAILY,1991-2020,IBGE_2024
3158607,Santana do Deserto,MG,182.655,5,mai,41.34065755624133,OK,1991,2020,30,CHIRPS_v2,UCSB-CHG/CHIRPS/DAILY,1991-2020,IBGE_2024
3125002,Ewbank da Câmara,MG,103.834,5,mai,38.18358079131732,OK,1991,2020,30,CHIRPS_v2,UCSB-CHG/CHIRPS/DAILY,1991-2020,IBGE_2024
3140803,Matias Barbosa,MG,157.066,5,mai,43.69501887921718,OK,1991,2020,30,CHIRPS_v2,UCSB-CHG/CHIRPS/DAILY,1991-2020,IBGE_2024
3116209,Chiador,MG,252.852,5,mai,42.10690242096216,OK,1991,2020,30,CHIRPS_v2,UCSB-CHG/CHIRPS/DAILY,1991-2020,IBGE_2024
3115904,Chácara,MG,152.807,5,mai,40.51915082128572,OK,1991,2020,30,CHIRPS_v2,UCSB-CHG/CHIRPS/DAILY,1991-2020,IBGE_2024
3145406,Olaria,MG,178.242,5,mai,43.4568496172403,OK,1991,2020,30,CHIRPS_v2,UCSB-CHG/CHIRPS/DAILY,1991-2020,IBGE_2024
3145703,Oliveira Fortes,MG,111.13,5,mai,36.45618432827588,OK,1991,2020,30,CHIRPS_v2,UCSB-CHG/CHIRPS/DAILY,1991-2020,IBGE_2024
3160702,Santos Dumont,MG,637.373,5,mai,36.8422772393324,OK,1991,2020,30,CHIRPS_v2,UCSB-CHG/CHIRPS/DAILY,1991-2020,IBGE_2024
3103306,Aracitaba,MG,106.608,5,mai,37.4609321114422,OK,1991,2020,30,CHIRPS_v2,UCSB-CHG/CHIRPS/DAILY,1991-2020,IBGE_2024
3103603,Arantina,MG,89.42,5,mai,40.06723424797219,OK,1991,2020,30,CHIRPS_v2,UCSB-CHG/CHIRPS/DAILY,1991-2020,IBGE_2024
3127388,Goianá,MG,152.039,5,mai,39.88027024298621,OK,1991,2020,30,CHIRPS_v2,UCSB-CHG/CHIRPS/DAILY,1991-2020,IBGE_2024
3119609,Coronel Pacheco,MG,131.511,5,mai,36.7874375819268,OK,1991,2020,30,CHIRPS_v2,UCSB-CHG/CHIRPS/DAILY,1991-2020,IBGE_2024
3102803,Andrelândia,MG,1005.285,5,mai,37.67538795852542,OK,1991,2020,30,CHIRPS_v2,UCSB-CHG/CHIRPS/DAILY,1991-2020,IBGE_2024
3159308,Santa Rita de Jacutinga,MG,420.94,5,mai,47.852466871570364,OK,1991,2020,30,CHIRPS_v2,UCSB-CHG/CHIRPS/DAILY,1991-2020,IBGE_2024
3150109,Piau,MG,192.196,5,mai,38.337512983392486,OK,1991,2020,30,CHIRPS_v2,UCSB-CHG/CHIRPS/DAILY,1991-2020,IBGE_2024
3149408,Pedro Teixeira,MG,112.959,5,mai,38.99019225236452,OK,1991,2020,30,CHIRPS_v2,UCSB-CHG/CHIRPS/DAILY,1991-2020,IBGE_2024
3157278,Santa Bárbara do Monte Verde,MG,417.925,5,mai,42.144435145810085,OK,1991,2020,30,CHIRPS_v2,UCSB-CHG/CHIRPS/DAILY,1991-2020,IBGE_2024
3107505,Bom Jardim de Minas,MG,412.021,5,mai,43.40724172059094,OK,1991,2020,30,CHIRPS_v2,UCSB-CHG/CHIRPS/DAILY,1991-2020,IBGE_2024
3107208,Bocaina de Minas,MG,503.77,5,mai,45.16874342896453,OK,1991,2020,30,CHIRPS_v2,UCSB-CHG/CHIRPS/DAILY,1991-2020,IBGE_2024
3147808,Passa Vinte,MG,246.565,5,mai,46.28042505521709,OK,1991,2020,30,CHIRPS_v2,UCSB-CHG/CHIRPS/DAILY,1991-2020,IBGE_2024
3106804,Bias Fortes,MG,283.535,5,mai,38.124434898135036,OK,1991,2020,30,CHIRPS_v2,UCSB-CHG/CHIRPS/DAILY,1991-2020,IBGE_2024
3155900,Rio Preto,MG,348.046,5,mai,47.5360408861873,OK,1991,2020,30,CHIRPS_v2,UCSB-CHG/CHIRPS/DAILY,1991-2020,IBGE_2024
3106101,Belmiro Braga,MG,393.086,5,mai,32.78243222329742,OK,1991,2020,30,CHIRPS_v2,UCSB-CHG/CHIRPS/DAILY,1991-2020,IBGE_2024
3155405,Rio Novo,MG,209.31,5,mai,37.70973049259022,OK,1991,2020,30,CHIRPS_v2,UCSB-CHG/CHIRPS/DAILY,1991-2020,IBGE_2024
3138609,Lima Duarte,MG,848.564,5,mai,39.93407046442536,OK,1991,2020,30,CHIRPS_v2,UCSB-CHG/CHIRPS/DAILY,1991-2020,IBGE_2024
3146602,Paiva,MG,58.419,5,mai,36.893292171092845,OK,1991,2020,30,CHIRPS_v2,UCSB-CHG/CHIRPS/DAILY,1991-2020,IBGE_2024
3138500,Liberdade,MG,401.337,5,mai,43.21950113038688,OK,1991,2020,30,CHIRPS_v2,UCSB-CHG/CHIRPS/DAILY,1991-2020,IBGE_2024
3154150,Reduto,MG,151.859,5,mai,34.0081205246021,OK,1991,2020,30,CHIRPS_v2,UCSB-CHG/CHIRPS/DAILY,1991-2020,IBGE_2024
3137700,Lajinha,MG,431.92,5,mai,34.83015580051157,OK,1991,2020,30,CHIRPS_v2,UCSB-CHG/CHIRPS/DAILY,1991-2020,IBGE_2024
3162559,São João do Manhuaçu,MG,143.096,5,mai,29.190531664589642,OK,1991,2020,30,CHIRPS_v2,UCSB-CHG/CHIRPS/DAILY,1991-2020,IBGE_2024
3153509,Alto Jequitibá,MG,152.272,5,mai,40.18813878939112,OK,1991,2020,30,CHIRPS_v2,UCSB-CHG/CHIRPS/DAILY,1991-2020,IBGE_2024
3112901,Caputira,MG,187.704,5,mai,29.4905232611041,OK,1991,2020,30,CHIRPS_v2,UCSB-CHG/CHIRPS/DAILY,1991-2020,IBGE_2024
3112109,Caparaó,MG,130.694,5,mai,35.868474074298405,OK,1991,2020,30,CHIRPS_v2,UCSB-CHG/CHIRPS/DAILY,1991-2020,IBGE_2024
3144003,Mutum,MG,1250.823,5,mai,34.57841157200989,OK,1991,2020,30,CHIRPS_v2,UCSB-CHG/CHIRPS/DAILY,1991-2020,IBGE_2024
3168051,Taparuba,MG,193.082,5,mai,35.36500749175832,OK,1991,2020,30,CHIRPS_v2,UCSB-CHG/CHIRPS/DAILY,1991-2020,IBGE_2024
3151909,Pocrane,MG,691.066,5,mai,35.06278842555371,OK,1991,2020,30,CHIRPS_v2,UCSB-CHG/CHIRPS/DAILY,1991-2020,IBGE_2024
3167608,Simonésia,MG,486.543,5,mai,36.57046597946206,OK,1991,2020,30,CHIRPS_v2,UCSB-CHG/CHIRPS/DAILY,1991-2020,IBGE_2024
3102050,Alto Caparaó,MG,103.69,5,mai,37.85583297255908,OK,1991,2020,30,CHIRPS_v2,UCSB-CHG/CHIRPS/DAILY,1991-2020,IBGE_2024
3158904,Santana do Manhuaçu,MG,347.362,5,mai,35.899159985959514,OK,1991,2020,30,CHIRPS_v2,UCSB-CHG/CHIRPS/DAILY,1991-2020,IBGE_2024
3117405,Conceição de Ipanema,MG,253.935,5,mai,35.40032607217585,OK,1991,2020,30,CHIRPS_v2,UCSB-CHG/CHIRPS/DAILY,1991-2020,IBGE_2024
3100302,Abre Campo,MG,470.551,5,mai,30.696106793465965,OK,1991,2020,30,CHIRPS_v2,UCSB-CHG/CHIRPS/DAILY,1991-2020,IBGE_2024
3157906,Santa Margarida,MG,255.73,5,mai,27.60323289853679,OK,1991,2020,30,CHIRPS_v2,UCSB-CHG/CHIRPS/DAILY,1991-2020,IBGE_2024
3140902,Matipó,MG,266.99,5,mai,26.60166066396145,OK,1991,2020,30,CHIRPS_v2,UCSB-CHG/CHIRPS/DAILY,1991-2020,IBGE_2024
3116001,Chalé,MG,212.674,5,mai,37.463588754401336,OK,1991,2020,30,CHIRPS_v2,UCSB-CHG/CHIRPS/DAILY,1991-2020,IBGE_2024
3140530,Martins Soares,MG,113.268,5,mai,37.65846201314454,OK,1991,2020,30,CHIRPS_v2,UCSB-CHG/CHIRPS/DAILY,1991-2020,IBGE_2024
3123528,Durandé,MG,217.461,5,mai,34.22444218194604,OK,1991,2020,30,CHIRPS_v2,UCSB-CHG/CHIRPS/DAILY,1991-2020,IBGE_2024
3139409,Manhuaçu,MG,628.318,5,mai,29.900871380870214,OK,1991,2020,30,CHIRPS_v2,UCSB-CHG/CHIRPS/DAILY,1991-2020,IBGE_2024
3131208,Ipanema,MG,456.641,5,mai,36.32826107327066,OK,1991,2020,30,CHIRPS_v2,UCSB-CHG/CHIRPS/DAILY,1991-2020,IBGE_2024
3139508,Manhumirim,MG,182.9,5,mai,36.2024939347378,OK,1991,2020,30,CHIRPS_v2,UCSB-CHG/CHIRPS/DAILY,1991-2020,IBGE_2024
3138674,Luisburgo,MG,145.418,5,mai,35.83162670919406,OK,1991,2020,30,CHIRPS_v2,UCSB-CHG/CHIRPS/DAILY,1991-2020,IBGE_2024
3163607,São José do Mantimento,MG,54.701,5,mai,37.092016224357806,OK,1991,2020,30,CHIRPS_v2,UCSB-CHG/CHIRPS/DAILY,1991-2020,IBGE_2024
3169901,Ubá,MG,407.452,5,mai,36.287822324385026,OK,1991,2020,30,CHIRPS_v2,UCSB-CHG/CHIRPS/DAILY,1991-2020,IBGE_2024
3156304,Rodeiro,MG,72.673,5,mai,35.752222016575594,OK,1991,2020,30,CHIRPS_v2,UCSB-CHG/CHIRPS/DAILY,1991-2020,IBGE_2024
3129004,Guiricema,MG,293.578,5,mai,32.50174035157319,OK,1991,2020,30,CHIRPS_v2,UCSB-CHG/CHIRPS/DAILY,1991-2020,IBGE_2024
3128402,Guarani,MG,264.194,5,mai,38.510951852073475,OK,1991,2020,30,CHIRPS_v2,UCSB-CHG/CHIRPS/DAILY,1991-2020,IBGE_2024
3128808,Guidoval,MG,158.375,5,mai,36.813641492332,OK,1991,2020,30,CHIRPS_v2,UCSB-CHG/CHIRPS/DAILY,1991-2020,IBGE_2024
3161502,São Geraldo,MG,185.578,5,mai,33.86797437800998,OK,1991,2020,30,CHIRPS_v2,UCSB-CHG/CHIRPS/DAILY,1991-2020,IBGE_2024
3169000,Tocantins,MG,173.866,5,mai,34.9206157044223,OK,1991,2020,30,CHIRPS_v2,UCSB-CHG/CHIRPS/DAILY,1991-2020,IBGE_2024
3167905,Tabuleiro,MG,211.084,5,mai,40.76451953687273,OK,1991,2020,30,CHIRPS_v2,UCSB-CHG/CHIRPS/DAILY,1991-2020,IBGE_2024
3151305,Piraúba,MG,144.289,5,mai,38.55765813320609,OK,1991,2020,30,CHIRPS_v2,UCSB-CHG/CHIRPS/DAILY,1991-2020,IBGE_2024
3167301,Silveirânia,MG,157.456,5,mai,38.178846540649026,OK,1991,2020,30,CHIRPS_v2,UCSB-CHG/CHIRPS/DAILY,1991-2020,IBGE_2024
3141603,Mercês,MG,348.271,5,mai,38.26091459094734,OK,1991,2020,30,CHIRPS_v2,UCSB-CHG/CHIRPS/DAILY,1991-2020,IBGE_2024
3108701,Brás Pires,MG,223.351,5,mai,33.621164099558044,OK,1991,2020,30,CHIRPS_v2,UCSB-CHG/CHIRPS/DAILY,1991-2020,IBGE_2024
3165701,Senador Firmino,MG,166.495,5,mai,36.01711942815572,OK,1991,2020,30,CHIRPS_v2,UCSB-CHG/CHIRPS/DAILY,1991-2020,IBGE_2024
3123304,Dores do Turvo,MG,231.169,5,mai,34.09611825435773,OK,1991,2020,30,CHIRPS_v2,UCSB-CHG/CHIRPS/DAILY,1991-2020,IBGE_2024
3172004,Visconde do Rio Branco,MG,243.351,5,mai,32.66507179106704,OK,1991,2020,30,CHIRPS_v2,UCSB-CHG/CHIRPS/DAILY,1991-2020,IBGE_2024
3155801,Rio Pomba,MG,252.418,5,mai,37.49761993095319,OK,1991,2020,30,CHIRPS_v2,UCSB-CHG/CHIRPS/DAILY,1991-2020,IBGE_2024
3121902,Divinésia,MG,116.97,5,mai,37.7084677315448,OK,1991,2020,30,CHIRPS_v2,UCSB-CHG/CHIRPS/DAILY,1991-2020,IBGE_2024
3145851,Oratórios,MG,89.068,5,mai,34.90962208166846,OK,1991,2020,30,CHIRPS_v2,UCSB-CHG/CHIRPS/DAILY,1991-2020,IBGE_2024
3170503,Urucânia,MG,138.792,5,mai,33.08447107619447,OK,1991,2020,30,CHIRPS_v2,UCSB-CHG/CHIRPS/DAILY,1991-2020,IBGE_2024
3105707,Barra Longa,MG,383.628,5,mai,33.57228626638235,OK,1991,2020,30,CHIRPS_v2,UCSB-CHG/CHIRPS/DAILY,1991-2020,IBGE_2024
3121704,Diogo de Vasconcelos,MG,165.091,5,mai,33.12929614254414,OK,1991,2020,30,CHIRPS_v2,UCSB-CHG/CHIRPS/DAILY,1991-2020,IBGE_2024
3128204,Guaraciaba,MG,348.596,5,mai,34.37668332960975,OK,1991,2020,30,CHIRPS_v2,UCSB-CHG/CHIRPS/DAILY,1991-2020,IBGE_2024
3152105,Ponte Nova,MG,470.643,5,mai,33.555512487249324,OK,1991,2020,30,CHIRPS_v2,UCSB-CHG/CHIRPS/DAILY,1991-2020,IBGE_2024
3102506,Amparo do Serra,MG,136.186,5,mai,33.93980761752125,OK,1991,2020,30,CHIRPS_v2,UCSB-CHG/CHIRPS/DAILY,1991-2020,IBGE_2024
3102308,Alvinópolis,MG,599.443,5,mai,34.784313236470595,OK,1991,2020,30,CHIRPS_v2,UCSB-CHG/CHIRPS/DAILY,1991-2020,IBGE_2024
3135506,Jequeri,MG,547.897,5,mai,30.770051400132072,OK,1991,2020,30,CHIRPS_v2,UCSB-CHG/CHIRPS/DAILY,1991-2020,IBGE_2024
3160108,Santo Antônio do Grama,MG,130.213,5,mai,35.353990926359735,OK,1991,2020,30,CHIRPS_v2,UCSB-CHG/CHIRPS/DAILY,1991-2020,IBGE_2024
3166303,Sericita,MG,166.012,5,mai,26.23251644582852,OK,1991,2020,30,CHIRPS_v2,UCSB-CHG/CHIRPS/DAILY,1991-2020,IBGE_2024
3150208,Piedade de Ponte Nova,MG,83.733,5,mai,36.07071102794688,OK,1991,2020,30,CHIRPS_v2,UCSB-CHG/CHIRPS/DAILY,1991-2020,IBGE_2024
3100401,Acaiaca,MG,101.886,5,mai,33.77672500014639,OK,1991,2020,30,CHIRPS_v2,UCSB-CHG/CHIRPS/DAILY,1991-2020,IBGE_2024
3165560,Sem-Peixe,MG,176.634,5,mai,34.73179710346473,OK,1991,2020,30,CHIRPS_v2,UCSB-CHG/CHIRPS/DAILY,1991-2020,IBGE_2024
3157401,Santa Cruz do Escalvado,MG,258.726,5,mai,37.83965678839389,OK,1991,2020,30,CHIRPS_v2,UCSB-CHG/CHIRPS/DAILY,1991-2020,IBGE_2024
3164001,São Pedro dos Ferros,MG,402.739,5,mai,37.59183166937153,OK,1991,2020,30,CHIRPS_v2,UCSB-CHG/CHIRPS/DAILY,1991-2020,IBGE_2024
3122702,Dom Silvério,MG,194.972,5,mai,34.40532524826,OK,1991,2020,30,CHIRPS_v2,UCSB-CHG/CHIRPS/DAILY,1991-2020,IBGE_2024
3154903,Rio Casca,MG,384.381,5,mai,37.394426690950375,OK,1991,2020,30,CHIRPS_v2,UCSB-CHG/CHIRPS/DAILY,1991-2020,IBGE_2024
3155009,Rio Doce,MG,112.094,5,mai,35.77371732713841,OK,1991,2020,30,CHIRPS_v2,UCSB-CHG/CHIRPS/DAILY,1991-2020,IBGE_2024
3143906,Muriaé,MG,841.693,5,mai,38.06715815756186,OK,1991,2020,30,CHIRPS_v2,UCSB-CHG/CHIRPS/DAILY,1991-2020,IBGE_2024
3161403,São Francisco do Glória,MG,164.613,5,mai,35.05966369903456,OK,1991,2020,30,CHIRPS_v2,UCSB-CHG/CHIRPS/DAILY,1991-2020,IBGE_2024
3103108,Antônio Prado de Minas,MG,83.802,5,mai,40.337334229140076,OK,1991,2020,30,CHIRPS_v2,UCSB-CHG/CHIRPS/DAILY,1991-2020,IBGE_2024
3125952,Fervedouro,MG,357.683,5,mai,27.77979328325269,OK,1991,2020,30,CHIRPS_v2,UCSB-CHG/CHIRPS/DAILY,1991-2020,IBGE_2024
3142106,Miradouro,MG,301.672,5,mai,37.975343235944734,OK,1991,2020,30,CHIRPS_v2,UCSB-CHG/CHIRPS/DAILY,1991-2020,IBGE_2024
3142205,Miraí,MG,320.695,5,mai,36.16103296882014,OK,1991,2020,30,CHIRPS_v2,UCSB-CHG/CHIRPS/DAILY,1991-2020,IBGE_2024
3124906,Eugenópolis,MG,309.395,5,mai,40.55767403899855,OK,1991,2020,30,CHIRPS_v2,UCSB-CHG/CHIRPS/DAILY,1991-2020,IBGE_2024
3164431,São Sebastião da Vargem Alegre,MG,73.629,5,mai,34.6582597053413,OK,1991,2020,30,CHIRPS_v2,UCSB-CHG/CHIRPS/DAILY,1991-2020,IBGE_2024
3156452,Rosário da Limeira,MG,111.156,5,mai,39.01288616869347,OK,1991,2020,30,CHIRPS_v2,UCSB-CHG/CHIRPS/DAILY,1991-2020,IBGE_2024
3148202,Patrocínio do Muriaé,MG,108.246,5,mai,39.65365717179969,OK,1991,2020,30,CHIRPS_v2,UCSB-CHG/CHIRPS/DAILY,1991-2020,IBGE_2024
3171402,Vieiras,MG,112.691,5,mai,39.52909656239594,OK,1991,2020,30,CHIRPS_v2,UCSB-CHG/CHIRPS/DAILY,1991-2020,IBGE_2024
3105509,Barão do Monte Alto,MG,198.313,5,mai,44.8279651908462,OK,1991,2020,30,CHIRPS_v2,UCSB-CHG/CHIRPS/DAILY,1991-2020,IBGE_2024
3138005,Laranjal,MG,204.882,5,mai,41.62867628167549,OK,1991,2020,30,CHIRPS_v2,UCSB-CHG/CHIRPS/DAILY,1991-2020,IBGE_2024
3154101,Recreio,MG,234.296,5,mai,38.91264053812674,OK,1991,2020,30,CHIRPS_v2,UCSB-CHG/CHIRPS/DAILY,1991-2020,IBGE_2024
3104403,Argirita,MG,159.378,5,mai,36.63377468620333,OK,1991,2020,30,CHIRPS_v2,UCSB-CHG/CHIRPS/DAILY,1991-2020,IBGE_2024
3104601,Astolfo Dutra,MG,158.891,5,mai,36.20930523996604,OK,1991,2020,30,CHIRPS_v2,UCSB-CHG/CHIRPS/DAILY,1991-2020,IBGE_2024
3158409,Santana de Cataguases,MG,161.486,5,mai,34.393654898424735,OK,1991,2020,30,CHIRPS_v2,UCSB-CHG/CHIRPS/DAILY,1991-2020,IBGE_2024
3132602,Itamarati de Minas,MG,94.568,5,mai,40.04010470060189,OK,1991,2020,30,CHIRPS_v2,UCSB-CHG/CHIRPS/DAILY,1991-2020,IBGE_2024
3115300,Cataguases,MG,491.767,5,mai,35.98445591098572,OK,1991,2020,30,CHIRPS_v2,UCSB-CHG/CHIRPS/DAILY,1991-2020,IBGE_2024
3122900,Dona Euzébia,MG,70.231,5,mai,39.130106700039896,OK,1991,2020,30,CHIRPS_v2,UCSB-CHG/CHIRPS/DAILY,1991-2020,IBGE_2024
3146701,Palma,MG,316.476,5,mai,39.520701121498924,OK,1991,2020,30,CHIRPS_v2,UCSB-CHG/CHIRPS/DAILY,1991-2020,IBGE_2024
3138401,Leopoldina,MG,943.077,5,mai,37.23895442532913,OK,1991,2020,30,CHIRPS_v2,UCSB-CHG/CHIRPS/DAILY,1991-2020,IBGE_2024
3153103,Presidente Bernardes,MG,236.798,5,mai,36.7868749882132,OK,1991,2020,30,CHIRPS_v2,UCSB-CHG/CHIRPS/DAILY,1991-2020,IBGE_2024
3111705,Canaã,MG,174.9,5,mai,28.65709215943006,OK,1991,2020,30,CHIRPS_v2,UCSB-CHG/CHIRPS/DAILY,1991-2020,IBGE_2024
3103702,Araponga,MG,303.793,5,mai,26.045784209891494,OK,1991,2020,30,CHIRPS_v2,UCSB-CHG/CHIRPS/DAILY,1991-2020,IBGE_2024
3168507,Teixeiras,MG,166.735,5,mai,32.70519722294245,OK,1991,2020,30,CHIRPS_v2,UCSB-CHG/CHIRPS/DAILY,1991-2020,IBGE_2024
3152303,Porto Firme,MG,284.777,5,mai,34.1545115263602,OK,1991,2020,30,CHIRPS_v2,UCSB-CHG/CHIRPS/DAILY,1991-2020,IBGE_2024
3110202,Cajuri,MG,83.038,5,mai,30.086806069475763,OK,1991,2020,30,CHIRPS_v2,UCSB-CHG/CHIRPS/DAILY,1991-2020,IBGE_2024
3116704,Coimbra,MG,106.875,5,mai,33.763523848952005,OK,1991,2020,30,CHIRPS_v2,UCSB-CHG/CHIRPS/DAILY,1991-2020,IBGE_2024
3124005,Ervália,MG,357.489,5,mai,27.98283445813399,OK,1991,2020,30,CHIRPS_v2,UCSB-CHG/CHIRPS/DAILY,1991-2020,IBGE_2024
3148806,Pedra do Anta,MG,173.168,5,mai,31.198978019593934,OK,1991,2020,30,CHIRPS_v2,UCSB-CHG/CHIRPS/DAILY,1991-2020,IBGE_2024
3148301,Paula Cândido,MG,268.321,5,mai,35.89464686089013,OK,1991,2020,30,CHIRPS_v2,UCSB-CHG/CHIRPS/DAILY,1991-2020,IBGE_2024
3163805,São Miguel do Anta,MG,152.111,5,mai,28.828230194695223,OK,1991,2020,30,CHIRPS_v2,UCSB-CHG/CHIRPS/DAILY,1991-2020,IBGE_2024
3171303,Viçosa,MG,299.418,5,mai,31.707467195097063,OK,1991,2020,30,CHIRPS_v2,UCSB-CHG/CHIRPS/DAILY,1991-2020,IBGE_2024
3145877,Orizânia,MG,121.8,5,mai,31.185086723271954,OK,1991,2020,30,CHIRPS_v2,UCSB-CHG/CHIRPS/DAILY,1991-2020,IBGE_2024
3113305,Carangola,MG,353.404,5,mai,34.05331804027067,OK,1991,2020,30,CHIRPS_v2,UCSB-CHG/CHIRPS/DAILY,1991-2020,IBGE_2024
3169208,Tombos,MG,285.124,5,mai,41.29820851365189,OK,1991,2020,30,CHIRPS_v2,UCSB-CHG/CHIRPS/DAILY,1991-2020,IBGE_2024
3110103,Caiana,MG,106.465,5,mai,38.54183879656947,OK,1991,2020,30,CHIRPS_v2,UCSB-CHG/CHIRPS/DAILY,1991-2020,IBGE_2024
3125309,Faria Lemos,MG,165.224,5,mai,36.85042085096848,OK,1991,2020,30,CHIRPS_v2,UCSB-CHG/CHIRPS/DAILY,1991-2020,IBGE_2024
3149002,Pedra Dourada,MG,69.99,5,mai,34.9297845245247,OK,1991,2020,30,CHIRPS_v2,UCSB-CHG/CHIRPS/DAILY,1991-2020,IBGE_2024
3124203,Espera Feliz,MG,317.638,5,mai,37.105638059067985,OK,1991,2020,30,CHIRPS_v2,UCSB-CHG/CHIRPS/DAILY,1991-2020,IBGE_2024
3148756,Pedra Bonita,MG,173.928,5,mai,28.33833748661717,OK,1991,2020,30,CHIRPS_v2,UCSB-CHG/CHIRPS/DAILY,1991-2020,IBGE_2024
3122009,Divino,MG,337.776,5,mai,29.593771077972082,OK,1991,2020,30,CHIRPS_v2,UCSB-CHG/CHIRPS/DAILY,1991-2020,IBGE_2024
3121308,Descoberto,MG,213.168,5,mai,37.18754306657253,OK,1991,2020,30,CHIRPS_v2,UCSB-CHG/CHIRPS/DAILY,1991-2020,IBGE_2024
3128501,Guarará,MG,88.655,5,mai,29.729931854843617,OK,1991,2020,30,CHIRPS_v2,UCSB-CHG/CHIRPS/DAILY,1991-2020,IBGE_2024
3149507,Pequeri,MG,90.833,5,mai,39.41380343292241,OK,1991,2020,30,CHIRPS_v2,UCSB-CHG/CHIRPS/DAILY,1991-2020,IBGE_2024
3165602,Senador Cortes,MG,98.336,5,mai,28.715104986793733,OK,1991,2020,30,CHIRPS_v2,UCSB-CHG/CHIRPS/DAILY,1991-2020,IBGE_2024
3140209,Maripá de Minas,MG,77.338,5,mai,31.42002729628504,OK,1991,2020,30,CHIRPS_v2,UCSB-CHG/CHIRPS/DAILY,1991-2020,IBGE_2024
3139805,Mar de Espanha,MG,371.6,5,mai,31.62912940480507,OK,1991,2020,30,CHIRPS_v2,UCSB-CHG/CHIRPS/DAILY,1991-2020,IBGE_2024
3156205,Rochedo de Minas,MG,79.402,5,mai,32.62767245681481,OK,1991,2020,30,CHIRPS_v2,UCSB-CHG/CHIRPS/DAILY,1991-2020,IBGE_2024
3106903,Bicas,MG,140.082,5,mai,35.31565362076611,OK,1991,2020,30,CHIRPS_v2,UCSB-CHG/CHIRPS/DAILY,1991-2020,IBGE_2024
3162906,São João Nepomuceno,MG,407.427,5,mai,35.597316394472955,OK,1991,2020,30,CHIRPS_v2,UCSB-CHG/CHIRPS/DAILY,1991-2020,IBGE_2024
3160009,Santo Antônio do Aventureiro,MG,202.032,5,mai,33.097602446275516,OK,1991,2020,30,CHIRPS_v2,UCSB-CHG/CHIRPS/DAILY,1991-2020,IBGE_2024
3151107,Pirapetinga,MG,190.681,5,mai,41.75027268896611,OK,1991,2020,30,CHIRPS_v2,UCSB-CHG/CHIRPS/DAILY,1991-2020,IBGE_2024
3101508,Além Paraíba,MG,510.25,5,mai,37.567522059556985,OK,1991,2020,30,CHIRPS_v2,UCSB-CHG/CHIRPS/DAILY,1991-2020,IBGE_2024
3124609,Estrela Dalva,MG,131.365,5,mai,40.76592992502924,OK,1991,2020,30,CHIRPS_v2,UCSB-CHG/CHIRPS/DAILY,1991-2020,IBGE_2024
3172103,Volta Grande,MG,205.552,5,mai,36.00322138245979,OK,1991,2020,30,CHIRPS_v2,UCSB-CHG/CHIRPS/DAILY,1991-2020,IBGE_2024
3105608,Barbacena,MG,759.186,5,mai,32.40417174633997,OK,1991,2020,30,CHIRPS_v2,UCSB-CHG/CHIRPS/DAILY,1991-2020,IBGE_2024
3102902,Antônio Carlos,MG,529.915,5,mai,34.358843273712544,OK,1991,2020,30,CHIRPS_v2,UCSB-CHG/CHIRPS/DAILY,1991-2020,IBGE_2024
3101631,Alfredo Vasconcelos,MG,130.815,5,mai,33.97375961392948,OK,1991,2020,30,CHIRPS_v2,UCSB-CHG/CHIRPS/DAILY,1991-2020,IBGE_2024
3154408,Ressaquinha,MG,183.062,5,mai,33.98889539904373,OK,1991,2020,30,CHIRPS_v2,UCSB-CHG/CHIRPS/DAILY,1991-2020,IBGE_2024
3121506,Desterro do Melo,MG,142.279,5,mai,39.53822760521427,OK,1991,2020,30,CHIRPS_v2,UCSB-CHG/CHIRPS/DAILY,1991-2020,IBGE_2024
3129400,Ibertioga,MG,346.24,5,mai,32.19796816002372,OK,1991,2020,30,CHIRPS_v2,UCSB-CHG/CHIRPS/DAILY,1991-2020,IBGE_2024
3159407,Santa Rita de Ibitipoca,MG,324.234,5,mai,32.37691488325161,OK,1991,2020,30,CHIRPS_v2,UCSB-CHG/CHIRPS/DAILY,1991-2020,IBGE_2024
3102100,Alto Rio Doce,MG,518.053,5,mai,36.38838820717959,OK,1991,2020,30,CHIRPS_v2,UCSB-CHG/CHIRPS/DAILY,1991-2020,IBGE_2024
3158706,Santana do Garambéu,MG,203.074,5,mai,35.48052357389231,OK,1991,2020,30,CHIRPS_v2,UCSB-CHG/CHIRPS/DAILY,1991-2020,IBGE_2024
3166204,Senhora dos Remédios,MG,237.815,5,mai,35.37403795503954,OK,1991,2020,30,CHIRPS_v2,UCSB-CHG/CHIRPS/DAILY,1991-2020,IBGE_2024
3116308,Cipotânea,MG,153.479,5,mai,34.57648437780163,OK,1991,2020,30,CHIRPS_v2,UCSB-CHG/CHIRPS/DAILY,1991-2020,IBGE_2024
3157302,Santa Bárbara do Tugúrio,MG,194.564,5,mai,36.608284392301464,OK,1991,2020,30,CHIRPS_v2,UCSB-CHG/CHIRPS/DAILY,1991-2020,IBGE_2024
3123007,Dores de Campos,MG,124.842,5,mai,33.89424334850577,OK,1991,2020,30,CHIRPS_v2,UCSB-CHG/CHIRPS/DAILY,1991-2020,IBGE_2024
3105905,Barroso,MG,82.07,5,mai,31.231018544112302,OK,1991,2020,30,CHIRPS_v2,UCSB-CHG/CHIRPS/DAILY,1991-2020,IBGE_2024
3145901,Ouro Branco,MG,258.726,5,mai,29.585082960990146,OK,1991,2020,30,CHIRPS_v2,UCSB-CHG/CHIRPS/DAILY,1991-2020,IBGE_2024
3153806,Queluzito,MG,153.56,5,mai,34.77163072651218,OK,1991,2020,30,CHIRPS_v2,UCSB-CHG/CHIRPS/DAILY,1991-2020,IBGE_2024
3160900,São Brás do Suaçuí,MG,110.019,5,mai,33.331359237285945,OK,1991,2020,30,CHIRPS_v2,UCSB-CHG/CHIRPS/DAILY,1991-2020,IBGE_2024
3135407,Jeceaba,MG,236.25,5,mai,32.86063594209765,OK,1991,2020,30,CHIRPS_v2,UCSB-CHG/CHIRPS/DAILY,1991-2020,IBGE_2024
3118304,Conselheiro Lafaiete,MG,370.246,5,mai,32.56211245124044,OK,1991,2020,30,CHIRPS_v2,UCSB-CHG/CHIRPS/DAILY,1991-2020,IBGE_2024
3118007,Congonhas,MG,304.067,5,mai,32.984925090969014,OK,1991,2020,30,CHIRPS_v2,UCSB-CHG/CHIRPS/DAILY,1991-2020,IBGE_2024
3121407,Desterro de Entre Rios,MG,377.165,5,mai,31.109514690431592,OK,1991,2020,30,CHIRPS_v2,UCSB-CHG/CHIRPS/DAILY,1991-2020,IBGE_2024
3113206,Carandaí,MG,487.28,5,mai,33.25645424843478,OK,1991,2020,30,CHIRPS_v2,UCSB-CHG/CHIRPS/DAILY,1991-2020,IBGE_2024
3137908,Lamim,MG,118.602,5,mai,32.38959395085318,OK,1991,2020,30,CHIRPS_v2,UCSB-CHG/CHIRPS/DAILY,1991-2020,IBGE_2024
3113107,Caranaíba,MG,159.95,5,mai,36.529792340769504,OK,1991,2020,30,CHIRPS_v2,UCSB-CHG/CHIRPS/DAILY,1991-2020,IBGE_2024
3120409,Cristiano Otoni,MG,132.872,5,mai,34.59855603372896,OK,1991,2020,30,CHIRPS_v2,UCSB-CHG/CHIRPS/DAILY,1991-2020,IBGE_2024
3112208,Capela Nova,MG,111.073,5,mai,34.99770772779955,OK,1991,2020,30,CHIRPS_v2,UCSB-CHG/CHIRPS/DAILY,1991-2020,IBGE_2024
3150802,Piranga,MG,658.812,5,mai,32.9998071987479,OK,1991,2020,30,CHIRPS_v2,UCSB-CHG/CHIRPS/DAILY,1991-2020,IBGE_2024
3159100,Santana dos Montes,MG,196.565,5,mai,36.17250614232717,OK,1991,2020,30,CHIRPS_v2,UCSB-CHG/CHIRPS/DAILY,1991-2020,IBGE_2024
3133907,Itaverava,MG,284.22,5,mai,30.916094550535426,OK,1991,2020,30,CHIRPS_v2,UCSB-CHG/CHIRPS/DAILY,1991-2020,IBGE_2024
3166006,Senhora de Oliveira,MG,170.749,5,mai,32.07973020821056,OK,1991,2020,30,CHIRPS_v2,UCSB-CHG/CHIRPS/DAILY,1991-2020,IBGE_2024
3123908,Entre Rios de Minas,MG,456.796,5,mai,31.927919709249693,OK,1991,2020,30,CHIRPS_v2,UCSB-CHG/CHIRPS/DAILY,1991-2020,IBGE_2024
3115409,Catas Altas da Noruega,MG,141.622,5,mai,32.23772289453732,OK,1991,2020,30,CHIRPS_v2,UCSB-CHG/CHIRPS/DAILY,1991-2020,IBGE_2024
3106408,Belo Vale,MG,364.94,5,mai,33.10287085122712,OK,1991,2020,30,CHIRPS_v2,UCSB-CHG/CHIRPS/DAILY,1991-2020,IBGE_2024
3114907,Casa Grande,MG,157.727,5,mai,32.30807498988782,OK,1991,2020,30,CHIRPS_v2,UCSB-CHG/CHIRPS/DAILY,1991-2020,IBGE_2024
3155207,Rio Espera,MG,238.602,5,mai,32.83393804170958,OK,1991,2020,30,CHIRPS_v2,UCSB-CHG/CHIRPS/DAILY,1991-2020,IBGE_2024
3162500,São João del Rei,MG,1452.002,5,mai,32.68014138411577,OK,1991,2020,30,CHIRPS_v2,UCSB-CHG/CHIRPS/DAILY,1991-2020,IBGE_2024
3119708,Coronel Xavier Chaves,MG,140.954,5,mai,33.17670791693885,OK,1991,2020,30,CHIRPS_v2,UCSB-CHG/CHIRPS/DAILY,1991-2020,IBGE_2024
3168804,Tiradentes,MG,83.047,5,mai,30.88419364167182,OK,1991,2020,30,CHIRPS_v2,UCSB-CHG/CHIRPS/DAILY,1991-2020,IBGE_2024
3157336,Santa Cruz de Minas,MG,3.565,5,mai,31.19595514933268,OK,1991,2020,30,CHIRPS_v2,UCSB-CHG/CHIRPS/DAILY,1991-2020,IBGE_2024
3154200,Resende Costa,MG,618.312,5,mai,32.03287776101407,OK,1991,2020,30,CHIRPS_v2,UCSB-CHG/CHIRPS/DAILY,1991-2020,IBGE_2024
3137403,Lagoa Dourada,MG,476.693,5,mai,33.319095577224886,OK,1991,2020,30,CHIRPS_v2,UCSB-CHG/CHIRPS/DAILY,1991-2020,IBGE_2024
3144508,Nazareno,MG,341.453,5,mai,34.312463417333475,OK,1991,2020,30,CHIRPS_v2,UCSB-CHG/CHIRPS/DAILY,1991-2020,IBGE_2024
3152709,Prados,MG,264.115,5,mai,34.24072317432711,OK,1991,2020,30,CHIRPS_v2,UCSB-CHG/CHIRPS/DAILY,1991-2020,IBGE_2024
3150307,Piedade do Rio Grande,MG,322.814,5,mai,35.8736172901284,OK,1991,2020,30,CHIRPS_v2,UCSB-CHG/CHIRPS/DAILY,1991-2020,IBGE_2024
3165305,São Vicente de Minas,MG,392.651,5,mai,38.26350142243237,OK,1991,2020,30,CHIRPS_v2,UCSB-CHG/CHIRPS/DAILY,1991-2020,IBGE_2024
3165008,São Tiago,MG,572.4,5,mai,31.67785485222864,OK,1991,2020,30,CHIRPS_v2,UCSB-CHG/CHIRPS/DAILY,1991-2020,IBGE_2024
3115201,Conceição da Barra de Minas,MG,273.014,5,mai,32.52707950859428,OK,1991,2020,30,CHIRPS_v2,UCSB-CHG/CHIRPS/DAILY,1991-2020,IBGE_2024
3156106,Ritápolis,MG,404.805,5,mai,33.40569058821696,OK,1991,2020,30,CHIRPS_v2,UCSB-CHG/CHIRPS/DAILY,1991-2020,IBGE_2024
3139102,Madre de Deus de Minas,MG,492.909,5,mai,36.735548249757024,OK,1991,2020,30,CHIRPS_v2,UCSB-CHG/CHIRPS/DAILY,1991-2020,IBGE_2024
3134301,Itumirim,MG,234.802,5,mai,37.787604411326,OK,1991,2020,30,CHIRPS_v2,UCSB-CHG/CHIRPS/DAILY,1991-2020,IBGE_2024
3130408,Ijaci,MG,105.246,5,mai,40.52058245686833,OK,1991,2020,30,CHIRPS_v2,UCSB-CHG/CHIRPS/DAILY,1991-2020,IBGE_2024
3134509,Itutinga,MG,372.018,5,mai,34.52392582211687,OK,1991,2020,30,CHIRPS_v2,UCSB-CHG/CHIRPS/DAILY,1991-2020,IBGE_2024
3108008,Bom Sucesso,MG,705.046,5,mai,33.18076818016453,OK,1991,2020,30,CHIRPS_v2,UCSB-CHG/CHIRPS/DAILY,1991-2020,IBGE_2024
3114600,Carrancas,MG,727.894,5,mai,36.210243670483884,OK,1991,2020,30,CHIRPS_v2,UCSB-CHG/CHIRPS/DAILY,1991-2020,IBGE_2024
3138708,Luminárias,MG,500.143,5,mai,39.52600875791188,OK,1991,2020,30,CHIRPS_v2,UCSB-CHG/CHIRPS/DAILY,1991-2020,IBGE_2024
3130804,Ingaí,MG,305.591,5,mai,37.8353864756265,OK,1991,2020,30,CHIRPS_v2,UCSB-CHG/CHIRPS/DAILY,1991-2020,IBGE_2024
3130002,Ibituruna,MG,153.106,5,mai,35.99068645917035,OK,1991,2020,30,CHIRPS_v2,UCSB-CHG/CHIRPS/DAILY,1991-2020,IBGE_2024
3165206,São Tomé das Letras,MG,369.747,5,mai,40.58877585424112,OK,1991,2020,30,CHIRPS_v2,UCSB-CHG/CHIRPS/DAILY,1991-2020,IBGE_2024
3152600,Pouso Alto,MG,263.034,5,mai,53.392939598303236,OK,1991,2020,30,CHIRPS_v2,UCSB-CHG/CHIRPS/DAILY,1991-2020,IBGE_2024
3167806,Soledade de Minas,MG,196.866,5,mai,53.12011775108443,OK,1991,2020,30,CHIRPS_v2,UCSB-CHG/CHIRPS/DAILY,1991-2020,IBGE_2024
3117702,Conceição do Rio Verde,MG,369.681,5,mai,47.70694144607644,OK,1991,2020,30,CHIRPS_v2,UCSB-CHG/CHIRPS/DAILY,1991-2020,IBGE_2024
3101300,Alagoa,MG,161.356,5,mai,47.93705243230622,OK,1991,2020,30,CHIRPS_v2,UCSB-CHG/CHIRPS/DAILY,1991-2020,IBGE_2024
3133006,Itamonte,MG,431.792,5,mai,53.53558163351506,OK,1991,2020,30,CHIRPS_v2,UCSB-CHG/CHIRPS/DAILY,1991-2020,IBGE_2024
3133105,Itanhandu,MG,143.363,5,mai,54.85810800062504,OK,1991,2020,30,CHIRPS_v2,UCSB-CHG/CHIRPS/DAILY,1991-2020,IBGE_2024
3164902,São Sebastião do Rio Verde,MG,90.848,5,mai,55.63547864343578,OK,1991,2020,30,CHIRPS_v2,UCSB-CHG/CHIRPS/DAILY,1991-2020,IBGE_2024
3147600,Passa Quatro,MG,277.221,5,mai,46.781633662947776,OK,1991,2020,30,CHIRPS_v2,UCSB-CHG/CHIRPS/DAILY,1991-2020,IBGE_2024
3163706,São Lourenço,MG,58.019,5,mai,60.62829575870735,OK,1991,2020,30,CHIRPS_v2,UCSB-CHG/CHIRPS/DAILY,1991-2020,IBGE_2024
3104908,Baependi,MG,750.554,5,mai,44.70957854551524,OK,1991,2020,30,CHIRPS_v2,UCSB-CHG/CHIRPS/DAILY,1991-2020,IBGE_2024
3120805,Cruzília,MG,522.419,5,mai,39.1490387160589,OK,1991,2020,30,CHIRPS_v2,UCSB-CHG/CHIRPS/DAILY,1991-2020,IBGE_2024
3167004,Serranos,MG,213.173,5,mai,39.5757138192819,OK,1991,2020,30,CHIRPS_v2,UCSB-CHG/CHIRPS/DAILY,1991-2020,IBGE_2024
3141900,Minduri,MG,219.774,5,mai,38.4303174687539,OK,1991,2020,30,CHIRPS_v2,UCSB-CHG/CHIRPS/DAILY,1991-2020,IBGE_2024
3166402,Seritinga,MG,114.769,5,mai,40.94816240882556,OK,1991,2020,30,CHIRPS_v2,UCSB-CHG/CHIRPS/DAILY,1991-2020,IBGE_2024
3101201,Aiuruoca,MG,649.68,5,mai,42.85701360829871,OK,1991,2020,30,CHIRPS_v2,UCSB-CHG/CHIRPS/DAILY,1991-2020,IBGE_2024
3115508,Caxambu,MG,100.483,5,mai,42.44290216023165,OK,1991,2020,30,CHIRPS_v2,UCSB-CHG/CHIRPS/DAILY,1991-2020,IBGE_2024
3114808,Carvalhos,MG,282.254,5,mai,44.41595647121874,OK,1991,2020,30,CHIRPS_v2,UCSB-CHG/CHIRPS/DAILY,1991-2020,IBGE_2024
3161809,São Gonçalo do Pará,MG,265.73,5,mai,30.618621502442142,OK,1991,2020,30,CHIRPS_v2,UCSB-CHG/CHIRPS/DAILY,1991-2020,IBGE_2024
3133709,Itatiaiuçu,MG,294.181,5,mai,32.71692567684218,OK,1991,2020,30,CHIRPS_v2,UCSB-CHG/CHIRPS/DAILY,1991-2020,IBGE_2024
3117603,Conceição do Pará,MG,250.306,5,mai,31.69191500287982,OK,1991,2020,30,CHIRPS_v2,UCSB-CHG/CHIRPS/DAILY,1991-2020,IBGE_2024
3133808,Itaúna,MG,494.559,5,mai,30.9249067293864,OK,1991,2020,30,CHIRPS_v2,UCSB-CHG/CHIRPS/DAILY,1991-2020,IBGE_2024
3116605,Cláudio,MG,630.706,5,mai,30.49178938978224,OK,1991,2020,30,CHIRPS_v2,UCSB-CHG/CHIRPS/DAILY,1991-2020,IBGE_2024
3114204,Carmo do Cajuru,MG,455.807,5,mai,31.941221648271185,OK,1991,2020,30,CHIRPS_v2,UCSB-CHG/CHIRPS/DAILY,1991-2020,IBGE_2024
3145802,Onça de Pitangui,MG,246.976,5,mai,31.396777214640174,OK,1991,2020,30,CHIRPS_v2,UCSB-CHG/CHIRPS/DAILY,1991-2020,IBGE_2024
3149606,Pequi,MG,203.991,5,mai,29.672191518522997,OK,1991,2020,30,CHIRPS_v2,UCSB-CHG/CHIRPS/DAILY,1991-2020,IBGE_2024
3139706,Maravilhas,MG,261.604,5,mai,28.960644843995457,OK,1991,2020,30,CHIRPS_v2,UCSB-CHG/CHIRPS/DAILY,1991-2020,IBGE_2024
3146909,Papagaios,MG,553.577,5,mai,27.52406821485331,OK,1991,2020,30,CHIRPS_v2,UCSB-CHG/CHIRPS/DAILY,1991-2020,IBGE_2024
3147105,Pará de Minas,MG,551.105,5,mai,29.966311092792964,OK,1991,2020,30,CHIRPS_v2,UCSB-CHG/CHIRPS/DAILY,1991-2020,IBGE_2024
3163102,São José da Varginha,MG,205.501,5,mai,28.297570424910145,OK,1991,2020,30,CHIRPS_v2,UCSB-CHG/CHIRPS/DAILY,1991-2020,IBGE_2024
3130200,Igaratinga,MG,218.343,5,mai,30.607087608433037,OK,1991,2020,30,CHIRPS_v2,UCSB-CHG/CHIRPS/DAILY,1991-2020,IBGE_2024
3145604,Oliveira,MG,897.294,5,mai,29.25637778267224,OK,1991,2020,30,CHIRPS_v2,UCSB-CHG/CHIRPS/DAILY,1991-2020,IBGE_2024
3120607,Crucilândia,MG,167.164,5,mai,32.85668228536468,OK,1991,2020,30,CHIRPS_v2,UCSB-CHG/CHIRPS/DAILY,1991-2020,IBGE_2024
3150604,Piracema,MG,280.335,5,mai,32.22267645458932,OK,1991,2020,30,CHIRPS_v2,UCSB-CHG/CHIRPS/DAILY,1991-2020,IBGE_2024
3150406,Piedade dos Gerais,MG,259.638,5,mai,33.5644937675616,OK,1991,2020,30,CHIRPS_v2,UCSB-CHG/CHIRPS/DAILY,1991-2020,IBGE_2024
3108107,Bonfim,MG,300.471,5,mai,32.134371560517785,OK,1991,2020,30,CHIRPS_v2,UCSB-CHG/CHIRPS/DAILY,1991-2020,IBGE_2024
3132206,Itaguara,MG,410.468,5,mai,31.232516063686784,OK,1991,2020,30,CHIRPS_v2,UCSB-CHG/CHIRPS/DAILY,1991-2020,IBGE_2024
3147709,Passa Tempo,MG,429.172,5,mai,31.256458680968922,OK,1991,2020,30,CHIRPS_v2,UCSB-CHG/CHIRPS/DAILY,1991-2020,IBGE_2024
3114501,Carmópolis de Minas,MG,400.01,5,mai,30.017307785558117,OK,1991,2020,30,CHIRPS_v2,UCSB-CHG/CHIRPS/DAILY,1991-2020,IBGE_2024
3155306,Rio Manso,MG,231.54,5,mai,32.41884102199921,OK,1991,2020,30,CHIRPS_v2,UCSB-CHG/CHIRPS/DAILY,1991-2020,IBGE_2024
3202207,Fundão,ES,286.854,5,mai,67.84970634552906,OK,1991,2020,30,CHIRPS_v2,UCSB-CHG/CHIRPS/DAILY,1991-2020,IBGE_2024
3202405,Guarapari,ES,589.826,5,mai,80.13344385047544,OK,1991,2020,30,CHIRPS_v2,UCSB-CHG/CHIRPS/DAILY,1991-2020,IBGE_2024
3201308,Cariacica,ES,279.718,5,mai,65.72006270098129,OK,1991,2020,30,CHIRPS_v2,UCSB-CHG/CHIRPS/DAILY,1991-2020,IBGE_2024
3205200,Vila Velha,ES,210.225,5,mai,76.01950320486905,OK,1991,2020,30,CHIRPS_v2,UCSB-CHG/CHIRPS/DAILY,1991-2020,IBGE_2024
3205309,Vitória,ES,97.124,5,mai,74.62936716864188,OK,1991,2020,30,CHIRPS_v2,UCSB-CHG/CHIRPS/DAILY,1991-2020,IBGE_2024
3205101,Viana,ES,312.278,5,mai,71.2429695847192,OK,1991,2020,30,CHIRPS_v2,UCSB-CHG/CHIRPS/DAILY,1991-2020,IBGE_2024
3205002,Serra,ES,547.631,5,mai,70.63503849260616,OK,1991,2020,30,CHIRPS_v2,UCSB-CHG/CHIRPS/DAILY,1991-2020,IBGE_2024
3200300,Alfredo Chaves,ES,615.677,5,mai,67.17581795837148,OK,1991,2020,30,CHIRPS_v2,UCSB-CHG/CHIRPS/DAILY,1991-2020,IBGE_2024
3200409,Anchieta,ES,409.691,5,mai,71.86442925183869,OK,1991,2020,30,CHIRPS_v2,UCSB-CHG/CHIRPS/DAILY,1991-2020,IBGE_2024
3204203,Piúma,ES,73.623,5,mai,87.50643779564672,OK,1991,2020,30,CHIRPS_v2,UCSB-CHG/CHIRPS/DAILY,1991-2020,IBGE_2024
3202900,Itarana,ES,295.189,5,mai,41.33662236249869,OK,1991,2020,30,CHIRPS_v2,UCSB-CHG/CHIRPS/DAILY,1991-2020,IBGE_2024
3201704,Conceição do Castelo,ES,369.778,5,mai,45.617065609300575,OK,1991,2020,30,CHIRPS_v2,UCSB-CHG/CHIRPS/DAILY,1991-2020,IBGE_2024
3201902,Domingos Martins,ES,1229.21,5,mai,51.024232795498754,OK,1991,2020,30,CHIRPS_v2,UCSB-CHG/CHIRPS/DAILY,1991-2020,IBGE_2024
3201159,Brejetuba,ES,354.404,5,mai,42.75129163063543,OK,1991,2020,30,CHIRPS_v2,UCSB-CHG/CHIRPS/DAILY,1991-2020,IBGE_2024
3200102,Afonso Cláudio,ES,941.188,5,mai,41.505203181213915,OK,1991,2020,30,CHIRPS_v2,UCSB-CHG/CHIRPS/DAILY,1991-2020,IBGE_2024
3205069,Venda Nova do Imigrante,ES,185.909,5,mai,43.852147307824,OK,1991,2020,30,CHIRPS_v2,UCSB-CHG/CHIRPS/DAILY,1991-2020,IBGE_2024
3204609,Santa Teresa,ES,683.032,5,mai,49.36460219351271,OK,1991,2020,30,CHIRPS_v2,UCSB-CHG/CHIRPS/DAILY,1991-2020,IBGE_2024
3204559,Santa Maria de Jetibá,ES,735.198,5,mai,48.63768773181667,OK,1991,2020,30,CHIRPS_v2,UCSB-CHG/CHIRPS/DAILY,1991-2020,IBGE_2024
3204500,Santa Leopoldina,ES,718.326,5,mai,59.66520013023191,OK,1991,2020,30,CHIRPS_v2,UCSB-CHG/CHIRPS/DAILY,1991-2020,IBGE_2024
3203346,Marechal Floriano,ES,285.495,5,mai,64.32301505542452,OK,1991,2020,30,CHIRPS_v2,UCSB-CHG/CHIRPS/DAILY,1991-2020,IBGE_2024
3203163,Laranja da Terra,ES,458.37,5,mai,39.878598980453326,OK,1991,2020,30,CHIRPS_v2,UCSB-CHG/CHIRPS/DAILY,1991-2020,IBGE_2024
3204906,São Mateus,ES,2346.048,5,mai,49.23779046084392,OK,1991,2020,30,CHIRPS_v2,UCSB-CHG/CHIRPS/DAILY,1991-2020,IBGE_2024
3203056,Jaguaré,ES,659.751,5,mai,52.20114372321844,OK,1991,2020,30,CHIRPS_v2,UCSB-CHG/CHIRPS/DAILY,1991-2020,IBGE_2024
3201605,Conceição da Barra,ES,1182.587,5,mai,60.684656582403015,OK,1991,2020,30,CHIRPS_v2,UCSB-CHG/CHIRPS/DAILY,1991-2020,IBGE_2024
3201001,Boa Esperança,ES,428.717,5,mai,39.482012028663355,OK,1991,2020,30,CHIRPS_v2,UCSB-CHG/CHIRPS/DAILY,1991-2020,IBGE_2024
3204252,Ponto Belo,ES,360.11,5,mai,28.33898248481691,OK,1991,2020,30,CHIRPS_v2,UCSB-CHG/CHIRPS/DAILY,1991-2020,IBGE_2024
3204054,Pedro Canário,ES,433.453,5,mai,46.90858787703966,OK,1991,2020,30,CHIRPS_v2,UCSB-CHG/CHIRPS/DAILY,1991-2020,IBGE_2024
3204104,Pinheiros,ES,973.136,5,mai,44.88662952139453,OK,1991,2020,30,CHIRPS_v2,UCSB-CHG/CHIRPS/DAILY,1991-2020,IBGE_2024
3203601,Mucurici,ES,540.529,5,mai,28.966916324770896,OK,1991,2020,30,CHIRPS_v2,UCSB-CHG/CHIRPS/DAILY,1991-2020,IBGE_2024
3203502,Montanha,ES,1099.06,5,mai,34.20192529394731,OK,1991,2020,30,CHIRPS_v2,UCSB-CHG/CHIRPS/DAILY,1991-2020,IBGE_2024
3203205,Linhares,ES,3496.263,5,mai,54.568680400336355,OK,1991,2020,30,CHIRPS_v2,UCSB-CHG/CHIRPS/DAILY,1991-2020,IBGE_2024
3203130,João Neiva,ES,284.734,5,mai,46.37464158136651,OK,1991,2020,30,CHIRPS_v2,UCSB-CHG/CHIRPS/DAILY,1991-2020,IBGE_2024
3202504,Ibiraçu,ES,201.248,5,mai,60.96174578769526,OK,1991,2020,30,CHIRPS_v2,UCSB-CHG/CHIRPS/DAILY,1991-2020,IBGE_2024
3200607,Aracruz,ES,1420.286,5,mai,61.58151311771426,OK,1991,2020,30,CHIRPS_v2,UCSB-CHG/CHIRPS/DAILY,1991-2020,IBGE_2024
3205010,Sooretama,ES,587.037,5,mai,41.41365642490159,OK,1991,2020,30,CHIRPS_v2,UCSB-CHG/CHIRPS/DAILY,1991-2020,IBGE_2024
3204351,Rio Bananal,ES,641.929,5,mai,34.55306766271605,OK,1991,2020,30,CHIRPS_v2,UCSB-CHG/CHIRPS/DAILY,1991-2020,IBGE_2024
3201506,Colatina,ES,1398.219,5,mai,37.826340328438015,OK,1991,2020,30,CHIRPS_v2,UCSB-CHG/CHIRPS/DAILY,1991-2020,IBGE_2024
3202702,Itaguaçu,ES,535.021,5,mai,41.493363898966784,OK,1991,2020,30,CHIRPS_v2,UCSB-CHG/CHIRPS/DAILY,1991-2020,IBGE_2024
3202256,Governador Lindenberg,ES,360.016,5,mai,30.533023130892765,OK,1991,2020,30,CHIRPS_v2,UCSB-CHG/CHIRPS/DAILY,1991-2020,IBGE_2024
3200805,Baixo Guandu,ES,909.039,5,mai,37.810397190923894,OK,1991,2020,30,CHIRPS_v2,UCSB-CHG/CHIRPS/DAILY,1991-2020,IBGE_2024
3200136,Águia Branca,ES,454.448,5,mai,29.2266729505333,OK,1991,2020,30,CHIRPS_v2,UCSB-CHG/CHIRPS/DAILY,1991-2020,IBGE_2024
3200359,Alto Rio Novo,ES,227.617,5,mai,30.390156504741707,OK,1991,2020,30,CHIRPS_v2,UCSB-CHG/CHIRPS/DAILY,1991-2020,IBGE_2024
3204708,São Gabriel da Palha,ES,434.887,5,mai,23.900938053218653,OK,1991,2020,30,CHIRPS_v2,UCSB-CHG/CHIRPS/DAILY,1991-2020,IBGE_2024
3205176,Vila Valério,ES,470.342,5,mai,29.95899906266663,OK,1991,2020,30,CHIRPS_v2,UCSB-CHG/CHIRPS/DAILY,1991-2020,IBGE_2024
3204955,São Roque do Canaã,ES,341.944,5,mai,39.47879126874217,OK,1991,2020,30,CHIRPS_v2,UCSB-CHG/CHIRPS/DAILY,1991-2020,IBGE_2024
3204658,São Domingos do Norte,ES,298.58,5,mai,23.3345422095743,OK,1991,2020,30,CHIRPS_v2,UCSB-CHG/CHIRPS/DAILY,1991-2020,IBGE_2024
3204005,Pancas,ES,837.842,5,mai,31.804615908849154,OK,1991,2020,30,CHIRPS_v2,UCSB-CHG/CHIRPS/DAILY,1991-2020,IBGE_2024
3203304,Mantenópolis,ES,321.417,5,mai,26.25554298762354,OK,1991,2020,30,CHIRPS_v2,UCSB-CHG/CHIRPS/DAILY,1991-2020,IBGE_2024
3203353,Marilândia,ES,327.642,5,mai,37.838865033261015,OK,1991,2020,30,CHIRPS_v2,UCSB-CHG/CHIRPS/DAILY,1991-2020,IBGE_2024
3202108,Ecoporanga,ES,2285.361,5,mai,28.483194619340274,OK,1991,2020,30,CHIRPS_v2,UCSB-CHG/CHIRPS/DAILY,1991-2020,IBGE_2024
3200904,Barra de São Francisco,ES,944.521,5,mai,28.34216043707128,OK,1991,2020,30,CHIRPS_v2,UCSB-CHG/CHIRPS/DAILY,1991-2020,IBGE_2024
3200169,Água Doce do Norte,ES,473.728,5,mai,30.00850123742889,OK,1991,2020,30,CHIRPS_v2,UCSB-CHG/CHIRPS/DAILY,1991-2020,IBGE_2024
3205150,Vila Pavão,ES,433.257,5,mai,28.72078203078985,OK,1991,2020,30,CHIRPS_v2,UCSB-CHG/CHIRPS/DAILY,1991-2020,IBGE_2024
3203908,Nova Venécia,ES,1439.57,5,mai,30.127253059372507,OK,1991,2020,30,CHIRPS_v2,UCSB-CHG/CHIRPS/DAILY,1991-2020,IBGE_2024
3201209,Cachoeiro de Itapemirim,ES,864.583,5,mai,55.00718461080214,OK,1991,2020,30,CHIRPS_v2,UCSB-CHG/CHIRPS/DAILY,1991-2020,IBGE_2024
3203106,Jerônimo Monteiro,ES,177.342,5,mai,42.37259924371768,OK,1991,2020,30,CHIRPS_v2,UCSB-CHG/CHIRPS/DAILY,1991-2020,IBGE_2024
3202603,Iconha,ES,203.528,5,mai,65.27430454301515,OK,1991,2020,30,CHIRPS_v2,UCSB-CHG/CHIRPS/DAILY,1991-2020,IBGE_2024
3201407,Castelo,ES,663.515,5,mai,50.98233090171208,OK,1991,2020,30,CHIRPS_v2,UCSB-CHG/CHIRPS/DAILY,1991-2020,IBGE_2024
3200706,Atílio Vivácqua,ES,232.868,5,mai,54.233758896731096,OK,1991,2020,30,CHIRPS_v2,UCSB-CHG/CHIRPS/DAILY,1991-2020,IBGE_2024
3205036,Vargem Alta,ES,417.76,5,mai,64.2411176702891,OK,1991,2020,30,CHIRPS_v2,UCSB-CHG/CHIRPS/DAILY,1991-2020,IBGE_2024
3204302,Presidente Kennedy,ES,594.897,5,mai,56.808650988381984,OK,1991,2020,30,CHIRPS_v2,UCSB-CHG/CHIRPS/DAILY,1991-2020,IBGE_2024
3204401,Rio Novo do Sul,ES,204.464,5,mai,68.86869649973613,OK,1991,2020,30,CHIRPS_v2,UCSB-CHG/CHIRPS/DAILY,1991-2020,IBGE_2024
3203809,Muqui,ES,327.268,5,mai,46.78067265461751,OK,1991,2020,30,CHIRPS_v2,UCSB-CHG/CHIRPS/DAILY,1991-2020,IBGE_2024
3203320,Marataízes,ES,130.268,5,mai,65.95013569448564,OK,1991,2020,30,CHIRPS_v2,UCSB-CHG/CHIRPS/DAILY,1991-2020,IBGE_2024
3203403,Mimoso do Sul,ES,869.439,5,mai,52.40747778094949,OK,1991,2020,30,CHIRPS_v2,UCSB-CHG/CHIRPS/DAILY,1991-2020,IBGE_2024
3202801,Itapemirim,ES,551.133,5,mai,61.695301922330785,OK,1991,2020,30,CHIRPS_v2,UCSB-CHG/CHIRPS/DAILY,1991-2020,IBGE_2024
3203007,Iúna,ES,460.586,5,mai,34.2163394675762,OK,1991,2020,30,CHIRPS_v2,UCSB-CHG/CHIRPS/DAILY,1991-2020,IBGE_2024
3202306,Guaçuí,ES,468.185,5,mai,45.45533449680512,OK,1991,2020,30,CHIRPS_v2,UCSB-CHG/CHIRPS/DAILY,1991-2020,IBGE_2024
3202553,Ibitirama,ES,330.874,5,mai,35.47333863904633,OK,1991,2020,30,CHIRPS_v2,UCSB-CHG/CHIRPS/DAILY,1991-2020,IBGE_2024
3202454,Ibatiba,ES,240.278,5,mai,31.222834733396486,OK,1991,2020,30,CHIRPS_v2,UCSB-CHG/CHIRPS/DAILY,1991-2020,IBGE_2024
3201803,Divino de São Lourenço,ES,174.039,5,mai,38.23943748207098,OK,1991,2020,30,CHIRPS_v2,UCSB-CHG/CHIRPS/DAILY,1991-2020,IBGE_2024
3202009,Dores do Rio Preto,ES,159.298,5,mai,37.8981995175539,OK,1991,2020,30,CHIRPS_v2,UCSB-CHG/CHIRPS/DAILY,1991-2020,IBGE_2024
3201100,Bom Jesus do Norte,ES,89.084,5,mai,51.18063809953483,OK,1991,2020,30,CHIRPS_v2,UCSB-CHG/CHIRPS/DAILY,1991-2020,IBGE_2024
3200201,Alegre,ES,756.86,5,mai,43.946334374806206,OK,1991,2020,30,CHIRPS_v2,UCSB-CHG/CHIRPS/DAILY,1991-2020,IBGE_2024
3200508,Apiacá,ES,193.984,5,mai,52.36082402199375,OK,1991,2020,30,CHIRPS_v2,UCSB-CHG/CHIRPS/DAILY,1991-2020,IBGE_2024
3204807,São José do Calçado,ES,273.489,5,mai,44.39106714679228,OK,1991,2020,30,CHIRPS_v2,UCSB-CHG/CHIRPS/DAILY,1991-2020,IBGE_2024
3203700,Muniz Freire,ES,678.804,5,mai,43.811743149113894,OK,1991,2020,30,CHIRPS_v2,UCSB-CHG/CHIRPS/DAILY,1991-2020,IBGE_2024
3202652,Irupi,ES,184.807,5,mai,34.79393497564104,OK,1991,2020,30,CHIRPS_v2,UCSB-CHG/CHIRPS/DAILY,1991-2020,IBGE_2024
3300456,Belford Roxo,RJ,78.985,5,mai,66.96521508653758,OK,1991,2020,30,CHIRPS_v2,UCSB-CHG/CHIRPS/DAILY,1991-2020,IBGE_2024
3305752,Tanguá,RJ,143.007,5,mai,81.66541545661582,OK,1991,2020,30,CHIRPS_v2,UCSB-CHG/CHIRPS/DAILY,1991-2020,IBGE_2024
3305554,Seropédica,RJ,265.189,5,mai,63.15369697596499,OK,1991,2020,30,CHIRPS_v2,UCSB-CHG/CHIRPS/DAILY,1991-2020,IBGE_2024
3305109,São João de Meriti,RJ,35.216,5,mai,64.71087278376682,OK,1991,2020,30,CHIRPS_v2,UCSB-CHG/CHIRPS/DAILY,1991-2020,IBGE_2024
3305505,Saquarema,RJ,352.129,5,mai,83.96743454610866,OK,1991,2020,30,CHIRPS_v2,UCSB-CHG/CHIRPS/DAILY,1991-2020,IBGE_2024
3304557,Rio de Janeiro,RJ,1200.329,5,mai,79.77911873627677,OK,1991,2020,30,CHIRPS_v2,UCSB-CHG/CHIRPS/DAILY,1991-2020,IBGE_2024
3304904,São Gonçalo,RJ,248.159,5,mai,84.48616099226103,OK,1991,2020,30,CHIRPS_v2,UCSB-CHG/CHIRPS/DAILY,1991-2020,IBGE_2024
3304144,Queimados,RJ,75.927,5,mai,63.457954785379286,OK,1991,2020,30,CHIRPS_v2,UCSB-CHG/CHIRPS/DAILY,1991-2020,IBGE_2024
3303500,Nova Iguaçu,RJ,520.581,5,mai,74.84420700657782,OK,1991,2020,30,CHIRPS_v2,UCSB-CHG/CHIRPS/DAILY,1991-2020,IBGE_2024
3303609,Paracambi,RJ,190.949,5,mai,62.04445432354809,OK,1991,2020,30,CHIRPS_v2,UCSB-CHG/CHIRPS/DAILY,1991-2020,IBGE_2024
3303203,Nilópolis,RJ,19.393,5,mai,71.06878725594945,OK,1991,2020,30,CHIRPS_v2,UCSB-CHG/CHIRPS/DAILY,1991-2020,IBGE_2024
3303302,Niterói,RJ,133.757,5,mai,87.2134350639301,OK,1991,2020,30,CHIRPS_v2,UCSB-CHG/CHIRPS/DAILY,1991-2020,IBGE_2024
3302601,Mangaratiba,RJ,367.606,5,mai,81.24835025695307,OK,1991,2020,30,CHIRPS_v2,UCSB-CHG/CHIRPS/DAILY,1991-2020,IBGE_2024
3302700,Maricá,RJ,361.572,5,mai,87.18217199790192,OK,1991,2020,30,CHIRPS_v2,UCSB-CHG/CHIRPS/DAILY,1991-2020,IBGE_2024
3302502,Magé,RJ,390.775,5,mai,72.99788775961706,OK,1991,2020,30,CHIRPS_v2,UCSB-CHG/CHIRPS/DAILY,1991-2020,IBGE_2024
3302858,Mesquita,RJ,41.169,5,mai,77.66419259032651,OK,1991,2020,30,CHIRPS_v2,UCSB-CHG/CHIRPS/DAILY,1991-2020,IBGE_2024
3302007,Itaguaí,RJ,282.607,5,mai,77.67435305408706,OK,1991,2020,30,CHIRPS_v2,UCSB-CHG/CHIRPS/DAILY,1991-2020,IBGE_2024
3302270,Japeri,RJ,81.697,5,mai,62.012566757364716,OK,1991,2020,30,CHIRPS_v2,UCSB-CHG/CHIRPS/DAILY,1991-2020,IBGE_2024
3301702,Duque de Caxias,RJ,467.319,5,mai,68.02417762927578,OK,1991,2020,30,CHIRPS_v2,UCSB-CHG/CHIRPS/DAILY,1991-2020,IBGE_2024
3301850,Guapimirim,RJ,358.443,5,mai,81.56999994447027,OK,1991,2020,30,CHIRPS_v2,UCSB-CHG/CHIRPS/DAILY,1991-2020,IBGE_2024
3301900,Itaboraí,RJ,429.961,5,mai,78.55475322096802,OK,1991,2020,30,CHIRPS_v2,UCSB-CHG/CHIRPS/DAILY,1991-2020,IBGE_2024
3300100,Angra dos Reis,RJ,813.419,5,mai,89.68980861059718,OK,1991,2020,30,CHIRPS_v2,UCSB-CHG/CHIRPS/DAILY,1991-2020,IBGE_2024
3303807,Paraty,RJ,924.295,5,mai,71.57757876367107,OK,1991,2020,30,CHIRPS_v2,UCSB-CHG/CHIRPS/DAILY,1991-2020,IBGE_2024
3300803,Cachoeiras de Macacu,RJ,954.749,5,mai,83.69914495442785,OK,1991,2020,30,CHIRPS_v2,UCSB-CHG/CHIRPS/DAILY,1991-2020,IBGE_2024
3305604,Silva Jardim,RJ,937.755,5,mai,88.33935187358891,OK,1991,2020,30,CHIRPS_v2,UCSB-CHG/CHIRPS/DAILY,1991-2020,IBGE_2024
3304300,Rio Bonito,RJ,459.458,5,mai,88.69338967314047,OK,1991,2020,30,CHIRPS_v2,UCSB-CHG/CHIRPS/DAILY,1991-2020,IBGE_2024
3300407,Barra Mansa,RJ,547.133,5,mai,49.95737705537047,OK,1991,2020,30,CHIRPS_v2,UCSB-CHG/CHIRPS/DAILY,1991-2020,IBGE_2024
3306305,Volta Redonda,RJ,182.105,5,mai,48.56313240186995,OK,1991,2020,30,CHIRPS_v2,UCSB-CHG/CHIRPS/DAILY,1991-2020,IBGE_2024
3303955,Pinheiral,RJ,82.254,5,mai,45.95683563574129,OK,1991,2020,30,CHIRPS_v2,UCSB-CHG/CHIRPS/DAILY,1991-2020,IBGE_2024
3300308,Barra do Piraí,RJ,584.61,5,mai,48.81321182126747,OK,1991,2020,30,CHIRPS_v2,UCSB-CHG/CHIRPS/DAILY,1991-2020,IBGE_2024
3304409,Rio Claro,RJ,846.797,5,mai,57.38903166303761,OK,1991,2020,30,CHIRPS_v2,UCSB-CHG/CHIRPS/DAILY,1991-2020,IBGE_2024
3304003,Piraí,RJ,490.255,5,mai,60.725873487149805,OK,1991,2020,30,CHIRPS_v2,UCSB-CHG/CHIRPS/DAILY,1991-2020,IBGE_2024
3302809,Mendes,RJ,95.324,5,mai,56.060339091607496,OK,1991,2020,30,CHIRPS_v2,UCSB-CHG/CHIRPS/DAILY,1991-2020,IBGE_2024
3301801,Engenheiro Paulo de Frontin,RJ,139.381,5,mai,57.344377818917444,OK,1991,2020,30,CHIRPS_v2,UCSB-CHG/CHIRPS/DAILY,1991-2020,IBGE_2024
3304201,Resende,RJ,1099.336,5,mai,49.87985347631585,OK,1991,2020,30,CHIRPS_v2,UCSB-CHG/CHIRPS/DAILY,1991-2020,IBGE_2024
3304128,Quatis,RJ,284.826,5,mai,51.753649245523455,OK,1991,2020,30,CHIRPS_v2,UCSB-CHG/CHIRPS/DAILY,1991-2020,IBGE_2024
3304110,Porto Real,RJ,50.892,5,mai,52.24213840144836,OK,1991,2020,30,CHIRPS_v2,UCSB-CHG/CHIRPS/DAILY,1991-2020,IBGE_2024
3302254,Itatiaia,RJ,241.035,5,mai,44.631457317575084,OK,1991,2020,30,CHIRPS_v2,UCSB-CHG/CHIRPS/DAILY,1991-2020,IBGE_2024
3306206,Vassouras,RJ,536.073,5,mai,47.88212985032047,OK,1991,2020,30,CHIRPS_v2,UCSB-CHG/CHIRPS/DAILY,1991-2020,IBGE_2024
3306107,Valença,RJ,1300.767,5,mai,47.21375924891765,OK,1991,2020,30,CHIRPS_v2,UCSB-CHG/CHIRPS/DAILY,1991-2020,IBGE_2024
3304508,Rio das Flores,RJ,478.783,5,mai,40.27639000426224,OK,1991,2020,30,CHIRPS_v2,UCSB-CHG/CHIRPS/DAILY,1991-2020,IBGE_2024
3303856,Paty do Alferes,RJ,314.341,5,mai,53.33562444764001,OK,1991,2020,30,CHIRPS_v2,UCSB-CHG/CHIRPS/DAILY,1991-2020,IBGE_2024
3302908,Miguel Pereira,RJ,287.933,5,mai,74.90675170652052,OK,1991,2020,30,CHIRPS_v2,UCSB-CHG/CHIRPS/DAILY,1991-2020,IBGE_2024
3300225,Areal,RJ,110.724,5,mai,48.72258110599733,OK,1991,2020,30,CHIRPS_v2,UCSB-CHG/CHIRPS/DAILY,1991-2020,IBGE_2024
3305802,Teresópolis,RJ,773.338,5,mai,53.868216225972304,OK,1991,2020,30,CHIRPS_v2,UCSB-CHG/CHIRPS/DAILY,1991-2020,IBGE_2024
3303906,Petrópolis,RJ,791.144,5,mai,66.75972114289425,OK,1991,2020,30,CHIRPS_v2,UCSB-CHG/CHIRPS/DAILY,1991-2020,IBGE_2024
3305158,São José do Vale do Rio Preto,RJ,220.178,5,mai,46.151064826361925,OK,1991,2020,30,CHIRPS_v2,UCSB-CHG/CHIRPS/DAILY,1991-2020,IBGE_2024
3303401,Nova Friburgo,RJ,935.429,5,mai,64.76456528009811,OK,1991,2020,30,CHIRPS_v2,UCSB-CHG/CHIRPS/DAILY,1991-2020,IBGE_2024
3301207,Carmo,RJ,305.749,5,mai,32.446196589240785,OK,1991,2020,30,CHIRPS_v2,UCSB-CHG/CHIRPS/DAILY,1991-2020,IBGE_2024
3300506,Bom Jardim,RJ,382.43,5,mai,50.56317991826631,OK,1991,2020,30,CHIRPS_v2,UCSB-CHG/CHIRPS/DAILY,1991-2020,IBGE_2024
3305703,Sumidouro,RJ,413.407,5,mai,41.724490784049145,OK,1991,2020,30,CHIRPS_v2,UCSB-CHG/CHIRPS/DAILY,1991-2020,IBGE_2024
3305901,Trajano de Moraes,RJ,591.152,5,mai,55.99892792746586,OK,1991,2020,30,CHIRPS_v2,UCSB-CHG/CHIRPS/DAILY,1991-2020,IBGE_2024
3305307,São Sebastião do Alto,RJ,397.214,5,mai,51.7699856580616,OK,1991,2020,30,CHIRPS_v2,UCSB-CHG/CHIRPS/DAILY,1991-2020,IBGE_2024
3304607,Santa Maria Madalena,RJ,810.962,5,mai,66.89324179956621,OK,1991,2020,30,CHIRPS_v2,UCSB-CHG/CHIRPS/DAILY,1991-2020,IBGE_2024
3302452,Macuco,RJ,78.364,5,mai,45.17571541229923,OK,1991,2020,30,CHIRPS_v2,UCSB-CHG/CHIRPS/DAILY,1991-2020,IBGE_2024
3301603,Duas Barras,RJ,379.619,5,mai,41.58151278901814,OK,1991,2020,30,CHIRPS_v2,UCSB-CHG/CHIRPS/DAILY,1991-2020,IBGE_2024
3301504,Cordeiro,RJ,113.048,5,mai,42.93504269031352,OK,1991,2020,30,CHIRPS_v2,UCSB-CHG/CHIRPS/DAILY,1991-2020,IBGE_2024
3301108,Cantagalo,RJ,747.21,5,mai,39.96328403149476,OK,1991,2020,30,CHIRPS_v2,UCSB-CHG/CHIRPS/DAILY,1991-2020,IBGE_2024
3306008,Três Rios,RJ,322.843,5,mai,41.318061085253056,OK,1991,2020,30,CHIRPS_v2,UCSB-CHG/CHIRPS/DAILY,1991-2020,IBGE_2024
3303708,Paraíba do Sul,RJ,571.118,5,mai,39.89319134380292,OK,1991,2020,30,CHIRPS_v2,UCSB-CHG/CHIRPS/DAILY,1991-2020,IBGE_2024
3300951,Comendador Levy Gasparian,RJ,108.639,5,mai,37.45351304229931,OK,1991,2020,30,CHIRPS_v2,UCSB-CHG/CHIRPS/DAILY,1991-2020,IBGE_2024
3305406,Sapucaia,RJ,540.673,5,mai,41.589583186045935,OK,1991,2020,30,CHIRPS_v2,UCSB-CHG/CHIRPS/DAILY,1991-2020,IBGE_2024
3301009,Campos dos Goytacazes,RJ,4032.487,5,mai,58.83441247379685,OK,1991,2020,30,CHIRPS_v2,UCSB-CHG/CHIRPS/DAILY,1991-2020,IBGE_2024
3305000,São João da Barra,RJ,452.396,5,mai,57.430762669038224,OK,1991,2020,30,CHIRPS_v2,UCSB-CHG/CHIRPS/DAILY,1991-2020,IBGE_2024
3304755,São Francisco de Itabapoana,RJ,1118.037,5,mai,52.57806005907477,OK,1991,2020,30,CHIRPS_v2,UCSB-CHG/CHIRPS/DAILY,1991-2020,IBGE_2024
3304805,São Fidélis,RJ,1034.833,5,mai,45.67517084895593,OK,1991,2020,30,CHIRPS_v2,UCSB-CHG/CHIRPS/DAILY,1991-2020,IBGE_2024
3302056,Italva,RJ,291.193,5,mai,43.20404328258678,OK,1991,2020,30,CHIRPS_v2,UCSB-CHG/CHIRPS/DAILY,1991-2020,IBGE_2024
3301157,Cardoso Moreira,RJ,522.596,5,mai,47.343449545462136,OK,1991,2020,30,CHIRPS_v2,UCSB-CHG/CHIRPS/DAILY,1991-2020,IBGE_2024
3300605,Bom Jesus do Itabapoana,RJ,596.659,5,mai,46.347137171096236,OK,1991,2020,30,CHIRPS_v2,UCSB-CHG/CHIRPS/DAILY,1991-2020,IBGE_2024
3306156,Varre-Sai,RJ,201.938,5,mai,47.39255744877023,OK,1991,2020,30,CHIRPS_v2,UCSB-CHG/CHIRPS/DAILY,1991-2020,IBGE_2024
3305133,São José de Ubá,RJ,249.688,5,mai,45.177045259180574,OK,1991,2020,30,CHIRPS_v2,UCSB-CHG/CHIRPS/DAILY,1991-2020,IBGE_2024
3304102,Porciúncula,RJ,291.847,5,mai,40.63024361312486,OK,1991,2020,30,CHIRPS_v2,UCSB-CHG/CHIRPS/DAILY,1991-2020,IBGE_2024
3303104,Natividade,RJ,387.073,5,mai,45.780249407822225,OK,1991,2020,30,CHIRPS_v2,UCSB-CHG/CHIRPS/DAILY,1991-2020,IBGE_2024
3302205,Itaperuna,RJ,1106.694,5,mai,46.300334150565895,OK,1991,2020,30,CHIRPS_v2,UCSB-CHG/CHIRPS/DAILY,1991-2020,IBGE_2024
3302304,Laje do Muriaé,RJ,253.53,5,mai,47.580941608356696,OK,1991,2020,30,CHIRPS_v2,UCSB-CHG/CHIRPS/DAILY,1991-2020,IBGE_2024
3300902,Cambuci,RJ,558.281,5,mai,44.60636938794841,OK,1991,2020,30,CHIRPS_v2,UCSB-CHG/CHIRPS/DAILY,1991-2020,IBGE_2024
3300159,Aperibé,RJ,94.542,5,mai,49.08063338697665,OK,1991,2020,30,CHIRPS_v2,UCSB-CHG/CHIRPS/DAILY,1991-2020,IBGE_2024
3304706,Santo Antônio de Pádua,RJ,603.633,5,mai,39.09968414270526,OK,1991,2020,30,CHIRPS_v2,UCSB-CHG/CHIRPS/DAILY,1991-2020,IBGE_2024
3303005,Miracema,RJ,303.27,5,mai,40.3885094387149,OK,1991,2020,30,CHIRPS_v2,UCSB-CHG/CHIRPS/DAILY,1991-2020,IBGE_2024
3302106,Itaocara,RJ,433.182,5,mai,45.70620079256991,OK,1991,2020,30,CHIRPS_v2,UCSB-CHG/CHIRPS/DAILY,1991-2020,IBGE_2024
3300704,Cabo Frio,RJ,413.449,5,mai,78.929877085184,OK,1991,2020,30,CHIRPS_v2,UCSB-CHG/CHIRPS/DAILY,1991-2020,IBGE_2024
3300209,Araruama,RJ,638.276,5,mai,82.79247094046787,OK,1991,2020,30,CHIRPS_v2,UCSB-CHG/CHIRPS/DAILY,1991-2020,IBGE_2024
3300258,Arraial do Cabo,RJ,152.106,5,mai,51.138427938176186,OK,1991,2020,30,CHIRPS_v2,UCSB-CHG/CHIRPS/DAILY,1991-2020,IBGE_2024
3300233,Armação dos Búzios,RJ,70.977,5,mai,84.11574677369012,OK,1991,2020,30,CHIRPS_v2,UCSB-CHG/CHIRPS/DAILY,1991-2020,IBGE_2024
3305208,São Pedro da Aldeia,RJ,332.488,5,mai,88.58376125112474,OK,1991,2020,30,CHIRPS_v2,UCSB-CHG/CHIRPS/DAILY,1991-2020,IBGE_2024
3301876,Iguaba Grande,RJ,50.977,5,mai,104.01823489323321,OK,1991,2020,30,CHIRPS_v2,UCSB-CHG/CHIRPS/DAILY,1991-2020,IBGE_2024
3301405,Conceição de Macabu,RJ,338.26,5,mai,70.09088195364126,OK,1991,2020,30,CHIRPS_v2,UCSB-CHG/CHIRPS/DAILY,1991-2020,IBGE_2024
3301306,Casimiro de Abreu,RJ,462.918,5,mai,81.7350692171382,OK,1991,2020,30,CHIRPS_v2,UCSB-CHG/CHIRPS/DAILY,1991-2020,IBGE_2024
3304524,Rio das Ostras,RJ,228.044,5,mai,83.27778141089772,OK,1991,2020,30,CHIRPS_v2,UCSB-CHG/CHIRPS/DAILY,1991-2020,IBGE_2024
3302403,Macaé,RJ,1216.989,5,mai,73.23351502969109,OK,1991,2020,30,CHIRPS_v2,UCSB-CHG/CHIRPS/DAILY,1991-2020,IBGE_2024
3300936,Carapebus,RJ,304.884,5,mai,72.83175493884106,OK,1991,2020,30,CHIRPS_v2,UCSB-CHG/CHIRPS/DAILY,1991-2020,IBGE_2024
3304151,Quissamã,RJ,719.643,5,mai,63.281082285138424,OK,1991,2020,30,CHIRPS_v2,UCSB-CHG/CHIRPS/DAILY,1991-2020,IBGE_2024
3555406,Ubatuba,SP,708.246,5,mai,106.15235691725134,OK,1991,2020,30,CHIRPS_v2,UCSB-CHG/CHIRPS/DAILY,1991-2020,IBGE_2024
3527207,Lorena,SP,414.16,5,mai,47.14585899672252,OK,1991,2020,30,CHIRPS_v2,UCSB-CHG/CHIRPS/DAILY,1991-2020,IBGE_2024
3509957,Canas,SP,53.261,5,mai,51.93595355436081,OK,1991,2020,30,CHIRPS_v2,UCSB-CHG/CHIRPS/DAILY,1991-2020,IBGE_2024
3513603,Cunha,SP,1407.098,5,mai,58.44314492083148,OK,1991,2020,30,CHIRPS_v2,UCSB-CHG/CHIRPS/DAILY,1991-2020,IBGE_2024
3504909,Bananal,SP,616.934,5,mai,43.89074266240071,OK,1991,2020,30,CHIRPS_v2,UCSB-CHG/CHIRPS/DAILY,1991-2020,IBGE_2024
3513405,Cruzeiro,SP,305.669,5,mai,45.51056092154358,OK,1991,2020,30,CHIRPS_v2,UCSB-CHG/CHIRPS/DAILY,1991-2020,IBGE_2024
3503505,Areias,SP,303.98,5,mai,45.20731874402727,OK,1991,2020,30,CHIRPS_v2,UCSB-CHG/CHIRPS/DAILY,1991-2020,IBGE_2024
3552007,Silveiras,SP,415.038,5,mai,47.62400349255832,OK,1991,2020,30,CHIRPS_v2,UCSB-CHG/CHIRPS/DAILY,1991-2020,IBGE_2024
3503158,Arapeí,SP,156.479,5,mai,40.548541720298964,OK,1991,2020,30,CHIRPS_v2,UCSB-CHG/CHIRPS/DAILY,1991-2020,IBGE_2024
3526605,Lavrinhas,SP,166.948,5,mai,47.479364820061775,OK,1991,2020,30,CHIRPS_v2,UCSB-CHG/CHIRPS/DAILY,1991-2020,IBGE_2024
3541901,Queluz,SP,249.356,5,mai,53.93057215629534,OK,1991,2020,30,CHIRPS_v2,UCSB-CHG/CHIRPS/DAILY,1991-2020,IBGE_2024
3508603,Cachoeira Paulista,SP,288.747,5,mai,49.79477602142436,OK,1991,2020,30,CHIRPS_v2,UCSB-CHG/CHIRPS/DAILY,1991-2020,IBGE_2024
3549607,São José do Barreiro,SP,570.604,5,mai,42.024248922055506,OK,1991,2020,30,CHIRPS_v2,UCSB-CHG/CHIRPS/DAILY,1991-2020,IBGE_2024
1101104,Itapuã do Oeste,RO,4081.555,5,mai,105.58662497429457,OK,1991,2020,30,CHIRPS_v2,UCSB-CHG/CHIRPS/DAILY,1991-2020,IBGE_2024
1100809,Candeias do Jamari,RO,6843.666,5,mai,112.01613150926902,OK,1991,2020,30,CHIRPS_v2,UCSB-CHG/CHIRPS/DAILY,1991-2020,IBGE_2024
1100338,Nova Mamoré,RO,10070.515,5,mai,79.24820169696083,OK,1991,2020,30,CHIRPS_v2,UCSB-CHG/CHIRPS/DAILY,1991-2020,IBGE_2024
1100106,Guajará-Mirim,RO,24856.877,5,mai,74.54760707095879,OK,1991,2020,30,CHIRPS_v2,UCSB-CHG/CHIRPS/DAILY,1991-2020,IBGE_2024
1100205,Porto Velho,RO,34090.463,5,mai,108.29904067266587,OK,1991,2020,30,CHIRPS_v2,UCSB-CHG/CHIRPS/DAILY,1991-2020,IBGE_2024
1100940,Cujubim,RO,3863.948,5,mai,107.49353627494912,OK,1991,2020,30,CHIRPS_v2,UCSB-CHG/CHIRPS/DAILY,1991-2020,IBGE_2024
1100601,Cacaulândia,RO,1962.032,5,mai,99.20069004044316,OK,1991,2020,30,CHIRPS_v2,UCSB-CHG/CHIRPS/DAILY,1991-2020,IBGE_2024
1100403,Alto Paraíso,RO,2652.03,5,mai,106.59094495945425,OK,1991,2020,30,CHIRPS_v2,UCSB-CHG/CHIRPS/DAILY,1991-2020,IBGE_2024
1100452,Buritis,RO,3265.811,5,mai,96.52815303007158,OK,1991,2020,30,CHIRPS_v2,UCSB-CHG/CHIRPS/DAILY,1991-2020,IBGE_2024
1100700,Campo Novo de Rondônia,RO,3442.005,5,mai,83.04016011268013,OK,1991,2020,30,CHIRPS_v2,UCSB-CHG/CHIRPS/DAILY,1991-2020,IBGE_2024
1100023,Ariquemes,RO,4426.127,5,mai,96.42202804145627,OK,1991,2020,30,CHIRPS_v2,UCSB-CHG/CHIRPS/DAILY,1991-2020,IBGE_2024
1100262,Rio Crespo,RO,1717.64,5,mai,101.43924281912186,OK,1991,2020,30,CHIRPS_v2,UCSB-CHG/CHIRPS/DAILY,1991-2020,IBGE_2024
1101401,Monte Negro,RO,1931.404,5,mai,97.443269209369,OK,1991,2020,30,CHIRPS_v2,UCSB-CHG/CHIRPS/DAILY,1991-2020,IBGE_2024
1101757,Vale do Anari,RO,3135.107,5,mai,92.31143053768295,OK,1991,2020,30,CHIRPS_v2,UCSB-CHG/CHIRPS/DAILY,1991-2020,IBGE_2024
1101005,Governador Jorge Teixeira,RO,5067.386,5,mai,85.10228962428654,OK,1991,2020,30,CHIRPS_v2,UCSB-CHG/CHIRPS/DAILY,1991-2020,IBGE_2024
1100130,Machadinho D'Oeste,RO,8509.166,5,mai,100.47319381539904,OK,1991,2020,30,CHIRPS_v2,UCSB-CHG/CHIRPS/DAILY,1991-2020,IBGE_2024
1100114,Jaru,RO,2944.126,5,mai,82.20499602427148,OK,1991,2020,30,CHIRPS_v2,UCSB-CHG/CHIRPS/DAILY,1991-2020,IBGE_2024
1101609,Theobroma,RO,2197.412,5,mai,92.55677464282812,OK,1991,2020,30,CHIRPS_v2,UCSB-CHG/CHIRPS/DAILY,1991-2020,IBGE_2024
1101708,Urupá,RO,831.855,5,mai,77.84182330914106,OK,1991,2020,30,CHIRPS_v2,UCSB-CHG/CHIRPS/DAILY,1991-2020,IBGE_2024
1101302,Mirante da Serra,RO,1191.875,5,mai,74.46938838598508,OK,1991,2020,30,CHIRPS_v2,UCSB-CHG/CHIRPS/DAILY,1991-2020,IBGE_2024
1100080,Costa Marques,RO,4987.159,5,mai,63.35758453030039,OK,1991,2020,30,CHIRPS_v2,UCSB-CHG/CHIRPS/DAILY,1991-2020,IBGE_2024
1100254,Presidente Médici,RO,1758.464,5,mai,71.16013564937546,OK,1991,2020,30,CHIRPS_v2,UCSB-CHG/CHIRPS/DAILY,1991-2020,IBGE_2024
1100346,Alvorada D'Oeste,RO,3029.193,5,mai,71.55192308173419,OK,1991,2020,30,CHIRPS_v2,UCSB-CHG/CHIRPS/DAILY,1991-2020,IBGE_2024
1100320,São Miguel do Guaporé,RO,6789.605,5,mai,78.35910796988317,OK,1991,2020,30,CHIRPS_v2,UCSB-CHG/CHIRPS/DAILY,1991-2020,IBGE_2024
1100155,Ouro Preto do Oeste,RO,1969.878,5,mai,80.08627211815093,OK,1991,2020,30,CHIRPS_v2,UCSB-CHG/CHIRPS/DAILY,1991-2020,IBGE_2024
1100122,Ji-Paraná,RO,6896.649,5,mai,80.76177143775915,OK,1991,2020,30,CHIRPS_v2,UCSB-CHG/CHIRPS/DAILY,1991-2020,IBGE_2024
1101559,Teixeirópolis,RO,459.933,5,mai,73.94098692263516,OK,1991,2020,30,CHIRPS_v2,UCSB-CHG/CHIRPS/DAILY,1991-2020,IBGE_2024
1101435,Nova União,RO,807.17,5,mai,73.46577298821695,OK,1991,2020,30,CHIRPS_v2,UCSB-CHG/CHIRPS/DAILY,1991-2020,IBGE_2024
1101500,Seringueiras,RO,4443.991,5,mai,76.5076328792153,OK,1991,2020,30,CHIRPS_v2,UCSB-CHG/CHIRPS/DAILY,1991-2020,IBGE_2024
1101492,São Francisco do Guaporé,RO,10948.637,5,mai,67.14059937256674,OK,1991,2020,30,CHIRPS_v2,UCSB-CHG/CHIRPS/DAILY,1991-2020,IBGE_2024
1101807,Vale do Paraíso,RO,965.661,5,mai,84.35947111096073,OK,1991,2020,30,CHIRPS_v2,UCSB-CHG/CHIRPS/DAILY,1991-2020,IBGE_2024
1100908,Castanheiras,RO,892.841,5,mai,65.69024246009334,OK,1991,2020,30,CHIRPS_v2,UCSB-CHG/CHIRPS/DAILY,1991-2020,IBGE_2024
1101203,Ministro Andreazza,RO,798.083,5,mai,72.2531547809258,OK,1991,2020,30,CHIRPS_v2,UCSB-CHG/CHIRPS/DAILY,1991-2020,IBGE_2024
1100502,Novo Horizonte do Oeste,RO,843.446,5,mai,63.44343214231936,OK,1991,2020,30,CHIRPS_v2,UCSB-CHG/CHIRPS/DAILY,1991-2020,IBGE_2024
1100379,Alto Alegre dos Parecis,RO,3958.273,5,mai,67.24146171229945,OK,1991,2020,30,CHIRPS_v2,UCSB-CHG/CHIRPS/DAILY,1991-2020,IBGE_2024
1100015,Alta Floresta D'Oeste,RO,7067.127,5,mai,68.46920580179976,OK,1991,2020,30,CHIRPS_v2,UCSB-CHG/CHIRPS/DAILY,1991-2020,IBGE_2024
1100098,Espigão D'Oeste,RO,4518.039,5,mai,65.39895419979551,OK,1991,2020,30,CHIRPS_v2,UCSB-CHG/CHIRPS/DAILY,1991-2020,IBGE_2024
1100049,Cacoal,RO,3792.998,5,mai,64.84987020014907,OK,1991,2020,30,CHIRPS_v2,UCSB-CHG/CHIRPS/DAILY,1991-2020,IBGE_2024
1100288,Rolim de Moura,RO,1457.811,5,mai,62.779603483115935,OK,1991,2020,30,CHIRPS_v2,UCSB-CHG/CHIRPS/DAILY,1991-2020,IBGE_2024
1100296,Santa Luzia D'Oeste,RO,1197.796,5,mai,70.321083164944,OK,1991,2020,30,CHIRPS_v2,UCSB-CHG/CHIRPS/DAILY,1991-2020,IBGE_2024
1100148,Nova Brasilândia D'Oeste,RO,1703.008,5,mai,69.37056421104457,OK,1991,2020,30,CHIRPS_v2,UCSB-CHG/CHIRPS/DAILY,1991-2020,IBGE_2024
1100189,Pimenta Bueno,RO,6241.017,5,mai,74.18320368295197,OK,1991,2020,30,CHIRPS_v2,UCSB-CHG/CHIRPS/DAILY,1991-2020,IBGE_2024
1101484,São Felipe D'Oeste,RO,541.648,5,mai,69.37665340971202,OK,1991,2020,30,CHIRPS_v2,UCSB-CHG/CHIRPS/DAILY,1991-2020,IBGE_2024
1101476,Primavera de Rondônia,RO,605.692,5,mai,71.60851566850937,OK,1991,2020,30,CHIRPS_v2,UCSB-CHG/CHIRPS/DAILY,1991-2020,IBGE_2024
1101450,Parecis,RO,2548.683,5,mai,78.11861404602813,OK,1991,2020,30,CHIRPS_v2,UCSB-CHG/CHIRPS/DAILY,1991-2020,IBGE_2024
1100924,Chupinguaia,RO,5117.301,5,mai,78.28876806157889,OK,1991,2020,30,CHIRPS_v2,UCSB-CHG/CHIRPS/DAILY,1991-2020,IBGE_2024
1100031,Cabixi,RO,1314.352,5,mai,78.74997212987854,OK,1991,2020,30,CHIRPS_v2,UCSB-CHG/CHIRPS/DAILY,1991-2020,IBGE_2024
1100072,Corumbiara,RO,3060.321,5,mai,71.03295642919639,OK,1991,2020,30,CHIRPS_v2,UCSB-CHG/CHIRPS/DAILY,1991-2020,IBGE_2024
1100064,Colorado do Oeste,RO,1451.062,5,mai,76.73436116058792,OK,1991,2020,30,CHIRPS_v2,UCSB-CHG/CHIRPS/DAILY,1991-2020,IBGE_2024
1100056,Cerejeiras,RO,2783.297,5,mai,69.68599071525036,OK,1991,2020,30,CHIRPS_v2,UCSB-CHG/CHIRPS/DAILY,1991-2020,IBGE_2024
1100304,Vilhena,RO,11708.569,5,mai,72.1794620568355,OK,1991,2020,30,CHIRPS_v2,UCSB-CHG/CHIRPS/DAILY,1991-2020,IBGE_2024
1101468,Pimenteiras do Oeste,RO,6014.733,5,mai,70.42367312956054,OK,1991,2020,30,CHIRPS_v2,UCSB-CHG/CHIRPS/DAILY,1991-2020,IBGE_2024
1200013,Acrelândia,AC,1811.612,5,mai,98.05013083435884,OK,1991,2020,30,CHIRPS_v2,UCSB-CHG/CHIRPS/DAILY,1991-2020,IBGE_2024
1303569,Rio Preto da Eva,AM,5812.425,5,mai,262.3919525267834,OK,1991,2020,30,CHIRPS_v2,UCSB-CHG/CHIRPS/DAILY,1991-2020,IBGE_2024
1301852,Iranduba,AM,2331.676,5,mai,225.9495605562026,OK,1991,2020,30,CHIRPS_v2,UCSB-CHG/CHIRPS/DAILY,1991-2020,IBGE_2024
1302603,Manaus,AM,11278.893,5,mai,267.63346949503364,OK,1991,2020,30,CHIRPS_v2,UCSB-CHG/CHIRPS/DAILY,1991-2020,IBGE_2024
1303106,Nova Olinda do Norte,AM,5573.414,5,mai,239.50030648549236,OK,1991,2020,30,CHIRPS_v2,UCSB-CHG/CHIRPS/DAILY,1991-2020,IBGE_2024
1302553,Manaquiri,AM,4016.877,5,mai,256.2954365751126,OK,1991,2020,30,CHIRPS_v2,UCSB-CHG/CHIRPS/DAILY,1991-2020,IBGE_2024
1301100,Careiro,AM,6100.302,5,mai,249.83622119248798,OK,1991,2020,30,CHIRPS_v2,UCSB-CHG/CHIRPS/DAILY,1991-2020,IBGE_2024
1301159,Careiro da Várzea,AM,2655.729,5,mai,226.37039756993443,OK,1991,2020,30,CHIRPS_v2,UCSB-CHG/CHIRPS/DAILY,1991-2020,IBGE_2024
1300805,Borba,AM,44644.015,5,mai,236.10855111607282,OK,1991,2020,30,CHIRPS_v2,UCSB-CHG/CHIRPS/DAILY,1991-2020,IBGE_2024
1300300,Autazes,AM,7564.727,5,mai,234.0437632235577,OK,1991,2020,30,CHIRPS_v2,UCSB-CHG/CHIRPS/DAILY,1991-2020,IBGE_2024
1301209,Coari,AM,57894.132,5,mai,233.11208301609355,OK,1991,2020,30,CHIRPS_v2,UCSB-CHG/CHIRPS/DAILY,1991-2020,IBGE_2024
1301308,Codajás,AM,19038.052,5,mai,279.225141561898,OK,1991,2020,30,CHIRPS_v2,UCSB-CHG/CHIRPS/DAILY,1991-2020,IBGE_2024
1300631,Beruri,AM,17415.813,5,mai,244.90620162347682,OK,1991,2020,30,CHIRPS_v2,UCSB-CHG/CHIRPS/DAILY,1991-2020,IBGE_2024
1300102,Anori,AM,6084.881,5,mai,244.53816723147997,OK,1991,2020,30,CHIRPS_v2,UCSB-CHG/CHIRPS/DAILY,1991-2020,IBGE_2024
1303205,Novo Airão,AM,37755.384,5,mai,299.33604199425884,OK,1991,2020,30,CHIRPS_v2,UCSB-CHG/CHIRPS/DAILY,1991-2020,IBGE_2024
1302504,Manacapuru,AM,7318.909,5,mai,225.35736026871496,OK,1991,2020,30,CHIRPS_v2,UCSB-CHG/CHIRPS/DAILY,1991-2020,IBGE_2024
1300839,Caapiranga,AM,9743.918,5,mai,263.4270537974727,OK,1991,2020,30,CHIRPS_v2,UCSB-CHG/CHIRPS/DAILY,1991-2020,IBGE_2024
1300086,Anamã,AM,2382.521,5,mai,258.8795667133103,OK,1991,2020,30,CHIRPS_v2,UCSB-CHG/CHIRPS/DAILY,1991-2020,IBGE_2024
1304260,Uarini,AM,10323.306,5,mai,304.6044766153416,OK,1991,2020,30,CHIRPS_v2,UCSB-CHG/CHIRPS/DAILY,1991-2020,IBGE_2024
1304203,Tefé,AM,23835.224,5,mai,248.12793986816877,OK,1991,2020,30,CHIRPS_v2,UCSB-CHG/CHIRPS/DAILY,1991-2020,IBGE_2024
1301605,Fonte Boa,AM,12163.987,5,mai,321.5563264754796,OK,1991,2020,30,CHIRPS_v2,UCSB-CHG/CHIRPS/DAILY,1991-2020,IBGE_2024
1302801,Maraã,AM,16805.602,5,mai,328.1936664972491,OK,1991,2020,30,CHIRPS_v2,UCSB-CHG/CHIRPS/DAILY,1991-2020,IBGE_2024
1302207,Juruá,AM,19300.464,5,mai,281.4266590458072,OK,1991,2020,30,CHIRPS_v2,UCSB-CHG/CHIRPS/DAILY,1991-2020,IBGE_2024
1300029,Alvarães,AM,5964.611,5,mai,279.70184047370617,OK,1991,2020,30,CHIRPS_v2,UCSB-CHG/CHIRPS/DAILY,1991-2020,IBGE_2024
1300904,Canutama,AM,33671.791,5,mai,153.71759416920048,OK,1991,2020,30,CHIRPS_v2,UCSB-CHG/CHIRPS/DAILY,1991-2020,IBGE_2024
1303304,Novo Aripuanã,AM,41382.864,5,mai,179.23247751280624,OK,1991,2020,30,CHIRPS_v2,UCSB-CHG/CHIRPS/DAILY,1991-2020,IBGE_2024
1302702,Manicoré,AM,48429.767,5,mai,189.58954372240788,OK,1991,2020,30,CHIRPS_v2,UCSB-CHG/CHIRPS/DAILY,1991-2020,IBGE_2024
1301704,Humaitá,AM,33113.788,5,mai,148.1256583528074,OK,1991,2020,30,CHIRPS_v2,UCSB-CHG/CHIRPS/DAILY,1991-2020,IBGE_2024
1300144,Apuí,AM,53617.189,5,mai,143.09886854292802,OK,1991,2020,30,CHIRPS_v2,UCSB-CHG/CHIRPS/DAILY,1991-2020,IBGE_2024
1303403,Parintins,AM,6044.053,5,mai,263.62931089427383,OK,1991,2020,30,CHIRPS_v2,UCSB-CHG/CHIRPS/DAILY,1991-2020,IBGE_2024
1302900,Maués,AM,39973.673,5,mai,224.41925139314762,OK,1991,2020,30,CHIRPS_v2,UCSB-CHG/CHIRPS/DAILY,1991-2020,IBGE_2024
1300680,Boa Vista do Ramos,AM,2613.997,5,mai,253.60094905674276,OK,1991,2020,30,CHIRPS_v2,UCSB-CHG/CHIRPS/DAILY,1991-2020,IBGE_2024
1300508,Barreirinha,AM,5658.561,5,mai,257.3809198718733,OK,1991,2020,30,CHIRPS_v2,UCSB-CHG/CHIRPS/DAILY,1991-2020,IBGE_2024
1304401,Urucurituba,AM,2897.547,5,mai,233.06283054934295,OK,1991,2020,30,CHIRPS_v2,UCSB-CHG/CHIRPS/DAILY,1991-2020,IBGE_2024
1304005,Silves,AM,3723.18,5,mai,226.56930846634336,OK,1991,2020,30,CHIRPS_v2,UCSB-CHG/CHIRPS/DAILY,1991-2020,IBGE_2024
1303957,São Sebastião do Uatumã,AM,10712.222,5,mai,282.13869092575356,OK,1991,2020,30,CHIRPS_v2,UCSB-CHG/CHIRPS/DAILY,1991-2020,IBGE_2024
1302009,Itapiranga,AM,4287.62,5,mai,243.89077591573542,OK,1991,2020,30,CHIRPS_v2,UCSB-CHG/CHIRPS/DAILY,1991-2020,IBGE_2024
1301902,Itacoatiara,AM,8882.186,5,mai,227.60627389069455,OK,1991,2020,30,CHIRPS_v2,UCSB-CHG/CHIRPS/DAILY,1991-2020,IBGE_2024
1502756,Concórdia do Pará,PA,700.614,5,mai,322.00213467272874,OK,1991,2020,30,CHIRPS_v2,UCSB-CHG/CHIRPS/DAILY,1991-2020,IBGE_2024
1502608,Colares,PA,384.068,5,mai,343.92727577879367,OK,1991,2020,30,CHIRPS_v2,UCSB-CHG/CHIRPS/DAILY,1991-2020,IBGE_2024
1501907,Bujaru,PA,994.662,5,mai,306.5132042936348,OK,1991,2020,30,CHIRPS_v2,UCSB-CHG/CHIRPS/DAILY,1991-2020,IBGE_2024
1501402,Belém,PA,1059.458,5,mai,321.0823898300411,OK,1991,2020,30,CHIRPS_v2,UCSB-CHG/CHIRPS/DAILY,1991-2020,IBGE_2024
1501501,Benevides,PA,187.826,5,mai,308.9963057916493,OK,1991,2020,30,CHIRPS_v2,UCSB-CHG/CHIRPS/DAILY,1991-2020,IBGE_2024
1501303,Barcarena,PA,1310.338,5,mai,308.8835085954646,OK,1991,2020,30,CHIRPS_v2,UCSB-CHG/CHIRPS/DAILY,1991-2020,IBGE_2024
1500800,Ananindeua,PA,190.59,5,mai,315.01767896356387,OK,1991,2020,30,CHIRPS_v2,UCSB-CHG/CHIRPS/DAILY,1991-2020,IBGE_2024
1508001,Tomé-Açu,PA,5145.361,5,mai,297.754354156651,OK,1991,2020,30,CHIRPS_v2,UCSB-CHG/CHIRPS/DAILY,1991-2020,IBGE_2024
1500206,Acará,PA,4344.387,5,mai,312.00640726840874,OK,1991,2020,30,CHIRPS_v2,UCSB-CHG/CHIRPS/DAILY,1991-2020,IBGE_2024
1508209,Vigia,PA,401.87,5,mai,346.2408854931766,OK,1991,2020,30,CHIRPS_v2,UCSB-CHG/CHIRPS/DAILY,1991-2020,IBGE_2024
1507102,São Caetano de Odivelas,PA,463.883,5,mai,352.04083072654964,OK,1991,2020,30,CHIRPS_v2,UCSB-CHG/CHIRPS/DAILY,1991-2020,IBGE_2024
1507003,Santo Antônio do Tauá,PA,537.619,5,mai,329.56675613664765,OK,1991,2020,30,CHIRPS_v2,UCSB-CHG/CHIRPS/DAILY,1991-2020,IBGE_2024
1506500,Santa Izabel do Pará,PA,717.662,5,mai,307.99536065092946,OK,1991,2020,30,CHIRPS_v2,UCSB-CHG/CHIRPS/DAILY,1991-2020,IBGE_2024
1506351,Santa Bárbara do Pará,PA,278.154,5,mai,322.6811110474862,OK,1991,2020,30,CHIRPS_v2,UCSB-CHG/CHIRPS/DAILY,1991-2020,IBGE_2024
1504422,Marituba,PA,103.214,5,mai,306.58346080917795,OK,1991,2020,30,CHIRPS_v2,UCSB-CHG/CHIRPS/DAILY,1991-2020,IBGE_2024
1502103,Cametá,PA,3082.19,5,mai,318.0868865620753,OK,1991,2020,30,CHIRPS_v2,UCSB-CHG/CHIRPS/DAILY,1991-2020,IBGE_2024
1505205,Oeiras do Pará,PA,3852.291,5,mai,320.73855405811435,OK,1991,2020,30,CHIRPS_v2,UCSB-CHG/CHIRPS/DAILY,1991-2020,IBGE_2024
1504604,Mocajuba,PA,871.168,5,mai,306.92599069042524,OK,1991,2020,30,CHIRPS_v2,UCSB-CHG/CHIRPS/DAILY,1991-2020,IBGE_2024
1504000,Limoeiro do Ajuru,PA,1489.356,5,mai,315.9339722772569,OK,1991,2020,30,CHIRPS_v2,UCSB-CHG/CHIRPS/DAILY,1991-2020,IBGE_2024
1507953,Tailândia,PA,4430.477,5,mai,273.5081873461104,OK,1991,2020,30,CHIRPS_v2,UCSB-CHG/CHIRPS/DAILY,1991-2020,IBGE_2024
1500107,Abaetetuba,PA,1610.645,5,mai,305.5170346642942,OK,1991,2020,30,CHIRPS_v2,UCSB-CHG/CHIRPS/DAILY,1991-2020,IBGE_2024
1504703,Moju,PA,9094.14,5,mai,289.7802324591146,OK,1991,2020,30,CHIRPS_v2,UCSB-CHG/CHIRPS/DAILY,1991-2020,IBGE_2024
1503309,Igarapé-Miri,PA,1996.798,5,mai,313.934567855572,OK,1991,2020,30,CHIRPS_v2,UCSB-CHG/CHIRPS/DAILY,1991-2020,IBGE_2024
1507961,Terra Alta,PA,204.971,5,mai,332.6831536970379,OK,1991,2020,30,CHIRPS_v2,UCSB-CHG/CHIRPS/DAILY,1991-2020,IBGE_2024
1507607,São Miguel do Guamá,PA,1094.57,5,mai,308.89984941124857,OK,1991,2020,30,CHIRPS_v2,UCSB-CHG/CHIRPS/DAILY,1991-2020,IBGE_2024
1507409,São Francisco do Pará,PA,479.441,5,mai,317.84214807305415,OK,1991,2020,30,CHIRPS_v2,UCSB-CHG/CHIRPS/DAILY,1991-2020,IBGE_2024
1507466,São João da Ponta,PA,195.918,5,mai,350.558750919189,OK,1991,2020,30,CHIRPS_v2,UCSB-CHG/CHIRPS/DAILY,1991-2020,IBGE_2024
1507201,São Domingos do Capim,PA,1686.672,5,mai,320.7610451508753,OK,1991,2020,30,CHIRPS_v2,UCSB-CHG/CHIRPS/DAILY,1991-2020,IBGE_2024
1506609,Santa Maria do Pará,PA,457.724,5,mai,312.75745148870965,OK,1991,2020,30,CHIRPS_v2,UCSB-CHG/CHIRPS/DAILY,1991-2020,IBGE_2024
1504406,Marapanim,PA,804.625,5,mai,345.02770681419884,OK,1991,2020,30,CHIRPS_v2,UCSB-CHG/CHIRPS/DAILY,1991-2020,IBGE_2024
1504307,Maracanã,PA,807.628,5,mai,346.63375512372403,OK,1991,2020,30,CHIRPS_v2,UCSB-CHG/CHIRPS/DAILY,1991-2020,IBGE_2024
1504109,Magalhães Barata,PA,323.984,5,mai,346.99182355658024,OK,1991,2020,30,CHIRPS_v2,UCSB-CHG/CHIRPS/DAILY,1991-2020,IBGE_2024
1503507,Irituia,PA,1385.209,5,mai,311.5317902236018,OK,1991,2020,30,CHIRPS_v2,UCSB-CHG/CHIRPS/DAILY,1991-2020,IBGE_2024
1503408,Inhangapi,PA,472.599,5,mai,306.0841552151656,OK,1991,2020,30,CHIRPS_v2,UCSB-CHG/CHIRPS/DAILY,1991-2020,IBGE_2024
1502905,Curuçá,PA,676.321,5,mai,361.4102026572307,OK,1991,2020,30,CHIRPS_v2,UCSB-CHG/CHIRPS/DAILY,1991-2020,IBGE_2024
1503200,Igarapé-Açu,PA,785.983,5,mai,325.61984221515337,OK,1991,2020,30,CHIRPS_v2,UCSB-CHG/CHIRPS/DAILY,1991-2020,IBGE_2024
1502400,Castanhal,PA,1029.3,5,mai,312.9263268429577,OK,1991,2020,30,CHIRPS_v2,UCSB-CHG/CHIRPS/DAILY,1991-2020,IBGE_2024
1501956,Cachoeira do Piriá,PA,2419.6,5,mai,287.3585973190067,OK,1991,2020,30,CHIRPS_v2,UCSB-CHG/CHIRPS/DAILY,1991-2020,IBGE_2024
1501709,Bragança,PA,2124.736,5,mai,335.8150134889122,OK,1991,2020,30,CHIRPS_v2,UCSB-CHG/CHIRPS/DAILY,1991-2020,IBGE_2024
1500909,Augusto Corrêa,PA,1099.58,5,mai,316.5844492581056,OK,1991,2020,30,CHIRPS_v2,UCSB-CHG/CHIRPS/DAILY,1991-2020,IBGE_2024
1508035,Tracuateua,PA,868.03,5,mai,339.3212475048826,OK,1991,2020,30,CHIRPS_v2,UCSB-CHG/CHIRPS/DAILY,1991-2020,IBGE_2024
1508308,Viseu,PA,4972.936,5,mai,298.28584705759476,OK,1991,2020,30,CHIRPS_v2,UCSB-CHG/CHIRPS/DAILY,1991-2020,IBGE_2024
1506559,Santa Luzia do Pará,PA,1346.502,5,mai,317.66838494112477,OK,1991,2020,30,CHIRPS_v2,UCSB-CHG/CHIRPS/DAILY,1991-2020,IBGE_2024
1502202,Capanema,PA,621.476,5,mai,335.5096108057579,OK,1991,2020,30,CHIRPS_v2,UCSB-CHG/CHIRPS/DAILY,1991-2020,IBGE_2024
1501600,Bonito,PA,586.977,5,mai,313.9672971594208,OK,1991,2020,30,CHIRPS_v2,UCSB-CHG/CHIRPS/DAILY,1991-2020,IBGE_2024
1507474,São João de Pirabas,PA,668.058,5,mai,352.3451427985332,OK,1991,2020,30,CHIRPS_v2,UCSB-CHG/CHIRPS/DAILY,1991-2020,IBGE_2024
1506906,Santarém Novo,PA,229.51,5,mai,347.5641304580073,OK,1991,2020,30,CHIRPS_v2,UCSB-CHG/CHIRPS/DAILY,1991-2020,IBGE_2024
1506112,Quatipuru,PA,302.586,5,mai,342.31136811674827,OK,1991,2020,30,CHIRPS_v2,UCSB-CHG/CHIRPS/DAILY,1991-2020,IBGE_2024
1506104,Primavera,PA,259.331,5,mai,341.75733440324404,OK,1991,2020,30,CHIRPS_v2,UCSB-CHG/CHIRPS/DAILY,1991-2020,IBGE_2024
1506203,Salinópolis,PA,226.12,5,mai,356.21921756048425,OK,1991,2020,30,CHIRPS_v2,UCSB-CHG/CHIRPS/DAILY,1991-2020,IBGE_2024
1505601,Peixe-Boi,PA,450.224,5,mai,332.6319959834262,OK,1991,2020,30,CHIRPS_v2,UCSB-CHG/CHIRPS/DAILY,1991-2020,IBGE_2024
1505007,Nova Timboteua,PA,489.852,5,mai,327.3161405979422,OK,1991,2020,30,CHIRPS_v2,UCSB-CHG/CHIRPS/DAILY,1991-2020,IBGE_2024
1500958,Aurora do Pará,PA,1811.933,5,mai,314.84676620041324,OK,1991,2020,30,CHIRPS_v2,UCSB-CHG/CHIRPS/DAILY,1991-2020,IBGE_2024
1508126,Ulianópolis,PA,5088.468,5,mai,171.4582200341144,OK,1991,2020,30,CHIRPS_v2,UCSB-CHG/CHIRPS/DAILY,1991-2020,IBGE_2024
1505502,Paragominas,PA,19342.565,5,mai,230.48456823144357,OK,1991,2020,30,CHIRPS_v2,UCSB-CHG/CHIRPS/DAILY,1991-2020,IBGE_2024
1504059,Mãe do Rio,PA,469.341,5,mai,318.089931271389,OK,1991,2020,30,CHIRPS_v2,UCSB-CHG/CHIRPS/DAILY,1991-2020,IBGE_2024
1503457,Ipixuna do Pará,PA,5215.555,5,mai,283.7426052933621,OK,1991,2020,30,CHIRPS_v2,UCSB-CHG/CHIRPS/DAILY,1991-2020,IBGE_2024
1502939,Dom Eliseu,PA,5268.809,5,mai,169.81186596281907,OK,1991,2020,30,CHIRPS_v2,UCSB-CHG/CHIRPS/DAILY,1991-2020,IBGE_2024
1505403,Ourém,PA,561.71,5,mai,318.018117203793,OK,1991,2020,30,CHIRPS_v2,UCSB-CHG/CHIRPS/DAILY,1991-2020,IBGE_2024
1504950,Nova Esperança do Piriá,PA,2808.195,5,mai,292.035388038149,OK,1991,2020,30,CHIRPS_v2,UCSB-CHG/CHIRPS/DAILY,1991-2020,IBGE_2024
1503077,Garrafão do Norte,PA,1608.014,5,mai,312.3468764664484,OK,1991,2020,30,CHIRPS_v2,UCSB-CHG/CHIRPS/DAILY,1991-2020,IBGE_2024
1502301,Capitão Poço,PA,2901.026,5,mai,314.2445914365385,OK,1991,2020,30,CHIRPS_v2,UCSB-CHG/CHIRPS/DAILY,1991-2020,IBGE_2024
1501758,Brejo Grande do Araguaia,PA,1288.473,5,mai,107.9105922943209,OK,1991,2020,30,CHIRPS_v2,UCSB-CHG/CHIRPS/DAILY,1991-2020,IBGE_2024
1501576,Bom Jesus do Tocantins,PA,2816.608,5,mai,135.53406284083817,OK,1991,2020,30,CHIRPS_v2,UCSB-CHG/CHIRPS/DAILY,1991-2020,IBGE_2024
1500131,Abel Figueiredo,PA,614.127,5,mai,147.16615956893517,OK,1991,2020,30,CHIRPS_v2,UCSB-CHG/CHIRPS/DAILY,1991-2020,IBGE_2024
1507458,São Geraldo do Araguaia,PA,3168.387,5,mai,119.01858926361349,OK,1991,2020,30,CHIRPS_v2,UCSB-CHG/CHIRPS/DAILY,1991-2020,IBGE_2024
1507508,São João do Araguaia,PA,1279.889,5,mai,117.93972398575988,OK,1991,2020,30,CHIRPS_v2,UCSB-CHG/CHIRPS/DAILY,1991-2020,IBGE_2024
1507151,São Domingos do Araguaia,PA,1392.464,5,mai,126.87461260145515,OK,1991,2020,30,CHIRPS_v2,UCSB-CHG/CHIRPS/DAILY,1991-2020,IBGE_2024
1506187,Rondon do Pará,PA,8246.394,5,mai,190.45158610348088,OK,1991,2020,30,CHIRPS_v2,UCSB-CHG/CHIRPS/DAILY,1991-2020,IBGE_2024
1505494,Palestina do Pará,PA,984.362,5,mai,111.22233235352735,OK,1991,2020,30,CHIRPS_v2,UCSB-CHG/CHIRPS/DAILY,1991-2020,IBGE_2024
1505635,Piçarra,PA,3312.709,5,mai,104.55865793618503,OK,1991,2020,30,CHIRPS_v2,UCSB-CHG/CHIRPS/DAILY,1991-2020,IBGE_2024
1504976,Nova Ipixuna,PA,1564.182,5,mai,137.4631848569835,OK,1991,2020,30,CHIRPS_v2,UCSB-CHG/CHIRPS/DAILY,1991-2020,IBGE_2024
1504208,Marabá,PA,15127.872,5,mai,147.52138537841893,OK,1991,2020,30,CHIRPS_v2,UCSB-CHG/CHIRPS/DAILY,1991-2020,IBGE_2024
1503705,Itupiranga,PA,7880.303,5,mai,181.130717473231,OK,1991,2020,30,CHIRPS_v2,UCSB-CHG/CHIRPS/DAILY,1991-2020,IBGE_2024
1503804,Jacundá,PA,2008.333,5,mai,186.01029755763673,OK,1991,2020,30,CHIRPS_v2,UCSB-CHG/CHIRPS/DAILY,1991-2020,IBGE_2024
1502772,Curionópolis,PA,2369.091,5,mai,105.42674382473997,OK,1991,2020,30,CHIRPS_v2,UCSB-CHG/CHIRPS/DAILY,1991-2020,IBGE_2024
1502152,Canaã dos Carajás,PA,3146.748,5,mai,117.30749713601963,OK,1991,2020,30,CHIRPS_v2,UCSB-CHG/CHIRPS/DAILY,1991-2020,IBGE_2024
1505536,Parauapebas,PA,6885.865,5,mai,142.87227336021863,OK,1991,2020,30,CHIRPS_v2,UCSB-CHG/CHIRPS/DAILY,1991-2020,IBGE_2024
1502954,Eldorado do Carajás,PA,2956.69,5,mai,155.5070614498216,OK,1991,2020,30,CHIRPS_v2,UCSB-CHG/CHIRPS/DAILY,1991-2020,IBGE_2024
1501782,Breu Branco,PA,3941.746,5,mai,237.4985048184055,OK,1991,2020,30,CHIRPS_v2,UCSB-CHG/CHIRPS/DAILY,1991-2020,IBGE_2024
1501204,Baião,PA,3760.001,5,mai,278.0200275256033,OK,1991,2020,30,CHIRPS_v2,UCSB-CHG/CHIRPS/DAILY,1991-2020,IBGE_2024
1508100,Tucuruí,PA,2084.276,5,mai,233.21063189712126,OK,1991,2020,30,CHIRPS_v2,UCSB-CHG/CHIRPS/DAILY,1991-2020,IBGE_2024
1505486,Pacajá,PA,11832.318,5,mai,281.93373955201974,OK,1991,2020,30,CHIRPS_v2,UCSB-CHG/CHIRPS/DAILY,1991-2020,IBGE_2024
1505064,Novo Repartimento,PA,15398.735,5,mai,232.74198967032365,OK,1991,2020,30,CHIRPS_v2,UCSB-CHG/CHIRPS/DAILY,1991-2020,IBGE_2024
1503093,Goianésia do Pará,PA,7023.933,5,mai,232.61273020655594,OK,1991,2020,30,CHIRPS_v2,UCSB-CHG/CHIRPS/DAILY,1991-2020,IBGE_2024
1502707,Conceição do Araguaia,PA,5829.482,5,mai,98.69881856229381,OK,1991,2020,30,CHIRPS_v2,UCSB-CHG/CHIRPS/DAILY,1991-2020,IBGE_2024
1502764,Cumaru do Norte,PA,17085.001,5,mai,77.22516712233934,OK,1991,2020,30,CHIRPS_v2,UCSB-CHG/CHIRPS/DAILY,1991-2020,IBGE_2024
1501253,Bannach,PA,2956.649,5,mai,94.33412227878198,OK,1991,2020,30,CHIRPS_v2,UCSB-CHG/CHIRPS/DAILY,1991-2020,IBGE_2024
1506583,Santa Maria das Barreiras,PA,10330.214,5,mai,74.22713357918795,OK,1991,2020,30,CHIRPS_v2,UCSB-CHG/CHIRPS/DAILY,1991-2020,IBGE_2024
1506708,Santana do Araguaia,PA,11591.427,5,mai,58.41047475575396,OK,1991,2020,30,CHIRPS_v2,UCSB-CHG/CHIRPS/DAILY,1991-2020,IBGE_2024
1506138,Redenção,PA,3823.809,5,mai,94.1191363304301,OK,1991,2020,30,CHIRPS_v2,UCSB-CHG/CHIRPS/DAILY,1991-2020,IBGE_2024
1505551,Pau D'Arco,PA,1671.418,5,mai,104.15428377745748,OK,1991,2020,30,CHIRPS_v2,UCSB-CHG/CHIRPS/DAILY,1991-2020,IBGE_2024
1503044,Floresta do Araguaia,PA,3444.285,5,mai,93.7460716237688,OK,1991,2020,30,CHIRPS_v2,UCSB-CHG/CHIRPS/DAILY,1991-2020,IBGE_2024
1508084,Tucumã,PA,2512.594,5,mai,141.59332939713008,OK,1991,2020,30,CHIRPS_v2,UCSB-CHG/CHIRPS/DAILY,1991-2020,IBGE_2024
1507300,São Félix do Xingu,PA,84212.873,5,mai,118.30307390400208,OK,1991,2020,30,CHIRPS_v2,UCSB-CHG/CHIRPS/DAILY,1991-2020,IBGE_2024
1505437,Ourilândia do Norte,PA,14410.567,5,mai,106.24786671582471,OK,1991,2020,30,CHIRPS_v2,UCSB-CHG/CHIRPS/DAILY,1991-2020,IBGE_2024
1500347,Água Azul do Norte,PA,7113.956,5,mai,128.9687377572914,OK,1991,2020,30,CHIRPS_v2,UCSB-CHG/CHIRPS/DAILY,1991-2020,IBGE_2024
1508407,Xinguara,PA,3779.323,5,mai,105.87654982040567,OK,1991,2020,30,CHIRPS_v2,UCSB-CHG/CHIRPS/DAILY,1991-2020,IBGE_2024
1507755,Sapucaia,PA,1298.195,5,mai,98.13949936223149,OK,1991,2020,30,CHIRPS_v2,UCSB-CHG/CHIRPS/DAILY,1991-2020,IBGE_2024
1506161,Rio Maria,PA,4114.652,5,mai,96.51045387768039,OK,1991,2020,30,CHIRPS_v2,UCSB-CHG/CHIRPS/DAILY,1991-2020,IBGE_2024
1501451,Belterra,PA,4398.419,5,mai,257.65525130587224,OK,1991,2020,30,CHIRPS_v2,UCSB-CHG/CHIRPS/DAILY,1991-2020,IBGE_2024
1506807,Santarém,PA,17900.01,5,mai,280.4797911363447,OK,1991,2020,30,CHIRPS_v2,UCSB-CHG/CHIRPS/DAILY,1991-2020,IBGE_2024
1506005,Prainha,PA,14788.187,5,mai,274.0630405575364,OK,1991,2020,30,CHIRPS_v2,UCSB-CHG/CHIRPS/DAILY,1991-2020,IBGE_2024
1504752,Mojuí dos Campos,PA,4988.239,5,mai,270.27152069585856,OK,1991,2020,30,CHIRPS_v2,UCSB-CHG/CHIRPS/DAILY,1991-2020,IBGE_2024
1501006,Aveiro,PA,17072.657,5,mai,241.0988191192628,OK,1991,2020,30,CHIRPS_v2,UCSB-CHG/CHIRPS/DAILY,1991-2020,IBGE_2024
1508050,Trairão,PA,11991.085,5,mai,200.51052850863007,OK,1991,2020,30,CHIRPS_v2,UCSB-CHG/CHIRPS/DAILY,1991-2020,IBGE_2024
1506195,Rurópolis,PA,7021.322,5,mai,203.05972979454205,OK,1991,2020,30,CHIRPS_v2,UCSB-CHG/CHIRPS/DAILY,1991-2020,IBGE_2024
1505650,Placas,PA,7173.2,5,mai,211.03055833093322,OK,1991,2020,30,CHIRPS_v2,UCSB-CHG/CHIRPS/DAILY,1991-2020,IBGE_2024
1505031,Novo Progresso,PA,38162.004,5,mai,111.63798348006473,OK,1991,2020,30,CHIRPS_v2,UCSB-CHG/CHIRPS/DAILY,1991-2020,IBGE_2024
1503754,Jacareacanga,PA,53308.337,5,mai,147.4928799764218,OK,1991,2020,30,CHIRPS_v2,UCSB-CHG/CHIRPS/DAILY,1991-2020,IBGE_2024
1503606,Itaituba,PA,62042.375,5,mai,181.98552553800667,OK,1991,2020,30,CHIRPS_v2,UCSB-CHG/CHIRPS/DAILY,1991-2020,IBGE_2024
1507979,Terra Santa,PA,1895.883,5,mai,274.4711067394885,OK,1991,2020,30,CHIRPS_v2,UCSB-CHG/CHIRPS/DAILY,1991-2020,IBGE_2024
1503903,Juruti,PA,8305.907,5,mai,293.233377117768,OK,1991,2020,30,CHIRPS_v2,UCSB-CHG/CHIRPS/DAILY,1991-2020,IBGE_2024
1503002,Faro,PA,11771.669,5,mai,333.08228925849875,OK,1991,2020,30,CHIRPS_v2,UCSB-CHG/CHIRPS/DAILY,1991-2020,IBGE_2024
1502855,Curuá,PA,1431.346,5,mai,265.94844863891313,OK,1991,2020,30,CHIRPS_v2,UCSB-CHG/CHIRPS/DAILY,1991-2020,IBGE_2024
1501725,Brasil Novo,PA,6362.562,5,mai,256.3878748066394,OK,1991,2020,30,CHIRPS_v2,UCSB-CHG/CHIRPS/DAILY,1991-2020,IBGE_2024
1500859,Anapu,PA,11895.27,5,mai,260.4023394090013,OK,1991,2020,30,CHIRPS_v2,UCSB-CHG/CHIRPS/DAILY,1991-2020,IBGE_2024
1500602,Altamira,PA,159533.318,5,mai,148.76813634402123,OK,1991,2020,30,CHIRPS_v2,UCSB-CHG/CHIRPS/DAILY,1991-2020,IBGE_2024
1508159,Uruará,PA,10791.402,5,mai,237.33743413394689,OK,1991,2020,30,CHIRPS_v2,UCSB-CHG/CHIRPS/DAILY,1991-2020,IBGE_2024
1508357,Vitória do Xingu,PA,3089.537,5,mai,248.61492281754005,OK,1991,2020,30,CHIRPS_v2,UCSB-CHG/CHIRPS/DAILY,1991-2020,IBGE_2024
1507805,Senador José Porfírio,PA,14419.917,5,mai,273.3378874770329,OK,1991,2020,30,CHIRPS_v2,UCSB-CHG/CHIRPS/DAILY,1991-2020,IBGE_2024
1504455,Medicilândia,PA,8272.629,5,mai,260.3406050885045,OK,1991,2020,30,CHIRPS_v2,UCSB-CHG/CHIRPS/DAILY,1991-2020,IBGE_2024
1505908,Porto de Moz,PA,17422.329,5,mai,296.1943909763903,OK,1991,2020,30,CHIRPS_v2,UCSB-CHG/CHIRPS/DAILY,1991-2020,IBGE_2024
1501808,Breves,PA,9566.495,5,mai,305.476177950544,OK,1991,2020,30,CHIRPS_v2,UCSB-CHG/CHIRPS/DAILY,1991-2020,IBGE_2024
1501105,Bagre,PA,4397.321,5,mai,316.4822839106817,OK,1991,2020,30,CHIRPS_v2,UCSB-CHG/CHIRPS/DAILY,1991-2020,IBGE_2024
1500701,Anajás,PA,6913.86,5,mai,305.23626580512155,OK,1991,2020,30,CHIRPS_v2,UCSB-CHG/CHIRPS/DAILY,1991-2020,IBGE_2024
1507706,São Sebastião da Boa Vista,PA,1632.243,5,mai,305.26874319171924,OK,1991,2020,30,CHIRPS_v2,UCSB-CHG/CHIRPS/DAILY,1991-2020,IBGE_2024
1505809,Portel,PA,25386.158,5,mai,312.8919423343253,OK,1991,2020,30,CHIRPS_v2,UCSB-CHG/CHIRPS/DAILY,1991-2020,IBGE_2024
1504505,Melgaço,PA,6772.778,5,mai,308.22024072976257,OK,1991,2020,30,CHIRPS_v2,UCSB-CHG/CHIRPS/DAILY,1991-2020,IBGE_2024
1502806,Curralinho,PA,3617.355,5,mai,308.0624439791799,OK,1991,2020,30,CHIRPS_v2,UCSB-CHG/CHIRPS/DAILY,1991-2020,IBGE_2024
1503101,Gurupá,PA,8569.663,5,mai,324.84376111149567,OK,1991,2020,30,CHIRPS_v2,UCSB-CHG/CHIRPS/DAILY,1991-2020,IBGE_2024
1502004,Cachoeira do Arari,PA,3100.261,5,mai,349.2811641888218,OK,1991,2020,30,CHIRPS_v2,UCSB-CHG/CHIRPS/DAILY,1991-2020,IBGE_2024
1507904,Soure,PA,2857.349,5,mai,375.8588320472373,OK,1991,2020,30,CHIRPS_v2,UCSB-CHG/CHIRPS/DAILY,1991-2020,IBGE_2024
1506401,Santa Cruz do Arari,PA,1076.652,5,mai,370.3350130990444,OK,1991,2020,30,CHIRPS_v2,UCSB-CHG/CHIRPS/DAILY,1991-2020,IBGE_2024
1506302,Salvaterra,PA,918.563,5,mai,360.2066225883915,OK,1991,2020,30,CHIRPS_v2,UCSB-CHG/CHIRPS/DAILY,1991-2020,IBGE_2024
1505700,Ponta de Pedras,PA,3363.743,5,mai,332.30650067265634,OK,1991,2020,30,CHIRPS_v2,UCSB-CHG/CHIRPS/DAILY,1991-2020,IBGE_2024
1504901,Muaná,PA,3763.13,5,mai,313.5865945053052,OK,1991,2020,30,CHIRPS_v2,UCSB-CHG/CHIRPS/DAILY,1991-2020,IBGE_2024
1600808,Vitória do Jari,AP,2508.979,5,mai,336.76961274178024,OK,1991,2020,30,CHIRPS_v2,UCSB-CHG/CHIRPS/DAILY,1991-2020,IBGE_2024
1718758,Rio Sono,TO,6346.279,5,mai,48.90621562645015,OK,1991,2020,30,CHIRPS_v2,UCSB-CHG/CHIRPS/DAILY,1991-2020,IBGE_2024
1701101,Aparecida do Rio Negro,TO,1159.034,5,mai,54.999994114736154,OK,1991,2020,30,CHIRPS_v2,UCSB-CHG/CHIRPS/DAILY,1991-2020,IBGE_2024
1715101,Novo Acordo,TO,2678.262,5,mai,44.65017703250008,OK,1991,2020,30,CHIRPS_v2,UCSB-CHG/CHIRPS/DAILY,1991-2020,IBGE_2024
1721000,Palmas,TO,2227.329,5,mai,51.897515563058846,OK,1991,2020,30,CHIRPS_v2,UCSB-CHG/CHIRPS/DAILY,1991-2020,IBGE_2024
1712405,Lizarda,TO,5716.641,5,mai,39.26509848315534,OK,1991,2020,30,CHIRPS_v2,UCSB-CHG/CHIRPS/DAILY,1991-2020,IBGE_2024
1712702,Mateiros,TO,9589.273,5,mai,34.295361648960416,OK,1991,2020,30,CHIRPS_v2,UCSB-CHG/CHIRPS/DAILY,1991-2020,IBGE_2024
1720150,São Félix do Tocantins,TO,1913.11,5,mai,34.33925263974561,OK,1991,2020,30,CHIRPS_v2,UCSB-CHG/CHIRPS/DAILY,1991-2020,IBGE_2024
1711951,Lagoa do Tocantins,TO,917.632,5,mai,46.84632746983086,OK,1991,2020,30,CHIRPS_v2,UCSB-CHG/CHIRPS/DAILY,1991-2020,IBGE_2024
1712009,Lajeado,TO,318.292,5,mai,52.68432716241425,OK,1991,2020,30,CHIRPS_v2,UCSB-CHG/CHIRPS/DAILY,1991-2020,IBGE_2024
1719004,Santa Tereza do Tocantins,TO,539.511,5,mai,46.691929910644525,OK,1991,2020,30,CHIRPS_v2,UCSB-CHG/CHIRPS/DAILY,1991-2020,IBGE_2024
1709807,Ipueiras,TO,821.152,5,mai,36.15770825002621,OK,1991,2020,30,CHIRPS_v2,UCSB-CHG/CHIRPS/DAILY,1991-2020,IBGE_2024
1717909,Ponte Alta do Tocantins,TO,6542.838,5,mai,46.395309122080604,OK,1991,2020,30,CHIRPS_v2,UCSB-CHG/CHIRPS/DAILY,1991-2020,IBGE_2024
1718204,Porto Nacional,TO,4434.68,5,mai,48.338172431532264,OK,1991,2020,30,CHIRPS_v2,UCSB-CHG/CHIRPS/DAILY,1991-2020,IBGE_2024
1717008,Pindorama do Tocantins,TO,1560.551,5,mai,37.93953926362325,OK,1991,2020,30,CHIRPS_v2,UCSB-CHG/CHIRPS/DAILY,1991-2020,IBGE_2024
1715507,Oliveira de Fátima,TO,209.292,5,mai,43.080263722640275,OK,1991,2020,30,CHIRPS_v2,UCSB-CHG/CHIRPS/DAILY,1991-2020,IBGE_2024
1707553,Fátima,TO,380.374,5,mai,41.447827429665615,OK,1991,2020,30,CHIRPS_v2,UCSB-CHG/CHIRPS/DAILY,1991-2020,IBGE_2024
1714203,Natividade,TO,3241.672,5,mai,25.76503910470059,OK,1991,2020,30,CHIRPS_v2,UCSB-CHG/CHIRPS/DAILY,1991-2020,IBGE_2024
1705102,Chapada da Natividade,TO,1640.833,5,mai,39.28277729984883,OK,1991,2020,30,CHIRPS_v2,UCSB-CHG/CHIRPS/DAILY,1991-2020,IBGE_2024
1713601,Monte do Carmo,TO,3601.205,5,mai,46.53049785083155,OK,1991,2020,30,CHIRPS_v2,UCSB-CHG/CHIRPS/DAILY,1991-2020,IBGE_2024
1720655,Silvanópolis,TO,1258.771,5,mai,40.01199021605453,OK,1991,2020,30,CHIRPS_v2,UCSB-CHG/CHIRPS/DAILY,1991-2020,IBGE_2024
1703701,Brejinho de Nazaré,TO,1722.59,5,mai,40.41714662625345,OK,1991,2020,30,CHIRPS_v2,UCSB-CHG/CHIRPS/DAILY,1991-2020,IBGE_2024
1718907,Santa Rosa do Tocantins,TO,1804.686,5,mai,39.203217148257586,OK,1991,2020,30,CHIRPS_v2,UCSB-CHG/CHIRPS/DAILY,1991-2020,IBGE_2024
1718899,Santa Rita do Tocantins,TO,3281.219,5,mai,34.17474083764159,OK,1991,2020,30,CHIRPS_v2,UCSB-CHG/CHIRPS/DAILY,1991-2020,IBGE_2024
1718451,Pugmil,TO,401.174,5,mai,43.68094505547251,OK,1991,2020,30,CHIRPS_v2,UCSB-CHG/CHIRPS/DAILY,1991-2020,IBGE_2024
1701903,Araguacema,TO,2774.505,5,mai,99.55454711836867,OK,1991,2020,30,CHIRPS_v2,UCSB-CHG/CHIRPS/DAILY,1991-2020,IBGE_2024
1717503,Pium,TO,10003.549,5,mai,51.570331140597254,OK,1991,2020,30,CHIRPS_v2,UCSB-CHG/CHIRPS/DAILY,1991-2020,IBGE_2024
1700251,Abreulândia,TO,1906.295,5,mai,62.438304292634065,OK,1991,2020,30,CHIRPS_v2,UCSB-CHG/CHIRPS/DAILY,1991-2020,IBGE_2024
1716109,Paraíso do Tocantins,TO,1292.267,5,mai,49.86441786813766,OK,1991,2020,30,CHIRPS_v2,UCSB-CHG/CHIRPS/DAILY,1991-2020,IBGE_2024
1707108,Divinópolis do Tocantins,TO,2358.282,5,mai,63.41570441832451,OK,1991,2020,30,CHIRPS_v2,UCSB-CHG/CHIRPS/DAILY,1991-2020,IBGE_2024
1715002,Nova Rosalândia,TO,514.791,5,mai,42.45951504257182,OK,1991,2020,30,CHIRPS_v2,UCSB-CHG/CHIRPS/DAILY,1991-2020,IBGE_2024
1706100,Cristalândia,TO,1850.75,5,mai,39.347872481790716,OK,1991,2020,30,CHIRPS_v2,UCSB-CHG/CHIRPS/DAILY,1991-2020,IBGE_2024
1713700,Monte Santo do Tocantins,TO,1072.92,5,mai,53.66813614818401,OK,1991,2020,30,CHIRPS_v2,UCSB-CHG/CHIRPS/DAILY,1991-2020,IBGE_2024
1704600,Chapada de Areia,TO,658.564,5,mai,58.85324707253181,OK,1991,2020,30,CHIRPS_v2,UCSB-CHG/CHIRPS/DAILY,1991-2020,IBGE_2024
1712504,Marianópolis do Tocantins,TO,2089.575,5,mai,71.86067848987031,OK,1991,2020,30,CHIRPS_v2,UCSB-CHG/CHIRPS/DAILY,1991-2020,IBGE_2024
1711902,Lagoa da Confusão,TO,10563.181,5,mai,30.990329451513052,OK,1991,2020,30,CHIRPS_v2,UCSB-CHG/CHIRPS/DAILY,1991-2020,IBGE_2024
1703909,Caseara,TO,1680.014,5,mai,76.39844874759962,OK,1991,2020,30,CHIRPS_v2,UCSB-CHG/CHIRPS/DAILY,1991-2020,IBGE_2024
1703107,Barrolândia,TO,697.759,5,mai,46.15489626431088,OK,1991,2020,30,CHIRPS_v2,UCSB-CHG/CHIRPS/DAILY,1991-2020,IBGE_2024
1718709,Rio dos Bois,TO,847.255,5,mai,47.249329784578826,OK,1991,2020,30,CHIRPS_v2,UCSB-CHG/CHIRPS/DAILY,1991-2020,IBGE_2024
1707207,Dois Irmãos do Tocantins,TO,3747.645,5,mai,61.257019459849644,OK,1991,2020,30,CHIRPS_v2,UCSB-CHG/CHIRPS/DAILY,1991-2020,IBGE_2024
1713304,Miranorte,TO,1033.301,5,mai,47.1713169611033,OK,1991,2020,30,CHIRPS_v2,UCSB-CHG/CHIRPS/DAILY,1991-2020,IBGE_2024
1721109,Tocantínia,TO,2609.775,5,mai,51.194896257850544,OK,1991,2020,30,CHIRPS_v2,UCSB-CHG/CHIRPS/DAILY,1991-2020,IBGE_2024
1713205,Miracema do Tocantins,TO,2663.745,5,mai,48.680623041945125,OK,1991,2020,30,CHIRPS_v2,UCSB-CHG/CHIRPS/DAILY,1991-2020,IBGE_2024
1702109,Araguaína,TO,4004.645,5,mai,92.23412253681559,OK,1991,2020,30,CHIRPS_v2,UCSB-CHG/CHIRPS/DAILY,1991-2020,IBGE_2024
1702158,Araguanã,TO,834.834,5,mai,108.27787276091846,OK,1991,2020,30,CHIRPS_v2,UCSB-CHG/CHIRPS/DAILY,1991-2020,IBGE_2024
1718550,Riachinho,TO,512.156,5,mai,111.18301357927443,OK,1991,2020,30,CHIRPS_v2,UCSB-CHG/CHIRPS/DAILY,1991-2020,IBGE_2024
1702307,Arapoema,TO,1558.136,5,mai,89.49550307161793,OK,1991,2020,30,CHIRPS_v2,UCSB-CHG/CHIRPS/DAILY,1991-2020,IBGE_2024
1701051,Angico,TO,447.547,5,mai,109.92178723816741,OK,1991,2020,30,CHIRPS_v2,UCSB-CHG/CHIRPS/DAILY,1991-2020,IBGE_2024
1701002,Ananás,TO,1581.058,5,mai,113.7491898602105,OK,1991,2020,30,CHIRPS_v2,UCSB-CHG/CHIRPS/DAILY,1991-2020,IBGE_2024
1701309,Aragominas,TO,1168.213,5,mai,107.98857718684634,OK,1991,2020,30,CHIRPS_v2,UCSB-CHG/CHIRPS/DAILY,1991-2020,IBGE_2024
1717206,Piraquê,TO,1363.411,5,mai,107.30392861083604,OK,1991,2020,30,CHIRPS_v2,UCSB-CHG/CHIRPS/DAILY,1991-2020,IBGE_2024
1709005,Goiatins,TO,6414.846,5,mai,66.956482438532,OK,1991,2020,30,CHIRPS_v2,UCSB-CHG/CHIRPS/DAILY,1991-2020,IBGE_2024
1716307,Pau D'Arco,TO,1375.551,5,mai,90.65434917503133,OK,1991,2020,30,CHIRPS_v2,UCSB-CHG/CHIRPS/DAILY,1991-2020,IBGE_2024
1707702,Filadélfia,TO,1991.258,5,mai,77.22486756039685,OK,1991,2020,30,CHIRPS_v2,UCSB-CHG/CHIRPS/DAILY,1991-2020,IBGE_2024
1714880,Nova Olinda,TO,1567.834,5,mai,85.18009025680152,OK,1991,2020,30,CHIRPS_v2,UCSB-CHG/CHIRPS/DAILY,1991-2020,IBGE_2024
1706506,Darcinópolis,TO,1641.77,5,mai,92.04428341558467,OK,1991,2020,30,CHIRPS_v2,UCSB-CHG/CHIRPS/DAILY,1991-2020,IBGE_2024
1722107,Xambioá,TO,1190.489,5,mai,103.58669681150761,OK,1991,2020,30,CHIRPS_v2,UCSB-CHG/CHIRPS/DAILY,1991-2020,IBGE_2024
1722081,Wanderlândia,TO,1365.432,5,mai,96.28064976921809,OK,1991,2020,30,CHIRPS_v2,UCSB-CHG/CHIRPS/DAILY,1991-2020,IBGE_2024
1713957,Muricilândia,TO,1194.368,5,mai,98.15176339932805,OK,1991,2020,30,CHIRPS_v2,UCSB-CHG/CHIRPS/DAILY,1991-2020,IBGE_2024
1703883,Carmolândia,TO,339.366,5,mai,110.45832070934901,OK,1991,2020,30,CHIRPS_v2,UCSB-CHG/CHIRPS/DAILY,1991-2020,IBGE_2024
1703842,Campos Lindos,TO,3234.445,5,mai,58.11212619984786,OK,1991,2020,30,CHIRPS_v2,UCSB-CHG/CHIRPS/DAILY,1991-2020,IBGE_2024
1703008,Babaçulândia,TO,1790.297,5,mai,83.9306412558141,OK,1991,2020,30,CHIRPS_v2,UCSB-CHG/CHIRPS/DAILY,1991-2020,IBGE_2024
1703073,Barra do Ouro,TO,1105.84,5,mai,79.31327367795097,OK,1991,2020,30,CHIRPS_v2,UCSB-CHG/CHIRPS/DAILY,1991-2020,IBGE_2024
1718865,Santa Fé do Araguaia,TO,1671.239,5,mai,102.53800306058616,OK,1991,2020,30,CHIRPS_v2,UCSB-CHG/CHIRPS/DAILY,1991-2020,IBGE_2024
1718501,Recursolândia,TO,2215.669,5,mai,42.509326598259015,OK,1991,2020,30,CHIRPS_v2,UCSB-CHG/CHIRPS/DAILY,1991-2020,IBGE_2024
1718402,Presidente Kennedy,TO,771.716,5,mai,81.41816272566044,OK,1991,2020,30,CHIRPS_v2,UCSB-CHG/CHIRPS/DAILY,1991-2020,IBGE_2024
1709302,Guaraí,TO,2106.753,5,mai,67.03384549635388,OK,1991,2020,30,CHIRPS_v2,UCSB-CHG/CHIRPS/DAILY,1991-2020,IBGE_2024
1708254,Tabocão,TO,624.463,5,mai,48.69041313750287,OK,1991,2020,30,CHIRPS_v2,UCSB-CHG/CHIRPS/DAILY,1991-2020,IBGE_2024
1716505,Pedro Afonso,TO,2019.556,5,mai,53.94852210326365,OK,1991,2020,30,CHIRPS_v2,UCSB-CHG/CHIRPS/DAILY,1991-2020,IBGE_2024
1708304,Goianorte,TO,1797.229,5,mai,74.37396249485246,OK,1991,2020,30,CHIRPS_v2,UCSB-CHG/CHIRPS/DAILY,1991-2020,IBGE_2024
1716703,Colméia,TO,1161.029,5,mai,61.528564491822415,OK,1991,2020,30,CHIRPS_v2,UCSB-CHG/CHIRPS/DAILY,1991-2020,IBGE_2024
1716653,Pequizeiro,TO,1206.119,5,mai,73.62126883898104,OK,1991,2020,30,CHIRPS_v2,UCSB-CHG/CHIRPS/DAILY,1991-2020,IBGE_2024
1706001,Couto Magalhães,TO,1584.196,5,mai,83.36813970608034,OK,1991,2020,30,CHIRPS_v2,UCSB-CHG/CHIRPS/DAILY,1991-2020,IBGE_2024
1721257,Tupirama,TO,706.883,5,mai,61.41795268029383,OK,1991,2020,30,CHIRPS_v2,UCSB-CHG/CHIRPS/DAILY,1991-2020,IBGE_2024
1704105,Centenário,TO,1953.134,5,mai,53.01228648851897,OK,1991,2020,30,CHIRPS_v2,UCSB-CHG/CHIRPS/DAILY,1991-2020,IBGE_2024
1703305,Bom Jesus do Tocantins,TO,1326.947,5,mai,55.99640722037903,OK,1991,2020,30,CHIRPS_v2,UCSB-CHG/CHIRPS/DAILY,1991-2020,IBGE_2024
1718881,Santa Maria do Tocantins,TO,1412.318,5,mai,61.69436903122197,OK,1991,2020,30,CHIRPS_v2,UCSB-CHG/CHIRPS/DAILY,1991-2020,IBGE_2024
1711100,Itaporã do Tocantins,TO,969.794,5,mai,76.9833656911342,OK,1991,2020,30,CHIRPS_v2,UCSB-CHG/CHIRPS/DAILY,1991-2020,IBGE_2024
1710508,Itacajá,TO,3047.204,5,mai,58.44414774002647,OK,1991,2020,30,CHIRPS_v2,UCSB-CHG/CHIRPS/DAILY,1991-2020,IBGE_2024
1715705,Palmeirante,TO,2638.465,5,mai,79.41918677442246,OK,1991,2020,30,CHIRPS_v2,UCSB-CHG/CHIRPS/DAILY,1991-2020,IBGE_2024
1705508,Colinas do Tocantins,TO,842.488,5,mai,91.8911374221782,OK,1991,2020,30,CHIRPS_v2,UCSB-CHG/CHIRPS/DAILY,1991-2020,IBGE_2024
1721307,Tupiratins,TO,889.126,5,mai,80.09906844892915,OK,1991,2020,30,CHIRPS_v2,UCSB-CHG/CHIRPS/DAILY,1991-2020,IBGE_2024
1703602,Brasilândia do Tocantins,TO,645.908,5,mai,90.38224734871511,OK,1991,2020,30,CHIRPS_v2,UCSB-CHG/CHIRPS/DAILY,1991-2020,IBGE_2024
1711803,Juarina,TO,483.452,5,mai,90.43766345434614,OK,1991,2020,30,CHIRPS_v2,UCSB-CHG/CHIRPS/DAILY,1991-2020,IBGE_2024
1703206,Bernardo Sayão,TO,924.045,5,mai,76.5290791666872,OK,1991,2020,30,CHIRPS_v2,UCSB-CHG/CHIRPS/DAILY,1991-2020,IBGE_2024
1703057,Bandeirantes do Tocantins,TO,1540.543,5,mai,81.16333002092236,OK,1991,2020,30,CHIRPS_v2,UCSB-CHG/CHIRPS/DAILY,1991-2020,IBGE_2024
1710904,Itapiratins,TO,1246.349,5,mai,73.36299646304175,OK,1991,2020,30,CHIRPS_v2,UCSB-CHG/CHIRPS/DAILY,1991-2020,IBGE_2024
1700301,Aguiarnópolis,TO,236.792,5,mai,100.5467335205787,OK,1991,2020,30,CHIRPS_v2,UCSB-CHG/CHIRPS/DAILY,1991-2020,IBGE_2024
1714302,Nazaré,TO,395.997,5,mai,114.55627075876508,OK,1991,2020,30,CHIRPS_v2,UCSB-CHG/CHIRPS/DAILY,1991-2020,IBGE_2024
1713809,Palmeiras do Tocantins,TO,743.407,5,mai,87.29905413261704,OK,1991,2020,30,CHIRPS_v2,UCSB-CHG/CHIRPS/DAILY,1991-2020,IBGE_2024
1712801,Maurilândia do Tocantins,TO,736.303,5,mai,108.50533840760383,OK,1991,2020,30,CHIRPS_v2,UCSB-CHG/CHIRPS/DAILY,1991-2020,IBGE_2024
1721208,Tocantinópolis,TO,1083.6,5,mai,123.3090760651354,OK,1991,2020,30,CHIRPS_v2,UCSB-CHG/CHIRPS/DAILY,1991-2020,IBGE_2024
1712454,Luzinópolis,TO,281.543,5,mai,120.34543314061374,OK,1991,2020,30,CHIRPS_v2,UCSB-CHG/CHIRPS/DAILY,1991-2020,IBGE_2024
1720002,Santa Terezinha do Tocantins,TO,274.105,5,mai,101.84741033541562,OK,1991,2020,30,CHIRPS_v2,UCSB-CHG/CHIRPS/DAILY,1991-2020,IBGE_2024
1703826,Cachoeirinha,TO,351.535,5,mai,118.96875116449226,OK,1991,2020,30,CHIRPS_v2,UCSB-CHG/CHIRPS/DAILY,1991-2020,IBGE_2024
1702208,Araguatins,TO,2633.278,5,mai,94.45994630933546,OK,1991,2020,30,CHIRPS_v2,UCSB-CHG/CHIRPS/DAILY,1991-2020,IBGE_2024
1718808,Sampaio,TO,222.436,5,mai,78.10382472928993,OK,1991,2020,30,CHIRPS_v2,UCSB-CHG/CHIRPS/DAILY,1991-2020,IBGE_2024
1718303,Praia Norte,TO,300.999,5,mai,76.45955247352569,OK,1991,2020,30,CHIRPS_v2,UCSB-CHG/CHIRPS/DAILY,1991-2020,IBGE_2024
1707405,Esperantina,TO,506.175,5,mai,112.74139567918795,OK,1991,2020,30,CHIRPS_v2,UCSB-CHG/CHIRPS/DAILY,1991-2020,IBGE_2024
1720804,Sítio Novo do Tocantins,TO,307.095,5,mai,78.23225293429417,OK,1991,2020,30,CHIRPS_v2,UCSB-CHG/CHIRPS/DAILY,1991-2020,IBGE_2024
1720101,São Bento do Tocantins,TO,1099.58,5,mai,101.07311535801325,OK,1991,2020,30,CHIRPS_v2,UCSB-CHG/CHIRPS/DAILY,1991-2020,IBGE_2024
1703891,Carrasco Bonito,TO,190.352,5,mai,87.89747901156743,OK,1991,2020,30,CHIRPS_v2,UCSB-CHG/CHIRPS/DAILY,1991-2020,IBGE_2024
1720309,São Sebastião do Tocantins,TO,289.597,5,mai,113.78948577548607,OK,1991,2020,30,CHIRPS_v2,UCSB-CHG/CHIRPS/DAILY,1991-2020,IBGE_2024
1703800,Buriti do Tocantins,TO,252.73,5,mai,106.09078396008313,OK,1991,2020,30,CHIRPS_v2,UCSB-CHG/CHIRPS/DAILY,1991-2020,IBGE_2024
1720200,São Miguel do Tocantins,TO,406.957,5,mai,71.88563391680343,OK,1991,2020,30,CHIRPS_v2,UCSB-CHG/CHIRPS/DAILY,1991-2020,IBGE_2024
1702554,Augustinópolis,TO,388.809,5,mai,75.0350972656538,OK,1991,2020,30,CHIRPS_v2,UCSB-CHG/CHIRPS/DAILY,1991-2020,IBGE_2024
1710706,Itaguatins,TO,730.163,5,mai,85.74784536787217,OK,1991,2020,30,CHIRPS_v2,UCSB-CHG/CHIRPS/DAILY,1991-2020,IBGE_2024
1702901,Axixá do Tocantins,TO,153.539,5,mai,78.55390750976441,OK,1991,2020,30,CHIRPS_v2,UCSB-CHG/CHIRPS/DAILY,1991-2020,IBGE_2024
1702000,Araguaçu,TO,5155.223,5,mai,18.530792945441505,OK,1991,2020,30,CHIRPS_v2,UCSB-CHG/CHIRPS/DAILY,1991-2020,IBGE_2024
1718840,Sandolândia,TO,3535.135,5,mai,17.934344220087816,OK,1991,2020,30,CHIRPS_v2,UCSB-CHG/CHIRPS/DAILY,1991-2020,IBGE_2024
1709500,Gurupi,TO,1844.164,5,mai,26.78223195236662,OK,1991,2020,30,CHIRPS_v2,UCSB-CHG/CHIRPS/DAILY,1991-2020,IBGE_2024
1700707,Alvorada,TO,1207.201,5,mai,16.983330507713042,OK,1991,2020,30,CHIRPS_v2,UCSB-CHG/CHIRPS/DAILY,1991-2020,IBGE_2024
1700350,Aliança do Tocantins,TO,1580.999,5,mai,32.27614661456255,OK,1991,2020,30,CHIRPS_v2,UCSB-CHG/CHIRPS/DAILY,1991-2020,IBGE_2024
1708205,Formoso do Araguaia,TO,13431.861,5,mai,20.945112129558566,OK,1991,2020,30,CHIRPS_v2,UCSB-CHG/CHIRPS/DAILY,1991-2020,IBGE_2024
1716604,Peixe,TO,5303.612,5,mai,26.073262995084495,OK,1991,2020,30,CHIRPS_v2,UCSB-CHG/CHIRPS/DAILY,1991-2020,IBGE_2024
1707652,Figueirópolis,TO,1935.709,5,mai,16.69104061694251,OK,1991,2020,30,CHIRPS_v2,UCSB-CHG/CHIRPS/DAILY,1991-2020,IBGE_2024
1716208,Paranã,TO,11217.373,5,mai,14.887326208853839,OK,1991,2020,30,CHIRPS_v2,UCSB-CHG/CHIRPS/DAILY,1991-2020,IBGE_2024
1707306,Dueré,TO,3420.657,5,mai,29.279147936955795,OK,1991,2020,30,CHIRPS_v2,UCSB-CHG/CHIRPS/DAILY,1991-2020,IBGE_2024
1715754,Palmeirópolis,TO,1708.981,5,mai,18.01352259774258,OK,1991,2020,30,CHIRPS_v2,UCSB-CHG/CHIRPS/DAILY,1991-2020,IBGE_2024
1706258,Crixás do Tocantins,TO,983.766,5,mai,33.85150375964459,OK,1991,2020,30,CHIRPS_v2,UCSB-CHG/CHIRPS/DAILY,1991-2020,IBGE_2024
1720978,Talismã,TO,2155.503,5,mai,19.33947735671993,OK,1991,2020,30,CHIRPS_v2,UCSB-CHG/CHIRPS/DAILY,1991-2020,IBGE_2024
1720499,São Valério,TO,2520.465,5,mai,25.87404615036243,OK,1991,2020,30,CHIRPS_v2,UCSB-CHG/CHIRPS/DAILY,1991-2020,IBGE_2024
1720853,Sucupira,TO,1018.222,5,mai,23.999834043269566,OK,1991,2020,30,CHIRPS_v2,UCSB-CHG/CHIRPS/DAILY,1991-2020,IBGE_2024
1703867,Cariri do Tocantins,TO,1126.291,5,mai,21.839759267466743,OK,1991,2020,30,CHIRPS_v2,UCSB-CHG/CHIRPS/DAILY,1991-2020,IBGE_2024
1720259,São Salvador do Tocantins,TO,1424.753,5,mai,23.985203762095058,OK,1991,2020,30,CHIRPS_v2,UCSB-CHG/CHIRPS/DAILY,1991-2020,IBGE_2024
1711506,Jaú do Tocantins,TO,2167.201,5,mai,21.804556653058846,OK,1991,2020,30,CHIRPS_v2,UCSB-CHG/CHIRPS/DAILY,1991-2020,IBGE_2024
1702406,Arraias,TO,5803.085,5,mai,15.672848250167485,OK,1991,2020,30,CHIRPS_v2,UCSB-CHG/CHIRPS/DAILY,1991-2020,IBGE_2024
1718659,Rio da Conceição,TO,845.823,5,mai,41.18502552093907,OK,1991,2020,30,CHIRPS_v2,UCSB-CHG/CHIRPS/DAILY,1991-2020,IBGE_2024
1718006,Porto Alegre do Tocantins,TO,506.717,5,mai,43.490911878995675,OK,1991,2020,30,CHIRPS_v2,UCSB-CHG/CHIRPS/DAILY,1991-2020,IBGE_2024
1717800,Ponte Alta do Bom Jesus,TO,1718.791,5,mai,34.46651622507085,OK,1991,2020,30,CHIRPS_v2,UCSB-CHG/CHIRPS/DAILY,1991-2020,IBGE_2024
1700400,Almas,TO,4007.152,5,mai,39.43253864863211,OK,1991,2020,30,CHIRPS_v2,UCSB-CHG/CHIRPS/DAILY,1991-2020,IBGE_2024
1707009,Dianópolis,TO,3318.094,5,mai,37.1955159145305,OK,1991,2020,30,CHIRPS_v2,UCSB-CHG/CHIRPS/DAILY,1991-2020,IBGE_2024
1715150,Novo Alegre,TO,200.411,5,mai,22.610452832431722,OK,1991,2020,30,CHIRPS_v2,UCSB-CHG/CHIRPS/DAILY,1991-2020,IBGE_2024
1715259,Novo Jardim,TO,1213.893,5,mai,34.17479498704439,OK,1991,2020,30,CHIRPS_v2,UCSB-CHG/CHIRPS/DAILY,1991-2020,IBGE_2024
1705557,Combinado,TO,208.791,5,mai,23.968570463300647,OK,1991,2020,30,CHIRPS_v2,UCSB-CHG/CHIRPS/DAILY,1991-2020,IBGE_2024
1705607,Conceição do Tocantins,TO,2530.647,5,mai,16.2512496318733,OK,1991,2020,30,CHIRPS_v2,UCSB-CHG/CHIRPS/DAILY,1991-2020,IBGE_2024
1720937,Taipas do Tocantins,TO,1105.303,5,mai,27.373119453468078,OK,1991,2020,30,CHIRPS_v2,UCSB-CHG/CHIRPS/DAILY,1991-2020,IBGE_2024
1720903,Taguatinga,TO,2341.919,5,mai,26.384138706667745,OK,1991,2020,30,CHIRPS_v2,UCSB-CHG/CHIRPS/DAILY,1991-2020,IBGE_2024
1712157,Lavandeira,TO,468.006,5,mai,23.349404387123236,OK,1991,2020,30,CHIRPS_v2,UCSB-CHG/CHIRPS/DAILY,1991-2020,IBGE_2024
1702703,Aurora do Tocantins,TO,696.194,5,mai,24.606900156167928,OK,1991,2020,30,CHIRPS_v2,UCSB-CHG/CHIRPS/DAILY,1991-2020,IBGE_2024
2109270,Presidente Sarney,MA,726.176,5,mai,291.8148632120023,OK,1991,2020,30,CHIRPS_v2,UCSB-CHG/CHIRPS/DAILY,1991-2020,IBGE_2024
2108256,Pedro do Rosário,MA,1753.867,5,mai,269.3275889775488,OK,1991,2020,30,CHIRPS_v2,UCSB-CHG/CHIRPS/DAILY,1991-2020,IBGE_2024
2112456,Turilândia,MA,1507.976,5,mai,275.839902027517,OK,1991,2020,30,CHIRPS_v2,UCSB-CHG/CHIRPS/DAILY,1991-2020,IBGE_2024
2112407,Turiaçu,MA,2622.281,5,mai,281.959864568959,OK,1991,2020,30,CHIRPS_v2,UCSB-CHG/CHIRPS/DAILY,1991-2020,IBGE_2024
2108306,Penalva,MA,800.916,5,mai,244.38852455542255,OK,1991,2020,30,CHIRPS_v2,UCSB-CHG/CHIRPS/DAILY,1991-2020,IBGE_2024
2111029,São João do Carú,MA,910.065,5,mai,184.6092364850901,OK,1991,2020,30,CHIRPS_v2,UCSB-CHG/CHIRPS/DAILY,1991-2020,IBGE_2024
2102002,Bom Jardim,MA,6579.946,5,mai,152.77971883675937,OK,1991,2020,30,CHIRPS_v2,UCSB-CHG/CHIRPS/DAILY,1991-2020,IBGE_2024
2109908,Santa Inês,MA,786.689,5,mai,183.13928447919199,OK,1991,2020,30,CHIRPS_v2,UCSB-CHG/CHIRPS/DAILY,1991-2020,IBGE_2024
2110005,Santa Luzia,MA,4837.168,5,mai,142.88373665335857,OK,1991,2020,30,CHIRPS_v2,UCSB-CHG/CHIRPS/DAILY,1991-2020,IBGE_2024
2101772,Bela Vista do Maranhão,MA,147.949,5,mai,201.77686293721518,OK,1991,2020,30,CHIRPS_v2,UCSB-CHG/CHIRPS/DAILY,1991-2020,IBGE_2024
2100873,Araguanã,MA,805.194,5,mai,252.93576365702964,OK,1991,2020,30,CHIRPS_v2,UCSB-CHG/CHIRPS/DAILY,1991-2020,IBGE_2024
2100477,Alto Alegre do Pindaré,MA,1875.58,5,mai,177.9327969908441,OK,1991,2020,30,CHIRPS_v2,UCSB-CHG/CHIRPS/DAILY,1991-2020,IBGE_2024
2108504,Pindaré-Mirim,MA,268.285,5,mai,194.02410681508687,OK,1991,2020,30,CHIRPS_v2,UCSB-CHG/CHIRPS/DAILY,1991-2020,IBGE_2024
2107357,Nova Olinda do Maranhão,MA,2452.615,5,mai,264.1477135184134,OK,1991,2020,30,CHIRPS_v2,UCSB-CHG/CHIRPS/DAILY,1991-2020,IBGE_2024
2106904,Monção,MA,1245.548,5,mai,217.97959122831801,OK,1991,2020,30,CHIRPS_v2,UCSB-CHG/CHIRPS/DAILY,1991-2020,IBGE_2024
2114007,Zé Doca,MA,2140.109,5,mai,223.59124401347134,OK,1991,2020,30,CHIRPS_v2,UCSB-CHG/CHIRPS/DAILY,1991-2020,IBGE_2024
2104651,Governador Newton Bello,MA,1144.146,5,mai,196.5366615802277,OK,1991,2020,30,CHIRPS_v2,UCSB-CHG/CHIRPS/DAILY,1991-2020,IBGE_2024
2112274,Tufilândia,MA,270.934,5,mai,184.80095700956463,OK,1991,2020,30,CHIRPS_v2,UCSB-CHG/CHIRPS/DAILY,1991-2020,IBGE_2024
2102150,Brejo de Areia,MA,986.036,5,mai,141.01106777236532,OK,1991,2020,30,CHIRPS_v2,UCSB-CHG/CHIRPS/DAILY,1991-2020,IBGE_2024
2100402,Altamira do Maranhão,MA,524.374,5,mai,168.50279248968104,OK,1991,2020,30,CHIRPS_v2,UCSB-CHG/CHIRPS/DAILY,1991-2020,IBGE_2024
2108108,Paulo Ramos,MA,1168.608,5,mai,138.35511497898813,OK,1991,2020,30,CHIRPS_v2,UCSB-CHG/CHIRPS/DAILY,1991-2020,IBGE_2024
2107407,Olho d'Água das Cunhãs,MA,695.333,5,mai,178.30482592389527,OK,1991,2020,30,CHIRPS_v2,UCSB-CHG/CHIRPS/DAILY,1991-2020,IBGE_2024
2105963,Lagoa Grande do Maranhão,MA,744.199,5,mai,90.71686555154125,OK,1991,2020,30,CHIRPS_v2,UCSB-CHG/CHIRPS/DAILY,1991-2020,IBGE_2024
2106359,Marajá do Sena,MA,1402.593,5,mai,103.42179469873739,OK,1991,2020,30,CHIRPS_v2,UCSB-CHG/CHIRPS/DAILY,1991-2020,IBGE_2024
2105708,Lago da Pedra,MA,1240.446,5,mai,115.32761451525926,OK,1991,2020,30,CHIRPS_v2,UCSB-CHG/CHIRPS/DAILY,1991-2020,IBGE_2024
2113009,Vitorino Freire,MA,1193.386,5,mai,167.76508532252456,OK,1991,2020,30,CHIRPS_v2,UCSB-CHG/CHIRPS/DAILY,1991-2020,IBGE_2024
2111722,Satubinha,MA,441.807,5,mai,189.05773304492843,OK,1991,2020,30,CHIRPS_v2,UCSB-CHG/CHIRPS/DAILY,1991-2020,IBGE_2024
2102903,Carutapera,MA,1260.569,5,mai,296.94135046625144,OK,1991,2020,30,CHIRPS_v2,UCSB-CHG/CHIRPS/DAILY,1991-2020,IBGE_2024
2103174,Centro Novo do Maranhão,MA,8401.002,5,mai,230.25310146454763,OK,1991,2020,30,CHIRPS_v2,UCSB-CHG/CHIRPS/DAILY,1991-2020,IBGE_2024
2103158,Centro do Guilherme,MA,1134.646,5,mai,282.06819521999046,OK,1991,2020,30,CHIRPS_v2,UCSB-CHG/CHIRPS/DAILY,1991-2020,IBGE_2024
2102606,Cândido Mendes,MA,1643.796,5,mai,283.5804586306346,OK,1991,2020,30,CHIRPS_v2,UCSB-CHG/CHIRPS/DAILY,1991-2020,IBGE_2024
2101970,Boa Vista do Gurupi,MA,400.35,5,mai,289.62921761049125,OK,1991,2020,30,CHIRPS_v2,UCSB-CHG/CHIRPS/DAILY,1991-2020,IBGE_2024
2110039,Santa Luzia do Paruá,MA,1010.483,5,mai,277.89357146090003,OK,1991,2020,30,CHIRPS_v2,UCSB-CHG/CHIRPS/DAILY,1991-2020,IBGE_2024
2109239,Presidente Médici,MA,437.687,5,mai,274.4254038136554,OK,1991,2020,30,CHIRPS_v2,UCSB-CHG/CHIRPS/DAILY,1991-2020,IBGE_2024
2100550,Amapá do Maranhão,MA,493.738,5,mai,294.2791850971543,OK,1991,2020,30,CHIRPS_v2,UCSB-CHG/CHIRPS/DAILY,1991-2020,IBGE_2024
2106326,Maracaçumé,MA,635.758,5,mai,286.64082500285286,OK,1991,2020,30,CHIRPS_v2,UCSB-CHG/CHIRPS/DAILY,1991-2020,IBGE_2024
2106375,Maranhãozinho,MA,781.676,5,mai,273.8847782871062,OK,1991,2020,30,CHIRPS_v2,UCSB-CHG/CHIRPS/DAILY,1991-2020,IBGE_2024
2106201,Luís Domingues,MA,467.251,5,mai,292.6911872458559,OK,1991,2020,30,CHIRPS_v2,UCSB-CHG/CHIRPS/DAILY,1991-2020,IBGE_2024
2105658,Junco do Maranhão,MA,568.499,5,mai,286.1956759876141,OK,1991,2020,30,CHIRPS_v2,UCSB-CHG/CHIRPS/DAILY,1991-2020,IBGE_2024
2104677,Governador Nunes Freire,MA,1049.208,5,mai,284.9339373333918,OK,1991,2020,30,CHIRPS_v2,UCSB-CHG/CHIRPS/DAILY,1991-2020,IBGE_2024
2104305,Godofredo Viana,MA,725.707,5,mai,285.9944028241968,OK,1991,2020,30,CHIRPS_v2,UCSB-CHG/CHIRPS/DAILY,1991-2020,IBGE_2024
2111763,Senador La Rocque,MA,737.078,5,mai,41.12403792730735,OK,1991,2020,30,CHIRPS_v2,UCSB-CHG/CHIRPS/DAILY,1991-2020,IBGE_2024
2103752,Davinópolis,MA,332.249,5,mai,58.98376907032754,OK,1991,2020,30,CHIRPS_v2,UCSB-CHG/CHIRPS/DAILY,1991-2020,IBGE_2024
2111052,São João do Paraíso,MA,2052.328,5,mai,61.00508501779196,OK,1991,2020,30,CHIRPS_v2,UCSB-CHG/CHIRPS/DAILY,1991-2020,IBGE_2024
2103257,Cidelândia,MA,1462.81,5,mai,89.35697762769841,OK,1991,2020,30,CHIRPS_v2,UCSB-CHG/CHIRPS/DAILY,1991-2020,IBGE_2024
2111532,São Pedro da Água Branca,MA,720.461,5,mai,123.02233872652434,OK,1991,2020,30,CHIRPS_v2,UCSB-CHG/CHIRPS/DAILY,1991-2020,IBGE_2024
2102556,Campestre do Maranhão,MA,613.529,5,mai,106.73385038715271,OK,1991,2020,30,CHIRPS_v2,UCSB-CHG/CHIRPS/DAILY,1991-2020,IBGE_2024
2102358,Buritirana,MA,821.261,5,mai,43.84735041939956,OK,1991,2020,30,CHIRPS_v2,UCSB-CHG/CHIRPS/DAILY,1991-2020,IBGE_2024
2109551,Ribamar Fiquene,MA,733.458,5,mai,109.24302764112514,OK,1991,2020,30,CHIRPS_v2,UCSB-CHG/CHIRPS/DAILY,1991-2020,IBGE_2024
2109007,Porto Franco,MA,1421.011,5,mai,91.49513479084052,OK,1991,2020,30,CHIRPS_v2,UCSB-CHG/CHIRPS/DAILY,1991-2020,IBGE_2024
2100600,Amarante do Maranhão,MA,7441.771,5,mai,58.87812949823816,OK,1991,2020,30,CHIRPS_v2,UCSB-CHG/CHIRPS/DAILY,1991-2020,IBGE_2024
2107001,Montes Altos,MA,1489.198,5,mai,72.39751288071189,OK,1991,2020,30,CHIRPS_v2,UCSB-CHG/CHIRPS/DAILY,1991-2020,IBGE_2024
2105989,Lajeado Novo,MA,1063.62,5,mai,69.70816612005387,OK,1991,2020,30,CHIRPS_v2,UCSB-CHG/CHIRPS/DAILY,1991-2020,IBGE_2024
2105500,João Lisboa,MA,1135.08,5,mai,49.07932359628251,OK,1991,2020,30,CHIRPS_v2,UCSB-CHG/CHIRPS/DAILY,1991-2020,IBGE_2024
2105302,Imperatriz,MA,1369.039,5,mai,66.59568575312939,OK,1991,2020,30,CHIRPS_v2,UCSB-CHG/CHIRPS/DAILY,1991-2020,IBGE_2024
2104552,Governador Edison Lobão,MA,615.957,5,mai,81.73813158808052,OK,1991,2020,30,CHIRPS_v2,UCSB-CHG/CHIRPS/DAILY,1991-2020,IBGE_2024
2112852,Vila Nova dos Martírios,MA,1190.008,5,mai,112.77549292514932,OK,1991,2020,30,CHIRPS_v2,UCSB-CHG/CHIRPS/DAILY,1991-2020,IBGE_2024
2104057,Estreito,MA,2719.964,5,mai,74.1622362352032,OK,1991,2020,30,CHIRPS_v2,UCSB-CHG/CHIRPS/DAILY,1991-2020,IBGE_2024
2111805,Sítio Novo,MA,3114.682,5,mai,61.91638932915928,OK,1991,2020,30,CHIRPS_v2,UCSB-CHG/CHIRPS/DAILY,1991-2020,IBGE_2024
2111573,São Pedro dos Crentes,MA,979.559,5,mai,73.17534632082014,OK,1991,2020,30,CHIRPS_v2,UCSB-CHG/CHIRPS/DAILY,1991-2020,IBGE_2024
2100956,Arame,MA,2976.039,5,mai,74.01835594418468,OK,1991,2020,30,CHIRPS_v2,UCSB-CHG/CHIRPS/DAILY,1991-2020,IBGE_2024
2105476,Jenipapo dos Vieiras,MA,1962.362,5,mai,68.00319857451048,OK,1991,2020,30,CHIRPS_v2,UCSB-CHG/CHIRPS/DAILY,1991-2020,IBGE_2024
2105351,Itaipava do Grajaú,MA,1244.398,5,mai,78.26314353311336,OK,1991,2020,30,CHIRPS_v2,UCSB-CHG/CHIRPS/DAILY,1991-2020,IBGE_2024
2104800,Grajaú,MA,8861.696,5,mai,55.568438148798215,OK,1991,2020,30,CHIRPS_v2,UCSB-CHG/CHIRPS/DAILY,1991-2020,IBGE_2024
2104099,Formosa da Serra Negra,MA,3690.633,5,mai,57.89511149456933,OK,1991,2020,30,CHIRPS_v2,UCSB-CHG/CHIRPS/DAILY,1991-2020,IBGE_2024
2110856,São Francisco do Brejão,MA,745.357,5,mai,51.468996795822235,OK,1991,2020,30,CHIRPS_v2,UCSB-CHG/CHIRPS/DAILY,1991-2020,IBGE_2024
2102036,Bom Jesus das Selvas,MA,2676.93,5,mai,92.84249606216126,OK,1991,2020,30,CHIRPS_v2,UCSB-CHG/CHIRPS/DAILY,1991-2020,IBGE_2024
2102325,Buriticupu,MA,2553.663,5,mai,101.97398503099961,OK,1991,2020,30,CHIRPS_v2,UCSB-CHG/CHIRPS/DAILY,1991-2020,IBGE_2024
2100055,Açailândia,MA,5805.158,5,mai,85.64253381916026,OK,1991,2020,30,CHIRPS_v2,UCSB-CHG/CHIRPS/DAILY,1991-2020,IBGE_2024
2105427,Itinga do Maranhão,MA,3583.423,5,mai,126.51492883847429,OK,1991,2020,30,CHIRPS_v2,UCSB-CHG/CHIRPS/DAILY,1991-2020,IBGE_2024
2111607,São Raimundo das Mangabeiras,MA,3523.94,5,mai,44.222696435136264,OK,1991,2020,30,CHIRPS_v2,UCSB-CHG/CHIRPS/DAILY,1991-2020,IBGE_2024
2112001,Tasso Fragoso,MA,4369.318,5,mai,42.18366844364547,OK,1991,2020,30,CHIRPS_v2,UCSB-CHG/CHIRPS/DAILY,1991-2020,IBGE_2024
2102804,Carolina,MA,6267.601,5,mai,71.75365432926111,OK,1991,2020,30,CHIRPS_v2,UCSB-CHG/CHIRPS/DAILY,1991-2020,IBGE_2024
2109700,Sambaíba,MA,3015.086,5,mai,45.83245329895139,OK,1991,2020,30,CHIRPS_v2,UCSB-CHG/CHIRPS/DAILY,1991-2020,IBGE_2024
2101400,Balsas,MA,12601.976,5,mai,42.81704246551441,OK,1991,2020,30,CHIRPS_v2,UCSB-CHG/CHIRPS/DAILY,1991-2020,IBGE_2024
2109502,Riachão,MA,6402.83,5,mai,60.71746642012972,OK,1991,2020,30,CHIRPS_v2,UCSB-CHG/CHIRPS/DAILY,1991-2020,IBGE_2024
2100501,Alto Parnaíba,MA,11127.384,5,mai,30.040638238845702,OK,1991,2020,30,CHIRPS_v2,UCSB-CHG/CHIRPS/DAILY,1991-2020,IBGE_2024
2107258,Nova Colinas,MA,743.11,5,mai,54.602380818403695,OK,1991,2020,30,CHIRPS_v2,UCSB-CHG/CHIRPS/DAILY,1991-2020,IBGE_2024
2106102,Loreto,MA,3596.74,5,mai,41.01507882356157,OK,1991,2020,30,CHIRPS_v2,UCSB-CHG/CHIRPS/DAILY,1991-2020,IBGE_2024
2104107,Fortaleza dos Nogueiras,MA,1853.382,5,mai,45.42594245726016,OK,1991,2020,30,CHIRPS_v2,UCSB-CHG/CHIRPS/DAILY,1991-2020,IBGE_2024
2104073,Feira Nova do Maranhão,MA,1626.052,5,mai,75.06631988599695,OK,1991,2020,30,CHIRPS_v2,UCSB-CHG/CHIRPS/DAILY,1991-2020,IBGE_2024
2209203,Santa Filomena,PI,5293.693,5,mai,25.9148380527114,OK,1991,2020,30,CHIRPS_v2,UCSB-CHG/CHIRPS/DAILY,1991-2020,IBGE_2024
2201309,Barreiras do Piauí,PI,2168.713,5,mai,20.071431404270577,OK,1991,2020,30,CHIRPS_v2,UCSB-CHG/CHIRPS/DAILY,1991-2020,IBGE_2024
2209757,São Gonçalo do Gurguéia,PI,1385.259,5,mai,19.256374265018877,OK,1991,2020,30,CHIRPS_v2,UCSB-CHG/CHIRPS/DAILY,1991-2020,IBGE_2024
2919553,Luís Eduardo Magalhães,BA,4033.04,5,mai,27.841297329262353,OK,1991,2020,30,CHIRPS_v2,UCSB-CHG/CHIRPS/DAILY,1991-2020,IBGE_2024
2903201,Barreiras,BA,8059.305,5,mai,22.84430783125483,OK,1991,2020,30,CHIRPS_v2,UCSB-CHG/CHIRPS/DAILY,1991-2020,IBGE_2024
3157609,Santa Fé de Minas,MG,2917.448,5,mai,15.629145265438973,OK,1991,2020,30,CHIRPS_v2,UCSB-CHG/CHIRPS/DAILY,1991-2020,IBGE_2024
3150570,Pintópolis,MG,1228.736,5,mai,11.115534750018607,OK,1991,2020,30,CHIRPS_v2,UCSB-CHG/CHIRPS/DAILY,1991-2020,IBGE_2024
3116159,Chapada Gaúcha,MG,3255.189,5,mai,13.749306371319523,OK,1991,2020,30,CHIRPS_v2,UCSB-CHG/CHIRPS/DAILY,1991-2020,IBGE_2024
3164209,São Romão,MG,2434.004,5,mai,10.775138069381429,OK,1991,2020,30,CHIRPS_v2,UCSB-CHG/CHIRPS/DAILY,1991-2020,IBGE_2024
3108552,Brasilândia de Minas,MG,2509.694,5,mai,20.11422970681987,OK,1991,2020,30,CHIRPS_v2,UCSB-CHG/CHIRPS/DAILY,1991-2020,IBGE_2024
3147006,Paracatu,MG,8231.029,5,mai,23.787404900286695,OK,1991,2020,30,CHIRPS_v2,UCSB-CHG/CHIRPS/DAILY,1991-2020,IBGE_2024
3170529,Urucuia,MG,2076.942,5,mai,13.435169642343855,OK,1991,2020,30,CHIRPS_v2,UCSB-CHG/CHIRPS/DAILY,1991-2020,IBGE_2024
3170404,Unaí,MG,8445.432,5,mai,17.775084966632246,OK,1991,2020,30,CHIRPS_v2,UCSB-CHG/CHIRPS/DAILY,1991-2020,IBGE_2024
3170479,Uruana de Minas,MG,598.221,5,mai,15.763889286461245,OK,1991,2020,30,CHIRPS_v2,UCSB-CHG/CHIRPS/DAILY,1991-2020,IBGE_2024
3154457,Riachinho,MG,1719.266,5,mai,14.27459808556866,OK,1991,2020,30,CHIRPS_v2,UCSB-CHG/CHIRPS/DAILY,1991-2020,IBGE_2024
3104502,Arinos,MG,5279.419,5,mai,15.685964444186814,OK,1991,2020,30,CHIRPS_v2,UCSB-CHG/CHIRPS/DAILY,1991-2020,IBGE_2024
3144375,Natalândia,MG,468.66,5,mai,17.78411731354749,OK,1991,2020,30,CHIRPS_v2,UCSB-CHG/CHIRPS/DAILY,1991-2020,IBGE_2024
3109451,Cabeceira Grande,MG,1033.055,5,mai,17.219034382836792,OK,1991,2020,30,CHIRPS_v2,UCSB-CHG/CHIRPS/DAILY,1991-2020,IBGE_2024
3126208,Formoso,MG,3686.004,5,mai,12.794200886458482,OK,1991,2020,30,CHIRPS_v2,UCSB-CHG/CHIRPS/DAILY,1991-2020,IBGE_2024
3109303,Buritis,MG,5225.186,5,mai,13.448496005509003,OK,1991,2020,30,CHIRPS_v2,UCSB-CHG/CHIRPS/DAILY,1991-2020,IBGE_2024
3108206,Bonfinópolis de Minas,MG,1850.487,5,mai,16.91202473819842,OK,1991,2020,30,CHIRPS_v2,UCSB-CHG/CHIRPS/DAILY,1991-2020,IBGE_2024
3122470,Dom Bosco,MG,817.383,5,mai,18.692096447042925,OK,1991,2020,30,CHIRPS_v2,UCSB-CHG/CHIRPS/DAILY,1991-2020,IBGE_2024
4318101,São Francisco de Assis,RS,2534.789,5,mai,144.13668507862002,OK,1991,2020,30,CHIRPS_v2,UCSB-CHG/CHIRPS/DAILY,1991-2020,IBGE_2024
4310553,Itacurubi,RS,1120.249,5,mai,150.49002390089103,OK,1991,2020,30,CHIRPS_v2,UCSB-CHG/CHIRPS/DAILY,1991-2020,IBGE_2024
4301875,Barra do Quaraí,RS,1055.937,5,mai,107.81757969858614,OK,1991,2020,30,CHIRPS_v2,UCSB-CHG/CHIRPS/DAILY,1991-2020,IBGE_2024
4322400,Uruguaiana,RS,5702.098,5,mai,124.02732129858406,OK,1991,2020,30,CHIRPS_v2,UCSB-CHG/CHIRPS/DAILY,1991-2020,IBGE_2024
4318002,São Borja,RS,3616.674,5,mai,145.06146392352852,OK,1991,2020,30,CHIRPS_v2,UCSB-CHG/CHIRPS/DAILY,1991-2020,IBGE_2024
4311718,Maçambará,RS,1682.676,5,mai,138.44055640706995,OK,1991,2020,30,CHIRPS_v2,UCSB-CHG/CHIRPS/DAILY,1991-2020,IBGE_2024
4310603,Itaqui,RS,3405.999,5,mai,128.8138680241154,OK,1991,2020,30,CHIRPS_v2,UCSB-CHG/CHIRPS/DAILY,1991-2020,IBGE_2024
4317707,Santo Antônio das Missões,RS,1710.466,5,mai,150.01837315365455,OK,1991,2020,30,CHIRPS_v2,UCSB-CHG/CHIRPS/DAILY,1991-2020,IBGE_2024
4308656,Garruchos,RS,803.97,5,mai,149.03458202906322,OK,1991,2020,30,CHIRPS_v2,UCSB-CHG/CHIRPS/DAILY,1991-2020,IBGE_2024
5007695,São Gabriel do Oeste,MS,3850.674,5,mai,76.63856749186283,OK,1991,2020,30,CHIRPS_v2,UCSB-CHG/CHIRPS/DAILY,1991-2020,IBGE_2024
5003488,Dois Irmãos do Buriti,MS,2430.3,5,mai,100.49351517716222,OK,1991,2020,30,CHIRPS_v2,UCSB-CHG/CHIRPS/DAILY,1991-2020,IBGE_2024
5000252,Alcinópolis,MS,4397.518,5,mai,51.37359949324439,OK,1991,2020,30,CHIRPS_v2,UCSB-CHG/CHIRPS/DAILY,1991-2020,IBGE_2024
5007935,Sonora,MS,4185.542,5,mai,50.374026671753505,OK,1991,2020,30,CHIRPS_v2,UCSB-CHG/CHIRPS/DAILY,1991-2020,IBGE_2024
5007406,Rio Verde de Mato Grosso,MS,8174.784,5,mai,70.22961457479406,OK,1991,2020,30,CHIRPS_v2,UCSB-CHG/CHIRPS/DAILY,1991-2020,IBGE_2024
5006408,Pedro Gomes,MS,3553.782,5,mai,52.2986025213147,OK,1991,2020,30,CHIRPS_v2,UCSB-CHG/CHIRPS/DAILY,1991-2020,IBGE_2024
5003900,Figueirão,MS,4880.736,5,mai,56.74830895155995,OK,1991,2020,30,CHIRPS_v2,UCSB-CHG/CHIRPS/DAILY,1991-2020,IBGE_2024
5003256,Costa Rica,MS,4159.384,5,mai,55.75499553582993,OK,1991,2020,30,CHIRPS_v2,UCSB-CHG/CHIRPS/DAILY,1991-2020,IBGE_2024
5003306,Coxim,MS,6390.663,5,mai,62.180662689960144,OK,1991,2020,30,CHIRPS_v2,UCSB-CHG/CHIRPS/DAILY,1991-2020,IBGE_2024
5005400,Maracaju,MS,5396.905,5,mai,116.21464591071745,OK,1991,2020,30,CHIRPS_v2,UCSB-CHG/CHIRPS/DAILY,1991-2020,IBGE_2024
5003702,Dourados,MS,4062.889,5,mai,120.022742161189,OK,1991,2020,30,CHIRPS_v2,UCSB-CHG/CHIRPS/DAILY,1991-2020,IBGE_2024
5000906,Antônio João,MS,1095.9,5,mai,136.5618964143923,OK,1991,2020,30,CHIRPS_v2,UCSB-CHG/CHIRPS/DAILY,1991-2020,IBGE_2024
5001243,Aral Moreira,MS,1653.86,5,mai,143.87185223073402,OK,1991,2020,30,CHIRPS_v2,UCSB-CHG/CHIRPS/DAILY,1991-2020,IBGE_2024
5006606,Ponta Porã,MS,5359.274,5,mai,135.33273608111074,OK,1991,2020,30,CHIRPS_v2,UCSB-CHG/CHIRPS/DAILY,1991-2020,IBGE_2024
5006358,Paranhos,MS,1307.092,5,mai,150.5447947101782,OK,1991,2020,30,CHIRPS_v2,UCSB-CHG/CHIRPS/DAILY,1991-2020,IBGE_2024
5003157,Coronel Sapucaia,MS,1023.727,5,mai,144.28146935194894,OK,1991,2020,30,CHIRPS_v2,UCSB-CHG/CHIRPS/DAILY,1991-2020,IBGE_2024
5005202,Ladário,MS,354.255,5,mai,63.06505340948204,OK,1991,2020,30,CHIRPS_v2,UCSB-CHG/CHIRPS/DAILY,1991-2020,IBGE_2024
5003207,Corumbá,MS,64431.145,5,mai,60.59652340662568,OK,1991,2020,30,CHIRPS_v2,UCSB-CHG/CHIRPS/DAILY,1991-2020,IBGE_2024
5006903,Porto Murtinho,MS,17502.994,5,mai,101.72887423176323,OK,1991,2020,30,CHIRPS_v2,UCSB-CHG/CHIRPS/DAILY,1991-2020,IBGE_2024
5005806,Nioaque,MS,3909.738,5,mai,101.4821323687959,OK,1991,2020,30,CHIRPS_v2,UCSB-CHG/CHIRPS/DAILY,1991-2020,IBGE_2024
5005004,Jardim,MS,2130.068,5,mai,120.4771564814543,OK,1991,2020,30,CHIRPS_v2,UCSB-CHG/CHIRPS/DAILY,1991-2020,IBGE_2024
5004106,Guia Lopes da Laguna,MS,1225.426,5,mai,117.66798026988576,OK,1991,2020,30,CHIRPS_v2,UCSB-CHG/CHIRPS/DAILY,1991-2020,IBGE_2024
5002803,Caracol,MS,2928.706,5,mai,120.1896107257947,OK,1991,2020,30,CHIRPS_v2,UCSB-CHG/CHIRPS/DAILY,1991-2020,IBGE_2024
5002209,Bonito,MS,5378.723,5,mai,108.8803338103405,OK,1991,2020,30,CHIRPS_v2,UCSB-CHG/CHIRPS/DAILY,1991-2020,IBGE_2024
5002100,Bela Vista,MS,4956.473,5,mai,125.10019177518348,OK,1991,2020,30,CHIRPS_v2,UCSB-CHG/CHIRPS/DAILY,1991-2020,IBGE_2024
5001102,Aquidauana,MS,17087.976,5,mai,82.85200477020454,OK,1991,2020,30,CHIRPS_v2,UCSB-CHG/CHIRPS/DAILY,1991-2020,IBGE_2024
5000708,Anastácio,MS,2913.108,5,mai,98.80729184010617,OK,1991,2020,30,CHIRPS_v2,UCSB-CHG/CHIRPS/DAILY,1991-2020,IBGE_2024
5005608,Miranda,MS,5470.975,5,mai,88.49385943128476,OK,1991,2020,30,CHIRPS_v2,UCSB-CHG/CHIRPS/DAILY,1991-2020,IBGE_2024
5002159,Bodoquena,MS,2589.14,5,mai,101.05155404940417,OK,1991,2020,30,CHIRPS_v2,UCSB-CHG/CHIRPS/DAILY,1991-2020,IBGE_2024
5106455,Planalto da Serra,MT,2437.59,5,mai,35.5634899296995,OK,1991,2020,30,CHIRPS_v2,UCSB-CHG/CHIRPS/DAILY,1991-2020,IBGE_2024
5106505,Poconé,MT,17013.707,5,mai,53.939283072813254,OK,1991,2020,30,CHIRPS_v2,UCSB-CHG/CHIRPS/DAILY,1991-2020,IBGE_2024
5105903,Nobres,MT,3908.739,5,mai,40.47576774471862,OK,1991,2020,30,CHIRPS_v2,UCSB-CHG/CHIRPS/DAILY,1991-2020,IBGE_2024
5106208,Nova Brasilândia,MT,3289.572,5,mai,37.93265704430013,OK,1991,2020,30,CHIRPS_v2,UCSB-CHG/CHIRPS/DAILY,1991-2020,IBGE_2024
5106109,Nossa Senhora do Livramento,MT,5410.138,5,mai,49.53897192287909,OK,1991,2020,30,CHIRPS_v2,UCSB-CHG/CHIRPS/DAILY,1991-2020,IBGE_2024
5104906,Jangada,MT,1114.302,5,mai,51.47428883580824,OK,1991,2020,30,CHIRPS_v2,UCSB-CHG/CHIRPS/DAILY,1991-2020,IBGE_2024
5103403,Cuiabá,MT,4327.22,5,mai,50.24141837002498,OK,1991,2020,30,CHIRPS_v2,UCSB-CHG/CHIRPS/DAILY,1991-2020,IBGE_2024
5102678,Campo Verde,MT,4771.091,5,mai,44.232629168504126,OK,1991,2020,30,CHIRPS_v2,UCSB-CHG/CHIRPS/DAILY,1991-2020,IBGE_2024
5103007,Chapada dos Guimarães,MT,6603.253,5,mai,43.184561820439804,OK,1991,2020,30,CHIRPS_v2,UCSB-CHG/CHIRPS/DAILY,1991-2020,IBGE_2024
5101605,Barão de Melgaço,MT,11374.872,5,mai,47.70418784009869,OK,1991,2020,30,CHIRPS_v2,UCSB-CHG/CHIRPS/DAILY,1991-2020,IBGE_2024
5108402,Várzea Grande,MT,939.887,5,mai,50.01029512474651,OK,1991,2020,30,CHIRPS_v2,UCSB-CHG/CHIRPS/DAILY,1991-2020,IBGE_2024
5107800,Santo Antônio de Leverger,MT,9519.194,5,mai,46.16313750896065,OK,1991,2020,30,CHIRPS_v2,UCSB-CHG/CHIRPS/DAILY,1991-2020,IBGE_2024
5100102,Acorizal,MT,850.763,5,mai,53.782334292896905,OK,1991,2020,30,CHIRPS_v2,UCSB-CHG/CHIRPS/DAILY,1991-2020,IBGE_2024
5107701,Rosário Oeste,MT,7339.442,5,mai,43.09919125768775,OK,1991,2020,30,CHIRPS_v2,UCSB-CHG/CHIRPS/DAILY,1991-2020,IBGE_2024
5106851,Porto Estrela,MT,2045.467,5,mai,45.70552595780407,OK,1991,2020,30,CHIRPS_v2,UCSB-CHG/CHIRPS/DAILY,1991-2020,IBGE_2024
5106232,Nova Olímpia,MT,1327.266,5,mai,53.38516457920627,OK,1991,2020,30,CHIRPS_v2,UCSB-CHG/CHIRPS/DAILY,1991-2020,IBGE_2024
5103452,Denise,MT,1273.178,5,mai,52.11594031642567,OK,1991,2020,30,CHIRPS_v2,UCSB-CHG/CHIRPS/DAILY,1991-2020,IBGE_2024
5102637,Campo Novo do Parecis,MT,9428.585,5,mai,47.26267040072319,OK,1991,2020,30,CHIRPS_v2,UCSB-CHG/CHIRPS/DAILY,1991-2020,IBGE_2024
5101704,Barra do Bugres,MT,5976.863,5,mai,51.49659544668479,OK,1991,2020,30,CHIRPS_v2,UCSB-CHG/CHIRPS/DAILY,1991-2020,IBGE_2024
5101902,Brasnorte,MT,15968.355,5,mai,45.10848733771246,OK,1991,2020,30,CHIRPS_v2,UCSB-CHG/CHIRPS/DAILY,1991-2020,IBGE_2024
5107958,Tangará da Serra,MT,11636.262,5,mai,52.80775647711811,OK,1991,2020,30,CHIRPS_v2,UCSB-CHG/CHIRPS/DAILY,1991-2020,IBGE_2024
5107875,Sapezal,MT,13614.552,5,mai,55.42643122061694,OK,1991,2020,30,CHIRPS_v2,UCSB-CHG/CHIRPS/DAILY,1991-2020,IBGE_2024
5107263,Santo Afonso,MT,1166.382,5,mai,57.50404601489197,OK,1991,2020,30,CHIRPS_v2,UCSB-CHG/CHIRPS/DAILY,1991-2020,IBGE_2024
5106000,Nortelândia,MT,1336.754,5,mai,55.577163033178465,OK,1991,2020,30,CHIRPS_v2,UCSB-CHG/CHIRPS/DAILY,1991-2020,IBGE_2024
5103502,Diamantino,MT,8263.397,5,mai,48.46027390016263,OK,1991,2020,30,CHIRPS_v2,UCSB-CHG/CHIRPS/DAILY,1991-2020,IBGE_2024
5101308,Arenápolis,MT,417.337,5,mai,55.209735875523386,OK,1991,2020,30,CHIRPS_v2,UCSB-CHG/CHIRPS/DAILY,1991-2020,IBGE_2024
5108857,Nova Marilândia,MT,1905.744,5,mai,54.93300130178851,OK,1991,2020,30,CHIRPS_v2,UCSB-CHG/CHIRPS/DAILY,1991-2020,IBGE_2024
5108907,Nova Maringá,MT,11553.479,5,mai,39.31938318394376,OK,1991,2020,30,CHIRPS_v2,UCSB-CHG/CHIRPS/DAILY,1991-2020,IBGE_2024
5100508,Alto Paraguai,MT,1847.354,5,mai,52.208967494314244,OK,1991,2020,30,CHIRPS_v2,UCSB-CHG/CHIRPS/DAILY,1991-2020,IBGE_2024
5107305,São José do Rio Claro,MT,4525.304,5,mai,43.46221511963015,OK,1991,2020,30,CHIRPS_v2,UCSB-CHG/CHIRPS/DAILY,1991-2020,IBGE_2024
5107206,Rio Branco,MT,539.287,5,mai,50.601404479228506,OK,1991,2020,30,CHIRPS_v2,UCSB-CHG/CHIRPS/DAILY,1991-2020,IBGE_2024
5105234,Lambari D'Oeste,MT,1810.463,5,mai,47.04431436220899,OK,1991,2020,30,CHIRPS_v2,UCSB-CHG/CHIRPS/DAILY,1991-2020,IBGE_2024
5103437,Curvelândia,MT,357.212,5,mai,42.87533481374252,OK,1991,2020,30,CHIRPS_v2,UCSB-CHG/CHIRPS/DAILY,1991-2020,IBGE_2024
5102504,Cáceres,MT,24499.922,5,mai,50.568505327690445,OK,1991,2020,30,CHIRPS_v2,UCSB-CHG/CHIRPS/DAILY,1991-2020,IBGE_2024
5107750,Salto do Céu,MT,1753.38,5,mai,52.86271568194587,OK,1991,2020,30,CHIRPS_v2,UCSB-CHG/CHIRPS/DAILY,1991-2020,IBGE_2024
5106752,Pontes e Lacerda,MT,8545.292,5,mai,53.29991636235986,OK,1991,2020,30,CHIRPS_v2,UCSB-CHG/CHIRPS/DAILY,1991-2020,IBGE_2024
5106182,Nova Lacerda,MT,4780.426,5,mai,65.66195912616888,OK,1991,2020,30,CHIRPS_v2,UCSB-CHG/CHIRPS/DAILY,1991-2020,IBGE_2024
5105507,Vila Bela da Santíssima Trindade,MT,13484.71,5,mai,58.00373561968258,OK,1991,2020,30,CHIRPS_v2,UCSB-CHG/CHIRPS/DAILY,1991-2020,IBGE_2024
5103361,Conquista D'Oeste,MT,2684.676,5,mai,64.98211743065114,OK,1991,2020,30,CHIRPS_v2,UCSB-CHG/CHIRPS/DAILY,1991-2020,IBGE_2024
5103304,Comodoro,MT,21485.018,5,mai,72.08278932348443,OK,1991,2020,30,CHIRPS_v2,UCSB-CHG/CHIRPS/DAILY,1991-2020,IBGE_2024
5102686,Campos de Júlio,MT,6792.808,5,mai,66.16316576056528,OK,1991,2020,30,CHIRPS_v2,UCSB-CHG/CHIRPS/DAILY,1991-2020,IBGE_2024
5108352,Vale de São Domingos,MT,1902.108,5,mai,58.625529063007704,OK,1991,2020,30,CHIRPS_v2,UCSB-CHG/CHIRPS/DAILY,1991-2020,IBGE_2024
5106828,Porto Esperidião,MT,5835.276,5,mai,52.194528575150024,OK,1991,2020,30,CHIRPS_v2,UCSB-CHG/CHIRPS/DAILY,1991-2020,IBGE_2024
5107156,Reserva do Cabaçal,MT,1331.677,5,mai,57.85506989529239,OK,1991,2020,30,CHIRPS_v2,UCSB-CHG/CHIRPS/DAILY,1991-2020,IBGE_2024
5107107,São José dos Quatro Marcos,MT,1282.762,5,mai,48.260222210442535,OK,1991,2020,30,CHIRPS_v2,UCSB-CHG/CHIRPS/DAILY,1991-2020,IBGE_2024
5105622,Mirassol d'Oeste,MT,1085.488,5,mai,43.780107191890885,OK,1991,2020,30,CHIRPS_v2,UCSB-CHG/CHIRPS/DAILY,1991-2020,IBGE_2024
5105002,Jauru,MT,1345.411,5,mai,53.678591960401995,OK,1991,2020,30,CHIRPS_v2,UCSB-CHG/CHIRPS/DAILY,1991-2020,IBGE_2024
5104500,Indiavaí,MT,592.495,5,mai,50.25139217407674,OK,1991,2020,30,CHIRPS_v2,UCSB-CHG/CHIRPS/DAILY,1991-2020,IBGE_2024
5103809,Figueirópolis D'Oeste,MT,891.448,5,mai,51.270400740172526,OK,1991,2020,30,CHIRPS_v2,UCSB-CHG/CHIRPS/DAILY,1991-2020,IBGE_2024
5103957,Glória D'Oeste,MT,833.131,5,mai,46.398369428091044,OK,1991,2020,30,CHIRPS_v2,UCSB-CHG/CHIRPS/DAILY,1991-2020,IBGE_2024
5101258,Araputanga,MT,1639.731,5,mai,51.82677122967381,OK,1991,2020,30,CHIRPS_v2,UCSB-CHG/CHIRPS/DAILY,1991-2020,IBGE_2024
5107248,Santa Carmem,MT,3812.09,5,mai,30.319188681648043,OK,1991,2020,30,CHIRPS_v2,UCSB-CHG/CHIRPS/DAILY,1991-2020,IBGE_2024
5106216,Nova Canaã do Norte,MT,5953.099,5,mai,56.10189937411209,OK,1991,2020,30,CHIRPS_v2,UCSB-CHG/CHIRPS/DAILY,1991-2020,IBGE_2024
5106190,Nova Santa Helena,MT,2385.611,5,mai,42.10533386676331,OK,1991,2020,30,CHIRPS_v2,UCSB-CHG/CHIRPS/DAILY,1991-2020,IBGE_2024
5105580,Marcelândia,MT,12285.486,5,mai,39.74569640595771,OK,1991,2020,30,CHIRPS_v2,UCSB-CHG/CHIRPS/DAILY,1991-2020,IBGE_2024
5104559,Itaúba,MT,4521.79,5,mai,38.32861785278531,OK,1991,2020,30,CHIRPS_v2,UCSB-CHG/CHIRPS/DAILY,1991-2020,IBGE_2024
5103700,Feliz Natal,MT,11661.514,5,mai,29.66752917774753,OK,1991,2020,30,CHIRPS_v2,UCSB-CHG/CHIRPS/DAILY,1991-2020,IBGE_2024
5103205,Colíder,MT,3112.091,5,mai,49.42724718907104,OK,1991,2020,30,CHIRPS_v2,UCSB-CHG/CHIRPS/DAILY,1991-2020,IBGE_2024
5103056,Cláudia,MT,3843.562,5,mai,30.73420961091518,OK,1991,2020,30,CHIRPS_v2,UCSB-CHG/CHIRPS/DAILY,1991-2020,IBGE_2024
5108808,Nova Guarita,MT,1121.928,5,mai,50.362878393753334,OK,1991,2020,30,CHIRPS_v2,UCSB-CHG/CHIRPS/DAILY,1991-2020,IBGE_2024
5108303,União do Sul,MT,4590.628,5,mai,29.460616515537346,OK,1991,2020,30,CHIRPS_v2,UCSB-CHG/CHIRPS/DAILY,1991-2020,IBGE_2024
5107909,Sinop,MT,3990.87,5,mai,31.72915098708973,OK,1991,2020,30,CHIRPS_v2,UCSB-CHG/CHIRPS/DAILY,1991-2020,IBGE_2024
5108055,Terra Nova do Norte,MT,2399.737,5,mai,48.39866974236022,OK,1991,2020,30,CHIRPS_v2,UCSB-CHG/CHIRPS/DAILY,1991-2020,IBGE_2024
5106240,Nova Ubiratã,MT,8720.777,5,mai,27.66047909946441,OK,1991,2020,30,CHIRPS_v2,UCSB-CHG/CHIRPS/DAILY,1991-2020,IBGE_2024
5106224,Nova Mutum,MT,9536.814,5,mai,39.15234636724826,OK,1991,2020,30,CHIRPS_v2,UCSB-CHG/CHIRPS/DAILY,1991-2020,IBGE_2024
5105259,Lucas do Rio Verde,MT,3674.596,5,mai,35.29696447630935,OK,1991,2020,30,CHIRPS_v2,UCSB-CHG/CHIRPS/DAILY,1991-2020,IBGE_2024
5104542,Itanhangá,MT,2909.745,5,mai,36.053224457883346,OK,1991,2020,30,CHIRPS_v2,UCSB-CHG/CHIRPS/DAILY,1991-2020,IBGE_2024
5104526,Ipiranga do Norte,MT,3422.016,5,mai,35.83842024878661,OK,1991,2020,30,CHIRPS_v2,UCSB-CHG/CHIRPS/DAILY,1991-2020,IBGE_2024
5101837,Boa Esperança do Norte,MT,4704.488,5,mai,32.24366583632927,OK,1991,2020,30,CHIRPS_v2,UCSB-CHG/CHIRPS/DAILY,1991-2020,IBGE_2024
5108501,Vera,MT,2978.675,5,mai,29.710394320537524,OK,1991,2020,30,CHIRPS_v2,UCSB-CHG/CHIRPS/DAILY,1991-2020,IBGE_2024
5107925,Sorriso,MT,8454.83,5,mai,34.477162749536774,OK,1991,2020,30,CHIRPS_v2,UCSB-CHG/CHIRPS/DAILY,1991-2020,IBGE_2024
5108006,Tapurah,MT,4492.539,5,mai,35.374434511295995,OK,1991,2020,30,CHIRPS_v2,UCSB-CHG/CHIRPS/DAILY,1991-2020,IBGE_2024
5107768,Santa Rita do Trivelato,MT,4740.204,5,mai,35.25208743238698,OK,1991,2020,30,CHIRPS_v2,UCSB-CHG/CHIRPS/DAILY,1991-2020,IBGE_2024
5105150,Juína,MT,26397.173,5,mai,59.9386575368966,OK,1991,2020,30,CHIRPS_v2,UCSB-CHG/CHIRPS/DAILY,1991-2020,IBGE_2024
5105176,Juruena,MT,3207.837,5,mai,63.54069275759696,OK,1991,2020,30,CHIRPS_v2,UCSB-CHG/CHIRPS/DAILY,1991-2020,IBGE_2024
5103379,Cotriguaçu,MT,9469.956,5,mai,75.81773744193545,OK,1991,2020,30,CHIRPS_v2,UCSB-CHG/CHIRPS/DAILY,1991-2020,IBGE_2024
5103254,Colniza,MT,27960.244,5,mai,97.61928554121448,OK,1991,2020,30,CHIRPS_v2,UCSB-CHG/CHIRPS/DAILY,1991-2020,IBGE_2024
5102850,Castanheira,MT,3713.465,5,mai,52.56248086488941,OK,1991,2020,30,CHIRPS_v2,UCSB-CHG/CHIRPS/DAILY,1991-2020,IBGE_2024
5101407,Aripuanã,MT,24678.135,5,mai,74.03526621583286,OK,1991,2020,30,CHIRPS_v2,UCSB-CHG/CHIRPS/DAILY,1991-2020,IBGE_2024
5107578,Rondolândia,MT,12658.341,5,mai,66.97013830252637,OK,1991,2020,30,CHIRPS_v2,UCSB-CHG/CHIRPS/DAILY,1991-2020,IBGE_2024
5106299,Paranaíta,MT,4814.149,5,mai,79.91656782652623,OK,1991,2020,30,CHIRPS_v2,UCSB-CHG/CHIRPS/DAILY,1991-2020,IBGE_2024
5106158,Nova Bandeirantes,MT,9556.661,5,mai,69.78460736432831,OK,1991,2020,30,CHIRPS_v2,UCSB-CHG/CHIRPS/DAILY,1991-2020,IBGE_2024
5102793,Carlinda,MT,2421.788,5,mai,60.40959200520536,OK,1991,2020,30,CHIRPS_v2,UCSB-CHG/CHIRPS/DAILY,1991-2020,IBGE_2024
5100805,Apiacás,MT,20488.646,5,mai,102.64016488199937,OK,1991,2020,30,CHIRPS_v2,UCSB-CHG/CHIRPS/DAILY,1991-2020,IBGE_2024
5108956,Nova Monte Verde,MT,5139.307,5,mai,67.64076089847399,OK,1991,2020,30,CHIRPS_v2,UCSB-CHG/CHIRPS/DAILY,1991-2020,IBGE_2024
5100250,Alta Floresta,MT,8955.409,5,mai,70.33002439870214,OK,1991,2020,30,CHIRPS_v2,UCSB-CHG/CHIRPS/DAILY,1991-2020,IBGE_2024
5106422,Peixoto de Azevedo,MT,14433.774,5,mai,41.82563155115101,OK,1991,2020,30,CHIRPS_v2,UCSB-CHG/CHIRPS/DAILY,1991-2020,IBGE_2024
5106265,Novo Mundo,MT,5800.758,5,mai,61.846280319085466,OK,1991,2020,30,CHIRPS_v2,UCSB-CHG/CHIRPS/DAILY,1991-2020,IBGE_2024
5105606,Matupá,MT,5228.28,5,mai,48.10933160417339,OK,1991,2020,30,CHIRPS_v2,UCSB-CHG/CHIRPS/DAILY,1991-2020,IBGE_2024
5104104,Guarantã do Norte,MT,4725.273,5,mai,54.672645683776636,OK,1991,2020,30,CHIRPS_v2,UCSB-CHG/CHIRPS/DAILY,1991-2020,IBGE_2024
5106802,Porto dos Gaúchos,MT,6846.668,5,mai,39.15106557282884,OK,1991,2020,30,CHIRPS_v2,UCSB-CHG/CHIRPS/DAILY,1991-2020,IBGE_2024
5106273,Novo Horizonte do Norte,MT,920.048,5,mai,45.712519296470646,OK,1991,2020,30,CHIRPS_v2,UCSB-CHG/CHIRPS/DAILY,1991-2020,IBGE_2024
5105101,Juara,MT,22632.713,5,mai,52.49899246684602,OK,1991,2020,30,CHIRPS_v2,UCSB-CHG/CHIRPS/DAILY,1991-2020,IBGE_2024
5107941,Tabaporã,MT,8439.05,5,mai,46.87570063064769,OK,1991,2020,30,CHIRPS_v2,UCSB-CHG/CHIRPS/DAILY,1991-2020,IBGE_2024
5107198,Ribeirãozinho,MT,624.997,5,mai,32.348708859122105,OK,1991,2020,30,CHIRPS_v2,UCSB-CHG/CHIRPS/DAILY,1991-2020,IBGE_2024
5106281,Novo São Joaquim,MT,5225.595,5,mai,27.18599198557476,OK,1991,2020,30,CHIRPS_v2,UCSB-CHG/CHIRPS/DAILY,1991-2020,IBGE_2024
5106257,Nova Xavantina,MT,5492.21,5,mai,20.63258161185392,OK,1991,2020,30,CHIRPS_v2,UCSB-CHG/CHIRPS/DAILY,1991-2020,IBGE_2024
5106653,Pontal do Araguaia,MT,2742.482,5,mai,26.58587249269764,OK,1991,2020,30,CHIRPS_v2,UCSB-CHG/CHIRPS/DAILY,1991-2020,IBGE_2024
5106703,Ponte Branca,MT,701.138,5,mai,37.59772266797507,OK,1991,2020,30,CHIRPS_v2,UCSB-CHG/CHIRPS/DAILY,1991-2020,IBGE_2024
5103908,General Carneiro,MT,4514.917,5,mai,30.556959777029984,OK,1991,2020,30,CHIRPS_v2,UCSB-CHG/CHIRPS/DAILY,1991-2020,IBGE_2024
5101803,Barra do Garças,MT,8362.912,5,mai,23.065113558862453,OK,1991,2020,30,CHIRPS_v2,UCSB-CHG/CHIRPS/DAILY,1991-2020,IBGE_2024
5101001,Araguaiana,MT,6380.7,5,mai,20.824000746961158,OK,1991,2020,30,CHIRPS_v2,UCSB-CHG/CHIRPS/DAILY,1991-2020,IBGE_2024
5108204,Torixoréu,MT,2398.383,5,mai,31.06059795189252,OK,1991,2020,30,CHIRPS_v2,UCSB-CHG/CHIRPS/DAILY,1991-2020,IBGE_2024
5106778,Porto Alegre do Norte,MT,3971.733,5,mai,31.749041185804565,OK,1991,2020,30,CHIRPS_v2,UCSB-CHG/CHIRPS/DAILY,1991-2020,IBGE_2024
5106315,Novo Santo Antônio,MT,4394.78,5,mai,22.82217006692818,OK,1991,2020,30,CHIRPS_v2,UCSB-CHG/CHIRPS/DAILY,1991-2020,IBGE_2024
5105309,Luciara,MT,4282.733,5,mai,27.19275263614036,OK,1991,2020,30,CHIRPS_v2,UCSB-CHG/CHIRPS/DAILY,1991-2020,IBGE_2024
5103353,Confresa,MT,5802.302,5,mai,38.025545999340075,OK,1991,2020,30,CHIRPS_v2,UCSB-CHG/CHIRPS/DAILY,1991-2020,IBGE_2024
5102694,Canabrava do Norte,MT,3449.037,5,mai,25.329235305161053,OK,1991,2020,30,CHIRPS_v2,UCSB-CHG/CHIRPS/DAILY,1991-2020,IBGE_2024
5101852,Bom Jesus do Araguaia,MT,4266.636,5,mai,32.3289316002998,OK,1991,2020,30,CHIRPS_v2,UCSB-CHG/CHIRPS/DAILY,1991-2020,IBGE_2024
5108600,Vila Rica,MT,7436.42,5,mai,45.2265511326191,OK,1991,2020,30,CHIRPS_v2,UCSB-CHG/CHIRPS/DAILY,1991-2020,IBGE_2024
5100359,Alto Boa Vista,MT,2248.414,5,mai,34.290988216687296,OK,1991,2020,30,CHIRPS_v2,UCSB-CHG/CHIRPS/DAILY,1991-2020,IBGE_2024
5107883,Serra Nova Dourada,MT,1490.793,5,mai,25.863214546667713,OK,1991,2020,30,CHIRPS_v2,UCSB-CHG/CHIRPS/DAILY,1991-2020,IBGE_2024
5107859,São Félix do Araguaia,MT,16682.473,5,mai,30.370225181717075,OK,1991,2020,30,CHIRPS_v2,UCSB-CHG/CHIRPS/DAILY,1991-2020,IBGE_2024
5107354,São José do Xingu,MT,7465.563,5,mai,42.95082997336086,OK,1991,2020,30,CHIRPS_v2,UCSB-CHG/CHIRPS/DAILY,1991-2020,IBGE_2024
5107776,Santa Terezinha,MT,6466.228,5,mai,43.72091877365679,OK,1991,2020,30,CHIRPS_v2,UCSB-CHG/CHIRPS/DAILY,1991-2020,IBGE_2024
5107743,Santa Cruz do Xingu,MT,5623.39,5,mai,47.69006624420296,OK,1991,2020,30,CHIRPS_v2,UCSB-CHG/CHIRPS/DAILY,1991-2020,IBGE_2024
5107180,Ribeirão Cascalheira,MT,11354.555,5,mai,18.608205344229194,OK,1991,2020,30,CHIRPS_v2,UCSB-CHG/CHIRPS/DAILY,1991-2020,IBGE_2024
5107065,Querência,MT,17799.989,5,mai,28.985828351598844,OK,1991,2020,30,CHIRPS_v2,UCSB-CHG/CHIRPS/DAILY,1991-2020,IBGE_2024
5106174,Nova Nazaré,MT,4034.539,5,mai,19.159456964325226,OK,1991,2020,30,CHIRPS_v2,UCSB-CHG/CHIRPS/DAILY,1991-2020,IBGE_2024
5103858,Gaúcha do Norte,MT,16908.375,5,mai,26.969839869844137,OK,1991,2020,30,CHIRPS_v2,UCSB-CHG/CHIRPS/DAILY,1991-2020,IBGE_2024
5102702,Canarana,MT,10855.181,5,mai,20.14686590824918,OK,1991,2020,30,CHIRPS_v2,UCSB-CHG/CHIRPS/DAILY,1991-2020,IBGE_2024
5103106,Cocalinho,MT,16563.136,5,mai,18.454139229094437,OK,1991,2020,30,CHIRPS_v2,UCSB-CHG/CHIRPS/DAILY,1991-2020,IBGE_2024
5102603,Campinápolis,MT,5978.984,5,mai,24.750979279771823,OK,1991,2020,30,CHIRPS_v2,UCSB-CHG/CHIRPS/DAILY,1991-2020,IBGE_2024
5100201,Água Boa,MT,7549.308,5,mai,20.504104379474988,OK,1991,2020,30,CHIRPS_v2,UCSB-CHG/CHIRPS/DAILY,1991-2020,IBGE_2024
5106372,Pedra Preta,MT,3841.672,5,mai,43.85470683737524,OK,1991,2020,30,CHIRPS_v2,UCSB-CHG/CHIRPS/DAILY,1991-2020,IBGE_2024
5104203,Guiratinga,MT,5044.493,5,mai,41.04855228703172,OK,1991,2020,30,CHIRPS_v2,UCSB-CHG/CHIRPS/DAILY,1991-2020,IBGE_2024
5104609,Itiquira,MT,8698.814,5,mai,47.495356452381486,OK,1991,2020,30,CHIRPS_v2,UCSB-CHG/CHIRPS/DAILY,1991-2020,IBGE_2024
5101209,Araguainha,MT,675.231,5,mai,40.58448843706263,OK,1991,2020,30,CHIRPS_v2,UCSB-CHG/CHIRPS/DAILY,1991-2020,IBGE_2024
5100300,Alto Araguaia,MT,5094.148,5,mai,47.785398579813055,OK,1991,2020,30,CHIRPS_v2,UCSB-CHG/CHIRPS/DAILY,1991-2020,IBGE_2024
5100607,Alto Taquari,MT,1744.743,5,mai,53.5420551750473,OK,1991,2020,30,CHIRPS_v2,UCSB-CHG/CHIRPS/DAILY,1991-2020,IBGE_2024
5100409,Alto Garças,MT,3857.559,5,mai,45.33005182055112,OK,1991,2020,30,CHIRPS_v2,UCSB-CHG/CHIRPS/DAILY,1991-2020,IBGE_2024
5108105,Tesouro,MT,4244.073,5,mai,36.45764035532093,OK,1991,2020,30,CHIRPS_v2,UCSB-CHG/CHIRPS/DAILY,1991-2020,IBGE_2024
5107297,São José do Povo,MT,489.737,5,mai,41.41417958512582,OK,1991,2020,30,CHIRPS_v2,UCSB-CHG/CHIRPS/DAILY,1991-2020,IBGE_2024
5107602,Rondonópolis,MT,4824.505,5,mai,41.83606186491849,OK,1991,2020,30,CHIRPS_v2,UCSB-CHG/CHIRPS/DAILY,1991-2020,IBGE_2024
5107008,Poxoréu,MT,6915.298,5,mai,41.60219985859317,OK,1991,2020,30,CHIRPS_v2,UCSB-CHG/CHIRPS/DAILY,1991-2020,IBGE_2024
5107040,Primavera do Leste,MT,5470.383,5,mai,36.34268690163599,OK,1991,2020,30,CHIRPS_v2,UCSB-CHG/CHIRPS/DAILY,1991-2020,IBGE_2024
5106307,Paranatinga,MT,24127.429,5,mai,28.93401635157955,OK,1991,2020,30,CHIRPS_v2,UCSB-CHG/CHIRPS/DAILY,1991-2020,IBGE_2024
5107792,Santo Antônio do Leste,MT,3403.593,5,mai,29.833995094039068,OK,1991,2020,30,CHIRPS_v2,UCSB-CHG/CHIRPS/DAILY,1991-2020,IBGE_2024
5104807,Jaciara,MT,2429.678,5,mai,52.96907510527758,OK,1991,2020,30,CHIRPS_v2,UCSB-CHG/CHIRPS/DAILY,1991-2020,IBGE_2024
5105200,Juscimeira,MT,2291.301,5,mai,44.79260085761954,OK,1991,2020,30,CHIRPS_v2,UCSB-CHG/CHIRPS/DAILY,1991-2020,IBGE_2024
5103601,Dom Aquino,MT,2183.603,5,mai,46.15314226150747,OK,1991,2020,30,CHIRPS_v2,UCSB-CHG/CHIRPS/DAILY,1991-2020,IBGE_2024
5107404,São Pedro da Cipa,MT,344.33,5,mai,47.59089001707842,OK,1991,2020,30,CHIRPS_v2,UCSB-CHG/CHIRPS/DAILY,1991-2020,IBGE_2024
5205208,Caturaí,GO,205.065,5,mai,26.853869995129973,OK,1991,2020,30,CHIRPS_v2,UCSB-CHG/CHIRPS/DAILY,1991-2020,IBGE_2024
5221908,Varjão,GO,517.402,5,mai,27.402379537924933,OK,1991,2020,30,CHIRPS_v2,UCSB-CHG/CHIRPS/DAILY,1991-2020,IBGE_2024
5204557,Caldazinha,GO,251.72,5,mai,27.580688825192965,OK,1991,2020,30,CHIRPS_v2,UCSB-CHG/CHIRPS/DAILY,1991-2020,IBGE_2024
5221403,Trindade,GO,712.69,5,mai,27.873319707678878,OK,1991,2020,30,CHIRPS_v2,UCSB-CHG/CHIRPS/DAILY,1991-2020,IBGE_2024
5221197,Terezópolis de Goiás,GO,107.407,5,mai,26.522561999042555,OK,1991,2020,30,CHIRPS_v2,UCSB-CHG/CHIRPS/DAILY,1991-2020,IBGE_2024
5220454,Senador Canedo,GO,247.005,5,mai,27.4209510533422,OK,1991,2020,30,CHIRPS_v2,UCSB-CHG/CHIRPS/DAILY,1991-2020,IBGE_2024
5203559,Bonfinópolis,GO,121.915,5,mai,26.984997965688738,OK,1991,2020,30,CHIRPS_v2,UCSB-CHG/CHIRPS/DAILY,1991-2020,IBGE_2024
5203609,Brazabrantes,GO,125.326,5,mai,26.134100219658126,OK,1991,2020,30,CHIRPS_v2,UCSB-CHG/CHIRPS/DAILY,1991-2020,IBGE_2024
5219738,Santo Antônio de Goiás,GO,135.022,5,mai,26.991464140895363,OK,1991,2020,30,CHIRPS_v2,UCSB-CHG/CHIRPS/DAILY,1991-2020,IBGE_2024
5203302,Bela Vista de Goiás,GO,1274.034,5,mai,26.64733354404642,OK,1991,2020,30,CHIRPS_v2,UCSB-CHG/CHIRPS/DAILY,1991-2020,IBGE_2024
5209705,Hidrolândia,GO,952.122,5,mai,26.628103667599653,OK,1991,2020,30,CHIRPS_v2,UCSB-CHG/CHIRPS/DAILY,1991-2020,IBGE_2024
5201801,Aragoiânia,GO,218.125,5,mai,27.285411834412116,OK,1991,2020,30,CHIRPS_v2,UCSB-CHG/CHIRPS/DAILY,1991-2020,IBGE_2024
5209200,Guapó,GO,514.178,5,mai,27.729082609226392,OK,1991,2020,30,CHIRPS_v2,UCSB-CHG/CHIRPS/DAILY,1991-2020,IBGE_2024
5201405,Aparecida de Goiânia,GO,279.954,5,mai,28.603240809980186,OK,1991,2020,30,CHIRPS_v2,UCSB-CHG/CHIRPS/DAILY,1991-2020,IBGE_2024
5208806,Goianira,GO,213.772,5,mai,27.0900522107347,OK,1991,2020,30,CHIRPS_v2,UCSB-CHG/CHIRPS/DAILY,1991-2020,IBGE_2024
5208707,Goiânia,GO,729.296,5,mai,28.09704056005805,OK,1991,2020,30,CHIRPS_v2,UCSB-CHG/CHIRPS/DAILY,1991-2020,IBGE_2024
5200050,Abadia de Goiás,GO,143.357,5,mai,29.026437648489072,OK,1991,2020,30,CHIRPS_v2,UCSB-CHG/CHIRPS/DAILY,1991-2020,IBGE_2024
5215009,Nova Veneza,GO,122.354,5,mai,26.093919463243267,OK,1991,2020,30,CHIRPS_v2,UCSB-CHG/CHIRPS/DAILY,1991-2020,IBGE_2024
5214507,Nerópolis,GO,204.713,5,mai,26.894093800408875,OK,1991,2020,30,CHIRPS_v2,UCSB-CHG/CHIRPS/DAILY,1991-2020,IBGE_2024
5205802,Corumbá de Goiás,GO,1064.833,5,mai,26.277632762526412,OK,1991,2020,30,CHIRPS_v2,UCSB-CHG/CHIRPS/DAILY,1991-2020,IBGE_2024
5220603,Silvânia,GO,2349.924,5,mai,24.39928507779902,OK,1991,2020,30,CHIRPS_v2,UCSB-CHG/CHIRPS/DAILY,1991-2020,IBGE_2024
5204854,Campo Limpo de Goiás,GO,156.113,5,mai,26.147271961443444,OK,1991,2020,30,CHIRPS_v2,UCSB-CHG/CHIRPS/DAILY,1991-2020,IBGE_2024
5212303,Leopoldo de Bulhões,GO,476.138,5,mai,26.30245949361104,OK,1991,2020,30,CHIRPS_v2,UCSB-CHG/CHIRPS/DAILY,1991-2020,IBGE_2024
5211800,Jaraguá,GO,1848.947,5,mai,24.877127690416586,OK,1991,2020,30,CHIRPS_v2,UCSB-CHG/CHIRPS/DAILY,1991-2020,IBGE_2024
5220264,São Miguel do Passa Quatro,GO,537.347,5,mai,25.302200169520273,OK,1991,2020,30,CHIRPS_v2,UCSB-CHG/CHIRPS/DAILY,1991-2020,IBGE_2024
5212055,Jesúpolis,GO,115.211,5,mai,26.2796448799466,OK,1991,2020,30,CHIRPS_v2,UCSB-CHG/CHIRPS/DAILY,1991-2020,IBGE_2024
5219506,Santa Rosa de Goiás,GO,166.44,5,mai,26.0170106333649,OK,1991,2020,30,CHIRPS_v2,UCSB-CHG/CHIRPS/DAILY,1991-2020,IBGE_2024
5219902,São Francisco de Goiás,GO,416.535,5,mai,26.514392937248665,OK,1991,2020,30,CHIRPS_v2,UCSB-CHG/CHIRPS/DAILY,1991-2020,IBGE_2024
5201108,Anápolis,GO,935.671,5,mai,25.946939250432152,OK,1991,2020,30,CHIRPS_v2,UCSB-CHG/CHIRPS/DAILY,1991-2020,IBGE_2024
5217302,Pirenópolis,GO,2200.369,5,mai,27.382079920648568,OK,1991,2020,30,CHIRPS_v2,UCSB-CHG/CHIRPS/DAILY,1991-2020,IBGE_2024
5200100,Abadiânia,GO,1044.555,5,mai,25.475443924106518,OK,1991,2020,30,CHIRPS_v2,UCSB-CHG/CHIRPS/DAILY,1991-2020,IBGE_2024
5208152,Gameleira de Goiás,GO,588.328,5,mai,25.74427579448001,OK,1991,2020,30,CHIRPS_v2,UCSB-CHG/CHIRPS/DAILY,1991-2020,IBGE_2024
5216809,Petrolina de Goiás,GO,530.49,5,mai,25.809424025357057,OK,1991,2020,30,CHIRPS_v2,UCSB-CHG/CHIRPS/DAILY,1991-2020,IBGE_2024
5208400,Goianápolis,GO,166.642,5,mai,26.700142484068664,OK,1991,2020,30,CHIRPS_v2,UCSB-CHG/CHIRPS/DAILY,1991-2020,IBGE_2024
5200308,Alexânia,GO,846.876,5,mai,23.437832291112333,OK,1991,2020,30,CHIRPS_v2,UCSB-CHG/CHIRPS/DAILY,1991-2020,IBGE_2024
5215405,Ouro Verde de Goiás,GO,208.804,5,mai,26.181269969080013,OK,1991,2020,30,CHIRPS_v2,UCSB-CHG/CHIRPS/DAILY,1991-2020,IBGE_2024
5222005,Vianópolis,GO,954.115,5,mai,23.558314604804732,OK,1991,2020,30,CHIRPS_v2,UCSB-CHG/CHIRPS/DAILY,1991-2020,IBGE_2024
5221007,Taquaral de Goiás,GO,205.665,5,mai,26.248072326226797,OK,1991,2020,30,CHIRPS_v2,UCSB-CHG/CHIRPS/DAILY,1991-2020,IBGE_2024
5211404,Itauçu,GO,383.064,5,mai,26.077759318495772,OK,1991,2020,30,CHIRPS_v2,UCSB-CHG/CHIRPS/DAILY,1991-2020,IBGE_2024
5202809,Avelinópolis,GO,170.228,5,mai,27.246314824278823,OK,1991,2020,30,CHIRPS_v2,UCSB-CHG/CHIRPS/DAILY,1991-2020,IBGE_2024
5210406,Itaberaí,GO,1461.916,5,mai,28.369745601071333,OK,1991,2020,30,CHIRPS_v2,UCSB-CHG/CHIRPS/DAILY,1991-2020,IBGE_2024
5210604,Itaguaru,GO,241.029,5,mai,25.682590833414025,OK,1991,2020,30,CHIRPS_v2,UCSB-CHG/CHIRPS/DAILY,1991-2020,IBGE_2024
5210562,Itaguari,GO,142.652,5,mai,26.719887855076472,OK,1991,2020,30,CHIRPS_v2,UCSB-CHG/CHIRPS/DAILY,1991-2020,IBGE_2024
5201603,Araçu,GO,149.776,5,mai,26.943474098290704,OK,1991,2020,30,CHIRPS_v2,UCSB-CHG/CHIRPS/DAILY,1991-2020,IBGE_2024
5210000,Inhumas,GO,614.889,5,mai,25.973757594519167,OK,1991,2020,30,CHIRPS_v2,UCSB-CHG/CHIRPS/DAILY,1991-2020,IBGE_2024
5209606,Heitoraí,GO,228.615,5,mai,26.535362343271565,OK,1991,2020,30,CHIRPS_v2,UCSB-CHG/CHIRPS/DAILY,1991-2020,IBGE_2024
5201306,Anicuns,GO,976.038,5,mai,28.656626615521237,OK,1991,2020,30,CHIRPS_v2,UCSB-CHG/CHIRPS/DAILY,1991-2020,IBGE_2024
5200852,Americano do Brasil,GO,133.834,5,mai,29.90200097738847,OK,1991,2020,30,CHIRPS_v2,UCSB-CHG/CHIRPS/DAILY,1991-2020,IBGE_2024
5200159,Adelândia,GO,115.385,5,mai,29.49606865267916,OK,1991,2020,30,CHIRPS_v2,UCSB-CHG/CHIRPS/DAILY,1991-2020,IBGE_2024
5206800,Damolândia,GO,86.057,5,mai,25.576332558090616,OK,1991,2020,30,CHIRPS_v2,UCSB-CHG/CHIRPS/DAILY,1991-2020,IBGE_2024
5210109,Ipameri,GO,4382.863,5,mai,28.070734194528175,OK,1991,2020,30,CHIRPS_v2,UCSB-CHG/CHIRPS/DAILY,1991-2020,IBGE_2024
5212956,Matrinchã,GO,1150.502,5,mai,19.517017235767653,OK,1991,2020,30,CHIRPS_v2,UCSB-CHG/CHIRPS/DAILY,1991-2020,IBGE_2024
5212204,Jussara,GO,4092.339,5,mai,21.65982795001091,OK,1991,2020,30,CHIRPS_v2,UCSB-CHG/CHIRPS/DAILY,1991-2020,IBGE_2024
5203807,Britânia,GO,1458.459,5,mai,18.942098268406486,OK,1991,2020,30,CHIRPS_v2,UCSB-CHG/CHIRPS/DAILY,1991-2020,IBGE_2024
5219258,Santa Fé de Goiás,GO,1164.186,5,mai,20.816951341205684,OK,1991,2020,30,CHIRPS_v2,UCSB-CHG/CHIRPS/DAILY,1991-2020,IBGE_2024
5211206,Itapuranga,GO,1281.404,5,mai,24.719112549222608,OK,1991,2020,30,CHIRPS_v2,UCSB-CHG/CHIRPS/DAILY,1991-2020,IBGE_2024
5211008,Itapirapuã,GO,2047.873,5,mai,22.414522395017958,OK,1991,2020,30,CHIRPS_v2,UCSB-CHG/CHIRPS/DAILY,1991-2020,IBGE_2024
5202155,Araguapaz,GO,2188.1,5,mai,20.60094831554539,OK,1991,2020,30,CHIRPS_v2,UCSB-CHG/CHIRPS/DAILY,1991-2020,IBGE_2024
5202502,Aruanã,GO,3054.773,5,mai,19.524504691556608,OK,1991,2020,30,CHIRPS_v2,UCSB-CHG/CHIRPS/DAILY,1991-2020,IBGE_2024
5209291,Guaraíta,GO,205.533,5,mai,27.038728267697376,OK,1991,2020,30,CHIRPS_v2,UCSB-CHG/CHIRPS/DAILY,1991-2020,IBGE_2024
5208905,Goiás,GO,3108.423,5,mai,28.298927057531227,OK,1991,2020,30,CHIRPS_v2,UCSB-CHG/CHIRPS/DAILY,1991-2020,IBGE_2024
5207535,Faina,GO,1949.685,5,mai,21.720689939773017,OK,1991,2020,30,CHIRPS_v2,UCSB-CHG/CHIRPS/DAILY,1991-2020,IBGE_2024
5214838,Nova Crixás,GO,7308.682,5,mai,17.03948089154178,OK,1991,2020,30,CHIRPS_v2,UCSB-CHG/CHIRPS/DAILY,1991-2020,IBGE_2024
5215207,Novo Brasil,GO,649.35,5,mai,26.920405249566205,OK,1991,2020,30,CHIRPS_v2,UCSB-CHG/CHIRPS/DAILY,1991-2020,IBGE_2024
5213905,Mossâmedes,GO,684.882,5,mai,31.415736355208534,OK,1991,2020,30,CHIRPS_v2,UCSB-CHG/CHIRPS/DAILY,1991-2020,IBGE_2024
5214002,Mozarlândia,GO,1738.516,5,mai,19.43018260368563,OK,1991,2020,30,CHIRPS_v2,UCSB-CHG/CHIRPS/DAILY,1991-2020,IBGE_2024
5219209,Santa Cruz de Goiás,GO,1109.007,5,mai,23.898145798747144,OK,1991,2020,30,CHIRPS_v2,UCSB-CHG/CHIRPS/DAILY,1991-2020,IBGE_2024
5217401,Pires do Rio,GO,1077.641,5,mai,24.57425759419492,OK,1991,2020,30,CHIRPS_v2,UCSB-CHG/CHIRPS/DAILY,1991-2020,IBGE_2024
5215306,Orizona,GO,1971.265,5,mai,23.4975904590743,OK,1991,2020,30,CHIRPS_v2,UCSB-CHG/CHIRPS/DAILY,1991-2020,IBGE_2024
5215801,Palmelo,GO,59.809,5,mai,23.546343610939218,OK,1991,2020,30,CHIRPS_v2,UCSB-CHG/CHIRPS/DAILY,1991-2020,IBGE_2024
5213806,Morrinhos,GO,2846.299,5,mai,27.708859581040816,OK,1991,2020,30,CHIRPS_v2,UCSB-CHG/CHIRPS/DAILY,1991-2020,IBGE_2024
5212600,Mairipotaba,GO,468.029,5,mai,26.941131903698732,OK,1991,2020,30,CHIRPS_v2,UCSB-CHG/CHIRPS/DAILY,1991-2020,IBGE_2024
5218391,Professor Jamil,GO,356.292,5,mai,26.323313551065574,OK,1991,2020,30,CHIRPS_v2,UCSB-CHG/CHIRPS/DAILY,1991-2020,IBGE_2024
5217708,Pontalina,GO,1434.289,5,mai,27.60577020907982,OK,1991,2020,30,CHIRPS_v2,UCSB-CHG/CHIRPS/DAILY,1991-2020,IBGE_2024
5217104,Piracanjuba,GO,2374.232,5,mai,25.953755457410196,OK,1991,2020,30,CHIRPS_v2,UCSB-CHG/CHIRPS/DAILY,1991-2020,IBGE_2024
5207352,Edealina,GO,598.218,5,mai,27.128113599570565,OK,1991,2020,30,CHIRPS_v2,UCSB-CHG/CHIRPS/DAILY,1991-2020,IBGE_2024
5206305,Cristianópolis,GO,221.624,5,mai,24.141906913445514,OK,1991,2020,30,CHIRPS_v2,UCSB-CHG/CHIRPS/DAILY,1991-2020,IBGE_2024
5206503,Cromínia,GO,364.918,5,mai,26.370976274534147,OK,1991,2020,30,CHIRPS_v2,UCSB-CHG/CHIRPS/DAILY,1991-2020,IBGE_2024
5222054,Vicentinópolis,GO,733.794,5,mai,30.4218550322444,OK,1991,2020,30,CHIRPS_v2,UCSB-CHG/CHIRPS/DAILY,1991-2020,IBGE_2024
5221551,Turvelândia,GO,935.659,5,mai,33.34997070381235,OK,1991,2020,30,CHIRPS_v2,UCSB-CHG/CHIRPS/DAILY,1991-2020,IBGE_2024
5213756,Montividiu,GO,1869.581,5,mai,35.05251535736298,OK,1991,2020,30,CHIRPS_v2,UCSB-CHG/CHIRPS/DAILY,1991-2020,IBGE_2024
5219712,Santo Antônio da Barra,GO,450.336,5,mai,32.70064755694072,OK,1991,2020,30,CHIRPS_v2,UCSB-CHG/CHIRPS/DAILY,1991-2020,IBGE_2024
5219308,Santa Helena de Goiás,GO,1142.337,5,mai,33.346727566994375,OK,1991,2020,30,CHIRPS_v2,UCSB-CHG/CHIRPS/DAILY,1991-2020,IBGE_2024
5218805,Rio Verde,GO,8374.254,5,mai,36.58950306320081,OK,1991,2020,30,CHIRPS_v2,UCSB-CHG/CHIRPS/DAILY,1991-2020,IBGE_2024
5205471,Chapadão do Céu,GO,2184.077,5,mai,51.66560349039664,OK,1991,2020,30,CHIRPS_v2,UCSB-CHG/CHIRPS/DAILY,1991-2020,IBGE_2024
5213103,Mineiros,GO,9042.844,5,mai,46.61053460483913,OK,1991,2020,30,CHIRPS_v2,UCSB-CHG/CHIRPS/DAILY,1991-2020,IBGE_2024
5220504,Serranópolis,GO,5521.775,5,mai,45.10248096685686,OK,1991,2020,30,CHIRPS_v2,UCSB-CHG/CHIRPS/DAILY,1991-2020,IBGE_2024
5211909,Jataí,GO,7178.792,5,mai,41.74571318305609,OK,1991,2020,30,CHIRPS_v2,UCSB-CHG/CHIRPS/DAILY,1991-2020,IBGE_2024
5204409,Caiapônia,GO,8627.961,5,mai,32.10391548342824,OK,1991,2020,30,CHIRPS_v2,UCSB-CHG/CHIRPS/DAILY,1991-2020,IBGE_2024
5219407,Santa Rita do Araguaia,GO,1357.197,5,mai,45.946375757106054,OK,1991,2020,30,CHIRPS_v2,UCSB-CHG/CHIRPS/DAILY,1991-2020,IBGE_2024
5218102,Portelândia,GO,553.411,5,mai,43.1099607461452,OK,1991,2020,30,CHIRPS_v2,UCSB-CHG/CHIRPS/DAILY,1991-2020,IBGE_2024
5216452,Perolândia,GO,1033.657,5,mai,40.656946680015956,OK,1991,2020,30,CHIRPS_v2,UCSB-CHG/CHIRPS/DAILY,1991-2020,IBGE_2024
5207253,Doverlândia,GO,3227.558,5,mai,31.196340489294297,OK,1991,2020,30,CHIRPS_v2,UCSB-CHG/CHIRPS/DAILY,1991-2020,IBGE_2024
5205703,Córrego do Ouro,GO,458.077,5,mai,28.929677898490766,OK,1991,2020,30,CHIRPS_v2,UCSB-CHG/CHIRPS/DAILY,1991-2020,IBGE_2024
5213400,Moiporá,GO,452.314,5,mai,27.24877396828485,OK,1991,2020,30,CHIRPS_v2,UCSB-CHG/CHIRPS/DAILY,1991-2020,IBGE_2024
5204201,Cachoeira de Goiás,GO,424.49,5,mai,26.65895206176673,OK,1991,2020,30,CHIRPS_v2,UCSB-CHG/CHIRPS/DAILY,1991-2020,IBGE_2024
5220108,São Luís de Montes Belos,GO,829.62,5,mai,28.623558759645675,OK,1991,2020,30,CHIRPS_v2,UCSB-CHG/CHIRPS/DAILY,1991-2020,IBGE_2024
5203939,Buriti de Goiás,GO,202.576,5,mai,29.9669963627064,OK,1991,2020,30,CHIRPS_v2,UCSB-CHG/CHIRPS/DAILY,1991-2020,IBGE_2024
5211602,Ivolândia,GO,1260.841,5,mai,27.051103849038636,OK,1991,2020,30,CHIRPS_v2,UCSB-CHG/CHIRPS/DAILY,1991-2020,IBGE_2024
5219001,Sanclerlândia,GO,509.402,5,mai,30.220113253026398,OK,1991,2020,30,CHIRPS_v2,UCSB-CHG/CHIRPS/DAILY,1991-2020,IBGE_2024
5202601,Aurilândia,GO,565.514,5,mai,26.65338510135077,OK,1991,2020,30,CHIRPS_v2,UCSB-CHG/CHIRPS/DAILY,1991-2020,IBGE_2024
5207600,Fazenda Nova,GO,1279.107,5,mai,26.23452287698701,OK,1991,2020,30,CHIRPS_v2,UCSB-CHG/CHIRPS/DAILY,1991-2020,IBGE_2024
5213707,Montes Claros de Goiás,GO,2900.397,5,mai,24.423408641410337,OK,1991,2020,30,CHIRPS_v2,UCSB-CHG/CHIRPS/DAILY,1991-2020,IBGE_2024
5212006,Jaupaci,GO,528.783,5,mai,25.853189356197117,OK,1991,2020,30,CHIRPS_v2,UCSB-CHG/CHIRPS/DAILY,1991-2020,IBGE_2024
5203104,Baliza,GO,1780.173,5,mai,28.01421601467715,OK,1991,2020,30,CHIRPS_v2,UCSB-CHG/CHIRPS/DAILY,1991-2020,IBGE_2024
5203401,Bom Jardim de Goiás,GO,1901.141,5,mai,25.467356331942334,OK,1991,2020,30,CHIRPS_v2,UCSB-CHG/CHIRPS/DAILY,1991-2020,IBGE_2024
5210208,Iporá,GO,1027.249,5,mai,27.316583070142194,OK,1991,2020,30,CHIRPS_v2,UCSB-CHG/CHIRPS/DAILY,1991-2020,IBGE_2024
5210307,Israelândia,GO,579.19,5,mai,27.260854166754484,OK,1991,2020,30,CHIRPS_v2,UCSB-CHG/CHIRPS/DAILY,1991-2020,IBGE_2024
5202353,Arenópolis,GO,1075.535,5,mai,27.76037564514611,OK,1991,2020,30,CHIRPS_v2,UCSB-CHG/CHIRPS/DAILY,1991-2020,IBGE_2024
5201702,Aragarças,GO,661.673,5,mai,22.808633154360304,OK,1991,2020,30,CHIRPS_v2,UCSB-CHG/CHIRPS/DAILY,1991-2020,IBGE_2024
5200902,Amorinópolis,GO,406.93,5,mai,26.65161979814662,OK,1991,2020,30,CHIRPS_v2,UCSB-CHG/CHIRPS/DAILY,1991-2020,IBGE_2024
5217203,Piranhas,GO,2045.088,5,mai,28.399206858939145,OK,1991,2020,30,CHIRPS_v2,UCSB-CHG/CHIRPS/DAILY,1991-2020,IBGE_2024
5215652,Palestina de Goiás,GO,1318.047,5,mai,28.778542262505383,OK,1991,2020,30,CHIRPS_v2,UCSB-CHG/CHIRPS/DAILY,1991-2020,IBGE_2024
5207105,Diorama,GO,685.382,5,mai,26.458253277183648,OK,1991,2020,30,CHIRPS_v2,UCSB-CHG/CHIRPS/DAILY,1991-2020,IBGE_2024
5221502,Turvânia,GO,482.317,5,mai,28.583499942789153,OK,1991,2020,30,CHIRPS_v2,UCSB-CHG/CHIRPS/DAILY,1991-2020,IBGE_2024
5205455,Cezarina,GO,417.08,5,mai,27.92150547699574,OK,1991,2020,30,CHIRPS_v2,UCSB-CHG/CHIRPS/DAILY,1991-2020,IBGE_2024
5204607,Campestre de Goiás,GO,272.734,5,mai,28.510543049713434,OK,1991,2020,30,CHIRPS_v2,UCSB-CHG/CHIRPS/DAILY,1991-2020,IBGE_2024
5220058,São João da Paraúna,GO,286.979,5,mai,26.79229003835595,OK,1991,2020,30,CHIRPS_v2,UCSB-CHG/CHIRPS/DAILY,1991-2020,IBGE_2024
5211701,Jandaia,GO,863.087,5,mai,27.238316836461497,OK,1991,2020,30,CHIRPS_v2,UCSB-CHG/CHIRPS/DAILY,1991-2020,IBGE_2024
5219100,Santa Bárbara de Goiás,GO,140.957,5,mai,27.902431741453654,OK,1991,2020,30,CHIRPS_v2,UCSB-CHG/CHIRPS/DAILY,1991-2020,IBGE_2024
5209952,Indiara,GO,955.419,5,mai,27.32575201853327,OK,1991,2020,30,CHIRPS_v2,UCSB-CHG/CHIRPS/DAILY,1991-2020,IBGE_2024
5200134,Acreúna,GO,1566.742,5,mai,30.768116989312734,OK,1991,2020,30,CHIRPS_v2,UCSB-CHG/CHIRPS/DAILY,1991-2020,IBGE_2024
5216403,Paraúna,GO,3786.578,5,mai,28.56459119786827,OK,1991,2020,30,CHIRPS_v2,UCSB-CHG/CHIRPS/DAILY,1991-2020,IBGE_2024
5207808,Firminópolis,GO,422.34,5,mai,27.62743866479738,OK,1991,2020,30,CHIRPS_v2,UCSB-CHG/CHIRPS/DAILY,1991-2020,IBGE_2024
5215900,Palminópolis,GO,393.326,5,mai,27.37479310866538,OK,1991,2020,30,CHIRPS_v2,UCSB-CHG/CHIRPS/DAILY,1991-2020,IBGE_2024
5215702,Palmeiras de Goiás,GO,1537.199,5,mai,28.305948927799168,OK,1991,2020,30,CHIRPS_v2,UCSB-CHG/CHIRPS/DAILY,1991-2020,IBGE_2024
5207402,Edéia,GO,1469.099,5,mai,28.324277855267486,OK,1991,2020,30,CHIRPS_v2,UCSB-CHG/CHIRPS/DAILY,1991-2020,IBGE_2024
5214408,Nazário,GO,281.144,5,mai,27.515670368997267,OK,1991,2020,30,CHIRPS_v2,UCSB-CHG/CHIRPS/DAILY,1991-2020,IBGE_2024
5214051,Mundo Novo,GO,2141.534,5,mai,15.93773226602619,OK,1991,2020,30,CHIRPS_v2,UCSB-CHG/CHIRPS/DAILY,1991-2020,IBGE_2024
5214101,Mutunópolis,GO,955.069,5,mai,18.51648837006513,OK,1991,2020,30,CHIRPS_v2,UCSB-CHG/CHIRPS/DAILY,1991-2020,IBGE_2024
5221452,Trombas,GO,802.905,5,mai,17.49514934389147,OK,1991,2020,30,CHIRPS_v2,UCSB-CHG/CHIRPS/DAILY,1991-2020,IBGE_2024
5204656,Campinaçu,GO,1978.386,5,mai,16.191598329493928,OK,1991,2020,30,CHIRPS_v2,UCSB-CHG/CHIRPS/DAILY,1991-2020,IBGE_2024
5213087,Minaçu,GO,2854.137,5,mai,14.763536796293671,OK,1991,2020,30,CHIRPS_v2,UCSB-CHG/CHIRPS/DAILY,1991-2020,IBGE_2024
5203575,Bonópolis,GO,1635.319,5,mai,16.585238862827193,OK,1991,2020,30,CHIRPS_v2,UCSB-CHG/CHIRPS/DAILY,1991-2020,IBGE_2024
5220207,São Miguel do Araguaia,GO,6150.179,5,mai,16.715126113739778,OK,1991,2020,30,CHIRPS_v2,UCSB-CHG/CHIRPS/DAILY,1991-2020,IBGE_2024
5219605,Santa Tereza de Goiás,GO,789.544,5,mai,20.199109777071747,OK,1991,2020,30,CHIRPS_v2,UCSB-CHG/CHIRPS/DAILY,1991-2020,IBGE_2024
5218003,Porangatu,GO,4825.287,5,mai,19.07651137360537,OK,1991,2020,30,CHIRPS_v2,UCSB-CHG/CHIRPS/DAILY,1991-2020,IBGE_2024
5208103,Formoso,GO,843.42,5,mai,18.38818398262245,OK,1991,2020,30,CHIRPS_v2,UCSB-CHG/CHIRPS/DAILY,1991-2020,IBGE_2024
5207501,Estrela do Norte,GO,301.139,5,mai,18.753761634690843,OK,1991,2020,30,CHIRPS_v2,UCSB-CHG/CHIRPS/DAILY,1991-2020,IBGE_2024
5215256,Novo Planalto,GO,1254.491,5,mai,18.483339874251726,OK,1991,2020,30,CHIRPS_v2,UCSB-CHG/CHIRPS/DAILY,1991-2020,IBGE_2024
5213772,Montividiu do Norte,GO,1337.232,5,mai,16.930503243409834,OK,1991,2020,30,CHIRPS_v2,UCSB-CHG/CHIRPS/DAILY,1991-2020,IBGE_2024
5221601,Uruaçu,GO,2142.498,5,mai,16.464506010216652,OK,1991,2020,30,CHIRPS_v2,UCSB-CHG/CHIRPS/DAILY,1991-2020,IBGE_2024
5205521,Colinas do Sul,GO,1707.52,5,mai,15.535496995097741,OK,1991,2020,30,CHIRPS_v2,UCSB-CHG/CHIRPS/DAILY,1991-2020,IBGE_2024
5204706,Campinorte,GO,1064.527,5,mai,16.533533711576972,OK,1991,2020,30,CHIRPS_v2,UCSB-CHG/CHIRPS/DAILY,1991-2020,IBGE_2024
5212808,Mara Rosa,GO,1695.463,5,mai,16.136181003868053,OK,1991,2020,30,CHIRPS_v2,UCSB-CHG/CHIRPS/DAILY,1991-2020,IBGE_2024
5220157,São Luiz do Norte,GO,583.832,5,mai,17.170498847626273,OK,1991,2020,30,CHIRPS_v2,UCSB-CHG/CHIRPS/DAILY,1991-2020,IBGE_2024
5209804,Hidrolina,GO,583.756,5,mai,16.496461715946975,OK,1991,2020,30,CHIRPS_v2,UCSB-CHG/CHIRPS/DAILY,1991-2020,IBGE_2024
5200555,Alto Horizonte,GO,500.342,5,mai,15.481760825155858,OK,1991,2020,30,CHIRPS_v2,UCSB-CHG/CHIRPS/DAILY,1991-2020,IBGE_2024
5200829,Amaralina,GO,1343.742,5,mai,15.819389457452736,OK,1991,2020,30,CHIRPS_v2,UCSB-CHG/CHIRPS/DAILY,1991-2020,IBGE_2024
5214879,Nova Iguaçu de Goiás,GO,625.625,5,mai,15.948492032749492,OK,1991,2020,30,CHIRPS_v2,UCSB-CHG/CHIRPS/DAILY,1991-2020,IBGE_2024
5214606,Niquelândia,GO,9846.293,5,mai,15.179079871626724,OK,1991,2020,30,CHIRPS_v2,UCSB-CHG/CHIRPS/DAILY,1991-2020,IBGE_2024
5213855,Morro Agudo de Goiás,GO,282.333,5,mai,22.616521505968677,OK,1991,2020,30,CHIRPS_v2,UCSB-CHG/CHIRPS/DAILY,1991-2020,IBGE_2024
5222302,Vila Propício,GO,2181.593,5,mai,19.925721704300276,OK,1991,2020,30,CHIRPS_v2,UCSB-CHG/CHIRPS/DAILY,1991-2020,IBGE_2024
5221577,Uirapuru,GO,1154.305,5,mai,15.417464646178587,OK,1991,2020,30,CHIRPS_v2,UCSB-CHG/CHIRPS/DAILY,1991-2020,IBGE_2024
5221700,Uruana,GO,522.904,5,mai,23.637301441578128,OK,1991,2020,30,CHIRPS_v2,UCSB-CHG/CHIRPS/DAILY,1991-2020,IBGE_2024
5205406,Ceres,GO,213.07,5,mai,21.18848365703693,OK,1991,2020,30,CHIRPS_v2,UCSB-CHG/CHIRPS/DAILY,1991-2020,IBGE_2024
5204953,Campos Verdes,GO,443.125,5,mai,14.652877626581608,OK,1991,2020,30,CHIRPS_v2,UCSB-CHG/CHIRPS/DAILY,1991-2020,IBGE_2024
5205000,Carmo do Rio Verde,GO,419.821,5,mai,22.71213159708764,OK,1991,2020,30,CHIRPS_v2,UCSB-CHG/CHIRPS/DAILY,1991-2020,IBGE_2024
5220280,São Patrício,GO,172.763,5,mai,23.08867167737218,OK,1991,2020,30,CHIRPS_v2,UCSB-CHG/CHIRPS/DAILY,1991-2020,IBGE_2024
5219456,Santa Rita do Novo Destino,GO,970.448,5,mai,16.915063425653386,OK,1991,2020,30,CHIRPS_v2,UCSB-CHG/CHIRPS/DAILY,1991-2020,IBGE_2024
5203203,Barro Alto,GO,1080.268,5,mai,16.62479850098418,OK,1991,2020,30,CHIRPS_v2,UCSB-CHG/CHIRPS/DAILY,1991-2020,IBGE_2024
5219704,Santa Terezinha de Goiás,GO,1206.601,5,mai,15.704261562283627,OK,1991,2020,30,CHIRPS_v2,UCSB-CHG/CHIRPS/DAILY,1991-2020,IBGE_2024
5218904,Rubiataba,GO,750.659,5,mai,21.748366929867093,OK,1991,2020,30,CHIRPS_v2,UCSB-CHG/CHIRPS/DAILY,1991-2020,IBGE_2024
5210901,Itapaci,GO,952.998,5,mai,18.807100686426878,OK,1991,2020,30,CHIRPS_v2,UCSB-CHG/CHIRPS/DAILY,1991-2020,IBGE_2024
5219357,Santa Isabel,GO,812.756,5,mai,21.213888705927072,OK,1991,2020,30,CHIRPS_v2,UCSB-CHG/CHIRPS/DAILY,1991-2020,IBGE_2024
5218607,Rialma,GO,268.291,5,mai,21.88037387651021,OK,1991,2020,30,CHIRPS_v2,UCSB-CHG/CHIRPS/DAILY,1991-2020,IBGE_2024
5218706,Rianápolis,GO,157.379,5,mai,23.32816720746797,OK,1991,2020,30,CHIRPS_v2,UCSB-CHG/CHIRPS/DAILY,1991-2020,IBGE_2024
5210158,Ipiranga de Goiás,GO,244.209,5,mai,20.96732865329472,OK,1991,2020,30,CHIRPS_v2,UCSB-CHG/CHIRPS/DAILY,1991-2020,IBGE_2024
5209457,Guarinos,GO,593.188,5,mai,17.242245135106945,OK,1991,2020,30,CHIRPS_v2,UCSB-CHG/CHIRPS/DAILY,1991-2020,IBGE_2024
5216908,Pilar de Goiás,GO,906.047,5,mai,16.789270360918255,OK,1991,2020,30,CHIRPS_v2,UCSB-CHG/CHIRPS/DAILY,1991-2020,IBGE_2024
5208608,Goianésia,GO,1547.319,5,mai,20.945589347212707,OK,1991,2020,30,CHIRPS_v2,UCSB-CHG/CHIRPS/DAILY,1991-2020,IBGE_2024
5214861,Nova Glória,GO,411.753,5,mai,20.14242728250716,OK,1991,2020,30,CHIRPS_v2,UCSB-CHG/CHIRPS/DAILY,1991-2020,IBGE_2024
5214705,Nova América,GO,209.432,5,mai,20.311907573958162,OK,1991,2020,30,CHIRPS_v2,UCSB-CHG/CHIRPS/DAILY,1991-2020,IBGE_2024
5206404,Crixás,GO,4673.037,5,mai,17.52683676865352,OK,1991,2020,30,CHIRPS_v2,UCSB-CHG/CHIRPS/DAILY,1991-2020,IBGE_2024
5221858,Valparaíso de Goiás,GO,61.488,5,mai,17.346656818777884,OK,1991,2020,30,CHIRPS_v2,UCSB-CHG/CHIRPS/DAILY,1991-2020,IBGE_2024
5205497,Cidade Ocidental,GO,389.985,5,mai,16.00696339304651,OK,1991,2020,30,CHIRPS_v2,UCSB-CHG/CHIRPS/DAILY,1991-2020,IBGE_2024
5212501,Luziânia,GO,3962.107,5,mai,19.72050728830785,OK,1991,2020,30,CHIRPS_v2,UCSB-CHG/CHIRPS/DAILY,1991-2020,IBGE_2024
5219753,Santo Antônio do Descoberto,GO,943.948,5,mai,22.912890304593414,OK,1991,2020,30,CHIRPS_v2,UCSB-CHG/CHIRPS/DAILY,1991-2020,IBGE_2024
5215231,Novo Gama,GO,192.285,5,mai,18.41132835324847,OK,1991,2020,30,CHIRPS_v2,UCSB-CHG/CHIRPS/DAILY,1991-2020,IBGE_2024
5206206,Cristalina,GO,6153.921,5,mai,21.14458027283041,OK,1991,2020,30,CHIRPS_v2,UCSB-CHG/CHIRPS/DAILY,1991-2020,IBGE_2024
5205513,Cocalzinho de Goiás,GO,1785.339,5,mai,24.036734501722602,OK,1991,2020,30,CHIRPS_v2,UCSB-CHG/CHIRPS/DAILY,1991-2020,IBGE_2024
5213053,Mimoso de Goiás,GO,1380.701,5,mai,15.438794454508692,OK,1991,2020,30,CHIRPS_v2,UCSB-CHG/CHIRPS/DAILY,1991-2020,IBGE_2024
5204003,Cabeceiras,GO,1126.434,5,mai,14.32180445569928,OK,1991,2020,30,CHIRPS_v2,UCSB-CHG/CHIRPS/DAILY,1991-2020,IBGE_2024
5217609,Planaltina,GO,2558.922,5,mai,18.280591094957703,OK,1991,2020,30,CHIRPS_v2,UCSB-CHG/CHIRPS/DAILY,1991-2020,IBGE_2024
5200258,Águas Lindas de Goiás,GO,191.817,5,mai,24.339002359111678,OK,1991,2020,30,CHIRPS_v2,UCSB-CHG/CHIRPS/DAILY,1991-2020,IBGE_2024
5208004,Formosa,GO,5804.292,5,mai,17.653375212829136,OK,1991,2020,30,CHIRPS_v2,UCSB-CHG/CHIRPS/DAILY,1991-2020,IBGE_2024
5215603,Padre Bernardo,GO,3142.615,5,mai,19.88328941708057,OK,1991,2020,30,CHIRPS_v2,UCSB-CHG/CHIRPS/DAILY,1991-2020,IBGE_2024
5213509,Monte Alegre de Goiás,GO,3119.86,5,mai,14.610099124370208,OK,1991,2020,30,CHIRPS_v2,UCSB-CHG/CHIRPS/DAILY,1991-2020,IBGE_2024
5204904,Campos Belos,GO,735.128,5,mai,20.540653429753736,OK,1991,2020,30,CHIRPS_v2,UCSB-CHG/CHIRPS/DAILY,1991-2020,IBGE_2024
5212709,Mambaí,GO,858.27,5,mai,10.401662646603006,OK,1991,2020,30,CHIRPS_v2,UCSB-CHG/CHIRPS/DAILY,1991-2020,IBGE_2024
5220702,Sítio d'Abadia,GO,1611.851,5,mai,11.001596841764314,OK,1991,2020,30,CHIRPS_v2,UCSB-CHG/CHIRPS/DAILY,1991-2020,IBGE_2024
5220686,Simolândia,GO,346.811,5,mai,17.715372183854903,OK,1991,2020,30,CHIRPS_v2,UCSB-CHG/CHIRPS/DAILY,1991-2020,IBGE_2024
5203962,Buritinópolis,GO,246.075,5,mai,13.690526049973467,OK,1991,2020,30,CHIRPS_v2,UCSB-CHG/CHIRPS/DAILY,1991-2020,IBGE_2024
5219803,São Domingos,GO,3335.999,5,mai,18.4502971403061,OK,1991,2020,30,CHIRPS_v2,UCSB-CHG/CHIRPS/DAILY,1991-2020,IBGE_2024
5209903,Iaciara,GO,1547.183,5,mai,17.75882180095913,OK,1991,2020,30,CHIRPS_v2,UCSB-CHG/CHIRPS/DAILY,1991-2020,IBGE_2024
5218300,Posse,GO,2076.99,5,mai,17.869997681270977,OK,1991,2020,30,CHIRPS_v2,UCSB-CHG/CHIRPS/DAILY,1991-2020,IBGE_2024
5209408,Guarani de Goiás,GO,1221.054,5,mai,19.162913852163822,OK,1991,2020,30,CHIRPS_v2,UCSB-CHG/CHIRPS/DAILY,1991-2020,IBGE_2024
5200803,Alvorada do Norte,GO,1268.347,5,mai,16.652367971748852,OK,1991,2020,30,CHIRPS_v2,UCSB-CHG/CHIRPS/DAILY,1991-2020,IBGE_2024
5208301,Divinópolis de Goiás,GO,828.874,5,mai,18.551896222422616,OK,1991,2020,30,CHIRPS_v2,UCSB-CHG/CHIRPS/DAILY,1991-2020,IBGE_2024
5214903,Nova Roma,GO,2136.725,5,mai,15.989375806375962,OK,1991,2020,30,CHIRPS_v2,UCSB-CHG/CHIRPS/DAILY,1991-2020,IBGE_2024
5206701,Damianópolis,GO,417.625,5,mai,10.568508898062484,OK,1991,2020,30,CHIRPS_v2,UCSB-CHG/CHIRPS/DAILY,1991-2020,IBGE_2024
5205307,Cavalcante,GO,6948.78,5,mai,16.677051377570645,OK,1991,2020,30,CHIRPS_v2,UCSB-CHG/CHIRPS/DAILY,1991-2020,IBGE_2024
5221080,Teresina de Goiás,GO,784.793,5,mai,16.12110329679698,OK,1991,2020,30,CHIRPS_v2,UCSB-CHG/CHIRPS/DAILY,1991-2020,IBGE_2024
5220009,São João d'Aliança,GO,3334.455,5,mai,15.491795864679988,OK,1991,2020,30,CHIRPS_v2,UCSB-CHG/CHIRPS/DAILY,1991-2020,IBGE_2024
5200605,Alto Paraíso de Goiás,GO,2594.998,5,mai,15.977149186130672,OK,1991,2020,30,CHIRPS_v2,UCSB-CHG/CHIRPS/DAILY,1991-2020,IBGE_2024
5200175,Água Fria de Goiás,GO,2023.636,5,mai,16.646113588956943,OK,1991,2020,30,CHIRPS_v2,UCSB-CHG/CHIRPS/DAILY,1991-2020,IBGE_2024
5207907,Flores de Goiás,GO,3695.106,5,mai,15.512671853334968,OK,1991,2020,30,CHIRPS_v2,UCSB-CHG/CHIRPS/DAILY,1991-2020,IBGE_2024
5222203,Vila Boa,GO,1052.593,5,mai,14.603092945760954,OK,1991,2020,30,CHIRPS_v2,UCSB-CHG/CHIRPS/DAILY,1991-2020,IBGE_2024
5300108,Brasília,DF,5760.785,5,mai,23.858419709542208,OK,1991,2020,30,CHIRPS_v2,UCSB-CHG/CHIRPS/DAILY,1991-2020,IBGE_2024
4300001,"Área Operacional ""Lagoa Mirim""",RS,2884.34,5,mai,112.6354140931398,OK,1991,2020,30,CHIRPS_v2,UCSB-CHG/CHIRPS/DAILY,1991-2020,IBGE_2024
4300002,"Área Operacional ""Lagoa dos Patos""",RS,10199.391,5,mai,98.34058837751604,OK,1991,2020,30,CHIRPS_v2,UCSB-CHG/CHIRPS/DAILY,1991-2020,IBGE_2024
3169356,Três Marias,MG,2678.254,5,mai,23.73112107138864,OK,1991,2020,30,CHIRPS_v2,UCSB-CHG/CHIRPS/DAILY,1991-2020,IBGE_2024
3125705,Felixlândia,MG,1554.627,5,mai,24.114634753140987,OK,1991,2020,30,CHIRPS_v2,UCSB-CHG/CHIRPS/DAILY,1991-2020,IBGE_2024
3129608,Ibiaí,MG,874.76,5,mai,12.067862240862059,OK,1991,2020,30,CHIRPS_v2,UCSB-CHG/CHIRPS/DAILY,1991-2020,IBGE_2024
3138104,Lassance,MG,3204.217,5,mai,20.629699199032956,OK,1991,2020,30,CHIRPS_v2,UCSB-CHG/CHIRPS/DAILY,1991-2020,IBGE_2024
3170800,Várzea da Palma,MG,2220.279,5,mai,15.031157846469977,OK,1991,2020,30,CHIRPS_v2,UCSB-CHG/CHIRPS/DAILY,1991-2020,IBGE_2024
3152131,Ponto Chique,MG,602.799,5,mai,11.849826737596992,OK,1991,2020,30,CHIRPS_v2,UCSB-CHG/CHIRPS/DAILY,1991-2020,IBGE_2024
3109402,Buritizeiro,MG,7218.401,5,mai,17.962745602689647,OK,1991,2020,30,CHIRPS_v2,UCSB-CHG/CHIRPS/DAILY,1991-2020,IBGE_2024
3170701,Varginha,MG,395.396,5,mai,41.67825481535714,OK,1991,2020,30,CHIRPS_v2,UCSB-CHG/CHIRPS/DAILY,1991-2020,IBGE_2024
3162005,São Gonçalo do Sapucaí,MG,516.683,5,mai,53.08350281235246,OK,1991,2020,30,CHIRPS_v2,UCSB-CHG/CHIRPS/DAILY,1991-2020,IBGE_2024
3119005,Cordislândia,MG,179.543,5,mai,53.55621103767959,OK,1991,2020,30,CHIRPS_v2,UCSB-CHG/CHIRPS/DAILY,1991-2020,IBGE_2024
3142601,Monsenhor Paulo,MG,216.54,5,mai,46.31620751218561,OK,1991,2020,30,CHIRPS_v2,UCSB-CHG/CHIRPS/DAILY,1991-2020,IBGE_2024
3123601,Elói Mendes,MG,499.537,5,mai,47.608666571546365,OK,1991,2020,30,CHIRPS_v2,UCSB-CHG/CHIRPS/DAILY,1991-2020,IBGE_2024
3126307,Fortaleza de Minas,MG,218.792,5,mai,50.00257886719765,OK,1991,2020,30,CHIRPS_v2,UCSB-CHG/CHIRPS/DAILY,1991-2020,IBGE_2024
3116407,Claraval,MG,227.627,5,mai,45.590445907869565,OK,1991,2020,30,CHIRPS_v2,UCSB-CHG/CHIRPS/DAILY,1991-2020,IBGE_2024
3147907,Passos,MG,1338.07,5,mai,47.00817807159731,OK,1991,2020,30,CHIRPS_v2,UCSB-CHG/CHIRPS/DAILY,1991-2020,IBGE_2024
3162203,São João Batista do Glória,MG,547.908,5,mai,44.029426609842716,OK,1991,2020,30,CHIRPS_v2,UCSB-CHG/CHIRPS/DAILY,1991-2020,IBGE_2024
3129707,Ibiraci,MG,562.095,5,mai,46.257332757059004,OK,1991,2020,30,CHIRPS_v2,UCSB-CHG/CHIRPS/DAILY,1991-2020,IBGE_2024
3121209,Delfinópolis,MG,1378.423,5,mai,43.482543710736074,OK,1991,2020,30,CHIRPS_v2,UCSB-CHG/CHIRPS/DAILY,1991-2020,IBGE_2024
3112406,Capetinga,MG,297.937,5,mai,48.64890513177309,OK,1991,2020,30,CHIRPS_v2,UCSB-CHG/CHIRPS/DAILY,1991-2020,IBGE_2024
3128105,Guapé,MG,934.345,5,mai,41.570095823802596,OK,1991,2020,30,CHIRPS_v2,UCSB-CHG/CHIRPS/DAILY,1991-2020,IBGE_2024
3152907,Pratápolis,MG,215.516,5,mai,49.99466439386576,OK,1991,2020,30,CHIRPS_v2,UCSB-CHG/CHIRPS/DAILY,1991-2020,IBGE_2024
3101904,Alpinópolis,MG,460.685,5,mai,44.903268821748206,OK,1991,2020,30,CHIRPS_v2,UCSB-CHG/CHIRPS/DAILY,1991-2020,IBGE_2024
3133758,Itaú de Minas,MG,153.421,5,mai,48.83685973281835,OK,1991,2020,30,CHIRPS_v2,UCSB-CHG/CHIRPS/DAILY,1991-2020,IBGE_2024
3107604,Bom Jesus da Penha,MG,208.349,5,mai,47.637134359949904,OK,1991,2020,30,CHIRPS_v2,UCSB-CHG/CHIRPS/DAILY,1991-2020,IBGE_2024
3115102,Cássia,MG,665.802,5,mai,47.025306958967384,OK,1991,2020,30,CHIRPS_v2,UCSB-CHG/CHIRPS/DAILY,1991-2020,IBGE_2024
3162948,São José da Barra,MG,308.319,5,mai,42.198047201423435,OK,1991,2020,30,CHIRPS_v2,UCSB-CHG/CHIRPS/DAILY,1991-2020,IBGE_2024
3114402,Carmo do Rio Claro,MG,1065.685,5,mai,45.12266237443637,OK,1991,2020,30,CHIRPS_v2,UCSB-CHG/CHIRPS/DAILY,1991-2020,IBGE_2024
3104304,Areado,MG,283.124,5,mai,50.98274038283909,OK,1991,2020,30,CHIRPS_v2,UCSB-CHG/CHIRPS/DAILY,1991-2020,IBGE_2024
3111606,Campos Gerais,MG,769.504,5,mai,46.532148229394444,OK,1991,2020,30,CHIRPS_v2,UCSB-CHG/CHIRPS/DAILY,1991-2020,IBGE_2024
3111309,Campo do Meio,MG,275.426,5,mai,46.068895926591516,OK,1991,2020,30,CHIRPS_v2,UCSB-CHG/CHIRPS/DAILY,1991-2020,IBGE_2024
3151701,Poço Fundo,MG,474.244,5,mai,53.84801305675856,OK,1991,2020,30,CHIRPS_v2,UCSB-CHG/CHIRPS/DAILY,1991-2020,IBGE_2024
3102001,Alterosa,MG,362.01,5,mai,49.995992234726074,OK,1991,2020,30,CHIRPS_v2,UCSB-CHG/CHIRPS/DAILY,1991-2020,IBGE_2024
3166907,Serrania,MG,209.27,5,mai,53.55565156345388,OK,1991,2020,30,CHIRPS_v2,UCSB-CHG/CHIRPS/DAILY,1991-2020,IBGE_2024
3101607,Alfenas,MG,850.446,5,mai,51.168200770745976,OK,1991,2020,30,CHIRPS_v2,UCSB-CHG/CHIRPS/DAILY,1991-2020,IBGE_2024
3125200,Fama,MG,86.024,5,mai,51.769812629719574,OK,1991,2020,30,CHIRPS_v2,UCSB-CHG/CHIRPS/DAILY,1991-2020,IBGE_2024
3117108,Conceição da Aparecida,MG,352.521,5,mai,47.756732288884336,OK,1991,2020,30,CHIRPS_v2,UCSB-CHG/CHIRPS/DAILY,1991-2020,IBGE_2024
3114709,Carvalhópolis,MG,81.101,5,mai,57.17535625804945,OK,1991,2020,30,CHIRPS_v2,UCSB-CHG/CHIRPS/DAILY,1991-2020,IBGE_2024
3122405,Divisa Nova,MG,216.955,5,mai,52.47083579510008,OK,1991,2020,30,CHIRPS_v2,UCSB-CHG/CHIRPS/DAILY,1991-2020,IBGE_2024
3147204,Paraguaçu,MG,424.296,5,mai,51.9108407339369,OK,1991,2020,30,CHIRPS_v2,UCSB-CHG/CHIRPS/DAILY,1991-2020,IBGE_2024
3139003,Machado,MG,585.958,5,mai,57.66930484843569,OK,1991,2020,30,CHIRPS_v2,UCSB-CHG/CHIRPS/DAILY,1991-2020,IBGE_2024
3154705,Ribeirão Vermelho,MG,49.251,5,mai,40.332571156975675,OK,1991,2020,30,CHIRPS_v2,UCSB-CHG/CHIRPS/DAILY,1991-2020,IBGE_2024
3138203,Lavras,MG,564.744,5,mai,39.656961532170826,OK,1991,2020,30,CHIRPS_v2,UCSB-CHG/CHIRPS/DAILY,1991-2020,IBGE_2024
3144607,Nepomuceno,MG,582.553,5,mai,39.8838943121864,OK,1991,2020,30,CHIRPS_v2,UCSB-CHG/CHIRPS/DAILY,1991-2020,IBGE_2024
3111903,Cana Verde,MG,212.721,5,mai,40.09017237661672,OK,1991,2020,30,CHIRPS_v2,UCSB-CHG/CHIRPS/DAILY,1991-2020,IBGE_2024
3159902,Santo Antônio do Amparo,MG,488.885,5,mai,35.27214535083697,OK,1991,2020,30,CHIRPS_v2,UCSB-CHG/CHIRPS/DAILY,1991-2020,IBGE_2024
3149903,Perdões,MG,270.657,5,mai,39.92369258485141,OK,1991,2020,30,CHIRPS_v2,UCSB-CHG/CHIRPS/DAILY,1991-2020,IBGE_2024
3136900,Juruaia,MG,220.353,5,mai,50.82760313736642,OK,1991,2020,30,CHIRPS_v2,UCSB-CHG/CHIRPS/DAILY,1991-2020,IBGE_2024
3128709,Guaxupé,MG,286.398,5,mai,51.32599441215341,OK,1991,2020,30,CHIRPS_v2,UCSB-CHG/CHIRPS/DAILY,1991-2020,IBGE_2024
3145109,Nova Resende,MG,390.152,5,mai,48.240270049491656,OK,1991,2020,30,CHIRPS_v2,UCSB-CHG/CHIRPS/DAILY,1991-2020,IBGE_2024
3104106,Arceburgo,MG,162.875,5,mai,52.5835824653589,OK,1991,2020,30,CHIRPS_v2,UCSB-CHG/CHIRPS/DAILY,1991-2020,IBGE_2024
3128303,Guaranésia,MG,294.828,5,mai,51.194005914431756,OK,1991,2020,30,CHIRPS_v2,UCSB-CHG/CHIRPS/DAILY,1991-2020,IBGE_2024
3144102,Muzambinho,MG,409.948,5,mai,52.15247566001602,OK,1991,2020,30,CHIRPS_v2,UCSB-CHG/CHIRPS/DAILY,1991-2020,IBGE_2024
3143005,Monte Belo,MG,421.283,5,mai,50.92734745043964,OK,1991,2020,30,CHIRPS_v2,UCSB-CHG/CHIRPS/DAILY,1991-2020,IBGE_2024
3109501,Cabo Verde,MG,368.206,5,mai,51.016201500680324,OK,1991,2020,30,CHIRPS_v2,UCSB-CHG/CHIRPS/DAILY,1991-2020,IBGE_2024
3163904,São Pedro da União,MG,260.827,5,mai,49.50887455844987,OK,1991,2020,30,CHIRPS_v2,UCSB-CHG/CHIRPS/DAILY,1991-2020,IBGE_2024
3113909,Carmo da Cachoeira,MG,506.333,5,mai,38.74656687480789,OK,1991,2020,30,CHIRPS_v2,UCSB-CHG/CHIRPS/DAILY,1991-2020,IBGE_2024
3160801,São Bento Abade,MG,80.403,5,mai,39.95847940987287,OK,1991,2020,30,CHIRPS_v2,UCSB-CHG/CHIRPS/DAILY,1991-2020,IBGE_2024
3169307,Três Corações,MG,828.038,5,mai,40.12293860240886,OK,1991,2020,30,CHIRPS_v2,UCSB-CHG/CHIRPS/DAILY,1991-2020,IBGE_2024
3110707,Cambuquira,MG,246.38,5,mai,41.13018507687895,OK,1991,2020,30,CHIRPS_v2,UCSB-CHG/CHIRPS/DAILY,1991-2020,IBGE_2024
3110905,Campanha,MG,335.587,5,mai,45.92422583823164,OK,1991,2020,30,CHIRPS_v2,UCSB-CHG/CHIRPS/DAILY,1991-2020,IBGE_2024
3169406,Três Pontas,MG,689.794,5,mai,42.96374707729379,OK,1991,2020,30,CHIRPS_v2,UCSB-CHG/CHIRPS/DAILY,1991-2020,IBGE_2024
3118700,Coqueiral,MG,296.163,5,mai,40.41286790855648,OK,1991,2020,30,CHIRPS_v2,UCSB-CHG/CHIRPS/DAILY,1991-2020,IBGE_2024
3158300,Santana da Vargem,MG,172.444,5,mai,41.906585462733254,OK,1991,2020,30,CHIRPS_v2,UCSB-CHG/CHIRPS/DAILY,1991-2020,IBGE_2024
3107109,Boa Esperança,MG,860.669,5,mai,42.41495068004137,OK,1991,2020,30,CHIRPS_v2,UCSB-CHG/CHIRPS/DAILY,1991-2020,IBGE_2024
3130507,Ilicínea,MG,376.341,5,mai,42.86065823295119,OK,1991,2020,30,CHIRPS_v2,UCSB-CHG/CHIRPS/DAILY,1991-2020,IBGE_2024
3143203,Monte Santo de Minas,MG,594.632,5,mai,51.39061703136994,OK,1991,2020,30,CHIRPS_v2,UCSB-CHG/CHIRPS/DAILY,1991-2020,IBGE_2024
3134806,Jacuí,MG,409.229,5,mai,49.40337166389296,OK,1991,2020,30,CHIRPS_v2,UCSB-CHG/CHIRPS/DAILY,1991-2020,IBGE_2024
3132909,Itamogi,MG,243.714,5,mai,51.305727857774286,OK,1991,2020,30,CHIRPS_v2,UCSB-CHG/CHIRPS/DAILY,1991-2020,IBGE_2024
3165107,São Tomás de Aquino,MG,277.928,5,mai,48.58568421904283,OK,1991,2020,30,CHIRPS_v2,UCSB-CHG/CHIRPS/DAILY,1991-2020,IBGE_2024
3164704,São Sebastião do Paraíso,MG,814.925,5,mai,50.32992349867211,OK,1991,2020,30,CHIRPS_v2,UCSB-CHG/CHIRPS/DAILY,1991-2020,IBGE_2024
3120201,Cristais,MG,628.434,5,mai,40.606122784619615,OK,1991,2020,30,CHIRPS_v2,UCSB-CHG/CHIRPS/DAILY,1991-2020,IBGE_2024
3112000,Candeias,MG,720.512,5,mai,39.69940449001999,OK,1991,2020,30,CHIRPS_v2,UCSB-CHG/CHIRPS/DAILY,1991-2020,IBGE_2024
3111200,Campo Belo,MG,528.225,5,mai,39.57229607863228,OK,1991,2020,30,CHIRPS_v2,UCSB-CHG/CHIRPS/DAILY,1991-2020,IBGE_2024
3158805,Santana do Jacaré,MG,106.169,5,mai,40.21035943090949,OK,1991,2020,30,CHIRPS_v2,UCSB-CHG/CHIRPS/DAILY,1991-2020,IBGE_2024
3100807,Aguanil,MG,232.091,5,mai,40.43663789421955,OK,1991,2020,30,CHIRPS_v2,UCSB-CHG/CHIRPS/DAILY,1991-2020,IBGE_2024
3170602,Vargem Bonita,MG,409.888,5,mai,43.74608395175555,OK,1991,2020,30,CHIRPS_v2,UCSB-CHG/CHIRPS/DAILY,1991-2020,IBGE_2024
3112802,Capitólio,MG,521.802,5,mai,43.4892315333535,OK,1991,2020,30,CHIRPS_v2,UCSB-CHG/CHIRPS/DAILY,1991-2020,IBGE_2024
3151503,Piumhi,MG,902.468,5,mai,42.07805549539174,OK,1991,2020,30,CHIRPS_v2,UCSB-CHG/CHIRPS/DAILY,1991-2020,IBGE_2024
3123403,Doresópolis,MG,152.912,5,mai,41.946208762411395,OK,1991,2020,30,CHIRPS_v2,UCSB-CHG/CHIRPS/DAILY,1991-2020,IBGE_2024
3164308,São Roque de Minas,MG,2098.867,5,mai,42.88953858535402,OK,1991,2020,30,CHIRPS_v2,UCSB-CHG/CHIRPS/DAILY,1991-2020,IBGE_2024
3152501,Pouso Alegre,MG,542.797,5,mai,56.37287026052214,OK,1991,2020,30,CHIRPS_v2,UCSB-CHG/CHIRPS/DAILY,1991-2020,IBGE_2024
3146008,Ouro Fino,MG,533.714,5,mai,53.71299887184425,OK,1991,2020,30,CHIRPS_v2,UCSB-CHG/CHIRPS/DAILY,1991-2020,IBGE_2024
3162302,São João da Mata,MG,120.536,5,mai,49.53576379856807,OK,1991,2020,30,CHIRPS_v2,UCSB-CHG/CHIRPS/DAILY,1991-2020,IBGE_2024
3129202,Heliodora,MG,153.95,5,mai,55.72605050669969,OK,1991,2020,30,CHIRPS_v2,UCSB-CHG/CHIRPS/DAILY,1991-2020,IBGE_2024
3169802,Turvolândia,MG,221.0,5,mai,55.115647500984196,OK,1991,2020,30,CHIRPS_v2,UCSB-CHG/CHIRPS/DAILY,1991-2020,IBGE_2024
3144409,Natércia,MG,188.719,5,mai,53.817046613405495,OK,1991,2020,30,CHIRPS_v2,UCSB-CHG/CHIRPS/DAILY,1991-2020,IBGE_2024
3119906,Córrego do Bom Jesus,MG,123.651,5,mai,57.3784446830083,OK,1991,2020,30,CHIRPS_v2,UCSB-CHG/CHIRPS/DAILY,1991-2020,IBGE_2024
3169059,Tocos do Moji,MG,114.705,5,mai,50.90548480999957,OK,1991,2020,30,CHIRPS_v2,UCSB-CHG/CHIRPS/DAILY,1991-2020,IBGE_2024
3169109,Toledo,MG,136.776,5,mai,51.56874919003529,OK,1991,2020,30,CHIRPS_v2,UCSB-CHG/CHIRPS/DAILY,1991-2020,IBGE_2024
3143807,Munhoz,MG,191.599,5,mai,46.23978549839569,OK,1991,2020,30,CHIRPS_v2,UCSB-CHG/CHIRPS/DAILY,1991-2020,IBGE_2024
3143401,Monte Sião,MG,291.594,5,mai,55.88195692643201,OK,1991,2020,30,CHIRPS_v2,UCSB-CHG/CHIRPS/DAILY,1991-2020,IBGE_2024
3110608,Cambuí,MG,244.567,5,mai,49.82826643256988,OK,1991,2020,30,CHIRPS_v2,UCSB-CHG/CHIRPS/DAILY,1991-2020,IBGE_2024
3110509,Camanducaia,MG,528.688,5,mai,47.42384854579277,OK,1991,2020,30,CHIRPS_v2,UCSB-CHG/CHIRPS/DAILY,1991-2020,IBGE_2024
3167400,Silvianópolis,MG,312.166,5,mai,54.929195204337994,OK,1991,2020,30,CHIRPS_v2,UCSB-CHG/CHIRPS/DAILY,1991-2020,IBGE_2024
3159605,Santa Rita do Sapucaí,MG,352.969,5,mai,57.64330948901456,OK,1991,2020,30,CHIRPS_v2,UCSB-CHG/CHIRPS/DAILY,1991-2020,IBGE_2024
3134905,Jacutinga,MG,347.667,5,mai,55.00066548121576,OK,1991,2020,30,CHIRPS_v2,UCSB-CHG/CHIRPS/DAILY,1991-2020,IBGE_2024
3118502,Consolação,MG,89.122,5,mai,53.09003839546155,OK,1991,2020,30,CHIRPS_v2,UCSB-CHG/CHIRPS/DAILY,1991-2020,IBGE_2024
3117801,Conceição dos Ouros,MG,180.236,5,mai,58.81525251943401,OK,1991,2020,30,CHIRPS_v2,UCSB-CHG/CHIRPS/DAILY,1991-2020,IBGE_2024
3101409,Albertina,MG,58.01,5,mai,52.52796935684988,OK,1991,2020,30,CHIRPS_v2,UCSB-CHG/CHIRPS/DAILY,1991-2020,IBGE_2024
3117900,Congonhal,MG,205.125,5,mai,53.15177024187087,OK,1991,2020,30,CHIRPS_v2,UCSB-CHG/CHIRPS/DAILY,1991-2020,IBGE_2024
3109709,Cachoeira de Minas,MG,304.243,5,mai,58.64682634381574,OK,1991,2020,30,CHIRPS_v2,UCSB-CHG/CHIRPS/DAILY,1991-2020,IBGE_2024
3109105,Bueno Brandão,MG,356.15,5,mai,51.54596648481531,OK,1991,2020,30,CHIRPS_v2,UCSB-CHG/CHIRPS/DAILY,1991-2020,IBGE_2024
3133600,Itapeva,MG,177.312,5,mai,47.708814007389016,OK,1991,2020,30,CHIRPS_v2,UCSB-CHG/CHIRPS/DAILY,1991-2020,IBGE_2024
3165800,Senador José Bento,MG,93.892,5,mai,52.315390169871854,OK,1991,2020,30,CHIRPS_v2,UCSB-CHG/CHIRPS/DAILY,1991-2020,IBGE_2024
3125101,Extrema,MG,244.575,5,mai,54.32794837280406,OK,1991,2020,30,CHIRPS_v2,UCSB-CHG/CHIRPS/DAILY,1991-2020,IBGE_2024
3124500,Estiva,MG,243.872,5,mai,52.22998661054559,OK,1991,2020,30,CHIRPS_v2,UCSB-CHG/CHIRPS/DAILY,1991-2020,IBGE_2024
3124401,Espírito Santo do Dourado,MG,263.879,5,mai,49.27165493540302,OK,1991,2020,30,CHIRPS_v2,UCSB-CHG/CHIRPS/DAILY,1991-2020,IBGE_2024
3108305,Borda da Mata,MG,301.108,5,mai,55.09648059891119,OK,1991,2020,30,CHIRPS_v2,UCSB-CHG/CHIRPS/DAILY,1991-2020,IBGE_2024
3165578,Senador Amaral,MG,151.097,5,mai,41.66862581465533,OK,1991,2020,30,CHIRPS_v2,UCSB-CHG/CHIRPS/DAILY,1991-2020,IBGE_2024
3107901,Bom Repouso,MG,229.845,5,mai,44.40346056766307,OK,1991,2020,30,CHIRPS_v2,UCSB-CHG/CHIRPS/DAILY,1991-2020,IBGE_2024
3164407,São Sebastião da Bela Vista,MG,167.428,5,mai,56.529378746139024,OK,1991,2020,30,CHIRPS_v2,UCSB-CHG/CHIRPS/DAILY,1991-2020,IBGE_2024
3131505,Ipuiúna,MG,298.195,5,mai,49.159759283979824,OK,1991,2020,30,CHIRPS_v2,UCSB-CHG/CHIRPS/DAILY,1991-2020,IBGE_2024
3130606,Inconfidentes,MG,149.611,5,mai,56.0750372507595,OK,1991,2020,30,CHIRPS_v2,UCSB-CHG/CHIRPS/DAILY,1991-2020,IBGE_2024
3113602,Careaçu,MG,181.009,5,mai,56.88434621366746,OK,1991,2020,30,CHIRPS_v2,UCSB-CHG/CHIRPS/DAILY,1991-2020,IBGE_2024
3151800,Poços de Caldas,MG,546.958,5,mai,55.89051177805019,OK,1991,2020,30,CHIRPS_v2,UCSB-CHG/CHIRPS/DAILY,1991-2020,IBGE_2024
3129905,Ibitiúra de Minas,MG,68.316,5,mai,54.144198984400326,OK,1991,2020,30,CHIRPS_v2,UCSB-CHG/CHIRPS/DAILY,1991-2020,IBGE_2024
3105301,Bandeira do Sul,MG,47.266,5,mai,53.62337922647793,OK,1991,2020,30,CHIRPS_v2,UCSB-CHG/CHIRPS/DAILY,1991-2020,IBGE_2024
3111002,Campestre,MG,577.843,5,mai,53.151526866720936,OK,1991,2020,30,CHIRPS_v2,UCSB-CHG/CHIRPS/DAILY,1991-2020,IBGE_2024
3102605,Andradas,MG,469.396,5,mai,55.442206211281196,OK,1991,2020,30,CHIRPS_v2,UCSB-CHG/CHIRPS/DAILY,1991-2020,IBGE_2024
3159209,Santa Rita de Caldas,MG,503.011,5,mai,50.08111294248308,OK,1991,2020,30,CHIRPS_v2,UCSB-CHG/CHIRPS/DAILY,1991-2020,IBGE_2024
3110301,Caldas,MG,711.414,5,mai,53.25386249476771,OK,1991,2020,30,CHIRPS_v2,UCSB-CHG/CHIRPS/DAILY,1991-2020,IBGE_2024
3108404,Botelhos,MG,334.089,5,mai,51.85099371320276,OK,1991,2020,30,CHIRPS_v2,UCSB-CHG/CHIRPS/DAILY,1991-2020,IBGE_2024
3151008,Piranguinho,MG,124.803,5,mai,62.51509811128663,OK,1991,2020,30,CHIRPS_v2,UCSB-CHG/CHIRPS/DAILY,1991-2020,IBGE_2024
3150901,Piranguçu,MG,203.619,5,mai,60.51782994254202,OK,1991,2020,30,CHIRPS_v2,UCSB-CHG/CHIRPS/DAILY,1991-2020,IBGE_2024
3132404,Itajubá,MG,294.835,5,mai,62.828068879320114,OK,1991,2020,30,CHIRPS_v2,UCSB-CHG/CHIRPS/DAILY,1991-2020,IBGE_2024
3172202,Wenceslau Braz,MG,102.487,5,mai,60.50694284671575,OK,1991,2020,30,CHIRPS_v2,UCSB-CHG/CHIRPS/DAILY,1991-2020,IBGE_2024
3163201,São José do Alegre,MG,88.794,5,mai,60.621917559541146,OK,1991,2020,30,CHIRPS_v2,UCSB-CHG/CHIRPS/DAILY,1991-2020,IBGE_2024
3121100,Delfim Moreira,MG,408.473,5,mai,49.894180372392796,OK,1991,2020,30,CHIRPS_v2,UCSB-CHG/CHIRPS/DAILY,1991-2020,IBGE_2024
3127404,Gonçalves,MG,187.353,5,mai,45.514649844065964,OK,1991,2020,30,CHIRPS_v2,UCSB-CHG/CHIRPS/DAILY,1991-2020,IBGE_2024
3117207,Conceição das Pedras,MG,102.206,5,mai,50.61205116402166,OK,1991,2020,30,CHIRPS_v2,UCSB-CHG/CHIRPS/DAILY,1991-2020,IBGE_2024
3108909,Brazópolis,MG,367.688,5,mai,61.11856107573013,OK,1991,2020,30,CHIRPS_v2,UCSB-CHG/CHIRPS/DAILY,1991-2020,IBGE_2024
3165404,Sapucaí-Mirim,MG,285.073,5,mai,42.61521243177323,OK,1991,2020,30,CHIRPS_v2,UCSB-CHG/CHIRPS/DAILY,1991-2020,IBGE_2024
3149101,Pedralva,MG,217.99,5,mai,50.3019254413704,OK,1991,2020,30,CHIRPS_v2,UCSB-CHG/CHIRPS/DAILY,1991-2020,IBGE_2024
3140407,Marmelópolis,MG,107.902,5,mai,39.59329835826404,OK,1991,2020,30,CHIRPS_v2,UCSB-CHG/CHIRPS/DAILY,1991-2020,IBGE_2024
3139904,Maria da Fé,MG,202.898,5,mai,49.20448318968436,OK,1991,2020,30,CHIRPS_v2,UCSB-CHG/CHIRPS/DAILY,1991-2020,IBGE_2024
3147303,Paraisópolis,MG,331.238,5,mai,55.25180683570819,OK,1991,2020,30,CHIRPS_v2,UCSB-CHG/CHIRPS/DAILY,1991-2020,IBGE_2024
3137809,Lambari,MG,213.11,5,mai,48.2860685335053,OK,1991,2020,30,CHIRPS_v2,UCSB-CHG/CHIRPS/DAILY,1991-2020,IBGE_2024
3145505,Olímpio Noronha,MG,54.633,5,mai,48.96859432780603,OK,1991,2020,30,CHIRPS_v2,UCSB-CHG/CHIRPS/DAILY,1991-2020,IBGE_2024
3120508,Cristina,MG,311.33,5,mai,48.53221428617209,OK,1991,2020,30,CHIRPS_v2,UCSB-CHG/CHIRPS/DAILY,1991-2020,IBGE_2024
3135902,Jesuânia,MG,153.852,5,mai,48.605278611403996,OK,1991,2020,30,CHIRPS_v2,UCSB-CHG/CHIRPS/DAILY,1991-2020,IBGE_2024
3122801,Dom Viçoso,MG,113.921,5,mai,48.04861494340296,OK,1991,2020,30,CHIRPS_v2,UCSB-CHG/CHIRPS/DAILY,1991-2020,IBGE_2024
3114105,Carmo de Minas,MG,322.285,5,mai,52.30837913782778,OK,1991,2020,30,CHIRPS_v2,UCSB-CHG/CHIRPS/DAILY,1991-2020,IBGE_2024
3171709,Virgínia,MG,326.515,5,mai,47.54424102274193,OK,1991,2020,30,CHIRPS_v2,UCSB-CHG/CHIRPS/DAILY,1991-2020,IBGE_2024
3170107,Uberaba,MG,4523.957,5,mai,41.22845191678684,OK,1991,2020,30,CHIRPS_v2,UCSB-CHG/CHIRPS/DAILY,1991-2020,IBGE_2024
3121258,Delta,MG,102.784,5,mai,39.99358003116495,OK,1991,2020,30,CHIRPS_v2,UCSB-CHG/CHIRPS/DAILY,1991-2020,IBGE_2024
3145000,Nova Ponte,MG,1111.011,5,mai,37.19208996986907,OK,1991,2020,30,CHIRPS_v2,UCSB-CHG/CHIRPS/DAILY,1991-2020,IBGE_2024
3111408,Campo Florido,MG,1264.245,5,mai,35.18476656210653,OK,1991,2020,30,CHIRPS_v2,UCSB-CHG/CHIRPS/DAILY,1991-2020,IBGE_2024
3118205,Conquista,MG,618.363,5,mai,38.9119728279463,OK,1991,2020,30,CHIRPS_v2,UCSB-CHG/CHIRPS/DAILY,1991-2020,IBGE_2024
3117306,Conceição das Alagoas,MG,1340.25,5,mai,36.25742739454068,OK,1991,2020,30,CHIRPS_v2,UCSB-CHG/CHIRPS/DAILY,1991-2020,IBGE_2024
3157708,Santa Juliana,MG,723.784,5,mai,38.024061662256855,OK,1991,2020,30,CHIRPS_v2,UCSB-CHG/CHIRPS/DAILY,1991-2020,IBGE_2024
3100708,Água Comprida,MG,492.167,5,mai,38.79163567430613,OK,1991,2020,30,CHIRPS_v2,UCSB-CHG/CHIRPS/DAILY,1991-2020,IBGE_2024
3156908,Sacramento,MG,3073.268,5,mai,41.30824780732063,OK,1991,2020,30,CHIRPS_v2,UCSB-CHG/CHIRPS/DAILY,1991-2020,IBGE_2024
3171105,Veríssimo,MG,1031.823,5,mai,35.931021428073755,OK,1991,2020,30,CHIRPS_v2,UCSB-CHG/CHIRPS/DAILY,1991-2020,IBGE_2024
3129509,Ibiá,MG,2704.132,5,mai,41.02737438071782,OK,1991,2020,30,CHIRPS_v2,UCSB-CHG/CHIRPS/DAILY,1991-2020,IBGE_2024
3153004,Pratinha,MG,622.478,5,mai,41.10024704202652,OK,1991,2020,30,CHIRPS_v2,UCSB-CHG/CHIRPS/DAILY,1991-2020,IBGE_2024
3104007,Araxá,MG,1164.062,5,mai,41.41068456719998,OK,1991,2020,30,CHIRPS_v2,UCSB-CHG/CHIRPS/DAILY,1991-2020,IBGE_2024
3111507,Campos Altos,MG,710.645,5,mai,39.85019615175097,OK,1991,2020,30,CHIRPS_v2,UCSB-CHG/CHIRPS/DAILY,1991-2020,IBGE_2024
3159704,Santa Rosa da Serra,MG,284.334,5,mai,39.50699477207271,OK,1991,2020,30,CHIRPS_v2,UCSB-CHG/CHIRPS/DAILY,1991-2020,IBGE_2024
3168101,Tapira,MG,1179.248,5,mai,42.69414383482635,OK,1991,2020,30,CHIRPS_v2,UCSB-CHG/CHIRPS/DAILY,1991-2020,IBGE_2024
3149804,Perdizes,MG,2451.112,5,mai,37.57833133371118,OK,1991,2020,30,CHIRPS_v2,UCSB-CHG/CHIRPS/DAILY,1991-2020,IBGE_2024
3149200,Pedrinópolis,MG,357.891,5,mai,36.06599156090784,OK,1991,2020,30,CHIRPS_v2,UCSB-CHG/CHIRPS/DAILY,1991-2020,IBGE_2024
3127008,Fronteira,MG,199.987,5,mai,36.756151233988774,OK,1991,2020,30,CHIRPS_v2,UCSB-CHG/CHIRPS/DAILY,1991-2020,IBGE_2024
3127107,Frutal,MG,2426.965,5,mai,38.08609637669995,OK,1991,2020,30,CHIRPS_v2,UCSB-CHG/CHIRPS/DAILY,1991-2020,IBGE_2024
3151602,Planura,MG,317.52,5,mai,35.27784070197067,OK,1991,2020,30,CHIRPS_v2,UCSB-CHG/CHIRPS/DAILY,1991-2020,IBGE_2024
3150703,Pirajuba,MG,337.98,5,mai,35.165472345435646,OK,1991,2020,30,CHIRPS_v2,UCSB-CHG/CHIRPS/DAILY,1991-2020,IBGE_2024
3133402,Itapagipe,MG,1802.438,5,mai,37.50099188326193,OK,1991,2020,30,CHIRPS_v2,UCSB-CHG/CHIRPS/DAILY,1991-2020,IBGE_2024
3116902,Comendador Gomes,MG,1041.047,5,mai,34.61909246311701,OK,1991,2020,30,CHIRPS_v2,UCSB-CHG/CHIRPS/DAILY,1991-2020,IBGE_2024
3170438,União de Minas,MG,1147.407,5,mai,41.742332704054476,OK,1991,2020,30,CHIRPS_v2,UCSB-CHG/CHIRPS/DAILY,1991-2020,IBGE_2024
3161304,São Francisco de Sales,MG,1128.864,5,mai,39.4477658473728,OK,1991,2020,30,CHIRPS_v2,UCSB-CHG/CHIRPS/DAILY,1991-2020,IBGE_2024
3134400,Iturama,MG,1404.663,5,mai,42.24022154189498,OK,1991,2020,30,CHIRPS_v2,UCSB-CHG/CHIRPS/DAILY,1991-2020,IBGE_2024
3114550,Carneirinho,MG,2063.462,5,mai,49.65867504778871,OK,1991,2020,30,CHIRPS_v2,UCSB-CHG/CHIRPS/DAILY,1991-2020,IBGE_2024
3138625,Limeira do Oeste,MG,1317.153,5,mai,46.05211165894748,OK,1991,2020,30,CHIRPS_v2,UCSB-CHG/CHIRPS/DAILY,1991-2020,IBGE_2024
3170206,Uberlândia,MG,4115.206,5,mai,32.14519568676564,OK,1991,2020,30,CHIRPS_v2,UCSB-CHG/CHIRPS/DAILY,1991-2020,IBGE_2024
3103504,Araguari,MG,2729.777,5,mai,28.93531256465629,OK,1991,2020,30,CHIRPS_v2,UCSB-CHG/CHIRPS/DAILY,1991-2020,IBGE_2024
3169604,Tupaciguara,MG,1822.53,5,mai,28.803362415804525,OK,1991,2020,30,CHIRPS_v2,UCSB-CHG/CHIRPS/DAILY,1991-2020,IBGE_2024
3152808,Prata,MG,4847.544,5,mai,33.50800696439855,OK,1991,2020,30,CHIRPS_v2,UCSB-CHG/CHIRPS/DAILY,1991-2020,IBGE_2024
3111804,Canápolis,MG,843.599,5,mai,34.17472304047075,OK,1991,2020,30,CHIRPS_v2,UCSB-CHG/CHIRPS/DAILY,1991-2020,IBGE_2024
3103751,Araporã,MG,294.354,5,mai,30.18157107087427,OK,1991,2020,30,CHIRPS_v2,UCSB-CHG/CHIRPS/DAILY,1991-2020,IBGE_2024
3111101,Campina Verde,MG,3650.749,5,mai,38.4398962053678,OK,1991,2020,30,CHIRPS_v2,UCSB-CHG/CHIRPS/DAILY,1991-2020,IBGE_2024
3142809,Monte Alegre de Minas,MG,2595.957,5,mai,32.76154873504618,OK,1991,2020,30,CHIRPS_v2,UCSB-CHG/CHIRPS/DAILY,1991-2020,IBGE_2024
3115805,Centralina,MG,322.385,5,mai,32.88152112857506,OK,1991,2020,30,CHIRPS_v2,UCSB-CHG/CHIRPS/DAILY,1991-2020,IBGE_2024
3115003,Cascalho Rico,MG,367.308,5,mai,28.297569636415428,OK,1991,2020,30,CHIRPS_v2,UCSB-CHG/CHIRPS/DAILY,1991-2020,IBGE_2024
3130705,Indianópolis,MG,830.03,5,mai,30.778368400773388,OK,1991,2020,30,CHIRPS_v2,UCSB-CHG/CHIRPS/DAILY,1991-2020,IBGE_2024
3129103,Gurinhatã,MG,1849.137,5,mai,37.249218687804614,OK,1991,2020,30,CHIRPS_v2,UCSB-CHG/CHIRPS/DAILY,1991-2020,IBGE_2024
3112604,Capinópolis,MG,620.716,5,mai,36.053812845641986,OK,1991,2020,30,CHIRPS_v2,UCSB-CHG/CHIRPS/DAILY,1991-2020,IBGE_2024
3159803,Santa Vitória,MG,2998.364,5,mai,39.761132132030625,OK,1991,2020,30,CHIRPS_v2,UCSB-CHG/CHIRPS/DAILY,1991-2020,IBGE_2024
3134202,Ituiutaba,MG,2598.046,5,mai,35.096816263413274,OK,1991,2020,30,CHIRPS_v2,UCSB-CHG/CHIRPS/DAILY,1991-2020,IBGE_2024
3109808,Cachoeira Dourada,MG,203.07,5,mai,34.35868582765037,OK,1991,2020,30,CHIRPS_v2,UCSB-CHG/CHIRPS/DAILY,1991-2020,IBGE_2024
3131406,Ipiaçu,MG,466.02,5,mai,35.26015049881801,OK,1991,2020,30,CHIRPS_v2,UCSB-CHG/CHIRPS/DAILY,1991-2020,IBGE_2024
3127909,Grupiara,MG,193.141,5,mai,26.71597184050292,OK,1991,2020,30,CHIRPS_v2,UCSB-CHG/CHIRPS/DAILY,1991-2020,IBGE_2024
3143104,Monte Carmelo,MG,1343.035,5,mai,26.859645636974808,OK,1991,2020,30,CHIRPS_v2,UCSB-CHG/CHIRPS/DAILY,1991-2020,IBGE_2024
3124807,Estrela do Sul,MG,822.454,5,mai,24.44781227772024,OK,1991,2020,30,CHIRPS_v2,UCSB-CHG/CHIRPS/DAILY,1991-2020,IBGE_2024
3100104,Abadia dos Dourados,MG,880.461,5,mai,28.320403655974214,OK,1991,2020,30,CHIRPS_v2,UCSB-CHG/CHIRPS/DAILY,1991-2020,IBGE_2024
3131604,Iraí de Minas,MG,356.264,5,mai,34.04241878284085,OK,1991,2020,30,CHIRPS_v2,UCSB-CHG/CHIRPS/DAILY,1991-2020,IBGE_2024
3123502,Douradoquara,MG,312.878,5,mai,27.099609840637118,OK,1991,2020,30,CHIRPS_v2,UCSB-CHG/CHIRPS/DAILY,1991-2020,IBGE_2024
3156403,Romaria,MG,407.557,5,mai,28.387161347617607,OK,1991,2020,30,CHIRPS_v2,UCSB-CHG/CHIRPS/DAILY,1991-2020,IBGE_2024
3148004,Patos de Minas,MG,3190.456,5,mai,41.62613952254389,OK,1991,2020,30,CHIRPS_v2,UCSB-CHG/CHIRPS/DAILY,1991-2020,IBGE_2024
3170750,Varjão de Minas,MG,651.505,5,mai,32.500998778752006,OK,1991,2020,30,CHIRPS_v2,UCSB-CHG/CHIRPS/DAILY,1991-2020,IBGE_2024
3137106,Lagamar,MG,1474.562,5,mai,32.597205838556384,OK,1991,2020,30,CHIRPS_v2,UCSB-CHG/CHIRPS/DAILY,1991-2020,IBGE_2024
3161700,São Gonçalo do Abaeté,MG,2692.545,5,mai,27.234212841590622,OK,1991,2020,30,CHIRPS_v2,UCSB-CHG/CHIRPS/DAILY,1991-2020,IBGE_2024
3137536,Lagoa Grande,MG,1236.301,5,mai,27.249461842493208,OK,1991,2020,30,CHIRPS_v2,UCSB-CHG/CHIRPS/DAILY,1991-2020,IBGE_2024
3137502,Lagoa Formosa,MG,840.92,5,mai,37.19622330532403,OK,1991,2020,30,CHIRPS_v2,UCSB-CHG/CHIRPS/DAILY,1991-2020,IBGE_2024
3162104,São Gotardo,MG,866.087,5,mai,38.260165496075935,OK,1991,2020,30,CHIRPS_v2,UCSB-CHG/CHIRPS/DAILY,1991-2020,IBGE_2024
3128600,Guarda-Mor,MG,2068.808,5,mai,27.059366596879144,OK,1991,2020,30,CHIRPS_v2,UCSB-CHG/CHIRPS/DAILY,1991-2020,IBGE_2024
3153400,Presidente Olegário,MG,3503.848,5,mai,33.90318713036196,OK,1991,2020,30,CHIRPS_v2,UCSB-CHG/CHIRPS/DAILY,1991-2020,IBGE_2024
3136306,João Pinheiro,MG,10727.097,5,mai,24.82205201032363,OK,1991,2020,30,CHIRPS_v2,UCSB-CHG/CHIRPS/DAILY,1991-2020,IBGE_2024
3168903,Tiros,MG,2091.774,5,mai,33.49807535614119,OK,1991,2020,30,CHIRPS_v2,UCSB-CHG/CHIRPS/DAILY,1991-2020,IBGE_2024
3103801,Arapuá,MG,173.894,5,mai,38.04311628696342,OK,1991,2020,30,CHIRPS_v2,UCSB-CHG/CHIRPS/DAILY,1991-2020,IBGE_2024
3141207,Matutina,MG,260.957,5,mai,37.67754210341245,OK,1991,2020,30,CHIRPS_v2,UCSB-CHG/CHIRPS/DAILY,1991-2020,IBGE_2024
3114303,Carmo do Paranaíba,MG,1307.862,5,mai,36.606083806363095,OK,1991,2020,30,CHIRPS_v2,UCSB-CHG/CHIRPS/DAILY,1991-2020,IBGE_2024
3155504,Rio Paranaíba,MG,1352.353,5,mai,38.0507554556256,OK,1991,2020,30,CHIRPS_v2,UCSB-CHG/CHIRPS/DAILY,1991-2020,IBGE_2024
3171006,Vazante,MG,1913.396,5,mai,28.23975146494909,OK,1991,2020,30,CHIRPS_v2,UCSB-CHG/CHIRPS/DAILY,1991-2020,IBGE_2024
3128907,Guimarânia,MG,366.833,5,mai,44.22266286731523,OK,1991,2020,30,CHIRPS_v2,UCSB-CHG/CHIRPS/DAILY,1991-2020,IBGE_2024
3120706,Cruzeiro da Fortaleza,MG,187.446,5,mai,40.83609800429482,OK,1991,2020,30,CHIRPS_v2,UCSB-CHG/CHIRPS/DAILY,1991-2020,IBGE_2024
3119302,Coromandel,MG,3313.313,5,mai,31.68014172152964,OK,1991,2020,30,CHIRPS_v2,UCSB-CHG/CHIRPS/DAILY,1991-2020,IBGE_2024
3166808,Serra do Salitre,MG,1295.272,5,mai,38.21058030352036,OK,1991,2020,30,CHIRPS_v2,UCSB-CHG/CHIRPS/DAILY,1991-2020,IBGE_2024
3148103,Patrocínio,MG,2874.344,5,mai,36.240598611723314,OK,1991,2020,30,CHIRPS_v2,UCSB-CHG/CHIRPS/DAILY,1991-2020,IBGE_2024
3122306,Divinópolis,MG,708.115,5,mai,31.9227898169283,OK,1991,2020,30,CHIRPS_v2,UCSB-CHG/CHIRPS/DAILY,1991-2020,IBGE_2024
3114006,Carmo da Mata,MG,357.178,5,mai,30.35167138890638,OK,1991,2020,30,CHIRPS_v2,UCSB-CHG/CHIRPS/DAILY,1991-2020,IBGE_2024
3137205,Lagoa da Prata,MG,439.984,5,mai,41.44191465793448,OK,1991,2020,30,CHIRPS_v2,UCSB-CHG/CHIRPS/DAILY,1991-2020,IBGE_2024
3145208,Nova Serrana,MG,282.472,5,mai,32.7389352186382,OK,1991,2020,30,CHIRPS_v2,UCSB-CHG/CHIRPS/DAILY,1991-2020,IBGE_2024
3103900,Araújos,MG,245.522,5,mai,37.61780729759287,OK,1991,2020,30,CHIRPS_v2,UCSB-CHG/CHIRPS/DAILY,1991-2020,IBGE_2024
3160405,Santo Antônio do Monte,MG,1125.78,5,mai,38.49739121018849,OK,1991,2020,30,CHIRPS_v2,UCSB-CHG/CHIRPS/DAILY,1991-2020,IBGE_2024
3135308,Japaraíba,MG,172.141,5,mai,41.15222675695574,OK,1991,2020,30,CHIRPS_v2,UCSB-CHG/CHIRPS/DAILY,1991-2020,IBGE_2024
3151404,Pitangui,MG,569.636,5,mai,30.944878544062753,OK,1991,2020,30,CHIRPS_v2,UCSB-CHG/CHIRPS/DAILY,1991-2020,IBGE_2024
3110400,Camacho,MG,223.001,5,mai,39.07759128183992,OK,1991,2020,30,CHIRPS_v2,UCSB-CHG/CHIRPS/DAILY,1991-2020,IBGE_2024
3133501,Itapecerica,MG,1040.519,5,mai,37.24035555538064,OK,1991,2020,30,CHIRPS_v2,UCSB-CHG/CHIRPS/DAILY,1991-2020,IBGE_2024
3149705,Perdigão,MG,249.322,5,mai,34.24591827589625,OK,1991,2020,30,CHIRPS_v2,UCSB-CHG/CHIRPS/DAILY,1991-2020,IBGE_2024
3148905,Pedra do Indaiá,MG,347.92,5,mai,38.9386428738346,OK,1991,2020,30,CHIRPS_v2,UCSB-CHG/CHIRPS/DAILY,1991-2020,IBGE_2024
3164605,São Sebastião do Oeste,MG,408.09,5,mai,35.2342747259337,OK,1991,2020,30,CHIRPS_v2,UCSB-CHG/CHIRPS/DAILY,1991-2020,IBGE_2024
3138302,Leandro Ferreira,MG,352.005,5,mai,33.64026378792593,OK,1991,2020,30,CHIRPS_v2,UCSB-CHG/CHIRPS/DAILY,1991-2020,IBGE_2024
3105103,Bambuí,MG,1455.819,5,mai,44.48860098662394,OK,1991,2020,30,CHIRPS_v2,UCSB-CHG/CHIRPS/DAILY,1991-2020,IBGE_2024
3104205,Arcos,MG,509.873,5,mai,42.5290721540048,OK,1991,2020,30,CHIRPS_v2,UCSB-CHG/CHIRPS/DAILY,1991-2020,IBGE_2024
3119807,Córrego Danta,MG,657.425,5,mai,43.80253099213806,OK,1991,2020,30,CHIRPS_v2,UCSB-CHG/CHIRPS/DAILY,1991-2020,IBGE_2024
3119955,Córrego Fundo,MG,101.112,5,mai,42.746257414356286,OK,1991,2020,30,CHIRPS_v2,UCSB-CHG/CHIRPS/DAILY,1991-2020,IBGE_2024
3168200,Tapiraí,MG,407.92,5,mai,43.96689430632728,OK,1991,2020,30,CHIRPS_v2,UCSB-CHG/CHIRPS/DAILY,1991-2020,IBGE_2024
3150505,Pimenta,MG,414.969,5,mai,43.24027464726435,OK,1991,2020,30,CHIRPS_v2,UCSB-CHG/CHIRPS/DAILY,1991-2020,IBGE_2024
3126109,Formiga,MG,1501.915,5,mai,41.64860028672514,OK,1991,2020,30,CHIRPS_v2,UCSB-CHG/CHIRPS/DAILY,1991-2020,IBGE_2024
3141306,Medeiros,MG,946.437,5,mai,43.43252039183091,OK,1991,2020,30,CHIRPS_v2,UCSB-CHG/CHIRPS/DAILY,1991-2020,IBGE_2024
3146503,Pains,MG,421.862,5,mai,42.94569240284266,OK,1991,2020,30,CHIRPS_v2,UCSB-CHG/CHIRPS/DAILY,1991-2020,IBGE_2024
3130309,Iguatama,MG,628.2,5,mai,43.27054633157265,OK,1991,2020,30,CHIRPS_v2,UCSB-CHG/CHIRPS/DAILY,1991-2020,IBGE_2024
3153707,Quartel Geral,MG,556.436,5,mai,36.11918516718612,OK,1991,2020,30,CHIRPS_v2,UCSB-CHG/CHIRPS/DAILY,1991-2020,IBGE_2024
3152006,Pompéu,MG,2551.074,5,mai,27.85639691538217,OK,1991,2020,30,CHIRPS_v2,UCSB-CHG/CHIRPS/DAILY,1991-2020,IBGE_2024
3142403,Moema,MG,202.705,5,mai,40.42554005077158,OK,1991,2020,30,CHIRPS_v2,UCSB-CHG/CHIRPS/DAILY,1991-2020,IBGE_2024
3166600,Serra da Saudade,MG,335.659,5,mai,38.98647135361165,OK,1991,2020,30,CHIRPS_v2,UCSB-CHG/CHIRPS/DAILY,1991-2020,IBGE_2024
3124708,Estrela do Indaiá,MG,635.981,5,mai,40.50840726027286,OK,1991,2020,30,CHIRPS_v2,UCSB-CHG/CHIRPS/DAILY,1991-2020,IBGE_2024
3107406,Bom Despacho,MG,1213.546,5,mai,37.70187418428356,OK,1991,2020,30,CHIRPS_v2,UCSB-CHG/CHIRPS/DAILY,1991-2020,IBGE_2024
3140506,Martinho Campos,MG,1058.418,5,mai,33.3480821698172,OK,1991,2020,30,CHIRPS_v2,UCSB-CHG/CHIRPS/DAILY,1991-2020,IBGE_2024
3123205,Dores do Indaiá,MG,1111.202,5,mai,38.51600881958627,OK,1991,2020,30,CHIRPS_v2,UCSB-CHG/CHIRPS/DAILY,1991-2020,IBGE_2024
3138807,Luz,MG,1171.659,5,mai,42.770067863456966,OK,1991,2020,30,CHIRPS_v2,UCSB-CHG/CHIRPS/DAILY,1991-2020,IBGE_2024
3161205,São Francisco de Paula,MG,316.822,5,mai,34.216167500813036,OK,1991,2020,30,CHIRPS_v2,UCSB-CHG/CHIRPS/DAILY,1991-2020,IBGE_2024
3143500,Morada Nova de Minas,MG,2084.275,5,mai,27.514390391664328,OK,1991,2020,30,CHIRPS_v2,UCSB-CHG/CHIRPS/DAILY,1991-2020,IBGE_2024
3100203,Abaeté,MG,1817.067,5,mai,31.4014997730921,OK,1991,2020,30,CHIRPS_v2,UCSB-CHG/CHIRPS/DAILY,1991-2020,IBGE_2024
3115607,Cedro do Abaeté,MG,283.211,5,mai,35.24612467595915,OK,1991,2020,30,CHIRPS_v2,UCSB-CHG/CHIRPS/DAILY,1991-2020,IBGE_2024
3107000,Biquinhas,MG,458.948,5,mai,29.294809549451813,OK,1991,2020,30,CHIRPS_v2,UCSB-CHG/CHIRPS/DAILY,1991-2020,IBGE_2024
3146404,Paineiras,MG,637.309,5,mai,31.367208500342638,OK,1991,2020,30,CHIRPS_v2,UCSB-CHG/CHIRPS/DAILY,1991-2020,IBGE_2024
3518305,Guararema,SP,270.816,5,mai,64.76942160724859,OK,1991,2020,30,CHIRPS_v2,UCSB-CHG/CHIRPS/DAILY,1991-2020,IBGE_2024
3526209,Juquitiba,SP,523.074,5,mai,81.47275613833838,OK,1991,2020,30,CHIRPS_v2,UCSB-CHG/CHIRPS/DAILY,1991-2020,IBGE_2024
3513801,Diadema,SP,30.806,5,mai,65.7133469752558,OK,1991,2020,30,CHIRPS_v2,UCSB-CHG/CHIRPS/DAILY,1991-2020,IBGE_2024
3505708,Barueri,SP,66.364,5,mai,66.32764095700584,OK,1991,2020,30,CHIRPS_v2,UCSB-CHG/CHIRPS/DAILY,1991-2020,IBGE_2024
3529401,Mauá,SP,62.034,5,mai,62.85859360849533,OK,1991,2020,30,CHIRPS_v2,UCSB-CHG/CHIRPS/DAILY,1991-2020,IBGE_2024
3513009,Cotia,SP,324.0,5,mai,76.54688365010762,OK,1991,2020,30,CHIRPS_v2,UCSB-CHG/CHIRPS/DAILY,1991-2020,IBGE_2024
3528502,Mairiporã,SP,320.492,5,mai,54.002891577700495,OK,1991,2020,30,CHIRPS_v2,UCSB-CHG/CHIRPS/DAILY,1991-2020,IBGE_2024
3503901,Arujá,SP,96.369,5,mai,58.38157199889318,OK,1991,2020,30,CHIRPS_v2,UCSB-CHG/CHIRPS/DAILY,1991-2020,IBGE_2024
3545001,Salesópolis,SP,424.997,5,mai,91.41300360608001,OK,1991,2020,30,CHIRPS_v2,UCSB-CHG/CHIRPS/DAILY,1991-2020,IBGE_2024
3552502,Suzano,SP,206.236,5,mai,82.91140976626508,OK,1991,2020,30,CHIRPS_v2,UCSB-CHG/CHIRPS/DAILY,1991-2020,IBGE_2024
3552809,Taboão da Serra,SP,20.371,5,mai,67.10441263100762,OK,1991,2020,30,CHIRPS_v2,UCSB-CHG/CHIRPS/DAILY,1991-2020,IBGE_2024
3544103,Rio Grande da Serra,SP,36.341,5,mai,104.84967774437821,OK,1991,2020,30,CHIRPS_v2,UCSB-CHG/CHIRPS/DAILY,1991-2020,IBGE_2024
3543303,Ribeirão Pires,SP,98.972,5,mai,85.19363374894733,OK,1991,2020,30,CHIRPS_v2,UCSB-CHG/CHIRPS/DAILY,1991-2020,IBGE_2024
3518800,Guarulhos,SP,318.838,5,mai,59.17504077233098,OK,1991,2020,30,CHIRPS_v2,UCSB-CHG/CHIRPS/DAILY,1991-2020,IBGE_2024
3510609,Carapicuíba,SP,34.234,5,mai,67.55467631498,OK,1991,2020,30,CHIRPS_v2,UCSB-CHG/CHIRPS/DAILY,1991-2020,IBGE_2024
3550308,São Paulo,SP,1522.683,5,mai,75.09131392074605,OK,1991,2020,30,CHIRPS_v2,UCSB-CHG/CHIRPS/DAILY,1991-2020,IBGE_2024
3534401,Osasco,SP,64.999,5,mai,70.16681207266883,OK,1991,2020,30,CHIRPS_v2,UCSB-CHG/CHIRPS/DAILY,1991-2020,IBGE_2024
3549953,São Lourenço da Serra,SP,186.353,5,mai,116.56097400946005,OK,1991,2020,30,CHIRPS_v2,UCSB-CHG/CHIRPS/DAILY,1991-2020,IBGE_2024
3509007,Caieiras,SP,97.745,5,mai,57.71262768233709,OK,1991,2020,30,CHIRPS_v2,UCSB-CHG/CHIRPS/DAILY,1991-2020,IBGE_2024
3509205,Cajamar,SP,131.521,5,mai,62.352333831849364,OK,1991,2020,30,CHIRPS_v2,UCSB-CHG/CHIRPS/DAILY,1991-2020,IBGE_2024
3525003,Jandira,SP,17.122,5,mai,61.95713650248791,OK,1991,2020,30,CHIRPS_v2,UCSB-CHG/CHIRPS/DAILY,1991-2020,IBGE_2024
3516408,Franco da Rocha,SP,132.775,5,mai,54.63339635448185,OK,1991,2020,30,CHIRPS_v2,UCSB-CHG/CHIRPS/DAILY,1991-2020,IBGE_2024
3548807,São Caetano do Sul,SP,15.421,5,mai,57.3276691559099,OK,1991,2020,30,CHIRPS_v2,UCSB-CHG/CHIRPS/DAILY,1991-2020,IBGE_2024
3516309,Francisco Morato,SP,49.001,5,mai,55.71771713291537,OK,1991,2020,30,CHIRPS_v2,UCSB-CHG/CHIRPS/DAILY,1991-2020,IBGE_2024
3515707,Ferraz de Vasconcelos,SP,29.58,5,mai,74.43957735681239,OK,1991,2020,30,CHIRPS_v2,UCSB-CHG/CHIRPS/DAILY,1991-2020,IBGE_2024
3556453,Vargem Grande Paulista,SP,42.489,5,mai,65.66505602118868,OK,1991,2020,30,CHIRPS_v2,UCSB-CHG/CHIRPS/DAILY,1991-2020,IBGE_2024
3548708,São Bernardo do Campo,SP,408.234,5,mai,110.29890230495137,OK,1991,2020,30,CHIRPS_v2,UCSB-CHG/CHIRPS/DAILY,1991-2020,IBGE_2024
3515103,Embu-Guaçu,SP,155.285,5,mai,78.71083278187493,OK,1991,2020,30,CHIRPS_v2,UCSB-CHG/CHIRPS/DAILY,1991-2020,IBGE_2024
3515004,Embu das Artes,SP,70.264,5,mai,61.13323709403397,OK,1991,2020,30,CHIRPS_v2,UCSB-CHG/CHIRPS/DAILY,1991-2020,IBGE_2024
3547809,Santo André,SP,175.801,5,mai,91.95259711854567,OK,1991,2020,30,CHIRPS_v2,UCSB-CHG/CHIRPS/DAILY,1991-2020,IBGE_2024
3539806,Poá,SP,17.264,5,mai,75.23793174242363,OK,1991,2020,30,CHIRPS_v2,UCSB-CHG/CHIRPS/DAILY,1991-2020,IBGE_2024
3539103,Pirapora do Bom Jesus,SP,108.304,5,mai,63.62856564978669,OK,1991,2020,30,CHIRPS_v2,UCSB-CHG/CHIRPS/DAILY,1991-2020,IBGE_2024
3547304,Santana de Parnaíba,SP,179.89,5,mai,63.58656294685187,OK,1991,2020,30,CHIRPS_v2,UCSB-CHG/CHIRPS/DAILY,1991-2020,IBGE_2024
3523107,Itaquaquecetuba,SP,82.575,5,mai,65.65244370672582,OK,1991,2020,30,CHIRPS_v2,UCSB-CHG/CHIRPS/DAILY,1991-2020,IBGE_2024
3506607,Biritiba Mirim,SP,317.406,5,mai,96.12973057253272,OK,1991,2020,30,CHIRPS_v2,UCSB-CHG/CHIRPS/DAILY,1991-2020,IBGE_2024
3522208,Itapecerica da Serra,SP,151.012,5,mai,73.13669467730594,OK,1991,2020,30,CHIRPS_v2,UCSB-CHG/CHIRPS/DAILY,1991-2020,IBGE_2024
3546801,Santa Isabel,SP,362.875,5,mai,56.78468341379553,OK,1991,2020,30,CHIRPS_v2,UCSB-CHG/CHIRPS/DAILY,1991-2020,IBGE_2024
3522505,Itapevi,SP,82.583,5,mai,60.434113843063336,OK,1991,2020,30,CHIRPS_v2,UCSB-CHG/CHIRPS/DAILY,1991-2020,IBGE_2024
3530607,Mogi das Cruzes,SP,712.532,5,mai,82.81839860750719,OK,1991,2020,30,CHIRPS_v2,UCSB-CHG/CHIRPS/DAILY,1991-2020,IBGE_2024
3522109,Itanhaém,SP,601.018,5,mai,109.06068771342923,OK,1991,2020,30,CHIRPS_v2,UCSB-CHG/CHIRPS/DAILY,1991-2020,IBGE_2024
3518701,Guarujá,SP,144.794,5,mai,177.6736549049898,OK,1991,2020,30,CHIRPS_v2,UCSB-CHG/CHIRPS/DAILY,1991-2020,IBGE_2024
3551009,São Vicente,SP,147.774,5,mai,149.9310572521999,OK,1991,2020,30,CHIRPS_v2,UCSB-CHG/CHIRPS/DAILY,1991-2020,IBGE_2024
3541000,Praia Grande,SP,149.652,5,mai,139.9645137595411,OK,1991,2020,30,CHIRPS_v2,UCSB-CHG/CHIRPS/DAILY,1991-2020,IBGE_2024
3548500,Santos,SP,281.033,5,mai,162.47868783218783,OK,1991,2020,30,CHIRPS_v2,UCSB-CHG/CHIRPS/DAILY,1991-2020,IBGE_2024
3531100,Mongaguá,SP,142.521,5,mai,130.41828140630787,OK,1991,2020,30,CHIRPS_v2,UCSB-CHG/CHIRPS/DAILY,1991-2020,IBGE_2024
3513504,Cubatão,SP,143.649,5,mai,153.87271533339145,OK,1991,2020,30,CHIRPS_v2,UCSB-CHG/CHIRPS/DAILY,1991-2020,IBGE_2024
3537602,Peruíbe,SP,323.331,5,mai,111.30750761416253,OK,1991,2020,30,CHIRPS_v2,UCSB-CHG/CHIRPS/DAILY,1991-2020,IBGE_2024
3537206,Pedro de Toledo,SP,672.83,5,mai,88.92523003486079,OK,1991,2020,30,CHIRPS_v2,UCSB-CHG/CHIRPS/DAILY,1991-2020,IBGE_2024
3523305,Itariri,SP,273.956,5,mai,100.5621817460517,OK,1991,2020,30,CHIRPS_v2,UCSB-CHG/CHIRPS/DAILY,1991-2020,IBGE_2024
3506359,Bertioga,SP,491.546,5,mai,149.5539002593068,OK,1991,2020,30,CHIRPS_v2,UCSB-CHG/CHIRPS/DAILY,1991-2020,IBGE_2024
3545308,Salto de Pirapora,SP,280.412,5,mai,60.77387356042971,OK,1991,2020,30,CHIRPS_v2,UCSB-CHG/CHIRPS/DAILY,1991-2020,IBGE_2024
3545209,Salto,SP,133.057,5,mai,57.82410559837843,OK,1991,2020,30,CHIRPS_v2,UCSB-CHG/CHIRPS/DAILY,1991-2020,IBGE_2024
3528403,Mairinque,SP,210.149,5,mai,60.724092950259546,OK,1991,2020,30,CHIRPS_v2,UCSB-CHG/CHIRPS/DAILY,1991-2020,IBGE_2024
3502903,Araçoiaba da Serra,SP,255.305,5,mai,60.059156487502875,OK,1991,2020,30,CHIRPS_v2,UCSB-CHG/CHIRPS/DAILY,1991-2020,IBGE_2024
3552205,Sorocaba,SP,449.872,5,mai,61.5242640286294,OK,1991,2020,30,CHIRPS_v2,UCSB-CHG/CHIRPS/DAILY,1991-2020,IBGE_2024
3501152,Alumínio,SP,83.619,5,mai,58.83588410752828,OK,1991,2020,30,CHIRPS_v2,UCSB-CHG/CHIRPS/DAILY,1991-2020,IBGE_2024
3550605,São Roque,SP,306.899,5,mai,57.76507651886664,OK,1991,2020,30,CHIRPS_v2,UCSB-CHG/CHIRPS/DAILY,1991-2020,IBGE_2024
3557006,Votorantim,SP,184.186,5,mai,58.94132411960961,OK,1991,2020,30,CHIRPS_v2,UCSB-CHG/CHIRPS/DAILY,1991-2020,IBGE_2024
3523909,Itu,SP,640.719,5,mai,58.79354429008304,OK,1991,2020,30,CHIRPS_v2,UCSB-CHG/CHIRPS/DAILY,1991-2020,IBGE_2024
3537909,Pilar do Sul,SP,681.248,5,mai,61.51947007257246,OK,1991,2020,30,CHIRPS_v2,UCSB-CHG/CHIRPS/DAILY,1991-2020,IBGE_2024
3537800,Piedade,SP,746.903,5,mai,61.74595362224536,OK,1991,2020,30,CHIRPS_v2,UCSB-CHG/CHIRPS/DAILY,1991-2020,IBGE_2024
3553500,Tapiraí,SP,754.421,5,mai,78.61598579215148,OK,1991,2020,30,CHIRPS_v2,UCSB-CHG/CHIRPS/DAILY,1991-2020,IBGE_2024
3521002,Iperó,SP,170.289,5,mai,58.282445644901266,OK,1991,2020,30,CHIRPS_v2,UCSB-CHG/CHIRPS/DAILY,1991-2020,IBGE_2024
3519709,Ibiúna,SP,1058.01,5,mai,70.9849175437607,OK,1991,2020,30,CHIRPS_v2,UCSB-CHG/CHIRPS/DAILY,1991-2020,IBGE_2024
3511508,Cerquilho,SP,127.803,5,mai,54.916886694911355,OK,1991,2020,30,CHIRPS_v2,UCSB-CHG/CHIRPS/DAILY,1991-2020,IBGE_2024
3502754,Araçariguama,SP,145.247,5,mai,60.053986265509046,OK,1991,2020,30,CHIRPS_v2,UCSB-CHG/CHIRPS/DAILY,1991-2020,IBGE_2024
3510302,Capela do Alto,SP,169.89,5,mai,56.3648300299847,OK,1991,2020,30,CHIRPS_v2,UCSB-CHG/CHIRPS/DAILY,1991-2020,IBGE_2024
3551108,Sarapuí,SP,352.592,5,mai,60.72678477261573,OK,1991,2020,30,CHIRPS_v2,UCSB-CHG/CHIRPS/DAILY,1991-2020,IBGE_2024
3525854,Jumirim,SP,56.685,5,mai,64.53012189029664,OK,1991,2020,30,CHIRPS_v2,UCSB-CHG/CHIRPS/DAILY,1991-2020,IBGE_2024
3540606,Porto Feliz,SP,556.706,5,mai,59.682765750156626,OK,1991,2020,30,CHIRPS_v2,UCSB-CHG/CHIRPS/DAILY,1991-2020,IBGE_2024
3507001,Boituva,SP,248.954,5,mai,55.38407033000095,OK,1991,2020,30,CHIRPS_v2,UCSB-CHG/CHIRPS/DAILY,1991-2020,IBGE_2024
3554508,Tietê,SP,405.034,5,mai,54.60430640012018,OK,1991,2020,30,CHIRPS_v2,UCSB-CHG/CHIRPS/DAILY,1991-2020,IBGE_2024
3505005,Barão de Antonina,SP,153.142,5,mai,66.31115414975478,OK,1991,2020,30,CHIRPS_v2,UCSB-CHG/CHIRPS/DAILY,1991-2020,IBGE_2024
3553856,Taquarivaí,SP,231.792,5,mai,69.59091074996107,OK,1991,2020,30,CHIRPS_v2,UCSB-CHG/CHIRPS/DAILY,1991-2020,IBGE_2024
3502705,Apiaí,SP,974.322,5,mai,72.89067529458379,OK,1991,2020,30,CHIRPS_v2,UCSB-CHG/CHIRPS/DAILY,1991-2020,IBGE_2024
3543253,Ribeirão Grande,SP,333.363,5,mai,64.22871905867937,OK,1991,2020,30,CHIRPS_v2,UCSB-CHG/CHIRPS/DAILY,1991-2020,IBGE_2024
3543501,Riversul,SP,385.878,5,mai,83.75424041451943,OK,1991,2020,30,CHIRPS_v2,UCSB-CHG/CHIRPS/DAILY,1991-2020,IBGE_2024
3542800,Ribeira,SP,335.759,5,mai,76.24764452880713,OK,1991,2020,30,CHIRPS_v2,UCSB-CHG/CHIRPS/DAILY,1991-2020,IBGE_2024
3543006,Ribeirão Branco,SP,697.5,5,mai,67.202850547723,OK,1991,2020,30,CHIRPS_v2,UCSB-CHG/CHIRPS/DAILY,1991-2020,IBGE_2024
3510203,Capão Bonito,SP,1640.229,5,mai,67.93005828628554,OK,1991,2020,30,CHIRPS_v2,UCSB-CHG/CHIRPS/DAILY,1991-2020,IBGE_2024
3517604,Guapiara,SP,408.292,5,mai,67.67486098058262,OK,1991,2020,30,CHIRPS_v2,UCSB-CHG/CHIRPS/DAILY,1991-2020,IBGE_2024
3508009,Buri,SP,1196.463,5,mai,62.89572114779609,OK,1991,2020,30,CHIRPS_v2,UCSB-CHG/CHIRPS/DAILY,1991-2020,IBGE_2024
3532827,Nova Campina,SP,385.375,5,mai,70.69616661100213,OK,1991,2020,30,CHIRPS_v2,UCSB-CHG/CHIRPS/DAILY,1991-2020,IBGE_2024
3523206,Itararé,SP,1003.86,5,mai,78.54817720191191,OK,1991,2020,30,CHIRPS_v2,UCSB-CHG/CHIRPS/DAILY,1991-2020,IBGE_2024
3507159,Bom Sucesso de Itararé,SP,133.578,5,mai,74.54870009150626,OK,1991,2020,30,CHIRPS_v2,UCSB-CHG/CHIRPS/DAILY,1991-2020,IBGE_2024
3522802,Itaporanga,SP,507.997,5,mai,74.41791202942483,OK,1991,2020,30,CHIRPS_v2,UCSB-CHG/CHIRPS/DAILY,1991-2020,IBGE_2024
3522653,Itapirapuã Paulista,SP,406.478,5,mai,80.19539158884483,OK,1991,2020,30,CHIRPS_v2,UCSB-CHG/CHIRPS/DAILY,1991-2020,IBGE_2024
3522158,Itaoca,SP,183.015,5,mai,77.46443306411906,OK,1991,2020,30,CHIRPS_v2,UCSB-CHG/CHIRPS/DAILY,1991-2020,IBGE_2024
3522406,Itapeva,SP,1826.258,5,mai,72.86315737476203,OK,1991,2020,30,CHIRPS_v2,UCSB-CHG/CHIRPS/DAILY,1991-2020,IBGE_2024
3521705,Itaberá,SP,1100.247,5,mai,78.40896780457348,OK,1991,2020,30,CHIRPS_v2,UCSB-CHG/CHIRPS/DAILY,1991-2020,IBGE_2024
3505351,Barra do Chapéu,SP,405.681,5,mai,74.23215466579266,OK,1991,2020,30,CHIRPS_v2,UCSB-CHG/CHIRPS/DAILY,1991-2020,IBGE_2024
3521200,Iporanga,SP,1152.059,5,mai,80.92161162369898,OK,1991,2020,30,CHIRPS_v2,UCSB-CHG/CHIRPS/DAILY,1991-2020,IBGE_2024
3520301,Iguape,SP,1978.329,5,mai,107.77816104402879,OK,1991,2020,30,CHIRPS_v2,UCSB-CHG/CHIRPS/DAILY,1991-2020,IBGE_2024
3520426,Ilha Comprida,SP,196.567,5,mai,129.19965474953406,OK,1991,2020,30,CHIRPS_v2,UCSB-CHG/CHIRPS/DAILY,1991-2020,IBGE_2024
3536208,Pariquera-Açu,SP,359.414,5,mai,92.33125639339454,OK,1991,2020,30,CHIRPS_v2,UCSB-CHG/CHIRPS/DAILY,1991-2020,IBGE_2024
3551801,Sete Barras,SP,1062.699,5,mai,84.51368013557493,OK,1991,2020,30,CHIRPS_v2,UCSB-CHG/CHIRPS/DAILY,1991-2020,IBGE_2024
3509908,Cananéia,SP,1237.354,5,mai,119.50906568265775,OK,1991,2020,30,CHIRPS_v2,UCSB-CHG/CHIRPS/DAILY,1991-2020,IBGE_2024
3542602,Registro,SP,722.201,5,mai,90.1325909509081,OK,1991,2020,30,CHIRPS_v2,UCSB-CHG/CHIRPS/DAILY,1991-2020,IBGE_2024
3526100,Juquiá,SP,812.799,5,mai,89.08051357275141,OK,1991,2020,30,CHIRPS_v2,UCSB-CHG/CHIRPS/DAILY,1991-2020,IBGE_2024
3509254,Cajati,SP,454.489,5,mai,76.07378879528804,OK,1991,2020,30,CHIRPS_v2,UCSB-CHG/CHIRPS/DAILY,1991-2020,IBGE_2024
3524600,Jacupiranga,SP,704.136,5,mai,84.549410686317,OK,1991,2020,30,CHIRPS_v2,UCSB-CHG/CHIRPS/DAILY,1991-2020,IBGE_2024
3514809,Eldorado,SP,1654.256,5,mai,78.6323120507695,OK,1991,2020,30,CHIRPS_v2,UCSB-CHG/CHIRPS/DAILY,1991-2020,IBGE_2024
3505401,Barra do Turvo,SP,1007.684,5,mai,87.41893399859448,OK,1991,2020,30,CHIRPS_v2,UCSB-CHG/CHIRPS/DAILY,1991-2020,IBGE_2024
3529906,Miracatu,SP,1002.2,5,mai,83.05760859874869,OK,1991,2020,30,CHIRPS_v2,UCSB-CHG/CHIRPS/DAILY,1991-2020,IBGE_2024
3500758,Alambari,SP,159.6,5,mai,61.494819579702444,OK,1991,2020,30,CHIRPS_v2,UCSB-CHG/CHIRPS/DAILY,1991-2020,IBGE_2024
3522307,Itapetininga,SP,1789.35,5,mai,62.68108867283312,OK,1991,2020,30,CHIRPS_v2,UCSB-CHG/CHIRPS/DAILY,1991-2020,IBGE_2024
3502200,Angatuba,SP,1028.104,5,mai,62.40229925538996,OK,1991,2020,30,CHIRPS_v2,UCSB-CHG/CHIRPS/DAILY,1991-2020,IBGE_2024
3518503,Guareí,SP,567.719,5,mai,61.04558104383679,OK,1991,2020,30,CHIRPS_v2,UCSB-CHG/CHIRPS/DAILY,1991-2020,IBGE_2024
3509452,Campina do Monte Alegre,SP,184.479,5,mai,63.08772438607965,OK,1991,2020,30,CHIRPS_v2,UCSB-CHG/CHIRPS/DAILY,1991-2020,IBGE_2024
3550209,São Miguel Arcanjo,SP,930.339,5,mai,63.135966654423825,OK,1991,2020,30,CHIRPS_v2,UCSB-CHG/CHIRPS/DAILY,1991-2020,IBGE_2024
3512605,Coronel Macedo,SP,303.83,5,mai,76.98940106634737,OK,1991,2020,30,CHIRPS_v2,UCSB-CHG/CHIRPS/DAILY,1991-2020,IBGE_2024
3553807,Taquarituba,SP,448.515,5,mai,77.63751810380485,OK,1991,2020,30,CHIRPS_v2,UCSB-CHG/CHIRPS/DAILY,1991-2020,IBGE_2024
3504503,Avaré,SP,1213.055,5,mai,69.57915879815224,OK,1991,2020,30,CHIRPS_v2,UCSB-CHG/CHIRPS/DAILY,1991-2020,IBGE_2024
3553005,Taguaí,SP,145.332,5,mai,83.21341446158719,OK,1991,2020,30,CHIRPS_v2,UCSB-CHG/CHIRPS/DAILY,1991-2020,IBGE_2024
3528601,Manduri,SP,229.046,5,mai,69.07522469964228,OK,1991,2020,30,CHIRPS_v2,UCSB-CHG/CHIRPS/DAILY,1991-2020,IBGE_2024
3511409,Cerqueira César,SP,511.621,5,mai,68.20906767871341,OK,1991,2020,30,CHIRPS_v2,UCSB-CHG/CHIRPS/DAILY,1991-2020,IBGE_2024
3519253,Iaras,SP,401.381,5,mai,71.36495051949926,OK,1991,2020,30,CHIRPS_v2,UCSB-CHG/CHIRPS/DAILY,1991-2020,IBGE_2024
3535804,Paranapanema,SP,1018.724,5,mai,64.51139032594244,OK,1991,2020,30,CHIRPS_v2,UCSB-CHG/CHIRPS/DAILY,1991-2020,IBGE_2024
3503109,Arandu,SP,285.908,5,mai,69.67800822399757,OK,1991,2020,30,CHIRPS_v2,UCSB-CHG/CHIRPS/DAILY,1991-2020,IBGE_2024
3533809,Óleo,SP,198.938,5,mai,74.17256883969618,OK,1991,2020,30,CHIRPS_v2,UCSB-CHG/CHIRPS/DAILY,1991-2020,IBGE_2024
3500550,Águas de Santa Bárbara,SP,404.463,5,mai,70.67856862873884,OK,1991,2020,30,CHIRPS_v2,UCSB-CHG/CHIRPS/DAILY,1991-2020,IBGE_2024
3521804,Itaí,SP,1092.884,5,mai,70.89955018323643,OK,1991,2020,30,CHIRPS_v2,UCSB-CHG/CHIRPS/DAILY,1991-2020,IBGE_2024
3554003,Tatuí,SP,523.749,5,mai,56.45853553283208,OK,1991,2020,30,CHIRPS_v2,UCSB-CHG/CHIRPS/DAILY,1991-2020,IBGE_2024
3554656,Torre de Pedra,SP,71.506,5,mai,61.25493274676117,OK,1991,2020,30,CHIRPS_v2,UCSB-CHG/CHIRPS/DAILY,1991-2020,IBGE_2024
3537503,Pereiras,SP,223.136,5,mai,58.12928010907295,OK,1991,2020,30,CHIRPS_v2,UCSB-CHG/CHIRPS/DAILY,1991-2020,IBGE_2024
3511607,Cesário Lange,SP,190.392,5,mai,53.93697692335693,OK,1991,2020,30,CHIRPS_v2,UCSB-CHG/CHIRPS/DAILY,1991-2020,IBGE_2024
3541653,Quadra,SP,205.672,5,mai,58.423108318143136,OK,1991,2020,30,CHIRPS_v2,UCSB-CHG/CHIRPS/DAILY,1991-2020,IBGE_2024
3540507,Porangaba,SP,265.968,5,mai,60.821799946840706,OK,1991,2020,30,CHIRPS_v2,UCSB-CHG/CHIRPS/DAILY,1991-2020,IBGE_2024
3539400,Piratininga,SP,402.409,5,mai,66.02883399422028,OK,1991,2020,30,CHIRPS_v2,UCSB-CHG/CHIRPS/DAILY,1991-2020,IBGE_2024
3506003,Bauru,SP,667.684,5,mai,66.64108442263588,OK,1991,2020,30,CHIRPS_v2,UCSB-CHG/CHIRPS/DAILY,1991-2020,IBGE_2024
3504305,Avaí,SP,540.689,5,mai,62.26833761182061,OK,1991,2020,30,CHIRPS_v2,UCSB-CHG/CHIRPS/DAILY,1991-2020,IBGE_2024
3504701,Balbinos,SP,91.635,5,mai,52.29781876678712,OK,1991,2020,30,CHIRPS_v2,UCSB-CHG/CHIRPS/DAILY,1991-2020,IBGE_2024
3536703,Pederneiras,SP,727.482,5,mai,62.0641622465461,OK,1991,2020,30,CHIRPS_v2,UCSB-CHG/CHIRPS/DAILY,1991-2020,IBGE_2024
3536570,Paulistânia,SP,256.178,5,mai,65.30390335847423,OK,1991,2020,30,CHIRPS_v2,UCSB-CHG/CHIRPS/DAILY,1991-2020,IBGE_2024
3503406,Arealva,SP,506.226,5,mai,62.55614560725091,OK,1991,2020,30,CHIRPS_v2,UCSB-CHG/CHIRPS/DAILY,1991-2020,IBGE_2024
3528007,Macatuba,SP,224.514,5,mai,59.21960710386386,OK,1991,2020,30,CHIRPS_v2,UCSB-CHG/CHIRPS/DAILY,1991-2020,IBGE_2024
3519105,Iacanga,SP,547.393,5,mai,56.021581751513786,OK,1991,2020,30,CHIRPS_v2,UCSB-CHG/CHIRPS/DAILY,1991-2020,IBGE_2024
3527504,Lucianópolis,SP,189.536,5,mai,63.568118413967525,OK,1991,2020,30,CHIRPS_v2,UCSB-CHG/CHIRPS/DAILY,1991-2020,IBGE_2024
3526803,Lençóis Paulista,SP,809.541,5,mai,67.83477695652786,OK,1991,2020,30,CHIRPS_v2,UCSB-CHG/CHIRPS/DAILY,1991-2020,IBGE_2024
3542503,Reginópolis,SP,410.406,5,mai,55.440879411508824,OK,1991,2020,30,CHIRPS_v2,UCSB-CHG/CHIRPS/DAILY,1991-2020,IBGE_2024
3500709,Agudos,SP,966.708,5,mai,67.78427473610311,OK,1991,2020,30,CHIRPS_v2,UCSB-CHG/CHIRPS/DAILY,1991-2020,IBGE_2024
3508306,Cabrália Paulista,SP,239.974,5,mai,61.874530241327705,OK,1991,2020,30,CHIRPS_v2,UCSB-CHG/CHIRPS/DAILY,1991-2020,IBGE_2024
3541109,Presidente Alves,SP,286.642,5,mai,63.89607463300695,OK,1991,2020,30,CHIRPS_v2,UCSB-CHG/CHIRPS/DAILY,1991-2020,IBGE_2024
3507456,Borebi,SP,347.989,5,mai,69.69060325611916,OK,1991,2020,30,CHIRPS_v2,UCSB-CHG/CHIRPS/DAILY,1991-2020,IBGE_2024
3514502,Duartina,SP,264.557,5,mai,58.82559337720155,OK,1991,2020,30,CHIRPS_v2,UCSB-CHG/CHIRPS/DAILY,1991-2020,IBGE_2024
3555505,Ubirajara,SP,282.179,5,mai,68.16615998755731,OK,1991,2020,30,CHIRPS_v2,UCSB-CHG/CHIRPS/DAILY,1991-2020,IBGE_2024
3538907,Pirajuí,SP,823.758,5,mai,59.7120047555966,OK,1991,2020,30,CHIRPS_v2,UCSB-CHG/CHIRPS/DAILY,1991-2020,IBGE_2024
3525300,Jaú,SP,687.103,5,mai,56.872163470977746,OK,1991,2020,30,CHIRPS_v2,UCSB-CHG/CHIRPS/DAILY,1991-2020,IBGE_2024
3505302,Barra Bonita,SP,150.121,5,mai,56.915613851078895,OK,1991,2020,30,CHIRPS_v2,UCSB-CHG/CHIRPS/DAILY,1991-2020,IBGE_2024
3554706,Torrinha,SP,315.267,5,mai,59.501635946952035,OK,1991,2020,30,CHIRPS_v2,UCSB-CHG/CHIRPS/DAILY,1991-2020,IBGE_2024
3505203,Bariri,SP,444.405,5,mai,55.34714172616666,OK,1991,2020,30,CHIRPS_v2,UCSB-CHG/CHIRPS/DAILY,1991-2020,IBGE_2024
3520004,Igaraçu do Tietê,SP,97.747,5,mai,58.77814092072836,OK,1991,2020,30,CHIRPS_v2,UCSB-CHG/CHIRPS/DAILY,1991-2020,IBGE_2024
3507902,Brotas,SP,1101.373,5,mai,56.26880992682906,OK,1991,2020,30,CHIRPS_v2,UCSB-CHG/CHIRPS/DAILY,1991-2020,IBGE_2024
3507308,Boracéia,SP,122.11,5,mai,58.5798558775022,OK,1991,2020,30,CHIRPS_v2,UCSB-CHG/CHIRPS/DAILY,1991-2020,IBGE_2024
3506805,Bocaina,SP,363.926,5,mai,55.685615128039146,OK,1991,2020,30,CHIRPS_v2,UCSB-CHG/CHIRPS/DAILY,1991-2020,IBGE_2024
3522901,Itapuí,SP,140.023,5,mai,56.017879566707705,OK,1991,2020,30,CHIRPS_v2,UCSB-CHG/CHIRPS/DAILY,1991-2020,IBGE_2024
3514106,Dois Córregos,SP,632.972,5,mai,60.337439735297295,OK,1991,2020,30,CHIRPS_v2,UCSB-CHG/CHIRPS/DAILY,1991-2020,IBGE_2024
3529807,Mineiros do Tietê,SP,213.242,5,mai,59.25163098678772,OK,1991,2020,30,CHIRPS_v2,UCSB-CHG/CHIRPS/DAILY,1991-2020,IBGE_2024
3522000,Itaju,SP,230.355,5,mai,56.65187872826752,OK,1991,2020,30,CHIRPS_v2,UCSB-CHG/CHIRPS/DAILY,1991-2020,IBGE_2024
3507506,Botucatu,SP,1481.772,5,mai,64.77818355559296,OK,1991,2020,30,CHIRPS_v2,UCSB-CHG/CHIRPS/DAILY,1991-2020,IBGE_2024
3512308,Conchas,SP,467.327,5,mai,60.84594003324715,OK,1991,2020,30,CHIRPS_v2,UCSB-CHG/CHIRPS/DAILY,1991-2020,IBGE_2024
3536109,Pardinho,SP,208.223,5,mai,61.550759828322555,OK,1991,2020,30,CHIRPS_v2,UCSB-CHG/CHIRPS/DAILY,1991-2020,IBGE_2024
3503604,Areiópolis,SP,85.907,5,mai,62.33627524808566,OK,1991,2020,30,CHIRPS_v2,UCSB-CHG/CHIRPS/DAILY,1991-2020,IBGE_2024
3502309,Anhembi,SP,736.09,5,mai,61.72179499295631,OK,1991,2020,30,CHIRPS_v2,UCSB-CHG/CHIRPS/DAILY,1991-2020,IBGE_2024
3550100,São Manuel,SP,650.734,5,mai,62.421686552239734,OK,1991,2020,30,CHIRPS_v2,UCSB-CHG/CHIRPS/DAILY,1991-2020,IBGE_2024
3541059,Pratânia,SP,175.1,5,mai,68.914225223385,OK,1991,2020,30,CHIRPS_v2,UCSB-CHG/CHIRPS/DAILY,1991-2020,IBGE_2024
3506904,Bofete,SP,654.546,5,mai,61.550376496323246,OK,1991,2020,30,CHIRPS_v2,UCSB-CHG/CHIRPS/DAILY,1991-2020,IBGE_2024
3523503,Itatinga,SP,979.526,5,mai,65.60616261895198,OK,1991,2020,30,CHIRPS_v2,UCSB-CHG/CHIRPS/DAILY,1991-2020,IBGE_2024
3544608,Sabino,SP,305.285,5,mai,45.672849770243346,OK,1991,2020,30,CHIRPS_v2,UCSB-CHG/CHIRPS/DAILY,1991-2020,IBGE_2024
3527108,Lins,SP,570.058,5,mai,51.45703968404104,OK,1991,2020,30,CHIRPS_v2,UCSB-CHG/CHIRPS/DAILY,1991-2020,IBGE_2024
3518107,Guarantã,SP,461.746,5,mai,56.636480518112776,OK,1991,2020,30,CHIRPS_v2,UCSB-CHG/CHIRPS/DAILY,1991-2020,IBGE_2024
3517208,Guaiçara,SP,277.154,5,mai,47.73392818413126,OK,1991,2020,30,CHIRPS_v2,UCSB-CHG/CHIRPS/DAILY,1991-2020,IBGE_2024
3541604,Promissão,SP,779.2,5,mai,48.045603832332645,OK,1991,2020,30,CHIRPS_v2,UCSB-CHG/CHIRPS/DAILY,1991-2020,IBGE_2024
3508801,Cafelândia,SP,920.28,5,mai,50.78051627592314,OK,1991,2020,30,CHIRPS_v2,UCSB-CHG/CHIRPS/DAILY,1991-2020,IBGE_2024
3540101,Pongaí,SP,183.399,5,mai,48.93824329565735,OK,1991,2020,30,CHIRPS_v2,UCSB-CHG/CHIRPS/DAILY,1991-2020,IBGE_2024
3555901,Uru,SP,146.901,5,mai,51.59462325651471,OK,1991,2020,30,CHIRPS_v2,UCSB-CHG/CHIRPS/DAILY,1991-2020,IBGE_2024
3529005,Marília,SP,1170.515,5,mai,64.2728280756566,OK,1991,2020,30,CHIRPS_v2,UCSB-CHG/CHIRPS/DAILY,1991-2020,IBGE_2024
3534104,Oriente,SP,218.668,5,mai,59.82456677492438,OK,1991,2020,30,CHIRPS_v2,UCSB-CHG/CHIRPS/DAILY,1991-2020,IBGE_2024
3556602,Vera Cruz,SP,247.716,5,mai,66.94829923338096,OK,1991,2020,30,CHIRPS_v2,UCSB-CHG/CHIRPS/DAILY,1991-2020,IBGE_2024
3527801,Lupércio,SP,155.171,5,mai,68.07384310685053,OK,1991,2020,30,CHIRPS_v2,UCSB-CHG/CHIRPS/DAILY,1991-2020,IBGE_2024
3534500,Oscar Bressane,SP,222.13,5,mai,71.54179643050087,OK,1991,2020,30,CHIRPS_v2,UCSB-CHG/CHIRPS/DAILY,1991-2020,IBGE_2024
3525805,Júlio Mesquita,SP,128.183,5,mai,66.48311527908689,OK,1991,2020,30,CHIRPS_v2,UCSB-CHG/CHIRPS/DAILY,1991-2020,IBGE_2024
3509809,Campos Novos Paulista,SP,484.199,5,mai,73.28894040460197,OK,1991,2020,30,CHIRPS_v2,UCSB-CHG/CHIRPS/DAILY,1991-2020,IBGE_2024
3501400,Álvaro de Carvalho,SP,153.662,5,mai,77.51890276985363,OK,1991,2020,30,CHIRPS_v2,UCSB-CHG/CHIRPS/DAILY,1991-2020,IBGE_2024
3501509,Alvinlândia,SP,84.879,5,mai,67.9198019998288,OK,1991,2020,30,CHIRPS_v2,UCSB-CHG/CHIRPS/DAILY,1991-2020,IBGE_2024
3517000,Getulina,SP,676.755,5,mai,61.08845946748264,OK,1991,2020,30,CHIRPS_v2,UCSB-CHG/CHIRPS/DAILY,1991-2020,IBGE_2024
3533700,Ocauçu,SP,301.036,5,mai,67.95683895930668,OK,1991,2020,30,CHIRPS_v2,UCSB-CHG/CHIRPS/DAILY,1991-2020,IBGE_2024
3542008,Quintana,SP,318.937,5,mai,68.52677528090472,OK,1991,2020,30,CHIRPS_v2,UCSB-CHG/CHIRPS/DAILY,1991-2020,IBGE_2024
3517307,Guaimbê,SP,217.811,5,mai,61.82613001670526,OK,1991,2020,30,CHIRPS_v2,UCSB-CHG/CHIRPS/DAILY,1991-2020,IBGE_2024
3516705,Garça,SP,555.807,5,mai,65.62503529474314,OK,1991,2020,30,CHIRPS_v2,UCSB-CHG/CHIRPS/DAILY,1991-2020,IBGE_2024
3516606,Gália,SP,355.914,5,mai,61.27499461053,OK,1991,2020,30,CHIRPS_v2,UCSB-CHG/CHIRPS/DAILY,1991-2020,IBGE_2024
3515657,Fernão,SP,100.504,5,mai,57.54021321258429,OK,1991,2020,30,CHIRPS_v2,UCSB-CHG/CHIRPS/DAILY,1991-2020,IBGE_2024
3540002,Pompéia,SP,784.674,5,mai,63.995168171879676,OK,1991,2020,30,CHIRPS_v2,UCSB-CHG/CHIRPS/DAILY,1991-2020,IBGE_2024
3514700,Echaporã,SP,515.258,5,mai,73.27076932718813,OK,1991,2020,30,CHIRPS_v2,UCSB-CHG/CHIRPS/DAILY,1991-2020,IBGE_2024
3553955,Tarumã,SP,302.913,5,mai,84.68369934117703,OK,1991,2020,30,CHIRPS_v2,UCSB-CHG/CHIRPS/DAILY,1991-2020,IBGE_2024
3513306,Cruzália,SP,149.33,5,mai,85.93755409855467,OK,1991,2020,30,CHIRPS_v2,UCSB-CHG/CHIRPS/DAILY,1991-2020,IBGE_2024
3537156,Pedrinhas Paulista,SP,152.309,5,mai,87.4592011831523,OK,1991,2020,30,CHIRPS_v2,UCSB-CHG/CHIRPS/DAILY,1991-2020,IBGE_2024
3528809,Maracaí,SP,533.498,5,mai,83.4929835183217,OK,1991,2020,30,CHIRPS_v2,UCSB-CHG/CHIRPS/DAILY,1991-2020,IBGE_2024
3527900,Lutécia,SP,475.226,5,mai,75.71890599682298,OK,1991,2020,30,CHIRPS_v2,UCSB-CHG/CHIRPS/DAILY,1991-2020,IBGE_2024
3504008,Assis,SP,460.609,5,mai,89.02870880111668,OK,1991,2020,30,CHIRPS_v2,UCSB-CHG/CHIRPS/DAILY,1991-2020,IBGE_2024
3535507,Paraguaçu Paulista,SP,1001.492,5,mai,77.1569617981818,OK,1991,2020,30,CHIRPS_v2,UCSB-CHG/CHIRPS/DAILY,1991-2020,IBGE_2024
3535309,Palmital,SP,548.407,5,mai,79.87040643116977,OK,1991,2020,30,CHIRPS_v2,UCSB-CHG/CHIRPS/DAILY,1991-2020,IBGE_2024
3510005,Cândido Mota,SP,595.811,5,mai,86.5576897369603,OK,1991,2020,30,CHIRPS_v2,UCSB-CHG/CHIRPS/DAILY,1991-2020,IBGE_2024
3516101,Florínea,SP,225.886,5,mai,88.67085903466219,OK,1991,2020,30,CHIRPS_v2,UCSB-CHG/CHIRPS/DAILY,1991-2020,IBGE_2024
3539707,Platina,SP,327.48,5,mai,82.47863725983237,OK,1991,2020,30,CHIRPS_v2,UCSB-CHG/CHIRPS/DAILY,1991-2020,IBGE_2024
3507209,Borá,SP,118.951,5,mai,74.0438442215182,OK,1991,2020,30,CHIRPS_v2,UCSB-CHG/CHIRPS/DAILY,1991-2020,IBGE_2024
3534708,Ourinhos,SP,295.818,5,mai,75.95259090719708,OK,1991,2020,30,CHIRPS_v2,UCSB-CHG/CHIRPS/DAILY,1991-2020,IBGE_2024
3510153,Canitar,SP,57.459,5,mai,74.34104612627306,OK,1991,2020,30,CHIRPS_v2,UCSB-CHG/CHIRPS/DAILY,1991-2020,IBGE_2024
3545407,Salto Grande,SP,188.441,5,mai,76.22967557970762,OK,1991,2020,30,CHIRPS_v2,UCSB-CHG/CHIRPS/DAILY,1991-2020,IBGE_2024
3520905,Ipaussu,SP,209.554,5,mai,73.9271158495512,OK,1991,2020,30,CHIRPS_v2,UCSB-CHG/CHIRPS/DAILY,1991-2020,IBGE_2024
3519501,Ibirarema,SP,228.23,5,mai,77.794744730861,OK,1991,2020,30,CHIRPS_v2,UCSB-CHG/CHIRPS/DAILY,1991-2020,IBGE_2024
3543204,Ribeirão do Sul,SP,203.208,5,mai,70.29379151511455,OK,1991,2020,30,CHIRPS_v2,UCSB-CHG/CHIRPS/DAILY,1991-2020,IBGE_2024
3550506,São Pedro do Turvo,SP,731.221,5,mai,70.28915624969753,OK,1991,2020,30,CHIRPS_v2,UCSB-CHG/CHIRPS/DAILY,1991-2020,IBGE_2024
3557204,Chavantes,SP,188.727,5,mai,71.38747290210463,OK,1991,2020,30,CHIRPS_v2,UCSB-CHG/CHIRPS/DAILY,1991-2020,IBGE_2024
3515194,Espírito Santo do Turvo,SP,193.666,5,mai,69.78344021153869,OK,1991,2020,30,CHIRPS_v2,UCSB-CHG/CHIRPS/DAILY,1991-2020,IBGE_2024
3506300,Bernardino de Campos,SP,244.158,5,mai,78.79329587254423,OK,1991,2020,30,CHIRPS_v2,UCSB-CHG/CHIRPS/DAILY,1991-2020,IBGE_2024
3546405,Santa Cruz do Rio Pardo,SP,1114.747,5,mai,73.92005378149751,OK,1991,2020,30,CHIRPS_v2,UCSB-CHG/CHIRPS/DAILY,1991-2020,IBGE_2024
3536000,Parapuã,SP,366.676,5,mai,72.82920260557567,OK,1991,2020,30,CHIRPS_v2,UCSB-CHG/CHIRPS/DAILY,1991-2020,IBGE_2024
3503356,Arco-Íris,SP,264.904,5,mai,66.51950853945226,OK,1991,2020,30,CHIRPS_v2,UCSB-CHG/CHIRPS/DAILY,1991-2020,IBGE_2024
3519204,Iacri,SP,321.948,5,mai,71.84078161633099,OK,1991,2020,30,CHIRPS_v2,UCSB-CHG/CHIRPS/DAILY,1991-2020,IBGE_2024
3543808,Rinópolis,SP,358.481,5,mai,65.0780428280793,OK,1991,2020,30,CHIRPS_v2,UCSB-CHG/CHIRPS/DAILY,1991-2020,IBGE_2024
3519006,Herculândia,SP,364.252,5,mai,67.35480301066468,OK,1991,2020,30,CHIRPS_v2,UCSB-CHG/CHIRPS/DAILY,1991-2020,IBGE_2024
3541802,Queiroz,SP,234.914,5,mai,64.28754454500539,OK,1991,2020,30,CHIRPS_v2,UCSB-CHG/CHIRPS/DAILY,1991-2020,IBGE_2024
3555000,Tupã,SP,627.986,5,mai,70.76402710978441,OK,1991,2020,30,CHIRPS_v2,UCSB-CHG/CHIRPS/DAILY,1991-2020,IBGE_2024
3505807,Bastos,SP,170.912,5,mai,71.75052807804961,OK,1991,2020,30,CHIRPS_v2,UCSB-CHG/CHIRPS/DAILY,1991-2020,IBGE_2024
3554201,Tejupá,SP,296.189,5,mai,76.35514235260777,OK,1991,2020,30,CHIRPS_v2,UCSB-CHG/CHIRPS/DAILY,1991-2020,IBGE_2024
3551207,Sarutaiá,SP,141.608,5,mai,72.88329508178354,OK,1991,2020,30,CHIRPS_v2,UCSB-CHG/CHIRPS/DAILY,1991-2020,IBGE_2024
3515400,Fartura,SP,429.171,5,mai,76.40568588336522,OK,1991,2020,30,CHIRPS_v2,UCSB-CHG/CHIRPS/DAILY,1991-2020,IBGE_2024
3538808,Piraju,SP,504.591,5,mai,70.77903651671016,OK,1991,2020,30,CHIRPS_v2,UCSB-CHG/CHIRPS/DAILY,1991-2020,IBGE_2024
3554607,Timburi,SP,196.79,5,mai,72.09579011753324,OK,1991,2020,30,CHIRPS_v2,UCSB-CHG/CHIRPS/DAILY,1991-2020,IBGE_2024
3554300,Teodoro Sampaio,SP,1559.776,5,mai,92.9920393997865,OK,1991,2020,30,CHIRPS_v2,UCSB-CHG/CHIRPS/DAILY,1991-2020,IBGE_2024
3529203,Martinópolis,SP,1251.492,5,mai,79.21923232016842,OK,1991,2020,30,CHIRPS_v2,UCSB-CHG/CHIRPS/DAILY,1991-2020,IBGE_2024
3545506,Sandovalina,SP,455.856,5,mai,92.94525481647733,OK,1991,2020,30,CHIRPS_v2,UCSB-CHG/CHIRPS/DAILY,1991-2020,IBGE_2024
3544251,Rosana,SP,742.762,5,mai,100.24368426348019,OK,1991,2020,30,CHIRPS_v2,UCSB-CHG/CHIRPS/DAILY,1991-2020,IBGE_2024
3519907,Iepê,SP,594.985,5,mai,88.18316441483506,OK,1991,2020,30,CHIRPS_v2,UCSB-CHG/CHIRPS/DAILY,1991-2020,IBGE_2024
3543238,Ribeirão dos Índios,SP,196.467,5,mai,80.52888491810226,OK,1991,2020,30,CHIRPS_v2,UCSB-CHG/CHIRPS/DAILY,1991-2020,IBGE_2024
3542206,Rancharia,SP,1591.148,5,mai,80.23541624852871,OK,1991,2020,30,CHIRPS_v2,UCSB-CHG/CHIRPS/DAILY,1991-2020,IBGE_2024
3541703,Quatá,SP,651.341,5,mai,74.64048397677668,OK,1991,2020,30,CHIRPS_v2,UCSB-CHG/CHIRPS/DAILY,1991-2020,IBGE_2024
3525607,João Ramalho,SP,415.452,5,mai,78.41133159885203,OK,1991,2020,30,CHIRPS_v2,UCSB-CHG/CHIRPS/DAILY,1991-2020,IBGE_2024
3532157,Nantes,SP,286.444,5,mai,85.59311218646515,OK,1991,2020,30,CHIRPS_v2,UCSB-CHG/CHIRPS/DAILY,1991-2020,IBGE_2024
3515350,Euclides da Cunha Paulista,SP,571.169,5,mai,97.91776022678485,OK,1991,2020,30,CHIRPS_v2,UCSB-CHG/CHIRPS/DAILY,1991-2020,IBGE_2024
3547700,Santo Anastácio,SP,552.876,5,mai,85.29614836175043,OK,1991,2020,30,CHIRPS_v2,UCSB-CHG/CHIRPS/DAILY,1991-2020,IBGE_2024
3530201,Mirante do Paranapanema,SP,1238.931,5,mai,91.31057112408551,OK,1991,2020,30,CHIRPS_v2,UCSB-CHG/CHIRPS/DAILY,1991-2020,IBGE_2024
3553906,Tarabai,SP,201.385,5,mai,93.79470064452867,OK,1991,2020,30,CHIRPS_v2,UCSB-CHG/CHIRPS/DAILY,1991-2020,IBGE_2024
3520608,Indiana,SP,129.019,5,mai,78.86258646476513,OK,1991,2020,30,CHIRPS_v2,UCSB-CHG/CHIRPS/DAILY,1991-2020,IBGE_2024
3552908,Taciba,SP,606.755,5,mai,90.0598370171745,OK,1991,2020,30,CHIRPS_v2,UCSB-CHG/CHIRPS/DAILY,1991-2020,IBGE_2024
3502408,Anhumas,SP,320.84,5,mai,95.2495571132537,OK,1991,2020,30,CHIRPS_v2,UCSB-CHG/CHIRPS/DAILY,1991-2020,IBGE_2024
3501301,Álvares Machado,SP,347.647,5,mai,80.68903753769837,OK,1991,2020,30,CHIRPS_v2,UCSB-CHG/CHIRPS/DAILY,1991-2020,IBGE_2024
3542404,Regente Feijó,SP,263.426,5,mai,81.23898276411066,OK,1991,2020,30,CHIRPS_v2,UCSB-CHG/CHIRPS/DAILY,1991-2020,IBGE_2024
3508900,Caiabu,SP,252.704,5,mai,76.51185096633833,OK,1991,2020,30,CHIRPS_v2,UCSB-CHG/CHIRPS/DAILY,1991-2020,IBGE_2024
3500808,Alfredo Marcondes,SP,118.915,5,mai,77.62135765082897,OK,1991,2020,30,CHIRPS_v2,UCSB-CHG/CHIRPS/DAILY,1991-2020,IBGE_2024
3541208,Presidente Bernardes,SP,749.234,5,mai,86.14283655824539,OK,1991,2020,30,CHIRPS_v2,UCSB-CHG/CHIRPS/DAILY,1991-2020,IBGE_2024
3541406,Presidente Prudente,SP,560.637,5,mai,76.46328184683702,OK,1991,2020,30,CHIRPS_v2,UCSB-CHG/CHIRPS/DAILY,1991-2020,IBGE_2024
3548302,Santo Expedito,SP,94.465,5,mai,78.53891328174505,OK,1991,2020,30,CHIRPS_v2,UCSB-CHG/CHIRPS/DAILY,1991-2020,IBGE_2024
3532207,Narandiba,SP,357.325,5,mai,93.83237649634907,OK,1991,2020,30,CHIRPS_v2,UCSB-CHG/CHIRPS/DAILY,1991-2020,IBGE_2024
3515129,Emilianópolis,SP,225.177,5,mai,77.90330812540464,OK,1991,2020,30,CHIRPS_v2,UCSB-CHG/CHIRPS/DAILY,1991-2020,IBGE_2024
3539202,Pirapozinho,SP,477.673,5,mai,90.47642864829106,OK,1991,2020,30,CHIRPS_v2,UCSB-CHG/CHIRPS/DAILY,1991-2020,IBGE_2024
3515301,Estrela do Norte,SP,264.987,5,mai,93.09620467937344,OK,1991,2020,30,CHIRPS_v2,UCSB-CHG/CHIRPS/DAILY,1991-2020,IBGE_2024
3528908,Mariápolis,SP,186.432,5,mai,76.20669461916995,OK,1991,2020,30,CHIRPS_v2,UCSB-CHG/CHIRPS/DAILY,1991-2020,IBGE_2024
3520806,Inúbia Paulista,SP,87.119,5,mai,69.75879896559304,OK,1991,2020,30,CHIRPS_v2,UCSB-CHG/CHIRPS/DAILY,1991-2020,IBGE_2024
3544707,Sagres,SP,147.923,5,mai,75.05585525134289,OK,1991,2020,30,CHIRPS_v2,UCSB-CHG/CHIRPS/DAILY,1991-2020,IBGE_2024
3545100,Salmourão,SP,172.934,5,mai,62.496615776968866,OK,1991,2020,30,CHIRPS_v2,UCSB-CHG/CHIRPS/DAILY,1991-2020,IBGE_2024
3527405,Lucélia,SP,314.81,5,mai,68.85679380937708,OK,1991,2020,30,CHIRPS_v2,UCSB-CHG/CHIRPS/DAILY,1991-2020,IBGE_2024
3534609,Osvaldo Cruz,SP,248.038,5,mai,67.2397831134882,OK,1991,2020,30,CHIRPS_v2,UCSB-CHG/CHIRPS/DAILY,1991-2020,IBGE_2024
3534906,Pacaembu,SP,339.375,5,mai,76.51459352854326,OK,1991,2020,30,CHIRPS_v2,UCSB-CHG/CHIRPS/DAILY,1991-2020,IBGE_2024
3500105,Adamantina,SP,411.987,5,mai,70.1555320245708,OK,1991,2020,30,CHIRPS_v2,UCSB-CHG/CHIRPS/DAILY,1991-2020,IBGE_2024
3516002,Flórida Paulista,SP,524.138,5,mai,73.53755601329844,OK,1991,2020,30,CHIRPS_v2,UCSB-CHG/CHIRPS/DAILY,1991-2020,IBGE_2024
3540853,Pracinha,SP,63.141,5,mai,74.78068757689537,OK,1991,2020,30,CHIRPS_v2,UCSB-CHG/CHIRPS/DAILY,1991-2020,IBGE_2024
3521606,Irapuru,SP,214.078,5,mai,77.31005540456418,OK,1991,2020,30,CHIRPS_v2,UCSB-CHG/CHIRPS/DAILY,1991-2020,IBGE_2024
3536406,Paulicéia,SP,374.091,5,mai,72.24412540528837,OK,1991,2020,30,CHIRPS_v2,UCSB-CHG/CHIRPS/DAILY,1991-2020,IBGE_2024
3535408,Panorama,SP,356.05,5,mai,77.82999075229674,OK,1991,2020,30,CHIRPS_v2,UCSB-CHG/CHIRPS/DAILY,1991-2020,IBGE_2024
3534807,Ouro Verde,SP,266.778,5,mai,76.30149645292084,OK,1991,2020,30,CHIRPS_v2,UCSB-CHG/CHIRPS/DAILY,1991-2020,IBGE_2024
3526001,Junqueirópolis,SP,583.273,5,mai,73.78087172336937,OK,1991,2020,30,CHIRPS_v2,UCSB-CHG/CHIRPS/DAILY,1991-2020,IBGE_2024
3533106,Nova Guataporanga,SP,34.675,5,mai,70.41712796468919,OK,1991,2020,30,CHIRPS_v2,UCSB-CHG/CHIRPS/DAILY,1991-2020,IBGE_2024
3549300,São João do Pau d'Alho,SP,117.514,5,mai,70.36363904893108,OK,1991,2020,30,CHIRPS_v2,UCSB-CHG/CHIRPS/DAILY,1991-2020,IBGE_2024
3515806,Flora Rica,SP,224.619,5,mai,77.8896198275126,OK,1991,2020,30,CHIRPS_v2,UCSB-CHG/CHIRPS/DAILY,1991-2020,IBGE_2024
3531605,Monte Castelo,SP,233.289,5,mai,67.4769390170451,OK,1991,2020,30,CHIRPS_v2,UCSB-CHG/CHIRPS/DAILY,1991-2020,IBGE_2024
3555109,Tupi Paulista,SP,244.663,5,mai,70.62564337973528,OK,1991,2020,30,CHIRPS_v2,UCSB-CHG/CHIRPS/DAILY,1991-2020,IBGE_2024
3514403,Dracena,SP,487.271,5,mai,75.69714109208533,OK,1991,2020,30,CHIRPS_v2,UCSB-CHG/CHIRPS/DAILY,1991-2020,IBGE_2024
3547106,Santa Mercedes,SP,166.884,5,mai,70.83580174130272,OK,1991,2020,30,CHIRPS_v2,UCSB-CHG/CHIRPS/DAILY,1991-2020,IBGE_2024
3538303,Piquerobi,SP,482.769,5,mai,78.33009135628366,OK,1991,2020,30,CHIRPS_v2,UCSB-CHG/CHIRPS/DAILY,1991-2020,IBGE_2024
3528700,Marabá Paulista,SP,919.519,5,mai,90.88585463649711,OK,1991,2020,30,CHIRPS_v2,UCSB-CHG/CHIRPS/DAILY,1991-2020,IBGE_2024
3509106,Caiuá,SP,551.159,5,mai,83.10235922823884,OK,1991,2020,30,CHIRPS_v2,UCSB-CHG/CHIRPS/DAILY,1991-2020,IBGE_2024
3541307,Presidente Epitácio,SP,1260.281,5,mai,85.74040311756298,OK,1991,2020,30,CHIRPS_v2,UCSB-CHG/CHIRPS/DAILY,1991-2020,IBGE_2024
3541505,Presidente Venceslau,SP,755.203,5,mai,79.21190471409821,OK,1991,2020,30,CHIRPS_v2,UCSB-CHG/CHIRPS/DAILY,1991-2020,IBGE_2024
3502804,Araçatuba,SP,1167.126,5,mai,54.16445391628726,OK,1991,2020,30,CHIRPS_v2,UCSB-CHG/CHIRPS/DAILY,1991-2020,IBGE_2024
3504206,Auriflama,SP,434.117,5,mai,58.076034302732324,OK,1991,2020,30,CHIRPS_v2,UCSB-CHG/CHIRPS/DAILY,1991-2020,IBGE_2024
3528304,Magda,SP,312.282,5,mai,51.708624025599825,OK,1991,2020,30,CHIRPS_v2,UCSB-CHG/CHIRPS/DAILY,1991-2020,IBGE_2024
3544400,Rubiácea,SP,236.484,5,mai,61.506850118105625,OK,1991,2020,30,CHIRPS_v2,UCSB-CHG/CHIRPS/DAILY,1991-2020,IBGE_2024
3518909,Guzolândia,SP,252.722,5,mai,57.370648762087285,OK,1991,2020,30,CHIRPS_v2,UCSB-CHG/CHIRPS/DAILY,1991-2020,IBGE_2024
3518206,Guararapes,SP,955.637,5,mai,58.05491838461848,OK,1991,2020,30,CHIRPS_v2,UCSB-CHG/CHIRPS/DAILY,1991-2020,IBGE_2024
3533304,Nova Luzitânia,SP,73.69,5,mai,55.34644220677094,OK,1991,2020,30,CHIRPS_v2,UCSB-CHG/CHIRPS/DAILY,1991-2020,IBGE_2024
3516903,General Salgado,SP,493.88,5,mai,56.16326055617307,OK,1991,2020,30,CHIRPS_v2,UCSB-CHG/CHIRPS/DAILY,1991-2020,IBGE_2024
3516804,Gastão Vidigal,SP,180.569,5,mai,54.24863309952202,OK,1991,2020,30,CHIRPS_v2,UCSB-CHG/CHIRPS/DAILY,1991-2020,IBGE_2024
3532868,Nova Castilho,SP,183.396,5,mai,56.00541100823043,OK,1991,2020,30,CHIRPS_v2,UCSB-CHG/CHIRPS/DAILY,1991-2020,IBGE_2024
3556305,Valparaíso,SP,857.661,5,mai,61.799625882542905,OK,1991,2020,30,CHIRPS_v2,UCSB-CHG/CHIRPS/DAILY,1991-2020,IBGE_2024
3531001,Monções,SP,104.352,5,mai,53.37898293217575,OK,1991,2020,30,CHIRPS_v2,UCSB-CHG/CHIRPS/DAILY,1991-2020,IBGE_2024
3548054,Santo Antônio do Aracanguá,SP,1308.889,5,mai,55.67316087235008,OK,1991,2020,30,CHIRPS_v2,UCSB-CHG/CHIRPS/DAILY,1991-2020,IBGE_2024
3506201,Bento de Abreu,SP,301.687,5,mai,63.45452717382542,OK,1991,2020,30,CHIRPS_v2,UCSB-CHG/CHIRPS/DAILY,1991-2020,IBGE_2024
3512506,Coroados,SP,246.826,5,mai,49.1652269841897,OK,1991,2020,30,CHIRPS_v2,UCSB-CHG/CHIRPS/DAILY,1991-2020,IBGE_2024
3507704,Braúna,SP,195.176,5,mai,54.91381194639881,OK,1991,2020,30,CHIRPS_v2,UCSB-CHG/CHIRPS/DAILY,1991-2020,IBGE_2024
3507753,Brejo Alegre,SP,105.689,5,mai,48.781884712525034,OK,1991,2020,30,CHIRPS_v2,UCSB-CHG/CHIRPS/DAILY,1991-2020,IBGE_2024
3506508,Birigui,SP,530.031,5,mai,52.72716982305648,OK,1991,2020,30,CHIRPS_v2,UCSB-CHG/CHIRPS/DAILY,1991-2020,IBGE_2024
3537701,Piacatu,SP,232.488,5,mai,62.168588077911,OK,1991,2020,30,CHIRPS_v2,UCSB-CHG/CHIRPS/DAILY,1991-2020,IBGE_2024
3505104,Barbosa,SP,205.212,5,mai,47.15664646646411,OK,1991,2020,30,CHIRPS_v2,UCSB-CHG/CHIRPS/DAILY,1991-2020,IBGE_2024
3504404,Avanhandava,SP,338.37,5,mai,46.46817001824188,OK,1991,2020,30,CHIRPS_v2,UCSB-CHG/CHIRPS/DAILY,1991-2020,IBGE_2024
3537305,Penápolis,SP,711.315,5,mai,47.74142012314395,OK,1991,2020,30,CHIRPS_v2,UCSB-CHG/CHIRPS/DAILY,1991-2020,IBGE_2024
3511904,Clementina,SP,168.59,5,mai,56.38256556629147,OK,1991,2020,30,CHIRPS_v2,UCSB-CHG/CHIRPS/DAILY,1991-2020,IBGE_2024
3527256,Lourdes,SP,113.808,5,mai,54.25752242312007,OK,1991,2020,30,CHIRPS_v2,UCSB-CHG/CHIRPS/DAILY,1991-2020,IBGE_2024
3527702,Luiziânia,SP,166.576,5,mai,57.3713960734072,OK,1991,2020,30,CHIRPS_v2,UCSB-CHG/CHIRPS/DAILY,1991-2020,IBGE_2024
3517109,Glicério,SP,272.8,5,mai,45.20058843917233,OK,1991,2020,30,CHIRPS_v2,UCSB-CHG/CHIRPS/DAILY,1991-2020,IBGE_2024
3501103,Alto Alegre,SP,318.574,5,mai,54.55786796686588,OK,1991,2020,30,CHIRPS_v2,UCSB-CHG/CHIRPS/DAILY,1991-2020,IBGE_2024
3516507,Gabriel Monteiro,SP,138.681,5,mai,57.441617439305055,OK,1991,2020,30,CHIRPS_v2,UCSB-CHG/CHIRPS/DAILY,1991-2020,IBGE_2024
3557154,Zacarias,SP,319.056,5,mai,48.98703861705032,OK,1991,2020,30,CHIRPS_v2,UCSB-CHG/CHIRPS/DAILY,1991-2020,IBGE_2024
3508108,Buritama,SP,327.344,5,mai,50.7265703558776,OK,1991,2020,30,CHIRPS_v2,UCSB-CHG/CHIRPS/DAILY,1991-2020,IBGE_2024
3548401,Santópolis do Aguapeí,SP,128.026,5,mai,60.962749225711555,OK,1991,2020,30,CHIRPS_v2,UCSB-CHG/CHIRPS/DAILY,1991-2020,IBGE_2024
3506409,Bilac,SP,158.025,5,mai,53.61264202986241,OK,1991,2020,30,CHIRPS_v2,UCSB-CHG/CHIRPS/DAILY,1991-2020,IBGE_2024
3555208,Turiúba,SP,153.492,5,mai,53.5321874050103,OK,1991,2020,30,CHIRPS_v2,UCSB-CHG/CHIRPS/DAILY,1991-2020,IBGE_2024
3530102,Mirandópolis,SP,917.692,5,mai,63.62472419457542,OK,1991,2020,30,CHIRPS_v2,UCSB-CHG/CHIRPS/DAILY,1991-2020,IBGE_2024
3537404,Pereira Barreto,SP,974.248,5,mai,54.112585789764694,OK,1991,2020,30,CHIRPS_v2,UCSB-CHG/CHIRPS/DAILY,1991-2020,IBGE_2024
3520442,Ilha Solteira,SP,652.641,5,mai,55.865185314828004,OK,1991,2020,30,CHIRPS_v2,UCSB-CHG/CHIRPS/DAILY,1991-2020,IBGE_2024
3511003,Castilho,SP,1065.318,5,mai,65.64368492627943,OK,1991,2020,30,CHIRPS_v2,UCSB-CHG/CHIRPS/DAILY,1991-2020,IBGE_2024
3552304,Sud Mennucci,SP,594.543,5,mai,55.20947916692918,OK,1991,2020,30,CHIRPS_v2,UCSB-CHG/CHIRPS/DAILY,1991-2020,IBGE_2024
3526506,Lavínia,SP,537.675,5,mai,62.790986376973486,OK,1991,2020,30,CHIRPS_v2,UCSB-CHG/CHIRPS/DAILY,1991-2020,IBGE_2024
3502101,Andradina,SP,964.226,5,mai,62.48849202990042,OK,1991,2020,30,CHIRPS_v2,UCSB-CHG/CHIRPS/DAILY,1991-2020,IBGE_2024
3517802,Guaraçaí,SP,569.222,5,mai,64.65945151827943,OK,1991,2020,30,CHIRPS_v2,UCSB-CHG/CHIRPS/DAILY,1991-2020,IBGE_2024
3533205,Nova Independência,SP,265.028,5,mai,66.03841702519289,OK,1991,2020,30,CHIRPS_v2,UCSB-CHG/CHIRPS/DAILY,1991-2020,IBGE_2024
3532108,Murutinga do Sul,SP,250.873,5,mai,64.14128026466516,OK,1991,2020,30,CHIRPS_v2,UCSB-CHG/CHIRPS/DAILY,1991-2020,IBGE_2024
3523008,Itapura,SP,301.653,5,mai,55.515221384083574,OK,1991,2020,30,CHIRPS_v2,UCSB-CHG/CHIRPS/DAILY,1991-2020,IBGE_2024
3529500,Mendonça,SP,195.151,5,mai,47.89256438454548,OK,1991,2020,30,CHIRPS_v2,UCSB-CHG/CHIRPS/DAILY,1991-2020,IBGE_2024
3521507,Irapuã,SP,257.611,5,mai,50.90922442491341,OK,1991,2020,30,CHIRPS_v2,UCSB-CHG/CHIRPS/DAILY,1991-2020,IBGE_2024
3553401,Tanabi,SP,747.218,5,mai,45.36270988381397,OK,1991,2020,30,CHIRPS_v2,UCSB-CHG/CHIRPS/DAILY,1991-2020,IBGE_2024
3536604,Paulo de Faria,SP,737.986,5,mai,38.55553120386088,OK,1991,2020,30,CHIRPS_v2,UCSB-CHG/CHIRPS/DAILY,1991-2020,IBGE_2024
3544806,Sales,SP,308.555,5,mai,48.54445102348941,OK,1991,2020,30,CHIRPS_v2,UCSB-CHG/CHIRPS/DAILY,1991-2020,IBGE_2024
3519808,Icém,SP,362.355,5,mai,40.48884237178387,OK,1991,2020,30,CHIRPS_v2,UCSB-CHG/CHIRPS/DAILY,1991-2020,IBGE_2024
3528106,Macaubal,SP,248.087,5,mai,51.56319679404983,OK,1991,2020,30,CHIRPS_v2,UCSB-CHG/CHIRPS/DAILY,1991-2020,IBGE_2024
3519402,Ibirá,SP,268.9,5,mai,49.794201020678734,OK,1991,2020,30,CHIRPS_v2,UCSB-CHG/CHIRPS/DAILY,1991-2020,IBGE_2024
3535002,Palestina,SP,697.701,5,mai,39.00305999605573,OK,1991,2020,30,CHIRPS_v2,UCSB-CHG/CHIRPS/DAILY,1991-2020,IBGE_2024
3525706,José Bonifácio,SP,860.2,5,mai,49.757810311286505,OK,1991,2020,30,CHIRPS_v2,UCSB-CHG/CHIRPS/DAILY,1991-2020,IBGE_2024
3534005,Onda Verde,SP,242.946,5,mai,47.52424109433585,OK,1991,2020,30,CHIRPS_v2,UCSB-CHG/CHIRPS/DAILY,1991-2020,IBGE_2024
3534203,Orindiúva,SP,247.378,5,mai,38.722557609508435,OK,1991,2020,30,CHIRPS_v2,UCSB-CHG/CHIRPS/DAILY,1991-2020,IBGE_2024
3533502,Novo Horizonte,SP,931.743,5,mai,48.89272042784135,OK,1991,2020,30,CHIRPS_v2,UCSB-CHG/CHIRPS/DAILY,1991-2020,IBGE_2024
3533007,Nova Granada,SP,531.796,5,mai,41.914314140074666,OK,1991,2020,30,CHIRPS_v2,UCSB-CHG/CHIRPS/DAILY,1991-2020,IBGE_2024
3500907,Altair,SP,313.007,5,mai,50.002865250986304,OK,1991,2020,30,CHIRPS_v2,UCSB-CHG/CHIRPS/DAILY,1991-2020,IBGE_2024
3500204,Adolfo,SP,211.055,5,mai,47.12217630535897,OK,1991,2020,30,CHIRPS_v2,UCSB-CHG/CHIRPS/DAILY,1991-2020,IBGE_2024
3540804,Potirendaba,SP,342.492,5,mai,48.32590562367889,OK,1991,2020,30,CHIRPS_v2,UCSB-CHG/CHIRPS/DAILY,1991-2020,IBGE_2024
3532702,Nipoã,SP,137.609,5,mai,52.270728067906866,OK,1991,2020,30,CHIRPS_v2,UCSB-CHG/CHIRPS/DAILY,1991-2020,IBGE_2024
3539608,Planalto,SP,289.825,5,mai,51.29245785364806,OK,1991,2020,30,CHIRPS_v2,UCSB-CHG/CHIRPS/DAILY,1991-2020,IBGE_2024
3531407,Monte Aprazível,SP,495.559,5,mai,51.476871008083016,OK,1991,2020,30,CHIRPS_v2,UCSB-CHG/CHIRPS/DAILY,1991-2020,IBGE_2024
3556008,Urupês,SP,323.916,5,mai,52.73716269720501,OK,1991,2020,30,CHIRPS_v2,UCSB-CHG/CHIRPS/DAILY,1991-2020,IBGE_2024
3539905,Poloni,SP,135.119,5,mai,51.41915504578481,OK,1991,2020,30,CHIRPS_v2,UCSB-CHG/CHIRPS/DAILY,1991-2020,IBGE_2024
3555703,União Paulista,SP,79.056,5,mai,51.216601206025935,OK,1991,2020,30,CHIRPS_v2,UCSB-CHG/CHIRPS/DAILY,1991-2020,IBGE_2024
3555356,Ubarana,SP,209.861,5,mai,45.67348138171879,OK,1991,2020,30,CHIRPS_v2,UCSB-CHG/CHIRPS/DAILY,1991-2020,IBGE_2024
3521150,Ipiguá,SP,136.028,5,mai,49.539152638125785,OK,1991,2020,30,CHIRPS_v2,UCSB-CHG/CHIRPS/DAILY,1991-2020,IBGE_2024
3504800,Bálsamo,SP,149.881,5,mai,54.81331730458362,OK,1991,2020,30,CHIRPS_v2,UCSB-CHG/CHIRPS/DAILY,1991-2020,IBGE_2024
3504602,Bady Bassitt,SP,110.372,5,mai,49.06294469927166,OK,1991,2020,30,CHIRPS_v2,UCSB-CHG/CHIRPS/DAILY,1991-2020,IBGE_2024
3511300,Cedral,SP,197.099,5,mai,53.1222776669766,OK,1991,2020,30,CHIRPS_v2,UCSB-CHG/CHIRPS/DAILY,1991-2020,IBGE_2024
3549805,São José do Rio Preto,SP,431.944,5,mai,51.3096288837264,OK,1991,2020,30,CHIRPS_v2,UCSB-CHG/CHIRPS/DAILY,1991-2020,IBGE_2024
3517505,Guapiaçu,SP,324.752,5,mai,50.30319789349014,OK,1991,2020,30,CHIRPS_v2,UCSB-CHG/CHIRPS/DAILY,1991-2020,IBGE_2024
3532504,Neves Paulista,SP,219.05,5,mai,52.54124983713638,OK,1991,2020,30,CHIRPS_v2,UCSB-CHG/CHIRPS/DAILY,1991-2020,IBGE_2024
3532801,Nova Aliança,SP,217.515,5,mai,49.87849588784881,OK,1991,2020,30,CHIRPS_v2,UCSB-CHG/CHIRPS/DAILY,1991-2020,IBGE_2024
3524501,Jaci,SP,145.133,5,mai,50.74249696636989,OK,1991,2020,30,CHIRPS_v2,UCSB-CHG/CHIRPS/DAILY,1991-2020,IBGE_2024
3555604,Uchoa,SP,256.982,5,mai,48.43418562379221,OK,1991,2020,30,CHIRPS_v2,UCSB-CHG/CHIRPS/DAILY,1991-2020,IBGE_2024
3530409,Mirassolândia,SP,166.125,5,mai,48.81451023879823,OK,1991,2020,30,CHIRPS_v2,UCSB-CHG/CHIRPS/DAILY,1991-2020,IBGE_2024
3530300,Mirassol,SP,243.228,5,mai,52.10045189279095,OK,1991,2020,30,CHIRPS_v2,UCSB-CHG/CHIRPS/DAILY,1991-2020,IBGE_2024
3528858,Marapoama,SP,111.267,5,mai,51.76976493046868,OK,1991,2020,30,CHIRPS_v2,UCSB-CHG/CHIRPS/DAILY,1991-2020,IBGE_2024
3511102,Catanduva,SP,291.926,5,mai,50.149399251278346,OK,1991,2020,30,CHIRPS_v2,UCSB-CHG/CHIRPS/DAILY,1991-2020,IBGE_2024
3511201,Catiguá,SP,146.568,5,mai,47.27782624505865,OK,1991,2020,30,CHIRPS_v2,UCSB-CHG/CHIRPS/DAILY,1991-2020,IBGE_2024
3533254,Novais,SP,117.772,5,mai,43.13283565905111,OK,1991,2020,30,CHIRPS_v2,UCSB-CHG/CHIRPS/DAILY,1991-2020,IBGE_2024
3514957,Embaúba,SP,83.129,5,mai,42.105719164452715,OK,1991,2020,30,CHIRPS_v2,UCSB-CHG/CHIRPS/DAILY,1991-2020,IBGE_2024
3514924,Elisiário,SP,93.314,5,mai,52.890991191575864,OK,1991,2020,30,CHIRPS_v2,UCSB-CHG/CHIRPS/DAILY,1991-2020,IBGE_2024
3538105,Pindorama,SP,184.825,5,mai,51.653678519933294,OK,1991,2020,30,CHIRPS_v2,UCSB-CHG/CHIRPS/DAILY,1991-2020,IBGE_2024
3521903,Itajobi,SP,502.066,5,mai,50.86376394002342,OK,1991,2020,30,CHIRPS_v2,UCSB-CHG/CHIRPS/DAILY,1991-2020,IBGE_2024
3545605,Santa Adélia,SP,330.269,5,mai,48.396996785071885,OK,1991,2020,30,CHIRPS_v2,UCSB-CHG/CHIRPS/DAILY,1991-2020,IBGE_2024
3503703,Ariranha,SP,132.624,5,mai,42.454866649351025,OK,1991,2020,30,CHIRPS_v2,UCSB-CHG/CHIRPS/DAILY,1991-2020,IBGE_2024
3552601,Tabapuã,SP,346.692,5,mai,44.96842593464703,OK,1991,2020,30,CHIRPS_v2,UCSB-CHG/CHIRPS/DAILY,1991-2020,IBGE_2024
3535705,Paraíso,SP,155.186,5,mai,43.32845515541669,OK,1991,2020,30,CHIRPS_v2,UCSB-CHG/CHIRPS/DAILY,1991-2020,IBGE_2024
3535101,Palmares Paulista,SP,82.125,5,mai,46.00970489888502,OK,1991,2020,30,CHIRPS_v2,UCSB-CHG/CHIRPS/DAILY,1991-2020,IBGE_2024
3515608,Fernando Prestes,SP,169.99,5,mai,41.43909593578064,OK,1991,2020,30,CHIRPS_v2,UCSB-CHG/CHIRPS/DAILY,1991-2020,IBGE_2024
3556909,Vista Alegre do Alto,SP,95.429,5,mai,41.216566165757136,OK,1991,2020,30,CHIRPS_v2,UCSB-CHG/CHIRPS/DAILY,1991-2020,IBGE_2024
3539004,Pirangi,SP,215.809,5,mai,42.33924153300945,OK,1991,2020,30,CHIRPS_v2,UCSB-CHG/CHIRPS/DAILY,1991-2020,IBGE_2024
3512902,Cosmorama,SP,441.68,5,mai,49.21391696635511,OK,1991,2020,30,CHIRPS_v2,UCSB-CHG/CHIRPS/DAILY,1991-2020,IBGE_2024
3544202,Riolândia,SP,631.897,5,mai,38.814916599566075,OK,1991,2020,30,CHIRPS_v2,UCSB-CHG/CHIRPS/DAILY,1991-2020,IBGE_2024
3536257,Parisi,SP,84.737,5,mai,47.71437151677031,OK,1991,2020,30,CHIRPS_v2,UCSB-CHG/CHIRPS/DAILY,1991-2020,IBGE_2024
3551306,Sebastianópolis do Sul,SP,167.848,5,mai,55.10729103660687,OK,1991,2020,30,CHIRPS_v2,UCSB-CHG/CHIRPS/DAILY,1991-2020,IBGE_2024
3510708,Cardoso,SP,639.248,5,mai,42.26577592023433,OK,1991,2020,30,CHIRPS_v2,UCSB-CHG/CHIRPS/DAILY,1991-2020,IBGE_2024
3501806,Américo de Campos,SP,252.876,5,mai,42.12125671171661,OK,1991,2020,30,CHIRPS_v2,UCSB-CHG/CHIRPS/DAILY,1991-2020,IBGE_2024
3501202,Álvares Florence,SP,362.411,5,mai,49.84028808860115,OK,1991,2020,30,CHIRPS_v2,UCSB-CHG/CHIRPS/DAILY,1991-2020,IBGE_2024
3532603,Nhandeara,SP,436.159,5,mai,53.1002297296362,OK,1991,2020,30,CHIRPS_v2,UCSB-CHG/CHIRPS/DAILY,1991-2020,IBGE_2024
3557105,Votuporanga,SP,420.703,5,mai,53.519184918847095,OK,1991,2020,30,CHIRPS_v2,UCSB-CHG/CHIRPS/DAILY,1991-2020,IBGE_2024
3515905,Floreal,SP,204.236,5,mai,51.50396924521457,OK,1991,2020,30,CHIRPS_v2,UCSB-CHG/CHIRPS/DAILY,1991-2020,IBGE_2024
3540309,Pontes Gestal,SP,217.505,5,mai,40.16407084304261,OK,1991,2020,30,CHIRPS_v2,UCSB-CHG/CHIRPS/DAILY,1991-2020,IBGE_2024
3556107,Valentim Gentil,SP,149.741,5,mai,45.74201654191969,OK,1991,2020,30,CHIRPS_v2,UCSB-CHG/CHIRPS/DAILY,1991-2020,IBGE_2024
3545704,Santa Albertina,SP,272.692,5,mai,49.970539606745646,OK,1991,2020,30,CHIRPS_v2,UCSB-CHG/CHIRPS/DAILY,1991-2020,IBGE_2024
3529658,Mesópolis,SP,148.636,5,mai,46.08531852399125,OK,1991,2020,30,CHIRPS_v2,UCSB-CHG/CHIRPS/DAILY,1991-2020,IBGE_2024
3529104,Marinópolis,SP,77.827,5,mai,57.71031843057012,OK,1991,2020,30,CHIRPS_v2,UCSB-CHG/CHIRPS/DAILY,1991-2020,IBGE_2024
3503950,Aspásia,SP,69.373,5,mai,51.548614178621776,OK,1991,2020,30,CHIRPS_v2,UCSB-CHG/CHIRPS/DAILY,1991-2020,IBGE_2024
3552551,Suzanápolis,SP,330.587,5,mai,54.91655412200814,OK,1991,2020,30,CHIRPS_v2,UCSB-CHG/CHIRPS/DAILY,1991-2020,IBGE_2024
3535903,Paranapuã,SP,140.354,5,mai,43.66867498582018,OK,1991,2020,30,CHIRPS_v2,UCSB-CHG/CHIRPS/DAILY,1991-2020,IBGE_2024
3535200,Palmeira d'Oeste,SP,318.696,5,mai,56.1603677265555,OK,1991,2020,30,CHIRPS_v2,UCSB-CHG/CHIRPS/DAILY,1991-2020,IBGE_2024
3502606,Aparecida d'Oeste,SP,179.004,5,mai,57.260925843572025,OK,1991,2020,30,CHIRPS_v2,UCSB-CHG/CHIRPS/DAILY,1991-2020,IBGE_2024
3524808,Jales,SP,368.574,5,mai,43.76902347363918,OK,1991,2020,30,CHIRPS_v2,UCSB-CHG/CHIRPS/DAILY,1991-2020,IBGE_2024
3556958,Vitória Brasil,SP,49.832,5,mai,44.35739700026921,OK,1991,2020,30,CHIRPS_v2,UCSB-CHG/CHIRPS/DAILY,1991-2020,IBGE_2024
3549003,São Francisco,SP,75.579,5,mai,51.36685538697655,OK,1991,2020,30,CHIRPS_v2,UCSB-CHG/CHIRPS/DAILY,1991-2020,IBGE_2024
3540259,Pontalinda,SP,209.504,5,mai,55.59563875854594,OK,1991,2020,30,CHIRPS_v2,UCSB-CHG/CHIRPS/DAILY,1991-2020,IBGE_2024
3540408,Populina,SP,315.938,5,mai,43.75886907580366,OK,1991,2020,30,CHIRPS_v2,UCSB-CHG/CHIRPS/DAILY,1991-2020,IBGE_2024
3547650,Santa Salete,SP,79.192,5,mai,50.22368412622634,OK,1991,2020,30,CHIRPS_v2,UCSB-CHG/CHIRPS/DAILY,1991-2020,IBGE_2024
3555802,Urânia,SP,209.262,5,mai,41.66954015278596,OK,1991,2020,30,CHIRPS_v2,UCSB-CHG/CHIRPS/DAILY,1991-2020,IBGE_2024
3555307,Turmalina,SP,147.797,5,mai,44.28019529964975,OK,1991,2020,30,CHIRPS_v2,UCSB-CHG/CHIRPS/DAILY,1991-2020,IBGE_2024
3514205,Dolcinópolis,SP,77.939,5,mai,41.35597293141254,OK,1991,2020,30,CHIRPS_v2,UCSB-CHG/CHIRPS/DAILY,1991-2020,IBGE_2024
3513850,Dirce Reis,SP,88.152,5,mai,55.53458271554044,OK,1991,2020,30,CHIRPS_v2,UCSB-CHG/CHIRPS/DAILY,1991-2020,IBGE_2024
3529609,Meridiano,SP,228.199,5,mai,53.880374553793814,OK,1991,2020,30,CHIRPS_v2,UCSB-CHG/CHIRPS/DAILY,1991-2020,IBGE_2024
3520707,Indiaporã,SP,279.606,5,mai,41.874161205385214,OK,1991,2020,30,CHIRPS_v2,UCSB-CHG/CHIRPS/DAILY,1991-2020,IBGE_2024
3536901,Pedranópolis,SP,260.101,5,mai,48.32825916489345,OK,1991,2020,30,CHIRPS_v2,UCSB-CHG/CHIRPS/DAILY,1991-2020,IBGE_2024
3528205,Macedônia,SP,327.567,5,mai,40.37137334719091,OK,1991,2020,30,CHIRPS_v2,UCSB-CHG/CHIRPS/DAILY,1991-2020,IBGE_2024
3534757,Ouroeste,SP,288.648,5,mai,43.65458409012305,OK,1991,2020,30,CHIRPS_v2,UCSB-CHG/CHIRPS/DAILY,1991-2020,IBGE_2024
3518008,Guarani d'Oeste,SP,85.7,5,mai,44.0622239001138,OK,1991,2020,30,CHIRPS_v2,UCSB-CHG/CHIRPS/DAILY,1991-2020,IBGE_2024
3549250,São João de Iracema,SP,178.396,5,mai,55.564647829281405,OK,1991,2020,30,CHIRPS_v2,UCSB-CHG/CHIRPS/DAILY,1991-2020,IBGE_2024
3549201,São João das Duas Pontes,SP,129.462,5,mai,55.497279587014305,OK,1991,2020,30,CHIRPS_v2,UCSB-CHG/CHIRPS/DAILY,1991-2020,IBGE_2024
3515509,Fernandópolis,SP,549.797,5,mai,55.028335763118974,OK,1991,2020,30,CHIRPS_v2,UCSB-CHG/CHIRPS/DAILY,1991-2020,IBGE_2024
3515202,Estrela d'Oeste,SP,296.281,5,mai,50.9461274323675,OK,1991,2020,30,CHIRPS_v2,UCSB-CHG/CHIRPS/DAILY,1991-2020,IBGE_2024
3530003,Mira Estrela,SP,216.825,5,mai,39.9277106735614,OK,1991,2020,30,CHIRPS_v2,UCSB-CHG/CHIRPS/DAILY,1991-2020,IBGE_2024
3546603,Santa Fé do Sul,SP,206.537,5,mai,66.71906577703108,OK,1991,2020,30,CHIRPS_v2,UCSB-CHG/CHIRPS/DAILY,1991-2020,IBGE_2024
3546108,Santa Clara d'Oeste,SP,183.458,5,mai,60.43668304770497,OK,1991,2020,30,CHIRPS_v2,UCSB-CHG/CHIRPS/DAILY,1991-2020,IBGE_2024
3544509,Rubinéia,SP,242.877,5,mai,61.71252804058434,OK,1991,2020,30,CHIRPS_v2,UCSB-CHG/CHIRPS/DAILY,1991-2020,IBGE_2024
3532843,Nova Canaã Paulista,SP,124.473,5,mai,60.58508668828425,OK,1991,2020,30,CHIRPS_v2,UCSB-CHG/CHIRPS/DAILY,1991-2020,IBGE_2024
3547403,Santa Rita d'Oeste,SP,209.8,5,mai,59.82185784879194,OK,1991,2020,30,CHIRPS_v2,UCSB-CHG/CHIRPS/DAILY,1991-2020,IBGE_2024
3554904,Três Fronteiras,SP,151.594,5,mai,66.95231579877998,OK,1991,2020,30,CHIRPS_v2,UCSB-CHG/CHIRPS/DAILY,1991-2020,IBGE_2024
3547205,Santana da Ponte Pensa,SP,129.888,5,mai,60.94341639624652,OK,1991,2020,30,CHIRPS_v2,UCSB-CHG/CHIRPS/DAILY,1991-2020,IBGE_2024
3546256,Santa Cruz da Esperança,SP,148.062,5,mai,54.22368188805329,OK,1991,2020,30,CHIRPS_v2,UCSB-CHG/CHIRPS/DAILY,1991-2020,IBGE_2024
3513108,Cravinhos,SP,311.423,5,mai,51.3686195834845,OK,1991,2020,30,CHIRPS_v2,UCSB-CHG/CHIRPS/DAILY,1991-2020,IBGE_2024
3551504,Serrana,SP,126.046,5,mai,55.00086009724304,OK,1991,2020,30,CHIRPS_v2,UCSB-CHG/CHIRPS/DAILY,1991-2020,IBGE_2024
3551405,Serra Azul,SP,283.144,5,mai,54.6783097246632,OK,1991,2020,30,CHIRPS_v2,UCSB-CHG/CHIRPS/DAILY,1991-2020,IBGE_2024
3551702,Sertãozinho,SP,403.089,5,mai,48.395586592436985,OK,1991,2020,30,CHIRPS_v2,UCSB-CHG/CHIRPS/DAILY,1991-2020,IBGE_2024
3543402,Ribeirão Preto,SP,650.916,5,mai,52.02019812354791,OK,1991,2020,30,CHIRPS_v2,UCSB-CHG/CHIRPS/DAILY,1991-2020,IBGE_2024
3525102,Jardinópolis,SP,501.87,5,mai,50.39308732916062,OK,1991,2020,30,CHIRPS_v2,UCSB-CHG/CHIRPS/DAILY,1991-2020,IBGE_2024
3507803,Brodowski,SP,278.458,5,mai,52.231144286431494,OK,1991,2020,30,CHIRPS_v2,UCSB-CHG/CHIRPS/DAILY,1991-2020,IBGE_2024
3505609,Barrinha,SP,148.756,5,mai,46.918138006463955,OK,1991,2020,30,CHIRPS_v2,UCSB-CHG/CHIRPS/DAILY,1991-2020,IBGE_2024
3546504,Santa Ernestina,SP,134.421,5,mai,45.627715967227445,OK,1991,2020,30,CHIRPS_v2,UCSB-CHG/CHIRPS/DAILY,1991-2020,IBGE_2024
3510906,Cássia dos Coqueiros,SP,191.683,5,mai,53.47444548001863,OK,1991,2020,30,CHIRPS_v2,UCSB-CHG/CHIRPS/DAILY,1991-2020,IBGE_2024
3527603,Luís Antônio,SP,598.257,5,mai,52.170915897745175,OK,1991,2020,30,CHIRPS_v2,UCSB-CHG/CHIRPS/DAILY,1991-2020,IBGE_2024
3518602,Guariba,SP,270.408,5,mai,42.596568632418176,OK,1991,2020,30,CHIRPS_v2,UCSB-CHG/CHIRPS/DAILY,1991-2020,IBGE_2024
3518859,Guatapará,SP,413.653,5,mai,48.159108402371444,OK,1991,2020,30,CHIRPS_v2,UCSB-CHG/CHIRPS/DAILY,1991-2020,IBGE_2024
3550902,São Simão,SP,617.252,5,mai,58.00437338442377,OK,1991,2020,30,CHIRPS_v2,UCSB-CHG/CHIRPS/DAILY,1991-2020,IBGE_2024
3509403,Cajuru,SP,660.088,5,mai,53.96924791964606,OK,1991,2020,30,CHIRPS_v2,UCSB-CHG/CHIRPS/DAILY,1991-2020,IBGE_2024
3501004,Altinópolis,SP,928.956,5,mai,52.10662501912774,OK,1991,2020,30,CHIRPS_v2,UCSB-CHG/CHIRPS/DAILY,1991-2020,IBGE_2024
3524303,Jaboticabal,SP,706.722,5,mai,44.98312293964421,OK,1991,2020,30,CHIRPS_v2,UCSB-CHG/CHIRPS/DAILY,1991-2020,IBGE_2024
3540200,Pontal,SP,356.371,5,mai,46.362674177301514,OK,1991,2020,30,CHIRPS_v2,UCSB-CHG/CHIRPS/DAILY,1991-2020,IBGE_2024
3540903,Pradópolis,SP,164.386,5,mai,45.380397074443145,OK,1991,2020,30,CHIRPS_v2,UCSB-CHG/CHIRPS/DAILY,1991-2020,IBGE_2024
3547908,Santo Antônio da Alegria,SP,310.311,5,mai,51.55390360837239,OK,1991,2020,30,CHIRPS_v2,UCSB-CHG/CHIRPS/DAILY,1991-2020,IBGE_2024
3514601,Dumont,SP,111.361,5,mai,48.41069444172693,OK,1991,2020,30,CHIRPS_v2,UCSB-CHG/CHIRPS/DAILY,1991-2020,IBGE_2024
3539509,Pitangueiras,SP,430.638,5,mai,43.914240906280966,OK,1991,2020,30,CHIRPS_v2,UCSB-CHG/CHIRPS/DAILY,1991-2020,IBGE_2024
3531308,Monte Alto,SP,346.95,5,mai,43.696452618200574,OK,1991,2020,30,CHIRPS_v2,UCSB-CHG/CHIRPS/DAILY,1991-2020,IBGE_2024
3547601,Santa Rosa de Viterbo,SP,288.576,5,mai,56.4114990834927,OK,1991,2020,30,CHIRPS_v2,UCSB-CHG/CHIRPS/DAILY,1991-2020,IBGE_2024
3505906,Batatais,SP,849.526,5,mai,51.02731810073456,OK,1991,2020,30,CHIRPS_v2,UCSB-CHG/CHIRPS/DAILY,1991-2020,IBGE_2024
3505500,Barretos,SP,1566.161,5,mai,43.12412519960804,OK,1991,2020,30,CHIRPS_v2,UCSB-CHG/CHIRPS/DAILY,1991-2020,IBGE_2024
3553658,Taquaral,SP,53.892,5,mai,41.8770597507525,OK,1991,2020,30,CHIRPS_v2,UCSB-CHG/CHIRPS/DAILY,1991-2020,IBGE_2024
3512100,Colômbia,SP,728.648,5,mai,38.151478799455255,OK,1991,2020,30,CHIRPS_v2,UCSB-CHG/CHIRPS/DAILY,1991-2020,IBGE_2024
3512001,Colina,SP,422.303,5,mai,43.36223201673975,OK,1991,2020,30,CHIRPS_v2,UCSB-CHG/CHIRPS/DAILY,1991-2020,IBGE_2024
3553104,Taiaçu,SP,107.059,5,mai,43.21078220443105,OK,1991,2020,30,CHIRPS_v2,UCSB-CHG/CHIRPS/DAILY,1991-2020,IBGE_2024
3553203,Taiúva,SP,132.459,5,mai,43.32211519071308,OK,1991,2020,30,CHIRPS_v2,UCSB-CHG/CHIRPS/DAILY,1991-2020,IBGE_2024
3551900,Severínia,SP,140.46,5,mai,40.21277065412245,OK,1991,2020,30,CHIRPS_v2,UCSB-CHG/CHIRPS/DAILY,1991-2020,IBGE_2024
3533908,Olímpia,SP,802.393,5,mai,45.84415881179944,OK,1991,2020,30,CHIRPS_v2,UCSB-CHG/CHIRPS/DAILY,1991-2020,IBGE_2024
3517901,Guaraci,SP,641.501,5,mai,44.722070090819805,OK,1991,2020,30,CHIRPS_v2,UCSB-CHG/CHIRPS/DAILY,1991-2020,IBGE_2024
3517406,Guaíra,SP,1258.465,5,mai,38.67176103707978,OK,1991,2020,30,CHIRPS_v2,UCSB-CHG/CHIRPS/DAILY,1991-2020,IBGE_2024
3509304,Cajobi,SP,176.929,5,mai,40.454314949682264,OK,1991,2020,30,CHIRPS_v2,UCSB-CHG/CHIRPS/DAILY,1991-2020,IBGE_2024
3524204,Jaborandi,SP,273.438,5,mai,41.8295934073097,OK,1991,2020,30,CHIRPS_v2,UCSB-CHG/CHIRPS/DAILY,1991-2020,IBGE_2024
3531506,Monte Azul Paulista,SP,263.463,5,mai,44.529376233027676,OK,1991,2020,30,CHIRPS_v2,UCSB-CHG/CHIRPS/DAILY,1991-2020,IBGE_2024
3556800,Viradouro,SP,217.726,5,mai,41.693215085130895,OK,1991,2020,30,CHIRPS_v2,UCSB-CHG/CHIRPS/DAILY,1991-2020,IBGE_2024
3506102,Bebedouro,SP,683.192,5,mai,44.02007248472188,OK,1991,2020,30,CHIRPS_v2,UCSB-CHG/CHIRPS/DAILY,1991-2020,IBGE_2024
3554409,Terra Roxa,SP,221.54,5,mai,43.08114234287963,OK,1991,2020,30,CHIRPS_v2,UCSB-CHG/CHIRPS/DAILY,1991-2020,IBGE_2024
3513207,Cristais Paulista,SP,385.23,5,mai,47.218925308499365,OK,1991,2020,30,CHIRPS_v2,UCSB-CHG/CHIRPS/DAILY,1991-2020,IBGE_2024
3536307,Patrocínio Paulista,SP,602.848,5,mai,49.48353040474243,OK,1991,2020,30,CHIRPS_v2,UCSB-CHG/CHIRPS/DAILY,1991-2020,IBGE_2024
3542701,Restinga,SP,245.746,5,mai,49.228202751537495,OK,1991,2020,30,CHIRPS_v2,UCSB-CHG/CHIRPS/DAILY,1991-2020,IBGE_2024
3543105,Ribeirão Corrente,SP,148.332,5,mai,44.574521356232836,OK,1991,2020,30,CHIRPS_v2,UCSB-CHG/CHIRPS/DAILY,1991-2020,IBGE_2024
3516200,Franca,SP,605.679,5,mai,52.2367223498331,OK,1991,2020,30,CHIRPS_v2,UCSB-CHG/CHIRPS/DAILY,1991-2020,IBGE_2024
3523701,Itirapuã,SP,161.118,5,mai,48.033274364667314,OK,1991,2020,30,CHIRPS_v2,UCSB-CHG/CHIRPS/DAILY,1991-2020,IBGE_2024
3537008,Pedregulho,SP,712.604,5,mai,45.61787428750018,OK,1991,2020,30,CHIRPS_v2,UCSB-CHG/CHIRPS/DAILY,1991-2020,IBGE_2024
3543600,Rifaina,SP,162.508,5,mai,41.60943153337154,OK,1991,2020,30,CHIRPS_v2,UCSB-CHG/CHIRPS/DAILY,1991-2020,IBGE_2024
3525409,Jeriquara,SP,141.971,5,mai,46.59143426641187,OK,1991,2020,30,CHIRPS_v2,UCSB-CHG/CHIRPS/DAILY,1991-2020,IBGE_2024
3549508,São José da Bela Vista,SP,276.952,5,mai,41.73582304003329,OK,1991,2020,30,CHIRPS_v2,UCSB-CHG/CHIRPS/DAILY,1991-2020,IBGE_2024
3521309,Ipuã,SP,466.461,5,mai,40.964091593131926,OK,1991,2020,30,CHIRPS_v2,UCSB-CHG/CHIRPS/DAILY,1991-2020,IBGE_2024
3544905,Sales Oliveira,SP,305.776,5,mai,51.75381075423223,OK,1991,2020,30,CHIRPS_v2,UCSB-CHG/CHIRPS/DAILY,1991-2020,IBGE_2024
3534302,Orlândia,SP,291.765,5,mai,47.66378020403355,OK,1991,2020,30,CHIRPS_v2,UCSB-CHG/CHIRPS/DAILY,1991-2020,IBGE_2024
3533601,Nuporanga,SP,348.265,5,mai,47.60134417154658,OK,1991,2020,30,CHIRPS_v2,UCSB-CHG/CHIRPS/DAILY,1991-2020,IBGE_2024
3549409,São Joaquim da Barra,SP,410.863,5,mai,43.71406617855128,OK,1991,2020,30,CHIRPS_v2,UCSB-CHG/CHIRPS/DAILY,1991-2020,IBGE_2024
3531902,Morro Agudo,SP,1388.127,5,mai,43.74329832861114,OK,1991,2020,30,CHIRPS_v2,UCSB-CHG/CHIRPS/DAILY,1991-2020,IBGE_2024
3529708,Miguelópolis,SP,820.849,5,mai,38.67247360685971,OK,1991,2020,30,CHIRPS_v2,UCSB-CHG/CHIRPS/DAILY,1991-2020,IBGE_2024
3520103,Igarapava,SP,468.355,5,mai,39.81454388048907,OK,1991,2020,30,CHIRPS_v2,UCSB-CHG/CHIRPS/DAILY,1991-2020,IBGE_2024
3503000,Aramina,SP,202.829,5,mai,41.388956159770665,OK,1991,2020,30,CHIRPS_v2,UCSB-CHG/CHIRPS/DAILY,1991-2020,IBGE_2024
3517703,Guará,SP,362.183,5,mai,39.81903781924299,OK,1991,2020,30,CHIRPS_v2,UCSB-CHG/CHIRPS/DAILY,1991-2020,IBGE_2024
3508207,Buritizal,SP,266.42,5,mai,43.56018997061451,OK,1991,2020,30,CHIRPS_v2,UCSB-CHG/CHIRPS/DAILY,1991-2020,IBGE_2024
3524105,Ituverava,SP,704.659,5,mai,41.99256793730425,OK,1991,2020,30,CHIRPS_v2,UCSB-CHG/CHIRPS/DAILY,1991-2020,IBGE_2024
3503208,Araraquara,SP,1003.626,5,mai,50.224997830190816,OK,1991,2020,30,CHIRPS_v2,UCSB-CHG/CHIRPS/DAILY,1991-2020,IBGE_2024
3543709,Rincão,SP,316.639,5,mai,49.603092728677446,OK,1991,2020,30,CHIRPS_v2,UCSB-CHG/CHIRPS/DAILY,1991-2020,IBGE_2024
3501707,Américo Brasiliense,SP,122.958,5,mai,49.76368588283568,OK,1991,2020,30,CHIRPS_v2,UCSB-CHG/CHIRPS/DAILY,1991-2020,IBGE_2024
3516853,Gavião Peixoto,SP,243.766,5,mai,49.56030502612652,OK,1991,2020,30,CHIRPS_v2,UCSB-CHG/CHIRPS/DAILY,1991-2020,IBGE_2024
3546900,Santa Lúcia,SP,153.86,5,mai,49.753309153563144,OK,1991,2020,30,CHIRPS_v2,UCSB-CHG/CHIRPS/DAILY,1991-2020,IBGE_2024
3554755,Trabiju,SP,63.421,5,mai,56.87606556169418,OK,1991,2020,30,CHIRPS_v2,UCSB-CHG/CHIRPS/DAILY,1991-2020,IBGE_2024
3529302,Matão,SP,524.899,5,mai,46.18992107179402,OK,1991,2020,30,CHIRPS_v2,UCSB-CHG/CHIRPS/DAILY,1991-2020,IBGE_2024
3553708,Taquaritinga,SP,594.335,5,mai,45.74428515449992,OK,1991,2020,30,CHIRPS_v2,UCSB-CHG/CHIRPS/DAILY,1991-2020,IBGE_2024
3519600,Ibitinga,SP,689.391,5,mai,50.49926579981755,OK,1991,2020,30,CHIRPS_v2,UCSB-CHG/CHIRPS/DAILY,1991-2020,IBGE_2024
3552700,Tabatinga,SP,368.604,5,mai,47.40604737784016,OK,1991,2020,30,CHIRPS_v2,UCSB-CHG/CHIRPS/DAILY,1991-2020,IBGE_2024
3510104,Cândido Rodrigues,SP,70.892,5,mai,44.9691121216194,OK,1991,2020,30,CHIRPS_v2,UCSB-CHG/CHIRPS/DAILY,1991-2020,IBGE_2024
3532900,Nova Europa,SP,160.25,5,mai,49.22028019928265,OK,1991,2020,30,CHIRPS_v2,UCSB-CHG/CHIRPS/DAILY,1991-2020,IBGE_2024
3532058,Motuca,SP,228.651,5,mai,46.5103046445241,OK,1991,2020,30,CHIRPS_v2,UCSB-CHG/CHIRPS/DAILY,1991-2020,IBGE_2024
3507407,Borborema,SP,552.256,5,mai,50.04709297164815,OK,1991,2020,30,CHIRPS_v2,UCSB-CHG/CHIRPS/DAILY,1991-2020,IBGE_2024
3522703,Itápolis,SP,996.747,5,mai,48.06961127637908,OK,1991,2020,30,CHIRPS_v2,UCSB-CHG/CHIRPS/DAILY,1991-2020,IBGE_2024
3506706,Boa Esperança do Sul,SP,690.748,5,mai,53.41285880469066,OK,1991,2020,30,CHIRPS_v2,UCSB-CHG/CHIRPS/DAILY,1991-2020,IBGE_2024
3514007,Dobrada,SP,149.729,5,mai,45.56546314075019,OK,1991,2020,30,CHIRPS_v2,UCSB-CHG/CHIRPS/DAILY,1991-2020,IBGE_2024
3519303,Ibaté,SP,290.977,5,mai,50.755165390939155,OK,1991,2020,30,CHIRPS_v2,UCSB-CHG/CHIRPS/DAILY,1991-2020,IBGE_2024
3548906,São Carlos,SP,1136.907,5,mai,53.70120374947906,OK,1991,2020,30,CHIRPS_v2,UCSB-CHG/CHIRPS/DAILY,1991-2020,IBGE_2024
3513702,Descalvado,SP,753.926,5,mai,52.39991093044023,OK,1991,2020,30,CHIRPS_v2,UCSB-CHG/CHIRPS/DAILY,1991-2020,IBGE_2024
3542909,Ribeirão Bonito,SP,471.553,5,mai,53.13989999551872,OK,1991,2020,30,CHIRPS_v2,UCSB-CHG/CHIRPS/DAILY,1991-2020,IBGE_2024
3540705,Porto Ferreira,SP,245.327,5,mai,55.12408151095243,OK,1991,2020,30,CHIRPS_v2,UCSB-CHG/CHIRPS/DAILY,1991-2020,IBGE_2024
3523602,Itirapina,SP,564.603,5,mai,52.279062418387994,OK,1991,2020,30,CHIRPS_v2,UCSB-CHG/CHIRPS/DAILY,1991-2020,IBGE_2024
3539301,Pirassununga,SP,727.714,5,mai,54.23159633620111,OK,1991,2020,30,CHIRPS_v2,UCSB-CHG/CHIRPS/DAILY,1991-2020,IBGE_2024
3547502,Santa Rita do Passa Quatro,SP,752.911,5,mai,56.36443721553075,OK,1991,2020,30,CHIRPS_v2,UCSB-CHG/CHIRPS/DAILY,1991-2020,IBGE_2024
3514304,Dourado,SP,205.874,5,mai,58.960116051501366,OK,1991,2020,30,CHIRPS_v2,UCSB-CHG/CHIRPS/DAILY,1991-2020,IBGE_2024
3545803,Santa Bárbara d'Oeste,SP,271.03,5,mai,55.765351923098855,OK,1991,2020,30,CHIRPS_v2,UCSB-CHG/CHIRPS/DAILY,1991-2020,IBGE_2024
3512803,Cosmópolis,SP,151.645,5,mai,50.81648158096275,OK,1991,2020,30,CHIRPS_v2,UCSB-CHG/CHIRPS/DAILY,1991-2020,IBGE_2024
3536505,Paulínia,SP,138.777,5,mai,54.213929296759616,OK,1991,2020,30,CHIRPS_v2,UCSB-CHG/CHIRPS/DAILY,1991-2020,IBGE_2024
3520509,Indaiatuba,SP,311.545,5,mai,59.72331756044045,OK,1991,2020,30,CHIRPS_v2,UCSB-CHG/CHIRPS/DAILY,1991-2020,IBGE_2024
3552403,Sumaré,SP,153.465,5,mai,56.83539696990472,OK,1991,2020,30,CHIRPS_v2,UCSB-CHG/CHIRPS/DAILY,1991-2020,IBGE_2024
3519071,Hortolândia,SP,62.416,5,mai,59.04367103503245,OK,1991,2020,30,CHIRPS_v2,UCSB-CHG/CHIRPS/DAILY,1991-2020,IBGE_2024
3509502,Campinas,SP,794.57,5,mai,57.52955845027794,OK,1991,2020,30,CHIRPS_v2,UCSB-CHG/CHIRPS/DAILY,1991-2020,IBGE_2024
3501608,Americana,SP,133.912,5,mai,52.94831483198744,OK,1991,2020,30,CHIRPS_v2,UCSB-CHG/CHIRPS/DAILY,1991-2020,IBGE_2024
3533403,Nova Odessa,SP,73.788,5,mai,54.877758353313794,OK,1991,2020,30,CHIRPS_v2,UCSB-CHG/CHIRPS/DAILY,1991-2020,IBGE_2024
3556701,Vinhedo,SP,80.208,5,mai,53.50724184871747,OK,1991,2020,30,CHIRPS_v2,UCSB-CHG/CHIRPS/DAILY,1991-2020,IBGE_2024
3531803,Monte Mor,SP,240.566,5,mai,56.4139725839282,OK,1991,2020,30,CHIRPS_v2,UCSB-CHG/CHIRPS/DAILY,1991-2020,IBGE_2024
3556206,Valinhos,SP,148.72,5,mai,56.75778048037432,OK,1991,2020,30,CHIRPS_v2,UCSB-CHG/CHIRPS/DAILY,1991-2020,IBGE_2024
3537107,Pedreira,SP,108.817,5,mai,52.62779102381682,OK,1991,2020,30,CHIRPS_v2,UCSB-CHG/CHIRPS/DAILY,1991-2020,IBGE_2024
3503802,Artur Nogueira,SP,181.786,5,mai,52.65226638650286,OK,1991,2020,30,CHIRPS_v2,UCSB-CHG/CHIRPS/DAILY,1991-2020,IBGE_2024
3519055,Holambra,SP,65.337,5,mai,54.70180906685028,OK,1991,2020,30,CHIRPS_v2,UCSB-CHG/CHIRPS/DAILY,1991-2020,IBGE_2024
3524709,Jaguariúna,SP,141.391,5,mai,53.1169575207548,OK,1991,2020,30,CHIRPS_v2,UCSB-CHG/CHIRPS/DAILY,1991-2020,IBGE_2024
3548005,Santo Antônio de Posse,SP,154.133,5,mai,53.441331803040356,OK,1991,2020,30,CHIRPS_v2,UCSB-CHG/CHIRPS/DAILY,1991-2020,IBGE_2024
3514908,Elias Fausto,SP,202.36,5,mai,55.78533478654836,OK,1991,2020,30,CHIRPS_v2,UCSB-CHG/CHIRPS/DAILY,1991-2020,IBGE_2024
3527306,Louveira,SP,55.989,5,mai,52.306139745245794,OK,1991,2020,30,CHIRPS_v2,UCSB-CHG/CHIRPS/DAILY,1991-2020,IBGE_2024
3525904,Jundiaí,SP,431.162,5,mai,51.80967524579446,OK,1991,2020,30,CHIRPS_v2,UCSB-CHG/CHIRPS/DAILY,1991-2020,IBGE_2024
3509601,Campo Limpo Paulista,SP,79.504,5,mai,51.111877447031155,OK,1991,2020,30,CHIRPS_v2,UCSB-CHG/CHIRPS/DAILY,1991-2020,IBGE_2024
3525201,Jarinu,SP,207.549,5,mai,56.56604530015215,OK,1991,2020,30,CHIRPS_v2,UCSB-CHG/CHIRPS/DAILY,1991-2020,IBGE_2024
3508405,Cabreúva,SP,260.234,5,mai,59.753529237698444,OK,1991,2020,30,CHIRPS_v2,UCSB-CHG/CHIRPS/DAILY,1991-2020,IBGE_2024
3556503,Várzea Paulista,SP,35.048,5,mai,48.350768899095634,OK,1991,2020,30,CHIRPS_v2,UCSB-CHG/CHIRPS/DAILY,1991-2020,IBGE_2024
3524006,Itupeva,SP,201.214,5,mai,59.16399580478554,OK,1991,2020,30,CHIRPS_v2,UCSB-CHG/CHIRPS/DAILY,1991-2020,IBGE_2024
3523404,Itatiba,SP,322.253,5,mai,53.41264231110864,OK,1991,2020,30,CHIRPS_v2,UCSB-CHG/CHIRPS/DAILY,1991-2020,IBGE_2024
3532009,Morungaba,SP,146.752,5,mai,52.015519923858946,OK,1991,2020,30,CHIRPS_v2,UCSB-CHG/CHIRPS/DAILY,1991-2020,IBGE_2024
3545159,Saltinho,SP,99.924,5,mai,54.096091282054765,OK,1991,2020,30,CHIRPS_v2,UCSB-CHG/CHIRPS/DAILY,1991-2020,IBGE_2024
3511706,Charqueada,SP,175.846,5,mai,55.82170058879777,OK,1991,2020,30,CHIRPS_v2,UCSB-CHG/CHIRPS/DAILY,1991-2020,IBGE_2024
3544004,Rio das Pedras,SP,226.729,5,mai,53.31134759502639,OK,1991,2020,30,CHIRPS_v2,UCSB-CHG/CHIRPS/DAILY,1991-2020,IBGE_2024
3538709,Piracicaba,SP,1377.173,5,mai,55.69588063250539,OK,1991,2020,30,CHIRPS_v2,UCSB-CHG/CHIRPS/DAILY,1991-2020,IBGE_2024
3510401,Capivari,SP,322.878,5,mai,56.286533904705045,OK,1991,2020,30,CHIRPS_v2,UCSB-CHG/CHIRPS/DAILY,1991-2020,IBGE_2024
3526407,Laranjal Paulista,SP,384.274,5,mai,56.81550089589219,OK,1991,2020,30,CHIRPS_v2,UCSB-CHG/CHIRPS/DAILY,1991-2020,IBGE_2024
3550407,São Pedro,SP,611.51,5,mai,55.33404101175139,OK,1991,2020,30,CHIRPS_v2,UCSB-CHG/CHIRPS/DAILY,1991-2020,IBGE_2024
3542107,Rafard,SP,121.645,5,mai,55.79401329227983,OK,1991,2020,30,CHIRPS_v2,UCSB-CHG/CHIRPS/DAILY,1991-2020,IBGE_2024
3500600,Águas de São Pedro,SP,3.38,5,mai,57.25987322051078,OK,1991,2020,30,CHIRPS_v2,UCSB-CHG/CHIRPS/DAILY,1991-2020,IBGE_2024
3530904,Mombuca,SP,133.698,5,mai,52.06457981735452,OK,1991,2020,30,CHIRPS_v2,UCSB-CHG/CHIRPS/DAILY,1991-2020,IBGE_2024
3547007,Santa Maria da Serra,SP,252.621,5,mai,60.182782993440604,OK,1991,2020,30,CHIRPS_v2,UCSB-CHG/CHIRPS/DAILY,1991-2020,IBGE_2024
3504107,Atibaia,SP,478.52,5,mai,57.96076690978893,OK,1991,2020,30,CHIRPS_v2,UCSB-CHG/CHIRPS/DAILY,1991-2020,IBGE_2024
3507605,Bragança Paulista,SP,512.584,5,mai,60.56230359687284,OK,1991,2020,30,CHIRPS_v2,UCSB-CHG/CHIRPS/DAILY,1991-2020,IBGE_2024
3507100,Bom Jesus dos Perdões,SP,108.366,5,mai,48.66744160027849,OK,1991,2020,30,CHIRPS_v2,UCSB-CHG/CHIRPS/DAILY,1991-2020,IBGE_2024
3536802,Pedra Bela,SP,158.588,5,mai,55.052401313323024,OK,1991,2020,30,CHIRPS_v2,UCSB-CHG/CHIRPS/DAILY,1991-2020,IBGE_2024
3552106,Socorro,SP,448.894,5,mai,57.780516504225034,OK,1991,2020,30,CHIRPS_v2,UCSB-CHG/CHIRPS/DAILY,1991-2020,IBGE_2024
3525508,Joanópolis,SP,374.346,5,mai,55.89350005040892,OK,1991,2020,30,CHIRPS_v2,UCSB-CHG/CHIRPS/DAILY,1991-2020,IBGE_2024
3532405,Nazaré Paulista,SP,326.392,5,mai,57.83961450350573,OK,1991,2020,30,CHIRPS_v2,UCSB-CHG/CHIRPS/DAILY,1991-2020,IBGE_2024
3556354,Vargem,SP,142.595,5,mai,58.47085921647339,OK,1991,2020,30,CHIRPS_v2,UCSB-CHG/CHIRPS/DAILY,1991-2020,IBGE_2024
3538600,Piracaia,SP,385.64,5,mai,63.85966918951751,OK,1991,2020,30,CHIRPS_v2,UCSB-CHG/CHIRPS/DAILY,1991-2020,IBGE_2024
3554953,Tuiuti,SP,126.731,5,mai,55.57494274361977,OK,1991,2020,30,CHIRPS_v2,UCSB-CHG/CHIRPS/DAILY,1991-2020,IBGE_2024
3538204,Pinhalzinho,SP,154.529,5,mai,57.28506690548152,OK,1991,2020,30,CHIRPS_v2,UCSB-CHG/CHIRPS/DAILY,1991-2020,IBGE_2024
3521408,Iracemápolis,SP,115.31,5,mai,55.10231028021351,OK,1991,2020,30,CHIRPS_v2,UCSB-CHG/CHIRPS/DAILY,1991-2020,IBGE_2024
3526902,Limeira,SP,580.577,5,mai,55.506147782371585,OK,1991,2020,30,CHIRPS_v2,UCSB-CHG/CHIRPS/DAILY,1991-2020,IBGE_2024
3512407,Cordeirópolis,SP,137.678,5,mai,55.56479256364005,OK,1991,2020,30,CHIRPS_v2,UCSB-CHG/CHIRPS/DAILY,1991-2020,IBGE_2024
3515152,Engenheiro Coelho,SP,109.574,5,mai,54.48121253830199,OK,1991,2020,30,CHIRPS_v2,UCSB-CHG/CHIRPS/DAILY,1991-2020,IBGE_2024
3557303,Estiva Gerbi,SP,74.144,5,mai,57.352281987648865,OK,1991,2020,30,CHIRPS_v2,UCSB-CHG/CHIRPS/DAILY,1991-2020,IBGE_2024
3530706,Mogi Guaçu,SP,812.753,5,mai,57.13542197628016,OK,1991,2020,30,CHIRPS_v2,UCSB-CHG/CHIRPS/DAILY,1991-2020,IBGE_2024
3530805,Mogi Mirim,SP,497.709,5,mai,55.08104726493995,OK,1991,2020,30,CHIRPS_v2,UCSB-CHG/CHIRPS/DAILY,1991-2020,IBGE_2024
3522604,Itapira,SP,518.431,5,mai,53.19777552360636,OK,1991,2020,30,CHIRPS_v2,UCSB-CHG/CHIRPS/DAILY,1991-2020,IBGE_2024
3553302,Tambaú,SP,561.788,5,mai,55.72297098311217,OK,1991,2020,30,CHIRPS_v2,UCSB-CHG/CHIRPS/DAILY,1991-2020,IBGE_2024
3510807,Casa Branca,SP,864.225,5,mai,56.66542383181112,OK,1991,2020,30,CHIRPS_v2,UCSB-CHG/CHIRPS/DAILY,1991-2020,IBGE_2024
3500303,Aguaí,SP,474.554,5,mai,56.25544413486819,OK,1991,2020,30,CHIRPS_v2,UCSB-CHG/CHIRPS/DAILY,1991-2020,IBGE_2024
3500402,Águas da Prata,SP,142.673,5,mai,57.21987766003341,OK,1991,2020,30,CHIRPS_v2,UCSB-CHG/CHIRPS/DAILY,1991-2020,IBGE_2024
3549102,São João da Boa Vista,SP,516.399,5,mai,60.60439288557196,OK,1991,2020,30,CHIRPS_v2,UCSB-CHG/CHIRPS/DAILY,1991-2020,IBGE_2024
3515186,Espírito Santo do Pinhal,SP,389.235,5,mai,56.33042077442028,OK,1991,2020,30,CHIRPS_v2,UCSB-CHG/CHIRPS/DAILY,1991-2020,IBGE_2024
3548104,Santo Antônio do Jardim,SP,109.956,5,mai,56.58518555856275,OK,1991,2020,30,CHIRPS_v2,UCSB-CHG/CHIRPS/DAILY,1991-2020,IBGE_2024
3556404,Vargem Grande do Sul,SP,267.178,5,mai,56.89275076095342,OK,1991,2020,30,CHIRPS_v2,UCSB-CHG/CHIRPS/DAILY,1991-2020,IBGE_2024
3546306,Santa Cruz das Palmeiras,SP,295.33,5,mai,53.647590006252685,OK,1991,2020,30,CHIRPS_v2,UCSB-CHG/CHIRPS/DAILY,1991-2020,IBGE_2024
3503307,Araras,SP,644.805,5,mai,54.59316126498698,OK,1991,2020,30,CHIRPS_v2,UCSB-CHG/CHIRPS/DAILY,1991-2020,IBGE_2024
3512209,Conchal,SP,182.793,5,mai,56.47526485899586,OK,1991,2020,30,CHIRPS_v2,UCSB-CHG/CHIRPS/DAILY,1991-2020,IBGE_2024
3526704,Leme,SP,402.871,5,mai,53.967123746749884,OK,1991,2020,30,CHIRPS_v2,UCSB-CHG/CHIRPS/DAILY,1991-2020,IBGE_2024
3546207,Santa Cruz da Conceição,SP,150.13,5,mai,53.04343277313377,OK,1991,2020,30,CHIRPS_v2,UCSB-CHG/CHIRPS/DAILY,1991-2020,IBGE_2024
3521101,Ipeúna,SP,190.01,5,mai,54.559794978875274,OK,1991,2020,30,CHIRPS_v2,UCSB-CHG/CHIRPS/DAILY,1991-2020,IBGE_2024
3543907,Rio Claro,SP,498.403,5,mai,54.99282661848843,OK,1991,2020,30,CHIRPS_v2,UCSB-CHG/CHIRPS/DAILY,1991-2020,IBGE_2024
3546702,Santa Gertrudes,SP,98.045,5,mai,53.81794797701851,OK,1991,2020,30,CHIRPS_v2,UCSB-CHG/CHIRPS/DAILY,1991-2020,IBGE_2024
3512704,Corumbataí,SP,278.622,5,mai,53.22949594118603,OK,1991,2020,30,CHIRPS_v2,UCSB-CHG/CHIRPS/DAILY,1991-2020,IBGE_2024
3502002,Analândia,SP,325.953,5,mai,48.78299047326295,OK,1991,2020,30,CHIRPS_v2,UCSB-CHG/CHIRPS/DAILY,1991-2020,IBGE_2024
3513900,Divinolândia,SP,223.749,5,mai,51.94442827837956,OK,1991,2020,30,CHIRPS_v2,UCSB-CHG/CHIRPS/DAILY,1991-2020,IBGE_2024
3553609,Tapiratiba,SP,220.518,5,mai,52.833058456843084,OK,1991,2020,30,CHIRPS_v2,UCSB-CHG/CHIRPS/DAILY,1991-2020,IBGE_2024
3550803,São Sebastião da Grama,SP,252.41,5,mai,54.38139809783888,OK,1991,2020,30,CHIRPS_v2,UCSB-CHG/CHIRPS/DAILY,1991-2020,IBGE_2024
3508702,Caconde,SP,468.998,5,mai,50.75774962922766,OK,1991,2020,30,CHIRPS_v2,UCSB-CHG/CHIRPS/DAILY,1991-2020,IBGE_2024
3549706,São José do Rio Pardo,SP,419.729,5,mai,54.09038340658583,OK,1991,2020,30,CHIRPS_v2,UCSB-CHG/CHIRPS/DAILY,1991-2020,IBGE_2024
3523800,Itobi,SP,138.986,5,mai,56.288370125359585,OK,1991,2020,30,CHIRPS_v2,UCSB-CHG/CHIRPS/DAILY,1991-2020,IBGE_2024
3530508,Mococa,SP,855.701,5,mai,54.75795296573961,OK,1991,2020,30,CHIRPS_v2,UCSB-CHG/CHIRPS/DAILY,1991-2020,IBGE_2024
3527009,Lindóia,SP,48.321,5,mai,55.56911849638058,OK,1991,2020,30,CHIRPS_v2,UCSB-CHG/CHIRPS/DAILY,1991-2020,IBGE_2024
3551603,Serra Negra,SP,204.542,5,mai,53.757128028838565,OK,1991,2020,30,CHIRPS_v2,UCSB-CHG/CHIRPS/DAILY,1991-2020,IBGE_2024
3501905,Amparo,SP,445.323,5,mai,53.96142591399548,OK,1991,2020,30,CHIRPS_v2,UCSB-CHG/CHIRPS/DAILY,1991-2020,IBGE_2024
3500501,Águas de Lindóia,SP,59.872,5,mai,57.1917128254504,OK,1991,2020,30,CHIRPS_v2,UCSB-CHG/CHIRPS/DAILY,1991-2020,IBGE_2024
3531209,Monte Alegre do Sul,SP,110.308,5,mai,55.83459874416569,OK,1991,2020,30,CHIRPS_v2,UCSB-CHG/CHIRPS/DAILY,1991-2020,IBGE_2024
3520202,Igaratá,SP,293.002,5,mai,58.74927902484056,OK,1991,2020,30,CHIRPS_v2,UCSB-CHG/CHIRPS/DAILY,1991-2020,IBGE_2024
3535606,Paraibuna,SP,809.576,5,mai,67.55217749482443,OK,1991,2020,30,CHIRPS_v2,UCSB-CHG/CHIRPS/DAILY,1991-2020,IBGE_2024
3546009,Santa Branca,SP,272.238,5,mai,60.89088692254091,OK,1991,2020,30,CHIRPS_v2,UCSB-CHG/CHIRPS/DAILY,1991-2020,IBGE_2024
3549904,São José dos Campos,SP,1099.494,5,mai,56.23126300379962,OK,1991,2020,30,CHIRPS_v2,UCSB-CHG/CHIRPS/DAILY,1991-2020,IBGE_2024
3524907,Jambeiro,SP,184.413,5,mai,50.47058621412952,OK,1991,2020,30,CHIRPS_v2,UCSB-CHG/CHIRPS/DAILY,1991-2020,IBGE_2024
3508504,Caçapava,SP,369.558,5,mai,59.16792596296472,OK,1991,2020,30,CHIRPS_v2,UCSB-CHG/CHIRPS/DAILY,1991-2020,IBGE_2024
3524402,Jacareí,SP,464.252,5,mai,59.94909974739078,OK,1991,2020,30,CHIRPS_v2,UCSB-CHG/CHIRPS/DAILY,1991-2020,IBGE_2024
3531704,Monteiro Lobato,SP,332.408,5,mai,65.80764067070301,OK,1991,2020,30,CHIRPS_v2,UCSB-CHG/CHIRPS/DAILY,1991-2020,IBGE_2024
3526308,Lagoinha,SP,254.454,5,mai,50.01280706334148,OK,1991,2020,30,CHIRPS_v2,UCSB-CHG/CHIRPS/DAILY,1991-2020,IBGE_2024
3509700,Campos do Jordão,SP,289.981,5,mai,62.33921620101693,OK,1991,2020,30,CHIRPS_v2,UCSB-CHG/CHIRPS/DAILY,1991-2020,IBGE_2024
3550001,São Luiz do Paraitinga,SP,618.126,5,mai,65.78578413299543,OK,1991,2020,30,CHIRPS_v2,UCSB-CHG/CHIRPS/DAILY,1991-2020,IBGE_2024
3532306,Natividade da Serra,SP,834.281,5,mai,70.98377217334173,OK,1991,2020,30,CHIRPS_v2,UCSB-CHG/CHIRPS/DAILY,1991-2020,IBGE_2024
3548609,São Bento do Sapucaí,SP,252.579,5,mai,55.939824523257755,OK,1991,2020,30,CHIRPS_v2,UCSB-CHG/CHIRPS/DAILY,1991-2020,IBGE_2024
3548203,Santo Antônio do Pinhal,SP,132.966,5,mai,57.15636726750604,OK,1991,2020,30,CHIRPS_v2,UCSB-CHG/CHIRPS/DAILY,1991-2020,IBGE_2024
3554805,Tremembé,SP,190.93,5,mai,61.732075480071934,OK,1991,2020,30,CHIRPS_v2,UCSB-CHG/CHIRPS/DAILY,1991-2020,IBGE_2024
3554102,Taubaté,SP,624.924,5,mai,53.98885896140344,OK,1991,2020,30,CHIRPS_v2,UCSB-CHG/CHIRPS/DAILY,1991-2020,IBGE_2024
3542305,Redenção da Serra,SP,309.322,5,mai,52.86705173173539,OK,1991,2020,30,CHIRPS_v2,UCSB-CHG/CHIRPS/DAILY,1991-2020,IBGE_2024
3538006,Pindamonhangaba,SP,731.356,5,mai,61.961427223402744,OK,1991,2020,30,CHIRPS_v2,UCSB-CHG/CHIRPS/DAILY,1991-2020,IBGE_2024
3520400,Ilhabela,SP,346.389,5,mai,91.40101009120568,OK,1991,2020,30,CHIRPS_v2,UCSB-CHG/CHIRPS/DAILY,1991-2020,IBGE_2024
3510500,Caraguatatuba,SP,484.947,5,mai,97.43089093151141,OK,1991,2020,30,CHIRPS_v2,UCSB-CHG/CHIRPS/DAILY,1991-2020,IBGE_2024
3550704,São Sebastião,SP,402.395,5,mai,111.81209924484831,OK,1991,2020,30,CHIRPS_v2,UCSB-CHG/CHIRPS/DAILY,1991-2020,IBGE_2024
3544301,Roseira,SP,129.847,5,mai,51.82524042205897,OK,1991,2020,30,CHIRPS_v2,UCSB-CHG/CHIRPS/DAILY,1991-2020,IBGE_2024
3502507,Aparecida,SP,120.89,5,mai,52.538239400958815,OK,1991,2020,30,CHIRPS_v2,UCSB-CHG/CHIRPS/DAILY,1991-2020,IBGE_2024
3518404,Guaratinguetá,SP,752.636,5,mai,48.577366754870475,OK,1991,2020,30,CHIRPS_v2,UCSB-CHG/CHIRPS/DAILY,1991-2020,IBGE_2024
3540754,Potim,SP,44.644,5,mai,54.27591242018591,OK,1991,2020,30,CHIRPS_v2,UCSB-CHG/CHIRPS/DAILY,1991-2020,IBGE_2024
3538501,Piquete,SP,175.996,5,mai,43.28469643914203,OK,1991,2020,30,CHIRPS_v2,UCSB-CHG/CHIRPS/DAILY,1991-2020,IBGE_2024
4122305,Rio Negro,PR,604.477,5,mai,100.74984833619914,OK,1991,2020,30,CHIRPS_v2,UCSB-CHG/CHIRPS/DAILY,1991-2020,IBGE_2024
4113205,Lapa,PR,2100.392,5,mai,94.28347618673882,OK,1991,2020,30,CHIRPS_v2,UCSB-CHG/CHIRPS/DAILY,1991-2020,IBGE_2024
4121208,Quitandinha,PR,446.597,5,mai,87.58515559843865,OK,1991,2020,30,CHIRPS_v2,UCSB-CHG/CHIRPS/DAILY,1991-2020,IBGE_2024
4105201,Cerro Azul,PR,1353.255,5,mai,78.00626390687945,OK,1991,2020,30,CHIRPS_v2,UCSB-CHG/CHIRPS/DAILY,1991-2020,IBGE_2024
4128633,Doutor Ulysses,PR,779.628,5,mai,81.61203772628986,OK,1991,2020,30,CHIRPS_v2,UCSB-CHG/CHIRPS/DAILY,1991-2020,IBGE_2024
4104105,Campo do Tenente,PR,303.956,5,mai,93.5354299332978,OK,1991,2020,30,CHIRPS_v2,UCSB-CHG/CHIRPS/DAILY,1991-2020,IBGE_2024
4127882,Tunas do Paraná,PR,670.899,5,mai,74.85692362535634,OK,1991,2020,30,CHIRPS_v2,UCSB-CHG/CHIRPS/DAILY,1991-2020,IBGE_2024
4127601,Tijucas do Sul,PR,672.599,5,mai,90.10609845625167,OK,1991,2020,30,CHIRPS_v2,UCSB-CHG/CHIRPS/DAILY,1991-2020,IBGE_2024
4119103,Piên,PR,256.501,5,mai,95.50975023903,OK,1991,2020,30,CHIRPS_v2,UCSB-CHG/CHIRPS/DAILY,1991-2020,IBGE_2024
4100301,Agudos do Sul,PR,191.336,5,mai,92.96691160405372,OK,1991,2020,30,CHIRPS_v2,UCSB-CHG/CHIRPS/DAILY,1991-2020,IBGE_2024
4100202,Adrianópolis,PR,1343.898,5,mai,74.91204213616864,OK,1991,2020,30,CHIRPS_v2,UCSB-CHG/CHIRPS/DAILY,1991-2020,IBGE_2024
4122206,Rio Branco do Sul,PR,820.071,5,mai,87.06387451967895,OK,1991,2020,30,CHIRPS_v2,UCSB-CHG/CHIRPS/DAILY,1991-2020,IBGE_2024
4105805,Colombo,PR,197.369,5,mai,83.12035130243542,OK,1991,2020,30,CHIRPS_v2,UCSB-CHG/CHIRPS/DAILY,1991-2020,IBGE_2024
4106209,Contenda,PR,296.488,5,mai,82.9614842568371,OK,1991,2020,30,CHIRPS_v2,UCSB-CHG/CHIRPS/DAILY,1991-2020,IBGE_2024
4114302,Mandirituba,PR,378.818,5,mai,77.87858376881263,OK,1991,2020,30,CHIRPS_v2,UCSB-CHG/CHIRPS/DAILY,1991-2020,IBGE_2024
4120804,Quatro Barras,PR,181.565,5,mai,91.53034132678475,OK,1991,2020,30,CHIRPS_v2,UCSB-CHG/CHIRPS/DAILY,1991-2020,IBGE_2024
4104006,Campina Grande do Sul,PR,542.239,5,mai,87.24558900589916,OK,1991,2020,30,CHIRPS_v2,UCSB-CHG/CHIRPS/DAILY,1991-2020,IBGE_2024
4104253,Campo Magro,PR,275.423,5,mai,91.87150720941796,OK,1991,2020,30,CHIRPS_v2,UCSB-CHG/CHIRPS/DAILY,1991-2020,IBGE_2024
4104204,Campo Largo,PR,1239.801,5,mai,89.20675296937485,OK,1991,2020,30,CHIRPS_v2,UCSB-CHG/CHIRPS/DAILY,1991-2020,IBGE_2024
4119152,Pinhais,PR,61.008,5,mai,86.917495710376,OK,1991,2020,30,CHIRPS_v2,UCSB-CHG/CHIRPS/DAILY,1991-2020,IBGE_2024
4119509,Piraquara,PR,225.065,5,mai,96.65086615033071,OK,1991,2020,30,CHIRPS_v2,UCSB-CHG/CHIRPS/DAILY,1991-2020,IBGE_2024
4103107,Bocaiúva do Sul,PR,809.682,5,mai,81.45943776234124,OK,1991,2020,30,CHIRPS_v2,UCSB-CHG/CHIRPS/DAILY,1991-2020,IBGE_2024
4111258,Itaperuçu,PR,322.553,5,mai,95.94337407235564,OK,1991,2020,30,CHIRPS_v2,UCSB-CHG/CHIRPS/DAILY,1991-2020,IBGE_2024
4102307,Balsa Nova,PR,347.588,5,mai,81.72801212620104,OK,1991,2020,30,CHIRPS_v2,UCSB-CHG/CHIRPS/DAILY,1991-2020,IBGE_2024
4101804,Araucária,PR,469.549,5,mai,82.90230752708369,OK,1991,2020,30,CHIRPS_v2,UCSB-CHG/CHIRPS/DAILY,1991-2020,IBGE_2024
4125506,São José dos Pinhais,PR,945.509,5,mai,86.97733401525332,OK,1991,2020,30,CHIRPS_v2,UCSB-CHG/CHIRPS/DAILY,1991-2020,IBGE_2024
4100400,Almirante Tamandaré,PR,193.736,5,mai,86.5346405021526,OK,1991,2020,30,CHIRPS_v2,UCSB-CHG/CHIRPS/DAILY,1991-2020,IBGE_2024
4107652,Fazenda Rio Grande,PR,116.41,5,mai,75.64265262165728,OK,1991,2020,30,CHIRPS_v2,UCSB-CHG/CHIRPS/DAILY,1991-2020,IBGE_2024
4106902,Curitiba,PR,435.406,5,mai,87.4444640764807,OK,1991,2020,30,CHIRPS_v2,UCSB-CHG/CHIRPS/DAILY,1991-2020,IBGE_2024
4118204,Paranaguá,PR,821.427,5,mai,108.80364130547777,OK,1991,2020,30,CHIRPS_v2,UCSB-CHG/CHIRPS/DAILY,1991-2020,IBGE_2024
4119954,Pontal do Paraná,PR,202.242,5,mai,108.46088815176047,OK,1991,2020,30,CHIRPS_v2,UCSB-CHG/CHIRPS/DAILY,1991-2020,IBGE_2024
4109609,Guaratuba,PR,1320.951,5,mai,103.32368216323492,OK,1991,2020,30,CHIRPS_v2,UCSB-CHG/CHIRPS/DAILY,1991-2020,IBGE_2024
4101200,Antonina,PR,890.065,5,mai,103.32766833689219,OK,1991,2020,30,CHIRPS_v2,UCSB-CHG/CHIRPS/DAILY,1991-2020,IBGE_2024
4109500,Guaraqueçaba,PR,2011.256,5,mai,109.73888560308889,OK,1991,2020,30,CHIRPS_v2,UCSB-CHG/CHIRPS/DAILY,1991-2020,IBGE_2024
4116208,Morretes,PR,686.489,5,mai,106.1586906159209,OK,1991,2020,30,CHIRPS_v2,UCSB-CHG/CHIRPS/DAILY,1991-2020,IBGE_2024
4115705,Matinhos,PR,117.479,5,mai,106.39788626390826,OK,1991,2020,30,CHIRPS_v2,UCSB-CHG/CHIRPS/DAILY,1991-2020,IBGE_2024
4106803,Cruz Machado,PR,1474.202,5,mai,130.45638805222305,OK,1991,2020,30,CHIRPS_v2,UCSB-CHG/CHIRPS/DAILY,1991-2020,IBGE_2024
4120309,Porto Vitória,PR,210.236,5,mai,129.87698865090434,OK,1991,2020,30,CHIRPS_v2,UCSB-CHG/CHIRPS/DAILY,1991-2020,IBGE_2024
4128203,União da Vitória,PR,727.443,5,mai,130.64317659343834,OK,1991,2020,30,CHIRPS_v2,UCSB-CHG/CHIRPS/DAILY,1991-2020,IBGE_2024
4102901,Bituruna,PR,1280.76,5,mai,139.75966209524026,OK,1991,2020,30,CHIRPS_v2,UCSB-CHG/CHIRPS/DAILY,1991-2020,IBGE_2024
4118600,Paula Freitas,PR,417.829,5,mai,129.13652505853923,OK,1991,2020,30,CHIRPS_v2,UCSB-CHG/CHIRPS/DAILY,1991-2020,IBGE_2024
4118709,Paulo Frontin,PR,363.169,5,mai,123.9835650589711,OK,1991,2020,30,CHIRPS_v2,UCSB-CHG/CHIRPS/DAILY,1991-2020,IBGE_2024
4101309,Antônio Olinto,PR,463.694,5,mai,108.12991158376266,OK,1991,2020,30,CHIRPS_v2,UCSB-CHG/CHIRPS/DAILY,1991-2020,IBGE_2024
4125605,São Mateus do Sul,PR,1344.742,5,mai,111.89458482252275,OK,1991,2020,30,CHIRPS_v2,UCSB-CHG/CHIRPS/DAILY,1991-2020,IBGE_2024
4108502,General Carneiro,PR,1068.369,5,mai,130.96232348387417,OK,1991,2020,30,CHIRPS_v2,UCSB-CHG/CHIRPS/DAILY,1991-2020,IBGE_2024
4109401,Guarapuava,PR,3163.893,5,mai,131.045517715747,OK,1991,2020,30,CHIRPS_v2,UCSB-CHG/CHIRPS/DAILY,1991-2020,IBGE_2024
4121752,Reserva do Iguaçu,PR,833.085,5,mai,146.48391061187576,OK,1991,2020,30,CHIRPS_v2,UCSB-CHG/CHIRPS/DAILY,1991-2020,IBGE_2024
4104451,Cantagalo,PR,568.929,5,mai,145.68951364136413,OK,1991,2020,30,CHIRPS_v2,UCSB-CHG/CHIRPS/DAILY,1991-2020,IBGE_2024
4104428,Candói,PR,1509.719,5,mai,149.47799414402772,OK,1991,2020,30,CHIRPS_v2,UCSB-CHG/CHIRPS/DAILY,1991-2020,IBGE_2024
4103958,Campina do Simão,PR,448.033,5,mai,134.57852297639437,OK,1991,2020,30,CHIRPS_v2,UCSB-CHG/CHIRPS/DAILY,1991-2020,IBGE_2024
4120606,Prudentópolis,PR,2257.861,5,mai,121.60980687393689,OK,1991,2020,30,CHIRPS_v2,UCSB-CHG/CHIRPS/DAILY,1991-2020,IBGE_2024
4127965,Turvo,PR,936.038,5,mai,126.93555220347427,OK,1991,2020,30,CHIRPS_v2,UCSB-CHG/CHIRPS/DAILY,1991-2020,IBGE_2024
4119301,Pinhão,PR,2003.799,5,mai,141.3830170866378,OK,1991,2020,30,CHIRPS_v2,UCSB-CHG/CHIRPS/DAILY,1991-2020,IBGE_2024
4110201,Inácio Martins,PR,938.126,5,mai,120.93023513350634,OK,1991,2020,30,CHIRPS_v2,UCSB-CHG/CHIRPS/DAILY,1991-2020,IBGE_2024
4108957,Guamiranga,PR,244.592,5,mai,112.95029226511521,OK,1991,2020,30,CHIRPS_v2,UCSB-CHG/CHIRPS/DAILY,1991-2020,IBGE_2024
4108452,Foz do Jordão,PR,230.716,5,mai,150.0029829370373,OK,1991,2020,30,CHIRPS_v2,UCSB-CHG/CHIRPS/DAILY,1991-2020,IBGE_2024
4108650,Goioxim,PR,702.284,5,mai,142.07909548060618,OK,1991,2020,30,CHIRPS_v2,UCSB-CHG/CHIRPS/DAILY,1991-2020,IBGE_2024
4113254,Laranjal,PR,559.439,5,mai,154.12466439615775,OK,1991,2020,30,CHIRPS_v2,UCSB-CHG/CHIRPS/DAILY,1991-2020,IBGE_2024
4119608,Pitanga,PR,1687.454,5,mai,134.26626516758085,OK,1991,2020,30,CHIRPS_v2,UCSB-CHG/CHIRPS/DAILY,1991-2020,IBGE_2024
4103040,Boa Ventura de São Roque,PR,606.94,5,mai,133.19558512714138,OK,1991,2020,30,CHIRPS_v2,UCSB-CHG/CHIRPS/DAILY,1991-2020,IBGE_2024
4117800,Palmital,PR,821.733,5,mai,155.0682265810931,OK,1991,2020,30,CHIRPS_v2,UCSB-CHG/CHIRPS/DAILY,1991-2020,IBGE_2024
4117271,Nova Tebas,PR,545.662,5,mai,132.71522176569226,OK,1991,2020,30,CHIRPS_v2,UCSB-CHG/CHIRPS/DAILY,1991-2020,IBGE_2024
4123857,Santa Maria do Oeste,PR,815.151,5,mai,143.42343578203506,OK,1991,2020,30,CHIRPS_v2,UCSB-CHG/CHIRPS/DAILY,1991-2020,IBGE_2024
4115739,Mato Rico,PR,402.533,5,mai,156.34993306510717,OK,1991,2020,30,CHIRPS_v2,UCSB-CHG/CHIRPS/DAILY,1991-2020,IBGE_2024
4104808,Cascavel,PR,2094.263,5,mai,153.72430607715256,OK,1991,2020,30,CHIRPS_v2,UCSB-CHG/CHIRPS/DAILY,1991-2020,IBGE_2024
4124020,Santa Tereza do Oeste,PR,327.737,5,mai,157.1449775078498,OK,1991,2020,30,CHIRPS_v2,UCSB-CHG/CHIRPS/DAILY,1991-2020,IBGE_2024
4107124,Diamante do Sul,PR,347.233,5,mai,156.44984254844547,OK,1991,2020,30,CHIRPS_v2,UCSB-CHG/CHIRPS/DAILY,1991-2020,IBGE_2024
4107157,Diamante D'Oeste,PR,310.624,5,mai,162.79229260766022,OK,1991,2020,30,CHIRPS_v2,UCSB-CHG/CHIRPS/DAILY,1991-2020,IBGE_2024
4106308,Corbélia,PR,527.607,5,mai,146.32794436617547,OK,1991,2020,30,CHIRPS_v2,UCSB-CHG/CHIRPS/DAILY,1991-2020,IBGE_2024
4105300,Céu Azul,PR,1176.523,5,mai,161.76794615137322,OK,1991,2020,30,CHIRPS_v2,UCSB-CHG/CHIRPS/DAILY,1991-2020,IBGE_2024
4105003,Catanduvas,PR,578.494,5,mai,155.0046592324745,OK,1991,2020,30,CHIRPS_v2,UCSB-CHG/CHIRPS/DAILY,1991-2020,IBGE_2024
4121257,Ramilândia,PR,235.418,5,mai,166.48585273305846,OK,1991,2020,30,CHIRPS_v2,UCSB-CHG/CHIRPS/DAILY,1991-2020,IBGE_2024
4113452,Lindoeste,PR,344.691,5,mai,165.49644269206848,OK,1991,2020,30,CHIRPS_v2,UCSB-CHG/CHIRPS/DAILY,1991-2020,IBGE_2024
4104600,Capitão Leônidas Marques,PR,280.109,5,mai,168.07830448491728,OK,1991,2020,30,CHIRPS_v2,UCSB-CHG/CHIRPS/DAILY,1991-2020,IBGE_2024
4128559,Vera Cruz do Oeste,PR,330.602,5,mai,162.92376457248204,OK,1991,2020,30,CHIRPS_v2,UCSB-CHG/CHIRPS/DAILY,1991-2020,IBGE_2024
4104055,Campo Bonito,PR,434.124,5,mai,155.11191569876263,OK,1991,2020,30,CHIRPS_v2,UCSB-CHG/CHIRPS/DAILY,1991-2020,IBGE_2024
4127858,Três Barras do Paraná,PR,506.963,5,mai,162.18492410402283,OK,1991,2020,30,CHIRPS_v2,UCSB-CHG/CHIRPS/DAILY,1991-2020,IBGE_2024
4103453,Cafelândia,PR,275.17,5,mai,148.08816136407802,OK,1991,2020,30,CHIRPS_v2,UCSB-CHG/CHIRPS/DAILY,1991-2020,IBGE_2024
4103354,Braganey,PR,343.26,5,mai,150.70682290789506,OK,1991,2020,30,CHIRPS_v2,UCSB-CHG/CHIRPS/DAILY,1991-2020,IBGE_2024
4103057,Boa Vista da Aparecida,PR,265.636,5,mai,168.88500752961608,OK,1991,2020,30,CHIRPS_v2,UCSB-CHG/CHIRPS/DAILY,1991-2020,IBGE_2024
4110052,Iguatu,PR,106.937,5,mai,150.01661872668123,OK,1991,2020,30,CHIRPS_v2,UCSB-CHG/CHIRPS/DAILY,1991-2020,IBGE_2024
4109757,Ibema,PR,146.547,5,mai,154.81353032843018,OK,1991,2020,30,CHIRPS_v2,UCSB-CHG/CHIRPS/DAILY,1991-2020,IBGE_2024
4109302,Guaraniaçu,PR,1237.77,5,mai,156.70353299647223,OK,1991,2020,30,CHIRPS_v2,UCSB-CHG/CHIRPS/DAILY,1991-2020,IBGE_2024
4101051,Anahy,PR,104.09,5,mai,151.34800372135695,OK,1991,2020,30,CHIRPS_v2,UCSB-CHG/CHIRPS/DAILY,1991-2020,IBGE_2024
4116703,Nova Aurora,PR,471.176,5,mai,152.60130917134182,OK,1991,2020,30,CHIRPS_v2,UCSB-CHG/CHIRPS/DAILY,1991-2020,IBGE_2024
4123824,Santa Lúcia,PR,126.813,5,mai,168.54861260772574,OK,1991,2020,30,CHIRPS_v2,UCSB-CHG/CHIRPS/DAILY,1991-2020,IBGE_2024
4115606,Matelândia,PR,642.123,5,mai,168.8994209226564,OK,1991,2020,30,CHIRPS_v2,UCSB-CHG/CHIRPS/DAILY,1991-2020,IBGE_2024
4108304,Foz do Iguaçu,PR,606.501,5,mai,170.9785848686738,OK,1991,2020,30,CHIRPS_v2,UCSB-CHG/CHIRPS/DAILY,1991-2020,IBGE_2024
4124053,Santa Terezinha de Itaipu,PR,270.949,5,mai,169.82609089261067,OK,1991,2020,30,CHIRPS_v2,UCSB-CHG/CHIRPS/DAILY,1991-2020,IBGE_2024
4110953,Itaipulândia,PR,328.207,5,mai,166.6030803523914,OK,1991,2020,30,CHIRPS_v2,UCSB-CHG/CHIRPS/DAILY,1991-2020,IBGE_2024
4126355,Serranópolis do Iguaçu,PR,482.987,5,mai,169.92329162476062,OK,1991,2020,30,CHIRPS_v2,UCSB-CHG/CHIRPS/DAILY,1991-2020,IBGE_2024
4125704,São Miguel do Iguaçu,PR,852.133,5,mai,166.60117954516826,OK,1991,2020,30,CHIRPS_v2,UCSB-CHG/CHIRPS/DAILY,1991-2020,IBGE_2024
4116059,Missal,PR,326.214,5,mai,165.24631807388005,OK,1991,2020,30,CHIRPS_v2,UCSB-CHG/CHIRPS/DAILY,1991-2020,IBGE_2024
4115804,Medianeira,PR,326.67,5,mai,171.3186627710588,OK,1991,2020,30,CHIRPS_v2,UCSB-CHG/CHIRPS/DAILY,1991-2020,IBGE_2024
4127700,Toledo,PR,1197.223,5,mai,148.21148326334256,OK,1991,2020,30,CHIRPS_v2,UCSB-CHG/CHIRPS/DAILY,1991-2020,IBGE_2024
4117453,Ouro Verde do Oeste,PR,293.042,5,mai,158.95597527519962,OK,1991,2020,30,CHIRPS_v2,UCSB-CHG/CHIRPS/DAILY,1991-2020,IBGE_2024
4123501,Santa Helena,PR,753.997,5,mai,154.88645872377995,OK,1991,2020,30,CHIRPS_v2,UCSB-CHG/CHIRPS/DAILY,1991-2020,IBGE_2024
4115358,Maripá,PR,283.794,5,mai,148.56856363865154,OK,1991,2020,30,CHIRPS_v2,UCSB-CHG/CHIRPS/DAILY,1991-2020,IBGE_2024
4112751,Jesuítas,PR,246.606,5,mai,153.33405456685935,OK,1991,2020,30,CHIRPS_v2,UCSB-CHG/CHIRPS/DAILY,1991-2020,IBGE_2024
4127957,Tupãssi,PR,299.093,5,mai,149.0834498289215,OK,1991,2020,30,CHIRPS_v2,UCSB-CHG/CHIRPS/DAILY,1991-2020,IBGE_2024
4127403,Terra Roxa,PR,801.135,5,mai,141.4123623062401,OK,1991,2020,30,CHIRPS_v2,UCSB-CHG/CHIRPS/DAILY,1991-2020,IBGE_2024
4110656,Iracema do Oeste,PR,81.538,5,mai,154.64958105622713,OK,1991,2020,30,CHIRPS_v2,UCSB-CHG/CHIRPS/DAILY,1991-2020,IBGE_2024
4102000,Assis Chateaubriand,PR,980.816,5,mai,147.57761298300613,OK,1991,2020,30,CHIRPS_v2,UCSB-CHG/CHIRPS/DAILY,1991-2020,IBGE_2024
4117909,Palotina,PR,651.237,5,mai,149.18337168861444,OK,1991,2020,30,CHIRPS_v2,UCSB-CHG/CHIRPS/DAILY,1991-2020,IBGE_2024
4125456,São José das Palmeiras,PR,182.627,5,mai,160.3645983233295,OK,1991,2020,30,CHIRPS_v2,UCSB-CHG/CHIRPS/DAILY,1991-2020,IBGE_2024
4125753,São Pedro do Iguaçu,PR,309.1,5,mai,162.27334821726106,OK,1991,2020,30,CHIRPS_v2,UCSB-CHG/CHIRPS/DAILY,1991-2020,IBGE_2024
4108809,Guaíra,PR,563.414,5,mai,157.746107055324,OK,1991,2020,30,CHIRPS_v2,UCSB-CHG/CHIRPS/DAILY,1991-2020,IBGE_2024
4108205,Formosa do Oeste,PR,275.651,5,mai,151.48945342520693,OK,1991,2020,30,CHIRPS_v2,UCSB-CHG/CHIRPS/DAILY,1991-2020,IBGE_2024
4115408,Marmeleiro,PR,388.538,5,mai,156.18224780738018,OK,1991,2020,30,CHIRPS_v2,UCSB-CHG/CHIRPS/DAILY,1991-2020,IBGE_2024
4122800,Salgado Filho,PR,182.616,5,mai,166.31441041593564,OK,1991,2020,30,CHIRPS_v2,UCSB-CHG/CHIRPS/DAILY,1991-2020,IBGE_2024
4114351,Manfrinópolis,PR,214.758,5,mai,168.30245021679195,OK,1991,2020,30,CHIRPS_v2,UCSB-CHG/CHIRPS/DAILY,1991-2020,IBGE_2024
4121406,Realeza,PR,353.922,5,mai,171.64774624002888,OK,1991,2020,30,CHIRPS_v2,UCSB-CHG/CHIRPS/DAILY,1991-2020,IBGE_2024
4121604,Renascença,PR,425.947,5,mai,157.2119360668545,OK,1991,2020,30,CHIRPS_v2,UCSB-CHG/CHIRPS/DAILY,1991-2020,IBGE_2024
4104501,Capanema,PR,415.961,5,mai,160.01123148587357,OK,1991,2020,30,CHIRPS_v2,UCSB-CHG/CHIRPS/DAILY,1991-2020,IBGE_2024
4120358,Pranchita,PR,226.089,5,mai,168.9757710218736,OK,1991,2020,30,CHIRPS_v2,UCSB-CHG/CHIRPS/DAILY,1991-2020,IBGE_2024
4128609,Verê,PR,312.744,5,mai,162.5607898083582,OK,1991,2020,30,CHIRPS_v2,UCSB-CHG/CHIRPS/DAILY,1991-2020,IBGE_2024
4119806,Planalto,PR,347.974,5,mai,163.41715903697147,OK,1991,2020,30,CHIRPS_v2,UCSB-CHG/CHIRPS/DAILY,1991-2020,IBGE_2024
4119251,Pinhal de São Bento,PR,98.062,5,mai,174.33338459710552,OK,1991,2020,30,CHIRPS_v2,UCSB-CHG/CHIRPS/DAILY,1991-2020,IBGE_2024
4102752,Bela Vista da Caroba,PR,148.859,5,mai,160.5959674432321,OK,1991,2020,30,CHIRPS_v2,UCSB-CHG/CHIRPS/DAILY,1991-2020,IBGE_2024
4103156,Bom Jesus do Sul,PR,175.536,5,mai,165.36501784938497,OK,1991,2020,30,CHIRPS_v2,UCSB-CHG/CHIRPS/DAILY,1991-2020,IBGE_2024
4119004,Pérola d'Oeste,PR,204.331,5,mai,160.85222964384178,OK,1991,2020,30,CHIRPS_v2,UCSB-CHG/CHIRPS/DAILY,1991-2020,IBGE_2024
4102604,Barracão,PR,161.806,5,mai,164.9316878598072,OK,1991,2020,30,CHIRPS_v2,UCSB-CHG/CHIRPS/DAILY,1991-2020,IBGE_2024
4101002,Ampére,PR,297.174,5,mai,180.30002607122267,OK,1991,2020,30,CHIRPS_v2,UCSB-CHG/CHIRPS/DAILY,1991-2020,IBGE_2024
4108403,Francisco Beltrão,PR,731.379,5,mai,164.28647925774158,OK,1991,2020,30,CHIRPS_v2,UCSB-CHG/CHIRPS/DAILY,1991-2020,IBGE_2024
4116950,Nova Esperança do Sudoeste,PR,207.849,5,mai,165.38661631010976,OK,1991,2020,30,CHIRPS_v2,UCSB-CHG/CHIRPS/DAILY,1991-2020,IBGE_2024
4124400,Santo Antônio do Sudoeste,PR,327.008,5,mai,174.9885912844601,OK,1991,2020,30,CHIRPS_v2,UCSB-CHG/CHIRPS/DAILY,1991-2020,IBGE_2024
4107850,Flor da Serra do Sul,PR,256.157,5,mai,160.4594674702401,OK,1991,2020,30,CHIRPS_v2,UCSB-CHG/CHIRPS/DAILY,1991-2020,IBGE_2024
4123808,Santa Izabel do Oeste,PR,321.003,5,mai,167.6151967763343,OK,1991,2020,30,CHIRPS_v2,UCSB-CHG/CHIRPS/DAILY,1991-2020,IBGE_2024
4107405,Enéas Marques,PR,196.238,5,mai,164.34351128652418,OK,1991,2020,30,CHIRPS_v2,UCSB-CHG/CHIRPS/DAILY,1991-2020,IBGE_2024
4115309,Mariópolis,PR,229.894,5,mai,159.4236759544369,OK,1991,2020,30,CHIRPS_v2,UCSB-CHG/CHIRPS/DAILY,1991-2020,IBGE_2024
4106456,Coronel Domingos Soares,PR,1511.972,5,mai,145.409574777387,OK,1991,2020,30,CHIRPS_v2,UCSB-CHG/CHIRPS/DAILY,1991-2020,IBGE_2024
4106506,Coronel Vivida,PR,683.799,5,mai,152.85219512999163,OK,1991,2020,30,CHIRPS_v2,UCSB-CHG/CHIRPS/DAILY,1991-2020,IBGE_2024
4114401,Mangueirinha,PR,1058.357,5,mai,147.90037678501787,OK,1991,2020,30,CHIRPS_v2,UCSB-CHG/CHIRPS/DAILY,1991-2020,IBGE_2024
4105409,Chopinzinho,PR,961.682,5,mai,155.5834800834287,OK,1991,2020,30,CHIRPS_v2,UCSB-CHG/CHIRPS/DAILY,1991-2020,IBGE_2024
4105706,Clevelândia,PR,703.973,5,mai,152.86304987574513,OK,1991,2020,30,CHIRPS_v2,UCSB-CHG/CHIRPS/DAILY,1991-2020,IBGE_2024
4128708,Vitorino,PR,308.08,5,mai,151.41954583097754,OK,1991,2020,30,CHIRPS_v2,UCSB-CHG/CHIRPS/DAILY,1991-2020,IBGE_2024
4103222,Bom Sucesso do Sul,PR,198.58,5,mai,159.48504254028512,OK,1991,2020,30,CHIRPS_v2,UCSB-CHG/CHIRPS/DAILY,1991-2020,IBGE_2024
4111209,Itapejara d'Oeste,PR,251.364,5,mai,159.46346164318516,OK,1991,2020,30,CHIRPS_v2,UCSB-CHG/CHIRPS/DAILY,1991-2020,IBGE_2024
4118501,Pato Branco,PR,539.154,5,mai,155.80555360080925,OK,1991,2020,30,CHIRPS_v2,UCSB-CHG/CHIRPS/DAILY,1991-2020,IBGE_2024
4126652,Sulina,PR,170.759,5,mai,157.920384940753,OK,1991,2020,30,CHIRPS_v2,UCSB-CHG/CHIRPS/DAILY,1991-2020,IBGE_2024
4117602,Palmas,PR,1561.474,5,mai,139.73729272020563,OK,1991,2020,30,CHIRPS_v2,UCSB-CHG/CHIRPS/DAILY,1991-2020,IBGE_2024
4126272,Saudade do Iguaçu,PR,152.084,5,mai,158.0414681577036,OK,1991,2020,30,CHIRPS_v2,UCSB-CHG/CHIRPS/DAILY,1991-2020,IBGE_2024
4109658,Honório Serpa,PR,503.896,5,mai,151.4839031127487,OK,1991,2020,30,CHIRPS_v2,UCSB-CHG/CHIRPS/DAILY,1991-2020,IBGE_2024
4124806,São João,PR,387.15,5,mai,158.90721337672068,OK,1991,2020,30,CHIRPS_v2,UCSB-CHG/CHIRPS/DAILY,1991-2020,IBGE_2024
4122156,Rio Bonito do Iguaçu,PR,684.695,5,mai,156.3641871323128,OK,1991,2020,30,CHIRPS_v2,UCSB-CHG/CHIRPS/DAILY,1991-2020,IBGE_2024
4113304,Laranjeiras do Sul,PR,677.933,5,mai,152.71849276958108,OK,1991,2020,30,CHIRPS_v2,UCSB-CHG/CHIRPS/DAILY,1991-2020,IBGE_2024
4120903,Quedas do Iguaçu,PR,822.345,5,mai,147.3200080071264,OK,1991,2020,30,CHIRPS_v2,UCSB-CHG/CHIRPS/DAILY,1991-2020,IBGE_2024
4120150,Porto Barreiro,PR,363.547,5,mai,156.28564858834005,OK,1991,2020,30,CHIRPS_v2,UCSB-CHG/CHIRPS/DAILY,1991-2020,IBGE_2024
4128658,Virmond,PR,248.583,5,mai,150.64366282832452,OK,1991,2020,30,CHIRPS_v2,UCSB-CHG/CHIRPS/DAILY,1991-2020,IBGE_2024
4117057,Nova Laranjeiras,PR,1201.246,5,mai,155.82095806395827,OK,1991,2020,30,CHIRPS_v2,UCSB-CHG/CHIRPS/DAILY,1991-2020,IBGE_2024
4107546,Espigão Alto do Iguaçu,PR,325.584,5,mai,158.293192160201,OK,1991,2020,30,CHIRPS_v2,UCSB-CHG/CHIRPS/DAILY,1991-2020,IBGE_2024
4115457,Marquinho,PR,518.147,5,mai,152.51910297769078,OK,1991,2020,30,CHIRPS_v2,UCSB-CHG/CHIRPS/DAILY,1991-2020,IBGE_2024
4107207,Dois Vizinhos,PR,418.162,5,mai,159.38068298279433,OK,1991,2020,30,CHIRPS_v2,UCSB-CHG/CHIRPS/DAILY,1991-2020,IBGE_2024
4123006,Salto do Lontra,PR,311.974,5,mai,155.29151146687295,OK,1991,2020,30,CHIRPS_v2,UCSB-CHG/CHIRPS/DAILY,1991-2020,IBGE_2024
4106571,Cruzeiro do Iguaçu,PR,161.293,5,mai,156.15602291488779,OK,1991,2020,30,CHIRPS_v2,UCSB-CHG/CHIRPS/DAILY,1991-2020,IBGE_2024
4103024,Boa Esperança do Iguaçu,PR,152.252,5,mai,162.38348049239,OK,1991,2020,30,CHIRPS_v2,UCSB-CHG/CHIRPS/DAILY,1991-2020,IBGE_2024
4117255,Nova Prata do Iguaçu,PR,352.055,5,mai,168.79150471147346,OK,1991,2020,30,CHIRPS_v2,UCSB-CHG/CHIRPS/DAILY,1991-2020,IBGE_2024
4125209,São Jorge d'Oeste,PR,379.442,5,mai,154.51790285480868,OK,1991,2020,30,CHIRPS_v2,UCSB-CHG/CHIRPS/DAILY,1991-2020,IBGE_2024
4114609,Marechal Cândido Rondon,PR,743.593,5,mai,160.68666950781505,OK,1991,2020,30,CHIRPS_v2,UCSB-CHG/CHIRPS/DAILY,1991-2020,IBGE_2024
4120853,Quatro Pontes,PR,115.665,5,mai,160.84569758748017,OK,1991,2020,30,CHIRPS_v2,UCSB-CHG/CHIRPS/DAILY,1991-2020,IBGE_2024
4118451,Pato Bragado,PR,136.483,5,mai,159.3440177616841,OK,1991,2020,30,CHIRPS_v2,UCSB-CHG/CHIRPS/DAILY,1991-2020,IBGE_2024
4117222,Nova Santa Rosa,PR,204.665,5,mai,152.17453010631823,OK,1991,2020,30,CHIRPS_v2,UCSB-CHG/CHIRPS/DAILY,1991-2020,IBGE_2024
4107538,Entre Rios do Oeste,PR,120.294,5,mai,159.7120443332553,OK,1991,2020,30,CHIRPS_v2,UCSB-CHG/CHIRPS/DAILY,1991-2020,IBGE_2024
4115853,Mercedes,PR,197.136,5,mai,151.2385540727022,OK,1991,2020,30,CHIRPS_v2,UCSB-CHG/CHIRPS/DAILY,1991-2020,IBGE_2024
4107306,Doutor Camargo,PR,118.286,5,mai,113.8797446151225,OK,1991,2020,30,CHIRPS_v2,UCSB-CHG/CHIRPS/DAILY,1991-2020,IBGE_2024
4114203,Mandaguari,PR,335.912,5,mai,114.46741754527919,OK,1991,2020,30,CHIRPS_v2,UCSB-CHG/CHIRPS/DAILY,1991-2020,IBGE_2024
4111605,Ivatuba,PR,96.427,5,mai,113.06362983833664,OK,1991,2020,30,CHIRPS_v2,UCSB-CHG/CHIRPS/DAILY,1991-2020,IBGE_2024
4128302,Uniflor,PR,95.731,5,mai,105.09052818390948,OK,1991,2020,30,CHIRPS_v2,UCSB-CHG/CHIRPS/DAILY,1991-2020,IBGE_2024
4102109,Astorga,PR,435.21,5,mai,113.58753337869675,OK,1991,2020,30,CHIRPS_v2,UCSB-CHG/CHIRPS/DAILY,1991-2020,IBGE_2024
4102208,Atalaia,PR,137.075,5,mai,107.26995214844779,OK,1991,2020,30,CHIRPS_v2,UCSB-CHG/CHIRPS/DAILY,1991-2020,IBGE_2024
4125308,São Jorge do Ivaí,PR,315.088,5,mai,113.7336863486623,OK,1991,2020,30,CHIRPS_v2,UCSB-CHG/CHIRPS/DAILY,1991-2020,IBGE_2024
4101150,Ângulo,PR,106.021,5,mai,117.84272874439803,OK,1991,2020,30,CHIRPS_v2,UCSB-CHG/CHIRPS/DAILY,1991-2020,IBGE_2024
4116901,Nova Esperança,PR,402.051,5,mai,111.47231149335681,OK,1991,2020,30,CHIRPS_v2,UCSB-CHG/CHIRPS/DAILY,1991-2020,IBGE_2024
4116307,Munhoz de Melo,PR,137.03,5,mai,113.56753024768469,OK,1991,2020,30,CHIRPS_v2,UCSB-CHG/CHIRPS/DAILY,1991-2020,IBGE_2024
4108106,Flórida,PR,83.046,5,mai,108.5952834379305,OK,1991,2020,30,CHIRPS_v2,UCSB-CHG/CHIRPS/DAILY,1991-2020,IBGE_2024
4107801,Floraí,PR,190.812,5,mai,112.85239869772481,OK,1991,2020,30,CHIRPS_v2,UCSB-CHG/CHIRPS/DAILY,1991-2020,IBGE_2024
4123402,Santa Fé,PR,276.262,5,mai,112.05590516453667,OK,1991,2020,30,CHIRPS_v2,UCSB-CHG/CHIRPS/DAILY,1991-2020,IBGE_2024
4114807,Marialva,PR,474.954,5,mai,112.91986749617452,OK,1991,2020,30,CHIRPS_v2,UCSB-CHG/CHIRPS/DAILY,1991-2020,IBGE_2024
4114104,Mandaguaçu,PR,293.792,5,mai,112.43445388258974,OK,1991,2020,30,CHIRPS_v2,UCSB-CHG/CHIRPS/DAILY,1991-2020,IBGE_2024
4120408,Presidente Castelo Branco,PR,155.631,5,mai,111.58014931725113,OK,1991,2020,30,CHIRPS_v2,UCSB-CHG/CHIRPS/DAILY,1991-2020,IBGE_2024
4111100,Itambé,PR,244.495,5,mai,115.59621486962419,OK,1991,2020,30,CHIRPS_v2,UCSB-CHG/CHIRPS/DAILY,1991-2020,IBGE_2024
4110003,Iguaraçu,PR,164.54,5,mai,118.19283891020213,OK,1991,2020,30,CHIRPS_v2,UCSB-CHG/CHIRPS/DAILY,1991-2020,IBGE_2024
4126256,Sarandi,PR,103.942,5,mai,109.12672834331643,OK,1991,2020,30,CHIRPS_v2,UCSB-CHG/CHIRPS/DAILY,1991-2020,IBGE_2024
4117503,Paiçandu,PR,170.824,5,mai,111.01637552354731,OK,1991,2020,30,CHIRPS_v2,UCSB-CHG/CHIRPS/DAILY,1991-2020,IBGE_2024
4117404,Ourizona,PR,176.457,5,mai,112.89255571320471,OK,1991,2020,30,CHIRPS_v2,UCSB-CHG/CHIRPS/DAILY,1991-2020,IBGE_2024
4107900,Floresta,PR,158.334,5,mai,112.12132905114588,OK,1991,2020,30,CHIRPS_v2,UCSB-CHG/CHIRPS/DAILY,1991-2020,IBGE_2024
4115200,Maringá,PR,487.912,5,mai,110.50723728293961,OK,1991,2020,30,CHIRPS_v2,UCSB-CHG/CHIRPS/DAILY,1991-2020,IBGE_2024
4106555,Corumbataí do Sul,PR,167.921,5,mai,126.76165016220102,OK,1991,2020,30,CHIRPS_v2,UCSB-CHG/CHIRPS/DAILY,1991-2020,IBGE_2024
4114005,Mamborê,PR,787.33,5,mai,152.8874540991149,OK,1991,2020,30,CHIRPS_v2,UCSB-CHG/CHIRPS/DAILY,1991-2020,IBGE_2024
4122503,Roncador,PR,741.709,5,mai,144.98546184931328,OK,1991,2020,30,CHIRPS_v2,UCSB-CHG/CHIRPS/DAILY,1991-2020,IBGE_2024
4113734,Luiziana,PR,915.604,5,mai,139.8361140157971,OK,1991,2020,30,CHIRPS_v2,UCSB-CHG/CHIRPS/DAILY,1991-2020,IBGE_2024
4121356,Rancho Alegre D'Oeste,PR,241.185,5,mai,148.50460940562908,OK,1991,2020,30,CHIRPS_v2,UCSB-CHG/CHIRPS/DAILY,1991-2020,IBGE_2024
4120655,Quarto Centenário,PR,320.779,5,mai,151.8480889602723,OK,1991,2020,30,CHIRPS_v2,UCSB-CHG/CHIRPS/DAILY,1991-2020,IBGE_2024
4104303,Campo Mourão,PR,748.054,5,mai,134.02557744745417,OK,1991,2020,30,CHIRPS_v2,UCSB-CHG/CHIRPS/DAILY,1991-2020,IBGE_2024
4112959,Juranda,PR,354.522,5,mai,148.6484531175083,OK,1991,2020,30,CHIRPS_v2,UCSB-CHG/CHIRPS/DAILY,1991-2020,IBGE_2024
4121109,Quinta do Sol,PR,326.137,5,mai,120.04996757756444,OK,1991,2020,30,CHIRPS_v2,UCSB-CHG/CHIRPS/DAILY,1991-2020,IBGE_2024
4103909,Campina da Lagoa,PR,798.991,5,mai,149.4736329608829,OK,1991,2020,30,CHIRPS_v2,UCSB-CHG/CHIRPS/DAILY,1991-2020,IBGE_2024
4112207,Janiópolis,PR,337.91,5,mai,143.28075879767925,OK,1991,2020,30,CHIRPS_v2,UCSB-CHG/CHIRPS/DAILY,1991-2020,IBGE_2024
4128005,Ubiratã,PR,653.097,5,mai,146.41726449642834,OK,1991,2020,30,CHIRPS_v2,UCSB-CHG/CHIRPS/DAILY,1991-2020,IBGE_2024
4103008,Boa Esperança,PR,301.131,5,mai,147.78308058118085,OK,1991,2020,30,CHIRPS_v2,UCSB-CHG/CHIRPS/DAILY,1991-2020,IBGE_2024
4118808,Peabiru,PR,467.542,5,mai,121.74445648997137,OK,1991,2020,30,CHIRPS_v2,UCSB-CHG/CHIRPS/DAILY,1991-2020,IBGE_2024
4110805,Iretama,PR,570.716,5,mai,123.20311037559885,OK,1991,2020,30,CHIRPS_v2,UCSB-CHG/CHIRPS/DAILY,1991-2020,IBGE_2024
4102505,Barbosa Ferraz,PR,536.101,5,mai,122.9706221819135,OK,1991,2020,30,CHIRPS_v2,UCSB-CHG/CHIRPS/DAILY,1991-2020,IBGE_2024
4101705,Araruna,PR,492.521,5,mai,127.0102127308594,OK,1991,2020,30,CHIRPS_v2,UCSB-CHG/CHIRPS/DAILY,1991-2020,IBGE_2024
4116802,Nova Cantu,PR,552.873,5,mai,148.59937490939785,OK,1991,2020,30,CHIRPS_v2,UCSB-CHG/CHIRPS/DAILY,1991-2020,IBGE_2024
4108601,Goioerê,PR,563.954,5,mai,142.36309904168778,OK,1991,2020,30,CHIRPS_v2,UCSB-CHG/CHIRPS/DAILY,1991-2020,IBGE_2024
4100459,Altamira do Paraná,PR,386.952,5,mai,157.1074513259847,OK,1991,2020,30,CHIRPS_v2,UCSB-CHG/CHIRPS/DAILY,1991-2020,IBGE_2024
4116109,Moreira Sales,PR,356.711,5,mai,134.93963442699328,OK,1991,2020,30,CHIRPS_v2,UCSB-CHG/CHIRPS/DAILY,1991-2020,IBGE_2024
4107504,Engenheiro Beltrão,PR,470.825,5,mai,120.52332973830687,OK,1991,2020,30,CHIRPS_v2,UCSB-CHG/CHIRPS/DAILY,1991-2020,IBGE_2024
4107553,Farol,PR,289.232,5,mai,141.25385581896933,OK,1991,2020,30,CHIRPS_v2,UCSB-CHG/CHIRPS/DAILY,1991-2020,IBGE_2024
4107702,Fênix,PR,232.209,5,mai,120.26925447531619,OK,1991,2020,30,CHIRPS_v2,UCSB-CHG/CHIRPS/DAILY,1991-2020,IBGE_2024
4114708,Maria Helena,PR,486.539,5,mai,123.8411983418916,OK,1991,2020,30,CHIRPS_v2,UCSB-CHG/CHIRPS/DAILY,1991-2020,IBGE_2024
4128104,Umuarama,PR,1233.997,5,mai,126.84781925970509,OK,1991,2020,30,CHIRPS_v2,UCSB-CHG/CHIRPS/DAILY,1991-2020,IBGE_2024
4107256,Douradina,PR,420.525,5,mai,116.1860572975865,OK,1991,2020,30,CHIRPS_v2,UCSB-CHG/CHIRPS/DAILY,1991-2020,IBGE_2024
4106605,Cruzeiro do Oeste,PR,776.101,5,mai,127.05960530470622,OK,1991,2020,30,CHIRPS_v2,UCSB-CHG/CHIRPS/DAILY,1991-2020,IBGE_2024
4105607,Cidade Gaúcha,PR,402.241,5,mai,116.83318560316773,OK,1991,2020,30,CHIRPS_v2,UCSB-CHG/CHIRPS/DAILY,1991-2020,IBGE_2024
4128807,Xambrê,PR,360.044,5,mai,129.2573615760889,OK,1991,2020,30,CHIRPS_v2,UCSB-CHG/CHIRPS/DAILY,1991-2020,IBGE_2024
4128625,Alto Paraíso,PR,967.763,5,mai,127.0688226191469,OK,1991,2020,30,CHIRPS_v2,UCSB-CHG/CHIRPS/DAILY,1991-2020,IBGE_2024
4103370,Brasilândia do Sul,PR,291.036,5,mai,140.14045068015898,OK,1991,2020,30,CHIRPS_v2,UCSB-CHG/CHIRPS/DAILY,1991-2020,IBGE_2024
4103479,Cafezal do Sul,PR,335.728,5,mai,133.13093287814155,OK,1991,2020,30,CHIRPS_v2,UCSB-CHG/CHIRPS/DAILY,1991-2020,IBGE_2024
4111555,Ivaté,PR,410.221,5,mai,118.56546717860539,OK,1991,2020,30,CHIRPS_v2,UCSB-CHG/CHIRPS/DAILY,1991-2020,IBGE_2024
4110607,Iporã,PR,648.624,5,mai,140.34700755451337,OK,1991,2020,30,CHIRPS_v2,UCSB-CHG/CHIRPS/DAILY,1991-2020,IBGE_2024
4126900,Tapira,PR,434.371,5,mai,114.1783816346699,OK,1991,2020,30,CHIRPS_v2,UCSB-CHG/CHIRPS/DAILY,1991-2020,IBGE_2024
4118907,Pérola,PR,236.07,5,mai,133.74728857281917,OK,1991,2020,30,CHIRPS_v2,UCSB-CHG/CHIRPS/DAILY,1991-2020,IBGE_2024
4118857,Perobal,PR,409.062,5,mai,132.9119850870534,OK,1991,2020,30,CHIRPS_v2,UCSB-CHG/CHIRPS/DAILY,1991-2020,IBGE_2024
4109906,Icaraíma,PR,675.24,5,mai,121.42665572195402,OK,1991,2020,30,CHIRPS_v2,UCSB-CHG/CHIRPS/DAILY,1991-2020,IBGE_2024
4117206,Nova Olímpia,PR,136.347,5,mai,116.24841251161644,OK,1991,2020,30,CHIRPS_v2,UCSB-CHG/CHIRPS/DAILY,1991-2020,IBGE_2024
4100707,Alto Piquiri,PR,448.373,5,mai,135.0339626817892,OK,1991,2020,30,CHIRPS_v2,UCSB-CHG/CHIRPS/DAILY,1991-2020,IBGE_2024
4125357,São Jorge do Patrocínio,PR,404.018,5,mai,138.1682150403608,OK,1991,2020,30,CHIRPS_v2,UCSB-CHG/CHIRPS/DAILY,1991-2020,IBGE_2024
4100509,Altônia,PR,663.955,5,mai,144.30675957245015,OK,1991,2020,30,CHIRPS_v2,UCSB-CHG/CHIRPS/DAILY,1991-2020,IBGE_2024
4108320,Francisco Alves,PR,320.119,5,mai,143.37750991316025,OK,1991,2020,30,CHIRPS_v2,UCSB-CHG/CHIRPS/DAILY,1991-2020,IBGE_2024
4107520,Esperança Nova,PR,141.317,5,mai,132.07610463228775,OK,1991,2020,30,CHIRPS_v2,UCSB-CHG/CHIRPS/DAILY,1991-2020,IBGE_2024
4115101,Mariluz,PR,430.432,5,mai,135.53529385743755,OK,1991,2020,30,CHIRPS_v2,UCSB-CHG/CHIRPS/DAILY,1991-2020,IBGE_2024
4107108,Diamante do Norte,PR,242.887,5,mai,104.24692759265383,OK,1991,2020,30,CHIRPS_v2,UCSB-CHG/CHIRPS/DAILY,1991-2020,IBGE_2024
4115002,Marilena,PR,231.349,5,mai,109.20748791634752,OK,1991,2020,30,CHIRPS_v2,UCSB-CHG/CHIRPS/DAILY,1991-2020,IBGE_2024
4119707,Planaltina do Paraná,PR,356.276,5,mai,115.47547847949015,OK,1991,2020,30,CHIRPS_v2,UCSB-CHG/CHIRPS/DAILY,1991-2020,IBGE_2024
4127304,Terra Rica,PR,698.25,5,mai,104.11781886448857,OK,1991,2020,30,CHIRPS_v2,UCSB-CHG/CHIRPS/DAILY,1991-2020,IBGE_2024
4111308,Itaúna do Sul,PR,127.002,5,mai,108.93457507645287,OK,1991,2020,30,CHIRPS_v2,UCSB-CHG/CHIRPS/DAILY,1991-2020,IBGE_2024
4126702,Tamboara,PR,193.316,5,mai,114.42865645115201,OK,1991,2020,30,CHIRPS_v2,UCSB-CHG/CHIRPS/DAILY,1991-2020,IBGE_2024
4118402,Paranavaí,PR,1197.394,5,mai,108.21091306656449,OK,1991,2020,30,CHIRPS_v2,UCSB-CHG/CHIRPS/DAILY,1991-2020,IBGE_2024
4118006,Paraíso do Norte,PR,205.222,5,mai,118.4907914902522,OK,1991,2020,30,CHIRPS_v2,UCSB-CHG/CHIRPS/DAILY,1991-2020,IBGE_2024
4100905,Amaporã,PR,384.91,5,mai,116.88408819579655,OK,1991,2020,30,CHIRPS_v2,UCSB-CHG/CHIRPS/DAILY,1991-2020,IBGE_2024
4117107,Nova Londrina,PR,272.27,5,mai,111.11068499746271,OK,1991,2020,30,CHIRPS_v2,UCSB-CHG/CHIRPS/DAILY,1991-2020,IBGE_2024
4108908,Guairaçá,PR,496.289,5,mai,111.90460616685256,OK,1991,2020,30,CHIRPS_v2,UCSB-CHG/CHIRPS/DAILY,1991-2020,IBGE_2024
4124905,São João do Caiuá,PR,305.388,5,mai,101.50827140494877,OK,1991,2020,30,CHIRPS_v2,UCSB-CHG/CHIRPS/DAILY,1991-2020,IBGE_2024
4100608,Alto Paraná,PR,409.014,5,mai,109.68773121812413,OK,1991,2020,30,CHIRPS_v2,UCSB-CHG/CHIRPS/DAILY,1991-2020,IBGE_2024
4116505,Nova Aliança do Ivaí,PR,130.614,5,mai,116.19309525894003,OK,1991,2020,30,CHIRPS_v2,UCSB-CHG/CHIRPS/DAILY,1991-2020,IBGE_2024
4124608,São Carlos do Ivaí,PR,225.079,5,mai,114.88695438219537,OK,1991,2020,30,CHIRPS_v2,UCSB-CHG/CHIRPS/DAILY,1991-2020,IBGE_2024
4124202,Santo Antônio do Caiuá,PR,221.391,5,mai,97.60102606553215,OK,1991,2020,30,CHIRPS_v2,UCSB-CHG/CHIRPS/DAILY,1991-2020,IBGE_2024
4115903,Mirador,PR,222.016,5,mai,117.15431559206648,OK,1991,2020,30,CHIRPS_v2,UCSB-CHG/CHIRPS/DAILY,1991-2020,IBGE_2024
4122602,Rondon,PR,557.257,5,mai,120.07327541875317,OK,1991,2020,30,CHIRPS_v2,UCSB-CHG/CHIRPS/DAILY,1991-2020,IBGE_2024
4105508,Cianorte,PR,807.796,5,mai,122.31368604039702,OK,1991,2020,30,CHIRPS_v2,UCSB-CHG/CHIRPS/DAILY,1991-2020,IBGE_2024
4113007,Jussara,PR,207.013,5,mai,117.8048999438248,OK,1991,2020,30,CHIRPS_v2,UCSB-CHG/CHIRPS/DAILY,1991-2020,IBGE_2024
4112405,Japurá,PR,165.185,5,mai,117.42956422886782,OK,1991,2020,30,CHIRPS_v2,UCSB-CHG/CHIRPS/DAILY,1991-2020,IBGE_2024
4127908,Tuneiras do Oeste,PR,705.229,5,mai,127.80024287330555,OK,1991,2020,30,CHIRPS_v2,UCSB-CHG/CHIRPS/DAILY,1991-2020,IBGE_2024
4126801,Tapejara,PR,590.927,5,mai,125.77967832860982,OK,1991,2020,30,CHIRPS_v2,UCSB-CHG/CHIRPS/DAILY,1991-2020,IBGE_2024
4110409,Indianópolis,PR,122.392,5,mai,118.86355853522089,OK,1991,2020,30,CHIRPS_v2,UCSB-CHG/CHIRPS/DAILY,1991-2020,IBGE_2024
4127205,Terra Boa,PR,323.63,5,mai,120.22048254925797,OK,1991,2020,30,CHIRPS_v2,UCSB-CHG/CHIRPS/DAILY,1991-2020,IBGE_2024
4126108,São Tomé,PR,218.623,5,mai,117.14302601989704,OK,1991,2020,30,CHIRPS_v2,UCSB-CHG/CHIRPS/DAILY,1991-2020,IBGE_2024
4109104,Guaporema,PR,200.407,5,mai,118.42422443424789,OK,1991,2020,30,CHIRPS_v2,UCSB-CHG/CHIRPS/DAILY,1991-2020,IBGE_2024
4125555,São Manoel do Paraná,PR,95.381,5,mai,119.41274860576975,OK,1991,2020,30,CHIRPS_v2,UCSB-CHG/CHIRPS/DAILY,1991-2020,IBGE_2024
4123600,Santa Inês,PR,156.422,5,mai,95.29074847198423,OK,1991,2020,30,CHIRPS_v2,UCSB-CHG/CHIRPS/DAILY,1991-2020,IBGE_2024
4106704,Cruzeiro do Sul,PR,259.115,5,mai,102.16180621961294,OK,1991,2020,30,CHIRPS_v2,UCSB-CHG/CHIRPS/DAILY,1991-2020,IBGE_2024
4105904,Colorado,PR,408.533,5,mai,98.53507218626856,OK,1991,2020,30,CHIRPS_v2,UCSB-CHG/CHIRPS/DAILY,1991-2020,IBGE_2024
4113601,Lobato,PR,240.904,5,mai,101.73905385168015,OK,1991,2020,30,CHIRPS_v2,UCSB-CHG/CHIRPS/DAILY,1991-2020,IBGE_2024
4112603,Jardim Olinda,PR,128.515,5,mai,91.02099623283165,OK,1991,2020,30,CHIRPS_v2,UCSB-CHG/CHIRPS/DAILY,1991-2020,IBGE_2024
4110904,Itaguajé,PR,195.493,5,mai,94.06211629211188,OK,1991,2020,30,CHIRPS_v2,UCSB-CHG/CHIRPS/DAILY,1991-2020,IBGE_2024
4118303,Paranapoema,PR,175.875,5,mai,93.04487001990255,OK,1991,2020,30,CHIRPS_v2,UCSB-CHG/CHIRPS/DAILY,1991-2020,IBGE_2024
4118105,Paranacity,PR,348.152,5,mai,96.33116940497445,OK,1991,2020,30,CHIRPS_v2,UCSB-CHG/CHIRPS/DAILY,1991-2020,IBGE_2024
4110300,Inajá,PR,194.704,5,mai,95.30867111596034,OK,1991,2020,30,CHIRPS_v2,UCSB-CHG/CHIRPS/DAILY,1991-2020,IBGE_2024
4124509,Santo Inácio,PR,278.541,5,mai,93.50807466490502,OK,1991,2020,30,CHIRPS_v2,UCSB-CHG/CHIRPS/DAILY,1991-2020,IBGE_2024
4116406,Nossa Senhora das Graças,PR,186.259,5,mai,105.85658412154258,OK,1991,2020,30,CHIRPS_v2,UCSB-CHG/CHIRPS/DAILY,1991-2020,IBGE_2024
4123709,Santa Isabel do Ivaí,PR,349.425,5,mai,110.4762074798501,OK,1991,2020,30,CHIRPS_v2,UCSB-CHG/CHIRPS/DAILY,1991-2020,IBGE_2024
4113502,Loanda,PR,722.091,5,mai,110.5049341654424,OK,1991,2020,30,CHIRPS_v2,UCSB-CHG/CHIRPS/DAILY,1991-2020,IBGE_2024
4121000,Querência do Norte,PR,911.72,5,mai,115.63107418956189,OK,1991,2020,30,CHIRPS_v2,UCSB-CHG/CHIRPS/DAILY,1991-2020,IBGE_2024
4120200,Porto Rico,PR,219.242,5,mai,112.87975854513793,OK,1991,2020,30,CHIRPS_v2,UCSB-CHG/CHIRPS/DAILY,1991-2020,IBGE_2024
4125902,São Pedro do Paraná,PR,248.865,5,mai,112.352945002605,OK,1991,2020,30,CHIRPS_v2,UCSB-CHG/CHIRPS/DAILY,1991-2020,IBGE_2024
4123956,Santa Mônica,PR,260.488,5,mai,110.77450813916803,OK,1991,2020,30,CHIRPS_v2,UCSB-CHG/CHIRPS/DAILY,1991-2020,IBGE_2024
4123303,Santa Cruz de Monte Castelo,PR,444.966,5,mai,115.5235341777945,OK,1991,2020,30,CHIRPS_v2,UCSB-CHG/CHIRPS/DAILY,1991-2020,IBGE_2024
4113700,Londrina,PR,1647.796,5,mai,112.174984950251,OK,1991,2020,30,CHIRPS_v2,UCSB-CHG/CHIRPS/DAILY,1991-2020,IBGE_2024
4112702,Jataizinho,PR,161.132,5,mai,88.0143244211655,OK,1991,2020,30,CHIRPS_v2,UCSB-CHG/CHIRPS/DAILY,1991-2020,IBGE_2024
4103701,Cambé,PR,499.583,5,mai,105.4312515403917,OK,1991,2020,30,CHIRPS_v2,UCSB-CHG/CHIRPS/DAILY,1991-2020,IBGE_2024
4109807,Ibiporã,PR,298.998,5,mai,98.01008677889,OK,1991,2020,30,CHIRPS_v2,UCSB-CHG/CHIRPS/DAILY,1991-2020,IBGE_2024
4101507,Arapongas,PR,383.37,5,mai,124.08418539718633,OK,1991,2020,30,CHIRPS_v2,UCSB-CHG/CHIRPS/DAILY,1991-2020,IBGE_2024
4122701,Sabáudia,PR,191.252,5,mai,115.42397994402273,OK,1991,2020,30,CHIRPS_v2,UCSB-CHG/CHIRPS/DAILY,1991-2020,IBGE_2024
4122404,Rolândia,PR,456.228,5,mai,116.98089951455643,OK,1991,2020,30,CHIRPS_v2,UCSB-CHG/CHIRPS/DAILY,1991-2020,IBGE_2024
4113809,Lupionópolis,PR,121.661,5,mai,92.64986306937385,OK,1991,2020,30,CHIRPS_v2,UCSB-CHG/CHIRPS/DAILY,1991-2020,IBGE_2024
4105102,Centenário do Sul,PR,370.629,5,mai,94.31075434017137,OK,1991,2020,30,CHIRPS_v2,UCSB-CHG/CHIRPS/DAILY,1991-2020,IBGE_2024
4120333,Prado Ferreira,PR,152.876,5,mai,100.49685836833932,OK,1991,2020,30,CHIRPS_v2,UCSB-CHG/CHIRPS/DAILY,1991-2020,IBGE_2024
4120507,Primeiro de Maio,PR,410.378,5,mai,85.79091272680026,OK,1991,2020,30,CHIRPS_v2,UCSB-CHG/CHIRPS/DAILY,1991-2020,IBGE_2024
4103404,Cafeara,PR,184.255,5,mai,96.67136663539584,OK,1991,2020,30,CHIRPS_v2,UCSB-CHG/CHIRPS/DAILY,1991-2020,IBGE_2024
4119657,Pitangueiras,PR,123.081,5,mai,110.34881472282392,OK,1991,2020,30,CHIRPS_v2,UCSB-CHG/CHIRPS/DAILY,1991-2020,IBGE_2024
4111902,Jaguapitã,PR,475.004,5,mai,105.87807971647545,OK,1991,2020,30,CHIRPS_v2,UCSB-CHG/CHIRPS/DAILY,1991-2020,IBGE_2024
4120002,Porecatu,PR,291.663,5,mai,91.60309439475505,OK,1991,2020,30,CHIRPS_v2,UCSB-CHG/CHIRPS/DAILY,1991-2020,IBGE_2024
4102802,Bela Vista do Paraíso,PR,246.225,5,mai,93.93662090576862,OK,1991,2020,30,CHIRPS_v2,UCSB-CHG/CHIRPS/DAILY,1991-2020,IBGE_2024
4126504,Sertanópolis,PR,505.489,5,mai,92.08320406329408,OK,1991,2020,30,CHIRPS_v2,UCSB-CHG/CHIRPS/DAILY,1991-2020,IBGE_2024
4101903,Assaí,PR,440.347,5,mai,101.6902952194783,OK,1991,2020,30,CHIRPS_v2,UCSB-CHG/CHIRPS/DAILY,1991-2020,IBGE_2024
4126678,Tamarana,PR,473.283,5,mai,117.67090696602752,OK,1991,2020,30,CHIRPS_v2,UCSB-CHG/CHIRPS/DAILY,1991-2020,IBGE_2024
4100806,Alvorada do Sul,PR,424.25,5,mai,89.5612271393345,OK,1991,2020,30,CHIRPS_v2,UCSB-CHG/CHIRPS/DAILY,1991-2020,IBGE_2024
4109203,Guaraci,PR,213.067,5,mai,107.03444645265233,OK,1991,2020,30,CHIRPS_v2,UCSB-CHG/CHIRPS/DAILY,1991-2020,IBGE_2024
4108007,Florestópolis,PR,246.853,5,mai,93.76264420194103,OK,1991,2020,30,CHIRPS_v2,UCSB-CHG/CHIRPS/DAILY,1991-2020,IBGE_2024
4116000,Miraselva,PR,90.572,5,mai,96.67837416141111,OK,1991,2020,30,CHIRPS_v2,UCSB-CHG/CHIRPS/DAILY,1991-2020,IBGE_2024
4122909,Salto do Itararé,PR,200.897,5,mai,67.58045629646551,OK,1991,2020,30,CHIRPS_v2,UCSB-CHG/CHIRPS/DAILY,1991-2020,IBGE_2024
4121802,Ribeirão Claro,PR,625.874,5,mai,76.02483271427268,OK,1991,2020,30,CHIRPS_v2,UCSB-CHG/CHIRPS/DAILY,1991-2020,IBGE_2024
4121901,Ribeirão do Pinhal,PR,374.754,5,mai,95.70963856196676,OK,1991,2020,30,CHIRPS_v2,UCSB-CHG/CHIRPS/DAILY,1991-2020,IBGE_2024
4120705,Quatiguá,PR,112.567,5,mai,106.67472419367022,OK,1991,2020,30,CHIRPS_v2,UCSB-CHG/CHIRPS/DAILY,1991-2020,IBGE_2024
4112900,Jundiaí do Sul,PR,316.748,5,mai,88.50384963099523,OK,1991,2020,30,CHIRPS_v2,UCSB-CHG/CHIRPS/DAILY,1991-2020,IBGE_2024
4104709,Carlópolis,PR,454.169,5,mai,76.90270292460036,OK,1991,2020,30,CHIRPS_v2,UCSB-CHG/CHIRPS/DAILY,1991-2020,IBGE_2024
4112801,Joaquim Távora,PR,288.922,5,mai,107.63695273693068,OK,1991,2020,30,CHIRPS_v2,UCSB-CHG/CHIRPS/DAILY,1991-2020,IBGE_2024
4128500,Wenceslau Braz,PR,397.685,5,mai,73.5658420366492,OK,1991,2020,30,CHIRPS_v2,UCSB-CHG/CHIRPS/DAILY,1991-2020,IBGE_2024
4111803,Jacarezinho,PR,603.383,5,mai,82.51367983417308,OK,1991,2020,30,CHIRPS_v2,UCSB-CHG/CHIRPS/DAILY,1991-2020,IBGE_2024
4103602,Cambará,PR,367.462,5,mai,80.66112342985629,OK,1991,2020,30,CHIRPS_v2,UCSB-CHG/CHIRPS/DAILY,1991-2020,IBGE_2024
4127809,Tomazina,PR,591.939,5,mai,83.24121825857829,OK,1991,2020,30,CHIRPS_v2,UCSB-CHG/CHIRPS/DAILY,1991-2020,IBGE_2024
4102703,Barra do Jacaré,PR,115.855,5,mai,77.99971538904639,OK,1991,2020,30,CHIRPS_v2,UCSB-CHG/CHIRPS/DAILY,1991-2020,IBGE_2024
4126603,Siqueira Campos,PR,277.112,5,mai,71.03896336157996,OK,1991,2020,30,CHIRPS_v2,UCSB-CHG/CHIRPS/DAILY,1991-2020,IBGE_2024
4125407,São José da Boa Vista,PR,399.886,5,mai,78.41344374910001,OK,1991,2020,30,CHIRPS_v2,UCSB-CHG/CHIRPS/DAILY,1991-2020,IBGE_2024
4109005,Guapirama,PR,189.372,5,mai,90.92119147568734,OK,1991,2020,30,CHIRPS_v2,UCSB-CHG/CHIRPS/DAILY,1991-2020,IBGE_2024
4101101,Andirá,PR,234.635,5,mai,79.77147737489547,OK,1991,2020,30,CHIRPS_v2,UCSB-CHG/CHIRPS/DAILY,1991-2020,IBGE_2024
4100103,Abatiá,PR,227.923,5,mai,87.3297985122207,OK,1991,2020,30,CHIRPS_v2,UCSB-CHG/CHIRPS/DAILY,1991-2020,IBGE_2024
4124103,Santo Antônio da Platina,PR,720.385,5,mai,85.89808563851923,OK,1991,2020,30,CHIRPS_v2,UCSB-CHG/CHIRPS/DAILY,1991-2020,IBGE_2024
4124004,Santana do Itararé,PR,251.831,5,mai,76.95033173965294,OK,1991,2020,30,CHIRPS_v2,UCSB-CHG/CHIRPS/DAILY,1991-2020,IBGE_2024
4101408,Apucarana,PR,556.771,5,mai,116.65108759234377,OK,1991,2020,30,CHIRPS_v2,UCSB-CHG/CHIRPS/DAILY,1991-2020,IBGE_2024
4115507,Marumbi,PR,207.687,5,mai,121.69660921147691,OK,1991,2020,30,CHIRPS_v2,UCSB-CHG/CHIRPS/DAILY,1991-2020,IBGE_2024
4114906,Marilândia do Sul,PR,384.42,5,mai,120.49847267609934,OK,1991,2020,30,CHIRPS_v2,UCSB-CHG/CHIRPS/DAILY,1991-2020,IBGE_2024
4122107,Rio Bom,PR,177.836,5,mai,124.16224486458205,OK,1991,2020,30,CHIRPS_v2,UCSB-CHG/CHIRPS/DAILY,1991-2020,IBGE_2024
4113106,Kaloré,PR,194.081,5,mai,122.0554467103894,OK,1991,2020,30,CHIRPS_v2,UCSB-CHG/CHIRPS/DAILY,1991-2020,IBGE_2024
4112108,Jandaia do Sul,PR,188.103,5,mai,116.0463589529523,OK,1991,2020,30,CHIRPS_v2,UCSB-CHG/CHIRPS/DAILY,1991-2020,IBGE_2024
4103800,Cambira,PR,166.274,5,mai,118.66383301106288,OK,1991,2020,30,CHIRPS_v2,UCSB-CHG/CHIRPS/DAILY,1991-2020,IBGE_2024
4103305,Borrazópolis,PR,338.354,5,mai,122.92764126633938,OK,1991,2020,30,CHIRPS_v2,UCSB-CHG/CHIRPS/DAILY,1991-2020,IBGE_2024
4103503,Califórnia,PR,141.817,5,mai,119.74113600020759,OK,1991,2020,30,CHIRPS_v2,UCSB-CHG/CHIRPS/DAILY,1991-2020,IBGE_2024
4103206,Bom Sucesso,PR,321.56,5,mai,116.17301325874028,OK,1991,2020,30,CHIRPS_v2,UCSB-CHG/CHIRPS/DAILY,1991-2020,IBGE_2024
4125803,São Pedro do Ivaí,PR,323.213,5,mai,120.40236794791936,OK,1991,2020,30,CHIRPS_v2,UCSB-CHG/CHIRPS/DAILY,1991-2020,IBGE_2024
4117297,Novo Itacolomi,PR,159.639,5,mai,122.85120712406489,OK,1991,2020,30,CHIRPS_v2,UCSB-CHG/CHIRPS/DAILY,1991-2020,IBGE_2024
4115754,Mauá da Serra,PR,107.535,5,mai,120.27965202396156,OK,1991,2020,30,CHIRPS_v2,UCSB-CHG/CHIRPS/DAILY,1991-2020,IBGE_2024
4106407,Cornélio Procópio,PR,636.59,5,mai,91.71199661327982,OK,1991,2020,30,CHIRPS_v2,UCSB-CHG/CHIRPS/DAILY,1991-2020,IBGE_2024
4123105,Santa Amélia,PR,77.849,5,mai,84.54446083549935,OK,1991,2020,30,CHIRPS_v2,UCSB-CHG/CHIRPS/DAILY,1991-2020,IBGE_2024
4123204,Santa Cecília do Pavão,PR,105.076,5,mai,105.6094888694282,OK,1991,2020,30,CHIRPS_v2,UCSB-CHG/CHIRPS/DAILY,1991-2020,IBGE_2024
4106001,Congonhinhas,PR,535.963,5,mai,102.72494969535816,OK,1991,2020,30,CHIRPS_v2,UCSB-CHG/CHIRPS/DAILY,1991-2020,IBGE_2024
4121307,Rancho Alegre,PR,167.646,5,mai,90.52293716030542,OK,1991,2020,30,CHIRPS_v2,UCSB-CHG/CHIRPS/DAILY,1991-2020,IBGE_2024
4113403,Leópolis,PR,344.918,5,mai,89.82607230117294,OK,1991,2020,30,CHIRPS_v2,UCSB-CHG/CHIRPS/DAILY,1991-2020,IBGE_2024
4128401,Uraí,PR,235.855,5,mai,90.23427232826957,OK,1991,2020,30,CHIRPS_v2,UCSB-CHG/CHIRPS/DAILY,1991-2020,IBGE_2024
4111001,Itambaracá,PR,207.342,5,mai,81.07578359643591,OK,1991,2020,30,CHIRPS_v2,UCSB-CHG/CHIRPS/DAILY,1991-2020,IBGE_2024
4102406,Bandeirantes,PR,445.192,5,mai,79.22079328596443,OK,1991,2020,30,CHIRPS_v2,UCSB-CHG/CHIRPS/DAILY,1991-2020,IBGE_2024
4126405,Sertaneja,PR,444.492,5,mai,85.25043244682506,OK,1991,2020,30,CHIRPS_v2,UCSB-CHG/CHIRPS/DAILY,1991-2020,IBGE_2024
4126009,São Sebastião da Amoreira,PR,226.872,5,mai,102.23581381156802,OK,1991,2020,30,CHIRPS_v2,UCSB-CHG/CHIRPS/DAILY,1991-2020,IBGE_2024
4126207,Sapopema,PR,677.588,5,mai,102.89942566820827,OK,1991,2020,30,CHIRPS_v2,UCSB-CHG/CHIRPS/DAILY,1991-2020,IBGE_2024
4117214,Nova Santa Bárbara,PR,80.783,5,mai,101.45328361744434,OK,1991,2020,30,CHIRPS_v2,UCSB-CHG/CHIRPS/DAILY,1991-2020,IBGE_2024
4116604,Nova América da Colina,PR,129.476,5,mai,98.17192598867429,OK,1991,2020,30,CHIRPS_v2,UCSB-CHG/CHIRPS/DAILY,1991-2020,IBGE_2024
4117008,Nova Fátima,PR,283.423,5,mai,112.22698931932888,OK,1991,2020,30,CHIRPS_v2,UCSB-CHG/CHIRPS/DAILY,1991-2020,IBGE_2024
4124301,Santo Antônio do Paraíso,PR,162.647,5,mai,104.03965449370855,OK,1991,2020,30,CHIRPS_v2,UCSB-CHG/CHIRPS/DAILY,1991-2020,IBGE_2024
4124707,São Jerônimo da Serra,PR,824.268,5,mai,101.3541162085156,OK,1991,2020,30,CHIRPS_v2,UCSB-CHG/CHIRPS/DAILY,1991-2020,IBGE_2024
4123907,Santa Mariana,PR,425.703,5,mai,82.27558193622804,OK,1991,2020,30,CHIRPS_v2,UCSB-CHG/CHIRPS/DAILY,1991-2020,IBGE_2024
4114500,Manoel Ribas,PR,571.451,5,mai,132.33601451468812,OK,1991,2020,30,CHIRPS_v2,UCSB-CHG/CHIRPS/DAILY,1991-2020,IBGE_2024
4122651,Rosário do Ivaí,PR,377.625,5,mai,117.66098359233325,OK,1991,2020,30,CHIRPS_v2,UCSB-CHG/CHIRPS/DAILY,1991-2020,IBGE_2024
4122172,Rio Branco do Ivaí,PR,378.04,5,mai,111.93982036347676,OK,1991,2020,30,CHIRPS_v2,UCSB-CHG/CHIRPS/DAILY,1991-2020,IBGE_2024
4113759,Lunardelli,PR,191.062,5,mai,121.34880839691914,OK,1991,2020,30,CHIRPS_v2,UCSB-CHG/CHIRPS/DAILY,1991-2020,IBGE_2024
4113429,Lidianópolis,PR,151.779,5,mai,120.39881613848195,OK,1991,2020,30,CHIRPS_v2,UCSB-CHG/CHIRPS/DAILY,1991-2020,IBGE_2024
4104402,Cândido de Abreu,PR,1506.15,5,mai,127.71955544191982,OK,1991,2020,30,CHIRPS_v2,UCSB-CHG/CHIRPS/DAILY,1991-2020,IBGE_2024
4112504,Jardim Alegre,PR,425.371,5,mai,126.2690741972033,OK,1991,2020,30,CHIRPS_v2,UCSB-CHG/CHIRPS/DAILY,1991-2020,IBGE_2024
4111506,Ivaiporã,PR,436.378,5,mai,130.8794305430098,OK,1991,2020,30,CHIRPS_v2,UCSB-CHG/CHIRPS/DAILY,1991-2020,IBGE_2024
4101853,Ariranha do Ivaí,PR,236.039,5,mai,129.25216945561735,OK,1991,2020,30,CHIRPS_v2,UCSB-CHG/CHIRPS/DAILY,1991-2020,IBGE_2024
4101655,Arapuã,PR,217.599,5,mai,128.39358659413216,OK,1991,2020,30,CHIRPS_v2,UCSB-CHG/CHIRPS/DAILY,1991-2020,IBGE_2024
4108551,Godoy Moreira,PR,126.956,5,mai,126.64975901458408,OK,1991,2020,30,CHIRPS_v2,UCSB-CHG/CHIRPS/DAILY,1991-2020,IBGE_2024
4125001,São João do Ivaí,PR,351.885,5,mai,120.99936565987412,OK,1991,2020,30,CHIRPS_v2,UCSB-CHG/CHIRPS/DAILY,1991-2020,IBGE_2024
4108700,Grandes Rios,PR,311.512,5,mai,123.03045725027657,OK,1991,2020,30,CHIRPS_v2,UCSB-CHG/CHIRPS/DAILY,1991-2020,IBGE_2024
4107603,Faxinal,PR,716.804,5,mai,122.52385666901714,OK,1991,2020,30,CHIRPS_v2,UCSB-CHG/CHIRPS/DAILY,1991-2020,IBGE_2024
4106852,Cruzmaltina,PR,306.237,5,mai,123.21403617669192,OK,1991,2020,30,CHIRPS_v2,UCSB-CHG/CHIRPS/DAILY,1991-2020,IBGE_2024
4106100,Conselheiro Mairinck,PR,204.443,5,mai,88.30332958064486,OK,1991,2020,30,CHIRPS_v2,UCSB-CHG/CHIRPS/DAILY,1991-2020,IBGE_2024
4112306,Japira,PR,189.291,5,mai,88.84802037081008,OK,1991,2020,30,CHIRPS_v2,UCSB-CHG/CHIRPS/DAILY,1991-2020,IBGE_2024
4111704,Jaboti,PR,139.217,5,mai,86.8222019203121,OK,1991,2020,30,CHIRPS_v2,UCSB-CHG/CHIRPS/DAILY,1991-2020,IBGE_2024
4119202,Pinhalão,PR,220.049,5,mai,87.69482181061315,OK,1991,2020,30,CHIRPS_v2,UCSB-CHG/CHIRPS/DAILY,1991-2020,IBGE_2024
4109708,Ibaiti,PR,902.797,5,mai,94.0227116406882,OK,1991,2020,30,CHIRPS_v2,UCSB-CHG/CHIRPS/DAILY,1991-2020,IBGE_2024
4107751,Figueira,PR,129.769,5,mai,100.83247412602923,OK,1991,2020,30,CHIRPS_v2,UCSB-CHG/CHIRPS/DAILY,1991-2020,IBGE_2024
4104659,Carambeí,PR,647.021,5,mai,102.46354381515391,OK,1991,2020,30,CHIRPS_v2,UCSB-CHG/CHIRPS/DAILY,1991-2020,IBGE_2024
4119905,Ponta Grossa,PR,2044.902,5,mai,99.05693767308968,OK,1991,2020,30,CHIRPS_v2,UCSB-CHG/CHIRPS/DAILY,1991-2020,IBGE_2024
4104907,Castro,PR,2526.498,5,mai,96.08439803315856,OK,1991,2020,30,CHIRPS_v2,UCSB-CHG/CHIRPS/DAILY,1991-2020,IBGE_2024
4112009,Jaguariaíva,PR,1443.264,5,mai,85.78846050695093,OK,1991,2020,30,CHIRPS_v2,UCSB-CHG/CHIRPS/DAILY,1991-2020,IBGE_2024
4120101,Porto Amazonas,PR,186.581,5,mai,95.14880652523367,OK,1991,2020,30,CHIRPS_v2,UCSB-CHG/CHIRPS/DAILY,1991-2020,IBGE_2024
4111407,Ivaí,PR,600.209,5,mai,121.12598279844306,OK,1991,2020,30,CHIRPS_v2,UCSB-CHG/CHIRPS/DAILY,1991-2020,IBGE_2024
4119400,Piraí do Sul,PR,1349.154,5,mai,91.18095203850027,OK,1991,2020,30,CHIRPS_v2,UCSB-CHG/CHIRPS/DAILY,1991-2020,IBGE_2024
4110508,Ipiranga,PR,902.385,5,mai,109.79133338469141,OK,1991,2020,30,CHIRPS_v2,UCSB-CHG/CHIRPS/DAILY,1991-2020,IBGE_2024
4126306,Sengés,PR,1438.17,5,mai,79.44089326597165,OK,1991,2020,30,CHIRPS_v2,UCSB-CHG/CHIRPS/DAILY,1991-2020,IBGE_2024
4117701,Palmeira,PR,1473.233,5,mai,99.74209765328399,OK,1991,2020,30,CHIRPS_v2,UCSB-CHG/CHIRPS/DAILY,1991-2020,IBGE_2024
4101606,Arapoti,PR,1363.843,5,mai,88.35636845177456,OK,1991,2020,30,CHIRPS_v2,UCSB-CHG/CHIRPS/DAILY,1991-2020,IBGE_2024
4125100,São João do Triunfo,PR,718.68,5,mai,106.60821537679819,OK,1991,2020,30,CHIRPS_v2,UCSB-CHG/CHIRPS/DAILY,1991-2020,IBGE_2024
4121703,Reserva,PR,1646.103,5,mai,121.56931545065741,OK,1991,2020,30,CHIRPS_v2,UCSB-CHG/CHIRPS/DAILY,1991-2020,IBGE_2024
4128534,Ventania,PR,819.334,5,mai,96.81583972235369,OK,1991,2020,30,CHIRPS_v2,UCSB-CHG/CHIRPS/DAILY,1991-2020,IBGE_2024
4127502,Tibagi,PR,2996.47,5,mai,106.658227781265,OK,1991,2020,30,CHIRPS_v2,UCSB-CHG/CHIRPS/DAILY,1991-2020,IBGE_2024
4127106,Telêmaco Borba,PR,1379.02,5,mai,102.22495257322352,OK,1991,2020,30,CHIRPS_v2,UCSB-CHG/CHIRPS/DAILY,1991-2020,IBGE_2024
4110078,Imbaú,PR,331.94,5,mai,121.40028489592899,OK,1991,2020,30,CHIRPS_v2,UCSB-CHG/CHIRPS/DAILY,1991-2020,IBGE_2024
4117305,Ortigueira,PR,2431.67,5,mai,115.72108238856228,OK,1991,2020,30,CHIRPS_v2,UCSB-CHG/CHIRPS/DAILY,1991-2020,IBGE_2024
4107009,Curiúva,PR,576.263,5,mai,100.96110082988189,OK,1991,2020,30,CHIRPS_v2,UCSB-CHG/CHIRPS/DAILY,1991-2020,IBGE_2024
4113908,Mallet,PR,758.509,5,mai,122.10928719203565,OK,1991,2020,30,CHIRPS_v2,UCSB-CHG/CHIRPS/DAILY,1991-2020,IBGE_2024
4122008,Rio Azul,PR,596.17,5,mai,116.36850251801104,OK,1991,2020,30,CHIRPS_v2,UCSB-CHG/CHIRPS/DAILY,1991-2020,IBGE_2024
4121505,Rebouças,PR,485.184,5,mai,110.24458012180231,OK,1991,2020,30,CHIRPS_v2,UCSB-CHG/CHIRPS/DAILY,1991-2020,IBGE_2024
4127007,Teixeira Soares,PR,902.334,5,mai,106.9714187966289,OK,1991,2020,30,CHIRPS_v2,UCSB-CHG/CHIRPS/DAILY,1991-2020,IBGE_2024
4110706,Irati,PR,1000.188,5,mai,113.95995173449096,OK,1991,2020,30,CHIRPS_v2,UCSB-CHG/CHIRPS/DAILY,1991-2020,IBGE_2024
4110102,Imbituva,PR,758.099,5,mai,111.18252911640114,OK,1991,2020,30,CHIRPS_v2,UCSB-CHG/CHIRPS/DAILY,1991-2020,IBGE_2024
4107736,Fernandes Pinheiro,PR,405.489,5,mai,105.60864442065761,OK,1991,2020,30,CHIRPS_v2,UCSB-CHG/CHIRPS/DAILY,1991-2020,IBGE_2024
4201109,Anitápolis,SC,540.636,5,mai,110.72261239087965,OK,1991,2020,30,CHIRPS_v2,UCSB-CHG/CHIRPS/DAILY,1991-2020,IBGE_2024
4200705,Alfredo Wagner,SC,733.489,5,mai,106.87203122527688,OK,1991,2020,30,CHIRPS_v2,UCSB-CHG/CHIRPS/DAILY,1991-2020,IBGE_2024
4200903,Angelina,SC,499.998,5,mai,104.51373346206617,OK,1991,2020,30,CHIRPS_v2,UCSB-CHG/CHIRPS/DAILY,1991-2020,IBGE_2024
4215901,São Bonifácio,SC,461.438,5,mai,111.33200114663968,OK,1991,2020,30,CHIRPS_v2,UCSB-CHG/CHIRPS/DAILY,1991-2020,IBGE_2024
4207304,Imbituba,SC,181.577,5,mai,115.05318866226293,OK,1991,2020,30,CHIRPS_v2,UCSB-CHG/CHIRPS/DAILY,1991-2020,IBGE_2024
4205704,Garopaba,SC,114.773,5,mai,112.44206030710652,OK,1991,2020,30,CHIRPS_v2,UCSB-CHG/CHIRPS/DAILY,1991-2020,IBGE_2024
4214300,Rancho Queimado,SC,286.461,5,mai,105.94682254475335,OK,1991,2020,30,CHIRPS_v2,UCSB-CHG/CHIRPS/DAILY,1991-2020,IBGE_2024
4205407,Florianópolis,SC,674.844,5,mai,107.04156144008061,OK,1991,2020,30,CHIRPS_v2,UCSB-CHG/CHIRPS/DAILY,1991-2020,IBGE_2024
4212304,Paulo Lopes,SC,446.165,5,mai,108.65804585701092,OK,1991,2020,30,CHIRPS_v2,UCSB-CHG/CHIRPS/DAILY,1991-2020,IBGE_2024
4211900,Palhoça,SC,394.85,5,mai,103.82237721586851,OK,1991,2020,30,CHIRPS_v2,UCSB-CHG/CHIRPS/DAILY,1991-2020,IBGE_2024
4202305,Biguaçu,SC,365.755,5,mai,105.09635183239173,OK,1991,2020,30,CHIRPS_v2,UCSB-CHG/CHIRPS/DAILY,1991-2020,IBGE_2024
4201208,Antônio Carlos,SC,234.422,5,mai,104.85707948890297,OK,1991,2020,30,CHIRPS_v2,UCSB-CHG/CHIRPS/DAILY,1991-2020,IBGE_2024
4200606,Águas Mornas,SC,326.66,5,mai,106.02072407237829,OK,1991,2020,30,CHIRPS_v2,UCSB-CHG/CHIRPS/DAILY,1991-2020,IBGE_2024
4217253,São Pedro de Alcântara,SC,139.196,5,mai,105.04212340975953,OK,1991,2020,30,CHIRPS_v2,UCSB-CHG/CHIRPS/DAILY,1991-2020,IBGE_2024
4216602,São José,SC,150.499,5,mai,105.7056308853793,OK,1991,2020,30,CHIRPS_v2,UCSB-CHG/CHIRPS/DAILY,1991-2020,IBGE_2024
4215703,Santo Amaro da Imperatriz,SC,344.236,5,mai,102.1463096805811,OK,1991,2020,30,CHIRPS_v2,UCSB-CHG/CHIRPS/DAILY,1991-2020,IBGE_2024
4206009,Governador Celso Ramos,SC,127.556,5,mai,106.45528879897125,OK,1991,2020,30,CHIRPS_v2,UCSB-CHG/CHIRPS/DAILY,1991-2020,IBGE_2024
4211702,Orleans,SC,549.859,5,mai,111.92873614387356,OK,1991,2020,30,CHIRPS_v2,UCSB-CHG/CHIRPS/DAILY,1991-2020,IBGE_2024
4209607,Lauro Müller,SC,271.852,5,mai,114.11875503674736,OK,1991,2020,30,CHIRPS_v2,UCSB-CHG/CHIRPS/DAILY,1991-2020,IBGE_2024
4205456,Forquilhinha,SC,183.351,5,mai,105.97998013386383,OK,1991,2020,30,CHIRPS_v2,UCSB-CHG/CHIRPS/DAILY,1991-2020,IBGE_2024
4204251,Cocal do Sul,SC,70.965,5,mai,108.52210912061678,OK,1991,2020,30,CHIRPS_v2,UCSB-CHG/CHIRPS/DAILY,1991-2020,IBGE_2024
4204608,Criciúma,SC,234.794,5,mai,109.72755719774928,OK,1991,2020,30,CHIRPS_v2,UCSB-CHG/CHIRPS/DAILY,1991-2020,IBGE_2024
4220000,Balneário Rincão,SC,63.512,5,mai,110.20779186047729,OK,1991,2020,30,CHIRPS_v2,UCSB-CHG/CHIRPS/DAILY,1991-2020,IBGE_2024
4211603,Nova Veneza,SC,295.063,5,mai,119.11185734215881,OK,1991,2020,30,CHIRPS_v2,UCSB-CHG/CHIRPS/DAILY,1991-2020,IBGE_2024
4219002,Urussanga,SC,254.954,5,mai,107.1730706336311,OK,1991,2020,30,CHIRPS_v2,UCSB-CHG/CHIRPS/DAILY,1991-2020,IBGE_2024
4211256,Morro Grande,SC,260.143,5,mai,128.76733546321879,OK,1991,2020,30,CHIRPS_v2,UCSB-CHG/CHIRPS/DAILY,1991-2020,IBGE_2024
4211207,Morro da Fumaça,SC,82.878,5,mai,109.12704812269588,OK,1991,2020,30,CHIRPS_v2,UCSB-CHG/CHIRPS/DAILY,1991-2020,IBGE_2024
4218350,Treviso,SC,156.61,5,mai,117.49004751272864,OK,1991,2020,30,CHIRPS_v2,UCSB-CHG/CHIRPS/DAILY,1991-2020,IBGE_2024
4217600,Siderópolis,SC,262.002,5,mai,119.30663343591127,OK,1991,2020,30,CHIRPS_v2,UCSB-CHG/CHIRPS/DAILY,1991-2020,IBGE_2024
4207007,Içara,SC,230.487,5,mai,111.16721389827998,OK,1991,2020,30,CHIRPS_v2,UCSB-CHG/CHIRPS/DAILY,1991-2020,IBGE_2024
4212650,Pescaria Brava,SC,106.853,5,mai,117.57078923050706,OK,1991,2020,30,CHIRPS_v2,UCSB-CHG/CHIRPS/DAILY,1991-2020,IBGE_2024
4203956,Capivari de Baixo,SC,53.222,5,mai,116.37821789026744,OK,1991,2020,30,CHIRPS_v2,UCSB-CHG/CHIRPS/DAILY,1991-2020,IBGE_2024
4218707,Tubarão,SC,301.485,5,mai,113.97056484015977,OK,1991,2020,30,CHIRPS_v2,UCSB-CHG/CHIRPS/DAILY,1991-2020,IBGE_2024
4209409,Laguna,SC,333.259,5,mai,119.38466143424164,OK,1991,2020,30,CHIRPS_v2,UCSB-CHG/CHIRPS/DAILY,1991-2020,IBGE_2024
4206207,Gravatal,SC,165.718,5,mai,114.61095124944565,OK,1991,2020,30,CHIRPS_v2,UCSB-CHG/CHIRPS/DAILY,1991-2020,IBGE_2024
4212403,Pedras Grandes,SC,159.892,5,mai,105.68515270588256,OK,1991,2020,30,CHIRPS_v2,UCSB-CHG/CHIRPS/DAILY,1991-2020,IBGE_2024
4202800,Braço do Norte,SC,212.045,5,mai,113.39957731706843,OK,1991,2020,30,CHIRPS_v2,UCSB-CHG/CHIRPS/DAILY,1991-2020,IBGE_2024
4218400,Treze de Maio,SC,159.833,5,mai,109.27715840306136,OK,1991,2020,30,CHIRPS_v2,UCSB-CHG/CHIRPS/DAILY,1991-2020,IBGE_2024
4201505,Armazém,SC,173.958,5,mai,115.43976384530869,OK,1991,2020,30,CHIRPS_v2,UCSB-CHG/CHIRPS/DAILY,1991-2020,IBGE_2024
4217105,São Martinho,SC,224.566,5,mai,114.87765506452732,OK,1991,2020,30,CHIRPS_v2,UCSB-CHG/CHIRPS/DAILY,1991-2020,IBGE_2024
4217006,São Ludgero,SC,106.765,5,mai,111.06951877358874,OK,1991,2020,30,CHIRPS_v2,UCSB-CHG/CHIRPS/DAILY,1991-2020,IBGE_2024
4208807,Jaguaruna,SC,326.362,5,mai,115.36840128112368,OK,1991,2020,30,CHIRPS_v2,UCSB-CHG/CHIRPS/DAILY,1991-2020,IBGE_2024
4215604,Santa Rosa de Lima,SC,203.218,5,mai,112.62663134834412,OK,1991,2020,30,CHIRPS_v2,UCSB-CHG/CHIRPS/DAILY,1991-2020,IBGE_2024
4207205,Imaruí,SC,542.238,5,mai,116.52407481933386,OK,1991,2020,30,CHIRPS_v2,UCSB-CHG/CHIRPS/DAILY,1991-2020,IBGE_2024
4215455,Sangão,SC,82.984,5,mai,112.21558458199982,OK,1991,2020,30,CHIRPS_v2,UCSB-CHG/CHIRPS/DAILY,1991-2020,IBGE_2024
4214904,Rio Fortuna,SC,302.39,5,mai,113.0201793136685,OK,1991,2020,30,CHIRPS_v2,UCSB-CHG/CHIRPS/DAILY,1991-2020,IBGE_2024
4206108,Grão-Pará,SC,334.362,5,mai,112.8957399323538,OK,1991,2020,30,CHIRPS_v2,UCSB-CHG/CHIRPS/DAILY,1991-2020,IBGE_2024
4212254,Passo de Torres,SC,92.638,5,mai,106.97486084928174,OK,1991,2020,30,CHIRPS_v2,UCSB-CHG/CHIRPS/DAILY,1991-2020,IBGE_2024
4210803,Meleiro,SC,186.439,5,mai,112.65493434865277,OK,1991,2020,30,CHIRPS_v2,UCSB-CHG/CHIRPS/DAILY,1991-2020,IBGE_2024
4210407,Maracajá,SC,62.901,5,mai,97.834359400483,OK,1991,2020,30,CHIRPS_v2,UCSB-CHG/CHIRPS/DAILY,1991-2020,IBGE_2024
4202073,Balneário Gaivota,SC,146.486,5,mai,113.5410498959892,OK,1991,2020,30,CHIRPS_v2,UCSB-CHG/CHIRPS/DAILY,1991-2020,IBGE_2024
4218806,Turvo,SC,235.104,5,mai,122.11601688626241,OK,1991,2020,30,CHIRPS_v2,UCSB-CHG/CHIRPS/DAILY,1991-2020,IBGE_2024
4218103,Timbé do Sul,SC,328.507,5,mai,134.6126813027263,OK,1991,2020,30,CHIRPS_v2,UCSB-CHG/CHIRPS/DAILY,1991-2020,IBGE_2024
4201950,Balneário Arroio do Silva,SC,94.662,5,mai,107.2675413351378,OK,1991,2020,30,CHIRPS_v2,UCSB-CHG/CHIRPS/DAILY,1991-2020,IBGE_2024
4217709,Sombrio,SC,143.428,5,mai,118.06343793310596,OK,1991,2020,30,CHIRPS_v2,UCSB-CHG/CHIRPS/DAILY,1991-2020,IBGE_2024
4201406,Araranguá,SC,302.003,5,mai,104.3818225673558,OK,1991,2020,30,CHIRPS_v2,UCSB-CHG/CHIRPS/DAILY,1991-2020,IBGE_2024
4216404,São João do Sul,SC,184.375,5,mai,115.39231282319257,OK,1991,2020,30,CHIRPS_v2,UCSB-CHG/CHIRPS/DAILY,1991-2020,IBGE_2024
4208708,Jacinto Machado,SC,430.704,5,mai,128.89506324621706,OK,1991,2020,30,CHIRPS_v2,UCSB-CHG/CHIRPS/DAILY,1991-2020,IBGE_2024
4215653,Santa Rosa do Sul,SC,150.299,5,mai,118.20680970803566,OK,1991,2020,30,CHIRPS_v2,UCSB-CHG/CHIRPS/DAILY,1991-2020,IBGE_2024
4205191,Ermo,SC,65.144,5,mai,118.67663051991121,OK,1991,2020,30,CHIRPS_v2,UCSB-CHG/CHIRPS/DAILY,1991-2020,IBGE_2024
4213807,Praia Grande,SC,284.36,5,mai,127.8608651964867,OK,1991,2020,30,CHIRPS_v2,UCSB-CHG/CHIRPS/DAILY,1991-2020,IBGE_2024
4209300,Lages,SC,2637.66,5,mai,121.32103129716052,OK,1991,2020,30,CHIRPS_v2,UCSB-CHG/CHIRPS/DAILY,1991-2020,IBGE_2024
4213302,Ponte Alta,SC,575.17,5,mai,124.95102434206811,OK,1991,2020,30,CHIRPS_v2,UCSB-CHG/CHIRPS/DAILY,1991-2020,IBGE_2024
4204178,Cerro Negro,SC,418.544,5,mai,133.00762998634283,OK,1991,2020,30,CHIRPS_v2,UCSB-CHG/CHIRPS/DAILY,1991-2020,IBGE_2024
4204558,Correia Pinto,SC,647.388,5,mai,121.24461974811967,OK,1991,2020,30,CHIRPS_v2,UCSB-CHG/CHIRPS/DAILY,1991-2020,IBGE_2024
4211892,Painel,SC,738.331,5,mai,116.3198203452161,OK,1991,2020,30,CHIRPS_v2,UCSB-CHG/CHIRPS/DAILY,1991-2020,IBGE_2024
4212056,Palmeira,SC,289.097,5,mai,120.21033759177602,OK,1991,2020,30,CHIRPS_v2,UCSB-CHG/CHIRPS/DAILY,1991-2020,IBGE_2024
4203253,Capão Alto,SC,1331.962,5,mai,130.09654975918377,OK,1991,2020,30,CHIRPS_v2,UCSB-CHG/CHIRPS/DAILY,1991-2020,IBGE_2024
4211751,Otacílio Costa,SC,847.253,5,mai,116.08037332564498,OK,1991,2020,30,CHIRPS_v2,UCSB-CHG/CHIRPS/DAILY,1991-2020,IBGE_2024
4203402,Campo Belo do Sul,SC,1025.638,5,mai,130.20465072438842,OK,1991,2020,30,CHIRPS_v2,UCSB-CHG/CHIRPS/DAILY,1991-2020,IBGE_2024
4218954,Urupema,SC,350.472,5,mai,114.38857952367438,OK,1991,2020,30,CHIRPS_v2,UCSB-CHG/CHIRPS/DAILY,1991-2020,IBGE_2024
4202602,Bom Retiro,SC,1057.034,5,mai,109.49933660204263,OK,1991,2020,30,CHIRPS_v2,UCSB-CHG/CHIRPS/DAILY,1991-2020,IBGE_2024
4218905,Urubici,SC,1021.371,5,mai,112.68767590107402,OK,1991,2020,30,CHIRPS_v2,UCSB-CHG/CHIRPS/DAILY,1991-2020,IBGE_2024
4202503,Bom Jardim da Serra,SC,938.524,5,mai,122.16002462801866,OK,1991,2020,30,CHIRPS_v2,UCSB-CHG/CHIRPS/DAILY,1991-2020,IBGE_2024
4202438,Bocaina do Sul,SC,510.673,5,mai,114.38394610599673,OK,1991,2020,30,CHIRPS_v2,UCSB-CHG/CHIRPS/DAILY,1991-2020,IBGE_2024
4201000,Anita Garibaldi,SC,589.812,5,mai,133.82025342751126,OK,1991,2020,30,CHIRPS_v2,UCSB-CHG/CHIRPS/DAILY,1991-2020,IBGE_2024
4216503,São Joaquim,SC,1888.627,5,mai,121.64189122912713,OK,1991,2020,30,CHIRPS_v2,UCSB-CHG/CHIRPS/DAILY,1991-2020,IBGE_2024
4216800,São José do Cerrito,SC,948.714,5,mai,125.94206887806128,OK,1991,2020,30,CHIRPS_v2,UCSB-CHG/CHIRPS/DAILY,1991-2020,IBGE_2024
4215059,Rio Rufino,SC,282.571,5,mai,111.39859365813783,OK,1991,2020,30,CHIRPS_v2,UCSB-CHG/CHIRPS/DAILY,1991-2020,IBGE_2024
4204806,Curitibanos,SC,949.994,5,mai,131.9218198712794,OK,1991,2020,30,CHIRPS_v2,UCSB-CHG/CHIRPS/DAILY,1991-2020,IBGE_2024
4202875,Brunópolis,SC,336.439,5,mai,129.76286360973313,OK,1991,2020,30,CHIRPS_v2,UCSB-CHG/CHIRPS/DAILY,1991-2020,IBGE_2024
4216057,São Cristóvão do Sul,SC,345.902,5,mai,127.68133669559393,OK,1991,2020,30,CHIRPS_v2,UCSB-CHG/CHIRPS/DAILY,1991-2020,IBGE_2024
4215505,Santa Cecília,SC,1145.716,5,mai,119.41284346481251,OK,1991,2020,30,CHIRPS_v2,UCSB-CHG/CHIRPS/DAILY,1991-2020,IBGE_2024
4213351,Ponte Alta do Norte,SC,396.882,5,mai,128.5300872785772,OK,1991,2020,30,CHIRPS_v2,UCSB-CHG/CHIRPS/DAILY,1991-2020,IBGE_2024
4205555,Frei Rogério,SC,158.775,5,mai,128.45182755220853,OK,1991,2020,30,CHIRPS_v2,UCSB-CHG/CHIRPS/DAILY,1991-2020,IBGE_2024
4204350,Cordilheira Alta,SC,85.276,5,mai,162.77671070066103,OK,1991,2020,30,CHIRPS_v2,UCSB-CHG/CHIRPS/DAILY,1991-2020,IBGE_2024
4204202,Chapecó,SC,624.673,5,mai,176.15180458795632,OK,1991,2020,30,CHIRPS_v2,UCSB-CHG/CHIRPS/DAILY,1991-2020,IBGE_2024
4206652,Guatambú,SC,206.196,5,mai,159.35080569558568,OK,1991,2020,30,CHIRPS_v2,UCSB-CHG/CHIRPS/DAILY,1991-2020,IBGE_2024
4205431,Formosa do Sul,SC,100.408,5,mai,145.1675353115945,OK,1991,2020,30,CHIRPS_v2,UCSB-CHG/CHIRPS/DAILY,1991-2020,IBGE_2024
4204756,Cunhataí,SC,54.811,5,mai,146.47935023269383,OK,1991,2020,30,CHIRPS_v2,UCSB-CHG/CHIRPS/DAILY,1991-2020,IBGE_2024
4212908,Pinhalzinho,SC,128.726,5,mai,142.34047774285682,OK,1991,2020,30,CHIRPS_v2,UCSB-CHG/CHIRPS/DAILY,1991-2020,IBGE_2024
4213153,Planalto Alegre,SC,63.1,5,mai,151.54300281491808,OK,1991,2020,30,CHIRPS_v2,UCSB-CHG/CHIRPS/DAILY,1991-2020,IBGE_2024
4204103,Caxambu do Sul,SC,140.873,5,mai,154.21656389484556,OK,1991,2020,30,CHIRPS_v2,UCSB-CHG/CHIRPS/DAILY,1991-2020,IBGE_2024
4204400,Coronel Freitas,SC,232.47,5,mai,153.76017232821636,OK,1991,2020,30,CHIRPS_v2,UCSB-CHG/CHIRPS/DAILY,1991-2020,IBGE_2024
4211876,Paial,SC,86.049,5,mai,180.70469586705607,OK,1991,2020,30,CHIRPS_v2,UCSB-CHG/CHIRPS/DAILY,1991-2020,IBGE_2024
4212106,Palmitos,SC,351.051,5,mai,154.21498181942138,OK,1991,2020,30,CHIRPS_v2,UCSB-CHG/CHIRPS/DAILY,1991-2020,IBGE_2024
4211454,Nova Itaberaba,SC,137.069,5,mai,150.50663928571475,OK,1991,2020,30,CHIRPS_v2,UCSB-CHG/CHIRPS/DAILY,1991-2020,IBGE_2024
4211405,Nova Erechim,SC,65.087,5,mai,148.33572983805794,OK,1991,2020,30,CHIRPS_v2,UCSB-CHG/CHIRPS/DAILY,1991-2020,IBGE_2024
4219705,Xaxim,SC,293.628,5,mai,169.9704067220666,OK,1991,2020,30,CHIRPS_v2,UCSB-CHG/CHIRPS/DAILY,1991-2020,IBGE_2024
4203105,Caibi,SC,173.079,5,mai,152.33027241408655,OK,1991,2020,30,CHIRPS_v2,UCSB-CHG/CHIRPS/DAILY,1991-2020,IBGE_2024
4210902,Modelo,SC,92.346,5,mai,139.19271384149016,OK,1991,2020,30,CHIRPS_v2,UCSB-CHG/CHIRPS/DAILY,1991-2020,IBGE_2024
4211009,Mondaí,SC,200.275,5,mai,149.65421449880736,OK,1991,2020,30,CHIRPS_v2,UCSB-CHG/CHIRPS/DAILY,1991-2020,IBGE_2024
4218855,União do Oeste,SC,92.857,5,mai,145.59444312830698,OK,1991,2020,30,CHIRPS_v2,UCSB-CHG/CHIRPS/DAILY,1991-2020,IBGE_2024
4210555,Marema,SC,104.184,5,mai,156.40575363432362,OK,1991,2020,30,CHIRPS_v2,UCSB-CHG/CHIRPS/DAILY,1991-2020,IBGE_2024
4201653,Arvoredo,SC,90.503,5,mai,175.7629016094041,OK,1991,2020,30,CHIRPS_v2,UCSB-CHG/CHIRPS/DAILY,1991-2020,IBGE_2024
4217550,Serra Alta,SC,90.564,5,mai,141.85974132517038,OK,1991,2020,30,CHIRPS_v2,UCSB-CHG/CHIRPS/DAILY,1991-2020,IBGE_2024
4209458,Lajeado Grande,SC,65.348,5,mai,165.65461288056255,OK,1991,2020,30,CHIRPS_v2,UCSB-CHG/CHIRPS/DAILY,1991-2020,IBGE_2024
4217758,Sul Brasil,SC,113.125,5,mai,143.60541000352464,OK,1991,2020,30,CHIRPS_v2,UCSB-CHG/CHIRPS/DAILY,1991-2020,IBGE_2024
4208955,Jardinópolis,SC,68.499,5,mai,145.52980850713496,OK,1991,2020,30,CHIRPS_v2,UCSB-CHG/CHIRPS/DAILY,1991-2020,IBGE_2024
4200556,Águas Frias,SC,76.631,5,mai,148.31649775069164,OK,1991,2020,30,CHIRPS_v2,UCSB-CHG/CHIRPS/DAILY,1991-2020,IBGE_2024
4217303,Saudades,SC,205.78,5,mai,142.7031312563341,OK,1991,2020,30,CHIRPS_v2,UCSB-CHG/CHIRPS/DAILY,1991-2020,IBGE_2024
4200507,Águas de Chapecó,SC,139.511,5,mai,150.31254828425656,OK,1991,2020,30,CHIRPS_v2,UCSB-CHG/CHIRPS/DAILY,1991-2020,IBGE_2024
4207858,Irati,SC,77.912,5,mai,145.55519328691426,OK,1991,2020,30,CHIRPS_v2,UCSB-CHG/CHIRPS/DAILY,1991-2020,IBGE_2024
4216008,São Carlos,SC,162.12,5,mai,148.35144812100341,OK,1991,2020,30,CHIRPS_v2,UCSB-CHG/CHIRPS/DAILY,1991-2020,IBGE_2024
4215695,Santiago do Sul,SC,73.335,5,mai,147.54174903618073,OK,1991,2020,30,CHIRPS_v2,UCSB-CHG/CHIRPS/DAILY,1991-2020,IBGE_2024
4215075,Riqueza,SC,191.061,5,mai,150.75173220877943,OK,1991,2020,30,CHIRPS_v2,UCSB-CHG/CHIRPS/DAILY,1991-2020,IBGE_2024
4214201,Quilombo,SC,278.983,5,mai,148.2569138278494,OK,1991,2020,30,CHIRPS_v2,UCSB-CHG/CHIRPS/DAILY,1991-2020,IBGE_2024
4204152,Celso Ramos,SC,208.391,5,mai,137.58996788903752,OK,1991,2020,30,CHIRPS_v2,UCSB-CHG/CHIRPS/DAILY,1991-2020,IBGE_2024
4211801,Ouro,SC,213.543,5,mai,115.4815445183031,OK,1991,2020,30,CHIRPS_v2,UCSB-CHG/CHIRPS/DAILY,1991-2020,IBGE_2024
4203600,Campos Novos,SC,1717.579,5,mai,133.20886386480896,OK,1991,2020,30,CHIRPS_v2,UCSB-CHG/CHIRPS/DAILY,1991-2020,IBGE_2024
4204004,Catanduvas,SC,199.166,5,mai,141.07824733282158,OK,1991,2020,30,CHIRPS_v2,UCSB-CHG/CHIRPS/DAILY,1991-2020,IBGE_2024
4203907,Capinzal,SC,244.326,5,mai,111.56031272928836,OK,1991,2020,30,CHIRPS_v2,UCSB-CHG/CHIRPS/DAILY,1991-2020,IBGE_2024
4219853,Zortéa,SC,190.028,5,mai,122.11569055686027,OK,1991,2020,30,CHIRPS_v2,UCSB-CHG/CHIRPS/DAILY,1991-2020,IBGE_2024
4219176,Vargem Bonita,SC,299.807,5,mai,141.44141502774855,OK,1991,2020,30,CHIRPS_v2,UCSB-CHG/CHIRPS/DAILY,1991-2020,IBGE_2024
4219150,Vargem,SC,350.606,5,mai,131.70033105001733,OK,1991,2020,30,CHIRPS_v2,UCSB-CHG/CHIRPS/DAILY,1991-2020,IBGE_2024
4218509,Treze Tílias,SC,176.922,5,mai,138.99587532301285,OK,1991,2020,30,CHIRPS_v2,UCSB-CHG/CHIRPS/DAILY,1991-2020,IBGE_2024
4210035,Luzerna,SC,117.099,5,mai,138.842244024056,OK,1991,2020,30,CHIRPS_v2,UCSB-CHG/CHIRPS/DAILY,1991-2020,IBGE_2024
4209201,Lacerdópolis,SC,69.036,5,mai,110.21923856171554,OK,1991,2020,30,CHIRPS_v2,UCSB-CHG/CHIRPS/DAILY,1991-2020,IBGE_2024
4209003,Joaçaba,SC,241.637,5,mai,129.384355333312,OK,1991,2020,30,CHIRPS_v2,UCSB-CHG/CHIRPS/DAILY,1991-2020,IBGE_2024
4200051,Abdon Batista,SC,237.517,5,mai,133.06868960059666,OK,1991,2020,30,CHIRPS_v2,UCSB-CHG/CHIRPS/DAILY,1991-2020,IBGE_2024
4208609,Jaborá,SC,182.483,5,mai,140.96005230274932,OK,1991,2020,30,CHIRPS_v2,UCSB-CHG/CHIRPS/DAILY,1991-2020,IBGE_2024
4200408,Água Doce,SC,1327.921,5,mai,137.95707314996037,OK,1991,2020,30,CHIRPS_v2,UCSB-CHG/CHIRPS/DAILY,1991-2020,IBGE_2024
4206801,Ibicaré,SC,156.226,5,mai,142.42157797240728,OK,1991,2020,30,CHIRPS_v2,UCSB-CHG/CHIRPS/DAILY,1991-2020,IBGE_2024
4206702,Herval d'Oeste,SC,216.581,5,mai,136.279841939895,OK,1991,2020,30,CHIRPS_v2,UCSB-CHG/CHIRPS/DAILY,1991-2020,IBGE_2024
4205209,Erval Velho,SC,208.841,5,mai,126.30678012551631,OK,1991,2020,30,CHIRPS_v2,UCSB-CHG/CHIRPS/DAILY,1991-2020,IBGE_2024
4205001,Dionísio Cerqueira,SC,378.843,5,mai,163.09099489993602,OK,1991,2020,30,CHIRPS_v2,UCSB-CHG/CHIRPS/DAILY,1991-2020,IBGE_2024
4204905,Descanso,SC,287.057,5,mai,149.04905325827022,OK,1991,2020,30,CHIRPS_v2,UCSB-CHG/CHIRPS/DAILY,1991-2020,IBGE_2024
4212007,Palma Sola,SC,330.878,5,mai,159.91868000745896,OK,1991,2020,30,CHIRPS_v2,UCSB-CHG/CHIRPS/DAILY,1991-2020,IBGE_2024
4212239,Paraíso,SC,180.338,5,mai,160.81625148430265,OK,1991,2020,30,CHIRPS_v2,UCSB-CHG/CHIRPS/DAILY,1991-2020,IBGE_2024
4202099,Barra Bonita,SC,92.934,5,mai,154.1951331781177,OK,1991,2020,30,CHIRPS_v2,UCSB-CHG/CHIRPS/DAILY,1991-2020,IBGE_2024
4202081,Bandeirante,SC,148.074,5,mai,159.10411999061446,OK,1991,2020,30,CHIRPS_v2,UCSB-CHG/CHIRPS/DAILY,1991-2020,IBGE_2024
4202156,Belmonte,SC,93.852,5,mai,155.01637466346048,OK,1991,2020,30,CHIRPS_v2,UCSB-CHG/CHIRPS/DAILY,1991-2020,IBGE_2024
4218756,Tunápolis,SC,132.939,5,mai,151.27308048735014,OK,1991,2020,30,CHIRPS_v2,UCSB-CHG/CHIRPS/DAILY,1991-2020,IBGE_2024
4217204,São Miguel do Oeste,SC,233.83,5,mai,152.94241365072622,OK,1991,2020,30,CHIRPS_v2,UCSB-CHG/CHIRPS/DAILY,1991-2020,IBGE_2024
4200804,Anchieta,SC,232.348,5,mai,155.74858138576099,OK,1991,2020,30,CHIRPS_v2,UCSB-CHG/CHIRPS/DAILY,1991-2020,IBGE_2024
4208401,Itapiranga,SC,281.782,5,mai,153.64178937602694,OK,1991,2020,30,CHIRPS_v2,UCSB-CHG/CHIRPS/DAILY,1991-2020,IBGE_2024
4216701,São José do Cedro,SC,280.76,5,mai,158.99082169424005,OK,1991,2020,30,CHIRPS_v2,UCSB-CHG/CHIRPS/DAILY,1991-2020,IBGE_2024
4216255,São João do Oeste,SC,163.589,5,mai,148.8753049797467,OK,1991,2020,30,CHIRPS_v2,UCSB-CHG/CHIRPS/DAILY,1991-2020,IBGE_2024
4215554,Santa Helena,SC,81.004,5,mai,152.36086719077363,OK,1991,2020,30,CHIRPS_v2,UCSB-CHG/CHIRPS/DAILY,1991-2020,IBGE_2024
4207650,Iporã do Oeste,SC,201.118,5,mai,146.5064020408547,OK,1991,2020,30,CHIRPS_v2,UCSB-CHG/CHIRPS/DAILY,1991-2020,IBGE_2024
4215208,Romelândia,SC,223.333,5,mai,154.27401164249756,OK,1991,2020,30,CHIRPS_v2,UCSB-CHG/CHIRPS/DAILY,1991-2020,IBGE_2024
4206405,Guaraciaba,SC,331.766,5,mai,156.90721307469403,OK,1991,2020,30,CHIRPS_v2,UCSB-CHG/CHIRPS/DAILY,1991-2020,IBGE_2024
4206603,Guarujá do Sul,SC,100.63,5,mai,162.51182280333188,OK,1991,2020,30,CHIRPS_v2,UCSB-CHG/CHIRPS/DAILY,1991-2020,IBGE_2024
4214151,Princesa,SC,85.598,5,mai,159.45451183932096,OK,1991,2020,30,CHIRPS_v2,UCSB-CHG/CHIRPS/DAILY,1991-2020,IBGE_2024
4205357,Flor do Sertão,SC,58.457,5,mai,154.12044142582673,OK,1991,2020,30,CHIRPS_v2,UCSB-CHG/CHIRPS/DAILY,1991-2020,IBGE_2024
4213104,Piratuba,SC,146.088,5,mai,132.84970110165125,OK,1991,2020,30,CHIRPS_v2,UCSB-CHG/CHIRPS/DAILY,1991-2020,IBGE_2024
4204301,Concórdia,SC,799.195,5,mai,148.7533563823432,OK,1991,2020,30,CHIRPS_v2,UCSB-CHG/CHIRPS/DAILY,1991-2020,IBGE_2024
4212601,Peritiba,SC,95.632,5,mai,139.8998179629608,OK,1991,2020,30,CHIRPS_v2,UCSB-CHG/CHIRPS/DAILY,1991-2020,IBGE_2024
4209854,Lindóia do Sul,SC,190.171,5,mai,153.0591604464502,OK,1991,2020,30,CHIRPS_v2,UCSB-CHG/CHIRPS/DAILY,1991-2020,IBGE_2024
4201273,Arabutã,SC,132.585,5,mai,158.23820336433673,OK,1991,2020,30,CHIRPS_v2,UCSB-CHG/CHIRPS/DAILY,1991-2020,IBGE_2024
4217501,Seara,SC,309.627,5,mai,167.67875548557126,OK,1991,2020,30,CHIRPS_v2,UCSB-CHG/CHIRPS/DAILY,1991-2020,IBGE_2024
4200754,Alto Bela Vista,SC,103.433,5,mai,144.26134340197706,OK,1991,2020,30,CHIRPS_v2,UCSB-CHG/CHIRPS/DAILY,1991-2020,IBGE_2024
4207700,Ipumirim,SC,246.115,5,mai,159.1138538785356,OK,1991,2020,30,CHIRPS_v2,UCSB-CHG/CHIRPS/DAILY,1991-2020,IBGE_2024
4207809,Irani,SC,325.862,5,mai,147.6261253688862,OK,1991,2020,30,CHIRPS_v2,UCSB-CHG/CHIRPS/DAILY,1991-2020,IBGE_2024
4208005,Itá,SC,166.265,5,mai,165.1892175808947,OK,1991,2020,30,CHIRPS_v2,UCSB-CHG/CHIRPS/DAILY,1991-2020,IBGE_2024
4207601,Ipira,SC,156.187,5,mai,132.22871471476805,OK,1991,2020,30,CHIRPS_v2,UCSB-CHG/CHIRPS/DAILY,1991-2020,IBGE_2024
4213906,Presidente Castello Branco,SC,65.433,5,mai,134.5121205487171,OK,1991,2020,30,CHIRPS_v2,UCSB-CHG/CHIRPS/DAILY,1991-2020,IBGE_2024
4204459,Coronel Martins,SC,107.502,5,mai,151.67154088409018,OK,1991,2020,30,CHIRPS_v2,UCSB-CHG/CHIRPS/DAILY,1991-2020,IBGE_2024
4211850,Ouro Verde,SC,188.568,5,mai,161.1208024932612,OK,1991,2020,30,CHIRPS_v2,UCSB-CHG/CHIRPS/DAILY,1991-2020,IBGE_2024
4212270,Passos Maia,SC,617.092,5,mai,145.76815794735683,OK,1991,2020,30,CHIRPS_v2,UCSB-CHG/CHIRPS/DAILY,1991-2020,IBGE_2024
4219606,Xavantina,SC,218.032,5,mai,176.0670981400565,OK,1991,2020,30,CHIRPS_v2,UCSB-CHG/CHIRPS/DAILY,1991-2020,IBGE_2024
4219507,Xanxerê,SC,377.426,5,mai,189.20040229379964,OK,1991,2020,30,CHIRPS_v2,UCSB-CHG/CHIRPS/DAILY,1991-2020,IBGE_2024
4219101,Vargeão,SC,166.685,5,mai,152.42016836961537,OK,1991,2020,30,CHIRPS_v2,UCSB-CHG/CHIRPS/DAILY,1991-2020,IBGE_2024
4202537,Bom Jesus,SC,63.883,5,mai,174.09785348943058,OK,1991,2020,30,CHIRPS_v2,UCSB-CHG/CHIRPS/DAILY,1991-2020,IBGE_2024
4200101,Abelardo Luz,SC,953.991,5,mai,149.93946833556586,OK,1991,2020,30,CHIRPS_v2,UCSB-CHG/CHIRPS/DAILY,1991-2020,IBGE_2024
4216107,São Domingos,SC,367.525,5,mai,154.45271137152884,OK,1991,2020,30,CHIRPS_v2,UCSB-CHG/CHIRPS/DAILY,1991-2020,IBGE_2024
4207684,Ipuaçu,SC,261.13,5,mai,158.6726298748486,OK,1991,2020,30,CHIRPS_v2,UCSB-CHG/CHIRPS/DAILY,1991-2020,IBGE_2024
4205308,Faxinal dos Guedes,SC,340.07,5,mai,171.30666098889463,OK,1991,2020,30,CHIRPS_v2,UCSB-CHG/CHIRPS/DAILY,1991-2020,IBGE_2024
4205175,Entre Rios,SC,103.838,5,mai,157.65580662350376,OK,1991,2020,30,CHIRPS_v2,UCSB-CHG/CHIRPS/DAILY,1991-2020,IBGE_2024
4213401,Ponte Serrada,SC,560.731,5,mai,149.17594060181287,OK,1991,2020,30,CHIRPS_v2,UCSB-CHG/CHIRPS/DAILY,1991-2020,IBGE_2024
4204707,Cunha Porã,SC,220.099,5,mai,143.2337658019043,OK,1991,2020,30,CHIRPS_v2,UCSB-CHG/CHIRPS/DAILY,1991-2020,IBGE_2024
4202578,Bom Jesus do Oeste,SC,67.777,5,mai,143.10539663965054,OK,1991,2020,30,CHIRPS_v2,UCSB-CHG/CHIRPS/DAILY,1991-2020,IBGE_2024
4210506,Maravilha,SC,170.339,5,mai,144.49497230175004,OK,1991,2020,30,CHIRPS_v2,UCSB-CHG/CHIRPS/DAILY,1991-2020,IBGE_2024
4217956,Tigrinhos,SC,56.962,5,mai,145.44867166406593,OK,1991,2020,30,CHIRPS_v2,UCSB-CHG/CHIRPS/DAILY,1991-2020,IBGE_2024
4217154,São Miguel da Boa Vista,SC,72.755,5,mai,151.962430565148,OK,1991,2020,30,CHIRPS_v2,UCSB-CHG/CHIRPS/DAILY,1991-2020,IBGE_2024
4207759,Iraceminha,SC,165.147,5,mai,149.7766890263481,OK,1991,2020,30,CHIRPS_v2,UCSB-CHG/CHIRPS/DAILY,1991-2020,IBGE_2024
4215687,Santa Terezinha do Progresso,SC,119.653,5,mai,151.09879525461093,OK,1991,2020,30,CHIRPS_v2,UCSB-CHG/CHIRPS/DAILY,1991-2020,IBGE_2024
4215356,Saltinho,SC,156.568,5,mai,146.68479845952382,OK,1991,2020,30,CHIRPS_v2,UCSB-CHG/CHIRPS/DAILY,1991-2020,IBGE_2024
4205605,Galvão,SC,139.836,5,mai,155.28740799392165,OK,1991,2020,30,CHIRPS_v2,UCSB-CHG/CHIRPS/DAILY,1991-2020,IBGE_2024
4203501,Campo Erê,SC,479.161,5,mai,151.12887017639895,OK,1991,2020,30,CHIRPS_v2,UCSB-CHG/CHIRPS/DAILY,1991-2020,IBGE_2024
4211652,Novo Horizonte,SC,151.722,5,mai,151.3588715357903,OK,1991,2020,30,CHIRPS_v2,UCSB-CHG/CHIRPS/DAILY,1991-2020,IBGE_2024
4216909,São Lourenço do Oeste,SC,356.193,5,mai,149.85361520028198,OK,1991,2020,30,CHIRPS_v2,UCSB-CHG/CHIRPS/DAILY,1991-2020,IBGE_2024
4209177,Jupiá,SC,91.448,5,mai,151.34308992315184,OK,1991,2020,30,CHIRPS_v2,UCSB-CHG/CHIRPS/DAILY,1991-2020,IBGE_2024
4215752,São Bernardino,SC,149.891,5,mai,149.18678445770342,OK,1991,2020,30,CHIRPS_v2,UCSB-CHG/CHIRPS/DAILY,1991-2020,IBGE_2024
4203154,Calmon,SC,636.208,5,mai,124.94513268728842,OK,1991,2020,30,CHIRPS_v2,UCSB-CHG/CHIRPS/DAILY,1991-2020,IBGE_2024
4203006,Caçador,SC,983.424,5,mai,132.97474910909534,OK,1991,2020,30,CHIRPS_v2,UCSB-CHG/CHIRPS/DAILY,1991-2020,IBGE_2024
4210704,Matos Costa,SC,435.391,5,mai,124.96695023811326,OK,1991,2020,30,CHIRPS_v2,UCSB-CHG/CHIRPS/DAILY,1991-2020,IBGE_2024
4210050,Macieira,SC,261.208,5,mai,135.38646024917756,OK,1991,2020,30,CHIRPS_v2,UCSB-CHG/CHIRPS/DAILY,1991-2020,IBGE_2024
4218251,Timbó Grande,SC,596.343,5,mai,118.47315979943657,OK,1991,2020,30,CHIRPS_v2,UCSB-CHG/CHIRPS/DAILY,1991-2020,IBGE_2024
4209706,Lebon Régis,SC,941.641,5,mai,124.12995411180522,OK,1991,2020,30,CHIRPS_v2,UCSB-CHG/CHIRPS/DAILY,1991-2020,IBGE_2024
4205506,Fraiburgo,SC,549.188,5,mai,131.4717724121497,OK,1991,2020,30,CHIRPS_v2,UCSB-CHG/CHIRPS/DAILY,1991-2020,IBGE_2024
4213005,Pinheiro Preto,SC,61.012,5,mai,140.88394164830308,OK,1991,2020,30,CHIRPS_v2,UCSB-CHG/CHIRPS/DAILY,1991-2020,IBGE_2024
4211058,Monte Carlo,SC,191.278,5,mai,131.73581312038195,OK,1991,2020,30,CHIRPS_v2,UCSB-CHG/CHIRPS/DAILY,1991-2020,IBGE_2024
4219309,Videira,SC,384.127,5,mai,137.87261359571303,OK,1991,2020,30,CHIRPS_v2,UCSB-CHG/CHIRPS/DAILY,1991-2020,IBGE_2024
4201604,Arroio Trinta,SC,93.53,5,mai,139.64665524823678,OK,1991,2020,30,CHIRPS_v2,UCSB-CHG/CHIRPS/DAILY,1991-2020,IBGE_2024
4217907,Tangará,SC,390.044,5,mai,138.4799610897048,OK,1991,2020,30,CHIRPS_v2,UCSB-CHG/CHIRPS/DAILY,1991-2020,IBGE_2024
4215406,Salto Veloso,SC,104.974,5,mai,136.89728716392884,OK,1991,2020,30,CHIRPS_v2,UCSB-CHG/CHIRPS/DAILY,1991-2020,IBGE_2024
4207577,Iomerê,SC,113.986,5,mai,140.0027311636095,OK,1991,2020,30,CHIRPS_v2,UCSB-CHG/CHIRPS/DAILY,1991-2020,IBGE_2024
4206751,Ibiam,SC,146.009,5,mai,138.23450130011534,OK,1991,2020,30,CHIRPS_v2,UCSB-CHG/CHIRPS/DAILY,1991-2020,IBGE_2024
4214409,Rio das Antas,SC,314.913,5,mai,136.87443313539166,OK,1991,2020,30,CHIRPS_v2,UCSB-CHG/CHIRPS/DAILY,1991-2020,IBGE_2024
4204509,Corupá,SC,405.761,5,mai,107.2234050994921,OK,1991,2020,30,CHIRPS_v2,UCSB-CHG/CHIRPS/DAILY,1991-2020,IBGE_2024
4201307,Araquari,SC,386.693,5,mai,113.5724553063974,OK,1991,2020,30,CHIRPS_v2,UCSB-CHG/CHIRPS/DAILY,1991-2020,IBGE_2024
4208906,Jaraguá do Sul,SC,530.825,5,mai,113.27647940716847,OK,1991,2020,30,CHIRPS_v2,UCSB-CHG/CHIRPS/DAILY,1991-2020,IBGE_2024
4209102,Joinville,SC,1127.837,5,mai,114.83391553842044,OK,1991,2020,30,CHIRPS_v2,UCSB-CHG/CHIRPS/DAILY,1991-2020,IBGE_2024
4217402,Schroeder,SC,165.237,5,mai,116.84100174407011,OK,1991,2020,30,CHIRPS_v2,UCSB-CHG/CHIRPS/DAILY,1991-2020,IBGE_2024
4206504,Guaramirim,SC,267.514,5,mai,115.05788229141916,OK,1991,2020,30,CHIRPS_v2,UCSB-CHG/CHIRPS/DAILY,1991-2020,IBGE_2024
4202057,Balneário Barra do Sul,SC,108.914,5,mai,114.2422194156868,OK,1991,2020,30,CHIRPS_v2,UCSB-CHG/CHIRPS/DAILY,1991-2020,IBGE_2024
4210605,Massaranduba,SC,374.452,5,mai,111.71300862897328,OK,1991,2020,30,CHIRPS_v2,UCSB-CHG/CHIRPS/DAILY,1991-2020,IBGE_2024
4208450,Itapoá,SC,245.529,5,mai,117.6554663515465,OK,1991,2020,30,CHIRPS_v2,UCSB-CHG/CHIRPS/DAILY,1991-2020,IBGE_2024
4216354,São João do Itaperiú,SC,151.885,5,mai,108.76429101255674,OK,1991,2020,30,CHIRPS_v2,UCSB-CHG/CHIRPS/DAILY,1991-2020,IBGE_2024
4216206,São Francisco do Sul,SC,493.266,5,mai,124.12995059681667,OK,1991,2020,30,CHIRPS_v2,UCSB-CHG/CHIRPS/DAILY,1991-2020,IBGE_2024
4205803,Garuva,SC,508.635,5,mai,110.26154500487345,OK,1991,2020,30,CHIRPS_v2,UCSB-CHG/CHIRPS/DAILY,1991-2020,IBGE_2024
4213609,Porto União,SC,849.014,5,mai,127.41041095177184,OK,1991,2020,30,CHIRPS_v2,UCSB-CHG/CHIRPS/DAILY,1991-2020,IBGE_2024
4203808,Canoinhas,SC,1148.036,5,mai,118.10880540650419,OK,1991,2020,30,CHIRPS_v2,UCSB-CHG/CHIRPS/DAILY,1991-2020,IBGE_2024
4212205,Papanduva,SC,764.737,5,mai,110.61202263628473,OK,1991,2020,30,CHIRPS_v2,UCSB-CHG/CHIRPS/DAILY,1991-2020,IBGE_2024
4211108,Monte Castelo,SC,560.743,5,mai,111.03659237735391,OK,1991,2020,30,CHIRPS_v2,UCSB-CHG/CHIRPS/DAILY,1991-2020,IBGE_2024
4210308,Major Vieira,SC,520.816,5,mai,112.15820053977647,OK,1991,2020,30,CHIRPS_v2,UCSB-CHG/CHIRPS/DAILY,1991-2020,IBGE_2024
4202131,Bela Vista do Toldo,SC,535.682,5,mai,114.67030420130577,OK,1991,2020,30,CHIRPS_v2,UCSB-CHG/CHIRPS/DAILY,1991-2020,IBGE_2024
4218301,Três Barras,SC,436.496,5,mai,112.47294509257355,OK,1991,2020,30,CHIRPS_v2,UCSB-CHG/CHIRPS/DAILY,1991-2020,IBGE_2024
4210100,Mafra,SC,1404.084,5,mai,106.16323306629444,OK,1991,2020,30,CHIRPS_v2,UCSB-CHG/CHIRPS/DAILY,1991-2020,IBGE_2024
4207908,Irineópolis,SC,589.698,5,mai,121.56698544138249,OK,1991,2020,30,CHIRPS_v2,UCSB-CHG/CHIRPS/DAILY,1991-2020,IBGE_2024
4208104,Itaiópolis,SC,1297.543,5,mai,107.46840275334047,OK,1991,2020,30,CHIRPS_v2,UCSB-CHG/CHIRPS/DAILY,1991-2020,IBGE_2024
4215802,São Bento do Sul,SC,495.001,5,mai,105.53212313857523,OK,1991,2020,30,CHIRPS_v2,UCSB-CHG/CHIRPS/DAILY,1991-2020,IBGE_2024
4215000,Rio Negrinho,SC,907.42,5,mai,101.7034781421687,OK,1991,2020,30,CHIRPS_v2,UCSB-CHG/CHIRPS/DAILY,1991-2020,IBGE_2024
4203303,Campo Alegre,SC,500.174,5,mai,99.17521060723386,OK,1991,2020,30,CHIRPS_v2,UCSB-CHG/CHIRPS/DAILY,1991-2020,IBGE_2024
4202404,Blumenau,SC,518.635,5,mai,115.89247348834576,OK,1991,2020,30,CHIRPS_v2,UCSB-CHG/CHIRPS/DAILY,1991-2020,IBGE_2024
4207502,Indaial,SC,430.799,5,mai,106.71295495003048,OK,1991,2020,30,CHIRPS_v2,UCSB-CHG/CHIRPS/DAILY,1991-2020,IBGE_2024
4207106,Ilhota,SC,253.024,5,mai,110.66858384630076,OK,1991,2020,30,CHIRPS_v2,UCSB-CHG/CHIRPS/DAILY,1991-2020,IBGE_2024
4205902,Gaspar,SC,386.599,5,mai,119.40476527769003,OK,1991,2020,30,CHIRPS_v2,UCSB-CHG/CHIRPS/DAILY,1991-2020,IBGE_2024
4213203,Pomerode,SC,214.299,5,mai,114.60312313320838,OK,1991,2020,30,CHIRPS_v2,UCSB-CHG/CHIRPS/DAILY,1991-2020,IBGE_2024
4202206,Benedito Novo,SC,388.291,5,mai,107.1402265685647,OK,1991,2020,30,CHIRPS_v2,UCSB-CHG/CHIRPS/DAILY,1991-2020,IBGE_2024
4201703,Ascurra,SC,112.884,5,mai,109.31089501868435,OK,1991,2020,30,CHIRPS_v2,UCSB-CHG/CHIRPS/DAILY,1991-2020,IBGE_2024
4218202,Timbó,SC,128.313,5,mai,111.55736000192168,OK,1991,2020,30,CHIRPS_v2,UCSB-CHG/CHIRPS/DAILY,1991-2020,IBGE_2024
4201257,Apiúna,SC,493.49,5,mai,106.18446568281736,OK,1991,2020,30,CHIRPS_v2,UCSB-CHG/CHIRPS/DAILY,1991-2020,IBGE_2024
4215109,Rodeio,SC,129.001,5,mai,109.7518457236529,OK,1991,2020,30,CHIRPS_v2,UCSB-CHG/CHIRPS/DAILY,1991-2020,IBGE_2024
4214706,Rio dos Cedros,SC,555.473,5,mai,107.46259993943653,OK,1991,2020,30,CHIRPS_v2,UCSB-CHG/CHIRPS/DAILY,1991-2020,IBGE_2024
4205159,Doutor Pedrinho,SC,374.205,5,mai,104.55515795133368,OK,1991,2020,30,CHIRPS_v2,UCSB-CHG/CHIRPS/DAILY,1991-2020,IBGE_2024
4212809,Balneário Piçarras,SC,99.11,5,mai,106.44392228515966,OK,1991,2020,30,CHIRPS_v2,UCSB-CHG/CHIRPS/DAILY,1991-2020,IBGE_2024
4212502,Penha,SC,57.997,5,mai,104.87462961823779,OK,1991,2020,30,CHIRPS_v2,UCSB-CHG/CHIRPS/DAILY,1991-2020,IBGE_2024
4211306,Navegantes,SC,111.377,5,mai,106.07337220457,OK,1991,2020,30,CHIRPS_v2,UCSB-CHG/CHIRPS/DAILY,1991-2020,IBGE_2024
4203204,Camboriú,SC,210.568,5,mai,101.24650922755947,OK,1991,2020,30,CHIRPS_v2,UCSB-CHG/CHIRPS/DAILY,1991-2020,IBGE_2024
4202107,Barra Velha,SC,138.947,5,mai,107.3620730384993,OK,1991,2020,30,CHIRPS_v2,UCSB-CHG/CHIRPS/DAILY,1991-2020,IBGE_2024
4202008,Balneário Camboriú,SC,45.214,5,mai,98.31897020446122,OK,1991,2020,30,CHIRPS_v2,UCSB-CHG/CHIRPS/DAILY,1991-2020,IBGE_2024
4208203,Itajaí,SC,289.215,5,mai,105.0995564635626,OK,1991,2020,30,CHIRPS_v2,UCSB-CHG/CHIRPS/DAILY,1991-2020,IBGE_2024
4202453,Bombinhas,SC,35.143,5,mai,103.98971977183358,OK,1991,2020,30,CHIRPS_v2,UCSB-CHG/CHIRPS/DAILY,1991-2020,IBGE_2024
4218004,Tijucas,SC,279.262,5,mai,104.11907140757205,OK,1991,2020,30,CHIRPS_v2,UCSB-CHG/CHIRPS/DAILY,1991-2020,IBGE_2024
4210001,Luiz Alves,SC,260.106,5,mai,110.40630651372999,OK,1991,2020,30,CHIRPS_v2,UCSB-CHG/CHIRPS/DAILY,1991-2020,IBGE_2024
4208302,Itapema,SC,58.21,5,mai,100.46781284674026,OK,1991,2020,30,CHIRPS_v2,UCSB-CHG/CHIRPS/DAILY,1991-2020,IBGE_2024
4213500,Porto Belo,SC,93.674,5,mai,103.00661827447068,OK,1991,2020,30,CHIRPS_v2,UCSB-CHG/CHIRPS/DAILY,1991-2020,IBGE_2024
4202701,Botuverá,SC,296.256,5,mai,102.91796187149413,OK,1991,2020,30,CHIRPS_v2,UCSB-CHG/CHIRPS/DAILY,1991-2020,IBGE_2024
4202909,Brusque,SC,284.675,5,mai,110.26285441847308,OK,1991,2020,30,CHIRPS_v2,UCSB-CHG/CHIRPS/DAILY,1991-2020,IBGE_2024
4206306,Guabiruba,SC,172.173,5,mai,108.37104528981067,OK,1991,2020,30,CHIRPS_v2,UCSB-CHG/CHIRPS/DAILY,1991-2020,IBGE_2024
4203709,Canelinha,SC,150.904,5,mai,105.36321542927305,OK,1991,2020,30,CHIRPS_v2,UCSB-CHG/CHIRPS/DAILY,1991-2020,IBGE_2024
4211504,Nova Trento,SC,402.852,5,mai,102.7120475869279,OK,1991,2020,30,CHIRPS_v2,UCSB-CHG/CHIRPS/DAILY,1991-2020,IBGE_2024
4210209,Major Gercino,SC,306.058,5,mai,102.30133301923811,OK,1991,2020,30,CHIRPS_v2,UCSB-CHG/CHIRPS/DAILY,1991-2020,IBGE_2024
4216305,São João Batista,SC,200.765,5,mai,104.26275100659024,OK,1991,2020,30,CHIRPS_v2,UCSB-CHG/CHIRPS/DAILY,1991-2020,IBGE_2024
4210852,Mirim Doce,SC,337.991,5,mai,117.70417534662862,OK,1991,2020,30,CHIRPS_v2,UCSB-CHG/CHIRPS/DAILY,1991-2020,IBGE_2024
4202859,Braço do Trombudo,SC,89.411,5,mai,113.98578945757302,OK,1991,2020,30,CHIRPS_v2,UCSB-CHG/CHIRPS/DAILY,1991-2020,IBGE_2024
4218608,Trombudo Central,SC,109.648,5,mai,112.05114805937464,OK,1991,2020,30,CHIRPS_v2,UCSB-CHG/CHIRPS/DAILY,1991-2020,IBGE_2024
4209904,Lontras,SC,197.586,5,mai,107.1307705274998,OK,1991,2020,30,CHIRPS_v2,UCSB-CHG/CHIRPS/DAILY,1991-2020,IBGE_2024
4201802,Atalanta,SC,94.383,5,mai,110.88312380071653,OK,1991,2020,30,CHIRPS_v2,UCSB-CHG/CHIRPS/DAILY,1991-2020,IBGE_2024
4201901,Aurora,SC,207.045,5,mai,109.23663687697932,OK,1991,2020,30,CHIRPS_v2,UCSB-CHG/CHIRPS/DAILY,1991-2020,IBGE_2024
4217808,Taió,SC,693.847,5,mai,113.75357245093164,OK,1991,2020,30,CHIRPS_v2,UCSB-CHG/CHIRPS/DAILY,1991-2020,IBGE_2024
4209508,Laurentino,SC,79.333,5,mai,109.3210413465736,OK,1991,2020,30,CHIRPS_v2,UCSB-CHG/CHIRPS/DAILY,1991-2020,IBGE_2024
4200200,Agrolândia,SC,206.815,5,mai,112.62220319846708,OK,1991,2020,30,CHIRPS_v2,UCSB-CHG/CHIRPS/DAILY,1991-2020,IBGE_2024
4200309,Agronômica,SC,129.774,5,mai,110.51669639467978,OK,1991,2020,30,CHIRPS_v2,UCSB-CHG/CHIRPS/DAILY,1991-2020,IBGE_2024
4215679,Santa Terezinha,SC,715.551,5,mai,110.39852831892254,OK,1991,2020,30,CHIRPS_v2,UCSB-CHG/CHIRPS/DAILY,1991-2020,IBGE_2024
4215307,Salete,SC,177.887,5,mai,110.14278811218165,OK,1991,2020,30,CHIRPS_v2,UCSB-CHG/CHIRPS/DAILY,1991-2020,IBGE_2024
4214508,Rio do Campo,SC,502.095,5,mai,111.11725941156166,OK,1991,2020,30,CHIRPS_v2,UCSB-CHG/CHIRPS/DAILY,1991-2020,IBGE_2024
4214805,Rio do Sul,SC,260.817,5,mai,107.99421920621498,OK,1991,2020,30,CHIRPS_v2,UCSB-CHG/CHIRPS/DAILY,1991-2020,IBGE_2024
4214607,Rio do Oeste,SC,245.057,5,mai,110.37327250752524,OK,1991,2020,30,CHIRPS_v2,UCSB-CHG/CHIRPS/DAILY,1991-2020,IBGE_2024
4214102,Presidente Nereu,SC,224.748,5,mai,103.24356925994346,OK,1991,2020,30,CHIRPS_v2,UCSB-CHG/CHIRPS/DAILY,1991-2020,IBGE_2024
4213708,Pouso Redondo,SC,356.539,5,mai,113.80879169092694,OK,1991,2020,30,CHIRPS_v2,UCSB-CHG/CHIRPS/DAILY,1991-2020,IBGE_2024
4205100,Dona Emma,SC,178.157,5,mai,108.13571297260617,OK,1991,2020,30,CHIRPS_v2,UCSB-CHG/CHIRPS/DAILY,1991-2020,IBGE_2024
4219358,Vitor Meireles,SC,370.414,5,mai,108.7657955683547,OK,1991,2020,30,CHIRPS_v2,UCSB-CHG/CHIRPS/DAILY,1991-2020,IBGE_2024
4219408,Witmarsum,SC,153.776,5,mai,108.4552865637761,OK,1991,2020,30,CHIRPS_v2,UCSB-CHG/CHIRPS/DAILY,1991-2020,IBGE_2024
4209151,José Boiteux,SC,405.552,5,mai,107.38014837239703,OK,1991,2020,30,CHIRPS_v2,UCSB-CHG/CHIRPS/DAILY,1991-2020,IBGE_2024
4206900,Ibirama,SC,247.102,5,mai,107.9278971154865,OK,1991,2020,30,CHIRPS_v2,UCSB-CHG/CHIRPS/DAILY,1991-2020,IBGE_2024
4214003,Presidente Getúlio,SC,297.16,5,mai,108.427273718414,OK,1991,2020,30,CHIRPS_v2,UCSB-CHG/CHIRPS/DAILY,1991-2020,IBGE_2024
4204194,Chapadão do Lageado,SC,124.866,5,mai,106.18912815570887,OK,1991,2020,30,CHIRPS_v2,UCSB-CHG/CHIRPS/DAILY,1991-2020,IBGE_2024
4212700,Petrolândia,SC,306.76,5,mai,109.84097389818406,OK,1991,2020,30,CHIRPS_v2,UCSB-CHG/CHIRPS/DAILY,1991-2020,IBGE_2024
4219200,Vidal Ramos,SC,346.932,5,mai,102.64327378774637,OK,1991,2020,30,CHIRPS_v2,UCSB-CHG/CHIRPS/DAILY,1991-2020,IBGE_2024
4209805,Leoberto Leal,SC,293.6,5,mai,102.3331541652915,OK,1991,2020,30,CHIRPS_v2,UCSB-CHG/CHIRPS/DAILY,1991-2020,IBGE_2024
4208500,Ituporanga,SC,336.588,5,mai,106.9335437123553,OK,1991,2020,30,CHIRPS_v2,UCSB-CHG/CHIRPS/DAILY,1991-2020,IBGE_2024
4207403,Imbuia,SC,119.113,5,mai,104.69844250956,OK,1991,2020,30,CHIRPS_v2,UCSB-CHG/CHIRPS/DAILY,1991-2020,IBGE_2024
4301909,Barra do Ribeiro,RS,729.316,5,mai,116.21104053337092,OK,1991,2020,30,CHIRPS_v2,UCSB-CHG/CHIRPS/DAILY,1991-2020,IBGE_2024
4301750,Barão do Triunfo,RS,436.101,5,mai,127.19971904452866,OK,1991,2020,30,CHIRPS_v2,UCSB-CHG/CHIRPS/DAILY,1991-2020,IBGE_2024
4301107,Arroio dos Ratos,RS,425.791,5,mai,118.07799727526701,OK,1991,2020,30,CHIRPS_v2,UCSB-CHG/CHIRPS/DAILY,1991-2020,IBGE_2024
4317608,Santo Antônio da Patrulha,RS,1049.583,5,mai,119.86922991173532,OK,1991,2020,30,CHIRPS_v2,UCSB-CHG/CHIRPS/DAILY,1991-2020,IBGE_2024
4321352,Tavares,RS,610.107,5,mai,117.34077987267308,OK,1991,2020,30,CHIRPS_v2,UCSB-CHG/CHIRPS/DAILY,1991-2020,IBGE_2024
4313656,Palmares do Sul,RS,949.201,5,mai,112.236201467063,OK,1991,2020,30,CHIRPS_v2,UCSB-CHG/CHIRPS/DAILY,1991-2020,IBGE_2024
4304671,Capivari do Sul,RS,412.889,5,mai,118.58132362710212,OK,1991,2020,30,CHIRPS_v2,UCSB-CHG/CHIRPS/DAILY,1991-2020,IBGE_2024
4304713,Caraá,RS,294.606,5,mai,122.54936474494556,OK,1991,2020,30,CHIRPS_v2,UCSB-CHG/CHIRPS/DAILY,1991-2020,IBGE_2024
4320552,Sertão Santana,RS,252.013,5,mai,122.82429424620715,OK,1991,2020,30,CHIRPS_v2,UCSB-CHG/CHIRPS/DAILY,1991-2020,IBGE_2024
4312500,Mostardas,RS,1977.442,5,mai,110.54920493530857,OK,1991,2020,30,CHIRPS_v2,UCSB-CHG/CHIRPS/DAILY,1991-2020,IBGE_2024
4311981,Mariana Pimentel,RS,338.45,5,mai,119.84051265756926,OK,1991,2020,30,CHIRPS_v2,UCSB-CHG/CHIRPS/DAILY,1991-2020,IBGE_2024
4309209,Gravataí,RS,468.288,5,mai,118.23979188916572,OK,1991,2020,30,CHIRPS_v2,UCSB-CHG/CHIRPS/DAILY,1991-2020,IBGE_2024
4309308,Guaíba,RS,377.664,5,mai,115.72876286913585,OK,1991,2020,30,CHIRPS_v2,UCSB-CHG/CHIRPS/DAILY,1991-2020,IBGE_2024
4300604,Alvorada,RS,71.702,5,mai,111.08876135597626,OK,1991,2020,30,CHIRPS_v2,UCSB-CHG/CHIRPS/DAILY,1991-2020,IBGE_2024
4309050,Glorinha,RS,323.955,5,mai,121.23878361304226,OK,1991,2020,30,CHIRPS_v2,UCSB-CHG/CHIRPS/DAILY,1991-2020,IBGE_2024
4307708,Esteio,RS,27.676,5,mai,112.35967288988438,OK,1991,2020,30,CHIRPS_v2,UCSB-CHG/CHIRPS/DAILY,1991-2020,IBGE_2024
4314902,Porto Alegre,RS,495.977,5,mai,105.78825368650821,OK,1991,2020,30,CHIRPS_v2,UCSB-CHG/CHIRPS/DAILY,1991-2020,IBGE_2024
4323002,Viamão,RS,1496.019,5,mai,119.66463699576552,OK,1991,2020,30,CHIRPS_v2,UCSB-CHG/CHIRPS/DAILY,1991-2020,IBGE_2024
4306767,Eldorado do Sul,RS,509.632,5,mai,114.5654180191804,OK,1991,2020,30,CHIRPS_v2,UCSB-CHG/CHIRPS/DAILY,1991-2020,IBGE_2024
4313375,Nova Santa Rita,RS,217.636,5,mai,114.75037850539178,OK,1991,2020,30,CHIRPS_v2,UCSB-CHG/CHIRPS/DAILY,1991-2020,IBGE_2024
4304606,Canoas,RS,130.774,5,mai,107.79948182340709,OK,1991,2020,30,CHIRPS_v2,UCSB-CHG/CHIRPS/DAILY,1991-2020,IBGE_2024
4320008,Sapucaia do Sul,RS,58.247,5,mai,114.28102515972904,OK,1991,2020,30,CHIRPS_v2,UCSB-CHG/CHIRPS/DAILY,1991-2020,IBGE_2024
4303103,Cachoeirinha,RS,43.76,5,mai,109.90927324159051,OK,1991,2020,30,CHIRPS_v2,UCSB-CHG/CHIRPS/DAILY,1991-2020,IBGE_2024
4302352,Bom Princípio,RS,90.023,5,mai,124.37340914980956,OK,1991,2020,30,CHIRPS_v2,UCSB-CHG/CHIRPS/DAILY,1991-2020,IBGE_2024
4309555,Harmonia,RS,48.547,5,mai,123.93085182490418,OK,1991,2020,30,CHIRPS_v2,UCSB-CHG/CHIRPS/DAILY,1991-2020,IBGE_2024
4316956,Santa Maria do Herval,RS,140.442,5,mai,128.79582026469024,OK,1991,2020,30,CHIRPS_v2,UCSB-CHG/CHIRPS/DAILY,1991-2020,IBGE_2024
4322251,Tupandi,RS,59.406,5,mai,126.96426823012159,OK,1991,2020,30,CHIRPS_v2,UCSB-CHG/CHIRPS/DAILY,1991-2020,IBGE_2024
4311643,Linha Nova,RS,63.46,5,mai,122.31637280817242,OK,1991,2020,30,CHIRPS_v2,UCSB-CHG/CHIRPS/DAILY,1991-2020,IBGE_2024
4319752,São Vendelino,RS,31.899,5,mai,129.69440132215573,OK,1991,2020,30,CHIRPS_v2,UCSB-CHG/CHIRPS/DAILY,1991-2020,IBGE_2024
4318481,São José do Hortêncio,RS,63.705,5,mai,121.95227943874345,OK,1991,2020,30,CHIRPS_v2,UCSB-CHG/CHIRPS/DAILY,1991-2020,IBGE_2024
4318705,São Leopoldo,RS,103.009,5,mai,117.69158742620192,OK,1991,2020,30,CHIRPS_v2,UCSB-CHG/CHIRPS/DAILY,1991-2020,IBGE_2024
4300877,Araricá,RS,35.195,5,mai,119.23243361714745,OK,1991,2020,30,CHIRPS_v2,UCSB-CHG/CHIRPS/DAILY,1991-2020,IBGE_2024
4307609,Estância Velha,RS,51.779,5,mai,121.44470801730628,OK,1991,2020,30,CHIRPS_v2,UCSB-CHG/CHIRPS/DAILY,1991-2020,IBGE_2024
4314803,Portão,RS,159.307,5,mai,120.72327484275334,OK,1991,2020,30,CHIRPS_v2,UCSB-CHG/CHIRPS/DAILY,1991-2020,IBGE_2024
4315149,Presidente Lucena,RS,49.625,5,mai,122.07171139035424,OK,1991,2020,30,CHIRPS_v2,UCSB-CHG/CHIRPS/DAILY,1991-2020,IBGE_2024
4306403,Dois Irmãos,RS,67.509,5,mai,121.41541815305007,OK,1991,2020,30,CHIRPS_v2,UCSB-CHG/CHIRPS/DAILY,1991-2020,IBGE_2024
4313409,Novo Hamburgo,RS,222.548,5,mai,117.98709504991571,OK,1991,2020,30,CHIRPS_v2,UCSB-CHG/CHIRPS/DAILY,1991-2020,IBGE_2024
4304689,Capela de Santana,RS,182.672,5,mai,121.40456440957699,OK,1991,2020,30,CHIRPS_v2,UCSB-CHG/CHIRPS/DAILY,1991-2020,IBGE_2024
4313060,Nova Hartz,RS,62.088,5,mai,122.65435856810129,OK,1991,2020,30,CHIRPS_v2,UCSB-CHG/CHIRPS/DAILY,1991-2020,IBGE_2024
4312476,Morro Reuter,RS,87.032,5,mai,126.47195204574165,OK,1991,2020,30,CHIRPS_v2,UCSB-CHG/CHIRPS/DAILY,1991-2020,IBGE_2024
4311627,Lindolfo Collor,RS,33.348,5,mai,121.36851614081385,OK,1991,2020,30,CHIRPS_v2,UCSB-CHG/CHIRPS/DAILY,1991-2020,IBGE_2024
4319901,Sapiranga,RS,137.759,5,mai,120.595543869245,OK,1991,2020,30,CHIRPS_v2,UCSB-CHG/CHIRPS/DAILY,1991-2020,IBGE_2024
4303905,Campo Bom,RS,60.562,5,mai,117.66598113221931,OK,1991,2020,30,CHIRPS_v2,UCSB-CHG/CHIRPS/DAILY,1991-2020,IBGE_2024
4319505,São Sebastião do Caí,RS,113.067,5,mai,121.74783566806946,OK,1991,2020,30,CHIRPS_v2,UCSB-CHG/CHIRPS/DAILY,1991-2020,IBGE_2024
4310801,Ivoti,RS,63.092,5,mai,121.32698645771802,OK,1991,2020,30,CHIRPS_v2,UCSB-CHG/CHIRPS/DAILY,1991-2020,IBGE_2024
4310330,Imbé,RS,39.766,5,mai,109.11007258359636,OK,1991,2020,30,CHIRPS_v2,UCSB-CHG/CHIRPS/DAILY,1991-2020,IBGE_2024
4321600,Tramandaí,RS,142.878,5,mai,114.63907259903996,OK,1991,2020,30,CHIRPS_v2,UCSB-CHG/CHIRPS/DAILY,1991-2020,IBGE_2024
4313508,Osório,RS,663.878,5,mai,114.88577322422368,OK,1991,2020,30,CHIRPS_v2,UCSB-CHG/CHIRPS/DAILY,1991-2020,IBGE_2024
4301636,Balneário Pinhal,RS,102.387,5,mai,113.62173969264855,OK,1991,2020,30,CHIRPS_v2,UCSB-CHG/CHIRPS/DAILY,1991-2020,IBGE_2024
4323804,Xangri-lá,RS,60.756,5,mai,108.82036723287771,OK,1991,2020,30,CHIRPS_v2,UCSB-CHG/CHIRPS/DAILY,1991-2020,IBGE_2024
4321436,Terra de Areia,RS,142.304,5,mai,117.78082427794452,OK,1991,2020,30,CHIRPS_v2,UCSB-CHG/CHIRPS/DAILY,1991-2020,IBGE_2024
4305454,Cidreira,RS,243.419,5,mai,115.19737428599848,OK,1991,2020,30,CHIRPS_v2,UCSB-CHG/CHIRPS/DAILY,1991-2020,IBGE_2024
4304630,Capão da Canoa,RS,98.383,5,mai,110.99135430121895,OK,1991,2020,30,CHIRPS_v2,UCSB-CHG/CHIRPS/DAILY,1991-2020,IBGE_2024
4311775,Maquiné,RS,613.58,5,mai,126.39449455132778,OK,1991,2020,30,CHIRPS_v2,UCSB-CHG/CHIRPS/DAILY,1991-2020,IBGE_2024
4310652,Itati,RS,205.06,5,mai,135.37305679417753,OK,1991,2020,30,CHIRPS_v2,UCSB-CHG/CHIRPS/DAILY,1991-2020,IBGE_2024
4310108,Igrejinha,RS,138.116,5,mai,123.1782722233265,OK,1991,2020,30,CHIRPS_v2,UCSB-CHG/CHIRPS/DAILY,1991-2020,IBGE_2024
4314050,Parobé,RS,108.56,5,mai,118.06599644981964,OK,1991,2020,30,CHIRPS_v2,UCSB-CHG/CHIRPS/DAILY,1991-2020,IBGE_2024
4321709,Três Coroas,RS,168.124,5,mai,128.41496226581535,OK,1991,2020,30,CHIRPS_v2,UCSB-CHG/CHIRPS/DAILY,1991-2020,IBGE_2024
4321204,Taquara,RS,450.195,5,mai,120.66983748180891,OK,1991,2020,30,CHIRPS_v2,UCSB-CHG/CHIRPS/DAILY,1991-2020,IBGE_2024
4315750,Riozinho,RS,239.09,5,mai,134.54656002934496,OK,1991,2020,30,CHIRPS_v2,UCSB-CHG/CHIRPS/DAILY,1991-2020,IBGE_2024
4316006,Rolante,RS,296.09,5,mai,126.55470867538227,OK,1991,2020,30,CHIRPS_v2,UCSB-CHG/CHIRPS/DAILY,1991-2020,IBGE_2024
4300851,Arambaré,RS,518.193,5,mai,119.19150676789343,OK,1991,2020,30,CHIRPS_v2,UCSB-CHG/CHIRPS/DAILY,1991-2020,IBGE_2024
4300638,Amaral Ferrador,RS,506.071,5,mai,119.5494778040067,OK,1991,2020,30,CHIRPS_v2,UCSB-CHG/CHIRPS/DAILY,1991-2020,IBGE_2024
4306056,Cristal,RS,679.743,5,mai,120.87086936048044,OK,1991,2020,30,CHIRPS_v2,UCSB-CHG/CHIRPS/DAILY,1991-2020,IBGE_2024
4306502,Dom Feliciano,RS,1355.195,5,mai,124.69542732989346,OK,1991,2020,30,CHIRPS_v2,UCSB-CHG/CHIRPS/DAILY,1991-2020,IBGE_2024
4305173,Cerro Grande do Sul,RS,324.908,5,mai,126.17274818921759,OK,1991,2020,30,CHIRPS_v2,UCSB-CHG/CHIRPS/DAILY,1991-2020,IBGE_2024
4305447,Chuvisca,RS,220.471,5,mai,122.27463850080073,OK,1991,2020,30,CHIRPS_v2,UCSB-CHG/CHIRPS/DAILY,1991-2020,IBGE_2024
4321105,Tapes,RS,805.452,5,mai,117.87999171704288,OK,1991,2020,30,CHIRPS_v2,UCSB-CHG/CHIRPS/DAILY,1991-2020,IBGE_2024
4320354,Sentinela do Sul,RS,282.13,5,mai,120.86238958582577,OK,1991,2020,30,CHIRPS_v2,UCSB-CHG/CHIRPS/DAILY,1991-2020,IBGE_2024
4303509,Camaquã,RS,1678.991,5,mai,121.80301814559297,OK,1991,2020,30,CHIRPS_v2,UCSB-CHG/CHIRPS/DAILY,1991-2020,IBGE_2024
4302709,Butiá,RS,752.187,5,mai,119.46196929196395,OK,1991,2020,30,CHIRPS_v2,UCSB-CHG/CHIRPS/DAILY,1991-2020,IBGE_2024
4318408,São Jerônimo,RS,935.595,5,mai,124.11567928653339,OK,1991,2020,30,CHIRPS_v2,UCSB-CHG/CHIRPS/DAILY,1991-2020,IBGE_2024
4308805,General Câmara,RS,510.01,5,mai,117.21733327260051,OK,1991,2020,30,CHIRPS_v2,UCSB-CHG/CHIRPS/DAILY,1991-2020,IBGE_2024
4322004,Triunfo,RS,818.221,5,mai,117.14787342366795,OK,1991,2020,30,CHIRPS_v2,UCSB-CHG/CHIRPS/DAILY,1991-2020,IBGE_2024
4305355,Charqueadas,RS,217.362,5,mai,116.54115677529472,OK,1991,2020,30,CHIRPS_v2,UCSB-CHG/CHIRPS/DAILY,1991-2020,IBGE_2024
4312252,Minas do Leão,RS,424.339,5,mai,117.89241565754384,OK,1991,2020,30,CHIRPS_v2,UCSB-CHG/CHIRPS/DAILY,1991-2020,IBGE_2024
4318614,São José do Sul,RS,54.764,5,mai,124.69609351645224,OK,1991,2020,30,CHIRPS_v2,UCSB-CHG/CHIRPS/DAILY,1991-2020,IBGE_2024
4316501,Salvador do Sul,RS,99.026,5,mai,128.69644983137465,OK,1991,2020,30,CHIRPS_v2,UCSB-CHG/CHIRPS/DAILY,1991-2020,IBGE_2024
4314035,Pareci Novo,RS,57.5,5,mai,122.55747613195463,OK,1991,2020,30,CHIRPS_v2,UCSB-CHG/CHIRPS/DAILY,1991-2020,IBGE_2024
4312401,Montenegro,RS,425.159,5,mai,121.35584375890747,OK,1991,2020,30,CHIRPS_v2,UCSB-CHG/CHIRPS/DAILY,1991-2020,IBGE_2024
4311791,Maratá,RS,82.063,5,mai,124.89524251523963,OK,1991,2020,30,CHIRPS_v2,UCSB-CHG/CHIRPS/DAILY,1991-2020,IBGE_2024
4319356,São Pedro da Serra,RS,37.631,5,mai,131.79897437338352,OK,1991,2020,30,CHIRPS_v2,UCSB-CHG/CHIRPS/DAILY,1991-2020,IBGE_2024
4302659,Brochier,RS,105.353,5,mai,126.41994305132985,OK,1991,2020,30,CHIRPS_v2,UCSB-CHG/CHIRPS/DAILY,1991-2020,IBGE_2024
4301057,Arroio do Sal,RS,119.161,5,mai,108.43447122021055,OK,1991,2020,30,CHIRPS_v2,UCSB-CHG/CHIRPS/DAILY,1991-2020,IBGE_2024
4306551,Dom Pedro de Alcântara,RS,78.216,5,mai,110.2267912857168,OK,1991,2020,30,CHIRPS_v2,UCSB-CHG/CHIRPS/DAILY,1991-2020,IBGE_2024
4321501,Torres,RS,161.63,5,mai,108.7031618135971,OK,1991,2020,30,CHIRPS_v2,UCSB-CHG/CHIRPS/DAILY,1991-2020,IBGE_2024
4321832,Três Forquilhas,RS,217.386,5,mai,127.21049827351767,OK,1991,2020,30,CHIRPS_v2,UCSB-CHG/CHIRPS/DAILY,1991-2020,IBGE_2024
4321667,Três Cachoeiras,RS,251.483,5,mai,116.7050588104213,OK,1991,2020,30,CHIRPS_v2,UCSB-CHG/CHIRPS/DAILY,1991-2020,IBGE_2024
4312443,Morrinhos do Sul,RS,166.224,5,mai,122.91445372108575,OK,1991,2020,30,CHIRPS_v2,UCSB-CHG/CHIRPS/DAILY,1991-2020,IBGE_2024
4311734,Mampituba,RS,156.653,5,mai,125.57544557763137,OK,1991,2020,30,CHIRPS_v2,UCSB-CHG/CHIRPS/DAILY,1991-2020,IBGE_2024
4301073,Arroio do Padre,RS,124.693,5,mai,126.54676686725924,OK,1991,2020,30,CHIRPS_v2,UCSB-CHG/CHIRPS/DAILY,1991-2020,IBGE_2024
4315602,Rio Grande,RS,2682.85,5,mai,109.86529388402204,OK,1991,2020,30,CHIRPS_v2,UCSB-CHG/CHIRPS/DAILY,1991-2020,IBGE_2024
4314407,Pelotas,RS,1608.78,5,mai,118.62936051398822,OK,1991,2020,30,CHIRPS_v2,UCSB-CHG/CHIRPS/DAILY,1991-2020,IBGE_2024
4304663,Capão do Leão,RS,783.197,5,mai,111.64131524578879,OK,1991,2020,30,CHIRPS_v2,UCSB-CHG/CHIRPS/DAILY,1991-2020,IBGE_2024
4311007,Jaguarão,RS,2051.845,5,mai,111.11680964182074,OK,1991,2020,30,CHIRPS_v2,UCSB-CHG/CHIRPS/DAILY,1991-2020,IBGE_2024
4318507,São José do Norte,RS,1072.338,5,mai,112.67802349093769,OK,1991,2020,30,CHIRPS_v2,UCSB-CHG/CHIRPS/DAILY,1991-2020,IBGE_2024
4317301,Santa Vitória do Palmar,RS,5206.977,5,mai,111.25379055323594,OK,1991,2020,30,CHIRPS_v2,UCSB-CHG/CHIRPS/DAILY,1991-2020,IBGE_2024
4301305,Arroio Grande,RS,2508.557,5,mai,112.04821666791089,OK,1991,2020,30,CHIRPS_v2,UCSB-CHG/CHIRPS/DAILY,1991-2020,IBGE_2024
4307104,Herval,RS,1759.717,5,mai,113.64441565191349,OK,1991,2020,30,CHIRPS_v2,UCSB-CHG/CHIRPS/DAILY,1991-2020,IBGE_2024
4314209,Pedro Osório,RS,603.757,5,mai,113.77132378705686,OK,1991,2020,30,CHIRPS_v2,UCSB-CHG/CHIRPS/DAILY,1991-2020,IBGE_2024
4314605,Piratini,RS,3539.343,5,mai,120.3662279293324,OK,1991,2020,30,CHIRPS_v2,UCSB-CHG/CHIRPS/DAILY,1991-2020,IBGE_2024
4322327,Turuçu,RS,253.635,5,mai,120.66013027517032,OK,1991,2020,30,CHIRPS_v2,UCSB-CHG/CHIRPS/DAILY,1991-2020,IBGE_2024
4305124,Cerrito,RS,451.699,5,mai,115.56569475435944,OK,1991,2020,30,CHIRPS_v2,UCSB-CHG/CHIRPS/DAILY,1991-2020,IBGE_2024
4305439,Chuí,RS,202.387,5,mai,113.28259633499667,OK,1991,2020,30,CHIRPS_v2,UCSB-CHG/CHIRPS/DAILY,1991-2020,IBGE_2024
4304507,Canguçu,RS,3527.541,5,mai,126.46986698251584,OK,1991,2020,30,CHIRPS_v2,UCSB-CHG/CHIRPS/DAILY,1991-2020,IBGE_2024
4312450,Morro Redondo,RS,244.644,5,mai,117.02527394554888,OK,1991,2020,30,CHIRPS_v2,UCSB-CHG/CHIRPS/DAILY,1991-2020,IBGE_2024
4318804,São Lourenço do Sul,RS,2039.434,5,mai,124.50717998401238,OK,1991,2020,30,CHIRPS_v2,UCSB-CHG/CHIRPS/DAILY,1991-2020,IBGE_2024
4301602,Bagé,RS,4091.554,5,mai,118.92755932186401,OK,1991,2020,30,CHIRPS_v2,UCSB-CHG/CHIRPS/DAILY,1991-2020,IBGE_2024
4309654,Hulha Negra,RS,822.608,5,mai,113.30397594963702,OK,1991,2020,30,CHIRPS_v2,UCSB-CHG/CHIRPS/DAILY,1991-2020,IBGE_2024
4300034,Aceguá,RS,1551.339,5,mai,113.00741398905089,OK,1991,2020,30,CHIRPS_v2,UCSB-CHG/CHIRPS/DAILY,1991-2020,IBGE_2024
4304358,Candiota,RS,933.628,5,mai,113.53894705136035,OK,1991,2020,30,CHIRPS_v2,UCSB-CHG/CHIRPS/DAILY,1991-2020,IBGE_2024
4306601,Dom Pedrito,RS,5194.051,5,mai,123.16804925344373,OK,1991,2020,30,CHIRPS_v2,UCSB-CHG/CHIRPS/DAILY,1991-2020,IBGE_2024
4314506,Pinheiro Machado,RS,2249.324,5,mai,118.80883299299975,OK,1991,2020,30,CHIRPS_v2,UCSB-CHG/CHIRPS/DAILY,1991-2020,IBGE_2024
4314175,Pedras Altas,RS,1373.985,5,mai,112.99638249020391,OK,1991,2020,30,CHIRPS_v2,UCSB-CHG/CHIRPS/DAILY,1991-2020,IBGE_2024
4310538,Itaara,RS,172.801,5,mai,142.67336660106773,OK,1991,2020,30,CHIRPS_v2,UCSB-CHG/CHIRPS/DAILY,1991-2020,IBGE_2024
4316907,Santa Maria,RS,1780.194,5,mai,133.09681135285004,OK,1991,2020,30,CHIRPS_v2,UCSB-CHG/CHIRPS/DAILY,1991-2020,IBGE_2024
4311106,Jaguari,RS,675.108,5,mai,145.10017305371116,OK,1991,2020,30,CHIRPS_v2,UCSB-CHG/CHIRPS/DAILY,1991-2020,IBGE_2024
4302907,Cacequi,RS,2373.513,5,mai,133.84023542202536,OK,1991,2020,30,CHIRPS_v2,UCSB-CHG/CHIRPS/DAILY,1991-2020,IBGE_2024
4319125,São Martinho da Serra,RS,669.547,5,mai,145.80341115044482,OK,1991,2020,30,CHIRPS_v2,UCSB-CHG/CHIRPS/DAILY,1991-2020,IBGE_2024
4318432,São João do Polêsine,RS,78.32,5,mai,141.46284902486684,OK,1991,2020,30,CHIRPS_v2,UCSB-CHG/CHIRPS/DAILY,1991-2020,IBGE_2024
4300109,Agudo,RS,534.624,5,mai,139.11276157842025,OK,1991,2020,30,CHIRPS_v2,UCSB-CHG/CHIRPS/DAILY,1991-2020,IBGE_2024
4308409,Formigueiro,RS,578.875,5,mai,132.0442258073753,OK,1991,2020,30,CHIRPS_v2,UCSB-CHG/CHIRPS/DAILY,1991-2020,IBGE_2024
4308003,Faxinal do Soturno,RS,169.514,5,mai,140.4594882260836,OK,1991,2020,30,CHIRPS_v2,UCSB-CHG/CHIRPS/DAILY,1991-2020,IBGE_2024
4315321,Quevedos,RS,543.359,5,mai,149.93174775703045,OK,1991,2020,30,CHIRPS_v2,UCSB-CHG/CHIRPS/DAILY,1991-2020,IBGE_2024
4315503,Restinga Sêca,RS,968.62,5,mai,135.30891234414403,OK,1991,2020,30,CHIRPS_v2,UCSB-CHG/CHIRPS/DAILY,1991-2020,IBGE_2024
4306700,Dona Francisca,RS,114.149,5,mai,140.30151076358803,OK,1991,2020,30,CHIRPS_v2,UCSB-CHG/CHIRPS/DAILY,1991-2020,IBGE_2024
4306379,Dilermando de Aguiar,RS,600.518,5,mai,132.58525983423837,OK,1991,2020,30,CHIRPS_v2,UCSB-CHG/CHIRPS/DAILY,1991-2020,IBGE_2024
4314472,Pinhal Grande,RS,478.11,5,mai,142.38923777279362,OK,1991,2020,30,CHIRPS_v2,UCSB-CHG/CHIRPS/DAILY,1991-2020,IBGE_2024
4321493,Toropi,RS,198.316,5,mai,149.1947036795101,OK,1991,2020,30,CHIRPS_v2,UCSB-CHG/CHIRPS/DAILY,1991-2020,IBGE_2024
4313102,Nova Palma,RS,314.613,5,mai,140.89987595462597,OK,1991,2020,30,CHIRPS_v2,UCSB-CHG/CHIRPS/DAILY,1991-2020,IBGE_2024
4320651,Silveira Martins,RS,119.285,5,mai,141.10978689930448,OK,1991,2020,30,CHIRPS_v2,UCSB-CHG/CHIRPS/DAILY,1991-2020,IBGE_2024
4312104,Mata,RS,316.121,5,mai,144.33055422285244,OK,1991,2020,30,CHIRPS_v2,UCSB-CHG/CHIRPS/DAILY,1991-2020,IBGE_2024
4311130,Jari,RS,853.08,5,mai,150.3167701615004,OK,1991,2020,30,CHIRPS_v2,UCSB-CHG/CHIRPS/DAILY,1991-2020,IBGE_2024
4319406,São Pedro do Sul,RS,873.394,5,mai,141.45387123863537,OK,1991,2020,30,CHIRPS_v2,UCSB-CHG/CHIRPS/DAILY,1991-2020,IBGE_2024
4311205,Júlio de Castilhos,RS,1929.544,5,mai,145.180561854841,OK,1991,2020,30,CHIRPS_v2,UCSB-CHG/CHIRPS/DAILY,1991-2020,IBGE_2024
4319802,São Vicente do Sul,RS,1174.225,5,mai,139.27484793745583,OK,1991,2020,30,CHIRPS_v2,UCSB-CHG/CHIRPS/DAILY,1991-2020,IBGE_2024
4319604,São Sepé,RS,2204.779,5,mai,130.17922887922506,OK,1991,2020,30,CHIRPS_v2,UCSB-CHG/CHIRPS/DAILY,1991-2020,IBGE_2024
4310751,Ivorá,RS,122.93,5,mai,141.34129381337596,OK,1991,2020,30,CHIRPS_v2,UCSB-CHG/CHIRPS/DAILY,1991-2020,IBGE_2024
4302808,Caçapava do Sul,RS,3046.787,5,mai,127.95266051313214,OK,1991,2020,30,CHIRPS_v2,UCSB-CHG/CHIRPS/DAILY,1991-2020,IBGE_2024
4318309,São Gabriel,RS,5053.459,5,mai,126.39876779912792,OK,1991,2020,30,CHIRPS_v2,UCSB-CHG/CHIRPS/DAILY,1991-2020,IBGE_2024
4316972,Santa Margarida do Sul,RS,955.299,5,mai,122.90476794169777,OK,1991,2020,30,CHIRPS_v2,UCSB-CHG/CHIRPS/DAILY,1991-2020,IBGE_2024
4317004,Santana da Boa Vista,RS,1418.758,5,mai,125.35106313774038,OK,1991,2020,30,CHIRPS_v2,UCSB-CHG/CHIRPS/DAILY,1991-2020,IBGE_2024
4323457,Vila Nova do Sul,RS,508.278,5,mai,126.42329102776102,OK,1991,2020,30,CHIRPS_v2,UCSB-CHG/CHIRPS/DAILY,1991-2020,IBGE_2024
4311502,Lavras do Sul,RS,2600.991,5,mai,130.17722946168962,OK,1991,2020,30,CHIRPS_v2,UCSB-CHG/CHIRPS/DAILY,1991-2020,IBGE_2024
4314027,Paraíso do Sul,RS,337.534,5,mai,139.4087764030648,OK,1991,2020,30,CHIRPS_v2,UCSB-CHG/CHIRPS/DAILY,1991-2020,IBGE_2024
4305132,Cerro Branco,RS,158.025,5,mai,142.45891912388603,OK,1991,2020,30,CHIRPS_v2,UCSB-CHG/CHIRPS/DAILY,1991-2020,IBGE_2024
4313391,Novo Cabrais,RS,192.998,5,mai,136.82067226955076,OK,1991,2020,30,CHIRPS_v2,UCSB-CHG/CHIRPS/DAILY,1991-2020,IBGE_2024
4303004,Cachoeira do Sul,RS,3736.064,5,mai,127.6884743400522,OK,1991,2020,30,CHIRPS_v2,UCSB-CHG/CHIRPS/DAILY,1991-2020,IBGE_2024
4317400,Santiago,RS,2413.419,5,mai,151.8269737700523,OK,1991,2020,30,CHIRPS_v2,UCSB-CHG/CHIRPS/DAILY,1991-2020,IBGE_2024
4322376,Unistalda,RS,602.26,5,mai,150.50728222477886,OK,1991,2020,30,CHIRPS_v2,UCSB-CHG/CHIRPS/DAILY,1991-2020,IBGE_2024
4304655,Capão do Cipó,RS,1007.796,5,mai,152.23916438714352,OK,1991,2020,30,CHIRPS_v2,UCSB-CHG/CHIRPS/DAILY,1991-2020,IBGE_2024
4313037,Nova Esperança do Sul,RS,191.772,5,mai,148.98615460214162,OK,1991,2020,30,CHIRPS_v2,UCSB-CHG/CHIRPS/DAILY,1991-2020,IBGE_2024
4300406,Alegrete,RS,7800.552,5,mai,129.93365578448388,OK,1991,2020,30,CHIRPS_v2,UCSB-CHG/CHIRPS/DAILY,1991-2020,IBGE_2024
4311759,Manoel Viana,RS,1365.086,5,mai,142.03872226277977,OK,1991,2020,30,CHIRPS_v2,UCSB-CHG/CHIRPS/DAILY,1991-2020,IBGE_2024
4317103,Sant'Ana do Livramento,RS,6946.407,5,mai,134.43462701422774,OK,1991,2020,30,CHIRPS_v2,UCSB-CHG/CHIRPS/DAILY,1991-2020,IBGE_2024
4316402,Rosário do Sul,RS,4343.651,5,mai,131.0095733781384,OK,1991,2020,30,CHIRPS_v2,UCSB-CHG/CHIRPS/DAILY,1991-2020,IBGE_2024
4315305,Quaraí,RS,3139.995,5,mai,130.87509491829348,OK,1991,2020,30,CHIRPS_v2,UCSB-CHG/CHIRPS/DAILY,1991-2020,IBGE_2024
4310207,Ijuí,RS,688.982,5,mai,158.32273206914417,OK,1991,2020,30,CHIRPS_v2,UCSB-CHG/CHIRPS/DAILY,1991-2020,IBGE_2024
4310413,Inhacorá,RS,113.703,5,mai,164.7045985880936,OK,1991,2020,30,CHIRPS_v2,UCSB-CHG/CHIRPS/DAILY,1991-2020,IBGE_2024
4317806,Santo Augusto,RS,467.775,5,mai,162.3929173141808,OK,1991,2020,30,CHIRPS_v2,UCSB-CHG/CHIRPS/DAILY,1991-2020,IBGE_2024
4301503,Augusto Pestana,RS,348.219,5,mai,158.7298468561833,OK,1991,2020,30,CHIRPS_v2,UCSB-CHG/CHIRPS/DAILY,1991-2020,IBGE_2024
4300208,Ajuricaba,RS,322.674,5,mai,157.71805287897632,OK,1991,2020,30,CHIRPS_v2,UCSB-CHG/CHIRPS/DAILY,1991-2020,IBGE_2024
4314308,Pejuçara,RS,414.106,5,mai,156.01859035416408,OK,1991,2020,30,CHIRPS_v2,UCSB-CHG/CHIRPS/DAILY,1991-2020,IBGE_2024
4313904,Panambi,RS,491.57,5,mai,154.64099731196458,OK,1991,2020,30,CHIRPS_v2,UCSB-CHG/CHIRPS/DAILY,1991-2020,IBGE_2024
4305702,Condor,RS,463.568,5,mai,156.20414447384155,OK,1991,2020,30,CHIRPS_v2,UCSB-CHG/CHIRPS/DAILY,1991-2020,IBGE_2024
4305900,Coronel Bicaco,RS,492.303,5,mai,161.31417804862133,OK,1991,2020,30,CHIRPS_v2,UCSB-CHG/CHIRPS/DAILY,1991-2020,IBGE_2024
4305871,Coronel Barros,RS,163.716,5,mai,158.28072572862138,OK,1991,2020,30,CHIRPS_v2,UCSB-CHG/CHIRPS/DAILY,1991-2020,IBGE_2024
4313334,Nova Ramada,RS,255.264,5,mai,160.4707983096823,OK,1991,2020,30,CHIRPS_v2,UCSB-CHG/CHIRPS/DAILY,1991-2020,IBGE_2024
4305009,Catuípe,RS,583.18,5,mai,162.0690950826177,OK,1991,2020,30,CHIRPS_v2,UCSB-CHG/CHIRPS/DAILY,1991-2020,IBGE_2024
4305405,Chiapetta,RS,397.179,5,mai,163.15902313551163,OK,1991,2020,30,CHIRPS_v2,UCSB-CHG/CHIRPS/DAILY,1991-2020,IBGE_2024
4311155,Jóia,RS,1238.709,5,mai,155.92766586953044,OK,1991,2020,30,CHIRPS_v2,UCSB-CHG/CHIRPS/DAILY,1991-2020,IBGE_2024
4319737,São Valério do Sul,RS,107.402,5,mai,163.4105270061744,OK,1991,2020,30,CHIRPS_v2,UCSB-CHG/CHIRPS/DAILY,1991-2020,IBGE_2024
4302584,Bozano,RS,200.497,5,mai,156.93449921732204,OK,1991,2020,30,CHIRPS_v2,UCSB-CHG/CHIRPS/DAILY,1991-2020,IBGE_2024
4317905,Santo Cristo,RS,367.069,5,mai,153.78392728468955,OK,1991,2020,30,CHIRPS_v2,UCSB-CHG/CHIRPS/DAILY,1991-2020,IBGE_2024
4317202,Santa Rosa,RS,489.303,5,mai,157.36558840080167,OK,1991,2020,30,CHIRPS_v2,UCSB-CHG/CHIRPS/DAILY,1991-2020,IBGE_2024
4300307,Alecrim,RS,316.394,5,mai,150.9246970106595,OK,1991,2020,30,CHIRPS_v2,UCSB-CHG/CHIRPS/DAILY,1991-2020,IBGE_2024
4315008,Porto Lucena,RS,250.809,5,mai,151.51766570483014,OK,1991,2020,30,CHIRPS_v2,UCSB-CHG/CHIRPS/DAILY,1991-2020,IBGE_2024
4315073,Porto Vera Cruz,RS,114.349,5,mai,151.58285048892307,OK,1991,2020,30,CHIRPS_v2,UCSB-CHG/CHIRPS/DAILY,1991-2020,IBGE_2024
4315057,Porto Mauá,RS,105.811,5,mai,152.64675909882862,OK,1991,2020,30,CHIRPS_v2,UCSB-CHG/CHIRPS/DAILY,1991-2020,IBGE_2024
4322103,Tucunduva,RS,181.198,5,mai,156.06241924834188,OK,1991,2020,30,CHIRPS_v2,UCSB-CHG/CHIRPS/DAILY,1991-2020,IBGE_2024
4322301,Tuparendi,RS,307.71,5,mai,154.07298864346913,OK,1991,2020,30,CHIRPS_v2,UCSB-CHG/CHIRPS/DAILY,1991-2020,IBGE_2024
4313425,Novo Machado,RS,218.836,5,mai,154.8666046417155,OK,1991,2020,30,CHIRPS_v2,UCSB-CHG/CHIRPS/DAILY,1991-2020,IBGE_2024
4304309,Cândido Godói,RS,247.196,5,mai,154.956255295164,OK,1991,2020,30,CHIRPS_v2,UCSB-CHG/CHIRPS/DAILY,1991-2020,IBGE_2024
4320321,Senador Salgado Filho,RS,147.086,5,mai,158.36379063419582,OK,1991,2020,30,CHIRPS_v2,UCSB-CHG/CHIRPS/DAILY,1991-2020,IBGE_2024
4303707,Campina das Missões,RS,224.792,5,mai,152.96529334774525,OK,1991,2020,30,CHIRPS_v2,UCSB-CHG/CHIRPS/DAILY,1991-2020,IBGE_2024
4319158,São Miguel das Missões,RS,1228.91,5,mai,153.27242143435925,OK,1991,2020,30,CHIRPS_v2,UCSB-CHG/CHIRPS/DAILY,1991-2020,IBGE_2024
4317509,Santo Ângelo,RS,678.501,5,mai,159.74754835624037,OK,1991,2020,30,CHIRPS_v2,UCSB-CHG/CHIRPS/DAILY,1991-2020,IBGE_2024
4309506,Guarani das Missões,RS,289.515,5,mai,157.68341480540712,OK,1991,2020,30,CHIRPS_v2,UCSB-CHG/CHIRPS/DAILY,1991-2020,IBGE_2024
4309001,Giruá,RS,855.56,5,mai,161.519089341393,OK,1991,2020,30,CHIRPS_v2,UCSB-CHG/CHIRPS/DAILY,1991-2020,IBGE_2024
4307831,Eugênio de Castro,RS,417.821,5,mai,158.20393307058146,OK,1991,2020,30,CHIRPS_v2,UCSB-CHG/CHIRPS/DAILY,1991-2020,IBGE_2024
4323754,Vitória das Missões,RS,258.454,5,mai,157.7180668414395,OK,1991,2020,30,CHIRPS_v2,UCSB-CHG/CHIRPS/DAILY,1991-2020,IBGE_2024
4306932,Entre-Ijuís,RS,553.915,5,mai,157.9629730458422,OK,1991,2020,30,CHIRPS_v2,UCSB-CHG/CHIRPS/DAILY,1991-2020,IBGE_2024
4320578,Sete de Setembro,RS,131.66,5,mai,159.110652140106,OK,1991,2020,30,CHIRPS_v2,UCSB-CHG/CHIRPS/DAILY,1991-2020,IBGE_2024
4319109,São Martinho,RS,171.245,5,mai,162.4376611160055,OK,1991,2020,30,CHIRPS_v2,UCSB-CHG/CHIRPS/DAILY,1991-2020,IBGE_2024
4302378,Bom Progresso,RS,89.206,5,mai,162.0707998838634,OK,1991,2020,30,CHIRPS_v2,UCSB-CHG/CHIRPS/DAILY,1991-2020,IBGE_2024
4309704,Humaitá,RS,135.01,5,mai,162.9651128280022,OK,1991,2020,30,CHIRPS_v2,UCSB-CHG/CHIRPS/DAILY,1991-2020,IBGE_2024
4301859,Barra do Guarita,RS,62.801,5,mai,153.75144731007865,OK,1991,2020,30,CHIRPS_v2,UCSB-CHG/CHIRPS/DAILY,1991-2020,IBGE_2024
4315404,Redentora,RS,303.705,5,mai,157.5269625183212,OK,1991,2020,30,CHIRPS_v2,UCSB-CHG/CHIRPS/DAILY,1991-2020,IBGE_2024
4307450,Esperança do Sul,RS,148.909,5,mai,164.3040114785453,OK,1991,2020,30,CHIRPS_v2,UCSB-CHG/CHIRPS/DAILY,1991-2020,IBGE_2024
4323705,Vista Gaúcha,RS,90.022,5,mai,152.39858763960274,OK,1991,2020,30,CHIRPS_v2,UCSB-CHG/CHIRPS/DAILY,1991-2020,IBGE_2024
4306007,Crissiumal,RS,362.032,5,mai,162.43847935356234,OK,1991,2020,30,CHIRPS_v2,UCSB-CHG/CHIRPS/DAILY,1991-2020,IBGE_2024
4306320,Derrubadas,RS,360.851,5,mai,160.92700718403043,OK,1991,2020,30,CHIRPS_v2,UCSB-CHG/CHIRPS/DAILY,1991-2020,IBGE_2024
4321907,Três Passos,RS,268.902,5,mai,162.08275796961195,OK,1991,2020,30,CHIRPS_v2,UCSB-CHG/CHIRPS/DAILY,1991-2020,IBGE_2024
4321402,Tenente Portela,RS,337.495,5,mai,157.491337631305,OK,1991,2020,30,CHIRPS_v2,UCSB-CHG/CHIRPS/DAILY,1991-2020,IBGE_2024
4321477,Tiradentes do Sul,RS,236.653,5,mai,163.12117282022118,OK,1991,2020,30,CHIRPS_v2,UCSB-CHG/CHIRPS/DAILY,1991-2020,IBGE_2024
4312302,Miraguaí,RS,131.236,5,mai,159.07421646326932,OK,1991,2020,30,CHIRPS_v2,UCSB-CHG/CHIRPS/DAILY,1991-2020,IBGE_2024
4304002,Campo Novo,RS,220.719,5,mai,163.1715454477163,OK,1991,2020,30,CHIRPS_v2,UCSB-CHG/CHIRPS/DAILY,1991-2020,IBGE_2024
4320230,Sede Nova,RS,119.312,5,mai,162.79653623645171,OK,1991,2020,30,CHIRPS_v2,UCSB-CHG/CHIRPS/DAILY,1991-2020,IBGE_2024
4302600,Braga,RS,132.044,5,mai,162.23963843060915,OK,1991,2020,30,CHIRPS_v2,UCSB-CHG/CHIRPS/DAILY,1991-2020,IBGE_2024
4302501,Bossoroca,RS,1610.056,5,mai,153.04589911533654,OK,1991,2020,30,CHIRPS_v2,UCSB-CHG/CHIRPS/DAILY,1991-2020,IBGE_2024
4319208,São Nicolau,RS,497.446,5,mai,151.24726622657835,OK,1991,2020,30,CHIRPS_v2,UCSB-CHG/CHIRPS/DAILY,1991-2020,IBGE_2024
4315958,Rolador,RS,295.201,5,mai,155.48453945490894,OK,1991,2020,30,CHIRPS_v2,UCSB-CHG/CHIRPS/DAILY,1991-2020,IBGE_2024
4314555,Pirapó,RS,281.794,5,mai,150.14157163461434,OK,1991,2020,30,CHIRPS_v2,UCSB-CHG/CHIRPS/DAILY,1991-2020,IBGE_2024
4306353,Dezesseis de Novembro,RS,216.341,5,mai,153.595630130282,OK,1991,2020,30,CHIRPS_v2,UCSB-CHG/CHIRPS/DAILY,1991-2020,IBGE_2024
4303301,Caibaté,RS,261.28,5,mai,155.85302697457314,OK,1991,2020,30,CHIRPS_v2,UCSB-CHG/CHIRPS/DAILY,1991-2020,IBGE_2024
4318903,São Luiz Gonzaga,RS,1296.773,5,mai,154.70291711668227,OK,1991,2020,30,CHIRPS_v2,UCSB-CHG/CHIRPS/DAILY,1991-2020,IBGE_2024
4318499,São José do Inhacorá,RS,77.743,5,mai,161.8124813021586,OK,1991,2020,30,CHIRPS_v2,UCSB-CHG/CHIRPS/DAILY,1991-2020,IBGE_2024
4310405,Independência,RS,358.397,5,mai,163.3347729849403,OK,1991,2020,30,CHIRPS_v2,UCSB-CHG/CHIRPS/DAILY,1991-2020,IBGE_2024
4302204,Boa Vista do Buricá,RS,109.498,5,mai,161.77284856236025,OK,1991,2020,30,CHIRPS_v2,UCSB-CHG/CHIRPS/DAILY,1991-2020,IBGE_2024
4309605,Horizontina,RS,229.798,5,mai,158.9314382894392,OK,1991,2020,30,CHIRPS_v2,UCSB-CHG/CHIRPS/DAILY,1991-2020,IBGE_2024
4300455,Alegria,RS,172.686,5,mai,164.62728096084692,OK,1991,2020,30,CHIRPS_v2,UCSB-CHG/CHIRPS/DAILY,1991-2020,IBGE_2024
4306734,Doutor Maurício Cardoso,RS,255.799,5,mai,157.61223740447875,OK,1991,2020,30,CHIRPS_v2,UCSB-CHG/CHIRPS/DAILY,1991-2020,IBGE_2024
4321808,Três de Maio,RS,421.604,5,mai,160.11812176262282,OK,1991,2020,30,CHIRPS_v2,UCSB-CHG/CHIRPS/DAILY,1991-2020,IBGE_2024
4313011,Nova Candelária,RS,97.5,5,mai,162.32253591121145,OK,1991,2020,30,CHIRPS_v2,UCSB-CHG/CHIRPS/DAILY,1991-2020,IBGE_2024
4316477,Salvador das Missões,RS,95.952,5,mai,155.45763029955825,OK,1991,2020,30,CHIRPS_v2,UCSB-CHG/CHIRPS/DAILY,1991-2020,IBGE_2024
4316303,Roque Gonzales,RS,349.084,5,mai,150.17962423978813,OK,1991,2020,30,CHIRPS_v2,UCSB-CHG/CHIRPS/DAILY,1991-2020,IBGE_2024
4315107,Porto Xavier,RS,281.497,5,mai,149.3856986734863,OK,1991,2020,30,CHIRPS_v2,UCSB-CHG/CHIRPS/DAILY,1991-2020,IBGE_2024
4322343,Ubiretama,RS,125.95,5,mai,156.3619736377955,OK,1991,2020,30,CHIRPS_v2,UCSB-CHG/CHIRPS/DAILY,1991-2020,IBGE_2024
4305207,Cerro Largo,RS,176.742,5,mai,156.7936589775262,OK,1991,2020,30,CHIRPS_v2,UCSB-CHG/CHIRPS/DAILY,1991-2020,IBGE_2024
4312179,Mato Queimado,RS,114.653,5,mai,156.72479838270468,OK,1991,2020,30,CHIRPS_v2,UCSB-CHG/CHIRPS/DAILY,1991-2020,IBGE_2024
4319307,São Paulo das Missões,RS,222.504,5,mai,152.27477377606718,OK,1991,2020,30,CHIRPS_v2,UCSB-CHG/CHIRPS/DAILY,1991-2020,IBGE_2024
4319372,São Pedro do Butiá,RS,107.394,5,mai,154.70955396855982,OK,1991,2020,30,CHIRPS_v2,UCSB-CHG/CHIRPS/DAILY,1991-2020,IBGE_2024
4314100,Passo Fundo,RS,784.406,5,mai,146.5303925666405,OK,1991,2020,30,CHIRPS_v2,UCSB-CHG/CHIRPS/DAILY,1991-2020,IBGE_2024
4300554,Alto Alegre,RS,115.335,5,mai,140.73454203316246,OK,1991,2020,30,CHIRPS_v2,UCSB-CHG/CHIRPS/DAILY,1991-2020,IBGE_2024
4316105,Ronda Alta,RS,418.675,5,mai,150.24273419861058,OK,1991,2020,30,CHIRPS_v2,UCSB-CHG/CHIRPS/DAILY,1991-2020,IBGE_2024
4307054,Ernestina,RS,238.558,5,mai,148.58041517761572,OK,1991,2020,30,CHIRPS_v2,UCSB-CHG/CHIRPS/DAILY,1991-2020,IBGE_2024
4307500,Espumoso,RS,783.642,5,mai,139.0854059429543,OK,1991,2020,30,CHIRPS_v2,UCSB-CHG/CHIRPS/DAILY,1991-2020,IBGE_2024
4314779,Pontão,RS,502.709,5,mai,150.50741808108168,OK,1991,2020,30,CHIRPS_v2,UCSB-CHG/CHIRPS/DAILY,1991-2020,IBGE_2024
4323200,Victor Graeff,RS,238.133,5,mai,147.20383012575587,OK,1991,2020,30,CHIRPS_v2,UCSB-CHG/CHIRPS/DAILY,1991-2020,IBGE_2024
4305975,Coxilha,RS,422.101,5,mai,148.3543425417659,OK,1991,2020,30,CHIRPS_v2,UCSB-CHG/CHIRPS/DAILY,1991-2020,IBGE_2024
4321469,Tio Hugo,RS,113.944,5,mai,146.77971240583975,OK,1991,2020,30,CHIRPS_v2,UCSB-CHG/CHIRPS/DAILY,1991-2020,IBGE_2024
4321857,Três Palmeiras,RS,180.599,5,mai,151.77526715840312,OK,1991,2020,30,CHIRPS_v2,UCSB-CHG/CHIRPS/DAILY,1991-2020,IBGE_2024
4321006,Tapera,RS,179.935,5,mai,143.77198869575187,OK,1991,2020,30,CHIRPS_v2,UCSB-CHG/CHIRPS/DAILY,1991-2020,IBGE_2024
4312674,Nicolau Vergueiro,RS,154.995,5,mai,145.76544695636156,OK,1991,2020,30,CHIRPS_v2,UCSB-CHG/CHIRPS/DAILY,1991-2020,IBGE_2024
4320503,Sertão,RS,440.631,5,mai,150.41813802912748,OK,1991,2020,30,CHIRPS_v2,UCSB-CHG/CHIRPS/DAILY,1991-2020,IBGE_2024
4304101,Campos Borges,RS,226.202,5,mai,138.47803509238088,OK,1991,2020,30,CHIRPS_v2,UCSB-CHG/CHIRPS/DAILY,1991-2020,IBGE_2024
4312138,Mato Castelhano,RS,238.268,5,mai,146.8552629586643,OK,1991,2020,30,CHIRPS_v2,UCSB-CHG/CHIRPS/DAILY,1991-2020,IBGE_2024
4311270,Lagoa dos Três Cantos,RS,138.602,5,mai,146.50367773486676,OK,1991,2020,30,CHIRPS_v2,UCSB-CHG/CHIRPS/DAILY,1991-2020,IBGE_2024
4310702,Itatiba do Sul,RS,212.669,5,mai,163.31339046361055,OK,1991,2020,30,CHIRPS_v2,UCSB-CHG/CHIRPS/DAILY,1991-2020,IBGE_2024
4310900,Jacutinga,RS,178.009,5,mai,152.04776706681955,OK,1991,2020,30,CHIRPS_v2,UCSB-CHG/CHIRPS/DAILY,1991-2020,IBGE_2024
4302055,Benjamin Constant do Sul,RS,132.351,5,mai,154.80047029668827,OK,1991,2020,30,CHIRPS_v2,UCSB-CHG/CHIRPS/DAILY,1991-2020,IBGE_2024
4301925,Barra do Rio Azul,RS,146.995,5,mai,155.64408732010494,OK,1991,2020,30,CHIRPS_v2,UCSB-CHG/CHIRPS/DAILY,1991-2020,IBGE_2024
4310462,Ipiranga do Sul,RS,158.71,5,mai,150.42922982322034,OK,1991,2020,30,CHIRPS_v2,UCSB-CHG/CHIRPS/DAILY,1991-2020,IBGE_2024
4301552,Áurea,RS,156.727,5,mai,146.4896877768288,OK,1991,2020,30,CHIRPS_v2,UCSB-CHG/CHIRPS/DAILY,1991-2020,IBGE_2024
4301701,Barão de Cotegipe,RS,260.505,5,mai,150.73274139352586,OK,1991,2020,30,CHIRPS_v2,UCSB-CHG/CHIRPS/DAILY,1991-2020,IBGE_2024
4300901,Aratiba,RS,342.279,5,mai,153.935540279628,OK,1991,2020,30,CHIRPS_v2,UCSB-CHG/CHIRPS/DAILY,1991-2020,IBGE_2024
4308706,Gaurama,RS,204.428,5,mai,146.6544643937438,OK,1991,2020,30,CHIRPS_v2,UCSB-CHG/CHIRPS/DAILY,1991-2020,IBGE_2024
4308904,Getúlio Vargas,RS,287.466,5,mai,147.9013237713511,OK,1991,2020,30,CHIRPS_v2,UCSB-CHG/CHIRPS/DAILY,1991-2020,IBGE_2024
4308250,Floriano Peixoto,RS,168.521,5,mai,147.59882309196763,OK,1991,2020,30,CHIRPS_v2,UCSB-CHG/CHIRPS/DAILY,1991-2020,IBGE_2024
4308052,Faxinalzinho,RS,143.321,5,mai,160.5849311952218,OK,1991,2020,30,CHIRPS_v2,UCSB-CHG/CHIRPS/DAILY,1991-2020,IBGE_2024
4307559,Estação,RS,99.757,5,mai,148.71624094102125,OK,1991,2020,30,CHIRPS_v2,UCSB-CHG/CHIRPS/DAILY,1991-2020,IBGE_2024
4307203,Erval Grande,RS,285.677,5,mai,164.14896791540903,OK,1991,2020,30,CHIRPS_v2,UCSB-CHG/CHIRPS/DAILY,1991-2020,IBGE_2024
4315313,Quatro Irmãos,RS,268.971,5,mai,151.4865463838575,OK,1991,2020,30,CHIRPS_v2,UCSB-CHG/CHIRPS/DAILY,1991-2020,IBGE_2024
4322905,Viadutos,RS,266.67,5,mai,144.30144337636636,OK,1991,2020,30,CHIRPS_v2,UCSB-CHG/CHIRPS/DAILY,1991-2020,IBGE_2024
4314787,Ponte Preta,RS,99.504,5,mai,152.4907753724261,OK,1991,2020,30,CHIRPS_v2,UCSB-CHG/CHIRPS/DAILY,1991-2020,IBGE_2024
4307005,Erechim,RS,429.164,5,mai,148.4033413597179,OK,1991,2020,30,CHIRPS_v2,UCSB-CHG/CHIRPS/DAILY,1991-2020,IBGE_2024
4306973,Erebango,RS,152.793,5,mai,149.5653690175526,OK,1991,2020,30,CHIRPS_v2,UCSB-CHG/CHIRPS/DAILY,1991-2020,IBGE_2024
4306957,Entre Rios do Sul,RS,119.912,5,mai,155.39229525524453,OK,1991,2020,30,CHIRPS_v2,UCSB-CHG/CHIRPS/DAILY,1991-2020,IBGE_2024
4306130,Cruzaltense,RS,166.883,5,mai,154.9284424436969,OK,1991,2020,30,CHIRPS_v2,UCSB-CHG/CHIRPS/DAILY,1991-2020,IBGE_2024
4314134,Paulo Bento,RS,149.669,5,mai,150.9112376651956,OK,1991,2020,30,CHIRPS_v2,UCSB-CHG/CHIRPS/DAILY,1991-2020,IBGE_2024
4305116,Centenário,RS,134.78,5,mai,145.31261097810068,OK,1991,2020,30,CHIRPS_v2,UCSB-CHG/CHIRPS/DAILY,1991-2020,IBGE_2024
4321634,Três Arroios,RS,148.601,5,mai,147.43573838256856,OK,1991,2020,30,CHIRPS_v2,UCSB-CHG/CHIRPS/DAILY,1991-2020,IBGE_2024
4304853,Carlos Gomes,RS,83.196,5,mai,144.61315582076375,OK,1991,2020,30,CHIRPS_v2,UCSB-CHG/CHIRPS/DAILY,1991-2020,IBGE_2024
4320602,Severiano de Almeida,RS,167.598,5,mai,146.3957662705609,OK,1991,2020,30,CHIRPS_v2,UCSB-CHG/CHIRPS/DAILY,1991-2020,IBGE_2024
4311908,Marcelino Ramos,RS,229.551,5,mai,143.11624582206971,OK,1991,2020,30,CHIRPS_v2,UCSB-CHG/CHIRPS/DAILY,1991-2020,IBGE_2024
4312005,Mariano Moro,RS,98.727,5,mai,152.7192746599672,OK,1991,2020,30,CHIRPS_v2,UCSB-CHG/CHIRPS/DAILY,1991-2020,IBGE_2024
4303806,Campinas do Sul,RS,276.162,5,mai,152.58739966306968,OK,1991,2020,30,CHIRPS_v2,UCSB-CHG/CHIRPS/DAILY,1991-2020,IBGE_2024
4319703,São Valentim,RS,154.45,5,mai,152.73320705695767,OK,1991,2020,30,CHIRPS_v2,UCSB-CHG/CHIRPS/DAILY,1991-2020,IBGE_2024
4310876,Jacuizinho,RS,339.399,5,mai,136.86809616820113,OK,1991,2020,30,CHIRPS_v2,UCSB-CHG/CHIRPS/DAILY,1991-2020,IBGE_2024
4302238,Boa Vista do Incra,RS,504.114,5,mai,146.95029581982956,OK,1991,2020,30,CHIRPS_v2,UCSB-CHG/CHIRPS/DAILY,1991-2020,IBGE_2024
4302220,Boa Vista do Cadeado,RS,701.221,5,mai,157.40424942018734,OK,1991,2020,30,CHIRPS_v2,UCSB-CHG/CHIRPS/DAILY,1991-2020,IBGE_2024
4310009,Ibirubá,RS,607.185,5,mai,145.79853506775527,OK,1991,2020,30,CHIRPS_v2,UCSB-CHG/CHIRPS/DAILY,1991-2020,IBGE_2024
4316451,Salto do Jacuí,RS,507.698,5,mai,139.3711733532173,OK,1991,2020,30,CHIRPS_v2,UCSB-CHG/CHIRPS/DAILY,1991-2020,IBGE_2024
4308458,Fortaleza dos Valos,RS,650.512,5,mai,141.4940503174008,OK,1991,2020,30,CHIRPS_v2,UCSB-CHG/CHIRPS/DAILY,1991-2020,IBGE_2024
4316709,Santa Bárbara do Sul,RS,975.799,5,mai,150.20749283284437,OK,1991,2020,30,CHIRPS_v2,UCSB-CHG/CHIRPS/DAILY,1991-2020,IBGE_2024
4315354,Quinze de Novembro,RS,223.072,5,mai,142.18986370717147,OK,1991,2020,30,CHIRPS_v2,UCSB-CHG/CHIRPS/DAILY,1991-2020,IBGE_2024
4306106,Cruz Alta,RS,1360.548,5,mai,154.2815272970858,OK,1991,2020,30,CHIRPS_v2,UCSB-CHG/CHIRPS/DAILY,1991-2020,IBGE_2024
4322202,Tupanciretã,RS,2253.234,5,mai,153.26601794089981,OK,1991,2020,30,CHIRPS_v2,UCSB-CHG/CHIRPS/DAILY,1991-2020,IBGE_2024
4320305,Selbach,RS,176.47,5,mai,143.4434987964031,OK,1991,2020,30,CHIRPS_v2,UCSB-CHG/CHIRPS/DAILY,1991-2020,IBGE_2024
4301958,Barra Funda,RS,60.437,5,mai,152.1182360736724,OK,1991,2020,30,CHIRPS_v2,UCSB-CHG/CHIRPS/DAILY,1991-2020,IBGE_2024
4317756,Santo Antônio do Planalto,RS,203.44,5,mai,149.04539491566584,OK,1991,2020,30,CHIRPS_v2,UCSB-CHG/CHIRPS/DAILY,1991-2020,IBGE_2024
4300471,Almirante Tamandaré do Sul,RS,265.042,5,mai,151.68210584358792,OK,1991,2020,30,CHIRPS_v2,UCSB-CHG/CHIRPS/DAILY,1991-2020,IBGE_2024
4316436,Saldanha Marinho,RS,221.554,5,mai,148.76334445692996,OK,1991,2020,30,CHIRPS_v2,UCSB-CHG/CHIRPS/DAILY,1991-2020,IBGE_2024
4316204,Rondinha,RS,252.454,5,mai,150.87213624047294,OK,1991,2020,30,CHIRPS_v2,UCSB-CHG/CHIRPS/DAILY,1991-2020,IBGE_2024
4306924,Engenho Velho,RS,71.191,5,mai,151.76525989179777,OK,1991,2020,30,CHIRPS_v2,UCSB-CHG/CHIRPS/DAILY,1991-2020,IBGE_2024
4305603,Colorado,RS,286.295,5,mai,146.57466995960525,OK,1991,2020,30,CHIRPS_v2,UCSB-CHG/CHIRPS/DAILY,1991-2020,IBGE_2024
4305850,Coqueiros do Sul,RS,277.147,5,mai,151.61777405918136,OK,1991,2020,30,CHIRPS_v2,UCSB-CHG/CHIRPS/DAILY,1991-2020,IBGE_2024
4305801,Constantina,RS,203.614,5,mai,153.51837081954307,OK,1991,2020,30,CHIRPS_v2,UCSB-CHG/CHIRPS/DAILY,1991-2020,IBGE_2024
4313466,Novo Xingu,RS,79.851,5,mai,155.02180610660605,OK,1991,2020,30,CHIRPS_v2,UCSB-CHG/CHIRPS/DAILY,1991-2020,IBGE_2024
4305306,Chapada,RS,684.247,5,mai,151.918855726588,OK,1991,2020,30,CHIRPS_v2,UCSB-CHG/CHIRPS/DAILY,1991-2020,IBGE_2024
4304705,Carazinho,RS,666.694,5,mai,150.72935502287447,OK,1991,2020,30,CHIRPS_v2,UCSB-CHG/CHIRPS/DAILY,1991-2020,IBGE_2024
4312658,Não-Me-Toque,RS,361.689,5,mai,147.62387696254328,OK,1991,2020,30,CHIRPS_v2,UCSB-CHG/CHIRPS/DAILY,1991-2020,IBGE_2024
4312955,Nova Boa Vista,RS,93.733,5,mai,152.05699071830435,OK,1991,2020,30,CHIRPS_v2,UCSB-CHG/CHIRPS/DAILY,1991-2020,IBGE_2024
4320107,Sarandi,RS,351.718,5,mai,151.54406267696365,OK,1991,2020,30,CHIRPS_v2,UCSB-CHG/CHIRPS/DAILY,1991-2020,IBGE_2024
4310504,Iraí,RS,181.85,5,mai,161.8326730219408,OK,1991,2020,30,CHIRPS_v2,UCSB-CHG/CHIRPS/DAILY,1991-2020,IBGE_2024
4302154,Boa Vista das Missões,RS,196.064,5,mai,154.30308026603043,OK,1991,2020,30,CHIRPS_v2,UCSB-CHG/CHIRPS/DAILY,1991-2020,IBGE_2024
4300646,Ametista do Sul,RS,93.605,5,mai,158.61149539454004,OK,1991,2020,30,CHIRPS_v2,UCSB-CHG/CHIRPS/DAILY,1991-2020,IBGE_2024
4308508,Frederico Westphalen,RS,264.876,5,mai,156.3019711253612,OK,1991,2020,30,CHIRPS_v2,UCSB-CHG/CHIRPS/DAILY,1991-2020,IBGE_2024
4315909,Rodeio Bonito,RS,83.278,5,mai,156.60403860512955,OK,1991,2020,30,CHIRPS_v2,UCSB-CHG/CHIRPS/DAILY,1991-2020,IBGE_2024
4323507,Vista Alegre,RS,77.656,5,mai,152.93698676197593,OK,1991,2020,30,CHIRPS_v2,UCSB-CHG/CHIRPS/DAILY,1991-2020,IBGE_2024
4307302,Erval Seco,RS,357.181,5,mai,154.9921938106399,OK,1991,2020,30,CHIRPS_v2,UCSB-CHG/CHIRPS/DAILY,1991-2020,IBGE_2024
4323101,Vicente Dutra,RS,193.023,5,mai,153.07911279679138,OK,1991,2020,30,CHIRPS_v2,UCSB-CHG/CHIRPS/DAILY,1991-2020,IBGE_2024
4306072,Cristal do Sul,RS,97.073,5,mai,156.23676870036635,OK,1991,2020,30,CHIRPS_v2,UCSB-CHG/CHIRPS/DAILY,1991-2020,IBGE_2024
4314498,Pinheirinho do Vale,RS,105.385,5,mai,150.1460963014727,OK,1991,2020,30,CHIRPS_v2,UCSB-CHG/CHIRPS/DAILY,1991-2020,IBGE_2024
4314456,Pinhal,RS,68.222,5,mai,156.01422397660303,OK,1991,2020,30,CHIRPS_v2,UCSB-CHG/CHIRPS/DAILY,1991-2020,IBGE_2024
4313805,Palmitinho,RS,144.181,5,mai,152.3920038302768,OK,1991,2020,30,CHIRPS_v2,UCSB-CHG/CHIRPS/DAILY,1991-2020,IBGE_2024
4313441,Novo Tiradentes,RS,75.428,5,mai,156.13557204729594,OK,1991,2020,30,CHIRPS_v2,UCSB-CHG/CHIRPS/DAILY,1991-2020,IBGE_2024
4321329,Taquaruçu do Sul,RS,76.917,5,mai,155.15259676537136,OK,1991,2020,30,CHIRPS_v2,UCSB-CHG/CHIRPS/DAILY,1991-2020,IBGE_2024
4320206,Seberi,RS,301.032,5,mai,155.41870751957956,OK,1991,2020,30,CHIRPS_v2,UCSB-CHG/CHIRPS/DAILY,1991-2020,IBGE_2024
4311601,Liberato Salzano,RS,245.627,5,mai,155.6515343910351,OK,1991,2020,30,CHIRPS_v2,UCSB-CHG/CHIRPS/DAILY,1991-2020,IBGE_2024
4303400,Caiçara,RS,189.071,5,mai,151.58034160789552,OK,1991,2020,30,CHIRPS_v2,UCSB-CHG/CHIRPS/DAILY,1991-2020,IBGE_2024
4310850,Jaboticaba,RS,127.589,5,mai,155.1721259595045,OK,1991,2020,30,CHIRPS_v2,UCSB-CHG/CHIRPS/DAILY,1991-2020,IBGE_2024
4318051,São Domingos do Sul,RS,78.67,5,mai,140.44758933959199,OK,1991,2020,30,CHIRPS_v2,UCSB-CHG/CHIRPS/DAILY,1991-2020,IBGE_2024
4317558,Santo Antônio do Palma,RS,126.094,5,mai,142.19948728773474,OK,1991,2020,30,CHIRPS_v2,UCSB-CHG/CHIRPS/DAILY,1991-2020,IBGE_2024
4308854,Gentil,RS,184.715,5,mai,144.64658340455597,OK,1991,2020,30,CHIRPS_v2,UCSB-CHG/CHIRPS/DAILY,1991-2020,IBGE_2024
4323408,Vila Maria,RS,181.061,5,mai,142.82659140375375,OK,1991,2020,30,CHIRPS_v2,UCSB-CHG/CHIRPS/DAILY,1991-2020,IBGE_2024
4322558,Vanini,RS,64.905,5,mai,140.42140493456867,OK,1991,2020,30,CHIRPS_v2,UCSB-CHG/CHIRPS/DAILY,1991-2020,IBGE_2024
4306304,David Canabarro,RS,174.172,5,mai,142.4374209936368,OK,1991,2020,30,CHIRPS_v2,UCSB-CHG/CHIRPS/DAILY,1991-2020,IBGE_2024
4305504,Ciríaco,RS,274.35,5,mai,144.95643384321193,OK,1991,2020,30,CHIRPS_v2,UCSB-CHG/CHIRPS/DAILY,1991-2020,IBGE_2024
4312757,Nova Alvorada,RS,148.861,5,mai,140.50097953752865,OK,1991,2020,30,CHIRPS_v2,UCSB-CHG/CHIRPS/DAILY,1991-2020,IBGE_2024
4304903,Casca,RS,272.041,5,mai,140.64666466190934,OK,1991,2020,30,CHIRPS_v2,UCSB-CHG/CHIRPS/DAILY,1991-2020,IBGE_2024
4312625,Muliterno,RS,110.969,5,mai,143.72930195415128,OK,1991,2020,30,CHIRPS_v2,UCSB-CHG/CHIRPS/DAILY,1991-2020,IBGE_2024
4311809,Marau,RS,649.77,5,mai,144.91688913962227,OK,1991,2020,30,CHIRPS_v2,UCSB-CHG/CHIRPS/DAILY,1991-2020,IBGE_2024
4303558,Camargo,RS,138.069,5,mai,142.05852130596196,OK,1991,2020,30,CHIRPS_v2,UCSB-CHG/CHIRPS/DAILY,1991-2020,IBGE_2024
4318465,São José do Herval,RS,102.912,5,mai,137.48787176153402,OK,1991,2020,30,CHIRPS_v2,UCSB-CHG/CHIRPS/DAILY,1991-2020,IBGE_2024
4302006,Barros Cassal,RS,647.994,5,mai,137.71674793693796,OK,1991,2020,30,CHIRPS_v2,UCSB-CHG/CHIRPS/DAILY,1991-2020,IBGE_2024
4310579,Itapuca,RS,184.673,5,mai,142.13417812429736,OK,1991,2020,30,CHIRPS_v2,UCSB-CHG/CHIRPS/DAILY,1991-2020,IBGE_2024
4301404,Arvorezinha,RS,269.31,5,mai,141.82533643017635,OK,1991,2020,30,CHIRPS_v2,UCSB-CHG/CHIRPS/DAILY,1991-2020,IBGE_2024
4309951,Ibirapuitã,RS,307.164,5,mai,144.61087432874857,OK,1991,2020,30,CHIRPS_v2,UCSB-CHG/CHIRPS/DAILY,1991-2020,IBGE_2024
4308300,Fontoura Xavier,RS,583.239,5,mai,136.95968822377677,OK,1991,2020,30,CHIRPS_v2,UCSB-CHG/CHIRPS/DAILY,1991-2020,IBGE_2024
4320800,Soledade,RS,1215.056,5,mai,139.94711498608072,OK,1991,2020,30,CHIRPS_v2,UCSB-CHG/CHIRPS/DAILY,1991-2020,IBGE_2024
4312427,Mormaço,RS,146.191,5,mai,142.45430813536404,OK,1991,2020,30,CHIRPS_v2,UCSB-CHG/CHIRPS/DAILY,1991-2020,IBGE_2024
4318424,São João da Urtiga,RS,171.504,5,mai,145.58601792303608,OK,1991,2020,30,CHIRPS_v2,UCSB-CHG/CHIRPS/DAILY,1991-2020,IBGE_2024
4317954,Santo Expedito do Sul,RS,125.334,5,mai,144.18671412321746,OK,1991,2020,30,CHIRPS_v2,UCSB-CHG/CHIRPS/DAILY,1991-2020,IBGE_2024
4309803,Ibiaçá,RS,348.778,5,mai,147.70102757345222,OK,1991,2020,30,CHIRPS_v2,UCSB-CHG/CHIRPS/DAILY,1991-2020,IBGE_2024
4300059,Água Santa,RS,291.526,5,mai,147.19082546497805,OK,1991,2020,30,CHIRPS_v2,UCSB-CHG/CHIRPS/DAILY,1991-2020,IBGE_2024
4316733,Santa Cecília do Sul,RS,200.056,5,mai,146.11082826750487,OK,1991,2020,30,CHIRPS_v2,UCSB-CHG/CHIRPS/DAILY,1991-2020,IBGE_2024
4316600,Sananduva,RS,504.499,5,mai,146.37167710156925,OK,1991,2020,30,CHIRPS_v2,UCSB-CHG/CHIRPS/DAILY,1991-2020,IBGE_2024
4323358,Vila Lângaro,RS,151.673,5,mai,149.73574214716828,OK,1991,2020,30,CHIRPS_v2,UCSB-CHG/CHIRPS/DAILY,1991-2020,IBGE_2024
4305371,Charrua,RS,198.748,5,mai,148.01001957190616,OK,1991,2020,30,CHIRPS_v2,UCSB-CHG/CHIRPS/DAILY,1991-2020,IBGE_2024
4313607,Paim Filho,RS,181.998,5,mai,142.8930324556884,OK,1991,2020,30,CHIRPS_v2,UCSB-CHG/CHIRPS/DAILY,1991-2020,IBGE_2024
4320909,Tapejara,RS,238.082,5,mai,150.3125835304388,OK,1991,2020,30,CHIRPS_v2,UCSB-CHG/CHIRPS/DAILY,1991-2020,IBGE_2024
4312203,Maximiliano de Almeida,RS,208.955,5,mai,139.84835779337428,OK,1991,2020,30,CHIRPS_v2,UCSB-CHG/CHIRPS/DAILY,1991-2020,IBGE_2024
4318606,São José do Ouro,RS,335.215,5,mai,139.88519737640993,OK,1991,2020,30,CHIRPS_v2,UCSB-CHG/CHIRPS/DAILY,1991-2020,IBGE_2024
4301800,Barracão,RS,515.469,5,mai,137.7058059038831,OK,1991,2020,30,CHIRPS_v2,UCSB-CHG/CHIRPS/DAILY,1991-2020,IBGE_2024
4309902,Ibiraiaras,RS,280.816,5,mai,140.78186816883857,OK,1991,2020,30,CHIRPS_v2,UCSB-CHG/CHIRPS/DAILY,1991-2020,IBGE_2024
4322186,Tupanci do Sul,RS,135.664,5,mai,141.73425751775625,OK,1991,2020,30,CHIRPS_v2,UCSB-CHG/CHIRPS/DAILY,1991-2020,IBGE_2024
4304622,Capão Bonito do Sul,RS,526.85,5,mai,144.09159149351493,OK,1991,2020,30,CHIRPS_v2,UCSB-CHG/CHIRPS/DAILY,1991-2020,IBGE_2024
4304952,Caseiros,RS,235.649,5,mai,145.10668738677182,OK,1991,2020,30,CHIRPS_v2,UCSB-CHG/CHIRPS/DAILY,1991-2020,IBGE_2024
4311700,Machadinho,RS,335.344,5,mai,134.7481853675353,OK,1991,2020,30,CHIRPS_v2,UCSB-CHG/CHIRPS/DAILY,1991-2020,IBGE_2024
4311304,Lagoa Vermelha,RS,1272.725,5,mai,142.08727459602528,OK,1991,2020,30,CHIRPS_v2,UCSB-CHG/CHIRPS/DAILY,1991-2020,IBGE_2024
4303202,Cacique Doble,RS,203.582,5,mai,144.53341177862904,OK,1991,2020,30,CHIRPS_v2,UCSB-CHG/CHIRPS/DAILY,1991-2020,IBGE_2024
4318457,São José das Missões,RS,98.125,5,mai,155.24175138263539,OK,1991,2020,30,CHIRPS_v2,UCSB-CHG/CHIRPS/DAILY,1991-2020,IBGE_2024
4316428,Sagrada Família,RS,77.889,5,mai,155.81861609181922,OK,1991,2020,30,CHIRPS_v2,UCSB-CHG/CHIRPS/DAILY,1991-2020,IBGE_2024
4306429,Dois Irmãos das Missões,RS,226.072,5,mai,155.93485896586103,OK,1991,2020,30,CHIRPS_v2,UCSB-CHG/CHIRPS/DAILY,1991-2020,IBGE_2024
4313706,Palmeira das Missões,RS,1421.101,5,mai,155.0860289270273,OK,1991,2020,30,CHIRPS_v2,UCSB-CHG/CHIRPS/DAILY,1991-2020,IBGE_2024
4305157,Cerro Grande,RS,73.438,5,mai,155.44897328678545,OK,1991,2020,30,CHIRPS_v2,UCSB-CHG/CHIRPS/DAILY,1991-2020,IBGE_2024
4313490,Novo Barreiro,RS,123.344,5,mai,153.12479988982162,OK,1991,2020,30,CHIRPS_v2,UCSB-CHG/CHIRPS/DAILY,1991-2020,IBGE_2024
4319364,São Pedro das Missões,RS,79.894,5,mai,155.58018293159776,OK,1991,2020,30,CHIRPS_v2,UCSB-CHG/CHIRPS/DAILY,1991-2020,IBGE_2024
4311429,Lajeado do Bugre,RS,67.947,5,mai,154.5839943057827,OK,1991,2020,30,CHIRPS_v2,UCSB-CHG/CHIRPS/DAILY,1991-2020,IBGE_2024
4309126,Gramado dos Loureiros,RS,131.396,5,mai,151.99282350910278,OK,1991,2020,30,CHIRPS_v2,UCSB-CHG/CHIRPS/DAILY,1991-2020,IBGE_2024
4300505,Alpestre,RS,325.979,5,mai,156.5441852514707,OK,1991,2020,30,CHIRPS_v2,UCSB-CHG/CHIRPS/DAILY,1991-2020,IBGE_2024
4315552,Rio dos Índios,RS,235.854,5,mai,157.39552898001537,OK,1991,2020,30,CHIRPS_v2,UCSB-CHG/CHIRPS/DAILY,1991-2020,IBGE_2024
4314704,Planalto,RS,228.552,5,mai,157.32360462809604,OK,1991,2020,30,CHIRPS_v2,UCSB-CHG/CHIRPS/DAILY,1991-2020,IBGE_2024
4321956,Trindade do Sul,RS,268.417,5,mai,152.58663337846696,OK,1991,2020,30,CHIRPS_v2,UCSB-CHG/CHIRPS/DAILY,1991-2020,IBGE_2024
4312708,Nonoai,RS,468.962,5,mai,156.8951303070504,OK,1991,2020,30,CHIRPS_v2,UCSB-CHG/CHIRPS/DAILY,1991-2020,IBGE_2024
4307906,Farroupilha,RS,361.338,5,mai,126.61659689630743,OK,1991,2020,30,CHIRPS_v2,UCSB-CHG/CHIRPS/DAILY,1991-2020,IBGE_2024
4322541,Vale Real,RS,44.688,5,mai,123.27894777145514,OK,1991,2020,30,CHIRPS_v2,UCSB-CHG/CHIRPS/DAILY,1991-2020,IBGE_2024
4305108,Caxias do Sul,RS,1651.336,5,mai,121.90170494835405,OK,1991,2020,30,CHIRPS_v2,UCSB-CHG/CHIRPS/DAILY,1991-2020,IBGE_2024
4310439,Ipê,RS,599.032,5,mai,127.0884471080148,OK,1991,2020,30,CHIRPS_v2,UCSB-CHG/CHIRPS/DAILY,1991-2020,IBGE_2024
4318200,São Francisco de Paula,RS,3317.825,5,mai,142.71130649991875,OK,1991,2020,30,CHIRPS_v2,UCSB-CHG/CHIRPS/DAILY,1991-2020,IBGE_2024
4309100,Gramado,RS,239.433,5,mai,130.06799472008046,OK,1991,2020,30,CHIRPS_v2,UCSB-CHG/CHIRPS/DAILY,1991-2020,IBGE_2024
4300570,Alto Feliz,RS,78.17,5,mai,125.78804302101314,OK,1991,2020,30,CHIRPS_v2,UCSB-CHG/CHIRPS/DAILY,1991-2020,IBGE_2024
4300802,Antônio Prado,RS,347.507,5,mai,123.91627435418314,OK,1991,2020,30,CHIRPS_v2,UCSB-CHG/CHIRPS/DAILY,1991-2020,IBGE_2024
4308201,Flores da Cunha,RS,276.255,5,mai,119.7511631998451,OK,1991,2020,30,CHIRPS_v2,UCSB-CHG/CHIRPS/DAILY,1991-2020,IBGE_2024
4308102,Feliz,RS,94.96,5,mai,121.80878399454838,OK,1991,2020,30,CHIRPS_v2,UCSB-CHG/CHIRPS/DAILY,1991-2020,IBGE_2024
4313359,Nova Roma do Sul,RS,149.753,5,mai,126.79830748679134,OK,1991,2020,30,CHIRPS_v2,UCSB-CHG/CHIRPS/DAILY,1991-2020,IBGE_2024
4313201,Nova Petrópolis,RS,291.538,5,mai,122.12077301651348,OK,1991,2020,30,CHIRPS_v2,UCSB-CHG/CHIRPS/DAILY,1991-2020,IBGE_2024
4313086,Nova Pádua,RS,102.648,5,mai,123.14726093008647,OK,1991,2020,30,CHIRPS_v2,UCSB-CHG/CHIRPS/DAILY,1991-2020,IBGE_2024
4304408,Canela,RS,253.05,5,mai,134.37448950200874,OK,1991,2020,30,CHIRPS_v2,UCSB-CHG/CHIRPS/DAILY,1991-2020,IBGE_2024
4303608,Cambará do Sul,RS,1182.679,5,mai,134.36368247392974,OK,1991,2020,30,CHIRPS_v2,UCSB-CHG/CHIRPS/DAILY,1991-2020,IBGE_2024
4303673,Campestre da Serra,RS,538.436,5,mai,123.06669881778913,OK,1991,2020,30,CHIRPS_v2,UCSB-CHG/CHIRPS/DAILY,1991-2020,IBGE_2024
4319000,São Marcos,RS,256.225,5,mai,119.75087362647984,OK,1991,2020,30,CHIRPS_v2,UCSB-CHG/CHIRPS/DAILY,1991-2020,IBGE_2024
4314423,Picada Café,RS,84.322,5,mai,122.67663560698831,OK,1991,2020,30,CHIRPS_v2,UCSB-CHG/CHIRPS/DAILY,1991-2020,IBGE_2024
4302105,Bento Gonçalves,RS,272.217,5,mai,134.18252159050476,OK,1991,2020,30,CHIRPS_v2,UCSB-CHG/CHIRPS/DAILY,1991-2020,IBGE_2024
4308607,Garibaldi,RS,168.492,5,mai,136.42780847828982,OK,1991,2020,30,CHIRPS_v2,UCSB-CHG/CHIRPS/DAILY,1991-2020,IBGE_2024
4314548,Pinto Bandeira,RS,104.802,5,mai,129.34694199596356,OK,1991,2020,30,CHIRPS_v2,UCSB-CHG/CHIRPS/DAILY,1991-2020,IBGE_2024
4304804,Carlos Barbosa,RS,230.061,5,mai,134.63372501637585,OK,1991,2020,30,CHIRPS_v2,UCSB-CHG/CHIRPS/DAILY,1991-2020,IBGE_2024
4312385,Monte Belo do Sul,RS,69.763,5,mai,137.04344585892332,OK,1991,2020,30,CHIRPS_v2,UCSB-CHG/CHIRPS/DAILY,1991-2020,IBGE_2024
4302253,Boa Vista do Sul,RS,93.108,5,mai,133.1819545918401,OK,1991,2020,30,CHIRPS_v2,UCSB-CHG/CHIRPS/DAILY,1991-2020,IBGE_2024
4301651,Barão,RS,122.567,5,mai,133.78002370974684,OK,1991,2020,30,CHIRPS_v2,UCSB-CHG/CHIRPS/DAILY,1991-2020,IBGE_2024
4317251,Santa Tereza,RS,73.677,5,mai,138.71535218136034,OK,1991,2020,30,CHIRPS_v2,UCSB-CHG/CHIRPS/DAILY,1991-2020,IBGE_2024
4307864,Fagundes Varela,RS,134.476,5,mai,143.3616485229746,OK,1991,2020,30,CHIRPS_v2,UCSB-CHG/CHIRPS/DAILY,1991-2020,IBGE_2024
4323309,Vila Flores,RS,107.704,5,mai,133.43891471607407,OK,1991,2020,30,CHIRPS_v2,UCSB-CHG/CHIRPS/DAILY,1991-2020,IBGE_2024
4322806,Veranópolis,RS,289.361,5,mai,133.2124685069383,OK,1991,2020,30,CHIRPS_v2,UCSB-CHG/CHIRPS/DAILY,1991-2020,IBGE_2024
4305959,Cotiporã,RS,173.262,5,mai,141.07768431630666,OK,1991,2020,30,CHIRPS_v2,UCSB-CHG/CHIRPS/DAILY,1991-2020,IBGE_2024
4305934,Coronel Pilar,RS,105.668,5,mai,136.64442119482442,OK,1991,2020,30,CHIRPS_v2,UCSB-CHG/CHIRPS/DAILY,1991-2020,IBGE_2024
4319711,São Valentim do Sul,RS,91.899,5,mai,147.8114767134876,OK,1991,2020,30,CHIRPS_v2,UCSB-CHG/CHIRPS/DAILY,1991-2020,IBGE_2024
4318440,São Jorge,RS,125.731,5,mai,138.4707203990355,OK,1991,2020,30,CHIRPS_v2,UCSB-CHG/CHIRPS/DAILY,1991-2020,IBGE_2024
4309258,Guabiju,RS,146.925,5,mai,137.40436864677068,OK,1991,2020,30,CHIRPS_v2,UCSB-CHG/CHIRPS/DAILY,1991-2020,IBGE_2024
4309407,Guaporé,RS,297.743,5,mai,150.64908609275585,OK,1991,2020,30,CHIRPS_v2,UCSB-CHG/CHIRPS/DAILY,1991-2020,IBGE_2024
4300661,André da Rocha,RS,331.208,5,mai,134.24220194425212,OK,1991,2020,30,CHIRPS_v2,UCSB-CHG/CHIRPS/DAILY,1991-2020,IBGE_2024
4323606,Vista Alegre do Prata,RS,120.234,5,mai,144.814940595044,OK,1991,2020,30,CHIRPS_v2,UCSB-CHG/CHIRPS/DAILY,1991-2020,IBGE_2024
4315172,Protásio Alves,RS,171.994,5,mai,131.58708935528375,OK,1991,2020,30,CHIRPS_v2,UCSB-CHG/CHIRPS/DAILY,1991-2020,IBGE_2024
4306452,Dois Lajeados,RS,133.535,5,mai,155.24153519396208,OK,1991,2020,30,CHIRPS_v2,UCSB-CHG/CHIRPS/DAILY,1991-2020,IBGE_2024
4322350,União da Serra,RS,131.154,5,mai,144.05978889679184,OK,1991,2020,30,CHIRPS_v2,UCSB-CHG/CHIRPS/DAILY,1991-2020,IBGE_2024
4314001,Paraí,RS,121.745,5,mai,138.1530880935829,OK,1991,2020,30,CHIRPS_v2,UCSB-CHG/CHIRPS/DAILY,1991-2020,IBGE_2024
4313300,Nova Prata,RS,259.237,5,mai,135.93657884071158,OK,1991,2020,30,CHIRPS_v2,UCSB-CHG/CHIRPS/DAILY,1991-2020,IBGE_2024
4312807,Nova Araçá,RS,74.623,5,mai,138.058572193949,OK,1991,2020,30,CHIRPS_v2,UCSB-CHG/CHIRPS/DAILY,1991-2020,IBGE_2024
4312906,Nova Bassano,RS,211.727,5,mai,139.1533093431439,OK,1991,2020,30,CHIRPS_v2,UCSB-CHG/CHIRPS/DAILY,1991-2020,IBGE_2024
4312351,Montauri,RS,82.23,5,mai,140.55093098031915,OK,1991,2020,30,CHIRPS_v2,UCSB-CHG/CHIRPS/DAILY,1991-2020,IBGE_2024
4320404,Serafina Corrêa,RS,163.503,5,mai,141.6308060876811,OK,1991,2020,30,CHIRPS_v2,UCSB-CHG/CHIRPS/DAILY,1991-2020,IBGE_2024
4302303,Bom Jesus,RS,2622.847,5,mai,129.17464123013585,OK,1991,2020,30,CHIRPS_v2,UCSB-CHG/CHIRPS/DAILY,1991-2020,IBGE_2024
4318622,São José dos Ausentes,RS,1173.047,5,mai,134.20840179819655,OK,1991,2020,30,CHIRPS_v2,UCSB-CHG/CHIRPS/DAILY,1991-2020,IBGE_2024
4307401,Esmeralda,RS,829.587,5,mai,140.0026718283509,OK,1991,2020,30,CHIRPS_v2,UCSB-CHG/CHIRPS/DAILY,1991-2020,IBGE_2024
4322509,Vacaria,RS,2124.492,5,mai,133.38788677862772,OK,1991,2020,30,CHIRPS_v2,UCSB-CHG/CHIRPS/DAILY,1991-2020,IBGE_2024
4314464,Pinhal da Serra,RS,438.11,5,mai,137.1630142526884,OK,1991,2020,30,CHIRPS_v2,UCSB-CHG/CHIRPS/DAILY,1991-2020,IBGE_2024
4312377,Monte Alegre dos Campos,RS,549.031,5,mai,123.10816921034665,OK,1991,2020,30,CHIRPS_v2,UCSB-CHG/CHIRPS/DAILY,1991-2020,IBGE_2024
4312617,Muitos Capões,RS,1193.23,5,mai,137.18798124494452,OK,1991,2020,30,CHIRPS_v2,UCSB-CHG/CHIRPS/DAILY,1991-2020,IBGE_2024
4311122,Jaquirana,RS,908.842,5,mai,129.06123737419313,OK,1991,2020,30,CHIRPS_v2,UCSB-CHG/CHIRPS/DAILY,1991-2020,IBGE_2024
4316808,Santa Cruz do Sul,RS,734.516,5,mai,128.63287466453502,OK,1991,2020,30,CHIRPS_v2,UCSB-CHG/CHIRPS/DAILY,1991-2020,IBGE_2024
4322707,Vera Cruz,RS,309.994,5,mai,128.72015757279132,OK,1991,2020,30,CHIRPS_v2,UCSB-CHG/CHIRPS/DAILY,1991-2020,IBGE_2024
4309159,Gramado Xavier,RS,216.79,5,mai,137.70886581330802,OK,1991,2020,30,CHIRPS_v2,UCSB-CHG/CHIRPS/DAILY,1991-2020,IBGE_2024
4309571,Herveiras,RS,117.981,5,mai,138.87355332592966,OK,1991,2020,30,CHIRPS_v2,UCSB-CHG/CHIRPS/DAILY,1991-2020,IBGE_2024
4315701,Rio Pardo,RS,2051.112,5,mai,122.63575335004823,OK,1991,2020,30,CHIRPS_v2,UCSB-CHG/CHIRPS/DAILY,1991-2020,IBGE_2024
4306908,Encruzilhada do Sul,RS,3345.675,5,mai,123.47068203085743,OK,1991,2020,30,CHIRPS_v2,UCSB-CHG/CHIRPS/DAILY,1991-2020,IBGE_2024
4322533,Vale do Sol,RS,329.389,5,mai,134.40791050306206,OK,1991,2020,30,CHIRPS_v2,UCSB-CHG/CHIRPS/DAILY,1991-2020,IBGE_2024
4322525,Vale Verde,RS,329.727,5,mai,120.81370883522463,OK,1991,2020,30,CHIRPS_v2,UCSB-CHG/CHIRPS/DAILY,1991-2020,IBGE_2024
4322608,Venâncio Aires,RS,772.701,5,mai,125.98513411002384,OK,1991,2020,30,CHIRPS_v2,UCSB-CHG/CHIRPS/DAILY,1991-2020,IBGE_2024
4314076,Passo do Sobrado,RS,265.133,5,mai,123.480197651133,OK,1991,2020,30,CHIRPS_v2,UCSB-CHG/CHIRPS/DAILY,1991-2020,IBGE_2024
4313953,Pantano Grande,RS,841.225,5,mai,119.79859528919246,OK,1991,2020,30,CHIRPS_v2,UCSB-CHG/CHIRPS/DAILY,1991-2020,IBGE_2024
4312153,Mato Leitão,RS,46.799,5,mai,124.90593412289661,OK,1991,2020,30,CHIRPS_v2,UCSB-CHG/CHIRPS/DAILY,1991-2020,IBGE_2024
4304200,Candelária,RS,944.735,5,mai,135.0506153985327,OK,1991,2020,30,CHIRPS_v2,UCSB-CHG/CHIRPS/DAILY,1991-2020,IBGE_2024
4320677,Sinimbu,RS,509.778,5,mai,134.78876904594856,OK,1991,2020,30,CHIRPS_v2,UCSB-CHG/CHIRPS/DAILY,1991-2020,IBGE_2024
4302402,Bom Retiro do Sul,RS,102.54,5,mai,121.6380662851036,OK,1991,2020,30,CHIRPS_v2,UCSB-CHG/CHIRPS/DAILY,1991-2020,IBGE_2024
4301008,Arroio do Meio,RS,157.087,5,mai,128.54070557058265,OK,1991,2020,30,CHIRPS_v2,UCSB-CHG/CHIRPS/DAILY,1991-2020,IBGE_2024
4316758,Santa Clara do Sul,RS,86.491,5,mai,127.48309705788678,OK,1991,2020,30,CHIRPS_v2,UCSB-CHG/CHIRPS/DAILY,1991-2020,IBGE_2024
4308078,Fazenda Vilanova,RS,84.794,5,mai,123.74413124350781,OK,1991,2020,30,CHIRPS_v2,UCSB-CHG/CHIRPS/DAILY,1991-2020,IBGE_2024
4308433,Forquetinha,RS,93.278,5,mai,130.16595592680943,OK,1991,2020,30,CHIRPS_v2,UCSB-CHG/CHIRPS/DAILY,1991-2020,IBGE_2024
4307807,Estrela,RS,185.032,5,mai,123.04833325132233,OK,1991,2020,30,CHIRPS_v2,UCSB-CHG/CHIRPS/DAILY,1991-2020,IBGE_2024
4306205,Cruzeiro do Sul,RS,155.482,5,mai,123.38854871652073,OK,1991,2020,30,CHIRPS_v2,UCSB-CHG/CHIRPS/DAILY,1991-2020,IBGE_2024
4311403,Lajeado,RS,90.801,5,mai,125.17977985149928,OK,1991,2020,30,CHIRPS_v2,UCSB-CHG/CHIRPS/DAILY,1991-2020,IBGE_2024
4310363,Imigrante,RS,71.718,5,mai,129.71926934666064,OK,1991,2020,30,CHIRPS_v2,UCSB-CHG/CHIRPS/DAILY,1991-2020,IBGE_2024
4323770,Westfália,RS,66.875,5,mai,128.2879357280512,OK,1991,2020,30,CHIRPS_v2,UCSB-CHG/CHIRPS/DAILY,1991-2020,IBGE_2024
4314753,Poço das Antas,RS,67.618,5,mai,127.71462382769597,OK,1991,2020,30,CHIRPS_v2,UCSB-CHG/CHIRPS/DAILY,1991-2020,IBGE_2024
4315131,Pouso Novo,RS,105.338,5,mai,135.41470453164158,OK,1991,2020,30,CHIRPS_v2,UCSB-CHG/CHIRPS/DAILY,1991-2020,IBGE_2024
4315156,Progresso,RS,256.039,5,mai,134.63066185853836,OK,1991,2020,30,CHIRPS_v2,UCSB-CHG/CHIRPS/DAILY,1991-2020,IBGE_2024
4305587,Colinas,RS,60.732,5,mai,125.88606825305357,OK,1991,2020,30,CHIRPS_v2,UCSB-CHG/CHIRPS/DAILY,1991-2020,IBGE_2024
4314159,Paverama,RS,171.863,5,mai,124.01358228923844,OK,1991,2020,30,CHIRPS_v2,UCSB-CHG/CHIRPS/DAILY,1991-2020,IBGE_2024
4305835,Coqueiro Baixo,RS,112.638,5,mai,136.1416346747881,OK,1991,2020,30,CHIRPS_v2,UCSB-CHG/CHIRPS/DAILY,1991-2020,IBGE_2024
4321451,Teutônia,RS,175.875,5,mai,124.46784826645028,OK,1991,2020,30,CHIRPS_v2,UCSB-CHG/CHIRPS/DAILY,1991-2020,IBGE_2024
4321626,Travesseiro,RS,80.681,5,mai,131.50543112028475,OK,1991,2020,30,CHIRPS_v2,UCSB-CHG/CHIRPS/DAILY,1991-2020,IBGE_2024
4304614,Canudos do Vale,RS,82.943,5,mai,133.73651886805266,OK,1991,2020,30,CHIRPS_v2,UCSB-CHG/CHIRPS/DAILY,1991-2020,IBGE_2024
4304697,Capitão,RS,73.967,5,mai,134.35988364946732,OK,1991,2020,30,CHIRPS_v2,UCSB-CHG/CHIRPS/DAILY,1991-2020,IBGE_2024
4320859,Tabaí,RS,94.754,5,mai,122.844902166885,OK,1991,2020,30,CHIRPS_v2,UCSB-CHG/CHIRPS/DAILY,1991-2020,IBGE_2024
4321303,Taquari,RS,349.967,5,mai,120.29236878222952,OK,1991,2020,30,CHIRPS_v2,UCSB-CHG/CHIRPS/DAILY,1991-2020,IBGE_2024
4320453,Sério,RS,105.428,5,mai,134.65288926489046,OK,1991,2020,30,CHIRPS_v2,UCSB-CHG/CHIRPS/DAILY,1991-2020,IBGE_2024
4312054,Marques de Souza,RS,125.714,5,mai,131.5144195889099,OK,1991,2020,30,CHIRPS_v2,UCSB-CHG/CHIRPS/DAILY,1991-2020,IBGE_2024
4302451,Boqueirão do Leão,RS,257.789,5,mai,135.71951937764706,OK,1991,2020,30,CHIRPS_v2,UCSB-CHG/CHIRPS/DAILY,1991-2020,IBGE_2024
4309753,Ibarama,RS,195.426,5,mai,141.32553665791102,OK,1991,2020,30,CHIRPS_v2,UCSB-CHG/CHIRPS/DAILY,1991-2020,IBGE_2024
4301206,Arroio do Tigre,RS,315.132,5,mai,139.55042841297356,OK,1991,2020,30,CHIRPS_v2,UCSB-CHG/CHIRPS/DAILY,1991-2020,IBGE_2024
4307815,Estrela Velha,RS,281.613,5,mai,139.3596031812266,OK,1991,2020,30,CHIRPS_v2,UCSB-CHG/CHIRPS/DAILY,1991-2020,IBGE_2024
4314068,Passa Sete,RS,304.299,5,mai,142.8582938163126,OK,1991,2020,30,CHIRPS_v2,UCSB-CHG/CHIRPS/DAILY,1991-2020,IBGE_2024
4322152,Tunas,RS,217.302,5,mai,137.7180893508158,OK,1991,2020,30,CHIRPS_v2,UCSB-CHG/CHIRPS/DAILY,1991-2020,IBGE_2024
4320701,Sobradinho,RS,128.823,5,mai,141.70709298564358,OK,1991,2020,30,CHIRPS_v2,UCSB-CHG/CHIRPS/DAILY,1991-2020,IBGE_2024
4320263,Segredo,RS,245.17,5,mai,140.94048120638487,OK,1991,2020,30,CHIRPS_v2,UCSB-CHG/CHIRPS/DAILY,1991-2020,IBGE_2024
4311254,Lagoão,RS,387.453,5,mai,139.77688500429278,OK,1991,2020,30,CHIRPS_v2,UCSB-CHG/CHIRPS/DAILY,1991-2020,IBGE_2024
4311239,Lagoa Bonita do Sul,RS,109.758,5,mai,143.7836373243233,OK,1991,2020,30,CHIRPS_v2,UCSB-CHG/CHIRPS/DAILY,1991-2020,IBGE_2024
4310306,Ilópolis,RS,123.602,5,mai,142.9475121273735,OK,1991,2020,30,CHIRPS_v2,UCSB-CHG/CHIRPS/DAILY,1991-2020,IBGE_2024
4300703,Anta Gorda,RS,242.1,5,mai,151.7925440041055,OK,1991,2020,30,CHIRPS_v2,UCSB-CHG/CHIRPS/DAILY,1991-2020,IBGE_2024
4315800,Roca Sales,RS,208.108,5,mai,134.31779946145002,OK,1991,2020,30,CHIRPS_v2,UCSB-CHG/CHIRPS/DAILY,1991-2020,IBGE_2024
4315453,Relvado,RS,108.188,5,mai,141.69461018983677,OK,1991,2020,30,CHIRPS_v2,UCSB-CHG/CHIRPS/DAILY,1991-2020,IBGE_2024
4315206,Putinga,RS,216.159,5,mai,141.09887026593856,OK,1991,2020,30,CHIRPS_v2,UCSB-CHG/CHIRPS/DAILY,1991-2020,IBGE_2024
4306809,Encantado,RS,140.006,5,mai,138.1695533161634,OK,1991,2020,30,CHIRPS_v2,UCSB-CHG/CHIRPS/DAILY,1991-2020,IBGE_2024
4306759,Doutor Ricardo,RS,107.96,5,mai,146.31220984729163,OK,1991,2020,30,CHIRPS_v2,UCSB-CHG/CHIRPS/DAILY,1991-2020,IBGE_2024
4322855,Vespasiano Corrêa,RS,113.622,5,mai,152.27457715575844,OK,1991,2020,30,CHIRPS_v2,UCSB-CHG/CHIRPS/DAILY,1991-2020,IBGE_2024
4313003,Nova Bréscia,RS,102.994,5,mai,136.67068575235666,OK,1991,2020,30,CHIRPS_v2,UCSB-CHG/CHIRPS/DAILY,1991-2020,IBGE_2024
4312609,Muçum,RS,111.247,5,mai,143.02401562703517,OK,1991,2020,30,CHIRPS_v2,UCSB-CHG/CHIRPS/DAILY,1991-2020,IBGE_2024
5002704,Campo Grande,MS,8082.327,5,mai,103.31039167438932,OK,1991,2020,30,CHIRPS_v2,UCSB-CHG/CHIRPS/DAILY,1991-2020,IBGE_2024
5008008,Terenos,MS,2845.653,5,mai,100.47137516622412,OK,1991,2020,30,CHIRPS_v2,UCSB-CHG/CHIRPS/DAILY,1991-2020,IBGE_2024
5007505,Rochedo,MS,1304.755,5,mai,85.88951556413642,OK,1991,2020,30,CHIRPS_v2,UCSB-CHG/CHIRPS/DAILY,1991-2020,IBGE_2024
5007901,Sidrolândia,MS,5265.695,5,mai,106.36493891048305,OK,1991,2020,30,CHIRPS_v2,UCSB-CHG/CHIRPS/DAILY,1991-2020,IBGE_2024
5007109,Ribas do Rio Pardo,MS,17315.212,5,mai,87.55050379667632,OK,1991,2020,30,CHIRPS_v2,UCSB-CHG/CHIRPS/DAILY,1991-2020,IBGE_2024
5007307,Rio Negro,MS,1828.8,5,mai,91.09056168157407,OK,1991,2020,30,CHIRPS_v2,UCSB-CHG/CHIRPS/DAILY,1991-2020,IBGE_2024
5006002,Nova Alvorada do Sul,MS,4027.647,5,mai,104.69771184394645,OK,1991,2020,30,CHIRPS_v2,UCSB-CHG/CHIRPS/DAILY,1991-2020,IBGE_2024
5004908,Jaraguari,MS,2913.558,5,mai,95.50658502258557,OK,1991,2020,30,CHIRPS_v2,UCSB-CHG/CHIRPS/DAILY,1991-2020,IBGE_2024
5003108,Corguinho,MS,2638.923,5,mai,85.60140601729647,OK,1991,2020,30,CHIRPS_v2,UCSB-CHG/CHIRPS/DAILY,1991-2020,IBGE_2024
5002605,Camapuã,MS,6238.127,5,mai,70.83564547462055,OK,1991,2020,30,CHIRPS_v2,UCSB-CHG/CHIRPS/DAILY,1991-2020,IBGE_2024
5001508,Bandeirantes,MS,3363.487,5,mai,88.28657602142867,OK,1991,2020,30,CHIRPS_v2,UCSB-CHG/CHIRPS/DAILY,1991-2020,IBGE_2024
5008305,Três Lagoas,MS,10217.071,5,mai,68.3677801943718,OK,1991,2020,30,CHIRPS_v2,UCSB-CHG/CHIRPS/DAILY,1991-2020,IBGE_2024
5000203,Água Clara,MS,7781.558,5,mai,71.60131074318974,OK,1991,2020,30,CHIRPS_v2,UCSB-CHG/CHIRPS/DAILY,1991-2020,IBGE_2024
5007554,Santa Rita do Pardo,MS,6142.001,5,mai,93.3928198208693,OK,1991,2020,30,CHIRPS_v2,UCSB-CHG/CHIRPS/DAILY,1991-2020,IBGE_2024
5007802,Selvíria,MS,3254.917,5,mai,60.00089346779792,OK,1991,2020,30,CHIRPS_v2,UCSB-CHG/CHIRPS/DAILY,1991-2020,IBGE_2024
5001904,Bataguassu,MS,2392.476,5,mai,92.58268560721987,OK,1991,2020,30,CHIRPS_v2,UCSB-CHG/CHIRPS/DAILY,1991-2020,IBGE_2024
5002308,Brasilândia,MS,5803.542,5,mai,82.31552682378141,OK,1991,2020,30,CHIRPS_v2,UCSB-CHG/CHIRPS/DAILY,1991-2020,IBGE_2024
5001003,Aparecida do Taboado,MS,2751.485,5,mai,57.055304121056835,OK,1991,2020,30,CHIRPS_v2,UCSB-CHG/CHIRPS/DAILY,1991-2020,IBGE_2024
5006309,Paranaíba,MS,5352.02,5,mai,56.23477950512895,OK,1991,2020,30,CHIRPS_v2,UCSB-CHG/CHIRPS/DAILY,1991-2020,IBGE_2024
5006275,Paraíso das Águas,MS,5061.433,5,mai,60.500470164083524,OK,1991,2020,30,CHIRPS_v2,UCSB-CHG/CHIRPS/DAILY,1991-2020,IBGE_2024
5004403,Inocência,MS,5761.186,5,mai,59.4285371378071,OK,1991,2020,30,CHIRPS_v2,UCSB-CHG/CHIRPS/DAILY,1991-2020,IBGE_2024
5002951,Chapadão do Sul,MS,3252.327,5,mai,59.663488012541414,OK,1991,2020,30,CHIRPS_v2,UCSB-CHG/CHIRPS/DAILY,1991-2020,IBGE_2024
5002902,Cassilândia,MS,3711.715,5,mai,60.31311702002414,OK,1991,2020,30,CHIRPS_v2,UCSB-CHG/CHIRPS/DAILY,1991-2020,IBGE_2024
5008404,Vicentina,MS,302.542,5,mai,118.09327669757992,OK,1991,2020,30,CHIRPS_v2,UCSB-CHG/CHIRPS/DAILY,1991-2020,IBGE_2024
5007208,Rio Brilhante,MS,3983.507,5,mai,105.76709956709232,OK,1991,2020,30,CHIRPS_v2,UCSB-CHG/CHIRPS/DAILY,1991-2020,IBGE_2024
5005103,Jateí,MS,1933.316,5,mai,115.69540226808198,OK,1991,2020,30,CHIRPS_v2,UCSB-CHG/CHIRPS/DAILY,1991-2020,IBGE_2024
5005152,Juti,MS,1569.176,5,mai,122.83000111945951,OK,1991,2020,30,CHIRPS_v2,UCSB-CHG/CHIRPS/DAILY,1991-2020,IBGE_2024
5005251,Laguna Carapã,MS,1725.78,5,mai,136.5384198581346,OK,1991,2020,30,CHIRPS_v2,UCSB-CHG/CHIRPS/DAILY,1991-2020,IBGE_2024
5004502,Itaporã,MS,1342.389,5,mai,115.44818504795671,OK,1991,2020,30,CHIRPS_v2,UCSB-CHG/CHIRPS/DAILY,1991-2020,IBGE_2024
5004007,Glória de Dourados,MS,493.105,5,mai,116.56170321257471,OK,1991,2020,30,CHIRPS_v2,UCSB-CHG/CHIRPS/DAILY,1991-2020,IBGE_2024
5003504,Douradina,MS,280.235,5,mai,109.55688481921048,OK,1991,2020,30,CHIRPS_v2,UCSB-CHG/CHIRPS/DAILY,1991-2020,IBGE_2024
5003454,Deodápolis,MS,828.45,5,mai,111.4322119729708,OK,1991,2020,30,CHIRPS_v2,UCSB-CHG/CHIRPS/DAILY,1991-2020,IBGE_2024
5003801,Fátima do Sul,MS,325.631,5,mai,118.89375190320432,OK,1991,2020,30,CHIRPS_v2,UCSB-CHG/CHIRPS/DAILY,1991-2020,IBGE_2024
5002407,Caarapó,MS,2115.73,5,mai,127.21928514625291,OK,1991,2020,30,CHIRPS_v2,UCSB-CHG/CHIRPS/DAILY,1991-2020,IBGE_2024
5005681,Mundo Novo,MS,478.38,5,mai,147.8328607271381,OK,1991,2020,30,CHIRPS_v2,UCSB-CHG/CHIRPS/DAILY,1991-2020,IBGE_2024
5005707,Naviraí,MS,3189.667,5,mai,118.38597144679612,OK,1991,2020,30,CHIRPS_v2,UCSB-CHG/CHIRPS/DAILY,1991-2020,IBGE_2024
5004601,Itaquiraí,MS,2063.717,5,mai,124.16115472503871,OK,1991,2020,30,CHIRPS_v2,UCSB-CHG/CHIRPS/DAILY,1991-2020,IBGE_2024
5004809,Japorã,MS,416.605,5,mai,134.77849536280246,OK,1991,2020,30,CHIRPS_v2,UCSB-CHG/CHIRPS/DAILY,1991-2020,IBGE_2024
5004304,Iguatemi,MS,2957.41,5,mai,130.3038352583789,OK,1991,2020,30,CHIRPS_v2,UCSB-CHG/CHIRPS/DAILY,1991-2020,IBGE_2024
5003751,Eldorado,MS,1012.796,5,mai,137.36238784153304,OK,1991,2020,30,CHIRPS_v2,UCSB-CHG/CHIRPS/DAILY,1991-2020,IBGE_2024
5000807,Anaurilândia,MS,3415.657,5,mai,95.67245205614954,OK,1991,2020,30,CHIRPS_v2,UCSB-CHG/CHIRPS/DAILY,1991-2020,IBGE_2024
5000856,Angélica,MS,1283.629,5,mai,104.99282635780419,OK,1991,2020,30,CHIRPS_v2,UCSB-CHG/CHIRPS/DAILY,1991-2020,IBGE_2024
5007976,Taquarussu,MS,1052.232,5,mai,109.0653592749177,OK,1991,2020,30,CHIRPS_v2,UCSB-CHG/CHIRPS/DAILY,1991-2020,IBGE_2024
5006200,Nova Andradina,MS,4768.118,5,mai,100.87418205883549,OK,1991,2020,30,CHIRPS_v2,UCSB-CHG/CHIRPS/DAILY,1991-2020,IBGE_2024
5006259,Novo Horizonte do Sul,MS,849.19,5,mai,115.50419253596867,OK,1991,2020,30,CHIRPS_v2,UCSB-CHG/CHIRPS/DAILY,1991-2020,IBGE_2024
5004700,Ivinhema,MS,2003.43,5,mai,111.19213680788457,OK,1991,2020,30,CHIRPS_v2,UCSB-CHG/CHIRPS/DAILY,1991-2020,IBGE_2024
5002001,Batayporã,MS,1826.578,5,mai,101.37123273599062,OK,1991,2020,30,CHIRPS_v2,UCSB-CHG/CHIRPS/DAILY,1991-2020,IBGE_2024
5000609,Amambai,MS,4193.742,5,mai,136.9565329005663,OK,1991,2020,30,CHIRPS_v2,UCSB-CHG/CHIRPS/DAILY,1991-2020,IBGE_2024
5007950,Tacuru,MS,1784.207,5,mai,145.18905526332972,OK,1991,2020,30,CHIRPS_v2,UCSB-CHG/CHIRPS/DAILY,1991-2020,IBGE_2024
5007703,Sete Quedas,MS,839.117,5,mai,143.5509986116555,OK,1991,2020,30,CHIRPS_v2,UCSB-CHG/CHIRPS/DAILY,1991-2020,IBGE_2024
5205109,Catalão,GO,3826.37,5,mai,27.519139804143776,OK,1991,2020,30,CHIRPS_v2,UCSB-CHG/CHIRPS/DAILY,1991-2020,IBGE_2024
5221304,Três Ranchos,GO,284.034,5,mai,28.83314299166701,OK,1991,2020,30,CHIRPS_v2,UCSB-CHG/CHIRPS/DAILY,1991-2020,IBGE_2024
5208509,Goiandira,GO,569.917,5,mai,28.781955543834393,OK,1991,2020,30,CHIRPS_v2,UCSB-CHG/CHIRPS/DAILY,1991-2020,IBGE_2024
5215504,Ouvidor,GO,411.318,5,mai,29.299568704100018,OK,1991,2020,30,CHIRPS_v2,UCSB-CHG/CHIRPS/DAILY,1991-2020,IBGE_2024
5204805,Campo Alegre de Goiás,GO,2450.111,5,mai,26.308125121241368,OK,1991,2020,30,CHIRPS_v2,UCSB-CHG/CHIRPS/DAILY,1991-2020,IBGE_2024
5201207,Anhanguera,GO,55.569,5,mai,27.791796872913633,OK,1991,2020,30,CHIRPS_v2,UCSB-CHG/CHIRPS/DAILY,1991-2020,IBGE_2024
5214804,Nova Aurora,GO,307.335,5,mai,28.118959715231476,OK,1991,2020,30,CHIRPS_v2,UCSB-CHG/CHIRPS/DAILY,1991-2020,IBGE_2024
5206602,Cumari,GO,568.365,5,mai,28.146397448694355,OK,1991,2020,30,CHIRPS_v2,UCSB-CHG/CHIRPS/DAILY,1991-2020,IBGE_2024
5206909,Davinópolis,GO,482.857,5,mai,28.01761375326172,OK,1991,2020,30,CHIRPS_v2,UCSB-CHG/CHIRPS/DAILY,1991-2020,IBGE_2024
5221809,Urutaí,GO,623.821,5,mai,27.34097531123269,OK,1991,2020,30,CHIRPS_v2,UCSB-CHG/CHIRPS/DAILY,1991-2020,IBGE_2024
5204250,Cachoeira Dourada,GO,528.281,5,mai,31.932928835067024,OK,1991,2020,30,CHIRPS_v2,UCSB-CHG/CHIRPS/DAILY,1991-2020,IBGE_2024
5212105,Joviânia,GO,446.258,5,mai,29.117797855675946,OK,1991,2020,30,CHIRPS_v2,UCSB-CHG/CHIRPS/DAILY,1991-2020,IBGE_2024
5203906,Buriti Alegre,GO,901.932,5,mai,27.32901753997617,OK,1991,2020,30,CHIRPS_v2,UCSB-CHG/CHIRPS/DAILY,1991-2020,IBGE_2024
5203500,Bom Jesus de Goiás,GO,1405.605,5,mai,31.586108657045745,OK,1991,2020,30,CHIRPS_v2,UCSB-CHG/CHIRPS/DAILY,1991-2020,IBGE_2024
5211503,Itumbiara,GO,2447.014,5,mai,29.894055641838737,OK,1991,2020,30,CHIRPS_v2,UCSB-CHG/CHIRPS/DAILY,1991-2020,IBGE_2024
5200506,Aloândia,GO,102.094,5,mai,28.017181064375794,OK,1991,2020,30,CHIRPS_v2,UCSB-CHG/CHIRPS/DAILY,1991-2020,IBGE_2024
5209101,Goiatuba,GO,2479.58,5,mai,30.251097337697065,OK,1991,2020,30,CHIRPS_v2,UCSB-CHG/CHIRPS/DAILY,1991-2020,IBGE_2024
5216007,Panamá,GO,432.204,5,mai,28.931518662185027,OK,1991,2020,30,CHIRPS_v2,UCSB-CHG/CHIRPS/DAILY,1991-2020,IBGE_2024
5205901,Corumbaíba,GO,1864.277,5,mai,26.949308739305785,OK,1991,2020,30,CHIRPS_v2,UCSB-CHG/CHIRPS/DAILY,1991-2020,IBGE_2024
5212907,Marzagão,GO,225.518,5,mai,26.39661938935534,OK,1991,2020,30,CHIRPS_v2,UCSB-CHG/CHIRPS/DAILY,1991-2020,IBGE_2024
5204508,Caldas Novas,GO,1608.523,5,mai,27.444852967887947,OK,1991,2020,30,CHIRPS_v2,UCSB-CHG/CHIRPS/DAILY,1991-2020,IBGE_2024
5218789,Rio Quente,GO,244.655,5,mai,27.399673847318013,OK,1991,2020,30,CHIRPS_v2,UCSB-CHG/CHIRPS/DAILY,1991-2020,IBGE_2024
5200209,Água Limpa,GO,458.836,5,mai,25.87405192606085,OK,1991,2020,30,CHIRPS_v2,UCSB-CHG/CHIRPS/DAILY,1991-2020,IBGE_2024
5213004,Maurilândia,GO,389.959,5,mai,33.628263247069775,OK,1991,2020,30,CHIRPS_v2,UCSB-CHG/CHIRPS/DAILY,1991-2020,IBGE_2024
5205059,Castelândia,GO,299.228,5,mai,34.96559143935961,OK,1991,2020,30,CHIRPS_v2,UCSB-CHG/CHIRPS/DAILY,1991-2020,IBGE_2024
5212253,Lagoa Santa,GO,463.289,5,mai,52.431241360616006,OK,1991,2020,30,CHIRPS_v2,UCSB-CHG/CHIRPS/DAILY,1991-2020,IBGE_2024
5204102,Cachoeira Alta,GO,1657.226,5,mai,40.252673060641165,OK,1991,2020,30,CHIRPS_v2,UCSB-CHG/CHIRPS/DAILY,1991-2020,IBGE_2024
5204300,Caçu,GO,2254.34,5,mai,43.88889854365604,OK,1991,2020,30,CHIRPS_v2,UCSB-CHG/CHIRPS/DAILY,1991-2020,IBGE_2024
5211305,Itarumã,GO,3437.367,5,mai,48.13868428882241,OK,1991,2020,30,CHIRPS_v2,UCSB-CHG/CHIRPS/DAILY,1991-2020,IBGE_2024
5210802,Itajá,GO,2082.737,5,mai,52.2554916238605,OK,1991,2020,30,CHIRPS_v2,UCSB-CHG/CHIRPS/DAILY,1991-2020,IBGE_2024
5218052,Porteirão,GO,606.273,5,mai,34.25017578678378,OK,1991,2020,30,CHIRPS_v2,UCSB-CHG/CHIRPS/DAILY,1991-2020,IBGE_2024
5201454,Aparecida do Rio Doce,GO,603.254,5,mai,41.43697936642999,OK,1991,2020,30,CHIRPS_v2,UCSB-CHG/CHIRPS/DAILY,1991-2020,IBGE_2024
5201504,Aporé,GO,2899.237,5,mai,52.47107546336779,OK,1991,2020,30,CHIRPS_v2,UCSB-CHG/CHIRPS/DAILY,1991-2020,IBGE_2024
5220405,São Simão,GO,415.015,5,mai,43.65179281839767,OK,1991,2020,30,CHIRPS_v2,UCSB-CHG/CHIRPS/DAILY,1991-2020,IBGE_2024
5218508,Quirinópolis,GO,3786.026,5,mai,37.34403671001252,OK,1991,2020,30,CHIRPS_v2,UCSB-CHG/CHIRPS/DAILY,1991-2020,IBGE_2024
5209937,Inaciolândia,GO,689.201,5,mai,32.745898290842455,OK,1991,2020,30,CHIRPS_v2,UCSB-CHG/CHIRPS/DAILY,1991-2020,IBGE_2024
5209150,Gouvelândia,GO,827.373,5,mai,35.66865713981224,OK,1991,2020,30,CHIRPS_v2,UCSB-CHG/CHIRPS/DAILY,1991-2020,IBGE_2024
5216304,Paranaiguara,GO,1153.415,5,mai,40.814540875397924,OK,1991,2020,30,CHIRPS_v2,UCSB-CHG/CHIRPS/DAILY,1991-2020,IBGE_2024
