cd_mun,nm_mun,sigla_uf,area_km2,mes,nome_mes,normal_mm,status_dados,ano_inicial,ano_final,numero_anos,fonte,colecao_gee,periodo_referencia,malha_municipal
1200401,Rio Branco,AC,8834.832,9,set,94.01944590327902,OK,1991,2020,30,CHIRPS_v2,UCSB-CHG/CHIRPS/DAILY,1991-2020,IBGE_2024
1200807,Porto Acre,AC,2603.942,9,set,77.47815862834595,OK,1991,2020,30,CHIRPS_v2,UCSB-CHG/CHIRPS/DAILY,1991-2020,IBGE_2024
1200385,Plácido de Castro,AC,1952.531,9,set,87.55956556135162,OK,1991,2020,30,CHIRPS_v2,UCSB-CHG/CHIRPS/DAILY,1991-2020,IBGE_2024
1200450,Senador Guiomard,AC,2320.956,9,set,87.34607582219597,OK,1991,2020,30,CHIRPS_v2,UCSB-CHG/CHIRPS/DAILY,1991-2020,IBGE_2024
1200179,Capixaba,AC,1705.236,9,set,99.9435765210389,OK,1991,2020,30,CHIRPS_v2,UCSB-CHG/CHIRPS/DAILY,1991-2020,IBGE_2024
1200138,Bujari,AC,3035.547,9,set,82.36926680142153,OK,1991,2020,30,CHIRPS_v2,UCSB-CHG/CHIRPS/DAILY,1991-2020,IBGE_2024
1200054,Assis Brasil,AC,4968.527,9,set,113.51112689559568,OK,1991,2020,30,CHIRPS_v2,UCSB-CHG/CHIRPS/DAILY,1991-2020,IBGE_2024
1200252,Epitaciolândia,AC,1652.715,9,set,68.54325546735762,OK,1991,2020,30,CHIRPS_v2,UCSB-CHG/CHIRPS/DAILY,1991-2020,IBGE_2024
1200708,Xapuri,AC,5350.3,9,set,94.40285715775708,OK,1991,2020,30,CHIRPS_v2,UCSB-CHG/CHIRPS/DAILY,1991-2020,IBGE_2024
1200104,Brasiléia,AC,3928.821,9,set,96.79198216137459,OK,1991,2020,30,CHIRPS_v2,UCSB-CHG/CHIRPS/DAILY,1991-2020,IBGE_2024
1200435,Santa Rosa do Purus,AC,6144.95,9,set,93.79341249309782,OK,1991,2020,30,CHIRPS_v2,UCSB-CHG/CHIRPS/DAILY,1991-2020,IBGE_2024
1200500,Sena Madureira,AC,23748.843,9,set,103.31885977170995,OK,1991,2020,30,CHIRPS_v2,UCSB-CHG/CHIRPS/DAILY,1991-2020,IBGE_2024
1200344,Manoel Urbano,AC,10615.134,9,set,101.94818831065864,OK,1991,2020,30,CHIRPS_v2,UCSB-CHG/CHIRPS/DAILY,1991-2020,IBGE_2024
1200351,Marechal Thaumaturgo,AC,8185.635,9,set,109.46063689819789,OK,1991,2020,30,CHIRPS_v2,UCSB-CHG/CHIRPS/DAILY,1991-2020,IBGE_2024
1200336,Mâncio Lima,AC,5414.073,9,set,128.72094051080856,OK,1991,2020,30,CHIRPS_v2,UCSB-CHG/CHIRPS/DAILY,1991-2020,IBGE_2024
1200427,Rodrigues Alves,AC,3082.396,9,set,127.21979656765126,OK,1991,2020,30,CHIRPS_v2,UCSB-CHG/CHIRPS/DAILY,1991-2020,IBGE_2024
1200393,Porto Walter,AC,6452.756,9,set,137.4131362442878,OK,1991,2020,30,CHIRPS_v2,UCSB-CHG/CHIRPS/DAILY,1991-2020,IBGE_2024
1200203,Cruzeiro do Sul,AC,8793.341,9,set,129.2740843182423,OK,1991,2020,30,CHIRPS_v2,UCSB-CHG/CHIRPS/DAILY,1991-2020,IBGE_2024
1200328,Jordão,AC,5346.443,9,set,106.09322598989066,OK,1991,2020,30,CHIRPS_v2,UCSB-CHG/CHIRPS/DAILY,1991-2020,IBGE_2024
1200302,Feijó,AC,27946.684,9,set,104.3516376478611,OK,1991,2020,30,CHIRPS_v2,UCSB-CHG/CHIRPS/DAILY,1991-2020,IBGE_2024
1200609,Tarauacá,AC,20169.487,9,set,116.65728890913654,OK,1991,2020,30,CHIRPS_v2,UCSB-CHG/CHIRPS/DAILY,1991-2020,IBGE_2024
1303536,Presidente Figueiredo,AM,25027.907,9,set,135.5850798157248,OK,1991,2020,30,CHIRPS_v2,UCSB-CHG/CHIRPS/DAILY,1991-2020,IBGE_2024
1303809,São Gabriel da Cachoeira,AM,108700.19,9,set,211.48253564972856,OK,1991,2020,30,CHIRPS_v2,UCSB-CHG/CHIRPS/DAILY,1991-2020,IBGE_2024
1303601,Santa Isabel do Rio Negro,AM,62470.219,9,set,171.9672546257876,OK,1991,2020,30,CHIRPS_v2,UCSB-CHG/CHIRPS/DAILY,1991-2020,IBGE_2024
1300409,Barcelos,AM,122453.454,9,set,157.83257897987892,OK,1991,2020,30,CHIRPS_v2,UCSB-CHG/CHIRPS/DAILY,1991-2020,IBGE_2024
1302306,Jutaí,AM,68971.126,9,set,156.19167697239322,OK,1991,2020,30,CHIRPS_v2,UCSB-CHG/CHIRPS/DAILY,1991-2020,IBGE_2024
1302108,Japurá,AM,55964.231,9,set,192.18652170256254,OK,1991,2020,30,CHIRPS_v2,UCSB-CHG/CHIRPS/DAILY,1991-2020,IBGE_2024
1301001,Carauari,AM,25771.943,9,set,143.4864296444729,OK,1991,2020,30,CHIRPS_v2,UCSB-CHG/CHIRPS/DAILY,1991-2020,IBGE_2024
1303700,Santo Antônio do Içá,AM,12482.067,9,set,154.47484439460897,OK,1991,2020,30,CHIRPS_v2,UCSB-CHG/CHIRPS/DAILY,1991-2020,IBGE_2024
1304062,Tabatinga,AM,3279.046,9,set,160.1218709180302,OK,1991,2020,30,CHIRPS_v2,UCSB-CHG/CHIRPS/DAILY,1991-2020,IBGE_2024
1303908,São Paulo de Olivença,AM,19615.643,9,set,161.34703673307592,OK,1991,2020,30,CHIRPS_v2,UCSB-CHG/CHIRPS/DAILY,1991-2020,IBGE_2024
1304237,Tonantins,AM,6336.62,9,set,165.2607001057302,OK,1991,2020,30,CHIRPS_v2,UCSB-CHG/CHIRPS/DAILY,1991-2020,IBGE_2024
1300607,Benjamin Constant,AM,9100.432,9,set,168.28956557661982,OK,1991,2020,30,CHIRPS_v2,UCSB-CHG/CHIRPS/DAILY,1991-2020,IBGE_2024
1300201,Atalaia do Norte,AM,76313.455,9,set,157.8271284119345,OK,1991,2020,30,CHIRPS_v2,UCSB-CHG/CHIRPS/DAILY,1991-2020,IBGE_2024
1300060,Amaturá,AM,4658.391,9,set,134.42700015697923,OK,1991,2020,30,CHIRPS_v2,UCSB-CHG/CHIRPS/DAILY,1991-2020,IBGE_2024
1301803,Ipixuna,AM,12437.643,9,set,128.67180714573064,OK,1991,2020,30,CHIRPS_v2,UCSB-CHG/CHIRPS/DAILY,1991-2020,IBGE_2024
1301654,Guajará,AM,7427.071,9,set,139.07170593090126,OK,1991,2020,30,CHIRPS_v2,UCSB-CHG/CHIRPS/DAILY,1991-2020,IBGE_2024
1301951,Itamarati,AM,25509.236,9,set,134.67197982001323,OK,1991,2020,30,CHIRPS_v2,UCSB-CHG/CHIRPS/DAILY,1991-2020,IBGE_2024
1301506,Envira,AM,7419.658,9,set,123.10001665512571,OK,1991,2020,30,CHIRPS_v2,UCSB-CHG/CHIRPS/DAILY,1991-2020,IBGE_2024
1301407,Eirunepé,AM,15189.428,9,set,136.82886764374018,OK,1991,2020,30,CHIRPS_v2,UCSB-CHG/CHIRPS/DAILY,1991-2020,IBGE_2024
1304104,Tapauá,AM,84697.765,9,set,117.6148638014112,OK,1991,2020,30,CHIRPS_v2,UCSB-CHG/CHIRPS/DAILY,1991-2020,IBGE_2024
1303502,Pauini,AM,41637.294,9,set,113.29062607721056,OK,1991,2020,30,CHIRPS_v2,UCSB-CHG/CHIRPS/DAILY,1991-2020,IBGE_2024
1300706,Boca do Acre,AM,21949.686,9,set,91.846358592973,OK,1991,2020,30,CHIRPS_v2,UCSB-CHG/CHIRPS/DAILY,1991-2020,IBGE_2024
1302405,Lábrea,AM,68349.909,9,set,107.16115822708365,OK,1991,2020,30,CHIRPS_v2,UCSB-CHG/CHIRPS/DAILY,1991-2020,IBGE_2024
1303007,Nhamundá,AM,14077.252,9,set,71.07763258868374,OK,1991,2020,30,CHIRPS_v2,UCSB-CHG/CHIRPS/DAILY,1991-2020,IBGE_2024
1304302,Urucará,AM,27851.365,9,set,116.43034053554899,OK,1991,2020,30,CHIRPS_v2,UCSB-CHG/CHIRPS/DAILY,1991-2020,IBGE_2024
1400100,Boa Vista,RR,5687.037,9,set,84.66481279952805,OK,1991,2020,30,CHIRPS_v2,UCSB-CHG/CHIRPS/DAILY,1991-2020,IBGE_2024
1400050,Alto Alegre,RR,25424.287,9,set,115.01342783078455,OK,1991,2020,30,CHIRPS_v2,UCSB-CHG/CHIRPS/DAILY,1991-2020,IBGE_2024
1400308,Mucajaí,RR,12337.85,9,set,119.94635863420727,OK,1991,2020,30,CHIRPS_v2,UCSB-CHG/CHIRPS/DAILY,1991-2020,IBGE_2024
1400175,Cantá,RR,7664.831,9,set,116.76418993201015,OK,1991,2020,30,CHIRPS_v2,UCSB-CHG/CHIRPS/DAILY,1991-2020,IBGE_2024
1400159,Bonfim,RR,8079.84,9,set,88.10297764949499,OK,1991,2020,30,CHIRPS_v2,UCSB-CHG/CHIRPS/DAILY,1991-2020,IBGE_2024
1400407,Normandia,RR,6959.982,9,set,75.64169221749559,OK,1991,2020,30,CHIRPS_v2,UCSB-CHG/CHIRPS/DAILY,1991-2020,IBGE_2024
1400456,Pacaraima,RR,8019.088,9,set,109.21449407889001,OK,1991,2020,30,CHIRPS_v2,UCSB-CHG/CHIRPS/DAILY,1991-2020,IBGE_2024
1400704,Uiramutã,RR,8102.219,9,set,76.59719432526667,OK,1991,2020,30,CHIRPS_v2,UCSB-CHG/CHIRPS/DAILY,1991-2020,IBGE_2024
1400027,Amajari,RR,28370.592,9,set,122.02184219940946,OK,1991,2020,30,CHIRPS_v2,UCSB-CHG/CHIRPS/DAILY,1991-2020,IBGE_2024
1400605,São Luiz do Anauá,RR,1526.9,9,set,116.02950183684158,OK,1991,2020,30,CHIRPS_v2,UCSB-CHG/CHIRPS/DAILY,1991-2020,IBGE_2024
1400506,São João da Baliza,RR,4284.503,9,set,120.24042722016608,OK,1991,2020,30,CHIRPS_v2,UCSB-CHG/CHIRPS/DAILY,1991-2020,IBGE_2024
1400472,Rorainópolis,RR,33579.445,9,set,152.15543752592438,OK,1991,2020,30,CHIRPS_v2,UCSB-CHG/CHIRPS/DAILY,1991-2020,IBGE_2024
1400233,Caroebe,RR,12064.399,9,set,108.43113249816155,OK,1991,2020,30,CHIRPS_v2,UCSB-CHG/CHIRPS/DAILY,1991-2020,IBGE_2024
1400282,Iracema,RR,14018.766,9,set,135.3562737904,OK,1991,2020,30,CHIRPS_v2,UCSB-CHG/CHIRPS/DAILY,1991-2020,IBGE_2024
1400209,Caracaraí,RR,47385.318,9,set,152.89232552100276,OK,1991,2020,30,CHIRPS_v2,UCSB-CHG/CHIRPS/DAILY,1991-2020,IBGE_2024
1500404,Alenquer,PA,23644.384,9,set,51.102546765195285,OK,1991,2020,30,CHIRPS_v2,UCSB-CHG/CHIRPS/DAILY,1991-2020,IBGE_2024
1504802,Monte Alegre,PA,18151.323,9,set,40.21091241064649,OK,1991,2020,30,CHIRPS_v2,UCSB-CHG/CHIRPS/DAILY,1991-2020,IBGE_2024
1505304,Oriximiná,PA,107560.161,9,set,74.45703167813836,OK,1991,2020,30,CHIRPS_v2,UCSB-CHG/CHIRPS/DAILY,1991-2020,IBGE_2024
1505106,Óbidos,PA,28009.656,9,set,56.96486625240925,OK,1991,2020,30,CHIRPS_v2,UCSB-CHG/CHIRPS/DAILY,1991-2020,IBGE_2024
1500503,Almeirim,PA,72968.578,9,set,48.738319520779065,OK,1991,2020,30,CHIRPS_v2,UCSB-CHG/CHIRPS/DAILY,1991-2020,IBGE_2024
1500305,Afuá,PA,8338.438,9,set,51.0280970820921,OK,1991,2020,30,CHIRPS_v2,UCSB-CHG/CHIRPS/DAILY,1991-2020,IBGE_2024
1502509,Chaves,PA,12534.995,9,set,30.047632550384982,OK,1991,2020,30,CHIRPS_v2,UCSB-CHG/CHIRPS/DAILY,1991-2020,IBGE_2024
1600303,Macapá,AP,6563.849,9,set,21.741006180618776,OK,1991,2020,30,CHIRPS_v2,UCSB-CHG/CHIRPS/DAILY,1991-2020,IBGE_2024
1600600,Santana,AP,1541.225,9,set,35.032104384031406,OK,1991,2020,30,CHIRPS_v2,UCSB-CHG/CHIRPS/DAILY,1991-2020,IBGE_2024
1600253,Itaubal,AP,1622.867,9,set,18.581604729903354,OK,1991,2020,30,CHIRPS_v2,UCSB-CHG/CHIRPS/DAILY,1991-2020,IBGE_2024
1600402,Mazagão,AP,13294.778,9,set,46.395900485341365,OK,1991,2020,30,CHIRPS_v2,UCSB-CHG/CHIRPS/DAILY,1991-2020,IBGE_2024
1600279,Laranjal do Jari,AP,30542.284,9,set,55.87065118437478,OK,1991,2020,30,CHIRPS_v2,UCSB-CHG/CHIRPS/DAILY,1991-2020,IBGE_2024
1600212,Cutias,AP,2179.114,9,set,20.409739665689198,OK,1991,2020,30,CHIRPS_v2,UCSB-CHG/CHIRPS/DAILY,1991-2020,IBGE_2024
1600204,Calçoene,AP,14117.297,9,set,37.81315998227527,OK,1991,2020,30,CHIRPS_v2,UCSB-CHG/CHIRPS/DAILY,1991-2020,IBGE_2024
1600105,Amapá,AP,8454.846,9,set,23.37585627853062,OK,1991,2020,30,CHIRPS_v2,UCSB-CHG/CHIRPS/DAILY,1991-2020,IBGE_2024
1600501,Oiapoque,AP,23058.224,9,set,43.67029884323223,OK,1991,2020,30,CHIRPS_v2,UCSB-CHG/CHIRPS/DAILY,1991-2020,IBGE_2024
1600550,Pracuúba,AP,4948.508,9,set,42.27283514912602,OK,1991,2020,30,CHIRPS_v2,UCSB-CHG/CHIRPS/DAILY,1991-2020,IBGE_2024
1600709,Tartarugalzinho,AP,6684.705,9,set,36.29341283769919,OK,1991,2020,30,CHIRPS_v2,UCSB-CHG/CHIRPS/DAILY,1991-2020,IBGE_2024
1600238,Ferreira Gomes,AP,4973.855,9,set,48.113155527215476,OK,1991,2020,30,CHIRPS_v2,UCSB-CHG/CHIRPS/DAILY,1991-2020,IBGE_2024
1600154,Pedra Branca do Amapari,AP,9622.29,9,set,68.23368751050796,OK,1991,2020,30,CHIRPS_v2,UCSB-CHG/CHIRPS/DAILY,1991-2020,IBGE_2024
1600535,Porto Grande,AP,4428.013,9,set,52.211410308185826,OK,1991,2020,30,CHIRPS_v2,UCSB-CHG/CHIRPS/DAILY,1991-2020,IBGE_2024
1600055,Serra do Navio,AP,7713.046,9,set,64.63361001066498,OK,1991,2020,30,CHIRPS_v2,UCSB-CHG/CHIRPS/DAILY,1991-2020,IBGE_2024
2111201,São José de Ribamar,MA,180.266,9,set,9.993067128547304,OK,1991,2020,30,CHIRPS_v2,UCSB-CHG/CHIRPS/DAILY,1991-2020,IBGE_2024
2111300,São Luís,MA,583.063,9,set,9.802169088380438,OK,1991,2020,30,CHIRPS_v2,UCSB-CHG/CHIRPS/DAILY,1991-2020,IBGE_2024
2109452,Raposa,MA,79.213,9,set,9.867083030144986,OK,1991,2020,30,CHIRPS_v2,UCSB-CHG/CHIRPS/DAILY,1991-2020,IBGE_2024
2107506,Paço do Lumiar,MA,127.275,9,set,9.915073038895313,OK,1991,2020,30,CHIRPS_v2,UCSB-CHG/CHIRPS/DAILY,1991-2020,IBGE_2024
2102374,Cachoeira Grande,MA,707.236,9,set,13.77848214587299,OK,1991,2020,30,CHIRPS_v2,UCSB-CHG/CHIRPS/DAILY,1991-2020,IBGE_2024
2110203,Santa Rita,MA,756.797,9,set,14.059082364342316,OK,1991,2020,30,CHIRPS_v2,UCSB-CHG/CHIRPS/DAILY,1991-2020,IBGE_2024
2109601,Rosário,MA,647.998,9,set,11.12488580287651,OK,1991,2020,30,CHIRPS_v2,UCSB-CHG/CHIRPS/DAILY,1991-2020,IBGE_2024
2109205,Presidente Juscelino,MA,355.568,9,set,14.10745628505434,OK,1991,2020,30,CHIRPS_v2,UCSB-CHG/CHIRPS/DAILY,1991-2020,IBGE_2024
2101251,Bacabeira,MA,542.961,9,set,9.872153926823977,OK,1991,2020,30,CHIRPS_v2,UCSB-CHG/CHIRPS/DAILY,1991-2020,IBGE_2024
2101103,Axixá,MA,160.462,9,set,13.154912590808564,OK,1991,2020,30,CHIRPS_v2,UCSB-CHG/CHIRPS/DAILY,1991-2020,IBGE_2024
2100204,Alcântara,MA,1167.964,9,set,8.086154418135404,OK,1991,2020,30,CHIRPS_v2,UCSB-CHG/CHIRPS/DAILY,1991-2020,IBGE_2024
2107100,Morros,MA,1712.121,9,set,13.541593363198642,OK,1991,2020,30,CHIRPS_v2,UCSB-CHG/CHIRPS/DAILY,1991-2020,IBGE_2024
2105104,Icatu,MA,1124.446,9,set,10.439119977926115,OK,1991,2020,30,CHIRPS_v2,UCSB-CHG/CHIRPS/DAILY,1991-2020,IBGE_2024
2101905,Bequimão,MA,790.222,9,set,7.747401536659567,OK,1991,2020,30,CHIRPS_v2,UCSB-CHG/CHIRPS/DAILY,1991-2020,IBGE_2024
2110500,São Bento,MA,456.998,9,set,8.87726560994444,OK,1991,2020,30,CHIRPS_v2,UCSB-CHG/CHIRPS/DAILY,1991-2020,IBGE_2024
2101350,Bacurituba,MA,413.651,9,set,4.375895802785725,OK,1991,2020,30,CHIRPS_v2,UCSB-CHG/CHIRPS/DAILY,1991-2020,IBGE_2024
2109809,Santa Helena,MA,2191.164,9,set,10.551264500570191,OK,1991,2020,30,CHIRPS_v2,UCSB-CHG/CHIRPS/DAILY,1991-2020,IBGE_2024
2108603,Pinheiro,MA,1512.969,9,set,8.082248294795905,OK,1991,2020,30,CHIRPS_v2,UCSB-CHG/CHIRPS/DAILY,1991-2020,IBGE_2024
2108405,Peri Mirim,MA,397.993,9,set,6.315350027507004,OK,1991,2020,30,CHIRPS_v2,UCSB-CHG/CHIRPS/DAILY,1991-2020,IBGE_2024
2107605,Palmeirândia,MA,532.161,9,set,6.998267278709344,OK,1991,2020,30,CHIRPS_v2,UCSB-CHG/CHIRPS/DAILY,1991-2020,IBGE_2024
2103208,Chapadinha,MA,3248.774,9,set,10.635803016926197,OK,1991,2020,30,CHIRPS_v2,UCSB-CHG/CHIRPS/DAILY,1991-2020,IBGE_2024
2110104,Santa Quitéria do Maranhão,MA,1430.329,9,set,10.418942572056952,OK,1991,2020,30,CHIRPS_v2,UCSB-CHG/CHIRPS/DAILY,1991-2020,IBGE_2024
2102101,Brejo,MA,1073.257,9,set,9.761365205314023,OK,1991,2020,30,CHIRPS_v2,UCSB-CHG/CHIRPS/DAILY,1991-2020,IBGE_2024
2110401,São Benedito do Rio Preto,MA,931.484,9,set,12.312518726316567,OK,1991,2020,30,CHIRPS_v2,UCSB-CHG/CHIRPS/DAILY,1991-2020,IBGE_2024
2102200,Buriti,MA,1475.78,9,set,8.856483687722397,OK,1991,2020,30,CHIRPS_v2,UCSB-CHG/CHIRPS/DAILY,1991-2020,IBGE_2024
2101731,Belágua,MA,569.606,9,set,12.895292858887524,OK,1991,2020,30,CHIRPS_v2,UCSB-CHG/CHIRPS/DAILY,1991-2020,IBGE_2024
2100808,Anapurus,MA,608.903,9,set,10.417891024211015,OK,1991,2020,30,CHIRPS_v2,UCSB-CHG/CHIRPS/DAILY,1991-2020,IBGE_2024
2106672,Milagres do Maranhão,MA,634.818,9,set,9.040393343763538,OK,1991,2020,30,CHIRPS_v2,UCSB-CHG/CHIRPS/DAILY,1991-2020,IBGE_2024
2106409,Mata Roma,MA,548.581,9,set,10.722485680258107,OK,1991,2020,30,CHIRPS_v2,UCSB-CHG/CHIRPS/DAILY,1991-2020,IBGE_2024
2112605,Urbano Santos,MA,1706.196,9,set,12.940224613890445,OK,1991,2020,30,CHIRPS_v2,UCSB-CHG/CHIRPS/DAILY,1991-2020,IBGE_2024
2102705,Cantanhede,MA,773.009,9,set,15.298350573583289,OK,1991,2020,30,CHIRPS_v2,UCSB-CHG/CHIRPS/DAILY,1991-2020,IBGE_2024
2109304,Presidente Vargas,MA,460.004,9,set,14.3922880753625,OK,1991,2020,30,CHIRPS_v2,UCSB-CHG/CHIRPS/DAILY,1991-2020,IBGE_2024
2100709,Anajatuba,MA,940.489,9,set,16.637863218950386,OK,1991,2020,30,CHIRPS_v2,UCSB-CHG/CHIRPS/DAILY,1991-2020,IBGE_2024
2108801,Pirapemas,MA,688.761,9,set,12.08095094509323,OK,1991,2020,30,CHIRPS_v2,UCSB-CHG/CHIRPS/DAILY,1991-2020,IBGE_2024
2107209,Nina Rodrigues,MA,570.938,9,set,10.397320550473722,OK,1991,2020,30,CHIRPS_v2,UCSB-CHG/CHIRPS/DAILY,1991-2020,IBGE_2024
2106631,Matões do Norte,MA,794.454,9,set,22.00876182496626,OK,1991,2020,30,CHIRPS_v2,UCSB-CHG/CHIRPS/DAILY,1991-2020,IBGE_2024
2106755,Miranda do Norte,MA,341.107,9,set,23.6240973188867,OK,1991,2020,30,CHIRPS_v2,UCSB-CHG/CHIRPS/DAILY,1991-2020,IBGE_2024
2105401,Itapecuru Mirim,MA,1480.641,9,set,16.112801102966614,OK,1991,2020,30,CHIRPS_v2,UCSB-CHG/CHIRPS/DAILY,1991-2020,IBGE_2024
2112704,Vargem Grande,MA,1958.702,9,set,11.463374960863035,OK,1991,2020,30,CHIRPS_v2,UCSB-CHG/CHIRPS/DAILY,1991-2020,IBGE_2024
2102507,Cajari,MA,662.066,9,set,16.70633872877674,OK,1991,2020,30,CHIRPS_v2,UCSB-CHG/CHIRPS/DAILY,1991-2020,IBGE_2024
2102408,Cajapió,MA,545.244,9,set,7.553952639376807,OK,1991,2020,30,CHIRPS_v2,UCSB-CHG/CHIRPS/DAILY,1991-2020,IBGE_2024
2111003,São João Batista,MA,649.957,9,set,10.495401147814041,OK,1991,2020,30,CHIRPS_v2,UCSB-CHG/CHIRPS/DAILY,1991-2020,IBGE_2024
2101004,Arari,MA,1099.81,9,set,20.480432652494382,OK,1991,2020,30,CHIRPS_v2,UCSB-CHG/CHIRPS/DAILY,1991-2020,IBGE_2024
2107456,Olinda Nova do Maranhão,MA,199.879,9,set,11.126947085237651,OK,1991,2020,30,CHIRPS_v2,UCSB-CHG/CHIRPS/DAILY,1991-2020,IBGE_2024
2106508,Matinha,MA,410.633,9,set,12.645351701853423,OK,1991,2020,30,CHIRPS_v2,UCSB-CHG/CHIRPS/DAILY,1991-2020,IBGE_2024
2112803,Viana,MA,1166.745,9,set,13.808877995118454,OK,1991,2020,30,CHIRPS_v2,UCSB-CHG/CHIRPS/DAILY,1991-2020,IBGE_2024
2112902,Vitória do Mearim,MA,715.625,9,set,17.90237913126463,OK,1991,2020,30,CHIRPS_v2,UCSB-CHG/CHIRPS/DAILY,1991-2020,IBGE_2024
2111706,São Vicente Ferrer,MA,393.927,9,set,10.406661635662266,OK,1991,2020,30,CHIRPS_v2,UCSB-CHG/CHIRPS/DAILY,1991-2020,IBGE_2024
2110278,Santo Amaro do Maranhão,MA,1582.806,9,set,10.69820762945336,OK,1991,2020,30,CHIRPS_v2,UCSB-CHG/CHIRPS/DAILY,1991-2020,IBGE_2024
2101707,Barreirinhas,MA,3046.308,9,set,10.255145436995328,OK,1991,2020,30,CHIRPS_v2,UCSB-CHG/CHIRPS/DAILY,1991-2020,IBGE_2024
2109403,Primeira Cruz,MA,1337.161,9,set,10.99623604317992,OK,1991,2020,30,CHIRPS_v2,UCSB-CHG/CHIRPS/DAILY,1991-2020,IBGE_2024
2105005,Humberto de Campos,MA,1714.625,9,set,11.233146003562675,OK,1991,2020,30,CHIRPS_v2,UCSB-CHG/CHIRPS/DAILY,1991-2020,IBGE_2024
2110609,São Bernardo,MA,1005.823,9,set,5.786659507035966,OK,1991,2020,30,CHIRPS_v2,UCSB-CHG/CHIRPS/DAILY,1991-2020,IBGE_2024
2110237,Santana do Maranhão,MA,932.032,9,set,8.096593687406852,OK,1991,2020,30,CHIRPS_v2,UCSB-CHG/CHIRPS/DAILY,1991-2020,IBGE_2024
2100907,Araioses,MA,1789.73,9,set,1.7971840767215936,OK,1991,2020,30,CHIRPS_v2,UCSB-CHG/CHIRPS/DAILY,1991-2020,IBGE_2024
2108058,Paulino Neves,MA,979.482,9,set,7.973598612044421,OK,1991,2020,30,CHIRPS_v2,UCSB-CHG/CHIRPS/DAILY,1991-2020,IBGE_2024
2100154,Água Doce do Maranhão,MA,442.292,9,set,3.9034140085544617,OK,1991,2020,30,CHIRPS_v2,UCSB-CHG/CHIRPS/DAILY,1991-2020,IBGE_2024
2106300,Magalhães de Almeida,MA,434.433,9,set,3.2947916151601704,OK,1991,2020,30,CHIRPS_v2,UCSB-CHG/CHIRPS/DAILY,1991-2020,IBGE_2024
2112506,Tutóia,MA,1566.081,9,set,6.172076357947973,OK,1991,2020,30,CHIRPS_v2,UCSB-CHG/CHIRPS/DAILY,1991-2020,IBGE_2024
2111789,Serrano do Maranhão,MA,1185.31,9,set,10.146794020053479,OK,1991,2020,30,CHIRPS_v2,UCSB-CHG/CHIRPS/DAILY,1991-2020,IBGE_2024
2103703,Cururupu,MA,1255.667,9,set,10.47682599369561,OK,1991,2020,30,CHIRPS_v2,UCSB-CHG/CHIRPS/DAILY,1991-2020,IBGE_2024
2103109,Cedral,MA,285.211,9,set,9.613143910997833,OK,1991,2020,30,CHIRPS_v2,UCSB-CHG/CHIRPS/DAILY,1991-2020,IBGE_2024
2103125,Central do Maranhão,MA,319.538,9,set,8.736981104887857,OK,1991,2020,30,CHIRPS_v2,UCSB-CHG/CHIRPS/DAILY,1991-2020,IBGE_2024
2109056,Porto Rico do Maranhão,MA,244.979,9,set,10.148339172179378,OK,1991,2020,30,CHIRPS_v2,UCSB-CHG/CHIRPS/DAILY,1991-2020,IBGE_2024
2100832,Apicum-Açu,MA,341.12,9,set,10.20669205840304,OK,1991,2020,30,CHIRPS_v2,UCSB-CHG/CHIRPS/DAILY,1991-2020,IBGE_2024
2101301,Bacuri,MA,832.084,9,set,10.619326292472756,OK,1991,2020,30,CHIRPS_v2,UCSB-CHG/CHIRPS/DAILY,1991-2020,IBGE_2024
2106805,Mirinzal,MA,686.944,9,set,9.484466845733266,OK,1991,2020,30,CHIRPS_v2,UCSB-CHG/CHIRPS/DAILY,1991-2020,IBGE_2024
2104909,Guimarães,MA,478.857,9,set,8.551967200921075,OK,1991,2020,30,CHIRPS_v2,UCSB-CHG/CHIRPS/DAILY,1991-2020,IBGE_2024
2108702,Pio XII,MA,545.221,9,set,13.680337460092147,OK,1991,2020,30,CHIRPS_v2,UCSB-CHG/CHIRPS/DAILY,1991-2020,IBGE_2024
2105153,Igarapé do Meio,MA,368.703,9,set,17.875396889315567,OK,1991,2020,30,CHIRPS_v2,UCSB-CHG/CHIRPS/DAILY,1991-2020,IBGE_2024
2101202,Bacabal,MA,1656.736,9,set,11.09517408447139,OK,1991,2020,30,CHIRPS_v2,UCSB-CHG/CHIRPS/DAILY,1991-2020,IBGE_2024
2111508,São Mateus do Maranhão,MA,800.045,9,set,17.059811010327138,OK,1991,2020,30,CHIRPS_v2,UCSB-CHG/CHIRPS/DAILY,1991-2020,IBGE_2024
2111409,São Luís Gonzaga do Maranhão,MA,909.164,9,set,10.18982552516355,OK,1991,2020,30,CHIRPS_v2,UCSB-CHG/CHIRPS/DAILY,1991-2020,IBGE_2024
2102077,Bom Lugar,MA,445.171,9,set,7.662441813653418,OK,1991,2020,30,CHIRPS_v2,UCSB-CHG/CHIRPS/DAILY,1991-2020,IBGE_2024
2100436,Alto Alegre do Maranhão,MA,392.751,9,set,11.365933023923247,OK,1991,2020,30,CHIRPS_v2,UCSB-CHG/CHIRPS/DAILY,1991-2020,IBGE_2024
2105906,Lago Verde,MA,631.455,9,set,14.678911883283988,OK,1991,2020,30,CHIRPS_v2,UCSB-CHG/CHIRPS/DAILY,1991-2020,IBGE_2024
2103554,Conceição do Lago-Açu,MA,727.133,9,set,17.45395467189472,OK,1991,2020,30,CHIRPS_v2,UCSB-CHG/CHIRPS/DAILY,1991-2020,IBGE_2024
2111672,São Roberto,MA,226.811,9,set,14.078801866412492,OK,1991,2020,30,CHIRPS_v2,UCSB-CHG/CHIRPS/DAILY,1991-2020,IBGE_2024
2111631,São Raimundo do Doca Bezerra,MA,419.55,9,set,13.61389875272706,OK,1991,2020,30,CHIRPS_v2,UCSB-CHG/CHIRPS/DAILY,1991-2020,IBGE_2024
2102754,Capinzal do Norte,MA,590.271,9,set,13.615479608514276,OK,1991,2020,30,CHIRPS_v2,UCSB-CHG/CHIRPS/DAILY,1991-2020,IBGE_2024
2101939,Bernardo do Mearim,MA,247.189,9,set,12.072878548864777,OK,1991,2020,30,CHIRPS_v2,UCSB-CHG/CHIRPS/DAILY,1991-2020,IBGE_2024
2110302,Santo Antônio dos Lopes,MA,770.923,9,set,12.79790821224403,OK,1991,2020,30,CHIRPS_v2,UCSB-CHG/CHIRPS/DAILY,1991-2020,IBGE_2024
2108900,Poção de Pedras,MA,990.66,9,set,12.125673769560159,OK,1991,2020,30,CHIRPS_v2,UCSB-CHG/CHIRPS/DAILY,1991-2020,IBGE_2024
2108207,Pedreiras,MA,261.814,9,set,10.226725780682854,OK,1991,2020,30,CHIRPS_v2,UCSB-CHG/CHIRPS/DAILY,1991-2020,IBGE_2024
2105948,Lago dos Rodrigues,MA,220.776,9,set,9.638517244655024,OK,1991,2020,30,CHIRPS_v2,UCSB-CHG/CHIRPS/DAILY,1991-2020,IBGE_2024
2106003,Lima Campos,MA,321.932,9,set,11.796379807553599,OK,1991,2020,30,CHIRPS_v2,UCSB-CHG/CHIRPS/DAILY,1991-2020,IBGE_2024
2105609,Joselândia,MA,703.094,9,set,14.466847314118548,OK,1991,2020,30,CHIRPS_v2,UCSB-CHG/CHIRPS/DAILY,1991-2020,IBGE_2024
2105807,Lago do Junco,MA,328.525,9,set,8.665959630784961,OK,1991,2020,30,CHIRPS_v2,UCSB-CHG/CHIRPS/DAILY,1991-2020,IBGE_2024
2105203,Igarapé Grande,MA,346.218,9,set,11.094501663171318,OK,1991,2020,30,CHIRPS_v2,UCSB-CHG/CHIRPS/DAILY,1991-2020,IBGE_2024
2112233,Trizidela do Vale,MA,291.61,9,set,9.987611299719273,OK,1991,2020,30,CHIRPS_v2,UCSB-CHG/CHIRPS/DAILY,1991-2020,IBGE_2024
2104008,Esperantinópolis,MA,452.402,9,set,13.55513266279512,OK,1991,2020,30,CHIRPS_v2,UCSB-CHG/CHIRPS/DAILY,1991-2020,IBGE_2024
2103000,Caxias,MA,5200.625,9,set,7.7600548515972445,OK,1991,2020,30,CHIRPS_v2,UCSB-CHG/CHIRPS/DAILY,1991-2020,IBGE_2024
2103406,Coelho Neto,MA,976.653,9,set,9.183925638610697,OK,1991,2020,30,CHIRPS_v2,UCSB-CHG/CHIRPS/DAILY,1991-2020,IBGE_2024
2111078,São João do Soter,MA,1438.066,9,set,10.004154414034652,OK,1991,2020,30,CHIRPS_v2,UCSB-CHG/CHIRPS/DAILY,1991-2020,IBGE_2024
2100303,Aldeias Altas,MA,1943.413,9,set,7.989287403238083,OK,1991,2020,30,CHIRPS_v2,UCSB-CHG/CHIRPS/DAILY,1991-2020,IBGE_2024
2100105,Afonso Cunha,MA,371.767,9,set,10.033679696497977,OK,1991,2020,30,CHIRPS_v2,UCSB-CHG/CHIRPS/DAILY,1991-2020,IBGE_2024
2103901,Duque Bacelar,MA,317.494,9,set,8.692541397351622,OK,1991,2020,30,CHIRPS_v2,UCSB-CHG/CHIRPS/DAILY,1991-2020,IBGE_2024
2112209,Timon,MA,1763.219,9,set,7.4247686554776084,OK,1991,2020,30,CHIRPS_v2,UCSB-CHG/CHIRPS/DAILY,1991-2020,IBGE_2024
2102309,Buriti Bravo,MA,1581.721,9,set,3.6738059545665385,OK,1991,2020,30,CHIRPS_v2,UCSB-CHG/CHIRPS/DAILY,1991-2020,IBGE_2024
2107803,Parnarama,MA,3246.503,9,set,4.440977104399551,OK,1991,2020,30,CHIRPS_v2,UCSB-CHG/CHIRPS/DAILY,1991-2020,IBGE_2024
2106607,Matões,MA,2108.672,9,set,4.399970164039184,OK,1991,2020,30,CHIRPS_v2,UCSB-CHG/CHIRPS/DAILY,1991-2020,IBGE_2024
2103307,Codó,MA,4361.6,9,set,11.781834726490542,OK,1991,2020,30,CHIRPS_v2,UCSB-CHG/CHIRPS/DAILY,1991-2020,IBGE_2024
2103604,Coroatá,MA,2263.692,9,set,10.629312781444371,OK,1991,2020,30,CHIRPS_v2,UCSB-CHG/CHIRPS/DAILY,1991-2020,IBGE_2024
2108454,Peritoró,MA,824.72,9,set,12.446081181136165,OK,1991,2020,30,CHIRPS_v2,UCSB-CHG/CHIRPS/DAILY,1991-2020,IBGE_2024
2112100,Timbiras,MA,1486.582,9,set,13.729023102468686,OK,1991,2020,30,CHIRPS_v2,UCSB-CHG/CHIRPS/DAILY,1991-2020,IBGE_2024
2103802,Dom Pedro,MA,358.493,9,set,13.461275821840703,OK,1991,2020,30,CHIRPS_v2,UCSB-CHG/CHIRPS/DAILY,1991-2020,IBGE_2024
2111250,São José dos Basílios,MA,353.72,9,set,12.826599620763043,OK,1991,2020,30,CHIRPS_v2,UCSB-CHG/CHIRPS/DAILY,1991-2020,IBGE_2024
2110708,São Domingos do Maranhão,MA,1151.978,9,set,5.331269264129266,OK,1991,2020,30,CHIRPS_v2,UCSB-CHG/CHIRPS/DAILY,1991-2020,IBGE_2024
2109759,Santa Filomena do Maranhão,MA,623.213,9,set,11.607339498814065,OK,1991,2020,30,CHIRPS_v2,UCSB-CHG/CHIRPS/DAILY,1991-2020,IBGE_2024
2109106,Presidente Dutra,MA,771.574,9,set,10.67584039942588,OK,1991,2020,30,CHIRPS_v2,UCSB-CHG/CHIRPS/DAILY,1991-2020,IBGE_2024
2104628,Governador Luiz Rocha,MA,401.587,9,set,4.243522792773123,OK,1991,2020,30,CHIRPS_v2,UCSB-CHG/CHIRPS/DAILY,1991-2020,IBGE_2024
2104602,Governador Eugênio Barros,MA,647.015,9,set,8.710128718436822,OK,1991,2020,30,CHIRPS_v2,UCSB-CHG/CHIRPS/DAILY,1991-2020,IBGE_2024
2104404,Gonçalves Dias,MA,883.588,9,set,10.875729830804175,OK,1991,2020,30,CHIRPS_v2,UCSB-CHG/CHIRPS/DAILY,1991-2020,IBGE_2024
2104503,Governador Archer,MA,445.857,9,set,14.282522892829167,OK,1991,2020,30,CHIRPS_v2,UCSB-CHG/CHIRPS/DAILY,1991-2020,IBGE_2024
2104701,Graça Aranha,MA,271.445,9,set,8.493883855102824,OK,1991,2020,30,CHIRPS_v2,UCSB-CHG/CHIRPS/DAILY,1991-2020,IBGE_2024
2112308,Tuntum,MA,3369.119,9,set,11.518298186702463,OK,1991,2020,30,CHIRPS_v2,UCSB-CHG/CHIRPS/DAILY,1991-2020,IBGE_2024
2111748,Senador Alexandre Costa,MA,426.431,9,set,8.673604995583258,OK,1991,2020,30,CHIRPS_v2,UCSB-CHG/CHIRPS/DAILY,1991-2020,IBGE_2024
2104206,Fortuna,MA,835.668,9,set,5.539133531131028,OK,1991,2020,30,CHIRPS_v2,UCSB-CHG/CHIRPS/DAILY,1991-2020,IBGE_2024
2111953,Sucupira do Riachão,MA,862.226,9,set,2.4718894204480026,OK,1991,2020,30,CHIRPS_v2,UCSB-CHG/CHIRPS/DAILY,1991-2020,IBGE_2024
2111102,São João dos Patos,MA,1483.255,9,set,5.787939044622189,OK,1991,2020,30,CHIRPS_v2,UCSB-CHG/CHIRPS/DAILY,1991-2020,IBGE_2024
2110658,São Domingos do Azeitão,MA,961.153,9,set,7.981485757514054,OK,1991,2020,30,CHIRPS_v2,UCSB-CHG/CHIRPS/DAILY,1991-2020,IBGE_2024
2110906,São Francisco do Maranhão,MA,2284.217,9,set,7.619739917418433,OK,1991,2020,30,CHIRPS_v2,UCSB-CHG/CHIRPS/DAILY,1991-2020,IBGE_2024
2101509,Barão de Grajaú,MA,2209.414,9,set,11.20231051482345,OK,1991,2020,30,CHIRPS_v2,UCSB-CHG/CHIRPS/DAILY,1991-2020,IBGE_2024
2101806,Benedito Leite,MA,1784.64,9,set,8.455988027158277,OK,1991,2020,30,CHIRPS_v2,UCSB-CHG/CHIRPS/DAILY,1991-2020,IBGE_2024
2108009,Pastos Bons,MA,1635.178,9,set,3.969828439472714,OK,1991,2020,30,CHIRPS_v2,UCSB-CHG/CHIRPS/DAILY,1991-2020,IBGE_2024
2107704,Paraibano,MA,530.517,9,set,2.1585999271889973,OK,1991,2020,30,CHIRPS_v2,UCSB-CHG/CHIRPS/DAILY,1991-2020,IBGE_2024
2107902,Passagem Franca,MA,1358.327,9,set,2.068680285184828,OK,1991,2020,30,CHIRPS_v2,UCSB-CHG/CHIRPS/DAILY,1991-2020,IBGE_2024
2107308,Nova Iorque,MA,978.342,9,set,8.600703631366395,OK,1991,2020,30,CHIRPS_v2,UCSB-CHG/CHIRPS/DAILY,1991-2020,IBGE_2024
2105922,Lagoa do Mato,MA,1512.985,9,set,2.681929302320284,OK,1991,2020,30,CHIRPS_v2,UCSB-CHG/CHIRPS/DAILY,1991-2020,IBGE_2024
2103505,Colinas,MA,1978.668,9,set,3.772370438809824,OK,1991,2020,30,CHIRPS_v2,UCSB-CHG/CHIRPS/DAILY,1991-2020,IBGE_2024
2111904,Sucupira do Norte,MA,1074.435,9,set,5.678538695852864,OK,1991,2020,30,CHIRPS_v2,UCSB-CHG/CHIRPS/DAILY,1991-2020,IBGE_2024
2106706,Mirador,MA,8522.882,9,set,11.061105159873971,OK,1991,2020,30,CHIRPS_v2,UCSB-CHG/CHIRPS/DAILY,1991-2020,IBGE_2024
2105450,Jatobá,MA,591.637,9,set,4.482748957651099,OK,1991,2020,30,CHIRPS_v2,UCSB-CHG/CHIRPS/DAILY,1991-2020,IBGE_2024
2101608,Barra do Corda,MA,5187.673,9,set,13.75225487939848,OK,1991,2020,30,CHIRPS_v2,UCSB-CHG/CHIRPS/DAILY,1991-2020,IBGE_2024
2104081,Fernando Falcão,MA,5086.59,9,set,12.978319471491302,OK,1991,2020,30,CHIRPS_v2,UCSB-CHG/CHIRPS/DAILY,1991-2020,IBGE_2024
2110807,São Félix de Balsas,MA,2033.29,9,set,13.960769995940439,OK,1991,2020,30,CHIRPS_v2,UCSB-CHG/CHIRPS/DAILY,1991-2020,IBGE_2024
2211001,Teresina,PI,1387.466,9,set,10.347049113732389,OK,1991,2020,30,CHIRPS_v2,UCSB-CHG/CHIRPS/DAILY,1991-2020,IBGE_2024
2200301,Alto Longá,PI,1743.331,9,set,4.80177431497713,OK,1991,2020,30,CHIRPS_v2,UCSB-CHG/CHIRPS/DAILY,1991-2020,IBGE_2024
2200400,Altos,PI,957.226,9,set,9.869815051287537,OK,1991,2020,30,CHIRPS_v2,UCSB-CHG/CHIRPS/DAILY,1991-2020,IBGE_2024
2207793,Pau D'Arco do Piauí,PI,430.024,9,set,9.567170741335289,OK,1991,2020,30,CHIRPS_v2,UCSB-CHG/CHIRPS/DAILY,1991-2020,IBGE_2024
2206951,Novo Santo Antônio,PI,443.873,9,set,4.430655303434493,OK,1991,2020,30,CHIRPS_v2,UCSB-CHG/CHIRPS/DAILY,1991-2020,IBGE_2024
2206407,Monsenhor Gil,PI,552.427,9,set,4.966681274411194,OK,1991,2020,30,CHIRPS_v2,UCSB-CHG/CHIRPS/DAILY,1991-2020,IBGE_2024
2206720,Nazária,PI,362.376,9,set,9.368689802821395,OK,1991,2020,30,CHIRPS_v2,UCSB-CHG/CHIRPS/DAILY,1991-2020,IBGE_2024
2206209,Miguel Alves,PI,1392.122,9,set,9.570376775241495,OK,1991,2020,30,CHIRPS_v2,UCSB-CHG/CHIRPS/DAILY,1991-2020,IBGE_2024
2205508,José de Freitas,PI,1538.175,9,set,10.956698717142825,OK,1991,2020,30,CHIRPS_v2,UCSB-CHG/CHIRPS/DAILY,1991-2020,IBGE_2024
2205557,Lagoa Alegre,PI,394.207,9,set,10.872501042345949,OK,1991,2020,30,CHIRPS_v2,UCSB-CHG/CHIRPS/DAILY,1991-2020,IBGE_2024
2205581,Lagoa do Piauí,PI,435.871,9,set,8.407332693245905,OK,1991,2020,30,CHIRPS_v2,UCSB-CHG/CHIRPS/DAILY,1991-2020,IBGE_2024
2203255,Curralinhos,PI,344.123,9,set,5.189336037333697,OK,1991,2020,30,CHIRPS_v2,UCSB-CHG/CHIRPS/DAILY,1991-2020,IBGE_2024
2203305,Demerval Lobão,PI,220.047,9,set,9.666447576093077,OK,1991,2020,30,CHIRPS_v2,UCSB-CHG/CHIRPS/DAILY,1991-2020,IBGE_2024
2211100,União,PI,1170.754,9,set,10.753477644453525,OK,1991,2020,30,CHIRPS_v2,UCSB-CHG/CHIRPS/DAILY,1991-2020,IBGE_2024
2202737,Coivaras,PI,484.465,9,set,7.083083703859192,OK,1991,2020,30,CHIRPS_v2,UCSB-CHG/CHIRPS/DAILY,1991-2020,IBGE_2024
2201606,Beneditinos,PI,937.443,9,set,8.448159058149395,OK,1991,2020,30,CHIRPS_v2,UCSB-CHG/CHIRPS/DAILY,1991-2020,IBGE_2024
2209609,São Félix do Piauí,PI,627.034,9,set,3.8005728553317653,OK,1991,2020,30,CHIRPS_v2,UCSB-CHG/CHIRPS/DAILY,1991-2020,IBGE_2024
2200202,Água Branca,PI,96.843,9,set,3.698795468546149,OK,1991,2020,30,CHIRPS_v2,UCSB-CHG/CHIRPS/DAILY,1991-2020,IBGE_2024
2208809,Regeneração,PI,1247.509,9,set,6.193907891020432,OK,1991,2020,30,CHIRPS_v2,UCSB-CHG/CHIRPS/DAILY,1991-2020,IBGE_2024
2200608,Angical do Piauí,PI,222.023,9,set,8.360968842963135,OK,1991,2020,30,CHIRPS_v2,UCSB-CHG/CHIRPS/DAILY,1991-2020,IBGE_2024
2208601,Prata do Piauí,PI,196.786,9,set,5.427754305806555,OK,1991,2020,30,CHIRPS_v2,UCSB-CHG/CHIRPS/DAILY,1991-2020,IBGE_2024
2200509,Amarante,PI,1180.193,9,set,12.733008222103928,OK,1991,2020,30,CHIRPS_v2,UCSB-CHG/CHIRPS/DAILY,1991-2020,IBGE_2024
2200103,Agricolândia,PI,112.392,9,set,2.6882781880794844,OK,1991,2020,30,CHIRPS_v2,UCSB-CHG/CHIRPS/DAILY,1991-2020,IBGE_2024
2207504,Palmeirais,PI,1493.766,9,set,8.507616794251613,OK,1991,2020,30,CHIRPS_v2,UCSB-CHG/CHIRPS/DAILY,1991-2020,IBGE_2024
2207751,Passagem Franca do Piauí,PI,643.209,9,set,5.064419139008204,OK,1991,2020,30,CHIRPS_v2,UCSB-CHG/CHIRPS/DAILY,1991-2020,IBGE_2024
2207108,Olho D'Água do Piauí,PI,183.605,9,set,4.891360298224241,OK,1991,2020,30,CHIRPS_v2,UCSB-CHG/CHIRPS/DAILY,1991-2020,IBGE_2024
2206308,Miguel Leão,PI,102.761,9,set,4.036103087147089,OK,1991,2020,30,CHIRPS_v2,UCSB-CHG/CHIRPS/DAILY,1991-2020,IBGE_2024
2205540,Lagoinha do Piauí,PI,67.649,9,set,3.617371511388519,OK,1991,2020,30,CHIRPS_v2,UCSB-CHG/CHIRPS/DAILY,1991-2020,IBGE_2024
2205250,Jardim do Mulato,PI,511.42,9,set,6.774196951916665,OK,1991,2020,30,CHIRPS_v2,UCSB-CHG/CHIRPS/DAILY,1991-2020,IBGE_2024
2204600,Hugo Napoleão,PI,224.573,9,set,6.137630442771198,OK,1991,2020,30,CHIRPS_v2,UCSB-CHG/CHIRPS/DAILY,1991-2020,IBGE_2024
2204006,Francinópolis,PI,268.704,9,set,2.3391690438998576,OK,1991,2020,30,CHIRPS_v2,UCSB-CHG/CHIRPS/DAILY,1991-2020,IBGE_2024
2211407,Várzea Grande,PI,236.453,9,set,2.971782904447964,OK,1991,2020,30,CHIRPS_v2,UCSB-CHG/CHIRPS/DAILY,1991-2020,IBGE_2024
2203503,Elesbão Veloso,PI,1383.976,9,set,2.873434955820076,OK,1991,2020,30,CHIRPS_v2,UCSB-CHG/CHIRPS/DAILY,1991-2020,IBGE_2024
2210508,São Pedro do Piauí,PI,518.285,9,set,3.450876786857466,OK,1991,2020,30,CHIRPS_v2,UCSB-CHG/CHIRPS/DAILY,1991-2020,IBGE_2024
2210383,São Miguel da Baixa Grande,PI,444.528,9,set,5.23618951451774,OK,1991,2020,30,CHIRPS_v2,UCSB-CHG/CHIRPS/DAILY,1991-2020,IBGE_2024
2201408,Barro Duro,PI,159.436,9,set,4.564368436095309,OK,1991,2020,30,CHIRPS_v2,UCSB-CHG/CHIRPS/DAILY,1991-2020,IBGE_2024
2209450,Santo Antônio dos Milagres,PI,34.444,9,set,5.467096779457072,OK,1991,2020,30,CHIRPS_v2,UCSB-CHG/CHIRPS/DAILY,1991-2020,IBGE_2024
2209807,São Gonçalo do Piauí,PI,148.484,9,set,5.098117469912247,OK,1991,2020,30,CHIRPS_v2,UCSB-CHG/CHIRPS/DAILY,1991-2020,IBGE_2024
2201051,Assunção do Piauí,PI,1690.698,9,set,0.3878525918382585,OK,1991,2020,30,CHIRPS_v2,UCSB-CHG/CHIRPS/DAILY,1991-2020,IBGE_2024
2206753,Nossa Senhora de Nazaré,PI,356.872,9,set,7.87997416956831,OK,1991,2020,30,CHIRPS_v2,UCSB-CHG/CHIRPS/DAILY,1991-2020,IBGE_2024
2205276,Jatobá do Piauí,PI,651.747,9,set,3.8786758851352645,OK,1991,2020,30,CHIRPS_v2,UCSB-CHG/CHIRPS/DAILY,1991-2020,IBGE_2024
2205516,Juazeiro do Piauí,PI,935.404,9,set,1.7114409692138675,OK,1991,2020,30,CHIRPS_v2,UCSB-CHG/CHIRPS/DAILY,1991-2020,IBGE_2024
2202711,Cocal de Telha,PI,310.254,9,set,6.086607025609951,OK,1991,2020,30,CHIRPS_v2,UCSB-CHG/CHIRPS/DAILY,1991-2020,IBGE_2024
2210409,São Miguel do Tapuio,PI,4988.973,9,set,1.5196966106056549,OK,1991,2020,30,CHIRPS_v2,UCSB-CHG/CHIRPS/DAILY,1991-2020,IBGE_2024
2202208,Campo Maior,PI,1680.863,9,set,6.191246229403217,OK,1991,2020,30,CHIRPS_v2,UCSB-CHG/CHIRPS/DAILY,1991-2020,IBGE_2024
2202604,Castelo do Piauí,PI,2378.846,9,set,1.6394011102438126,OK,1991,2020,30,CHIRPS_v2,UCSB-CHG/CHIRPS/DAILY,1991-2020,IBGE_2024
2210656,Sigefredo Pacheco,PI,1031.102,9,set,3.113268321542047,OK,1991,2020,30,CHIRPS_v2,UCSB-CHG/CHIRPS/DAILY,1991-2020,IBGE_2024
2209906,São João da Serra,PI,994.224,9,set,3.974005112568116,OK,1991,2020,30,CHIRPS_v2,UCSB-CHG/CHIRPS/DAILY,1991-2020,IBGE_2024
2201945,Boqueirão do Piauí,PI,271.024,9,set,8.616528385717624,OK,1991,2020,30,CHIRPS_v2,UCSB-CHG/CHIRPS/DAILY,1991-2020,IBGE_2024
2202026,Buriti dos Montes,PI,2437.329,9,set,0.3732201450046318,OK,1991,2020,30,CHIRPS_v2,UCSB-CHG/CHIRPS/DAILY,1991-2020,IBGE_2024
2209153,Santa Cruz dos Milagres,PI,978.546,9,set,2.716981327832152,OK,1991,2020,30,CHIRPS_v2,UCSB-CHG/CHIRPS/DAILY,1991-2020,IBGE_2024
2200905,Aroazes,PI,821.211,9,set,2.0985921940787553,OK,1991,2020,30,CHIRPS_v2,UCSB-CHG/CHIRPS/DAILY,1991-2020,IBGE_2024
2208106,Pimenteiras,PI,4555.95,9,set,0.9252237300068933,OK,1991,2020,30,CHIRPS_v2,UCSB-CHG/CHIRPS/DAILY,1991-2020,IBGE_2024
2206902,Novo Oriente do Piauí,PI,525.906,9,set,1.528065100726276,OK,1991,2020,30,CHIRPS_v2,UCSB-CHG/CHIRPS/DAILY,1991-2020,IBGE_2024
2205599,Lagoa do Sítio,PI,805.018,9,set,0.974294138810124,OK,1991,2020,30,CHIRPS_v2,UCSB-CHG/CHIRPS/DAILY,1991-2020,IBGE_2024
2204808,Ipiranga do Piauí,PI,529.417,9,set,1.396223204033671,OK,1991,2020,30,CHIRPS_v2,UCSB-CHG/CHIRPS/DAILY,1991-2020,IBGE_2024
2204709,Inhuma,PI,978.222,9,set,1.0366782714163407,OK,1991,2020,30,CHIRPS_v2,UCSB-CHG/CHIRPS/DAILY,1991-2020,IBGE_2024
2211308,Valença do Piauí,PI,1333.722,9,set,1.5406615361963267,OK,1991,2020,30,CHIRPS_v2,UCSB-CHG/CHIRPS/DAILY,1991-2020,IBGE_2024
2201176,Barra D'Alcântara,PI,263.943,9,set,2.323110328339136,OK,1991,2020,30,CHIRPS_v2,UCSB-CHG/CHIRPS/DAILY,1991-2020,IBGE_2024
2208502,Porto,PI,253.114,9,set,9.170427011811254,OK,1991,2020,30,CHIRPS_v2,UCSB-CHG/CHIRPS/DAILY,1991-2020,IBGE_2024
2206803,Nossa Senhora dos Remédios,PI,357.896,9,set,9.633405731750052,OK,1991,2020,30,CHIRPS_v2,UCSB-CHG/CHIRPS/DAILY,1991-2020,IBGE_2024
2201770,Boa Hora,PI,339.902,9,set,8.992905612311672,OK,1991,2020,30,CHIRPS_v2,UCSB-CHG/CHIRPS/DAILY,1991-2020,IBGE_2024
2202059,Cabeceiras do Piauí,PI,608.744,9,set,10.975102977225959,OK,1991,2020,30,CHIRPS_v2,UCSB-CHG/CHIRPS/DAILY,1991-2020,IBGE_2024
2202174,Campo Largo do Piauí,PI,478.079,9,set,10.59955161235679,OK,1991,2020,30,CHIRPS_v2,UCSB-CHG/CHIRPS/DAILY,1991-2020,IBGE_2024
2201200,Barras,PI,1722.506,9,set,11.345554234991878,OK,1991,2020,30,CHIRPS_v2,UCSB-CHG/CHIRPS/DAILY,1991-2020,IBGE_2024
2207702,Parnaíba,PI,436.907,9,set,0.5451236893900088,OK,1991,2020,30,CHIRPS_v2,UCSB-CHG/CHIRPS/DAILY,1991-2020,IBGE_2024
2206696,Murici dos Portelas,PI,475.72,9,set,4.339246924391377,OK,1991,2020,30,CHIRPS_v2,UCSB-CHG/CHIRPS/DAILY,1991-2020,IBGE_2024
2205706,Luís Correia,PI,1074.133,9,set,0.5111524752482476,OK,1991,2020,30,CHIRPS_v2,UCSB-CHG/CHIRPS/DAILY,1991-2020,IBGE_2024
2204659,Ilha Grande,PI,129.696,9,set,0.24286584241880027,OK,1991,2020,30,CHIRPS_v2,UCSB-CHG/CHIRPS/DAILY,1991-2020,IBGE_2024
2202729,Cocal dos Alves,PI,324.856,9,set,1.8752488917046195,OK,1991,2020,30,CHIRPS_v2,UCSB-CHG/CHIRPS/DAILY,1991-2020,IBGE_2024
2202703,Cocal,PI,1294.131,9,set,1.8467478545336558,OK,1991,2020,30,CHIRPS_v2,UCSB-CHG/CHIRPS/DAILY,1991-2020,IBGE_2024
2202653,Caxingó,PI,491.093,9,set,3.4586145527855003,OK,1991,2020,30,CHIRPS_v2,UCSB-CHG/CHIRPS/DAILY,1991-2020,IBGE_2024
2202539,Caraúbas do Piauí,PI,463.184,9,set,4.4551205006880705,OK,1991,2020,30,CHIRPS_v2,UCSB-CHG/CHIRPS/DAILY,1991-2020,IBGE_2024
2201919,Bom Princípio do Piauí,PI,523.143,9,set,1.1886331658639615,OK,1991,2020,30,CHIRPS_v2,UCSB-CHG/CHIRPS/DAILY,1991-2020,IBGE_2024
2202083,Cajueiro da Praia,PI,271.165,9,set,0.1977064136460174,OK,1991,2020,30,CHIRPS_v2,UCSB-CHG/CHIRPS/DAILY,1991-2020,IBGE_2024
2202000,Buriti dos Lopes,PI,690.539,9,set,1.8876049276843625,OK,1991,2020,30,CHIRPS_v2,UCSB-CHG/CHIRPS/DAILY,1991-2020,IBGE_2024
2208403,Piripiri,PI,1406.925,9,set,4.5597871016031775,OK,1991,2020,30,CHIRPS_v2,UCSB-CHG/CHIRPS/DAILY,1991-2020,IBGE_2024
2207900,Pedro II,PI,1544.373,9,set,1.5090403639012355,OK,1991,2020,30,CHIRPS_v2,UCSB-CHG/CHIRPS/DAILY,1991-2020,IBGE_2024
2208304,Piracuruca,PI,2309.93,9,set,3.919794386529745,OK,1991,2020,30,CHIRPS_v2,UCSB-CHG/CHIRPS/DAILY,1991-2020,IBGE_2024
2206357,Milton Brandão,PI,1310.728,9,set,1.6620616996861493,OK,1991,2020,30,CHIRPS_v2,UCSB-CHG/CHIRPS/DAILY,1991-2020,IBGE_2024
2205573,Lagoa de São Francisco,PI,155.86,9,set,2.7779857784254722,OK,1991,2020,30,CHIRPS_v2,UCSB-CHG/CHIRPS/DAILY,1991-2020,IBGE_2024
2203420,Domingos Mourão,PI,848.705,9,set,0.8952089266574372,OK,1991,2020,30,CHIRPS_v2,UCSB-CHG/CHIRPS/DAILY,1991-2020,IBGE_2024
2202406,Capitão de Campos,PI,564.858,9,set,6.295449326910807,OK,1991,2020,30,CHIRPS_v2,UCSB-CHG/CHIRPS/DAILY,1991-2020,IBGE_2024
2210052,São José do Divino,PI,391.157,9,set,7.173528663532251,OK,1991,2020,30,CHIRPS_v2,UCSB-CHG/CHIRPS/DAILY,1991-2020,IBGE_2024
2209872,São João da Fronteira,PI,817.115,9,set,0.7863812121404784,OK,1991,2020,30,CHIRPS_v2,UCSB-CHG/CHIRPS/DAILY,1991-2020,IBGE_2024
2201960,Brasileira,PI,880.836,9,set,3.932463885808169,OK,1991,2020,30,CHIRPS_v2,UCSB-CHG/CHIRPS/DAILY,1991-2020,IBGE_2024
2201507,Batalha,PI,1584.255,9,set,11.469733280235108,OK,1991,2020,30,CHIRPS_v2,UCSB-CHG/CHIRPS/DAILY,1991-2020,IBGE_2024
2206670,Morro do Chapéu do Piauí,PI,314.436,9,set,12.384487585040661,OK,1991,2020,30,CHIRPS_v2,UCSB-CHG/CHIRPS/DAILY,1991-2020,IBGE_2024
2205805,Luzilândia,PI,699.182,9,set,10.362041082835717,OK,1991,2020,30,CHIRPS_v2,UCSB-CHG/CHIRPS/DAILY,1991-2020,IBGE_2024
2205854,Madeiro,PI,178.843,9,set,8.977431890015346,OK,1991,2020,30,CHIRPS_v2,UCSB-CHG/CHIRPS/DAILY,1991-2020,IBGE_2024
2206100,Matias Olímpio,PI,226.785,9,set,10.45328288365605,OK,1991,2020,30,CHIRPS_v2,UCSB-CHG/CHIRPS/DAILY,1991-2020,IBGE_2024
2205409,Joaquim Pires,PI,756.188,9,set,8.243193901991509,OK,1991,2020,30,CHIRPS_v2,UCSB-CHG/CHIRPS/DAILY,1991-2020,IBGE_2024
2205458,Joca Marques,PI,169.005,9,set,9.599590010849765,OK,1991,2020,30,CHIRPS_v2,UCSB-CHG/CHIRPS/DAILY,1991-2020,IBGE_2024
2203701,Esperantina,PI,911.736,9,set,13.244536437878587,OK,1991,2020,30,CHIRPS_v2,UCSB-CHG/CHIRPS/DAILY,1991-2020,IBGE_2024
2209971,São João do Arraial,PI,215.149,9,set,13.211666613200562,OK,1991,2020,30,CHIRPS_v2,UCSB-CHG/CHIRPS/DAILY,1991-2020,IBGE_2024
2200954,Aroeiras do Itaim,PI,316.235,9,set,1.8595203933036868,OK,1991,2020,30,CHIRPS_v2,UCSB-CHG/CHIRPS/DAILY,1991-2020,IBGE_2024
2209104,Santa Cruz do Piauí,PI,562.402,9,set,2.0409287720246234,OK,1991,2020,30,CHIRPS_v2,UCSB-CHG/CHIRPS/DAILY,1991-2020,IBGE_2024
2200277,Alegrete do Piauí,PI,243.732,9,set,1.2591010092901622,OK,1991,2020,30,CHIRPS_v2,UCSB-CHG/CHIRPS/DAILY,1991-2020,IBGE_2024
2200251,Alagoinha do Piauí,PI,535.89,9,set,1.3370093704672021,OK,1991,2020,30,CHIRPS_v2,UCSB-CHG/CHIRPS/DAILY,1991-2020,IBGE_2024
2208007,Picos,PI,577.284,9,set,1.645116802965029,OK,1991,2020,30,CHIRPS_v2,UCSB-CHG/CHIRPS/DAILY,1991-2020,IBGE_2024
2208205,Pio IX,PI,1948.141,9,set,0.7107071253183058,OK,1991,2020,30,CHIRPS_v2,UCSB-CHG/CHIRPS/DAILY,1991-2020,IBGE_2024
2207553,Paquetá,PI,432.572,9,set,1.9712077687083545,OK,1991,2020,30,CHIRPS_v2,UCSB-CHG/CHIRPS/DAILY,1991-2020,IBGE_2024
2207207,Padre Marcos,PI,278.696,9,set,1.1519472657441032,OK,1991,2020,30,CHIRPS_v2,UCSB-CHG/CHIRPS/DAILY,1991-2020,IBGE_2024
2206506,Monsenhor Hipólito,PI,401.568,9,set,1.311951386727357,OK,1991,2020,30,CHIRPS_v2,UCSB-CHG/CHIRPS/DAILY,1991-2020,IBGE_2024
2205953,Marcolândia,PI,136.786,9,set,0.6398076276499579,OK,1991,2020,30,CHIRPS_v2,UCSB-CHG/CHIRPS/DAILY,1991-2020,IBGE_2024
2206050,Massapê do Piauí,PI,530.169,9,set,0.8488838201574631,OK,1991,2020,30,CHIRPS_v2,UCSB-CHG/CHIRPS/DAILY,1991-2020,IBGE_2024
2204907,Isaías Coelho,PI,800.687,9,set,0.9206251783848128,OK,1991,2020,30,CHIRPS_v2,UCSB-CHG/CHIRPS/DAILY,1991-2020,IBGE_2024
2205201,Jaicós,PI,866.788,9,set,1.1569775691117294,OK,1991,2020,30,CHIRPS_v2,UCSB-CHG/CHIRPS/DAILY,1991-2020,IBGE_2024
2205003,Itainópolis,PI,827.62,9,set,1.5822568036682425,OK,1991,2020,30,CHIRPS_v2,UCSB-CHG/CHIRPS/DAILY,1991-2020,IBGE_2024
2204352,Geminiano,PI,440.606,9,set,1.4081036237149709,OK,1991,2020,30,CHIRPS_v2,UCSB-CHG/CHIRPS/DAILY,1991-2020,IBGE_2024
2204303,Fronteiras,PI,777.179,9,set,0.5214888281130945,OK,1991,2020,30,CHIRPS_v2,UCSB-CHG/CHIRPS/DAILY,1991-2020,IBGE_2024
2204154,Francisco Macedo,PI,179.245,9,set,0.9471288306516847,OK,1991,2020,30,CHIRPS_v2,UCSB-CHG/CHIRPS/DAILY,1991-2020,IBGE_2024
2204204,Francisco Santos,PI,492.191,9,set,1.380265139477048,OK,1991,2020,30,CHIRPS_v2,UCSB-CHG/CHIRPS/DAILY,1991-2020,IBGE_2024
2211605,Vila Nova do Piauí,PI,221.627,9,set,2.1337289791820857,OK,1991,2020,30,CHIRPS_v2,UCSB-CHG/CHIRPS/DAILY,1991-2020,IBGE_2024
2203404,Dom Expedito Lopes,PI,218.808,9,set,0.910793609262017,OK,1991,2020,30,CHIRPS_v2,UCSB-CHG/CHIRPS/DAILY,1991-2020,IBGE_2024
2211506,Vera Mendes,PI,341.975,9,set,1.2062971844583046,OK,1991,2020,30,CHIRPS_v2,UCSB-CHG/CHIRPS/DAILY,1991-2020,IBGE_2024
2211704,Wall Ferraz,PI,317.278,9,set,1.8711159940773643,OK,1991,2020,30,CHIRPS_v2,UCSB-CHG/CHIRPS/DAILY,1991-2020,IBGE_2024
2210938,Sussuapara,PI,205.194,9,set,1.4867189146125919,OK,1991,2020,30,CHIRPS_v2,UCSB-CHG/CHIRPS/DAILY,1991-2020,IBGE_2024
2210375,São Luis do Piauí,PI,238.099,9,set,0.7460901693325337,OK,1991,2020,30,CHIRPS_v2,UCSB-CHG/CHIRPS/DAILY,1991-2020,IBGE_2024
2201804,Bocaina,PI,261.49,9,set,1.273827207684266,OK,1991,2020,30,CHIRPS_v2,UCSB-CHG/CHIRPS/DAILY,1991-2020,IBGE_2024
2210300,São Julião,PI,291.089,9,set,1.4127037252309436,OK,1991,2020,30,CHIRPS_v2,UCSB-CHG/CHIRPS/DAILY,1991-2020,IBGE_2024
2202091,Caldeirão Grande do Piauí,PI,467.082,9,set,0.547841817470814,OK,1991,2020,30,CHIRPS_v2,UCSB-CHG/CHIRPS/DAILY,1991-2020,IBGE_2024
2202133,Campo Grande do Piauí,PI,311.682,9,set,1.8663949075785633,OK,1991,2020,30,CHIRPS_v2,UCSB-CHG/CHIRPS/DAILY,1991-2020,IBGE_2024
2210201,São José do Piauí,PI,373.347,9,set,0.9542149106565535,OK,1991,2020,30,CHIRPS_v2,UCSB-CHG/CHIRPS/DAILY,1991-2020,IBGE_2024
2209401,Santo Antônio de Lisboa,PI,376.353,9,set,1.1825696539103654,OK,1991,2020,30,CHIRPS_v2,UCSB-CHG/CHIRPS/DAILY,1991-2020,IBGE_2024
2209351,Santana do Piauí,PI,112.189,9,set,1.264554846857566,OK,1991,2020,30,CHIRPS_v2,UCSB-CHG/CHIRPS/DAILY,1991-2020,IBGE_2024
2201572,Belém do Piauí,PI,243.234,9,set,1.4088178798835913,OK,1991,2020,30,CHIRPS_v2,UCSB-CHG/CHIRPS/DAILY,1991-2020,IBGE_2024
2209856,São João da Canabrava,PI,476.094,9,set,0.8023332815855091,OK,1991,2020,30,CHIRPS_v2,UCSB-CHG/CHIRPS/DAILY,1991-2020,IBGE_2024
2208650,Queimada Nova,PI,1283.369,9,set,0.16935929500498756,OK,1991,2020,30,CHIRPS_v2,UCSB-CHG/CHIRPS/DAILY,1991-2020,IBGE_2024
2200053,Acauã,PI,1196.75,9,set,0.2579526727534867,OK,1991,2020,30,CHIRPS_v2,UCSB-CHG/CHIRPS/DAILY,1991-2020,IBGE_2024
2207801,Paulistana,PI,1937.343,9,set,0.44246382952850755,OK,1991,2020,30,CHIRPS_v2,UCSB-CHG/CHIRPS/DAILY,1991-2020,IBGE_2024
2207777,Patos do Piauí,PI,801.403,9,set,0.76616964813618,OK,1991,2020,30,CHIRPS_v2,UCSB-CHG/CHIRPS/DAILY,1991-2020,IBGE_2024
2205151,Jacobina do Piauí,PI,1333.796,9,set,0.5502769447481932,OK,1991,2020,30,CHIRPS_v2,UCSB-CHG/CHIRPS/DAILY,1991-2020,IBGE_2024
2203271,Curral Novo do Piauí,PI,755.252,9,set,0.3081763874145417,OK,1991,2020,30,CHIRPS_v2,UCSB-CHG/CHIRPS/DAILY,1991-2020,IBGE_2024
2202554,Caridade do Piauí,PI,498.793,9,set,0.6154682603497906,OK,1991,2020,30,CHIRPS_v2,UCSB-CHG/CHIRPS/DAILY,1991-2020,IBGE_2024
2210706,Simões,PI,1076.055,9,set,0.36227302339480794,OK,1991,2020,30,CHIRPS_v2,UCSB-CHG/CHIRPS/DAILY,1991-2020,IBGE_2024
2201739,Betânia do Piauí,PI,667.433,9,set,0.1517158464480267,OK,1991,2020,30,CHIRPS_v2,UCSB-CHG/CHIRPS/DAILY,1991-2020,IBGE_2024
2207009,Oeiras,PI,2696.724,9,set,3.56567939317321,OK,1991,2020,30,CHIRPS_v2,UCSB-CHG/CHIRPS/DAILY,1991-2020,IBGE_2024
2203859,Floresta do Piauí,PI,221.519,9,set,1.2361267764236143,OK,1991,2020,30,CHIRPS_v2,UCSB-CHG/CHIRPS/DAILY,1991-2020,IBGE_2024
2210979,Tanque do Piauí,PI,408.985,9,set,6.330026690966773,OK,1991,2020,30,CHIRPS_v2,UCSB-CHG/CHIRPS/DAILY,1991-2020,IBGE_2024
2202778,Colônia do Piauí,PI,938.303,9,set,2.022882204145291,OK,1991,2020,30,CHIRPS_v2,UCSB-CHG/CHIRPS/DAILY,1991-2020,IBGE_2024
2210391,São Miguel do Fidalgo,PI,813.444,9,set,1.6625171763929423,OK,1991,2020,30,CHIRPS_v2,UCSB-CHG/CHIRPS/DAILY,1991-2020,IBGE_2024
2209955,São João da Varjota,PI,394.457,9,set,2.6034153991458178,OK,1991,2020,30,CHIRPS_v2,UCSB-CHG/CHIRPS/DAILY,1991-2020,IBGE_2024
2202075,Cajazeiras do Piauí,PI,515.427,9,set,7.700098383977948,OK,1991,2020,30,CHIRPS_v2,UCSB-CHG/CHIRPS/DAILY,1991-2020,IBGE_2024
2209500,Santo Inácio do Piauí,PI,845.492,9,set,1.1003681458473855,OK,1991,2020,30,CHIRPS_v2,UCSB-CHG/CHIRPS/DAILY,1991-2020,IBGE_2024
2209377,Santa Rosa do Piauí,PI,338.339,9,set,6.48346431464799,OK,1991,2020,30,CHIRPS_v2,UCSB-CHG/CHIRPS/DAILY,1991-2020,IBGE_2024
2207306,Paes Landim,PI,401.379,9,set,0.8310931638901615,OK,1991,2020,30,CHIRPS_v2,UCSB-CHG/CHIRPS/DAILY,1991-2020,IBGE_2024
2210904,Socorro do Piauí,PI,761.854,9,set,1.1590118877390974,OK,1991,2020,30,CHIRPS_v2,UCSB-CHG/CHIRPS/DAILY,1991-2020,IBGE_2024
2202802,Conceição do Canindé,PI,824.729,9,set,0.5794644297411404,OK,1991,2020,30,CHIRPS_v2,UCSB-CHG/CHIRPS/DAILY,1991-2020,IBGE_2024
2210805,Simplício Mendes,PI,1360.04,9,set,0.6902831524297709,OK,1991,2020,30,CHIRPS_v2,UCSB-CHG/CHIRPS/DAILY,1991-2020,IBGE_2024
2202109,Campinas do Piauí,PI,783.843,9,set,0.6661067202172055,OK,1991,2020,30,CHIRPS_v2,UCSB-CHG/CHIRPS/DAILY,1991-2020,IBGE_2024
2201556,Bela Vista do Piauí,PI,499.092,9,set,0.47524468221418514,OK,1991,2020,30,CHIRPS_v2,UCSB-CHG/CHIRPS/DAILY,1991-2020,IBGE_2024
2209658,São Francisco de Assis do Piauí,PI,1072.311,9,set,0.3204992700072394,OK,1991,2020,30,CHIRPS_v2,UCSB-CHG/CHIRPS/DAILY,1991-2020,IBGE_2024
2200707,Anísio de Abreu,PI,337.876,9,set,2.7513338646306167,OK,1991,2020,30,CHIRPS_v2,UCSB-CHG/CHIRPS/DAILY,1991-2020,IBGE_2024
2205532,Jurema,PI,1271.881,9,set,2.9927861536807248,OK,1991,2020,30,CHIRPS_v2,UCSB-CHG/CHIRPS/DAILY,1991-2020,IBGE_2024
2204550,Guaribas,PI,3118.231,9,set,8.03700029434343,OK,1991,2020,30,CHIRPS_v2,UCSB-CHG/CHIRPS/DAILY,1991-2020,IBGE_2024
2203750,Fartura do Piauí,PI,713.047,9,set,1.2361157999429009,OK,1991,2020,30,CHIRPS_v2,UCSB-CHG/CHIRPS/DAILY,1991-2020,IBGE_2024
2203354,Dirceu Arcoverde,PI,1005.572,9,set,0.9306657355774546,OK,1991,2020,30,CHIRPS_v2,UCSB-CHG/CHIRPS/DAILY,1991-2020,IBGE_2024
2203453,Dom Inocêncio,PI,3871.83,9,set,0.32446846946259694,OK,1991,2020,30,CHIRPS_v2,UCSB-CHG/CHIRPS/DAILY,1991-2020,IBGE_2024
2202851,Coronel José Dias,PI,1926.095,9,set,0.8322054845802522,OK,1991,2020,30,CHIRPS_v2,UCSB-CHG/CHIRPS/DAILY,1991-2020,IBGE_2024
2211357,Várzea Branca,PI,450.429,9,set,2.038666777931597,OK,1991,2020,30,CHIRPS_v2,UCSB-CHG/CHIRPS/DAILY,1991-2020,IBGE_2024
2210607,São Raimundo Nonato,PI,2415.29,9,set,1.6558923938762693,OK,1991,2020,30,CHIRPS_v2,UCSB-CHG/CHIRPS/DAILY,1991-2020,IBGE_2024
2202505,Caracol,PI,1610.959,9,set,3.9909668480088607,OK,1991,2020,30,CHIRPS_v2,UCSB-CHG/CHIRPS/DAILY,1991-2020,IBGE_2024
2210359,São Lourenço do Piauí,PI,673.821,9,set,1.5592824246201713,OK,1991,2020,30,CHIRPS_v2,UCSB-CHG/CHIRPS/DAILY,1991-2020,IBGE_2024
2201929,Bonfim do Piauí,PI,289.149,9,set,2.1528330502811674,OK,1991,2020,30,CHIRPS_v2,UCSB-CHG/CHIRPS/DAILY,1991-2020,IBGE_2024
2209559,São Braz do Piauí,PI,656.042,9,set,2.011668121185073,OK,1991,2020,30,CHIRPS_v2,UCSB-CHG/CHIRPS/DAILY,1991-2020,IBGE_2024
2208874,Ribeira do Piauí,PI,1012.479,9,set,1.7095719557491538,OK,1991,2020,30,CHIRPS_v2,UCSB-CHG/CHIRPS/DAILY,1991-2020,IBGE_2024
2207959,Nova Santa Rita,PI,909.734,9,set,0.5237564954539486,OK,1991,2020,30,CHIRPS_v2,UCSB-CHG/CHIRPS/DAILY,1991-2020,IBGE_2024
2207934,Pedro Laurentino,PI,870.613,9,set,0.6736437753784953,OK,1991,2020,30,CHIRPS_v2,UCSB-CHG/CHIRPS/DAILY,1991-2020,IBGE_2024
2205359,João Costa,PI,1800.237,9,set,0.7856511903447088,OK,1991,2020,30,CHIRPS_v2,UCSB-CHG/CHIRPS/DAILY,1991-2020,IBGE_2024
2205565,Lagoa do Barro do Piauí,PI,1331.025,9,set,0.23337983479140278,OK,1991,2020,30,CHIRPS_v2,UCSB-CHG/CHIRPS/DAILY,1991-2020,IBGE_2024
2202455,Capitão Gervásio Oliveira,PI,1132.996,9,set,0.3920620644521318,OK,1991,2020,30,CHIRPS_v2,UCSB-CHG/CHIRPS/DAILY,1991-2020,IBGE_2024
2210003,São João do Piauí,PI,1527.488,9,set,0.7261248355041506,OK,1991,2020,30,CHIRPS_v2,UCSB-CHG/CHIRPS/DAILY,1991-2020,IBGE_2024
2202117,Campo Alegre do Fidalgo,PI,657.797,9,set,0.32360396038040506,OK,1991,2020,30,CHIRPS_v2,UCSB-CHG/CHIRPS/DAILY,1991-2020,IBGE_2024
2208858,Riacho Frio,PI,2220.597,9,set,10.284533998042901,OK,1991,2020,30,CHIRPS_v2,UCSB-CHG/CHIRPS/DAILY,1991-2020,IBGE_2024
2201101,Avelino Lopes,PI,1220.369,9,set,4.987971885980031,OK,1991,2020,30,CHIRPS_v2,UCSB-CHG/CHIRPS/DAILY,1991-2020,IBGE_2024
2207603,Parnaguá,PI,3428.811,9,set,9.56272739738272,OK,1991,2020,30,CHIRPS_v2,UCSB-CHG/CHIRPS/DAILY,1991-2020,IBGE_2024
2206654,Morro Cabeça no Tempo,PI,2207.658,9,set,3.5672340483161236,OK,1991,2020,30,CHIRPS_v2,UCSB-CHG/CHIRPS/DAILY,1991-2020,IBGE_2024
2206605,Monte Alegre do Piauí,PI,2417.394,9,set,10.581321054264299,OK,1991,2020,30,CHIRPS_v2,UCSB-CHG/CHIRPS/DAILY,1991-2020,IBGE_2024
2205524,Júlio Borges,PI,1283.918,9,set,6.167032204112968,OK,1991,2020,30,CHIRPS_v2,UCSB-CHG/CHIRPS/DAILY,1991-2020,IBGE_2024
2204402,Gilbués,PI,3495.692,9,set,12.775584909134883,OK,1991,2020,30,CHIRPS_v2,UCSB-CHG/CHIRPS/DAILY,1991-2020,IBGE_2024
2202901,Corrente,PI,3048.746,9,set,10.763635485439409,OK,1991,2020,30,CHIRPS_v2,UCSB-CHG/CHIRPS/DAILY,1991-2020,IBGE_2024
2203206,Curimatá,PI,2344.949,9,set,5.638979466396242,OK,1991,2020,30,CHIRPS_v2,UCSB-CHG/CHIRPS/DAILY,1991-2020,IBGE_2024
2203008,Cristalândia do Piauí,PI,1202.898,9,set,12.700720788754795,OK,1991,2020,30,CHIRPS_v2,UCSB-CHG/CHIRPS/DAILY,1991-2020,IBGE_2024
2210623,Sebastião Barros,PI,893.489,9,set,11.462714527039736,OK,1991,2020,30,CHIRPS_v2,UCSB-CHG/CHIRPS/DAILY,1991-2020,IBGE_2024
2209302,Santa Luz,PI,1185.404,9,set,12.256761306379996,OK,1991,2020,30,CHIRPS_v2,UCSB-CHG/CHIRPS/DAILY,1991-2020,IBGE_2024
2208700,Redenção do Gurguéia,PI,2470.575,9,set,7.017330095627314,OK,1991,2020,30,CHIRPS_v2,UCSB-CHG/CHIRPS/DAILY,1991-2020,IBGE_2024
2200459,Alvorada do Gurguéia,PI,2131.517,9,set,10.369180146436037,OK,1991,2020,30,CHIRPS_v2,UCSB-CHG/CHIRPS/DAILY,1991-2020,IBGE_2024
2207405,Palmeira do Piauí,PI,2023.971,9,set,13.001955634225881,OK,1991,2020,30,CHIRPS_v2,UCSB-CHG/CHIRPS/DAILY,1991-2020,IBGE_2024
2203230,Currais,PI,3156.695,9,set,11.722424485428808,OK,1991,2020,30,CHIRPS_v2,UCSB-CHG/CHIRPS/DAILY,1991-2020,IBGE_2024
2202752,Colônia do Gurguéia,PI,429.582,9,set,6.107555485997903,OK,1991,2020,30,CHIRPS_v2,UCSB-CHG/CHIRPS/DAILY,1991-2020,IBGE_2024
2203107,Cristino Castro,PI,1845.69,9,set,11.649684559873245,OK,1991,2020,30,CHIRPS_v2,UCSB-CHG/CHIRPS/DAILY,1991-2020,IBGE_2024
2201903,Bom Jesus,PI,5470.984,9,set,9.965243357559013,OK,1991,2020,30,CHIRPS_v2,UCSB-CHG/CHIRPS/DAILY,1991-2020,IBGE_2024
2209708,São Francisco do Piauí,PI,1341.44,9,set,4.313332893352488,OK,1991,2020,30,CHIRPS_v2,UCSB-CHG/CHIRPS/DAILY,1991-2020,IBGE_2024
2201002,Arraial,PI,619.21,9,set,9.928046999550372,OK,1991,2020,30,CHIRPS_v2,UCSB-CHG/CHIRPS/DAILY,1991-2020,IBGE_2024
2208551,Porto Alegre do Piauí,PI,1168.044,9,set,4.175033415665889,OK,1991,2020,30,CHIRPS_v2,UCSB-CHG/CHIRPS/DAILY,1991-2020,IBGE_2024
2206704,Nazaré do Piauí,PI,1316.762,9,set,7.059051993776237,OK,1991,2020,30,CHIRPS_v2,UCSB-CHG/CHIRPS/DAILY,1991-2020,IBGE_2024
2206001,Marcos Parente,PI,677.416,9,set,1.6077690601310253,OK,1991,2020,30,CHIRPS_v2,UCSB-CHG/CHIRPS/DAILY,1991-2020,IBGE_2024
2205300,Jerumenha,PI,1865.94,9,set,4.297095501085375,OK,1991,2020,30,CHIRPS_v2,UCSB-CHG/CHIRPS/DAILY,1991-2020,IBGE_2024
2205607,Landri Sales,PI,1088.583,9,set,1.5503473957441927,OK,1991,2020,30,CHIRPS_v2,UCSB-CHG/CHIRPS/DAILY,1991-2020,IBGE_2024
2205102,Itaueira,PI,2554.178,9,set,1.6362147188515455,OK,1991,2020,30,CHIRPS_v2,UCSB-CHG/CHIRPS/DAILY,1991-2020,IBGE_2024
2204501,Guadalupe,PI,1026.538,9,set,6.339143114557927,OK,1991,2020,30,CHIRPS_v2,UCSB-CHG/CHIRPS/DAILY,1991-2020,IBGE_2024
2203909,Floriano,PI,3407.978,9,set,8.798030480624679,OK,1991,2020,30,CHIRPS_v2,UCSB-CHG/CHIRPS/DAILY,1991-2020,IBGE_2024
2204105,Francisco Ayres,PI,682.514,9,set,11.145338696725476,OK,1991,2020,30,CHIRPS_v2,UCSB-CHG/CHIRPS/DAILY,1991-2020,IBGE_2024
2202251,Canavieira,PI,2165.2,9,set,4.156832025324006,OK,1991,2020,30,CHIRPS_v2,UCSB-CHG/CHIRPS/DAILY,1991-2020,IBGE_2024
2210102,São José do Peixe,PI,1287.174,9,set,2.619548273817092,OK,1991,2020,30,CHIRPS_v2,UCSB-CHG/CHIRPS/DAILY,1991-2020,IBGE_2024
2200806,Antônio Almeida,PI,644.801,9,set,3.2995603771176456,OK,1991,2020,30,CHIRPS_v2,UCSB-CHG/CHIRPS/DAILY,1991-2020,IBGE_2024
2208908,Ribeiro Gonçalves,PI,3987.142,9,set,20.76422040029802,OK,1991,2020,30,CHIRPS_v2,UCSB-CHG/CHIRPS/DAILY,1991-2020,IBGE_2024
2201150,Baixa Grande do Ribeiro,PI,7808.913,9,set,18.03756513816417,OK,1991,2020,30,CHIRPS_v2,UCSB-CHG/CHIRPS/DAILY,1991-2020,IBGE_2024
2205904,Manoel Emídio,PI,1620.412,9,set,9.379734182693163,OK,1991,2020,30,CHIRPS_v2,UCSB-CHG/CHIRPS/DAILY,1991-2020,IBGE_2024
2211209,Uruçuí,PI,8413.009,9,set,8.168337588303663,OK,1991,2020,30,CHIRPS_v2,UCSB-CHG/CHIRPS/DAILY,1991-2020,IBGE_2024
2210631,Sebastião Leal,PI,3148.866,9,set,3.1617597831994377,OK,1991,2020,30,CHIRPS_v2,UCSB-CHG/CHIRPS/DAILY,1991-2020,IBGE_2024
2201705,Bertolínia,PI,1216.116,9,set,3.2051296566383187,OK,1991,2020,30,CHIRPS_v2,UCSB-CHG/CHIRPS/DAILY,1991-2020,IBGE_2024
2209005,Rio Grande do Piauí,PI,635.953,9,set,1.1963940271053826,OK,1991,2020,30,CHIRPS_v2,UCSB-CHG/CHIRPS/DAILY,1991-2020,IBGE_2024
2207850,Pavussu,PI,1090.697,9,set,1.1719003916187234,OK,1991,2020,30,CHIRPS_v2,UCSB-CHG/CHIRPS/DAILY,1991-2020,IBGE_2024
2207355,Pajeú do Piauí,PI,986.961,9,set,1.1491219972682463,OK,1991,2020,30,CHIRPS_v2,UCSB-CHG/CHIRPS/DAILY,1991-2020,IBGE_2024
2203800,Flores do Piauí,PI,946.72,9,set,1.1670453353724302,OK,1991,2020,30,CHIRPS_v2,UCSB-CHG/CHIRPS/DAILY,1991-2020,IBGE_2024
2203602,Eliseu Martins,PI,1097.866,9,set,4.997587089046649,OK,1991,2020,30,CHIRPS_v2,UCSB-CHG/CHIRPS/DAILY,1991-2020,IBGE_2024
2210953,Tamboril do Piauí,PI,1587.296,9,set,2.083564529942544,OK,1991,2020,30,CHIRPS_v2,UCSB-CHG/CHIRPS/DAILY,1991-2020,IBGE_2024
2202307,Canto do Buriti,PI,4325.643,9,set,2.8388306616581644,OK,1991,2020,30,CHIRPS_v2,UCSB-CHG/CHIRPS/DAILY,1991-2020,IBGE_2024
2201988,Brejo do Piauí,PI,2267.326,9,set,1.0802751205588692,OK,1991,2020,30,CHIRPS_v2,UCSB-CHG/CHIRPS/DAILY,1991-2020,IBGE_2024
2307700,Maranguape,CE,583.506,9,set,2.8163647302682793,OK,1991,2020,30,CHIRPS_v2,UCSB-CHG/CHIRPS/DAILY,1991-2020,IBGE_2024
2307650,Maracanaú,CE,105.084,9,set,5.522730347373163,OK,1991,2020,30,CHIRPS_v2,UCSB-CHG/CHIRPS/DAILY,1991-2020,IBGE_2024
2306256,Itaitinga,CE,153.686,9,set,3.5081020687666897,OK,1991,2020,30,CHIRPS_v2,UCSB-CHG/CHIRPS/DAILY,1991-2020,IBGE_2024
2304285,Eusébio,CE,78.818,9,set,0.015111942707309757,OK,1991,2020,30,CHIRPS_v2,UCSB-CHG/CHIRPS/DAILY,1991-2020,IBGE_2024
2304400,Fortaleza,CE,312.353,9,set,0.2127147544679322,OK,1991,2020,30,CHIRPS_v2,UCSB-CHG/CHIRPS/DAILY,1991-2020,IBGE_2024
2303709,Caucaia,CE,1223.199,9,set,0.9580281056542947,OK,1991,2020,30,CHIRPS_v2,UCSB-CHG/CHIRPS/DAILY,1991-2020,IBGE_2024
2309706,Pacatuba,CE,133.223,9,set,4.183798943675453,OK,1991,2020,30,CHIRPS_v2,UCSB-CHG/CHIRPS/DAILY,1991-2020,IBGE_2024
2301000,Aquiraz,CE,480.236,9,set,2.7358333173382348,OK,1991,2020,30,CHIRPS_v2,UCSB-CHG/CHIRPS/DAILY,1991-2020,IBGE_2024
2305233,Horizonte,CE,160.556,9,set,4.988059758251243,OK,1991,2020,30,CHIRPS_v2,UCSB-CHG/CHIRPS/DAILY,1991-2020,IBGE_2024
2304954,Guaiúba,CE,256.053,9,set,6.748374385486305,OK,1991,2020,30,CHIRPS_v2,UCSB-CHG/CHIRPS/DAILY,1991-2020,IBGE_2024
2312403,São Gonçalo do Amarante,CE,842.679,9,set,0.18474100973479649,OK,1991,2020,30,CHIRPS_v2,UCSB-CHG/CHIRPS/DAILY,1991-2020,IBGE_2024
2312601,São Luís do Curu,CE,122.865,9,set,0.1882053534118641,OK,1991,2020,30,CHIRPS_v2,UCSB-CHG/CHIRPS/DAILY,1991-2020,IBGE_2024
2303956,Chorozinho,CE,296.431,9,set,1.4586704661537035,OK,1991,2020,30,CHIRPS_v2,UCSB-CHG/CHIRPS/DAILY,1991-2020,IBGE_2024
2303501,Cascavel,CE,838.115,9,set,3.900893566054161,OK,1991,2020,30,CHIRPS_v2,UCSB-CHG/CHIRPS/DAILY,1991-2020,IBGE_2024
2310852,Pindoretama,CE,74.033,9,set,7.342229103595667,OK,1991,2020,30,CHIRPS_v2,UCSB-CHG/CHIRPS/DAILY,1991-2020,IBGE_2024
2302206,Beberibe,CE,1596.75,9,set,1.9757350636875017,OK,1991,2020,30,CHIRPS_v2,UCSB-CHG/CHIRPS/DAILY,1991-2020,IBGE_2024
2310258,Paraipaba,CE,289.231,9,set,0.14252748313270774,OK,1991,2020,30,CHIRPS_v2,UCSB-CHG/CHIRPS/DAILY,1991-2020,IBGE_2024
2310100,Palmácia,CE,128.896,9,set,5.594707529073147,OK,1991,2020,30,CHIRPS_v2,UCSB-CHG/CHIRPS/DAILY,1991-2020,IBGE_2024
2310209,Paracuru,CE,304.734,9,set,0.0793935751881179,OK,1991,2020,30,CHIRPS_v2,UCSB-CHG/CHIRPS/DAILY,1991-2020,IBGE_2024
2309607,Pacajus,CE,250.305,9,set,3.242620393027786,OK,1991,2020,30,CHIRPS_v2,UCSB-CHG/CHIRPS/DAILY,1991-2020,IBGE_2024
2306405,Itapipoca,CE,1596.225,9,set,0.4016559327216188,OK,1991,2020,30,CHIRPS_v2,UCSB-CHG/CHIRPS/DAILY,1991-2020,IBGE_2024
2313807,Uruburetama,CE,103.478,9,set,0.29881877637810156,OK,1991,2020,30,CHIRPS_v2,UCSB-CHG/CHIRPS/DAILY,1991-2020,IBGE_2024
2313500,Trairi,CE,928.726,9,set,0.11311759347885059,OK,1991,2020,30,CHIRPS_v2,UCSB-CHG/CHIRPS/DAILY,1991-2020,IBGE_2024
2313757,Umirim,CE,315.647,9,set,0.1566762016487201,OK,1991,2020,30,CHIRPS_v2,UCSB-CHG/CHIRPS/DAILY,1991-2020,IBGE_2024
2313559,Tururu,CE,197.193,9,set,0.30843975589449285,OK,1991,2020,30,CHIRPS_v2,UCSB-CHG/CHIRPS/DAILY,1991-2020,IBGE_2024
2300754,Amontada,CE,1175.044,9,set,0.35052046737446635,OK,1991,2020,30,CHIRPS_v2,UCSB-CHG/CHIRPS/DAILY,1991-2020,IBGE_2024
2308377,Miraíma,CE,708.678,9,set,0.11316046735622584,OK,1991,2020,30,CHIRPS_v2,UCSB-CHG/CHIRPS/DAILY,1991-2020,IBGE_2024
2306504,Itapiúna,CE,593.232,9,set,0.4625884977423254,OK,1991,2020,30,CHIRPS_v2,UCSB-CHG/CHIRPS/DAILY,1991-2020,IBGE_2024
2305100,Guaramiranga,CE,90.817,9,set,7.221352128064566,OK,1991,2020,30,CHIRPS_v2,UCSB-CHG/CHIRPS/DAILY,1991-2020,IBGE_2024
2311603,Redenção,CE,247.989,9,set,4.794060050331384,OK,1991,2020,30,CHIRPS_v2,UCSB-CHG/CHIRPS/DAILY,1991-2020,IBGE_2024
2302909,Capistrano,CE,226.549,9,set,2.4551646455304943,OK,1991,2020,30,CHIRPS_v2,UCSB-CHG/CHIRPS/DAILY,1991-2020,IBGE_2024
2302107,Baturité,CE,314.075,9,set,3.907986176737299,OK,1991,2020,30,CHIRPS_v2,UCSB-CHG/CHIRPS/DAILY,1991-2020,IBGE_2024
2309805,Pacoti,CE,112.433,9,set,6.295234995820495,OK,1991,2020,30,CHIRPS_v2,UCSB-CHG/CHIRPS/DAILY,1991-2020,IBGE_2024
2301950,Barreira,CE,260.237,9,set,1.684809903347195,OK,1991,2020,30,CHIRPS_v2,UCSB-CHG/CHIRPS/DAILY,1991-2020,IBGE_2024
2301208,Aracoiaba,CE,643.988,9,set,0.9759500694077236,OK,1991,2020,30,CHIRPS_v2,UCSB-CHG/CHIRPS/DAILY,1991-2020,IBGE_2024
2301406,Aratuba,CE,119.758,9,set,1.0717234011814682,OK,1991,2020,30,CHIRPS_v2,UCSB-CHG/CHIRPS/DAILY,1991-2020,IBGE_2024
2309458,Ocara,CE,763.075,9,set,0.8057353960890576,OK,1991,2020,30,CHIRPS_v2,UCSB-CHG/CHIRPS/DAILY,1991-2020,IBGE_2024
2309102,Mulungu,CE,97.951,9,set,6.005523494103543,OK,1991,2020,30,CHIRPS_v2,UCSB-CHG/CHIRPS/DAILY,1991-2020,IBGE_2024
2300150,Acarape,CE,129.767,9,set,4.0226919892098865,OK,1991,2020,30,CHIRPS_v2,UCSB-CHG/CHIRPS/DAILY,1991-2020,IBGE_2024
2307635,Madalena,CE,998.195,9,set,0.2992525219818867,OK,1991,2020,30,CHIRPS_v2,UCSB-CHG/CHIRPS/DAILY,1991-2020,IBGE_2024
2306603,Itatira,CE,829.211,9,set,0.2307665863933483,OK,1991,2020,30,CHIRPS_v2,UCSB-CHG/CHIRPS/DAILY,1991-2020,IBGE_2024
2303006,Caridade,CE,926.271,9,set,0.43038385488069536,OK,1991,2020,30,CHIRPS_v2,UCSB-CHG/CHIRPS/DAILY,1991-2020,IBGE_2024
2302800,Canindé,CE,3032.39,9,set,0.3494151376530263,OK,1991,2020,30,CHIRPS_v2,UCSB-CHG/CHIRPS/DAILY,1991-2020,IBGE_2024
2310407,Paramoti,CE,539.238,9,set,0.14978777688285533,OK,1991,2020,30,CHIRPS_v2,UCSB-CHG/CHIRPS/DAILY,1991-2020,IBGE_2024
2302404,Boa Viagem,CE,2835.037,9,set,1.1270236748033007,OK,1991,2020,30,CHIRPS_v2,UCSB-CHG/CHIRPS/DAILY,1991-2020,IBGE_2024
2306306,Itapajé,CE,436.32,9,set,0.12411790820720538,OK,1991,2020,30,CHIRPS_v2,UCSB-CHG/CHIRPS/DAILY,1991-2020,IBGE_2024
2306108,Irauçuba,CE,1466.413,9,set,0.08123897385799668,OK,1991,2020,30,CHIRPS_v2,UCSB-CHG/CHIRPS/DAILY,1991-2020,IBGE_2024
2313351,Tejuçuoca,CE,758.706,9,set,0.17346704219055584,OK,1991,2020,30,CHIRPS_v2,UCSB-CHG/CHIRPS/DAILY,1991-2020,IBGE_2024
2304608,General Sampaio,CE,230.371,9,set,0.14837722401339165,OK,1991,2020,30,CHIRPS_v2,UCSB-CHG/CHIRPS/DAILY,1991-2020,IBGE_2024
2310704,Pentecoste,CE,1379.836,9,set,0.2222179009531076,OK,1991,2020,30,CHIRPS_v2,UCSB-CHG/CHIRPS/DAILY,1991-2020,IBGE_2024
2300903,Apuiarés,CE,543.98,9,set,0.1713298305539604,OK,1991,2020,30,CHIRPS_v2,UCSB-CHG/CHIRPS/DAILY,1991-2020,IBGE_2024
2305266,Ibaretama,CE,879.253,9,set,0.3609722630167189,OK,1991,2020,30,CHIRPS_v2,UCSB-CHG/CHIRPS/DAILY,1991-2020,IBGE_2024
2305332,Ibicuitinga,CE,423.856,9,set,0.15898701904486323,OK,1991,2020,30,CHIRPS_v2,UCSB-CHG/CHIRPS/DAILY,1991-2020,IBGE_2024
2313005,Solonópole,CE,1535.856,9,set,1.7404416777453648,OK,1991,2020,30,CHIRPS_v2,UCSB-CHG/CHIRPS/DAILY,1991-2020,IBGE_2024
2304269,Deputado Irapuan Pinheiro,CE,471.134,9,set,4.460107492460546,OK,1991,2020,30,CHIRPS_v2,UCSB-CHG/CHIRPS/DAILY,1991-2020,IBGE_2024
2312700,Senador Pompeu,CE,963.256,9,set,3.997905090973383,OK,1991,2020,30,CHIRPS_v2,UCSB-CHG/CHIRPS/DAILY,1991-2020,IBGE_2024
2303931,Choró,CE,815.268,9,set,0.32001786856087505,OK,1991,2020,30,CHIRPS_v2,UCSB-CHG/CHIRPS/DAILY,1991-2020,IBGE_2024
2311405,Quixeramobim,CE,3302.144,9,set,1.0638097284709622,OK,1991,2020,30,CHIRPS_v2,UCSB-CHG/CHIRPS/DAILY,1991-2020,IBGE_2024
2311306,Quixadá,CE,2020.587,9,set,0.18835138316440503,OK,1991,2020,30,CHIRPS_v2,UCSB-CHG/CHIRPS/DAILY,1991-2020,IBGE_2024
2310506,Pedra Branca,CE,1328.779,9,set,2.265836871814505,OK,1991,2020,30,CHIRPS_v2,UCSB-CHG/CHIRPS/DAILY,1991-2020,IBGE_2024
2301851,Banabuiú,CE,1080.983,9,set,0.18543319982911902,OK,1991,2020,30,CHIRPS_v2,UCSB-CHG/CHIRPS/DAILY,1991-2020,IBGE_2024
2308351,Milhã,CE,502.136,9,set,1.5501931849343547,OK,1991,2020,30,CHIRPS_v2,UCSB-CHG/CHIRPS/DAILY,1991-2020,IBGE_2024
2307601,Limoeiro do Norte,CE,794.688,9,set,0.20757028884536025,OK,1991,2020,30,CHIRPS_v2,UCSB-CHG/CHIRPS/DAILY,1991-2020,IBGE_2024
2306801,Jaguaribara,CE,622.963,9,set,0.2155889184905987,OK,1991,2020,30,CHIRPS_v2,UCSB-CHG/CHIRPS/DAILY,1991-2020,IBGE_2024
2306702,Jaguaretama,CE,1826.829,9,set,0.2645387661988382,OK,1991,2020,30,CHIRPS_v2,UCSB-CHG/CHIRPS/DAILY,1991-2020,IBGE_2024
2306900,Jaguaribe,CE,1877.062,9,set,1.3163302899618758,OK,1991,2020,30,CHIRPS_v2,UCSB-CHG/CHIRPS/DAILY,1991-2020,IBGE_2024
2306009,Iracema,CE,839.174,9,set,0.4950022122695393,OK,1991,2020,30,CHIRPS_v2,UCSB-CHG/CHIRPS/DAILY,1991-2020,IBGE_2024
2313104,Tabuleiro do Norte,CE,1047.637,9,set,0.13950454730677303,OK,1991,2020,30,CHIRPS_v2,UCSB-CHG/CHIRPS/DAILY,1991-2020,IBGE_2024
2312502,São João do Jaguaribe,CE,279.451,9,set,0.1619078168952564,OK,1991,2020,30,CHIRPS_v2,UCSB-CHG/CHIRPS/DAILY,1991-2020,IBGE_2024
2304277,Ereré,CE,349.034,9,set,2.3838254034613624,OK,1991,2020,30,CHIRPS_v2,UCSB-CHG/CHIRPS/DAILY,1991-2020,IBGE_2024
2311801,Russas,CE,1505.726,9,set,0.41105047030374564,OK,1991,2020,30,CHIRPS_v2,UCSB-CHG/CHIRPS/DAILY,1991-2020,IBGE_2024
2311504,Quixeré,CE,609.438,9,set,0.3283098727486394,OK,1991,2020,30,CHIRPS_v2,UCSB-CHG/CHIRPS/DAILY,1991-2020,IBGE_2024
2310803,Pereiro,CE,449.74,9,set,1.9140422020962327,OK,1991,2020,30,CHIRPS_v2,UCSB-CHG/CHIRPS/DAILY,1991-2020,IBGE_2024
2311231,Potiretama,CE,409.137,9,set,0.22244836763459036,OK,1991,2020,30,CHIRPS_v2,UCSB-CHG/CHIRPS/DAILY,1991-2020,IBGE_2024
2310001,Palhano,CE,436.98,9,set,0.39957069747214186,OK,1991,2020,30,CHIRPS_v2,UCSB-CHG/CHIRPS/DAILY,1991-2020,IBGE_2024
2300705,Alto Santo,CE,1147.209,9,set,0.21938616996752186,OK,1991,2020,30,CHIRPS_v2,UCSB-CHG/CHIRPS/DAILY,1991-2020,IBGE_2024
2308708,Morada Nova,CE,2822.836,9,set,0.48953140507892734,OK,1991,2020,30,CHIRPS_v2,UCSB-CHG/CHIRPS/DAILY,1991-2020,IBGE_2024
2307007,Jaguaruana,CE,854.36,9,set,0.3215762558607224,OK,1991,2020,30,CHIRPS_v2,UCSB-CHG/CHIRPS/DAILY,1991-2020,IBGE_2024
2306207,Itaiçaba,CE,213.604,9,set,0.2978815497847972,OK,1991,2020,30,CHIRPS_v2,UCSB-CHG/CHIRPS/DAILY,1991-2020,IBGE_2024
2305357,Icapuí,CE,421.441,9,set,0.40985040737893924,OK,1991,2020,30,CHIRPS_v2,UCSB-CHG/CHIRPS/DAILY,1991-2020,IBGE_2024
2304459,Fortim,CE,285.024,9,set,0.7772172044273752,OK,1991,2020,30,CHIRPS_v2,UCSB-CHG/CHIRPS/DAILY,1991-2020,IBGE_2024
2301109,Aracati,CE,1227.196,9,set,0.42209909155200004,OK,1991,2020,30,CHIRPS_v2,UCSB-CHG/CHIRPS/DAILY,1991-2020,IBGE_2024
2308500,Mombaça,CE,2105.518,9,set,3.041761376437432,OK,1991,2020,30,CHIRPS_v2,UCSB-CHG/CHIRPS/DAILY,1991-2020,IBGE_2024
2300309,Acopiara,CE,2254.279,9,set,3.387419520022189,OK,1991,2020,30,CHIRPS_v2,UCSB-CHG/CHIRPS/DAILY,1991-2020,IBGE_2024
2307403,Jucás,CE,940.336,9,set,2.7462329417150033,OK,1991,2020,30,CHIRPS_v2,UCSB-CHG/CHIRPS/DAILY,1991-2020,IBGE_2024
2305506,Iguatu,CE,977.311,9,set,3.9826200622779773,OK,1991,2020,30,CHIRPS_v2,UCSB-CHG/CHIRPS/DAILY,1991-2020,IBGE_2024
2311900,Saboeiro,CE,1381.274,9,set,1.0557987859704314,OK,1991,2020,30,CHIRPS_v2,UCSB-CHG/CHIRPS/DAILY,1991-2020,IBGE_2024
2303808,Cedro,CE,729.97,9,set,3.112402047822577,OK,1991,2020,30,CHIRPS_v2,UCSB-CHG/CHIRPS/DAILY,1991-2020,IBGE_2024
2303600,Catarina,CE,488.153,9,set,1.635216680126524,OK,1991,2020,30,CHIRPS_v2,UCSB-CHG/CHIRPS/DAILY,1991-2020,IBGE_2024
2311355,Quixelô,CE,620.242,9,set,2.5392524488618395,OK,1991,2020,30,CHIRPS_v2,UCSB-CHG/CHIRPS/DAILY,1991-2020,IBGE_2024
2303303,Cariús,CE,1036.417,9,set,2.7493975979358725,OK,1991,2020,30,CHIRPS_v2,UCSB-CHG/CHIRPS/DAILY,1991-2020,IBGE_2024
2310902,Piquet Carneiro,CE,589.601,9,set,3.8057455403380924,OK,1991,2020,30,CHIRPS_v2,UCSB-CHG/CHIRPS/DAILY,1991-2020,IBGE_2024
2305704,Ipaumirim,CE,276.508,9,set,2.8916106611683845,OK,1991,2020,30,CHIRPS_v2,UCSB-CHG/CHIRPS/DAILY,1991-2020,IBGE_2024
2313708,Umari,CE,263.185,9,set,2.1836856398608773,OK,1991,2020,30,CHIRPS_v2,UCSB-CHG/CHIRPS/DAILY,1991-2020,IBGE_2024
2305407,Icó,CE,1865.86,9,set,2.1707212485468674,OK,1991,2020,30,CHIRPS_v2,UCSB-CHG/CHIRPS/DAILY,1991-2020,IBGE_2024
2301802,Baixio,CE,145.556,9,set,2.181020429382439,OK,1991,2020,30,CHIRPS_v2,UCSB-CHG/CHIRPS/DAILY,1991-2020,IBGE_2024
2309508,Orós,CE,577.526,9,set,2.041841340335778,OK,1991,2020,30,CHIRPS_v2,UCSB-CHG/CHIRPS/DAILY,1991-2020,IBGE_2024
2307304,Juazeiro do Norte,CE,258.788,9,set,2.5157430912063226,OK,1991,2020,30,CHIRPS_v2,UCSB-CHG/CHIRPS/DAILY,1991-2020,IBGE_2024
2304202,Crato,CE,1138.15,9,set,4.370852409219534,OK,1991,2020,30,CHIRPS_v2,UCSB-CHG/CHIRPS/DAILY,1991-2020,IBGE_2024
2301901,Barbalha,CE,608.142,9,set,5.474358044185921,OK,1991,2020,30,CHIRPS_v2,UCSB-CHG/CHIRPS/DAILY,1991-2020,IBGE_2024
2307502,Lavras da Mangabeira,CE,945.263,9,set,2.7957042773780065,OK,1991,2020,30,CHIRPS_v2,UCSB-CHG/CHIRPS/DAILY,1991-2020,IBGE_2024
2307106,Jardim,CE,544.995,9,set,4.89008585415677,OK,1991,2020,30,CHIRPS_v2,UCSB-CHG/CHIRPS/DAILY,1991-2020,IBGE_2024
2314003,Várzea Alegre,CE,829.977,9,set,3.6293687123552227,OK,1991,2020,30,CHIRPS_v2,UCSB-CHG/CHIRPS/DAILY,1991-2020,IBGE_2024
2304806,Granjeiro,CE,111.528,9,set,4.09992346852167,OK,1991,2020,30,CHIRPS_v2,UCSB-CHG/CHIRPS/DAILY,1991-2020,IBGE_2024
2313252,Tarrafas,CE,412.719,9,set,0.9444428604051226,OK,1991,2020,30,CHIRPS_v2,UCSB-CHG/CHIRPS/DAILY,1991-2020,IBGE_2024
2304301,Farias Brito,CE,530.54,9,set,1.6185076822924271,OK,1991,2020,30,CHIRPS_v2,UCSB-CHG/CHIRPS/DAILY,1991-2020,IBGE_2024
2311959,Salitre,CE,806.254,9,set,0.4418310525307782,OK,1991,2020,30,CHIRPS_v2,UCSB-CHG/CHIRPS/DAILY,1991-2020,IBGE_2024
2312106,Santana do Cariri,CE,855.159,9,set,3.0804595617383823,OK,1991,2020,30,CHIRPS_v2,UCSB-CHG/CHIRPS/DAILY,1991-2020,IBGE_2024
2303204,Caririaçu,CE,634.179,9,set,3.8667341716668293,OK,1991,2020,30,CHIRPS_v2,UCSB-CHG/CHIRPS/DAILY,1991-2020,IBGE_2024
2302701,Campos Sales,CE,1082.581,9,set,0.3425726089165568,OK,1991,2020,30,CHIRPS_v2,UCSB-CHG/CHIRPS/DAILY,1991-2020,IBGE_2024
2311207,Potengi,CE,343.264,9,set,0.3394486517036388,OK,1991,2020,30,CHIRPS_v2,UCSB-CHG/CHIRPS/DAILY,1991-2020,IBGE_2024
2301703,Aurora,CE,885.87,9,set,3.2585083619546773,OK,1991,2020,30,CHIRPS_v2,UCSB-CHG/CHIRPS/DAILY,1991-2020,IBGE_2024
2301604,Assaré,CE,1155.124,9,set,1.3896796535555347,OK,1991,2020,30,CHIRPS_v2,UCSB-CHG/CHIRPS/DAILY,1991-2020,IBGE_2024
2309201,Nova Olinda,CE,282.584,9,set,2.4478982632380877,OK,1991,2020,30,CHIRPS_v2,UCSB-CHG/CHIRPS/DAILY,1991-2020,IBGE_2024
2301307,Araripe,CE,1097.345,9,set,0.7671048984274866,OK,1991,2020,30,CHIRPS_v2,UCSB-CHG/CHIRPS/DAILY,1991-2020,IBGE_2024
2300606,Altaneira,CE,72.675,9,set,2.4167844212266405,OK,1991,2020,30,CHIRPS_v2,UCSB-CHG/CHIRPS/DAILY,1991-2020,IBGE_2024
2300804,Antonina do Norte,CE,259.706,9,set,0.7142249176313203,OK,1991,2020,30,CHIRPS_v2,UCSB-CHG/CHIRPS/DAILY,1991-2020,IBGE_2024
2308401,Missão Velha,CE,613.317,9,set,5.526106179444279,OK,1991,2020,30,CHIRPS_v2,UCSB-CHG/CHIRPS/DAILY,1991-2020,IBGE_2024
2300408,Aiuaba,CE,2438.563,9,set,0.5097483511022759,OK,1991,2020,30,CHIRPS_v2,UCSB-CHG/CHIRPS/DAILY,1991-2020,IBGE_2024
2308104,Mauriti,CE,1079.01,9,set,6.156496598373,OK,1991,2020,30,CHIRPS_v2,UCSB-CHG/CHIRPS/DAILY,1991-2020,IBGE_2024
2307205,Jati,CE,368.357,9,set,3.67850691457979,OK,1991,2020,30,CHIRPS_v2,UCSB-CHG/CHIRPS/DAILY,1991-2020,IBGE_2024
2311108,Porteiras,CE,224.86,9,set,6.072063406811672,OK,1991,2020,30,CHIRPS_v2,UCSB-CHG/CHIRPS/DAILY,1991-2020,IBGE_2024
2310605,Penaforte,CE,150.536,9,set,3.3768579072650686,OK,1991,2020,30,CHIRPS_v2,UCSB-CHG/CHIRPS/DAILY,1991-2020,IBGE_2024
2302503,Brejo Santo,CE,654.658,9,set,6.219417704043682,OK,1991,2020,30,CHIRPS_v2,UCSB-CHG/CHIRPS/DAILY,1991-2020,IBGE_2024
2302008,Barro,CE,711.346,9,set,5.9199827253511,OK,1991,2020,30,CHIRPS_v2,UCSB-CHG/CHIRPS/DAILY,1991-2020,IBGE_2024
2308302,Milagres,CE,579.097,9,set,5.827285549101558,OK,1991,2020,30,CHIRPS_v2,UCSB-CHG/CHIRPS/DAILY,1991-2020,IBGE_2024
2300101,Abaiara,CE,180.833,9,set,7.28345399945153,OK,1991,2020,30,CHIRPS_v2,UCSB-CHG/CHIRPS/DAILY,1991-2020,IBGE_2024
2305654,Ipaporanga,CE,704.773,9,set,0.607024271554696,OK,1991,2020,30,CHIRPS_v2,UCSB-CHG/CHIRPS/DAILY,1991-2020,IBGE_2024
2305605,Independência,CE,3237.132,9,set,0.2147454771972797,OK,1991,2020,30,CHIRPS_v2,UCSB-CHG/CHIRPS/DAILY,1991-2020,IBGE_2024
2313203,Tamboril,CE,2011.781,9,set,0.12982201877072855,OK,1991,2020,30,CHIRPS_v2,UCSB-CHG/CHIRPS/DAILY,1991-2020,IBGE_2024
2304103,Crateús,CE,2981.462,9,set,0.4280955179936975,OK,1991,2020,30,CHIRPS_v2,UCSB-CHG/CHIRPS/DAILY,1991-2020,IBGE_2024
2311264,Quiterianópolis,CE,1022.896,9,set,0.31791846552902214,OK,1991,2020,30,CHIRPS_v2,UCSB-CHG/CHIRPS/DAILY,1991-2020,IBGE_2024
2311009,Poranga,CE,1310.768,9,set,0.7460898077294236,OK,1991,2020,30,CHIRPS_v2,UCSB-CHG/CHIRPS/DAILY,1991-2020,IBGE_2024
2309409,Novo Oriente,CE,954.384,9,set,0.513438017116493,OK,1991,2020,30,CHIRPS_v2,UCSB-CHG/CHIRPS/DAILY,1991-2020,IBGE_2024
2309300,Nova Russas,CE,736.911,9,set,0.19564487560257743,OK,1991,2020,30,CHIRPS_v2,UCSB-CHG/CHIRPS/DAILY,1991-2020,IBGE_2024
2301257,Ararendá,CE,342.302,9,set,3.0746282537043763,OK,1991,2020,30,CHIRPS_v2,UCSB-CHG/CHIRPS/DAILY,1991-2020,IBGE_2024
2308609,Monsenhor Tabosa,CE,892.538,9,set,0.2519163535897323,OK,1991,2020,30,CHIRPS_v2,UCSB-CHG/CHIRPS/DAILY,1991-2020,IBGE_2024
2313302,Tauá,CE,4010.609,9,set,0.38681554265940127,OK,1991,2020,30,CHIRPS_v2,UCSB-CHG/CHIRPS/DAILY,1991-2020,IBGE_2024
2310308,Parambu,CE,2313.868,9,set,0.5593738114666843,OK,1991,2020,30,CHIRPS_v2,UCSB-CHG/CHIRPS/DAILY,1991-2020,IBGE_2024
2301505,Arneiroz,CE,1068.447,9,set,0.46050136487787285,OK,1991,2020,30,CHIRPS_v2,UCSB-CHG/CHIRPS/DAILY,1991-2020,IBGE_2024
2312908,Sobral,CE,2068.474,9,set,0.10414202389345681,OK,1991,2020,30,CHIRPS_v2,UCSB-CHG/CHIRPS/DAILY,1991-2020,IBGE_2024
2304350,Forquilha,CE,568.778,9,set,0.12392579998650156,OK,1991,2020,30,CHIRPS_v2,UCSB-CHG/CHIRPS/DAILY,1991-2020,IBGE_2024
2307908,Martinópole,CE,303.445,9,set,0.1824065227115459,OK,1991,2020,30,CHIRPS_v2,UCSB-CHG/CHIRPS/DAILY,1991-2020,IBGE_2024
2308005,Massapê,CE,567.78,9,set,0.5706558542248847,OK,1991,2020,30,CHIRPS_v2,UCSB-CHG/CHIRPS/DAILY,1991-2020,IBGE_2024
2313955,Varjota,CE,179.239,9,set,0.13814638666258727,OK,1991,2020,30,CHIRPS_v2,UCSB-CHG/CHIRPS/DAILY,1991-2020,IBGE_2024
2313906,Uruoca,CE,697.683,9,set,0.17695959982822243,OK,1991,2020,30,CHIRPS_v2,UCSB-CHG/CHIRPS/DAILY,1991-2020,IBGE_2024
2305209,Hidrolândia,CE,926.592,9,set,0.19935059603946012,OK,1991,2020,30,CHIRPS_v2,UCSB-CHG/CHIRPS/DAILY,1991-2020,IBGE_2024
2312809,Senador Sá,CE,424.642,9,set,0.17860889553422082,OK,1991,2020,30,CHIRPS_v2,UCSB-CHG/CHIRPS/DAILY,1991-2020,IBGE_2024
2304657,Graça,CE,258.943,9,set,2.7997293859302537,OK,1991,2020,30,CHIRPS_v2,UCSB-CHG/CHIRPS/DAILY,1991-2020,IBGE_2024
2304905,Groaíras,CE,155.68,9,set,0.11223630063277804,OK,1991,2020,30,CHIRPS_v2,UCSB-CHG/CHIRPS/DAILY,1991-2020,IBGE_2024
2304509,Frecheirinha,CE,210.284,9,set,2.989918248391434,OK,1991,2020,30,CHIRPS_v2,UCSB-CHG/CHIRPS/DAILY,1991-2020,IBGE_2024
2303659,Catunda,CE,784.022,9,set,0.13717889390398139,OK,1991,2020,30,CHIRPS_v2,UCSB-CHG/CHIRPS/DAILY,1991-2020,IBGE_2024
2304004,Coreaú,CE,750.333,9,set,0.5418912078956223,OK,1991,2020,30,CHIRPS_v2,UCSB-CHG/CHIRPS/DAILY,1991-2020,IBGE_2024
2312205,Santa Quitéria,CE,4262.293,9,set,0.169248713714471,OK,1991,2020,30,CHIRPS_v2,UCSB-CHG/CHIRPS/DAILY,1991-2020,IBGE_2024
2312007,Santana do Acaraú,CE,972.551,9,set,0.13473479749875575,OK,1991,2020,30,CHIRPS_v2,UCSB-CHG/CHIRPS/DAILY,1991-2020,IBGE_2024
2303105,Cariré,CE,755.597,9,set,0.15812243399875248,OK,1991,2020,30,CHIRPS_v2,UCSB-CHG/CHIRPS/DAILY,1991-2020,IBGE_2024
2311702,Reriutaba,CE,372.949,9,set,1.0612758657291428,OK,1991,2020,30,CHIRPS_v2,UCSB-CHG/CHIRPS/DAILY,1991-2020,IBGE_2024
2309904,Pacujá,CE,88.355,9,set,0.3880293888967222,OK,1991,2020,30,CHIRPS_v2,UCSB-CHG/CHIRPS/DAILY,1991-2020,IBGE_2024
2308807,Moraújo,CE,414.445,9,set,0.23623136803061645,OK,1991,2020,30,CHIRPS_v2,UCSB-CHG/CHIRPS/DAILY,1991-2020,IBGE_2024
2308906,Morrinhos,CE,411.608,9,set,0.1423298433213739,OK,1991,2020,30,CHIRPS_v2,UCSB-CHG/CHIRPS/DAILY,1991-2020,IBGE_2024
2300507,Alcântaras,CE,135.76,9,set,0.13534945337799623,OK,1991,2020,30,CHIRPS_v2,UCSB-CHG/CHIRPS/DAILY,1991-2020,IBGE_2024
2309003,Mucambo,CE,192.19,9,set,5.583581070823395,OK,1991,2020,30,CHIRPS_v2,UCSB-CHG/CHIRPS/DAILY,1991-2020,IBGE_2024
2308203,Meruoca,CE,151.651,9,set,0.4272379868157962,OK,1991,2020,30,CHIRPS_v2,UCSB-CHG/CHIRPS/DAILY,1991-2020,IBGE_2024
2305803,Ipu,CE,626.049,9,set,1.8239162485587848,OK,1991,2020,30,CHIRPS_v2,UCSB-CHG/CHIRPS/DAILY,1991-2020,IBGE_2024
2314102,Viçosa do Ceará,CE,1310.91,9,set,1.2497383072962334,OK,1991,2020,30,CHIRPS_v2,UCSB-CHG/CHIRPS/DAILY,1991-2020,IBGE_2024
2305902,Ipueiras,CE,1483.262,9,set,2.276254095850259,OK,1991,2020,30,CHIRPS_v2,UCSB-CHG/CHIRPS/DAILY,1991-2020,IBGE_2024
2305308,Ibiapina,CE,414.092,9,set,3.4938117628643504,OK,1991,2020,30,CHIRPS_v2,UCSB-CHG/CHIRPS/DAILY,1991-2020,IBGE_2024
2313401,Tianguá,CE,909.853,9,set,1.900810802556287,OK,1991,2020,30,CHIRPS_v2,UCSB-CHG/CHIRPS/DAILY,1991-2020,IBGE_2024
2313609,Ubajara,CE,423.673,9,set,3.979408893481016,OK,1991,2020,30,CHIRPS_v2,UCSB-CHG/CHIRPS/DAILY,1991-2020,IBGE_2024
2305001,Guaraciaba do Norte,CE,624.61,9,set,0.9616403272071489,OK,1991,2020,30,CHIRPS_v2,UCSB-CHG/CHIRPS/DAILY,1991-2020,IBGE_2024
2304236,Croatá,CE,696.351,9,set,0.3292620559399948,OK,1991,2020,30,CHIRPS_v2,UCSB-CHG/CHIRPS/DAILY,1991-2020,IBGE_2024
2312304,São Benedito,CE,350.847,9,set,1.7299617841585047,OK,1991,2020,30,CHIRPS_v2,UCSB-CHG/CHIRPS/DAILY,1991-2020,IBGE_2024
2303402,Carnaubal,CE,363.212,9,set,0.9066804554704222,OK,1991,2020,30,CHIRPS_v2,UCSB-CHG/CHIRPS/DAILY,1991-2020,IBGE_2024
2310951,Pires Ferreira,CE,244.464,9,set,0.8994759051424869,OK,1991,2020,30,CHIRPS_v2,UCSB-CHG/CHIRPS/DAILY,1991-2020,IBGE_2024
2307809,Marco,CE,573.611,9,set,0.1540398882504931,OK,1991,2020,30,CHIRPS_v2,UCSB-CHG/CHIRPS/DAILY,1991-2020,IBGE_2024
2307254,Jijoca de Jericoacoara,CE,209.029,9,set,0.15861083975188364,OK,1991,2020,30,CHIRPS_v2,UCSB-CHG/CHIRPS/DAILY,1991-2020,IBGE_2024
2306553,Itarema,CE,714.833,9,set,0.1861100674482422,OK,1991,2020,30,CHIRPS_v2,UCSB-CHG/CHIRPS/DAILY,1991-2020,IBGE_2024
2304251,Cruz,CE,335.921,9,set,0.17375753523036322,OK,1991,2020,30,CHIRPS_v2,UCSB-CHG/CHIRPS/DAILY,1991-2020,IBGE_2024
2302305,Bela Cruz,CE,842.106,9,set,0.18809066736934565,OK,1991,2020,30,CHIRPS_v2,UCSB-CHG/CHIRPS/DAILY,1991-2020,IBGE_2024
2300200,Acaraú,CE,842.469,9,set,0.24906391184298526,OK,1991,2020,30,CHIRPS_v2,UCSB-CHG/CHIRPS/DAILY,1991-2020,IBGE_2024
2304707,Granja,CE,2663.178,9,set,0.31770840928156535,OK,1991,2020,30,CHIRPS_v2,UCSB-CHG/CHIRPS/DAILY,1991-2020,IBGE_2024
2303907,Chaval,CE,237.239,9,set,0.17226580286277088,OK,1991,2020,30,CHIRPS_v2,UCSB-CHG/CHIRPS/DAILY,1991-2020,IBGE_2024
2302602,Camocim,CE,1120.449,9,set,0.24563188249468978,OK,1991,2020,30,CHIRPS_v2,UCSB-CHG/CHIRPS/DAILY,1991-2020,IBGE_2024
2302057,Barroquinha,CE,385.59,9,set,0.11387789371391908,OK,1991,2020,30,CHIRPS_v2,UCSB-CHG/CHIRPS/DAILY,1991-2020,IBGE_2024
2403608,Extremoz,RN,140.639,9,set,30.169257702472436,OK,1991,2020,30,CHIRPS_v2,UCSB-CHG/CHIRPS/DAILY,1991-2020,IBGE_2024
2412005,São Gonçalo do Amarante,RN,249.8,9,set,34.09617450774579,OK,1991,2020,30,CHIRPS_v2,UCSB-CHG/CHIRPS/DAILY,1991-2020,IBGE_2024
2403251,Parnamirim,RN,124.006,9,set,40.821265921939926,OK,1991,2020,30,CHIRPS_v2,UCSB-CHG/CHIRPS/DAILY,1991-2020,IBGE_2024
2408102,Natal,RN,167.401,9,set,38.19969507893241,OK,1991,2020,30,CHIRPS_v2,UCSB-CHG/CHIRPS/DAILY,1991-2020,IBGE_2024
2407104,Macaíba,RN,510.092,9,set,30.693894339331976,OK,1991,2020,30,CHIRPS_v2,UCSB-CHG/CHIRPS/DAILY,1991-2020,IBGE_2024
2413904,Taipu,RN,352.818,9,set,20.915707772462827,OK,1991,2020,30,CHIRPS_v2,UCSB-CHG/CHIRPS/DAILY,1991-2020,IBGE_2024
2413201,Senador Georgino Avelino,RN,26.1,9,set,43.37009757764828,OK,1991,2020,30,CHIRPS_v2,UCSB-CHG/CHIRPS/DAILY,1991-2020,IBGE_2024
2404606,Ielmo Marinho,RN,312.028,9,set,23.56893071247291,OK,1991,2020,30,CHIRPS_v2,UCSB-CHG/CHIRPS/DAILY,1991-2020,IBGE_2024
2412203,São José de Mipibu,RN,289.987,9,set,38.634027121807875,OK,1991,2020,30,CHIRPS_v2,UCSB-CHG/CHIRPS/DAILY,1991-2020,IBGE_2024
2412559,São Miguel do Gostoso,RN,431.445,9,set,15.067673725540615,OK,1991,2020,30,CHIRPS_v2,UCSB-CHG/CHIRPS/DAILY,1991-2020,IBGE_2024
2402600,Ceará-Mirim,RN,724.838,9,set,25.63187211023711,OK,1991,2020,30,CHIRPS_v2,UCSB-CHG/CHIRPS/DAILY,1991-2020,IBGE_2024
2410108,Poço Branco,RN,230.401,9,set,17.83380355832045,OK,1991,2020,30,CHIRPS_v2,UCSB-CHG/CHIRPS/DAILY,1991-2020,IBGE_2024
2410405,Pureza,RN,504.294,9,set,22.08431030911495,OK,1991,2020,30,CHIRPS_v2,UCSB-CHG/CHIRPS/DAILY,1991-2020,IBGE_2024
2401602,Bento Fernandes,RN,301.069,9,set,15.768820899109334,OK,1991,2020,30,CHIRPS_v2,UCSB-CHG/CHIRPS/DAILY,1991-2020,IBGE_2024
2401800,Brejinho,RN,61.559,9,set,19.51602692477807,OK,1991,2020,30,CHIRPS_v2,UCSB-CHG/CHIRPS/DAILY,1991-2020,IBGE_2024
2401701,Bom Jesus,RN,122.035,9,set,18.498824202199263,OK,1991,2020,30,CHIRPS_v2,UCSB-CHG/CHIRPS/DAILY,1991-2020,IBGE_2024
2408953,Rio do Fogo,RN,151.097,9,set,21.07835687513719,OK,1991,2020,30,CHIRPS_v2,UCSB-CHG/CHIRPS/DAILY,1991-2020,IBGE_2024
2408201,Nísia Floresta,RN,307.719,9,set,42.74782007053097,OK,1991,2020,30,CHIRPS_v2,UCSB-CHG/CHIRPS/DAILY,1991-2020,IBGE_2024
2407500,Maxaranguape,RN,132.129,9,set,22.672521654642207,OK,1991,2020,30,CHIRPS_v2,UCSB-CHG/CHIRPS/DAILY,1991-2020,IBGE_2024
2407807,Monte Alegre,RN,211.259,9,set,30.22638370245723,OK,1991,2020,30,CHIRPS_v2,UCSB-CHG/CHIRPS/DAILY,1991-2020,IBGE_2024
2414803,Vera Cruz,RN,84.127,9,set,31.642265988517003,OK,1991,2020,30,CHIRPS_v2,UCSB-CHG/CHIRPS/DAILY,1991-2020,IBGE_2024
2406601,Lagoa Salgada,RN,79.128,9,set,24.079437585701893,OK,1991,2020,30,CHIRPS_v2,UCSB-CHG/CHIRPS/DAILY,1991-2020,IBGE_2024
2406155,Jundiá,RN,44.641,9,set,23.486607763141414,OK,1991,2020,30,CHIRPS_v2,UCSB-CHG/CHIRPS/DAILY,1991-2020,IBGE_2024
2414407,Touros,RN,753.961,9,set,21.01310329986677,OK,1991,2020,30,CHIRPS_v2,UCSB-CHG/CHIRPS/DAILY,1991-2020,IBGE_2024
2413300,Serra de São Bento,RN,96.585,9,set,18.926147406848507,OK,1991,2020,30,CHIRPS_v2,UCSB-CHG/CHIRPS/DAILY,1991-2020,IBGE_2024
2413508,Serrinha,RN,193.351,9,set,19.875220446463658,OK,1991,2020,30,CHIRPS_v2,UCSB-CHG/CHIRPS/DAILY,1991-2020,IBGE_2024
2405306,Januário Cicco,RN,167.042,9,set,21.825272899863236,OK,1991,2020,30,CHIRPS_v2,UCSB-CHG/CHIRPS/DAILY,1991-2020,IBGE_2024
2412302,São José do Campestre,RN,341.115,9,set,17.50785896100679,OK,1991,2020,30,CHIRPS_v2,UCSB-CHG/CHIRPS/DAILY,1991-2020,IBGE_2024
2411502,Santo Antônio,RN,301.082,9,set,21.188600696939268,OK,1991,2020,30,CHIRPS_v2,UCSB-CHG/CHIRPS/DAILY,1991-2020,IBGE_2024
2410306,Serra Caiada,RN,230.036,9,set,16.9723013674817,OK,1991,2020,30,CHIRPS_v2,UCSB-CHG/CHIRPS/DAILY,1991-2020,IBGE_2024
2409209,Passagem,RN,41.215,9,set,16.3942435415914,OK,1991,2020,30,CHIRPS_v2,UCSB-CHG/CHIRPS/DAILY,1991-2020,IBGE_2024
2409100,Passa e Fica,RN,44.105,9,set,29.250208403120986,OK,1991,2020,30,CHIRPS_v2,UCSB-CHG/CHIRPS/DAILY,1991-2020,IBGE_2024
2408300,Nova Cruz,RN,277.319,9,set,25.927181522738742,OK,1991,2020,30,CHIRPS_v2,UCSB-CHG/CHIRPS/DAILY,1991-2020,IBGE_2024
2407906,Monte das Gameleiras,RN,71.946,9,set,16.048993646023323,OK,1991,2020,30,CHIRPS_v2,UCSB-CHG/CHIRPS/DAILY,1991-2020,IBGE_2024
2414704,Várzea,RN,72.684,9,set,17.127056950733383,OK,1991,2020,30,CHIRPS_v2,UCSB-CHG/CHIRPS/DAILY,1991-2020,IBGE_2024
2406205,Lagoa d'Anta,RN,104.065,9,set,26.620009610457892,OK,1991,2020,30,CHIRPS_v2,UCSB-CHG/CHIRPS/DAILY,1991-2020,IBGE_2024
2406304,Lagoa de Pedras,RN,117.971,9,set,19.434349214966126,OK,1991,2020,30,CHIRPS_v2,UCSB-CHG/CHIRPS/DAILY,1991-2020,IBGE_2024
2404200,Goianinha,RN,192.279,9,set,33.86277118135305,OK,1991,2020,30,CHIRPS_v2,UCSB-CHG/CHIRPS/DAILY,1991-2020,IBGE_2024
2403509,Espírito Santo,RN,135.837,9,set,23.75261619229707,OK,1991,2020,30,CHIRPS_v2,UCSB-CHG/CHIRPS/DAILY,1991-2020,IBGE_2024
2402204,Canguaretama,RN,245.485,9,set,40.537829676837525,OK,1991,2020,30,CHIRPS_v2,UCSB-CHG/CHIRPS/DAILY,1991-2020,IBGE_2024
2401404,Baía Formosa,RN,247.484,9,set,42.74120882961537,OK,1991,2020,30,CHIRPS_v2,UCSB-CHG/CHIRPS/DAILY,1991-2020,IBGE_2024
2409803,Pedro Velho,RN,192.708,9,set,35.93849711729015,OK,1991,2020,30,CHIRPS_v2,UCSB-CHG/CHIRPS/DAILY,1991-2020,IBGE_2024
2401206,Arez,RN,115.407,9,set,38.24532022626595,OK,1991,2020,30,CHIRPS_v2,UCSB-CHG/CHIRPS/DAILY,1991-2020,IBGE_2024
2407708,Montanhas,RN,82.214,9,set,31.888540071879845,OK,1991,2020,30,CHIRPS_v2,UCSB-CHG/CHIRPS/DAILY,1991-2020,IBGE_2024
2415008,Vila Flor,RN,47.656,9,set,44.004509589799895,OK,1991,2020,30,CHIRPS_v2,UCSB-CHG/CHIRPS/DAILY,1991-2020,IBGE_2024
2414209,Tibau do Sul,RN,102.68,9,set,41.87527372235252,OK,1991,2020,30,CHIRPS_v2,UCSB-CHG/CHIRPS/DAILY,1991-2020,IBGE_2024
2414001,Tangará,RN,339.484,9,set,13.687499138230251,OK,1991,2020,30,CHIRPS_v2,UCSB-CHG/CHIRPS/DAILY,1991-2020,IBGE_2024
2405009,Jaçanã,RN,54.56,9,set,3.2908255143758054,OK,1991,2020,30,CHIRPS_v2,UCSB-CHG/CHIRPS/DAILY,1991-2020,IBGE_2024
2405405,Japi,RN,188.99,9,set,18.70653752257552,OK,1991,2020,30,CHIRPS_v2,UCSB-CHG/CHIRPS/DAILY,1991-2020,IBGE_2024
2411700,São Bento do Trairí,RN,190.818,9,set,14.124156270388267,OK,1991,2020,30,CHIRPS_v2,UCSB-CHG/CHIRPS/DAILY,1991-2020,IBGE_2024
2411205,Santa Cruz,RN,624.356,9,set,11.390694652239857,OK,1991,2020,30,CHIRPS_v2,UCSB-CHG/CHIRPS/DAILY,1991-2020,IBGE_2024
2402808,Coronel Ezequiel,RN,185.748,9,set,3.9646215525360913,OK,1991,2020,30,CHIRPS_v2,UCSB-CHG/CHIRPS/DAILY,1991-2020,IBGE_2024
2402105,Campo Redondo,RN,213.727,9,set,4.579000161896167,OK,1991,2020,30,CHIRPS_v2,UCSB-CHG/CHIRPS/DAILY,1991-2020,IBGE_2024
2406809,Lajes Pintadas,RN,130.211,9,set,11.72224805638639,OK,1991,2020,30,CHIRPS_v2,UCSB-CHG/CHIRPS/DAILY,1991-2020,IBGE_2024
2413706,Sítio Novo,RN,213.456,9,set,9.084707416820438,OK,1991,2020,30,CHIRPS_v2,UCSB-CHG/CHIRPS/DAILY,1991-2020,IBGE_2024
2405801,João Câmara,RN,714.971,9,set,14.908629808435855,OK,1991,2020,30,CHIRPS_v2,UCSB-CHG/CHIRPS/DAILY,1991-2020,IBGE_2024
2405108,Jandaíra,RN,442.754,9,set,6.509464701560103,OK,1991,2020,30,CHIRPS_v2,UCSB-CHG/CHIRPS/DAILY,1991-2020,IBGE_2024
2404101,Galinhos,RN,340.769,9,set,7.599783358800502,OK,1991,2020,30,CHIRPS_v2,UCSB-CHG/CHIRPS/DAILY,1991-2020,IBGE_2024
2411601,São Bento do Norte,RN,288.761,9,set,12.659301904250933,OK,1991,2020,30,CHIRPS_v2,UCSB-CHG/CHIRPS/DAILY,1991-2020,IBGE_2024
2409704,Pedro Avelino,RN,952.754,9,set,0.15053505501001097,OK,1991,2020,30,CHIRPS_v2,UCSB-CHG/CHIRPS/DAILY,1991-2020,IBGE_2024
2409605,Pedra Preta,RN,294.985,9,set,5.773732157398803,OK,1991,2020,30,CHIRPS_v2,UCSB-CHG/CHIRPS/DAILY,1991-2020,IBGE_2024
2401859,Caiçara do Norte,RN,225.633,9,set,10.523121756908106,OK,1991,2020,30,CHIRPS_v2,UCSB-CHG/CHIRPS/DAILY,1991-2020,IBGE_2024
2409506,Pedra Grande,RN,221.167,9,set,12.124817938136355,OK,1991,2020,30,CHIRPS_v2,UCSB-CHG/CHIRPS/DAILY,1991-2020,IBGE_2024
2408805,Parazinho,RN,231.007,9,set,11.055333728848481,OK,1991,2020,30,CHIRPS_v2,UCSB-CHG/CHIRPS/DAILY,1991-2020,IBGE_2024
2405504,Jardim de Angicos,RN,254.012,9,set,9.696640327370579,OK,1991,2020,30,CHIRPS_v2,UCSB-CHG/CHIRPS/DAILY,1991-2020,IBGE_2024
2412708,São Pedro,RN,195.237,9,set,17.001176106221344,OK,1991,2020,30,CHIRPS_v2,UCSB-CHG/CHIRPS/DAILY,1991-2020,IBGE_2024
2413102,Senador Elói de Souza,RN,143.574,9,set,17.49994918789704,OK,1991,2020,30,CHIRPS_v2,UCSB-CHG/CHIRPS/DAILY,1991-2020,IBGE_2024
2412906,São Tomé,RN,862.585,9,set,8.233100501128966,OK,1991,2020,30,CHIRPS_v2,UCSB-CHG/CHIRPS/DAILY,1991-2020,IBGE_2024
2412609,São Paulo do Potengi,RN,240.425,9,set,14.214459818626434,OK,1991,2020,30,CHIRPS_v2,UCSB-CHG/CHIRPS/DAILY,1991-2020,IBGE_2024
2411106,Ruy Barbosa,RN,125.816,9,set,9.756498654437703,OK,1991,2020,30,CHIRPS_v2,UCSB-CHG/CHIRPS/DAILY,1991-2020,IBGE_2024
2410900,Riachuelo,RN,262.88,9,set,13.694204012045729,OK,1991,2020,30,CHIRPS_v2,UCSB-CHG/CHIRPS/DAILY,1991-2020,IBGE_2024
2401909,Caiçara do Rio do Vento,RN,261.194,9,set,11.916181473307617,OK,1991,2020,30,CHIRPS_v2,UCSB-CHG/CHIRPS/DAILY,1991-2020,IBGE_2024
2401503,Barcelona,RN,152.626,9,set,9.862811688966824,OK,1991,2020,30,CHIRPS_v2,UCSB-CHG/CHIRPS/DAILY,1991-2020,IBGE_2024
2409332,Santa Maria,RN,219.57,9,set,15.718608503690607,OK,1991,2020,30,CHIRPS_v2,UCSB-CHG/CHIRPS/DAILY,1991-2020,IBGE_2024
2406403,Lagoa de Velhos,RN,111.607,9,set,13.318903269445332,OK,1991,2020,30,CHIRPS_v2,UCSB-CHG/CHIRPS/DAILY,1991-2020,IBGE_2024
2413409,Serra Negra do Norte,RN,562.396,9,set,0.1761277124543342,OK,1991,2020,30,CHIRPS_v2,UCSB-CHG/CHIRPS/DAILY,1991-2020,IBGE_2024
2404804,Ipueira,RN,127.348,9,set,0.0465073445028019,OK,1991,2020,30,CHIRPS_v2,UCSB-CHG/CHIRPS/DAILY,1991-2020,IBGE_2024
2412104,São João do Sabugi,RN,277.011,9,set,0.11552771442782607,OK,1991,2020,30,CHIRPS_v2,UCSB-CHG/CHIRPS/DAILY,1991-2020,IBGE_2024
2412401,São José do Seridó,RN,174.505,9,set,0.05741893239539086,OK,1991,2020,30,CHIRPS_v2,UCSB-CHG/CHIRPS/DAILY,1991-2020,IBGE_2024
2411809,São Fernando,RN,404.427,9,set,0.10571166399956056,OK,1991,2020,30,CHIRPS_v2,UCSB-CHG/CHIRPS/DAILY,1991-2020,IBGE_2024
2403400,Equador,RN,264.985,9,set,3.922981388500776,OK,1991,2020,30,CHIRPS_v2,UCSB-CHG/CHIRPS/DAILY,1991-2020,IBGE_2024
2403004,Cruzeta,RN,295.83,9,set,0.13845223754672928,OK,1991,2020,30,CHIRPS_v2,UCSB-CHG/CHIRPS/DAILY,1991-2020,IBGE_2024
2411429,Santana do Seridó,RN,188.403,9,set,0.01633451779936529,OK,1991,2020,30,CHIRPS_v2,UCSB-CHG/CHIRPS/DAILY,1991-2020,IBGE_2024
2402006,Caicó,RN,1228.583,9,set,0.06927882899790441,OK,1991,2020,30,CHIRPS_v2,UCSB-CHG/CHIRPS/DAILY,1991-2020,IBGE_2024
2408904,Parelhas,RN,513.507,9,set,2.261610024677349,OK,1991,2020,30,CHIRPS_v2,UCSB-CHG/CHIRPS/DAILY,1991-2020,IBGE_2024
2408508,Ouro Branco,RN,253.21,9,set,0.0059460354738042655,OK,1991,2020,30,CHIRPS_v2,UCSB-CHG/CHIRPS/DAILY,1991-2020,IBGE_2024
2414308,Timbaúba dos Batistas,RN,135.456,9,set,0.18999914717031438,OK,1991,2020,30,CHIRPS_v2,UCSB-CHG/CHIRPS/DAILY,1991-2020,IBGE_2024
2406106,Jucurutu,RN,933.73,9,set,0.2813999354975795,OK,1991,2020,30,CHIRPS_v2,UCSB-CHG/CHIRPS/DAILY,1991-2020,IBGE_2024
2405603,Jardim de Piranhas,RN,330.53,9,set,0.14819952462920644,OK,1991,2020,30,CHIRPS_v2,UCSB-CHG/CHIRPS/DAILY,1991-2020,IBGE_2024
2405702,Jardim do Seridó,RN,367.645,9,set,0.04249193035880674,OK,1991,2020,30,CHIRPS_v2,UCSB-CHG/CHIRPS/DAILY,1991-2020,IBGE_2024
2413003,São Vicente,RN,197.817,9,set,0.034873988588061504,OK,1991,2020,30,CHIRPS_v2,UCSB-CHG/CHIRPS/DAILY,1991-2020,IBGE_2024
2403806,Florânia,RN,507.892,9,set,0.8420890467968868,OK,1991,2020,30,CHIRPS_v2,UCSB-CHG/CHIRPS/DAILY,1991-2020,IBGE_2024
2403103,Currais Novos,RN,864.349,9,set,0.19964307449664584,OK,1991,2020,30,CHIRPS_v2,UCSB-CHG/CHIRPS/DAILY,1991-2020,IBGE_2024
2402402,Carnaúba dos Dantas,RN,246.308,9,set,0.015205393221771535,OK,1991,2020,30,CHIRPS_v2,UCSB-CHG/CHIRPS/DAILY,1991-2020,IBGE_2024
2402709,Cerro Corá,RN,393.573,9,set,0.99547369471246,OK,1991,2020,30,CHIRPS_v2,UCSB-CHG/CHIRPS/DAILY,1991-2020,IBGE_2024
2401651,Bodó,RN,253.519,9,set,1.6491555317137025,OK,1991,2020,30,CHIRPS_v2,UCSB-CHG/CHIRPS/DAILY,1991-2020,IBGE_2024
2400109,Acari,RN,608.466,9,set,0.7432958924947694,OK,1991,2020,30,CHIRPS_v2,UCSB-CHG/CHIRPS/DAILY,1991-2020,IBGE_2024
2406502,Lagoa Nova,RN,176.302,9,set,0.2985760713145878,OK,1991,2020,30,CHIRPS_v2,UCSB-CHG/CHIRPS/DAILY,1991-2020,IBGE_2024
2414159,Tenente Laurentino Cruz,RN,68.556,9,set,0.07878525565664675,OK,1991,2020,30,CHIRPS_v2,UCSB-CHG/CHIRPS/DAILY,1991-2020,IBGE_2024
2408003,Mossoró,RN,2099.334,9,set,0.41659486625532727,OK,1991,2020,30,CHIRPS_v2,UCSB-CHG/CHIRPS/DAILY,1991-2020,IBGE_2024
2413359,Serra do Mel,RN,620.241,9,set,0.3935568708183483,OK,1991,2020,30,CHIRPS_v2,UCSB-CHG/CHIRPS/DAILY,1991-2020,IBGE_2024
2413607,Severiano Melo,RN,157.85,9,set,0.13381463267762303,OK,1991,2020,30,CHIRPS_v2,UCSB-CHG/CHIRPS/DAILY,1991-2020,IBGE_2024
2405207,Janduís,RN,303.448,9,set,0.2724175821310162,OK,1991,2020,30,CHIRPS_v2,UCSB-CHG/CHIRPS/DAILY,1991-2020,IBGE_2024
2404903,Itaú,RN,133.031,9,set,0.22129291739315773,OK,1991,2020,30,CHIRPS_v2,UCSB-CHG/CHIRPS/DAILY,1991-2020,IBGE_2024
2404309,Governador Dix-Sept Rosado,RN,1109.36,9,set,0.4180285358599297,OK,1991,2020,30,CHIRPS_v2,UCSB-CHG/CHIRPS/DAILY,1991-2020,IBGE_2024
2404408,Grossos,RN,124.538,9,set,0.42618166447837724,OK,1991,2020,30,CHIRPS_v2,UCSB-CHG/CHIRPS/DAILY,1991-2020,IBGE_2024
2403707,Felipe Guerra,RN,292.177,9,set,0.3143884445903547,OK,1991,2020,30,CHIRPS_v2,UCSB-CHG/CHIRPS/DAILY,1991-2020,IBGE_2024
2411007,Rodolfo Fernandes,RN,154.84,9,set,0.4055886118667935,OK,1991,2020,30,CHIRPS_v2,UCSB-CHG/CHIRPS/DAILY,1991-2020,IBGE_2024
2411056,Tibau,RN,169.366,9,set,0.47515906108141803,OK,1991,2020,30,CHIRPS_v2,UCSB-CHG/CHIRPS/DAILY,1991-2020,IBGE_2024
2402303,Caraúbas,RN,1094.488,9,set,0.3296535154569727,OK,1991,2020,30,CHIRPS_v2,UCSB-CHG/CHIRPS/DAILY,1991-2020,IBGE_2024
2401453,Baraúna,RN,825.681,9,set,0.42090420586574046,OK,1991,2020,30,CHIRPS_v2,UCSB-CHG/CHIRPS/DAILY,1991-2020,IBGE_2024
2401008,Apodi,RN,1569.146,9,set,0.2315571090383061,OK,1991,2020,30,CHIRPS_v2,UCSB-CHG/CHIRPS/DAILY,1991-2020,IBGE_2024
2401305,Campo Grande,RN,890.89,9,set,0.5061577793199039,OK,1991,2020,30,CHIRPS_v2,UCSB-CHG/CHIRPS/DAILY,1991-2020,IBGE_2024
2401107,Areia Branca,RN,342.749,9,set,0.2981556655615323,OK,1991,2020,30,CHIRPS_v2,UCSB-CHG/CHIRPS/DAILY,1991-2020,IBGE_2024
2407609,Messias Targino,RN,142.607,9,set,0.16909552400975622,OK,1991,2020,30,CHIRPS_v2,UCSB-CHG/CHIRPS/DAILY,1991-2020,IBGE_2024
2414605,Upanema,RN,873.14,9,set,0.39241765219043373,OK,1991,2020,30,CHIRPS_v2,UCSB-CHG/CHIRPS/DAILY,1991-2020,IBGE_2024
2414100,Tenente Ananias,RN,223.671,9,set,1.3083562924183987,OK,1991,2020,30,CHIRPS_v2,UCSB-CHG/CHIRPS/DAILY,1991-2020,IBGE_2024
2405900,João Dias,RN,88.173,9,set,0.5086321010681764,OK,1991,2020,30,CHIRPS_v2,UCSB-CHG/CHIRPS/DAILY,1991-2020,IBGE_2024
2413557,Serrinha dos Pintos,RN,122.375,9,set,0.31099008359694696,OK,1991,2020,30,CHIRPS_v2,UCSB-CHG/CHIRPS/DAILY,1991-2020,IBGE_2024
2404002,Frutuoso Gomes,RN,63.279,9,set,0.6233295431867377,OK,1991,2020,30,CHIRPS_v2,UCSB-CHG/CHIRPS/DAILY,1991-2020,IBGE_2024
2412500,São Miguel,RN,166.233,9,set,4.632711916741797,OK,1991,2020,30,CHIRPS_v2,UCSB-CHG/CHIRPS/DAILY,1991-2020,IBGE_2024
2403905,Francisco Dantas,RN,181.558,9,set,0.39747356036436543,OK,1991,2020,30,CHIRPS_v2,UCSB-CHG/CHIRPS/DAILY,1991-2020,IBGE_2024
2411908,São Francisco do Oeste,RN,75.588,9,set,0.5540073304101969,OK,1991,2020,30,CHIRPS_v2,UCSB-CHG/CHIRPS/DAILY,1991-2020,IBGE_2024
2402907,Coronel João Pessoa,RN,117.139,9,set,4.43284573814623,OK,1991,2020,30,CHIRPS_v2,UCSB-CHG/CHIRPS/DAILY,1991-2020,IBGE_2024
2403301,Encanto,RN,125.749,9,set,2.949256022932622,OK,1991,2020,30,CHIRPS_v2,UCSB-CHG/CHIRPS/DAILY,1991-2020,IBGE_2024
2403202,Doutor Severiano,RN,113.737,9,set,4.444038707293209,OK,1991,2020,30,CHIRPS_v2,UCSB-CHG/CHIRPS/DAILY,1991-2020,IBGE_2024
2410702,Riacho da Cruz,RN,127.223,9,set,0.9999696921824528,OK,1991,2020,30,CHIRPS_v2,UCSB-CHG/CHIRPS/DAILY,1991-2020,IBGE_2024
2410801,Riacho de Santana,RN,128.106,9,set,3.5663530977631974,OK,1991,2020,30,CHIRPS_v2,UCSB-CHG/CHIRPS/DAILY,1991-2020,IBGE_2024
2410603,Rafael Godeiro,RN,100.073,9,set,1.0414591918555716,OK,1991,2020,30,CHIRPS_v2,UCSB-CHG/CHIRPS/DAILY,1991-2020,IBGE_2024
2410207,Portalegre,RN,110.054,9,set,0.3091582919519027,OK,1991,2020,30,CHIRPS_v2,UCSB-CHG/CHIRPS/DAILY,1991-2020,IBGE_2024
2410504,Rafael Fernandes,RN,78.231,9,set,2.007538709056593,OK,1991,2020,30,CHIRPS_v2,UCSB-CHG/CHIRPS/DAILY,1991-2020,IBGE_2024
2410009,Pilões,RN,82.69,9,set,0.7186125064376384,OK,1991,2020,30,CHIRPS_v2,UCSB-CHG/CHIRPS/DAILY,1991-2020,IBGE_2024
2400901,Antônio Martins,RN,244.897,9,set,0.49702278997720933,OK,1991,2020,30,CHIRPS_v2,UCSB-CHG/CHIRPS/DAILY,1991-2020,IBGE_2024
2409308,Patu,RN,319.136,9,set,0.6218518740257759,OK,1991,2020,30,CHIRPS_v2,UCSB-CHG/CHIRPS/DAILY,1991-2020,IBGE_2024
2409407,Pau dos Ferros,RN,259.959,9,set,0.9524992548925437,OK,1991,2020,30,CHIRPS_v2,UCSB-CHG/CHIRPS/DAILY,1991-2020,IBGE_2024
2400505,Alexandria,RN,381.205,9,set,0.6404757866869335,OK,1991,2020,30,CHIRPS_v2,UCSB-CHG/CHIRPS/DAILY,1991-2020,IBGE_2024
2408607,Paraná,RN,81.39,9,set,1.6832377081312837,OK,1991,2020,30,CHIRPS_v2,UCSB-CHG/CHIRPS/DAILY,1991-2020,IBGE_2024
2400406,Água Nova,RN,50.684,9,set,3.1597181800723315,OK,1991,2020,30,CHIRPS_v2,UCSB-CHG/CHIRPS/DAILY,1991-2020,IBGE_2024
2400604,Almino Afonso,RN,128.038,9,set,0.8860786234714878,OK,1991,2020,30,CHIRPS_v2,UCSB-CHG/CHIRPS/DAILY,1991-2020,IBGE_2024
2408409,Olho d'Água do Borges,RN,136.393,9,set,0.6500137156157747,OK,1991,2020,30,CHIRPS_v2,UCSB-CHG/CHIRPS/DAILY,1991-2020,IBGE_2024
2407005,Luís Gomes,RN,166.638,9,set,3.0091866066230404,OK,1991,2020,30,CHIRPS_v2,UCSB-CHG/CHIRPS/DAILY,1991-2020,IBGE_2024
2407401,Martins,RN,169.464,9,set,1.5592235243179586,OK,1991,2020,30,CHIRPS_v2,UCSB-CHG/CHIRPS/DAILY,1991-2020,IBGE_2024
2407302,Marcelino Vieira,RN,345.711,9,set,1.4118497703675554,OK,1991,2020,30,CHIRPS_v2,UCSB-CHG/CHIRPS/DAILY,1991-2020,IBGE_2024
2407252,Major Sales,RN,31.971,9,set,2.051248491881356,OK,1991,2020,30,CHIRPS_v2,UCSB-CHG/CHIRPS/DAILY,1991-2020,IBGE_2024
2414902,Viçosa,RN,37.905,9,set,2.084991634369983,OK,1991,2020,30,CHIRPS_v2,UCSB-CHG/CHIRPS/DAILY,1991-2020,IBGE_2024
2414753,Venha-Ver,RN,71.621,9,set,3.1033956867448746,OK,1991,2020,30,CHIRPS_v2,UCSB-CHG/CHIRPS/DAILY,1991-2020,IBGE_2024
2406908,Lucrécia,RN,30.931,9,set,0.9310112934525592,OK,1991,2020,30,CHIRPS_v2,UCSB-CHG/CHIRPS/DAILY,1991-2020,IBGE_2024
2406007,José da Penha,RN,117.635,9,set,2.6881906974360397,OK,1991,2020,30,CHIRPS_v2,UCSB-CHG/CHIRPS/DAILY,1991-2020,IBGE_2024
2414506,Umarizal,RN,249.61,9,set,2.7152872955775287,OK,1991,2020,30,CHIRPS_v2,UCSB-CHG/CHIRPS/DAILY,1991-2020,IBGE_2024
2413805,Taboleiro Grande,RN,124.093,9,set,0.3532648135838845,OK,1991,2020,30,CHIRPS_v2,UCSB-CHG/CHIRPS/DAILY,1991-2020,IBGE_2024
2412807,São Rafael,RN,469.101,9,set,0.5941482916973112,OK,1991,2020,30,CHIRPS_v2,UCSB-CHG/CHIRPS/DAILY,1991-2020,IBGE_2024
2404507,Guamaré,RN,258.307,9,set,3.725565227852612,OK,1991,2020,30,CHIRPS_v2,UCSB-CHG/CHIRPS/DAILY,1991-2020,IBGE_2024
2404853,Itajá,RN,203.624,9,set,0.6993388634278191,OK,1991,2020,30,CHIRPS_v2,UCSB-CHG/CHIRPS/DAILY,1991-2020,IBGE_2024
2404705,Ipanguaçu,RN,374.245,9,set,0.631632633503678,OK,1991,2020,30,CHIRPS_v2,UCSB-CHG/CHIRPS/DAILY,1991-2020,IBGE_2024
2403756,Fernando Pedroza,RN,322.628,9,set,0.001639210052701218,OK,1991,2020,30,CHIRPS_v2,UCSB-CHG/CHIRPS/DAILY,1991-2020,IBGE_2024
2411403,Santana do Matos,RN,1422.268,9,set,1.324505848676382,OK,1991,2020,30,CHIRPS_v2,UCSB-CHG/CHIRPS/DAILY,1991-2020,IBGE_2024
2402501,Carnaubais,RN,517.737,9,set,1.0253913805098138,OK,1991,2020,30,CHIRPS_v2,UCSB-CHG/CHIRPS/DAILY,1991-2020,IBGE_2024
2410256,Porto do Mangue,RN,361.237,9,set,1.3050156054967286,OK,1991,2020,30,CHIRPS_v2,UCSB-CHG/CHIRPS/DAILY,1991-2020,IBGE_2024
2409902,Pendências,RN,419.137,9,set,0.8986895459043117,OK,1991,2020,30,CHIRPS_v2,UCSB-CHG/CHIRPS/DAILY,1991-2020,IBGE_2024
2408706,Paraú,RN,383.214,9,set,0.37433091657516876,OK,1991,2020,30,CHIRPS_v2,UCSB-CHG/CHIRPS/DAILY,1991-2020,IBGE_2024
2400802,Angicos,RN,741.582,9,set,0.09884480405668462,OK,1991,2020,30,CHIRPS_v2,UCSB-CHG/CHIRPS/DAILY,1991-2020,IBGE_2024
2400703,Alto do Rodrigues,RN,191.334,9,set,1.3684633826128685,OK,1991,2020,30,CHIRPS_v2,UCSB-CHG/CHIRPS/DAILY,1991-2020,IBGE_2024
2400208,Assú,RN,1303.442,9,set,0.2534985397436419,OK,1991,2020,30,CHIRPS_v2,UCSB-CHG/CHIRPS/DAILY,1991-2020,IBGE_2024
2400307,Afonso Bezerra,RN,576.179,9,set,0.4924463053144398,OK,1991,2020,30,CHIRPS_v2,UCSB-CHG/CHIRPS/DAILY,1991-2020,IBGE_2024
2407203,Macau,RN,775.302,9,set,0.595135876720294,OK,1991,2020,30,CHIRPS_v2,UCSB-CHG/CHIRPS/DAILY,1991-2020,IBGE_2024
2406700,Lajes,RN,676.627,9,set,2.233264790372788,OK,1991,2020,30,CHIRPS_v2,UCSB-CHG/CHIRPS/DAILY,1991-2020,IBGE_2024
2414456,Triunfo Potiguar,RN,268.725,9,set,0.5054839124118489,OK,1991,2020,30,CHIRPS_v2,UCSB-CHG/CHIRPS/DAILY,1991-2020,IBGE_2024
2503209,Cabedelo,PB,29.873,9,set,35.79093574159,OK,1991,2020,30,CHIRPS_v2,UCSB-CHG/CHIRPS/DAILY,1991-2020,IBGE_2024
2501807,Bayeux,PB,27.705,9,set,44.57663694371997,OK,1991,2020,30,CHIRPS_v2,UCSB-CHG/CHIRPS/DAILY,1991-2020,IBGE_2024
2508604,Lucena,PB,93.8,9,set,41.91934127057491,OK,1991,2020,30,CHIRPS_v2,UCSB-CHG/CHIRPS/DAILY,1991-2020,IBGE_2024
2507507,João Pessoa,PB,210.044,9,set,44.176147623947784,OK,1991,2020,30,CHIRPS_v2,UCSB-CHG/CHIRPS/DAILY,1991-2020,IBGE_2024
2513703,Santa Rita,PB,718.576,9,set,49.58062332498719,OK,1991,2020,30,CHIRPS_v2,UCSB-CHG/CHIRPS/DAILY,1991-2020,IBGE_2024
2504603,Conde,PB,171.267,9,set,56.328288582781674,OK,1991,2020,30,CHIRPS_v2,UCSB-CHG/CHIRPS/DAILY,1991-2020,IBGE_2024
2511509,Pilar,PB,103.306,9,set,34.19077678341275,OK,1991,2020,30,CHIRPS_v2,UCSB-CHG/CHIRPS/DAILY,1991-2020,IBGE_2024
2511905,Pitimbu,PB,135.801,9,set,69.43200395127573,OK,1991,2020,30,CHIRPS_v2,UCSB-CHG/CHIRPS/DAILY,1991-2020,IBGE_2024
2511202,Pedras de Fogo,PB,406.729,9,set,42.875642680121075,OK,1991,2020,30,CHIRPS_v2,UCSB-CHG/CHIRPS/DAILY,1991-2020,IBGE_2024
2503001,Caaporã,PB,151.018,9,set,63.52878392959989,OK,1991,2020,30,CHIRPS_v2,UCSB-CHG/CHIRPS/DAILY,1991-2020,IBGE_2024
2509107,Mari,PB,155.265,9,set,47.0817078762003,OK,1991,2020,30,CHIRPS_v2,UCSB-CHG/CHIRPS/DAILY,1991-2020,IBGE_2024
2500601,Alhandra,PB,183.974,9,set,54.8460405963083,OK,1991,2020,30,CHIRPS_v2,UCSB-CHG/CHIRPS/DAILY,1991-2020,IBGE_2024
2507903,Juripiranga,PB,78.706,9,set,38.55104580421342,OK,1991,2020,30,CHIRPS_v2,UCSB-CHG/CHIRPS/DAILY,1991-2020,IBGE_2024
2515971,Sobrado,PB,61.953,9,set,40.126900438537916,OK,1991,2020,30,CHIRPS_v2,UCSB-CHG/CHIRPS/DAILY,1991-2020,IBGE_2024
2507606,Juarez Távora,PB,75.678,9,set,41.067895185042026,OK,1991,2020,30,CHIRPS_v2,UCSB-CHG/CHIRPS/DAILY,1991-2020,IBGE_2024
2515302,Sapé,PB,313.678,9,set,52.30929083920304,OK,1991,2020,30,CHIRPS_v2,UCSB-CHG/CHIRPS/DAILY,1991-2020,IBGE_2024
2506400,Gurinhém,PB,340.408,9,set,39.71096864462856,OK,1991,2020,30,CHIRPS_v2,UCSB-CHG/CHIRPS/DAILY,1991-2020,IBGE_2024
2515005,São Miguel de Taipu,PB,92.413,9,set,36.29446581944901,OK,1991,2020,30,CHIRPS_v2,UCSB-CHG/CHIRPS/DAILY,1991-2020,IBGE_2024
2504900,Cruz do Espírito Santo,PB,192.512,9,set,54.89130497703061,OK,1991,2020,30,CHIRPS_v2,UCSB-CHG/CHIRPS/DAILY,1991-2020,IBGE_2024
2505238,Cuité de Mamanguape,PB,107.68,9,set,44.34121183342345,OK,1991,2020,30,CHIRPS_v2,UCSB-CHG/CHIRPS/DAILY,1991-2020,IBGE_2024
2512762,Riachão do Poço,PB,40.46,9,set,42.96989555593747,OK,1991,2020,30,CHIRPS_v2,UCSB-CHG/CHIRPS/DAILY,1991-2020,IBGE_2024
2503803,Caldas Brandão,PB,55.963,9,set,42.8862814396471,OK,1991,2020,30,CHIRPS_v2,UCSB-CHG/CHIRPS/DAILY,1991-2020,IBGE_2024
2511608,Pilões,PB,65.574,9,set,53.114620469850806,OK,1991,2020,30,CHIRPS_v2,UCSB-CHG/CHIRPS/DAILY,1991-2020,IBGE_2024
2511707,Pilõezinhos,PB,40.908,9,set,53.48852029346351,OK,1991,2020,30,CHIRPS_v2,UCSB-CHG/CHIRPS/DAILY,1991-2020,IBGE_2024
2503506,Cacimba de Dentro,PB,165.072,9,set,18.22379559371729,OK,1991,2020,30,CHIRPS_v2,UCSB-CHG/CHIRPS/DAILY,1991-2020,IBGE_2024
2511806,Pirpirituba,PB,80.672,9,set,52.55138931508228,OK,1991,2020,30,CHIRPS_v2,UCSB-CHG/CHIRPS/DAILY,1991-2020,IBGE_2024
2503605,Caiçara,PB,123.677,9,set,38.84551932995658,OK,1991,2020,30,CHIRPS_v2,UCSB-CHG/CHIRPS/DAILY,1991-2020,IBGE_2024
2502706,Borborema,PB,26.107,9,set,53.2987656655377,OK,1991,2020,30,CHIRPS_v2,UCSB-CHG/CHIRPS/DAILY,1991-2020,IBGE_2024
2501906,Belém,PB,99.609,9,set,45.66830335173222,OK,1991,2020,30,CHIRPS_v2,UCSB-CHG/CHIRPS/DAILY,1991-2020,IBGE_2024
2509800,Mulungu,PB,187.259,9,set,38.495689532382,OK,1991,2020,30,CHIRPS_v2,UCSB-CHG/CHIRPS/DAILY,1991-2020,IBGE_2024
2501500,Bananeiras,PB,255.641,9,set,37.866503546073666,OK,1991,2020,30,CHIRPS_v2,UCSB-CHG/CHIRPS/DAILY,1991-2020,IBGE_2024
2500809,Araçagi,PB,232.177,9,set,46.08926863804652,OK,1991,2020,30,CHIRPS_v2,UCSB-CHG/CHIRPS/DAILY,1991-2020,IBGE_2024
2500908,Arara,PB,91.306,9,set,37.25349875591443,OK,1991,2020,30,CHIRPS_v2,UCSB-CHG/CHIRPS/DAILY,1991-2020,IBGE_2024
2501005,Araruna,PB,246.717,9,set,18.529453011604698,OK,1991,2020,30,CHIRPS_v2,UCSB-CHG/CHIRPS/DAILY,1991-2020,IBGE_2024
2508554,Logradouro,PB,42.876,9,set,32.976048596754914,OK,1991,2020,30,CHIRPS_v2,UCSB-CHG/CHIRPS/DAILY,1991-2020,IBGE_2024
2500502,Alagoinha,PB,111.361,9,set,43.12632083673946,OK,1991,2020,30,CHIRPS_v2,UCSB-CHG/CHIRPS/DAILY,1991-2020,IBGE_2024
2516409,Tacima,PB,245.237,9,set,30.572788034131744,OK,1991,2020,30,CHIRPS_v2,UCSB-CHG/CHIRPS/DAILY,1991-2020,IBGE_2024
2508208,Lagoa de Dentro,PB,83.508,9,set,43.06270819134106,OK,1991,2020,30,CHIRPS_v2,UCSB-CHG/CHIRPS/DAILY,1991-2020,IBGE_2024
2515609,Serra da Raiz,PB,31.679,9,set,48.330798637292844,OK,1991,2020,30,CHIRPS_v2,UCSB-CHG/CHIRPS/DAILY,1991-2020,IBGE_2024
2515930,Sertãozinho,PB,32.455,9,set,49.31338091128277,OK,1991,2020,30,CHIRPS_v2,UCSB-CHG/CHIRPS/DAILY,1991-2020,IBGE_2024
2516003,Solânea,PB,233.043,9,set,28.877452710602704,OK,1991,2020,30,CHIRPS_v2,UCSB-CHG/CHIRPS/DAILY,1991-2020,IBGE_2024
2515906,Serraria,PB,65.062,9,set,47.95710249023391,OK,1991,2020,30,CHIRPS_v2,UCSB-CHG/CHIRPS/DAILY,1991-2020,IBGE_2024
2505808,Duas Estradas,PB,27.012,9,set,47.64319642960673,OK,1991,2020,30,CHIRPS_v2,UCSB-CHG/CHIRPS/DAILY,1991-2020,IBGE_2024
2506301,Guarabira,PB,162.387,9,set,47.059997105463836,OK,1991,2020,30,CHIRPS_v2,UCSB-CHG/CHIRPS/DAILY,1991-2020,IBGE_2024
2505709,Dona Inês,PB,173.648,9,set,26.15059519806951,OK,1991,2020,30,CHIRPS_v2,UCSB-CHG/CHIRPS/DAILY,1991-2020,IBGE_2024
2505204,Cuitegi,PB,42.091,9,set,49.08983847202806,OK,1991,2020,30,CHIRPS_v2,UCSB-CHG/CHIRPS/DAILY,1991-2020,IBGE_2024
2512747,Riachão,PB,85.291,9,set,22.254621783796633,OK,1991,2020,30,CHIRPS_v2,UCSB-CHG/CHIRPS/DAILY,1991-2020,IBGE_2024
2504157,Casserengue,PB,202.761,9,set,17.229477696753985,OK,1991,2020,30,CHIRPS_v2,UCSB-CHG/CHIRPS/DAILY,1991-2020,IBGE_2024
2504033,Capim,PB,79.876,9,set,45.634390958774496,OK,1991,2020,30,CHIRPS_v2,UCSB-CHG/CHIRPS/DAILY,1991-2020,IBGE_2024
2501401,Baía da Traição,PB,102.756,9,set,40.782773154533515,OK,1991,2020,30,CHIRPS_v2,UCSB-CHG/CHIRPS/DAILY,1991-2020,IBGE_2024
2509057,Marcação,PB,122.665,9,set,42.99099919642622,OK,1991,2020,30,CHIRPS_v2,UCSB-CHG/CHIRPS/DAILY,1991-2020,IBGE_2024
2508901,Mamanguape,PB,337.434,9,set,40.08309552099083,OK,1991,2020,30,CHIRPS_v2,UCSB-CHG/CHIRPS/DAILY,1991-2020,IBGE_2024
2509305,Mataraca,PB,182.439,9,set,40.79195884059389,OK,1991,2020,30,CHIRPS_v2,UCSB-CHG/CHIRPS/DAILY,1991-2020,IBGE_2024
2507309,Jacaraú,PB,256.845,9,set,36.08919748868967,OK,1991,2020,30,CHIRPS_v2,UCSB-CHG/CHIRPS/DAILY,1991-2020,IBGE_2024
2507101,Itapororoca,PB,145.807,9,set,44.75137326623613,OK,1991,2020,30,CHIRPS_v2,UCSB-CHG/CHIRPS/DAILY,1991-2020,IBGE_2024
2505279,Curral de Cima,PB,86.428,9,set,42.74231504181441,OK,1991,2020,30,CHIRPS_v2,UCSB-CHG/CHIRPS/DAILY,1991-2020,IBGE_2024
2512903,Rio Tinto,PB,465.24,9,set,43.021426664577085,OK,1991,2020,30,CHIRPS_v2,UCSB-CHG/CHIRPS/DAILY,1991-2020,IBGE_2024
2512721,Pedro Régis,PB,74.216,9,set,41.84688231356206,OK,1991,2020,30,CHIRPS_v2,UCSB-CHG/CHIRPS/DAILY,1991-2020,IBGE_2024
2509909,Natuba,PB,202.173,9,set,35.57282928022918,OK,1991,2020,30,CHIRPS_v2,UCSB-CHG/CHIRPS/DAILY,1991-2020,IBGE_2024
2509404,Mogeiro,PB,214.093,9,set,38.04932990244297,OK,1991,2020,30,CHIRPS_v2,UCSB-CHG/CHIRPS/DAILY,1991-2020,IBGE_2024
2506905,Itabaiana,PB,210.572,9,set,39.151983048316865,OK,1991,2020,30,CHIRPS_v2,UCSB-CHG/CHIRPS/DAILY,1991-2020,IBGE_2024
2514453,São José dos Ramos,PB,100.642,9,set,33.14433991146314,OK,1991,2020,30,CHIRPS_v2,UCSB-CHG/CHIRPS/DAILY,1991-2020,IBGE_2024
2513109,Salgado de São Félix,PB,204.079,9,set,44.43895404310388,OK,1991,2020,30,CHIRPS_v2,UCSB-CHG/CHIRPS/DAILY,1991-2020,IBGE_2024
2504009,Campina Grande,PB,591.656,9,set,21.88472757494676,OK,1991,2020,30,CHIRPS_v2,UCSB-CHG/CHIRPS/DAILY,1991-2020,IBGE_2024
2509206,Massaranduba,PB,209.402,9,set,46.717650834090115,OK,1991,2020,30,CHIRPS_v2,UCSB-CHG/CHIRPS/DAILY,1991-2020,IBGE_2024
2508307,Lagoa Seca,PB,108.219,9,set,34.14499108404222,OK,1991,2020,30,CHIRPS_v2,UCSB-CHG/CHIRPS/DAILY,1991-2020,IBGE_2024
2512507,Queimadas,PB,402.748,9,set,16.17455238795186,OK,1991,2020,30,CHIRPS_v2,UCSB-CHG/CHIRPS/DAILY,1991-2020,IBGE_2024
2512408,Puxinanã,PB,71.118,9,set,17.675885736868334,OK,1991,2020,30,CHIRPS_v2,UCSB-CHG/CHIRPS/DAILY,1991-2020,IBGE_2024
2504074,Caraúbas,PB,486.623,9,set,2.069092667670185,OK,1991,2020,30,CHIRPS_v2,UCSB-CHG/CHIRPS/DAILY,1991-2020,IBGE_2024
2503100,Cabaceiras,PB,469.171,9,set,8.076832850141772,OK,1991,2020,30,CHIRPS_v2,UCSB-CHG/CHIRPS/DAILY,1991-2020,IBGE_2024
2510501,Olivedos,PB,314.625,9,set,5.273183356984541,OK,1991,2020,30,CHIRPS_v2,UCSB-CHG/CHIRPS/DAILY,1991-2020,IBGE_2024
2502508,Boqueirão,PB,373.077,9,set,11.463265583224604,OK,1991,2020,30,CHIRPS_v2,UCSB-CHG/CHIRPS/DAILY,1991-2020,IBGE_2024
2501708,Barra de São Miguel,PB,609.695,9,set,6.988927612042305,OK,1991,2020,30,CHIRPS_v2,UCSB-CHG/CHIRPS/DAILY,1991-2020,IBGE_2024
2502151,Boa Vista,PB,468.933,9,set,7.177150411363131,OK,1991,2020,30,CHIRPS_v2,UCSB-CHG/CHIRPS/DAILY,1991-2020,IBGE_2024
2501351,Assunção,PB,132.139,9,set,0.29819356706952166,OK,1991,2020,30,CHIRPS_v2,UCSB-CHG/CHIRPS/DAILY,1991-2020,IBGE_2024
2501203,Areial,PB,35.81,9,set,19.01090325215767,OK,1991,2020,30,CHIRPS_v2,UCSB-CHG/CHIRPS/DAILY,1991-2020,IBGE_2024
2509503,Montadas,PB,31.793,9,set,17.97328435748515,OK,1991,2020,30,CHIRPS_v2,UCSB-CHG/CHIRPS/DAILY,1991-2020,IBGE_2024
2501302,Aroeiras,PB,376.118,9,set,28.099666371359962,OK,1991,2020,30,CHIRPS_v2,UCSB-CHG/CHIRPS/DAILY,1991-2020,IBGE_2024
2501575,Barra de Santana,PB,375.177,9,set,16.344526880361514,OK,1991,2020,30,CHIRPS_v2,UCSB-CHG/CHIRPS/DAILY,1991-2020,IBGE_2024
2501104,Areia,PB,269.13,9,set,51.042583954093644,OK,1991,2020,30,CHIRPS_v2,UCSB-CHG/CHIRPS/DAILY,1991-2020,IBGE_2024
2509339,Matinhas,PB,36.522,9,set,54.18588169263059,OK,1991,2020,30,CHIRPS_v2,UCSB-CHG/CHIRPS/DAILY,1991-2020,IBGE_2024
2500304,Alagoa Grande,PB,322.071,9,set,48.49683578414565,OK,1991,2020,30,CHIRPS_v2,UCSB-CHG/CHIRPS/DAILY,1991-2020,IBGE_2024
2516755,Tenório,PB,87.452,9,set,4.238812199381856,OK,1991,2020,30,CHIRPS_v2,UCSB-CHG/CHIRPS/DAILY,1991-2020,IBGE_2024
2500403,Alagoa Nova,PB,128.23,9,set,62.73429517871848,OK,1991,2020,30,CHIRPS_v2,UCSB-CHG/CHIRPS/DAILY,1991-2020,IBGE_2024
2500577,Algodão de Jandaíra,PB,222.74,9,set,11.116823353512677,OK,1991,2020,30,CHIRPS_v2,UCSB-CHG/CHIRPS/DAILY,1991-2020,IBGE_2024
2517001,Umbuzeiro,PB,185.578,9,set,27.53562624467367,OK,1991,2020,30,CHIRPS_v2,UCSB-CHG/CHIRPS/DAILY,1991-2020,IBGE_2024
2500536,Alcantil,PB,309.896,9,set,11.797146623130324,OK,1991,2020,30,CHIRPS_v2,UCSB-CHG/CHIRPS/DAILY,1991-2020,IBGE_2024
2516102,Soledade,PB,578.178,9,set,3.4323307028598555,OK,1991,2020,30,CHIRPS_v2,UCSB-CHG/CHIRPS/DAILY,1991-2020,IBGE_2024
2516508,Taperoá,PB,628.365,9,set,0.244426484939119,OK,1991,2020,30,CHIRPS_v2,UCSB-CHG/CHIRPS/DAILY,1991-2020,IBGE_2024
2507804,Junco do Seridó,PB,180.425,9,set,1.4419720184129385,OK,1991,2020,30,CHIRPS_v2,UCSB-CHG/CHIRPS/DAILY,1991-2020,IBGE_2024
2515807,Serra Redonda,PB,55.197,9,set,45.43266635902328,OK,1991,2020,30,CHIRPS_v2,UCSB-CHG/CHIRPS/DAILY,1991-2020,IBGE_2024
2507705,Juazeirinho,PB,474.606,9,set,0.9464363332052725,OK,1991,2020,30,CHIRPS_v2,UCSB-CHG/CHIRPS/DAILY,1991-2020,IBGE_2024
2515104,São Sebastião de Lagoa de Roça,PB,46.372,9,set,39.5269266093105,OK,1991,2020,30,CHIRPS_v2,UCSB-CHG/CHIRPS/DAILY,1991-2020,IBGE_2024
2515401,São Vicente do Seridó,PB,262.751,9,set,3.516002146185744,OK,1991,2020,30,CHIRPS_v2,UCSB-CHG/CHIRPS/DAILY,1991-2020,IBGE_2024
2507200,Itatuba,PB,251.75,9,set,44.54538159232997,OK,1991,2020,30,CHIRPS_v2,UCSB-CHG/CHIRPS/DAILY,1991-2020,IBGE_2024
2506509,Gurjão,PB,344.502,9,set,3.92080540906701,OK,1991,2020,30,CHIRPS_v2,UCSB-CHG/CHIRPS/DAILY,1991-2020,IBGE_2024
2506806,Ingá,PB,262.179,9,set,47.149026886556555,OK,1991,2020,30,CHIRPS_v2,UCSB-CHG/CHIRPS/DAILY,1991-2020,IBGE_2024
2506004,Esperança,PB,157.851,9,set,25.378624752336417,OK,1991,2020,30,CHIRPS_v2,UCSB-CHG/CHIRPS/DAILY,1991-2020,IBGE_2024
2514008,São João do Cariri,PB,612.963,9,set,3.2746832942929003,OK,1991,2020,30,CHIRPS_v2,UCSB-CHG/CHIRPS/DAILY,1991-2020,IBGE_2024
2506251,Gado Bravo,PB,192.42,9,set,21.945759215844177,OK,1991,2020,30,CHIRPS_v2,UCSB-CHG/CHIRPS/DAILY,1991-2020,IBGE_2024
2506103,Fagundes,PB,185.061,9,set,31.744385521273017,OK,1991,2020,30,CHIRPS_v2,UCSB-CHG/CHIRPS/DAILY,1991-2020,IBGE_2024
2513943,São Domingos do Cariri,PB,233.835,9,set,7.4570289848817986,OK,1991,2020,30,CHIRPS_v2,UCSB-CHG/CHIRPS/DAILY,1991-2020,IBGE_2024
2513851,Santo André,PB,197.791,9,set,1.5643326366809789,OK,1991,2020,30,CHIRPS_v2,UCSB-CHG/CHIRPS/DAILY,1991-2020,IBGE_2024
2513158,Santa Cecília,PB,217.577,9,set,15.796065158426128,OK,1991,2020,30,CHIRPS_v2,UCSB-CHG/CHIRPS/DAILY,1991-2020,IBGE_2024
2505006,Cubati,PB,163.57,9,set,5.3606000589749065,OK,1991,2020,30,CHIRPS_v2,UCSB-CHG/CHIRPS/DAILY,1991-2020,IBGE_2024
2512705,Remígio,PB,183.459,9,set,25.188621606324578,OK,1991,2020,30,CHIRPS_v2,UCSB-CHG/CHIRPS/DAILY,1991-2020,IBGE_2024
2504355,Caturité,PB,117.825,9,set,14.4318178221265,OK,1991,2020,30,CHIRPS_v2,UCSB-CHG/CHIRPS/DAILY,1991-2020,IBGE_2024
2512754,Riachão do Bacamarte,PB,40.281,9,set,48.315077066518135,OK,1991,2020,30,CHIRPS_v2,UCSB-CHG/CHIRPS/DAILY,1991-2020,IBGE_2024
2512788,Riacho de Santo Antônio,PB,93.654,9,set,8.135930026996522,OK,1991,2020,30,CHIRPS_v2,UCSB-CHG/CHIRPS/DAILY,1991-2020,IBGE_2024
2512002,Pocinhos,PB,623.967,9,set,7.407438101937041,OK,1991,2020,30,CHIRPS_v2,UCSB-CHG/CHIRPS/DAILY,1991-2020,IBGE_2024
2511103,Pedra Lavrada,PB,335.615,9,set,1.8101064458565856,OK,1991,2020,30,CHIRPS_v2,UCSB-CHG/CHIRPS/DAILY,1991-2020,IBGE_2024
2511400,Picuí,PB,667.714,9,set,0.6603883294665173,OK,1991,2020,30,CHIRPS_v2,UCSB-CHG/CHIRPS/DAILY,1991-2020,IBGE_2024
2510105,Nova Floresta,PB,47.572,9,set,2.5855346383983484,OK,1991,2020,30,CHIRPS_v2,UCSB-CHG/CHIRPS/DAILY,1991-2020,IBGE_2024
2510303,Nova Palmeira,PB,314.748,9,set,0.3140834030615404,OK,1991,2020,30,CHIRPS_v2,UCSB-CHG/CHIRPS/DAILY,1991-2020,IBGE_2024
2501609,Barra de Santa Rosa,PB,781.187,9,set,8.288720019472718,OK,1991,2020,30,CHIRPS_v2,UCSB-CHG/CHIRPS/DAILY,1991-2020,IBGE_2024
2501534,Baraúna,PB,50.03,9,set,2.480837579862439,OK,1991,2020,30,CHIRPS_v2,UCSB-CHG/CHIRPS/DAILY,1991-2020,IBGE_2024
2516151,Sossêgo,PB,147.264,9,set,6.042933357541367,OK,1991,2020,30,CHIRPS_v2,UCSB-CHG/CHIRPS/DAILY,1991-2020,IBGE_2024
2506202,Frei Martinho,PB,238.658,9,set,0.30978481806381286,OK,1991,2020,30,CHIRPS_v2,UCSB-CHG/CHIRPS/DAILY,1991-2020,IBGE_2024
2505352,Damião,PB,186.198,9,set,12.609453736851025,OK,1991,2020,30,CHIRPS_v2,UCSB-CHG/CHIRPS/DAILY,1991-2020,IBGE_2024
2505105,Cuité,PB,733.818,9,set,8.894627405785053,OK,1991,2020,30,CHIRPS_v2,UCSB-CHG/CHIRPS/DAILY,1991-2020,IBGE_2024
2512200,Prata,PB,201.788,9,set,3.3026755988925487,OK,1991,2020,30,CHIRPS_v2,UCSB-CHG/CHIRPS/DAILY,1991-2020,IBGE_2024
2510600,Ouro Velho,PB,128.11,9,set,1.452209189111741,OK,1991,2020,30,CHIRPS_v2,UCSB-CHG/CHIRPS/DAILY,1991-2020,IBGE_2024
2509701,Monteiro,PB,992.62,9,set,5.960966294067311,OK,1991,2020,30,CHIRPS_v2,UCSB-CHG/CHIRPS/DAILY,1991-2020,IBGE_2024
2517407,Zabelê,PB,106.811,9,set,9.263827745811193,OK,1991,2020,30,CHIRPS_v2,UCSB-CHG/CHIRPS/DAILY,1991-2020,IBGE_2024
2515203,São Sebastião do Umbuzeiro,PB,464.327,9,set,5.9481212895842885,OK,1991,2020,30,CHIRPS_v2,UCSB-CHG/CHIRPS/DAILY,1991-2020,IBGE_2024
2514107,São João do Tigre,PB,812.617,9,set,2.351496172839341,OK,1991,2020,30,CHIRPS_v2,UCSB-CHG/CHIRPS/DAILY,1991-2020,IBGE_2024
2503902,Camalaú,PB,541.841,9,set,1.913048482654373,OK,1991,2020,30,CHIRPS_v2,UCSB-CHG/CHIRPS/DAILY,1991-2020,IBGE_2024
2510659,Parari,PB,207.814,9,set,2.5215157766444785,OK,1991,2020,30,CHIRPS_v2,UCSB-CHG/CHIRPS/DAILY,1991-2020,IBGE_2024
2500734,Amparo,PB,122.094,9,set,1.3639103347360895,OK,1991,2020,30,CHIRPS_v2,UCSB-CHG/CHIRPS/DAILY,1991-2020,IBGE_2024
2508505,Livramento,PB,266.948,9,set,0.5735126729725665,OK,1991,2020,30,CHIRPS_v2,UCSB-CHG/CHIRPS/DAILY,1991-2020,IBGE_2024
2516300,Sumé,PB,833.315,9,set,2.5502016002690215,OK,1991,2020,30,CHIRPS_v2,UCSB-CHG/CHIRPS/DAILY,1991-2020,IBGE_2024
2515500,Serra Branca,PB,698.105,9,set,1.6273145877007567,OK,1991,2020,30,CHIRPS_v2,UCSB-CHG/CHIRPS/DAILY,1991-2020,IBGE_2024
2514800,São José dos Cordeiros,PB,376.661,9,set,1.794297834118595,OK,1991,2020,30,CHIRPS_v2,UCSB-CHG/CHIRPS/DAILY,1991-2020,IBGE_2024
2504850,Coxixola,PB,173.942,9,set,2.0089963076074224,OK,1991,2020,30,CHIRPS_v2,UCSB-CHG/CHIRPS/DAILY,1991-2020,IBGE_2024
2504702,Congo,PB,324.686,9,set,1.3084867055167342,OK,1991,2020,30,CHIRPS_v2,UCSB-CHG/CHIRPS/DAILY,1991-2020,IBGE_2024
2510808,Patos,PB,472.892,9,set,0.12314162099102306,OK,1991,2020,30,CHIRPS_v2,UCSB-CHG/CHIRPS/DAILY,1991-2020,IBGE_2024
2512606,Quixaba,PB,147.158,9,set,0.7086274215381226,OK,1991,2020,30,CHIRPS_v2,UCSB-CHG/CHIRPS/DAILY,1991-2020,IBGE_2024
2503407,Cacimba de Areia,PB,213.019,9,set,2.5160470763532983,OK,1991,2020,30,CHIRPS_v2,UCSB-CHG/CHIRPS/DAILY,1991-2020,IBGE_2024
2503555,Cacimbas,PB,124.068,9,set,2.0213838703418046,OK,1991,2020,30,CHIRPS_v2,UCSB-CHG/CHIRPS/DAILY,1991-2020,IBGE_2024
2510709,Passagem,PB,123.422,9,set,1.7765675571397466,OK,1991,2020,30,CHIRPS_v2,UCSB-CHG/CHIRPS/DAILY,1991-2020,IBGE_2024
2510402,Olho d'Água,PB,580.47,9,set,2.2384191985004596,OK,1991,2020,30,CHIRPS_v2,UCSB-CHG/CHIRPS/DAILY,1991-2020,IBGE_2024
2509396,Maturéia,PB,83.053,9,set,0.052057634813922456,OK,1991,2020,30,CHIRPS_v2,UCSB-CHG/CHIRPS/DAILY,1991-2020,IBGE_2024
2517100,Várzea,PB,191.282,9,set,0.06248508170247078,OK,1991,2020,30,CHIRPS_v2,UCSB-CHG/CHIRPS/DAILY,1991-2020,IBGE_2024
2501153,Areia de Baraúnas,PB,114.078,9,set,0.3372758462741025,OK,1991,2020,30,CHIRPS_v2,UCSB-CHG/CHIRPS/DAILY,1991-2020,IBGE_2024
2516706,Teixeira,PB,155.452,9,set,0.3036182155492762,OK,1991,2020,30,CHIRPS_v2,UCSB-CHG/CHIRPS/DAILY,1991-2020,IBGE_2024
2508802,Malta,PB,172.01,9,set,0.7476075703151965,OK,1991,2020,30,CHIRPS_v2,UCSB-CHG/CHIRPS/DAILY,1991-2020,IBGE_2024
2508703,Mãe d'Água,PB,228.676,9,set,0.2304520224114554,OK,1991,2020,30,CHIRPS_v2,UCSB-CHG/CHIRPS/DAILY,1991-2020,IBGE_2024
2500106,Água Branca,PB,241.662,9,set,4.980850990565282,OK,1991,2020,30,CHIRPS_v2,UCSB-CHG/CHIRPS/DAILY,1991-2020,IBGE_2024
2514701,São José do Sabugi,PB,213.555,9,set,0.05001211835875523,OK,1991,2020,30,CHIRPS_v2,UCSB-CHG/CHIRPS/DAILY,1991-2020,IBGE_2024
2514602,São José do Bonfim,PB,153.629,9,set,0.25536699913542094,OK,1991,2020,30,CHIRPS_v2,UCSB-CHG/CHIRPS/DAILY,1991-2020,IBGE_2024
2514909,São Mamede,PB,533.446,9,set,0.014686546539188508,OK,1991,2020,30,CHIRPS_v2,UCSB-CHG/CHIRPS/DAILY,1991-2020,IBGE_2024
2506707,Imaculada,PB,317.804,9,set,2.2960741562470495,OK,1991,2020,30,CHIRPS_v2,UCSB-CHG/CHIRPS/DAILY,1991-2020,IBGE_2024
2505907,Emas,PB,248.226,9,set,1.091345364923222,OK,1991,2020,30,CHIRPS_v2,UCSB-CHG/CHIRPS/DAILY,1991-2020,IBGE_2024
2514404,São José de Espinharas,PB,726.757,9,set,0.1260619485836961,OK,1991,2020,30,CHIRPS_v2,UCSB-CHG/CHIRPS/DAILY,1991-2020,IBGE_2024
2505501,Vista Serrana,PB,60.39,9,set,0.23214508197939115,OK,1991,2020,30,CHIRPS_v2,UCSB-CHG/CHIRPS/DAILY,1991-2020,IBGE_2024
2505402,Desterro,PB,182.018,9,set,0.278371709990784,OK,1991,2020,30,CHIRPS_v2,UCSB-CHG/CHIRPS/DAILY,1991-2020,IBGE_2024
2513802,Santa Teresinha,PB,359.442,9,set,0.3805898553969918,OK,1991,2020,30,CHIRPS_v2,UCSB-CHG/CHIRPS/DAILY,1991-2020,IBGE_2024
2513000,Salgadinho,PB,179.005,9,set,0.31856134689355164,OK,1991,2020,30,CHIRPS_v2,UCSB-CHG/CHIRPS/DAILY,1991-2020,IBGE_2024
2504801,Coremas,PB,372.012,9,set,1.0129796308244114,OK,1991,2020,30,CHIRPS_v2,UCSB-CHG/CHIRPS/DAILY,1991-2020,IBGE_2024
2513406,Santa Luzia,PB,440.766,9,set,0.02781861719807231,OK,1991,2020,30,CHIRPS_v2,UCSB-CHG/CHIRPS/DAILY,1991-2020,IBGE_2024
2504207,Catingueira,PB,527.424,9,set,0.7153970660583495,OK,1991,2020,30,CHIRPS_v2,UCSB-CHG/CHIRPS/DAILY,1991-2020,IBGE_2024
2511004,Pedra Branca,PB,116.873,9,set,7.58865299666324,OK,1991,2020,30,CHIRPS_v2,UCSB-CHG/CHIRPS/DAILY,1991-2020,IBGE_2024
2511301,Piancó,PB,576.986,9,set,2.086778905339749,OK,1991,2020,30,CHIRPS_v2,UCSB-CHG/CHIRPS/DAILY,1991-2020,IBGE_2024
2502607,Igaracy,PB,197.058,9,set,1.8433431870702426,OK,1991,2020,30,CHIRPS_v2,UCSB-CHG/CHIRPS/DAILY,1991-2020,IBGE_2024
2502102,Boa Ventura,PB,168.664,9,set,7.325178237973866,OK,1991,2020,30,CHIRPS_v2,UCSB-CHG/CHIRPS/DAILY,1991-2020,IBGE_2024
2510204,Nova Olinda,PB,81.516,9,set,9.038573234322712,OK,1991,2020,30,CHIRPS_v2,UCSB-CHG/CHIRPS/DAILY,1991-2020,IBGE_2024
2500205,Aguiar,PB,351.607,9,set,1.8098924380564623,OK,1991,2020,30,CHIRPS_v2,UCSB-CHG/CHIRPS/DAILY,1991-2020,IBGE_2024
2507002,Itaporanga,PB,460.21,9,set,5.582583518454473,OK,1991,2020,30,CHIRPS_v2,UCSB-CHG/CHIRPS/DAILY,1991-2020,IBGE_2024
2506608,Ibiara,PB,240.357,9,set,8.2091550976337,OK,1991,2020,30,CHIRPS_v2,UCSB-CHG/CHIRPS/DAILY,1991-2020,IBGE_2024
2514305,São José de Caiana,PB,183.273,9,set,7.613094795484416,OK,1991,2020,30,CHIRPS_v2,UCSB-CHG/CHIRPS/DAILY,1991-2020,IBGE_2024
2513505,Santana de Mangueira,PB,405.164,9,set,8.062393263504948,OK,1991,2020,30,CHIRPS_v2,UCSB-CHG/CHIRPS/DAILY,1991-2020,IBGE_2024
2505303,Curral Velho,PB,217.624,9,set,6.329957459628598,OK,1991,2020,30,CHIRPS_v2,UCSB-CHG/CHIRPS/DAILY,1991-2020,IBGE_2024
2513604,Santana dos Garrotes,PB,361.484,9,set,6.0567902604795325,OK,1991,2020,30,CHIRPS_v2,UCSB-CHG/CHIRPS/DAILY,1991-2020,IBGE_2024
2505600,Diamante,PB,271.791,9,set,7.268634918018783,OK,1991,2020,30,CHIRPS_v2,UCSB-CHG/CHIRPS/DAILY,1991-2020,IBGE_2024
2513356,Santa Inês,PB,327.635,9,set,7.49575101869961,OK,1991,2020,30,CHIRPS_v2,UCSB-CHG/CHIRPS/DAILY,1991-2020,IBGE_2024
2504405,Conceição,PB,580.65,9,set,8.174664397353768,OK,1991,2020,30,CHIRPS_v2,UCSB-CHG/CHIRPS/DAILY,1991-2020,IBGE_2024
2502904,Brejo dos Santos,PB,93.857,9,set,0.2976618854845158,OK,1991,2020,30,CHIRPS_v2,UCSB-CHG/CHIRPS/DAILY,1991-2020,IBGE_2024
2502805,Brejo do Cruz,PB,401.315,9,set,0.1908833680831656,OK,1991,2020,30,CHIRPS_v2,UCSB-CHG/CHIRPS/DAILY,1991-2020,IBGE_2024
2502300,Bom Sucesso,PB,186.059,9,set,0.47032333513581315,OK,1991,2020,30,CHIRPS_v2,UCSB-CHG/CHIRPS/DAILY,1991-2020,IBGE_2024
2502003,Belém do Brejo do Cruz,PB,601.549,9,set,0.1554228148422457,OK,1991,2020,30,CHIRPS_v2,UCSB-CHG/CHIRPS/DAILY,1991-2020,IBGE_2024
2509370,Mato Grosso,PB,85.275,9,set,0.3309194646565352,OK,1991,2020,30,CHIRPS_v2,UCSB-CHG/CHIRPS/DAILY,1991-2020,IBGE_2024
2507408,Jericó,PB,177.356,9,set,0.49222985069327246,OK,1991,2020,30,CHIRPS_v2,UCSB-CHG/CHIRPS/DAILY,1991-2020,IBGE_2024
2514651,São José do Brejo do Cruz,PB,253.787,9,set,0.07369173890489869,OK,1991,2020,30,CHIRPS_v2,UCSB-CHG/CHIRPS/DAILY,1991-2020,IBGE_2024
2513901,São Bento,PB,245.84,9,set,0.21947515189424058,OK,1991,2020,30,CHIRPS_v2,UCSB-CHG/CHIRPS/DAILY,1991-2020,IBGE_2024
2504306,Catolé do Rocha,PB,551.765,9,set,0.5392968818098517,OK,1991,2020,30,CHIRPS_v2,UCSB-CHG/CHIRPS/DAILY,1991-2020,IBGE_2024
2512804,Riacho dos Cavalos,PB,262.532,9,set,0.27598126417330276,OK,1991,2020,30,CHIRPS_v2,UCSB-CHG/CHIRPS/DAILY,1991-2020,IBGE_2024
2510907,Paulista,PB,577.379,9,set,0.24645056681833083,OK,1991,2020,30,CHIRPS_v2,UCSB-CHG/CHIRPS/DAILY,1991-2020,IBGE_2024
2508109,Lagoa,PB,176.649,9,set,0.5078399400722483,OK,1991,2020,30,CHIRPS_v2,UCSB-CHG/CHIRPS/DAILY,1991-2020,IBGE_2024
2513968,São Domingos,PB,170.361,9,set,0.979229028297796,OK,1991,2020,30,CHIRPS_v2,UCSB-CHG/CHIRPS/DAILY,1991-2020,IBGE_2024
2513927,São Bentinho,PB,199.635,9,set,0.8954760159496841,OK,1991,2020,30,CHIRPS_v2,UCSB-CHG/CHIRPS/DAILY,1991-2020,IBGE_2024
2504504,Condado,PB,265.473,9,set,1.2919179159434155,OK,1991,2020,30,CHIRPS_v2,UCSB-CHG/CHIRPS/DAILY,1991-2020,IBGE_2024
2512101,Pombal,PB,894.098,9,set,0.49809093130373033,OK,1991,2020,30,CHIRPS_v2,UCSB-CHG/CHIRPS/DAILY,1991-2020,IBGE_2024
2503753,Cajazeirinhas,PB,282.693,9,set,1.032495805954284,OK,1991,2020,30,CHIRPS_v2,UCSB-CHG/CHIRPS/DAILY,1991-2020,IBGE_2024
2512309,Princesa Isabel,PB,368.569,9,set,7.478420299823871,OK,1991,2020,30,CHIRPS_v2,UCSB-CHG/CHIRPS/DAILY,1991-2020,IBGE_2024
2509008,Manaíra,PB,352.025,9,set,8.362450878238445,OK,1991,2020,30,CHIRPS_v2,UCSB-CHG/CHIRPS/DAILY,1991-2020,IBGE_2024
2516607,Tavares,PB,239.507,9,set,6.744858076209142,OK,1991,2020,30,CHIRPS_v2,UCSB-CHG/CHIRPS/DAILY,1991-2020,IBGE_2024
2508000,Juru,PB,395.075,9,set,4.9261101631190956,OK,1991,2020,30,CHIRPS_v2,UCSB-CHG/CHIRPS/DAILY,1991-2020,IBGE_2024
2514552,São José de Princesa,PB,158.052,9,set,9.004629892915425,OK,1991,2020,30,CHIRPS_v2,UCSB-CHG/CHIRPS/DAILY,1991-2020,IBGE_2024
2510006,Nazarezinho,PB,193.203,9,set,1.3781050642978785,OK,1991,2020,30,CHIRPS_v2,UCSB-CHG/CHIRPS/DAILY,1991-2020,IBGE_2024
2502052,Bernardino Batista,PB,57.453,9,set,2.418794510254712,OK,1991,2020,30,CHIRPS_v2,UCSB-CHG/CHIRPS/DAILY,1991-2020,IBGE_2024
2517209,Vieirópolis,PB,147.098,9,set,1.1140042838631121,OK,1991,2020,30,CHIRPS_v2,UCSB-CHG/CHIRPS/DAILY,1991-2020,IBGE_2024
2500775,Aparecida,PB,291.478,9,set,0.876970229369347,OK,1991,2020,30,CHIRPS_v2,UCSB-CHG/CHIRPS/DAILY,1991-2020,IBGE_2024
2509156,Marizópolis,PB,69.952,9,set,1.2636239957674713,OK,1991,2020,30,CHIRPS_v2,UCSB-CHG/CHIRPS/DAILY,1991-2020,IBGE_2024
2508406,Lastro,PB,107.416,9,set,0.9891718574903078,OK,1991,2020,30,CHIRPS_v2,UCSB-CHG/CHIRPS/DAILY,1991-2020,IBGE_2024
2516904,Uiraúna,PB,293.182,9,set,1.6322862195694159,OK,1991,2020,30,CHIRPS_v2,UCSB-CHG/CHIRPS/DAILY,1991-2020,IBGE_2024
2516201,Sousa,PB,728.492,9,set,0.9409049474685899,OK,1991,2020,30,CHIRPS_v2,UCSB-CHG/CHIRPS/DAILY,1991-2020,IBGE_2024
2514206,São José da Lagoa Tapada,PB,333.724,9,set,1.1135305657320578,OK,1991,2020,30,CHIRPS_v2,UCSB-CHG/CHIRPS/DAILY,1991-2020,IBGE_2024
2513653,Joca Claudino,PB,71.799,9,set,2.435575499986741,OK,1991,2020,30,CHIRPS_v2,UCSB-CHG/CHIRPS/DAILY,1991-2020,IBGE_2024
2513984,São Francisco,PB,90.724,9,set,0.6127114503747075,OK,1991,2020,30,CHIRPS_v2,UCSB-CHG/CHIRPS/DAILY,1991-2020,IBGE_2024
2513208,Santa Cruz,PB,217.677,9,set,0.5834288493029653,OK,1991,2020,30,CHIRPS_v2,UCSB-CHG/CHIRPS/DAILY,1991-2020,IBGE_2024
2512036,Poço Dantas,PB,97.758,9,set,2.9075656907192324,OK,1991,2020,30,CHIRPS_v2,UCSB-CHG/CHIRPS/DAILY,1991-2020,IBGE_2024
2504108,Carrapateira,PB,59.07,9,set,2.332720843694967,OK,1991,2020,30,CHIRPS_v2,UCSB-CHG/CHIRPS/DAILY,1991-2020,IBGE_2024
2503308,Cachoeira dos Índios,PB,193.215,9,set,3.4589046942844015,OK,1991,2020,30,CHIRPS_v2,UCSB-CHG/CHIRPS/DAILY,1991-2020,IBGE_2024
2503704,Cajazeiras,PB,562.703,9,set,2.293805788990468,OK,1991,2020,30,CHIRPS_v2,UCSB-CHG/CHIRPS/DAILY,1991-2020,IBGE_2024
2502409,Bonito de Santa Fé,PB,226.798,9,set,8.08953597375723,OK,1991,2020,30,CHIRPS_v2,UCSB-CHG/CHIRPS/DAILY,1991-2020,IBGE_2024
2502201,Bom Jesus,PB,47.367,9,set,2.4028561825060137,OK,1991,2020,30,CHIRPS_v2,UCSB-CHG/CHIRPS/DAILY,1991-2020,IBGE_2024
2509602,Monte Horebe,PB,116.854,9,set,7.424640817826759,OK,1991,2020,30,CHIRPS_v2,UCSB-CHG/CHIRPS/DAILY,1991-2020,IBGE_2024
2500700,São João do Rio do Peixe,PB,476.237,9,set,1.337860098586848,OK,1991,2020,30,CHIRPS_v2,UCSB-CHG/CHIRPS/DAILY,1991-2020,IBGE_2024
2516805,Triunfo,PB,224.336,9,set,2.0434569230090074,OK,1991,2020,30,CHIRPS_v2,UCSB-CHG/CHIRPS/DAILY,1991-2020,IBGE_2024
2515708,Serra Grande,PB,64.352,9,set,7.476796333261122,OK,1991,2020,30,CHIRPS_v2,UCSB-CHG/CHIRPS/DAILY,1991-2020,IBGE_2024
2514503,São José de Piranhas,PB,686.918,9,set,5.837011512922762,OK,1991,2020,30,CHIRPS_v2,UCSB-CHG/CHIRPS/DAILY,1991-2020,IBGE_2024
2513307,Santa Helena,PB,211.143,9,set,2.048148864558304,OK,1991,2020,30,CHIRPS_v2,UCSB-CHG/CHIRPS/DAILY,1991-2020,IBGE_2024
2512077,Poço de José de Moura,PB,94.646,9,set,1.7030123009861444,OK,1991,2020,30,CHIRPS_v2,UCSB-CHG/CHIRPS/DAILY,1991-2020,IBGE_2024
2605459,Fernando de Noronha,PE,18.609,9,set,,SEM_DADOS,1991,2020,30,CHIRPS_v2,UCSB-CHG/CHIRPS/DAILY,1991-2020,IBGE_2024
2610707,Paulista,PE,96.932,9,set,65.62163505659368,OK,1991,2020,30,CHIRPS_v2,UCSB-CHG/CHIRPS/DAILY,1991-2020,IBGE_2024
2610608,Paudalho,PE,269.65,9,set,59.57375937975235,OK,1991,2020,30,CHIRPS_v2,UCSB-CHG/CHIRPS/DAILY,1991-2020,IBGE_2024
2609402,Moreno,PE,194.197,9,set,50.13604586543601,OK,1991,2020,30,CHIRPS_v2,UCSB-CHG/CHIRPS/DAILY,1991-2020,IBGE_2024
2601052,Araçoiaba,PE,96.36,9,set,59.31496532466479,OK,1991,2020,30,CHIRPS_v2,UCSB-CHG/CHIRPS/DAILY,1991-2020,IBGE_2024
2609600,Olinda,PE,41.3,9,set,77.59067359080575,OK,1991,2020,30,CHIRPS_v2,UCSB-CHG/CHIRPS/DAILY,1991-2020,IBGE_2024
2600054,Abreu e Lima,PE,126.384,9,set,66.12392691353071,OK,1991,2020,30,CHIRPS_v2,UCSB-CHG/CHIRPS/DAILY,1991-2020,IBGE_2024
2607901,Jaboatão dos Guararapes,PE,258.724,9,set,61.18629588982709,OK,1991,2020,30,CHIRPS_v2,UCSB-CHG/CHIRPS/DAILY,1991-2020,IBGE_2024
2607752,Itapissuma,PE,73.968,9,set,65.8933063127996,OK,1991,2020,30,CHIRPS_v2,UCSB-CHG/CHIRPS/DAILY,1991-2020,IBGE_2024
2607208,Ipojuca,PE,521.801,9,set,60.29401830704817,OK,1991,2020,30,CHIRPS_v2,UCSB-CHG/CHIRPS/DAILY,1991-2020,IBGE_2024
2607604,Ilha de Itamaracá,PE,66.146,9,set,66.95118147084754,OK,1991,2020,30,CHIRPS_v2,UCSB-CHG/CHIRPS/DAILY,1991-2020,IBGE_2024
2606804,Igarassu,PE,306.879,9,set,65.50212686665184,OK,1991,2020,30,CHIRPS_v2,UCSB-CHG/CHIRPS/DAILY,1991-2020,IBGE_2024
2613701,São Lourenço da Mata,PE,263.687,9,set,64.29637178076915,OK,1991,2020,30,CHIRPS_v2,UCSB-CHG/CHIRPS/DAILY,1991-2020,IBGE_2024
2603454,Camaragibe,PE,51.321,9,set,77.90480234373447,OK,1991,2020,30,CHIRPS_v2,UCSB-CHG/CHIRPS/DAILY,1991-2020,IBGE_2024
2611606,Recife,PE,218.843,9,set,82.1319820292165,OK,1991,2020,30,CHIRPS_v2,UCSB-CHG/CHIRPS/DAILY,1991-2020,IBGE_2024
2602902,Cabo de Santo Agostinho,PE,445.386,9,set,53.422314211472376,OK,1991,2020,30,CHIRPS_v2,UCSB-CHG/CHIRPS/DAILY,1991-2020,IBGE_2024
2600708,Aliança,PE,272.773,9,set,52.40164601175951,OK,1991,2020,30,CHIRPS_v2,UCSB-CHG/CHIRPS/DAILY,1991-2020,IBGE_2024
2609006,Macaparana,PE,108.049,9,set,41.624055125984185,OK,1991,2020,30,CHIRPS_v2,UCSB-CHG/CHIRPS/DAILY,1991-2020,IBGE_2024
2607802,Itaquitinga,PE,162.739,9,set,59.52975159501305,OK,1991,2020,30,CHIRPS_v2,UCSB-CHG/CHIRPS/DAILY,1991-2020,IBGE_2024
2616308,Vicência,PE,227.906,9,set,56.42970668597907,OK,1991,2020,30,CHIRPS_v2,UCSB-CHG/CHIRPS/DAILY,1991-2020,IBGE_2024
2607653,Itambé,PE,304.005,9,set,48.11237191539594,OK,1991,2020,30,CHIRPS_v2,UCSB-CHG/CHIRPS/DAILY,1991-2020,IBGE_2024
2615300,Timbaúba,PE,287.683,9,set,54.11967195233158,OK,1991,2020,30,CHIRPS_v2,UCSB-CHG/CHIRPS/DAILY,1991-2020,IBGE_2024
2606200,Goiana,PE,445.406,9,set,64.51139464289506,OK,1991,2020,30,CHIRPS_v2,UCSB-CHG/CHIRPS/DAILY,1991-2020,IBGE_2024
2613800,São Vicente Férrer,PE,112.472,9,set,42.67881551804881,OK,1991,2020,30,CHIRPS_v2,UCSB-CHG/CHIRPS/DAILY,1991-2020,IBGE_2024
2605509,Ferreiros,PE,92.516,9,set,51.56365544275035,OK,1991,2020,30,CHIRPS_v2,UCSB-CHG/CHIRPS/DAILY,1991-2020,IBGE_2024
2604601,Condado,PE,89.645,9,set,55.797407406979694,OK,1991,2020,30,CHIRPS_v2,UCSB-CHG/CHIRPS/DAILY,1991-2020,IBGE_2024
2603603,Camutanga,PE,39.116,9,set,52.19126257242735,OK,1991,2020,30,CHIRPS_v2,UCSB-CHG/CHIRPS/DAILY,1991-2020,IBGE_2024
2610004,Palmares,PE,339.388,9,set,70.7854660469158,OK,1991,2020,30,CHIRPS_v2,UCSB-CHG/CHIRPS/DAILY,1991-2020,IBGE_2024
2601508,Belém de Maria,PE,75.912,9,set,60.61118494688371,OK,1991,2020,30,CHIRPS_v2,UCSB-CHG/CHIRPS/DAILY,1991-2020,IBGE_2024
2609204,Maraial,PE,199.865,9,set,61.678323933463794,OK,1991,2020,30,CHIRPS_v2,UCSB-CHG/CHIRPS/DAILY,1991-2020,IBGE_2024
2608206,Joaquim Nabuco,PE,122.605,9,set,68.61330325381589,OK,1991,2020,30,CHIRPS_v2,UCSB-CHG/CHIRPS/DAILY,1991-2020,IBGE_2024
2616506,Xexéu,PE,110.814,9,set,57.95163786631708,OK,1991,2020,30,CHIRPS_v2,UCSB-CHG/CHIRPS/DAILY,1991-2020,IBGE_2024
2600401,Água Preta,PE,531.936,9,set,70.57305156579287,OK,1991,2020,30,CHIRPS_v2,UCSB-CHG/CHIRPS/DAILY,1991-2020,IBGE_2024
2607950,Jaqueira,PE,87.208,9,set,68.3987322674821,OK,1991,2020,30,CHIRPS_v2,UCSB-CHG/CHIRPS/DAILY,1991-2020,IBGE_2024
2605905,Gameleira,PE,257.781,9,set,65.64910501902428,OK,1991,2020,30,CHIRPS_v2,UCSB-CHG/CHIRPS/DAILY,1991-2020,IBGE_2024
2612901,São Benedito do Sul,PE,160.477,9,set,63.38266161645167,OK,1991,2020,30,CHIRPS_v2,UCSB-CHG/CHIRPS/DAILY,1991-2020,IBGE_2024
2604205,Catende,PE,208.594,9,set,68.06422525194512,OK,1991,2020,30,CHIRPS_v2,UCSB-CHG/CHIRPS/DAILY,1991-2020,IBGE_2024
2610509,Passira,PE,327.21,9,set,40.481515428618636,OK,1991,2020,30,CHIRPS_v2,UCSB-CHG/CHIRPS/DAILY,1991-2020,IBGE_2024
2609709,Orobó,PE,138.362,9,set,41.434180254340525,OK,1991,2020,30,CHIRPS_v2,UCSB-CHG/CHIRPS/DAILY,1991-2020,IBGE_2024
2608909,Limoeiro,PE,273.733,9,set,47.84779287417626,OK,1991,2020,30,CHIRPS_v2,UCSB-CHG/CHIRPS/DAILY,1991-2020,IBGE_2024
2609105,Machados,PE,58.32,9,set,56.15755615652653,OK,1991,2020,30,CHIRPS_v2,UCSB-CHG/CHIRPS/DAILY,1991-2020,IBGE_2024
2608107,João Alfredo,PE,134.147,9,set,56.48599138944434,OK,1991,2020,30,CHIRPS_v2,UCSB-CHG/CHIRPS/DAILY,1991-2020,IBGE_2024
2605400,Feira Nova,PE,107.726,9,set,40.914053591252255,OK,1991,2020,30,CHIRPS_v2,UCSB-CHG/CHIRPS/DAILY,1991-2020,IBGE_2024
2612109,Salgadinho,PE,87.218,9,set,53.369205587492914,OK,1991,2020,30,CHIRPS_v2,UCSB-CHG/CHIRPS/DAILY,1991-2020,IBGE_2024
2602209,Bom Jardim,PE,226.639,9,set,57.16155569006365,OK,1991,2020,30,CHIRPS_v2,UCSB-CHG/CHIRPS/DAILY,1991-2020,IBGE_2024
2616407,Vitória de Santo Antão,PE,373.3,9,set,45.75765919927758,OK,1991,2020,30,CHIRPS_v2,UCSB-CHG/CHIRPS/DAILY,1991-2020,IBGE_2024
2606101,Glória do Goitá,PE,234.486,9,set,47.56139597374285,OK,1991,2020,30,CHIRPS_v2,UCSB-CHG/CHIRPS/DAILY,1991-2020,IBGE_2024
2604403,Chã de Alegria,PE,49.328,9,set,56.36692031180095,OK,1991,2020,30,CHIRPS_v2,UCSB-CHG/CHIRPS/DAILY,1991-2020,IBGE_2024
2611309,Pombos,PE,203.105,9,set,38.99043821649276,OK,1991,2020,30,CHIRPS_v2,UCSB-CHG/CHIRPS/DAILY,1991-2020,IBGE_2024
2609501,Nazaré da Mata,PE,130.572,9,set,47.91991212933437,OK,1991,2020,30,CHIRPS_v2,UCSB-CHG/CHIRPS/DAILY,1991-2020,IBGE_2024
2608453,Lagoa do Carro,PE,69.244,9,set,44.85452354889533,OK,1991,2020,30,CHIRPS_v2,UCSB-CHG/CHIRPS/DAILY,1991-2020,IBGE_2024
2608503,Lagoa de Itaenga,PE,57.298,9,set,43.68331880017189,OK,1991,2020,30,CHIRPS_v2,UCSB-CHG/CHIRPS/DAILY,1991-2020,IBGE_2024
2615508,Tracunhaém,PE,137.321,9,set,49.91054123841522,OK,1991,2020,30,CHIRPS_v2,UCSB-CHG/CHIRPS/DAILY,1991-2020,IBGE_2024
2604007,Carpina,PE,146.494,9,set,43.873714902455085,OK,1991,2020,30,CHIRPS_v2,UCSB-CHG/CHIRPS/DAILY,1991-2020,IBGE_2024
2602704,Buenos Aires,PE,93.187,9,set,51.30368794058448,OK,1991,2020,30,CHIRPS_v2,UCSB-CHG/CHIRPS/DAILY,1991-2020,IBGE_2024
2601409,Barreiros,PE,233.432,9,set,80.59887962543151,OK,1991,2020,30,CHIRPS_v2,UCSB-CHG/CHIRPS/DAILY,1991-2020,IBGE_2024
2614857,Tamandaré,PE,213.75,9,set,80.56535310321495,OK,1991,2020,30,CHIRPS_v2,UCSB-CHG/CHIRPS/DAILY,1991-2020,IBGE_2024
2614204,Sirinhaém,PE,374.321,9,set,69.26957633871284,OK,1991,2020,30,CHIRPS_v2,UCSB-CHG/CHIRPS/DAILY,1991-2020,IBGE_2024
2613404,São José da Coroa Grande,PE,69.184,9,set,69.85123558208258,OK,1991,2020,30,CHIRPS_v2,UCSB-CHG/CHIRPS/DAILY,1991-2020,IBGE_2024
2611903,Rio Formoso,PE,227.458,9,set,73.96006280857475,OK,1991,2020,30,CHIRPS_v2,UCSB-CHG/CHIRPS/DAILY,1991-2020,IBGE_2024
2616183,Vertente do Lério,PE,73.631,9,set,28.81764573090769,OK,1991,2020,30,CHIRPS_v2,UCSB-CHG/CHIRPS/DAILY,1991-2020,IBGE_2024
2616209,Vertentes,PE,196.324,9,set,24.248246030915976,OK,1991,2020,30,CHIRPS_v2,UCSB-CHG/CHIRPS/DAILY,1991-2020,IBGE_2024
2614501,Surubim,PE,253.296,9,set,37.64015477764541,OK,1991,2020,30,CHIRPS_v2,UCSB-CHG/CHIRPS/DAILY,1991-2020,IBGE_2024
2605806,Frei Miguelinho,PE,213.735,9,set,32.21044687657894,OK,1991,2020,30,CHIRPS_v2,UCSB-CHG/CHIRPS/DAILY,1991-2020,IBGE_2024
2604155,Casinhas,PE,116.833,9,set,33.79144678482361,OK,1991,2020,30,CHIRPS_v2,UCSB-CHG/CHIRPS/DAILY,1991-2020,IBGE_2024
2612703,Santa Maria do Cambucá,PE,92.148,9,set,21.997036294525284,OK,1991,2020,30,CHIRPS_v2,UCSB-CHG/CHIRPS/DAILY,1991-2020,IBGE_2024
2604106,Caruaru,PE,919.069,9,set,21.282237129169392,OK,1991,2020,30,CHIRPS_v2,UCSB-CHG/CHIRPS/DAILY,1991-2020,IBGE_2024
2610202,Panelas,PE,380.428,9,set,33.84911585764455,OK,1991,2020,30,CHIRPS_v2,UCSB-CHG/CHIRPS/DAILY,1991-2020,IBGE_2024
2601904,Bezerros,PE,497.156,9,set,27.568916153602036,OK,1991,2020,30,CHIRPS_v2,UCSB-CHG/CHIRPS/DAILY,1991-2020,IBGE_2024
2601300,Barra de Guabiraba,PE,118.639,9,set,51.02335174694303,OK,1991,2020,30,CHIRPS_v2,UCSB-CHG/CHIRPS/DAILY,1991-2020,IBGE_2024
2600807,Altinho,PE,450.178,9,set,32.15211887238049,OK,1991,2020,30,CHIRPS_v2,UCSB-CHG/CHIRPS/DAILY,1991-2020,IBGE_2024
2608701,Lagoa dos Gatos,PE,224.948,9,set,51.71841738398988,OK,1991,2020,30,CHIRPS_v2,UCSB-CHG/CHIRPS/DAILY,1991-2020,IBGE_2024
2600302,Agrestina,PE,200.369,9,set,37.040185387900934,OK,1991,2020,30,CHIRPS_v2,UCSB-CHG/CHIRPS/DAILY,1991-2020,IBGE_2024
2608008,Jataúba,PE,714.601,9,set,9.412256989730382,OK,1991,2020,30,CHIRPS_v2,UCSB-CHG/CHIRPS/DAILY,1991-2020,IBGE_2024
2615409,Toritama,PE,25.704,9,set,26.51450858869447,OK,1991,2020,30,CHIRPS_v2,UCSB-CHG/CHIRPS/DAILY,1991-2020,IBGE_2024
2615003,Taquaritinga do Norte,PE,475.183,9,set,15.86764365532913,OK,1991,2020,30,CHIRPS_v2,UCSB-CHG/CHIRPS/DAILY,1991-2020,IBGE_2024
2606705,Ibirajuba,PE,189.596,9,set,28.361383480910376,OK,1991,2020,30,CHIRPS_v2,UCSB-CHG/CHIRPS/DAILY,1991-2020,IBGE_2024
2606408,Gravatá,PE,507.36,9,set,32.25801338389381,OK,1991,2020,30,CHIRPS_v2,UCSB-CHG/CHIRPS/DAILY,1991-2020,IBGE_2024
2605004,Cupira,PE,95.149,9,set,40.80343747688481,OK,1991,2020,30,CHIRPS_v2,UCSB-CHG/CHIRPS/DAILY,1991-2020,IBGE_2024
2613305,São Joaquim do Monte,PE,224.624,9,set,41.16698417119123,OK,1991,2020,30,CHIRPS_v2,UCSB-CHG/CHIRPS/DAILY,1991-2020,IBGE_2024
2613107,São Caitano,PE,382.483,9,set,19.79514431573936,OK,1991,2020,30,CHIRPS_v2,UCSB-CHG/CHIRPS/DAILY,1991-2020,IBGE_2024
2604908,Cumaru,PE,291.429,9,set,33.00956841474821,OK,1991,2020,30,CHIRPS_v2,UCSB-CHG/CHIRPS/DAILY,1991-2020,IBGE_2024
2612505,Santa Cruz do Capibaribe,PE,335.309,9,set,7.390946236256263,OK,1991,2020,30,CHIRPS_v2,UCSB-CHG/CHIRPS/DAILY,1991-2020,IBGE_2024
2604502,Chã Grande,PE,84.787,9,set,36.296638316499426,OK,1991,2020,30,CHIRPS_v2,UCSB-CHG/CHIRPS/DAILY,1991-2020,IBGE_2024
2612000,Sairé,PE,190.454,9,set,37.35595472799432,OK,1991,2020,30,CHIRPS_v2,UCSB-CHG/CHIRPS/DAILY,1991-2020,IBGE_2024
2603108,Cachoeirinha,PE,179.262,9,set,20.47458095465066,OK,1991,2020,30,CHIRPS_v2,UCSB-CHG/CHIRPS/DAILY,1991-2020,IBGE_2024
2611705,Riacho das Almas,PE,313.613,9,set,22.477460045581054,OK,1991,2020,30,CHIRPS_v2,UCSB-CHG/CHIRPS/DAILY,1991-2020,IBGE_2024
2603504,Camocim de São Félix,PE,72.01,9,set,35.23547602087342,OK,1991,2020,30,CHIRPS_v2,UCSB-CHG/CHIRPS/DAILY,1991-2020,IBGE_2024
2602605,Brejo da Madre de Deus,PE,761.824,9,set,18.68219587729611,OK,1991,2020,30,CHIRPS_v2,UCSB-CHG/CHIRPS/DAILY,1991-2020,IBGE_2024
2602308,Bonito,PE,392.627,9,set,54.28937495717276,OK,1991,2020,30,CHIRPS_v2,UCSB-CHG/CHIRPS/DAILY,1991-2020,IBGE_2024
2606002,Garanhuns,PE,458.964,9,set,45.14222977673811,OK,1991,2020,30,CHIRPS_v2,UCSB-CHG/CHIRPS/DAILY,1991-2020,IBGE_2024
2602407,Brejão,PE,159.786,9,set,50.08943934526531,OK,1991,2020,30,CHIRPS_v2,UCSB-CHG/CHIRPS/DAILY,1991-2020,IBGE_2024
2610103,Palmeirina,PE,169.012,9,set,53.30276209811369,OK,1991,2020,30,CHIRPS_v2,UCSB-CHG/CHIRPS/DAILY,1991-2020,IBGE_2024
2608800,Lajedo,PE,189.096,9,set,27.220043189454636,OK,1991,2020,30,CHIRPS_v2,UCSB-CHG/CHIRPS/DAILY,1991-2020,IBGE_2024
2601003,Angelim,PE,118.72,9,set,40.13385190235649,OK,1991,2020,30,CHIRPS_v2,UCSB-CHG/CHIRPS/DAILY,1991-2020,IBGE_2024
2608404,Jurema,PE,148.254,9,set,32.120866413494596,OK,1991,2020,30,CHIRPS_v2,UCSB-CHG/CHIRPS/DAILY,1991-2020,IBGE_2024
2608255,Jucati,PE,120.167,9,set,35.43246105515938,OK,1991,2020,30,CHIRPS_v2,UCSB-CHG/CHIRPS/DAILY,1991-2020,IBGE_2024
2608305,Jupi,PE,104.835,9,set,31.154513388474786,OK,1991,2020,30,CHIRPS_v2,UCSB-CHG/CHIRPS/DAILY,1991-2020,IBGE_2024
2608602,Lagoa do Ouro,PE,199.996,9,set,67.69903159748523,OK,1991,2020,30,CHIRPS_v2,UCSB-CHG/CHIRPS/DAILY,1991-2020,IBGE_2024
2600500,Águas Belas,PE,885.987,9,set,27.82767204227094,OK,1991,2020,30,CHIRPS_v2,UCSB-CHG/CHIRPS/DAILY,1991-2020,IBGE_2024
2615102,Terezinha,PE,151.625,9,set,48.345307298105304,OK,1991,2020,30,CHIRPS_v2,UCSB-CHG/CHIRPS/DAILY,1991-2020,IBGE_2024
2606507,Iati,PE,635.137,9,set,36.253743755977595,OK,1991,2020,30,CHIRPS_v2,UCSB-CHG/CHIRPS/DAILY,1991-2020,IBGE_2024
2604700,Correntes,PE,317.793,9,set,60.56214417210747,OK,1991,2020,30,CHIRPS_v2,UCSB-CHG/CHIRPS/DAILY,1991-2020,IBGE_2024
2613206,São João,PE,258.443,9,set,41.583571242961476,OK,1991,2020,30,CHIRPS_v2,UCSB-CHG/CHIRPS/DAILY,1991-2020,IBGE_2024
2612307,Saloá,PE,251.55,9,set,38.476000747293384,OK,1991,2020,30,CHIRPS_v2,UCSB-CHG/CHIRPS/DAILY,1991-2020,IBGE_2024
2603801,Capoeiras,PE,337.108,9,set,23.959798165061365,OK,1991,2020,30,CHIRPS_v2,UCSB-CHG/CHIRPS/DAILY,1991-2020,IBGE_2024
2603702,Canhotinho,PE,422.831,9,set,50.54383768481682,OK,1991,2020,30,CHIRPS_v2,UCSB-CHG/CHIRPS/DAILY,1991-2020,IBGE_2024
2603207,Caetés,PE,294.946,9,set,32.15622342243675,OK,1991,2020,30,CHIRPS_v2,UCSB-CHG/CHIRPS/DAILY,1991-2020,IBGE_2024
2611507,Quipapá,PE,230.617,9,set,55.949053332840265,OK,1991,2020,30,CHIRPS_v2,UCSB-CHG/CHIRPS/DAILY,1991-2020,IBGE_2024
2603306,Calçado,PE,121.434,9,set,30.205924143648552,OK,1991,2020,30,CHIRPS_v2,UCSB-CHG/CHIRPS/DAILY,1991-2020,IBGE_2024
2610301,Paranatama,PE,185.371,9,set,36.95149201111174,OK,1991,2020,30,CHIRPS_v2,UCSB-CHG/CHIRPS/DAILY,1991-2020,IBGE_2024
2602100,Bom Conselho,PE,790.774,9,set,48.42136139377147,OK,1991,2020,30,CHIRPS_v2,UCSB-CHG/CHIRPS/DAILY,1991-2020,IBGE_2024
2601201,Arcoverde,PE,343.923,9,set,11.210870736596412,OK,1991,2020,30,CHIRPS_v2,UCSB-CHG/CHIRPS/DAILY,1991-2020,IBGE_2024
2609154,Manari,PE,386.57,9,set,13.194261942409216,OK,1991,2020,30,CHIRPS_v2,UCSB-CHG/CHIRPS/DAILY,1991-2020,IBGE_2024
2616001,Venturosa,PE,331.552,9,set,11.542043391100151,OK,1991,2020,30,CHIRPS_v2,UCSB-CHG/CHIRPS/DAILY,1991-2020,IBGE_2024
2615805,Tupanatinga,PE,888.467,9,set,12.690550670883777,OK,1991,2020,30,CHIRPS_v2,UCSB-CHG/CHIRPS/DAILY,1991-2020,IBGE_2024
2607505,Itaíba,PE,1034.044,9,set,16.356152024588724,OK,1991,2020,30,CHIRPS_v2,UCSB-CHG/CHIRPS/DAILY,1991-2020,IBGE_2024
2607000,Inajá,PE,1240.961,9,set,9.502252863737043,OK,1991,2020,30,CHIRPS_v2,UCSB-CHG/CHIRPS/DAILY,1991-2020,IBGE_2024
2606606,Ibimirim,PE,1929.342,9,set,7.817729750252149,OK,1991,2020,30,CHIRPS_v2,UCSB-CHG/CHIRPS/DAILY,1991-2020,IBGE_2024
2614105,Sertânia,PE,2409.511,9,set,6.366049160409508,OK,1991,2020,30,CHIRPS_v2,UCSB-CHG/CHIRPS/DAILY,1991-2020,IBGE_2024
2605103,Custódia,PE,1382.059,9,set,6.4834259993544086,OK,1991,2020,30,CHIRPS_v2,UCSB-CHG/CHIRPS/DAILY,1991-2020,IBGE_2024
2602803,Buíque,PE,1295.821,9,set,16.43259774950608,OK,1991,2020,30,CHIRPS_v2,UCSB-CHG/CHIRPS/DAILY,1991-2020,IBGE_2024
2610806,Pedra,PE,922.482,9,set,19.41606993591709,OK,1991,2020,30,CHIRPS_v2,UCSB-CHG/CHIRPS/DAILY,1991-2020,IBGE_2024
2601706,Belo Jardim,PE,647.445,9,set,16.69350794335217,OK,1991,2020,30,CHIRPS_v2,UCSB-CHG/CHIRPS/DAILY,1991-2020,IBGE_2024
2600609,Alagoinha,PE,208.545,9,set,11.56296936723401,OK,1991,2020,30,CHIRPS_v2,UCSB-CHG/CHIRPS/DAILY,1991-2020,IBGE_2024
2614709,Tacaimbó,PE,227.6,9,set,20.555495710847172,OK,1991,2020,30,CHIRPS_v2,UCSB-CHG/CHIRPS/DAILY,1991-2020,IBGE_2024
2613008,São Bento do Una,PE,719.193,9,set,22.944662019655205,OK,1991,2020,30,CHIRPS_v2,UCSB-CHG/CHIRPS/DAILY,1991-2020,IBGE_2024
2612406,Sanharó,PE,268.065,9,set,14.473585623250832,OK,1991,2020,30,CHIRPS_v2,UCSB-CHG/CHIRPS/DAILY,1991-2020,IBGE_2024
2610905,Pesqueira,PE,970.438,9,set,12.294677401494033,OK,1991,2020,30,CHIRPS_v2,UCSB-CHG/CHIRPS/DAILY,1991-2020,IBGE_2024
2611200,Poção,PE,205.118,9,set,10.21032842473646,OK,1991,2020,30,CHIRPS_v2,UCSB-CHG/CHIRPS/DAILY,1991-2020,IBGE_2024
2601805,Betânia,PE,1256.138,9,set,6.613493336275337,OK,1991,2020,30,CHIRPS_v2,UCSB-CHG/CHIRPS/DAILY,1991-2020,IBGE_2024
2609303,Mirandiba,PE,821.676,9,set,2.235321509527399,OK,1991,2020,30,CHIRPS_v2,UCSB-CHG/CHIRPS/DAILY,1991-2020,IBGE_2024
2608057,Jatobá,PE,277.862,9,set,7.680005981193969,OK,1991,2020,30,CHIRPS_v2,UCSB-CHG/CHIRPS/DAILY,1991-2020,IBGE_2024
2615706,Triunfo,PE,191.518,9,set,13.408936328198646,OK,1991,2020,30,CHIRPS_v2,UCSB-CHG/CHIRPS/DAILY,1991-2020,IBGE_2024
2614808,Tacaratu,PE,1264.532,9,set,10.657228388606164,OK,1991,2020,30,CHIRPS_v2,UCSB-CHG/CHIRPS/DAILY,1991-2020,IBGE_2024
2613909,Serra Talhada,PE,2980.007,9,set,4.702910171479781,OK,1991,2020,30,CHIRPS_v2,UCSB-CHG/CHIRPS/DAILY,1991-2020,IBGE_2024
2605707,Floresta,PE,3637.243,9,set,3.1841756009149735,OK,1991,2020,30,CHIRPS_v2,UCSB-CHG/CHIRPS/DAILY,1991-2020,IBGE_2024
2613503,São José do Belmonte,PE,1474.086,9,set,2.9151220918290175,OK,1991,2020,30,CHIRPS_v2,UCSB-CHG/CHIRPS/DAILY,1991-2020,IBGE_2024
2605608,Flores,PE,995.561,9,set,5.376449124871888,OK,1991,2020,30,CHIRPS_v2,UCSB-CHG/CHIRPS/DAILY,1991-2020,IBGE_2024
2612471,Santa Cruz da Baixa Verde,PE,114.931,9,set,12.587655329293328,OK,1991,2020,30,CHIRPS_v2,UCSB-CHG/CHIRPS/DAILY,1991-2020,IBGE_2024
2603926,Carnaubeira da Penha,PE,1004.248,9,set,2.2533736390782555,OK,1991,2020,30,CHIRPS_v2,UCSB-CHG/CHIRPS/DAILY,1991-2020,IBGE_2024
2603405,Calumbi,PE,179.314,9,set,7.738406376943498,OK,1991,2020,30,CHIRPS_v2,UCSB-CHG/CHIRPS/DAILY,1991-2020,IBGE_2024
2611002,Petrolândia,PE,1056.589,9,set,3.874537155139469,OK,1991,2020,30,CHIRPS_v2,UCSB-CHG/CHIRPS/DAILY,1991-2020,IBGE_2024
2602506,Brejinho,PE,106.066,9,set,0.2036731813075056,OK,1991,2020,30,CHIRPS_v2,UCSB-CHG/CHIRPS/DAILY,1991-2020,IBGE_2024
2600104,Afogados da Ingazeira,PE,378.031,9,set,2.027722513658068,OK,1991,2020,30,CHIRPS_v2,UCSB-CHG/CHIRPS/DAILY,1991-2020,IBGE_2024
2615904,Tuparetama,PE,188.428,9,set,2.756138338893538,OK,1991,2020,30,CHIRPS_v2,UCSB-CHG/CHIRPS/DAILY,1991-2020,IBGE_2024
2607703,Itapetim,PE,411.875,9,set,0.41947662084123,OK,1991,2020,30,CHIRPS_v2,UCSB-CHG/CHIRPS/DAILY,1991-2020,IBGE_2024
2606903,Iguaracy,PE,836.046,9,set,2.604841438971836,OK,1991,2020,30,CHIRPS_v2,UCSB-CHG/CHIRPS/DAILY,1991-2020,IBGE_2024
2607109,Ingazeira,PE,243.858,9,set,3.343899130153085,OK,1991,2020,30,CHIRPS_v2,UCSB-CHG/CHIRPS/DAILY,1991-2020,IBGE_2024
2614402,Solidão,PE,138.6,9,set,5.450843431406123,OK,1991,2020,30,CHIRPS_v2,UCSB-CHG/CHIRPS/DAILY,1991-2020,IBGE_2024
2614600,Tabira,PE,388.458,9,set,3.5954142343511166,OK,1991,2020,30,CHIRPS_v2,UCSB-CHG/CHIRPS/DAILY,1991-2020,IBGE_2024
2613602,São José do Egito,PE,774.037,9,set,1.5181687382023852,OK,1991,2020,30,CHIRPS_v2,UCSB-CHG/CHIRPS/DAILY,1991-2020,IBGE_2024
2612802,Santa Terezinha,PE,200.327,9,set,2.054679367323108,OK,1991,2020,30,CHIRPS_v2,UCSB-CHG/CHIRPS/DAILY,1991-2020,IBGE_2024
2603900,Carnaíba,PE,432.134,9,set,3.899511860289899,OK,1991,2020,30,CHIRPS_v2,UCSB-CHG/CHIRPS/DAILY,1991-2020,IBGE_2024
2611533,Quixaba,PE,210.705,9,set,5.626389507674783,OK,1991,2020,30,CHIRPS_v2,UCSB-CHG/CHIRPS/DAILY,1991-2020,IBGE_2024
2611101,Petrolina,PE,4558.905,9,set,0.18182443988599412,OK,1991,2020,30,CHIRPS_v2,UCSB-CHG/CHIRPS/DAILY,1991-2020,IBGE_2024
2609808,Orocó,PE,554.759,9,set,0.4098905896639401,OK,1991,2020,30,CHIRPS_v2,UCSB-CHG/CHIRPS/DAILY,1991-2020,IBGE_2024
2608750,Lagoa Grande,PE,1844.506,9,set,0.3183913812285151,OK,1991,2020,30,CHIRPS_v2,UCSB-CHG/CHIRPS/DAILY,1991-2020,IBGE_2024
2600203,Afrânio,PE,1491.572,9,set,0.2525817692820626,OK,1991,2020,30,CHIRPS_v2,UCSB-CHG/CHIRPS/DAILY,1991-2020,IBGE_2024
2605152,Dormentes,PE,1543.723,9,set,0.19971033488898227,OK,1991,2020,30,CHIRPS_v2,UCSB-CHG/CHIRPS/DAILY,1991-2020,IBGE_2024
2612604,Santa Maria da Boa Vista,PE,3000.773,9,set,0.550568929006271,OK,1991,2020,30,CHIRPS_v2,UCSB-CHG/CHIRPS/DAILY,1991-2020,IBGE_2024
2609907,Ouricuri,PE,2381.568,9,set,0.4583462725000243,OK,1991,2020,30,CHIRPS_v2,UCSB-CHG/CHIRPS/DAILY,1991-2020,IBGE_2024
2602001,Bodocó,PE,1621.785,9,set,1.0992956808611014,OK,1991,2020,30,CHIRPS_v2,UCSB-CHG/CHIRPS/DAILY,1991-2020,IBGE_2024
2601102,Araripina,PE,2037.394,9,set,0.36130046410538863,OK,1991,2020,30,CHIRPS_v2,UCSB-CHG/CHIRPS/DAILY,1991-2020,IBGE_2024
2607307,Ipubi,PE,693.915,9,set,0.49693239908344716,OK,1991,2020,30,CHIRPS_v2,UCSB-CHG/CHIRPS/DAILY,1991-2020,IBGE_2024
2615607,Trindade,PE,295.765,9,set,0.36745326034522974,OK,1991,2020,30,CHIRPS_v2,UCSB-CHG/CHIRPS/DAILY,1991-2020,IBGE_2024
2606309,Granito,PE,521.69,9,set,1.066699498651113,OK,1991,2020,30,CHIRPS_v2,UCSB-CHG/CHIRPS/DAILY,1991-2020,IBGE_2024
2614303,Moreilândia,PE,404.288,9,set,1.494309376759143,OK,1991,2020,30,CHIRPS_v2,UCSB-CHG/CHIRPS/DAILY,1991-2020,IBGE_2024
2605301,Exu,PE,1336.786,9,set,3.867668091950377,OK,1991,2020,30,CHIRPS_v2,UCSB-CHG/CHIRPS/DAILY,1991-2020,IBGE_2024
2612455,Santa Cruz,PE,1246.181,9,set,0.31476716340613703,OK,1991,2020,30,CHIRPS_v2,UCSB-CHG/CHIRPS/DAILY,1991-2020,IBGE_2024
2612554,Santa Filomena,PE,1004.561,9,set,0.22087543961507264,OK,1991,2020,30,CHIRPS_v2,UCSB-CHG/CHIRPS/DAILY,1991-2020,IBGE_2024
2601607,Belém do São Francisco,PE,1830.828,9,set,0.5322057009934296,OK,1991,2020,30,CHIRPS_v2,UCSB-CHG/CHIRPS/DAILY,1991-2020,IBGE_2024
2616100,Verdejante,PE,476.04,9,set,2.4246967203544507,OK,1991,2020,30,CHIRPS_v2,UCSB-CHG/CHIRPS/DAILY,1991-2020,IBGE_2024
2607406,Itacuruba,PE,436.528,9,set,1.0733827411673857,OK,1991,2020,30,CHIRPS_v2,UCSB-CHG/CHIRPS/DAILY,1991-2020,IBGE_2024
2615201,Terra Nova,PE,318.709,9,set,0.2816015515228427,OK,1991,2020,30,CHIRPS_v2,UCSB-CHG/CHIRPS/DAILY,1991-2020,IBGE_2024
2614006,Serrita,PE,1535.19,9,set,1.3931651853008773,OK,1991,2020,30,CHIRPS_v2,UCSB-CHG/CHIRPS/DAILY,1991-2020,IBGE_2024
2604304,Cedro,PE,148.746,9,set,3.3375007942803596,OK,1991,2020,30,CHIRPS_v2,UCSB-CHG/CHIRPS/DAILY,1991-2020,IBGE_2024
2612208,Salgueiro,PE,1678.562,9,set,1.054576657397649,OK,1991,2020,30,CHIRPS_v2,UCSB-CHG/CHIRPS/DAILY,1991-2020,IBGE_2024
2603009,Cabrobó,PE,1658.617,9,set,0.29991125600410495,OK,1991,2020,30,CHIRPS_v2,UCSB-CHG/CHIRPS/DAILY,1991-2020,IBGE_2024
2610400,Parnamirim,PE,2609.55,9,set,0.44644712317071783,OK,1991,2020,30,CHIRPS_v2,UCSB-CHG/CHIRPS/DAILY,1991-2020,IBGE_2024
2600906,Amaraji,PE,233.239,9,set,48.369224239531604,OK,1991,2020,30,CHIRPS_v2,UCSB-CHG/CHIRPS/DAILY,1991-2020,IBGE_2024
2605202,Escada,PE,342.156,9,set,52.44222681259592,OK,1991,2020,30,CHIRPS_v2,UCSB-CHG/CHIRPS/DAILY,1991-2020,IBGE_2024
2604809,Cortês,PE,103.416,9,set,50.97339250670294,OK,1991,2020,30,CHIRPS_v2,UCSB-CHG/CHIRPS/DAILY,1991-2020,IBGE_2024
2611804,Ribeirão,PE,289.566,9,set,58.848784843045635,OK,1991,2020,30,CHIRPS_v2,UCSB-CHG/CHIRPS/DAILY,1991-2020,IBGE_2024
2611408,Primavera,PE,113.563,9,set,48.975585406280466,OK,1991,2020,30,CHIRPS_v2,UCSB-CHG/CHIRPS/DAILY,1991-2020,IBGE_2024
2704302,Maceió,AL,509.295,9,set,116.4600226137596,OK,1991,2020,30,CHIRPS_v2,UCSB-CHG/CHIRPS/DAILY,1991-2020,IBGE_2024
2702207,Coqueiro Seco,AL,39.608,9,set,119.53773585976276,OK,1991,2020,30,CHIRPS_v2,UCSB-CHG/CHIRPS/DAILY,1991-2020,IBGE_2024
2700508,Barra de Santo Antônio,AL,131.364,9,set,100.39440596814933,OK,1991,2020,30,CHIRPS_v2,UCSB-CHG/CHIRPS/DAILY,1991-2020,IBGE_2024
2708907,Satuba,AL,41.268,9,set,115.00246588384485,OK,1991,2020,30,CHIRPS_v2,UCSB-CHG/CHIRPS/DAILY,1991-2020,IBGE_2024
2707701,Rio Largo,AL,293.832,9,set,104.04251827737119,OK,1991,2020,30,CHIRPS_v2,UCSB-CHG/CHIRPS/DAILY,1991-2020,IBGE_2024
2707909,Santa Luzia do Norte,AL,28.857,9,set,116.44708237483005,OK,1991,2020,30,CHIRPS_v2,UCSB-CHG/CHIRPS/DAILY,1991-2020,IBGE_2024
2706448,Paripueira,AL,92.813,9,set,106.99478539811717,OK,1991,2020,30,CHIRPS_v2,UCSB-CHG/CHIRPS/DAILY,1991-2020,IBGE_2024
2705200,Messias,AL,114.156,9,set,86.4571454160092,OK,1991,2020,30,CHIRPS_v2,UCSB-CHG/CHIRPS/DAILY,1991-2020,IBGE_2024
2704708,Marechal Deodoro,AL,340.987,9,set,99.27474512441077,OK,1991,2020,30,CHIRPS_v2,UCSB-CHG/CHIRPS/DAILY,1991-2020,IBGE_2024
2703809,Joaquim Gomes,AL,300.865,9,set,72.24001481366822,OK,1991,2020,30,CHIRPS_v2,UCSB-CHG/CHIRPS/DAILY,1991-2020,IBGE_2024
2702801,Flexeiras,AL,333.756,9,set,74.25191028110608,OK,1991,2020,30,CHIRPS_v2,UCSB-CHG/CHIRPS/DAILY,1991-2020,IBGE_2024
2700607,Barra de São Miguel,AL,74.332,9,set,96.17664030512721,OK,1991,2020,30,CHIRPS_v2,UCSB-CHG/CHIRPS/DAILY,1991-2020,IBGE_2024
2706901,Pilar,AL,259.646,9,set,91.15582457555658,OK,1991,2020,30,CHIRPS_v2,UCSB-CHG/CHIRPS/DAILY,1991-2020,IBGE_2024
2703601,Japaratinga,AL,85.699,9,set,63.135136842194875,OK,1991,2020,30,CHIRPS_v2,UCSB-CHG/CHIRPS/DAILY,1991-2020,IBGE_2024
2703502,Jacuípe,AL,209.65,9,set,70.5822237590484,OK,1991,2020,30,CHIRPS_v2,UCSB-CHG/CHIRPS/DAILY,1991-2020,IBGE_2024
2703908,Jundiá,AL,88.772,9,set,68.07528391963807,OK,1991,2020,30,CHIRPS_v2,UCSB-CHG/CHIRPS/DAILY,1991-2020,IBGE_2024
2702108,Colônia Leopoldina,AL,201.461,9,set,65.6764350709299,OK,1991,2020,30,CHIRPS_v2,UCSB-CHG/CHIRPS/DAILY,1991-2020,IBGE_2024
2701357,Campestre,AL,65.019,9,set,62.42211310054076,OK,1991,2020,30,CHIRPS_v2,UCSB-CHG/CHIRPS/DAILY,1991-2020,IBGE_2024
2708709,São Miguel dos Milagres,AL,76.852,9,set,67.93192639274547,OK,1991,2020,30,CHIRPS_v2,UCSB-CHG/CHIRPS/DAILY,1991-2020,IBGE_2024
2708501,São Luís do Quitunde,AL,397.257,9,set,82.85949855558118,OK,1991,2020,30,CHIRPS_v2,UCSB-CHG/CHIRPS/DAILY,1991-2020,IBGE_2024
2707404,Porto de Pedras,AL,256.526,9,set,68.42407003339517,OK,1991,2020,30,CHIRPS_v2,UCSB-CHG/CHIRPS/DAILY,1991-2020,IBGE_2024
2707305,Porto Calvo,AL,313.68,9,set,65.57325711041786,OK,1991,2020,30,CHIRPS_v2,UCSB-CHG/CHIRPS/DAILY,1991-2020,IBGE_2024
2706505,Passo de Camaragibe,AL,251.169,9,set,78.74444658120386,OK,1991,2020,30,CHIRPS_v2,UCSB-CHG/CHIRPS/DAILY,1991-2020,IBGE_2024
2705606,Novo Lino,AL,219.327,9,set,67.96044568069746,OK,1991,2020,30,CHIRPS_v2,UCSB-CHG/CHIRPS/DAILY,1991-2020,IBGE_2024
2705101,Matriz de Camaragibe,AL,238.112,9,set,78.44366526913396,OK,1991,2020,30,CHIRPS_v2,UCSB-CHG/CHIRPS/DAILY,1991-2020,IBGE_2024
2704500,Maragogi,AL,333.952,9,set,62.11116204993925,OK,1991,2020,30,CHIRPS_v2,UCSB-CHG/CHIRPS/DAILY,1991-2020,IBGE_2024
2703205,Igreja Nova,AL,428.023,9,set,55.098654210255475,OK,1991,2020,30,CHIRPS_v2,UCSB-CHG/CHIRPS/DAILY,1991-2020,IBGE_2024
2702702,Feliz Deserto,AL,110.062,9,set,64.23821923361609,OK,1991,2020,30,CHIRPS_v2,UCSB-CHG/CHIRPS/DAILY,1991-2020,IBGE_2024
2702306,Coruripe,AL,897.431,9,set,74.44615296372872,OK,1991,2020,30,CHIRPS_v2,UCSB-CHG/CHIRPS/DAILY,1991-2020,IBGE_2024
2708204,São Brás,AL,138.969,9,set,47.09972140459528,OK,1991,2020,30,CHIRPS_v2,UCSB-CHG/CHIRPS/DAILY,1991-2020,IBGE_2024
2707503,Porto Real do Colégio,AL,237.017,9,set,47.55487093865312,OK,1991,2020,30,CHIRPS_v2,UCSB-CHG/CHIRPS/DAILY,1991-2020,IBGE_2024
2706703,Penedo,AL,688.713,9,set,58.36815590724848,OK,1991,2020,30,CHIRPS_v2,UCSB-CHG/CHIRPS/DAILY,1991-2020,IBGE_2024
2706802,Piaçabuçu,AL,243.686,9,set,62.74476515457562,OK,1991,2020,30,CHIRPS_v2,UCSB-CHG/CHIRPS/DAILY,1991-2020,IBGE_2024
2703759,Jequiá da Praia,AL,334.619,9,set,81.63666848238141,OK,1991,2020,30,CHIRPS_v2,UCSB-CHG/CHIRPS/DAILY,1991-2020,IBGE_2024
2701407,Campo Alegre,AL,312.726,9,set,72.30415129145257,OK,1991,2020,30,CHIRPS_v2,UCSB-CHG/CHIRPS/DAILY,1991-2020,IBGE_2024
2701001,Boca da Mata,AL,192.952,9,set,82.22762171549346,OK,1991,2020,30,CHIRPS_v2,UCSB-CHG/CHIRPS/DAILY,1991-2020,IBGE_2024
2708600,São Miguel dos Campos,AL,335.679,9,set,88.70139972938014,OK,1991,2020,30,CHIRPS_v2,UCSB-CHG/CHIRPS/DAILY,1991-2020,IBGE_2024
2700201,Anadia,AL,186.074,9,set,71.21246518335315,OK,1991,2020,30,CHIRPS_v2,UCSB-CHG/CHIRPS/DAILY,1991-2020,IBGE_2024
2707800,Roteiro,AL,128.869,9,set,89.11623647284485,OK,1991,2020,30,CHIRPS_v2,UCSB-CHG/CHIRPS/DAILY,1991-2020,IBGE_2024
2703007,Ibateguara,AL,265.313,9,set,63.53012812893739,OK,1991,2020,30,CHIRPS_v2,UCSB-CHG/CHIRPS/DAILY,1991-2020,IBGE_2024
2709301,União dos Palmares,AL,420.081,9,set,60.67412264363802,OK,1991,2020,30,CHIRPS_v2,UCSB-CHG/CHIRPS/DAILY,1991-2020,IBGE_2024
2701100,Branquinha,AL,168.343,9,set,65.99730968033886,OK,1991,2020,30,CHIRPS_v2,UCSB-CHG/CHIRPS/DAILY,1991-2020,IBGE_2024
2708105,Santana do Mundaú,AL,232.17,9,set,66.60188519173029,OK,1991,2020,30,CHIRPS_v2,UCSB-CHG/CHIRPS/DAILY,1991-2020,IBGE_2024
2708303,São José da Laje,AL,256.603,9,set,66.35190121615712,OK,1991,2020,30,CHIRPS_v2,UCSB-CHG/CHIRPS/DAILY,1991-2020,IBGE_2024
2705507,Murici,AL,418.028,9,set,74.75377049729587,OK,1991,2020,30,CHIRPS_v2,UCSB-CHG/CHIRPS/DAILY,1991-2020,IBGE_2024
2701902,Chã Preta,AL,157.831,9,set,68.8821895083513,OK,1991,2020,30,CHIRPS_v2,UCSB-CHG/CHIRPS/DAILY,1991-2020,IBGE_2024
2701704,Capela,AL,253.168,9,set,80.99868775152491,OK,1991,2020,30,CHIRPS_v2,UCSB-CHG/CHIRPS/DAILY,1991-2020,IBGE_2024
2701308,Cajueiro,AL,107.168,9,set,80.70067631534289,OK,1991,2020,30,CHIRPS_v2,UCSB-CHG/CHIRPS/DAILY,1991-2020,IBGE_2024
2709400,Viçosa,AL,365.154,9,set,71.42690726985832,OK,1991,2020,30,CHIRPS_v2,UCSB-CHG/CHIRPS/DAILY,1991-2020,IBGE_2024
2700409,Atalaia,AL,533.259,9,set,86.6991322691728,OK,1991,2020,30,CHIRPS_v2,UCSB-CHG/CHIRPS/DAILY,1991-2020,IBGE_2024
2707008,Pindoba,AL,117.576,9,set,67.6598429825608,OK,1991,2020,30,CHIRPS_v2,UCSB-CHG/CHIRPS/DAILY,1991-2020,IBGE_2024
2704906,Mar Vermelho,AL,91.741,9,set,57.69018825526518,OK,1991,2020,30,CHIRPS_v2,UCSB-CHG/CHIRPS/DAILY,1991-2020,IBGE_2024
2700300,Arapiraca,AL,346.188,9,set,55.53073272955024,OK,1991,2020,30,CHIRPS_v2,UCSB-CHG/CHIRPS/DAILY,1991-2020,IBGE_2024
2704104,Lagoa da Canoa,AL,83.621,9,set,48.71356305497622,OK,1991,2020,30,CHIRPS_v2,UCSB-CHG/CHIRPS/DAILY,1991-2020,IBGE_2024
2704005,Junqueiro,AL,246.961,9,set,61.65469479654212,OK,1991,2020,30,CHIRPS_v2,UCSB-CHG/CHIRPS/DAILY,1991-2020,IBGE_2024
2704203,Limoeiro de Anadia,AL,309.171,9,set,61.24579253167984,OK,1991,2020,30,CHIRPS_v2,UCSB-CHG/CHIRPS/DAILY,1991-2020,IBGE_2024
2703700,Jaramataia,AL,105.416,9,set,36.71352919191802,OK,1991,2020,30,CHIRPS_v2,UCSB-CHG/CHIRPS/DAILY,1991-2020,IBGE_2024
2702603,Feira Grande,AL,175.906,9,set,51.36295302216316,OK,1991,2020,30,CHIRPS_v2,UCSB-CHG/CHIRPS/DAILY,1991-2020,IBGE_2024
2702900,Girau do Ponciano,AL,517.85,9,set,40.483507985753754,OK,1991,2020,30,CHIRPS_v2,UCSB-CHG/CHIRPS/DAILY,1991-2020,IBGE_2024
2702009,Coité do Nóia,AL,88.334,9,set,55.921093715371484,OK,1991,2020,30,CHIRPS_v2,UCSB-CHG/CHIRPS/DAILY,1991-2020,IBGE_2024
2702355,Craíbas,AL,277.617,9,set,45.028350628888916,OK,1991,2020,30,CHIRPS_v2,UCSB-CHG/CHIRPS/DAILY,1991-2020,IBGE_2024
2701506,Campo Grande,AL,170.145,9,set,33.285786056990574,OK,1991,2020,30,CHIRPS_v2,UCSB-CHG/CHIRPS/DAILY,1991-2020,IBGE_2024
2709202,Traipu,AL,680.0,9,set,42.418411796779935,OK,1991,2020,30,CHIRPS_v2,UCSB-CHG/CHIRPS/DAILY,1991-2020,IBGE_2024
2709103,Taquarana,AL,153.833,9,set,56.409949795483875,OK,1991,2020,30,CHIRPS_v2,UCSB-CHG/CHIRPS/DAILY,1991-2020,IBGE_2024
2709152,Teotônio Vilela,AL,299.237,9,set,64.60152291897477,OK,1991,2020,30,CHIRPS_v2,UCSB-CHG/CHIRPS/DAILY,1991-2020,IBGE_2024
2709004,Tanque d'Arca,AL,124.616,9,set,55.029714765292724,OK,1991,2020,30,CHIRPS_v2,UCSB-CHG/CHIRPS/DAILY,1991-2020,IBGE_2024
2708808,São Sebastião,AL,312.746,9,set,57.350218920593534,OK,1991,2020,30,CHIRPS_v2,UCSB-CHG/CHIRPS/DAILY,1991-2020,IBGE_2024
2705903,Olho d'Água Grande,AL,115.509,9,set,42.7907590855018,OK,1991,2020,30,CHIRPS_v2,UCSB-CHG/CHIRPS/DAILY,1991-2020,IBGE_2024
2704807,Maribondo,AL,180.107,9,set,70.03315357031585,OK,1991,2020,30,CHIRPS_v2,UCSB-CHG/CHIRPS/DAILY,1991-2020,IBGE_2024
2704401,Major Isidoro,AL,437.602,9,set,33.18139587856209,OK,1991,2020,30,CHIRPS_v2,UCSB-CHG/CHIRPS/DAILY,1991-2020,IBGE_2024
2703106,Igaci,AL,334.342,9,set,50.24790102248263,OK,1991,2020,30,CHIRPS_v2,UCSB-CHG/CHIRPS/DAILY,1991-2020,IBGE_2024
2702553,Estrela de Alagoas,AL,260.615,9,set,45.32062712412875,OK,1991,2020,30,CHIRPS_v2,UCSB-CHG/CHIRPS/DAILY,1991-2020,IBGE_2024
2701209,Cacimbinhas,AL,282.011,9,set,32.252351020974224,OK,1991,2020,30,CHIRPS_v2,UCSB-CHG/CHIRPS/DAILY,1991-2020,IBGE_2024
2700805,Belém,AL,66.629,9,set,51.61153691364354,OK,1991,2020,30,CHIRPS_v2,UCSB-CHG/CHIRPS/DAILY,1991-2020,IBGE_2024
2707602,Quebrangulo,AL,319.829,9,set,78.93152353374776,OK,1991,2020,30,CHIRPS_v2,UCSB-CHG/CHIRPS/DAILY,1991-2020,IBGE_2024
2706604,Paulo Jacinto,AL,118.457,9,set,70.97270824755414,OK,1991,2020,30,CHIRPS_v2,UCSB-CHG/CHIRPS/DAILY,1991-2020,IBGE_2024
2706307,Palmeira dos Índios,AL,450.99,9,set,53.671174523753116,OK,1991,2020,30,CHIRPS_v2,UCSB-CHG/CHIRPS/DAILY,1991-2020,IBGE_2024
2705309,Minador do Negrão,AL,167.461,9,set,42.50743302849085,OK,1991,2020,30,CHIRPS_v2,UCSB-CHG/CHIRPS/DAILY,1991-2020,IBGE_2024
2703304,Inhapi,AL,372.019,9,set,20.893911986304197,OK,1991,2020,30,CHIRPS_v2,UCSB-CHG/CHIRPS/DAILY,1991-2020,IBGE_2024
2702405,Delmiro Gouveia,AL,628.547,9,set,14.41675869212689,OK,1991,2020,30,CHIRPS_v2,UCSB-CHG/CHIRPS/DAILY,1991-2020,IBGE_2024
2700102,Água Branca,AL,473.845,9,set,16.241919921127177,OK,1991,2020,30,CHIRPS_v2,UCSB-CHG/CHIRPS/DAILY,1991-2020,IBGE_2024
2707107,Piranhas,AL,403.994,9,set,16.693465412874673,OK,1991,2020,30,CHIRPS_v2,UCSB-CHG/CHIRPS/DAILY,1991-2020,IBGE_2024
2706422,Pariconha,AL,254.718,9,set,13.36769469021657,OK,1991,2020,30,CHIRPS_v2,UCSB-CHG/CHIRPS/DAILY,1991-2020,IBGE_2024
2705804,Olho d'Água do Casado,AL,327.679,9,set,16.288824535054637,OK,1991,2020,30,CHIRPS_v2,UCSB-CHG/CHIRPS/DAILY,1991-2020,IBGE_2024
2705002,Mata Grande,AL,909.535,9,set,21.398404170634304,OK,1991,2020,30,CHIRPS_v2,UCSB-CHG/CHIRPS/DAILY,1991-2020,IBGE_2024
2702504,Dois Riachos,AL,142.364,9,set,36.37804697413402,OK,1991,2020,30,CHIRPS_v2,UCSB-CHG/CHIRPS/DAILY,1991-2020,IBGE_2024
2701605,Canapi,AL,600.879,9,set,19.105072088015522,OK,1991,2020,30,CHIRPS_v2,UCSB-CHG/CHIRPS/DAILY,1991-2020,IBGE_2024
2701803,Carneiros,AL,111.695,9,set,24.682474044098434,OK,1991,2020,30,CHIRPS_v2,UCSB-CHG/CHIRPS/DAILY,1991-2020,IBGE_2024
2708956,Senador Rui Palmeira,AL,338.569,9,set,19.942529641665153,OK,1991,2020,30,CHIRPS_v2,UCSB-CHG/CHIRPS/DAILY,1991-2020,IBGE_2024
2708006,Santana do Ipanema,AL,436.087,9,set,30.24750096116682,OK,1991,2020,30,CHIRPS_v2,UCSB-CHG/CHIRPS/DAILY,1991-2020,IBGE_2024
2707206,Poço das Trincheiras,AL,284.526,9,set,25.25230468366786,OK,1991,2020,30,CHIRPS_v2,UCSB-CHG/CHIRPS/DAILY,1991-2020,IBGE_2024
2706000,Olivença,AL,174.188,9,set,33.4802844994225,OK,1991,2020,30,CHIRPS_v2,UCSB-CHG/CHIRPS/DAILY,1991-2020,IBGE_2024
2706109,Ouro Branco,AL,196.349,9,set,13.370633775421926,OK,1991,2020,30,CHIRPS_v2,UCSB-CHG/CHIRPS/DAILY,1991-2020,IBGE_2024
2704609,Maravilha,AL,334.052,9,set,20.017021316958527,OK,1991,2020,30,CHIRPS_v2,UCSB-CHG/CHIRPS/DAILY,1991-2020,IBGE_2024
2703403,Jacaré dos Homens,AL,149.332,9,set,28.303835412182615,OK,1991,2020,30,CHIRPS_v2,UCSB-CHG/CHIRPS/DAILY,1991-2020,IBGE_2024
2700904,Belo Monte,AL,322.887,9,set,28.671453284994527,OK,1991,2020,30,CHIRPS_v2,UCSB-CHG/CHIRPS/DAILY,1991-2020,IBGE_2024
2700706,Batalha,AL,331.752,9,set,32.81539907377969,OK,1991,2020,30,CHIRPS_v2,UCSB-CHG/CHIRPS/DAILY,1991-2020,IBGE_2024
2708402,São José da Tapera,AL,490.88,9,set,23.78521234780333,OK,1991,2020,30,CHIRPS_v2,UCSB-CHG/CHIRPS/DAILY,1991-2020,IBGE_2024
2706208,Palestina,AL,38.189,9,set,24.371945129608115,OK,1991,2020,30,CHIRPS_v2,UCSB-CHG/CHIRPS/DAILY,1991-2020,IBGE_2024
2706406,Pão de Açúcar,AL,688.87,9,set,22.54500628104653,OK,1991,2020,30,CHIRPS_v2,UCSB-CHG/CHIRPS/DAILY,1991-2020,IBGE_2024
2705705,Olho d'Água das Flores,AL,188.398,9,set,30.13386958550538,OK,1991,2020,30,CHIRPS_v2,UCSB-CHG/CHIRPS/DAILY,1991-2020,IBGE_2024
2705408,Monteirópolis,AL,86.605,9,set,29.64131585864569,OK,1991,2020,30,CHIRPS_v2,UCSB-CHG/CHIRPS/DAILY,1991-2020,IBGE_2024
2801900,Cumbe,SE,121.959,9,set,53.03681762717894,OK,1991,2020,30,CHIRPS_v2,UCSB-CHG/CHIRPS/DAILY,1991-2020,IBGE_2024
2801306,Capela,SE,442.21,9,set,66.27704146211586,OK,1991,2020,30,CHIRPS_v2,UCSB-CHG/CHIRPS/DAILY,1991-2020,IBGE_2024
2806503,Santa Rosa de Lima,SE,67.672,9,set,56.67083131913865,OK,1991,2020,30,CHIRPS_v2,UCSB-CHG/CHIRPS/DAILY,1991-2020,IBGE_2024
2806602,Santo Amaro das Brotas,SE,236.965,9,set,71.51838631357589,OK,1991,2020,30,CHIRPS_v2,UCSB-CHG/CHIRPS/DAILY,1991-2020,IBGE_2024
2805307,Pirambu,SE,208.681,9,set,61.92870059661487,OK,1991,2020,30,CHIRPS_v2,UCSB-CHG/CHIRPS/DAILY,1991-2020,IBGE_2024
2804607,Nossa Senhora das Dores,SE,482.785,9,set,54.928748167503,OK,1991,2020,30,CHIRPS_v2,UCSB-CHG/CHIRPS/DAILY,1991-2020,IBGE_2024
2803302,Japaratuba,SE,365.677,9,set,65.21342653847054,OK,1991,2020,30,CHIRPS_v2,UCSB-CHG/CHIRPS/DAILY,1991-2020,IBGE_2024
2803203,Itaporanga d'Ajuda,SE,739.702,9,set,70.98464556720918,OK,1991,2020,30,CHIRPS_v2,UCSB-CHG/CHIRPS/DAILY,1991-2020,IBGE_2024
2802502,General Maynard,SE,19.793,9,set,68.33707077685436,OK,1991,2020,30,CHIRPS_v2,UCSB-CHG/CHIRPS/DAILY,1991-2020,IBGE_2024
2802007,Divina Pastora,SE,90.508,9,set,67.96388889032794,OK,1991,2020,30,CHIRPS_v2,UCSB-CHG/CHIRPS/DAILY,1991-2020,IBGE_2024
2801504,Carmópolis,SE,46.395,9,set,67.67024006829898,OK,1991,2020,30,CHIRPS_v2,UCSB-CHG/CHIRPS/DAILY,1991-2020,IBGE_2024
2800308,Aracaju,SE,182.163,9,set,71.83000351681125,OK,1991,2020,30,CHIRPS_v2,UCSB-CHG/CHIRPS/DAILY,1991-2020,IBGE_2024
2800605,Barra dos Coqueiros,SE,92.268,9,set,77.64681276395943,OK,1991,2020,30,CHIRPS_v2,UCSB-CHG/CHIRPS/DAILY,1991-2020,IBGE_2024
2807204,Siriri,SE,168.343,9,set,64.2322737004034,OK,1991,2020,30,CHIRPS_v2,UCSB-CHG/CHIRPS/DAILY,1991-2020,IBGE_2024
2806701,São Cristóvão,SE,438.037,9,set,65.81004237034513,OK,1991,2020,30,CHIRPS_v2,UCSB-CHG/CHIRPS/DAILY,1991-2020,IBGE_2024
2805901,Riachuelo,SE,78.308,9,set,57.74050187823749,OK,1991,2020,30,CHIRPS_v2,UCSB-CHG/CHIRPS/DAILY,1991-2020,IBGE_2024
2806107,Rosário do Catete,SE,102.683,9,set,73.65963436808698,OK,1991,2020,30,CHIRPS_v2,UCSB-CHG/CHIRPS/DAILY,1991-2020,IBGE_2024
2804805,Nossa Senhora do Socorro,SE,155.018,9,set,68.70361241308518,OK,1991,2020,30,CHIRPS_v2,UCSB-CHG/CHIRPS/DAILY,1991-2020,IBGE_2024
2804003,Maruim,SE,95.554,9,set,74.89256575589526,OK,1991,2020,30,CHIRPS_v2,UCSB-CHG/CHIRPS/DAILY,1991-2020,IBGE_2024
2803609,Laranjeiras,SE,162.274,9,set,66.69411112139761,OK,1991,2020,30,CHIRPS_v2,UCSB-CHG/CHIRPS/DAILY,1991-2020,IBGE_2024
2802106,Estância,SE,647.344,9,set,93.64253103283448,OK,1991,2020,30,CHIRPS_v2,UCSB-CHG/CHIRPS/DAILY,1991-2020,IBGE_2024
2801702,Cristinápolis,SE,228.556,9,set,72.97549011449485,OK,1991,2020,30,CHIRPS_v2,UCSB-CHG/CHIRPS/DAILY,1991-2020,IBGE_2024
2800407,Arauá,SE,198.967,9,set,80.12237717483946,OK,1991,2020,30,CHIRPS_v2,UCSB-CHG/CHIRPS/DAILY,1991-2020,IBGE_2024
2800670,Boquim,SE,205.443,9,set,76.97903274106098,OK,1991,2020,30,CHIRPS_v2,UCSB-CHG/CHIRPS/DAILY,1991-2020,IBGE_2024
2807501,Tomar do Geru,SE,304.837,9,set,50.88185781017804,OK,1991,2020,30,CHIRPS_v2,UCSB-CHG/CHIRPS/DAILY,1991-2020,IBGE_2024
2807600,Umbaúba,SE,117.514,9,set,75.23681738325536,OK,1991,2020,30,CHIRPS_v2,UCSB-CHG/CHIRPS/DAILY,1991-2020,IBGE_2024
2806305,Santa Luzia do Itanhy,SE,325.259,9,set,83.42535941236046,OK,1991,2020,30,CHIRPS_v2,UCSB-CHG/CHIRPS/DAILY,1991-2020,IBGE_2024
2805109,Pedrinhas,SE,33.344,9,set,75.49151582925093,OK,1991,2020,30,CHIRPS_v2,UCSB-CHG/CHIRPS/DAILY,1991-2020,IBGE_2024
2803005,Itabaianinha,SE,501.794,9,set,64.40197224714822,OK,1991,2020,30,CHIRPS_v2,UCSB-CHG/CHIRPS/DAILY,1991-2020,IBGE_2024
2802809,Indiaroba,SE,316.316,9,set,83.55963745544268,OK,1991,2020,30,CHIRPS_v2,UCSB-CHG/CHIRPS/DAILY,1991-2020,IBGE_2024
2802700,Ilha das Flores,SE,52.693,9,set,59.3275070013665,OK,1991,2020,30,CHIRPS_v2,UCSB-CHG/CHIRPS/DAILY,1991-2020,IBGE_2024
2801603,Cedro de São João,SE,83.71,9,set,54.08274917006142,OK,1991,2020,30,CHIRPS_v2,UCSB-CHG/CHIRPS/DAILY,1991-2020,IBGE_2024
2801108,Canhoba,SE,171.581,9,set,48.81177660423518,OK,1991,2020,30,CHIRPS_v2,UCSB-CHG/CHIRPS/DAILY,1991-2020,IBGE_2024
2800209,Aquidabã,SE,359.543,9,set,52.85313680549486,OK,1991,2020,30,CHIRPS_v2,UCSB-CHG/CHIRPS/DAILY,1991-2020,IBGE_2024
2800704,Brejo Grande,SE,141.464,9,set,51.32729572930584,OK,1991,2020,30,CHIRPS_v2,UCSB-CHG/CHIRPS/DAILY,1991-2020,IBGE_2024
2800100,Amparo do São Francisco,SE,35.683,9,set,48.59484365945755,OK,1991,2020,30,CHIRPS_v2,UCSB-CHG/CHIRPS/DAILY,1991-2020,IBGE_2024
2806909,São Francisco,SE,83.985,9,set,56.57070401331494,OK,1991,2020,30,CHIRPS_v2,UCSB-CHG/CHIRPS/DAILY,1991-2020,IBGE_2024
2807303,Telha,SE,47.86,9,set,47.0380315625372,OK,1991,2020,30,CHIRPS_v2,UCSB-CHG/CHIRPS/DAILY,1991-2020,IBGE_2024
2806404,Santana do São Francisco,SE,44.017,9,set,54.179396822549194,OK,1991,2020,30,CHIRPS_v2,UCSB-CHG/CHIRPS/DAILY,1991-2020,IBGE_2024
2805703,Propriá,SE,96.32,9,set,49.02049423403496,OK,1991,2020,30,CHIRPS_v2,UCSB-CHG/CHIRPS/DAILY,1991-2020,IBGE_2024
2804904,Pacatuba,SE,381.428,9,set,56.52343988229749,OK,1991,2020,30,CHIRPS_v2,UCSB-CHG/CHIRPS/DAILY,1991-2020,IBGE_2024
2804300,Muribeca,SE,74.31,9,set,62.191447318352026,OK,1991,2020,30,CHIRPS_v2,UCSB-CHG/CHIRPS/DAILY,1991-2020,IBGE_2024
2804409,Neópolis,SE,271.323,9,set,54.227276098949616,OK,1991,2020,30,CHIRPS_v2,UCSB-CHG/CHIRPS/DAILY,1991-2020,IBGE_2024
2804706,Nossa Senhora de Lourdes,SE,83.767,9,set,45.455877238753985,OK,1991,2020,30,CHIRPS_v2,UCSB-CHG/CHIRPS/DAILY,1991-2020,IBGE_2024
2803807,Malhada dos Bois,SE,63.199,9,set,58.92858964653134,OK,1991,2020,30,CHIRPS_v2,UCSB-CHG/CHIRPS/DAILY,1991-2020,IBGE_2024
2803401,Japoatã,SE,402.353,9,set,57.73487048517627,OK,1991,2020,30,CHIRPS_v2,UCSB-CHG/CHIRPS/DAILY,1991-2020,IBGE_2024
2802304,Frei Paulo,SE,399.178,9,set,45.409312082509146,OK,1991,2020,30,CHIRPS_v2,UCSB-CHG/CHIRPS/DAILY,1991-2020,IBGE_2024
2801405,Carira,SE,638.875,9,set,36.12640466966484,OK,1991,2020,30,CHIRPS_v2,UCSB-CHG/CHIRPS/DAILY,1991-2020,IBGE_2024
2801009,Campo do Brito,SE,201.518,9,set,58.58777724185223,OK,1991,2020,30,CHIRPS_v2,UCSB-CHG/CHIRPS/DAILY,1991-2020,IBGE_2024
2800506,Areia Branca,SE,148.135,9,set,59.7646064701912,OK,1991,2020,30,CHIRPS_v2,UCSB-CHG/CHIRPS/DAILY,1991-2020,IBGE_2024
2807006,São Miguel do Aleixo,SE,140.041,9,set,41.81045356240323,OK,1991,2020,30,CHIRPS_v2,UCSB-CHG/CHIRPS/DAILY,1991-2020,IBGE_2024
2806800,São Domingos,SE,101.999,9,set,58.05806419119737,OK,1991,2020,30,CHIRPS_v2,UCSB-CHG/CHIRPS/DAILY,1991-2020,IBGE_2024
2806008,Ribeirópolis,SE,259.057,9,set,41.78635800003997,OK,1991,2020,30,CHIRPS_v2,UCSB-CHG/CHIRPS/DAILY,1991-2020,IBGE_2024
2805000,Pedra Mole,SE,82.184,9,set,50.75745848216423,OK,1991,2020,30,CHIRPS_v2,UCSB-CHG/CHIRPS/DAILY,1991-2020,IBGE_2024
2805208,Pinhão,SE,156.4,9,set,50.613401359966765,OK,1991,2020,30,CHIRPS_v2,UCSB-CHG/CHIRPS/DAILY,1991-2020,IBGE_2024
2804458,Nossa Senhora Aparecida,SE,340.855,9,set,36.46230597661293,OK,1991,2020,30,CHIRPS_v2,UCSB-CHG/CHIRPS/DAILY,1991-2020,IBGE_2024
2803906,Malhador,SE,101.888,9,set,50.98509312404989,OK,1991,2020,30,CHIRPS_v2,UCSB-CHG/CHIRPS/DAILY,1991-2020,IBGE_2024
2804102,Moita Bonita,SE,95.397,9,set,46.70048234762375,OK,1991,2020,30,CHIRPS_v2,UCSB-CHG/CHIRPS/DAILY,1991-2020,IBGE_2024
2803708,Macambira,SE,137.496,9,set,51.07047643883119,OK,1991,2020,30,CHIRPS_v2,UCSB-CHG/CHIRPS/DAILY,1991-2020,IBGE_2024
2802908,Itabaiana,SE,337.348,9,set,50.26363015909919,OK,1991,2020,30,CHIRPS_v2,UCSB-CHG/CHIRPS/DAILY,1991-2020,IBGE_2024
2807402,Tobias Barreto,SE,1024.645,9,set,40.50742556780987,OK,1991,2020,30,CHIRPS_v2,UCSB-CHG/CHIRPS/DAILY,1991-2020,IBGE_2024
2807105,Simão Dias,SE,560.199,9,set,50.06958992261877,OK,1991,2020,30,CHIRPS_v2,UCSB-CHG/CHIRPS/DAILY,1991-2020,IBGE_2024
2806206,Salgado,SE,247.579,9,set,74.1437720917728,OK,1991,2020,30,CHIRPS_v2,UCSB-CHG/CHIRPS/DAILY,1991-2020,IBGE_2024
2805505,Poço Verde,SE,441.326,9,set,31.584907016544005,OK,1991,2020,30,CHIRPS_v2,UCSB-CHG/CHIRPS/DAILY,1991-2020,IBGE_2024
2805802,Riachão do Dantas,SE,530.606,9,set,62.46830515751668,OK,1991,2020,30,CHIRPS_v2,UCSB-CHG/CHIRPS/DAILY,1991-2020,IBGE_2024
2803500,Lagarto,SE,968.921,9,set,63.41182428481228,OK,1991,2020,30,CHIRPS_v2,UCSB-CHG/CHIRPS/DAILY,1991-2020,IBGE_2024
2803104,Itabi,SE,183.422,9,set,42.578121221660034,OK,1991,2020,30,CHIRPS_v2,UCSB-CHG/CHIRPS/DAILY,1991-2020,IBGE_2024
2802403,Gararu,SE,661.622,9,set,37.849715506983124,OK,1991,2020,30,CHIRPS_v2,UCSB-CHG/CHIRPS/DAILY,1991-2020,IBGE_2024
2802601,Graccho Cardoso,SE,240.756,9,set,46.591716153519066,OK,1991,2020,30,CHIRPS_v2,UCSB-CHG/CHIRPS/DAILY,1991-2020,IBGE_2024
2802205,Feira Nova,SE,194.187,9,set,45.409131534548145,OK,1991,2020,30,CHIRPS_v2,UCSB-CHG/CHIRPS/DAILY,1991-2020,IBGE_2024
2801207,Canindé de São Francisco,SE,1080.009,9,set,20.014603105280678,OK,1991,2020,30,CHIRPS_v2,UCSB-CHG/CHIRPS/DAILY,1991-2020,IBGE_2024
2805406,Poço Redondo,SE,1074.584,9,set,25.01827663728732,OK,1991,2020,30,CHIRPS_v2,UCSB-CHG/CHIRPS/DAILY,1991-2020,IBGE_2024
2805604,Porto da Folha,SE,878.044,9,set,31.205540766419425,OK,1991,2020,30,CHIRPS_v2,UCSB-CHG/CHIRPS/DAILY,1991-2020,IBGE_2024
2804508,Nossa Senhora da Glória,SE,754.959,9,set,34.48735462151201,OK,1991,2020,30,CHIRPS_v2,UCSB-CHG/CHIRPS/DAILY,1991-2020,IBGE_2024
2804201,Monte Alegre de Sergipe,SE,387.352,9,set,28.804660796537522,OK,1991,2020,30,CHIRPS_v2,UCSB-CHG/CHIRPS/DAILY,1991-2020,IBGE_2024
2930709,Simões Filho,BA,201.529,9,set,69.71199356955479,OK,1991,2020,30,CHIRPS_v2,UCSB-CHG/CHIRPS/DAILY,1991-2020,IBGE_2024
2906501,Candeias,BA,251.808,9,set,72.43285092185175,OK,1991,2020,30,CHIRPS_v2,UCSB-CHG/CHIRPS/DAILY,1991-2020,IBGE_2024
2905701,Camaçari,BA,785.421,9,set,70.82710619966863,OK,1991,2020,30,CHIRPS_v2,UCSB-CHG/CHIRPS/DAILY,1991-2020,IBGE_2024
2929503,São Sebastião do Passé,BA,536.678,9,set,76.57807653489067,OK,1991,2020,30,CHIRPS_v2,UCSB-CHG/CHIRPS/DAILY,1991-2020,IBGE_2024
2929206,São Francisco do Conde,BA,269.737,9,set,77.13891307798319,OK,1991,2020,30,CHIRPS_v2,UCSB-CHG/CHIRPS/DAILY,1991-2020,IBGE_2024
2921005,Mata de São João,BA,605.169,9,set,70.1811611241619,OK,1991,2020,30,CHIRPS_v2,UCSB-CHG/CHIRPS/DAILY,1991-2020,IBGE_2024
2919926,Madre de Deus,BA,33.032,9,set,79.55686222222334,OK,1991,2020,30,CHIRPS_v2,UCSB-CHG/CHIRPS/DAILY,1991-2020,IBGE_2024
2927408,Salvador,BA,692.589,9,set,86.97204812480985,OK,1991,2020,30,CHIRPS_v2,UCSB-CHG/CHIRPS/DAILY,1991-2020,IBGE_2024
2919207,Lauro de Freitas,BA,57.942,9,set,50.01799711283403,OK,1991,2020,30,CHIRPS_v2,UCSB-CHG/CHIRPS/DAILY,1991-2020,IBGE_2024
2910057,Dias d'Ávila,BA,183.759,9,set,78.03511284144422,OK,1991,2020,30,CHIRPS_v2,UCSB-CHG/CHIRPS/DAILY,1991-2020,IBGE_2024
2931707,Terra Nova,BA,193.241,9,set,82.05361060019817,OK,1991,2020,30,CHIRPS_v2,UCSB-CHG/CHIRPS/DAILY,1991-2020,IBGE_2024
2915908,Itanagra,BA,533.632,9,set,99.63094552753554,OK,1991,2020,30,CHIRPS_v2,UCSB-CHG/CHIRPS/DAILY,1991-2020,IBGE_2024
2907509,Catu,BA,426.956,9,set,94.64103143243602,OK,1991,2020,30,CHIRPS_v2,UCSB-CHG/CHIRPS/DAILY,1991-2020,IBGE_2024
2929750,Saubara,BA,166.428,9,set,103.7082264208546,OK,1991,2020,30,CHIRPS_v2,UCSB-CHG/CHIRPS/DAILY,1991-2020,IBGE_2024
2928604,Santo Amaro,BA,494.502,9,set,90.91373334485745,OK,1991,2020,30,CHIRPS_v2,UCSB-CHG/CHIRPS/DAILY,1991-2020,IBGE_2024
2925204,Pojuca,BA,314.931,9,set,91.29087155648674,OK,1991,2020,30,CHIRPS_v2,UCSB-CHG/CHIRPS/DAILY,1991-2020,IBGE_2024
2900702,Alagoinhas,BA,707.836,9,set,73.99655294068288,OK,1991,2020,30,CHIRPS_v2,UCSB-CHG/CHIRPS/DAILY,1991-2020,IBGE_2024
2909604,Crisópolis,BA,636.609,9,set,45.92893792510654,OK,1991,2020,30,CHIRPS_v2,UCSB-CHG/CHIRPS/DAILY,1991-2020,IBGE_2024
2924108,Pedrão,BA,158.487,9,set,65.11993318111412,OK,1991,2020,30,CHIRPS_v2,UCSB-CHG/CHIRPS/DAILY,1991-2020,IBGE_2024
2916500,Itapicuru,BA,1557.688,9,set,32.54468937487351,OK,1991,2020,30,CHIRPS_v2,UCSB-CHG/CHIRPS/DAILY,1991-2020,IBGE_2024
2900306,Acajutiba,BA,181.475,9,set,71.37835740435267,OK,1991,2020,30,CHIRPS_v2,UCSB-CHG/CHIRPS/DAILY,1991-2020,IBGE_2024
2908606,Conde,BA,931.106,9,set,82.40879953532865,OK,1991,2020,30,CHIRPS_v2,UCSB-CHG/CHIRPS/DAILY,1991-2020,IBGE_2024
2931400,Teodoro Sampaio,BA,244.613,9,set,70.79356886658832,OK,1991,2020,30,CHIRPS_v2,UCSB-CHG/CHIRPS/DAILY,1991-2020,IBGE_2024
2907004,Cardeal da Silva,BA,293.456,9,set,85.54046283278747,OK,1991,2020,30,CHIRPS_v2,UCSB-CHG/CHIRPS/DAILY,1991-2020,IBGE_2024
2929701,Sátiro Dias,BA,949.223,9,set,28.817597497745766,OK,1991,2020,30,CHIRPS_v2,UCSB-CHG/CHIRPS/DAILY,1991-2020,IBGE_2024
2913705,Inhambupe,BA,1082.283,9,set,51.21335754669384,OK,1991,2020,30,CHIRPS_v2,UCSB-CHG/CHIRPS/DAILY,1991-2020,IBGE_2024
2927002,Rio Real,BA,739.776,9,set,68.66417976323321,OK,1991,2020,30,CHIRPS_v2,UCSB-CHG/CHIRPS/DAILY,1991-2020,IBGE_2024
2910503,Entre Rios,BA,1187.767,9,set,86.1235000035524,OK,1991,2020,30,CHIRPS_v2,UCSB-CHG/CHIRPS/DAILY,1991-2020,IBGE_2024
2902203,Aramari,BA,368.947,9,set,63.266468502970675,OK,1991,2020,30,CHIRPS_v2,UCSB-CHG/CHIRPS/DAILY,1991-2020,IBGE_2024
2910602,Esplanada,BA,1299.356,9,set,81.85415281333577,OK,1991,2020,30,CHIRPS_v2,UCSB-CHG/CHIRPS/DAILY,1991-2020,IBGE_2024
2902054,Araçás,BA,474.577,9,set,94.51564357254094,OK,1991,2020,30,CHIRPS_v2,UCSB-CHG/CHIRPS/DAILY,1991-2020,IBGE_2024
2901908,Aporá,BA,479.262,9,set,57.512414744228,OK,1991,2020,30,CHIRPS_v2,UCSB-CHG/CHIRPS/DAILY,1991-2020,IBGE_2024
2917904,Jandaíra,BA,640.772,9,set,84.85477093705529,OK,1991,2020,30,CHIRPS_v2,UCSB-CHG/CHIRPS/DAILY,1991-2020,IBGE_2024
2933174,Varzedo,BA,221.399,9,set,42.25613200660608,OK,1991,2020,30,CHIRPS_v2,UCSB-CHG/CHIRPS/DAILY,1991-2020,IBGE_2024
2901007,Amargosa,BA,431.654,9,set,33.506535995422404,OK,1991,2020,30,CHIRPS_v2,UCSB-CHG/CHIRPS/DAILY,1991-2020,IBGE_2024
2932101,Ubaíra,BA,663.892,9,set,35.0991737301809,OK,1991,2020,30,CHIRPS_v2,UCSB-CHG/CHIRPS/DAILY,1991-2020,IBGE_2024
2922805,Nova Itarana,BA,475.381,9,set,17.529887170222597,OK,1991,2020,30,CHIRPS_v2,UCSB-CHG/CHIRPS/DAILY,1991-2020,IBGE_2024
2922201,Muniz Ferreira,BA,104.54,9,set,82.85917443684093,OK,1991,2020,30,CHIRPS_v2,UCSB-CHG/CHIRPS/DAILY,1991-2020,IBGE_2024
2922409,Mutuípe,BA,275.854,9,set,54.66991968572081,OK,1991,2020,30,CHIRPS_v2,UCSB-CHG/CHIRPS/DAILY,1991-2020,IBGE_2024
2929404,São Miguel das Matas,BA,230.906,9,set,57.458620375260615,OK,1991,2020,30,CHIRPS_v2,UCSB-CHG/CHIRPS/DAILY,1991-2020,IBGE_2024
2921302,Milagres,BA,420.357,9,set,20.43172826369576,OK,1991,2020,30,CHIRPS_v2,UCSB-CHG/CHIRPS/DAILY,1991-2020,IBGE_2024
2904308,Brejões,BA,518.566,9,set,23.47417921536853,OK,1991,2020,30,CHIRPS_v2,UCSB-CHG/CHIRPS/DAILY,1991-2020,IBGE_2024
2928703,Santo Antônio de Jesus,BA,261.74,9,set,68.56969443095906,OK,1991,2020,30,CHIRPS_v2,UCSB-CHG/CHIRPS/DAILY,1991-2020,IBGE_2024
2918803,Laje,BA,449.835,9,set,75.45975555557703,OK,1991,2020,30,CHIRPS_v2,UCSB-CHG/CHIRPS/DAILY,1991-2020,IBGE_2024
2918209,Jiquiriçá,BA,238.66,9,set,43.16471049326369,OK,1991,2020,30,CHIRPS_v2,UCSB-CHG/CHIRPS/DAILY,1991-2020,IBGE_2024
2910305,Elísio Medrado,BA,179.329,9,set,26.889998688355828,OK,1991,2020,30,CHIRPS_v2,UCSB-CHG/CHIRPS/DAILY,1991-2020,IBGE_2024
2910206,Dom Macedo Costa,BA,94.778,9,set,65.01348353698133,OK,1991,2020,30,CHIRPS_v2,UCSB-CHG/CHIRPS/DAILY,1991-2020,IBGE_2024
2908309,Conceição do Almeida,BA,284.837,9,set,52.29342417575182,OK,1991,2020,30,CHIRPS_v2,UCSB-CHG/CHIRPS/DAILY,1991-2020,IBGE_2024
2916856,Itatim,BA,547.509,9,set,22.510150351782418,OK,1991,2020,30,CHIRPS_v2,UCSB-CHG/CHIRPS/DAILY,1991-2020,IBGE_2024
2907301,Castro Alves,BA,713.789,9,set,30.68010179048726,OK,1991,2020,30,CHIRPS_v2,UCSB-CHG/CHIRPS/DAILY,1991-2020,IBGE_2024
2922300,Muritiba,BA,86.311,9,set,73.52546960094088,OK,1991,2020,30,CHIRPS_v2,UCSB-CHG/CHIRPS/DAILY,1991-2020,IBGE_2024
2929602,Sapeaçu,BA,131.218,9,set,50.4464987449699,OK,1991,2020,30,CHIRPS_v2,UCSB-CHG/CHIRPS/DAILY,1991-2020,IBGE_2024
2904902,Cachoeira,BA,394.893,9,set,98.34816837396244,OK,1991,2020,30,CHIRPS_v2,UCSB-CHG/CHIRPS/DAILY,1991-2020,IBGE_2024
2929107,São Felipe,BA,222.407,9,set,72.30672464995759,OK,1991,2020,30,CHIRPS_v2,UCSB-CHG/CHIRPS/DAILY,1991-2020,IBGE_2024
2904852,Cabaceiras do Paraguaçu,BA,222.027,9,set,47.441211694703284,OK,1991,2020,30,CHIRPS_v2,UCSB-CHG/CHIRPS/DAILY,1991-2020,IBGE_2024
2929008,São Félix,BA,103.226,9,set,96.65453353951126,OK,1991,2020,30,CHIRPS_v2,UCSB-CHG/CHIRPS/DAILY,1991-2020,IBGE_2024
2928505,Santa Terezinha,BA,719.258,9,set,21.362828519625495,OK,1991,2020,30,CHIRPS_v2,UCSB-CHG/CHIRPS/DAILY,1991-2020,IBGE_2024
2911600,Governador Mangabeira,BA,106.848,9,set,72.4550240149836,OK,1991,2020,30,CHIRPS_v2,UCSB-CHG/CHIRPS/DAILY,1991-2020,IBGE_2024
2909802,Cruz das Almas,BA,139.118,9,set,74.79405020974627,OK,1991,2020,30,CHIRPS_v2,UCSB-CHG/CHIRPS/DAILY,1991-2020,IBGE_2024
2932903,Valença,BA,1123.975,9,set,110.87943620517001,OK,1991,2020,30,CHIRPS_v2,UCSB-CHG/CHIRPS/DAILY,1991-2020,IBGE_2024
2917300,Ituberá,BA,415.428,9,set,111.74161713564861,OK,1991,2020,30,CHIRPS_v2,UCSB-CHG/CHIRPS/DAILY,1991-2020,IBGE_2024
2922607,Nilo Peçanha,BA,388.936,9,set,112.81668587333878,OK,1991,2020,30,CHIRPS_v2,UCSB-CHG/CHIRPS/DAILY,1991-2020,IBGE_2024
2931202,Taperoá,BA,454.081,9,set,106.43152239454265,OK,1991,2020,30,CHIRPS_v2,UCSB-CHG/CHIRPS/DAILY,1991-2020,IBGE_2024
2905800,Camamu,BA,839.702,9,set,89.76337143040634,OK,1991,2020,30,CHIRPS_v2,UCSB-CHG/CHIRPS/DAILY,1991-2020,IBGE_2024
2905404,Cairu,BA,448.846,9,set,145.9366005070974,OK,1991,2020,30,CHIRPS_v2,UCSB-CHG/CHIRPS/DAILY,1991-2020,IBGE_2024
2913457,Igrapiúna,BA,591.312,9,set,92.26136965091456,OK,1991,2020,30,CHIRPS_v2,UCSB-CHG/CHIRPS/DAILY,1991-2020,IBGE_2024
2925758,Presidente Tancredo Neves,BA,441.82,9,set,77.73713010213318,OK,1991,2020,30,CHIRPS_v2,UCSB-CHG/CHIRPS/DAILY,1991-2020,IBGE_2024
2917805,Jaguaripe,BA,863.424,9,set,116.3527150070226,OK,1991,2020,30,CHIRPS_v2,UCSB-CHG/CHIRPS/DAILY,1991-2020,IBGE_2024
2933208,Vera Cruz,BA,297.537,9,set,130.48300378510444,OK,1991,2020,30,CHIRPS_v2,UCSB-CHG/CHIRPS/DAILY,1991-2020,IBGE_2024
2916104,Itaparica,BA,121.373,9,set,120.49936887835122,OK,1991,2020,30,CHIRPS_v2,UCSB-CHG/CHIRPS/DAILY,1991-2020,IBGE_2024
2922508,Nazaré,BA,278.63,9,set,87.85965290281071,OK,1991,2020,30,CHIRPS_v2,UCSB-CHG/CHIRPS/DAILY,1991-2020,IBGE_2024
2920601,Maragogipe,BA,437.61,9,set,93.91348897663755,OK,1991,2020,30,CHIRPS_v2,UCSB-CHG/CHIRPS/DAILY,1991-2020,IBGE_2024
2927309,Salinas da Margarida,BA,150.569,9,set,113.98627173370268,OK,1991,2020,30,CHIRPS_v2,UCSB-CHG/CHIRPS/DAILY,1991-2020,IBGE_2024
2902302,Aratuípe,BA,174.012,9,set,103.05931985570574,OK,1991,2020,30,CHIRPS_v2,UCSB-CHG/CHIRPS/DAILY,1991-2020,IBGE_2024
2914802,Itabuna,BA,401.028,9,set,72.894295261912,OK,1991,2020,30,CHIRPS_v2,UCSB-CHG/CHIRPS/DAILY,1991-2020,IBGE_2024
2913606,Ilhéus,BA,1588.556,9,set,81.50824775455452,OK,1991,2020,30,CHIRPS_v2,UCSB-CHG/CHIRPS/DAILY,1991-2020,IBGE_2024
2900900,Almadina,BA,245.236,9,set,44.32892839423174,OK,1991,2020,30,CHIRPS_v2,UCSB-CHG/CHIRPS/DAILY,1991-2020,IBGE_2024
2916609,Itapitanga,BA,420.664,9,set,50.19910304258796,OK,1991,2020,30,CHIRPS_v2,UCSB-CHG/CHIRPS/DAILY,1991-2020,IBGE_2024
2932705,Uruçuca,BA,510.097,9,set,72.3934564771439,OK,1991,2020,30,CHIRPS_v2,UCSB-CHG/CHIRPS/DAILY,1991-2020,IBGE_2024
2932200,Ubaitaba,BA,181.102,9,set,69.380141098149,OK,1991,2020,30,CHIRPS_v2,UCSB-CHG/CHIRPS/DAILY,1991-2020,IBGE_2024
2916203,Itapé,BA,452.716,9,set,59.492762412905,OK,1991,2020,30,CHIRPS_v2,UCSB-CHG/CHIRPS/DAILY,1991-2020,IBGE_2024
2908002,Coaraci,BA,274.501,9,set,50.48874017856455,OK,1991,2020,30,CHIRPS_v2,UCSB-CHG/CHIRPS/DAILY,1991-2020,IBGE_2024
2915403,Itaju do Colônia,BA,1226.908,9,set,43.51748386149865,OK,1991,2020,30,CHIRPS_v2,UCSB-CHG/CHIRPS/DAILY,1991-2020,IBGE_2024
2915502,Itajuípe,BA,270.752,9,set,62.18310605514537,OK,1991,2020,30,CHIRPS_v2,UCSB-CHG/CHIRPS/DAILY,1991-2020,IBGE_2024
2914901,Itacaré,BA,726.265,9,set,74.49090158635573,OK,1991,2020,30,CHIRPS_v2,UCSB-CHG/CHIRPS/DAILY,1991-2020,IBGE_2024
2929354,São José da Vitória,BA,127.925,9,set,62.33818637577358,OK,1991,2020,30,CHIRPS_v2,UCSB-CHG/CHIRPS/DAILY,1991-2020,IBGE_2024
2920700,Maraú,BA,848.885,9,set,84.37647133150263,OK,1991,2020,30,CHIRPS_v2,UCSB-CHG/CHIRPS/DAILY,1991-2020,IBGE_2024
2904704,Buerarema,BA,219.487,9,set,68.64796055880191,OK,1991,2020,30,CHIRPS_v2,UCSB-CHG/CHIRPS/DAILY,1991-2020,IBGE_2024
2912707,Ibirapitanga,BA,472.664,9,set,64.32540385083394,OK,1991,2020,30,CHIRPS_v2,UCSB-CHG/CHIRPS/DAILY,1991-2020,IBGE_2024
2927804,Santa Cruz da Vitória,BA,284.083,9,set,36.938957441845716,OK,1991,2020,30,CHIRPS_v2,UCSB-CHG/CHIRPS/DAILY,1991-2020,IBGE_2024
2912301,Ibicuí,BA,1139.378,9,set,39.423445706423315,OK,1991,2020,30,CHIRPS_v2,UCSB-CHG/CHIRPS/DAILY,1991-2020,IBGE_2024
2912103,Ibicaraí,BA,230.953,9,set,56.23596865422835,OK,1991,2020,30,CHIRPS_v2,UCSB-CHG/CHIRPS/DAILY,1991-2020,IBGE_2024
2903300,Barro Preto,BA,201.585,9,set,66.13777707600771,OK,1991,2020,30,CHIRPS_v2,UCSB-CHG/CHIRPS/DAILY,1991-2020,IBGE_2024
2911006,Floresta Azul,BA,321.013,9,set,43.685703610336105,OK,1991,2020,30,CHIRPS_v2,UCSB-CHG/CHIRPS/DAILY,1991-2020,IBGE_2024
2910909,Firmino Alves,BA,172.353,9,set,31.414002514704432,OK,1991,2020,30,CHIRPS_v2,UCSB-CHG/CHIRPS/DAILY,1991-2020,IBGE_2024
2902401,Aurelino Leal,BA,445.394,9,set,62.093346311340255,OK,1991,2020,30,CHIRPS_v2,UCSB-CHG/CHIRPS/DAILY,1991-2020,IBGE_2024
2931350,Teixeira de Freitas,BA,1165.618,9,set,58.744055539580245,OK,1991,2020,30,CHIRPS_v2,UCSB-CHG/CHIRPS/DAILY,1991-2020,IBGE_2024
2900801,Alcobaça,BA,1477.929,9,set,64.56082828734951,OK,1991,2020,30,CHIRPS_v2,UCSB-CHG/CHIRPS/DAILY,1991-2020,IBGE_2024
2933257,Vereda,BA,782.159,9,set,44.95266845316313,OK,1991,2020,30,CHIRPS_v2,UCSB-CHG/CHIRPS/DAILY,1991-2020,IBGE_2024
2916005,Itanhém,BA,1394.174,9,set,32.07824739068859,OK,1991,2020,30,CHIRPS_v2,UCSB-CHG/CHIRPS/DAILY,1991-2020,IBGE_2024
2915601,Itamaraju,BA,2360.584,9,set,48.49401113515271,OK,1991,2020,30,CHIRPS_v2,UCSB-CHG/CHIRPS/DAILY,1991-2020,IBGE_2024
2923001,Nova Viçosa,BA,1316.398,9,set,64.09357841257095,OK,1991,2020,30,CHIRPS_v2,UCSB-CHG/CHIRPS/DAILY,1991-2020,IBGE_2024
2906907,Caravelas,BA,2375.525,9,set,62.712734332737945,OK,1991,2020,30,CHIRPS_v2,UCSB-CHG/CHIRPS/DAILY,1991-2020,IBGE_2024
2922003,Mucuri,BA,1787.422,9,set,57.04403109371259,OK,1991,2020,30,CHIRPS_v2,UCSB-CHG/CHIRPS/DAILY,1991-2020,IBGE_2024
2921104,Medeiros Neto,BA,1314.108,9,set,41.65185113739217,OK,1991,2020,30,CHIRPS_v2,UCSB-CHG/CHIRPS/DAILY,1991-2020,IBGE_2024
2912806,Ibirapuã,BA,770.866,9,set,48.800319982761295,OK,1991,2020,30,CHIRPS_v2,UCSB-CHG/CHIRPS/DAILY,1991-2020,IBGE_2024
2918902,Lajedão,BA,624.77,9,set,33.43191635924986,OK,1991,2020,30,CHIRPS_v2,UCSB-CHG/CHIRPS/DAILY,1991-2020,IBGE_2024
2918456,Jucuruçu,BA,1457.656,9,set,16.8638807425098,OK,1991,2020,30,CHIRPS_v2,UCSB-CHG/CHIRPS/DAILY,1991-2020,IBGE_2024
2925501,Prado,BA,1692.1,9,set,63.85227944560408,OK,1991,2020,30,CHIRPS_v2,UCSB-CHG/CHIRPS/DAILY,1991-2020,IBGE_2024
2910727,Eunápolis,BA,1425.979,9,set,39.94079085963342,OK,1991,2020,30,CHIRPS_v2,UCSB-CHG/CHIRPS/DAILY,1991-2020,IBGE_2024
2925303,Porto Seguro,BA,2285.734,9,set,56.28308488614229,OK,1991,2020,30,CHIRPS_v2,UCSB-CHG/CHIRPS/DAILY,1991-2020,IBGE_2024
2916302,Itapebi,BA,1031.879,9,set,48.48828499786289,OK,1991,2020,30,CHIRPS_v2,UCSB-CHG/CHIRPS/DAILY,1991-2020,IBGE_2024
2915304,Itagimirim,BA,876.791,9,set,29.717972457261197,OK,1991,2020,30,CHIRPS_v2,UCSB-CHG/CHIRPS/DAILY,1991-2020,IBGE_2024
2914653,Itabela,BA,924.914,9,set,45.296559787829686,OK,1991,2020,30,CHIRPS_v2,UCSB-CHG/CHIRPS/DAILY,1991-2020,IBGE_2024
2927705,Santa Cruz Cabrália,BA,1462.958,9,set,63.29274393317594,OK,1991,2020,30,CHIRPS_v2,UCSB-CHG/CHIRPS/DAILY,1991-2020,IBGE_2024
2911808,Guaratinga,BA,2189.404,9,set,15.806174073849634,OK,1991,2020,30,CHIRPS_v2,UCSB-CHG/CHIRPS/DAILY,1991-2020,IBGE_2024
2903409,Belmonte,BA,1920.631,9,set,71.17812651153405,OK,1991,2020,30,CHIRPS_v2,UCSB-CHG/CHIRPS/DAILY,1991-2020,IBGE_2024
2932507,Una,BA,1126.733,9,set,78.72103190098366,OK,1991,2020,30,CHIRPS_v2,UCSB-CHG/CHIRPS/DAILY,1991-2020,IBGE_2024
2923902,Pau Brasil,BA,626.306,9,set,56.24436770705017,OK,1991,2020,30,CHIRPS_v2,UCSB-CHG/CHIRPS/DAILY,1991-2020,IBGE_2024
2906303,Canavieiras,BA,1334.279,9,set,78.82676363033279,OK,1991,2020,30,CHIRPS_v2,UCSB-CHG/CHIRPS/DAILY,1991-2020,IBGE_2024
2905602,Camacan,BA,584.848,9,set,61.403642307580746,OK,1991,2020,30,CHIRPS_v2,UCSB-CHG/CHIRPS/DAILY,1991-2020,IBGE_2024
2920908,Mascote,BA,742.689,9,set,58.392313493397516,OK,1991,2020,30,CHIRPS_v2,UCSB-CHG/CHIRPS/DAILY,1991-2020,IBGE_2024
2928059,Santa Luzia,BA,824.473,9,set,72.94493033170305,OK,1991,2020,30,CHIRPS_v2,UCSB-CHG/CHIRPS/DAILY,1991-2020,IBGE_2024
2918555,Jussari,BA,327.998,9,set,52.430578065682504,OK,1991,2020,30,CHIRPS_v2,UCSB-CHG/CHIRPS/DAILY,1991-2020,IBGE_2024
2902252,Arataca,BA,435.962,9,set,57.49987080114012,OK,1991,2020,30,CHIRPS_v2,UCSB-CHG/CHIRPS/DAILY,1991-2020,IBGE_2024
2933307,Vitória da Conquista,BA,3254.186,9,set,18.022818274512318,OK,1991,2020,30,CHIRPS_v2,UCSB-CHG/CHIRPS/DAILY,1991-2020,IBGE_2024
2924702,Piripá,BA,504.396,9,set,16.98590805341174,OK,1991,2020,30,CHIRPS_v2,UCSB-CHG/CHIRPS/DAILY,1991-2020,IBGE_2024
2925006,Planalto,BA,769.001,9,set,14.187152492320093,OK,1991,2020,30,CHIRPS_v2,UCSB-CHG/CHIRPS/DAILY,1991-2020,IBGE_2024
2908804,Contendas do Sincorá,BA,977.455,9,set,8.575820201155434,OK,1991,2020,30,CHIRPS_v2,UCSB-CHG/CHIRPS/DAILY,1991-2020,IBGE_2024
2925105,Poções,BA,937.856,9,set,10.148661579053973,OK,1991,2020,30,CHIRPS_v2,UCSB-CHG/CHIRPS/DAILY,1991-2020,IBGE_2024
2917201,Ituaçu,BA,1199.374,9,set,5.914820832900611,OK,1991,2020,30,CHIRPS_v2,UCSB-CHG/CHIRPS/DAILY,1991-2020,IBGE_2024
2909000,Cordeiros,BA,523.64,9,set,15.586395558764217,OK,1991,2020,30,CHIRPS_v2,UCSB-CHG/CHIRPS/DAILY,1991-2020,IBGE_2024
2908705,Condeúba,BA,1348.039,9,set,14.855548885200617,OK,1991,2020,30,CHIRPS_v2,UCSB-CHG/CHIRPS/DAILY,1991-2020,IBGE_2024
2931806,Tremedal,BA,2017.644,9,set,15.508269077009002,OK,1991,2020,30,CHIRPS_v2,UCSB-CHG/CHIRPS/DAILY,1991-2020,IBGE_2024
2915809,Itambé,BA,1534.58,9,set,21.569635114119848,OK,1991,2020,30,CHIRPS_v2,UCSB-CHG/CHIRPS/DAILY,1991-2020,IBGE_2024
2922706,Nova Canaã,BA,804.617,9,set,17.255010806344696,OK,1991,2020,30,CHIRPS_v2,UCSB-CHG/CHIRPS/DAILY,1991-2020,IBGE_2024
2931004,Tanhaçu,BA,1277.514,9,set,5.4924550048968905,OK,1991,2020,30,CHIRPS_v2,UCSB-CHG/CHIRPS/DAILY,1991-2020,IBGE_2024
2906899,Caraíbas,BA,805.629,9,set,9.483857485304169,OK,1991,2020,30,CHIRPS_v2,UCSB-CHG/CHIRPS/DAILY,1991-2020,IBGE_2024
2906709,Cândido Sales,BA,1169.814,9,set,14.751090716817302,OK,1991,2020,30,CHIRPS_v2,UCSB-CHG/CHIRPS/DAILY,1991-2020,IBGE_2024
2914307,Iramaia,BA,1708.114,9,set,12.71188336504859,OK,1991,2020,30,CHIRPS_v2,UCSB-CHG/CHIRPS/DAILY,1991-2020,IBGE_2024
2913507,Iguaí,BA,860.223,9,set,28.30555423701018,OK,1991,2020,30,CHIRPS_v2,UCSB-CHG/CHIRPS/DAILY,1991-2020,IBGE_2024
2921450,Mirante,BA,1172.861,9,set,6.852021397129483,OK,1991,2020,30,CHIRPS_v2,UCSB-CHG/CHIRPS/DAILY,1991-2020,IBGE_2024
2904803,Caatiba,BA,512.436,9,set,24.302699521115006,OK,1991,2020,30,CHIRPS_v2,UCSB-CHG/CHIRPS/DAILY,1991-2020,IBGE_2024
2905156,Caetanos,BA,767.144,9,set,7.862460984710634,OK,1991,2020,30,CHIRPS_v2,UCSB-CHG/CHIRPS/DAILY,1991-2020,IBGE_2024
2919959,Maetinga,BA,614.834,9,set,12.040227229793604,OK,1991,2020,30,CHIRPS_v2,UCSB-CHG/CHIRPS/DAILY,1991-2020,IBGE_2024
2903706,Boa Nova,BA,848.857,9,set,16.03074838509266,OK,1991,2020,30,CHIRPS_v2,UCSB-CHG/CHIRPS/DAILY,1991-2020,IBGE_2024
2912202,Ibicoara,BA,817.355,9,set,16.18659817233773,OK,1991,2020,30,CHIRPS_v2,UCSB-CHG/CHIRPS/DAILY,1991-2020,IBGE_2024
2903953,Bom Jesus da Serra,BA,467.907,9,set,10.833717857343474,OK,1991,2020,30,CHIRPS_v2,UCSB-CHG/CHIRPS/DAILY,1991-2020,IBGE_2024
2903508,Belo Campo,BA,772.757,9,set,14.044567347426451,OK,1991,2020,30,CHIRPS_v2,UCSB-CHG/CHIRPS/DAILY,1991-2020,IBGE_2024
2902807,Barra da Estiva,BA,1657.414,9,set,11.668600640920705,OK,1991,2020,30,CHIRPS_v2,UCSB-CHG/CHIRPS/DAILY,1991-2020,IBGE_2024
2902906,Barra do Choça,BA,765.931,9,set,16.84673315768415,OK,1991,2020,30,CHIRPS_v2,UCSB-CHG/CHIRPS/DAILY,1991-2020,IBGE_2024
2926657,Ribeirão do Largo,BA,1363.7,9,set,17.058679095250096,OK,1991,2020,30,CHIRPS_v2,UCSB-CHG/CHIRPS/DAILY,1991-2020,IBGE_2024
2910404,Encruzilhada,BA,1890.133,9,set,23.17012559254663,OK,1991,2020,30,CHIRPS_v2,UCSB-CHG/CHIRPS/DAILY,1991-2020,IBGE_2024
2925709,Presidente Jânio Quadros,BA,1208.566,9,set,13.767497474147769,OK,1991,2020,30,CHIRPS_v2,UCSB-CHG/CHIRPS/DAILY,1991-2020,IBGE_2024
2901205,Anagé,BA,1899.685,9,set,11.970208667732438,OK,1991,2020,30,CHIRPS_v2,UCSB-CHG/CHIRPS/DAILY,1991-2020,IBGE_2024
2918001,Jequié,BA,2969.039,9,set,21.37082519061012,OK,1991,2020,30,CHIRPS_v2,UCSB-CHG/CHIRPS/DAILY,1991-2020,IBGE_2024
2900603,Aiquara,BA,167.877,9,set,43.54582864534434,OK,1991,2020,30,CHIRPS_v2,UCSB-CHG/CHIRPS/DAILY,1991-2020,IBGE_2024
2924900,Planaltino,BA,955.454,9,set,12.751244600561947,OK,1991,2020,30,CHIRPS_v2,UCSB-CHG/CHIRPS/DAILY,1991-2020,IBGE_2024
2916906,Itiruçu,BA,322.243,9,set,17.655353236944848,OK,1991,2020,30,CHIRPS_v2,UCSB-CHG/CHIRPS/DAILY,1991-2020,IBGE_2024
2916708,Itaquara,BA,344.093,9,set,27.857293094976775,OK,1991,2020,30,CHIRPS_v2,UCSB-CHG/CHIRPS/DAILY,1991-2020,IBGE_2024
2915106,Itagi,BA,310.621,9,set,28.253029789319065,OK,1991,2020,30,CHIRPS_v2,UCSB-CHG/CHIRPS/DAILY,1991-2020,IBGE_2024
2914208,Irajuba,BA,459.047,9,set,22.213323085862683,OK,1991,2020,30,CHIRPS_v2,UCSB-CHG/CHIRPS/DAILY,1991-2020,IBGE_2024
2920403,Manoel Vitorino,BA,2201.763,9,set,7.735055481457311,OK,1991,2020,30,CHIRPS_v2,UCSB-CHG/CHIRPS/DAILY,1991-2020,IBGE_2024
2920502,Maracás,BA,2413.27,9,set,10.737901911872413,OK,1991,2020,30,CHIRPS_v2,UCSB-CHG/CHIRPS/DAILY,1991-2020,IBGE_2024
2927903,Santa Inês,BA,374.526,9,set,28.119708456776188,OK,1991,2020,30,CHIRPS_v2,UCSB-CHG/CHIRPS/DAILY,1991-2020,IBGE_2024
2919058,Lajedo do Tabocal,BA,382.937,9,set,15.576527398425387,OK,1991,2020,30,CHIRPS_v2,UCSB-CHG/CHIRPS/DAILY,1991-2020,IBGE_2024
2918704,Lafaiete Coutinho,BA,498.11,9,set,17.188403893991115,OK,1991,2020,30,CHIRPS_v2,UCSB-CHG/CHIRPS/DAILY,1991-2020,IBGE_2024
2918308,Jitaúna,BA,262.05,9,set,45.15874301599499,OK,1991,2020,30,CHIRPS_v2,UCSB-CHG/CHIRPS/DAILY,1991-2020,IBGE_2024
2901957,Apuarema,BA,150.83,9,set,48.06767909267534,OK,1991,2020,30,CHIRPS_v2,UCSB-CHG/CHIRPS/DAILY,1991-2020,IBGE_2024
2917607,Jaguaquara,BA,924.512,9,set,30.40618023167576,OK,1991,2020,30,CHIRPS_v2,UCSB-CHG/CHIRPS/DAILY,1991-2020,IBGE_2024
2909505,Cravolândia,BA,182.518,9,set,33.19253128599598,OK,1991,2020,30,CHIRPS_v2,UCSB-CHG/CHIRPS/DAILY,1991-2020,IBGE_2024
2900108,Abaíra,BA,538.679,9,set,17.064868109756162,OK,1991,2020,30,CHIRPS_v2,UCSB-CHG/CHIRPS/DAILY,1991-2020,IBGE_2024
2900504,Érico Cardoso,BA,735.249,9,set,5.203559051573329,OK,1991,2020,30,CHIRPS_v2,UCSB-CHG/CHIRPS/DAILY,1991-2020,IBGE_2024
2923605,Paramirim,BA,1087.067,9,set,5.880633202299501,OK,1991,2020,30,CHIRPS_v2,UCSB-CHG/CHIRPS/DAILY,1991-2020,IBGE_2024
2907558,Caturama,BA,716.254,9,set,3.572467997054389,OK,1991,2020,30,CHIRPS_v2,UCSB-CHG/CHIRPS/DAILY,1991-2020,IBGE_2024
2920304,Malhada de Pedras,BA,550.82,9,set,9.199351918301279,OK,1991,2020,30,CHIRPS_v2,UCSB-CHG/CHIRPS/DAILY,1991-2020,IBGE_2024
2904605,Brumado,BA,2207.613,9,set,6.730316399986585,OK,1991,2020,30,CHIRPS_v2,UCSB-CHG/CHIRPS/DAILY,1991-2020,IBGE_2024
2919504,Livramento de Nossa Senhora,BA,1952.51,9,set,5.6397274459059075,OK,1991,2020,30,CHIRPS_v2,UCSB-CHG/CHIRPS/DAILY,1991-2020,IBGE_2024
2918605,Jussiape,BA,589.763,9,set,11.86214333865008,OK,1991,2020,30,CHIRPS_v2,UCSB-CHG/CHIRPS/DAILY,1991-2020,IBGE_2024
2926905,Rio do Pires,BA,656.223,9,set,5.2809279220227765,OK,1991,2020,30,CHIRPS_v2,UCSB-CHG/CHIRPS/DAILY,1991-2020,IBGE_2024
2926707,Rio de Contas,BA,1115.252,9,set,9.671398715751513,OK,1991,2020,30,CHIRPS_v2,UCSB-CHG/CHIRPS/DAILY,1991-2020,IBGE_2024
2902005,Aracatu,BA,1489.804,9,set,6.114473843012484,OK,1991,2020,30,CHIRPS_v2,UCSB-CHG/CHIRPS/DAILY,1991-2020,IBGE_2024
2910107,Dom Basílio,BA,689.513,9,set,3.9439373656113785,OK,1991,2020,30,CHIRPS_v2,UCSB-CHG/CHIRPS/DAILY,1991-2020,IBGE_2024
2924678,Piraí do Norte,BA,193.427,9,set,70.66308505907156,OK,1991,2020,30,CHIRPS_v2,UCSB-CHG/CHIRPS/DAILY,1991-2020,IBGE_2024
2932309,Ubatã,BA,177.643,9,set,62.04148594168954,OK,1991,2020,30,CHIRPS_v2,UCSB-CHG/CHIRPS/DAILY,1991-2020,IBGE_2024
2931608,Teolândia,BA,289.782,9,set,68.12146801068876,OK,1991,2020,30,CHIRPS_v2,UCSB-CHG/CHIRPS/DAILY,1991-2020,IBGE_2024
2922755,Nova Ibiá,BA,203.2,9,set,59.17005476553321,OK,1991,2020,30,CHIRPS_v2,UCSB-CHG/CHIRPS/DAILY,1991-2020,IBGE_2024
2915700,Itamari,BA,143.479,9,set,53.14172467566957,OK,1991,2020,30,CHIRPS_v2,UCSB-CHG/CHIRPS/DAILY,1991-2020,IBGE_2024
2915205,Itagibá,BA,810.994,9,set,47.022603540017116,OK,1991,2020,30,CHIRPS_v2,UCSB-CHG/CHIRPS/DAILY,1991-2020,IBGE_2024
2913903,Ipiaú,BA,280.454,9,set,56.19531420181482,OK,1991,2020,30,CHIRPS_v2,UCSB-CHG/CHIRPS/DAILY,1991-2020,IBGE_2024
2912905,Ibirataia,BA,318.129,9,set,57.65848862931803,OK,1991,2020,30,CHIRPS_v2,UCSB-CHG/CHIRPS/DAILY,1991-2020,IBGE_2024
2911501,Gongogi,BA,202.194,9,set,58.080440546289154,OK,1991,2020,30,CHIRPS_v2,UCSB-CHG/CHIRPS/DAILY,1991-2020,IBGE_2024
2911204,Gandu,BA,229.66,9,set,63.35878316809557,OK,1991,2020,30,CHIRPS_v2,UCSB-CHG/CHIRPS/DAILY,1991-2020,IBGE_2024
2903102,Barra do Rocha,BA,214.411,9,set,61.60031186625025,OK,1991,2020,30,CHIRPS_v2,UCSB-CHG/CHIRPS/DAILY,1991-2020,IBGE_2024
2910008,Dário Meira,BA,413.637,9,set,37.42549770122456,OK,1991,2020,30,CHIRPS_v2,UCSB-CHG/CHIRPS/DAILY,1991-2020,IBGE_2024
2933505,Wenceslau Guimarães,BA,655.056,9,set,58.30197557309565,OK,1991,2020,30,CHIRPS_v2,UCSB-CHG/CHIRPS/DAILY,1991-2020,IBGE_2024
2917102,Itororó,BA,313.839,9,set,29.35503840089477,OK,1991,2020,30,CHIRPS_v2,UCSB-CHG/CHIRPS/DAILY,1991-2020,IBGE_2024
2916807,Itarantim,BA,1674.03,9,set,26.357659174575545,OK,1991,2020,30,CHIRPS_v2,UCSB-CHG/CHIRPS/DAILY,1991-2020,IBGE_2024
2916401,Itapetinga,BA,1651.158,9,set,31.673254829239433,OK,1991,2020,30,CHIRPS_v2,UCSB-CHG/CHIRPS/DAILY,1991-2020,IBGE_2024
2920007,Maiquinique,BA,588.296,9,set,18.65694864235543,OK,1991,2020,30,CHIRPS_v2,UCSB-CHG/CHIRPS/DAILY,1991-2020,IBGE_2024
2919702,Macarani,BA,1210.106,9,set,18.876168380330256,OK,1991,2020,30,CHIRPS_v2,UCSB-CHG/CHIRPS/DAILY,1991-2020,IBGE_2024
2925402,Potiraguá,BA,1111.567,9,set,44.674937167900694,OK,1991,2020,30,CHIRPS_v2,UCSB-CHG/CHIRPS/DAILY,1991-2020,IBGE_2024
2917334,Iuiu,BA,1535.229,9,set,7.2146592246631736,OK,1991,2020,30,CHIRPS_v2,UCSB-CHG/CHIRPS/DAILY,1991-2020,IBGE_2024
2917409,Jacaraci,BA,1332.42,9,set,15.528615571282723,OK,1991,2020,30,CHIRPS_v2,UCSB-CHG/CHIRPS/DAILY,1991-2020,IBGE_2024
2924504,Pindaí,BA,628.469,9,set,5.652826274468928,OK,1991,2020,30,CHIRPS_v2,UCSB-CHG/CHIRPS/DAILY,1991-2020,IBGE_2024
2932606,Urandi,BA,902.402,9,set,11.07875589246922,OK,1991,2020,30,CHIRPS_v2,UCSB-CHG/CHIRPS/DAILY,1991-2020,IBGE_2024
2923407,Palmas de Monte Alto,BA,2559.973,9,set,4.762393603550122,OK,1991,2020,30,CHIRPS_v2,UCSB-CHG/CHIRPS/DAILY,1991-2020,IBGE_2024
2931053,Tanque Novo,BA,729.516,9,set,7.7270907062547565,OK,1991,2020,30,CHIRPS_v2,UCSB-CHG/CHIRPS/DAILY,1991-2020,IBGE_2024
2907103,Carinhanha,BA,2525.512,9,set,9.36504975815452,OK,1991,2020,30,CHIRPS_v2,UCSB-CHG/CHIRPS/DAILY,1991-2020,IBGE_2024
2906600,Candiba,BA,433.642,9,set,6.0924952484605575,OK,1991,2020,30,CHIRPS_v2,UCSB-CHG/CHIRPS/DAILY,1991-2020,IBGE_2024
2930006,Sebastião Laranjeiras,BA,1982.037,9,set,6.014788308791,OK,1991,2020,30,CHIRPS_v2,UCSB-CHG/CHIRPS/DAILY,1991-2020,IBGE_2024
2921807,Mortugaba,BA,528.214,9,set,16.50725450966579,OK,1991,2020,30,CHIRPS_v2,UCSB-CHG/CHIRPS/DAILY,1991-2020,IBGE_2024
2921054,Matina,BA,773.852,9,set,2.2897540911916723,OK,1991,2020,30,CHIRPS_v2,UCSB-CHG/CHIRPS/DAILY,1991-2020,IBGE_2024
2913408,Igaporã,BA,836.561,9,set,2.9498097154190437,OK,1991,2020,30,CHIRPS_v2,UCSB-CHG/CHIRPS/DAILY,1991-2020,IBGE_2024
2905206,Caetité,BA,2651.537,9,set,7.9361298016162065,OK,1991,2020,30,CHIRPS_v2,UCSB-CHG/CHIRPS/DAILY,1991-2020,IBGE_2024
2920205,Malhada,BA,1971.632,9,set,7.44959281285495,OK,1991,2020,30,CHIRPS_v2,UCSB-CHG/CHIRPS/DAILY,1991-2020,IBGE_2024
2905008,Caculé,BA,610.47,9,set,12.330032899759177,OK,1991,2020,30,CHIRPS_v2,UCSB-CHG/CHIRPS/DAILY,1991-2020,IBGE_2024
2904209,Botuporã,BA,627.613,9,set,5.968467360351491,OK,1991,2020,30,CHIRPS_v2,UCSB-CHG/CHIRPS/DAILY,1991-2020,IBGE_2024
2912004,Ibiassucê,BA,483.27,9,set,11.5241006417587,OK,1991,2020,30,CHIRPS_v2,UCSB-CHG/CHIRPS/DAILY,1991-2020,IBGE_2024
2919405,Licínio de Almeida,BA,856.626,9,set,13.660491158301843,OK,1991,2020,30,CHIRPS_v2,UCSB-CHG/CHIRPS/DAILY,1991-2020,IBGE_2024
2911709,Guanambi,BA,1272.367,9,set,3.4549640145701797,OK,1991,2020,30,CHIRPS_v2,UCSB-CHG/CHIRPS/DAILY,1991-2020,IBGE_2024
2926806,Rio do Antônio,BA,779.046,9,set,10.563798164935497,OK,1991,2020,30,CHIRPS_v2,UCSB-CHG/CHIRPS/DAILY,1991-2020,IBGE_2024
2911659,Guajeru,BA,871.975,9,set,12.62737070937416,OK,1991,2020,30,CHIRPS_v2,UCSB-CHG/CHIRPS/DAILY,1991-2020,IBGE_2024
2918753,Lagoa Real,BA,912.22,9,set,10.59524162269912,OK,1991,2020,30,CHIRPS_v2,UCSB-CHG/CHIRPS/DAILY,1991-2020,IBGE_2024
2926400,Riacho de Santana,BA,3183.361,9,set,4.749189485667252,OK,1991,2020,30,CHIRPS_v2,UCSB-CHG/CHIRPS/DAILY,1991-2020,IBGE_2024
2910776,Feira da Mata,BA,1176.504,9,set,8.757787499350632,OK,1991,2020,30,CHIRPS_v2,UCSB-CHG/CHIRPS/DAILY,1991-2020,IBGE_2024
2923704,Paratinga,BA,2624.998,9,set,5.547847678492344,OK,1991,2020,30,CHIRPS_v2,UCSB-CHG/CHIRPS/DAILY,1991-2020,IBGE_2024
2930758,Sítio do Mato,BA,1627.804,9,set,7.694084300144682,OK,1991,2020,30,CHIRPS_v2,UCSB-CHG/CHIRPS/DAILY,1991-2020,IBGE_2024
2930154,Serra do Ramalho,BA,2341.701,9,set,7.58866199974155,OK,1991,2020,30,CHIRPS_v2,UCSB-CHG/CHIRPS/DAILY,1991-2020,IBGE_2024
2912509,Ibipitanga,BA,954.373,9,set,2.874088936694952,OK,1991,2020,30,CHIRPS_v2,UCSB-CHG/CHIRPS/DAILY,1991-2020,IBGE_2024
2919801,Macaúbas,BA,2459.102,9,set,6.582295302825523,OK,1991,2020,30,CHIRPS_v2,UCSB-CHG/CHIRPS/DAILY,1991-2020,IBGE_2024
2904100,Boquira,BA,1426.233,9,set,5.995933075447538,OK,1991,2020,30,CHIRPS_v2,UCSB-CHG/CHIRPS/DAILY,1991-2020,IBGE_2024
2903904,Bom Jesus da Lapa,BA,4114.493,9,set,6.510156581060709,OK,1991,2020,30,CHIRPS_v2,UCSB-CHG/CHIRPS/DAILY,1991-2020,IBGE_2024
2901403,Angical,BA,1530.643,9,set,10.665235923191926,OK,1991,2020,30,CHIRPS_v2,UCSB-CHG/CHIRPS/DAILY,1991-2020,IBGE_2024
2907400,Catolândia,BA,702.504,9,set,11.317319619132261,OK,1991,2020,30,CHIRPS_v2,UCSB-CHG/CHIRPS/DAILY,1991-2020,IBGE_2024
2930907,Tabocas do Brejo Velho,BA,1437.188,9,set,13.190648570673101,OK,1991,2020,30,CHIRPS_v2,UCSB-CHG/CHIRPS/DAILY,1991-2020,IBGE_2024
2930303,Serra Dourada,BA,1592.249,9,set,10.413489373094123,OK,1991,2020,30,CHIRPS_v2,UCSB-CHG/CHIRPS/DAILY,1991-2020,IBGE_2024
2928901,São Desidério,BA,15158.737,9,set,13.2961328673337,OK,1991,2020,30,CHIRPS_v2,UCSB-CHG/CHIRPS/DAILY,1991-2020,IBGE_2024
2928406,Santa Rita de Cássia,BA,6030.491,9,set,7.704117647789468,OK,1991,2020,30,CHIRPS_v2,UCSB-CHG/CHIRPS/DAILY,1991-2020,IBGE_2024
2928208,Santana,BA,1909.353,9,set,10.474063843197284,OK,1991,2020,30,CHIRPS_v2,UCSB-CHG/CHIRPS/DAILY,1991-2020,IBGE_2024
2920452,Mansidão,BA,3129.588,9,set,5.481744765742662,OK,1991,2020,30,CHIRPS_v2,UCSB-CHG/CHIRPS/DAILY,1991-2020,IBGE_2024
2904407,Brejolândia,BA,2247.207,9,set,8.492125837041659,OK,1991,2020,30,CHIRPS_v2,UCSB-CHG/CHIRPS/DAILY,1991-2020,IBGE_2024
2911105,Formosa do Rio Preto,BA,15634.328,9,set,14.929220688439464,OK,1991,2020,30,CHIRPS_v2,UCSB-CHG/CHIRPS/DAILY,1991-2020,IBGE_2024
2926202,Riachão das Neves,BA,5969.305,9,set,11.180993227600247,OK,1991,2020,30,CHIRPS_v2,UCSB-CHG/CHIRPS/DAILY,1991-2020,IBGE_2024
2902500,Baianópolis,BA,3321.752,9,set,12.35797609435686,OK,1991,2020,30,CHIRPS_v2,UCSB-CHG/CHIRPS/DAILY,1991-2020,IBGE_2024
2933455,Wanderley,BA,2920.579,9,set,6.587499045676295,OK,1991,2020,30,CHIRPS_v2,UCSB-CHG/CHIRPS/DAILY,1991-2020,IBGE_2024
2909406,Cotegipe,BA,4282.775,9,set,8.199576592192264,OK,1991,2020,30,CHIRPS_v2,UCSB-CHG/CHIRPS/DAILY,1991-2020,IBGE_2024
2909703,Cristópolis,BA,1052.839,9,set,11.482001551941968,OK,1991,2020,30,CHIRPS_v2,UCSB-CHG/CHIRPS/DAILY,1991-2020,IBGE_2024
2917359,Jaborandi,BA,9955.111,9,set,13.379195590324318,OK,1991,2020,30,CHIRPS_v2,UCSB-CHG/CHIRPS/DAILY,1991-2020,IBGE_2024
2909109,Coribe,BA,2665.141,9,set,9.83753373803577,OK,1991,2020,30,CHIRPS_v2,UCSB-CHG/CHIRPS/DAILY,1991-2020,IBGE_2024
2908101,Cocos,BA,10138.25,9,set,11.79085804440973,OK,1991,2020,30,CHIRPS_v2,UCSB-CHG/CHIRPS/DAILY,1991-2020,IBGE_2024
2906105,Canápolis,BA,460.388,9,set,10.32896767630556,OK,1991,2020,30,CHIRPS_v2,UCSB-CHG/CHIRPS/DAILY,1991-2020,IBGE_2024
2929057,São Félix do Coribe,BA,1751.671,9,set,9.789962094740417,OK,1991,2020,30,CHIRPS_v2,UCSB-CHG/CHIRPS/DAILY,1991-2020,IBGE_2024
2928109,Santa Maria da Vitória,BA,1984.91,9,set,10.234490836452593,OK,1991,2020,30,CHIRPS_v2,UCSB-CHG/CHIRPS/DAILY,1991-2020,IBGE_2024
2909307,Correntina,BA,11504.316,9,set,11.48730634199462,OK,1991,2020,30,CHIRPS_v2,UCSB-CHG/CHIRPS/DAILY,1991-2020,IBGE_2024
2932408,Uibaí,BA,545.297,9,set,5.162788439957603,OK,1991,2020,30,CHIRPS_v2,UCSB-CHG/CHIRPS/DAILY,1991-2020,IBGE_2024
2907608,Central,BA,566.975,9,set,2.571399237174804,OK,1991,2020,30,CHIRPS_v2,UCSB-CHG/CHIRPS/DAILY,1991-2020,IBGE_2024
2915353,Itaguaçu da Bahia,BA,4310.255,9,set,1.8887054194337707,OK,1991,2020,30,CHIRPS_v2,UCSB-CHG/CHIRPS/DAILY,1991-2020,IBGE_2024
2914604,Irecê,BA,319.175,9,set,5.455642300577452,OK,1991,2020,30,CHIRPS_v2,UCSB-CHG/CHIRPS/DAILY,1991-2020,IBGE_2024
2906204,Canarana,BA,579.726,9,set,5.763868871595424,OK,1991,2020,30,CHIRPS_v2,UCSB-CHG/CHIRPS/DAILY,1991-2020,IBGE_2024
2921708,Morro do Chapéu,BA,5745.765,9,set,11.769969953528133,OK,1991,2020,30,CHIRPS_v2,UCSB-CHG/CHIRPS/DAILY,1991-2020,IBGE_2024
2922052,Mulungu do Morro,BA,646.621,9,set,12.172237402628978,OK,1991,2020,30,CHIRPS_v2,UCSB-CHG/CHIRPS/DAILY,1991-2020,IBGE_2024
2929255,São Gabriel,BA,1146.054,9,set,2.130585880871688,OK,1991,2020,30,CHIRPS_v2,UCSB-CHG/CHIRPS/DAILY,1991-2020,IBGE_2024
2905305,Cafarnaum,BA,643.666,9,set,7.241622407680361,OK,1991,2020,30,CHIRPS_v2,UCSB-CHG/CHIRPS/DAILY,1991-2020,IBGE_2024
2913101,Ibititá,BA,573.033,9,set,3.8537600267940406,OK,1991,2020,30,CHIRPS_v2,UCSB-CHG/CHIRPS/DAILY,1991-2020,IBGE_2024
2912400,Ibipeba,BA,1382.009,9,set,7.263913015491399,OK,1991,2020,30,CHIRPS_v2,UCSB-CHG/CHIRPS/DAILY,1991-2020,IBGE_2024
2904050,Bonito,BA,791.276,9,set,19.82387141502212,OK,1991,2020,30,CHIRPS_v2,UCSB-CHG/CHIRPS/DAILY,1991-2020,IBGE_2024
2919157,Lapão,BA,642.882,9,set,4.158994909900114,OK,1991,2020,30,CHIRPS_v2,UCSB-CHG/CHIRPS/DAILY,1991-2020,IBGE_2024
2903235,Barro Alto,BA,414.506,9,set,9.263528696016817,OK,1991,2020,30,CHIRPS_v2,UCSB-CHG/CHIRPS/DAILY,1991-2020,IBGE_2024
2918506,Jussara,BA,1355.173,9,set,1.3445345122436665,OK,1991,2020,30,CHIRPS_v2,UCSB-CHG/CHIRPS/DAILY,1991-2020,IBGE_2024
2903003,Barra do Mendes,BA,1436.299,9,set,10.99030909888479,OK,1991,2020,30,CHIRPS_v2,UCSB-CHG/CHIRPS/DAILY,1991-2020,IBGE_2024
2918357,João Dourado,BA,913.258,9,set,2.56983713923646,OK,1991,2020,30,CHIRPS_v2,UCSB-CHG/CHIRPS/DAILY,1991-2020,IBGE_2024
2925600,Presidente Dutra,BA,232.064,9,set,4.6341901215784995,OK,1991,2020,30,CHIRPS_v2,UCSB-CHG/CHIRPS/DAILY,1991-2020,IBGE_2024
2901155,América Dourada,BA,822.373,9,set,4.60677888666768,OK,1991,2020,30,CHIRPS_v2,UCSB-CHG/CHIRPS/DAILY,1991-2020,IBGE_2024
2923209,Oliveira dos Brejinhos,BA,3313.435,9,set,3.612557326538465,OK,1991,2020,30,CHIRPS_v2,UCSB-CHG/CHIRPS/DAILY,1991-2020,IBGE_2024
2922250,Muquém do São Francisco,BA,3852.11,9,set,6.017351170324221,OK,1991,2020,30,CHIRPS_v2,UCSB-CHG/CHIRPS/DAILY,1991-2020,IBGE_2024
2921609,Morpará,BA,2093.86,9,set,4.051774555588248,OK,1991,2020,30,CHIRPS_v2,UCSB-CHG/CHIRPS/DAILY,1991-2020,IBGE_2024
2914109,Ipupiara,BA,1055.76,9,set,7.142139069450772,OK,1991,2020,30,CHIRPS_v2,UCSB-CHG/CHIRPS/DAILY,1991-2020,IBGE_2024
2904753,Buritirama,BA,4046.741,9,set,4.742799816889225,OK,1991,2020,30,CHIRPS_v2,UCSB-CHG/CHIRPS/DAILY,1991-2020,IBGE_2024
2913200,Ibotirama,BA,1740.113,9,set,4.954003378548786,OK,1991,2020,30,CHIRPS_v2,UCSB-CHG/CHIRPS/DAILY,1991-2020,IBGE_2024
2904506,Brotas de Macaúbas,BA,2520.811,9,set,5.6856475240932784,OK,1991,2020,30,CHIRPS_v2,UCSB-CHG/CHIRPS/DAILY,1991-2020,IBGE_2024
2911303,Gentio do Ouro,BA,3817.946,9,set,4.56196914627833,OK,1991,2020,30,CHIRPS_v2,UCSB-CHG/CHIRPS/DAILY,1991-2020,IBGE_2024
2902708,Barra,BA,11428.112,9,set,3.7367700071818355,OK,1991,2020,30,CHIRPS_v2,UCSB-CHG/CHIRPS/DAILY,1991-2020,IBGE_2024
2933604,Xique-Xique,BA,5079.659,9,set,2.4182619373608554,OK,1991,2020,30,CHIRPS_v2,UCSB-CHG/CHIRPS/DAILY,1991-2020,IBGE_2024
2918407,Juazeiro,BA,6721.592,9,set,0.8603167747206779,OK,1991,2020,30,CHIRPS_v2,UCSB-CHG/CHIRPS/DAILY,1991-2020,IBGE_2024
2924405,Pilão Arcado,BA,11597.932,9,set,2.495539001866459,OK,1991,2020,30,CHIRPS_v2,UCSB-CHG/CHIRPS/DAILY,1991-2020,IBGE_2024
2932002,Uauá,BA,3060.865,9,set,8.05679631018062,OK,1991,2020,30,CHIRPS_v2,UCSB-CHG/CHIRPS/DAILY,1991-2020,IBGE_2024
2930774,Sobradinho,BA,1359.08,9,set,1.4066836691360678,OK,1991,2020,30,CHIRPS_v2,UCSB-CHG/CHIRPS/DAILY,1991-2020,IBGE_2024
2907202,Casa Nova,BA,9648.942,9,set,0.24723877604574646,OK,1991,2020,30,CHIRPS_v2,UCSB-CHG/CHIRPS/DAILY,1991-2020,IBGE_2024
2905909,Campo Alegre de Lourdes,BA,2914.573,9,set,2.5979540682537974,OK,1991,2020,30,CHIRPS_v2,UCSB-CHG/CHIRPS/DAILY,1991-2020,IBGE_2024
2930204,Sento Sé,BA,11980.158,9,set,0.9978739765868528,OK,1991,2020,30,CHIRPS_v2,UCSB-CHG/CHIRPS/DAILY,1991-2020,IBGE_2024
2909901,Curaçá,BA,5950.614,9,set,1.3219617260801424,OK,1991,2020,30,CHIRPS_v2,UCSB-CHG/CHIRPS/DAILY,1991-2020,IBGE_2024
2926004,Remanso,BA,4571.634,9,set,0.6214709747149916,OK,1991,2020,30,CHIRPS_v2,UCSB-CHG/CHIRPS/DAILY,1991-2020,IBGE_2024
2917706,Jaguarari,BA,2466.009,9,set,8.25289179311971,OK,1991,2020,30,CHIRPS_v2,UCSB-CHG/CHIRPS/DAILY,1991-2020,IBGE_2024
2901353,Andorinha,BA,1362.386,9,set,11.119025914754749,OK,1991,2020,30,CHIRPS_v2,UCSB-CHG/CHIRPS/DAILY,1991-2020,IBGE_2024
2917003,Itiúba,BA,1650.592,9,set,13.978145366606986,OK,1991,2020,30,CHIRPS_v2,UCSB-CHG/CHIRPS/DAILY,1991-2020,IBGE_2024
2924603,Pindobaçu,BA,495.845,9,set,16.49778697692823,OK,1991,2020,30,CHIRPS_v2,UCSB-CHG/CHIRPS/DAILY,1991-2020,IBGE_2024
2930105,Senhor do Bonfim,BA,789.36,9,set,19.233393222029925,OK,1991,2020,30,CHIRPS_v2,UCSB-CHG/CHIRPS/DAILY,1991-2020,IBGE_2024
2906006,Campo Formoso,BA,7161.83,9,set,7.601087634199865,OK,1991,2020,30,CHIRPS_v2,UCSB-CHG/CHIRPS/DAILY,1991-2020,IBGE_2024
2910859,Filadélfia,BA,579.687,9,set,16.649906645743137,OK,1991,2020,30,CHIRPS_v2,UCSB-CHG/CHIRPS/DAILY,1991-2020,IBGE_2024
2901809,Antônio Gonçalves,BA,345.282,9,set,14.777751535579693,OK,1991,2020,30,CHIRPS_v2,UCSB-CHG/CHIRPS/DAILY,1991-2020,IBGE_2024
2925253,Ponto Novo,BA,530.143,9,set,14.692044108087993,OK,1991,2020,30,CHIRPS_v2,UCSB-CHG/CHIRPS/DAILY,1991-2020,IBGE_2024
2924009,Paulo Afonso,BA,1544.388,9,set,14.649797479111264,OK,1991,2020,30,CHIRPS_v2,UCSB-CHG/CHIRPS/DAILY,1991-2020,IBGE_2024
2900207,Abaré,BA,1604.923,9,set,0.8224531136582319,OK,1991,2020,30,CHIRPS_v2,UCSB-CHG/CHIRPS/DAILY,1991-2020,IBGE_2024
2907707,Chorrochó,BA,3005.319,9,set,2.7442031418195465,OK,1991,2020,30,CHIRPS_v2,UCSB-CHG/CHIRPS/DAILY,1991-2020,IBGE_2024
2919900,Macururé,BA,2545.857,9,set,2.8345365799990576,OK,1991,2020,30,CHIRPS_v2,UCSB-CHG/CHIRPS/DAILY,1991-2020,IBGE_2024
2927606,Santa Brígida,BA,934.46,9,set,21.018139491165126,OK,1991,2020,30,CHIRPS_v2,UCSB-CHG/CHIRPS/DAILY,1991-2020,IBGE_2024
2911402,Glória,BA,1566.609,9,set,7.392590666946344,OK,1991,2020,30,CHIRPS_v2,UCSB-CHG/CHIRPS/DAILY,1991-2020,IBGE_2024
2927101,Rodelas,BA,2207.159,9,set,4.467466038261932,OK,1991,2020,30,CHIRPS_v2,UCSB-CHG/CHIRPS/DAILY,1991-2020,IBGE_2024
2931905,Tucano,BA,2198.237,9,set,16.888562376170366,OK,1991,2020,30,CHIRPS_v2,UCSB-CHG/CHIRPS/DAILY,1991-2020,IBGE_2024
2907905,Cipó,BA,168.33,9,set,30.897450147804754,OK,1991,2020,30,CHIRPS_v2,UCSB-CHG/CHIRPS/DAILY,1991-2020,IBGE_2024
2923100,Olindina,BA,637.316,9,set,31.559263577284057,OK,1991,2020,30,CHIRPS_v2,UCSB-CHG/CHIRPS/DAILY,1991-2020,IBGE_2024
2922904,Nova Soure,BA,966.993,9,set,24.367293859656616,OK,1991,2020,30,CHIRPS_v2,UCSB-CHG/CHIRPS/DAILY,1991-2020,IBGE_2024
2902658,Banzaê,BA,409.508,9,set,21.84070348866499,OK,1991,2020,30,CHIRPS_v2,UCSB-CHG/CHIRPS/DAILY,1991-2020,IBGE_2024
2926608,Ribeira do Pombal,BA,1228.125,9,set,25.278187551227298,OK,1991,2020,30,CHIRPS_v2,UCSB-CHG/CHIRPS/DAILY,1991-2020,IBGE_2024
2926509,Ribeira do Amparo,BA,666.036,9,set,37.5803959233366,OK,1991,2020,30,CHIRPS_v2,UCSB-CHG/CHIRPS/DAILY,1991-2020,IBGE_2024
2906824,Canudos,BA,3564.627,9,set,8.601644744616522,OK,1991,2020,30,CHIRPS_v2,UCSB-CHG/CHIRPS/DAILY,1991-2020,IBGE_2024
2906808,Cansanção,BA,1351.891,9,set,13.509607553364733,OK,1991,2020,30,CHIRPS_v2,UCSB-CHG/CHIRPS/DAILY,1991-2020,IBGE_2024
2921500,Monte Santo,BA,3034.196,9,set,10.837458805966397,OK,1991,2020,30,CHIRPS_v2,UCSB-CHG/CHIRPS/DAILY,1991-2020,IBGE_2024
2910701,Euclides da Cunha,BA,2025.368,9,set,14.724684438310351,OK,1991,2020,30,CHIRPS_v2,UCSB-CHG/CHIRPS/DAILY,1991-2020,IBGE_2024
2925907,Quijingue,BA,1380.798,9,set,13.622454446787629,OK,1991,2020,30,CHIRPS_v2,UCSB-CHG/CHIRPS/DAILY,1991-2020,IBGE_2024
2900355,Adustina,BA,629.1,9,set,30.593618820467764,OK,1991,2020,30,CHIRPS_v2,UCSB-CHG/CHIRPS/DAILY,1991-2020,IBGE_2024
2923803,Paripiranga,BA,442.186,9,set,40.73898269821806,OK,1991,2020,30,CHIRPS_v2,UCSB-CHG/CHIRPS/DAILY,1991-2020,IBGE_2024
2907806,Cícero Dantas,BA,817.023,9,set,27.04941070660669,OK,1991,2020,30,CHIRPS_v2,UCSB-CHG/CHIRPS/DAILY,1991-2020,IBGE_2024
2911857,Heliópolis,BA,314.669,9,set,31.480134871303285,OK,1991,2020,30,CHIRPS_v2,UCSB-CHG/CHIRPS/DAILY,1991-2020,IBGE_2024
2910750,Fátima,BA,368.342,9,set,30.662518043224683,OK,1991,2020,30,CHIRPS_v2,UCSB-CHG/CHIRPS/DAILY,1991-2020,IBGE_2024
2901601,Antas,BA,326.36,9,set,27.822147329853596,OK,1991,2020,30,CHIRPS_v2,UCSB-CHG/CHIRPS/DAILY,1991-2020,IBGE_2024
2909208,Coronel João Sá,BA,797.434,9,set,31.981010830465642,OK,1991,2020,30,CHIRPS_v2,UCSB-CHG/CHIRPS/DAILY,1991-2020,IBGE_2024
2924207,Pedro Alexandre,BA,889.572,9,set,24.855827184843367,OK,1991,2020,30,CHIRPS_v2,UCSB-CHG/CHIRPS/DAILY,1991-2020,IBGE_2024
2930766,Sítio do Quinto,BA,656.837,9,set,29.38414359897735,OK,1991,2020,30,CHIRPS_v2,UCSB-CHG/CHIRPS/DAILY,1991-2020,IBGE_2024
2923050,Novo Triunfo,BA,299.125,9,set,19.740807179198793,OK,1991,2020,30,CHIRPS_v2,UCSB-CHG/CHIRPS/DAILY,1991-2020,IBGE_2024
2918100,Jeremoabo,BA,4267.489,9,set,16.804652853581004,OK,1991,2020,30,CHIRPS_v2,UCSB-CHG/CHIRPS/DAILY,1991-2020,IBGE_2024
2910800,Feira de Santana,BA,1304.427,9,set,41.09120935113545,OK,1991,2020,30,CHIRPS_v2,UCSB-CHG/CHIRPS/DAILY,1991-2020,IBGE_2024
2924652,Pintadas,BA,647.144,9,set,17.97952164914868,OK,1991,2020,30,CHIRPS_v2,UCSB-CHG/CHIRPS/DAILY,1991-2020,IBGE_2024
2908903,Coração de Maria,BA,378.421,9,set,59.27631507324972,OK,1991,2020,30,CHIRPS_v2,UCSB-CHG/CHIRPS/DAILY,1991-2020,IBGE_2024
2908507,Conceição do Jacuípe,BA,114.869,9,set,70.09275207207199,OK,1991,2020,30,CHIRPS_v2,UCSB-CHG/CHIRPS/DAILY,1991-2020,IBGE_2024
2900405,Água Fria,BA,742.775,9,set,30.77268705333637,OK,1991,2020,30,CHIRPS_v2,UCSB-CHG/CHIRPS/DAILY,1991-2020,IBGE_2024
2924058,Pé de Serra,BA,596.772,9,set,17.057162953669444,OK,1991,2020,30,CHIRPS_v2,UCSB-CHG/CHIRPS/DAILY,1991-2020,IBGE_2024
2908200,Conceição da Feira,BA,164.799,9,set,71.78153490961282,OK,1991,2020,30,CHIRPS_v2,UCSB-CHG/CHIRPS/DAILY,1991-2020,IBGE_2024
2923308,Ouriçangas,BA,156.982,9,set,47.6766805398065,OK,1991,2020,30,CHIRPS_v2,UCSB-CHG/CHIRPS/DAILY,1991-2020,IBGE_2024
2922730,Nova Fátima,BA,346.785,9,set,11.760779882499893,OK,1991,2020,30,CHIRPS_v2,UCSB-CHG/CHIRPS/DAILY,1991-2020,IBGE_2024
2906857,Capela do Alto Alegre,BA,629.585,9,set,15.48463099730969,OK,1991,2020,30,CHIRPS_v2,UCSB-CHG/CHIRPS/DAILY,1991-2020,IBGE_2024
2931103,Tanquinho,BA,243.838,9,set,25.736540295714555,OK,1991,2020,30,CHIRPS_v2,UCSB-CHG/CHIRPS/DAILY,1991-2020,IBGE_2024
2930402,Serra Preta,BA,595.294,9,set,27.83525399297364,OK,1991,2020,30,CHIRPS_v2,UCSB-CHG/CHIRPS/DAILY,1991-2020,IBGE_2024
2922102,Mundo Novo,BA,1491.989,9,set,21.64058870490112,OK,1991,2020,30,CHIRPS_v2,UCSB-CHG/CHIRPS/DAILY,1991-2020,IBGE_2024
2914505,Irará,BA,267.88,9,set,44.88824223739861,OK,1991,2020,30,CHIRPS_v2,UCSB-CHG/CHIRPS/DAILY,1991-2020,IBGE_2024
2906402,Candeal,BA,447.577,9,set,19.31714655706637,OK,1991,2020,30,CHIRPS_v2,UCSB-CHG/CHIRPS/DAILY,1991-2020,IBGE_2024
2914000,Ipirá,BA,3105.285,9,set,21.868209989188593,OK,1991,2020,30,CHIRPS_v2,UCSB-CHG/CHIRPS/DAILY,1991-2020,IBGE_2024
2929305,São Gonçalo dos Campos,BA,294.768,9,set,61.85144231191178,OK,1991,2020,30,CHIRPS_v2,UCSB-CHG/CHIRPS/DAILY,1991-2020,IBGE_2024
2913804,Ipecaetá,BA,372.565,9,set,34.48512478690506,OK,1991,2020,30,CHIRPS_v2,UCSB-CHG/CHIRPS/DAILY,1991-2020,IBGE_2024
2928802,Santo Estêvão,BA,360.334,9,set,40.67222038670905,OK,1991,2020,30,CHIRPS_v2,UCSB-CHG/CHIRPS/DAILY,1991-2020,IBGE_2024
2913309,Ichu,BA,138.016,9,set,21.19128843740137,OK,1991,2020,30,CHIRPS_v2,UCSB-CHG/CHIRPS/DAILY,1991-2020,IBGE_2024
2928307,Santanópolis,BA,222.686,9,set,34.584927693044655,OK,1991,2020,30,CHIRPS_v2,UCSB-CHG/CHIRPS/DAILY,1991-2020,IBGE_2024
2920106,Mairi,BA,906.679,9,set,21.150181916996626,OK,1991,2020,30,CHIRPS_v2,UCSB-CHG/CHIRPS/DAILY,1991-2020,IBGE_2024
2919603,Macajuba,BA,701.17,9,set,19.21026024824821,OK,1991,2020,30,CHIRPS_v2,UCSB-CHG/CHIRPS/DAILY,1991-2020,IBGE_2024
2919108,Lamarão,BA,189.26,9,set,27.490873243128924,OK,1991,2020,30,CHIRPS_v2,UCSB-CHG/CHIRPS/DAILY,1991-2020,IBGE_2024
2927507,Santa Bárbara,BA,347.021,9,set,27.943549463416872,OK,1991,2020,30,CHIRPS_v2,UCSB-CHG/CHIRPS/DAILY,1991-2020,IBGE_2024
2902609,Baixa Grande,BA,967.515,9,set,20.442647414457767,OK,1991,2020,30,CHIRPS_v2,UCSB-CHG/CHIRPS/DAILY,1991-2020,IBGE_2024
2926301,Riachão do Jacuípe,BA,1155.417,9,set,13.30784768335796,OK,1991,2020,30,CHIRPS_v2,UCSB-CHG/CHIRPS/DAILY,1991-2020,IBGE_2024
2911253,Gavião,BA,384.592,9,set,12.444006208951008,OK,1991,2020,30,CHIRPS_v2,UCSB-CHG/CHIRPS/DAILY,1991-2020,IBGE_2024
2901700,Antônio Cardoso,BA,293.53,9,set,47.09530927223761,OK,1991,2020,30,CHIRPS_v2,UCSB-CHG/CHIRPS/DAILY,1991-2020,IBGE_2024
2925956,Rafael Jambeiro,BA,1090.552,9,set,28.857697919730786,OK,1991,2020,30,CHIRPS_v2,UCSB-CHG/CHIRPS/DAILY,1991-2020,IBGE_2024
2901106,Amélia Rodrigues,BA,166.872,9,set,82.90684903156343,OK,1991,2020,30,CHIRPS_v2,UCSB-CHG/CHIRPS/DAILY,1991-2020,IBGE_2024
2901502,Anguera,BA,187.84,9,set,29.943784229741965,OK,1991,2020,30,CHIRPS_v2,UCSB-CHG/CHIRPS/DAILY,1991-2020,IBGE_2024
2933059,Várzea da Roça,BA,468.407,9,set,18.32813262722749,OK,1991,2020,30,CHIRPS_v2,UCSB-CHG/CHIRPS/DAILY,1991-2020,IBGE_2024
2933109,Várzea do Poço,BA,206.478,9,set,18.427899048666923,OK,1991,2020,30,CHIRPS_v2,UCSB-CHG/CHIRPS/DAILY,1991-2020,IBGE_2024
2933158,Várzea Nova,BA,1225.088,9,set,10.274186960853196,OK,1991,2020,30,CHIRPS_v2,UCSB-CHG/CHIRPS/DAILY,1991-2020,IBGE_2024
2932457,Umburanas,BA,1775.633,9,set,6.289122340687399,OK,1991,2020,30,CHIRPS_v2,UCSB-CHG/CHIRPS/DAILY,1991-2020,IBGE_2024
2931301,Tapiramutá,BA,714.691,9,set,18.722089481291853,OK,1991,2020,30,CHIRPS_v2,UCSB-CHG/CHIRPS/DAILY,1991-2020,IBGE_2024
2923357,Ourolândia,BA,1544.985,9,set,5.838899248145106,OK,1991,2020,30,CHIRPS_v2,UCSB-CHG/CHIRPS/DAILY,1991-2020,IBGE_2024
2906873,Capim Grosso,BA,464.776,9,set,11.306352451303042,OK,1991,2020,30,CHIRPS_v2,UCSB-CHG/CHIRPS/DAILY,1991-2020,IBGE_2024
2930600,Serrolândia,BA,322.021,9,set,16.420844857397263,OK,1991,2020,30,CHIRPS_v2,UCSB-CHG/CHIRPS/DAILY,1991-2020,IBGE_2024
2929800,Saúde,BA,509.098,9,set,18.734405488897355,OK,1991,2020,30,CHIRPS_v2,UCSB-CHG/CHIRPS/DAILY,1991-2020,IBGE_2024
2921203,Miguel Calmon,BA,1599.673,9,set,18.241399968610203,OK,1991,2020,30,CHIRPS_v2,UCSB-CHG/CHIRPS/DAILY,1991-2020,IBGE_2024
2929370,São José do Jacuípe,BA,362.365,9,set,14.27421189566694,OK,1991,2020,30,CHIRPS_v2,UCSB-CHG/CHIRPS/DAILY,1991-2020,IBGE_2024
2921401,Mirangaba,BA,1751.777,9,set,10.196310339004524,OK,1991,2020,30,CHIRPS_v2,UCSB-CHG/CHIRPS/DAILY,1991-2020,IBGE_2024
2905503,Caldeirão Grande,BA,458.311,9,set,15.606335027711737,OK,1991,2020,30,CHIRPS_v2,UCSB-CHG/CHIRPS/DAILY,1991-2020,IBGE_2024
2905107,Caém,BA,540.909,9,set,16.7763971929794,OK,1991,2020,30,CHIRPS_v2,UCSB-CHG/CHIRPS/DAILY,1991-2020,IBGE_2024
2925931,Quixabeira,BA,366.387,9,set,14.61893830831475,OK,1991,2020,30,CHIRPS_v2,UCSB-CHG/CHIRPS/DAILY,1991-2020,IBGE_2024
2917508,Jacobina,BA,2192.906,9,set,13.00118639902782,OK,1991,2020,30,CHIRPS_v2,UCSB-CHG/CHIRPS/DAILY,1991-2020,IBGE_2024
2924801,Piritiba,BA,980.331,9,set,21.25021877038389,OK,1991,2020,30,CHIRPS_v2,UCSB-CHG/CHIRPS/DAILY,1991-2020,IBGE_2024
2932804,Utinga,BA,633.761,9,set,19.00158769225818,OK,1991,2020,30,CHIRPS_v2,UCSB-CHG/CHIRPS/DAILY,1991-2020,IBGE_2024
2915007,Itaeté,BA,1331.822,9,set,16.40327934212064,OK,1991,2020,30,CHIRPS_v2,UCSB-CHG/CHIRPS/DAILY,1991-2020,IBGE_2024
2922854,Nova Redenção,BA,565.356,9,set,13.852046799487265,OK,1991,2020,30,CHIRPS_v2,UCSB-CHG/CHIRPS/DAILY,1991-2020,IBGE_2024
2914703,Itaberaba,BA,2386.387,9,set,14.856251520476354,OK,1991,2020,30,CHIRPS_v2,UCSB-CHG/CHIRPS/DAILY,1991-2020,IBGE_2024
2920809,Marcionílio Souza,BA,1099.284,9,set,10.242972548329712,OK,1991,2020,30,CHIRPS_v2,UCSB-CHG/CHIRPS/DAILY,1991-2020,IBGE_2024
2912608,Ibiquera,BA,698.245,9,set,10.769122994446304,OK,1991,2020,30,CHIRPS_v2,UCSB-CHG/CHIRPS/DAILY,1991-2020,IBGE_2024
2903805,Boa Vista do Tupim,BA,2972.112,9,set,11.238047247946355,OK,1991,2020,30,CHIRPS_v2,UCSB-CHG/CHIRPS/DAILY,1991-2020,IBGE_2024
2911907,Iaçu,BA,2342.497,9,set,16.85321268859367,OK,1991,2020,30,CHIRPS_v2,UCSB-CHG/CHIRPS/DAILY,1991-2020,IBGE_2024
2927200,Ruy Barbosa,BA,1991.772,9,set,15.678549414006246,OK,1991,2020,30,CHIRPS_v2,UCSB-CHG/CHIRPS/DAILY,1991-2020,IBGE_2024
2919009,Lajedinho,BA,846.728,9,set,14.387595061117171,OK,1991,2020,30,CHIRPS_v2,UCSB-CHG/CHIRPS/DAILY,1991-2020,IBGE_2024
2933406,Wagner,BA,522.37,9,set,15.722008422380185,OK,1991,2020,30,CHIRPS_v2,UCSB-CHG/CHIRPS/DAILY,1991-2020,IBGE_2024
2901304,Andaraí,BA,1589.786,9,set,17.259303382853854,OK,1991,2020,30,CHIRPS_v2,UCSB-CHG/CHIRPS/DAILY,1991-2020,IBGE_2024
2908408,Conceição do Coité,BA,1015.249,9,set,14.748302696114747,OK,1991,2020,30,CHIRPS_v2,UCSB-CHG/CHIRPS/DAILY,1991-2020,IBGE_2024
2922656,Nordestina,BA,465.407,9,set,12.09710700161838,OK,1991,2020,30,CHIRPS_v2,UCSB-CHG/CHIRPS/DAILY,1991-2020,IBGE_2024
2928950,São Domingos,BA,289.963,9,set,11.595256173352393,OK,1991,2020,30,CHIRPS_v2,UCSB-CHG/CHIRPS/DAILY,1991-2020,IBGE_2024
2928000,Santaluz,BA,1623.445,9,set,10.989565394309777,OK,1991,2020,30,CHIRPS_v2,UCSB-CHG/CHIRPS/DAILY,1991-2020,IBGE_2024
2925808,Queimadas,BA,2011.06,9,set,8.979451191248206,OK,1991,2020,30,CHIRPS_v2,UCSB-CHG/CHIRPS/DAILY,1991-2020,IBGE_2024
2926103,Retirolândia,BA,242.331,9,set,12.220858102800198,OK,1991,2020,30,CHIRPS_v2,UCSB-CHG/CHIRPS/DAILY,1991-2020,IBGE_2024
2933000,Valente,BA,394.877,9,set,10.752794569068161,OK,1991,2020,30,CHIRPS_v2,UCSB-CHG/CHIRPS/DAILY,1991-2020,IBGE_2024
2931509,Teofilândia,BA,351.892,9,set,19.186252497524638,OK,1991,2020,30,CHIRPS_v2,UCSB-CHG/CHIRPS/DAILY,1991-2020,IBGE_2024
2930501,Serrinha,BA,583.311,9,set,24.8862320980169,OK,1991,2020,30,CHIRPS_v2,UCSB-CHG/CHIRPS/DAILY,1991-2020,IBGE_2024
2903276,Barrocas,BA,207.297,9,set,21.433455383524883,OK,1991,2020,30,CHIRPS_v2,UCSB-CHG/CHIRPS/DAILY,1991-2020,IBGE_2024
2903607,Biritinga,BA,553.762,9,set,25.920981432105357,OK,1991,2020,30,CHIRPS_v2,UCSB-CHG/CHIRPS/DAILY,1991-2020,IBGE_2024
2902104,Araci,BA,1496.246,9,set,15.4482130060779,OK,1991,2020,30,CHIRPS_v2,UCSB-CHG/CHIRPS/DAILY,1991-2020,IBGE_2024
2924306,Piatã,BA,1825.855,9,set,15.848879543807023,OK,1991,2020,30,CHIRPS_v2,UCSB-CHG/CHIRPS/DAILY,1991-2020,IBGE_2024
2923506,Palmeiras,BA,737.797,9,set,14.978510659042866,OK,1991,2020,30,CHIRPS_v2,UCSB-CHG/CHIRPS/DAILY,1991-2020,IBGE_2024
2930808,Souto Soares,BA,1026.638,9,set,12.752201329343661,OK,1991,2020,30,CHIRPS_v2,UCSB-CHG/CHIRPS/DAILY,1991-2020,IBGE_2024
2923035,Novo Horizonte,BA,627.5,9,set,4.403807253439318,OK,1991,2020,30,CHIRPS_v2,UCSB-CHG/CHIRPS/DAILY,1991-2020,IBGE_2024
2914406,Iraquara,BA,991.821,9,set,12.835648554926426,OK,1991,2020,30,CHIRPS_v2,UCSB-CHG/CHIRPS/DAILY,1991-2020,IBGE_2024
2929909,Seabra,BA,2402.17,9,set,9.742072934264096,OK,1991,2020,30,CHIRPS_v2,UCSB-CHG/CHIRPS/DAILY,1991-2020,IBGE_2024
2921906,Mucugê,BA,2462.689,9,set,16.927724717772218,OK,1991,2020,30,CHIRPS_v2,UCSB-CHG/CHIRPS/DAILY,1991-2020,IBGE_2024
2913002,Ibitiara,BA,1834.003,9,set,3.5757462121172905,OK,1991,2020,30,CHIRPS_v2,UCSB-CHG/CHIRPS/DAILY,1991-2020,IBGE_2024
2904001,Boninal,BA,896.857,9,set,13.579070824439825,OK,1991,2020,30,CHIRPS_v2,UCSB-CHG/CHIRPS/DAILY,1991-2020,IBGE_2024
2919306,Lençóis,BA,1282.981,9,set,20.915982732186162,OK,1991,2020,30,CHIRPS_v2,UCSB-CHG/CHIRPS/DAILY,1991-2020,IBGE_2024
3136603,Nova União,MG,172.131,9,set,42.817066773500386,OK,1991,2020,30,CHIRPS_v2,UCSB-CHG/CHIRPS/DAILY,1991-2020,IBGE_2024
3168309,Taquaraçu de Minas,MG,329.287,9,set,39.27351349290666,OK,1991,2020,30,CHIRPS_v2,UCSB-CHG/CHIRPS/DAILY,1991-2020,IBGE_2024
3134608,Jaboticatubas,MG,1114.972,9,set,36.12443288478751,OK,1991,2020,30,CHIRPS_v2,UCSB-CHG/CHIRPS/DAILY,1991-2020,IBGE_2024
3126000,Florestal,MG,194.965,9,set,43.76884166892304,OK,1991,2020,30,CHIRPS_v2,UCSB-CHG/CHIRPS/DAILY,1991-2020,IBGE_2024
3142304,Moeda,MG,154.129,9,set,53.65939648017301,OK,1991,2020,30,CHIRPS_v2,UCSB-CHG/CHIRPS/DAILY,1991-2020,IBGE_2024
3140704,Mateus Leme,MG,302.312,9,set,45.61739227337152,OK,1991,2020,30,CHIRPS_v2,UCSB-CHG/CHIRPS/DAILY,1991-2020,IBGE_2024
3162955,São José da Lapa,MG,48.135,9,set,41.4081815999912,OK,1991,2020,30,CHIRPS_v2,UCSB-CHG/CHIRPS/DAILY,1991-2020,IBGE_2024
3129806,Ibirité,MG,72.389,9,set,48.88410333925416,OK,1991,2020,30,CHIRPS_v2,UCSB-CHG/CHIRPS/DAILY,1991-2020,IBGE_2024
3137601,Lagoa Santa,MG,229.741,9,set,39.01127233945184,OK,1991,2020,30,CHIRPS_v2,UCSB-CHG/CHIRPS/DAILY,1991-2020,IBGE_2024
3153905,Raposos,MG,72.228,9,set,53.39448415293823,OK,1991,2020,30,CHIRPS_v2,UCSB-CHG/CHIRPS/DAILY,1991-2020,IBGE_2024
3144805,Nova Lima,MG,430.115,9,set,54.20650909759784,OK,1991,2020,30,CHIRPS_v2,UCSB-CHG/CHIRPS/DAILY,1991-2020,IBGE_2024
3136652,Juatuba,MG,97.66,9,set,45.4664182702213,OK,1991,2020,30,CHIRPS_v2,UCSB-CHG/CHIRPS/DAILY,1991-2020,IBGE_2024
3110004,Caeté,MG,542.531,9,set,49.281036151782494,OK,1991,2020,30,CHIRPS_v2,UCSB-CHG/CHIRPS/DAILY,1991-2020,IBGE_2024
3118601,Contagem,MG,194.732,9,set,44.87521960106299,OK,1991,2020,30,CHIRPS_v2,UCSB-CHG/CHIRPS/DAILY,1991-2020,IBGE_2024
3117876,Confins,MG,42.462,9,set,40.5395258286131,OK,1991,2020,30,CHIRPS_v2,UCSB-CHG/CHIRPS/DAILY,1991-2020,IBGE_2024
3109006,Brumadinho,MG,640.63,9,set,50.487523479431104,OK,1991,2020,30,CHIRPS_v2,UCSB-CHG/CHIRPS/DAILY,1991-2020,IBGE_2024
3157807,Santa Luzia,MG,235.166,9,set,39.336178662038016,OK,1991,2020,30,CHIRPS_v2,UCSB-CHG/CHIRPS/DAILY,1991-2020,IBGE_2024
3149309,Pedro Leopoldo,MG,292.81,9,set,40.412588542853655,OK,1991,2020,30,CHIRPS_v2,UCSB-CHG/CHIRPS/DAILY,1991-2020,IBGE_2024
3165537,Sarzedo,MG,62.134,9,set,49.32351330506743,OK,1991,2020,30,CHIRPS_v2,UCSB-CHG/CHIRPS/DAILY,1991-2020,IBGE_2024
3156700,Sabará,MG,302.453,9,set,47.04054368169807,OK,1991,2020,30,CHIRPS_v2,UCSB-CHG/CHIRPS/DAILY,1991-2020,IBGE_2024
3124104,Esmeraldas,MG,909.727,9,set,41.33996510726169,OK,1991,2020,30,CHIRPS_v2,UCSB-CHG/CHIRPS/DAILY,1991-2020,IBGE_2024
3140159,Mário Campos,MG,35.196,9,set,48.64796909840184,OK,1991,2020,30,CHIRPS_v2,UCSB-CHG/CHIRPS/DAILY,1991-2020,IBGE_2024
3106705,Betim,MG,344.076,9,set,45.85011575625975,OK,1991,2020,30,CHIRPS_v2,UCSB-CHG/CHIRPS/DAILY,1991-2020,IBGE_2024
3130101,Igarapé,MG,110.894,9,set,46.86535474086929,OK,1991,2020,30,CHIRPS_v2,UCSB-CHG/CHIRPS/DAILY,1991-2020,IBGE_2024
3162922,São Joaquim de Bicas,MG,71.995,9,set,47.912019102603665,OK,1991,2020,30,CHIRPS_v2,UCSB-CHG/CHIRPS/DAILY,1991-2020,IBGE_2024
3106200,Belo Horizonte,MG,331.337,9,set,46.74403644473364,OK,1991,2020,30,CHIRPS_v2,UCSB-CHG/CHIRPS/DAILY,1991-2020,IBGE_2024
3154606,Ribeirão das Neves,MG,155.105,9,set,44.400456997196144,OK,1991,2020,30,CHIRPS_v2,UCSB-CHG/CHIRPS/DAILY,1991-2020,IBGE_2024
3171204,Vespasiano,MG,70.456,9,set,40.84485852268015,OK,1991,2020,30,CHIRPS_v2,UCSB-CHG/CHIRPS/DAILY,1991-2020,IBGE_2024
3154804,Rio Acima,MG,228.899,9,set,54.89234768115115,OK,1991,2020,30,CHIRPS_v2,UCSB-CHG/CHIRPS/DAILY,1991-2020,IBGE_2024
3153608,Prudente de Morais,MG,124.189,9,set,33.505452400210764,OK,1991,2020,30,CHIRPS_v2,UCSB-CHG/CHIRPS/DAILY,1991-2020,IBGE_2024
3167202,Sete Lagoas,MG,536.928,9,set,31.44337739852041,OK,1991,2020,30,CHIRPS_v2,UCSB-CHG/CHIRPS/DAILY,1991-2020,IBGE_2024
3131000,Inhaúma,MG,244.996,9,set,33.16522670551338,OK,1991,2020,30,CHIRPS_v2,UCSB-CHG/CHIRPS/DAILY,1991-2020,IBGE_2024
3105004,Baldim,MG,556.266,9,set,32.4117660869706,OK,1991,2020,30,CHIRPS_v2,UCSB-CHG/CHIRPS/DAILY,1991-2020,IBGE_2024
3112505,Capim Branco,MG,95.333,9,set,36.17687511240779,OK,1991,2020,30,CHIRPS_v2,UCSB-CHG/CHIRPS/DAILY,1991-2020,IBGE_2024
3135704,Jequitibá,MG,445.03,9,set,31.95620632229309,OK,1991,2020,30,CHIRPS_v2,UCSB-CHG/CHIRPS/DAILY,1991-2020,IBGE_2024
3103207,Araçaí,MG,187.53,9,set,31.68138099597026,OK,1991,2020,30,CHIRPS_v2,UCSB-CHG/CHIRPS/DAILY,1991-2020,IBGE_2024
3118908,Cordisburgo,MG,823.654,9,set,31.315822245557868,OK,1991,2020,30,CHIRPS_v2,UCSB-CHG/CHIRPS/DAILY,1991-2020,IBGE_2024
3143708,Morro do Pilar,MG,477.548,9,set,40.2571397231825,OK,1991,2020,30,CHIRPS_v2,UCSB-CHG/CHIRPS/DAILY,1991-2020,IBGE_2024
3127206,Funilândia,MG,199.797,9,set,32.23923812213071,OK,1991,2020,30,CHIRPS_v2,UCSB-CHG/CHIRPS/DAILY,1991-2020,IBGE_2024
3126406,Fortuna de Minas,MG,198.665,9,set,36.08024178633521,OK,1991,2020,30,CHIRPS_v2,UCSB-CHG/CHIRPS/DAILY,1991-2020,IBGE_2024
3109600,Cachoeira da Prata,MG,61.425,9,set,34.721875304716924,OK,1991,2020,30,CHIRPS_v2,UCSB-CHG/CHIRPS/DAILY,1991-2020,IBGE_2024
3159001,Santana do Riacho,MG,677.207,9,set,32.31885264141275,OK,1991,2020,30,CHIRPS_v2,UCSB-CHG/CHIRPS/DAILY,1991-2020,IBGE_2024
3118106,Congonhas do Norte,MG,405.671,9,set,32.308715764431724,OK,1991,2020,30,CHIRPS_v2,UCSB-CHG/CHIRPS/DAILY,1991-2020,IBGE_2024
3109907,Caetanópolis,MG,156.039,9,set,30.255200886739296,OK,1991,2020,30,CHIRPS_v2,UCSB-CHG/CHIRPS/DAILY,1991-2020,IBGE_2024
3158508,Santana de Pirapama,MG,1255.832,9,set,28.193078265374837,OK,1991,2020,30,CHIRPS_v2,UCSB-CHG/CHIRPS/DAILY,1991-2020,IBGE_2024
3117504,Conceição do Mato Dentro,MG,1720.04,9,set,35.98604356847264,OK,1991,2020,30,CHIRPS_v2,UCSB-CHG/CHIRPS/DAILY,1991-2020,IBGE_2024
3141108,Matozinhos,MG,252.453,9,set,36.62751890768612,OK,1991,2020,30,CHIRPS_v2,UCSB-CHG/CHIRPS/DAILY,1991-2020,IBGE_2024
3147402,Paraopeba,MG,625.631,9,set,30.288033959760217,OK,1991,2020,30,CHIRPS_v2,UCSB-CHG/CHIRPS/DAILY,1991-2020,IBGE_2024
3146107,Ouro Preto,MG,1246.068,9,set,56.82435657155137,OK,1991,2020,30,CHIRPS_v2,UCSB-CHG/CHIRPS/DAILY,1991-2020,IBGE_2024
3157203,Santa Bárbara,MG,684.505,9,set,53.844041529139865,OK,1991,2020,30,CHIRPS_v2,UCSB-CHG/CHIRPS/DAILY,1991-2020,IBGE_2024
3131901,Itabirito,MG,544.535,9,set,55.03188889064535,OK,1991,2020,30,CHIRPS_v2,UCSB-CHG/CHIRPS/DAILY,1991-2020,IBGE_2024
3115359,Catas Altas,MG,240.042,9,set,57.74429004566393,OK,1991,2020,30,CHIRPS_v2,UCSB-CHG/CHIRPS/DAILY,1991-2020,IBGE_2024
3140001,Mariana,MG,1194.208,9,set,56.44958482637772,OK,1991,2020,30,CHIRPS_v2,UCSB-CHG/CHIRPS/DAILY,1991-2020,IBGE_2024
3105400,Barão de Cocais,MG,340.14,9,set,52.15912845257774,OK,1991,2020,30,CHIRPS_v2,UCSB-CHG/CHIRPS/DAILY,1991-2020,IBGE_2024
3120904,Curvelo,MG,3296.2,9,set,29.869156618328116,OK,1991,2020,30,CHIRPS_v2,UCSB-CHG/CHIRPS/DAILY,1991-2020,IBGE_2024
3104809,Augusto de Lima,MG,1254.832,9,set,23.428782557383073,OK,1991,2020,30,CHIRPS_v2,UCSB-CHG/CHIRPS/DAILY,1991-2020,IBGE_2024
3153202,Presidente Juscelino,MG,695.882,9,set,28.336197166655108,OK,1991,2020,30,CHIRPS_v2,UCSB-CHG/CHIRPS/DAILY,1991-2020,IBGE_2024
3160603,Santo Hipólito,MG,430.656,9,set,26.419495883959005,OK,1991,2020,30,CHIRPS_v2,UCSB-CHG/CHIRPS/DAILY,1991-2020,IBGE_2024
3119104,Corinto,MG,2525.397,9,set,27.396046549182095,OK,1991,2020,30,CHIRPS_v2,UCSB-CHG/CHIRPS/DAILY,1991-2020,IBGE_2024
3143609,Morro da Garça,MG,414.772,9,set,28.314013270525543,OK,1991,2020,30,CHIRPS_v2,UCSB-CHG/CHIRPS/DAILY,1991-2020,IBGE_2024
3142502,Monjolos,MG,650.911,9,set,27.033122571893642,OK,1991,2020,30,CHIRPS_v2,UCSB-CHG/CHIRPS/DAILY,1991-2020,IBGE_2024
3109204,Buenópolis,MG,1599.881,9,set,23.683037306547725,OK,1991,2020,30,CHIRPS_v2,UCSB-CHG/CHIRPS/DAILY,1991-2020,IBGE_2024
3131109,Inimutaba,MG,527.06,9,set,30.385358476837304,OK,1991,2020,30,CHIRPS_v2,UCSB-CHG/CHIRPS/DAILY,1991-2020,IBGE_2024
3131703,Itabira,MG,1254.607,9,set,41.94132468814866,OK,1991,2020,30,CHIRPS_v2,UCSB-CHG/CHIRPS/DAILY,1991-2020,IBGE_2024
3113800,Carmésia,MG,259.103,9,set,36.1213163533247,OK,1991,2020,30,CHIRPS_v2,UCSB-CHG/CHIRPS/DAILY,1991-2020,IBGE_2024
3160504,Santo Antônio do Rio Abaixo,MG,107.269,9,set,37.88697693111224,OK,1991,2020,30,CHIRPS_v2,UCSB-CHG/CHIRPS/DAILY,1991-2020,IBGE_2024
3125903,Ferros,MG,1088.791,9,set,37.95601910753683,OK,1991,2020,30,CHIRPS_v2,UCSB-CHG/CHIRPS/DAILY,1991-2020,IBGE_2024
3158003,Santa Maria de Itabira,MG,597.441,9,set,39.933620151398095,OK,1991,2020,30,CHIRPS_v2,UCSB-CHG/CHIRPS/DAILY,1991-2020,IBGE_2024
3132800,Itambé do Mato Dentro,MG,380.34,9,set,42.079649224506156,OK,1991,2020,30,CHIRPS_v2,UCSB-CHG/CHIRPS/DAILY,1991-2020,IBGE_2024
3164803,São Sebastião do Rio Preto,MG,128.002,9,set,37.92857862986384,OK,1991,2020,30,CHIRPS_v2,UCSB-CHG/CHIRPS/DAILY,1991-2020,IBGE_2024
3107703,Bom Jesus do Amparo,MG,195.611,9,set,46.931779736659436,OK,1991,2020,30,CHIRPS_v2,UCSB-CHG/CHIRPS/DAILY,1991-2020,IBGE_2024
3147501,Passabém,MG,94.183,9,set,37.44766865858106,OK,1991,2020,30,CHIRPS_v2,UCSB-CHG/CHIRPS/DAILY,1991-2020,IBGE_2024
3143302,Montes Claros,MG,3589.811,9,set,17.9180091103001,OK,1991,2020,30,CHIRPS_v2,UCSB-CHG/CHIRPS/DAILY,1991-2020,IBGE_2024
3129657,Ibiracatu,MG,353.257,9,set,11.874411375884993,OK,1991,2020,30,CHIRPS_v2,UCSB-CHG/CHIRPS/DAILY,1991-2020,IBGE_2024
3162401,São João da Ponte,MG,1851.102,9,set,12.395920200121282,OK,1991,2020,30,CHIRPS_v2,UCSB-CHG/CHIRPS/DAILY,1991-2020,IBGE_2024
3162252,São João da Lagoa,MG,998.015,9,set,19.393062082338773,OK,1991,2020,30,CHIRPS_v2,UCSB-CHG/CHIRPS/DAILY,1991-2020,IBGE_2024
3162658,São João do Pacuí,MG,415.922,9,set,16.692239675542844,OK,1991,2020,30,CHIRPS_v2,UCSB-CHG/CHIRPS/DAILY,1991-2020,IBGE_2024
3145455,Olhos-d'Água,MG,2092.078,9,set,23.228658948759367,OK,1991,2020,30,CHIRPS_v2,UCSB-CHG/CHIRPS/DAILY,1991-2020,IBGE_2024
3137304,Lagoa dos Patos,MG,600.547,9,set,17.257173780149625,OK,1991,2020,30,CHIRPS_v2,UCSB-CHG/CHIRPS/DAILY,1991-2020,IBGE_2024
3112703,Capitão Enéas,MG,971.576,9,set,11.412039526663412,OK,1991,2020,30,CHIRPS_v2,UCSB-CHG/CHIRPS/DAILY,1991-2020,IBGE_2024
3136801,Juramento,MG,431.63,9,set,17.59431983274439,OK,1991,2020,30,CHIRPS_v2,UCSB-CHG/CHIRPS/DAILY,1991-2020,IBGE_2024
3120300,Cristália,MG,840.702,9,set,15.430160118040236,OK,1991,2020,30,CHIRPS_v2,UCSB-CHG/CHIRPS/DAILY,1991-2020,IBGE_2024
3136579,Josenópolis,MG,541.393,9,set,14.646666559256236,OK,1991,2020,30,CHIRPS_v2,UCSB-CHG/CHIRPS/DAILY,1991-2020,IBGE_2024
3128253,Guaraciama,MG,390.263,9,set,21.298987271018376,OK,1991,2020,30,CHIRPS_v2,UCSB-CHG/CHIRPS/DAILY,1991-2020,IBGE_2024
3136405,Joaquim Felício,MG,790.935,9,set,23.81689833071606,OK,1991,2020,30,CHIRPS_v2,UCSB-CHG/CHIRPS/DAILY,1991-2020,IBGE_2024
3135605,Jequitaí,MG,1268.443,9,set,17.797208283283467,OK,1991,2020,30,CHIRPS_v2,UCSB-CHG/CHIRPS/DAILY,1991-2020,IBGE_2024
3111150,Campo Azul,MG,505.914,9,set,14.203649442499296,OK,1991,2020,30,CHIRPS_v2,UCSB-CHG/CHIRPS/DAILY,1991-2020,IBGE_2024
3127800,Grão Mogol,MG,3885.294,9,set,16.220326760671067,OK,1991,2020,30,CHIRPS_v2,UCSB-CHG/CHIRPS/DAILY,1991-2020,IBGE_2024
3118809,Coração de Jesus,MG,2225.216,9,set,18.36410384644088,OK,1991,2020,30,CHIRPS_v2,UCSB-CHG/CHIRPS/DAILY,1991-2020,IBGE_2024
3127354,Glaucilândia,MG,145.861,9,set,18.810929393306036,OK,1991,2020,30,CHIRPS_v2,UCSB-CHG/CHIRPS/DAILY,1991-2020,IBGE_2024
3135357,Japonvar,MG,375.181,9,set,12.50151674109371,OK,1991,2020,30,CHIRPS_v2,UCSB-CHG/CHIRPS/DAILY,1991-2020,IBGE_2024
3126604,Francisco Dumont,MG,1576.128,9,set,22.845947450434647,OK,1991,2020,30,CHIRPS_v2,UCSB-CHG/CHIRPS/DAILY,1991-2020,IBGE_2024
3126703,Francisco Sá,MG,2747.295,9,set,13.736735624225185,OK,1991,2020,30,CHIRPS_v2,UCSB-CHG/CHIRPS/DAILY,1991-2020,IBGE_2024
3142007,Mirabela,MG,723.278,9,set,16.704565272468475,OK,1991,2020,30,CHIRPS_v2,UCSB-CHG/CHIRPS/DAILY,1991-2020,IBGE_2024
3108602,Brasília de Minas,MG,1399.484,9,set,14.766436072646629,OK,1991,2020,30,CHIRPS_v2,UCSB-CHG/CHIRPS/DAILY,1991-2020,IBGE_2024
3108503,Botumirim,MG,1568.884,9,set,17.203650143754928,OK,1991,2020,30,CHIRPS_v2,UCSB-CHG/CHIRPS/DAILY,1991-2020,IBGE_2024
3116506,Claro dos Poções,MG,720.424,9,set,19.16184653453451,OK,1991,2020,30,CHIRPS_v2,UCSB-CHG/CHIRPS/DAILY,1991-2020,IBGE_2024
3132008,Itacambira,MG,1788.445,9,set,20.36389580278099,OK,1991,2020,30,CHIRPS_v2,UCSB-CHG/CHIRPS/DAILY,1991-2020,IBGE_2024
3123809,Engenheiro Navarro,MG,608.306,9,set,20.8466082356536,OK,1991,2020,30,CHIRPS_v2,UCSB-CHG/CHIRPS/DAILY,1991-2020,IBGE_2024
3147956,Patis,MG,444.196,9,set,15.852452239099227,OK,1991,2020,30,CHIRPS_v2,UCSB-CHG/CHIRPS/DAILY,1991-2020,IBGE_2024
3107307,Bocaiúva,MG,3206.757,9,set,21.01486873025113,OK,1991,2020,30,CHIRPS_v2,UCSB-CHG/CHIRPS/DAILY,1991-2020,IBGE_2024
3138682,Luislândia,MG,411.714,9,set,13.016783447755033,OK,1991,2020,30,CHIRPS_v2,UCSB-CHG/CHIRPS/DAILY,1991-2020,IBGE_2024
3138658,Lontra,MG,258.925,9,set,12.109916476314726,OK,1991,2020,30,CHIRPS_v2,UCSB-CHG/CHIRPS/DAILY,1991-2020,IBGE_2024
3170909,Varzelândia,MG,814.994,9,set,10.711710020622075,OK,1991,2020,30,CHIRPS_v2,UCSB-CHG/CHIRPS/DAILY,1991-2020,IBGE_2024
3145059,Nova Porteirinha,MG,120.944,9,set,8.356658123657668,OK,1991,2020,30,CHIRPS_v2,UCSB-CHG/CHIRPS/DAILY,1991-2020,IBGE_2024
3152204,Porteirinha,MG,1749.683,9,set,10.400481264662742,OK,1991,2020,30,CHIRPS_v2,UCSB-CHG/CHIRPS/DAILY,1991-2020,IBGE_2024
3135100,Janaúba,MG,2181.319,9,set,8.774538217121902,OK,1991,2020,30,CHIRPS_v2,UCSB-CHG/CHIRPS/DAILY,1991-2020,IBGE_2024
3135050,Jaíba,MG,2635.467,9,set,9.104692554622648,OK,1991,2020,30,CHIRPS_v2,UCSB-CHG/CHIRPS/DAILY,1991-2020,IBGE_2024
3166956,Serranópolis de Minas,MG,551.954,9,set,13.506604533524314,OK,1991,2020,30,CHIRPS_v2,UCSB-CHG/CHIRPS/DAILY,1991-2020,IBGE_2024
3142254,Miravânia,MG,602.128,9,set,12.294901247452524,OK,1991,2020,30,CHIRPS_v2,UCSB-CHG/CHIRPS/DAILY,1991-2020,IBGE_2024
3140852,Matias Cardoso,MG,1940.597,9,set,9.374362963214995,OK,1991,2020,30,CHIRPS_v2,UCSB-CHG/CHIRPS/DAILY,1991-2020,IBGE_2024
3139300,Manga,MG,1950.184,9,set,8.917203080133898,OK,1991,2020,30,CHIRPS_v2,UCSB-CHG/CHIRPS/DAILY,1991-2020,IBGE_2024
3146552,Pai Pedro,MG,839.805,9,set,7.681774313951963,OK,1991,2020,30,CHIRPS_v2,UCSB-CHG/CHIRPS/DAILY,1991-2020,IBGE_2024
3171030,Verdelândia,MG,1570.582,9,set,8.683887642971293,OK,1991,2020,30,CHIRPS_v2,UCSB-CHG/CHIRPS/DAILY,1991-2020,IBGE_2024
3154507,Riacho dos Machados,MG,1315.54,9,set,14.344539157844476,OK,1991,2020,30,CHIRPS_v2,UCSB-CHG/CHIRPS/DAILY,1991-2020,IBGE_2024
3146255,Padre Carvalho,MG,446.275,9,set,17.665863283535998,OK,1991,2020,30,CHIRPS_v2,UCSB-CHG/CHIRPS/DAILY,1991-2020,IBGE_2024
3170651,Vargem Grande do Rio Pardo,MG,491.512,9,set,16.561991890254504,OK,1991,2020,30,CHIRPS_v2,UCSB-CHG/CHIRPS/DAILY,1991-2020,IBGE_2024
3120870,Curral de Dentro,MG,570.95,9,set,17.10767022372488,OK,1991,2020,30,CHIRPS_v2,UCSB-CHG/CHIRPS/DAILY,1991-2020,IBGE_2024
3145372,Novorizonte,MG,271.61,9,set,15.099411509417967,OK,1991,2020,30,CHIRPS_v2,UCSB-CHG/CHIRPS/DAILY,1991-2020,IBGE_2024
3144656,Ninheira,MG,1108.27,9,set,16.45246908678361,OK,1991,2020,30,CHIRPS_v2,UCSB-CHG/CHIRPS/DAILY,1991-2020,IBGE_2024
3168002,Taiobeiras,MG,1220.045,9,set,15.168069165308196,OK,1991,2020,30,CHIRPS_v2,UCSB-CHG/CHIRPS/DAILY,1991-2020,IBGE_2024
3127073,Fruta de Leite,MG,762.837,9,set,15.39272459522614,OK,1991,2020,30,CHIRPS_v2,UCSB-CHG/CHIRPS/DAILY,1991-2020,IBGE_2024
3157377,Santa Cruz de Salinas,MG,589.607,9,set,17.10246242422623,OK,1991,2020,30,CHIRPS_v2,UCSB-CHG/CHIRPS/DAILY,1991-2020,IBGE_2024
3157005,Salinas,MG,1862.117,9,set,14.604442519425612,OK,1991,2020,30,CHIRPS_v2,UCSB-CHG/CHIRPS/DAILY,1991-2020,IBGE_2024
3156502,Rubelita,MG,1110.295,9,set,16.287400717633037,OK,1991,2020,30,CHIRPS_v2,UCSB-CHG/CHIRPS/DAILY,1991-2020,IBGE_2024
3155603,Rio Pardo de Minas,MG,3117.675,9,set,16.718592760240615,OK,1991,2020,30,CHIRPS_v2,UCSB-CHG/CHIRPS/DAILY,1991-2020,IBGE_2024
3106655,Berizal,MG,488.756,9,set,16.34968728793895,OK,1991,2020,30,CHIRPS_v2,UCSB-CHG/CHIRPS/DAILY,1991-2020,IBGE_2024
3130655,Indaiabira,MG,1004.149,9,set,15.620639747094529,OK,1991,2020,30,CHIRPS_v2,UCSB-CHG/CHIRPS/DAILY,1991-2020,IBGE_2024
3162708,São João do Paraíso,MG,1925.575,9,set,16.19982024025807,OK,1991,2020,30,CHIRPS_v2,UCSB-CHG/CHIRPS/DAILY,1991-2020,IBGE_2024
3162450,São João das Missões,MG,678.274,9,set,11.273801604489321,OK,1991,2020,30,CHIRPS_v2,UCSB-CHG/CHIRPS/DAILY,1991-2020,IBGE_2024
3136959,Juvenília,MG,1064.692,9,set,8.952867810736139,OK,1991,2020,30,CHIRPS_v2,UCSB-CHG/CHIRPS/DAILY,1991-2020,IBGE_2024
3135209,Januária,MG,6661.588,9,set,9.624870860314653,OK,1991,2020,30,CHIRPS_v2,UCSB-CHG/CHIRPS/DAILY,1991-2020,IBGE_2024
3117836,Cônego Marinho,MG,1610.469,9,set,10.236451047635686,OK,1991,2020,30,CHIRPS_v2,UCSB-CHG/CHIRPS/DAILY,1991-2020,IBGE_2024
3142700,Montalvânia,MG,1503.755,9,set,9.678752935999265,OK,1991,2020,30,CHIRPS_v2,UCSB-CHG/CHIRPS/DAILY,1991-2020,IBGE_2024
3149150,Pedras de Maria da Cruz,MG,1525.648,9,set,9.417359556135835,OK,1991,2020,30,CHIRPS_v2,UCSB-CHG/CHIRPS/DAILY,1991-2020,IBGE_2024
3132107,Itacarambi,MG,1225.273,9,set,9.569639727099084,OK,1991,2020,30,CHIRPS_v2,UCSB-CHG/CHIRPS/DAILY,1991-2020,IBGE_2024
3108255,Bonito de Minas,MG,3936.455,9,set,8.909402911878429,OK,1991,2020,30,CHIRPS_v2,UCSB-CHG/CHIRPS/DAILY,1991-2020,IBGE_2024
3151206,Pirapora,MG,549.514,9,set,22.154008953067827,OK,1991,2020,30,CHIRPS_v2,UCSB-CHG/CHIRPS/DAILY,1991-2020,IBGE_2024
3170008,Ubaí,MG,820.524,9,set,11.982070666255982,OK,1991,2020,30,CHIRPS_v2,UCSB-CHG/CHIRPS/DAILY,1991-2020,IBGE_2024
3161106,São Francisco,MG,3308.1,9,set,11.017177793229216,OK,1991,2020,30,CHIRPS_v2,UCSB-CHG/CHIRPS/DAILY,1991-2020,IBGE_2024
3130051,Icaraí de Minas,MG,625.664,9,set,10.904159169514575,OK,1991,2020,30,CHIRPS_v2,UCSB-CHG/CHIRPS/DAILY,1991-2020,IBGE_2024
3160454,Santo Antônio do Retiro,MG,796.29,9,set,14.975060335050717,OK,1991,2020,30,CHIRPS_v2,UCSB-CHG/CHIRPS/DAILY,1991-2020,IBGE_2024
3143450,Montezuma,MG,1130.419,9,set,16.69909957805464,OK,1991,2020,30,CHIRPS_v2,UCSB-CHG/CHIRPS/DAILY,1991-2020,IBGE_2024
3127339,Gameleiras,MG,1733.203,9,set,9.130968613820494,OK,1991,2020,30,CHIRPS_v2,UCSB-CHG/CHIRPS/DAILY,1991-2020,IBGE_2024
3142908,Monte Azul,MG,1001.296,9,set,7.920706427189501,OK,1991,2020,30,CHIRPS_v2,UCSB-CHG/CHIRPS/DAILY,1991-2020,IBGE_2024
3124302,Espinosa,MG,1868.97,9,set,11.408239697229217,OK,1991,2020,30,CHIRPS_v2,UCSB-CHG/CHIRPS/DAILY,1991-2020,IBGE_2024
3141009,Mato Verde,MG,472.245,9,set,7.9349065025100645,OK,1991,2020,30,CHIRPS_v2,UCSB-CHG/CHIRPS/DAILY,1991-2020,IBGE_2024
3115474,Catuti,MG,287.812,9,set,7.075021991858171,OK,1991,2020,30,CHIRPS_v2,UCSB-CHG/CHIRPS/DAILY,1991-2020,IBGE_2024
3139250,Mamonas,MG,284.365,9,set,12.948140412672068,OK,1991,2020,30,CHIRPS_v2,UCSB-CHG/CHIRPS/DAILY,1991-2020,IBGE_2024
3168606,Teófilo Otoni,MG,3242.27,9,set,28.291836606037478,OK,1991,2020,30,CHIRPS_v2,UCSB-CHG/CHIRPS/DAILY,1991-2020,IBGE_2024
3146206,Ouro Verde de Minas,MG,175.482,9,set,27.45211631227969,OK,1991,2020,30,CHIRPS_v2,UCSB-CHG/CHIRPS/DAILY,1991-2020,IBGE_2024
3146305,Padre Paraíso,MG,544.375,9,set,14.159242395912774,OK,1991,2020,30,CHIRPS_v2,UCSB-CHG/CHIRPS/DAILY,1991-2020,IBGE_2024
3145307,Novo Cruzeiro,MG,1702.981,9,set,19.51068491234547,OK,1991,2020,30,CHIRPS_v2,UCSB-CHG/CHIRPS/DAILY,1991-2020,IBGE_2024
3145356,Novo Oriente de Minas,MG,755.151,9,set,19.768697772757637,OK,1991,2020,30,CHIRPS_v2,UCSB-CHG/CHIRPS/DAILY,1991-2020,IBGE_2024
3113008,Caraí,MG,1242.345,9,set,16.59433165741645,OK,1991,2020,30,CHIRPS_v2,UCSB-CHG/CHIRPS/DAILY,1991-2020,IBGE_2024
3144904,Nova Módica,MG,375.973,9,set,27.49542145471106,OK,1991,2020,30,CHIRPS_v2,UCSB-CHG/CHIRPS/DAILY,1991-2020,IBGE_2024
3104700,Ataléia,MG,1836.933,9,set,32.46087882985813,OK,1991,2020,30,CHIRPS_v2,UCSB-CHG/CHIRPS/DAILY,1991-2020,IBGE_2024
3137007,Ladainha,MG,866.29,9,set,21.291797065791236,OK,1991,2020,30,CHIRPS_v2,UCSB-CHG/CHIRPS/DAILY,1991-2020,IBGE_2024
3144300,Nanuque,MG,1518.166,9,set,37.8202096491286,OK,1991,2020,30,CHIRPS_v2,UCSB-CHG/CHIRPS/DAILY,1991-2020,IBGE_2024
3152170,Ponto dos Volantes,MG,1212.413,9,set,10.863686103363346,OK,1991,2020,30,CHIRPS_v2,UCSB-CHG/CHIRPS/DAILY,1991-2020,IBGE_2024
3152402,Poté,MG,625.111,9,set,24.812949703921717,OK,1991,2020,30,CHIRPS_v2,UCSB-CHG/CHIRPS/DAILY,1991-2020,IBGE_2024
3110806,Campanário,MG,442.398,9,set,31.6273976436503,OK,1991,2020,30,CHIRPS_v2,UCSB-CHG/CHIRPS/DAILY,1991-2020,IBGE_2024
3143153,Monte Formoso,MG,385.553,9,set,7.610414268748852,OK,1991,2020,30,CHIRPS_v2,UCSB-CHG/CHIRPS/DAILY,1991-2020,IBGE_2024
3126752,Franciscópolis,MG,717.087,9,set,29.29839433739365,OK,1991,2020,30,CHIRPS_v2,UCSB-CHG/CHIRPS/DAILY,1991-2020,IBGE_2024
3126802,Frei Gaspar,MG,626.672,9,set,28.70636840279948,OK,1991,2020,30,CHIRPS_v2,UCSB-CHG/CHIRPS/DAILY,1991-2020,IBGE_2024
3150000,Pescador,MG,317.463,9,set,28.9606957822444,OK,1991,2020,30,CHIRPS_v2,UCSB-CHG/CHIRPS/DAILY,1991-2020,IBGE_2024
3166709,Serra dos Aimorés,MG,213.574,9,set,42.23122405418354,OK,1991,2020,30,CHIRPS_v2,UCSB-CHG/CHIRPS/DAILY,1991-2020,IBGE_2024
3133303,Itaobim,MG,679.024,9,set,12.04584662336782,OK,1991,2020,30,CHIRPS_v2,UCSB-CHG/CHIRPS/DAILY,1991-2020,IBGE_2024
3132701,Itambacuri,MG,1419.209,9,set,30.625469512474805,OK,1991,2020,30,CHIRPS_v2,UCSB-CHG/CHIRPS/DAILY,1991-2020,IBGE_2024
3165552,Setubinha,MG,534.655,9,set,24.6577892959591,OK,1991,2020,30,CHIRPS_v2,UCSB-CHG/CHIRPS/DAILY,1991-2020,IBGE_2024
3148509,Pavão,MG,601.19,9,set,36.91517111028233,OK,1991,2020,30,CHIRPS_v2,UCSB-CHG/CHIRPS/DAILY,1991-2020,IBGE_2024
3132305,Itaipé,MG,480.829,9,set,16.38077307893668,OK,1991,2020,30,CHIRPS_v2,UCSB-CHG/CHIRPS/DAILY,1991-2020,IBGE_2024
3115458,Catuji,MG,419.38,9,set,18.822557204797377,OK,1991,2020,30,CHIRPS_v2,UCSB-CHG/CHIRPS/DAILY,1991-2020,IBGE_2024
3139201,Malacacheta,MG,727.886,9,set,27.33854218277989,OK,1991,2020,30,CHIRPS_v2,UCSB-CHG/CHIRPS/DAILY,1991-2020,IBGE_2024
3163300,São José do Divino,MG,328.704,9,set,27.2025192616026,OK,1991,2020,30,CHIRPS_v2,UCSB-CHG/CHIRPS/DAILY,1991-2020,IBGE_2024
3113701,Carlos Chagas,MG,3202.984,9,set,40.637665280408825,OK,1991,2020,30,CHIRPS_v2,UCSB-CHG/CHIRPS/DAILY,1991-2020,IBGE_2024
3104452,Aricanduva,MG,243.329,9,set,24.15170346275465,OK,1991,2020,30,CHIRPS_v2,UCSB-CHG/CHIRPS/DAILY,1991-2020,IBGE_2024
3169703,Turmalina,MG,1153.111,9,set,15.555260466115094,OK,1991,2020,30,CHIRPS_v2,UCSB-CHG/CHIRPS/DAILY,1991-2020,IBGE_2024
3112307,Capelinha,MG,965.292,9,set,22.039182776137793,OK,1991,2020,30,CHIRPS_v2,UCSB-CHG/CHIRPS/DAILY,1991-2020,IBGE_2024
3102852,Angelândia,MG,185.211,9,set,25.673914753351895,OK,1991,2020,30,CHIRPS_v2,UCSB-CHG/CHIRPS/DAILY,1991-2020,IBGE_2024
3141801,Minas Novas,MG,1812.398,9,set,17.622258235211692,OK,1991,2020,30,CHIRPS_v2,UCSB-CHG/CHIRPS/DAILY,1991-2020,IBGE_2024
3100609,Água Boa,MG,1320.344,9,set,29.11297351762439,OK,1991,2020,30,CHIRPS_v2,UCSB-CHG/CHIRPS/DAILY,1991-2020,IBGE_2024
3132503,Itamarandiba,MG,2735.665,9,set,22.010257762494216,OK,1991,2020,30,CHIRPS_v2,UCSB-CHG/CHIRPS/DAILY,1991-2020,IBGE_2024
3116100,Chapada do Norte,MG,830.833,9,set,16.475452325133745,OK,1991,2020,30,CHIRPS_v2,UCSB-CHG/CHIRPS/DAILY,1991-2020,IBGE_2024
3171071,Veredinha,MG,631.691,9,set,16.354963529564724,OK,1991,2020,30,CHIRPS_v2,UCSB-CHG/CHIRPS/DAILY,1991-2020,IBGE_2024
3138351,Leme do Prado,MG,280.036,9,set,15.687972114609222,OK,1991,2020,30,CHIRPS_v2,UCSB-CHG/CHIRPS/DAILY,1991-2020,IBGE_2024
3105202,Bandeira,MG,483.789,9,set,20.35692195117772,OK,1991,2020,30,CHIRPS_v2,UCSB-CHG/CHIRPS/DAILY,1991-2020,IBGE_2024
3136504,Jordânia,MG,546.705,9,set,13.110053642606983,OK,1991,2020,30,CHIRPS_v2,UCSB-CHG/CHIRPS/DAILY,1991-2020,IBGE_2024
3135803,Jequitinhonha,MG,3514.216,9,set,11.840632945870766,OK,1991,2020,30,CHIRPS_v2,UCSB-CHG/CHIRPS/DAILY,1991-2020,IBGE_2024
3160306,Santo Antônio do Jacinto,MG,503.706,9,set,2.2046620832829493,OK,1991,2020,30,CHIRPS_v2,UCSB-CHG/CHIRPS/DAILY,1991-2020,IBGE_2024
3136009,Joaíma,MG,1664.19,9,set,9.342058252233336,OK,1991,2020,30,CHIRPS_v2,UCSB-CHG/CHIRPS/DAILY,1991-2020,IBGE_2024
3134707,Jacinto,MG,1393.609,9,set,15.154114370474822,OK,1991,2020,30,CHIRPS_v2,UCSB-CHG/CHIRPS/DAILY,1991-2020,IBGE_2024
3101706,Almenara,MG,2294.426,9,set,21.061360047707172,OK,1991,2020,30,CHIRPS_v2,UCSB-CHG/CHIRPS/DAILY,1991-2020,IBGE_2024
3158102,Santa Maria do Salto,MG,440.605,9,set,7.19535052209719,OK,1991,2020,30,CHIRPS_v2,UCSB-CHG/CHIRPS/DAILY,1991-2020,IBGE_2024
3125606,Felisburgo,MG,596.215,9,set,6.833277763049406,OK,1991,2020,30,CHIRPS_v2,UCSB-CHG/CHIRPS/DAILY,1991-2020,IBGE_2024
3157104,Salto da Divisa,MG,938.008,9,set,24.249456472490305,OK,1991,2020,30,CHIRPS_v2,UCSB-CHG/CHIRPS/DAILY,1991-2020,IBGE_2024
3156601,Rubim,MG,965.174,9,set,6.63327753234116,OK,1991,2020,30,CHIRPS_v2,UCSB-CHG/CHIRPS/DAILY,1991-2020,IBGE_2024
3140555,Mata Verde,MG,227.539,9,set,27.791486658214733,OK,1991,2020,30,CHIRPS_v2,UCSB-CHG/CHIRPS/DAILY,1991-2020,IBGE_2024
3155108,Rio do Prado,MG,479.815,9,set,4.806843006242133,OK,1991,2020,30,CHIRPS_v2,UCSB-CHG/CHIRPS/DAILY,1991-2020,IBGE_2024
3146750,Palmópolis,MG,433.154,9,set,5.903385353262223,OK,1991,2020,30,CHIRPS_v2,UCSB-CHG/CHIRPS/DAILY,1991-2020,IBGE_2024
3121605,Diamantina,MG,3891.659,9,set,28.085480531598805,OK,1991,2020,30,CHIRPS_v2,UCSB-CHG/CHIRPS/DAILY,1991-2020,IBGE_2024
3113503,Carbonita,MG,1456.095,9,set,18.804027943175907,OK,1991,2020,30,CHIRPS_v2,UCSB-CHG/CHIRPS/DAILY,1991-2020,IBGE_2024
3121001,Datas,MG,310.099,9,set,34.33700017773871,OK,1991,2020,30,CHIRPS_v2,UCSB-CHG/CHIRPS/DAILY,1991-2020,IBGE_2024
3153301,Presidente Kubitschek,MG,189.235,9,set,34.66784650943628,OK,1991,2020,30,CHIRPS_v2,UCSB-CHG/CHIRPS/DAILY,1991-2020,IBGE_2024
3120102,Couto de Magalhães de Minas,MG,485.654,9,set,28.920963440890468,OK,1991,2020,30,CHIRPS_v2,UCSB-CHG/CHIRPS/DAILY,1991-2020,IBGE_2024
3127602,Gouveia,MG,866.601,9,set,30.92981294991507,OK,1991,2020,30,CHIRPS_v2,UCSB-CHG/CHIRPS/DAILY,1991-2020,IBGE_2024
3160207,Santo Antônio do Itambé,MG,305.737,9,set,33.44264425896453,OK,1991,2020,30,CHIRPS_v2,UCSB-CHG/CHIRPS/DAILY,1991-2020,IBGE_2024
3102407,Alvorada de Minas,MG,374.008,9,set,34.93141603563804,OK,1991,2020,30,CHIRPS_v2,UCSB-CHG/CHIRPS/DAILY,1991-2020,IBGE_2024
3167103,Serro,MG,1217.813,9,set,33.61677959790228,OK,1991,2020,30,CHIRPS_v2,UCSB-CHG/CHIRPS/DAILY,1991-2020,IBGE_2024
3125507,São Gonçalo do Rio Preto,MG,314.458,9,set,27.87616764588863,OK,1991,2020,30,CHIRPS_v2,UCSB-CHG/CHIRPS/DAILY,1991-2020,IBGE_2024
3166501,Serra Azul de Minas,MG,218.595,9,set,33.279901268653106,OK,1991,2020,30,CHIRPS_v2,UCSB-CHG/CHIRPS/DAILY,1991-2020,IBGE_2024
3125408,Felício dos Santos,MG,357.622,9,set,29.427286230800423,OK,1991,2020,30,CHIRPS_v2,UCSB-CHG/CHIRPS/DAILY,1991-2020,IBGE_2024
3165909,Senador Modestino Gonçalves,MG,952.055,9,set,25.664827257832577,OK,1991,2020,30,CHIRPS_v2,UCSB-CHG/CHIRPS/DAILY,1991-2020,IBGE_2024
3136520,José Gonçalves de Minas,MG,381.332,9,set,15.458088246789877,OK,1991,2020,30,CHIRPS_v2,UCSB-CHG/CHIRPS/DAILY,1991-2020,IBGE_2024
3103405,Araçuaí,MG,2236.279,9,set,14.665873220802423,OK,1991,2020,30,CHIRPS_v2,UCSB-CHG/CHIRPS/DAILY,1991-2020,IBGE_2024
3119500,Coronel Murta,MG,815.413,9,set,15.136767436618532,OK,1991,2020,30,CHIRPS_v2,UCSB-CHG/CHIRPS/DAILY,1991-2020,IBGE_2024
3135456,Jenipapo de Minas,MG,284.453,9,set,17.262244901694853,OK,1991,2020,30,CHIRPS_v2,UCSB-CHG/CHIRPS/DAILY,1991-2020,IBGE_2024
3126505,Francisco Badaró,MG,461.481,9,set,14.609336858914553,OK,1991,2020,30,CHIRPS_v2,UCSB-CHG/CHIRPS/DAILY,1991-2020,IBGE_2024
3134004,Itinga,MG,1649.622,9,set,14.679233455161695,OK,1991,2020,30,CHIRPS_v2,UCSB-CHG/CHIRPS/DAILY,1991-2020,IBGE_2024
3106507,Berilo,MG,587.106,9,set,13.677190649050662,OK,1991,2020,30,CHIRPS_v2,UCSB-CHG/CHIRPS/DAILY,1991-2020,IBGE_2024
3171600,Virgem da Lapa,MG,868.914,9,set,10.813960732221805,OK,1991,2020,30,CHIRPS_v2,UCSB-CHG/CHIRPS/DAILY,1991-2020,IBGE_2024
3102704,Cachoeira de Pajeú,MG,695.672,9,set,17.32303472618443,OK,1991,2020,30,CHIRPS_v2,UCSB-CHG/CHIRPS/DAILY,1991-2020,IBGE_2024
3141405,Medina,MG,1435.903,9,set,15.288540806291818,OK,1991,2020,30,CHIRPS_v2,UCSB-CHG/CHIRPS/DAILY,1991-2020,IBGE_2024
3101003,Águas Vermelhas,MG,1256.607,9,set,17.41901596685825,OK,1991,2020,30,CHIRPS_v2,UCSB-CHG/CHIRPS/DAILY,1991-2020,IBGE_2024
3117009,Comercinho,MG,654.961,9,set,17.60301123936254,OK,1991,2020,30,CHIRPS_v2,UCSB-CHG/CHIRPS/DAILY,1991-2020,IBGE_2024
3148707,Pedra Azul,MG,1594.651,9,set,20.25573325377553,OK,1991,2020,30,CHIRPS_v2,UCSB-CHG/CHIRPS/DAILY,1991-2020,IBGE_2024
3122454,Divisópolis,MG,572.926,9,set,31.383615569727535,OK,1991,2020,30,CHIRPS_v2,UCSB-CHG/CHIRPS/DAILY,1991-2020,IBGE_2024
3122355,Divisa Alegre,MG,117.802,9,set,18.10564070045948,OK,1991,2020,30,CHIRPS_v2,UCSB-CHG/CHIRPS/DAILY,1991-2020,IBGE_2024
3170305,Umburatiba,MG,405.834,9,set,33.15073013218793,OK,1991,2020,30,CHIRPS_v2,UCSB-CHG/CHIRPS/DAILY,1991-2020,IBGE_2024
3120151,Crisólita,MG,966.202,9,set,28.43466061670508,OK,1991,2020,30,CHIRPS_v2,UCSB-CHG/CHIRPS/DAILY,1991-2020,IBGE_2024
3127057,Fronteira dos Vales,MG,320.757,9,set,14.756680678607124,OK,1991,2020,30,CHIRPS_v2,UCSB-CHG/CHIRPS/DAILY,1991-2020,IBGE_2024
3100906,Águas Formosas,MG,820.079,9,set,19.97243092998678,OK,1991,2020,30,CHIRPS_v2,UCSB-CHG/CHIRPS/DAILY,1991-2020,IBGE_2024
3157658,Santa Helena de Minas,MG,276.433,9,set,16.354952177157607,OK,1991,2020,30,CHIRPS_v2,UCSB-CHG/CHIRPS/DAILY,1991-2020,IBGE_2024
3106606,Bertópolis,MG,427.803,9,set,21.935249331880957,OK,1991,2020,30,CHIRPS_v2,UCSB-CHG/CHIRPS/DAILY,1991-2020,IBGE_2024
3138906,Machacalis,MG,332.378,9,set,24.802031689500623,OK,1991,2020,30,CHIRPS_v2,UCSB-CHG/CHIRPS/DAILY,1991-2020,IBGE_2024
3127701,Governador Valadares,MG,2342.376,9,set,32.67850657602542,OK,1991,2020,30,CHIRPS_v2,UCSB-CHG/CHIRPS/DAILY,1991-2020,IBGE_2024
3112653,Capitão Andrade,MG,279.088,9,set,29.472870623519473,OK,1991,2020,30,CHIRPS_v2,UCSB-CHG/CHIRPS/DAILY,1991-2020,IBGE_2024
3169505,Tumiritinga,MG,500.073,9,set,30.762659085468105,OK,1991,2020,30,CHIRPS_v2,UCSB-CHG/CHIRPS/DAILY,1991-2020,IBGE_2024
3161601,São Geraldo da Piedade,MG,152.336,9,set,31.628923673820083,OK,1991,2020,30,CHIRPS_v2,UCSB-CHG/CHIRPS/DAILY,1991-2020,IBGE_2024
3161650,São Geraldo do Baixio,MG,280.954,9,set,27.808432229471737,OK,1991,2020,30,CHIRPS_v2,UCSB-CHG/CHIRPS/DAILY,1991-2020,IBGE_2024
3127503,Gonzaga,MG,209.348,9,set,35.22861106672957,OK,1991,2020,30,CHIRPS_v2,UCSB-CHG/CHIRPS/DAILY,1991-2020,IBGE_2024
3119203,Coroaci,MG,576.274,9,set,35.27346395966272,OK,1991,2020,30,CHIRPS_v2,UCSB-CHG/CHIRPS/DAILY,1991-2020,IBGE_2024
3127370,Goiabeira,MG,112.443,9,set,35.129586371495684,OK,1991,2020,30,CHIRPS_v2,UCSB-CHG/CHIRPS/DAILY,1991-2020,IBGE_2024
3168408,Tarumirim,MG,731.753,9,set,33.80085016150095,OK,1991,2020,30,CHIRPS_v2,UCSB-CHG/CHIRPS/DAILY,1991-2020,IBGE_2024
3144201,Nacip Raydan,MG,233.493,9,set,33.926117782817784,OK,1991,2020,30,CHIRPS_v2,UCSB-CHG/CHIRPS/DAILY,1991-2020,IBGE_2024
3135076,Jampruca,MG,517.095,9,set,30.411258237995828,OK,1991,2020,30,CHIRPS_v2,UCSB-CHG/CHIRPS/DAILY,1991-2020,IBGE_2024
3126901,Frei Inocêncio,MG,469.557,9,set,32.1772424529606,OK,1991,2020,30,CHIRPS_v2,UCSB-CHG/CHIRPS/DAILY,1991-2020,IBGE_2024
3127305,Galiléia,MG,720.303,9,set,29.838860742743798,OK,1991,2020,30,CHIRPS_v2,UCSB-CHG/CHIRPS/DAILY,1991-2020,IBGE_2024
3118403,Conselheiro Pena,MG,1466.367,9,set,33.40990364270107,OK,1991,2020,30,CHIRPS_v2,UCSB-CHG/CHIRPS/DAILY,1991-2020,IBGE_2024
3101805,Alpercata,MG,166.972,9,set,30.610831439957813,OK,1991,2020,30,CHIRPS_v2,UCSB-CHG/CHIRPS/DAILY,1991-2020,IBGE_2024
3167707,Sobrália,MG,206.787,9,set,32.72384906049811,OK,1991,2020,30,CHIRPS_v2,UCSB-CHG/CHIRPS/DAILY,1991-2020,IBGE_2024
3125804,Fernandes Tourinho,MG,151.875,9,set,31.01017614933287,OK,1991,2020,30,CHIRPS_v2,UCSB-CHG/CHIRPS/DAILY,1991-2020,IBGE_2024
3133204,Itanhomi,MG,488.843,9,set,32.15104883364199,OK,1991,2020,30,CHIRPS_v2,UCSB-CHG/CHIRPS/DAILY,1991-2020,IBGE_2024
3165503,Sardoá,MG,141.904,9,set,34.02860927555994,OK,1991,2020,30,CHIRPS_v2,UCSB-CHG/CHIRPS/DAILY,1991-2020,IBGE_2024
3157500,Santa Efigênia de Minas,MG,131.965,9,set,32.46805995776866,OK,1991,2020,30,CHIRPS_v2,UCSB-CHG/CHIRPS/DAILY,1991-2020,IBGE_2024
3140100,Marilac,MG,158.809,9,set,34.17132201121468,OK,1991,2020,30,CHIRPS_v2,UCSB-CHG/CHIRPS/DAILY,1991-2020,IBGE_2024
3123700,Engenheiro Caldas,MG,187.058,9,set,31.858686418616184,OK,1991,2020,30,CHIRPS_v2,UCSB-CHG/CHIRPS/DAILY,1991-2020,IBGE_2024
3171501,Mathias Lobato,MG,172.297,9,set,34.169210712593184,OK,1991,2020,30,CHIRPS_v2,UCSB-CHG/CHIRPS/DAILY,1991-2020,IBGE_2024
3171907,Virgolândia,MG,281.022,9,set,31.379494172634985,OK,1991,2020,30,CHIRPS_v2,UCSB-CHG/CHIRPS/DAILY,1991-2020,IBGE_2024
3163003,São José da Safira,MG,213.881,9,set,31.36657382909861,OK,1991,2020,30,CHIRPS_v2,UCSB-CHG/CHIRPS/DAILY,1991-2020,IBGE_2024
3122108,Divino das Laranjeiras,MG,342.249,9,set,30.019888269917256,OK,1991,2020,30,CHIRPS_v2,UCSB-CHG/CHIRPS/DAILY,1991-2020,IBGE_2024
3112059,Cantagalo,MG,141.855,9,set,32.04201028267403,OK,1991,2020,30,CHIRPS_v2,UCSB-CHG/CHIRPS/DAILY,1991-2020,IBGE_2024
3128006,Guanhães,MG,1075.124,9,set,36.5174482419062,OK,1991,2020,30,CHIRPS_v2,UCSB-CHG/CHIRPS/DAILY,1991-2020,IBGE_2024
3136553,José Raydan,MG,180.822,9,set,29.222438619592836,OK,1991,2020,30,CHIRPS_v2,UCSB-CHG/CHIRPS/DAILY,1991-2020,IBGE_2024
3126950,Frei Lagonegro,MG,167.474,9,set,27.28283937302603,OK,1991,2020,30,CHIRPS_v2,UCSB-CHG/CHIRPS/DAILY,1991-2020,IBGE_2024
3158201,Santa Maria do Suaçuí,MG,624.047,9,set,30.117422000210905,OK,1991,2020,30,CHIRPS_v2,UCSB-CHG/CHIRPS/DAILY,1991-2020,IBGE_2024
3116803,Coluna,MG,347.716,9,set,29.224561686541378,OK,1991,2020,30,CHIRPS_v2,UCSB-CHG/CHIRPS/DAILY,1991-2020,IBGE_2024
3166105,Senhora do Porto,MG,381.328,9,set,35.98272682037876,OK,1991,2020,30,CHIRPS_v2,UCSB-CHG/CHIRPS/DAILY,1991-2020,IBGE_2024
3148608,Peçanha,MG,996.646,9,set,32.348494085160844,OK,1991,2020,30,CHIRPS_v2,UCSB-CHG/CHIRPS/DAILY,1991-2020,IBGE_2024
3140605,Materlândia,MG,280.53,9,set,34.22720830316306,OK,1991,2020,30,CHIRPS_v2,UCSB-CHG/CHIRPS/DAILY,1991-2020,IBGE_2024
3148400,Paulistas,MG,220.564,9,set,33.99178493623307,OK,1991,2020,30,CHIRPS_v2,UCSB-CHG/CHIRPS/DAILY,1991-2020,IBGE_2024
3156809,Sabinópolis,MG,919.811,9,set,35.43726335092785,OK,1991,2020,30,CHIRPS_v2,UCSB-CHG/CHIRPS/DAILY,1991-2020,IBGE_2024
3164506,São Sebastião do Maranhão,MG,517.83,9,set,28.18580859300779,OK,1991,2020,30,CHIRPS_v2,UCSB-CHG/CHIRPS/DAILY,1991-2020,IBGE_2024
3156007,Rio Vermelho,MG,987.246,9,set,30.923608021900545,OK,1991,2020,30,CHIRPS_v2,UCSB-CHG/CHIRPS/DAILY,1991-2020,IBGE_2024
3123106,Dores de Guanhães,MG,382.124,9,set,35.85241792123309,OK,1991,2020,30,CHIRPS_v2,UCSB-CHG/CHIRPS/DAILY,1991-2020,IBGE_2024
3164100,São Pedro do Suaçuí,MG,308.106,9,set,29.06502870528368,OK,1991,2020,30,CHIRPS_v2,UCSB-CHG/CHIRPS/DAILY,1991-2020,IBGE_2024
3171808,Virginópolis,MG,439.878,9,set,36.25593547340362,OK,1991,2020,30,CHIRPS_v2,UCSB-CHG/CHIRPS/DAILY,1991-2020,IBGE_2024
3163508,São José do Jacuri,MG,345.146,9,set,27.964158839372576,OK,1991,2020,30,CHIRPS_v2,UCSB-CHG/CHIRPS/DAILY,1991-2020,IBGE_2024
3122603,Dom Joaquim,MG,398.793,9,set,37.09551443066366,OK,1991,2020,30,CHIRPS_v2,UCSB-CHG/CHIRPS/DAILY,1991-2020,IBGE_2024
3162807,São João Evangelista,MG,478.183,9,set,33.23637824981619,OK,1991,2020,30,CHIRPS_v2,UCSB-CHG/CHIRPS/DAILY,1991-2020,IBGE_2024
3122207,Divinolândia de Minas,MG,133.12,9,set,35.40921448542962,OK,1991,2020,30,CHIRPS_v2,UCSB-CHG/CHIRPS/DAILY,1991-2020,IBGE_2024
3162575,São João do Manteninha,MG,137.928,9,set,28.768723967350436,OK,1991,2020,30,CHIRPS_v2,UCSB-CHG/CHIRPS/DAILY,1991-2020,IBGE_2024
3144672,Nova Belém,MG,146.776,9,set,28.608851375243976,OK,1991,2020,30,CHIRPS_v2,UCSB-CHG/CHIRPS/DAILY,1991-2020,IBGE_2024
3161056,São Félix de Minas,MG,162.56,9,set,24.996748930123182,OK,1991,2020,30,CHIRPS_v2,UCSB-CHG/CHIRPS/DAILY,1991-2020,IBGE_2024
3141504,Mendes Pimentel,MG,305.507,9,set,26.38996279637047,OK,1991,2020,30,CHIRPS_v2,UCSB-CHG/CHIRPS/DAILY,1991-2020,IBGE_2024
3115706,Central de Minas,MG,204.328,9,set,26.580305507982033,OK,1991,2020,30,CHIRPS_v2,UCSB-CHG/CHIRPS/DAILY,1991-2020,IBGE_2024
3131802,Itabirinha,MG,209.034,9,set,27.12905231751549,OK,1991,2020,30,CHIRPS_v2,UCSB-CHG/CHIRPS/DAILY,1991-2020,IBGE_2024
3139607,Mantena,MG,685.208,9,set,30.141957636893082,OK,1991,2020,30,CHIRPS_v2,UCSB-CHG/CHIRPS/DAILY,1991-2020,IBGE_2024
3154309,Resplendor,MG,1081.796,9,set,36.9520406603855,OK,1991,2020,30,CHIRPS_v2,UCSB-CHG/CHIRPS/DAILY,1991-2020,IBGE_2024
3120839,Cuparaque,MG,226.75,9,set,36.110923137401294,OK,1991,2020,30,CHIRPS_v2,UCSB-CHG/CHIRPS/DAILY,1991-2020,IBGE_2024
3159506,Santa Rita do Itueto,MG,485.081,9,set,35.483005395490636,OK,1991,2020,30,CHIRPS_v2,UCSB-CHG/CHIRPS/DAILY,1991-2020,IBGE_2024
3134103,Itueta,MG,452.676,9,set,34.375467308913336,OK,1991,2020,30,CHIRPS_v2,UCSB-CHG/CHIRPS/DAILY,1991-2020,IBGE_2024
3101102,Aimorés,MG,1348.913,9,set,36.25768321115004,OK,1991,2020,30,CHIRPS_v2,UCSB-CHG/CHIRPS/DAILY,1991-2020,IBGE_2024
3144359,Naque,MG,127.173,9,set,33.872789693971384,OK,1991,2020,30,CHIRPS_v2,UCSB-CHG/CHIRPS/DAILY,1991-2020,IBGE_2024
3119401,Coronel Fabriciano,MG,221.881,9,set,41.72430347054997,OK,1991,2020,30,CHIRPS_v2,UCSB-CHG/CHIRPS/DAILY,1991-2020,IBGE_2024
3168705,Timóteo,MG,144.377,9,set,42.014685996591915,OK,1991,2020,30,CHIRPS_v2,UCSB-CHG/CHIRPS/DAILY,1991-2020,IBGE_2024
3135001,Jaguaraçu,MG,163.76,9,set,43.58170597140407,OK,1991,2020,30,CHIRPS_v2,UCSB-CHG/CHIRPS/DAILY,1991-2020,IBGE_2024
3158953,Santana do Paraíso,MG,275.575,9,set,38.266367868314475,OK,1991,2020,30,CHIRPS_v2,UCSB-CHG/CHIRPS/DAILY,1991-2020,IBGE_2024
3109253,Bugre,MG,161.491,9,set,37.82530039786142,OK,1991,2020,30,CHIRPS_v2,UCSB-CHG/CHIRPS/DAILY,1991-2020,IBGE_2024
3140308,Marliéria,MG,545.813,9,set,42.92452919419474,OK,1991,2020,30,CHIRPS_v2,UCSB-CHG/CHIRPS/DAILY,1991-2020,IBGE_2024
3131158,Ipaba,MG,113.246,9,set,37.830719402361254,OK,1991,2020,30,CHIRPS_v2,UCSB-CHG/CHIRPS/DAILY,1991-2020,IBGE_2024
3131307,Ipatinga,MG,164.482,9,set,40.45449214911446,OK,1991,2020,30,CHIRPS_v2,UCSB-CHG/CHIRPS/DAILY,1991-2020,IBGE_2024
3106309,Belo Oriente,MG,334.909,9,set,37.918183620339995,OK,1991,2020,30,CHIRPS_v2,UCSB-CHG/CHIRPS/DAILY,1991-2020,IBGE_2024
3162609,São João do Oriente,MG,120.122,9,set,36.17363989049568,OK,1991,2020,30,CHIRPS_v2,UCSB-CHG/CHIRPS/DAILY,1991-2020,IBGE_2024
3129301,Iapu,MG,340.994,9,set,36.79132252991279,OK,1991,2020,30,CHIRPS_v2,UCSB-CHG/CHIRPS/DAILY,1991-2020,IBGE_2024
3136108,Joanésia,MG,233.292,9,set,39.57088552012947,OK,1991,2020,30,CHIRPS_v2,UCSB-CHG/CHIRPS/DAILY,1991-2020,IBGE_2024
3103009,Antônio Dias,MG,787.061,9,set,43.338942096444086,OK,1991,2020,30,CHIRPS_v2,UCSB-CHG/CHIRPS/DAILY,1991-2020,IBGE_2024
3150539,Pingo-d'Água,MG,66.57,9,set,44.37621976623632,OK,1991,2020,30,CHIRPS_v2,UCSB-CHG/CHIRPS/DAILY,1991-2020,IBGE_2024
3149952,Periquito,MG,228.907,9,set,31.335880049878835,OK,1991,2020,30,CHIRPS_v2,UCSB-CHG/CHIRPS/DAILY,1991-2020,IBGE_2024
3141702,Mesquita,MG,274.938,9,set,39.85985899978169,OK,1991,2020,30,CHIRPS_v2,UCSB-CHG/CHIRPS/DAILY,1991-2020,IBGE_2024
3100500,Açucena,MG,815.422,9,set,33.60975067617136,OK,1991,2020,30,CHIRPS_v2,UCSB-CHG/CHIRPS/DAILY,1991-2020,IBGE_2024
3108800,Braúnas,MG,378.318,9,set,36.91308388183993,OK,1991,2020,30,CHIRPS_v2,UCSB-CHG/CHIRPS/DAILY,1991-2020,IBGE_2024
3163409,São José do Goiabal,MG,189.578,9,set,43.81197478670547,OK,1991,2020,30,CHIRPS_v2,UCSB-CHG/CHIRPS/DAILY,1991-2020,IBGE_2024
3122504,Dom Cavati,MG,59.52,9,set,36.11883695459451,OK,1991,2020,30,CHIRPS_v2,UCSB-CHG/CHIRPS/DAILY,1991-2020,IBGE_2024
3121803,Dionísio,MG,339.375,9,set,43.54427653674629,OK,1991,2020,30,CHIRPS_v2,UCSB-CHG/CHIRPS/DAILY,1991-2020,IBGE_2024
3170578,Vargem Alegre,MG,116.664,9,set,43.105789153986954,OK,1991,2020,30,CHIRPS_v2,UCSB-CHG/CHIRPS/DAILY,1991-2020,IBGE_2024
3154002,Raul Soares,MG,763.364,9,set,47.54726686454302,OK,1991,2020,30,CHIRPS_v2,UCSB-CHG/CHIRPS/DAILY,1991-2020,IBGE_2024
3113404,Caratinga,MG,1258.748,9,set,49.15426952185967,OK,1991,2020,30,CHIRPS_v2,UCSB-CHG/CHIRPS/DAILY,1991-2020,IBGE_2024
3170057,Ubaporanga,MG,189.045,9,set,49.327051699617364,OK,1991,2020,30,CHIRPS_v2,UCSB-CHG/CHIRPS/DAILY,1991-2020,IBGE_2024
3120003,Córrego Novo,MG,205.385,9,set,44.201922760950126,OK,1991,2020,30,CHIRPS_v2,UCSB-CHG/CHIRPS/DAILY,1991-2020,IBGE_2024
3160959,São Domingos das Dores,MG,60.865,9,set,41.25371980588176,OK,1991,2020,30,CHIRPS_v2,UCSB-CHG/CHIRPS/DAILY,1991-2020,IBGE_2024
3159357,Santa Rita de Minas,MG,68.153,9,set,56.9019717480527,OK,1991,2020,30,CHIRPS_v2,UCSB-CHG/CHIRPS/DAILY,1991-2020,IBGE_2024
3102209,Alvarenga,MG,295.691,9,set,37.1598146045267,OK,1991,2020,30,CHIRPS_v2,UCSB-CHG/CHIRPS/DAILY,1991-2020,IBGE_2024
3150158,Piedade de Caratinga,MG,109.345,9,set,54.45002963330935,OK,1991,2020,30,CHIRPS_v2,UCSB-CHG/CHIRPS/DAILY,1991-2020,IBGE_2024
3157252,Santa Bárbara do Leste,MG,107.402,9,set,55.0721020250557,OK,1991,2020,30,CHIRPS_v2,UCSB-CHG/CHIRPS/DAILY,1991-2020,IBGE_2024
3123858,Entre Folhas,MG,85.39,9,set,46.91092459324249,OK,1991,2020,30,CHIRPS_v2,UCSB-CHG/CHIRPS/DAILY,1991-2020,IBGE_2024
3107802,Bom Jesus do Galho,MG,592.289,9,set,47.034397917071885,OK,1991,2020,30,CHIRPS_v2,UCSB-CHG/CHIRPS/DAILY,1991-2020,IBGE_2024
3164472,São Sebastião do Anta,MG,80.618,9,set,41.06008561376213,OK,1991,2020,30,CHIRPS_v2,UCSB-CHG/CHIRPS/DAILY,1991-2020,IBGE_2024
3130556,Imbé de Minas,MG,196.735,9,set,45.4176065077628,OK,1991,2020,30,CHIRPS_v2,UCSB-CHG/CHIRPS/DAILY,1991-2020,IBGE_2024
3130903,Inhapim,MG,858.024,9,set,39.884143809772404,OK,1991,2020,30,CHIRPS_v2,UCSB-CHG/CHIRPS/DAILY,1991-2020,IBGE_2024
3171154,Vermelho Novo,MG,115.242,9,set,50.69315837851058,OK,1991,2020,30,CHIRPS_v2,UCSB-CHG/CHIRPS/DAILY,1991-2020,IBGE_2024
3161908,São Gonçalo do Rio Abaixo,MG,363.818,9,set,47.908165265485735,OK,1991,2020,30,CHIRPS_v2,UCSB-CHG/CHIRPS/DAILY,1991-2020,IBGE_2024
3136207,João Monlevade,MG,98.231,9,set,47.500467211959396,OK,1991,2020,30,CHIRPS_v2,UCSB-CHG/CHIRPS/DAILY,1991-2020,IBGE_2024
3144706,Nova Era,MG,361.852,9,set,44.63317989503673,OK,1991,2020,30,CHIRPS_v2,UCSB-CHG/CHIRPS/DAILY,1991-2020,IBGE_2024
3161007,São Domingos do Prata,MG,743.768,9,set,48.235905816462314,OK,1991,2020,30,CHIRPS_v2,UCSB-CHG/CHIRPS/DAILY,1991-2020,IBGE_2024
3155702,Rio Piracicaba,MG,373.037,9,set,50.19703519348462,OK,1991,2020,30,CHIRPS_v2,UCSB-CHG/CHIRPS/DAILY,1991-2020,IBGE_2024
3106002,Bela Vista de Minas,MG,109.25,9,set,44.937597074430165,OK,1991,2020,30,CHIRPS_v2,UCSB-CHG/CHIRPS/DAILY,1991-2020,IBGE_2024
3136702,Juiz de Fora,MG,1435.749,9,set,57.25405031362676,OK,1991,2020,30,CHIRPS_v2,UCSB-CHG/CHIRPS/DAILY,1991-2020,IBGE_2024
3167509,Simão Pereira,MG,135.689,9,set,54.30274985606927,OK,1991,2020,30,CHIRPS_v2,UCSB-CHG/CHIRPS/DAILY,1991-2020,IBGE_2024
3158607,Santana do Deserto,MG,182.655,9,set,55.1106808468412,OK,1991,2020,30,CHIRPS_v2,UCSB-CHG/CHIRPS/DAILY,1991-2020,IBGE_2024
3125002,Ewbank da Câmara,MG,103.834,9,set,61.13676825066083,OK,1991,2020,30,CHIRPS_v2,UCSB-CHG/CHIRPS/DAILY,1991-2020,IBGE_2024
3140803,Matias Barbosa,MG,157.066,9,set,55.09564324110872,OK,1991,2020,30,CHIRPS_v2,UCSB-CHG/CHIRPS/DAILY,1991-2020,IBGE_2024
3116209,Chiador,MG,252.852,9,set,52.144327890302776,OK,1991,2020,30,CHIRPS_v2,UCSB-CHG/CHIRPS/DAILY,1991-2020,IBGE_2024
3115904,Chácara,MG,152.807,9,set,56.26132034412996,OK,1991,2020,30,CHIRPS_v2,UCSB-CHG/CHIRPS/DAILY,1991-2020,IBGE_2024
3145406,Olaria,MG,178.242,9,set,70.03050479392127,OK,1991,2020,30,CHIRPS_v2,UCSB-CHG/CHIRPS/DAILY,1991-2020,IBGE_2024
3145703,Oliveira Fortes,MG,111.13,9,set,58.780502415145115,OK,1991,2020,30,CHIRPS_v2,UCSB-CHG/CHIRPS/DAILY,1991-2020,IBGE_2024
3160702,Santos Dumont,MG,637.373,9,set,58.23270043107727,OK,1991,2020,30,CHIRPS_v2,UCSB-CHG/CHIRPS/DAILY,1991-2020,IBGE_2024
3103306,Aracitaba,MG,106.608,9,set,56.42863986751681,OK,1991,2020,30,CHIRPS_v2,UCSB-CHG/CHIRPS/DAILY,1991-2020,IBGE_2024
3103603,Arantina,MG,89.42,9,set,72.63727420072898,OK,1991,2020,30,CHIRPS_v2,UCSB-CHG/CHIRPS/DAILY,1991-2020,IBGE_2024
3127388,Goianá,MG,152.039,9,set,61.698679838202,OK,1991,2020,30,CHIRPS_v2,UCSB-CHG/CHIRPS/DAILY,1991-2020,IBGE_2024
3119609,Coronel Pacheco,MG,131.511,9,set,59.30128795931807,OK,1991,2020,30,CHIRPS_v2,UCSB-CHG/CHIRPS/DAILY,1991-2020,IBGE_2024
3102803,Andrelândia,MG,1005.285,9,set,64.78640437818981,OK,1991,2020,30,CHIRPS_v2,UCSB-CHG/CHIRPS/DAILY,1991-2020,IBGE_2024
3159308,Santa Rita de Jacutinga,MG,420.94,9,set,72.68519783746856,OK,1991,2020,30,CHIRPS_v2,UCSB-CHG/CHIRPS/DAILY,1991-2020,IBGE_2024
3150109,Piau,MG,192.196,9,set,60.53197989140643,OK,1991,2020,30,CHIRPS_v2,UCSB-CHG/CHIRPS/DAILY,1991-2020,IBGE_2024
3149408,Pedro Teixeira,MG,112.959,9,set,60.81070821596257,OK,1991,2020,30,CHIRPS_v2,UCSB-CHG/CHIRPS/DAILY,1991-2020,IBGE_2024
3157278,Santa Bárbara do Monte Verde,MG,417.925,9,set,57.80184171690518,OK,1991,2020,30,CHIRPS_v2,UCSB-CHG/CHIRPS/DAILY,1991-2020,IBGE_2024
3107505,Bom Jardim de Minas,MG,412.021,9,set,73.79073354767965,OK,1991,2020,30,CHIRPS_v2,UCSB-CHG/CHIRPS/DAILY,1991-2020,IBGE_2024
3107208,Bocaina de Minas,MG,503.77,9,set,73.86357181183642,OK,1991,2020,30,CHIRPS_v2,UCSB-CHG/CHIRPS/DAILY,1991-2020,IBGE_2024
3147808,Passa Vinte,MG,246.565,9,set,72.29075918507766,OK,1991,2020,30,CHIRPS_v2,UCSB-CHG/CHIRPS/DAILY,1991-2020,IBGE_2024
3106804,Bias Fortes,MG,283.535,9,set,61.9563687719449,OK,1991,2020,30,CHIRPS_v2,UCSB-CHG/CHIRPS/DAILY,1991-2020,IBGE_2024
3155900,Rio Preto,MG,348.046,9,set,63.13236115380012,OK,1991,2020,30,CHIRPS_v2,UCSB-CHG/CHIRPS/DAILY,1991-2020,IBGE_2024
3106101,Belmiro Braga,MG,393.086,9,set,44.32523767609005,OK,1991,2020,30,CHIRPS_v2,UCSB-CHG/CHIRPS/DAILY,1991-2020,IBGE_2024
3155405,Rio Novo,MG,209.31,9,set,55.78649097010249,OK,1991,2020,30,CHIRPS_v2,UCSB-CHG/CHIRPS/DAILY,1991-2020,IBGE_2024
3138609,Lima Duarte,MG,848.564,9,set,64.4960783921858,OK,1991,2020,30,CHIRPS_v2,UCSB-CHG/CHIRPS/DAILY,1991-2020,IBGE_2024
3146602,Paiva,MG,58.419,9,set,58.659813090581665,OK,1991,2020,30,CHIRPS_v2,UCSB-CHG/CHIRPS/DAILY,1991-2020,IBGE_2024
3138500,Liberdade,MG,401.337,9,set,73.22730326016573,OK,1991,2020,30,CHIRPS_v2,UCSB-CHG/CHIRPS/DAILY,1991-2020,IBGE_2024
3154150,Reduto,MG,151.859,9,set,52.10800146245119,OK,1991,2020,30,CHIRPS_v2,UCSB-CHG/CHIRPS/DAILY,1991-2020,IBGE_2024
3137700,Lajinha,MG,431.92,9,set,50.01888995748321,OK,1991,2020,30,CHIRPS_v2,UCSB-CHG/CHIRPS/DAILY,1991-2020,IBGE_2024
3162559,São João do Manhuaçu,MG,143.096,9,set,52.67140911704896,OK,1991,2020,30,CHIRPS_v2,UCSB-CHG/CHIRPS/DAILY,1991-2020,IBGE_2024
3153509,Alto Jequitibá,MG,152.272,9,set,56.6024280565409,OK,1991,2020,30,CHIRPS_v2,UCSB-CHG/CHIRPS/DAILY,1991-2020,IBGE_2024
3112901,Caputira,MG,187.704,9,set,50.926573642014375,OK,1991,2020,30,CHIRPS_v2,UCSB-CHG/CHIRPS/DAILY,1991-2020,IBGE_2024
3112109,Caparaó,MG,130.694,9,set,55.54295166324602,OK,1991,2020,30,CHIRPS_v2,UCSB-CHG/CHIRPS/DAILY,1991-2020,IBGE_2024
3144003,Mutum,MG,1250.823,9,set,43.226032012549275,OK,1991,2020,30,CHIRPS_v2,UCSB-CHG/CHIRPS/DAILY,1991-2020,IBGE_2024
3168051,Taparuba,MG,193.082,9,set,40.58054660298593,OK,1991,2020,30,CHIRPS_v2,UCSB-CHG/CHIRPS/DAILY,1991-2020,IBGE_2024
3151909,Pocrane,MG,691.066,9,set,39.09111806226589,OK,1991,2020,30,CHIRPS_v2,UCSB-CHG/CHIRPS/DAILY,1991-2020,IBGE_2024
3167608,Simonésia,MG,486.543,9,set,53.407325625427575,OK,1991,2020,30,CHIRPS_v2,UCSB-CHG/CHIRPS/DAILY,1991-2020,IBGE_2024
3102050,Alto Caparaó,MG,103.69,9,set,52.89948752749471,OK,1991,2020,30,CHIRPS_v2,UCSB-CHG/CHIRPS/DAILY,1991-2020,IBGE_2024
3158904,Santana do Manhuaçu,MG,347.362,9,set,51.431172385128164,OK,1991,2020,30,CHIRPS_v2,UCSB-CHG/CHIRPS/DAILY,1991-2020,IBGE_2024
3117405,Conceição de Ipanema,MG,253.935,9,set,45.694170370907045,OK,1991,2020,30,CHIRPS_v2,UCSB-CHG/CHIRPS/DAILY,1991-2020,IBGE_2024
3100302,Abre Campo,MG,470.551,9,set,48.94646766297895,OK,1991,2020,30,CHIRPS_v2,UCSB-CHG/CHIRPS/DAILY,1991-2020,IBGE_2024
3157906,Santa Margarida,MG,255.73,9,set,56.16514580740143,OK,1991,2020,30,CHIRPS_v2,UCSB-CHG/CHIRPS/DAILY,1991-2020,IBGE_2024
3140902,Matipó,MG,266.99,9,set,50.90901844801656,OK,1991,2020,30,CHIRPS_v2,UCSB-CHG/CHIRPS/DAILY,1991-2020,IBGE_2024
3116001,Chalé,MG,212.674,9,set,48.67425790232716,OK,1991,2020,30,CHIRPS_v2,UCSB-CHG/CHIRPS/DAILY,1991-2020,IBGE_2024
3140530,Martins Soares,MG,113.268,9,set,53.628573331640176,OK,1991,2020,30,CHIRPS_v2,UCSB-CHG/CHIRPS/DAILY,1991-2020,IBGE_2024
3123528,Durandé,MG,217.461,9,set,51.720651607221924,OK,1991,2020,30,CHIRPS_v2,UCSB-CHG/CHIRPS/DAILY,1991-2020,IBGE_2024
3139409,Manhuaçu,MG,628.318,9,set,52.39845494646766,OK,1991,2020,30,CHIRPS_v2,UCSB-CHG/CHIRPS/DAILY,1991-2020,IBGE_2024
3131208,Ipanema,MG,456.641,9,set,42.77444693295739,OK,1991,2020,30,CHIRPS_v2,UCSB-CHG/CHIRPS/DAILY,1991-2020,IBGE_2024
3139508,Manhumirim,MG,182.9,9,set,55.090865692485835,OK,1991,2020,30,CHIRPS_v2,UCSB-CHG/CHIRPS/DAILY,1991-2020,IBGE_2024
3138674,Luisburgo,MG,145.418,9,set,55.16035763720282,OK,1991,2020,30,CHIRPS_v2,UCSB-CHG/CHIRPS/DAILY,1991-2020,IBGE_2024
3163607,São José do Mantimento,MG,54.701,9,set,49.4306307635605,OK,1991,2020,30,CHIRPS_v2,UCSB-CHG/CHIRPS/DAILY,1991-2020,IBGE_2024
3169901,Ubá,MG,407.452,9,set,48.728726475713216,OK,1991,2020,30,CHIRPS_v2,UCSB-CHG/CHIRPS/DAILY,1991-2020,IBGE_2024
3156304,Rodeiro,MG,72.673,9,set,46.6213291888956,OK,1991,2020,30,CHIRPS_v2,UCSB-CHG/CHIRPS/DAILY,1991-2020,IBGE_2024
3129004,Guiricema,MG,293.578,9,set,46.99213011710551,OK,1991,2020,30,CHIRPS_v2,UCSB-CHG/CHIRPS/DAILY,1991-2020,IBGE_2024
3128402,Guarani,MG,264.194,9,set,52.00604158389234,OK,1991,2020,30,CHIRPS_v2,UCSB-CHG/CHIRPS/DAILY,1991-2020,IBGE_2024
3128808,Guidoval,MG,158.375,9,set,46.39296420496402,OK,1991,2020,30,CHIRPS_v2,UCSB-CHG/CHIRPS/DAILY,1991-2020,IBGE_2024
3161502,São Geraldo,MG,185.578,9,set,47.13469488105532,OK,1991,2020,30,CHIRPS_v2,UCSB-CHG/CHIRPS/DAILY,1991-2020,IBGE_2024
3169000,Tocantins,MG,173.866,9,set,50.62530697071651,OK,1991,2020,30,CHIRPS_v2,UCSB-CHG/CHIRPS/DAILY,1991-2020,IBGE_2024
3167905,Tabuleiro,MG,211.084,9,set,55.959112947398346,OK,1991,2020,30,CHIRPS_v2,UCSB-CHG/CHIRPS/DAILY,1991-2020,IBGE_2024
3151305,Piraúba,MG,144.289,9,set,50.989302772354336,OK,1991,2020,30,CHIRPS_v2,UCSB-CHG/CHIRPS/DAILY,1991-2020,IBGE_2024
3167301,Silveirânia,MG,157.456,9,set,56.50372132352545,OK,1991,2020,30,CHIRPS_v2,UCSB-CHG/CHIRPS/DAILY,1991-2020,IBGE_2024
3141603,Mercês,MG,348.271,9,set,59.743605553754364,OK,1991,2020,30,CHIRPS_v2,UCSB-CHG/CHIRPS/DAILY,1991-2020,IBGE_2024
3108701,Brás Pires,MG,223.351,9,set,56.02359302281951,OK,1991,2020,30,CHIRPS_v2,UCSB-CHG/CHIRPS/DAILY,1991-2020,IBGE_2024
3165701,Senador Firmino,MG,166.495,9,set,53.88026589350727,OK,1991,2020,30,CHIRPS_v2,UCSB-CHG/CHIRPS/DAILY,1991-2020,IBGE_2024
3123304,Dores do Turvo,MG,231.169,9,set,57.69609700245486,OK,1991,2020,30,CHIRPS_v2,UCSB-CHG/CHIRPS/DAILY,1991-2020,IBGE_2024
3172004,Visconde do Rio Branco,MG,243.351,9,set,46.19844142211673,OK,1991,2020,30,CHIRPS_v2,UCSB-CHG/CHIRPS/DAILY,1991-2020,IBGE_2024
3155801,Rio Pomba,MG,252.418,9,set,53.96100923673139,OK,1991,2020,30,CHIRPS_v2,UCSB-CHG/CHIRPS/DAILY,1991-2020,IBGE_2024
3121902,Divinésia,MG,116.97,9,set,52.187214308946714,OK,1991,2020,30,CHIRPS_v2,UCSB-CHG/CHIRPS/DAILY,1991-2020,IBGE_2024
3145851,Oratórios,MG,89.068,9,set,46.52477605286062,OK,1991,2020,30,CHIRPS_v2,UCSB-CHG/CHIRPS/DAILY,1991-2020,IBGE_2024
3170503,Urucânia,MG,138.792,9,set,46.021658032466014,OK,1991,2020,30,CHIRPS_v2,UCSB-CHG/CHIRPS/DAILY,1991-2020,IBGE_2024
3105707,Barra Longa,MG,383.628,9,set,50.392841242548485,OK,1991,2020,30,CHIRPS_v2,UCSB-CHG/CHIRPS/DAILY,1991-2020,IBGE_2024
3121704,Diogo de Vasconcelos,MG,165.091,9,set,53.75217054269318,OK,1991,2020,30,CHIRPS_v2,UCSB-CHG/CHIRPS/DAILY,1991-2020,IBGE_2024
3128204,Guaraciaba,MG,348.596,9,set,51.524898994557894,OK,1991,2020,30,CHIRPS_v2,UCSB-CHG/CHIRPS/DAILY,1991-2020,IBGE_2024
3152105,Ponte Nova,MG,470.643,9,set,48.705424424113275,OK,1991,2020,30,CHIRPS_v2,UCSB-CHG/CHIRPS/DAILY,1991-2020,IBGE_2024
3102506,Amparo do Serra,MG,136.186,9,set,47.28602166027241,OK,1991,2020,30,CHIRPS_v2,UCSB-CHG/CHIRPS/DAILY,1991-2020,IBGE_2024
3102308,Alvinópolis,MG,599.443,9,set,52.683261844310785,OK,1991,2020,30,CHIRPS_v2,UCSB-CHG/CHIRPS/DAILY,1991-2020,IBGE_2024
3135506,Jequeri,MG,547.897,9,set,46.49544598446672,OK,1991,2020,30,CHIRPS_v2,UCSB-CHG/CHIRPS/DAILY,1991-2020,IBGE_2024
3160108,Santo Antônio do Grama,MG,130.213,9,set,46.55306466678743,OK,1991,2020,30,CHIRPS_v2,UCSB-CHG/CHIRPS/DAILY,1991-2020,IBGE_2024
3166303,Sericita,MG,166.012,9,set,50.14769519175952,OK,1991,2020,30,CHIRPS_v2,UCSB-CHG/CHIRPS/DAILY,1991-2020,IBGE_2024
3150208,Piedade de Ponte Nova,MG,83.733,9,set,45.46018912857619,OK,1991,2020,30,CHIRPS_v2,UCSB-CHG/CHIRPS/DAILY,1991-2020,IBGE_2024
3100401,Acaiaca,MG,101.886,9,set,52.05797508974652,OK,1991,2020,30,CHIRPS_v2,UCSB-CHG/CHIRPS/DAILY,1991-2020,IBGE_2024
3165560,Sem-Peixe,MG,176.634,9,set,46.933283754120396,OK,1991,2020,30,CHIRPS_v2,UCSB-CHG/CHIRPS/DAILY,1991-2020,IBGE_2024
3157401,Santa Cruz do Escalvado,MG,258.726,9,set,45.731530086714436,OK,1991,2020,30,CHIRPS_v2,UCSB-CHG/CHIRPS/DAILY,1991-2020,IBGE_2024
3164001,São Pedro dos Ferros,MG,402.739,9,set,45.69699290970096,OK,1991,2020,30,CHIRPS_v2,UCSB-CHG/CHIRPS/DAILY,1991-2020,IBGE_2024
3122702,Dom Silvério,MG,194.972,9,set,49.21535095764367,OK,1991,2020,30,CHIRPS_v2,UCSB-CHG/CHIRPS/DAILY,1991-2020,IBGE_2024
3154903,Rio Casca,MG,384.381,9,set,45.13339054584473,OK,1991,2020,30,CHIRPS_v2,UCSB-CHG/CHIRPS/DAILY,1991-2020,IBGE_2024
3155009,Rio Doce,MG,112.094,9,set,47.044597701278704,OK,1991,2020,30,CHIRPS_v2,UCSB-CHG/CHIRPS/DAILY,1991-2020,IBGE_2024
3143906,Muriaé,MG,841.693,9,set,58.13028390513998,OK,1991,2020,30,CHIRPS_v2,UCSB-CHG/CHIRPS/DAILY,1991-2020,IBGE_2024
3161403,São Francisco do Glória,MG,164.613,9,set,57.29088088811957,OK,1991,2020,30,CHIRPS_v2,UCSB-CHG/CHIRPS/DAILY,1991-2020,IBGE_2024
3103108,Antônio Prado de Minas,MG,83.802,9,set,53.61877289622498,OK,1991,2020,30,CHIRPS_v2,UCSB-CHG/CHIRPS/DAILY,1991-2020,IBGE_2024
3125952,Fervedouro,MG,357.683,9,set,59.78948522193524,OK,1991,2020,30,CHIRPS_v2,UCSB-CHG/CHIRPS/DAILY,1991-2020,IBGE_2024
3142106,Miradouro,MG,301.672,9,set,58.933008639390984,OK,1991,2020,30,CHIRPS_v2,UCSB-CHG/CHIRPS/DAILY,1991-2020,IBGE_2024
3142205,Miraí,MG,320.695,9,set,52.34068817064808,OK,1991,2020,30,CHIRPS_v2,UCSB-CHG/CHIRPS/DAILY,1991-2020,IBGE_2024
3124906,Eugenópolis,MG,309.395,9,set,56.96454207097464,OK,1991,2020,30,CHIRPS_v2,UCSB-CHG/CHIRPS/DAILY,1991-2020,IBGE_2024
3164431,São Sebastião da Vargem Alegre,MG,73.629,9,set,52.82719571515449,OK,1991,2020,30,CHIRPS_v2,UCSB-CHG/CHIRPS/DAILY,1991-2020,IBGE_2024
3156452,Rosário da Limeira,MG,111.156,9,set,57.54692990097027,OK,1991,2020,30,CHIRPS_v2,UCSB-CHG/CHIRPS/DAILY,1991-2020,IBGE_2024
3148202,Patrocínio do Muriaé,MG,108.246,9,set,58.283234074275946,OK,1991,2020,30,CHIRPS_v2,UCSB-CHG/CHIRPS/DAILY,1991-2020,IBGE_2024
3171402,Vieiras,MG,112.691,9,set,57.85070990766775,OK,1991,2020,30,CHIRPS_v2,UCSB-CHG/CHIRPS/DAILY,1991-2020,IBGE_2024
3105509,Barão do Monte Alto,MG,198.313,9,set,55.75762512900805,OK,1991,2020,30,CHIRPS_v2,UCSB-CHG/CHIRPS/DAILY,1991-2020,IBGE_2024
3138005,Laranjal,MG,204.882,9,set,51.06926581280437,OK,1991,2020,30,CHIRPS_v2,UCSB-CHG/CHIRPS/DAILY,1991-2020,IBGE_2024
3154101,Recreio,MG,234.296,9,set,52.25275316355946,OK,1991,2020,30,CHIRPS_v2,UCSB-CHG/CHIRPS/DAILY,1991-2020,IBGE_2024
3104403,Argirita,MG,159.378,9,set,54.61081066456504,OK,1991,2020,30,CHIRPS_v2,UCSB-CHG/CHIRPS/DAILY,1991-2020,IBGE_2024
3104601,Astolfo Dutra,MG,158.891,9,set,49.46831735048925,OK,1991,2020,30,CHIRPS_v2,UCSB-CHG/CHIRPS/DAILY,1991-2020,IBGE_2024
3158409,Santana de Cataguases,MG,161.486,9,set,50.360241085776856,OK,1991,2020,30,CHIRPS_v2,UCSB-CHG/CHIRPS/DAILY,1991-2020,IBGE_2024
3132602,Itamarati de Minas,MG,94.568,9,set,52.045308320525265,OK,1991,2020,30,CHIRPS_v2,UCSB-CHG/CHIRPS/DAILY,1991-2020,IBGE_2024
3115300,Cataguases,MG,491.767,9,set,50.09124395666321,OK,1991,2020,30,CHIRPS_v2,UCSB-CHG/CHIRPS/DAILY,1991-2020,IBGE_2024
3122900,Dona Euzébia,MG,70.231,9,set,51.581175740736256,OK,1991,2020,30,CHIRPS_v2,UCSB-CHG/CHIRPS/DAILY,1991-2020,IBGE_2024
3146701,Palma,MG,316.476,9,set,53.37960570863037,OK,1991,2020,30,CHIRPS_v2,UCSB-CHG/CHIRPS/DAILY,1991-2020,IBGE_2024
3138401,Leopoldina,MG,943.077,9,set,50.72061306003437,OK,1991,2020,30,CHIRPS_v2,UCSB-CHG/CHIRPS/DAILY,1991-2020,IBGE_2024
3153103,Presidente Bernardes,MG,236.798,9,set,52.55701405285529,OK,1991,2020,30,CHIRPS_v2,UCSB-CHG/CHIRPS/DAILY,1991-2020,IBGE_2024
3111705,Canaã,MG,174.9,9,set,49.10505374801575,OK,1991,2020,30,CHIRPS_v2,UCSB-CHG/CHIRPS/DAILY,1991-2020,IBGE_2024
3103702,Araponga,MG,303.793,9,set,52.277062366845094,OK,1991,2020,30,CHIRPS_v2,UCSB-CHG/CHIRPS/DAILY,1991-2020,IBGE_2024
3168507,Teixeiras,MG,166.735,9,set,50.21569222518707,OK,1991,2020,30,CHIRPS_v2,UCSB-CHG/CHIRPS/DAILY,1991-2020,IBGE_2024
3152303,Porto Firme,MG,284.777,9,set,50.954081648282504,OK,1991,2020,30,CHIRPS_v2,UCSB-CHG/CHIRPS/DAILY,1991-2020,IBGE_2024
3110202,Cajuri,MG,83.038,9,set,48.8604368888367,OK,1991,2020,30,CHIRPS_v2,UCSB-CHG/CHIRPS/DAILY,1991-2020,IBGE_2024
3116704,Coimbra,MG,106.875,9,set,47.58592769048382,OK,1991,2020,30,CHIRPS_v2,UCSB-CHG/CHIRPS/DAILY,1991-2020,IBGE_2024
3124005,Ervália,MG,357.489,9,set,50.03920247384813,OK,1991,2020,30,CHIRPS_v2,UCSB-CHG/CHIRPS/DAILY,1991-2020,IBGE_2024
3148806,Pedra do Anta,MG,173.168,9,set,47.894059949174455,OK,1991,2020,30,CHIRPS_v2,UCSB-CHG/CHIRPS/DAILY,1991-2020,IBGE_2024
3148301,Paula Cândido,MG,268.321,9,set,51.628417141074955,OK,1991,2020,30,CHIRPS_v2,UCSB-CHG/CHIRPS/DAILY,1991-2020,IBGE_2024
3163805,São Miguel do Anta,MG,152.111,9,set,50.132660613037636,OK,1991,2020,30,CHIRPS_v2,UCSB-CHG/CHIRPS/DAILY,1991-2020,IBGE_2024
3171303,Viçosa,MG,299.418,9,set,51.076381683270974,OK,1991,2020,30,CHIRPS_v2,UCSB-CHG/CHIRPS/DAILY,1991-2020,IBGE_2024
3145877,Orizânia,MG,121.8,9,set,58.40937674624231,OK,1991,2020,30,CHIRPS_v2,UCSB-CHG/CHIRPS/DAILY,1991-2020,IBGE_2024
3113305,Carangola,MG,353.404,9,set,55.92466820653982,OK,1991,2020,30,CHIRPS_v2,UCSB-CHG/CHIRPS/DAILY,1991-2020,IBGE_2024
3169208,Tombos,MG,285.124,9,set,46.5959823995596,OK,1991,2020,30,CHIRPS_v2,UCSB-CHG/CHIRPS/DAILY,1991-2020,IBGE_2024
3110103,Caiana,MG,106.465,9,set,50.559422786663035,OK,1991,2020,30,CHIRPS_v2,UCSB-CHG/CHIRPS/DAILY,1991-2020,IBGE_2024
3125309,Faria Lemos,MG,165.224,9,set,51.01661956242632,OK,1991,2020,30,CHIRPS_v2,UCSB-CHG/CHIRPS/DAILY,1991-2020,IBGE_2024
3149002,Pedra Dourada,MG,69.99,9,set,54.32018380613167,OK,1991,2020,30,CHIRPS_v2,UCSB-CHG/CHIRPS/DAILY,1991-2020,IBGE_2024
3124203,Espera Feliz,MG,317.638,9,set,54.9933291442868,OK,1991,2020,30,CHIRPS_v2,UCSB-CHG/CHIRPS/DAILY,1991-2020,IBGE_2024
3148756,Pedra Bonita,MG,173.928,9,set,55.09842106201769,OK,1991,2020,30,CHIRPS_v2,UCSB-CHG/CHIRPS/DAILY,1991-2020,IBGE_2024
3122009,Divino,MG,337.776,9,set,58.33545536772462,OK,1991,2020,30,CHIRPS_v2,UCSB-CHG/CHIRPS/DAILY,1991-2020,IBGE_2024
3121308,Descoberto,MG,213.168,9,set,50.665215736765724,OK,1991,2020,30,CHIRPS_v2,UCSB-CHG/CHIRPS/DAILY,1991-2020,IBGE_2024
3128501,Guarará,MG,88.655,9,set,56.49529218809673,OK,1991,2020,30,CHIRPS_v2,UCSB-CHG/CHIRPS/DAILY,1991-2020,IBGE_2024
3149507,Pequeri,MG,90.833,9,set,57.363930655302774,OK,1991,2020,30,CHIRPS_v2,UCSB-CHG/CHIRPS/DAILY,1991-2020,IBGE_2024
3165602,Senador Cortes,MG,98.336,9,set,52.54460216588324,OK,1991,2020,30,CHIRPS_v2,UCSB-CHG/CHIRPS/DAILY,1991-2020,IBGE_2024
3140209,Maripá de Minas,MG,77.338,9,set,55.46578133248563,OK,1991,2020,30,CHIRPS_v2,UCSB-CHG/CHIRPS/DAILY,1991-2020,IBGE_2024
3139805,Mar de Espanha,MG,371.6,9,set,53.201738760717554,OK,1991,2020,30,CHIRPS_v2,UCSB-CHG/CHIRPS/DAILY,1991-2020,IBGE_2024
3156205,Rochedo de Minas,MG,79.402,9,set,57.08860148754101,OK,1991,2020,30,CHIRPS_v2,UCSB-CHG/CHIRPS/DAILY,1991-2020,IBGE_2024
3106903,Bicas,MG,140.082,9,set,58.11649836940652,OK,1991,2020,30,CHIRPS_v2,UCSB-CHG/CHIRPS/DAILY,1991-2020,IBGE_2024
3162906,São João Nepomuceno,MG,407.427,9,set,55.52352316048555,OK,1991,2020,30,CHIRPS_v2,UCSB-CHG/CHIRPS/DAILY,1991-2020,IBGE_2024
3160009,Santo Antônio do Aventureiro,MG,202.032,9,set,52.40929147044025,OK,1991,2020,30,CHIRPS_v2,UCSB-CHG/CHIRPS/DAILY,1991-2020,IBGE_2024
3151107,Pirapetinga,MG,190.681,9,set,50.70575873540199,OK,1991,2020,30,CHIRPS_v2,UCSB-CHG/CHIRPS/DAILY,1991-2020,IBGE_2024
3101508,Além Paraíba,MG,510.25,9,set,50.185603224657804,OK,1991,2020,30,CHIRPS_v2,UCSB-CHG/CHIRPS/DAILY,1991-2020,IBGE_2024
3124609,Estrela Dalva,MG,131.365,9,set,48.706351598808084,OK,1991,2020,30,CHIRPS_v2,UCSB-CHG/CHIRPS/DAILY,1991-2020,IBGE_2024
3172103,Volta Grande,MG,205.552,9,set,46.64188814276399,OK,1991,2020,30,CHIRPS_v2,UCSB-CHG/CHIRPS/DAILY,1991-2020,IBGE_2024
3105608,Barbacena,MG,759.186,9,set,61.36626090028149,OK,1991,2020,30,CHIRPS_v2,UCSB-CHG/CHIRPS/DAILY,1991-2020,IBGE_2024
3102902,Antônio Carlos,MG,529.915,9,set,59.280895521379506,OK,1991,2020,30,CHIRPS_v2,UCSB-CHG/CHIRPS/DAILY,1991-2020,IBGE_2024
3101631,Alfredo Vasconcelos,MG,130.815,9,set,66.1206710671975,OK,1991,2020,30,CHIRPS_v2,UCSB-CHG/CHIRPS/DAILY,1991-2020,IBGE_2024
3154408,Ressaquinha,MG,183.062,9,set,64.84866725016462,OK,1991,2020,30,CHIRPS_v2,UCSB-CHG/CHIRPS/DAILY,1991-2020,IBGE_2024
3121506,Desterro do Melo,MG,142.279,9,set,66.17984229621041,OK,1991,2020,30,CHIRPS_v2,UCSB-CHG/CHIRPS/DAILY,1991-2020,IBGE_2024
3129400,Ibertioga,MG,346.24,9,set,58.19413931375205,OK,1991,2020,30,CHIRPS_v2,UCSB-CHG/CHIRPS/DAILY,1991-2020,IBGE_2024
3159407,Santa Rita de Ibitipoca,MG,324.234,9,set,61.21737851925554,OK,1991,2020,30,CHIRPS_v2,UCSB-CHG/CHIRPS/DAILY,1991-2020,IBGE_2024
3102100,Alto Rio Doce,MG,518.053,9,set,64.74376905648317,OK,1991,2020,30,CHIRPS_v2,UCSB-CHG/CHIRPS/DAILY,1991-2020,IBGE_2024
3158706,Santana do Garambéu,MG,203.074,9,set,63.41600898579944,OK,1991,2020,30,CHIRPS_v2,UCSB-CHG/CHIRPS/DAILY,1991-2020,IBGE_2024
3166204,Senhora dos Remédios,MG,237.815,9,set,67.46394331718433,OK,1991,2020,30,CHIRPS_v2,UCSB-CHG/CHIRPS/DAILY,1991-2020,IBGE_2024
3116308,Cipotânea,MG,153.479,9,set,61.411423097724494,OK,1991,2020,30,CHIRPS_v2,UCSB-CHG/CHIRPS/DAILY,1991-2020,IBGE_2024
3157302,Santa Bárbara do Tugúrio,MG,194.564,9,set,62.59601652963563,OK,1991,2020,30,CHIRPS_v2,UCSB-CHG/CHIRPS/DAILY,1991-2020,IBGE_2024
3123007,Dores de Campos,MG,124.842,9,set,57.878505035950845,OK,1991,2020,30,CHIRPS_v2,UCSB-CHG/CHIRPS/DAILY,1991-2020,IBGE_2024
3105905,Barroso,MG,82.07,9,set,56.66071503252245,OK,1991,2020,30,CHIRPS_v2,UCSB-CHG/CHIRPS/DAILY,1991-2020,IBGE_2024
3145901,Ouro Branco,MG,258.726,9,set,56.129114912127605,OK,1991,2020,30,CHIRPS_v2,UCSB-CHG/CHIRPS/DAILY,1991-2020,IBGE_2024
3153806,Queluzito,MG,153.56,9,set,58.612434904140564,OK,1991,2020,30,CHIRPS_v2,UCSB-CHG/CHIRPS/DAILY,1991-2020,IBGE_2024
3160900,São Brás do Suaçuí,MG,110.019,9,set,56.37789155710854,OK,1991,2020,30,CHIRPS_v2,UCSB-CHG/CHIRPS/DAILY,1991-2020,IBGE_2024
3135407,Jeceaba,MG,236.25,9,set,55.72806208783669,OK,1991,2020,30,CHIRPS_v2,UCSB-CHG/CHIRPS/DAILY,1991-2020,IBGE_2024
3118304,Conselheiro Lafaiete,MG,370.246,9,set,57.52047701453088,OK,1991,2020,30,CHIRPS_v2,UCSB-CHG/CHIRPS/DAILY,1991-2020,IBGE_2024
3118007,Congonhas,MG,304.067,9,set,55.484585682150495,OK,1991,2020,30,CHIRPS_v2,UCSB-CHG/CHIRPS/DAILY,1991-2020,IBGE_2024
3121407,Desterro de Entre Rios,MG,377.165,9,set,54.47877338349313,OK,1991,2020,30,CHIRPS_v2,UCSB-CHG/CHIRPS/DAILY,1991-2020,IBGE_2024
3113206,Carandaí,MG,487.28,9,set,62.03966429559366,OK,1991,2020,30,CHIRPS_v2,UCSB-CHG/CHIRPS/DAILY,1991-2020,IBGE_2024
3137908,Lamim,MG,118.602,9,set,58.69571735115823,OK,1991,2020,30,CHIRPS_v2,UCSB-CHG/CHIRPS/DAILY,1991-2020,IBGE_2024
3113107,Caranaíba,MG,159.95,9,set,62.96949415711926,OK,1991,2020,30,CHIRPS_v2,UCSB-CHG/CHIRPS/DAILY,1991-2020,IBGE_2024
3120409,Cristiano Otoni,MG,132.872,9,set,60.51303535506882,OK,1991,2020,30,CHIRPS_v2,UCSB-CHG/CHIRPS/DAILY,1991-2020,IBGE_2024
3112208,Capela Nova,MG,111.073,9,set,63.831873869319075,OK,1991,2020,30,CHIRPS_v2,UCSB-CHG/CHIRPS/DAILY,1991-2020,IBGE_2024
3150802,Piranga,MG,658.812,9,set,55.04178005240244,OK,1991,2020,30,CHIRPS_v2,UCSB-CHG/CHIRPS/DAILY,1991-2020,IBGE_2024
3159100,Santana dos Montes,MG,196.565,9,set,60.389479851921784,OK,1991,2020,30,CHIRPS_v2,UCSB-CHG/CHIRPS/DAILY,1991-2020,IBGE_2024
3133907,Itaverava,MG,284.22,9,set,58.16285268631452,OK,1991,2020,30,CHIRPS_v2,UCSB-CHG/CHIRPS/DAILY,1991-2020,IBGE_2024
3166006,Senhora de Oliveira,MG,170.749,9,set,56.82267629317372,OK,1991,2020,30,CHIRPS_v2,UCSB-CHG/CHIRPS/DAILY,1991-2020,IBGE_2024
3123908,Entre Rios de Minas,MG,456.796,9,set,56.97105918288066,OK,1991,2020,30,CHIRPS_v2,UCSB-CHG/CHIRPS/DAILY,1991-2020,IBGE_2024
3115409,Catas Altas da Noruega,MG,141.622,9,set,56.816288849124966,OK,1991,2020,30,CHIRPS_v2,UCSB-CHG/CHIRPS/DAILY,1991-2020,IBGE_2024
3106408,Belo Vale,MG,364.94,9,set,54.1418013604654,OK,1991,2020,30,CHIRPS_v2,UCSB-CHG/CHIRPS/DAILY,1991-2020,IBGE_2024
3114907,Casa Grande,MG,157.727,9,set,59.90565977841779,OK,1991,2020,30,CHIRPS_v2,UCSB-CHG/CHIRPS/DAILY,1991-2020,IBGE_2024
3155207,Rio Espera,MG,238.602,9,set,62.65478754607888,OK,1991,2020,30,CHIRPS_v2,UCSB-CHG/CHIRPS/DAILY,1991-2020,IBGE_2024
3162500,São João del Rei,MG,1452.002,9,set,55.937388692352414,OK,1991,2020,30,CHIRPS_v2,UCSB-CHG/CHIRPS/DAILY,1991-2020,IBGE_2024
3119708,Coronel Xavier Chaves,MG,140.954,9,set,56.24711378336605,OK,1991,2020,30,CHIRPS_v2,UCSB-CHG/CHIRPS/DAILY,1991-2020,IBGE_2024
3168804,Tiradentes,MG,83.047,9,set,53.86730589167784,OK,1991,2020,30,CHIRPS_v2,UCSB-CHG/CHIRPS/DAILY,1991-2020,IBGE_2024
3157336,Santa Cruz de Minas,MG,3.565,9,set,50.24362633296422,OK,1991,2020,30,CHIRPS_v2,UCSB-CHG/CHIRPS/DAILY,1991-2020,IBGE_2024
3154200,Resende Costa,MG,618.312,9,set,56.74592943509027,OK,1991,2020,30,CHIRPS_v2,UCSB-CHG/CHIRPS/DAILY,1991-2020,IBGE_2024
3137403,Lagoa Dourada,MG,476.693,9,set,59.21689478913384,OK,1991,2020,30,CHIRPS_v2,UCSB-CHG/CHIRPS/DAILY,1991-2020,IBGE_2024
3144508,Nazareno,MG,341.453,9,set,56.11097551354343,OK,1991,2020,30,CHIRPS_v2,UCSB-CHG/CHIRPS/DAILY,1991-2020,IBGE_2024
3152709,Prados,MG,264.115,9,set,57.24422743837237,OK,1991,2020,30,CHIRPS_v2,UCSB-CHG/CHIRPS/DAILY,1991-2020,IBGE_2024
3150307,Piedade do Rio Grande,MG,322.814,9,set,58.986735836847664,OK,1991,2020,30,CHIRPS_v2,UCSB-CHG/CHIRPS/DAILY,1991-2020,IBGE_2024
3165305,São Vicente de Minas,MG,392.651,9,set,61.95609189259003,OK,1991,2020,30,CHIRPS_v2,UCSB-CHG/CHIRPS/DAILY,1991-2020,IBGE_2024
3165008,São Tiago,MG,572.4,9,set,56.73180165306073,OK,1991,2020,30,CHIRPS_v2,UCSB-CHG/CHIRPS/DAILY,1991-2020,IBGE_2024
3115201,Conceição da Barra de Minas,MG,273.014,9,set,57.61022219980933,OK,1991,2020,30,CHIRPS_v2,UCSB-CHG/CHIRPS/DAILY,1991-2020,IBGE_2024
3156106,Ritápolis,MG,404.805,9,set,57.12954475407105,OK,1991,2020,30,CHIRPS_v2,UCSB-CHG/CHIRPS/DAILY,1991-2020,IBGE_2024
3139102,Madre de Deus de Minas,MG,492.909,9,set,58.851464234991624,OK,1991,2020,30,CHIRPS_v2,UCSB-CHG/CHIRPS/DAILY,1991-2020,IBGE_2024
3134301,Itumirim,MG,234.802,9,set,57.616222006411235,OK,1991,2020,30,CHIRPS_v2,UCSB-CHG/CHIRPS/DAILY,1991-2020,IBGE_2024
3130408,Ijaci,MG,105.246,9,set,60.71160553205811,OK,1991,2020,30,CHIRPS_v2,UCSB-CHG/CHIRPS/DAILY,1991-2020,IBGE_2024
3134509,Itutinga,MG,372.018,9,set,55.94222708663699,OK,1991,2020,30,CHIRPS_v2,UCSB-CHG/CHIRPS/DAILY,1991-2020,IBGE_2024
3108008,Bom Sucesso,MG,705.046,9,set,57.11756803963301,OK,1991,2020,30,CHIRPS_v2,UCSB-CHG/CHIRPS/DAILY,1991-2020,IBGE_2024
3114600,Carrancas,MG,727.894,9,set,58.99443431036671,OK,1991,2020,30,CHIRPS_v2,UCSB-CHG/CHIRPS/DAILY,1991-2020,IBGE_2024
3138708,Luminárias,MG,500.143,9,set,58.85669571514987,OK,1991,2020,30,CHIRPS_v2,UCSB-CHG/CHIRPS/DAILY,1991-2020,IBGE_2024
3130804,Ingaí,MG,305.591,9,set,58.560246018648954,OK,1991,2020,30,CHIRPS_v2,UCSB-CHG/CHIRPS/DAILY,1991-2020,IBGE_2024
3130002,Ibituruna,MG,153.106,9,set,56.14459490138812,OK,1991,2020,30,CHIRPS_v2,UCSB-CHG/CHIRPS/DAILY,1991-2020,IBGE_2024
3165206,São Tomé das Letras,MG,369.747,9,set,61.33874347249064,OK,1991,2020,30,CHIRPS_v2,UCSB-CHG/CHIRPS/DAILY,1991-2020,IBGE_2024
3152600,Pouso Alto,MG,263.034,9,set,71.62635723841761,OK,1991,2020,30,CHIRPS_v2,UCSB-CHG/CHIRPS/DAILY,1991-2020,IBGE_2024
3167806,Soledade de Minas,MG,196.866,9,set,69.42970316442192,OK,1991,2020,30,CHIRPS_v2,UCSB-CHG/CHIRPS/DAILY,1991-2020,IBGE_2024
3117702,Conceição do Rio Verde,MG,369.681,9,set,65.80219925038058,OK,1991,2020,30,CHIRPS_v2,UCSB-CHG/CHIRPS/DAILY,1991-2020,IBGE_2024
3101300,Alagoa,MG,161.356,9,set,73.74216208672054,OK,1991,2020,30,CHIRPS_v2,UCSB-CHG/CHIRPS/DAILY,1991-2020,IBGE_2024
3133006,Itamonte,MG,431.792,9,set,76.64152874635336,OK,1991,2020,30,CHIRPS_v2,UCSB-CHG/CHIRPS/DAILY,1991-2020,IBGE_2024
3133105,Itanhandu,MG,143.363,9,set,73.31103728800237,OK,1991,2020,30,CHIRPS_v2,UCSB-CHG/CHIRPS/DAILY,1991-2020,IBGE_2024
3164902,São Sebastião do Rio Verde,MG,90.848,9,set,71.9598804733578,OK,1991,2020,30,CHIRPS_v2,UCSB-CHG/CHIRPS/DAILY,1991-2020,IBGE_2024
3147600,Passa Quatro,MG,277.221,9,set,66.2473445371738,OK,1991,2020,30,CHIRPS_v2,UCSB-CHG/CHIRPS/DAILY,1991-2020,IBGE_2024
3163706,São Lourenço,MG,58.019,9,set,74.64201726019985,OK,1991,2020,30,CHIRPS_v2,UCSB-CHG/CHIRPS/DAILY,1991-2020,IBGE_2024
3104908,Baependi,MG,750.554,9,set,67.07156365311069,OK,1991,2020,30,CHIRPS_v2,UCSB-CHG/CHIRPS/DAILY,1991-2020,IBGE_2024
3120805,Cruzília,MG,522.419,9,set,61.9443203499146,OK,1991,2020,30,CHIRPS_v2,UCSB-CHG/CHIRPS/DAILY,1991-2020,IBGE_2024
3167004,Serranos,MG,213.173,9,set,63.75941813064707,OK,1991,2020,30,CHIRPS_v2,UCSB-CHG/CHIRPS/DAILY,1991-2020,IBGE_2024
3141900,Minduri,MG,219.774,9,set,62.07625504250101,OK,1991,2020,30,CHIRPS_v2,UCSB-CHG/CHIRPS/DAILY,1991-2020,IBGE_2024
3166402,Seritinga,MG,114.769,9,set,67.1283528303643,OK,1991,2020,30,CHIRPS_v2,UCSB-CHG/CHIRPS/DAILY,1991-2020,IBGE_2024
3101201,Aiuruoca,MG,649.68,9,set,65.97068803163685,OK,1991,2020,30,CHIRPS_v2,UCSB-CHG/CHIRPS/DAILY,1991-2020,IBGE_2024
3115508,Caxambu,MG,100.483,9,set,65.40322802942316,OK,1991,2020,30,CHIRPS_v2,UCSB-CHG/CHIRPS/DAILY,1991-2020,IBGE_2024
3114808,Carvalhos,MG,282.254,9,set,69.82999561453146,OK,1991,2020,30,CHIRPS_v2,UCSB-CHG/CHIRPS/DAILY,1991-2020,IBGE_2024
3161809,São Gonçalo do Pará,MG,265.73,9,set,44.93394679074707,OK,1991,2020,30,CHIRPS_v2,UCSB-CHG/CHIRPS/DAILY,1991-2020,IBGE_2024
3133709,Itatiaiuçu,MG,294.181,9,set,48.14124956992015,OK,1991,2020,30,CHIRPS_v2,UCSB-CHG/CHIRPS/DAILY,1991-2020,IBGE_2024
3117603,Conceição do Pará,MG,250.306,9,set,43.0307767859907,OK,1991,2020,30,CHIRPS_v2,UCSB-CHG/CHIRPS/DAILY,1991-2020,IBGE_2024
3133808,Itaúna,MG,494.559,9,set,45.63173543047538,OK,1991,2020,30,CHIRPS_v2,UCSB-CHG/CHIRPS/DAILY,1991-2020,IBGE_2024
3116605,Cláudio,MG,630.706,9,set,49.014499963186445,OK,1991,2020,30,CHIRPS_v2,UCSB-CHG/CHIRPS/DAILY,1991-2020,IBGE_2024
3114204,Carmo do Cajuru,MG,455.807,9,set,47.07692932816318,OK,1991,2020,30,CHIRPS_v2,UCSB-CHG/CHIRPS/DAILY,1991-2020,IBGE_2024
3145802,Onça de Pitangui,MG,246.976,9,set,39.43836270446809,OK,1991,2020,30,CHIRPS_v2,UCSB-CHG/CHIRPS/DAILY,1991-2020,IBGE_2024
3149606,Pequi,MG,203.991,9,set,37.80635793129287,OK,1991,2020,30,CHIRPS_v2,UCSB-CHG/CHIRPS/DAILY,1991-2020,IBGE_2024
3139706,Maravilhas,MG,261.604,9,set,35.60045665515402,OK,1991,2020,30,CHIRPS_v2,UCSB-CHG/CHIRPS/DAILY,1991-2020,IBGE_2024
3146909,Papagaios,MG,553.577,9,set,32.5118841234078,OK,1991,2020,30,CHIRPS_v2,UCSB-CHG/CHIRPS/DAILY,1991-2020,IBGE_2024
3147105,Pará de Minas,MG,551.105,9,set,42.729498067335015,OK,1991,2020,30,CHIRPS_v2,UCSB-CHG/CHIRPS/DAILY,1991-2020,IBGE_2024
3163102,São José da Varginha,MG,205.501,9,set,39.85076202397965,OK,1991,2020,30,CHIRPS_v2,UCSB-CHG/CHIRPS/DAILY,1991-2020,IBGE_2024
3130200,Igaratinga,MG,218.343,9,set,44.65637085357242,OK,1991,2020,30,CHIRPS_v2,UCSB-CHG/CHIRPS/DAILY,1991-2020,IBGE_2024
3145604,Oliveira,MG,897.294,9,set,53.046233631825906,OK,1991,2020,30,CHIRPS_v2,UCSB-CHG/CHIRPS/DAILY,1991-2020,IBGE_2024
3120607,Crucilândia,MG,167.164,9,set,50.82756936702626,OK,1991,2020,30,CHIRPS_v2,UCSB-CHG/CHIRPS/DAILY,1991-2020,IBGE_2024
3150604,Piracema,MG,280.335,9,set,51.54661251337608,OK,1991,2020,30,CHIRPS_v2,UCSB-CHG/CHIRPS/DAILY,1991-2020,IBGE_2024
3150406,Piedade dos Gerais,MG,259.638,9,set,52.51951617903259,OK,1991,2020,30,CHIRPS_v2,UCSB-CHG/CHIRPS/DAILY,1991-2020,IBGE_2024
3108107,Bonfim,MG,300.471,9,set,50.9839059455652,OK,1991,2020,30,CHIRPS_v2,UCSB-CHG/CHIRPS/DAILY,1991-2020,IBGE_2024
3132206,Itaguara,MG,410.468,9,set,48.69738925249597,OK,1991,2020,30,CHIRPS_v2,UCSB-CHG/CHIRPS/DAILY,1991-2020,IBGE_2024
3147709,Passa Tempo,MG,429.172,9,set,53.133310022587445,OK,1991,2020,30,CHIRPS_v2,UCSB-CHG/CHIRPS/DAILY,1991-2020,IBGE_2024
3114501,Carmópolis de Minas,MG,400.01,9,set,51.2296079061902,OK,1991,2020,30,CHIRPS_v2,UCSB-CHG/CHIRPS/DAILY,1991-2020,IBGE_2024
3155306,Rio Manso,MG,231.54,9,set,49.713639871163664,OK,1991,2020,30,CHIRPS_v2,UCSB-CHG/CHIRPS/DAILY,1991-2020,IBGE_2024
3202207,Fundão,ES,286.854,9,set,64.51671448598971,OK,1991,2020,30,CHIRPS_v2,UCSB-CHG/CHIRPS/DAILY,1991-2020,IBGE_2024
3202405,Guarapari,ES,589.826,9,set,71.76861337502196,OK,1991,2020,30,CHIRPS_v2,UCSB-CHG/CHIRPS/DAILY,1991-2020,IBGE_2024
3201308,Cariacica,ES,279.718,9,set,71.95164371067567,OK,1991,2020,30,CHIRPS_v2,UCSB-CHG/CHIRPS/DAILY,1991-2020,IBGE_2024
3205200,Vila Velha,ES,210.225,9,set,70.19767817044948,OK,1991,2020,30,CHIRPS_v2,UCSB-CHG/CHIRPS/DAILY,1991-2020,IBGE_2024
3205309,Vitória,ES,97.124,9,set,75.68232208806869,OK,1991,2020,30,CHIRPS_v2,UCSB-CHG/CHIRPS/DAILY,1991-2020,IBGE_2024
3205101,Viana,ES,312.278,9,set,71.99691353713294,OK,1991,2020,30,CHIRPS_v2,UCSB-CHG/CHIRPS/DAILY,1991-2020,IBGE_2024
3205002,Serra,ES,547.631,9,set,72.06632556763248,OK,1991,2020,30,CHIRPS_v2,UCSB-CHG/CHIRPS/DAILY,1991-2020,IBGE_2024
3200300,Alfredo Chaves,ES,615.677,9,set,73.50817928769862,OK,1991,2020,30,CHIRPS_v2,UCSB-CHG/CHIRPS/DAILY,1991-2020,IBGE_2024
3200409,Anchieta,ES,409.691,9,set,74.95021324056452,OK,1991,2020,30,CHIRPS_v2,UCSB-CHG/CHIRPS/DAILY,1991-2020,IBGE_2024
3204203,Piúma,ES,73.623,9,set,75.711620645951,OK,1991,2020,30,CHIRPS_v2,UCSB-CHG/CHIRPS/DAILY,1991-2020,IBGE_2024
3202900,Itarana,ES,295.189,9,set,40.59750091348796,OK,1991,2020,30,CHIRPS_v2,UCSB-CHG/CHIRPS/DAILY,1991-2020,IBGE_2024
3201704,Conceição do Castelo,ES,369.778,9,set,53.14282977616883,OK,1991,2020,30,CHIRPS_v2,UCSB-CHG/CHIRPS/DAILY,1991-2020,IBGE_2024
3201902,Domingos Martins,ES,1229.21,9,set,59.138734279071684,OK,1991,2020,30,CHIRPS_v2,UCSB-CHG/CHIRPS/DAILY,1991-2020,IBGE_2024
3201159,Brejetuba,ES,354.404,9,set,48.48973480074592,OK,1991,2020,30,CHIRPS_v2,UCSB-CHG/CHIRPS/DAILY,1991-2020,IBGE_2024
3200102,Afonso Cláudio,ES,941.188,9,set,45.499842127034654,OK,1991,2020,30,CHIRPS_v2,UCSB-CHG/CHIRPS/DAILY,1991-2020,IBGE_2024
3205069,Venda Nova do Imigrante,ES,185.909,9,set,51.776827205038664,OK,1991,2020,30,CHIRPS_v2,UCSB-CHG/CHIRPS/DAILY,1991-2020,IBGE_2024
3204609,Santa Teresa,ES,683.032,9,set,46.5301794704542,OK,1991,2020,30,CHIRPS_v2,UCSB-CHG/CHIRPS/DAILY,1991-2020,IBGE_2024
3204559,Santa Maria de Jetibá,ES,735.198,9,set,49.22219399476207,OK,1991,2020,30,CHIRPS_v2,UCSB-CHG/CHIRPS/DAILY,1991-2020,IBGE_2024
3204500,Santa Leopoldina,ES,718.326,9,set,65.95994876256184,OK,1991,2020,30,CHIRPS_v2,UCSB-CHG/CHIRPS/DAILY,1991-2020,IBGE_2024
3203346,Marechal Floriano,ES,285.495,9,set,70.74536654866878,OK,1991,2020,30,CHIRPS_v2,UCSB-CHG/CHIRPS/DAILY,1991-2020,IBGE_2024
3203163,Laranja da Terra,ES,458.37,9,set,38.88832828937766,OK,1991,2020,30,CHIRPS_v2,UCSB-CHG/CHIRPS/DAILY,1991-2020,IBGE_2024
3204906,São Mateus,ES,2346.048,9,set,51.509103298585124,OK,1991,2020,30,CHIRPS_v2,UCSB-CHG/CHIRPS/DAILY,1991-2020,IBGE_2024
3203056,Jaguaré,ES,659.751,9,set,49.627759637910756,OK,1991,2020,30,CHIRPS_v2,UCSB-CHG/CHIRPS/DAILY,1991-2020,IBGE_2024
3201605,Conceição da Barra,ES,1182.587,9,set,59.886920623991294,OK,1991,2020,30,CHIRPS_v2,UCSB-CHG/CHIRPS/DAILY,1991-2020,IBGE_2024
3201001,Boa Esperança,ES,428.717,9,set,44.65676721753328,OK,1991,2020,30,CHIRPS_v2,UCSB-CHG/CHIRPS/DAILY,1991-2020,IBGE_2024
3204252,Ponto Belo,ES,360.11,9,set,41.44177334899143,OK,1991,2020,30,CHIRPS_v2,UCSB-CHG/CHIRPS/DAILY,1991-2020,IBGE_2024
3204054,Pedro Canário,ES,433.453,9,set,53.687207251592206,OK,1991,2020,30,CHIRPS_v2,UCSB-CHG/CHIRPS/DAILY,1991-2020,IBGE_2024
3204104,Pinheiros,ES,973.136,9,set,47.1170928235615,OK,1991,2020,30,CHIRPS_v2,UCSB-CHG/CHIRPS/DAILY,1991-2020,IBGE_2024
3203601,Mucurici,ES,540.529,9,set,39.17932191001884,OK,1991,2020,30,CHIRPS_v2,UCSB-CHG/CHIRPS/DAILY,1991-2020,IBGE_2024
3203502,Montanha,ES,1099.06,9,set,45.7506777867064,OK,1991,2020,30,CHIRPS_v2,UCSB-CHG/CHIRPS/DAILY,1991-2020,IBGE_2024
3203205,Linhares,ES,3496.263,9,set,49.52712901946669,OK,1991,2020,30,CHIRPS_v2,UCSB-CHG/CHIRPS/DAILY,1991-2020,IBGE_2024
3203130,João Neiva,ES,284.734,9,set,44.885755344142375,OK,1991,2020,30,CHIRPS_v2,UCSB-CHG/CHIRPS/DAILY,1991-2020,IBGE_2024
3202504,Ibiraçu,ES,201.248,9,set,56.11938763698245,OK,1991,2020,30,CHIRPS_v2,UCSB-CHG/CHIRPS/DAILY,1991-2020,IBGE_2024
3200607,Aracruz,ES,1420.286,9,set,56.62372174799138,OK,1991,2020,30,CHIRPS_v2,UCSB-CHG/CHIRPS/DAILY,1991-2020,IBGE_2024
3205010,Sooretama,ES,587.037,9,set,46.75634165096648,OK,1991,2020,30,CHIRPS_v2,UCSB-CHG/CHIRPS/DAILY,1991-2020,IBGE_2024
3204351,Rio Bananal,ES,641.929,9,set,40.25547567121105,OK,1991,2020,30,CHIRPS_v2,UCSB-CHG/CHIRPS/DAILY,1991-2020,IBGE_2024
3201506,Colatina,ES,1398.219,9,set,39.05641321427677,OK,1991,2020,30,CHIRPS_v2,UCSB-CHG/CHIRPS/DAILY,1991-2020,IBGE_2024
3202702,Itaguaçu,ES,535.021,9,set,36.44966807718313,OK,1991,2020,30,CHIRPS_v2,UCSB-CHG/CHIRPS/DAILY,1991-2020,IBGE_2024
3202256,Governador Lindenberg,ES,360.016,9,set,34.25945981758475,OK,1991,2020,30,CHIRPS_v2,UCSB-CHG/CHIRPS/DAILY,1991-2020,IBGE_2024
3200805,Baixo Guandu,ES,909.039,9,set,33.7646353286983,OK,1991,2020,30,CHIRPS_v2,UCSB-CHG/CHIRPS/DAILY,1991-2020,IBGE_2024
3200136,Águia Branca,ES,454.448,9,set,34.0944497298496,OK,1991,2020,30,CHIRPS_v2,UCSB-CHG/CHIRPS/DAILY,1991-2020,IBGE_2024
3200359,Alto Rio Novo,ES,227.617,9,set,31.808773049432943,OK,1991,2020,30,CHIRPS_v2,UCSB-CHG/CHIRPS/DAILY,1991-2020,IBGE_2024
3204708,São Gabriel da Palha,ES,434.887,9,set,36.658647086674904,OK,1991,2020,30,CHIRPS_v2,UCSB-CHG/CHIRPS/DAILY,1991-2020,IBGE_2024
3205176,Vila Valério,ES,470.342,9,set,43.099952290128854,OK,1991,2020,30,CHIRPS_v2,UCSB-CHG/CHIRPS/DAILY,1991-2020,IBGE_2024
3204955,São Roque do Canaã,ES,341.944,9,set,40.40808121907716,OK,1991,2020,30,CHIRPS_v2,UCSB-CHG/CHIRPS/DAILY,1991-2020,IBGE_2024
3204658,São Domingos do Norte,ES,298.58,9,set,38.92710706640715,OK,1991,2020,30,CHIRPS_v2,UCSB-CHG/CHIRPS/DAILY,1991-2020,IBGE_2024
3204005,Pancas,ES,837.842,9,set,31.960617432807936,OK,1991,2020,30,CHIRPS_v2,UCSB-CHG/CHIRPS/DAILY,1991-2020,IBGE_2024
3203304,Mantenópolis,ES,321.417,9,set,27.62581355879271,OK,1991,2020,30,CHIRPS_v2,UCSB-CHG/CHIRPS/DAILY,1991-2020,IBGE_2024
3203353,Marilândia,ES,327.642,9,set,40.787543865529976,OK,1991,2020,30,CHIRPS_v2,UCSB-CHG/CHIRPS/DAILY,1991-2020,IBGE_2024
3202108,Ecoporanga,ES,2285.361,9,set,37.90670720056829,OK,1991,2020,30,CHIRPS_v2,UCSB-CHG/CHIRPS/DAILY,1991-2020,IBGE_2024
3200904,Barra de São Francisco,ES,944.521,9,set,34.72526750207493,OK,1991,2020,30,CHIRPS_v2,UCSB-CHG/CHIRPS/DAILY,1991-2020,IBGE_2024
3200169,Água Doce do Norte,ES,473.728,9,set,33.19076104504066,OK,1991,2020,30,CHIRPS_v2,UCSB-CHG/CHIRPS/DAILY,1991-2020,IBGE_2024
3205150,Vila Pavão,ES,433.257,9,set,39.73464742125939,OK,1991,2020,30,CHIRPS_v2,UCSB-CHG/CHIRPS/DAILY,1991-2020,IBGE_2024
3203908,Nova Venécia,ES,1439.57,9,set,40.26407194862362,OK,1991,2020,30,CHIRPS_v2,UCSB-CHG/CHIRPS/DAILY,1991-2020,IBGE_2024
3201209,Cachoeiro de Itapemirim,ES,864.583,9,set,59.732611564940484,OK,1991,2020,30,CHIRPS_v2,UCSB-CHG/CHIRPS/DAILY,1991-2020,IBGE_2024
3203106,Jerônimo Monteiro,ES,177.342,9,set,60.70156866454053,OK,1991,2020,30,CHIRPS_v2,UCSB-CHG/CHIRPS/DAILY,1991-2020,IBGE_2024
3202603,Iconha,ES,203.528,9,set,72.7776553060928,OK,1991,2020,30,CHIRPS_v2,UCSB-CHG/CHIRPS/DAILY,1991-2020,IBGE_2024
3201407,Castelo,ES,663.515,9,set,58.68503725573165,OK,1991,2020,30,CHIRPS_v2,UCSB-CHG/CHIRPS/DAILY,1991-2020,IBGE_2024
3200706,Atílio Vivácqua,ES,232.868,9,set,61.5150164469372,OK,1991,2020,30,CHIRPS_v2,UCSB-CHG/CHIRPS/DAILY,1991-2020,IBGE_2024
3205036,Vargem Alta,ES,417.76,9,set,65.07472890448243,OK,1991,2020,30,CHIRPS_v2,UCSB-CHG/CHIRPS/DAILY,1991-2020,IBGE_2024
3204302,Presidente Kennedy,ES,594.897,9,set,59.714839027204164,OK,1991,2020,30,CHIRPS_v2,UCSB-CHG/CHIRPS/DAILY,1991-2020,IBGE_2024
3204401,Rio Novo do Sul,ES,204.464,9,set,67.97117471649626,OK,1991,2020,30,CHIRPS_v2,UCSB-CHG/CHIRPS/DAILY,1991-2020,IBGE_2024
3203809,Muqui,ES,327.268,9,set,59.61580615230932,OK,1991,2020,30,CHIRPS_v2,UCSB-CHG/CHIRPS/DAILY,1991-2020,IBGE_2024
3203320,Marataízes,ES,130.268,9,set,61.60159736247343,OK,1991,2020,30,CHIRPS_v2,UCSB-CHG/CHIRPS/DAILY,1991-2020,IBGE_2024
3203403,Mimoso do Sul,ES,869.439,9,set,57.51238306474187,OK,1991,2020,30,CHIRPS_v2,UCSB-CHG/CHIRPS/DAILY,1991-2020,IBGE_2024
3202801,Itapemirim,ES,551.133,9,set,64.45248875925176,OK,1991,2020,30,CHIRPS_v2,UCSB-CHG/CHIRPS/DAILY,1991-2020,IBGE_2024
3203007,Iúna,ES,460.586,9,set,55.484284992953555,OK,1991,2020,30,CHIRPS_v2,UCSB-CHG/CHIRPS/DAILY,1991-2020,IBGE_2024
3202306,Guaçuí,ES,468.185,9,set,57.63099172200431,OK,1991,2020,30,CHIRPS_v2,UCSB-CHG/CHIRPS/DAILY,1991-2020,IBGE_2024
3202553,Ibitirama,ES,330.874,9,set,57.31881926065847,OK,1991,2020,30,CHIRPS_v2,UCSB-CHG/CHIRPS/DAILY,1991-2020,IBGE_2024
3202454,Ibatiba,ES,240.278,9,set,52.64471013765333,OK,1991,2020,30,CHIRPS_v2,UCSB-CHG/CHIRPS/DAILY,1991-2020,IBGE_2024
3201803,Divino de São Lourenço,ES,174.039,9,set,58.19858226141184,OK,1991,2020,30,CHIRPS_v2,UCSB-CHG/CHIRPS/DAILY,1991-2020,IBGE_2024
3202009,Dores do Rio Preto,ES,159.298,9,set,55.05608369669397,OK,1991,2020,30,CHIRPS_v2,UCSB-CHG/CHIRPS/DAILY,1991-2020,IBGE_2024
3201100,Bom Jesus do Norte,ES,89.084,9,set,56.13692930453738,OK,1991,2020,30,CHIRPS_v2,UCSB-CHG/CHIRPS/DAILY,1991-2020,IBGE_2024
3200201,Alegre,ES,756.86,9,set,58.936352593602294,OK,1991,2020,30,CHIRPS_v2,UCSB-CHG/CHIRPS/DAILY,1991-2020,IBGE_2024
3200508,Apiacá,ES,193.984,9,set,55.12213012633491,OK,1991,2020,30,CHIRPS_v2,UCSB-CHG/CHIRPS/DAILY,1991-2020,IBGE_2024
3204807,São José do Calçado,ES,273.489,9,set,57.008924514809465,OK,1991,2020,30,CHIRPS_v2,UCSB-CHG/CHIRPS/DAILY,1991-2020,IBGE_2024
3203700,Muniz Freire,ES,678.804,9,set,54.589380283095764,OK,1991,2020,30,CHIRPS_v2,UCSB-CHG/CHIRPS/DAILY,1991-2020,IBGE_2024
3202652,Irupi,ES,184.807,9,set,57.4446547809609,OK,1991,2020,30,CHIRPS_v2,UCSB-CHG/CHIRPS/DAILY,1991-2020,IBGE_2024
3300456,Belford Roxo,RJ,78.985,9,set,81.33311338890124,OK,1991,2020,30,CHIRPS_v2,UCSB-CHG/CHIRPS/DAILY,1991-2020,IBGE_2024
3305752,Tanguá,RJ,143.007,9,set,83.8166949096265,OK,1991,2020,30,CHIRPS_v2,UCSB-CHG/CHIRPS/DAILY,1991-2020,IBGE_2024
3305554,Seropédica,RJ,265.189,9,set,74.12013729613682,OK,1991,2020,30,CHIRPS_v2,UCSB-CHG/CHIRPS/DAILY,1991-2020,IBGE_2024
3305109,São João de Meriti,RJ,35.216,9,set,76.19115946326087,OK,1991,2020,30,CHIRPS_v2,UCSB-CHG/CHIRPS/DAILY,1991-2020,IBGE_2024
3305505,Saquarema,RJ,352.129,9,set,80.0759080316089,OK,1991,2020,30,CHIRPS_v2,UCSB-CHG/CHIRPS/DAILY,1991-2020,IBGE_2024
3304557,Rio de Janeiro,RJ,1200.329,9,set,87.47149470420682,OK,1991,2020,30,CHIRPS_v2,UCSB-CHG/CHIRPS/DAILY,1991-2020,IBGE_2024
3304904,São Gonçalo,RJ,248.159,9,set,77.479944253713,OK,1991,2020,30,CHIRPS_v2,UCSB-CHG/CHIRPS/DAILY,1991-2020,IBGE_2024
3304144,Queimados,RJ,75.927,9,set,80.80558802682779,OK,1991,2020,30,CHIRPS_v2,UCSB-CHG/CHIRPS/DAILY,1991-2020,IBGE_2024
3303500,Nova Iguaçu,RJ,520.581,9,set,93.09016326376766,OK,1991,2020,30,CHIRPS_v2,UCSB-CHG/CHIRPS/DAILY,1991-2020,IBGE_2024
3303609,Paracambi,RJ,190.949,9,set,72.55786319890086,OK,1991,2020,30,CHIRPS_v2,UCSB-CHG/CHIRPS/DAILY,1991-2020,IBGE_2024
3303203,Nilópolis,RJ,19.393,9,set,64.06372103275658,OK,1991,2020,30,CHIRPS_v2,UCSB-CHG/CHIRPS/DAILY,1991-2020,IBGE_2024
3303302,Niterói,RJ,133.757,9,set,78.96273878885664,OK,1991,2020,30,CHIRPS_v2,UCSB-CHG/CHIRPS/DAILY,1991-2020,IBGE_2024
3302601,Mangaratiba,RJ,367.606,9,set,100.82034784030063,OK,1991,2020,30,CHIRPS_v2,UCSB-CHG/CHIRPS/DAILY,1991-2020,IBGE_2024
3302700,Maricá,RJ,361.572,9,set,79.24794338748086,OK,1991,2020,30,CHIRPS_v2,UCSB-CHG/CHIRPS/DAILY,1991-2020,IBGE_2024
3302502,Magé,RJ,390.775,9,set,83.58223114861828,OK,1991,2020,30,CHIRPS_v2,UCSB-CHG/CHIRPS/DAILY,1991-2020,IBGE_2024
3302858,Mesquita,RJ,41.169,9,set,70.46329941202508,OK,1991,2020,30,CHIRPS_v2,UCSB-CHG/CHIRPS/DAILY,1991-2020,IBGE_2024
3302007,Itaguaí,RJ,282.607,9,set,86.76586842515927,OK,1991,2020,30,CHIRPS_v2,UCSB-CHG/CHIRPS/DAILY,1991-2020,IBGE_2024
3302270,Japeri,RJ,81.697,9,set,85.26440268122343,OK,1991,2020,30,CHIRPS_v2,UCSB-CHG/CHIRPS/DAILY,1991-2020,IBGE_2024
3301702,Duque de Caxias,RJ,467.319,9,set,92.67286697516181,OK,1991,2020,30,CHIRPS_v2,UCSB-CHG/CHIRPS/DAILY,1991-2020,IBGE_2024
3301850,Guapimirim,RJ,358.443,9,set,88.52593744885388,OK,1991,2020,30,CHIRPS_v2,UCSB-CHG/CHIRPS/DAILY,1991-2020,IBGE_2024
3301900,Itaboraí,RJ,429.961,9,set,82.46063080892789,OK,1991,2020,30,CHIRPS_v2,UCSB-CHG/CHIRPS/DAILY,1991-2020,IBGE_2024
3300100,Angra dos Reis,RJ,813.419,9,set,112.3696706933976,OK,1991,2020,30,CHIRPS_v2,UCSB-CHG/CHIRPS/DAILY,1991-2020,IBGE_2024
3303807,Paraty,RJ,924.295,9,set,102.27423624184857,OK,1991,2020,30,CHIRPS_v2,UCSB-CHG/CHIRPS/DAILY,1991-2020,IBGE_2024
3300803,Cachoeiras de Macacu,RJ,954.749,9,set,87.86131431472225,OK,1991,2020,30,CHIRPS_v2,UCSB-CHG/CHIRPS/DAILY,1991-2020,IBGE_2024
3305604,Silva Jardim,RJ,937.755,9,set,90.45744414963657,OK,1991,2020,30,CHIRPS_v2,UCSB-CHG/CHIRPS/DAILY,1991-2020,IBGE_2024
3304300,Rio Bonito,RJ,459.458,9,set,88.47233982943374,OK,1991,2020,30,CHIRPS_v2,UCSB-CHG/CHIRPS/DAILY,1991-2020,IBGE_2024
3300407,Barra Mansa,RJ,547.133,9,set,64.00173692231772,OK,1991,2020,30,CHIRPS_v2,UCSB-CHG/CHIRPS/DAILY,1991-2020,IBGE_2024
3306305,Volta Redonda,RJ,182.105,9,set,62.70653091428104,OK,1991,2020,30,CHIRPS_v2,UCSB-CHG/CHIRPS/DAILY,1991-2020,IBGE_2024
3303955,Pinheiral,RJ,82.254,9,set,57.95733376095353,OK,1991,2020,30,CHIRPS_v2,UCSB-CHG/CHIRPS/DAILY,1991-2020,IBGE_2024
3300308,Barra do Piraí,RJ,584.61,9,set,58.77699653100524,OK,1991,2020,30,CHIRPS_v2,UCSB-CHG/CHIRPS/DAILY,1991-2020,IBGE_2024
3304409,Rio Claro,RJ,846.797,9,set,78.75378797967674,OK,1991,2020,30,CHIRPS_v2,UCSB-CHG/CHIRPS/DAILY,1991-2020,IBGE_2024
3304003,Piraí,RJ,490.255,9,set,69.35346325744723,OK,1991,2020,30,CHIRPS_v2,UCSB-CHG/CHIRPS/DAILY,1991-2020,IBGE_2024
3302809,Mendes,RJ,95.324,9,set,63.07267119429607,OK,1991,2020,30,CHIRPS_v2,UCSB-CHG/CHIRPS/DAILY,1991-2020,IBGE_2024
3301801,Engenheiro Paulo de Frontin,RJ,139.381,9,set,63.95824473192599,OK,1991,2020,30,CHIRPS_v2,UCSB-CHG/CHIRPS/DAILY,1991-2020,IBGE_2024
3304201,Resende,RJ,1099.336,9,set,68.75379837539323,OK,1991,2020,30,CHIRPS_v2,UCSB-CHG/CHIRPS/DAILY,1991-2020,IBGE_2024
3304128,Quatis,RJ,284.826,9,set,66.5518409433793,OK,1991,2020,30,CHIRPS_v2,UCSB-CHG/CHIRPS/DAILY,1991-2020,IBGE_2024
3304110,Porto Real,RJ,50.892,9,set,65.62278935939075,OK,1991,2020,30,CHIRPS_v2,UCSB-CHG/CHIRPS/DAILY,1991-2020,IBGE_2024
3302254,Itatiaia,RJ,241.035,9,set,70.8327528803314,OK,1991,2020,30,CHIRPS_v2,UCSB-CHG/CHIRPS/DAILY,1991-2020,IBGE_2024
3306206,Vassouras,RJ,536.073,9,set,60.64660284825273,OK,1991,2020,30,CHIRPS_v2,UCSB-CHG/CHIRPS/DAILY,1991-2020,IBGE_2024
3306107,Valença,RJ,1300.767,9,set,61.59453058183406,OK,1991,2020,30,CHIRPS_v2,UCSB-CHG/CHIRPS/DAILY,1991-2020,IBGE_2024
3304508,Rio das Flores,RJ,478.783,9,set,54.4589880392472,OK,1991,2020,30,CHIRPS_v2,UCSB-CHG/CHIRPS/DAILY,1991-2020,IBGE_2024
3303856,Paty do Alferes,RJ,314.341,9,set,72.68714393721174,OK,1991,2020,30,CHIRPS_v2,UCSB-CHG/CHIRPS/DAILY,1991-2020,IBGE_2024
3302908,Miguel Pereira,RJ,287.933,9,set,91.9274581703799,OK,1991,2020,30,CHIRPS_v2,UCSB-CHG/CHIRPS/DAILY,1991-2020,IBGE_2024
3300225,Areal,RJ,110.724,9,set,64.64363035318297,OK,1991,2020,30,CHIRPS_v2,UCSB-CHG/CHIRPS/DAILY,1991-2020,IBGE_2024
3305802,Teresópolis,RJ,773.338,9,set,75.75306876997344,OK,1991,2020,30,CHIRPS_v2,UCSB-CHG/CHIRPS/DAILY,1991-2020,IBGE_2024
3303906,Petrópolis,RJ,791.144,9,set,82.10268057445118,OK,1991,2020,30,CHIRPS_v2,UCSB-CHG/CHIRPS/DAILY,1991-2020,IBGE_2024
3305158,São José do Vale do Rio Preto,RJ,220.178,9,set,62.02487008913062,OK,1991,2020,30,CHIRPS_v2,UCSB-CHG/CHIRPS/DAILY,1991-2020,IBGE_2024
3303401,Nova Friburgo,RJ,935.429,9,set,68.15196118616969,OK,1991,2020,30,CHIRPS_v2,UCSB-CHG/CHIRPS/DAILY,1991-2020,IBGE_2024
3301207,Carmo,RJ,305.749,9,set,48.03409192649953,OK,1991,2020,30,CHIRPS_v2,UCSB-CHG/CHIRPS/DAILY,1991-2020,IBGE_2024
3300506,Bom Jardim,RJ,382.43,9,set,63.06526530069846,OK,1991,2020,30,CHIRPS_v2,UCSB-CHG/CHIRPS/DAILY,1991-2020,IBGE_2024
3305703,Sumidouro,RJ,413.407,9,set,62.25701073931457,OK,1991,2020,30,CHIRPS_v2,UCSB-CHG/CHIRPS/DAILY,1991-2020,IBGE_2024
3305901,Trajano de Moraes,RJ,591.152,9,set,68.09469933075124,OK,1991,2020,30,CHIRPS_v2,UCSB-CHG/CHIRPS/DAILY,1991-2020,IBGE_2024
3305307,São Sebastião do Alto,RJ,397.214,9,set,58.65782162379449,OK,1991,2020,30,CHIRPS_v2,UCSB-CHG/CHIRPS/DAILY,1991-2020,IBGE_2024
3304607,Santa Maria Madalena,RJ,810.962,9,set,73.1639824056881,OK,1991,2020,30,CHIRPS_v2,UCSB-CHG/CHIRPS/DAILY,1991-2020,IBGE_2024
3302452,Macuco,RJ,78.364,9,set,58.12636392062005,OK,1991,2020,30,CHIRPS_v2,UCSB-CHG/CHIRPS/DAILY,1991-2020,IBGE_2024
3301603,Duas Barras,RJ,379.619,9,set,57.14638627314656,OK,1991,2020,30,CHIRPS_v2,UCSB-CHG/CHIRPS/DAILY,1991-2020,IBGE_2024
3301504,Cordeiro,RJ,113.048,9,set,59.439930805427544,OK,1991,2020,30,CHIRPS_v2,UCSB-CHG/CHIRPS/DAILY,1991-2020,IBGE_2024
3301108,Cantagalo,RJ,747.21,9,set,52.97438157604049,OK,1991,2020,30,CHIRPS_v2,UCSB-CHG/CHIRPS/DAILY,1991-2020,IBGE_2024
3306008,Três Rios,RJ,322.843,9,set,55.70175973405577,OK,1991,2020,30,CHIRPS_v2,UCSB-CHG/CHIRPS/DAILY,1991-2020,IBGE_2024
3303708,Paraíba do Sul,RJ,571.118,9,set,56.809185656288264,OK,1991,2020,30,CHIRPS_v2,UCSB-CHG/CHIRPS/DAILY,1991-2020,IBGE_2024
3300951,Comendador Levy Gasparian,RJ,108.639,9,set,54.33148629608483,OK,1991,2020,30,CHIRPS_v2,UCSB-CHG/CHIRPS/DAILY,1991-2020,IBGE_2024
3305406,Sapucaia,RJ,540.673,9,set,54.47850304096364,OK,1991,2020,30,CHIRPS_v2,UCSB-CHG/CHIRPS/DAILY,1991-2020,IBGE_2024
3301009,Campos dos Goytacazes,RJ,4032.487,9,set,56.2529596634676,OK,1991,2020,30,CHIRPS_v2,UCSB-CHG/CHIRPS/DAILY,1991-2020,IBGE_2024
3305000,São João da Barra,RJ,452.396,9,set,51.02495787234293,OK,1991,2020,30,CHIRPS_v2,UCSB-CHG/CHIRPS/DAILY,1991-2020,IBGE_2024
3304755,São Francisco de Itabapoana,RJ,1118.037,9,set,56.57111740186859,OK,1991,2020,30,CHIRPS_v2,UCSB-CHG/CHIRPS/DAILY,1991-2020,IBGE_2024
3304805,São Fidélis,RJ,1034.833,9,set,52.23149339595975,OK,1991,2020,30,CHIRPS_v2,UCSB-CHG/CHIRPS/DAILY,1991-2020,IBGE_2024
3302056,Italva,RJ,291.193,9,set,50.147095757430044,OK,1991,2020,30,CHIRPS_v2,UCSB-CHG/CHIRPS/DAILY,1991-2020,IBGE_2024
3301157,Cardoso Moreira,RJ,522.596,9,set,52.249329325132194,OK,1991,2020,30,CHIRPS_v2,UCSB-CHG/CHIRPS/DAILY,1991-2020,IBGE_2024
3300605,Bom Jesus do Itabapoana,RJ,596.659,9,set,55.43514432225562,OK,1991,2020,30,CHIRPS_v2,UCSB-CHG/CHIRPS/DAILY,1991-2020,IBGE_2024
3306156,Varre-Sai,RJ,201.938,9,set,51.208401186054104,OK,1991,2020,30,CHIRPS_v2,UCSB-CHG/CHIRPS/DAILY,1991-2020,IBGE_2024
3305133,São José de Ubá,RJ,249.688,9,set,51.18680605699374,OK,1991,2020,30,CHIRPS_v2,UCSB-CHG/CHIRPS/DAILY,1991-2020,IBGE_2024
3304102,Porciúncula,RJ,291.847,9,set,45.96609926786327,OK,1991,2020,30,CHIRPS_v2,UCSB-CHG/CHIRPS/DAILY,1991-2020,IBGE_2024
3303104,Natividade,RJ,387.073,9,set,51.622444897320555,OK,1991,2020,30,CHIRPS_v2,UCSB-CHG/CHIRPS/DAILY,1991-2020,IBGE_2024
3302205,Itaperuna,RJ,1106.694,9,set,55.054457479428635,OK,1991,2020,30,CHIRPS_v2,UCSB-CHG/CHIRPS/DAILY,1991-2020,IBGE_2024
3302304,Laje do Muriaé,RJ,253.53,9,set,53.467217569558706,OK,1991,2020,30,CHIRPS_v2,UCSB-CHG/CHIRPS/DAILY,1991-2020,IBGE_2024
3300902,Cambuci,RJ,558.281,9,set,49.18214089146977,OK,1991,2020,30,CHIRPS_v2,UCSB-CHG/CHIRPS/DAILY,1991-2020,IBGE_2024
3300159,Aperibé,RJ,94.542,9,set,49.229628865006795,OK,1991,2020,30,CHIRPS_v2,UCSB-CHG/CHIRPS/DAILY,1991-2020,IBGE_2024
3304706,Santo Antônio de Pádua,RJ,603.633,9,set,51.192719346360185,OK,1991,2020,30,CHIRPS_v2,UCSB-CHG/CHIRPS/DAILY,1991-2020,IBGE_2024
3303005,Miracema,RJ,303.27,9,set,52.89796068461179,OK,1991,2020,30,CHIRPS_v2,UCSB-CHG/CHIRPS/DAILY,1991-2020,IBGE_2024
3302106,Itaocara,RJ,433.182,9,set,52.17505172236219,OK,1991,2020,30,CHIRPS_v2,UCSB-CHG/CHIRPS/DAILY,1991-2020,IBGE_2024
3300704,Cabo Frio,RJ,413.449,9,set,79.19009368173076,OK,1991,2020,30,CHIRPS_v2,UCSB-CHG/CHIRPS/DAILY,1991-2020,IBGE_2024
3300209,Araruama,RJ,638.276,9,set,82.18640243101733,OK,1991,2020,30,CHIRPS_v2,UCSB-CHG/CHIRPS/DAILY,1991-2020,IBGE_2024
3300258,Arraial do Cabo,RJ,152.106,9,set,51.548986413353305,OK,1991,2020,30,CHIRPS_v2,UCSB-CHG/CHIRPS/DAILY,1991-2020,IBGE_2024
3300233,Armação dos Búzios,RJ,70.977,9,set,77.48970758967329,OK,1991,2020,30,CHIRPS_v2,UCSB-CHG/CHIRPS/DAILY,1991-2020,IBGE_2024
3305208,São Pedro da Aldeia,RJ,332.488,9,set,79.18050645615224,OK,1991,2020,30,CHIRPS_v2,UCSB-CHG/CHIRPS/DAILY,1991-2020,IBGE_2024
3301876,Iguaba Grande,RJ,50.977,9,set,84.13423092382584,OK,1991,2020,30,CHIRPS_v2,UCSB-CHG/CHIRPS/DAILY,1991-2020,IBGE_2024
3301405,Conceição de Macabu,RJ,338.26,9,set,76.25262707541808,OK,1991,2020,30,CHIRPS_v2,UCSB-CHG/CHIRPS/DAILY,1991-2020,IBGE_2024
3301306,Casimiro de Abreu,RJ,462.918,9,set,84.59644377389732,OK,1991,2020,30,CHIRPS_v2,UCSB-CHG/CHIRPS/DAILY,1991-2020,IBGE_2024
3304524,Rio das Ostras,RJ,228.044,9,set,84.45149708500756,OK,1991,2020,30,CHIRPS_v2,UCSB-CHG/CHIRPS/DAILY,1991-2020,IBGE_2024
3302403,Macaé,RJ,1216.989,9,set,78.82656179131374,OK,1991,2020,30,CHIRPS_v2,UCSB-CHG/CHIRPS/DAILY,1991-2020,IBGE_2024
3300936,Carapebus,RJ,304.884,9,set,72.36968351172868,OK,1991,2020,30,CHIRPS_v2,UCSB-CHG/CHIRPS/DAILY,1991-2020,IBGE_2024
3304151,Quissamã,RJ,719.643,9,set,58.51377357738405,OK,1991,2020,30,CHIRPS_v2,UCSB-CHG/CHIRPS/DAILY,1991-2020,IBGE_2024
3555406,Ubatuba,SP,708.246,9,set,123.13487718805514,OK,1991,2020,30,CHIRPS_v2,UCSB-CHG/CHIRPS/DAILY,1991-2020,IBGE_2024
3527207,Lorena,SP,414.16,9,set,59.582780269478405,OK,1991,2020,30,CHIRPS_v2,UCSB-CHG/CHIRPS/DAILY,1991-2020,IBGE_2024
3509957,Canas,SP,53.261,9,set,63.19663639606317,OK,1991,2020,30,CHIRPS_v2,UCSB-CHG/CHIRPS/DAILY,1991-2020,IBGE_2024
3513603,Cunha,SP,1407.098,9,set,80.34632819444946,OK,1991,2020,30,CHIRPS_v2,UCSB-CHG/CHIRPS/DAILY,1991-2020,IBGE_2024
3504909,Bananal,SP,616.934,9,set,65.02221520604101,OK,1991,2020,30,CHIRPS_v2,UCSB-CHG/CHIRPS/DAILY,1991-2020,IBGE_2024
3513405,Cruzeiro,SP,305.669,9,set,60.55131761362868,OK,1991,2020,30,CHIRPS_v2,UCSB-CHG/CHIRPS/DAILY,1991-2020,IBGE_2024
3503505,Areias,SP,303.98,9,set,67.78850060950435,OK,1991,2020,30,CHIRPS_v2,UCSB-CHG/CHIRPS/DAILY,1991-2020,IBGE_2024
3552007,Silveiras,SP,415.038,9,set,63.25827034980553,OK,1991,2020,30,CHIRPS_v2,UCSB-CHG/CHIRPS/DAILY,1991-2020,IBGE_2024
3503158,Arapeí,SP,156.479,9,set,64.97976720936644,OK,1991,2020,30,CHIRPS_v2,UCSB-CHG/CHIRPS/DAILY,1991-2020,IBGE_2024
3526605,Lavrinhas,SP,166.948,9,set,62.39853701564642,OK,1991,2020,30,CHIRPS_v2,UCSB-CHG/CHIRPS/DAILY,1991-2020,IBGE_2024
3541901,Queluz,SP,249.356,9,set,74.96959259936145,OK,1991,2020,30,CHIRPS_v2,UCSB-CHG/CHIRPS/DAILY,1991-2020,IBGE_2024
3508603,Cachoeira Paulista,SP,288.747,9,set,61.90101801938933,OK,1991,2020,30,CHIRPS_v2,UCSB-CHG/CHIRPS/DAILY,1991-2020,IBGE_2024
3549607,São José do Barreiro,SP,570.604,9,set,71.86390628437853,OK,1991,2020,30,CHIRPS_v2,UCSB-CHG/CHIRPS/DAILY,1991-2020,IBGE_2024
1101104,Itapuã do Oeste,RO,4081.555,9,set,85.53711194090224,OK,1991,2020,30,CHIRPS_v2,UCSB-CHG/CHIRPS/DAILY,1991-2020,IBGE_2024
1100809,Candeias do Jamari,RO,6843.666,9,set,86.75279819055567,OK,1991,2020,30,CHIRPS_v2,UCSB-CHG/CHIRPS/DAILY,1991-2020,IBGE_2024
1100338,Nova Mamoré,RO,10070.515,9,set,92.31707470585219,OK,1991,2020,30,CHIRPS_v2,UCSB-CHG/CHIRPS/DAILY,1991-2020,IBGE_2024
1100106,Guajará-Mirim,RO,24856.877,9,set,67.24083081949009,OK,1991,2020,30,CHIRPS_v2,UCSB-CHG/CHIRPS/DAILY,1991-2020,IBGE_2024
1100205,Porto Velho,RO,34090.463,9,set,89.85914881701933,OK,1991,2020,30,CHIRPS_v2,UCSB-CHG/CHIRPS/DAILY,1991-2020,IBGE_2024
1100940,Cujubim,RO,3863.948,9,set,91.47625591823433,OK,1991,2020,30,CHIRPS_v2,UCSB-CHG/CHIRPS/DAILY,1991-2020,IBGE_2024
1100601,Cacaulândia,RO,1962.032,9,set,97.67253132710623,OK,1991,2020,30,CHIRPS_v2,UCSB-CHG/CHIRPS/DAILY,1991-2020,IBGE_2024
1100403,Alto Paraíso,RO,2652.03,9,set,98.82800900603768,OK,1991,2020,30,CHIRPS_v2,UCSB-CHG/CHIRPS/DAILY,1991-2020,IBGE_2024
1100452,Buritis,RO,3265.811,9,set,105.26741824521069,OK,1991,2020,30,CHIRPS_v2,UCSB-CHG/CHIRPS/DAILY,1991-2020,IBGE_2024
1100700,Campo Novo de Rondônia,RO,3442.005,9,set,110.5549467847252,OK,1991,2020,30,CHIRPS_v2,UCSB-CHG/CHIRPS/DAILY,1991-2020,IBGE_2024
1100023,Ariquemes,RO,4426.127,9,set,92.3000891168928,OK,1991,2020,30,CHIRPS_v2,UCSB-CHG/CHIRPS/DAILY,1991-2020,IBGE_2024
1100262,Rio Crespo,RO,1717.64,9,set,97.39156668924396,OK,1991,2020,30,CHIRPS_v2,UCSB-CHG/CHIRPS/DAILY,1991-2020,IBGE_2024
1101401,Monte Negro,RO,1931.404,9,set,108.3454680042624,OK,1991,2020,30,CHIRPS_v2,UCSB-CHG/CHIRPS/DAILY,1991-2020,IBGE_2024
1101757,Vale do Anari,RO,3135.107,9,set,92.9973937260785,OK,1991,2020,30,CHIRPS_v2,UCSB-CHG/CHIRPS/DAILY,1991-2020,IBGE_2024
1101005,Governador Jorge Teixeira,RO,5067.386,9,set,100.29496483198837,OK,1991,2020,30,CHIRPS_v2,UCSB-CHG/CHIRPS/DAILY,1991-2020,IBGE_2024
1100130,Machadinho D'Oeste,RO,8509.166,9,set,101.75574970471429,OK,1991,2020,30,CHIRPS_v2,UCSB-CHG/CHIRPS/DAILY,1991-2020,IBGE_2024
1100114,Jaru,RO,2944.126,9,set,86.43173355780294,OK,1991,2020,30,CHIRPS_v2,UCSB-CHG/CHIRPS/DAILY,1991-2020,IBGE_2024
1101609,Theobroma,RO,2197.412,9,set,87.22847301958372,OK,1991,2020,30,CHIRPS_v2,UCSB-CHG/CHIRPS/DAILY,1991-2020,IBGE_2024
1101708,Urupá,RO,831.855,9,set,92.00704914204766,OK,1991,2020,30,CHIRPS_v2,UCSB-CHG/CHIRPS/DAILY,1991-2020,IBGE_2024
1101302,Mirante da Serra,RO,1191.875,9,set,91.83854250471443,OK,1991,2020,30,CHIRPS_v2,UCSB-CHG/CHIRPS/DAILY,1991-2020,IBGE_2024
1100080,Costa Marques,RO,4987.159,9,set,62.54529777173449,OK,1991,2020,30,CHIRPS_v2,UCSB-CHG/CHIRPS/DAILY,1991-2020,IBGE_2024
1100254,Presidente Médici,RO,1758.464,9,set,86.0270800005727,OK,1991,2020,30,CHIRPS_v2,UCSB-CHG/CHIRPS/DAILY,1991-2020,IBGE_2024
1100346,Alvorada D'Oeste,RO,3029.193,9,set,89.46242946161686,OK,1991,2020,30,CHIRPS_v2,UCSB-CHG/CHIRPS/DAILY,1991-2020,IBGE_2024
1100320,São Miguel do Guaporé,RO,6789.605,9,set,85.41614443591179,OK,1991,2020,30,CHIRPS_v2,UCSB-CHG/CHIRPS/DAILY,1991-2020,IBGE_2024
1100155,Ouro Preto do Oeste,RO,1969.878,9,set,87.10602093077308,OK,1991,2020,30,CHIRPS_v2,UCSB-CHG/CHIRPS/DAILY,1991-2020,IBGE_2024
1100122,Ji-Paraná,RO,6896.649,9,set,89.26467048479957,OK,1991,2020,30,CHIRPS_v2,UCSB-CHG/CHIRPS/DAILY,1991-2020,IBGE_2024
1101559,Teixeirópolis,RO,459.933,9,set,98.33761261812431,OK,1991,2020,30,CHIRPS_v2,UCSB-CHG/CHIRPS/DAILY,1991-2020,IBGE_2024
1101435,Nova União,RO,807.17,9,set,92.93104867525227,OK,1991,2020,30,CHIRPS_v2,UCSB-CHG/CHIRPS/DAILY,1991-2020,IBGE_2024
1101500,Seringueiras,RO,4443.991,9,set,76.29064916279711,OK,1991,2020,30,CHIRPS_v2,UCSB-CHG/CHIRPS/DAILY,1991-2020,IBGE_2024
1101492,São Francisco do Guaporé,RO,10948.637,9,set,66.92848726620919,OK,1991,2020,30,CHIRPS_v2,UCSB-CHG/CHIRPS/DAILY,1991-2020,IBGE_2024
1101807,Vale do Paraíso,RO,965.661,9,set,84.46827464669097,OK,1991,2020,30,CHIRPS_v2,UCSB-CHG/CHIRPS/DAILY,1991-2020,IBGE_2024
1100908,Castanheiras,RO,892.841,9,set,83.92184217198523,OK,1991,2020,30,CHIRPS_v2,UCSB-CHG/CHIRPS/DAILY,1991-2020,IBGE_2024
1101203,Ministro Andreazza,RO,798.083,9,set,83.6666491013649,OK,1991,2020,30,CHIRPS_v2,UCSB-CHG/CHIRPS/DAILY,1991-2020,IBGE_2024
1100502,Novo Horizonte do Oeste,RO,843.446,9,set,88.8532529828248,OK,1991,2020,30,CHIRPS_v2,UCSB-CHG/CHIRPS/DAILY,1991-2020,IBGE_2024
1100379,Alto Alegre dos Parecis,RO,3958.273,9,set,88.37563159589821,OK,1991,2020,30,CHIRPS_v2,UCSB-CHG/CHIRPS/DAILY,1991-2020,IBGE_2024
1100015,Alta Floresta D'Oeste,RO,7067.127,9,set,83.35330752322395,OK,1991,2020,30,CHIRPS_v2,UCSB-CHG/CHIRPS/DAILY,1991-2020,IBGE_2024
1100098,Espigão D'Oeste,RO,4518.039,9,set,81.91160822045978,OK,1991,2020,30,CHIRPS_v2,UCSB-CHG/CHIRPS/DAILY,1991-2020,IBGE_2024
1100049,Cacoal,RO,3792.998,9,set,83.91299710447463,OK,1991,2020,30,CHIRPS_v2,UCSB-CHG/CHIRPS/DAILY,1991-2020,IBGE_2024
1100288,Rolim de Moura,RO,1457.811,9,set,85.0079590764794,OK,1991,2020,30,CHIRPS_v2,UCSB-CHG/CHIRPS/DAILY,1991-2020,IBGE_2024
1100296,Santa Luzia D'Oeste,RO,1197.796,9,set,80.21032864203471,OK,1991,2020,30,CHIRPS_v2,UCSB-CHG/CHIRPS/DAILY,1991-2020,IBGE_2024
1100148,Nova Brasilândia D'Oeste,RO,1703.008,9,set,84.14776814276469,OK,1991,2020,30,CHIRPS_v2,UCSB-CHG/CHIRPS/DAILY,1991-2020,IBGE_2024
1100189,Pimenta Bueno,RO,6241.017,9,set,78.66724738657916,OK,1991,2020,30,CHIRPS_v2,UCSB-CHG/CHIRPS/DAILY,1991-2020,IBGE_2024
1101484,São Felipe D'Oeste,RO,541.648,9,set,79.72448125174496,OK,1991,2020,30,CHIRPS_v2,UCSB-CHG/CHIRPS/DAILY,1991-2020,IBGE_2024
1101476,Primavera de Rondônia,RO,605.692,9,set,78.92932739224646,OK,1991,2020,30,CHIRPS_v2,UCSB-CHG/CHIRPS/DAILY,1991-2020,IBGE_2024
1101450,Parecis,RO,2548.683,9,set,77.87325136362118,OK,1991,2020,30,CHIRPS_v2,UCSB-CHG/CHIRPS/DAILY,1991-2020,IBGE_2024
1100924,Chupinguaia,RO,5117.301,9,set,86.39881061829557,OK,1991,2020,30,CHIRPS_v2,UCSB-CHG/CHIRPS/DAILY,1991-2020,IBGE_2024
1100031,Cabixi,RO,1314.352,9,set,69.67105638940815,OK,1991,2020,30,CHIRPS_v2,UCSB-CHG/CHIRPS/DAILY,1991-2020,IBGE_2024
1100072,Corumbiara,RO,3060.321,9,set,88.9522929127223,OK,1991,2020,30,CHIRPS_v2,UCSB-CHG/CHIRPS/DAILY,1991-2020,IBGE_2024
1100064,Colorado do Oeste,RO,1451.062,9,set,90.5913424550299,OK,1991,2020,30,CHIRPS_v2,UCSB-CHG/CHIRPS/DAILY,1991-2020,IBGE_2024
1100056,Cerejeiras,RO,2783.297,9,set,82.29269256633421,OK,1991,2020,30,CHIRPS_v2,UCSB-CHG/CHIRPS/DAILY,1991-2020,IBGE_2024
1100304,Vilhena,RO,11708.569,9,set,73.3026656915359,OK,1991,2020,30,CHIRPS_v2,UCSB-CHG/CHIRPS/DAILY,1991-2020,IBGE_2024
1101468,Pimenteiras do Oeste,RO,6014.733,9,set,82.98342394054305,OK,1991,2020,30,CHIRPS_v2,UCSB-CHG/CHIRPS/DAILY,1991-2020,IBGE_2024
1200013,Acrelândia,AC,1811.612,9,set,96.36943126175694,OK,1991,2020,30,CHIRPS_v2,UCSB-CHG/CHIRPS/DAILY,1991-2020,IBGE_2024
1303569,Rio Preto da Eva,AM,5812.425,9,set,109.81629497039751,OK,1991,2020,30,CHIRPS_v2,UCSB-CHG/CHIRPS/DAILY,1991-2020,IBGE_2024
1301852,Iranduba,AM,2331.676,9,set,80.40176071414777,OK,1991,2020,30,CHIRPS_v2,UCSB-CHG/CHIRPS/DAILY,1991-2020,IBGE_2024
1302603,Manaus,AM,11278.893,9,set,126.80644275291341,OK,1991,2020,30,CHIRPS_v2,UCSB-CHG/CHIRPS/DAILY,1991-2020,IBGE_2024
1303106,Nova Olinda do Norte,AM,5573.414,9,set,91.65748723902132,OK,1991,2020,30,CHIRPS_v2,UCSB-CHG/CHIRPS/DAILY,1991-2020,IBGE_2024
1302553,Manaquiri,AM,4016.877,9,set,114.21493890512214,OK,1991,2020,30,CHIRPS_v2,UCSB-CHG/CHIRPS/DAILY,1991-2020,IBGE_2024
1301100,Careiro,AM,6100.302,9,set,107.14589032089519,OK,1991,2020,30,CHIRPS_v2,UCSB-CHG/CHIRPS/DAILY,1991-2020,IBGE_2024
1301159,Careiro da Várzea,AM,2655.729,9,set,72.92312940827455,OK,1991,2020,30,CHIRPS_v2,UCSB-CHG/CHIRPS/DAILY,1991-2020,IBGE_2024
1300805,Borba,AM,44644.015,9,set,111.31098950023032,OK,1991,2020,30,CHIRPS_v2,UCSB-CHG/CHIRPS/DAILY,1991-2020,IBGE_2024
1300300,Autazes,AM,7564.727,9,set,77.59807715956315,OK,1991,2020,30,CHIRPS_v2,UCSB-CHG/CHIRPS/DAILY,1991-2020,IBGE_2024
1301209,Coari,AM,57894.132,9,set,122.85444505560683,OK,1991,2020,30,CHIRPS_v2,UCSB-CHG/CHIRPS/DAILY,1991-2020,IBGE_2024
1301308,Codajás,AM,19038.052,9,set,142.89419761634304,OK,1991,2020,30,CHIRPS_v2,UCSB-CHG/CHIRPS/DAILY,1991-2020,IBGE_2024
1300631,Beruri,AM,17415.813,9,set,130.65608658402493,OK,1991,2020,30,CHIRPS_v2,UCSB-CHG/CHIRPS/DAILY,1991-2020,IBGE_2024
1300102,Anori,AM,6084.881,9,set,105.25583195915348,OK,1991,2020,30,CHIRPS_v2,UCSB-CHG/CHIRPS/DAILY,1991-2020,IBGE_2024
1303205,Novo Airão,AM,37755.384,9,set,154.16623763460902,OK,1991,2020,30,CHIRPS_v2,UCSB-CHG/CHIRPS/DAILY,1991-2020,IBGE_2024
1302504,Manacapuru,AM,7318.909,9,set,100.07335505929818,OK,1991,2020,30,CHIRPS_v2,UCSB-CHG/CHIRPS/DAILY,1991-2020,IBGE_2024
1300839,Caapiranga,AM,9743.918,9,set,132.97535169586166,OK,1991,2020,30,CHIRPS_v2,UCSB-CHG/CHIRPS/DAILY,1991-2020,IBGE_2024
1300086,Anamã,AM,2382.521,9,set,132.78288516028778,OK,1991,2020,30,CHIRPS_v2,UCSB-CHG/CHIRPS/DAILY,1991-2020,IBGE_2024
1304260,Uarini,AM,10323.306,9,set,153.4034566171617,OK,1991,2020,30,CHIRPS_v2,UCSB-CHG/CHIRPS/DAILY,1991-2020,IBGE_2024
1304203,Tefé,AM,23835.224,9,set,140.10499690799426,OK,1991,2020,30,CHIRPS_v2,UCSB-CHG/CHIRPS/DAILY,1991-2020,IBGE_2024
1301605,Fonte Boa,AM,12163.987,9,set,156.13823493219238,OK,1991,2020,30,CHIRPS_v2,UCSB-CHG/CHIRPS/DAILY,1991-2020,IBGE_2024
1302801,Maraã,AM,16805.602,9,set,167.1739169045184,OK,1991,2020,30,CHIRPS_v2,UCSB-CHG/CHIRPS/DAILY,1991-2020,IBGE_2024
1302207,Juruá,AM,19300.464,9,set,160.65501901501648,OK,1991,2020,30,CHIRPS_v2,UCSB-CHG/CHIRPS/DAILY,1991-2020,IBGE_2024
1300029,Alvarães,AM,5964.611,9,set,145.15569889617703,OK,1991,2020,30,CHIRPS_v2,UCSB-CHG/CHIRPS/DAILY,1991-2020,IBGE_2024
1300904,Canutama,AM,33671.791,9,set,105.49456778566521,OK,1991,2020,30,CHIRPS_v2,UCSB-CHG/CHIRPS/DAILY,1991-2020,IBGE_2024
1303304,Novo Aripuanã,AM,41382.864,9,set,110.0841839630445,OK,1991,2020,30,CHIRPS_v2,UCSB-CHG/CHIRPS/DAILY,1991-2020,IBGE_2024
1302702,Manicoré,AM,48429.767,9,set,111.95124170939887,OK,1991,2020,30,CHIRPS_v2,UCSB-CHG/CHIRPS/DAILY,1991-2020,IBGE_2024
1301704,Humaitá,AM,33113.788,9,set,103.52943496630222,OK,1991,2020,30,CHIRPS_v2,UCSB-CHG/CHIRPS/DAILY,1991-2020,IBGE_2024
1300144,Apuí,AM,53617.189,9,set,115.52912601690828,OK,1991,2020,30,CHIRPS_v2,UCSB-CHG/CHIRPS/DAILY,1991-2020,IBGE_2024
1303403,Parintins,AM,6044.053,9,set,50.61231333940061,OK,1991,2020,30,CHIRPS_v2,UCSB-CHG/CHIRPS/DAILY,1991-2020,IBGE_2024
1302900,Maués,AM,39973.673,9,set,104.40513944019985,OK,1991,2020,30,CHIRPS_v2,UCSB-CHG/CHIRPS/DAILY,1991-2020,IBGE_2024
1300680,Boa Vista do Ramos,AM,2613.997,9,set,53.022380139913494,OK,1991,2020,30,CHIRPS_v2,UCSB-CHG/CHIRPS/DAILY,1991-2020,IBGE_2024
1300508,Barreirinha,AM,5658.561,9,set,56.032177721337526,OK,1991,2020,30,CHIRPS_v2,UCSB-CHG/CHIRPS/DAILY,1991-2020,IBGE_2024
1304401,Urucurituba,AM,2897.547,9,set,46.569185102973115,OK,1991,2020,30,CHIRPS_v2,UCSB-CHG/CHIRPS/DAILY,1991-2020,IBGE_2024
1304005,Silves,AM,3723.18,9,set,66.30196648019869,OK,1991,2020,30,CHIRPS_v2,UCSB-CHG/CHIRPS/DAILY,1991-2020,IBGE_2024
1303957,São Sebastião do Uatumã,AM,10712.222,9,set,103.5743656252096,OK,1991,2020,30,CHIRPS_v2,UCSB-CHG/CHIRPS/DAILY,1991-2020,IBGE_2024
1302009,Itapiranga,AM,4287.62,9,set,72.8052938097682,OK,1991,2020,30,CHIRPS_v2,UCSB-CHG/CHIRPS/DAILY,1991-2020,IBGE_2024
1301902,Itacoatiara,AM,8882.186,9,set,66.38636653550601,OK,1991,2020,30,CHIRPS_v2,UCSB-CHG/CHIRPS/DAILY,1991-2020,IBGE_2024
1502756,Concórdia do Pará,PA,700.614,9,set,83.41210356176347,OK,1991,2020,30,CHIRPS_v2,UCSB-CHG/CHIRPS/DAILY,1991-2020,IBGE_2024
1502608,Colares,PA,384.068,9,set,49.466326689537965,OK,1991,2020,30,CHIRPS_v2,UCSB-CHG/CHIRPS/DAILY,1991-2020,IBGE_2024
1501907,Bujaru,PA,994.662,9,set,94.40581196249526,OK,1991,2020,30,CHIRPS_v2,UCSB-CHG/CHIRPS/DAILY,1991-2020,IBGE_2024
1501402,Belém,PA,1059.458,9,set,95.22646758368306,OK,1991,2020,30,CHIRPS_v2,UCSB-CHG/CHIRPS/DAILY,1991-2020,IBGE_2024
1501501,Benevides,PA,187.826,9,set,102.41193504182216,OK,1991,2020,30,CHIRPS_v2,UCSB-CHG/CHIRPS/DAILY,1991-2020,IBGE_2024
1501303,Barcarena,PA,1310.338,9,set,111.13498374616739,OK,1991,2020,30,CHIRPS_v2,UCSB-CHG/CHIRPS/DAILY,1991-2020,IBGE_2024
1500800,Ananindeua,PA,190.59,9,set,103.52118951194676,OK,1991,2020,30,CHIRPS_v2,UCSB-CHG/CHIRPS/DAILY,1991-2020,IBGE_2024
1508001,Tomé-Açu,PA,5145.361,9,set,65.80554150650951,OK,1991,2020,30,CHIRPS_v2,UCSB-CHG/CHIRPS/DAILY,1991-2020,IBGE_2024
1500206,Acará,PA,4344.387,9,set,108.42755910839749,OK,1991,2020,30,CHIRPS_v2,UCSB-CHG/CHIRPS/DAILY,1991-2020,IBGE_2024
1508209,Vigia,PA,401.87,9,set,48.95730113997042,OK,1991,2020,30,CHIRPS_v2,UCSB-CHG/CHIRPS/DAILY,1991-2020,IBGE_2024
1507102,São Caetano de Odivelas,PA,463.883,9,set,37.58294479188892,OK,1991,2020,30,CHIRPS_v2,UCSB-CHG/CHIRPS/DAILY,1991-2020,IBGE_2024
1507003,Santo Antônio do Tauá,PA,537.619,9,set,76.47553614279887,OK,1991,2020,30,CHIRPS_v2,UCSB-CHG/CHIRPS/DAILY,1991-2020,IBGE_2024
1506500,Santa Izabel do Pará,PA,717.662,9,set,93.24687394369094,OK,1991,2020,30,CHIRPS_v2,UCSB-CHG/CHIRPS/DAILY,1991-2020,IBGE_2024
1506351,Santa Bárbara do Pará,PA,278.154,9,set,93.73689956577402,OK,1991,2020,30,CHIRPS_v2,UCSB-CHG/CHIRPS/DAILY,1991-2020,IBGE_2024
1504422,Marituba,PA,103.214,9,set,108.86483098944056,OK,1991,2020,30,CHIRPS_v2,UCSB-CHG/CHIRPS/DAILY,1991-2020,IBGE_2024
1502103,Cametá,PA,3082.19,9,set,60.00690908378545,OK,1991,2020,30,CHIRPS_v2,UCSB-CHG/CHIRPS/DAILY,1991-2020,IBGE_2024
1505205,Oeiras do Pará,PA,3852.291,9,set,51.86161506041378,OK,1991,2020,30,CHIRPS_v2,UCSB-CHG/CHIRPS/DAILY,1991-2020,IBGE_2024
1504604,Mocajuba,PA,871.168,9,set,64.71237647983496,OK,1991,2020,30,CHIRPS_v2,UCSB-CHG/CHIRPS/DAILY,1991-2020,IBGE_2024
1504000,Limoeiro do Ajuru,PA,1489.356,9,set,67.70312951529282,OK,1991,2020,30,CHIRPS_v2,UCSB-CHG/CHIRPS/DAILY,1991-2020,IBGE_2024
1507953,Tailândia,PA,4430.477,9,set,55.406537815782734,OK,1991,2020,30,CHIRPS_v2,UCSB-CHG/CHIRPS/DAILY,1991-2020,IBGE_2024
1500107,Abaetetuba,PA,1610.645,9,set,106.52056298685078,OK,1991,2020,30,CHIRPS_v2,UCSB-CHG/CHIRPS/DAILY,1991-2020,IBGE_2024
1504703,Moju,PA,9094.14,9,set,69.36856277564526,OK,1991,2020,30,CHIRPS_v2,UCSB-CHG/CHIRPS/DAILY,1991-2020,IBGE_2024
1503309,Igarapé-Miri,PA,1996.798,9,set,81.42126734378166,OK,1991,2020,30,CHIRPS_v2,UCSB-CHG/CHIRPS/DAILY,1991-2020,IBGE_2024
1507961,Terra Alta,PA,204.971,9,set,42.37333791943027,OK,1991,2020,30,CHIRPS_v2,UCSB-CHG/CHIRPS/DAILY,1991-2020,IBGE_2024
1507607,São Miguel do Guamá,PA,1094.57,9,set,69.05778640708272,OK,1991,2020,30,CHIRPS_v2,UCSB-CHG/CHIRPS/DAILY,1991-2020,IBGE_2024
1507409,São Francisco do Pará,PA,479.441,9,set,54.65620121907219,OK,1991,2020,30,CHIRPS_v2,UCSB-CHG/CHIRPS/DAILY,1991-2020,IBGE_2024
1507466,São João da Ponta,PA,195.918,9,set,32.57666044381235,OK,1991,2020,30,CHIRPS_v2,UCSB-CHG/CHIRPS/DAILY,1991-2020,IBGE_2024
1507201,São Domingos do Capim,PA,1686.672,9,set,72.33442659823413,OK,1991,2020,30,CHIRPS_v2,UCSB-CHG/CHIRPS/DAILY,1991-2020,IBGE_2024
1506609,Santa Maria do Pará,PA,457.724,9,set,57.071012603612296,OK,1991,2020,30,CHIRPS_v2,UCSB-CHG/CHIRPS/DAILY,1991-2020,IBGE_2024
1504406,Marapanim,PA,804.625,9,set,27.25992030136311,OK,1991,2020,30,CHIRPS_v2,UCSB-CHG/CHIRPS/DAILY,1991-2020,IBGE_2024
1504307,Maracanã,PA,807.628,9,set,20.69619744373259,OK,1991,2020,30,CHIRPS_v2,UCSB-CHG/CHIRPS/DAILY,1991-2020,IBGE_2024
1504109,Magalhães Barata,PA,323.984,9,set,22.300580204075402,OK,1991,2020,30,CHIRPS_v2,UCSB-CHG/CHIRPS/DAILY,1991-2020,IBGE_2024
1503507,Irituia,PA,1385.209,9,set,58.43362943247692,OK,1991,2020,30,CHIRPS_v2,UCSB-CHG/CHIRPS/DAILY,1991-2020,IBGE_2024
1503408,Inhangapi,PA,472.599,9,set,74.45813825984698,OK,1991,2020,30,CHIRPS_v2,UCSB-CHG/CHIRPS/DAILY,1991-2020,IBGE_2024
1502905,Curuçá,PA,676.321,9,set,23.08600662228977,OK,1991,2020,30,CHIRPS_v2,UCSB-CHG/CHIRPS/DAILY,1991-2020,IBGE_2024
1503200,Igarapé-Açu,PA,785.983,9,set,43.5278084376614,OK,1991,2020,30,CHIRPS_v2,UCSB-CHG/CHIRPS/DAILY,1991-2020,IBGE_2024
1502400,Castanhal,PA,1029.3,9,set,65.80014093014822,OK,1991,2020,30,CHIRPS_v2,UCSB-CHG/CHIRPS/DAILY,1991-2020,IBGE_2024
1501956,Cachoeira do Piriá,PA,2419.6,9,set,41.75017127860255,OK,1991,2020,30,CHIRPS_v2,UCSB-CHG/CHIRPS/DAILY,1991-2020,IBGE_2024
1501709,Bragança,PA,2124.736,9,set,22.47498947170977,OK,1991,2020,30,CHIRPS_v2,UCSB-CHG/CHIRPS/DAILY,1991-2020,IBGE_2024
1500909,Augusto Corrêa,PA,1099.58,9,set,15.35488512550745,OK,1991,2020,30,CHIRPS_v2,UCSB-CHG/CHIRPS/DAILY,1991-2020,IBGE_2024
1508035,Tracuateua,PA,868.03,9,set,21.897584838080782,OK,1991,2020,30,CHIRPS_v2,UCSB-CHG/CHIRPS/DAILY,1991-2020,IBGE_2024
1508308,Viseu,PA,4972.936,9,set,26.611915656808918,OK,1991,2020,30,CHIRPS_v2,UCSB-CHG/CHIRPS/DAILY,1991-2020,IBGE_2024
1506559,Santa Luzia do Pará,PA,1346.502,9,set,46.114358471359076,OK,1991,2020,30,CHIRPS_v2,UCSB-CHG/CHIRPS/DAILY,1991-2020,IBGE_2024
1502202,Capanema,PA,621.476,9,set,28.31146268882585,OK,1991,2020,30,CHIRPS_v2,UCSB-CHG/CHIRPS/DAILY,1991-2020,IBGE_2024
1501600,Bonito,PA,586.977,9,set,52.77792530940956,OK,1991,2020,30,CHIRPS_v2,UCSB-CHG/CHIRPS/DAILY,1991-2020,IBGE_2024
1507474,São João de Pirabas,PA,668.058,9,set,17.198595230906864,OK,1991,2020,30,CHIRPS_v2,UCSB-CHG/CHIRPS/DAILY,1991-2020,IBGE_2024
1506906,Santarém Novo,PA,229.51,9,set,21.61356758026263,OK,1991,2020,30,CHIRPS_v2,UCSB-CHG/CHIRPS/DAILY,1991-2020,IBGE_2024
1506112,Quatipuru,PA,302.586,9,set,17.153253464485935,OK,1991,2020,30,CHIRPS_v2,UCSB-CHG/CHIRPS/DAILY,1991-2020,IBGE_2024
1506104,Primavera,PA,259.331,9,set,19.904506962547217,OK,1991,2020,30,CHIRPS_v2,UCSB-CHG/CHIRPS/DAILY,1991-2020,IBGE_2024
1506203,Salinópolis,PA,226.12,9,set,15.432243153129598,OK,1991,2020,30,CHIRPS_v2,UCSB-CHG/CHIRPS/DAILY,1991-2020,IBGE_2024
1505601,Peixe-Boi,PA,450.224,9,set,32.506764613720925,OK,1991,2020,30,CHIRPS_v2,UCSB-CHG/CHIRPS/DAILY,1991-2020,IBGE_2024
1505007,Nova Timboteua,PA,489.852,9,set,38.619605079132306,OK,1991,2020,30,CHIRPS_v2,UCSB-CHG/CHIRPS/DAILY,1991-2020,IBGE_2024
1500958,Aurora do Pará,PA,1811.933,9,set,58.14983643963634,OK,1991,2020,30,CHIRPS_v2,UCSB-CHG/CHIRPS/DAILY,1991-2020,IBGE_2024
1508126,Ulianópolis,PA,5088.468,9,set,13.915247581845207,OK,1991,2020,30,CHIRPS_v2,UCSB-CHG/CHIRPS/DAILY,1991-2020,IBGE_2024
1505502,Paragominas,PA,19342.565,9,set,28.528567356660414,OK,1991,2020,30,CHIRPS_v2,UCSB-CHG/CHIRPS/DAILY,1991-2020,IBGE_2024
1504059,Mãe do Rio,PA,469.341,9,set,60.85885798100097,OK,1991,2020,30,CHIRPS_v2,UCSB-CHG/CHIRPS/DAILY,1991-2020,IBGE_2024
1503457,Ipixuna do Pará,PA,5215.555,9,set,46.4633300618781,OK,1991,2020,30,CHIRPS_v2,UCSB-CHG/CHIRPS/DAILY,1991-2020,IBGE_2024
1502939,Dom Eliseu,PA,5268.809,9,set,21.385854387129974,OK,1991,2020,30,CHIRPS_v2,UCSB-CHG/CHIRPS/DAILY,1991-2020,IBGE_2024
1505403,Ourém,PA,561.71,9,set,53.431952095754895,OK,1991,2020,30,CHIRPS_v2,UCSB-CHG/CHIRPS/DAILY,1991-2020,IBGE_2024
1504950,Nova Esperança do Piriá,PA,2808.195,9,set,45.50691940069185,OK,1991,2020,30,CHIRPS_v2,UCSB-CHG/CHIRPS/DAILY,1991-2020,IBGE_2024
1503077,Garrafão do Norte,PA,1608.014,9,set,48.68246042325904,OK,1991,2020,30,CHIRPS_v2,UCSB-CHG/CHIRPS/DAILY,1991-2020,IBGE_2024
1502301,Capitão Poço,PA,2901.026,9,set,51.033929767484565,OK,1991,2020,30,CHIRPS_v2,UCSB-CHG/CHIRPS/DAILY,1991-2020,IBGE_2024
1501758,Brejo Grande do Araguaia,PA,1288.473,9,set,34.72727780101283,OK,1991,2020,30,CHIRPS_v2,UCSB-CHG/CHIRPS/DAILY,1991-2020,IBGE_2024
1501576,Bom Jesus do Tocantins,PA,2816.608,9,set,37.23860349389582,OK,1991,2020,30,CHIRPS_v2,UCSB-CHG/CHIRPS/DAILY,1991-2020,IBGE_2024
1500131,Abel Figueiredo,PA,614.127,9,set,34.062757733862775,OK,1991,2020,30,CHIRPS_v2,UCSB-CHG/CHIRPS/DAILY,1991-2020,IBGE_2024
1507458,São Geraldo do Araguaia,PA,3168.387,9,set,38.14829343099469,OK,1991,2020,30,CHIRPS_v2,UCSB-CHG/CHIRPS/DAILY,1991-2020,IBGE_2024
1507508,São João do Araguaia,PA,1279.889,9,set,34.09317419426608,OK,1991,2020,30,CHIRPS_v2,UCSB-CHG/CHIRPS/DAILY,1991-2020,IBGE_2024
1507151,São Domingos do Araguaia,PA,1392.464,9,set,34.822716774423434,OK,1991,2020,30,CHIRPS_v2,UCSB-CHG/CHIRPS/DAILY,1991-2020,IBGE_2024
1506187,Rondon do Pará,PA,8246.394,9,set,33.554379949492954,OK,1991,2020,30,CHIRPS_v2,UCSB-CHG/CHIRPS/DAILY,1991-2020,IBGE_2024
1505494,Palestina do Pará,PA,984.362,9,set,34.306962552074246,OK,1991,2020,30,CHIRPS_v2,UCSB-CHG/CHIRPS/DAILY,1991-2020,IBGE_2024
1505635,Piçarra,PA,3312.709,9,set,44.35908260788532,OK,1991,2020,30,CHIRPS_v2,UCSB-CHG/CHIRPS/DAILY,1991-2020,IBGE_2024
1504976,Nova Ipixuna,PA,1564.182,9,set,37.78680876920819,OK,1991,2020,30,CHIRPS_v2,UCSB-CHG/CHIRPS/DAILY,1991-2020,IBGE_2024
1504208,Marabá,PA,15127.872,9,set,40.760656998986384,OK,1991,2020,30,CHIRPS_v2,UCSB-CHG/CHIRPS/DAILY,1991-2020,IBGE_2024
1503705,Itupiranga,PA,7880.303,9,set,33.09146112028667,OK,1991,2020,30,CHIRPS_v2,UCSB-CHG/CHIRPS/DAILY,1991-2020,IBGE_2024
1503804,Jacundá,PA,2008.333,9,set,37.67813877630661,OK,1991,2020,30,CHIRPS_v2,UCSB-CHG/CHIRPS/DAILY,1991-2020,IBGE_2024
1502772,Curionópolis,PA,2369.091,9,set,46.79503250738735,OK,1991,2020,30,CHIRPS_v2,UCSB-CHG/CHIRPS/DAILY,1991-2020,IBGE_2024
1502152,Canaã dos Carajás,PA,3146.748,9,set,51.7619941351033,OK,1991,2020,30,CHIRPS_v2,UCSB-CHG/CHIRPS/DAILY,1991-2020,IBGE_2024
1505536,Parauapebas,PA,6885.865,9,set,47.838836715393825,OK,1991,2020,30,CHIRPS_v2,UCSB-CHG/CHIRPS/DAILY,1991-2020,IBGE_2024
1502954,Eldorado do Carajás,PA,2956.69,9,set,40.197205412595466,OK,1991,2020,30,CHIRPS_v2,UCSB-CHG/CHIRPS/DAILY,1991-2020,IBGE_2024
1501782,Breu Branco,PA,3941.746,9,set,24.312382567604605,OK,1991,2020,30,CHIRPS_v2,UCSB-CHG/CHIRPS/DAILY,1991-2020,IBGE_2024
1501204,Baião,PA,3760.001,9,set,45.21227245695064,OK,1991,2020,30,CHIRPS_v2,UCSB-CHG/CHIRPS/DAILY,1991-2020,IBGE_2024
1508100,Tucuruí,PA,2084.276,9,set,26.71621731485661,OK,1991,2020,30,CHIRPS_v2,UCSB-CHG/CHIRPS/DAILY,1991-2020,IBGE_2024
1505486,Pacajá,PA,11832.318,9,set,34.03533293165253,OK,1991,2020,30,CHIRPS_v2,UCSB-CHG/CHIRPS/DAILY,1991-2020,IBGE_2024
1505064,Novo Repartimento,PA,15398.735,9,set,33.21982120133369,OK,1991,2020,30,CHIRPS_v2,UCSB-CHG/CHIRPS/DAILY,1991-2020,IBGE_2024
1503093,Goianésia do Pará,PA,7023.933,9,set,28.7452334218915,OK,1991,2020,30,CHIRPS_v2,UCSB-CHG/CHIRPS/DAILY,1991-2020,IBGE_2024
1502707,Conceição do Araguaia,PA,5829.482,9,set,62.72517785818782,OK,1991,2020,30,CHIRPS_v2,UCSB-CHG/CHIRPS/DAILY,1991-2020,IBGE_2024
1502764,Cumaru do Norte,PA,17085.001,9,set,81.57552497083618,OK,1991,2020,30,CHIRPS_v2,UCSB-CHG/CHIRPS/DAILY,1991-2020,IBGE_2024
1501253,Bannach,PA,2956.649,9,set,85.78137669187348,OK,1991,2020,30,CHIRPS_v2,UCSB-CHG/CHIRPS/DAILY,1991-2020,IBGE_2024
1506583,Santa Maria das Barreiras,PA,10330.214,9,set,70.22138857691833,OK,1991,2020,30,CHIRPS_v2,UCSB-CHG/CHIRPS/DAILY,1991-2020,IBGE_2024
1506708,Santana do Araguaia,PA,11591.427,9,set,61.28730805314903,OK,1991,2020,30,CHIRPS_v2,UCSB-CHG/CHIRPS/DAILY,1991-2020,IBGE_2024
1506138,Redenção,PA,3823.809,9,set,71.86508536515954,OK,1991,2020,30,CHIRPS_v2,UCSB-CHG/CHIRPS/DAILY,1991-2020,IBGE_2024
1505551,Pau D'Arco,PA,1671.418,9,set,72.52080603607774,OK,1991,2020,30,CHIRPS_v2,UCSB-CHG/CHIRPS/DAILY,1991-2020,IBGE_2024
1503044,Floresta do Araguaia,PA,3444.285,9,set,58.893840903255345,OK,1991,2020,30,CHIRPS_v2,UCSB-CHG/CHIRPS/DAILY,1991-2020,IBGE_2024
1508084,Tucumã,PA,2512.594,9,set,86.88261184175066,OK,1991,2020,30,CHIRPS_v2,UCSB-CHG/CHIRPS/DAILY,1991-2020,IBGE_2024
1507300,São Félix do Xingu,PA,84212.873,9,set,74.0560378575949,OK,1991,2020,30,CHIRPS_v2,UCSB-CHG/CHIRPS/DAILY,1991-2020,IBGE_2024
1505437,Ourilândia do Norte,PA,14410.567,9,set,80.6221007015565,OK,1991,2020,30,CHIRPS_v2,UCSB-CHG/CHIRPS/DAILY,1991-2020,IBGE_2024
1500347,Água Azul do Norte,PA,7113.956,9,set,65.97617539623275,OK,1991,2020,30,CHIRPS_v2,UCSB-CHG/CHIRPS/DAILY,1991-2020,IBGE_2024
1508407,Xinguara,PA,3779.323,9,set,53.66403590476776,OK,1991,2020,30,CHIRPS_v2,UCSB-CHG/CHIRPS/DAILY,1991-2020,IBGE_2024
1507755,Sapucaia,PA,1298.195,9,set,47.70129706628984,OK,1991,2020,30,CHIRPS_v2,UCSB-CHG/CHIRPS/DAILY,1991-2020,IBGE_2024
1506161,Rio Maria,PA,4114.652,9,set,63.492325936566154,OK,1991,2020,30,CHIRPS_v2,UCSB-CHG/CHIRPS/DAILY,1991-2020,IBGE_2024
1501451,Belterra,PA,4398.419,9,set,43.99951384438463,OK,1991,2020,30,CHIRPS_v2,UCSB-CHG/CHIRPS/DAILY,1991-2020,IBGE_2024
1506807,Santarém,PA,17900.01,9,set,35.64535787991296,OK,1991,2020,30,CHIRPS_v2,UCSB-CHG/CHIRPS/DAILY,1991-2020,IBGE_2024
1506005,Prainha,PA,14788.187,9,set,31.82757534062656,OK,1991,2020,30,CHIRPS_v2,UCSB-CHG/CHIRPS/DAILY,1991-2020,IBGE_2024
1504752,Mojuí dos Campos,PA,4988.239,9,set,43.04435744537908,OK,1991,2020,30,CHIRPS_v2,UCSB-CHG/CHIRPS/DAILY,1991-2020,IBGE_2024
1501006,Aveiro,PA,17072.657,9,set,64.85914573553832,OK,1991,2020,30,CHIRPS_v2,UCSB-CHG/CHIRPS/DAILY,1991-2020,IBGE_2024
1508050,Trairão,PA,11991.085,9,set,103.52877378768372,OK,1991,2020,30,CHIRPS_v2,UCSB-CHG/CHIRPS/DAILY,1991-2020,IBGE_2024
1506195,Rurópolis,PA,7021.322,9,set,72.23545565845538,OK,1991,2020,30,CHIRPS_v2,UCSB-CHG/CHIRPS/DAILY,1991-2020,IBGE_2024
1505650,Placas,PA,7173.2,9,set,50.78091858184073,OK,1991,2020,30,CHIRPS_v2,UCSB-CHG/CHIRPS/DAILY,1991-2020,IBGE_2024
1505031,Novo Progresso,PA,38162.004,9,set,104.62554931306342,OK,1991,2020,30,CHIRPS_v2,UCSB-CHG/CHIRPS/DAILY,1991-2020,IBGE_2024
1503754,Jacareacanga,PA,53308.337,9,set,109.84138738295836,OK,1991,2020,30,CHIRPS_v2,UCSB-CHG/CHIRPS/DAILY,1991-2020,IBGE_2024
1503606,Itaituba,PA,62042.375,9,set,99.85263653781821,OK,1991,2020,30,CHIRPS_v2,UCSB-CHG/CHIRPS/DAILY,1991-2020,IBGE_2024
1507979,Terra Santa,PA,1895.883,9,set,45.867236953193405,OK,1991,2020,30,CHIRPS_v2,UCSB-CHG/CHIRPS/DAILY,1991-2020,IBGE_2024
1503903,Juruti,PA,8305.907,9,set,43.514398514666595,OK,1991,2020,30,CHIRPS_v2,UCSB-CHG/CHIRPS/DAILY,1991-2020,IBGE_2024
1503002,Faro,PA,11771.669,9,set,84.7965047428795,OK,1991,2020,30,CHIRPS_v2,UCSB-CHG/CHIRPS/DAILY,1991-2020,IBGE_2024
1502855,Curuá,PA,1431.346,9,set,51.793481814748304,OK,1991,2020,30,CHIRPS_v2,UCSB-CHG/CHIRPS/DAILY,1991-2020,IBGE_2024
1501725,Brasil Novo,PA,6362.562,9,set,44.49863757798442,OK,1991,2020,30,CHIRPS_v2,UCSB-CHG/CHIRPS/DAILY,1991-2020,IBGE_2024
1500859,Anapu,PA,11895.27,9,set,39.54400012026128,OK,1991,2020,30,CHIRPS_v2,UCSB-CHG/CHIRPS/DAILY,1991-2020,IBGE_2024
1500602,Altamira,PA,159533.318,9,set,72.80252704114287,OK,1991,2020,30,CHIRPS_v2,UCSB-CHG/CHIRPS/DAILY,1991-2020,IBGE_2024
1508159,Uruará,PA,10791.402,9,set,50.59932717345164,OK,1991,2020,30,CHIRPS_v2,UCSB-CHG/CHIRPS/DAILY,1991-2020,IBGE_2024
1508357,Vitória do Xingu,PA,3089.537,9,set,38.38934904875402,OK,1991,2020,30,CHIRPS_v2,UCSB-CHG/CHIRPS/DAILY,1991-2020,IBGE_2024
1507805,Senador José Porfírio,PA,14419.917,9,set,39.355642297666904,OK,1991,2020,30,CHIRPS_v2,UCSB-CHG/CHIRPS/DAILY,1991-2020,IBGE_2024
1504455,Medicilândia,PA,8272.629,9,set,47.43036797627395,OK,1991,2020,30,CHIRPS_v2,UCSB-CHG/CHIRPS/DAILY,1991-2020,IBGE_2024
1505908,Porto de Moz,PA,17422.329,9,set,42.51552105696015,OK,1991,2020,30,CHIRPS_v2,UCSB-CHG/CHIRPS/DAILY,1991-2020,IBGE_2024
1501808,Breves,PA,9566.495,9,set,131.63411278949525,OK,1991,2020,30,CHIRPS_v2,UCSB-CHG/CHIRPS/DAILY,1991-2020,IBGE_2024
1501105,Bagre,PA,4397.321,9,set,51.133953641458696,OK,1991,2020,30,CHIRPS_v2,UCSB-CHG/CHIRPS/DAILY,1991-2020,IBGE_2024
1500701,Anajás,PA,6913.86,9,set,101.72777966234614,OK,1991,2020,30,CHIRPS_v2,UCSB-CHG/CHIRPS/DAILY,1991-2020,IBGE_2024
1507706,São Sebastião da Boa Vista,PA,1632.243,9,set,85.36692685183704,OK,1991,2020,30,CHIRPS_v2,UCSB-CHG/CHIRPS/DAILY,1991-2020,IBGE_2024
1505809,Portel,PA,25386.158,9,set,51.309698073400135,OK,1991,2020,30,CHIRPS_v2,UCSB-CHG/CHIRPS/DAILY,1991-2020,IBGE_2024
1504505,Melgaço,PA,6772.778,9,set,94.55632049210318,OK,1991,2020,30,CHIRPS_v2,UCSB-CHG/CHIRPS/DAILY,1991-2020,IBGE_2024
1502806,Curralinho,PA,3617.355,9,set,85.59662554413775,OK,1991,2020,30,CHIRPS_v2,UCSB-CHG/CHIRPS/DAILY,1991-2020,IBGE_2024
1503101,Gurupá,PA,8569.663,9,set,82.63574901038942,OK,1991,2020,30,CHIRPS_v2,UCSB-CHG/CHIRPS/DAILY,1991-2020,IBGE_2024
1502004,Cachoeira do Arari,PA,3100.261,9,set,46.18063262730306,OK,1991,2020,30,CHIRPS_v2,UCSB-CHG/CHIRPS/DAILY,1991-2020,IBGE_2024
1507904,Soure,PA,2857.349,9,set,21.782224663729657,OK,1991,2020,30,CHIRPS_v2,UCSB-CHG/CHIRPS/DAILY,1991-2020,IBGE_2024
1506401,Santa Cruz do Arari,PA,1076.652,9,set,42.277326818798734,OK,1991,2020,30,CHIRPS_v2,UCSB-CHG/CHIRPS/DAILY,1991-2020,IBGE_2024
1506302,Salvaterra,PA,918.563,9,set,37.5022819091142,OK,1991,2020,30,CHIRPS_v2,UCSB-CHG/CHIRPS/DAILY,1991-2020,IBGE_2024
1505700,Ponta de Pedras,PA,3363.743,9,set,55.38766768977857,OK,1991,2020,30,CHIRPS_v2,UCSB-CHG/CHIRPS/DAILY,1991-2020,IBGE_2024
1504901,Muaná,PA,3763.13,9,set,63.29294215010373,OK,1991,2020,30,CHIRPS_v2,UCSB-CHG/CHIRPS/DAILY,1991-2020,IBGE_2024
1600808,Vitória do Jari,AP,2508.979,9,set,57.237961812834165,OK,1991,2020,30,CHIRPS_v2,UCSB-CHG/CHIRPS/DAILY,1991-2020,IBGE_2024
1718758,Rio Sono,TO,6346.279,9,set,37.433866366616336,OK,1991,2020,30,CHIRPS_v2,UCSB-CHG/CHIRPS/DAILY,1991-2020,IBGE_2024
1701101,Aparecida do Rio Negro,TO,1159.034,9,set,46.4752433566736,OK,1991,2020,30,CHIRPS_v2,UCSB-CHG/CHIRPS/DAILY,1991-2020,IBGE_2024
1715101,Novo Acordo,TO,2678.262,9,set,29.14001177442755,OK,1991,2020,30,CHIRPS_v2,UCSB-CHG/CHIRPS/DAILY,1991-2020,IBGE_2024
1721000,Palmas,TO,2227.329,9,set,47.38044513130692,OK,1991,2020,30,CHIRPS_v2,UCSB-CHG/CHIRPS/DAILY,1991-2020,IBGE_2024
1712405,Lizarda,TO,5716.641,9,set,28.204599233737536,OK,1991,2020,30,CHIRPS_v2,UCSB-CHG/CHIRPS/DAILY,1991-2020,IBGE_2024
1712702,Mateiros,TO,9589.273,9,set,18.82779304733566,OK,1991,2020,30,CHIRPS_v2,UCSB-CHG/CHIRPS/DAILY,1991-2020,IBGE_2024
1720150,São Félix do Tocantins,TO,1913.11,9,set,17.608975356652742,OK,1991,2020,30,CHIRPS_v2,UCSB-CHG/CHIRPS/DAILY,1991-2020,IBGE_2024
1711951,Lagoa do Tocantins,TO,917.632,9,set,30.634857557633502,OK,1991,2020,30,CHIRPS_v2,UCSB-CHG/CHIRPS/DAILY,1991-2020,IBGE_2024
1712009,Lajeado,TO,318.292,9,set,50.458189182771804,OK,1991,2020,30,CHIRPS_v2,UCSB-CHG/CHIRPS/DAILY,1991-2020,IBGE_2024
1719004,Santa Tereza do Tocantins,TO,539.511,9,set,38.40269161014136,OK,1991,2020,30,CHIRPS_v2,UCSB-CHG/CHIRPS/DAILY,1991-2020,IBGE_2024
1709807,Ipueiras,TO,821.152,9,set,38.06019806372051,OK,1991,2020,30,CHIRPS_v2,UCSB-CHG/CHIRPS/DAILY,1991-2020,IBGE_2024
1717909,Ponte Alta do Tocantins,TO,6542.838,9,set,25.3740070522025,OK,1991,2020,30,CHIRPS_v2,UCSB-CHG/CHIRPS/DAILY,1991-2020,IBGE_2024
1718204,Porto Nacional,TO,4434.68,9,set,43.536210465058346,OK,1991,2020,30,CHIRPS_v2,UCSB-CHG/CHIRPS/DAILY,1991-2020,IBGE_2024
1717008,Pindorama do Tocantins,TO,1560.551,9,set,29.336369717434316,OK,1991,2020,30,CHIRPS_v2,UCSB-CHG/CHIRPS/DAILY,1991-2020,IBGE_2024
1715507,Oliveira de Fátima,TO,209.292,9,set,40.73084575644237,OK,1991,2020,30,CHIRPS_v2,UCSB-CHG/CHIRPS/DAILY,1991-2020,IBGE_2024
1707553,Fátima,TO,380.374,9,set,38.72321229894595,OK,1991,2020,30,CHIRPS_v2,UCSB-CHG/CHIRPS/DAILY,1991-2020,IBGE_2024
1714203,Natividade,TO,3241.672,9,set,32.07945495592172,OK,1991,2020,30,CHIRPS_v2,UCSB-CHG/CHIRPS/DAILY,1991-2020,IBGE_2024
1705102,Chapada da Natividade,TO,1640.833,9,set,34.72791188180064,OK,1991,2020,30,CHIRPS_v2,UCSB-CHG/CHIRPS/DAILY,1991-2020,IBGE_2024
1713601,Monte do Carmo,TO,3601.205,9,set,33.497808132987736,OK,1991,2020,30,CHIRPS_v2,UCSB-CHG/CHIRPS/DAILY,1991-2020,IBGE_2024
1720655,Silvanópolis,TO,1258.771,9,set,34.31943328317765,OK,1991,2020,30,CHIRPS_v2,UCSB-CHG/CHIRPS/DAILY,1991-2020,IBGE_2024
1703701,Brejinho de Nazaré,TO,1722.59,9,set,39.19863558948653,OK,1991,2020,30,CHIRPS_v2,UCSB-CHG/CHIRPS/DAILY,1991-2020,IBGE_2024
1718907,Santa Rosa do Tocantins,TO,1804.686,9,set,40.541637153969624,OK,1991,2020,30,CHIRPS_v2,UCSB-CHG/CHIRPS/DAILY,1991-2020,IBGE_2024
1718899,Santa Rita do Tocantins,TO,3281.219,9,set,39.83471039310366,OK,1991,2020,30,CHIRPS_v2,UCSB-CHG/CHIRPS/DAILY,1991-2020,IBGE_2024
1718451,Pugmil,TO,401.174,9,set,45.762983885083656,OK,1991,2020,30,CHIRPS_v2,UCSB-CHG/CHIRPS/DAILY,1991-2020,IBGE_2024
1701903,Araguacema,TO,2774.505,9,set,58.348647031226456,OK,1991,2020,30,CHIRPS_v2,UCSB-CHG/CHIRPS/DAILY,1991-2020,IBGE_2024
1717503,Pium,TO,10003.549,9,set,44.17041046640503,OK,1991,2020,30,CHIRPS_v2,UCSB-CHG/CHIRPS/DAILY,1991-2020,IBGE_2024
1700251,Abreulândia,TO,1906.295,9,set,55.10241923921449,OK,1991,2020,30,CHIRPS_v2,UCSB-CHG/CHIRPS/DAILY,1991-2020,IBGE_2024
1716109,Paraíso do Tocantins,TO,1292.267,9,set,53.180357125563226,OK,1991,2020,30,CHIRPS_v2,UCSB-CHG/CHIRPS/DAILY,1991-2020,IBGE_2024
1707108,Divinópolis do Tocantins,TO,2358.282,9,set,54.16066123507775,OK,1991,2020,30,CHIRPS_v2,UCSB-CHG/CHIRPS/DAILY,1991-2020,IBGE_2024
1715002,Nova Rosalândia,TO,514.791,9,set,41.08502454205848,OK,1991,2020,30,CHIRPS_v2,UCSB-CHG/CHIRPS/DAILY,1991-2020,IBGE_2024
1706100,Cristalândia,TO,1850.75,9,set,38.6867964847536,OK,1991,2020,30,CHIRPS_v2,UCSB-CHG/CHIRPS/DAILY,1991-2020,IBGE_2024
1713700,Monte Santo do Tocantins,TO,1072.92,9,set,54.48358433074895,OK,1991,2020,30,CHIRPS_v2,UCSB-CHG/CHIRPS/DAILY,1991-2020,IBGE_2024
1704600,Chapada de Areia,TO,658.564,9,set,47.77076754222334,OK,1991,2020,30,CHIRPS_v2,UCSB-CHG/CHIRPS/DAILY,1991-2020,IBGE_2024
1712504,Marianópolis do Tocantins,TO,2089.575,9,set,53.25297574277716,OK,1991,2020,30,CHIRPS_v2,UCSB-CHG/CHIRPS/DAILY,1991-2020,IBGE_2024
1711902,Lagoa da Confusão,TO,10563.181,9,set,35.4079690872778,OK,1991,2020,30,CHIRPS_v2,UCSB-CHG/CHIRPS/DAILY,1991-2020,IBGE_2024
1703909,Caseara,TO,1680.014,9,set,53.64673696788248,OK,1991,2020,30,CHIRPS_v2,UCSB-CHG/CHIRPS/DAILY,1991-2020,IBGE_2024
1703107,Barrolândia,TO,697.759,9,set,57.34689702123326,OK,1991,2020,30,CHIRPS_v2,UCSB-CHG/CHIRPS/DAILY,1991-2020,IBGE_2024
1718709,Rio dos Bois,TO,847.255,9,set,53.83284960402043,OK,1991,2020,30,CHIRPS_v2,UCSB-CHG/CHIRPS/DAILY,1991-2020,IBGE_2024
1707207,Dois Irmãos do Tocantins,TO,3747.645,9,set,54.97739040175619,OK,1991,2020,30,CHIRPS_v2,UCSB-CHG/CHIRPS/DAILY,1991-2020,IBGE_2024
1713304,Miranorte,TO,1033.301,9,set,50.56661871531061,OK,1991,2020,30,CHIRPS_v2,UCSB-CHG/CHIRPS/DAILY,1991-2020,IBGE_2024
1721109,Tocantínia,TO,2609.775,9,set,43.83325312142348,OK,1991,2020,30,CHIRPS_v2,UCSB-CHG/CHIRPS/DAILY,1991-2020,IBGE_2024
1713205,Miracema do Tocantins,TO,2663.745,9,set,51.946327395736645,OK,1991,2020,30,CHIRPS_v2,UCSB-CHG/CHIRPS/DAILY,1991-2020,IBGE_2024
1702109,Araguaína,TO,4004.645,9,set,47.56416842659813,OK,1991,2020,30,CHIRPS_v2,UCSB-CHG/CHIRPS/DAILY,1991-2020,IBGE_2024
1702158,Araguanã,TO,834.834,9,set,45.82610656842462,OK,1991,2020,30,CHIRPS_v2,UCSB-CHG/CHIRPS/DAILY,1991-2020,IBGE_2024
1718550,Riachinho,TO,512.156,9,set,35.11743037344739,OK,1991,2020,30,CHIRPS_v2,UCSB-CHG/CHIRPS/DAILY,1991-2020,IBGE_2024
1702307,Arapoema,TO,1558.136,9,set,56.09693698016588,OK,1991,2020,30,CHIRPS_v2,UCSB-CHG/CHIRPS/DAILY,1991-2020,IBGE_2024
1701051,Angico,TO,447.547,9,set,33.04669169538854,OK,1991,2020,30,CHIRPS_v2,UCSB-CHG/CHIRPS/DAILY,1991-2020,IBGE_2024
1701002,Ananás,TO,1581.058,9,set,32.79990519104393,OK,1991,2020,30,CHIRPS_v2,UCSB-CHG/CHIRPS/DAILY,1991-2020,IBGE_2024
1701309,Aragominas,TO,1168.213,9,set,50.24885613619814,OK,1991,2020,30,CHIRPS_v2,UCSB-CHG/CHIRPS/DAILY,1991-2020,IBGE_2024
1717206,Piraquê,TO,1363.411,9,set,41.22738519532723,OK,1991,2020,30,CHIRPS_v2,UCSB-CHG/CHIRPS/DAILY,1991-2020,IBGE_2024
1709005,Goiatins,TO,6414.846,9,set,39.06623660586071,OK,1991,2020,30,CHIRPS_v2,UCSB-CHG/CHIRPS/DAILY,1991-2020,IBGE_2024
1716307,Pau D'Arco,TO,1375.551,9,set,50.38378009088816,OK,1991,2020,30,CHIRPS_v2,UCSB-CHG/CHIRPS/DAILY,1991-2020,IBGE_2024
1707702,Filadélfia,TO,1991.258,9,set,42.083666986339686,OK,1991,2020,30,CHIRPS_v2,UCSB-CHG/CHIRPS/DAILY,1991-2020,IBGE_2024
1714880,Nova Olinda,TO,1567.834,9,set,50.84907141787145,OK,1991,2020,30,CHIRPS_v2,UCSB-CHG/CHIRPS/DAILY,1991-2020,IBGE_2024
1706506,Darcinópolis,TO,1641.77,9,set,35.85883709338818,OK,1991,2020,30,CHIRPS_v2,UCSB-CHG/CHIRPS/DAILY,1991-2020,IBGE_2024
1722107,Xambioá,TO,1190.489,9,set,38.86165063562551,OK,1991,2020,30,CHIRPS_v2,UCSB-CHG/CHIRPS/DAILY,1991-2020,IBGE_2024
1722081,Wanderlândia,TO,1365.432,9,set,41.42112980074799,OK,1991,2020,30,CHIRPS_v2,UCSB-CHG/CHIRPS/DAILY,1991-2020,IBGE_2024
1713957,Muricilândia,TO,1194.368,9,set,50.24765505355388,OK,1991,2020,30,CHIRPS_v2,UCSB-CHG/CHIRPS/DAILY,1991-2020,IBGE_2024
1703883,Carmolândia,TO,339.366,9,set,47.92474347824534,OK,1991,2020,30,CHIRPS_v2,UCSB-CHG/CHIRPS/DAILY,1991-2020,IBGE_2024
1703842,Campos Lindos,TO,3234.445,9,set,34.47824496966026,OK,1991,2020,30,CHIRPS_v2,UCSB-CHG/CHIRPS/DAILY,1991-2020,IBGE_2024
1703008,Babaçulândia,TO,1790.297,9,set,41.03457407202661,OK,1991,2020,30,CHIRPS_v2,UCSB-CHG/CHIRPS/DAILY,1991-2020,IBGE_2024
1703073,Barra do Ouro,TO,1105.84,9,set,39.14408204745564,OK,1991,2020,30,CHIRPS_v2,UCSB-CHG/CHIRPS/DAILY,1991-2020,IBGE_2024
1718865,Santa Fé do Araguaia,TO,1671.239,9,set,48.23339763992196,OK,1991,2020,30,CHIRPS_v2,UCSB-CHG/CHIRPS/DAILY,1991-2020,IBGE_2024
1718501,Recursolândia,TO,2215.669,9,set,32.87376165100515,OK,1991,2020,30,CHIRPS_v2,UCSB-CHG/CHIRPS/DAILY,1991-2020,IBGE_2024
1718402,Presidente Kennedy,TO,771.716,9,set,58.644516119644635,OK,1991,2020,30,CHIRPS_v2,UCSB-CHG/CHIRPS/DAILY,1991-2020,IBGE_2024
1709302,Guaraí,TO,2106.753,9,set,56.79065382347647,OK,1991,2020,30,CHIRPS_v2,UCSB-CHG/CHIRPS/DAILY,1991-2020,IBGE_2024
1708254,Tabocão,TO,624.463,9,set,60.387476186462735,OK,1991,2020,30,CHIRPS_v2,UCSB-CHG/CHIRPS/DAILY,1991-2020,IBGE_2024
1716505,Pedro Afonso,TO,2019.556,9,set,43.52336930515798,OK,1991,2020,30,CHIRPS_v2,UCSB-CHG/CHIRPS/DAILY,1991-2020,IBGE_2024
1708304,Goianorte,TO,1797.229,9,set,56.270247670326256,OK,1991,2020,30,CHIRPS_v2,UCSB-CHG/CHIRPS/DAILY,1991-2020,IBGE_2024
1716703,Colméia,TO,1161.029,9,set,60.874376901243245,OK,1991,2020,30,CHIRPS_v2,UCSB-CHG/CHIRPS/DAILY,1991-2020,IBGE_2024
1716653,Pequizeiro,TO,1206.119,9,set,58.628614758964886,OK,1991,2020,30,CHIRPS_v2,UCSB-CHG/CHIRPS/DAILY,1991-2020,IBGE_2024
1706001,Couto Magalhães,TO,1584.196,9,set,58.56649264458881,OK,1991,2020,30,CHIRPS_v2,UCSB-CHG/CHIRPS/DAILY,1991-2020,IBGE_2024
1721257,Tupirama,TO,706.883,9,set,51.171336215791925,OK,1991,2020,30,CHIRPS_v2,UCSB-CHG/CHIRPS/DAILY,1991-2020,IBGE_2024
1704105,Centenário,TO,1953.134,9,set,42.757714166180676,OK,1991,2020,30,CHIRPS_v2,UCSB-CHG/CHIRPS/DAILY,1991-2020,IBGE_2024
1703305,Bom Jesus do Tocantins,TO,1326.947,9,set,42.9636992689848,OK,1991,2020,30,CHIRPS_v2,UCSB-CHG/CHIRPS/DAILY,1991-2020,IBGE_2024
1718881,Santa Maria do Tocantins,TO,1412.318,9,set,43.68191613905538,OK,1991,2020,30,CHIRPS_v2,UCSB-CHG/CHIRPS/DAILY,1991-2020,IBGE_2024
1711100,Itaporã do Tocantins,TO,969.794,9,set,60.74124156855889,OK,1991,2020,30,CHIRPS_v2,UCSB-CHG/CHIRPS/DAILY,1991-2020,IBGE_2024
1710508,Itacajá,TO,3047.204,9,set,41.694013764343424,OK,1991,2020,30,CHIRPS_v2,UCSB-CHG/CHIRPS/DAILY,1991-2020,IBGE_2024
1715705,Palmeirante,TO,2638.465,9,set,48.611557755159986,OK,1991,2020,30,CHIRPS_v2,UCSB-CHG/CHIRPS/DAILY,1991-2020,IBGE_2024
1705508,Colinas do Tocantins,TO,842.488,9,set,62.62319021497413,OK,1991,2020,30,CHIRPS_v2,UCSB-CHG/CHIRPS/DAILY,1991-2020,IBGE_2024
1721307,Tupiratins,TO,889.126,9,set,50.91363815070106,OK,1991,2020,30,CHIRPS_v2,UCSB-CHG/CHIRPS/DAILY,1991-2020,IBGE_2024
1703602,Brasilândia do Tocantins,TO,645.908,9,set,59.546265071199294,OK,1991,2020,30,CHIRPS_v2,UCSB-CHG/CHIRPS/DAILY,1991-2020,IBGE_2024
1711803,Juarina,TO,483.452,9,set,61.98153470581892,OK,1991,2020,30,CHIRPS_v2,UCSB-CHG/CHIRPS/DAILY,1991-2020,IBGE_2024
1703206,Bernardo Sayão,TO,924.045,9,set,63.52467901997227,OK,1991,2020,30,CHIRPS_v2,UCSB-CHG/CHIRPS/DAILY,1991-2020,IBGE_2024
1703057,Bandeirantes do Tocantins,TO,1540.543,9,set,60.568801634002654,OK,1991,2020,30,CHIRPS_v2,UCSB-CHG/CHIRPS/DAILY,1991-2020,IBGE_2024
1710904,Itapiratins,TO,1246.349,9,set,46.482295318813016,OK,1991,2020,30,CHIRPS_v2,UCSB-CHG/CHIRPS/DAILY,1991-2020,IBGE_2024
1700301,Aguiarnópolis,TO,236.792,9,set,31.289889165955408,OK,1991,2020,30,CHIRPS_v2,UCSB-CHG/CHIRPS/DAILY,1991-2020,IBGE_2024
1714302,Nazaré,TO,395.997,9,set,30.631939107133622,OK,1991,2020,30,CHIRPS_v2,UCSB-CHG/CHIRPS/DAILY,1991-2020,IBGE_2024
1713809,Palmeiras do Tocantins,TO,743.407,9,set,33.94471064326977,OK,1991,2020,30,CHIRPS_v2,UCSB-CHG/CHIRPS/DAILY,1991-2020,IBGE_2024
1712801,Maurilândia do Tocantins,TO,736.303,9,set,28.765031628822562,OK,1991,2020,30,CHIRPS_v2,UCSB-CHG/CHIRPS/DAILY,1991-2020,IBGE_2024
1721208,Tocantinópolis,TO,1083.6,9,set,28.779395295889938,OK,1991,2020,30,CHIRPS_v2,UCSB-CHG/CHIRPS/DAILY,1991-2020,IBGE_2024
1712454,Luzinópolis,TO,281.543,9,set,29.931613880241134,OK,1991,2020,30,CHIRPS_v2,UCSB-CHG/CHIRPS/DAILY,1991-2020,IBGE_2024
1720002,Santa Terezinha do Tocantins,TO,274.105,9,set,32.431326493419334,OK,1991,2020,30,CHIRPS_v2,UCSB-CHG/CHIRPS/DAILY,1991-2020,IBGE_2024
1703826,Cachoeirinha,TO,351.535,9,set,27.57992942065183,OK,1991,2020,30,CHIRPS_v2,UCSB-CHG/CHIRPS/DAILY,1991-2020,IBGE_2024
1702208,Araguatins,TO,2633.278,9,set,29.930185049885324,OK,1991,2020,30,CHIRPS_v2,UCSB-CHG/CHIRPS/DAILY,1991-2020,IBGE_2024
1718808,Sampaio,TO,222.436,9,set,27.716716337507243,OK,1991,2020,30,CHIRPS_v2,UCSB-CHG/CHIRPS/DAILY,1991-2020,IBGE_2024
1718303,Praia Norte,TO,300.999,9,set,25.11475775936073,OK,1991,2020,30,CHIRPS_v2,UCSB-CHG/CHIRPS/DAILY,1991-2020,IBGE_2024
1707405,Esperantina,TO,506.175,9,set,32.05734278241682,OK,1991,2020,30,CHIRPS_v2,UCSB-CHG/CHIRPS/DAILY,1991-2020,IBGE_2024
1720804,Sítio Novo do Tocantins,TO,307.095,9,set,25.2441165067177,OK,1991,2020,30,CHIRPS_v2,UCSB-CHG/CHIRPS/DAILY,1991-2020,IBGE_2024
1720101,São Bento do Tocantins,TO,1099.58,9,set,28.53439472480192,OK,1991,2020,30,CHIRPS_v2,UCSB-CHG/CHIRPS/DAILY,1991-2020,IBGE_2024
1703891,Carrasco Bonito,TO,190.352,9,set,29.28392420308599,OK,1991,2020,30,CHIRPS_v2,UCSB-CHG/CHIRPS/DAILY,1991-2020,IBGE_2024
1720309,São Sebastião do Tocantins,TO,289.597,9,set,32.59079199756948,OK,1991,2020,30,CHIRPS_v2,UCSB-CHG/CHIRPS/DAILY,1991-2020,IBGE_2024
1703800,Buriti do Tocantins,TO,252.73,9,set,30.979204057832582,OK,1991,2020,30,CHIRPS_v2,UCSB-CHG/CHIRPS/DAILY,1991-2020,IBGE_2024
1720200,São Miguel do Tocantins,TO,406.957,9,set,24.50165771576662,OK,1991,2020,30,CHIRPS_v2,UCSB-CHG/CHIRPS/DAILY,1991-2020,IBGE_2024
1702554,Augustinópolis,TO,388.809,9,set,26.970502412775136,OK,1991,2020,30,CHIRPS_v2,UCSB-CHG/CHIRPS/DAILY,1991-2020,IBGE_2024
1710706,Itaguatins,TO,730.163,9,set,27.990256410686353,OK,1991,2020,30,CHIRPS_v2,UCSB-CHG/CHIRPS/DAILY,1991-2020,IBGE_2024
1702901,Axixá do Tocantins,TO,153.539,9,set,26.5185550666366,OK,1991,2020,30,CHIRPS_v2,UCSB-CHG/CHIRPS/DAILY,1991-2020,IBGE_2024
1702000,Araguaçu,TO,5155.223,9,set,41.949625623090455,OK,1991,2020,30,CHIRPS_v2,UCSB-CHG/CHIRPS/DAILY,1991-2020,IBGE_2024
1718840,Sandolândia,TO,3535.135,9,set,36.07455632075371,OK,1991,2020,30,CHIRPS_v2,UCSB-CHG/CHIRPS/DAILY,1991-2020,IBGE_2024
1709500,Gurupi,TO,1844.164,9,set,40.47200147984191,OK,1991,2020,30,CHIRPS_v2,UCSB-CHG/CHIRPS/DAILY,1991-2020,IBGE_2024
1700707,Alvorada,TO,1207.201,9,set,36.10664287949114,OK,1991,2020,30,CHIRPS_v2,UCSB-CHG/CHIRPS/DAILY,1991-2020,IBGE_2024
1700350,Aliança do Tocantins,TO,1580.999,9,set,43.37624769096103,OK,1991,2020,30,CHIRPS_v2,UCSB-CHG/CHIRPS/DAILY,1991-2020,IBGE_2024
1708205,Formoso do Araguaia,TO,13431.861,9,set,30.44544368450659,OK,1991,2020,30,CHIRPS_v2,UCSB-CHG/CHIRPS/DAILY,1991-2020,IBGE_2024
1716604,Peixe,TO,5303.612,9,set,34.6856841183045,OK,1991,2020,30,CHIRPS_v2,UCSB-CHG/CHIRPS/DAILY,1991-2020,IBGE_2024
1707652,Figueirópolis,TO,1935.709,9,set,39.578991260747834,OK,1991,2020,30,CHIRPS_v2,UCSB-CHG/CHIRPS/DAILY,1991-2020,IBGE_2024
1716208,Paranã,TO,11217.373,9,set,24.655546322168085,OK,1991,2020,30,CHIRPS_v2,UCSB-CHG/CHIRPS/DAILY,1991-2020,IBGE_2024
1707306,Dueré,TO,3420.657,9,set,33.49987578543722,OK,1991,2020,30,CHIRPS_v2,UCSB-CHG/CHIRPS/DAILY,1991-2020,IBGE_2024
1715754,Palmeirópolis,TO,1708.981,9,set,28.509354492435193,OK,1991,2020,30,CHIRPS_v2,UCSB-CHG/CHIRPS/DAILY,1991-2020,IBGE_2024
1706258,Crixás do Tocantins,TO,983.766,9,set,39.936880358439005,OK,1991,2020,30,CHIRPS_v2,UCSB-CHG/CHIRPS/DAILY,1991-2020,IBGE_2024
1720978,Talismã,TO,2155.503,9,set,34.955158269304455,OK,1991,2020,30,CHIRPS_v2,UCSB-CHG/CHIRPS/DAILY,1991-2020,IBGE_2024
1720499,São Valério,TO,2520.465,9,set,38.5245681251485,OK,1991,2020,30,CHIRPS_v2,UCSB-CHG/CHIRPS/DAILY,1991-2020,IBGE_2024
1720853,Sucupira,TO,1018.222,9,set,30.135545136171736,OK,1991,2020,30,CHIRPS_v2,UCSB-CHG/CHIRPS/DAILY,1991-2020,IBGE_2024
1703867,Cariri do Tocantins,TO,1126.291,9,set,29.44136871869154,OK,1991,2020,30,CHIRPS_v2,UCSB-CHG/CHIRPS/DAILY,1991-2020,IBGE_2024
1720259,São Salvador do Tocantins,TO,1424.753,9,set,29.61930898977563,OK,1991,2020,30,CHIRPS_v2,UCSB-CHG/CHIRPS/DAILY,1991-2020,IBGE_2024
1711506,Jaú do Tocantins,TO,2167.201,9,set,31.00207447375679,OK,1991,2020,30,CHIRPS_v2,UCSB-CHG/CHIRPS/DAILY,1991-2020,IBGE_2024
1702406,Arraias,TO,5803.085,9,set,19.086433426037825,OK,1991,2020,30,CHIRPS_v2,UCSB-CHG/CHIRPS/DAILY,1991-2020,IBGE_2024
1718659,Rio da Conceição,TO,845.823,9,set,25.45413035260789,OK,1991,2020,30,CHIRPS_v2,UCSB-CHG/CHIRPS/DAILY,1991-2020,IBGE_2024
1718006,Porto Alegre do Tocantins,TO,506.717,9,set,26.90205780942979,OK,1991,2020,30,CHIRPS_v2,UCSB-CHG/CHIRPS/DAILY,1991-2020,IBGE_2024
1717800,Ponte Alta do Bom Jesus,TO,1718.791,9,set,26.45733455674498,OK,1991,2020,30,CHIRPS_v2,UCSB-CHG/CHIRPS/DAILY,1991-2020,IBGE_2024
1700400,Almas,TO,4007.152,9,set,27.06105101789831,OK,1991,2020,30,CHIRPS_v2,UCSB-CHG/CHIRPS/DAILY,1991-2020,IBGE_2024
1707009,Dianópolis,TO,3318.094,9,set,25.337950137765343,OK,1991,2020,30,CHIRPS_v2,UCSB-CHG/CHIRPS/DAILY,1991-2020,IBGE_2024
1715150,Novo Alegre,TO,200.411,9,set,15.520396959959658,OK,1991,2020,30,CHIRPS_v2,UCSB-CHG/CHIRPS/DAILY,1991-2020,IBGE_2024
1715259,Novo Jardim,TO,1213.893,9,set,26.999979004493607,OK,1991,2020,30,CHIRPS_v2,UCSB-CHG/CHIRPS/DAILY,1991-2020,IBGE_2024
1705557,Combinado,TO,208.791,9,set,14.972234857952026,OK,1991,2020,30,CHIRPS_v2,UCSB-CHG/CHIRPS/DAILY,1991-2020,IBGE_2024
1705607,Conceição do Tocantins,TO,2530.647,9,set,23.520810684540734,OK,1991,2020,30,CHIRPS_v2,UCSB-CHG/CHIRPS/DAILY,1991-2020,IBGE_2024
1720937,Taipas do Tocantins,TO,1105.303,9,set,20.635186153616562,OK,1991,2020,30,CHIRPS_v2,UCSB-CHG/CHIRPS/DAILY,1991-2020,IBGE_2024
1720903,Taguatinga,TO,2341.919,9,set,20.822690330750497,OK,1991,2020,30,CHIRPS_v2,UCSB-CHG/CHIRPS/DAILY,1991-2020,IBGE_2024
1712157,Lavandeira,TO,468.006,9,set,15.42885409226249,OK,1991,2020,30,CHIRPS_v2,UCSB-CHG/CHIRPS/DAILY,1991-2020,IBGE_2024
1702703,Aurora do Tocantins,TO,696.194,9,set,16.9379155367369,OK,1991,2020,30,CHIRPS_v2,UCSB-CHG/CHIRPS/DAILY,1991-2020,IBGE_2024
2109270,Presidente Sarney,MA,726.176,9,set,9.501416846228556,OK,1991,2020,30,CHIRPS_v2,UCSB-CHG/CHIRPS/DAILY,1991-2020,IBGE_2024
2108256,Pedro do Rosário,MA,1753.867,9,set,13.440567748597429,OK,1991,2020,30,CHIRPS_v2,UCSB-CHG/CHIRPS/DAILY,1991-2020,IBGE_2024
2112456,Turilândia,MA,1507.976,9,set,11.055622908492996,OK,1991,2020,30,CHIRPS_v2,UCSB-CHG/CHIRPS/DAILY,1991-2020,IBGE_2024
2112407,Turiaçu,MA,2622.281,9,set,11.068577263923421,OK,1991,2020,30,CHIRPS_v2,UCSB-CHG/CHIRPS/DAILY,1991-2020,IBGE_2024
2108306,Penalva,MA,800.916,9,set,16.499642242170186,OK,1991,2020,30,CHIRPS_v2,UCSB-CHG/CHIRPS/DAILY,1991-2020,IBGE_2024
2111029,São João do Carú,MA,910.065,9,set,15.145545981153155,OK,1991,2020,30,CHIRPS_v2,UCSB-CHG/CHIRPS/DAILY,1991-2020,IBGE_2024
2102002,Bom Jardim,MA,6579.946,9,set,12.535204235324374,OK,1991,2020,30,CHIRPS_v2,UCSB-CHG/CHIRPS/DAILY,1991-2020,IBGE_2024
2109908,Santa Inês,MA,786.689,9,set,12.705712953104616,OK,1991,2020,30,CHIRPS_v2,UCSB-CHG/CHIRPS/DAILY,1991-2020,IBGE_2024
2110005,Santa Luzia,MA,4837.168,9,set,10.91129236549571,OK,1991,2020,30,CHIRPS_v2,UCSB-CHG/CHIRPS/DAILY,1991-2020,IBGE_2024
2101772,Bela Vista do Maranhão,MA,147.949,9,set,16.896834538245233,OK,1991,2020,30,CHIRPS_v2,UCSB-CHG/CHIRPS/DAILY,1991-2020,IBGE_2024
2100873,Araguanã,MA,805.194,9,set,19.408844191360792,OK,1991,2020,30,CHIRPS_v2,UCSB-CHG/CHIRPS/DAILY,1991-2020,IBGE_2024
2100477,Alto Alegre do Pindaré,MA,1875.58,9,set,11.343377964541373,OK,1991,2020,30,CHIRPS_v2,UCSB-CHG/CHIRPS/DAILY,1991-2020,IBGE_2024
2108504,Pindaré-Mirim,MA,268.285,9,set,18.586982295642525,OK,1991,2020,30,CHIRPS_v2,UCSB-CHG/CHIRPS/DAILY,1991-2020,IBGE_2024
2107357,Nova Olinda do Maranhão,MA,2452.615,9,set,18.123936509909633,OK,1991,2020,30,CHIRPS_v2,UCSB-CHG/CHIRPS/DAILY,1991-2020,IBGE_2024
2106904,Monção,MA,1245.548,9,set,20.347535364337396,OK,1991,2020,30,CHIRPS_v2,UCSB-CHG/CHIRPS/DAILY,1991-2020,IBGE_2024
2114007,Zé Doca,MA,2140.109,9,set,19.955908871080638,OK,1991,2020,30,CHIRPS_v2,UCSB-CHG/CHIRPS/DAILY,1991-2020,IBGE_2024
2104651,Governador Newton Bello,MA,1144.146,9,set,16.713167042941787,OK,1991,2020,30,CHIRPS_v2,UCSB-CHG/CHIRPS/DAILY,1991-2020,IBGE_2024
2112274,Tufilândia,MA,270.934,9,set,14.401286315801514,OK,1991,2020,30,CHIRPS_v2,UCSB-CHG/CHIRPS/DAILY,1991-2020,IBGE_2024
2102150,Brejo de Areia,MA,986.036,9,set,10.797424299546169,OK,1991,2020,30,CHIRPS_v2,UCSB-CHG/CHIRPS/DAILY,1991-2020,IBGE_2024
2100402,Altamira do Maranhão,MA,524.374,9,set,8.92519119549238,OK,1991,2020,30,CHIRPS_v2,UCSB-CHG/CHIRPS/DAILY,1991-2020,IBGE_2024
2108108,Paulo Ramos,MA,1168.608,9,set,9.974733076592226,OK,1991,2020,30,CHIRPS_v2,UCSB-CHG/CHIRPS/DAILY,1991-2020,IBGE_2024
2107407,Olho d'Água das Cunhãs,MA,695.333,9,set,9.074198223857938,OK,1991,2020,30,CHIRPS_v2,UCSB-CHG/CHIRPS/DAILY,1991-2020,IBGE_2024
2105963,Lagoa Grande do Maranhão,MA,744.199,9,set,12.590828033322117,OK,1991,2020,30,CHIRPS_v2,UCSB-CHG/CHIRPS/DAILY,1991-2020,IBGE_2024
2106359,Marajá do Sena,MA,1402.593,9,set,12.727825533932952,OK,1991,2020,30,CHIRPS_v2,UCSB-CHG/CHIRPS/DAILY,1991-2020,IBGE_2024
2105708,Lago da Pedra,MA,1240.446,9,set,10.92766704638622,OK,1991,2020,30,CHIRPS_v2,UCSB-CHG/CHIRPS/DAILY,1991-2020,IBGE_2024
2113009,Vitorino Freire,MA,1193.386,9,set,8.050024592168002,OK,1991,2020,30,CHIRPS_v2,UCSB-CHG/CHIRPS/DAILY,1991-2020,IBGE_2024
2111722,Satubinha,MA,441.807,9,set,10.340216665166004,OK,1991,2020,30,CHIRPS_v2,UCSB-CHG/CHIRPS/DAILY,1991-2020,IBGE_2024
2102903,Carutapera,MA,1260.569,9,set,12.123636089441966,OK,1991,2020,30,CHIRPS_v2,UCSB-CHG/CHIRPS/DAILY,1991-2020,IBGE_2024
2103174,Centro Novo do Maranhão,MA,8401.002,9,set,24.51767827588837,OK,1991,2020,30,CHIRPS_v2,UCSB-CHG/CHIRPS/DAILY,1991-2020,IBGE_2024
2103158,Centro do Guilherme,MA,1134.646,9,set,27.46936287235574,OK,1991,2020,30,CHIRPS_v2,UCSB-CHG/CHIRPS/DAILY,1991-2020,IBGE_2024
2102606,Cândido Mendes,MA,1643.796,9,set,12.068426403716579,OK,1991,2020,30,CHIRPS_v2,UCSB-CHG/CHIRPS/DAILY,1991-2020,IBGE_2024
2101970,Boa Vista do Gurupi,MA,400.35,9,set,21.250798145749666,OK,1991,2020,30,CHIRPS_v2,UCSB-CHG/CHIRPS/DAILY,1991-2020,IBGE_2024
2110039,Santa Luzia do Paruá,MA,1010.483,9,set,12.949711742908422,OK,1991,2020,30,CHIRPS_v2,UCSB-CHG/CHIRPS/DAILY,1991-2020,IBGE_2024
2109239,Presidente Médici,MA,437.687,9,set,13.467291804007576,OK,1991,2020,30,CHIRPS_v2,UCSB-CHG/CHIRPS/DAILY,1991-2020,IBGE_2024
2100550,Amapá do Maranhão,MA,493.738,9,set,13.959126221199051,OK,1991,2020,30,CHIRPS_v2,UCSB-CHG/CHIRPS/DAILY,1991-2020,IBGE_2024
2106326,Maracaçumé,MA,635.758,9,set,18.639874540729732,OK,1991,2020,30,CHIRPS_v2,UCSB-CHG/CHIRPS/DAILY,1991-2020,IBGE_2024
2106375,Maranhãozinho,MA,781.676,9,set,17.677244164130816,OK,1991,2020,30,CHIRPS_v2,UCSB-CHG/CHIRPS/DAILY,1991-2020,IBGE_2024
2106201,Luís Domingues,MA,467.251,9,set,11.583070362725383,OK,1991,2020,30,CHIRPS_v2,UCSB-CHG/CHIRPS/DAILY,1991-2020,IBGE_2024
2105658,Junco do Maranhão,MA,568.499,9,set,23.847238062834013,OK,1991,2020,30,CHIRPS_v2,UCSB-CHG/CHIRPS/DAILY,1991-2020,IBGE_2024
2104677,Governador Nunes Freire,MA,1049.208,9,set,14.237783985932374,OK,1991,2020,30,CHIRPS_v2,UCSB-CHG/CHIRPS/DAILY,1991-2020,IBGE_2024
2104305,Godofredo Viana,MA,725.707,9,set,11.710714260680179,OK,1991,2020,30,CHIRPS_v2,UCSB-CHG/CHIRPS/DAILY,1991-2020,IBGE_2024
2111763,Senador La Rocque,MA,737.078,9,set,19.551871779453702,OK,1991,2020,30,CHIRPS_v2,UCSB-CHG/CHIRPS/DAILY,1991-2020,IBGE_2024
2103752,Davinópolis,MA,332.249,9,set,21.11378642041855,OK,1991,2020,30,CHIRPS_v2,UCSB-CHG/CHIRPS/DAILY,1991-2020,IBGE_2024
2111052,São João do Paraíso,MA,2052.328,9,set,21.94518374866599,OK,1991,2020,30,CHIRPS_v2,UCSB-CHG/CHIRPS/DAILY,1991-2020,IBGE_2024
2103257,Cidelândia,MA,1462.81,9,set,25.699418393311095,OK,1991,2020,30,CHIRPS_v2,UCSB-CHG/CHIRPS/DAILY,1991-2020,IBGE_2024
2111532,São Pedro da Água Branca,MA,720.461,9,set,32.99646646626938,OK,1991,2020,30,CHIRPS_v2,UCSB-CHG/CHIRPS/DAILY,1991-2020,IBGE_2024
2102556,Campestre do Maranhão,MA,613.529,9,set,23.097597884690703,OK,1991,2020,30,CHIRPS_v2,UCSB-CHG/CHIRPS/DAILY,1991-2020,IBGE_2024
2102358,Buritirana,MA,821.261,9,set,19.768830262511756,OK,1991,2020,30,CHIRPS_v2,UCSB-CHG/CHIRPS/DAILY,1991-2020,IBGE_2024
2109551,Ribamar Fiquene,MA,733.458,9,set,23.1650213464862,OK,1991,2020,30,CHIRPS_v2,UCSB-CHG/CHIRPS/DAILY,1991-2020,IBGE_2024
2109007,Porto Franco,MA,1421.011,9,set,24.12040224768787,OK,1991,2020,30,CHIRPS_v2,UCSB-CHG/CHIRPS/DAILY,1991-2020,IBGE_2024
2100600,Amarante do Maranhão,MA,7441.771,9,set,17.081939340741535,OK,1991,2020,30,CHIRPS_v2,UCSB-CHG/CHIRPS/DAILY,1991-2020,IBGE_2024
2107001,Montes Altos,MA,1489.198,9,set,23.472664844025033,OK,1991,2020,30,CHIRPS_v2,UCSB-CHG/CHIRPS/DAILY,1991-2020,IBGE_2024
2105989,Lajeado Novo,MA,1063.62,9,set,23.618395659120043,OK,1991,2020,30,CHIRPS_v2,UCSB-CHG/CHIRPS/DAILY,1991-2020,IBGE_2024
2105500,João Lisboa,MA,1135.08,9,set,18.60406495826515,OK,1991,2020,30,CHIRPS_v2,UCSB-CHG/CHIRPS/DAILY,1991-2020,IBGE_2024
2105302,Imperatriz,MA,1369.039,9,set,22.56627634950438,OK,1991,2020,30,CHIRPS_v2,UCSB-CHG/CHIRPS/DAILY,1991-2020,IBGE_2024
2104552,Governador Edison Lobão,MA,615.957,9,set,22.974541710254616,OK,1991,2020,30,CHIRPS_v2,UCSB-CHG/CHIRPS/DAILY,1991-2020,IBGE_2024
2112852,Vila Nova dos Martírios,MA,1190.008,9,set,30.012158737339554,OK,1991,2020,30,CHIRPS_v2,UCSB-CHG/CHIRPS/DAILY,1991-2020,IBGE_2024
2104057,Estreito,MA,2719.964,9,set,31.85376147233958,OK,1991,2020,30,CHIRPS_v2,UCSB-CHG/CHIRPS/DAILY,1991-2020,IBGE_2024
2111805,Sítio Novo,MA,3114.682,9,set,21.554632156903335,OK,1991,2020,30,CHIRPS_v2,UCSB-CHG/CHIRPS/DAILY,1991-2020,IBGE_2024
2111573,São Pedro dos Crentes,MA,979.559,9,set,22.172189692151587,OK,1991,2020,30,CHIRPS_v2,UCSB-CHG/CHIRPS/DAILY,1991-2020,IBGE_2024
2100956,Arame,MA,2976.039,9,set,11.939141634744777,OK,1991,2020,30,CHIRPS_v2,UCSB-CHG/CHIRPS/DAILY,1991-2020,IBGE_2024
2105476,Jenipapo dos Vieiras,MA,1962.362,9,set,12.154059268653457,OK,1991,2020,30,CHIRPS_v2,UCSB-CHG/CHIRPS/DAILY,1991-2020,IBGE_2024
2105351,Itaipava do Grajaú,MA,1244.398,9,set,12.14668383137933,OK,1991,2020,30,CHIRPS_v2,UCSB-CHG/CHIRPS/DAILY,1991-2020,IBGE_2024
2104800,Grajaú,MA,8861.696,9,set,15.94695338972835,OK,1991,2020,30,CHIRPS_v2,UCSB-CHG/CHIRPS/DAILY,1991-2020,IBGE_2024
2104099,Formosa da Serra Negra,MA,3690.633,9,set,18.485933605059593,OK,1991,2020,30,CHIRPS_v2,UCSB-CHG/CHIRPS/DAILY,1991-2020,IBGE_2024
2110856,São Francisco do Brejão,MA,745.357,9,set,19.28772915347112,OK,1991,2020,30,CHIRPS_v2,UCSB-CHG/CHIRPS/DAILY,1991-2020,IBGE_2024
2102036,Bom Jesus das Selvas,MA,2676.93,9,set,12.87453291934541,OK,1991,2020,30,CHIRPS_v2,UCSB-CHG/CHIRPS/DAILY,1991-2020,IBGE_2024
2102325,Buriticupu,MA,2553.663,9,set,10.985739445783764,OK,1991,2020,30,CHIRPS_v2,UCSB-CHG/CHIRPS/DAILY,1991-2020,IBGE_2024
2100055,Açailândia,MA,5805.158,9,set,18.717576255594214,OK,1991,2020,30,CHIRPS_v2,UCSB-CHG/CHIRPS/DAILY,1991-2020,IBGE_2024
2105427,Itinga do Maranhão,MA,3583.423,9,set,15.076326032399583,OK,1991,2020,30,CHIRPS_v2,UCSB-CHG/CHIRPS/DAILY,1991-2020,IBGE_2024
2111607,São Raimundo das Mangabeiras,MA,3523.94,9,set,20.046900208993243,OK,1991,2020,30,CHIRPS_v2,UCSB-CHG/CHIRPS/DAILY,1991-2020,IBGE_2024
2112001,Tasso Fragoso,MA,4369.318,9,set,24.553444391913345,OK,1991,2020,30,CHIRPS_v2,UCSB-CHG/CHIRPS/DAILY,1991-2020,IBGE_2024
2102804,Carolina,MA,6267.601,9,set,35.986059544643545,OK,1991,2020,30,CHIRPS_v2,UCSB-CHG/CHIRPS/DAILY,1991-2020,IBGE_2024
2109700,Sambaíba,MA,3015.086,9,set,20.98573591202845,OK,1991,2020,30,CHIRPS_v2,UCSB-CHG/CHIRPS/DAILY,1991-2020,IBGE_2024
2101400,Balsas,MA,12601.976,9,set,26.755249292547322,OK,1991,2020,30,CHIRPS_v2,UCSB-CHG/CHIRPS/DAILY,1991-2020,IBGE_2024
2109502,Riachão,MA,6402.83,9,set,27.945597312977114,OK,1991,2020,30,CHIRPS_v2,UCSB-CHG/CHIRPS/DAILY,1991-2020,IBGE_2024
2100501,Alto Parnaíba,MA,11127.384,9,set,20.44106062829319,OK,1991,2020,30,CHIRPS_v2,UCSB-CHG/CHIRPS/DAILY,1991-2020,IBGE_2024
2107258,Nova Colinas,MA,743.11,9,set,22.88997946274552,OK,1991,2020,30,CHIRPS_v2,UCSB-CHG/CHIRPS/DAILY,1991-2020,IBGE_2024
2106102,Loreto,MA,3596.74,9,set,18.303229885956476,OK,1991,2020,30,CHIRPS_v2,UCSB-CHG/CHIRPS/DAILY,1991-2020,IBGE_2024
2104107,Fortaleza dos Nogueiras,MA,1853.382,9,set,21.334588984983867,OK,1991,2020,30,CHIRPS_v2,UCSB-CHG/CHIRPS/DAILY,1991-2020,IBGE_2024
2104073,Feira Nova do Maranhão,MA,1626.052,9,set,21.746856713136182,OK,1991,2020,30,CHIRPS_v2,UCSB-CHG/CHIRPS/DAILY,1991-2020,IBGE_2024
2209203,Santa Filomena,PI,5293.693,9,set,19.106364372429532,OK,1991,2020,30,CHIRPS_v2,UCSB-CHG/CHIRPS/DAILY,1991-2020,IBGE_2024
2201309,Barreiras do Piauí,PI,2168.713,9,set,12.33747762755827,OK,1991,2020,30,CHIRPS_v2,UCSB-CHG/CHIRPS/DAILY,1991-2020,IBGE_2024
2209757,São Gonçalo do Gurguéia,PI,1385.259,9,set,11.910656874554515,OK,1991,2020,30,CHIRPS_v2,UCSB-CHG/CHIRPS/DAILY,1991-2020,IBGE_2024
2919553,Luís Eduardo Magalhães,BA,4033.04,9,set,21.827107850124456,OK,1991,2020,30,CHIRPS_v2,UCSB-CHG/CHIRPS/DAILY,1991-2020,IBGE_2024
2903201,Barreiras,BA,8059.305,9,set,16.6804980855732,OK,1991,2020,30,CHIRPS_v2,UCSB-CHG/CHIRPS/DAILY,1991-2020,IBGE_2024
3157609,Santa Fé de Minas,MG,2917.448,9,set,20.699442860529317,OK,1991,2020,30,CHIRPS_v2,UCSB-CHG/CHIRPS/DAILY,1991-2020,IBGE_2024
3150570,Pintópolis,MG,1228.736,9,set,13.36441563428178,OK,1991,2020,30,CHIRPS_v2,UCSB-CHG/CHIRPS/DAILY,1991-2020,IBGE_2024
3116159,Chapada Gaúcha,MG,3255.189,9,set,13.746748571497367,OK,1991,2020,30,CHIRPS_v2,UCSB-CHG/CHIRPS/DAILY,1991-2020,IBGE_2024
3164209,São Romão,MG,2434.004,9,set,14.375870087455693,OK,1991,2020,30,CHIRPS_v2,UCSB-CHG/CHIRPS/DAILY,1991-2020,IBGE_2024
3108552,Brasilândia de Minas,MG,2509.694,9,set,20.77169703866964,OK,1991,2020,30,CHIRPS_v2,UCSB-CHG/CHIRPS/DAILY,1991-2020,IBGE_2024
3147006,Paracatu,MG,8231.029,9,set,29.41676399857914,OK,1991,2020,30,CHIRPS_v2,UCSB-CHG/CHIRPS/DAILY,1991-2020,IBGE_2024
3170529,Urucuia,MG,2076.942,9,set,12.989497132802464,OK,1991,2020,30,CHIRPS_v2,UCSB-CHG/CHIRPS/DAILY,1991-2020,IBGE_2024
3170404,Unaí,MG,8445.432,9,set,24.652966784878508,OK,1991,2020,30,CHIRPS_v2,UCSB-CHG/CHIRPS/DAILY,1991-2020,IBGE_2024
3170479,Uruana de Minas,MG,598.221,9,set,19.556711447618703,OK,1991,2020,30,CHIRPS_v2,UCSB-CHG/CHIRPS/DAILY,1991-2020,IBGE_2024
3154457,Riachinho,MG,1719.266,9,set,18.171061747009794,OK,1991,2020,30,CHIRPS_v2,UCSB-CHG/CHIRPS/DAILY,1991-2020,IBGE_2024
3104502,Arinos,MG,5279.419,9,set,17.000466980675004,OK,1991,2020,30,CHIRPS_v2,UCSB-CHG/CHIRPS/DAILY,1991-2020,IBGE_2024
3144375,Natalândia,MG,468.66,9,set,23.584460246053567,OK,1991,2020,30,CHIRPS_v2,UCSB-CHG/CHIRPS/DAILY,1991-2020,IBGE_2024
3109451,Cabeceira Grande,MG,1033.055,9,set,23.040846311497713,OK,1991,2020,30,CHIRPS_v2,UCSB-CHG/CHIRPS/DAILY,1991-2020,IBGE_2024
3126208,Formoso,MG,3686.004,9,set,14.334518619979889,OK,1991,2020,30,CHIRPS_v2,UCSB-CHG/CHIRPS/DAILY,1991-2020,IBGE_2024
3109303,Buritis,MG,5225.186,9,set,17.49678849031378,OK,1991,2020,30,CHIRPS_v2,UCSB-CHG/CHIRPS/DAILY,1991-2020,IBGE_2024
3108206,Bonfinópolis de Minas,MG,1850.487,9,set,23.815739489168188,OK,1991,2020,30,CHIRPS_v2,UCSB-CHG/CHIRPS/DAILY,1991-2020,IBGE_2024
3122470,Dom Bosco,MG,817.383,9,set,23.184351874349034,OK,1991,2020,30,CHIRPS_v2,UCSB-CHG/CHIRPS/DAILY,1991-2020,IBGE_2024
4318101,São Francisco de Assis,RS,2534.789,9,set,141.15800887651872,OK,1991,2020,30,CHIRPS_v2,UCSB-CHG/CHIRPS/DAILY,1991-2020,IBGE_2024
4310553,Itacurubi,RS,1120.249,9,set,138.21949165440645,OK,1991,2020,30,CHIRPS_v2,UCSB-CHG/CHIRPS/DAILY,1991-2020,IBGE_2024
4301875,Barra do Quaraí,RS,1055.937,9,set,84.65701886025892,OK,1991,2020,30,CHIRPS_v2,UCSB-CHG/CHIRPS/DAILY,1991-2020,IBGE_2024
4322400,Uruguaiana,RS,5702.098,9,set,94.24004875827076,OK,1991,2020,30,CHIRPS_v2,UCSB-CHG/CHIRPS/DAILY,1991-2020,IBGE_2024
4318002,São Borja,RS,3616.674,9,set,131.68210568983443,OK,1991,2020,30,CHIRPS_v2,UCSB-CHG/CHIRPS/DAILY,1991-2020,IBGE_2024
4311718,Maçambará,RS,1682.676,9,set,125.83249741740015,OK,1991,2020,30,CHIRPS_v2,UCSB-CHG/CHIRPS/DAILY,1991-2020,IBGE_2024
4310603,Itaqui,RS,3405.999,9,set,112.28782818205659,OK,1991,2020,30,CHIRPS_v2,UCSB-CHG/CHIRPS/DAILY,1991-2020,IBGE_2024
4317707,Santo Antônio das Missões,RS,1710.466,9,set,135.8751249410211,OK,1991,2020,30,CHIRPS_v2,UCSB-CHG/CHIRPS/DAILY,1991-2020,IBGE_2024
4308656,Garruchos,RS,803.97,9,set,130.29644421158656,OK,1991,2020,30,CHIRPS_v2,UCSB-CHG/CHIRPS/DAILY,1991-2020,IBGE_2024
5007695,São Gabriel do Oeste,MS,3850.674,9,set,61.031623306389136,OK,1991,2020,30,CHIRPS_v2,UCSB-CHG/CHIRPS/DAILY,1991-2020,IBGE_2024
5003488,Dois Irmãos do Buriti,MS,2430.3,9,set,79.40244372660005,OK,1991,2020,30,CHIRPS_v2,UCSB-CHG/CHIRPS/DAILY,1991-2020,IBGE_2024
5000252,Alcinópolis,MS,4397.518,9,set,62.47109832626288,OK,1991,2020,30,CHIRPS_v2,UCSB-CHG/CHIRPS/DAILY,1991-2020,IBGE_2024
5007935,Sonora,MS,4185.542,9,set,58.94556285918945,OK,1991,2020,30,CHIRPS_v2,UCSB-CHG/CHIRPS/DAILY,1991-2020,IBGE_2024
5007406,Rio Verde de Mato Grosso,MS,8174.784,9,set,56.4357434916438,OK,1991,2020,30,CHIRPS_v2,UCSB-CHG/CHIRPS/DAILY,1991-2020,IBGE_2024
5006408,Pedro Gomes,MS,3553.782,9,set,60.02152160497406,OK,1991,2020,30,CHIRPS_v2,UCSB-CHG/CHIRPS/DAILY,1991-2020,IBGE_2024
5003900,Figueirão,MS,4880.736,9,set,59.59466178399205,OK,1991,2020,30,CHIRPS_v2,UCSB-CHG/CHIRPS/DAILY,1991-2020,IBGE_2024
5003256,Costa Rica,MS,4159.384,9,set,61.533400965698426,OK,1991,2020,30,CHIRPS_v2,UCSB-CHG/CHIRPS/DAILY,1991-2020,IBGE_2024
5003306,Coxim,MS,6390.663,9,set,53.84914923662811,OK,1991,2020,30,CHIRPS_v2,UCSB-CHG/CHIRPS/DAILY,1991-2020,IBGE_2024
5005400,Maracaju,MS,5396.905,9,set,86.94045649649236,OK,1991,2020,30,CHIRPS_v2,UCSB-CHG/CHIRPS/DAILY,1991-2020,IBGE_2024
5003702,Dourados,MS,4062.889,9,set,97.51658706931354,OK,1991,2020,30,CHIRPS_v2,UCSB-CHG/CHIRPS/DAILY,1991-2020,IBGE_2024
5000906,Antônio João,MS,1095.9,9,set,90.28907341178508,OK,1991,2020,30,CHIRPS_v2,UCSB-CHG/CHIRPS/DAILY,1991-2020,IBGE_2024
5001243,Aral Moreira,MS,1653.86,9,set,109.5133279967363,OK,1991,2020,30,CHIRPS_v2,UCSB-CHG/CHIRPS/DAILY,1991-2020,IBGE_2024
5006606,Ponta Porã,MS,5359.274,9,set,95.73377534672825,OK,1991,2020,30,CHIRPS_v2,UCSB-CHG/CHIRPS/DAILY,1991-2020,IBGE_2024
5006358,Paranhos,MS,1307.092,9,set,113.9255580350157,OK,1991,2020,30,CHIRPS_v2,UCSB-CHG/CHIRPS/DAILY,1991-2020,IBGE_2024
5003157,Coronel Sapucaia,MS,1023.727,9,set,117.65477858092177,OK,1991,2020,30,CHIRPS_v2,UCSB-CHG/CHIRPS/DAILY,1991-2020,IBGE_2024
5005202,Ladário,MS,354.255,9,set,39.177990846061924,OK,1991,2020,30,CHIRPS_v2,UCSB-CHG/CHIRPS/DAILY,1991-2020,IBGE_2024
5003207,Corumbá,MS,64431.145,9,set,42.98420339412432,OK,1991,2020,30,CHIRPS_v2,UCSB-CHG/CHIRPS/DAILY,1991-2020,IBGE_2024
5006903,Porto Murtinho,MS,17502.994,9,set,57.27725501439375,OK,1991,2020,30,CHIRPS_v2,UCSB-CHG/CHIRPS/DAILY,1991-2020,IBGE_2024
5005806,Nioaque,MS,3909.738,9,set,76.32170623711488,OK,1991,2020,30,CHIRPS_v2,UCSB-CHG/CHIRPS/DAILY,1991-2020,IBGE_2024
5005004,Jardim,MS,2130.068,9,set,89.07478341247813,OK,1991,2020,30,CHIRPS_v2,UCSB-CHG/CHIRPS/DAILY,1991-2020,IBGE_2024
5004106,Guia Lopes da Laguna,MS,1225.426,9,set,87.86142551114848,OK,1991,2020,30,CHIRPS_v2,UCSB-CHG/CHIRPS/DAILY,1991-2020,IBGE_2024
5002803,Caracol,MS,2928.706,9,set,64.21076830087382,OK,1991,2020,30,CHIRPS_v2,UCSB-CHG/CHIRPS/DAILY,1991-2020,IBGE_2024
5002209,Bonito,MS,5378.723,9,set,71.81437897675981,OK,1991,2020,30,CHIRPS_v2,UCSB-CHG/CHIRPS/DAILY,1991-2020,IBGE_2024
5002100,Bela Vista,MS,4956.473,9,set,79.28941392880435,OK,1991,2020,30,CHIRPS_v2,UCSB-CHG/CHIRPS/DAILY,1991-2020,IBGE_2024
5001102,Aquidauana,MS,17087.976,9,set,58.307328776485456,OK,1991,2020,30,CHIRPS_v2,UCSB-CHG/CHIRPS/DAILY,1991-2020,IBGE_2024
5000708,Anastácio,MS,2913.108,9,set,75.72115535762181,OK,1991,2020,30,CHIRPS_v2,UCSB-CHG/CHIRPS/DAILY,1991-2020,IBGE_2024
5005608,Miranda,MS,5470.975,9,set,56.8092636638062,OK,1991,2020,30,CHIRPS_v2,UCSB-CHG/CHIRPS/DAILY,1991-2020,IBGE_2024
5002159,Bodoquena,MS,2589.14,9,set,65.40127527411302,OK,1991,2020,30,CHIRPS_v2,UCSB-CHG/CHIRPS/DAILY,1991-2020,IBGE_2024
5106455,Planalto da Serra,MT,2437.59,9,set,52.16643040889474,OK,1991,2020,30,CHIRPS_v2,UCSB-CHG/CHIRPS/DAILY,1991-2020,IBGE_2024
5106505,Poconé,MT,17013.707,9,set,44.04080015966144,OK,1991,2020,30,CHIRPS_v2,UCSB-CHG/CHIRPS/DAILY,1991-2020,IBGE_2024
5105903,Nobres,MT,3908.739,9,set,50.87381571468373,OK,1991,2020,30,CHIRPS_v2,UCSB-CHG/CHIRPS/DAILY,1991-2020,IBGE_2024
5106208,Nova Brasilândia,MT,3289.572,9,set,51.199260879077485,OK,1991,2020,30,CHIRPS_v2,UCSB-CHG/CHIRPS/DAILY,1991-2020,IBGE_2024
5106109,Nossa Senhora do Livramento,MT,5410.138,9,set,43.65682499625614,OK,1991,2020,30,CHIRPS_v2,UCSB-CHG/CHIRPS/DAILY,1991-2020,IBGE_2024
5104906,Jangada,MT,1114.302,9,set,40.052002833862,OK,1991,2020,30,CHIRPS_v2,UCSB-CHG/CHIRPS/DAILY,1991-2020,IBGE_2024
5103403,Cuiabá,MT,4327.22,9,set,51.17141664926474,OK,1991,2020,30,CHIRPS_v2,UCSB-CHG/CHIRPS/DAILY,1991-2020,IBGE_2024
5102678,Campo Verde,MT,4771.091,9,set,54.39591518548451,OK,1991,2020,30,CHIRPS_v2,UCSB-CHG/CHIRPS/DAILY,1991-2020,IBGE_2024
5103007,Chapada dos Guimarães,MT,6603.253,9,set,46.72488784513639,OK,1991,2020,30,CHIRPS_v2,UCSB-CHG/CHIRPS/DAILY,1991-2020,IBGE_2024
5101605,Barão de Melgaço,MT,11374.872,9,set,43.38813602495487,OK,1991,2020,30,CHIRPS_v2,UCSB-CHG/CHIRPS/DAILY,1991-2020,IBGE_2024
5108402,Várzea Grande,MT,939.887,9,set,48.75457688233666,OK,1991,2020,30,CHIRPS_v2,UCSB-CHG/CHIRPS/DAILY,1991-2020,IBGE_2024
5107800,Santo Antônio de Leverger,MT,9519.194,9,set,46.54141182651364,OK,1991,2020,30,CHIRPS_v2,UCSB-CHG/CHIRPS/DAILY,1991-2020,IBGE_2024
5100102,Acorizal,MT,850.763,9,set,43.037209034063004,OK,1991,2020,30,CHIRPS_v2,UCSB-CHG/CHIRPS/DAILY,1991-2020,IBGE_2024
5107701,Rosário Oeste,MT,7339.442,9,set,47.38730713100962,OK,1991,2020,30,CHIRPS_v2,UCSB-CHG/CHIRPS/DAILY,1991-2020,IBGE_2024
5106851,Porto Estrela,MT,2045.467,9,set,41.52970239379334,OK,1991,2020,30,CHIRPS_v2,UCSB-CHG/CHIRPS/DAILY,1991-2020,IBGE_2024
5106232,Nova Olímpia,MT,1327.266,9,set,67.27879039144526,OK,1991,2020,30,CHIRPS_v2,UCSB-CHG/CHIRPS/DAILY,1991-2020,IBGE_2024
5103452,Denise,MT,1273.178,9,set,43.27530223763998,OK,1991,2020,30,CHIRPS_v2,UCSB-CHG/CHIRPS/DAILY,1991-2020,IBGE_2024
5102637,Campo Novo do Parecis,MT,9428.585,9,set,57.60193970227857,OK,1991,2020,30,CHIRPS_v2,UCSB-CHG/CHIRPS/DAILY,1991-2020,IBGE_2024
5101704,Barra do Bugres,MT,5976.863,9,set,59.473867150264645,OK,1991,2020,30,CHIRPS_v2,UCSB-CHG/CHIRPS/DAILY,1991-2020,IBGE_2024
5101902,Brasnorte,MT,15968.355,9,set,56.47688146868404,OK,1991,2020,30,CHIRPS_v2,UCSB-CHG/CHIRPS/DAILY,1991-2020,IBGE_2024
5107958,Tangará da Serra,MT,11636.262,9,set,58.83995991543543,OK,1991,2020,30,CHIRPS_v2,UCSB-CHG/CHIRPS/DAILY,1991-2020,IBGE_2024
5107875,Sapezal,MT,13614.552,9,set,60.31173835498867,OK,1991,2020,30,CHIRPS_v2,UCSB-CHG/CHIRPS/DAILY,1991-2020,IBGE_2024
5107263,Santo Afonso,MT,1166.382,9,set,62.09555079697641,OK,1991,2020,30,CHIRPS_v2,UCSB-CHG/CHIRPS/DAILY,1991-2020,IBGE_2024
5106000,Nortelândia,MT,1336.754,9,set,59.79534128407572,OK,1991,2020,30,CHIRPS_v2,UCSB-CHG/CHIRPS/DAILY,1991-2020,IBGE_2024
5103502,Diamantino,MT,8263.397,9,set,59.75905939229007,OK,1991,2020,30,CHIRPS_v2,UCSB-CHG/CHIRPS/DAILY,1991-2020,IBGE_2024
5101308,Arenápolis,MT,417.337,9,set,48.87267960410939,OK,1991,2020,30,CHIRPS_v2,UCSB-CHG/CHIRPS/DAILY,1991-2020,IBGE_2024
5108857,Nova Marilândia,MT,1905.744,9,set,58.43317351510656,OK,1991,2020,30,CHIRPS_v2,UCSB-CHG/CHIRPS/DAILY,1991-2020,IBGE_2024
5108907,Nova Maringá,MT,11553.479,9,set,61.93245876550472,OK,1991,2020,30,CHIRPS_v2,UCSB-CHG/CHIRPS/DAILY,1991-2020,IBGE_2024
5100508,Alto Paraguai,MT,1847.354,9,set,47.735313085009146,OK,1991,2020,30,CHIRPS_v2,UCSB-CHG/CHIRPS/DAILY,1991-2020,IBGE_2024
5107305,São José do Rio Claro,MT,4525.304,9,set,56.714507826809616,OK,1991,2020,30,CHIRPS_v2,UCSB-CHG/CHIRPS/DAILY,1991-2020,IBGE_2024
5107206,Rio Branco,MT,539.287,9,set,66.58556867979912,OK,1991,2020,30,CHIRPS_v2,UCSB-CHG/CHIRPS/DAILY,1991-2020,IBGE_2024
5105234,Lambari D'Oeste,MT,1810.463,9,set,59.41769591077372,OK,1991,2020,30,CHIRPS_v2,UCSB-CHG/CHIRPS/DAILY,1991-2020,IBGE_2024
5103437,Curvelândia,MT,357.212,9,set,56.93365862162423,OK,1991,2020,30,CHIRPS_v2,UCSB-CHG/CHIRPS/DAILY,1991-2020,IBGE_2024
5102504,Cáceres,MT,24499.922,9,set,41.871293665470006,OK,1991,2020,30,CHIRPS_v2,UCSB-CHG/CHIRPS/DAILY,1991-2020,IBGE_2024
5107750,Salto do Céu,MT,1753.38,9,set,73.1183866188199,OK,1991,2020,30,CHIRPS_v2,UCSB-CHG/CHIRPS/DAILY,1991-2020,IBGE_2024
5106752,Pontes e Lacerda,MT,8545.292,9,set,42.56698421992643,OK,1991,2020,30,CHIRPS_v2,UCSB-CHG/CHIRPS/DAILY,1991-2020,IBGE_2024
5106182,Nova Lacerda,MT,4780.426,9,set,57.193961539889905,OK,1991,2020,30,CHIRPS_v2,UCSB-CHG/CHIRPS/DAILY,1991-2020,IBGE_2024
5105507,Vila Bela da Santíssima Trindade,MT,13484.71,9,set,41.97584147170556,OK,1991,2020,30,CHIRPS_v2,UCSB-CHG/CHIRPS/DAILY,1991-2020,IBGE_2024
5103361,Conquista D'Oeste,MT,2684.676,9,set,61.76238707187519,OK,1991,2020,30,CHIRPS_v2,UCSB-CHG/CHIRPS/DAILY,1991-2020,IBGE_2024
5103304,Comodoro,MT,21485.018,9,set,64.36372733079719,OK,1991,2020,30,CHIRPS_v2,UCSB-CHG/CHIRPS/DAILY,1991-2020,IBGE_2024
5102686,Campos de Júlio,MT,6792.808,9,set,60.43086668002007,OK,1991,2020,30,CHIRPS_v2,UCSB-CHG/CHIRPS/DAILY,1991-2020,IBGE_2024
5108352,Vale de São Domingos,MT,1902.108,9,set,68.71740550529492,OK,1991,2020,30,CHIRPS_v2,UCSB-CHG/CHIRPS/DAILY,1991-2020,IBGE_2024
5106828,Porto Esperidião,MT,5835.276,9,set,42.84076607721792,OK,1991,2020,30,CHIRPS_v2,UCSB-CHG/CHIRPS/DAILY,1991-2020,IBGE_2024
5107156,Reserva do Cabaçal,MT,1331.677,9,set,68.53823915822228,OK,1991,2020,30,CHIRPS_v2,UCSB-CHG/CHIRPS/DAILY,1991-2020,IBGE_2024
5107107,São José dos Quatro Marcos,MT,1282.762,9,set,55.93705251672837,OK,1991,2020,30,CHIRPS_v2,UCSB-CHG/CHIRPS/DAILY,1991-2020,IBGE_2024
5105622,Mirassol d'Oeste,MT,1085.488,9,set,57.193361312105296,OK,1991,2020,30,CHIRPS_v2,UCSB-CHG/CHIRPS/DAILY,1991-2020,IBGE_2024
5105002,Jauru,MT,1345.411,9,set,60.448680678879214,OK,1991,2020,30,CHIRPS_v2,UCSB-CHG/CHIRPS/DAILY,1991-2020,IBGE_2024
5104500,Indiavaí,MT,592.495,9,set,56.542228804877155,OK,1991,2020,30,CHIRPS_v2,UCSB-CHG/CHIRPS/DAILY,1991-2020,IBGE_2024
5103809,Figueirópolis D'Oeste,MT,891.448,9,set,47.30623592115506,OK,1991,2020,30,CHIRPS_v2,UCSB-CHG/CHIRPS/DAILY,1991-2020,IBGE_2024
5103957,Glória D'Oeste,MT,833.131,9,set,44.399390099018134,OK,1991,2020,30,CHIRPS_v2,UCSB-CHG/CHIRPS/DAILY,1991-2020,IBGE_2024
5101258,Araputanga,MT,1639.731,9,set,64.6490830853674,OK,1991,2020,30,CHIRPS_v2,UCSB-CHG/CHIRPS/DAILY,1991-2020,IBGE_2024
5107248,Santa Carmem,MT,3812.09,9,set,65.41822403372238,OK,1991,2020,30,CHIRPS_v2,UCSB-CHG/CHIRPS/DAILY,1991-2020,IBGE_2024
5106216,Nova Canaã do Norte,MT,5953.099,9,set,109.21095771194102,OK,1991,2020,30,CHIRPS_v2,UCSB-CHG/CHIRPS/DAILY,1991-2020,IBGE_2024
5106190,Nova Santa Helena,MT,2385.611,9,set,80.12993094083241,OK,1991,2020,30,CHIRPS_v2,UCSB-CHG/CHIRPS/DAILY,1991-2020,IBGE_2024
5105580,Marcelândia,MT,12285.486,9,set,69.16520050107529,OK,1991,2020,30,CHIRPS_v2,UCSB-CHG/CHIRPS/DAILY,1991-2020,IBGE_2024
5104559,Itaúba,MT,4521.79,9,set,93.06391793436505,OK,1991,2020,30,CHIRPS_v2,UCSB-CHG/CHIRPS/DAILY,1991-2020,IBGE_2024
5103700,Feliz Natal,MT,11661.514,9,set,64.64495349912237,OK,1991,2020,30,CHIRPS_v2,UCSB-CHG/CHIRPS/DAILY,1991-2020,IBGE_2024
5103205,Colíder,MT,3112.091,9,set,98.6369004476054,OK,1991,2020,30,CHIRPS_v2,UCSB-CHG/CHIRPS/DAILY,1991-2020,IBGE_2024
5103056,Cláudia,MT,3843.562,9,set,73.35765074639781,OK,1991,2020,30,CHIRPS_v2,UCSB-CHG/CHIRPS/DAILY,1991-2020,IBGE_2024
5108808,Nova Guarita,MT,1121.928,9,set,95.2018228979574,OK,1991,2020,30,CHIRPS_v2,UCSB-CHG/CHIRPS/DAILY,1991-2020,IBGE_2024
5108303,União do Sul,MT,4590.628,9,set,67.50832470439605,OK,1991,2020,30,CHIRPS_v2,UCSB-CHG/CHIRPS/DAILY,1991-2020,IBGE_2024
5107909,Sinop,MT,3990.87,9,set,74.9122723348697,OK,1991,2020,30,CHIRPS_v2,UCSB-CHG/CHIRPS/DAILY,1991-2020,IBGE_2024
5108055,Terra Nova do Norte,MT,2399.737,9,set,85.19528740596414,OK,1991,2020,30,CHIRPS_v2,UCSB-CHG/CHIRPS/DAILY,1991-2020,IBGE_2024
5106240,Nova Ubiratã,MT,8720.777,9,set,54.73847049614557,OK,1991,2020,30,CHIRPS_v2,UCSB-CHG/CHIRPS/DAILY,1991-2020,IBGE_2024
5106224,Nova Mutum,MT,9536.814,9,set,55.14784976291516,OK,1991,2020,30,CHIRPS_v2,UCSB-CHG/CHIRPS/DAILY,1991-2020,IBGE_2024
5105259,Lucas do Rio Verde,MT,3674.596,9,set,67.37708023890434,OK,1991,2020,30,CHIRPS_v2,UCSB-CHG/CHIRPS/DAILY,1991-2020,IBGE_2024
5104542,Itanhangá,MT,2909.745,9,set,98.47204017701009,OK,1991,2020,30,CHIRPS_v2,UCSB-CHG/CHIRPS/DAILY,1991-2020,IBGE_2024
5104526,Ipiranga do Norte,MT,3422.016,9,set,87.43259936180456,OK,1991,2020,30,CHIRPS_v2,UCSB-CHG/CHIRPS/DAILY,1991-2020,IBGE_2024
5101837,Boa Esperança do Norte,MT,4704.488,9,set,52.939071012945384,OK,1991,2020,30,CHIRPS_v2,UCSB-CHG/CHIRPS/DAILY,1991-2020,IBGE_2024
5108501,Vera,MT,2978.675,9,set,71.87129660668415,OK,1991,2020,30,CHIRPS_v2,UCSB-CHG/CHIRPS/DAILY,1991-2020,IBGE_2024
5107925,Sorriso,MT,8454.83,9,set,71.90121380712534,OK,1991,2020,30,CHIRPS_v2,UCSB-CHG/CHIRPS/DAILY,1991-2020,IBGE_2024
5108006,Tapurah,MT,4492.539,9,set,89.37451544940939,OK,1991,2020,30,CHIRPS_v2,UCSB-CHG/CHIRPS/DAILY,1991-2020,IBGE_2024
5107768,Santa Rita do Trivelato,MT,4740.204,9,set,51.14036986913381,OK,1991,2020,30,CHIRPS_v2,UCSB-CHG/CHIRPS/DAILY,1991-2020,IBGE_2024
5105150,Juína,MT,26397.173,9,set,71.7180253103209,OK,1991,2020,30,CHIRPS_v2,UCSB-CHG/CHIRPS/DAILY,1991-2020,IBGE_2024
5105176,Juruena,MT,3207.837,9,set,84.16158586982178,OK,1991,2020,30,CHIRPS_v2,UCSB-CHG/CHIRPS/DAILY,1991-2020,IBGE_2024
5103379,Cotriguaçu,MT,9469.956,9,set,97.14983488526843,OK,1991,2020,30,CHIRPS_v2,UCSB-CHG/CHIRPS/DAILY,1991-2020,IBGE_2024
5103254,Colniza,MT,27960.244,9,set,90.6525720587839,OK,1991,2020,30,CHIRPS_v2,UCSB-CHG/CHIRPS/DAILY,1991-2020,IBGE_2024
5102850,Castanheira,MT,3713.465,9,set,81.3166369999274,OK,1991,2020,30,CHIRPS_v2,UCSB-CHG/CHIRPS/DAILY,1991-2020,IBGE_2024
5101407,Aripuanã,MT,24678.135,9,set,80.33300593399531,OK,1991,2020,30,CHIRPS_v2,UCSB-CHG/CHIRPS/DAILY,1991-2020,IBGE_2024
5107578,Rondolândia,MT,12658.341,9,set,83.76102772764246,OK,1991,2020,30,CHIRPS_v2,UCSB-CHG/CHIRPS/DAILY,1991-2020,IBGE_2024
5106299,Paranaíta,MT,4814.149,9,set,101.50993427101623,OK,1991,2020,30,CHIRPS_v2,UCSB-CHG/CHIRPS/DAILY,1991-2020,IBGE_2024
5106158,Nova Bandeirantes,MT,9556.661,9,set,96.04285763775457,OK,1991,2020,30,CHIRPS_v2,UCSB-CHG/CHIRPS/DAILY,1991-2020,IBGE_2024
5102793,Carlinda,MT,2421.788,9,set,105.86209655311661,OK,1991,2020,30,CHIRPS_v2,UCSB-CHG/CHIRPS/DAILY,1991-2020,IBGE_2024
5100805,Apiacás,MT,20488.646,9,set,94.807067313554,OK,1991,2020,30,CHIRPS_v2,UCSB-CHG/CHIRPS/DAILY,1991-2020,IBGE_2024
5108956,Nova Monte Verde,MT,5139.307,9,set,102.71705528001667,OK,1991,2020,30,CHIRPS_v2,UCSB-CHG/CHIRPS/DAILY,1991-2020,IBGE_2024
5100250,Alta Floresta,MT,8955.409,9,set,104.22668491345128,OK,1991,2020,30,CHIRPS_v2,UCSB-CHG/CHIRPS/DAILY,1991-2020,IBGE_2024
5106422,Peixoto de Azevedo,MT,14433.774,9,set,81.04598096232749,OK,1991,2020,30,CHIRPS_v2,UCSB-CHG/CHIRPS/DAILY,1991-2020,IBGE_2024
5106265,Novo Mundo,MT,5800.758,9,set,106.68871077417002,OK,1991,2020,30,CHIRPS_v2,UCSB-CHG/CHIRPS/DAILY,1991-2020,IBGE_2024
5105606,Matupá,MT,5228.28,9,set,81.89193537909374,OK,1991,2020,30,CHIRPS_v2,UCSB-CHG/CHIRPS/DAILY,1991-2020,IBGE_2024
5104104,Guarantã do Norte,MT,4725.273,9,set,86.62593552802261,OK,1991,2020,30,CHIRPS_v2,UCSB-CHG/CHIRPS/DAILY,1991-2020,IBGE_2024
5106802,Porto dos Gaúchos,MT,6846.668,9,set,85.21592873026493,OK,1991,2020,30,CHIRPS_v2,UCSB-CHG/CHIRPS/DAILY,1991-2020,IBGE_2024
5106273,Novo Horizonte do Norte,MT,920.048,9,set,85.57069363895249,OK,1991,2020,30,CHIRPS_v2,UCSB-CHG/CHIRPS/DAILY,1991-2020,IBGE_2024
5105101,Juara,MT,22632.713,9,set,88.63964815298037,OK,1991,2020,30,CHIRPS_v2,UCSB-CHG/CHIRPS/DAILY,1991-2020,IBGE_2024
5107941,Tabaporã,MT,8439.05,9,set,91.95672504450577,OK,1991,2020,30,CHIRPS_v2,UCSB-CHG/CHIRPS/DAILY,1991-2020,IBGE_2024
5107198,Ribeirãozinho,MT,624.997,9,set,44.15414460615631,OK,1991,2020,30,CHIRPS_v2,UCSB-CHG/CHIRPS/DAILY,1991-2020,IBGE_2024
5106281,Novo São Joaquim,MT,5225.595,9,set,52.677609498465706,OK,1991,2020,30,CHIRPS_v2,UCSB-CHG/CHIRPS/DAILY,1991-2020,IBGE_2024
5106257,Nova Xavantina,MT,5492.21,9,set,40.461606866221764,OK,1991,2020,30,CHIRPS_v2,UCSB-CHG/CHIRPS/DAILY,1991-2020,IBGE_2024
5106653,Pontal do Araguaia,MT,2742.482,9,set,43.82008835847259,OK,1991,2020,30,CHIRPS_v2,UCSB-CHG/CHIRPS/DAILY,1991-2020,IBGE_2024
5106703,Ponte Branca,MT,701.138,9,set,52.21115543024082,OK,1991,2020,30,CHIRPS_v2,UCSB-CHG/CHIRPS/DAILY,1991-2020,IBGE_2024
5103908,General Carneiro,MT,4514.917,9,set,50.105468968322796,OK,1991,2020,30,CHIRPS_v2,UCSB-CHG/CHIRPS/DAILY,1991-2020,IBGE_2024
5101803,Barra do Garças,MT,8362.912,9,set,43.853542219925586,OK,1991,2020,30,CHIRPS_v2,UCSB-CHG/CHIRPS/DAILY,1991-2020,IBGE_2024
5101001,Araguaiana,MT,6380.7,9,set,37.36938768688036,OK,1991,2020,30,CHIRPS_v2,UCSB-CHG/CHIRPS/DAILY,1991-2020,IBGE_2024
5108204,Torixoréu,MT,2398.383,9,set,46.555667029471586,OK,1991,2020,30,CHIRPS_v2,UCSB-CHG/CHIRPS/DAILY,1991-2020,IBGE_2024
5106778,Porto Alegre do Norte,MT,3971.733,9,set,62.02268419390334,OK,1991,2020,30,CHIRPS_v2,UCSB-CHG/CHIRPS/DAILY,1991-2020,IBGE_2024
5106315,Novo Santo Antônio,MT,4394.78,9,set,36.97753635353188,OK,1991,2020,30,CHIRPS_v2,UCSB-CHG/CHIRPS/DAILY,1991-2020,IBGE_2024
5105309,Luciara,MT,4282.733,9,set,42.492801649595805,OK,1991,2020,30,CHIRPS_v2,UCSB-CHG/CHIRPS/DAILY,1991-2020,IBGE_2024
5103353,Confresa,MT,5802.302,9,set,65.60913935700412,OK,1991,2020,30,CHIRPS_v2,UCSB-CHG/CHIRPS/DAILY,1991-2020,IBGE_2024
5102694,Canabrava do Norte,MT,3449.037,9,set,60.390354265706684,OK,1991,2020,30,CHIRPS_v2,UCSB-CHG/CHIRPS/DAILY,1991-2020,IBGE_2024
5101852,Bom Jesus do Araguaia,MT,4266.636,9,set,45.2391105002857,OK,1991,2020,30,CHIRPS_v2,UCSB-CHG/CHIRPS/DAILY,1991-2020,IBGE_2024
5108600,Vila Rica,MT,7436.42,9,set,67.98945782058354,OK,1991,2020,30,CHIRPS_v2,UCSB-CHG/CHIRPS/DAILY,1991-2020,IBGE_2024
5100359,Alto Boa Vista,MT,2248.414,9,set,52.68561541945858,OK,1991,2020,30,CHIRPS_v2,UCSB-CHG/CHIRPS/DAILY,1991-2020,IBGE_2024
5107883,Serra Nova Dourada,MT,1490.793,9,set,46.17799144895113,OK,1991,2020,30,CHIRPS_v2,UCSB-CHG/CHIRPS/DAILY,1991-2020,IBGE_2024
5107859,São Félix do Araguaia,MT,16682.473,9,set,58.28954381948638,OK,1991,2020,30,CHIRPS_v2,UCSB-CHG/CHIRPS/DAILY,1991-2020,IBGE_2024
5107354,São José do Xingu,MT,7465.563,9,set,89.92974633480264,OK,1991,2020,30,CHIRPS_v2,UCSB-CHG/CHIRPS/DAILY,1991-2020,IBGE_2024
5107776,Santa Terezinha,MT,6466.228,9,set,48.567170092233766,OK,1991,2020,30,CHIRPS_v2,UCSB-CHG/CHIRPS/DAILY,1991-2020,IBGE_2024
5107743,Santa Cruz do Xingu,MT,5623.39,9,set,76.15774890760078,OK,1991,2020,30,CHIRPS_v2,UCSB-CHG/CHIRPS/DAILY,1991-2020,IBGE_2024
5107180,Ribeirão Cascalheira,MT,11354.555,9,set,42.295100654983045,OK,1991,2020,30,CHIRPS_v2,UCSB-CHG/CHIRPS/DAILY,1991-2020,IBGE_2024
5107065,Querência,MT,17799.989,9,set,65.69232259858515,OK,1991,2020,30,CHIRPS_v2,UCSB-CHG/CHIRPS/DAILY,1991-2020,IBGE_2024
5106174,Nova Nazaré,MT,4034.539,9,set,43.41102144260988,OK,1991,2020,30,CHIRPS_v2,UCSB-CHG/CHIRPS/DAILY,1991-2020,IBGE_2024
5103858,Gaúcha do Norte,MT,16908.375,9,set,52.9011292924745,OK,1991,2020,30,CHIRPS_v2,UCSB-CHG/CHIRPS/DAILY,1991-2020,IBGE_2024
5102702,Canarana,MT,10855.181,9,set,39.90835955696267,OK,1991,2020,30,CHIRPS_v2,UCSB-CHG/CHIRPS/DAILY,1991-2020,IBGE_2024
5103106,Cocalinho,MT,16563.136,9,set,36.67458456785341,OK,1991,2020,30,CHIRPS_v2,UCSB-CHG/CHIRPS/DAILY,1991-2020,IBGE_2024
5102603,Campinápolis,MT,5978.984,9,set,50.430031663255534,OK,1991,2020,30,CHIRPS_v2,UCSB-CHG/CHIRPS/DAILY,1991-2020,IBGE_2024
5100201,Água Boa,MT,7549.308,9,set,45.520219052593085,OK,1991,2020,30,CHIRPS_v2,UCSB-CHG/CHIRPS/DAILY,1991-2020,IBGE_2024
5106372,Pedra Preta,MT,3841.672,9,set,51.42052342488728,OK,1991,2020,30,CHIRPS_v2,UCSB-CHG/CHIRPS/DAILY,1991-2020,IBGE_2024
5104203,Guiratinga,MT,5044.493,9,set,51.58003353132537,OK,1991,2020,30,CHIRPS_v2,UCSB-CHG/CHIRPS/DAILY,1991-2020,IBGE_2024
5104609,Itiquira,MT,8698.814,9,set,53.03550669384932,OK,1991,2020,30,CHIRPS_v2,UCSB-CHG/CHIRPS/DAILY,1991-2020,IBGE_2024
5101209,Araguainha,MT,675.231,9,set,56.41752960452631,OK,1991,2020,30,CHIRPS_v2,UCSB-CHG/CHIRPS/DAILY,1991-2020,IBGE_2024
5100300,Alto Araguaia,MT,5094.148,9,set,62.492087330917236,OK,1991,2020,30,CHIRPS_v2,UCSB-CHG/CHIRPS/DAILY,1991-2020,IBGE_2024
5100607,Alto Taquari,MT,1744.743,9,set,63.508681653654094,OK,1991,2020,30,CHIRPS_v2,UCSB-CHG/CHIRPS/DAILY,1991-2020,IBGE_2024
5100409,Alto Garças,MT,3857.559,9,set,58.01463523436679,OK,1991,2020,30,CHIRPS_v2,UCSB-CHG/CHIRPS/DAILY,1991-2020,IBGE_2024
5108105,Tesouro,MT,4244.073,9,set,50.420444126657,OK,1991,2020,30,CHIRPS_v2,UCSB-CHG/CHIRPS/DAILY,1991-2020,IBGE_2024
5107297,São José do Povo,MT,489.737,9,set,49.774648075607736,OK,1991,2020,30,CHIRPS_v2,UCSB-CHG/CHIRPS/DAILY,1991-2020,IBGE_2024
5107602,Rondonópolis,MT,4824.505,9,set,47.86243523418206,OK,1991,2020,30,CHIRPS_v2,UCSB-CHG/CHIRPS/DAILY,1991-2020,IBGE_2024
5107008,Poxoréu,MT,6915.298,9,set,49.18838688595624,OK,1991,2020,30,CHIRPS_v2,UCSB-CHG/CHIRPS/DAILY,1991-2020,IBGE_2024
5107040,Primavera do Leste,MT,5470.383,9,set,53.13759570539408,OK,1991,2020,30,CHIRPS_v2,UCSB-CHG/CHIRPS/DAILY,1991-2020,IBGE_2024
5106307,Paranatinga,MT,24127.429,9,set,54.23559233830016,OK,1991,2020,30,CHIRPS_v2,UCSB-CHG/CHIRPS/DAILY,1991-2020,IBGE_2024
5107792,Santo Antônio do Leste,MT,3403.593,9,set,53.908290283319516,OK,1991,2020,30,CHIRPS_v2,UCSB-CHG/CHIRPS/DAILY,1991-2020,IBGE_2024
5104807,Jaciara,MT,2429.678,9,set,58.99368856871456,OK,1991,2020,30,CHIRPS_v2,UCSB-CHG/CHIRPS/DAILY,1991-2020,IBGE_2024
5105200,Juscimeira,MT,2291.301,9,set,49.78005496613969,OK,1991,2020,30,CHIRPS_v2,UCSB-CHG/CHIRPS/DAILY,1991-2020,IBGE_2024
5103601,Dom Aquino,MT,2183.603,9,set,55.56703320006269,OK,1991,2020,30,CHIRPS_v2,UCSB-CHG/CHIRPS/DAILY,1991-2020,IBGE_2024
5107404,São Pedro da Cipa,MT,344.33,9,set,53.07653281991348,OK,1991,2020,30,CHIRPS_v2,UCSB-CHG/CHIRPS/DAILY,1991-2020,IBGE_2024
5205208,Caturaí,GO,205.065,9,set,43.24897065492194,OK,1991,2020,30,CHIRPS_v2,UCSB-CHG/CHIRPS/DAILY,1991-2020,IBGE_2024
5221908,Varjão,GO,517.402,9,set,48.15292361359861,OK,1991,2020,30,CHIRPS_v2,UCSB-CHG/CHIRPS/DAILY,1991-2020,IBGE_2024
5204557,Caldazinha,GO,251.72,9,set,42.090684267591875,OK,1991,2020,30,CHIRPS_v2,UCSB-CHG/CHIRPS/DAILY,1991-2020,IBGE_2024
5221403,Trindade,GO,712.69,9,set,44.62471403266233,OK,1991,2020,30,CHIRPS_v2,UCSB-CHG/CHIRPS/DAILY,1991-2020,IBGE_2024
5221197,Terezópolis de Goiás,GO,107.407,9,set,44.67043450197774,OK,1991,2020,30,CHIRPS_v2,UCSB-CHG/CHIRPS/DAILY,1991-2020,IBGE_2024
5220454,Senador Canedo,GO,247.005,9,set,42.42565456471358,OK,1991,2020,30,CHIRPS_v2,UCSB-CHG/CHIRPS/DAILY,1991-2020,IBGE_2024
5203559,Bonfinópolis,GO,121.915,9,set,43.86276446083282,OK,1991,2020,30,CHIRPS_v2,UCSB-CHG/CHIRPS/DAILY,1991-2020,IBGE_2024
5203609,Brazabrantes,GO,125.326,9,set,44.2483671288868,OK,1991,2020,30,CHIRPS_v2,UCSB-CHG/CHIRPS/DAILY,1991-2020,IBGE_2024
5219738,Santo Antônio de Goiás,GO,135.022,9,set,42.27284342935293,OK,1991,2020,30,CHIRPS_v2,UCSB-CHG/CHIRPS/DAILY,1991-2020,IBGE_2024
5203302,Bela Vista de Goiás,GO,1274.034,9,set,43.58947225156885,OK,1991,2020,30,CHIRPS_v2,UCSB-CHG/CHIRPS/DAILY,1991-2020,IBGE_2024
5209705,Hidrolândia,GO,952.122,9,set,45.02440908237049,OK,1991,2020,30,CHIRPS_v2,UCSB-CHG/CHIRPS/DAILY,1991-2020,IBGE_2024
5201801,Aragoiânia,GO,218.125,9,set,45.366116965406505,OK,1991,2020,30,CHIRPS_v2,UCSB-CHG/CHIRPS/DAILY,1991-2020,IBGE_2024
5209200,Guapó,GO,514.178,9,set,47.05899324660121,OK,1991,2020,30,CHIRPS_v2,UCSB-CHG/CHIRPS/DAILY,1991-2020,IBGE_2024
5201405,Aparecida de Goiânia,GO,279.954,9,set,44.51603680122663,OK,1991,2020,30,CHIRPS_v2,UCSB-CHG/CHIRPS/DAILY,1991-2020,IBGE_2024
5208806,Goianira,GO,213.772,9,set,42.30471692384045,OK,1991,2020,30,CHIRPS_v2,UCSB-CHG/CHIRPS/DAILY,1991-2020,IBGE_2024
5208707,Goiânia,GO,729.296,9,set,43.32736287769045,OK,1991,2020,30,CHIRPS_v2,UCSB-CHG/CHIRPS/DAILY,1991-2020,IBGE_2024
5200050,Abadia de Goiás,GO,143.357,9,set,45.99095965039885,OK,1991,2020,30,CHIRPS_v2,UCSB-CHG/CHIRPS/DAILY,1991-2020,IBGE_2024
5215009,Nova Veneza,GO,122.354,9,set,44.471678560062365,OK,1991,2020,30,CHIRPS_v2,UCSB-CHG/CHIRPS/DAILY,1991-2020,IBGE_2024
5214507,Nerópolis,GO,204.713,9,set,44.21219747243273,OK,1991,2020,30,CHIRPS_v2,UCSB-CHG/CHIRPS/DAILY,1991-2020,IBGE_2024
5205802,Corumbá de Goiás,GO,1064.833,9,set,41.51842934536726,OK,1991,2020,30,CHIRPS_v2,UCSB-CHG/CHIRPS/DAILY,1991-2020,IBGE_2024
5220603,Silvânia,GO,2349.924,9,set,39.38965295113054,OK,1991,2020,30,CHIRPS_v2,UCSB-CHG/CHIRPS/DAILY,1991-2020,IBGE_2024
5204854,Campo Limpo de Goiás,GO,156.113,9,set,44.61504861193294,OK,1991,2020,30,CHIRPS_v2,UCSB-CHG/CHIRPS/DAILY,1991-2020,IBGE_2024
5212303,Leopoldo de Bulhões,GO,476.138,9,set,41.6782206444113,OK,1991,2020,30,CHIRPS_v2,UCSB-CHG/CHIRPS/DAILY,1991-2020,IBGE_2024
5211800,Jaraguá,GO,1848.947,9,set,42.11534556205017,OK,1991,2020,30,CHIRPS_v2,UCSB-CHG/CHIRPS/DAILY,1991-2020,IBGE_2024
5220264,São Miguel do Passa Quatro,GO,537.347,9,set,45.47269336716729,OK,1991,2020,30,CHIRPS_v2,UCSB-CHG/CHIRPS/DAILY,1991-2020,IBGE_2024
5212055,Jesúpolis,GO,115.211,9,set,43.030730595352345,OK,1991,2020,30,CHIRPS_v2,UCSB-CHG/CHIRPS/DAILY,1991-2020,IBGE_2024
5219506,Santa Rosa de Goiás,GO,166.44,9,set,42.274472084041825,OK,1991,2020,30,CHIRPS_v2,UCSB-CHG/CHIRPS/DAILY,1991-2020,IBGE_2024
5219902,São Francisco de Goiás,GO,416.535,9,set,44.39851199222958,OK,1991,2020,30,CHIRPS_v2,UCSB-CHG/CHIRPS/DAILY,1991-2020,IBGE_2024
5201108,Anápolis,GO,935.671,9,set,42.90499371066782,OK,1991,2020,30,CHIRPS_v2,UCSB-CHG/CHIRPS/DAILY,1991-2020,IBGE_2024
5217302,Pirenópolis,GO,2200.369,9,set,45.086229617486886,OK,1991,2020,30,CHIRPS_v2,UCSB-CHG/CHIRPS/DAILY,1991-2020,IBGE_2024
5200100,Abadiânia,GO,1044.555,9,set,41.67006177030598,OK,1991,2020,30,CHIRPS_v2,UCSB-CHG/CHIRPS/DAILY,1991-2020,IBGE_2024
5208152,Gameleira de Goiás,GO,588.328,9,set,39.61002547352295,OK,1991,2020,30,CHIRPS_v2,UCSB-CHG/CHIRPS/DAILY,1991-2020,IBGE_2024
5216809,Petrolina de Goiás,GO,530.49,9,set,44.49606820958064,OK,1991,2020,30,CHIRPS_v2,UCSB-CHG/CHIRPS/DAILY,1991-2020,IBGE_2024
5208400,Goianápolis,GO,166.642,9,set,46.42244010792373,OK,1991,2020,30,CHIRPS_v2,UCSB-CHG/CHIRPS/DAILY,1991-2020,IBGE_2024
5200308,Alexânia,GO,846.876,9,set,38.96095623421113,OK,1991,2020,30,CHIRPS_v2,UCSB-CHG/CHIRPS/DAILY,1991-2020,IBGE_2024
5215405,Ouro Verde de Goiás,GO,208.804,9,set,44.707395101802575,OK,1991,2020,30,CHIRPS_v2,UCSB-CHG/CHIRPS/DAILY,1991-2020,IBGE_2024
5222005,Vianópolis,GO,954.115,9,set,39.95556662262477,OK,1991,2020,30,CHIRPS_v2,UCSB-CHG/CHIRPS/DAILY,1991-2020,IBGE_2024
5221007,Taquaral de Goiás,GO,205.665,9,set,39.19202028471725,OK,1991,2020,30,CHIRPS_v2,UCSB-CHG/CHIRPS/DAILY,1991-2020,IBGE_2024
5211404,Itauçu,GO,383.064,9,set,40.79662335393771,OK,1991,2020,30,CHIRPS_v2,UCSB-CHG/CHIRPS/DAILY,1991-2020,IBGE_2024
5202809,Avelinópolis,GO,170.228,9,set,42.661986936753415,OK,1991,2020,30,CHIRPS_v2,UCSB-CHG/CHIRPS/DAILY,1991-2020,IBGE_2024
5210406,Itaberaí,GO,1461.916,9,set,39.10057461341403,OK,1991,2020,30,CHIRPS_v2,UCSB-CHG/CHIRPS/DAILY,1991-2020,IBGE_2024
5210604,Itaguaru,GO,241.029,9,set,40.49225272156747,OK,1991,2020,30,CHIRPS_v2,UCSB-CHG/CHIRPS/DAILY,1991-2020,IBGE_2024
5210562,Itaguari,GO,142.652,9,set,38.46251800378385,OK,1991,2020,30,CHIRPS_v2,UCSB-CHG/CHIRPS/DAILY,1991-2020,IBGE_2024
5201603,Araçu,GO,149.776,9,set,41.828450039624386,OK,1991,2020,30,CHIRPS_v2,UCSB-CHG/CHIRPS/DAILY,1991-2020,IBGE_2024
5210000,Inhumas,GO,614.889,9,set,42.76874370156178,OK,1991,2020,30,CHIRPS_v2,UCSB-CHG/CHIRPS/DAILY,1991-2020,IBGE_2024
5209606,Heitoraí,GO,228.615,9,set,37.514308890502654,OK,1991,2020,30,CHIRPS_v2,UCSB-CHG/CHIRPS/DAILY,1991-2020,IBGE_2024
5201306,Anicuns,GO,976.038,9,set,43.78092270449934,OK,1991,2020,30,CHIRPS_v2,UCSB-CHG/CHIRPS/DAILY,1991-2020,IBGE_2024
5200852,Americano do Brasil,GO,133.834,9,set,43.9574097459343,OK,1991,2020,30,CHIRPS_v2,UCSB-CHG/CHIRPS/DAILY,1991-2020,IBGE_2024
5200159,Adelândia,GO,115.385,9,set,42.101111884669734,OK,1991,2020,30,CHIRPS_v2,UCSB-CHG/CHIRPS/DAILY,1991-2020,IBGE_2024
5206800,Damolândia,GO,86.057,9,set,43.893355097431126,OK,1991,2020,30,CHIRPS_v2,UCSB-CHG/CHIRPS/DAILY,1991-2020,IBGE_2024
5210109,Ipameri,GO,4382.863,9,set,42.664758161640506,OK,1991,2020,30,CHIRPS_v2,UCSB-CHG/CHIRPS/DAILY,1991-2020,IBGE_2024
5212956,Matrinchã,GO,1150.502,9,set,31.81522560504277,OK,1991,2020,30,CHIRPS_v2,UCSB-CHG/CHIRPS/DAILY,1991-2020,IBGE_2024
5212204,Jussara,GO,4092.339,9,set,33.524261125521534,OK,1991,2020,30,CHIRPS_v2,UCSB-CHG/CHIRPS/DAILY,1991-2020,IBGE_2024
5203807,Britânia,GO,1458.459,9,set,32.15672790748344,OK,1991,2020,30,CHIRPS_v2,UCSB-CHG/CHIRPS/DAILY,1991-2020,IBGE_2024
5219258,Santa Fé de Goiás,GO,1164.186,9,set,32.75642345814047,OK,1991,2020,30,CHIRPS_v2,UCSB-CHG/CHIRPS/DAILY,1991-2020,IBGE_2024
5211206,Itapuranga,GO,1281.404,9,set,37.55460089152278,OK,1991,2020,30,CHIRPS_v2,UCSB-CHG/CHIRPS/DAILY,1991-2020,IBGE_2024
5211008,Itapirapuã,GO,2047.873,9,set,32.239707276653405,OK,1991,2020,30,CHIRPS_v2,UCSB-CHG/CHIRPS/DAILY,1991-2020,IBGE_2024
5202155,Araguapaz,GO,2188.1,9,set,37.5781024811853,OK,1991,2020,30,CHIRPS_v2,UCSB-CHG/CHIRPS/DAILY,1991-2020,IBGE_2024
5202502,Aruanã,GO,3054.773,9,set,34.879441704302934,OK,1991,2020,30,CHIRPS_v2,UCSB-CHG/CHIRPS/DAILY,1991-2020,IBGE_2024
5209291,Guaraíta,GO,205.533,9,set,35.87686257308903,OK,1991,2020,30,CHIRPS_v2,UCSB-CHG/CHIRPS/DAILY,1991-2020,IBGE_2024
5208905,Goiás,GO,3108.423,9,set,33.83192549862232,OK,1991,2020,30,CHIRPS_v2,UCSB-CHG/CHIRPS/DAILY,1991-2020,IBGE_2024
5207535,Faina,GO,1949.685,9,set,34.93292324418549,OK,1991,2020,30,CHIRPS_v2,UCSB-CHG/CHIRPS/DAILY,1991-2020,IBGE_2024
5214838,Nova Crixás,GO,7308.682,9,set,37.61365354382381,OK,1991,2020,30,CHIRPS_v2,UCSB-CHG/CHIRPS/DAILY,1991-2020,IBGE_2024
5215207,Novo Brasil,GO,649.35,9,set,33.47757529038413,OK,1991,2020,30,CHIRPS_v2,UCSB-CHG/CHIRPS/DAILY,1991-2020,IBGE_2024
5213905,Mossâmedes,GO,684.882,9,set,39.675227763055624,OK,1991,2020,30,CHIRPS_v2,UCSB-CHG/CHIRPS/DAILY,1991-2020,IBGE_2024
5214002,Mozarlândia,GO,1738.516,9,set,37.87185743290839,OK,1991,2020,30,CHIRPS_v2,UCSB-CHG/CHIRPS/DAILY,1991-2020,IBGE_2024
5219209,Santa Cruz de Goiás,GO,1109.007,9,set,46.12907333798082,OK,1991,2020,30,CHIRPS_v2,UCSB-CHG/CHIRPS/DAILY,1991-2020,IBGE_2024
5217401,Pires do Rio,GO,1077.641,9,set,46.149319653194524,OK,1991,2020,30,CHIRPS_v2,UCSB-CHG/CHIRPS/DAILY,1991-2020,IBGE_2024
5215306,Orizona,GO,1971.265,9,set,41.44623477171945,OK,1991,2020,30,CHIRPS_v2,UCSB-CHG/CHIRPS/DAILY,1991-2020,IBGE_2024
5215801,Palmelo,GO,59.809,9,set,45.63913830905519,OK,1991,2020,30,CHIRPS_v2,UCSB-CHG/CHIRPS/DAILY,1991-2020,IBGE_2024
5213806,Morrinhos,GO,2846.299,9,set,47.32481011539329,OK,1991,2020,30,CHIRPS_v2,UCSB-CHG/CHIRPS/DAILY,1991-2020,IBGE_2024
5212600,Mairipotaba,GO,468.029,9,set,47.719200606662454,OK,1991,2020,30,CHIRPS_v2,UCSB-CHG/CHIRPS/DAILY,1991-2020,IBGE_2024
5218391,Professor Jamil,GO,356.292,9,set,45.91035183648467,OK,1991,2020,30,CHIRPS_v2,UCSB-CHG/CHIRPS/DAILY,1991-2020,IBGE_2024
5217708,Pontalina,GO,1434.289,9,set,46.50032388076422,OK,1991,2020,30,CHIRPS_v2,UCSB-CHG/CHIRPS/DAILY,1991-2020,IBGE_2024
5217104,Piracanjuba,GO,2374.232,9,set,45.390291140950126,OK,1991,2020,30,CHIRPS_v2,UCSB-CHG/CHIRPS/DAILY,1991-2020,IBGE_2024
5207352,Edealina,GO,598.218,9,set,47.750619274497865,OK,1991,2020,30,CHIRPS_v2,UCSB-CHG/CHIRPS/DAILY,1991-2020,IBGE_2024
5206305,Cristianópolis,GO,221.624,9,set,47.92303290995022,OK,1991,2020,30,CHIRPS_v2,UCSB-CHG/CHIRPS/DAILY,1991-2020,IBGE_2024
5206503,Cromínia,GO,364.918,9,set,47.060279770106014,OK,1991,2020,30,CHIRPS_v2,UCSB-CHG/CHIRPS/DAILY,1991-2020,IBGE_2024
5222054,Vicentinópolis,GO,733.794,9,set,47.9879827595608,OK,1991,2020,30,CHIRPS_v2,UCSB-CHG/CHIRPS/DAILY,1991-2020,IBGE_2024
5221551,Turvelândia,GO,935.659,9,set,49.77648008194638,OK,1991,2020,30,CHIRPS_v2,UCSB-CHG/CHIRPS/DAILY,1991-2020,IBGE_2024
5213756,Montividiu,GO,1869.581,9,set,47.06887482914256,OK,1991,2020,30,CHIRPS_v2,UCSB-CHG/CHIRPS/DAILY,1991-2020,IBGE_2024
5219712,Santo Antônio da Barra,GO,450.336,9,set,44.671530974803765,OK,1991,2020,30,CHIRPS_v2,UCSB-CHG/CHIRPS/DAILY,1991-2020,IBGE_2024
5219308,Santa Helena de Goiás,GO,1142.337,9,set,50.602981190964535,OK,1991,2020,30,CHIRPS_v2,UCSB-CHG/CHIRPS/DAILY,1991-2020,IBGE_2024
5218805,Rio Verde,GO,8374.254,9,set,51.61302295443489,OK,1991,2020,30,CHIRPS_v2,UCSB-CHG/CHIRPS/DAILY,1991-2020,IBGE_2024
5205471,Chapadão do Céu,GO,2184.077,9,set,59.767194192559714,OK,1991,2020,30,CHIRPS_v2,UCSB-CHG/CHIRPS/DAILY,1991-2020,IBGE_2024
5213103,Mineiros,GO,9042.844,9,set,56.7869968751592,OK,1991,2020,30,CHIRPS_v2,UCSB-CHG/CHIRPS/DAILY,1991-2020,IBGE_2024
5220504,Serranópolis,GO,5521.775,9,set,58.2223856085455,OK,1991,2020,30,CHIRPS_v2,UCSB-CHG/CHIRPS/DAILY,1991-2020,IBGE_2024
5211909,Jataí,GO,7178.792,9,set,56.27544903100632,OK,1991,2020,30,CHIRPS_v2,UCSB-CHG/CHIRPS/DAILY,1991-2020,IBGE_2024
5204409,Caiapônia,GO,8627.961,9,set,47.01996319998807,OK,1991,2020,30,CHIRPS_v2,UCSB-CHG/CHIRPS/DAILY,1991-2020,IBGE_2024
5219407,Santa Rita do Araguaia,GO,1357.197,9,set,56.67802546716705,OK,1991,2020,30,CHIRPS_v2,UCSB-CHG/CHIRPS/DAILY,1991-2020,IBGE_2024
5218102,Portelândia,GO,553.411,9,set,56.353318074248676,OK,1991,2020,30,CHIRPS_v2,UCSB-CHG/CHIRPS/DAILY,1991-2020,IBGE_2024
5216452,Perolândia,GO,1033.657,9,set,52.333353489354955,OK,1991,2020,30,CHIRPS_v2,UCSB-CHG/CHIRPS/DAILY,1991-2020,IBGE_2024
5207253,Doverlândia,GO,3227.558,9,set,44.984598084727565,OK,1991,2020,30,CHIRPS_v2,UCSB-CHG/CHIRPS/DAILY,1991-2020,IBGE_2024
5205703,Córrego do Ouro,GO,458.077,9,set,39.463289642099234,OK,1991,2020,30,CHIRPS_v2,UCSB-CHG/CHIRPS/DAILY,1991-2020,IBGE_2024
5213400,Moiporá,GO,452.314,9,set,40.27511735073846,OK,1991,2020,30,CHIRPS_v2,UCSB-CHG/CHIRPS/DAILY,1991-2020,IBGE_2024
5204201,Cachoeira de Goiás,GO,424.49,9,set,43.38257565517266,OK,1991,2020,30,CHIRPS_v2,UCSB-CHG/CHIRPS/DAILY,1991-2020,IBGE_2024
5220108,São Luís de Montes Belos,GO,829.62,9,set,42.094638226670654,OK,1991,2020,30,CHIRPS_v2,UCSB-CHG/CHIRPS/DAILY,1991-2020,IBGE_2024
5203939,Buriti de Goiás,GO,202.576,9,set,35.77335184304853,OK,1991,2020,30,CHIRPS_v2,UCSB-CHG/CHIRPS/DAILY,1991-2020,IBGE_2024
5211602,Ivolândia,GO,1260.841,9,set,40.12932957873584,OK,1991,2020,30,CHIRPS_v2,UCSB-CHG/CHIRPS/DAILY,1991-2020,IBGE_2024
5219001,Sanclerlândia,GO,509.402,9,set,39.63982422361731,OK,1991,2020,30,CHIRPS_v2,UCSB-CHG/CHIRPS/DAILY,1991-2020,IBGE_2024
5202601,Aurilândia,GO,565.514,9,set,43.3860965790873,OK,1991,2020,30,CHIRPS_v2,UCSB-CHG/CHIRPS/DAILY,1991-2020,IBGE_2024
5207600,Fazenda Nova,GO,1279.107,9,set,35.980532482844026,OK,1991,2020,30,CHIRPS_v2,UCSB-CHG/CHIRPS/DAILY,1991-2020,IBGE_2024
5213707,Montes Claros de Goiás,GO,2900.397,9,set,36.30141436845147,OK,1991,2020,30,CHIRPS_v2,UCSB-CHG/CHIRPS/DAILY,1991-2020,IBGE_2024
5212006,Jaupaci,GO,528.783,9,set,37.261102289585445,OK,1991,2020,30,CHIRPS_v2,UCSB-CHG/CHIRPS/DAILY,1991-2020,IBGE_2024
5203104,Baliza,GO,1780.173,9,set,42.109596040475,OK,1991,2020,30,CHIRPS_v2,UCSB-CHG/CHIRPS/DAILY,1991-2020,IBGE_2024
5203401,Bom Jardim de Goiás,GO,1901.141,9,set,39.45556641892938,OK,1991,2020,30,CHIRPS_v2,UCSB-CHG/CHIRPS/DAILY,1991-2020,IBGE_2024
5210208,Iporá,GO,1027.249,9,set,37.814777630432665,OK,1991,2020,30,CHIRPS_v2,UCSB-CHG/CHIRPS/DAILY,1991-2020,IBGE_2024
5210307,Israelândia,GO,579.19,9,set,38.866770625561614,OK,1991,2020,30,CHIRPS_v2,UCSB-CHG/CHIRPS/DAILY,1991-2020,IBGE_2024
5202353,Arenópolis,GO,1075.535,9,set,39.167923512724734,OK,1991,2020,30,CHIRPS_v2,UCSB-CHG/CHIRPS/DAILY,1991-2020,IBGE_2024
5201702,Aragarças,GO,661.673,9,set,43.64975724511935,OK,1991,2020,30,CHIRPS_v2,UCSB-CHG/CHIRPS/DAILY,1991-2020,IBGE_2024
5200902,Amorinópolis,GO,406.93,9,set,38.91515797988238,OK,1991,2020,30,CHIRPS_v2,UCSB-CHG/CHIRPS/DAILY,1991-2020,IBGE_2024
5217203,Piranhas,GO,2045.088,9,set,40.418367935858534,OK,1991,2020,30,CHIRPS_v2,UCSB-CHG/CHIRPS/DAILY,1991-2020,IBGE_2024
5215652,Palestina de Goiás,GO,1318.047,9,set,41.331315201626744,OK,1991,2020,30,CHIRPS_v2,UCSB-CHG/CHIRPS/DAILY,1991-2020,IBGE_2024
5207105,Diorama,GO,685.382,9,set,36.77753271150968,OK,1991,2020,30,CHIRPS_v2,UCSB-CHG/CHIRPS/DAILY,1991-2020,IBGE_2024
5221502,Turvânia,GO,482.317,9,set,43.22398280079483,OK,1991,2020,30,CHIRPS_v2,UCSB-CHG/CHIRPS/DAILY,1991-2020,IBGE_2024
5205455,Cezarina,GO,417.08,9,set,49.27738361533012,OK,1991,2020,30,CHIRPS_v2,UCSB-CHG/CHIRPS/DAILY,1991-2020,IBGE_2024
5204607,Campestre de Goiás,GO,272.734,9,set,46.85183994306346,OK,1991,2020,30,CHIRPS_v2,UCSB-CHG/CHIRPS/DAILY,1991-2020,IBGE_2024
5220058,São João da Paraúna,GO,286.979,9,set,43.41029870434632,OK,1991,2020,30,CHIRPS_v2,UCSB-CHG/CHIRPS/DAILY,1991-2020,IBGE_2024
5211701,Jandaia,GO,863.087,9,set,44.89218183260645,OK,1991,2020,30,CHIRPS_v2,UCSB-CHG/CHIRPS/DAILY,1991-2020,IBGE_2024
5219100,Santa Bárbara de Goiás,GO,140.957,9,set,44.6052789918682,OK,1991,2020,30,CHIRPS_v2,UCSB-CHG/CHIRPS/DAILY,1991-2020,IBGE_2024
5209952,Indiara,GO,955.419,9,set,47.89265383207103,OK,1991,2020,30,CHIRPS_v2,UCSB-CHG/CHIRPS/DAILY,1991-2020,IBGE_2024
5200134,Acreúna,GO,1566.742,9,set,47.054601961795484,OK,1991,2020,30,CHIRPS_v2,UCSB-CHG/CHIRPS/DAILY,1991-2020,IBGE_2024
5216403,Paraúna,GO,3786.578,9,set,43.29705885049247,OK,1991,2020,30,CHIRPS_v2,UCSB-CHG/CHIRPS/DAILY,1991-2020,IBGE_2024
5207808,Firminópolis,GO,422.34,9,set,42.678567385730794,OK,1991,2020,30,CHIRPS_v2,UCSB-CHG/CHIRPS/DAILY,1991-2020,IBGE_2024
5215900,Palminópolis,GO,393.326,9,set,45.64148949328241,OK,1991,2020,30,CHIRPS_v2,UCSB-CHG/CHIRPS/DAILY,1991-2020,IBGE_2024
5215702,Palmeiras de Goiás,GO,1537.199,9,set,46.77566778465743,OK,1991,2020,30,CHIRPS_v2,UCSB-CHG/CHIRPS/DAILY,1991-2020,IBGE_2024
5207402,Edéia,GO,1469.099,9,set,47.48554435246843,OK,1991,2020,30,CHIRPS_v2,UCSB-CHG/CHIRPS/DAILY,1991-2020,IBGE_2024
5214408,Nazário,GO,281.144,9,set,44.15969860918261,OK,1991,2020,30,CHIRPS_v2,UCSB-CHG/CHIRPS/DAILY,1991-2020,IBGE_2024
5214051,Mundo Novo,GO,2141.534,9,set,34.44083879807544,OK,1991,2020,30,CHIRPS_v2,UCSB-CHG/CHIRPS/DAILY,1991-2020,IBGE_2024
5214101,Mutunópolis,GO,955.069,9,set,33.00600246610441,OK,1991,2020,30,CHIRPS_v2,UCSB-CHG/CHIRPS/DAILY,1991-2020,IBGE_2024
5221452,Trombas,GO,802.905,9,set,35.78101916516035,OK,1991,2020,30,CHIRPS_v2,UCSB-CHG/CHIRPS/DAILY,1991-2020,IBGE_2024
5204656,Campinaçu,GO,1978.386,9,set,29.919420760528062,OK,1991,2020,30,CHIRPS_v2,UCSB-CHG/CHIRPS/DAILY,1991-2020,IBGE_2024
5213087,Minaçu,GO,2854.137,9,set,30.178453500454218,OK,1991,2020,30,CHIRPS_v2,UCSB-CHG/CHIRPS/DAILY,1991-2020,IBGE_2024
5203575,Bonópolis,GO,1635.319,9,set,36.531294099271385,OK,1991,2020,30,CHIRPS_v2,UCSB-CHG/CHIRPS/DAILY,1991-2020,IBGE_2024
5220207,São Miguel do Araguaia,GO,6150.179,9,set,37.60281661042231,OK,1991,2020,30,CHIRPS_v2,UCSB-CHG/CHIRPS/DAILY,1991-2020,IBGE_2024
5219605,Santa Tereza de Goiás,GO,789.544,9,set,34.8298783621747,OK,1991,2020,30,CHIRPS_v2,UCSB-CHG/CHIRPS/DAILY,1991-2020,IBGE_2024
5218003,Porangatu,GO,4825.287,9,set,36.90022850756165,OK,1991,2020,30,CHIRPS_v2,UCSB-CHG/CHIRPS/DAILY,1991-2020,IBGE_2024
5208103,Formoso,GO,843.42,9,set,33.61397776283954,OK,1991,2020,30,CHIRPS_v2,UCSB-CHG/CHIRPS/DAILY,1991-2020,IBGE_2024
5207501,Estrela do Norte,GO,301.139,9,set,34.91869417784214,OK,1991,2020,30,CHIRPS_v2,UCSB-CHG/CHIRPS/DAILY,1991-2020,IBGE_2024
5215256,Novo Planalto,GO,1254.491,9,set,41.533834213733954,OK,1991,2020,30,CHIRPS_v2,UCSB-CHG/CHIRPS/DAILY,1991-2020,IBGE_2024
5213772,Montividiu do Norte,GO,1337.232,9,set,35.44505601148204,OK,1991,2020,30,CHIRPS_v2,UCSB-CHG/CHIRPS/DAILY,1991-2020,IBGE_2024
5221601,Uruaçu,GO,2142.498,9,set,33.881204379068485,OK,1991,2020,30,CHIRPS_v2,UCSB-CHG/CHIRPS/DAILY,1991-2020,IBGE_2024
5205521,Colinas do Sul,GO,1707.52,9,set,22.39709252902234,OK,1991,2020,30,CHIRPS_v2,UCSB-CHG/CHIRPS/DAILY,1991-2020,IBGE_2024
5204706,Campinorte,GO,1064.527,9,set,35.322361595310745,OK,1991,2020,30,CHIRPS_v2,UCSB-CHG/CHIRPS/DAILY,1991-2020,IBGE_2024
5212808,Mara Rosa,GO,1695.463,9,set,34.88992571265139,OK,1991,2020,30,CHIRPS_v2,UCSB-CHG/CHIRPS/DAILY,1991-2020,IBGE_2024
5220157,São Luiz do Norte,GO,583.832,9,set,40.62655866127038,OK,1991,2020,30,CHIRPS_v2,UCSB-CHG/CHIRPS/DAILY,1991-2020,IBGE_2024
5209804,Hidrolina,GO,583.756,9,set,39.00450158121976,OK,1991,2020,30,CHIRPS_v2,UCSB-CHG/CHIRPS/DAILY,1991-2020,IBGE_2024
5200555,Alto Horizonte,GO,500.342,9,set,32.674773461866415,OK,1991,2020,30,CHIRPS_v2,UCSB-CHG/CHIRPS/DAILY,1991-2020,IBGE_2024
5200829,Amaralina,GO,1343.742,9,set,33.86873471403144,OK,1991,2020,30,CHIRPS_v2,UCSB-CHG/CHIRPS/DAILY,1991-2020,IBGE_2024
5214879,Nova Iguaçu de Goiás,GO,625.625,9,set,32.56558977445106,OK,1991,2020,30,CHIRPS_v2,UCSB-CHG/CHIRPS/DAILY,1991-2020,IBGE_2024
5214606,Niquelândia,GO,9846.293,9,set,32.67081026612311,OK,1991,2020,30,CHIRPS_v2,UCSB-CHG/CHIRPS/DAILY,1991-2020,IBGE_2024
5213855,Morro Agudo de Goiás,GO,282.333,9,set,38.77211238535313,OK,1991,2020,30,CHIRPS_v2,UCSB-CHG/CHIRPS/DAILY,1991-2020,IBGE_2024
5222302,Vila Propício,GO,2181.593,9,set,37.58886275262031,OK,1991,2020,30,CHIRPS_v2,UCSB-CHG/CHIRPS/DAILY,1991-2020,IBGE_2024
5221577,Uirapuru,GO,1154.305,9,set,36.468619418055724,OK,1991,2020,30,CHIRPS_v2,UCSB-CHG/CHIRPS/DAILY,1991-2020,IBGE_2024
5221700,Uruana,GO,522.904,9,set,41.43093911974347,OK,1991,2020,30,CHIRPS_v2,UCSB-CHG/CHIRPS/DAILY,1991-2020,IBGE_2024
5205406,Ceres,GO,213.07,9,set,40.4557669657874,OK,1991,2020,30,CHIRPS_v2,UCSB-CHG/CHIRPS/DAILY,1991-2020,IBGE_2024
5204953,Campos Verdes,GO,443.125,9,set,35.49113247893536,OK,1991,2020,30,CHIRPS_v2,UCSB-CHG/CHIRPS/DAILY,1991-2020,IBGE_2024
5205000,Carmo do Rio Verde,GO,419.821,9,set,39.87225288861286,OK,1991,2020,30,CHIRPS_v2,UCSB-CHG/CHIRPS/DAILY,1991-2020,IBGE_2024
5220280,São Patrício,GO,172.763,9,set,39.33512514819023,OK,1991,2020,30,CHIRPS_v2,UCSB-CHG/CHIRPS/DAILY,1991-2020,IBGE_2024
5219456,Santa Rita do Novo Destino,GO,970.448,9,set,36.782181233103366,OK,1991,2020,30,CHIRPS_v2,UCSB-CHG/CHIRPS/DAILY,1991-2020,IBGE_2024
5203203,Barro Alto,GO,1080.268,9,set,36.957155483333366,OK,1991,2020,30,CHIRPS_v2,UCSB-CHG/CHIRPS/DAILY,1991-2020,IBGE_2024
5219704,Santa Terezinha de Goiás,GO,1206.601,9,set,35.692325279320904,OK,1991,2020,30,CHIRPS_v2,UCSB-CHG/CHIRPS/DAILY,1991-2020,IBGE_2024
5218904,Rubiataba,GO,750.659,9,set,40.68649294656564,OK,1991,2020,30,CHIRPS_v2,UCSB-CHG/CHIRPS/DAILY,1991-2020,IBGE_2024
5210901,Itapaci,GO,952.998,9,set,44.444151954774796,OK,1991,2020,30,CHIRPS_v2,UCSB-CHG/CHIRPS/DAILY,1991-2020,IBGE_2024
5219357,Santa Isabel,GO,812.756,9,set,39.482593549059544,OK,1991,2020,30,CHIRPS_v2,UCSB-CHG/CHIRPS/DAILY,1991-2020,IBGE_2024
5218607,Rialma,GO,268.291,9,set,40.58445444511667,OK,1991,2020,30,CHIRPS_v2,UCSB-CHG/CHIRPS/DAILY,1991-2020,IBGE_2024
5218706,Rianápolis,GO,157.379,9,set,41.34329838208512,OK,1991,2020,30,CHIRPS_v2,UCSB-CHG/CHIRPS/DAILY,1991-2020,IBGE_2024
5210158,Ipiranga de Goiás,GO,244.209,9,set,41.39321395729978,OK,1991,2020,30,CHIRPS_v2,UCSB-CHG/CHIRPS/DAILY,1991-2020,IBGE_2024
5209457,Guarinos,GO,593.188,9,set,41.904255924896916,OK,1991,2020,30,CHIRPS_v2,UCSB-CHG/CHIRPS/DAILY,1991-2020,IBGE_2024
5216908,Pilar de Goiás,GO,906.047,9,set,36.974113408834626,OK,1991,2020,30,CHIRPS_v2,UCSB-CHG/CHIRPS/DAILY,1991-2020,IBGE_2024
5208608,Goianésia,GO,1547.319,9,set,39.3157557107818,OK,1991,2020,30,CHIRPS_v2,UCSB-CHG/CHIRPS/DAILY,1991-2020,IBGE_2024
5214861,Nova Glória,GO,411.753,9,set,41.97402466440757,OK,1991,2020,30,CHIRPS_v2,UCSB-CHG/CHIRPS/DAILY,1991-2020,IBGE_2024
5214705,Nova América,GO,209.432,9,set,40.21984367778169,OK,1991,2020,30,CHIRPS_v2,UCSB-CHG/CHIRPS/DAILY,1991-2020,IBGE_2024
5206404,Crixás,GO,4673.037,9,set,40.41372523177942,OK,1991,2020,30,CHIRPS_v2,UCSB-CHG/CHIRPS/DAILY,1991-2020,IBGE_2024
5221858,Valparaíso de Goiás,GO,61.488,9,set,28.301331283729056,OK,1991,2020,30,CHIRPS_v2,UCSB-CHG/CHIRPS/DAILY,1991-2020,IBGE_2024
5205497,Cidade Ocidental,GO,389.985,9,set,26.266260607908524,OK,1991,2020,30,CHIRPS_v2,UCSB-CHG/CHIRPS/DAILY,1991-2020,IBGE_2024
5212501,Luziânia,GO,3962.107,9,set,30.99431284547296,OK,1991,2020,30,CHIRPS_v2,UCSB-CHG/CHIRPS/DAILY,1991-2020,IBGE_2024
5219753,Santo Antônio do Descoberto,GO,943.948,9,set,36.02967179337079,OK,1991,2020,30,CHIRPS_v2,UCSB-CHG/CHIRPS/DAILY,1991-2020,IBGE_2024
5215231,Novo Gama,GO,192.285,9,set,30.724027925978323,OK,1991,2020,30,CHIRPS_v2,UCSB-CHG/CHIRPS/DAILY,1991-2020,IBGE_2024
5206206,Cristalina,GO,6153.921,9,set,33.273532774571215,OK,1991,2020,30,CHIRPS_v2,UCSB-CHG/CHIRPS/DAILY,1991-2020,IBGE_2024
5205513,Cocalzinho de Goiás,GO,1785.339,9,set,39.63405162086873,OK,1991,2020,30,CHIRPS_v2,UCSB-CHG/CHIRPS/DAILY,1991-2020,IBGE_2024
5213053,Mimoso de Goiás,GO,1380.701,9,set,37.81702171708301,OK,1991,2020,30,CHIRPS_v2,UCSB-CHG/CHIRPS/DAILY,1991-2020,IBGE_2024
5204003,Cabeceiras,GO,1126.434,9,set,18.28838004839882,OK,1991,2020,30,CHIRPS_v2,UCSB-CHG/CHIRPS/DAILY,1991-2020,IBGE_2024
5217609,Planaltina,GO,2558.922,9,set,33.569940001138,OK,1991,2020,30,CHIRPS_v2,UCSB-CHG/CHIRPS/DAILY,1991-2020,IBGE_2024
5200258,Águas Lindas de Goiás,GO,191.817,9,set,37.26624646841812,OK,1991,2020,30,CHIRPS_v2,UCSB-CHG/CHIRPS/DAILY,1991-2020,IBGE_2024
5208004,Formosa,GO,5804.292,9,set,24.805792725142776,OK,1991,2020,30,CHIRPS_v2,UCSB-CHG/CHIRPS/DAILY,1991-2020,IBGE_2024
5215603,Padre Bernardo,GO,3142.615,9,set,36.43861044972793,OK,1991,2020,30,CHIRPS_v2,UCSB-CHG/CHIRPS/DAILY,1991-2020,IBGE_2024
5213509,Monte Alegre de Goiás,GO,3119.86,9,set,16.764881965841607,OK,1991,2020,30,CHIRPS_v2,UCSB-CHG/CHIRPS/DAILY,1991-2020,IBGE_2024
5204904,Campos Belos,GO,735.128,9,set,15.568495188451168,OK,1991,2020,30,CHIRPS_v2,UCSB-CHG/CHIRPS/DAILY,1991-2020,IBGE_2024
5212709,Mambaí,GO,858.27,9,set,15.54281142195522,OK,1991,2020,30,CHIRPS_v2,UCSB-CHG/CHIRPS/DAILY,1991-2020,IBGE_2024
5220702,Sítio d'Abadia,GO,1611.851,9,set,10.314709374593948,OK,1991,2020,30,CHIRPS_v2,UCSB-CHG/CHIRPS/DAILY,1991-2020,IBGE_2024
5220686,Simolândia,GO,346.811,9,set,13.035485830111446,OK,1991,2020,30,CHIRPS_v2,UCSB-CHG/CHIRPS/DAILY,1991-2020,IBGE_2024
5203962,Buritinópolis,GO,246.075,9,set,13.360532577298086,OK,1991,2020,30,CHIRPS_v2,UCSB-CHG/CHIRPS/DAILY,1991-2020,IBGE_2024
5219803,São Domingos,GO,3335.999,9,set,20.022928205356095,OK,1991,2020,30,CHIRPS_v2,UCSB-CHG/CHIRPS/DAILY,1991-2020,IBGE_2024
5209903,Iaciara,GO,1547.183,9,set,23.360990861635813,OK,1991,2020,30,CHIRPS_v2,UCSB-CHG/CHIRPS/DAILY,1991-2020,IBGE_2024
5218300,Posse,GO,2076.99,9,set,19.97053698088132,OK,1991,2020,30,CHIRPS_v2,UCSB-CHG/CHIRPS/DAILY,1991-2020,IBGE_2024
5209408,Guarani de Goiás,GO,1221.054,9,set,23.368748685057685,OK,1991,2020,30,CHIRPS_v2,UCSB-CHG/CHIRPS/DAILY,1991-2020,IBGE_2024
5200803,Alvorada do Norte,GO,1268.347,9,set,10.264816682105838,OK,1991,2020,30,CHIRPS_v2,UCSB-CHG/CHIRPS/DAILY,1991-2020,IBGE_2024
5208301,Divinópolis de Goiás,GO,828.874,9,set,18.148390598730117,OK,1991,2020,30,CHIRPS_v2,UCSB-CHG/CHIRPS/DAILY,1991-2020,IBGE_2024
5214903,Nova Roma,GO,2136.725,9,set,25.72268920335934,OK,1991,2020,30,CHIRPS_v2,UCSB-CHG/CHIRPS/DAILY,1991-2020,IBGE_2024
5206701,Damianópolis,GO,417.625,9,set,11.38925860090939,OK,1991,2020,30,CHIRPS_v2,UCSB-CHG/CHIRPS/DAILY,1991-2020,IBGE_2024
5205307,Cavalcante,GO,6948.78,9,set,24.525745792811215,OK,1991,2020,30,CHIRPS_v2,UCSB-CHG/CHIRPS/DAILY,1991-2020,IBGE_2024
5221080,Teresina de Goiás,GO,784.793,9,set,22.79077193597793,OK,1991,2020,30,CHIRPS_v2,UCSB-CHG/CHIRPS/DAILY,1991-2020,IBGE_2024
5220009,São João d'Aliança,GO,3334.455,9,set,23.651508832426693,OK,1991,2020,30,CHIRPS_v2,UCSB-CHG/CHIRPS/DAILY,1991-2020,IBGE_2024
5200605,Alto Paraíso de Goiás,GO,2594.998,9,set,22.870584743093026,OK,1991,2020,30,CHIRPS_v2,UCSB-CHG/CHIRPS/DAILY,1991-2020,IBGE_2024
5200175,Água Fria de Goiás,GO,2023.636,9,set,33.17915401028289,OK,1991,2020,30,CHIRPS_v2,UCSB-CHG/CHIRPS/DAILY,1991-2020,IBGE_2024
5207907,Flores de Goiás,GO,3695.106,9,set,15.568703758172177,OK,1991,2020,30,CHIRPS_v2,UCSB-CHG/CHIRPS/DAILY,1991-2020,IBGE_2024
5222203,Vila Boa,GO,1052.593,9,set,17.96931964772787,OK,1991,2020,30,CHIRPS_v2,UCSB-CHG/CHIRPS/DAILY,1991-2020,IBGE_2024
5300108,Brasília,DF,5760.785,9,set,33.89218090807247,OK,1991,2020,30,CHIRPS_v2,UCSB-CHG/CHIRPS/DAILY,1991-2020,IBGE_2024
4300001,"Área Operacional ""Lagoa Mirim""",RS,2884.34,9,set,115.48839773663941,OK,1991,2020,30,CHIRPS_v2,UCSB-CHG/CHIRPS/DAILY,1991-2020,IBGE_2024
4300002,"Área Operacional ""Lagoa dos Patos""",RS,10199.391,9,set,132.11676698888738,OK,1991,2020,30,CHIRPS_v2,UCSB-CHG/CHIRPS/DAILY,1991-2020,IBGE_2024
3169356,Três Marias,MG,2678.254,9,set,26.500075916256037,OK,1991,2020,30,CHIRPS_v2,UCSB-CHG/CHIRPS/DAILY,1991-2020,IBGE_2024
3125705,Felixlândia,MG,1554.627,9,set,26.701375290956314,OK,1991,2020,30,CHIRPS_v2,UCSB-CHG/CHIRPS/DAILY,1991-2020,IBGE_2024
3129608,Ibiaí,MG,874.76,9,set,17.82705354245806,OK,1991,2020,30,CHIRPS_v2,UCSB-CHG/CHIRPS/DAILY,1991-2020,IBGE_2024
3138104,Lassance,MG,3204.217,9,set,24.689335818082203,OK,1991,2020,30,CHIRPS_v2,UCSB-CHG/CHIRPS/DAILY,1991-2020,IBGE_2024
3170800,Várzea da Palma,MG,2220.279,9,set,21.108238761406465,OK,1991,2020,30,CHIRPS_v2,UCSB-CHG/CHIRPS/DAILY,1991-2020,IBGE_2024
3152131,Ponto Chique,MG,602.799,9,set,14.698574235276068,OK,1991,2020,30,CHIRPS_v2,UCSB-CHG/CHIRPS/DAILY,1991-2020,IBGE_2024
3109402,Buritizeiro,MG,7218.401,9,set,22.169474304233773,OK,1991,2020,30,CHIRPS_v2,UCSB-CHG/CHIRPS/DAILY,1991-2020,IBGE_2024
3170701,Varginha,MG,395.396,9,set,59.19317867332241,OK,1991,2020,30,CHIRPS_v2,UCSB-CHG/CHIRPS/DAILY,1991-2020,IBGE_2024
3162005,São Gonçalo do Sapucaí,MG,516.683,9,set,65.41771546991322,OK,1991,2020,30,CHIRPS_v2,UCSB-CHG/CHIRPS/DAILY,1991-2020,IBGE_2024
3119005,Cordislândia,MG,179.543,9,set,63.71797396196363,OK,1991,2020,30,CHIRPS_v2,UCSB-CHG/CHIRPS/DAILY,1991-2020,IBGE_2024
3142601,Monsenhor Paulo,MG,216.54,9,set,62.551626105067356,OK,1991,2020,30,CHIRPS_v2,UCSB-CHG/CHIRPS/DAILY,1991-2020,IBGE_2024
3123601,Elói Mendes,MG,499.537,9,set,60.984713711300266,OK,1991,2020,30,CHIRPS_v2,UCSB-CHG/CHIRPS/DAILY,1991-2020,IBGE_2024
3126307,Fortaleza de Minas,MG,218.792,9,set,58.88687990816983,OK,1991,2020,30,CHIRPS_v2,UCSB-CHG/CHIRPS/DAILY,1991-2020,IBGE_2024
3116407,Claraval,MG,227.627,9,set,58.63866784131057,OK,1991,2020,30,CHIRPS_v2,UCSB-CHG/CHIRPS/DAILY,1991-2020,IBGE_2024
3147907,Passos,MG,1338.07,9,set,55.79556616700295,OK,1991,2020,30,CHIRPS_v2,UCSB-CHG/CHIRPS/DAILY,1991-2020,IBGE_2024
3162203,São João Batista do Glória,MG,547.908,9,set,57.53394630409515,OK,1991,2020,30,CHIRPS_v2,UCSB-CHG/CHIRPS/DAILY,1991-2020,IBGE_2024
3129707,Ibiraci,MG,562.095,9,set,57.323895468013276,OK,1991,2020,30,CHIRPS_v2,UCSB-CHG/CHIRPS/DAILY,1991-2020,IBGE_2024
3121209,Delfinópolis,MG,1378.423,9,set,55.283368968564986,OK,1991,2020,30,CHIRPS_v2,UCSB-CHG/CHIRPS/DAILY,1991-2020,IBGE_2024
3112406,Capetinga,MG,297.937,9,set,55.2330959494004,OK,1991,2020,30,CHIRPS_v2,UCSB-CHG/CHIRPS/DAILY,1991-2020,IBGE_2024
3128105,Guapé,MG,934.345,9,set,55.81336277602613,OK,1991,2020,30,CHIRPS_v2,UCSB-CHG/CHIRPS/DAILY,1991-2020,IBGE_2024
3152907,Pratápolis,MG,215.516,9,set,56.242288639542544,OK,1991,2020,30,CHIRPS_v2,UCSB-CHG/CHIRPS/DAILY,1991-2020,IBGE_2024
3101904,Alpinópolis,MG,460.685,9,set,57.4768552204098,OK,1991,2020,30,CHIRPS_v2,UCSB-CHG/CHIRPS/DAILY,1991-2020,IBGE_2024
3133758,Itaú de Minas,MG,153.421,9,set,55.71630688425072,OK,1991,2020,30,CHIRPS_v2,UCSB-CHG/CHIRPS/DAILY,1991-2020,IBGE_2024
3107604,Bom Jesus da Penha,MG,208.349,9,set,59.786242294308465,OK,1991,2020,30,CHIRPS_v2,UCSB-CHG/CHIRPS/DAILY,1991-2020,IBGE_2024
3115102,Cássia,MG,665.802,9,set,54.87911782024018,OK,1991,2020,30,CHIRPS_v2,UCSB-CHG/CHIRPS/DAILY,1991-2020,IBGE_2024
3162948,São José da Barra,MG,308.319,9,set,55.5279698096356,OK,1991,2020,30,CHIRPS_v2,UCSB-CHG/CHIRPS/DAILY,1991-2020,IBGE_2024
3114402,Carmo do Rio Claro,MG,1065.685,9,set,56.56895197610762,OK,1991,2020,30,CHIRPS_v2,UCSB-CHG/CHIRPS/DAILY,1991-2020,IBGE_2024
3104304,Areado,MG,283.124,9,set,57.60581178465076,OK,1991,2020,30,CHIRPS_v2,UCSB-CHG/CHIRPS/DAILY,1991-2020,IBGE_2024
3111606,Campos Gerais,MG,769.504,9,set,56.4364342632414,OK,1991,2020,30,CHIRPS_v2,UCSB-CHG/CHIRPS/DAILY,1991-2020,IBGE_2024
3111309,Campo do Meio,MG,275.426,9,set,55.06305740382133,OK,1991,2020,30,CHIRPS_v2,UCSB-CHG/CHIRPS/DAILY,1991-2020,IBGE_2024
3151701,Poço Fundo,MG,474.244,9,set,66.17180224781653,OK,1991,2020,30,CHIRPS_v2,UCSB-CHG/CHIRPS/DAILY,1991-2020,IBGE_2024
3102001,Alterosa,MG,362.01,9,set,56.5021768947395,OK,1991,2020,30,CHIRPS_v2,UCSB-CHG/CHIRPS/DAILY,1991-2020,IBGE_2024
3166907,Serrania,MG,209.27,9,set,61.37596882006593,OK,1991,2020,30,CHIRPS_v2,UCSB-CHG/CHIRPS/DAILY,1991-2020,IBGE_2024
3101607,Alfenas,MG,850.446,9,set,57.69107023052169,OK,1991,2020,30,CHIRPS_v2,UCSB-CHG/CHIRPS/DAILY,1991-2020,IBGE_2024
3125200,Fama,MG,86.024,9,set,58.66846063651896,OK,1991,2020,30,CHIRPS_v2,UCSB-CHG/CHIRPS/DAILY,1991-2020,IBGE_2024
3117108,Conceição da Aparecida,MG,352.521,9,set,57.141918923445076,OK,1991,2020,30,CHIRPS_v2,UCSB-CHG/CHIRPS/DAILY,1991-2020,IBGE_2024
3114709,Carvalhópolis,MG,81.101,9,set,65.9291113906014,OK,1991,2020,30,CHIRPS_v2,UCSB-CHG/CHIRPS/DAILY,1991-2020,IBGE_2024
3122405,Divisa Nova,MG,216.955,9,set,63.01122123354798,OK,1991,2020,30,CHIRPS_v2,UCSB-CHG/CHIRPS/DAILY,1991-2020,IBGE_2024
3147204,Paraguaçu,MG,424.296,9,set,60.87171594814541,OK,1991,2020,30,CHIRPS_v2,UCSB-CHG/CHIRPS/DAILY,1991-2020,IBGE_2024
3139003,Machado,MG,585.958,9,set,65.23664127616969,OK,1991,2020,30,CHIRPS_v2,UCSB-CHG/CHIRPS/DAILY,1991-2020,IBGE_2024
3154705,Ribeirão Vermelho,MG,49.251,9,set,59.018878749515395,OK,1991,2020,30,CHIRPS_v2,UCSB-CHG/CHIRPS/DAILY,1991-2020,IBGE_2024
3138203,Lavras,MG,564.744,9,set,60.77189992579957,OK,1991,2020,30,CHIRPS_v2,UCSB-CHG/CHIRPS/DAILY,1991-2020,IBGE_2024
3144607,Nepomuceno,MG,582.553,9,set,57.3565225026186,OK,1991,2020,30,CHIRPS_v2,UCSB-CHG/CHIRPS/DAILY,1991-2020,IBGE_2024
3111903,Cana Verde,MG,212.721,9,set,56.0112035667568,OK,1991,2020,30,CHIRPS_v2,UCSB-CHG/CHIRPS/DAILY,1991-2020,IBGE_2024
3159902,Santo Antônio do Amparo,MG,488.885,9,set,53.18849382522547,OK,1991,2020,30,CHIRPS_v2,UCSB-CHG/CHIRPS/DAILY,1991-2020,IBGE_2024
3149903,Perdões,MG,270.657,9,set,57.31955199268859,OK,1991,2020,30,CHIRPS_v2,UCSB-CHG/CHIRPS/DAILY,1991-2020,IBGE_2024
3136900,Juruaia,MG,220.353,9,set,63.08343679665703,OK,1991,2020,30,CHIRPS_v2,UCSB-CHG/CHIRPS/DAILY,1991-2020,IBGE_2024
3128709,Guaxupé,MG,286.398,9,set,61.57317327327903,OK,1991,2020,30,CHIRPS_v2,UCSB-CHG/CHIRPS/DAILY,1991-2020,IBGE_2024
3145109,Nova Resende,MG,390.152,9,set,60.90985173070572,OK,1991,2020,30,CHIRPS_v2,UCSB-CHG/CHIRPS/DAILY,1991-2020,IBGE_2024
3104106,Arceburgo,MG,162.875,9,set,54.77267417111075,OK,1991,2020,30,CHIRPS_v2,UCSB-CHG/CHIRPS/DAILY,1991-2020,IBGE_2024
3128303,Guaranésia,MG,294.828,9,set,59.46689772571022,OK,1991,2020,30,CHIRPS_v2,UCSB-CHG/CHIRPS/DAILY,1991-2020,IBGE_2024
3144102,Muzambinho,MG,409.948,9,set,69.16090046813548,OK,1991,2020,30,CHIRPS_v2,UCSB-CHG/CHIRPS/DAILY,1991-2020,IBGE_2024
3143005,Monte Belo,MG,421.283,9,set,62.25368035894694,OK,1991,2020,30,CHIRPS_v2,UCSB-CHG/CHIRPS/DAILY,1991-2020,IBGE_2024
3109501,Cabo Verde,MG,368.206,9,set,66.2193483000913,OK,1991,2020,30,CHIRPS_v2,UCSB-CHG/CHIRPS/DAILY,1991-2020,IBGE_2024
3163904,São Pedro da União,MG,260.827,9,set,60.86012103077495,OK,1991,2020,30,CHIRPS_v2,UCSB-CHG/CHIRPS/DAILY,1991-2020,IBGE_2024
3113909,Carmo da Cachoeira,MG,506.333,9,set,58.30286052564211,OK,1991,2020,30,CHIRPS_v2,UCSB-CHG/CHIRPS/DAILY,1991-2020,IBGE_2024
3160801,São Bento Abade,MG,80.403,9,set,59.328362952888384,OK,1991,2020,30,CHIRPS_v2,UCSB-CHG/CHIRPS/DAILY,1991-2020,IBGE_2024
3169307,Três Corações,MG,828.038,9,set,61.62045675353641,OK,1991,2020,30,CHIRPS_v2,UCSB-CHG/CHIRPS/DAILY,1991-2020,IBGE_2024
3110707,Cambuquira,MG,246.38,9,set,62.693330639344865,OK,1991,2020,30,CHIRPS_v2,UCSB-CHG/CHIRPS/DAILY,1991-2020,IBGE_2024
3110905,Campanha,MG,335.587,9,set,63.59470054128108,OK,1991,2020,30,CHIRPS_v2,UCSB-CHG/CHIRPS/DAILY,1991-2020,IBGE_2024
3169406,Três Pontas,MG,689.794,9,set,58.21477140537378,OK,1991,2020,30,CHIRPS_v2,UCSB-CHG/CHIRPS/DAILY,1991-2020,IBGE_2024
3118700,Coqueiral,MG,296.163,9,set,57.16456249156572,OK,1991,2020,30,CHIRPS_v2,UCSB-CHG/CHIRPS/DAILY,1991-2020,IBGE_2024
3158300,Santana da Vargem,MG,172.444,9,set,57.62838197688479,OK,1991,2020,30,CHIRPS_v2,UCSB-CHG/CHIRPS/DAILY,1991-2020,IBGE_2024
3107109,Boa Esperança,MG,860.669,9,set,56.866722817975436,OK,1991,2020,30,CHIRPS_v2,UCSB-CHG/CHIRPS/DAILY,1991-2020,IBGE_2024
3130507,Ilicínea,MG,376.341,9,set,57.07232385864075,OK,1991,2020,30,CHIRPS_v2,UCSB-CHG/CHIRPS/DAILY,1991-2020,IBGE_2024
3143203,Monte Santo de Minas,MG,594.632,9,set,60.61084818976659,OK,1991,2020,30,CHIRPS_v2,UCSB-CHG/CHIRPS/DAILY,1991-2020,IBGE_2024
3134806,Jacuí,MG,409.229,9,set,60.906069350435715,OK,1991,2020,30,CHIRPS_v2,UCSB-CHG/CHIRPS/DAILY,1991-2020,IBGE_2024
3132909,Itamogi,MG,243.714,9,set,61.04150678102636,OK,1991,2020,30,CHIRPS_v2,UCSB-CHG/CHIRPS/DAILY,1991-2020,IBGE_2024
3165107,São Tomás de Aquino,MG,277.928,9,set,54.703896773171664,OK,1991,2020,30,CHIRPS_v2,UCSB-CHG/CHIRPS/DAILY,1991-2020,IBGE_2024
3164704,São Sebastião do Paraíso,MG,814.925,9,set,58.22976381414614,OK,1991,2020,30,CHIRPS_v2,UCSB-CHG/CHIRPS/DAILY,1991-2020,IBGE_2024
3120201,Cristais,MG,628.434,9,set,56.025768729491105,OK,1991,2020,30,CHIRPS_v2,UCSB-CHG/CHIRPS/DAILY,1991-2020,IBGE_2024
3112000,Candeias,MG,720.512,9,set,56.06556309858631,OK,1991,2020,30,CHIRPS_v2,UCSB-CHG/CHIRPS/DAILY,1991-2020,IBGE_2024
3111200,Campo Belo,MG,528.225,9,set,56.51374503659314,OK,1991,2020,30,CHIRPS_v2,UCSB-CHG/CHIRPS/DAILY,1991-2020,IBGE_2024
3158805,Santana do Jacaré,MG,106.169,9,set,54.92695810001817,OK,1991,2020,30,CHIRPS_v2,UCSB-CHG/CHIRPS/DAILY,1991-2020,IBGE_2024
3100807,Aguanil,MG,232.091,9,set,56.571915511865775,OK,1991,2020,30,CHIRPS_v2,UCSB-CHG/CHIRPS/DAILY,1991-2020,IBGE_2024
3170602,Vargem Bonita,MG,409.888,9,set,60.73937962345764,OK,1991,2020,30,CHIRPS_v2,UCSB-CHG/CHIRPS/DAILY,1991-2020,IBGE_2024
3112802,Capitólio,MG,521.802,9,set,58.92173908692392,OK,1991,2020,30,CHIRPS_v2,UCSB-CHG/CHIRPS/DAILY,1991-2020,IBGE_2024
3151503,Piumhi,MG,902.468,9,set,58.5239270940267,OK,1991,2020,30,CHIRPS_v2,UCSB-CHG/CHIRPS/DAILY,1991-2020,IBGE_2024
3123403,Doresópolis,MG,152.912,9,set,56.648405763082415,OK,1991,2020,30,CHIRPS_v2,UCSB-CHG/CHIRPS/DAILY,1991-2020,IBGE_2024
3164308,São Roque de Minas,MG,2098.867,9,set,59.27174047337172,OK,1991,2020,30,CHIRPS_v2,UCSB-CHG/CHIRPS/DAILY,1991-2020,IBGE_2024
3152501,Pouso Alegre,MG,542.797,9,set,63.45944469900095,OK,1991,2020,30,CHIRPS_v2,UCSB-CHG/CHIRPS/DAILY,1991-2020,IBGE_2024
3146008,Ouro Fino,MG,533.714,9,set,71.5426474546876,OK,1991,2020,30,CHIRPS_v2,UCSB-CHG/CHIRPS/DAILY,1991-2020,IBGE_2024
3162302,São João da Mata,MG,120.536,9,set,64.1151891466362,OK,1991,2020,30,CHIRPS_v2,UCSB-CHG/CHIRPS/DAILY,1991-2020,IBGE_2024
3129202,Heliodora,MG,153.95,9,set,67.14669350142896,OK,1991,2020,30,CHIRPS_v2,UCSB-CHG/CHIRPS/DAILY,1991-2020,IBGE_2024
3169802,Turvolândia,MG,221.0,9,set,65.12152643810384,OK,1991,2020,30,CHIRPS_v2,UCSB-CHG/CHIRPS/DAILY,1991-2020,IBGE_2024
3144409,Natércia,MG,188.719,9,set,66.71665530257374,OK,1991,2020,30,CHIRPS_v2,UCSB-CHG/CHIRPS/DAILY,1991-2020,IBGE_2024
3119906,Córrego do Bom Jesus,MG,123.651,9,set,68.31342870058866,OK,1991,2020,30,CHIRPS_v2,UCSB-CHG/CHIRPS/DAILY,1991-2020,IBGE_2024
3169059,Tocos do Moji,MG,114.705,9,set,61.941156624602556,OK,1991,2020,30,CHIRPS_v2,UCSB-CHG/CHIRPS/DAILY,1991-2020,IBGE_2024
3169109,Toledo,MG,136.776,9,set,68.66433394053266,OK,1991,2020,30,CHIRPS_v2,UCSB-CHG/CHIRPS/DAILY,1991-2020,IBGE_2024
3143807,Munhoz,MG,191.599,9,set,65.76644856772471,OK,1991,2020,30,CHIRPS_v2,UCSB-CHG/CHIRPS/DAILY,1991-2020,IBGE_2024
3143401,Monte Sião,MG,291.594,9,set,73.89939801808818,OK,1991,2020,30,CHIRPS_v2,UCSB-CHG/CHIRPS/DAILY,1991-2020,IBGE_2024
3110608,Cambuí,MG,244.567,9,set,63.535700941110626,OK,1991,2020,30,CHIRPS_v2,UCSB-CHG/CHIRPS/DAILY,1991-2020,IBGE_2024
3110509,Camanducaia,MG,528.688,9,set,65.45591515393767,OK,1991,2020,30,CHIRPS_v2,UCSB-CHG/CHIRPS/DAILY,1991-2020,IBGE_2024
3167400,Silvianópolis,MG,312.166,9,set,64.8468691390508,OK,1991,2020,30,CHIRPS_v2,UCSB-CHG/CHIRPS/DAILY,1991-2020,IBGE_2024
3159605,Santa Rita do Sapucaí,MG,352.969,9,set,65.85338954269233,OK,1991,2020,30,CHIRPS_v2,UCSB-CHG/CHIRPS/DAILY,1991-2020,IBGE_2024
3134905,Jacutinga,MG,347.667,9,set,75.79213645866976,OK,1991,2020,30,CHIRPS_v2,UCSB-CHG/CHIRPS/DAILY,1991-2020,IBGE_2024
3118502,Consolação,MG,89.122,9,set,64.86394730481743,OK,1991,2020,30,CHIRPS_v2,UCSB-CHG/CHIRPS/DAILY,1991-2020,IBGE_2024
3117801,Conceição dos Ouros,MG,180.236,9,set,66.4146510153963,OK,1991,2020,30,CHIRPS_v2,UCSB-CHG/CHIRPS/DAILY,1991-2020,IBGE_2024
3101409,Albertina,MG,58.01,9,set,68.49161395571703,OK,1991,2020,30,CHIRPS_v2,UCSB-CHG/CHIRPS/DAILY,1991-2020,IBGE_2024
3117900,Congonhal,MG,205.125,9,set,63.28258210855512,OK,1991,2020,30,CHIRPS_v2,UCSB-CHG/CHIRPS/DAILY,1991-2020,IBGE_2024
3109709,Cachoeira de Minas,MG,304.243,9,set,65.42707684284566,OK,1991,2020,30,CHIRPS_v2,UCSB-CHG/CHIRPS/DAILY,1991-2020,IBGE_2024
3109105,Bueno Brandão,MG,356.15,9,set,67.33646496541029,OK,1991,2020,30,CHIRPS_v2,UCSB-CHG/CHIRPS/DAILY,1991-2020,IBGE_2024
3133600,Itapeva,MG,177.312,9,set,66.42057503969295,OK,1991,2020,30,CHIRPS_v2,UCSB-CHG/CHIRPS/DAILY,1991-2020,IBGE_2024
3165800,Senador José Bento,MG,93.892,9,set,63.46146385399109,OK,1991,2020,30,CHIRPS_v2,UCSB-CHG/CHIRPS/DAILY,1991-2020,IBGE_2024
3125101,Extrema,MG,244.575,9,set,70.26743502911334,OK,1991,2020,30,CHIRPS_v2,UCSB-CHG/CHIRPS/DAILY,1991-2020,IBGE_2024
3124500,Estiva,MG,243.872,9,set,62.83549874606832,OK,1991,2020,30,CHIRPS_v2,UCSB-CHG/CHIRPS/DAILY,1991-2020,IBGE_2024
3124401,Espírito Santo do Dourado,MG,263.879,9,set,63.980633192270545,OK,1991,2020,30,CHIRPS_v2,UCSB-CHG/CHIRPS/DAILY,1991-2020,IBGE_2024
3108305,Borda da Mata,MG,301.108,9,set,63.61213840092194,OK,1991,2020,30,CHIRPS_v2,UCSB-CHG/CHIRPS/DAILY,1991-2020,IBGE_2024
3165578,Senador Amaral,MG,151.097,9,set,61.37571762756182,OK,1991,2020,30,CHIRPS_v2,UCSB-CHG/CHIRPS/DAILY,1991-2020,IBGE_2024
3107901,Bom Repouso,MG,229.845,9,set,60.62910573213855,OK,1991,2020,30,CHIRPS_v2,UCSB-CHG/CHIRPS/DAILY,1991-2020,IBGE_2024
3164407,São Sebastião da Bela Vista,MG,167.428,9,set,64.44592564387729,OK,1991,2020,30,CHIRPS_v2,UCSB-CHG/CHIRPS/DAILY,1991-2020,IBGE_2024
3131505,Ipuiúna,MG,298.195,9,set,65.00788439868285,OK,1991,2020,30,CHIRPS_v2,UCSB-CHG/CHIRPS/DAILY,1991-2020,IBGE_2024
3130606,Inconfidentes,MG,149.611,9,set,65.89015192505565,OK,1991,2020,30,CHIRPS_v2,UCSB-CHG/CHIRPS/DAILY,1991-2020,IBGE_2024
3113602,Careaçu,MG,181.009,9,set,65.77287436671386,OK,1991,2020,30,CHIRPS_v2,UCSB-CHG/CHIRPS/DAILY,1991-2020,IBGE_2024
3151800,Poços de Caldas,MG,546.958,9,set,70.26676975191762,OK,1991,2020,30,CHIRPS_v2,UCSB-CHG/CHIRPS/DAILY,1991-2020,IBGE_2024
3129905,Ibitiúra de Minas,MG,68.316,9,set,67.99316990050299,OK,1991,2020,30,CHIRPS_v2,UCSB-CHG/CHIRPS/DAILY,1991-2020,IBGE_2024
3105301,Bandeira do Sul,MG,47.266,9,set,65.82798630478126,OK,1991,2020,30,CHIRPS_v2,UCSB-CHG/CHIRPS/DAILY,1991-2020,IBGE_2024
3111002,Campestre,MG,577.843,9,set,65.61195761995414,OK,1991,2020,30,CHIRPS_v2,UCSB-CHG/CHIRPS/DAILY,1991-2020,IBGE_2024
3102605,Andradas,MG,469.396,9,set,68.67926068647317,OK,1991,2020,30,CHIRPS_v2,UCSB-CHG/CHIRPS/DAILY,1991-2020,IBGE_2024
3159209,Santa Rita de Caldas,MG,503.011,9,set,66.3324727924999,OK,1991,2020,30,CHIRPS_v2,UCSB-CHG/CHIRPS/DAILY,1991-2020,IBGE_2024
3110301,Caldas,MG,711.414,9,set,68.37359707807582,OK,1991,2020,30,CHIRPS_v2,UCSB-CHG/CHIRPS/DAILY,1991-2020,IBGE_2024
3108404,Botelhos,MG,334.089,9,set,65.22185940512058,OK,1991,2020,30,CHIRPS_v2,UCSB-CHG/CHIRPS/DAILY,1991-2020,IBGE_2024
3151008,Piranguinho,MG,124.803,9,set,68.18542966934127,OK,1991,2020,30,CHIRPS_v2,UCSB-CHG/CHIRPS/DAILY,1991-2020,IBGE_2024
3150901,Piranguçu,MG,203.619,9,set,70.20620852717626,OK,1991,2020,30,CHIRPS_v2,UCSB-CHG/CHIRPS/DAILY,1991-2020,IBGE_2024
3132404,Itajubá,MG,294.835,9,set,70.7035710727328,OK,1991,2020,30,CHIRPS_v2,UCSB-CHG/CHIRPS/DAILY,1991-2020,IBGE_2024
3172202,Wenceslau Braz,MG,102.487,9,set,69.60325540083925,OK,1991,2020,30,CHIRPS_v2,UCSB-CHG/CHIRPS/DAILY,1991-2020,IBGE_2024
3163201,São José do Alegre,MG,88.794,9,set,68.57895842023076,OK,1991,2020,30,CHIRPS_v2,UCSB-CHG/CHIRPS/DAILY,1991-2020,IBGE_2024
3121100,Delfim Moreira,MG,408.473,9,set,65.4007009773423,OK,1991,2020,30,CHIRPS_v2,UCSB-CHG/CHIRPS/DAILY,1991-2020,IBGE_2024
3127404,Gonçalves,MG,187.353,9,set,61.79926732488478,OK,1991,2020,30,CHIRPS_v2,UCSB-CHG/CHIRPS/DAILY,1991-2020,IBGE_2024
3117207,Conceição das Pedras,MG,102.206,9,set,67.18196377489788,OK,1991,2020,30,CHIRPS_v2,UCSB-CHG/CHIRPS/DAILY,1991-2020,IBGE_2024
3108909,Brazópolis,MG,367.688,9,set,69.28566400938594,OK,1991,2020,30,CHIRPS_v2,UCSB-CHG/CHIRPS/DAILY,1991-2020,IBGE_2024
3165404,Sapucaí-Mirim,MG,285.073,9,set,61.80403330642299,OK,1991,2020,30,CHIRPS_v2,UCSB-CHG/CHIRPS/DAILY,1991-2020,IBGE_2024
3149101,Pedralva,MG,217.99,9,set,68.74580341930913,OK,1991,2020,30,CHIRPS_v2,UCSB-CHG/CHIRPS/DAILY,1991-2020,IBGE_2024
3140407,Marmelópolis,MG,107.902,9,set,59.77792661348908,OK,1991,2020,30,CHIRPS_v2,UCSB-CHG/CHIRPS/DAILY,1991-2020,IBGE_2024
3139904,Maria da Fé,MG,202.898,9,set,66.77990462676631,OK,1991,2020,30,CHIRPS_v2,UCSB-CHG/CHIRPS/DAILY,1991-2020,IBGE_2024
3147303,Paraisópolis,MG,331.238,9,set,66.00907920669255,OK,1991,2020,30,CHIRPS_v2,UCSB-CHG/CHIRPS/DAILY,1991-2020,IBGE_2024
3137809,Lambari,MG,213.11,9,set,65.73765308743837,OK,1991,2020,30,CHIRPS_v2,UCSB-CHG/CHIRPS/DAILY,1991-2020,IBGE_2024
3145505,Olímpio Noronha,MG,54.633,9,set,66.32839641060812,OK,1991,2020,30,CHIRPS_v2,UCSB-CHG/CHIRPS/DAILY,1991-2020,IBGE_2024
3120508,Cristina,MG,311.33,9,set,66.64914255066525,OK,1991,2020,30,CHIRPS_v2,UCSB-CHG/CHIRPS/DAILY,1991-2020,IBGE_2024
3135902,Jesuânia,MG,153.852,9,set,65.94600704639807,OK,1991,2020,30,CHIRPS_v2,UCSB-CHG/CHIRPS/DAILY,1991-2020,IBGE_2024
3122801,Dom Viçoso,MG,113.921,9,set,67.35271594998808,OK,1991,2020,30,CHIRPS_v2,UCSB-CHG/CHIRPS/DAILY,1991-2020,IBGE_2024
3114105,Carmo de Minas,MG,322.285,9,set,68.4877380809264,OK,1991,2020,30,CHIRPS_v2,UCSB-CHG/CHIRPS/DAILY,1991-2020,IBGE_2024
3171709,Virgínia,MG,326.515,9,set,65.6011307742214,OK,1991,2020,30,CHIRPS_v2,UCSB-CHG/CHIRPS/DAILY,1991-2020,IBGE_2024
3170107,Uberaba,MG,4523.957,9,set,50.57487047079909,OK,1991,2020,30,CHIRPS_v2,UCSB-CHG/CHIRPS/DAILY,1991-2020,IBGE_2024
3121258,Delta,MG,102.784,9,set,53.22123255306097,OK,1991,2020,30,CHIRPS_v2,UCSB-CHG/CHIRPS/DAILY,1991-2020,IBGE_2024
3145000,Nova Ponte,MG,1111.011,9,set,48.45111252930416,OK,1991,2020,30,CHIRPS_v2,UCSB-CHG/CHIRPS/DAILY,1991-2020,IBGE_2024
3111408,Campo Florido,MG,1264.245,9,set,52.350019566520345,OK,1991,2020,30,CHIRPS_v2,UCSB-CHG/CHIRPS/DAILY,1991-2020,IBGE_2024
3118205,Conquista,MG,618.363,9,set,53.938919047657585,OK,1991,2020,30,CHIRPS_v2,UCSB-CHG/CHIRPS/DAILY,1991-2020,IBGE_2024
3117306,Conceição das Alagoas,MG,1340.25,9,set,48.91645968298449,OK,1991,2020,30,CHIRPS_v2,UCSB-CHG/CHIRPS/DAILY,1991-2020,IBGE_2024
3157708,Santa Juliana,MG,723.784,9,set,52.06393635722544,OK,1991,2020,30,CHIRPS_v2,UCSB-CHG/CHIRPS/DAILY,1991-2020,IBGE_2024
3100708,Água Comprida,MG,492.167,9,set,50.352026915761755,OK,1991,2020,30,CHIRPS_v2,UCSB-CHG/CHIRPS/DAILY,1991-2020,IBGE_2024
3156908,Sacramento,MG,3073.268,9,set,57.364261337429674,OK,1991,2020,30,CHIRPS_v2,UCSB-CHG/CHIRPS/DAILY,1991-2020,IBGE_2024
3171105,Veríssimo,MG,1031.823,9,set,52.336744089500954,OK,1991,2020,30,CHIRPS_v2,UCSB-CHG/CHIRPS/DAILY,1991-2020,IBGE_2024
3129509,Ibiá,MG,2704.132,9,set,57.377204540149165,OK,1991,2020,30,CHIRPS_v2,UCSB-CHG/CHIRPS/DAILY,1991-2020,IBGE_2024
3153004,Pratinha,MG,622.478,9,set,60.25637448280305,OK,1991,2020,30,CHIRPS_v2,UCSB-CHG/CHIRPS/DAILY,1991-2020,IBGE_2024
3104007,Araxá,MG,1164.062,9,set,61.80778337525558,OK,1991,2020,30,CHIRPS_v2,UCSB-CHG/CHIRPS/DAILY,1991-2020,IBGE_2024
3111507,Campos Altos,MG,710.645,9,set,53.71949142353644,OK,1991,2020,30,CHIRPS_v2,UCSB-CHG/CHIRPS/DAILY,1991-2020,IBGE_2024
3159704,Santa Rosa da Serra,MG,284.334,9,set,50.91056652206454,OK,1991,2020,30,CHIRPS_v2,UCSB-CHG/CHIRPS/DAILY,1991-2020,IBGE_2024
3168101,Tapira,MG,1179.248,9,set,62.470033975631054,OK,1991,2020,30,CHIRPS_v2,UCSB-CHG/CHIRPS/DAILY,1991-2020,IBGE_2024
3149804,Perdizes,MG,2451.112,9,set,55.471008004563195,OK,1991,2020,30,CHIRPS_v2,UCSB-CHG/CHIRPS/DAILY,1991-2020,IBGE_2024
3149200,Pedrinópolis,MG,357.891,9,set,49.120793476221024,OK,1991,2020,30,CHIRPS_v2,UCSB-CHG/CHIRPS/DAILY,1991-2020,IBGE_2024
3127008,Fronteira,MG,199.987,9,set,44.64617003726614,OK,1991,2020,30,CHIRPS_v2,UCSB-CHG/CHIRPS/DAILY,1991-2020,IBGE_2024
3127107,Frutal,MG,2426.965,9,set,49.558773661013184,OK,1991,2020,30,CHIRPS_v2,UCSB-CHG/CHIRPS/DAILY,1991-2020,IBGE_2024
3151602,Planura,MG,317.52,9,set,45.94084889392289,OK,1991,2020,30,CHIRPS_v2,UCSB-CHG/CHIRPS/DAILY,1991-2020,IBGE_2024
3150703,Pirajuba,MG,337.98,9,set,48.62911724951679,OK,1991,2020,30,CHIRPS_v2,UCSB-CHG/CHIRPS/DAILY,1991-2020,IBGE_2024
3133402,Itapagipe,MG,1802.438,9,set,51.80841044057919,OK,1991,2020,30,CHIRPS_v2,UCSB-CHG/CHIRPS/DAILY,1991-2020,IBGE_2024
3116902,Comendador Gomes,MG,1041.047,9,set,52.98773782292163,OK,1991,2020,30,CHIRPS_v2,UCSB-CHG/CHIRPS/DAILY,1991-2020,IBGE_2024
3170438,União de Minas,MG,1147.407,9,set,50.6956117548639,OK,1991,2020,30,CHIRPS_v2,UCSB-CHG/CHIRPS/DAILY,1991-2020,IBGE_2024
3161304,São Francisco de Sales,MG,1128.864,9,set,52.785029883493266,OK,1991,2020,30,CHIRPS_v2,UCSB-CHG/CHIRPS/DAILY,1991-2020,IBGE_2024
3134400,Iturama,MG,1404.663,9,set,48.48642971709117,OK,1991,2020,30,CHIRPS_v2,UCSB-CHG/CHIRPS/DAILY,1991-2020,IBGE_2024
3114550,Carneirinho,MG,2063.462,9,set,52.56243887355322,OK,1991,2020,30,CHIRPS_v2,UCSB-CHG/CHIRPS/DAILY,1991-2020,IBGE_2024
3138625,Limeira do Oeste,MG,1317.153,9,set,52.419551873896275,OK,1991,2020,30,CHIRPS_v2,UCSB-CHG/CHIRPS/DAILY,1991-2020,IBGE_2024
3170206,Uberlândia,MG,4115.206,9,set,45.05852641424981,OK,1991,2020,30,CHIRPS_v2,UCSB-CHG/CHIRPS/DAILY,1991-2020,IBGE_2024
3103504,Araguari,MG,2729.777,9,set,40.33532178673563,OK,1991,2020,30,CHIRPS_v2,UCSB-CHG/CHIRPS/DAILY,1991-2020,IBGE_2024
3169604,Tupaciguara,MG,1822.53,9,set,43.244810723725024,OK,1991,2020,30,CHIRPS_v2,UCSB-CHG/CHIRPS/DAILY,1991-2020,IBGE_2024
3152808,Prata,MG,4847.544,9,set,50.72988747406243,OK,1991,2020,30,CHIRPS_v2,UCSB-CHG/CHIRPS/DAILY,1991-2020,IBGE_2024
3111804,Canápolis,MG,843.599,9,set,46.27932990590138,OK,1991,2020,30,CHIRPS_v2,UCSB-CHG/CHIRPS/DAILY,1991-2020,IBGE_2024
3103751,Araporã,MG,294.354,9,set,47.201529525106594,OK,1991,2020,30,CHIRPS_v2,UCSB-CHG/CHIRPS/DAILY,1991-2020,IBGE_2024
3111101,Campina Verde,MG,3650.749,9,set,53.20924996624927,OK,1991,2020,30,CHIRPS_v2,UCSB-CHG/CHIRPS/DAILY,1991-2020,IBGE_2024
3142809,Monte Alegre de Minas,MG,2595.957,9,set,46.063625078756274,OK,1991,2020,30,CHIRPS_v2,UCSB-CHG/CHIRPS/DAILY,1991-2020,IBGE_2024
3115805,Centralina,MG,322.385,9,set,46.214428989228246,OK,1991,2020,30,CHIRPS_v2,UCSB-CHG/CHIRPS/DAILY,1991-2020,IBGE_2024
3115003,Cascalho Rico,MG,367.308,9,set,33.92599041344844,OK,1991,2020,30,CHIRPS_v2,UCSB-CHG/CHIRPS/DAILY,1991-2020,IBGE_2024
3130705,Indianópolis,MG,830.03,9,set,41.94681403792259,OK,1991,2020,30,CHIRPS_v2,UCSB-CHG/CHIRPS/DAILY,1991-2020,IBGE_2024
3129103,Gurinhatã,MG,1849.137,9,set,46.96449648244565,OK,1991,2020,30,CHIRPS_v2,UCSB-CHG/CHIRPS/DAILY,1991-2020,IBGE_2024
3112604,Capinópolis,MG,620.716,9,set,51.77502249813436,OK,1991,2020,30,CHIRPS_v2,UCSB-CHG/CHIRPS/DAILY,1991-2020,IBGE_2024
3159803,Santa Vitória,MG,2998.364,9,set,47.43084987072374,OK,1991,2020,30,CHIRPS_v2,UCSB-CHG/CHIRPS/DAILY,1991-2020,IBGE_2024
3134202,Ituiutaba,MG,2598.046,9,set,47.80051049334051,OK,1991,2020,30,CHIRPS_v2,UCSB-CHG/CHIRPS/DAILY,1991-2020,IBGE_2024
3109808,Cachoeira Dourada,MG,203.07,9,set,57.414323198450866,OK,1991,2020,30,CHIRPS_v2,UCSB-CHG/CHIRPS/DAILY,1991-2020,IBGE_2024
3131406,Ipiaçu,MG,466.02,9,set,43.776780275736904,OK,1991,2020,30,CHIRPS_v2,UCSB-CHG/CHIRPS/DAILY,1991-2020,IBGE_2024
3127909,Grupiara,MG,193.141,9,set,31.530579817531258,OK,1991,2020,30,CHIRPS_v2,UCSB-CHG/CHIRPS/DAILY,1991-2020,IBGE_2024
3143104,Monte Carmelo,MG,1343.035,9,set,32.26823176976169,OK,1991,2020,30,CHIRPS_v2,UCSB-CHG/CHIRPS/DAILY,1991-2020,IBGE_2024
3124807,Estrela do Sul,MG,822.454,9,set,26.051819332239244,OK,1991,2020,30,CHIRPS_v2,UCSB-CHG/CHIRPS/DAILY,1991-2020,IBGE_2024
3100104,Abadia dos Dourados,MG,880.461,9,set,36.15154134564289,OK,1991,2020,30,CHIRPS_v2,UCSB-CHG/CHIRPS/DAILY,1991-2020,IBGE_2024
3131604,Iraí de Minas,MG,356.264,9,set,46.38310460658934,OK,1991,2020,30,CHIRPS_v2,UCSB-CHG/CHIRPS/DAILY,1991-2020,IBGE_2024
3123502,Douradoquara,MG,312.878,9,set,33.18355587404826,OK,1991,2020,30,CHIRPS_v2,UCSB-CHG/CHIRPS/DAILY,1991-2020,IBGE_2024
3156403,Romaria,MG,407.557,9,set,36.911098405003976,OK,1991,2020,30,CHIRPS_v2,UCSB-CHG/CHIRPS/DAILY,1991-2020,IBGE_2024
3148004,Patos de Minas,MG,3190.456,9,set,46.98351334687053,OK,1991,2020,30,CHIRPS_v2,UCSB-CHG/CHIRPS/DAILY,1991-2020,IBGE_2024
3170750,Varjão de Minas,MG,651.505,9,set,34.8764752690858,OK,1991,2020,30,CHIRPS_v2,UCSB-CHG/CHIRPS/DAILY,1991-2020,IBGE_2024
3137106,Lagamar,MG,1474.562,9,set,36.3625766176612,OK,1991,2020,30,CHIRPS_v2,UCSB-CHG/CHIRPS/DAILY,1991-2020,IBGE_2024
3161700,São Gonçalo do Abaeté,MG,2692.545,9,set,29.047503704456528,OK,1991,2020,30,CHIRPS_v2,UCSB-CHG/CHIRPS/DAILY,1991-2020,IBGE_2024
3137536,Lagoa Grande,MG,1236.301,9,set,30.3308137178664,OK,1991,2020,30,CHIRPS_v2,UCSB-CHG/CHIRPS/DAILY,1991-2020,IBGE_2024
3137502,Lagoa Formosa,MG,840.92,9,set,46.074296061113316,OK,1991,2020,30,CHIRPS_v2,UCSB-CHG/CHIRPS/DAILY,1991-2020,IBGE_2024
3162104,São Gotardo,MG,866.087,9,set,49.73863478549615,OK,1991,2020,30,CHIRPS_v2,UCSB-CHG/CHIRPS/DAILY,1991-2020,IBGE_2024
3128600,Guarda-Mor,MG,2068.808,9,set,32.37237949712105,OK,1991,2020,30,CHIRPS_v2,UCSB-CHG/CHIRPS/DAILY,1991-2020,IBGE_2024
3153400,Presidente Olegário,MG,3503.848,9,set,36.45933999633045,OK,1991,2020,30,CHIRPS_v2,UCSB-CHG/CHIRPS/DAILY,1991-2020,IBGE_2024
3136306,João Pinheiro,MG,10727.097,9,set,27.04378007088009,OK,1991,2020,30,CHIRPS_v2,UCSB-CHG/CHIRPS/DAILY,1991-2020,IBGE_2024
3168903,Tiros,MG,2091.774,9,set,41.23109680022141,OK,1991,2020,30,CHIRPS_v2,UCSB-CHG/CHIRPS/DAILY,1991-2020,IBGE_2024
3103801,Arapuá,MG,173.894,9,set,46.02962431998799,OK,1991,2020,30,CHIRPS_v2,UCSB-CHG/CHIRPS/DAILY,1991-2020,IBGE_2024
3141207,Matutina,MG,260.957,9,set,47.416469278622294,OK,1991,2020,30,CHIRPS_v2,UCSB-CHG/CHIRPS/DAILY,1991-2020,IBGE_2024
3114303,Carmo do Paranaíba,MG,1307.862,9,set,45.75330938347336,OK,1991,2020,30,CHIRPS_v2,UCSB-CHG/CHIRPS/DAILY,1991-2020,IBGE_2024
3155504,Rio Paranaíba,MG,1352.353,9,set,51.00399082359298,OK,1991,2020,30,CHIRPS_v2,UCSB-CHG/CHIRPS/DAILY,1991-2020,IBGE_2024
3171006,Vazante,MG,1913.396,9,set,31.789928763118088,OK,1991,2020,30,CHIRPS_v2,UCSB-CHG/CHIRPS/DAILY,1991-2020,IBGE_2024
3128907,Guimarânia,MG,366.833,9,set,52.22944674244616,OK,1991,2020,30,CHIRPS_v2,UCSB-CHG/CHIRPS/DAILY,1991-2020,IBGE_2024
3120706,Cruzeiro da Fortaleza,MG,187.446,9,set,52.0713740808246,OK,1991,2020,30,CHIRPS_v2,UCSB-CHG/CHIRPS/DAILY,1991-2020,IBGE_2024
3119302,Coromandel,MG,3313.313,9,set,39.21041284262974,OK,1991,2020,30,CHIRPS_v2,UCSB-CHG/CHIRPS/DAILY,1991-2020,IBGE_2024
3166808,Serra do Salitre,MG,1295.272,9,set,53.34257761630839,OK,1991,2020,30,CHIRPS_v2,UCSB-CHG/CHIRPS/DAILY,1991-2020,IBGE_2024
3148103,Patrocínio,MG,2874.344,9,set,49.468838788856694,OK,1991,2020,30,CHIRPS_v2,UCSB-CHG/CHIRPS/DAILY,1991-2020,IBGE_2024
3122306,Divinópolis,MG,708.115,9,set,47.36869226670689,OK,1991,2020,30,CHIRPS_v2,UCSB-CHG/CHIRPS/DAILY,1991-2020,IBGE_2024
3114006,Carmo da Mata,MG,357.178,9,set,51.77283395237658,OK,1991,2020,30,CHIRPS_v2,UCSB-CHG/CHIRPS/DAILY,1991-2020,IBGE_2024
3137205,Lagoa da Prata,MG,439.984,9,set,49.53024154276723,OK,1991,2020,30,CHIRPS_v2,UCSB-CHG/CHIRPS/DAILY,1991-2020,IBGE_2024
3145208,Nova Serrana,MG,282.472,9,set,46.37895296976112,OK,1991,2020,30,CHIRPS_v2,UCSB-CHG/CHIRPS/DAILY,1991-2020,IBGE_2024
3103900,Araújos,MG,245.522,9,set,49.655923831545685,OK,1991,2020,30,CHIRPS_v2,UCSB-CHG/CHIRPS/DAILY,1991-2020,IBGE_2024
3160405,Santo Antônio do Monte,MG,1125.78,9,set,49.85452769301844,OK,1991,2020,30,CHIRPS_v2,UCSB-CHG/CHIRPS/DAILY,1991-2020,IBGE_2024
3135308,Japaraíba,MG,172.141,9,set,50.24724006379745,OK,1991,2020,30,CHIRPS_v2,UCSB-CHG/CHIRPS/DAILY,1991-2020,IBGE_2024
3151404,Pitangui,MG,569.636,9,set,39.31607833954464,OK,1991,2020,30,CHIRPS_v2,UCSB-CHG/CHIRPS/DAILY,1991-2020,IBGE_2024
3110400,Camacho,MG,223.001,9,set,54.908280855872576,OK,1991,2020,30,CHIRPS_v2,UCSB-CHG/CHIRPS/DAILY,1991-2020,IBGE_2024
3133501,Itapecerica,MG,1040.519,9,set,52.14584540109598,OK,1991,2020,30,CHIRPS_v2,UCSB-CHG/CHIRPS/DAILY,1991-2020,IBGE_2024
3149705,Perdigão,MG,249.322,9,set,49.027192590735545,OK,1991,2020,30,CHIRPS_v2,UCSB-CHG/CHIRPS/DAILY,1991-2020,IBGE_2024
3148905,Pedra do Indaiá,MG,347.92,9,set,51.278037282435285,OK,1991,2020,30,CHIRPS_v2,UCSB-CHG/CHIRPS/DAILY,1991-2020,IBGE_2024
3164605,São Sebastião do Oeste,MG,408.09,9,set,49.794956522500726,OK,1991,2020,30,CHIRPS_v2,UCSB-CHG/CHIRPS/DAILY,1991-2020,IBGE_2024
3138302,Leandro Ferreira,MG,352.005,9,set,43.915814342728986,OK,1991,2020,30,CHIRPS_v2,UCSB-CHG/CHIRPS/DAILY,1991-2020,IBGE_2024
3105103,Bambuí,MG,1455.819,9,set,57.1925846698804,OK,1991,2020,30,CHIRPS_v2,UCSB-CHG/CHIRPS/DAILY,1991-2020,IBGE_2024
3104205,Arcos,MG,509.873,9,set,52.749741663600375,OK,1991,2020,30,CHIRPS_v2,UCSB-CHG/CHIRPS/DAILY,1991-2020,IBGE_2024
3119807,Córrego Danta,MG,657.425,9,set,53.890293534722986,OK,1991,2020,30,CHIRPS_v2,UCSB-CHG/CHIRPS/DAILY,1991-2020,IBGE_2024
3119955,Córrego Fundo,MG,101.112,9,set,56.13065864051011,OK,1991,2020,30,CHIRPS_v2,UCSB-CHG/CHIRPS/DAILY,1991-2020,IBGE_2024
3168200,Tapiraí,MG,407.92,9,set,59.218638927434625,OK,1991,2020,30,CHIRPS_v2,UCSB-CHG/CHIRPS/DAILY,1991-2020,IBGE_2024
3150505,Pimenta,MG,414.969,9,set,58.25733451919449,OK,1991,2020,30,CHIRPS_v2,UCSB-CHG/CHIRPS/DAILY,1991-2020,IBGE_2024
3126109,Formiga,MG,1501.915,9,set,55.08839862147357,OK,1991,2020,30,CHIRPS_v2,UCSB-CHG/CHIRPS/DAILY,1991-2020,IBGE_2024
3141306,Medeiros,MG,946.437,9,set,61.74277837703572,OK,1991,2020,30,CHIRPS_v2,UCSB-CHG/CHIRPS/DAILY,1991-2020,IBGE_2024
3146503,Pains,MG,421.862,9,set,55.98548784609544,OK,1991,2020,30,CHIRPS_v2,UCSB-CHG/CHIRPS/DAILY,1991-2020,IBGE_2024
3130309,Iguatama,MG,628.2,9,set,54.19373615009495,OK,1991,2020,30,CHIRPS_v2,UCSB-CHG/CHIRPS/DAILY,1991-2020,IBGE_2024
3153707,Quartel Geral,MG,556.436,9,set,44.39900045789881,OK,1991,2020,30,CHIRPS_v2,UCSB-CHG/CHIRPS/DAILY,1991-2020,IBGE_2024
3152006,Pompéu,MG,2551.074,9,set,30.43223914613444,OK,1991,2020,30,CHIRPS_v2,UCSB-CHG/CHIRPS/DAILY,1991-2020,IBGE_2024
3142403,Moema,MG,202.705,9,set,49.023623955824625,OK,1991,2020,30,CHIRPS_v2,UCSB-CHG/CHIRPS/DAILY,1991-2020,IBGE_2024
3166600,Serra da Saudade,MG,335.659,9,set,47.48078082125681,OK,1991,2020,30,CHIRPS_v2,UCSB-CHG/CHIRPS/DAILY,1991-2020,IBGE_2024
3124708,Estrela do Indaiá,MG,635.981,9,set,50.48881136723548,OK,1991,2020,30,CHIRPS_v2,UCSB-CHG/CHIRPS/DAILY,1991-2020,IBGE_2024
3107406,Bom Despacho,MG,1213.546,9,set,47.15287504456189,OK,1991,2020,30,CHIRPS_v2,UCSB-CHG/CHIRPS/DAILY,1991-2020,IBGE_2024
3140506,Martinho Campos,MG,1058.418,9,set,39.21673141967254,OK,1991,2020,30,CHIRPS_v2,UCSB-CHG/CHIRPS/DAILY,1991-2020,IBGE_2024
3123205,Dores do Indaiá,MG,1111.202,9,set,46.79524180153132,OK,1991,2020,30,CHIRPS_v2,UCSB-CHG/CHIRPS/DAILY,1991-2020,IBGE_2024
3138807,Luz,MG,1171.659,9,set,51.28164616073804,OK,1991,2020,30,CHIRPS_v2,UCSB-CHG/CHIRPS/DAILY,1991-2020,IBGE_2024
3161205,São Francisco de Paula,MG,316.822,9,set,53.838155757281115,OK,1991,2020,30,CHIRPS_v2,UCSB-CHG/CHIRPS/DAILY,1991-2020,IBGE_2024
3143500,Morada Nova de Minas,MG,2084.275,9,set,29.406086741295262,OK,1991,2020,30,CHIRPS_v2,UCSB-CHG/CHIRPS/DAILY,1991-2020,IBGE_2024
3100203,Abaeté,MG,1817.067,9,set,37.262553221505854,OK,1991,2020,30,CHIRPS_v2,UCSB-CHG/CHIRPS/DAILY,1991-2020,IBGE_2024
3115607,Cedro do Abaeté,MG,283.211,9,set,46.30285630427511,OK,1991,2020,30,CHIRPS_v2,UCSB-CHG/CHIRPS/DAILY,1991-2020,IBGE_2024
3107000,Biquinhas,MG,458.948,9,set,34.34683660719255,OK,1991,2020,30,CHIRPS_v2,UCSB-CHG/CHIRPS/DAILY,1991-2020,IBGE_2024
3146404,Paineiras,MG,637.309,9,set,37.47452531260862,OK,1991,2020,30,CHIRPS_v2,UCSB-CHG/CHIRPS/DAILY,1991-2020,IBGE_2024
3518305,Guararema,SP,270.816,9,set,72.94089739114597,OK,1991,2020,30,CHIRPS_v2,UCSB-CHG/CHIRPS/DAILY,1991-2020,IBGE_2024
3526209,Juquitiba,SP,523.074,9,set,94.34365588647353,OK,1991,2020,30,CHIRPS_v2,UCSB-CHG/CHIRPS/DAILY,1991-2020,IBGE_2024
3513801,Diadema,SP,30.806,9,set,81.10807814560557,OK,1991,2020,30,CHIRPS_v2,UCSB-CHG/CHIRPS/DAILY,1991-2020,IBGE_2024
3505708,Barueri,SP,66.364,9,set,78.79847853425554,OK,1991,2020,30,CHIRPS_v2,UCSB-CHG/CHIRPS/DAILY,1991-2020,IBGE_2024
3529401,Mauá,SP,62.034,9,set,81.83486137552622,OK,1991,2020,30,CHIRPS_v2,UCSB-CHG/CHIRPS/DAILY,1991-2020,IBGE_2024
3513009,Cotia,SP,324.0,9,set,79.39863041551475,OK,1991,2020,30,CHIRPS_v2,UCSB-CHG/CHIRPS/DAILY,1991-2020,IBGE_2024
3528502,Mairiporã,SP,320.492,9,set,71.9872713393186,OK,1991,2020,30,CHIRPS_v2,UCSB-CHG/CHIRPS/DAILY,1991-2020,IBGE_2024
3503901,Arujá,SP,96.369,9,set,72.28562578486307,OK,1991,2020,30,CHIRPS_v2,UCSB-CHG/CHIRPS/DAILY,1991-2020,IBGE_2024
3545001,Salesópolis,SP,424.997,9,set,97.7348520285062,OK,1991,2020,30,CHIRPS_v2,UCSB-CHG/CHIRPS/DAILY,1991-2020,IBGE_2024
3552502,Suzano,SP,206.236,9,set,96.39187736839638,OK,1991,2020,30,CHIRPS_v2,UCSB-CHG/CHIRPS/DAILY,1991-2020,IBGE_2024
3552809,Taboão da Serra,SP,20.371,9,set,78.89815125605945,OK,1991,2020,30,CHIRPS_v2,UCSB-CHG/CHIRPS/DAILY,1991-2020,IBGE_2024
3544103,Rio Grande da Serra,SP,36.341,9,set,122.54517736930947,OK,1991,2020,30,CHIRPS_v2,UCSB-CHG/CHIRPS/DAILY,1991-2020,IBGE_2024
3543303,Ribeirão Pires,SP,98.972,9,set,102.99685705956936,OK,1991,2020,30,CHIRPS_v2,UCSB-CHG/CHIRPS/DAILY,1991-2020,IBGE_2024
3518800,Guarulhos,SP,318.838,9,set,72.49016560735669,OK,1991,2020,30,CHIRPS_v2,UCSB-CHG/CHIRPS/DAILY,1991-2020,IBGE_2024
3510609,Carapicuíba,SP,34.234,9,set,78.72003004492404,OK,1991,2020,30,CHIRPS_v2,UCSB-CHG/CHIRPS/DAILY,1991-2020,IBGE_2024
3550308,São Paulo,SP,1522.683,9,set,89.71277819488165,OK,1991,2020,30,CHIRPS_v2,UCSB-CHG/CHIRPS/DAILY,1991-2020,IBGE_2024
3534401,Osasco,SP,64.999,9,set,81.68102459161915,OK,1991,2020,30,CHIRPS_v2,UCSB-CHG/CHIRPS/DAILY,1991-2020,IBGE_2024
3549953,São Lourenço da Serra,SP,186.353,9,set,89.41046802638778,OK,1991,2020,30,CHIRPS_v2,UCSB-CHG/CHIRPS/DAILY,1991-2020,IBGE_2024
3509007,Caieiras,SP,97.745,9,set,73.04165521536697,OK,1991,2020,30,CHIRPS_v2,UCSB-CHG/CHIRPS/DAILY,1991-2020,IBGE_2024
3509205,Cajamar,SP,131.521,9,set,76.30181134979436,OK,1991,2020,30,CHIRPS_v2,UCSB-CHG/CHIRPS/DAILY,1991-2020,IBGE_2024
3525003,Jandira,SP,17.122,9,set,74.8478482808933,OK,1991,2020,30,CHIRPS_v2,UCSB-CHG/CHIRPS/DAILY,1991-2020,IBGE_2024
3516408,Franco da Rocha,SP,132.775,9,set,71.24159407657928,OK,1991,2020,30,CHIRPS_v2,UCSB-CHG/CHIRPS/DAILY,1991-2020,IBGE_2024
3548807,São Caetano do Sul,SP,15.421,9,set,71.2367645983327,OK,1991,2020,30,CHIRPS_v2,UCSB-CHG/CHIRPS/DAILY,1991-2020,IBGE_2024
3516309,Francisco Morato,SP,49.001,9,set,71.36339523380519,OK,1991,2020,30,CHIRPS_v2,UCSB-CHG/CHIRPS/DAILY,1991-2020,IBGE_2024
3515707,Ferraz de Vasconcelos,SP,29.58,9,set,84.75472843269692,OK,1991,2020,30,CHIRPS_v2,UCSB-CHG/CHIRPS/DAILY,1991-2020,IBGE_2024
3556453,Vargem Grande Paulista,SP,42.489,9,set,78.39978506959395,OK,1991,2020,30,CHIRPS_v2,UCSB-CHG/CHIRPS/DAILY,1991-2020,IBGE_2024
3548708,São Bernardo do Campo,SP,408.234,9,set,124.30656129813046,OK,1991,2020,30,CHIRPS_v2,UCSB-CHG/CHIRPS/DAILY,1991-2020,IBGE_2024
3515103,Embu-Guaçu,SP,155.285,9,set,92.0557822856462,OK,1991,2020,30,CHIRPS_v2,UCSB-CHG/CHIRPS/DAILY,1991-2020,IBGE_2024
3515004,Embu das Artes,SP,70.264,9,set,74.64198190144121,OK,1991,2020,30,CHIRPS_v2,UCSB-CHG/CHIRPS/DAILY,1991-2020,IBGE_2024
3547809,Santo André,SP,175.801,9,set,111.01578696060758,OK,1991,2020,30,CHIRPS_v2,UCSB-CHG/CHIRPS/DAILY,1991-2020,IBGE_2024
3539806,Poá,SP,17.264,9,set,83.96462854933566,OK,1991,2020,30,CHIRPS_v2,UCSB-CHG/CHIRPS/DAILY,1991-2020,IBGE_2024
3539103,Pirapora do Bom Jesus,SP,108.304,9,set,77.87255254178123,OK,1991,2020,30,CHIRPS_v2,UCSB-CHG/CHIRPS/DAILY,1991-2020,IBGE_2024
3547304,Santana de Parnaíba,SP,179.89,9,set,78.20563445526018,OK,1991,2020,30,CHIRPS_v2,UCSB-CHG/CHIRPS/DAILY,1991-2020,IBGE_2024
3523107,Itaquaquecetuba,SP,82.575,9,set,77.2014833742888,OK,1991,2020,30,CHIRPS_v2,UCSB-CHG/CHIRPS/DAILY,1991-2020,IBGE_2024
3506607,Biritiba Mirim,SP,317.406,9,set,105.61190563251407,OK,1991,2020,30,CHIRPS_v2,UCSB-CHG/CHIRPS/DAILY,1991-2020,IBGE_2024
3522208,Itapecerica da Serra,SP,151.012,9,set,82.33457583990365,OK,1991,2020,30,CHIRPS_v2,UCSB-CHG/CHIRPS/DAILY,1991-2020,IBGE_2024
3546801,Santa Isabel,SP,362.875,9,set,70.05586442090298,OK,1991,2020,30,CHIRPS_v2,UCSB-CHG/CHIRPS/DAILY,1991-2020,IBGE_2024
3522505,Itapevi,SP,82.583,9,set,74.63382757575523,OK,1991,2020,30,CHIRPS_v2,UCSB-CHG/CHIRPS/DAILY,1991-2020,IBGE_2024
3530607,Mogi das Cruzes,SP,712.532,9,set,96.28004727913178,OK,1991,2020,30,CHIRPS_v2,UCSB-CHG/CHIRPS/DAILY,1991-2020,IBGE_2024
3522109,Itanhaém,SP,601.018,9,set,125.67146679273043,OK,1991,2020,30,CHIRPS_v2,UCSB-CHG/CHIRPS/DAILY,1991-2020,IBGE_2024
3518701,Guarujá,SP,144.794,9,set,174.5296550764429,OK,1991,2020,30,CHIRPS_v2,UCSB-CHG/CHIRPS/DAILY,1991-2020,IBGE_2024
3551009,São Vicente,SP,147.774,9,set,173.85117778531512,OK,1991,2020,30,CHIRPS_v2,UCSB-CHG/CHIRPS/DAILY,1991-2020,IBGE_2024
3541000,Praia Grande,SP,149.652,9,set,164.22056464244875,OK,1991,2020,30,CHIRPS_v2,UCSB-CHG/CHIRPS/DAILY,1991-2020,IBGE_2024
3548500,Santos,SP,281.033,9,set,174.27983541811628,OK,1991,2020,30,CHIRPS_v2,UCSB-CHG/CHIRPS/DAILY,1991-2020,IBGE_2024
3531100,Mongaguá,SP,142.521,9,set,153.35849044647418,OK,1991,2020,30,CHIRPS_v2,UCSB-CHG/CHIRPS/DAILY,1991-2020,IBGE_2024
3513504,Cubatão,SP,143.649,9,set,176.98557519290975,OK,1991,2020,30,CHIRPS_v2,UCSB-CHG/CHIRPS/DAILY,1991-2020,IBGE_2024
3537602,Peruíbe,SP,323.331,9,set,114.72575294281376,OK,1991,2020,30,CHIRPS_v2,UCSB-CHG/CHIRPS/DAILY,1991-2020,IBGE_2024
3537206,Pedro de Toledo,SP,672.83,9,set,102.66717890977154,OK,1991,2020,30,CHIRPS_v2,UCSB-CHG/CHIRPS/DAILY,1991-2020,IBGE_2024
3523305,Itariri,SP,273.956,9,set,104.05542792172307,OK,1991,2020,30,CHIRPS_v2,UCSB-CHG/CHIRPS/DAILY,1991-2020,IBGE_2024
3506359,Bertioga,SP,491.546,9,set,161.08772991663835,OK,1991,2020,30,CHIRPS_v2,UCSB-CHG/CHIRPS/DAILY,1991-2020,IBGE_2024
3545308,Salto de Pirapora,SP,280.412,9,set,69.49614865418395,OK,1991,2020,30,CHIRPS_v2,UCSB-CHG/CHIRPS/DAILY,1991-2020,IBGE_2024
3545209,Salto,SP,133.057,9,set,69.0282232217688,OK,1991,2020,30,CHIRPS_v2,UCSB-CHG/CHIRPS/DAILY,1991-2020,IBGE_2024
3528403,Mairinque,SP,210.149,9,set,74.59256170782312,OK,1991,2020,30,CHIRPS_v2,UCSB-CHG/CHIRPS/DAILY,1991-2020,IBGE_2024
3502903,Araçoiaba da Serra,SP,255.305,9,set,68.52984944316427,OK,1991,2020,30,CHIRPS_v2,UCSB-CHG/CHIRPS/DAILY,1991-2020,IBGE_2024
3552205,Sorocaba,SP,449.872,9,set,70.08921905441589,OK,1991,2020,30,CHIRPS_v2,UCSB-CHG/CHIRPS/DAILY,1991-2020,IBGE_2024
3501152,Alumínio,SP,83.619,9,set,72.68275870945259,OK,1991,2020,30,CHIRPS_v2,UCSB-CHG/CHIRPS/DAILY,1991-2020,IBGE_2024
3550605,São Roque,SP,306.899,9,set,76.95013170780045,OK,1991,2020,30,CHIRPS_v2,UCSB-CHG/CHIRPS/DAILY,1991-2020,IBGE_2024
3557006,Votorantim,SP,184.186,9,set,70.03062253412168,OK,1991,2020,30,CHIRPS_v2,UCSB-CHG/CHIRPS/DAILY,1991-2020,IBGE_2024
3523909,Itu,SP,640.719,9,set,70.66364442889125,OK,1991,2020,30,CHIRPS_v2,UCSB-CHG/CHIRPS/DAILY,1991-2020,IBGE_2024
3537909,Pilar do Sul,SP,681.248,9,set,80.69933652547873,OK,1991,2020,30,CHIRPS_v2,UCSB-CHG/CHIRPS/DAILY,1991-2020,IBGE_2024
3537800,Piedade,SP,746.903,9,set,79.08730164346517,OK,1991,2020,30,CHIRPS_v2,UCSB-CHG/CHIRPS/DAILY,1991-2020,IBGE_2024
3553500,Tapiraí,SP,754.421,9,set,103.99700136546714,OK,1991,2020,30,CHIRPS_v2,UCSB-CHG/CHIRPS/DAILY,1991-2020,IBGE_2024
3521002,Iperó,SP,170.289,9,set,62.78772688772339,OK,1991,2020,30,CHIRPS_v2,UCSB-CHG/CHIRPS/DAILY,1991-2020,IBGE_2024
3519709,Ibiúna,SP,1058.01,9,set,85.08380344887925,OK,1991,2020,30,CHIRPS_v2,UCSB-CHG/CHIRPS/DAILY,1991-2020,IBGE_2024
3511508,Cerquilho,SP,127.803,9,set,59.58521730378856,OK,1991,2020,30,CHIRPS_v2,UCSB-CHG/CHIRPS/DAILY,1991-2020,IBGE_2024
3502754,Araçariguama,SP,145.247,9,set,76.14454557416659,OK,1991,2020,30,CHIRPS_v2,UCSB-CHG/CHIRPS/DAILY,1991-2020,IBGE_2024
3510302,Capela do Alto,SP,169.89,9,set,64.29429355593668,OK,1991,2020,30,CHIRPS_v2,UCSB-CHG/CHIRPS/DAILY,1991-2020,IBGE_2024
3551108,Sarapuí,SP,352.592,9,set,69.55170350600991,OK,1991,2020,30,CHIRPS_v2,UCSB-CHG/CHIRPS/DAILY,1991-2020,IBGE_2024
3525854,Jumirim,SP,56.685,9,set,56.07136948462409,OK,1991,2020,30,CHIRPS_v2,UCSB-CHG/CHIRPS/DAILY,1991-2020,IBGE_2024
3540606,Porto Feliz,SP,556.706,9,set,65.11424550674224,OK,1991,2020,30,CHIRPS_v2,UCSB-CHG/CHIRPS/DAILY,1991-2020,IBGE_2024
3507001,Boituva,SP,248.954,9,set,61.21613968822294,OK,1991,2020,30,CHIRPS_v2,UCSB-CHG/CHIRPS/DAILY,1991-2020,IBGE_2024
3554508,Tietê,SP,405.034,9,set,57.43908021827605,OK,1991,2020,30,CHIRPS_v2,UCSB-CHG/CHIRPS/DAILY,1991-2020,IBGE_2024
3505005,Barão de Antonina,SP,153.142,9,set,78.37291350083603,OK,1991,2020,30,CHIRPS_v2,UCSB-CHG/CHIRPS/DAILY,1991-2020,IBGE_2024
3553856,Taquarivaí,SP,231.792,9,set,92.09694226652019,OK,1991,2020,30,CHIRPS_v2,UCSB-CHG/CHIRPS/DAILY,1991-2020,IBGE_2024
3502705,Apiaí,SP,974.322,9,set,103.40612582105373,OK,1991,2020,30,CHIRPS_v2,UCSB-CHG/CHIRPS/DAILY,1991-2020,IBGE_2024
3543253,Ribeirão Grande,SP,333.363,9,set,92.0103230005003,OK,1991,2020,30,CHIRPS_v2,UCSB-CHG/CHIRPS/DAILY,1991-2020,IBGE_2024
3543501,Riversul,SP,385.878,9,set,95.88200924706852,OK,1991,2020,30,CHIRPS_v2,UCSB-CHG/CHIRPS/DAILY,1991-2020,IBGE_2024
3542800,Ribeira,SP,335.759,9,set,104.0046902104141,OK,1991,2020,30,CHIRPS_v2,UCSB-CHG/CHIRPS/DAILY,1991-2020,IBGE_2024
3543006,Ribeirão Branco,SP,697.5,9,set,100.44889103936936,OK,1991,2020,30,CHIRPS_v2,UCSB-CHG/CHIRPS/DAILY,1991-2020,IBGE_2024
3510203,Capão Bonito,SP,1640.229,9,set,89.70951141828672,OK,1991,2020,30,CHIRPS_v2,UCSB-CHG/CHIRPS/DAILY,1991-2020,IBGE_2024
3517604,Guapiara,SP,408.292,9,set,97.28629018092384,OK,1991,2020,30,CHIRPS_v2,UCSB-CHG/CHIRPS/DAILY,1991-2020,IBGE_2024
3508009,Buri,SP,1196.463,9,set,81.16875745410162,OK,1991,2020,30,CHIRPS_v2,UCSB-CHG/CHIRPS/DAILY,1991-2020,IBGE_2024
3532827,Nova Campina,SP,385.375,9,set,102.61076146896563,OK,1991,2020,30,CHIRPS_v2,UCSB-CHG/CHIRPS/DAILY,1991-2020,IBGE_2024
3523206,Itararé,SP,1003.86,9,set,102.03267914660822,OK,1991,2020,30,CHIRPS_v2,UCSB-CHG/CHIRPS/DAILY,1991-2020,IBGE_2024
3507159,Bom Sucesso de Itararé,SP,133.578,9,set,104.83137628773491,OK,1991,2020,30,CHIRPS_v2,UCSB-CHG/CHIRPS/DAILY,1991-2020,IBGE_2024
3522802,Itaporanga,SP,507.997,9,set,87.70086973768271,OK,1991,2020,30,CHIRPS_v2,UCSB-CHG/CHIRPS/DAILY,1991-2020,IBGE_2024
3522653,Itapirapuã Paulista,SP,406.478,9,set,105.06921208079396,OK,1991,2020,30,CHIRPS_v2,UCSB-CHG/CHIRPS/DAILY,1991-2020,IBGE_2024
3522158,Itaoca,SP,183.015,9,set,105.03844763597817,OK,1991,2020,30,CHIRPS_v2,UCSB-CHG/CHIRPS/DAILY,1991-2020,IBGE_2024
3522406,Itapeva,SP,1826.258,9,set,95.87946084240056,OK,1991,2020,30,CHIRPS_v2,UCSB-CHG/CHIRPS/DAILY,1991-2020,IBGE_2024
3521705,Itaberá,SP,1100.247,9,set,96.40786168971445,OK,1991,2020,30,CHIRPS_v2,UCSB-CHG/CHIRPS/DAILY,1991-2020,IBGE_2024
3505351,Barra do Chapéu,SP,405.681,9,set,103.99570614973669,OK,1991,2020,30,CHIRPS_v2,UCSB-CHG/CHIRPS/DAILY,1991-2020,IBGE_2024
3521200,Iporanga,SP,1152.059,9,set,106.6097479339115,OK,1991,2020,30,CHIRPS_v2,UCSB-CHG/CHIRPS/DAILY,1991-2020,IBGE_2024
3520301,Iguape,SP,1978.329,9,set,118.82964711799235,OK,1991,2020,30,CHIRPS_v2,UCSB-CHG/CHIRPS/DAILY,1991-2020,IBGE_2024
3520426,Ilha Comprida,SP,196.567,9,set,135.75745967500612,OK,1991,2020,30,CHIRPS_v2,UCSB-CHG/CHIRPS/DAILY,1991-2020,IBGE_2024
3536208,Pariquera-Açu,SP,359.414,9,set,104.21711081042163,OK,1991,2020,30,CHIRPS_v2,UCSB-CHG/CHIRPS/DAILY,1991-2020,IBGE_2024
3551801,Sete Barras,SP,1062.699,9,set,117.62664175469762,OK,1991,2020,30,CHIRPS_v2,UCSB-CHG/CHIRPS/DAILY,1991-2020,IBGE_2024
3509908,Cananéia,SP,1237.354,9,set,136.06263470143492,OK,1991,2020,30,CHIRPS_v2,UCSB-CHG/CHIRPS/DAILY,1991-2020,IBGE_2024
3542602,Registro,SP,722.201,9,set,107.13518701687619,OK,1991,2020,30,CHIRPS_v2,UCSB-CHG/CHIRPS/DAILY,1991-2020,IBGE_2024
3526100,Juquiá,SP,812.799,9,set,107.27973716803012,OK,1991,2020,30,CHIRPS_v2,UCSB-CHG/CHIRPS/DAILY,1991-2020,IBGE_2024
3509254,Cajati,SP,454.489,9,set,101.16701813678387,OK,1991,2020,30,CHIRPS_v2,UCSB-CHG/CHIRPS/DAILY,1991-2020,IBGE_2024
3524600,Jacupiranga,SP,704.136,9,set,106.57849678861317,OK,1991,2020,30,CHIRPS_v2,UCSB-CHG/CHIRPS/DAILY,1991-2020,IBGE_2024
3514809,Eldorado,SP,1654.256,9,set,102.17707811509968,OK,1991,2020,30,CHIRPS_v2,UCSB-CHG/CHIRPS/DAILY,1991-2020,IBGE_2024
3505401,Barra do Turvo,SP,1007.684,9,set,112.4906500745753,OK,1991,2020,30,CHIRPS_v2,UCSB-CHG/CHIRPS/DAILY,1991-2020,IBGE_2024
3529906,Miracatu,SP,1002.2,9,set,99.15047390644436,OK,1991,2020,30,CHIRPS_v2,UCSB-CHG/CHIRPS/DAILY,1991-2020,IBGE_2024
3500758,Alambari,SP,159.6,9,set,70.5650247428803,OK,1991,2020,30,CHIRPS_v2,UCSB-CHG/CHIRPS/DAILY,1991-2020,IBGE_2024
3522307,Itapetininga,SP,1789.35,9,set,75.96401389431448,OK,1991,2020,30,CHIRPS_v2,UCSB-CHG/CHIRPS/DAILY,1991-2020,IBGE_2024
3502200,Angatuba,SP,1028.104,9,set,71.00525202881147,OK,1991,2020,30,CHIRPS_v2,UCSB-CHG/CHIRPS/DAILY,1991-2020,IBGE_2024
3518503,Guareí,SP,567.719,9,set,64.32168879089686,OK,1991,2020,30,CHIRPS_v2,UCSB-CHG/CHIRPS/DAILY,1991-2020,IBGE_2024
3509452,Campina do Monte Alegre,SP,184.479,9,set,75.23896550109588,OK,1991,2020,30,CHIRPS_v2,UCSB-CHG/CHIRPS/DAILY,1991-2020,IBGE_2024
3550209,São Miguel Arcanjo,SP,930.339,9,set,83.85526495548139,OK,1991,2020,30,CHIRPS_v2,UCSB-CHG/CHIRPS/DAILY,1991-2020,IBGE_2024
3512605,Coronel Macedo,SP,303.83,9,set,86.63983246434029,OK,1991,2020,30,CHIRPS_v2,UCSB-CHG/CHIRPS/DAILY,1991-2020,IBGE_2024
3553807,Taquarituba,SP,448.515,9,set,80.75959039557665,OK,1991,2020,30,CHIRPS_v2,UCSB-CHG/CHIRPS/DAILY,1991-2020,IBGE_2024
3504503,Avaré,SP,1213.055,9,set,75.08671999250244,OK,1991,2020,30,CHIRPS_v2,UCSB-CHG/CHIRPS/DAILY,1991-2020,IBGE_2024
3553005,Taguaí,SP,145.332,9,set,81.15869862961797,OK,1991,2020,30,CHIRPS_v2,UCSB-CHG/CHIRPS/DAILY,1991-2020,IBGE_2024
3528601,Manduri,SP,229.046,9,set,77.28425166661874,OK,1991,2020,30,CHIRPS_v2,UCSB-CHG/CHIRPS/DAILY,1991-2020,IBGE_2024
3511409,Cerqueira César,SP,511.621,9,set,72.08622431735944,OK,1991,2020,30,CHIRPS_v2,UCSB-CHG/CHIRPS/DAILY,1991-2020,IBGE_2024
3519253,Iaras,SP,401.381,9,set,69.02095768049281,OK,1991,2020,30,CHIRPS_v2,UCSB-CHG/CHIRPS/DAILY,1991-2020,IBGE_2024
3535804,Paranapanema,SP,1018.724,9,set,75.8586540276328,OK,1991,2020,30,CHIRPS_v2,UCSB-CHG/CHIRPS/DAILY,1991-2020,IBGE_2024
3503109,Arandu,SP,285.908,9,set,75.8594158334566,OK,1991,2020,30,CHIRPS_v2,UCSB-CHG/CHIRPS/DAILY,1991-2020,IBGE_2024
3533809,Óleo,SP,198.938,9,set,78.05827968632029,OK,1991,2020,30,CHIRPS_v2,UCSB-CHG/CHIRPS/DAILY,1991-2020,IBGE_2024
3500550,Águas de Santa Bárbara,SP,404.463,9,set,70.44869595024659,OK,1991,2020,30,CHIRPS_v2,UCSB-CHG/CHIRPS/DAILY,1991-2020,IBGE_2024
3521804,Itaí,SP,1092.884,9,set,83.04041373044018,OK,1991,2020,30,CHIRPS_v2,UCSB-CHG/CHIRPS/DAILY,1991-2020,IBGE_2024
3554003,Tatuí,SP,523.749,9,set,64.77002463420426,OK,1991,2020,30,CHIRPS_v2,UCSB-CHG/CHIRPS/DAILY,1991-2020,IBGE_2024
3554656,Torre de Pedra,SP,71.506,9,set,66.03248502723537,OK,1991,2020,30,CHIRPS_v2,UCSB-CHG/CHIRPS/DAILY,1991-2020,IBGE_2024
3537503,Pereiras,SP,223.136,9,set,60.796204449317656,OK,1991,2020,30,CHIRPS_v2,UCSB-CHG/CHIRPS/DAILY,1991-2020,IBGE_2024
3511607,Cesário Lange,SP,190.392,9,set,61.331869654059666,OK,1991,2020,30,CHIRPS_v2,UCSB-CHG/CHIRPS/DAILY,1991-2020,IBGE_2024
3541653,Quadra,SP,205.672,9,set,63.59843367005903,OK,1991,2020,30,CHIRPS_v2,UCSB-CHG/CHIRPS/DAILY,1991-2020,IBGE_2024
3540507,Porangaba,SP,265.968,9,set,63.89674864201256,OK,1991,2020,30,CHIRPS_v2,UCSB-CHG/CHIRPS/DAILY,1991-2020,IBGE_2024
3539400,Piratininga,SP,402.409,9,set,60.728658561194806,OK,1991,2020,30,CHIRPS_v2,UCSB-CHG/CHIRPS/DAILY,1991-2020,IBGE_2024
3506003,Bauru,SP,667.684,9,set,58.64750592168422,OK,1991,2020,30,CHIRPS_v2,UCSB-CHG/CHIRPS/DAILY,1991-2020,IBGE_2024
3504305,Avaí,SP,540.689,9,set,52.25865261216516,OK,1991,2020,30,CHIRPS_v2,UCSB-CHG/CHIRPS/DAILY,1991-2020,IBGE_2024
3504701,Balbinos,SP,91.635,9,set,48.914000216011935,OK,1991,2020,30,CHIRPS_v2,UCSB-CHG/CHIRPS/DAILY,1991-2020,IBGE_2024
3536703,Pederneiras,SP,727.482,9,set,55.77204841544353,OK,1991,2020,30,CHIRPS_v2,UCSB-CHG/CHIRPS/DAILY,1991-2020,IBGE_2024
3536570,Paulistânia,SP,256.178,9,set,65.90518243268646,OK,1991,2020,30,CHIRPS_v2,UCSB-CHG/CHIRPS/DAILY,1991-2020,IBGE_2024
3503406,Arealva,SP,506.226,9,set,51.348161451644366,OK,1991,2020,30,CHIRPS_v2,UCSB-CHG/CHIRPS/DAILY,1991-2020,IBGE_2024
3528007,Macatuba,SP,224.514,9,set,54.94801849960302,OK,1991,2020,30,CHIRPS_v2,UCSB-CHG/CHIRPS/DAILY,1991-2020,IBGE_2024
3519105,Iacanga,SP,547.393,9,set,51.23246669791825,OK,1991,2020,30,CHIRPS_v2,UCSB-CHG/CHIRPS/DAILY,1991-2020,IBGE_2024
3527504,Lucianópolis,SP,189.536,9,set,63.53303249754678,OK,1991,2020,30,CHIRPS_v2,UCSB-CHG/CHIRPS/DAILY,1991-2020,IBGE_2024
3526803,Lençóis Paulista,SP,809.541,9,set,62.208195340558746,OK,1991,2020,30,CHIRPS_v2,UCSB-CHG/CHIRPS/DAILY,1991-2020,IBGE_2024
3542503,Reginópolis,SP,410.406,9,set,50.80619897434426,OK,1991,2020,30,CHIRPS_v2,UCSB-CHG/CHIRPS/DAILY,1991-2020,IBGE_2024
3500709,Agudos,SP,966.708,9,set,63.88873109408469,OK,1991,2020,30,CHIRPS_v2,UCSB-CHG/CHIRPS/DAILY,1991-2020,IBGE_2024
3508306,Cabrália Paulista,SP,239.974,9,set,64.45303616846765,OK,1991,2020,30,CHIRPS_v2,UCSB-CHG/CHIRPS/DAILY,1991-2020,IBGE_2024
3541109,Presidente Alves,SP,286.642,9,set,49.213555587860206,OK,1991,2020,30,CHIRPS_v2,UCSB-CHG/CHIRPS/DAILY,1991-2020,IBGE_2024
3507456,Borebi,SP,347.989,9,set,64.87267687298832,OK,1991,2020,30,CHIRPS_v2,UCSB-CHG/CHIRPS/DAILY,1991-2020,IBGE_2024
3514502,Duartina,SP,264.557,9,set,59.9515169651888,OK,1991,2020,30,CHIRPS_v2,UCSB-CHG/CHIRPS/DAILY,1991-2020,IBGE_2024
3555505,Ubirajara,SP,282.179,9,set,67.41699172974548,OK,1991,2020,30,CHIRPS_v2,UCSB-CHG/CHIRPS/DAILY,1991-2020,IBGE_2024
3538907,Pirajuí,SP,823.758,9,set,50.257000563770724,OK,1991,2020,30,CHIRPS_v2,UCSB-CHG/CHIRPS/DAILY,1991-2020,IBGE_2024
3525300,Jaú,SP,687.103,9,set,56.31882203857111,OK,1991,2020,30,CHIRPS_v2,UCSB-CHG/CHIRPS/DAILY,1991-2020,IBGE_2024
3505302,Barra Bonita,SP,150.121,9,set,55.13867285814114,OK,1991,2020,30,CHIRPS_v2,UCSB-CHG/CHIRPS/DAILY,1991-2020,IBGE_2024
3554706,Torrinha,SP,315.267,9,set,58.65835877502544,OK,1991,2020,30,CHIRPS_v2,UCSB-CHG/CHIRPS/DAILY,1991-2020,IBGE_2024
3505203,Bariri,SP,444.405,9,set,50.57237523068452,OK,1991,2020,30,CHIRPS_v2,UCSB-CHG/CHIRPS/DAILY,1991-2020,IBGE_2024
3520004,Igaraçu do Tietê,SP,97.747,9,set,55.481411937754466,OK,1991,2020,30,CHIRPS_v2,UCSB-CHG/CHIRPS/DAILY,1991-2020,IBGE_2024
3507902,Brotas,SP,1101.373,9,set,58.001526934235955,OK,1991,2020,30,CHIRPS_v2,UCSB-CHG/CHIRPS/DAILY,1991-2020,IBGE_2024
3507308,Boracéia,SP,122.11,9,set,51.51245337696364,OK,1991,2020,30,CHIRPS_v2,UCSB-CHG/CHIRPS/DAILY,1991-2020,IBGE_2024
3506805,Bocaina,SP,363.926,9,set,54.304277602439264,OK,1991,2020,30,CHIRPS_v2,UCSB-CHG/CHIRPS/DAILY,1991-2020,IBGE_2024
3522901,Itapuí,SP,140.023,9,set,54.876576066375236,OK,1991,2020,30,CHIRPS_v2,UCSB-CHG/CHIRPS/DAILY,1991-2020,IBGE_2024
3514106,Dois Córregos,SP,632.972,9,set,61.022420988285276,OK,1991,2020,30,CHIRPS_v2,UCSB-CHG/CHIRPS/DAILY,1991-2020,IBGE_2024
3529807,Mineiros do Tietê,SP,213.242,9,set,58.265904449430224,OK,1991,2020,30,CHIRPS_v2,UCSB-CHG/CHIRPS/DAILY,1991-2020,IBGE_2024
3522000,Itaju,SP,230.355,9,set,49.870843924134796,OK,1991,2020,30,CHIRPS_v2,UCSB-CHG/CHIRPS/DAILY,1991-2020,IBGE_2024
3507506,Botucatu,SP,1481.772,9,set,63.37269844541469,OK,1991,2020,30,CHIRPS_v2,UCSB-CHG/CHIRPS/DAILY,1991-2020,IBGE_2024
3512308,Conchas,SP,467.327,9,set,59.581185995767946,OK,1991,2020,30,CHIRPS_v2,UCSB-CHG/CHIRPS/DAILY,1991-2020,IBGE_2024
3536109,Pardinho,SP,208.223,9,set,65.18275133238292,OK,1991,2020,30,CHIRPS_v2,UCSB-CHG/CHIRPS/DAILY,1991-2020,IBGE_2024
3503604,Areiópolis,SP,85.907,9,set,58.63199276648276,OK,1991,2020,30,CHIRPS_v2,UCSB-CHG/CHIRPS/DAILY,1991-2020,IBGE_2024
3502309,Anhembi,SP,736.09,9,set,59.407765271845456,OK,1991,2020,30,CHIRPS_v2,UCSB-CHG/CHIRPS/DAILY,1991-2020,IBGE_2024
3550100,São Manuel,SP,650.734,9,set,60.212471302703406,OK,1991,2020,30,CHIRPS_v2,UCSB-CHG/CHIRPS/DAILY,1991-2020,IBGE_2024
3541059,Pratânia,SP,175.1,9,set,63.497215142002446,OK,1991,2020,30,CHIRPS_v2,UCSB-CHG/CHIRPS/DAILY,1991-2020,IBGE_2024
3506904,Bofete,SP,654.546,9,set,64.58101912049734,OK,1991,2020,30,CHIRPS_v2,UCSB-CHG/CHIRPS/DAILY,1991-2020,IBGE_2024
3523503,Itatinga,SP,979.526,9,set,71.37585875223425,OK,1991,2020,30,CHIRPS_v2,UCSB-CHG/CHIRPS/DAILY,1991-2020,IBGE_2024
3544608,Sabino,SP,305.285,9,set,47.24696217409183,OK,1991,2020,30,CHIRPS_v2,UCSB-CHG/CHIRPS/DAILY,1991-2020,IBGE_2024
3527108,Lins,SP,570.058,9,set,52.707729299870294,OK,1991,2020,30,CHIRPS_v2,UCSB-CHG/CHIRPS/DAILY,1991-2020,IBGE_2024
3518107,Guarantã,SP,461.746,9,set,52.30353225640994,OK,1991,2020,30,CHIRPS_v2,UCSB-CHG/CHIRPS/DAILY,1991-2020,IBGE_2024
3517208,Guaiçara,SP,277.154,9,set,49.97461818336942,OK,1991,2020,30,CHIRPS_v2,UCSB-CHG/CHIRPS/DAILY,1991-2020,IBGE_2024
3541604,Promissão,SP,779.2,9,set,48.6457734297632,OK,1991,2020,30,CHIRPS_v2,UCSB-CHG/CHIRPS/DAILY,1991-2020,IBGE_2024
3508801,Cafelândia,SP,920.28,9,set,51.3954917174066,OK,1991,2020,30,CHIRPS_v2,UCSB-CHG/CHIRPS/DAILY,1991-2020,IBGE_2024
3540101,Pongaí,SP,183.399,9,set,51.78580490526966,OK,1991,2020,30,CHIRPS_v2,UCSB-CHG/CHIRPS/DAILY,1991-2020,IBGE_2024
3555901,Uru,SP,146.901,9,set,51.86065098333147,OK,1991,2020,30,CHIRPS_v2,UCSB-CHG/CHIRPS/DAILY,1991-2020,IBGE_2024
3529005,Marília,SP,1170.515,9,set,59.24777019132197,OK,1991,2020,30,CHIRPS_v2,UCSB-CHG/CHIRPS/DAILY,1991-2020,IBGE_2024
3534104,Oriente,SP,218.668,9,set,59.378781842671046,OK,1991,2020,30,CHIRPS_v2,UCSB-CHG/CHIRPS/DAILY,1991-2020,IBGE_2024
3556602,Vera Cruz,SP,247.716,9,set,57.75090988943149,OK,1991,2020,30,CHIRPS_v2,UCSB-CHG/CHIRPS/DAILY,1991-2020,IBGE_2024
3527801,Lupércio,SP,155.171,9,set,64.6367793787937,OK,1991,2020,30,CHIRPS_v2,UCSB-CHG/CHIRPS/DAILY,1991-2020,IBGE_2024
3534500,Oscar Bressane,SP,222.13,9,set,62.668078037933974,OK,1991,2020,30,CHIRPS_v2,UCSB-CHG/CHIRPS/DAILY,1991-2020,IBGE_2024
3525805,Júlio Mesquita,SP,128.183,9,set,56.458435835968075,OK,1991,2020,30,CHIRPS_v2,UCSB-CHG/CHIRPS/DAILY,1991-2020,IBGE_2024
3509809,Campos Novos Paulista,SP,484.199,9,set,70.18595499337587,OK,1991,2020,30,CHIRPS_v2,UCSB-CHG/CHIRPS/DAILY,1991-2020,IBGE_2024
3501400,Álvaro de Carvalho,SP,153.662,9,set,59.925080084010176,OK,1991,2020,30,CHIRPS_v2,UCSB-CHG/CHIRPS/DAILY,1991-2020,IBGE_2024
3501509,Alvinlândia,SP,84.879,9,set,65.14169011823515,OK,1991,2020,30,CHIRPS_v2,UCSB-CHG/CHIRPS/DAILY,1991-2020,IBGE_2024
3517000,Getulina,SP,676.755,9,set,52.54934443192285,OK,1991,2020,30,CHIRPS_v2,UCSB-CHG/CHIRPS/DAILY,1991-2020,IBGE_2024
3533700,Ocauçu,SP,301.036,9,set,64.77960456310834,OK,1991,2020,30,CHIRPS_v2,UCSB-CHG/CHIRPS/DAILY,1991-2020,IBGE_2024
3542008,Quintana,SP,318.937,9,set,60.47437828144121,OK,1991,2020,30,CHIRPS_v2,UCSB-CHG/CHIRPS/DAILY,1991-2020,IBGE_2024
3517307,Guaimbê,SP,217.811,9,set,53.71876514454209,OK,1991,2020,30,CHIRPS_v2,UCSB-CHG/CHIRPS/DAILY,1991-2020,IBGE_2024
3516705,Garça,SP,555.807,9,set,58.134141037956496,OK,1991,2020,30,CHIRPS_v2,UCSB-CHG/CHIRPS/DAILY,1991-2020,IBGE_2024
3516606,Gália,SP,355.914,9,set,59.3224579847666,OK,1991,2020,30,CHIRPS_v2,UCSB-CHG/CHIRPS/DAILY,1991-2020,IBGE_2024
3515657,Fernão,SP,100.504,9,set,58.56558590303245,OK,1991,2020,30,CHIRPS_v2,UCSB-CHG/CHIRPS/DAILY,1991-2020,IBGE_2024
3540002,Pompéia,SP,784.674,9,set,58.761338144248136,OK,1991,2020,30,CHIRPS_v2,UCSB-CHG/CHIRPS/DAILY,1991-2020,IBGE_2024
3514700,Echaporã,SP,515.258,9,set,66.02686028598343,OK,1991,2020,30,CHIRPS_v2,UCSB-CHG/CHIRPS/DAILY,1991-2020,IBGE_2024
3553955,Tarumã,SP,302.913,9,set,74.79423947115971,OK,1991,2020,30,CHIRPS_v2,UCSB-CHG/CHIRPS/DAILY,1991-2020,IBGE_2024
3513306,Cruzália,SP,149.33,9,set,75.25733275203768,OK,1991,2020,30,CHIRPS_v2,UCSB-CHG/CHIRPS/DAILY,1991-2020,IBGE_2024
3537156,Pedrinhas Paulista,SP,152.309,9,set,76.75672041396379,OK,1991,2020,30,CHIRPS_v2,UCSB-CHG/CHIRPS/DAILY,1991-2020,IBGE_2024
3528809,Maracaí,SP,533.498,9,set,72.98423182335345,OK,1991,2020,30,CHIRPS_v2,UCSB-CHG/CHIRPS/DAILY,1991-2020,IBGE_2024
3527900,Lutécia,SP,475.226,9,set,63.770559301228346,OK,1991,2020,30,CHIRPS_v2,UCSB-CHG/CHIRPS/DAILY,1991-2020,IBGE_2024
3504008,Assis,SP,460.609,9,set,75.38596869705066,OK,1991,2020,30,CHIRPS_v2,UCSB-CHG/CHIRPS/DAILY,1991-2020,IBGE_2024
3535507,Paraguaçu Paulista,SP,1001.492,9,set,68.98935417285877,OK,1991,2020,30,CHIRPS_v2,UCSB-CHG/CHIRPS/DAILY,1991-2020,IBGE_2024
3535309,Palmital,SP,548.407,9,set,74.84096705055752,OK,1991,2020,30,CHIRPS_v2,UCSB-CHG/CHIRPS/DAILY,1991-2020,IBGE_2024
3510005,Cândido Mota,SP,595.811,9,set,78.58380843437986,OK,1991,2020,30,CHIRPS_v2,UCSB-CHG/CHIRPS/DAILY,1991-2020,IBGE_2024
3516101,Florínea,SP,225.886,9,set,79.16066996462921,OK,1991,2020,30,CHIRPS_v2,UCSB-CHG/CHIRPS/DAILY,1991-2020,IBGE_2024
3539707,Platina,SP,327.48,9,set,73.27784147985503,OK,1991,2020,30,CHIRPS_v2,UCSB-CHG/CHIRPS/DAILY,1991-2020,IBGE_2024
3507209,Borá,SP,118.951,9,set,62.91931127134602,OK,1991,2020,30,CHIRPS_v2,UCSB-CHG/CHIRPS/DAILY,1991-2020,IBGE_2024
3534708,Ourinhos,SP,295.818,9,set,78.59677541032023,OK,1991,2020,30,CHIRPS_v2,UCSB-CHG/CHIRPS/DAILY,1991-2020,IBGE_2024
3510153,Canitar,SP,57.459,9,set,79.0000752018464,OK,1991,2020,30,CHIRPS_v2,UCSB-CHG/CHIRPS/DAILY,1991-2020,IBGE_2024
3545407,Salto Grande,SP,188.441,9,set,77.35958112188912,OK,1991,2020,30,CHIRPS_v2,UCSB-CHG/CHIRPS/DAILY,1991-2020,IBGE_2024
3520905,Ipaussu,SP,209.554,9,set,78.53356379089075,OK,1991,2020,30,CHIRPS_v2,UCSB-CHG/CHIRPS/DAILY,1991-2020,IBGE_2024
3519501,Ibirarema,SP,228.23,9,set,74.58773211986635,OK,1991,2020,30,CHIRPS_v2,UCSB-CHG/CHIRPS/DAILY,1991-2020,IBGE_2024
3543204,Ribeirão do Sul,SP,203.208,9,set,72.24929409756166,OK,1991,2020,30,CHIRPS_v2,UCSB-CHG/CHIRPS/DAILY,1991-2020,IBGE_2024
3550506,São Pedro do Turvo,SP,731.221,9,set,71.62853824113739,OK,1991,2020,30,CHIRPS_v2,UCSB-CHG/CHIRPS/DAILY,1991-2020,IBGE_2024
3557204,Chavantes,SP,188.727,9,set,77.90994396949847,OK,1991,2020,30,CHIRPS_v2,UCSB-CHG/CHIRPS/DAILY,1991-2020,IBGE_2024
3515194,Espírito Santo do Turvo,SP,193.666,9,set,70.2506397881532,OK,1991,2020,30,CHIRPS_v2,UCSB-CHG/CHIRPS/DAILY,1991-2020,IBGE_2024
3506300,Bernardino de Campos,SP,244.158,9,set,82.32407414279595,OK,1991,2020,30,CHIRPS_v2,UCSB-CHG/CHIRPS/DAILY,1991-2020,IBGE_2024
3546405,Santa Cruz do Rio Pardo,SP,1114.747,9,set,76.65826485399843,OK,1991,2020,30,CHIRPS_v2,UCSB-CHG/CHIRPS/DAILY,1991-2020,IBGE_2024
3536000,Parapuã,SP,366.676,9,set,64.54484319507392,OK,1991,2020,30,CHIRPS_v2,UCSB-CHG/CHIRPS/DAILY,1991-2020,IBGE_2024
3503356,Arco-Íris,SP,264.904,9,set,53.36889269108214,OK,1991,2020,30,CHIRPS_v2,UCSB-CHG/CHIRPS/DAILY,1991-2020,IBGE_2024
3519204,Iacri,SP,321.948,9,set,56.282666219512976,OK,1991,2020,30,CHIRPS_v2,UCSB-CHG/CHIRPS/DAILY,1991-2020,IBGE_2024
3543808,Rinópolis,SP,358.481,9,set,54.99372895241559,OK,1991,2020,30,CHIRPS_v2,UCSB-CHG/CHIRPS/DAILY,1991-2020,IBGE_2024
3519006,Herculândia,SP,364.252,9,set,60.70928520002723,OK,1991,2020,30,CHIRPS_v2,UCSB-CHG/CHIRPS/DAILY,1991-2020,IBGE_2024
3541802,Queiroz,SP,234.914,9,set,53.35613144295053,OK,1991,2020,30,CHIRPS_v2,UCSB-CHG/CHIRPS/DAILY,1991-2020,IBGE_2024
3555000,Tupã,SP,627.986,9,set,60.319279465089416,OK,1991,2020,30,CHIRPS_v2,UCSB-CHG/CHIRPS/DAILY,1991-2020,IBGE_2024
3505807,Bastos,SP,170.912,9,set,61.77703574368089,OK,1991,2020,30,CHIRPS_v2,UCSB-CHG/CHIRPS/DAILY,1991-2020,IBGE_2024
3554201,Tejupá,SP,296.189,9,set,86.16494003342271,OK,1991,2020,30,CHIRPS_v2,UCSB-CHG/CHIRPS/DAILY,1991-2020,IBGE_2024
3551207,Sarutaiá,SP,141.608,9,set,82.83528395667358,OK,1991,2020,30,CHIRPS_v2,UCSB-CHG/CHIRPS/DAILY,1991-2020,IBGE_2024
3515400,Fartura,SP,429.171,9,set,84.9316007390269,OK,1991,2020,30,CHIRPS_v2,UCSB-CHG/CHIRPS/DAILY,1991-2020,IBGE_2024
3538808,Piraju,SP,504.591,9,set,80.20784954689307,OK,1991,2020,30,CHIRPS_v2,UCSB-CHG/CHIRPS/DAILY,1991-2020,IBGE_2024
3554607,Timburi,SP,196.79,9,set,80.01671346714949,OK,1991,2020,30,CHIRPS_v2,UCSB-CHG/CHIRPS/DAILY,1991-2020,IBGE_2024
3554300,Teodoro Sampaio,SP,1559.776,9,set,86.07322867011011,OK,1991,2020,30,CHIRPS_v2,UCSB-CHG/CHIRPS/DAILY,1991-2020,IBGE_2024
3529203,Martinópolis,SP,1251.492,9,set,63.84653745069942,OK,1991,2020,30,CHIRPS_v2,UCSB-CHG/CHIRPS/DAILY,1991-2020,IBGE_2024
3545506,Sandovalina,SP,455.856,9,set,78.72446958513926,OK,1991,2020,30,CHIRPS_v2,UCSB-CHG/CHIRPS/DAILY,1991-2020,IBGE_2024
3544251,Rosana,SP,742.762,9,set,92.79867881280049,OK,1991,2020,30,CHIRPS_v2,UCSB-CHG/CHIRPS/DAILY,1991-2020,IBGE_2024
3519907,Iepê,SP,594.985,9,set,77.34407204268975,OK,1991,2020,30,CHIRPS_v2,UCSB-CHG/CHIRPS/DAILY,1991-2020,IBGE_2024
3543238,Ribeirão dos Índios,SP,196.467,9,set,56.37174473188752,OK,1991,2020,30,CHIRPS_v2,UCSB-CHG/CHIRPS/DAILY,1991-2020,IBGE_2024
3542206,Rancharia,SP,1591.148,9,set,66.39939709462126,OK,1991,2020,30,CHIRPS_v2,UCSB-CHG/CHIRPS/DAILY,1991-2020,IBGE_2024
3541703,Quatá,SP,651.341,9,set,62.653048728042684,OK,1991,2020,30,CHIRPS_v2,UCSB-CHG/CHIRPS/DAILY,1991-2020,IBGE_2024
3525607,João Ramalho,SP,415.452,9,set,63.81919091506597,OK,1991,2020,30,CHIRPS_v2,UCSB-CHG/CHIRPS/DAILY,1991-2020,IBGE_2024
3532157,Nantes,SP,286.444,9,set,73.79010558744379,OK,1991,2020,30,CHIRPS_v2,UCSB-CHG/CHIRPS/DAILY,1991-2020,IBGE_2024
3515350,Euclides da Cunha Paulista,SP,571.169,9,set,94.10844583973545,OK,1991,2020,30,CHIRPS_v2,UCSB-CHG/CHIRPS/DAILY,1991-2020,IBGE_2024
3547700,Santo Anastácio,SP,552.876,9,set,63.88419180551123,OK,1991,2020,30,CHIRPS_v2,UCSB-CHG/CHIRPS/DAILY,1991-2020,IBGE_2024
3530201,Mirante do Paranapanema,SP,1238.931,9,set,71.85558501718164,OK,1991,2020,30,CHIRPS_v2,UCSB-CHG/CHIRPS/DAILY,1991-2020,IBGE_2024
3553906,Tarabai,SP,201.385,9,set,72.43556864910077,OK,1991,2020,30,CHIRPS_v2,UCSB-CHG/CHIRPS/DAILY,1991-2020,IBGE_2024
3520608,Indiana,SP,129.019,9,set,64.17216714270613,OK,1991,2020,30,CHIRPS_v2,UCSB-CHG/CHIRPS/DAILY,1991-2020,IBGE_2024
3552908,Taciba,SP,606.755,9,set,73.51388389453469,OK,1991,2020,30,CHIRPS_v2,UCSB-CHG/CHIRPS/DAILY,1991-2020,IBGE_2024
3502408,Anhumas,SP,320.84,9,set,72.55694718946067,OK,1991,2020,30,CHIRPS_v2,UCSB-CHG/CHIRPS/DAILY,1991-2020,IBGE_2024
3501301,Álvares Machado,SP,347.647,9,set,64.40868314256898,OK,1991,2020,30,CHIRPS_v2,UCSB-CHG/CHIRPS/DAILY,1991-2020,IBGE_2024
3542404,Regente Feijó,SP,263.426,9,set,66.20192626556913,OK,1991,2020,30,CHIRPS_v2,UCSB-CHG/CHIRPS/DAILY,1991-2020,IBGE_2024
3508900,Caiabu,SP,252.704,9,set,60.706500690450206,OK,1991,2020,30,CHIRPS_v2,UCSB-CHG/CHIRPS/DAILY,1991-2020,IBGE_2024
3500808,Alfredo Marcondes,SP,118.915,9,set,60.50450495901533,OK,1991,2020,30,CHIRPS_v2,UCSB-CHG/CHIRPS/DAILY,1991-2020,IBGE_2024
3541208,Presidente Bernardes,SP,749.234,9,set,64.74614453362626,OK,1991,2020,30,CHIRPS_v2,UCSB-CHG/CHIRPS/DAILY,1991-2020,IBGE_2024
3541406,Presidente Prudente,SP,560.637,9,set,62.51548741163477,OK,1991,2020,30,CHIRPS_v2,UCSB-CHG/CHIRPS/DAILY,1991-2020,IBGE_2024
3548302,Santo Expedito,SP,94.465,9,set,56.67343730614315,OK,1991,2020,30,CHIRPS_v2,UCSB-CHG/CHIRPS/DAILY,1991-2020,IBGE_2024
3532207,Narandiba,SP,357.325,9,set,79.30789994615812,OK,1991,2020,30,CHIRPS_v2,UCSB-CHG/CHIRPS/DAILY,1991-2020,IBGE_2024
3515129,Emilianópolis,SP,225.177,9,set,56.0991845310764,OK,1991,2020,30,CHIRPS_v2,UCSB-CHG/CHIRPS/DAILY,1991-2020,IBGE_2024
3539202,Pirapozinho,SP,477.673,9,set,76.90969978204414,OK,1991,2020,30,CHIRPS_v2,UCSB-CHG/CHIRPS/DAILY,1991-2020,IBGE_2024
3515301,Estrela do Norte,SP,264.987,9,set,76.41069156823252,OK,1991,2020,30,CHIRPS_v2,UCSB-CHG/CHIRPS/DAILY,1991-2020,IBGE_2024
3528908,Mariápolis,SP,186.432,9,set,54.80713340607324,OK,1991,2020,30,CHIRPS_v2,UCSB-CHG/CHIRPS/DAILY,1991-2020,IBGE_2024
3520806,Inúbia Paulista,SP,87.119,9,set,50.957639994418415,OK,1991,2020,30,CHIRPS_v2,UCSB-CHG/CHIRPS/DAILY,1991-2020,IBGE_2024
3544707,Sagres,SP,147.923,9,set,59.37353748077553,OK,1991,2020,30,CHIRPS_v2,UCSB-CHG/CHIRPS/DAILY,1991-2020,IBGE_2024
3545100,Salmourão,SP,172.934,9,set,47.76669414475738,OK,1991,2020,30,CHIRPS_v2,UCSB-CHG/CHIRPS/DAILY,1991-2020,IBGE_2024
3527405,Lucélia,SP,314.81,9,set,51.563877498790326,OK,1991,2020,30,CHIRPS_v2,UCSB-CHG/CHIRPS/DAILY,1991-2020,IBGE_2024
3534609,Osvaldo Cruz,SP,248.038,9,set,54.7391021554194,OK,1991,2020,30,CHIRPS_v2,UCSB-CHG/CHIRPS/DAILY,1991-2020,IBGE_2024
3534906,Pacaembu,SP,339.375,9,set,51.975287613136814,OK,1991,2020,30,CHIRPS_v2,UCSB-CHG/CHIRPS/DAILY,1991-2020,IBGE_2024
3500105,Adamantina,SP,411.987,9,set,51.69893141267526,OK,1991,2020,30,CHIRPS_v2,UCSB-CHG/CHIRPS/DAILY,1991-2020,IBGE_2024
3516002,Flórida Paulista,SP,524.138,9,set,52.32383986363188,OK,1991,2020,30,CHIRPS_v2,UCSB-CHG/CHIRPS/DAILY,1991-2020,IBGE_2024
3540853,Pracinha,SP,63.141,9,set,56.50899233847006,OK,1991,2020,30,CHIRPS_v2,UCSB-CHG/CHIRPS/DAILY,1991-2020,IBGE_2024
3521606,Irapuru,SP,214.078,9,set,52.78031749692096,OK,1991,2020,30,CHIRPS_v2,UCSB-CHG/CHIRPS/DAILY,1991-2020,IBGE_2024
3536406,Paulicéia,SP,374.091,9,set,50.26939872846024,OK,1991,2020,30,CHIRPS_v2,UCSB-CHG/CHIRPS/DAILY,1991-2020,IBGE_2024
3535408,Panorama,SP,356.05,9,set,51.00550591543923,OK,1991,2020,30,CHIRPS_v2,UCSB-CHG/CHIRPS/DAILY,1991-2020,IBGE_2024
3534807,Ouro Verde,SP,266.778,9,set,53.03868718514699,OK,1991,2020,30,CHIRPS_v2,UCSB-CHG/CHIRPS/DAILY,1991-2020,IBGE_2024
3526001,Junqueirópolis,SP,583.273,9,set,53.03310154439414,OK,1991,2020,30,CHIRPS_v2,UCSB-CHG/CHIRPS/DAILY,1991-2020,IBGE_2024
3533106,Nova Guataporanga,SP,34.675,9,set,45.85935665902605,OK,1991,2020,30,CHIRPS_v2,UCSB-CHG/CHIRPS/DAILY,1991-2020,IBGE_2024
3549300,São João do Pau d'Alho,SP,117.514,9,set,48.119594697383185,OK,1991,2020,30,CHIRPS_v2,UCSB-CHG/CHIRPS/DAILY,1991-2020,IBGE_2024
3515806,Flora Rica,SP,224.619,9,set,53.517465529526596,OK,1991,2020,30,CHIRPS_v2,UCSB-CHG/CHIRPS/DAILY,1991-2020,IBGE_2024
3531605,Monte Castelo,SP,233.289,9,set,38.39755397795828,OK,1991,2020,30,CHIRPS_v2,UCSB-CHG/CHIRPS/DAILY,1991-2020,IBGE_2024
3555109,Tupi Paulista,SP,244.663,9,set,48.45590066278871,OK,1991,2020,30,CHIRPS_v2,UCSB-CHG/CHIRPS/DAILY,1991-2020,IBGE_2024
3514403,Dracena,SP,487.271,9,set,57.72893790263393,OK,1991,2020,30,CHIRPS_v2,UCSB-CHG/CHIRPS/DAILY,1991-2020,IBGE_2024
3547106,Santa Mercedes,SP,166.884,9,set,48.46214206696801,OK,1991,2020,30,CHIRPS_v2,UCSB-CHG/CHIRPS/DAILY,1991-2020,IBGE_2024
3538303,Piquerobi,SP,482.769,9,set,60.55718715208302,OK,1991,2020,30,CHIRPS_v2,UCSB-CHG/CHIRPS/DAILY,1991-2020,IBGE_2024
3528700,Marabá Paulista,SP,919.519,9,set,68.80897647519473,OK,1991,2020,30,CHIRPS_v2,UCSB-CHG/CHIRPS/DAILY,1991-2020,IBGE_2024
3509106,Caiuá,SP,551.159,9,set,57.481912964468044,OK,1991,2020,30,CHIRPS_v2,UCSB-CHG/CHIRPS/DAILY,1991-2020,IBGE_2024
3541307,Presidente Epitácio,SP,1260.281,9,set,64.44762798290319,OK,1991,2020,30,CHIRPS_v2,UCSB-CHG/CHIRPS/DAILY,1991-2020,IBGE_2024
3541505,Presidente Venceslau,SP,755.203,9,set,59.216902020631906,OK,1991,2020,30,CHIRPS_v2,UCSB-CHG/CHIRPS/DAILY,1991-2020,IBGE_2024
3502804,Araçatuba,SP,1167.126,9,set,51.105215540333155,OK,1991,2020,30,CHIRPS_v2,UCSB-CHG/CHIRPS/DAILY,1991-2020,IBGE_2024
3504206,Auriflama,SP,434.117,9,set,56.95942603235878,OK,1991,2020,30,CHIRPS_v2,UCSB-CHG/CHIRPS/DAILY,1991-2020,IBGE_2024
3528304,Magda,SP,312.282,9,set,54.49354728990434,OK,1991,2020,30,CHIRPS_v2,UCSB-CHG/CHIRPS/DAILY,1991-2020,IBGE_2024
3544400,Rubiácea,SP,236.484,9,set,50.920403779813604,OK,1991,2020,30,CHIRPS_v2,UCSB-CHG/CHIRPS/DAILY,1991-2020,IBGE_2024
3518909,Guzolândia,SP,252.722,9,set,56.25775937849198,OK,1991,2020,30,CHIRPS_v2,UCSB-CHG/CHIRPS/DAILY,1991-2020,IBGE_2024
3518206,Guararapes,SP,955.637,9,set,50.87278502525591,OK,1991,2020,30,CHIRPS_v2,UCSB-CHG/CHIRPS/DAILY,1991-2020,IBGE_2024
3533304,Nova Luzitânia,SP,73.69,9,set,56.55405073142048,OK,1991,2020,30,CHIRPS_v2,UCSB-CHG/CHIRPS/DAILY,1991-2020,IBGE_2024
3516903,General Salgado,SP,493.88,9,set,55.78147390044534,OK,1991,2020,30,CHIRPS_v2,UCSB-CHG/CHIRPS/DAILY,1991-2020,IBGE_2024
3516804,Gastão Vidigal,SP,180.569,9,set,56.12624257765234,OK,1991,2020,30,CHIRPS_v2,UCSB-CHG/CHIRPS/DAILY,1991-2020,IBGE_2024
3532868,Nova Castilho,SP,183.396,9,set,56.07051796581653,OK,1991,2020,30,CHIRPS_v2,UCSB-CHG/CHIRPS/DAILY,1991-2020,IBGE_2024
3556305,Valparaíso,SP,857.661,9,set,47.7262282863231,OK,1991,2020,30,CHIRPS_v2,UCSB-CHG/CHIRPS/DAILY,1991-2020,IBGE_2024
3531001,Monções,SP,104.352,9,set,55.91320565252941,OK,1991,2020,30,CHIRPS_v2,UCSB-CHG/CHIRPS/DAILY,1991-2020,IBGE_2024
3548054,Santo Antônio do Aracanguá,SP,1308.889,9,set,53.55425302233414,OK,1991,2020,30,CHIRPS_v2,UCSB-CHG/CHIRPS/DAILY,1991-2020,IBGE_2024
3506201,Bento de Abreu,SP,301.687,9,set,50.65045840966371,OK,1991,2020,30,CHIRPS_v2,UCSB-CHG/CHIRPS/DAILY,1991-2020,IBGE_2024
3512506,Coroados,SP,246.826,9,set,50.12682489536784,OK,1991,2020,30,CHIRPS_v2,UCSB-CHG/CHIRPS/DAILY,1991-2020,IBGE_2024
3507704,Braúna,SP,195.176,9,set,51.23537205138268,OK,1991,2020,30,CHIRPS_v2,UCSB-CHG/CHIRPS/DAILY,1991-2020,IBGE_2024
3507753,Brejo Alegre,SP,105.689,9,set,51.06946791562486,OK,1991,2020,30,CHIRPS_v2,UCSB-CHG/CHIRPS/DAILY,1991-2020,IBGE_2024
3506508,Birigui,SP,530.031,9,set,53.101820906537824,OK,1991,2020,30,CHIRPS_v2,UCSB-CHG/CHIRPS/DAILY,1991-2020,IBGE_2024
3537701,Piacatu,SP,232.488,9,set,52.29055929527985,OK,1991,2020,30,CHIRPS_v2,UCSB-CHG/CHIRPS/DAILY,1991-2020,IBGE_2024
3505104,Barbosa,SP,205.212,9,set,49.21352689252111,OK,1991,2020,30,CHIRPS_v2,UCSB-CHG/CHIRPS/DAILY,1991-2020,IBGE_2024
3504404,Avanhandava,SP,338.37,9,set,48.77516298087552,OK,1991,2020,30,CHIRPS_v2,UCSB-CHG/CHIRPS/DAILY,1991-2020,IBGE_2024
3537305,Penápolis,SP,711.315,9,set,50.42234177520253,OK,1991,2020,30,CHIRPS_v2,UCSB-CHG/CHIRPS/DAILY,1991-2020,IBGE_2024
3511904,Clementina,SP,168.59,9,set,53.09557158801728,OK,1991,2020,30,CHIRPS_v2,UCSB-CHG/CHIRPS/DAILY,1991-2020,IBGE_2024
3527256,Lourdes,SP,113.808,9,set,55.10629861477239,OK,1991,2020,30,CHIRPS_v2,UCSB-CHG/CHIRPS/DAILY,1991-2020,IBGE_2024
3527702,Luiziânia,SP,166.576,9,set,51.74670761914259,OK,1991,2020,30,CHIRPS_v2,UCSB-CHG/CHIRPS/DAILY,1991-2020,IBGE_2024
3517109,Glicério,SP,272.8,9,set,47.71818311480934,OK,1991,2020,30,CHIRPS_v2,UCSB-CHG/CHIRPS/DAILY,1991-2020,IBGE_2024
3501103,Alto Alegre,SP,318.574,9,set,51.433398502287886,OK,1991,2020,30,CHIRPS_v2,UCSB-CHG/CHIRPS/DAILY,1991-2020,IBGE_2024
3516507,Gabriel Monteiro,SP,138.681,9,set,53.36136666374739,OK,1991,2020,30,CHIRPS_v2,UCSB-CHG/CHIRPS/DAILY,1991-2020,IBGE_2024
3557154,Zacarias,SP,319.056,9,set,51.70851171804019,OK,1991,2020,30,CHIRPS_v2,UCSB-CHG/CHIRPS/DAILY,1991-2020,IBGE_2024
3508108,Buritama,SP,327.344,9,set,54.305555263700334,OK,1991,2020,30,CHIRPS_v2,UCSB-CHG/CHIRPS/DAILY,1991-2020,IBGE_2024
3548401,Santópolis do Aguapeí,SP,128.026,9,set,51.902071091414435,OK,1991,2020,30,CHIRPS_v2,UCSB-CHG/CHIRPS/DAILY,1991-2020,IBGE_2024
3506409,Bilac,SP,158.025,9,set,53.18059488690765,OK,1991,2020,30,CHIRPS_v2,UCSB-CHG/CHIRPS/DAILY,1991-2020,IBGE_2024
3555208,Turiúba,SP,153.492,9,set,55.348812494605866,OK,1991,2020,30,CHIRPS_v2,UCSB-CHG/CHIRPS/DAILY,1991-2020,IBGE_2024
3530102,Mirandópolis,SP,917.692,9,set,48.12211656153606,OK,1991,2020,30,CHIRPS_v2,UCSB-CHG/CHIRPS/DAILY,1991-2020,IBGE_2024
3537404,Pereira Barreto,SP,974.248,9,set,50.749368366764266,OK,1991,2020,30,CHIRPS_v2,UCSB-CHG/CHIRPS/DAILY,1991-2020,IBGE_2024
3520442,Ilha Solteira,SP,652.641,9,set,52.53680854488014,OK,1991,2020,30,CHIRPS_v2,UCSB-CHG/CHIRPS/DAILY,1991-2020,IBGE_2024
3511003,Castilho,SP,1065.318,9,set,54.07513365235565,OK,1991,2020,30,CHIRPS_v2,UCSB-CHG/CHIRPS/DAILY,1991-2020,IBGE_2024
3552304,Sud Mennucci,SP,594.543,9,set,52.57666843709536,OK,1991,2020,30,CHIRPS_v2,UCSB-CHG/CHIRPS/DAILY,1991-2020,IBGE_2024
3526506,Lavínia,SP,537.675,9,set,45.97613125607152,OK,1991,2020,30,CHIRPS_v2,UCSB-CHG/CHIRPS/DAILY,1991-2020,IBGE_2024
3502101,Andradina,SP,964.226,9,set,52.227896568422366,OK,1991,2020,30,CHIRPS_v2,UCSB-CHG/CHIRPS/DAILY,1991-2020,IBGE_2024
3517802,Guaraçaí,SP,569.222,9,set,47.84836216316161,OK,1991,2020,30,CHIRPS_v2,UCSB-CHG/CHIRPS/DAILY,1991-2020,IBGE_2024
3533205,Nova Independência,SP,265.028,9,set,46.35052228006501,OK,1991,2020,30,CHIRPS_v2,UCSB-CHG/CHIRPS/DAILY,1991-2020,IBGE_2024
3532108,Murutinga do Sul,SP,250.873,9,set,51.0493605025002,OK,1991,2020,30,CHIRPS_v2,UCSB-CHG/CHIRPS/DAILY,1991-2020,IBGE_2024
3523008,Itapura,SP,301.653,9,set,51.79164649708051,OK,1991,2020,30,CHIRPS_v2,UCSB-CHG/CHIRPS/DAILY,1991-2020,IBGE_2024
3529500,Mendonça,SP,195.151,9,set,50.87805173552113,OK,1991,2020,30,CHIRPS_v2,UCSB-CHG/CHIRPS/DAILY,1991-2020,IBGE_2024
3521507,Irapuã,SP,257.611,9,set,51.34966649103529,OK,1991,2020,30,CHIRPS_v2,UCSB-CHG/CHIRPS/DAILY,1991-2020,IBGE_2024
3553401,Tanabi,SP,747.218,9,set,48.707670780006154,OK,1991,2020,30,CHIRPS_v2,UCSB-CHG/CHIRPS/DAILY,1991-2020,IBGE_2024
3536604,Paulo de Faria,SP,737.986,9,set,48.5321663251046,OK,1991,2020,30,CHIRPS_v2,UCSB-CHG/CHIRPS/DAILY,1991-2020,IBGE_2024
3544806,Sales,SP,308.555,9,set,49.80413268541369,OK,1991,2020,30,CHIRPS_v2,UCSB-CHG/CHIRPS/DAILY,1991-2020,IBGE_2024
3519808,Icém,SP,362.355,9,set,45.18357837485799,OK,1991,2020,30,CHIRPS_v2,UCSB-CHG/CHIRPS/DAILY,1991-2020,IBGE_2024
3528106,Macaubal,SP,248.087,9,set,55.27453167935068,OK,1991,2020,30,CHIRPS_v2,UCSB-CHG/CHIRPS/DAILY,1991-2020,IBGE_2024
3519402,Ibirá,SP,268.9,9,set,52.19356273896447,OK,1991,2020,30,CHIRPS_v2,UCSB-CHG/CHIRPS/DAILY,1991-2020,IBGE_2024
3535002,Palestina,SP,697.701,9,set,45.63617623021665,OK,1991,2020,30,CHIRPS_v2,UCSB-CHG/CHIRPS/DAILY,1991-2020,IBGE_2024
3525706,José Bonifácio,SP,860.2,9,set,50.59820605026665,OK,1991,2020,30,CHIRPS_v2,UCSB-CHG/CHIRPS/DAILY,1991-2020,IBGE_2024
3534005,Onda Verde,SP,242.946,9,set,44.48943550115377,OK,1991,2020,30,CHIRPS_v2,UCSB-CHG/CHIRPS/DAILY,1991-2020,IBGE_2024
3534203,Orindiúva,SP,247.378,9,set,46.169986352725765,OK,1991,2020,30,CHIRPS_v2,UCSB-CHG/CHIRPS/DAILY,1991-2020,IBGE_2024
3533502,Novo Horizonte,SP,931.743,9,set,50.868339445187054,OK,1991,2020,30,CHIRPS_v2,UCSB-CHG/CHIRPS/DAILY,1991-2020,IBGE_2024
3533007,Nova Granada,SP,531.796,9,set,44.60163166172362,OK,1991,2020,30,CHIRPS_v2,UCSB-CHG/CHIRPS/DAILY,1991-2020,IBGE_2024
3500907,Altair,SP,313.007,9,set,46.592579593589136,OK,1991,2020,30,CHIRPS_v2,UCSB-CHG/CHIRPS/DAILY,1991-2020,IBGE_2024
3500204,Adolfo,SP,211.055,9,set,49.037423294174694,OK,1991,2020,30,CHIRPS_v2,UCSB-CHG/CHIRPS/DAILY,1991-2020,IBGE_2024
3540804,Potirendaba,SP,342.492,9,set,50.33219596346036,OK,1991,2020,30,CHIRPS_v2,UCSB-CHG/CHIRPS/DAILY,1991-2020,IBGE_2024
3532702,Nipoã,SP,137.609,9,set,51.02944696382486,OK,1991,2020,30,CHIRPS_v2,UCSB-CHG/CHIRPS/DAILY,1991-2020,IBGE_2024
3539608,Planalto,SP,289.825,9,set,53.53443910160042,OK,1991,2020,30,CHIRPS_v2,UCSB-CHG/CHIRPS/DAILY,1991-2020,IBGE_2024
3531407,Monte Aprazível,SP,495.559,9,set,52.59242626710235,OK,1991,2020,30,CHIRPS_v2,UCSB-CHG/CHIRPS/DAILY,1991-2020,IBGE_2024
3556008,Urupês,SP,323.916,9,set,52.23478079097086,OK,1991,2020,30,CHIRPS_v2,UCSB-CHG/CHIRPS/DAILY,1991-2020,IBGE_2024
3539905,Poloni,SP,135.119,9,set,53.6823035897985,OK,1991,2020,30,CHIRPS_v2,UCSB-CHG/CHIRPS/DAILY,1991-2020,IBGE_2024
3555703,União Paulista,SP,79.056,9,set,54.41135586400953,OK,1991,2020,30,CHIRPS_v2,UCSB-CHG/CHIRPS/DAILY,1991-2020,IBGE_2024
3555356,Ubarana,SP,209.861,9,set,48.025555661830396,OK,1991,2020,30,CHIRPS_v2,UCSB-CHG/CHIRPS/DAILY,1991-2020,IBGE_2024
3521150,Ipiguá,SP,136.028,9,set,47.16223352955432,OK,1991,2020,30,CHIRPS_v2,UCSB-CHG/CHIRPS/DAILY,1991-2020,IBGE_2024
3504800,Bálsamo,SP,149.881,9,set,49.670895882747125,OK,1991,2020,30,CHIRPS_v2,UCSB-CHG/CHIRPS/DAILY,1991-2020,IBGE_2024
3504602,Bady Bassitt,SP,110.372,9,set,48.8137037601929,OK,1991,2020,30,CHIRPS_v2,UCSB-CHG/CHIRPS/DAILY,1991-2020,IBGE_2024
3511300,Cedral,SP,197.099,9,set,47.738206452401066,OK,1991,2020,30,CHIRPS_v2,UCSB-CHG/CHIRPS/DAILY,1991-2020,IBGE_2024
3549805,São José do Rio Preto,SP,431.944,9,set,49.63849259431571,OK,1991,2020,30,CHIRPS_v2,UCSB-CHG/CHIRPS/DAILY,1991-2020,IBGE_2024
3517505,Guapiaçu,SP,324.752,9,set,49.034164881833625,OK,1991,2020,30,CHIRPS_v2,UCSB-CHG/CHIRPS/DAILY,1991-2020,IBGE_2024
3532504,Neves Paulista,SP,219.05,9,set,50.1453975352574,OK,1991,2020,30,CHIRPS_v2,UCSB-CHG/CHIRPS/DAILY,1991-2020,IBGE_2024
3532801,Nova Aliança,SP,217.515,9,set,51.00547023485129,OK,1991,2020,30,CHIRPS_v2,UCSB-CHG/CHIRPS/DAILY,1991-2020,IBGE_2024
3524501,Jaci,SP,145.133,9,set,50.818330419870506,OK,1991,2020,30,CHIRPS_v2,UCSB-CHG/CHIRPS/DAILY,1991-2020,IBGE_2024
3555604,Uchoa,SP,256.982,9,set,50.92188074179038,OK,1991,2020,30,CHIRPS_v2,UCSB-CHG/CHIRPS/DAILY,1991-2020,IBGE_2024
3530409,Mirassolândia,SP,166.125,9,set,46.86908179407993,OK,1991,2020,30,CHIRPS_v2,UCSB-CHG/CHIRPS/DAILY,1991-2020,IBGE_2024
3530300,Mirassol,SP,243.228,9,set,48.4821951945836,OK,1991,2020,30,CHIRPS_v2,UCSB-CHG/CHIRPS/DAILY,1991-2020,IBGE_2024
3528858,Marapoama,SP,111.267,9,set,53.08934431197844,OK,1991,2020,30,CHIRPS_v2,UCSB-CHG/CHIRPS/DAILY,1991-2020,IBGE_2024
3511102,Catanduva,SP,291.926,9,set,56.38682468589168,OK,1991,2020,30,CHIRPS_v2,UCSB-CHG/CHIRPS/DAILY,1991-2020,IBGE_2024
3511201,Catiguá,SP,146.568,9,set,54.4930663474394,OK,1991,2020,30,CHIRPS_v2,UCSB-CHG/CHIRPS/DAILY,1991-2020,IBGE_2024
3533254,Novais,SP,117.772,9,set,54.75979986837742,OK,1991,2020,30,CHIRPS_v2,UCSB-CHG/CHIRPS/DAILY,1991-2020,IBGE_2024
3514957,Embaúba,SP,83.129,9,set,51.67424277980116,OK,1991,2020,30,CHIRPS_v2,UCSB-CHG/CHIRPS/DAILY,1991-2020,IBGE_2024
3514924,Elisiário,SP,93.314,9,set,56.43201410211668,OK,1991,2020,30,CHIRPS_v2,UCSB-CHG/CHIRPS/DAILY,1991-2020,IBGE_2024
3538105,Pindorama,SP,184.825,9,set,57.095394015699874,OK,1991,2020,30,CHIRPS_v2,UCSB-CHG/CHIRPS/DAILY,1991-2020,IBGE_2024
3521903,Itajobi,SP,502.066,9,set,52.8214008781456,OK,1991,2020,30,CHIRPS_v2,UCSB-CHG/CHIRPS/DAILY,1991-2020,IBGE_2024
3545605,Santa Adélia,SP,330.269,9,set,51.4367715975752,OK,1991,2020,30,CHIRPS_v2,UCSB-CHG/CHIRPS/DAILY,1991-2020,IBGE_2024
3503703,Ariranha,SP,132.624,9,set,54.263541236601505,OK,1991,2020,30,CHIRPS_v2,UCSB-CHG/CHIRPS/DAILY,1991-2020,IBGE_2024
3552601,Tabapuã,SP,346.692,9,set,52.07188535203421,OK,1991,2020,30,CHIRPS_v2,UCSB-CHG/CHIRPS/DAILY,1991-2020,IBGE_2024
3535705,Paraíso,SP,155.186,9,set,53.29155976013925,OK,1991,2020,30,CHIRPS_v2,UCSB-CHG/CHIRPS/DAILY,1991-2020,IBGE_2024
3535101,Palmares Paulista,SP,82.125,9,set,56.585828388886874,OK,1991,2020,30,CHIRPS_v2,UCSB-CHG/CHIRPS/DAILY,1991-2020,IBGE_2024
3515608,Fernando Prestes,SP,169.99,9,set,49.93513843501714,OK,1991,2020,30,CHIRPS_v2,UCSB-CHG/CHIRPS/DAILY,1991-2020,IBGE_2024
3556909,Vista Alegre do Alto,SP,95.429,9,set,52.847255559967735,OK,1991,2020,30,CHIRPS_v2,UCSB-CHG/CHIRPS/DAILY,1991-2020,IBGE_2024
3539004,Pirangi,SP,215.809,9,set,54.377172070734545,OK,1991,2020,30,CHIRPS_v2,UCSB-CHG/CHIRPS/DAILY,1991-2020,IBGE_2024
3512902,Cosmorama,SP,441.68,9,set,52.984303583903944,OK,1991,2020,30,CHIRPS_v2,UCSB-CHG/CHIRPS/DAILY,1991-2020,IBGE_2024
3544202,Riolândia,SP,631.897,9,set,48.79509383487604,OK,1991,2020,30,CHIRPS_v2,UCSB-CHG/CHIRPS/DAILY,1991-2020,IBGE_2024
3536257,Parisi,SP,84.737,9,set,46.29070229782264,OK,1991,2020,30,CHIRPS_v2,UCSB-CHG/CHIRPS/DAILY,1991-2020,IBGE_2024
3551306,Sebastianópolis do Sul,SP,167.848,9,set,56.5935102744661,OK,1991,2020,30,CHIRPS_v2,UCSB-CHG/CHIRPS/DAILY,1991-2020,IBGE_2024
3510708,Cardoso,SP,639.248,9,set,46.73132306235581,OK,1991,2020,30,CHIRPS_v2,UCSB-CHG/CHIRPS/DAILY,1991-2020,IBGE_2024
3501806,Américo de Campos,SP,252.876,9,set,47.31939744490939,OK,1991,2020,30,CHIRPS_v2,UCSB-CHG/CHIRPS/DAILY,1991-2020,IBGE_2024
3501202,Álvares Florence,SP,362.411,9,set,49.6428515735952,OK,1991,2020,30,CHIRPS_v2,UCSB-CHG/CHIRPS/DAILY,1991-2020,IBGE_2024
3532603,Nhandeara,SP,436.159,9,set,55.448350231617354,OK,1991,2020,30,CHIRPS_v2,UCSB-CHG/CHIRPS/DAILY,1991-2020,IBGE_2024
3557105,Votuporanga,SP,420.703,9,set,54.66466648919708,OK,1991,2020,30,CHIRPS_v2,UCSB-CHG/CHIRPS/DAILY,1991-2020,IBGE_2024
3515905,Floreal,SP,204.236,9,set,55.74019497090839,OK,1991,2020,30,CHIRPS_v2,UCSB-CHG/CHIRPS/DAILY,1991-2020,IBGE_2024
3540309,Pontes Gestal,SP,217.505,9,set,47.33026843205041,OK,1991,2020,30,CHIRPS_v2,UCSB-CHG/CHIRPS/DAILY,1991-2020,IBGE_2024
3556107,Valentim Gentil,SP,149.741,9,set,48.29743612616448,OK,1991,2020,30,CHIRPS_v2,UCSB-CHG/CHIRPS/DAILY,1991-2020,IBGE_2024
3545704,Santa Albertina,SP,272.692,9,set,51.043964041233515,OK,1991,2020,30,CHIRPS_v2,UCSB-CHG/CHIRPS/DAILY,1991-2020,IBGE_2024
3529658,Mesópolis,SP,148.636,9,set,47.574596015601664,OK,1991,2020,30,CHIRPS_v2,UCSB-CHG/CHIRPS/DAILY,1991-2020,IBGE_2024
3529104,Marinópolis,SP,77.827,9,set,56.30035956343278,OK,1991,2020,30,CHIRPS_v2,UCSB-CHG/CHIRPS/DAILY,1991-2020,IBGE_2024
3503950,Aspásia,SP,69.373,9,set,52.08993888285289,OK,1991,2020,30,CHIRPS_v2,UCSB-CHG/CHIRPS/DAILY,1991-2020,IBGE_2024
3552551,Suzanápolis,SP,330.587,9,set,52.84834599883741,OK,1991,2020,30,CHIRPS_v2,UCSB-CHG/CHIRPS/DAILY,1991-2020,IBGE_2024
3535903,Paranapuã,SP,140.354,9,set,44.09292109513186,OK,1991,2020,30,CHIRPS_v2,UCSB-CHG/CHIRPS/DAILY,1991-2020,IBGE_2024
3535200,Palmeira d'Oeste,SP,318.696,9,set,56.27506498160343,OK,1991,2020,30,CHIRPS_v2,UCSB-CHG/CHIRPS/DAILY,1991-2020,IBGE_2024
3502606,Aparecida d'Oeste,SP,179.004,9,set,55.01677062874232,OK,1991,2020,30,CHIRPS_v2,UCSB-CHG/CHIRPS/DAILY,1991-2020,IBGE_2024
3524808,Jales,SP,368.574,9,set,43.2612871987346,OK,1991,2020,30,CHIRPS_v2,UCSB-CHG/CHIRPS/DAILY,1991-2020,IBGE_2024
3556958,Vitória Brasil,SP,49.832,9,set,45.35866737906108,OK,1991,2020,30,CHIRPS_v2,UCSB-CHG/CHIRPS/DAILY,1991-2020,IBGE_2024
3549003,São Francisco,SP,75.579,9,set,51.35185174276414,OK,1991,2020,30,CHIRPS_v2,UCSB-CHG/CHIRPS/DAILY,1991-2020,IBGE_2024
3540259,Pontalinda,SP,209.504,9,set,55.10957205064781,OK,1991,2020,30,CHIRPS_v2,UCSB-CHG/CHIRPS/DAILY,1991-2020,IBGE_2024
3540408,Populina,SP,315.938,9,set,45.69901916348658,OK,1991,2020,30,CHIRPS_v2,UCSB-CHG/CHIRPS/DAILY,1991-2020,IBGE_2024
3547650,Santa Salete,SP,79.192,9,set,49.622448976352736,OK,1991,2020,30,CHIRPS_v2,UCSB-CHG/CHIRPS/DAILY,1991-2020,IBGE_2024
3555802,Urânia,SP,209.262,9,set,40.878916462709434,OK,1991,2020,30,CHIRPS_v2,UCSB-CHG/CHIRPS/DAILY,1991-2020,IBGE_2024
3555307,Turmalina,SP,147.797,9,set,45.88798176096249,OK,1991,2020,30,CHIRPS_v2,UCSB-CHG/CHIRPS/DAILY,1991-2020,IBGE_2024
3514205,Dolcinópolis,SP,77.939,9,set,43.29816165641875,OK,1991,2020,30,CHIRPS_v2,UCSB-CHG/CHIRPS/DAILY,1991-2020,IBGE_2024
3513850,Dirce Reis,SP,88.152,9,set,55.41126196497968,OK,1991,2020,30,CHIRPS_v2,UCSB-CHG/CHIRPS/DAILY,1991-2020,IBGE_2024
3529609,Meridiano,SP,228.199,9,set,53.59965267449956,OK,1991,2020,30,CHIRPS_v2,UCSB-CHG/CHIRPS/DAILY,1991-2020,IBGE_2024
3520707,Indiaporã,SP,279.606,9,set,44.47069195322819,OK,1991,2020,30,CHIRPS_v2,UCSB-CHG/CHIRPS/DAILY,1991-2020,IBGE_2024
3536901,Pedranópolis,SP,260.101,9,set,44.74913060967719,OK,1991,2020,30,CHIRPS_v2,UCSB-CHG/CHIRPS/DAILY,1991-2020,IBGE_2024
3528205,Macedônia,SP,327.567,9,set,39.1558695765436,OK,1991,2020,30,CHIRPS_v2,UCSB-CHG/CHIRPS/DAILY,1991-2020,IBGE_2024
3534757,Ouroeste,SP,288.648,9,set,44.949990934686916,OK,1991,2020,30,CHIRPS_v2,UCSB-CHG/CHIRPS/DAILY,1991-2020,IBGE_2024
3518008,Guarani d'Oeste,SP,85.7,9,set,45.258565163045446,OK,1991,2020,30,CHIRPS_v2,UCSB-CHG/CHIRPS/DAILY,1991-2020,IBGE_2024
3549250,São João de Iracema,SP,178.396,9,set,55.1070485340653,OK,1991,2020,30,CHIRPS_v2,UCSB-CHG/CHIRPS/DAILY,1991-2020,IBGE_2024
3549201,São João das Duas Pontes,SP,129.462,9,set,55.410227030023506,OK,1991,2020,30,CHIRPS_v2,UCSB-CHG/CHIRPS/DAILY,1991-2020,IBGE_2024
3515509,Fernandópolis,SP,549.797,9,set,53.340388405784694,OK,1991,2020,30,CHIRPS_v2,UCSB-CHG/CHIRPS/DAILY,1991-2020,IBGE_2024
3515202,Estrela d'Oeste,SP,296.281,9,set,51.487555241072265,OK,1991,2020,30,CHIRPS_v2,UCSB-CHG/CHIRPS/DAILY,1991-2020,IBGE_2024
3530003,Mira Estrela,SP,216.825,9,set,44.090200894071344,OK,1991,2020,30,CHIRPS_v2,UCSB-CHG/CHIRPS/DAILY,1991-2020,IBGE_2024
3546603,Santa Fé do Sul,SP,206.537,9,set,67.24302267493938,OK,1991,2020,30,CHIRPS_v2,UCSB-CHG/CHIRPS/DAILY,1991-2020,IBGE_2024
3546108,Santa Clara d'Oeste,SP,183.458,9,set,61.0808452141818,OK,1991,2020,30,CHIRPS_v2,UCSB-CHG/CHIRPS/DAILY,1991-2020,IBGE_2024
3544509,Rubinéia,SP,242.877,9,set,60.52449861044714,OK,1991,2020,30,CHIRPS_v2,UCSB-CHG/CHIRPS/DAILY,1991-2020,IBGE_2024
3532843,Nova Canaã Paulista,SP,124.473,9,set,58.724768931218705,OK,1991,2020,30,CHIRPS_v2,UCSB-CHG/CHIRPS/DAILY,1991-2020,IBGE_2024
3547403,Santa Rita d'Oeste,SP,209.8,9,set,61.43261413449756,OK,1991,2020,30,CHIRPS_v2,UCSB-CHG/CHIRPS/DAILY,1991-2020,IBGE_2024
3554904,Três Fronteiras,SP,151.594,9,set,68.14503859180029,OK,1991,2020,30,CHIRPS_v2,UCSB-CHG/CHIRPS/DAILY,1991-2020,IBGE_2024
3547205,Santana da Ponte Pensa,SP,129.888,9,set,61.64574201997469,OK,1991,2020,30,CHIRPS_v2,UCSB-CHG/CHIRPS/DAILY,1991-2020,IBGE_2024
3546256,Santa Cruz da Esperança,SP,148.062,9,set,55.42465418812974,OK,1991,2020,30,CHIRPS_v2,UCSB-CHG/CHIRPS/DAILY,1991-2020,IBGE_2024
3513108,Cravinhos,SP,311.423,9,set,54.95449598229836,OK,1991,2020,30,CHIRPS_v2,UCSB-CHG/CHIRPS/DAILY,1991-2020,IBGE_2024
3551504,Serrana,SP,126.046,9,set,59.47773203229005,OK,1991,2020,30,CHIRPS_v2,UCSB-CHG/CHIRPS/DAILY,1991-2020,IBGE_2024
3551405,Serra Azul,SP,283.144,9,set,55.77971562379147,OK,1991,2020,30,CHIRPS_v2,UCSB-CHG/CHIRPS/DAILY,1991-2020,IBGE_2024
3551702,Sertãozinho,SP,403.089,9,set,55.51723622301756,OK,1991,2020,30,CHIRPS_v2,UCSB-CHG/CHIRPS/DAILY,1991-2020,IBGE_2024
3543402,Ribeirão Preto,SP,650.916,9,set,57.068234507445595,OK,1991,2020,30,CHIRPS_v2,UCSB-CHG/CHIRPS/DAILY,1991-2020,IBGE_2024
3525102,Jardinópolis,SP,501.87,9,set,57.19296429980653,OK,1991,2020,30,CHIRPS_v2,UCSB-CHG/CHIRPS/DAILY,1991-2020,IBGE_2024
3507803,Brodowski,SP,278.458,9,set,56.82012973384006,OK,1991,2020,30,CHIRPS_v2,UCSB-CHG/CHIRPS/DAILY,1991-2020,IBGE_2024
3505609,Barrinha,SP,148.756,9,set,54.301744767258946,OK,1991,2020,30,CHIRPS_v2,UCSB-CHG/CHIRPS/DAILY,1991-2020,IBGE_2024
3546504,Santa Ernestina,SP,134.421,9,set,51.65148252771463,OK,1991,2020,30,CHIRPS_v2,UCSB-CHG/CHIRPS/DAILY,1991-2020,IBGE_2024
3510906,Cássia dos Coqueiros,SP,191.683,9,set,58.2156283039137,OK,1991,2020,30,CHIRPS_v2,UCSB-CHG/CHIRPS/DAILY,1991-2020,IBGE_2024
3527603,Luís Antônio,SP,598.257,9,set,53.98320317324528,OK,1991,2020,30,CHIRPS_v2,UCSB-CHG/CHIRPS/DAILY,1991-2020,IBGE_2024
3518602,Guariba,SP,270.408,9,set,50.43747577946427,OK,1991,2020,30,CHIRPS_v2,UCSB-CHG/CHIRPS/DAILY,1991-2020,IBGE_2024
3518859,Guatapará,SP,413.653,9,set,52.95513984814404,OK,1991,2020,30,CHIRPS_v2,UCSB-CHG/CHIRPS/DAILY,1991-2020,IBGE_2024
3550902,São Simão,SP,617.252,9,set,56.22285900604307,OK,1991,2020,30,CHIRPS_v2,UCSB-CHG/CHIRPS/DAILY,1991-2020,IBGE_2024
3509403,Cajuru,SP,660.088,9,set,55.195645017835105,OK,1991,2020,30,CHIRPS_v2,UCSB-CHG/CHIRPS/DAILY,1991-2020,IBGE_2024
3501004,Altinópolis,SP,928.956,9,set,56.00455092564914,OK,1991,2020,30,CHIRPS_v2,UCSB-CHG/CHIRPS/DAILY,1991-2020,IBGE_2024
3524303,Jaboticabal,SP,706.722,9,set,52.4460351685667,OK,1991,2020,30,CHIRPS_v2,UCSB-CHG/CHIRPS/DAILY,1991-2020,IBGE_2024
3540200,Pontal,SP,356.371,9,set,53.89356378099498,OK,1991,2020,30,CHIRPS_v2,UCSB-CHG/CHIRPS/DAILY,1991-2020,IBGE_2024
3540903,Pradópolis,SP,164.386,9,set,52.74921673853888,OK,1991,2020,30,CHIRPS_v2,UCSB-CHG/CHIRPS/DAILY,1991-2020,IBGE_2024
3547908,Santo Antônio da Alegria,SP,310.311,9,set,58.24987669222886,OK,1991,2020,30,CHIRPS_v2,UCSB-CHG/CHIRPS/DAILY,1991-2020,IBGE_2024
3514601,Dumont,SP,111.361,9,set,55.14544295624719,OK,1991,2020,30,CHIRPS_v2,UCSB-CHG/CHIRPS/DAILY,1991-2020,IBGE_2024
3539509,Pitangueiras,SP,430.638,9,set,51.38422131571457,OK,1991,2020,30,CHIRPS_v2,UCSB-CHG/CHIRPS/DAILY,1991-2020,IBGE_2024
3531308,Monte Alto,SP,346.95,9,set,53.222284172405196,OK,1991,2020,30,CHIRPS_v2,UCSB-CHG/CHIRPS/DAILY,1991-2020,IBGE_2024
3547601,Santa Rosa de Viterbo,SP,288.576,9,set,55.66693819083063,OK,1991,2020,30,CHIRPS_v2,UCSB-CHG/CHIRPS/DAILY,1991-2020,IBGE_2024
3505906,Batatais,SP,849.526,9,set,54.38844920464774,OK,1991,2020,30,CHIRPS_v2,UCSB-CHG/CHIRPS/DAILY,1991-2020,IBGE_2024
3505500,Barretos,SP,1566.161,9,set,47.02331311290056,OK,1991,2020,30,CHIRPS_v2,UCSB-CHG/CHIRPS/DAILY,1991-2020,IBGE_2024
3553658,Taquaral,SP,53.892,9,set,53.00850532311983,OK,1991,2020,30,CHIRPS_v2,UCSB-CHG/CHIRPS/DAILY,1991-2020,IBGE_2024
3512100,Colômbia,SP,728.648,9,set,44.41818251747078,OK,1991,2020,30,CHIRPS_v2,UCSB-CHG/CHIRPS/DAILY,1991-2020,IBGE_2024
3512001,Colina,SP,422.303,9,set,49.49141133903664,OK,1991,2020,30,CHIRPS_v2,UCSB-CHG/CHIRPS/DAILY,1991-2020,IBGE_2024
3553104,Taiaçu,SP,107.059,9,set,54.88706703093873,OK,1991,2020,30,CHIRPS_v2,UCSB-CHG/CHIRPS/DAILY,1991-2020,IBGE_2024
3553203,Taiúva,SP,132.459,9,set,53.980649740373416,OK,1991,2020,30,CHIRPS_v2,UCSB-CHG/CHIRPS/DAILY,1991-2020,IBGE_2024
3551900,Severínia,SP,140.46,9,set,44.77746650888282,OK,1991,2020,30,CHIRPS_v2,UCSB-CHG/CHIRPS/DAILY,1991-2020,IBGE_2024
3533908,Olímpia,SP,802.393,9,set,48.86758157026232,OK,1991,2020,30,CHIRPS_v2,UCSB-CHG/CHIRPS/DAILY,1991-2020,IBGE_2024
3517901,Guaraci,SP,641.501,9,set,46.079009271935654,OK,1991,2020,30,CHIRPS_v2,UCSB-CHG/CHIRPS/DAILY,1991-2020,IBGE_2024
3517406,Guaíra,SP,1258.465,9,set,45.39120547239789,OK,1991,2020,30,CHIRPS_v2,UCSB-CHG/CHIRPS/DAILY,1991-2020,IBGE_2024
3509304,Cajobi,SP,176.929,9,set,47.26612368152722,OK,1991,2020,30,CHIRPS_v2,UCSB-CHG/CHIRPS/DAILY,1991-2020,IBGE_2024
3524204,Jaborandi,SP,273.438,9,set,47.25072145795357,OK,1991,2020,30,CHIRPS_v2,UCSB-CHG/CHIRPS/DAILY,1991-2020,IBGE_2024
3531506,Monte Azul Paulista,SP,263.463,9,set,49.912457996108856,OK,1991,2020,30,CHIRPS_v2,UCSB-CHG/CHIRPS/DAILY,1991-2020,IBGE_2024
3556800,Viradouro,SP,217.726,9,set,49.73927583338277,OK,1991,2020,30,CHIRPS_v2,UCSB-CHG/CHIRPS/DAILY,1991-2020,IBGE_2024
3506102,Bebedouro,SP,683.192,9,set,53.217224998664406,OK,1991,2020,30,CHIRPS_v2,UCSB-CHG/CHIRPS/DAILY,1991-2020,IBGE_2024
3554409,Terra Roxa,SP,221.54,9,set,49.25558923506064,OK,1991,2020,30,CHIRPS_v2,UCSB-CHG/CHIRPS/DAILY,1991-2020,IBGE_2024
3513207,Cristais Paulista,SP,385.23,9,set,59.26933496929773,OK,1991,2020,30,CHIRPS_v2,UCSB-CHG/CHIRPS/DAILY,1991-2020,IBGE_2024
3536307,Patrocínio Paulista,SP,602.848,9,set,55.12503545878026,OK,1991,2020,30,CHIRPS_v2,UCSB-CHG/CHIRPS/DAILY,1991-2020,IBGE_2024
3542701,Restinga,SP,245.746,9,set,58.35437723812821,OK,1991,2020,30,CHIRPS_v2,UCSB-CHG/CHIRPS/DAILY,1991-2020,IBGE_2024
3543105,Ribeirão Corrente,SP,148.332,9,set,55.207601956350494,OK,1991,2020,30,CHIRPS_v2,UCSB-CHG/CHIRPS/DAILY,1991-2020,IBGE_2024
3516200,Franca,SP,605.679,9,set,63.08876380793765,OK,1991,2020,30,CHIRPS_v2,UCSB-CHG/CHIRPS/DAILY,1991-2020,IBGE_2024
3523701,Itirapuã,SP,161.118,9,set,54.454773881896884,OK,1991,2020,30,CHIRPS_v2,UCSB-CHG/CHIRPS/DAILY,1991-2020,IBGE_2024
3537008,Pedregulho,SP,712.604,9,set,55.32788336741087,OK,1991,2020,30,CHIRPS_v2,UCSB-CHG/CHIRPS/DAILY,1991-2020,IBGE_2024
3543600,Rifaina,SP,162.508,9,set,54.2898324400438,OK,1991,2020,30,CHIRPS_v2,UCSB-CHG/CHIRPS/DAILY,1991-2020,IBGE_2024
3525409,Jeriquara,SP,141.971,9,set,49.59822489608941,OK,1991,2020,30,CHIRPS_v2,UCSB-CHG/CHIRPS/DAILY,1991-2020,IBGE_2024
3549508,São José da Bela Vista,SP,276.952,9,set,53.333871741110514,OK,1991,2020,30,CHIRPS_v2,UCSB-CHG/CHIRPS/DAILY,1991-2020,IBGE_2024
3521309,Ipuã,SP,466.461,9,set,49.79181684295116,OK,1991,2020,30,CHIRPS_v2,UCSB-CHG/CHIRPS/DAILY,1991-2020,IBGE_2024
3544905,Sales Oliveira,SP,305.776,9,set,58.08648637799709,OK,1991,2020,30,CHIRPS_v2,UCSB-CHG/CHIRPS/DAILY,1991-2020,IBGE_2024
3534302,Orlândia,SP,291.765,9,set,54.70582703667383,OK,1991,2020,30,CHIRPS_v2,UCSB-CHG/CHIRPS/DAILY,1991-2020,IBGE_2024
3533601,Nuporanga,SP,348.265,9,set,56.68721344309047,OK,1991,2020,30,CHIRPS_v2,UCSB-CHG/CHIRPS/DAILY,1991-2020,IBGE_2024
3549409,São Joaquim da Barra,SP,410.863,9,set,53.278006662894605,OK,1991,2020,30,CHIRPS_v2,UCSB-CHG/CHIRPS/DAILY,1991-2020,IBGE_2024
3531902,Morro Agudo,SP,1388.127,9,set,50.44488118846621,OK,1991,2020,30,CHIRPS_v2,UCSB-CHG/CHIRPS/DAILY,1991-2020,IBGE_2024
3529708,Miguelópolis,SP,820.849,9,set,48.70721762673962,OK,1991,2020,30,CHIRPS_v2,UCSB-CHG/CHIRPS/DAILY,1991-2020,IBGE_2024
3520103,Igarapava,SP,468.355,9,set,56.79693450305756,OK,1991,2020,30,CHIRPS_v2,UCSB-CHG/CHIRPS/DAILY,1991-2020,IBGE_2024
3503000,Aramina,SP,202.829,9,set,52.59413900689361,OK,1991,2020,30,CHIRPS_v2,UCSB-CHG/CHIRPS/DAILY,1991-2020,IBGE_2024
3517703,Guará,SP,362.183,9,set,52.63231036452518,OK,1991,2020,30,CHIRPS_v2,UCSB-CHG/CHIRPS/DAILY,1991-2020,IBGE_2024
3508207,Buritizal,SP,266.42,9,set,48.24062396609178,OK,1991,2020,30,CHIRPS_v2,UCSB-CHG/CHIRPS/DAILY,1991-2020,IBGE_2024
3524105,Ituverava,SP,704.659,9,set,51.19497685182005,OK,1991,2020,30,CHIRPS_v2,UCSB-CHG/CHIRPS/DAILY,1991-2020,IBGE_2024
3503208,Araraquara,SP,1003.626,9,set,55.378301553435975,OK,1991,2020,30,CHIRPS_v2,UCSB-CHG/CHIRPS/DAILY,1991-2020,IBGE_2024
3543709,Rincão,SP,316.639,9,set,52.59178081076169,OK,1991,2020,30,CHIRPS_v2,UCSB-CHG/CHIRPS/DAILY,1991-2020,IBGE_2024
3501707,Américo Brasiliense,SP,122.958,9,set,54.659380877419245,OK,1991,2020,30,CHIRPS_v2,UCSB-CHG/CHIRPS/DAILY,1991-2020,IBGE_2024
3516853,Gavião Peixoto,SP,243.766,9,set,52.177973371996956,OK,1991,2020,30,CHIRPS_v2,UCSB-CHG/CHIRPS/DAILY,1991-2020,IBGE_2024
3546900,Santa Lúcia,SP,153.86,9,set,53.949760408930985,OK,1991,2020,30,CHIRPS_v2,UCSB-CHG/CHIRPS/DAILY,1991-2020,IBGE_2024
3554755,Trabiju,SP,63.421,9,set,55.14179853262395,OK,1991,2020,30,CHIRPS_v2,UCSB-CHG/CHIRPS/DAILY,1991-2020,IBGE_2024
3529302,Matão,SP,524.899,9,set,48.823333641229674,OK,1991,2020,30,CHIRPS_v2,UCSB-CHG/CHIRPS/DAILY,1991-2020,IBGE_2024
3553708,Taquaritinga,SP,594.335,9,set,51.77832163213359,OK,1991,2020,30,CHIRPS_v2,UCSB-CHG/CHIRPS/DAILY,1991-2020,IBGE_2024
3519600,Ibitinga,SP,689.391,9,set,52.07858326664792,OK,1991,2020,30,CHIRPS_v2,UCSB-CHG/CHIRPS/DAILY,1991-2020,IBGE_2024
3552700,Tabatinga,SP,368.604,9,set,49.43982211923304,OK,1991,2020,30,CHIRPS_v2,UCSB-CHG/CHIRPS/DAILY,1991-2020,IBGE_2024
3510104,Cândido Rodrigues,SP,70.892,9,set,51.013133133420816,OK,1991,2020,30,CHIRPS_v2,UCSB-CHG/CHIRPS/DAILY,1991-2020,IBGE_2024
3532900,Nova Europa,SP,160.25,9,set,52.890146503142624,OK,1991,2020,30,CHIRPS_v2,UCSB-CHG/CHIRPS/DAILY,1991-2020,IBGE_2024
3532058,Motuca,SP,228.651,9,set,51.40105641416909,OK,1991,2020,30,CHIRPS_v2,UCSB-CHG/CHIRPS/DAILY,1991-2020,IBGE_2024
3507407,Borborema,SP,552.256,9,set,52.96607314816828,OK,1991,2020,30,CHIRPS_v2,UCSB-CHG/CHIRPS/DAILY,1991-2020,IBGE_2024
3522703,Itápolis,SP,996.747,9,set,50.29313959572744,OK,1991,2020,30,CHIRPS_v2,UCSB-CHG/CHIRPS/DAILY,1991-2020,IBGE_2024
3506706,Boa Esperança do Sul,SP,690.748,9,set,52.38758328250875,OK,1991,2020,30,CHIRPS_v2,UCSB-CHG/CHIRPS/DAILY,1991-2020,IBGE_2024
3514007,Dobrada,SP,149.729,9,set,49.33311563066784,OK,1991,2020,30,CHIRPS_v2,UCSB-CHG/CHIRPS/DAILY,1991-2020,IBGE_2024
3519303,Ibaté,SP,290.977,9,set,55.41790194458988,OK,1991,2020,30,CHIRPS_v2,UCSB-CHG/CHIRPS/DAILY,1991-2020,IBGE_2024
3548906,São Carlos,SP,1136.907,9,set,56.95988831735353,OK,1991,2020,30,CHIRPS_v2,UCSB-CHG/CHIRPS/DAILY,1991-2020,IBGE_2024
3513702,Descalvado,SP,753.926,9,set,54.680448439338285,OK,1991,2020,30,CHIRPS_v2,UCSB-CHG/CHIRPS/DAILY,1991-2020,IBGE_2024
3542909,Ribeirão Bonito,SP,471.553,9,set,56.08834024543233,OK,1991,2020,30,CHIRPS_v2,UCSB-CHG/CHIRPS/DAILY,1991-2020,IBGE_2024
3540705,Porto Ferreira,SP,245.327,9,set,56.066572833768504,OK,1991,2020,30,CHIRPS_v2,UCSB-CHG/CHIRPS/DAILY,1991-2020,IBGE_2024
3523602,Itirapina,SP,564.603,9,set,59.652899871409105,OK,1991,2020,30,CHIRPS_v2,UCSB-CHG/CHIRPS/DAILY,1991-2020,IBGE_2024
3539301,Pirassununga,SP,727.714,9,set,56.69454307294994,OK,1991,2020,30,CHIRPS_v2,UCSB-CHG/CHIRPS/DAILY,1991-2020,IBGE_2024
3547502,Santa Rita do Passa Quatro,SP,752.911,9,set,56.3317909939744,OK,1991,2020,30,CHIRPS_v2,UCSB-CHG/CHIRPS/DAILY,1991-2020,IBGE_2024
3514304,Dourado,SP,205.874,9,set,56.69005880969591,OK,1991,2020,30,CHIRPS_v2,UCSB-CHG/CHIRPS/DAILY,1991-2020,IBGE_2024
3545803,Santa Bárbara d'Oeste,SP,271.03,9,set,60.51127220802005,OK,1991,2020,30,CHIRPS_v2,UCSB-CHG/CHIRPS/DAILY,1991-2020,IBGE_2024
3512803,Cosmópolis,SP,151.645,9,set,57.54393004271421,OK,1991,2020,30,CHIRPS_v2,UCSB-CHG/CHIRPS/DAILY,1991-2020,IBGE_2024
3536505,Paulínia,SP,138.777,9,set,61.52924623901957,OK,1991,2020,30,CHIRPS_v2,UCSB-CHG/CHIRPS/DAILY,1991-2020,IBGE_2024
3520509,Indaiatuba,SP,311.545,9,set,68.05659389048823,OK,1991,2020,30,CHIRPS_v2,UCSB-CHG/CHIRPS/DAILY,1991-2020,IBGE_2024
3552403,Sumaré,SP,153.465,9,set,62.6770563275825,OK,1991,2020,30,CHIRPS_v2,UCSB-CHG/CHIRPS/DAILY,1991-2020,IBGE_2024
3519071,Hortolândia,SP,62.416,9,set,63.61653391734019,OK,1991,2020,30,CHIRPS_v2,UCSB-CHG/CHIRPS/DAILY,1991-2020,IBGE_2024
3509502,Campinas,SP,794.57,9,set,68.1598837039557,OK,1991,2020,30,CHIRPS_v2,UCSB-CHG/CHIRPS/DAILY,1991-2020,IBGE_2024
3501608,Americana,SP,133.912,9,set,59.07402350213387,OK,1991,2020,30,CHIRPS_v2,UCSB-CHG/CHIRPS/DAILY,1991-2020,IBGE_2024
3533403,Nova Odessa,SP,73.788,9,set,60.96548153178221,OK,1991,2020,30,CHIRPS_v2,UCSB-CHG/CHIRPS/DAILY,1991-2020,IBGE_2024
3556701,Vinhedo,SP,80.208,9,set,67.53899719008717,OK,1991,2020,30,CHIRPS_v2,UCSB-CHG/CHIRPS/DAILY,1991-2020,IBGE_2024
3531803,Monte Mor,SP,240.566,9,set,61.09413082411016,OK,1991,2020,30,CHIRPS_v2,UCSB-CHG/CHIRPS/DAILY,1991-2020,IBGE_2024
3556206,Valinhos,SP,148.72,9,set,69.78546273885274,OK,1991,2020,30,CHIRPS_v2,UCSB-CHG/CHIRPS/DAILY,1991-2020,IBGE_2024
3537107,Pedreira,SP,108.817,9,set,62.999366819210536,OK,1991,2020,30,CHIRPS_v2,UCSB-CHG/CHIRPS/DAILY,1991-2020,IBGE_2024
3503802,Artur Nogueira,SP,181.786,9,set,61.039104011826375,OK,1991,2020,30,CHIRPS_v2,UCSB-CHG/CHIRPS/DAILY,1991-2020,IBGE_2024
3519055,Holambra,SP,65.337,9,set,63.18164926070931,OK,1991,2020,30,CHIRPS_v2,UCSB-CHG/CHIRPS/DAILY,1991-2020,IBGE_2024
3524709,Jaguariúna,SP,141.391,9,set,63.09043939100069,OK,1991,2020,30,CHIRPS_v2,UCSB-CHG/CHIRPS/DAILY,1991-2020,IBGE_2024
3548005,Santo Antônio de Posse,SP,154.133,9,set,62.17891844498703,OK,1991,2020,30,CHIRPS_v2,UCSB-CHG/CHIRPS/DAILY,1991-2020,IBGE_2024
3514908,Elias Fausto,SP,202.36,9,set,60.709361531259745,OK,1991,2020,30,CHIRPS_v2,UCSB-CHG/CHIRPS/DAILY,1991-2020,IBGE_2024
3527306,Louveira,SP,55.989,9,set,66.79030855379756,OK,1991,2020,30,CHIRPS_v2,UCSB-CHG/CHIRPS/DAILY,1991-2020,IBGE_2024
3525904,Jundiaí,SP,431.162,9,set,67.40158531643769,OK,1991,2020,30,CHIRPS_v2,UCSB-CHG/CHIRPS/DAILY,1991-2020,IBGE_2024
3509601,Campo Limpo Paulista,SP,79.504,9,set,67.56211007976913,OK,1991,2020,30,CHIRPS_v2,UCSB-CHG/CHIRPS/DAILY,1991-2020,IBGE_2024
3525201,Jarinu,SP,207.549,9,set,71.43150788460046,OK,1991,2020,30,CHIRPS_v2,UCSB-CHG/CHIRPS/DAILY,1991-2020,IBGE_2024
3508405,Cabreúva,SP,260.234,9,set,74.11399298258182,OK,1991,2020,30,CHIRPS_v2,UCSB-CHG/CHIRPS/DAILY,1991-2020,IBGE_2024
3556503,Várzea Paulista,SP,35.048,9,set,65.68659655636355,OK,1991,2020,30,CHIRPS_v2,UCSB-CHG/CHIRPS/DAILY,1991-2020,IBGE_2024
3524006,Itupeva,SP,201.214,9,set,72.2764966224847,OK,1991,2020,30,CHIRPS_v2,UCSB-CHG/CHIRPS/DAILY,1991-2020,IBGE_2024
3523404,Itatiba,SP,322.253,9,set,66.96122735050834,OK,1991,2020,30,CHIRPS_v2,UCSB-CHG/CHIRPS/DAILY,1991-2020,IBGE_2024
3532009,Morungaba,SP,146.752,9,set,66.5007688558769,OK,1991,2020,30,CHIRPS_v2,UCSB-CHG/CHIRPS/DAILY,1991-2020,IBGE_2024
3545159,Saltinho,SP,99.924,9,set,56.24157362246296,OK,1991,2020,30,CHIRPS_v2,UCSB-CHG/CHIRPS/DAILY,1991-2020,IBGE_2024
3511706,Charqueada,SP,175.846,9,set,62.19681179013062,OK,1991,2020,30,CHIRPS_v2,UCSB-CHG/CHIRPS/DAILY,1991-2020,IBGE_2024
3544004,Rio das Pedras,SP,226.729,9,set,58.15242898308826,OK,1991,2020,30,CHIRPS_v2,UCSB-CHG/CHIRPS/DAILY,1991-2020,IBGE_2024
3538709,Piracicaba,SP,1377.173,9,set,58.7041974860191,OK,1991,2020,30,CHIRPS_v2,UCSB-CHG/CHIRPS/DAILY,1991-2020,IBGE_2024
3510401,Capivari,SP,322.878,9,set,61.732151457232675,OK,1991,2020,30,CHIRPS_v2,UCSB-CHG/CHIRPS/DAILY,1991-2020,IBGE_2024
3526407,Laranjal Paulista,SP,384.274,9,set,56.93274421262908,OK,1991,2020,30,CHIRPS_v2,UCSB-CHG/CHIRPS/DAILY,1991-2020,IBGE_2024
3550407,São Pedro,SP,611.51,9,set,60.681075033576846,OK,1991,2020,30,CHIRPS_v2,UCSB-CHG/CHIRPS/DAILY,1991-2020,IBGE_2024
3542107,Rafard,SP,121.645,9,set,62.43383652775295,OK,1991,2020,30,CHIRPS_v2,UCSB-CHG/CHIRPS/DAILY,1991-2020,IBGE_2024
3500600,Águas de São Pedro,SP,3.38,9,set,61.462505948403845,OK,1991,2020,30,CHIRPS_v2,UCSB-CHG/CHIRPS/DAILY,1991-2020,IBGE_2024
3530904,Mombuca,SP,133.698,9,set,58.25478452500584,OK,1991,2020,30,CHIRPS_v2,UCSB-CHG/CHIRPS/DAILY,1991-2020,IBGE_2024
3547007,Santa Maria da Serra,SP,252.621,9,set,59.823575118694535,OK,1991,2020,30,CHIRPS_v2,UCSB-CHG/CHIRPS/DAILY,1991-2020,IBGE_2024
3504107,Atibaia,SP,478.52,9,set,73.13990292239743,OK,1991,2020,30,CHIRPS_v2,UCSB-CHG/CHIRPS/DAILY,1991-2020,IBGE_2024
3507605,Bragança Paulista,SP,512.584,9,set,73.0458255139864,OK,1991,2020,30,CHIRPS_v2,UCSB-CHG/CHIRPS/DAILY,1991-2020,IBGE_2024
3507100,Bom Jesus dos Perdões,SP,108.366,9,set,69.58462245919907,OK,1991,2020,30,CHIRPS_v2,UCSB-CHG/CHIRPS/DAILY,1991-2020,IBGE_2024
3536802,Pedra Bela,SP,158.588,9,set,68.89118214193736,OK,1991,2020,30,CHIRPS_v2,UCSB-CHG/CHIRPS/DAILY,1991-2020,IBGE_2024
3552106,Socorro,SP,448.894,9,set,69.3577886567302,OK,1991,2020,30,CHIRPS_v2,UCSB-CHG/CHIRPS/DAILY,1991-2020,IBGE_2024
3525508,Joanópolis,SP,374.346,9,set,70.87894615868669,OK,1991,2020,30,CHIRPS_v2,UCSB-CHG/CHIRPS/DAILY,1991-2020,IBGE_2024
3532405,Nazaré Paulista,SP,326.392,9,set,72.38351588303257,OK,1991,2020,30,CHIRPS_v2,UCSB-CHG/CHIRPS/DAILY,1991-2020,IBGE_2024
3556354,Vargem,SP,142.595,9,set,73.43229789927855,OK,1991,2020,30,CHIRPS_v2,UCSB-CHG/CHIRPS/DAILY,1991-2020,IBGE_2024
3538600,Piracaia,SP,385.64,9,set,73.14737435027185,OK,1991,2020,30,CHIRPS_v2,UCSB-CHG/CHIRPS/DAILY,1991-2020,IBGE_2024
3554953,Tuiuti,SP,126.731,9,set,67.8038221614388,OK,1991,2020,30,CHIRPS_v2,UCSB-CHG/CHIRPS/DAILY,1991-2020,IBGE_2024
3538204,Pinhalzinho,SP,154.529,9,set,66.94678051541376,OK,1991,2020,30,CHIRPS_v2,UCSB-CHG/CHIRPS/DAILY,1991-2020,IBGE_2024
3521408,Iracemápolis,SP,115.31,9,set,61.474460143170454,OK,1991,2020,30,CHIRPS_v2,UCSB-CHG/CHIRPS/DAILY,1991-2020,IBGE_2024
3526902,Limeira,SP,580.577,9,set,62.210739475010165,OK,1991,2020,30,CHIRPS_v2,UCSB-CHG/CHIRPS/DAILY,1991-2020,IBGE_2024
3512407,Cordeirópolis,SP,137.678,9,set,62.69049888074623,OK,1991,2020,30,CHIRPS_v2,UCSB-CHG/CHIRPS/DAILY,1991-2020,IBGE_2024
3515152,Engenheiro Coelho,SP,109.574,9,set,62.44707620269273,OK,1991,2020,30,CHIRPS_v2,UCSB-CHG/CHIRPS/DAILY,1991-2020,IBGE_2024
3557303,Estiva Gerbi,SP,74.144,9,set,63.68179393532696,OK,1991,2020,30,CHIRPS_v2,UCSB-CHG/CHIRPS/DAILY,1991-2020,IBGE_2024
3530706,Mogi Guaçu,SP,812.753,9,set,62.55440954568352,OK,1991,2020,30,CHIRPS_v2,UCSB-CHG/CHIRPS/DAILY,1991-2020,IBGE_2024
3530805,Mogi Mirim,SP,497.709,9,set,62.24625429275142,OK,1991,2020,30,CHIRPS_v2,UCSB-CHG/CHIRPS/DAILY,1991-2020,IBGE_2024
3522604,Itapira,SP,518.431,9,set,60.06111144057705,OK,1991,2020,30,CHIRPS_v2,UCSB-CHG/CHIRPS/DAILY,1991-2020,IBGE_2024
3553302,Tambaú,SP,561.788,9,set,56.837646721774206,OK,1991,2020,30,CHIRPS_v2,UCSB-CHG/CHIRPS/DAILY,1991-2020,IBGE_2024
3510807,Casa Branca,SP,864.225,9,set,60.9450340151475,OK,1991,2020,30,CHIRPS_v2,UCSB-CHG/CHIRPS/DAILY,1991-2020,IBGE_2024
3500303,Aguaí,SP,474.554,9,set,60.721650187779254,OK,1991,2020,30,CHIRPS_v2,UCSB-CHG/CHIRPS/DAILY,1991-2020,IBGE_2024
3500402,Águas da Prata,SP,142.673,9,set,66.33235227018409,OK,1991,2020,30,CHIRPS_v2,UCSB-CHG/CHIRPS/DAILY,1991-2020,IBGE_2024
3549102,São João da Boa Vista,SP,516.399,9,set,64.03849954712553,OK,1991,2020,30,CHIRPS_v2,UCSB-CHG/CHIRPS/DAILY,1991-2020,IBGE_2024
3515186,Espírito Santo do Pinhal,SP,389.235,9,set,64.06256308114374,OK,1991,2020,30,CHIRPS_v2,UCSB-CHG/CHIRPS/DAILY,1991-2020,IBGE_2024
3548104,Santo Antônio do Jardim,SP,109.956,9,set,66.36530523353197,OK,1991,2020,30,CHIRPS_v2,UCSB-CHG/CHIRPS/DAILY,1991-2020,IBGE_2024
3556404,Vargem Grande do Sul,SP,267.178,9,set,62.79665764043631,OK,1991,2020,30,CHIRPS_v2,UCSB-CHG/CHIRPS/DAILY,1991-2020,IBGE_2024
3546306,Santa Cruz das Palmeiras,SP,295.33,9,set,57.79285246310761,OK,1991,2020,30,CHIRPS_v2,UCSB-CHG/CHIRPS/DAILY,1991-2020,IBGE_2024
3503307,Araras,SP,644.805,9,set,62.026334767453335,OK,1991,2020,30,CHIRPS_v2,UCSB-CHG/CHIRPS/DAILY,1991-2020,IBGE_2024
3512209,Conchal,SP,182.793,9,set,63.26921925047339,OK,1991,2020,30,CHIRPS_v2,UCSB-CHG/CHIRPS/DAILY,1991-2020,IBGE_2024
3526704,Leme,SP,402.871,9,set,56.807352500624866,OK,1991,2020,30,CHIRPS_v2,UCSB-CHG/CHIRPS/DAILY,1991-2020,IBGE_2024
3546207,Santa Cruz da Conceição,SP,150.13,9,set,55.47202688061079,OK,1991,2020,30,CHIRPS_v2,UCSB-CHG/CHIRPS/DAILY,1991-2020,IBGE_2024
3521101,Ipeúna,SP,190.01,9,set,61.5711203469468,OK,1991,2020,30,CHIRPS_v2,UCSB-CHG/CHIRPS/DAILY,1991-2020,IBGE_2024
3543907,Rio Claro,SP,498.403,9,set,61.230250364875864,OK,1991,2020,30,CHIRPS_v2,UCSB-CHG/CHIRPS/DAILY,1991-2020,IBGE_2024
3546702,Santa Gertrudes,SP,98.045,9,set,61.943963992925276,OK,1991,2020,30,CHIRPS_v2,UCSB-CHG/CHIRPS/DAILY,1991-2020,IBGE_2024
3512704,Corumbataí,SP,278.622,9,set,58.05698121137814,OK,1991,2020,30,CHIRPS_v2,UCSB-CHG/CHIRPS/DAILY,1991-2020,IBGE_2024
3502002,Analândia,SP,325.953,9,set,56.12950973678805,OK,1991,2020,30,CHIRPS_v2,UCSB-CHG/CHIRPS/DAILY,1991-2020,IBGE_2024
3513900,Divinolândia,SP,223.749,9,set,63.28792223829165,OK,1991,2020,30,CHIRPS_v2,UCSB-CHG/CHIRPS/DAILY,1991-2020,IBGE_2024
3553609,Tapiratiba,SP,220.518,9,set,58.847129062919066,OK,1991,2020,30,CHIRPS_v2,UCSB-CHG/CHIRPS/DAILY,1991-2020,IBGE_2024
3550803,São Sebastião da Grama,SP,252.41,9,set,64.15467873574232,OK,1991,2020,30,CHIRPS_v2,UCSB-CHG/CHIRPS/DAILY,1991-2020,IBGE_2024
3508702,Caconde,SP,468.998,9,set,59.82517179973774,OK,1991,2020,30,CHIRPS_v2,UCSB-CHG/CHIRPS/DAILY,1991-2020,IBGE_2024
3549706,São José do Rio Pardo,SP,419.729,9,set,57.5891769449128,OK,1991,2020,30,CHIRPS_v2,UCSB-CHG/CHIRPS/DAILY,1991-2020,IBGE_2024
3523800,Itobi,SP,138.986,9,set,62.10130797476453,OK,1991,2020,30,CHIRPS_v2,UCSB-CHG/CHIRPS/DAILY,1991-2020,IBGE_2024
3530508,Mococa,SP,855.701,9,set,55.14221523882695,OK,1991,2020,30,CHIRPS_v2,UCSB-CHG/CHIRPS/DAILY,1991-2020,IBGE_2024
3527009,Lindóia,SP,48.321,9,set,65.27074415037181,OK,1991,2020,30,CHIRPS_v2,UCSB-CHG/CHIRPS/DAILY,1991-2020,IBGE_2024
3551603,Serra Negra,SP,204.542,9,set,64.6036349801603,OK,1991,2020,30,CHIRPS_v2,UCSB-CHG/CHIRPS/DAILY,1991-2020,IBGE_2024
3501905,Amparo,SP,445.323,9,set,64.7211944400811,OK,1991,2020,30,CHIRPS_v2,UCSB-CHG/CHIRPS/DAILY,1991-2020,IBGE_2024
3500501,Águas de Lindóia,SP,59.872,9,set,68.68745899393984,OK,1991,2020,30,CHIRPS_v2,UCSB-CHG/CHIRPS/DAILY,1991-2020,IBGE_2024
3531209,Monte Alegre do Sul,SP,110.308,9,set,65.80536126260832,OK,1991,2020,30,CHIRPS_v2,UCSB-CHG/CHIRPS/DAILY,1991-2020,IBGE_2024
3520202,Igaratá,SP,293.002,9,set,72.74489504672366,OK,1991,2020,30,CHIRPS_v2,UCSB-CHG/CHIRPS/DAILY,1991-2020,IBGE_2024
3535606,Paraibuna,SP,809.576,9,set,77.6855086356678,OK,1991,2020,30,CHIRPS_v2,UCSB-CHG/CHIRPS/DAILY,1991-2020,IBGE_2024
3546009,Santa Branca,SP,272.238,9,set,69.8650137198632,OK,1991,2020,30,CHIRPS_v2,UCSB-CHG/CHIRPS/DAILY,1991-2020,IBGE_2024
3549904,São José dos Campos,SP,1099.494,9,set,69.15426655598601,OK,1991,2020,30,CHIRPS_v2,UCSB-CHG/CHIRPS/DAILY,1991-2020,IBGE_2024
3524907,Jambeiro,SP,184.413,9,set,60.92148460292038,OK,1991,2020,30,CHIRPS_v2,UCSB-CHG/CHIRPS/DAILY,1991-2020,IBGE_2024
3508504,Caçapava,SP,369.558,9,set,69.44986932691285,OK,1991,2020,30,CHIRPS_v2,UCSB-CHG/CHIRPS/DAILY,1991-2020,IBGE_2024
3524402,Jacareí,SP,464.252,9,set,67.59182551893043,OK,1991,2020,30,CHIRPS_v2,UCSB-CHG/CHIRPS/DAILY,1991-2020,IBGE_2024
3531704,Monteiro Lobato,SP,332.408,9,set,74.46030077572834,OK,1991,2020,30,CHIRPS_v2,UCSB-CHG/CHIRPS/DAILY,1991-2020,IBGE_2024
3526308,Lagoinha,SP,254.454,9,set,59.88468454620267,OK,1991,2020,30,CHIRPS_v2,UCSB-CHG/CHIRPS/DAILY,1991-2020,IBGE_2024
3509700,Campos do Jordão,SP,289.981,9,set,74.14184799044904,OK,1991,2020,30,CHIRPS_v2,UCSB-CHG/CHIRPS/DAILY,1991-2020,IBGE_2024
3550001,São Luiz do Paraitinga,SP,618.126,9,set,78.4961883117881,OK,1991,2020,30,CHIRPS_v2,UCSB-CHG/CHIRPS/DAILY,1991-2020,IBGE_2024
3532306,Natividade da Serra,SP,834.281,9,set,89.90748108074735,OK,1991,2020,30,CHIRPS_v2,UCSB-CHG/CHIRPS/DAILY,1991-2020,IBGE_2024
3548609,São Bento do Sapucaí,SP,252.579,9,set,68.49899043362201,OK,1991,2020,30,CHIRPS_v2,UCSB-CHG/CHIRPS/DAILY,1991-2020,IBGE_2024
3548203,Santo Antônio do Pinhal,SP,132.966,9,set,70.65964873326773,OK,1991,2020,30,CHIRPS_v2,UCSB-CHG/CHIRPS/DAILY,1991-2020,IBGE_2024
3554805,Tremembé,SP,190.93,9,set,71.26720166856619,OK,1991,2020,30,CHIRPS_v2,UCSB-CHG/CHIRPS/DAILY,1991-2020,IBGE_2024
3554102,Taubaté,SP,624.924,9,set,62.51672310656314,OK,1991,2020,30,CHIRPS_v2,UCSB-CHG/CHIRPS/DAILY,1991-2020,IBGE_2024
3542305,Redenção da Serra,SP,309.322,9,set,64.39683062614539,OK,1991,2020,30,CHIRPS_v2,UCSB-CHG/CHIRPS/DAILY,1991-2020,IBGE_2024
3538006,Pindamonhangaba,SP,731.356,9,set,71.32148956131373,OK,1991,2020,30,CHIRPS_v2,UCSB-CHG/CHIRPS/DAILY,1991-2020,IBGE_2024
3520400,Ilhabela,SP,346.389,9,set,88.43074902062891,OK,1991,2020,30,CHIRPS_v2,UCSB-CHG/CHIRPS/DAILY,1991-2020,IBGE_2024
3510500,Caraguatatuba,SP,484.947,9,set,110.48256422982432,OK,1991,2020,30,CHIRPS_v2,UCSB-CHG/CHIRPS/DAILY,1991-2020,IBGE_2024
3550704,São Sebastião,SP,402.395,9,set,115.00633651570627,OK,1991,2020,30,CHIRPS_v2,UCSB-CHG/CHIRPS/DAILY,1991-2020,IBGE_2024
3544301,Roseira,SP,129.847,9,set,61.58004214504237,OK,1991,2020,30,CHIRPS_v2,UCSB-CHG/CHIRPS/DAILY,1991-2020,IBGE_2024
3502507,Aparecida,SP,120.89,9,set,60.275942145023606,OK,1991,2020,30,CHIRPS_v2,UCSB-CHG/CHIRPS/DAILY,1991-2020,IBGE_2024
3518404,Guaratinguetá,SP,752.636,9,set,60.622791904307114,OK,1991,2020,30,CHIRPS_v2,UCSB-CHG/CHIRPS/DAILY,1991-2020,IBGE_2024
3540754,Potim,SP,44.644,9,set,60.619279211252305,OK,1991,2020,30,CHIRPS_v2,UCSB-CHG/CHIRPS/DAILY,1991-2020,IBGE_2024
3538501,Piquete,SP,175.996,9,set,62.009591312505655,OK,1991,2020,30,CHIRPS_v2,UCSB-CHG/CHIRPS/DAILY,1991-2020,IBGE_2024
4122305,Rio Negro,PR,604.477,9,set,131.93677471719738,OK,1991,2020,30,CHIRPS_v2,UCSB-CHG/CHIRPS/DAILY,1991-2020,IBGE_2024
4113205,Lapa,PR,2100.392,9,set,138.5303388257573,OK,1991,2020,30,CHIRPS_v2,UCSB-CHG/CHIRPS/DAILY,1991-2020,IBGE_2024
4121208,Quitandinha,PR,446.597,9,set,131.8934301741067,OK,1991,2020,30,CHIRPS_v2,UCSB-CHG/CHIRPS/DAILY,1991-2020,IBGE_2024
4105201,Cerro Azul,PR,1353.255,9,set,110.48656060974356,OK,1991,2020,30,CHIRPS_v2,UCSB-CHG/CHIRPS/DAILY,1991-2020,IBGE_2024
4128633,Doutor Ulysses,PR,779.628,9,set,107.31120927883505,OK,1991,2020,30,CHIRPS_v2,UCSB-CHG/CHIRPS/DAILY,1991-2020,IBGE_2024
4104105,Campo do Tenente,PR,303.956,9,set,133.93589838656035,OK,1991,2020,30,CHIRPS_v2,UCSB-CHG/CHIRPS/DAILY,1991-2020,IBGE_2024
4127882,Tunas do Paraná,PR,670.899,9,set,111.23181599920188,OK,1991,2020,30,CHIRPS_v2,UCSB-CHG/CHIRPS/DAILY,1991-2020,IBGE_2024
4127601,Tijucas do Sul,PR,672.599,9,set,146.75243818220403,OK,1991,2020,30,CHIRPS_v2,UCSB-CHG/CHIRPS/DAILY,1991-2020,IBGE_2024
4119103,Piên,PR,256.501,9,set,132.74533487680125,OK,1991,2020,30,CHIRPS_v2,UCSB-CHG/CHIRPS/DAILY,1991-2020,IBGE_2024
4100301,Agudos do Sul,PR,191.336,9,set,136.30626610947198,OK,1991,2020,30,CHIRPS_v2,UCSB-CHG/CHIRPS/DAILY,1991-2020,IBGE_2024
4100202,Adrianópolis,PR,1343.898,9,set,105.38388457469803,OK,1991,2020,30,CHIRPS_v2,UCSB-CHG/CHIRPS/DAILY,1991-2020,IBGE_2024
4122206,Rio Branco do Sul,PR,820.071,9,set,125.60222044853919,OK,1991,2020,30,CHIRPS_v2,UCSB-CHG/CHIRPS/DAILY,1991-2020,IBGE_2024
4105805,Colombo,PR,197.369,9,set,127.29650987594867,OK,1991,2020,30,CHIRPS_v2,UCSB-CHG/CHIRPS/DAILY,1991-2020,IBGE_2024
4106209,Contenda,PR,296.488,9,set,128.45668539003614,OK,1991,2020,30,CHIRPS_v2,UCSB-CHG/CHIRPS/DAILY,1991-2020,IBGE_2024
4114302,Mandirituba,PR,378.818,9,set,121.43817060979158,OK,1991,2020,30,CHIRPS_v2,UCSB-CHG/CHIRPS/DAILY,1991-2020,IBGE_2024
4120804,Quatro Barras,PR,181.565,9,set,144.5159478985625,OK,1991,2020,30,CHIRPS_v2,UCSB-CHG/CHIRPS/DAILY,1991-2020,IBGE_2024
4104006,Campina Grande do Sul,PR,542.239,9,set,128.80306275633254,OK,1991,2020,30,CHIRPS_v2,UCSB-CHG/CHIRPS/DAILY,1991-2020,IBGE_2024
4104253,Campo Magro,PR,275.423,9,set,134.12820923345456,OK,1991,2020,30,CHIRPS_v2,UCSB-CHG/CHIRPS/DAILY,1991-2020,IBGE_2024
4104204,Campo Largo,PR,1239.801,9,set,126.76659283406313,OK,1991,2020,30,CHIRPS_v2,UCSB-CHG/CHIRPS/DAILY,1991-2020,IBGE_2024
4119152,Pinhais,PR,61.008,9,set,127.26024841005324,OK,1991,2020,30,CHIRPS_v2,UCSB-CHG/CHIRPS/DAILY,1991-2020,IBGE_2024
4119509,Piraquara,PR,225.065,9,set,148.04632459030884,OK,1991,2020,30,CHIRPS_v2,UCSB-CHG/CHIRPS/DAILY,1991-2020,IBGE_2024
4103107,Bocaiúva do Sul,PR,809.682,9,set,121.43581218493135,OK,1991,2020,30,CHIRPS_v2,UCSB-CHG/CHIRPS/DAILY,1991-2020,IBGE_2024
4111258,Itaperuçu,PR,322.553,9,set,135.84686385680922,OK,1991,2020,30,CHIRPS_v2,UCSB-CHG/CHIRPS/DAILY,1991-2020,IBGE_2024
4102307,Balsa Nova,PR,347.588,9,set,123.56691587392761,OK,1991,2020,30,CHIRPS_v2,UCSB-CHG/CHIRPS/DAILY,1991-2020,IBGE_2024
4101804,Araucária,PR,469.549,9,set,124.45504259730352,OK,1991,2020,30,CHIRPS_v2,UCSB-CHG/CHIRPS/DAILY,1991-2020,IBGE_2024
4125506,São José dos Pinhais,PR,945.509,9,set,136.75447623747095,OK,1991,2020,30,CHIRPS_v2,UCSB-CHG/CHIRPS/DAILY,1991-2020,IBGE_2024
4100400,Almirante Tamandaré,PR,193.736,9,set,130.63686524289625,OK,1991,2020,30,CHIRPS_v2,UCSB-CHG/CHIRPS/DAILY,1991-2020,IBGE_2024
4107652,Fazenda Rio Grande,PR,116.41,9,set,117.87275551323903,OK,1991,2020,30,CHIRPS_v2,UCSB-CHG/CHIRPS/DAILY,1991-2020,IBGE_2024
4106902,Curitiba,PR,435.406,9,set,126.31438736098181,OK,1991,2020,30,CHIRPS_v2,UCSB-CHG/CHIRPS/DAILY,1991-2020,IBGE_2024
4118204,Paranaguá,PR,821.427,9,set,144.43429766447423,OK,1991,2020,30,CHIRPS_v2,UCSB-CHG/CHIRPS/DAILY,1991-2020,IBGE_2024
4119954,Pontal do Paraná,PR,202.242,9,set,142.44885351549286,OK,1991,2020,30,CHIRPS_v2,UCSB-CHG/CHIRPS/DAILY,1991-2020,IBGE_2024
4109609,Guaratuba,PR,1320.951,9,set,151.93327313442893,OK,1991,2020,30,CHIRPS_v2,UCSB-CHG/CHIRPS/DAILY,1991-2020,IBGE_2024
4101200,Antonina,PR,890.065,9,set,146.8416183469579,OK,1991,2020,30,CHIRPS_v2,UCSB-CHG/CHIRPS/DAILY,1991-2020,IBGE_2024
4109500,Guaraqueçaba,PR,2011.256,9,set,140.88265815933897,OK,1991,2020,30,CHIRPS_v2,UCSB-CHG/CHIRPS/DAILY,1991-2020,IBGE_2024
4116208,Morretes,PR,686.489,9,set,158.31487578944572,OK,1991,2020,30,CHIRPS_v2,UCSB-CHG/CHIRPS/DAILY,1991-2020,IBGE_2024
4115705,Matinhos,PR,117.479,9,set,144.2134486895089,OK,1991,2020,30,CHIRPS_v2,UCSB-CHG/CHIRPS/DAILY,1991-2020,IBGE_2024
4106803,Cruz Machado,PR,1474.202,9,set,159.95403701814655,OK,1991,2020,30,CHIRPS_v2,UCSB-CHG/CHIRPS/DAILY,1991-2020,IBGE_2024
4120309,Porto Vitória,PR,210.236,9,set,162.6619022849793,OK,1991,2020,30,CHIRPS_v2,UCSB-CHG/CHIRPS/DAILY,1991-2020,IBGE_2024
4128203,União da Vitória,PR,727.443,9,set,156.42981128773695,OK,1991,2020,30,CHIRPS_v2,UCSB-CHG/CHIRPS/DAILY,1991-2020,IBGE_2024
4102901,Bituruna,PR,1280.76,9,set,161.64137141859607,OK,1991,2020,30,CHIRPS_v2,UCSB-CHG/CHIRPS/DAILY,1991-2020,IBGE_2024
4118600,Paula Freitas,PR,417.829,9,set,148.06055947540793,OK,1991,2020,30,CHIRPS_v2,UCSB-CHG/CHIRPS/DAILY,1991-2020,IBGE_2024
4118709,Paulo Frontin,PR,363.169,9,set,150.02636932177438,OK,1991,2020,30,CHIRPS_v2,UCSB-CHG/CHIRPS/DAILY,1991-2020,IBGE_2024
4101309,Antônio Olinto,PR,463.694,9,set,142.49792556007094,OK,1991,2020,30,CHIRPS_v2,UCSB-CHG/CHIRPS/DAILY,1991-2020,IBGE_2024
4125605,São Mateus do Sul,PR,1344.742,9,set,144.98395878922227,OK,1991,2020,30,CHIRPS_v2,UCSB-CHG/CHIRPS/DAILY,1991-2020,IBGE_2024
4108502,General Carneiro,PR,1068.369,9,set,157.15034712275673,OK,1991,2020,30,CHIRPS_v2,UCSB-CHG/CHIRPS/DAILY,1991-2020,IBGE_2024
4109401,Guarapuava,PR,3163.893,9,set,160.04045077750587,OK,1991,2020,30,CHIRPS_v2,UCSB-CHG/CHIRPS/DAILY,1991-2020,IBGE_2024
4121752,Reserva do Iguaçu,PR,833.085,9,set,163.83557726859158,OK,1991,2020,30,CHIRPS_v2,UCSB-CHG/CHIRPS/DAILY,1991-2020,IBGE_2024
4104451,Cantagalo,PR,568.929,9,set,161.68996994181387,OK,1991,2020,30,CHIRPS_v2,UCSB-CHG/CHIRPS/DAILY,1991-2020,IBGE_2024
4104428,Candói,PR,1509.719,9,set,162.67724638870382,OK,1991,2020,30,CHIRPS_v2,UCSB-CHG/CHIRPS/DAILY,1991-2020,IBGE_2024
4103958,Campina do Simão,PR,448.033,9,set,155.8697801499508,OK,1991,2020,30,CHIRPS_v2,UCSB-CHG/CHIRPS/DAILY,1991-2020,IBGE_2024
4120606,Prudentópolis,PR,2257.861,9,set,150.62712273894402,OK,1991,2020,30,CHIRPS_v2,UCSB-CHG/CHIRPS/DAILY,1991-2020,IBGE_2024
4127965,Turvo,PR,936.038,9,set,149.0366600975612,OK,1991,2020,30,CHIRPS_v2,UCSB-CHG/CHIRPS/DAILY,1991-2020,IBGE_2024
4119301,Pinhão,PR,2003.799,9,set,163.50695842415465,OK,1991,2020,30,CHIRPS_v2,UCSB-CHG/CHIRPS/DAILY,1991-2020,IBGE_2024
4110201,Inácio Martins,PR,938.126,9,set,168.5290517117094,OK,1991,2020,30,CHIRPS_v2,UCSB-CHG/CHIRPS/DAILY,1991-2020,IBGE_2024
4108957,Guamiranga,PR,244.592,9,set,153.82026707426093,OK,1991,2020,30,CHIRPS_v2,UCSB-CHG/CHIRPS/DAILY,1991-2020,IBGE_2024
4108452,Foz do Jordão,PR,230.716,9,set,161.54061186898218,OK,1991,2020,30,CHIRPS_v2,UCSB-CHG/CHIRPS/DAILY,1991-2020,IBGE_2024
4108650,Goioxim,PR,702.284,9,set,160.1631347651955,OK,1991,2020,30,CHIRPS_v2,UCSB-CHG/CHIRPS/DAILY,1991-2020,IBGE_2024
4113254,Laranjal,PR,559.439,9,set,148.05753352106865,OK,1991,2020,30,CHIRPS_v2,UCSB-CHG/CHIRPS/DAILY,1991-2020,IBGE_2024
4119608,Pitanga,PR,1687.454,9,set,147.79681835664553,OK,1991,2020,30,CHIRPS_v2,UCSB-CHG/CHIRPS/DAILY,1991-2020,IBGE_2024
4103040,Boa Ventura de São Roque,PR,606.94,9,set,148.99727311641408,OK,1991,2020,30,CHIRPS_v2,UCSB-CHG/CHIRPS/DAILY,1991-2020,IBGE_2024
4117800,Palmital,PR,821.733,9,set,148.95844991745543,OK,1991,2020,30,CHIRPS_v2,UCSB-CHG/CHIRPS/DAILY,1991-2020,IBGE_2024
4117271,Nova Tebas,PR,545.662,9,set,128.49539895329116,OK,1991,2020,30,CHIRPS_v2,UCSB-CHG/CHIRPS/DAILY,1991-2020,IBGE_2024
4123857,Santa Maria do Oeste,PR,815.151,9,set,151.04924851706713,OK,1991,2020,30,CHIRPS_v2,UCSB-CHG/CHIRPS/DAILY,1991-2020,IBGE_2024
4115739,Mato Rico,PR,402.533,9,set,145.1903796087831,OK,1991,2020,30,CHIRPS_v2,UCSB-CHG/CHIRPS/DAILY,1991-2020,IBGE_2024
4104808,Cascavel,PR,2094.263,9,set,144.04550975478324,OK,1991,2020,30,CHIRPS_v2,UCSB-CHG/CHIRPS/DAILY,1991-2020,IBGE_2024
4124020,Santa Tereza do Oeste,PR,327.737,9,set,142.03863943853656,OK,1991,2020,30,CHIRPS_v2,UCSB-CHG/CHIRPS/DAILY,1991-2020,IBGE_2024
4107124,Diamante do Sul,PR,347.233,9,set,151.91800276592414,OK,1991,2020,30,CHIRPS_v2,UCSB-CHG/CHIRPS/DAILY,1991-2020,IBGE_2024
4107157,Diamante D'Oeste,PR,310.624,9,set,127.88219279253413,OK,1991,2020,30,CHIRPS_v2,UCSB-CHG/CHIRPS/DAILY,1991-2020,IBGE_2024
4106308,Corbélia,PR,527.607,9,set,140.9451323244772,OK,1991,2020,30,CHIRPS_v2,UCSB-CHG/CHIRPS/DAILY,1991-2020,IBGE_2024
4105300,Céu Azul,PR,1176.523,9,set,146.60160077151198,OK,1991,2020,30,CHIRPS_v2,UCSB-CHG/CHIRPS/DAILY,1991-2020,IBGE_2024
4105003,Catanduvas,PR,578.494,9,set,153.60163873540571,OK,1991,2020,30,CHIRPS_v2,UCSB-CHG/CHIRPS/DAILY,1991-2020,IBGE_2024
4121257,Ramilândia,PR,235.418,9,set,134.2486784547726,OK,1991,2020,30,CHIRPS_v2,UCSB-CHG/CHIRPS/DAILY,1991-2020,IBGE_2024
4113452,Lindoeste,PR,344.691,9,set,151.79720265792895,OK,1991,2020,30,CHIRPS_v2,UCSB-CHG/CHIRPS/DAILY,1991-2020,IBGE_2024
4104600,Capitão Leônidas Marques,PR,280.109,9,set,144.54075535714824,OK,1991,2020,30,CHIRPS_v2,UCSB-CHG/CHIRPS/DAILY,1991-2020,IBGE_2024
4128559,Vera Cruz do Oeste,PR,330.602,9,set,134.82860059047644,OK,1991,2020,30,CHIRPS_v2,UCSB-CHG/CHIRPS/DAILY,1991-2020,IBGE_2024
4104055,Campo Bonito,PR,434.124,9,set,143.1904660750244,OK,1991,2020,30,CHIRPS_v2,UCSB-CHG/CHIRPS/DAILY,1991-2020,IBGE_2024
4127858,Três Barras do Paraná,PR,506.963,9,set,150.52904429643803,OK,1991,2020,30,CHIRPS_v2,UCSB-CHG/CHIRPS/DAILY,1991-2020,IBGE_2024
4103453,Cafelândia,PR,275.17,9,set,139.7686616484044,OK,1991,2020,30,CHIRPS_v2,UCSB-CHG/CHIRPS/DAILY,1991-2020,IBGE_2024
4103354,Braganey,PR,343.26,9,set,138.6512708478235,OK,1991,2020,30,CHIRPS_v2,UCSB-CHG/CHIRPS/DAILY,1991-2020,IBGE_2024
4103057,Boa Vista da Aparecida,PR,265.636,9,set,148.2960888296369,OK,1991,2020,30,CHIRPS_v2,UCSB-CHG/CHIRPS/DAILY,1991-2020,IBGE_2024
4110052,Iguatu,PR,106.937,9,set,137.13111423736692,OK,1991,2020,30,CHIRPS_v2,UCSB-CHG/CHIRPS/DAILY,1991-2020,IBGE_2024
4109757,Ibema,PR,146.547,9,set,150.61608597324238,OK,1991,2020,30,CHIRPS_v2,UCSB-CHG/CHIRPS/DAILY,1991-2020,IBGE_2024
4109302,Guaraniaçu,PR,1237.77,9,set,149.47063660946665,OK,1991,2020,30,CHIRPS_v2,UCSB-CHG/CHIRPS/DAILY,1991-2020,IBGE_2024
4101051,Anahy,PR,104.09,9,set,135.30296518767392,OK,1991,2020,30,CHIRPS_v2,UCSB-CHG/CHIRPS/DAILY,1991-2020,IBGE_2024
4116703,Nova Aurora,PR,471.176,9,set,141.38707483790057,OK,1991,2020,30,CHIRPS_v2,UCSB-CHG/CHIRPS/DAILY,1991-2020,IBGE_2024
4123824,Santa Lúcia,PR,126.813,9,set,149.69533961257133,OK,1991,2020,30,CHIRPS_v2,UCSB-CHG/CHIRPS/DAILY,1991-2020,IBGE_2024
4115606,Matelândia,PR,642.123,9,set,144.79933002112205,OK,1991,2020,30,CHIRPS_v2,UCSB-CHG/CHIRPS/DAILY,1991-2020,IBGE_2024
4108304,Foz do Iguaçu,PR,606.501,9,set,129.54167532564222,OK,1991,2020,30,CHIRPS_v2,UCSB-CHG/CHIRPS/DAILY,1991-2020,IBGE_2024
4124053,Santa Terezinha de Itaipu,PR,270.949,9,set,128.83830179036156,OK,1991,2020,30,CHIRPS_v2,UCSB-CHG/CHIRPS/DAILY,1991-2020,IBGE_2024
4110953,Itaipulândia,PR,328.207,9,set,126.4370072214049,OK,1991,2020,30,CHIRPS_v2,UCSB-CHG/CHIRPS/DAILY,1991-2020,IBGE_2024
4126355,Serranópolis do Iguaçu,PR,482.987,9,set,137.50197247209042,OK,1991,2020,30,CHIRPS_v2,UCSB-CHG/CHIRPS/DAILY,1991-2020,IBGE_2024
4125704,São Miguel do Iguaçu,PR,852.133,9,set,131.1006783399206,OK,1991,2020,30,CHIRPS_v2,UCSB-CHG/CHIRPS/DAILY,1991-2020,IBGE_2024
4116059,Missal,PR,326.214,9,set,126.29056551751964,OK,1991,2020,30,CHIRPS_v2,UCSB-CHG/CHIRPS/DAILY,1991-2020,IBGE_2024
4115804,Medianeira,PR,326.67,9,set,139.35397629315602,OK,1991,2020,30,CHIRPS_v2,UCSB-CHG/CHIRPS/DAILY,1991-2020,IBGE_2024
4127700,Toledo,PR,1197.223,9,set,132.02384054105502,OK,1991,2020,30,CHIRPS_v2,UCSB-CHG/CHIRPS/DAILY,1991-2020,IBGE_2024
4117453,Ouro Verde do Oeste,PR,293.042,9,set,130.9156946952973,OK,1991,2020,30,CHIRPS_v2,UCSB-CHG/CHIRPS/DAILY,1991-2020,IBGE_2024
4123501,Santa Helena,PR,753.997,9,set,123.8301491840386,OK,1991,2020,30,CHIRPS_v2,UCSB-CHG/CHIRPS/DAILY,1991-2020,IBGE_2024
4115358,Maripá,PR,283.794,9,set,134.57570088561422,OK,1991,2020,30,CHIRPS_v2,UCSB-CHG/CHIRPS/DAILY,1991-2020,IBGE_2024
4112751,Jesuítas,PR,246.606,9,set,136.56027178937086,OK,1991,2020,30,CHIRPS_v2,UCSB-CHG/CHIRPS/DAILY,1991-2020,IBGE_2024
4127957,Tupãssi,PR,299.093,9,set,144.70377070434998,OK,1991,2020,30,CHIRPS_v2,UCSB-CHG/CHIRPS/DAILY,1991-2020,IBGE_2024
4127403,Terra Roxa,PR,801.135,9,set,123.6757899517615,OK,1991,2020,30,CHIRPS_v2,UCSB-CHG/CHIRPS/DAILY,1991-2020,IBGE_2024
4110656,Iracema do Oeste,PR,81.538,9,set,138.09224692359697,OK,1991,2020,30,CHIRPS_v2,UCSB-CHG/CHIRPS/DAILY,1991-2020,IBGE_2024
4102000,Assis Chateaubriand,PR,980.816,9,set,137.31961338747163,OK,1991,2020,30,CHIRPS_v2,UCSB-CHG/CHIRPS/DAILY,1991-2020,IBGE_2024
4117909,Palotina,PR,651.237,9,set,128.95839728010446,OK,1991,2020,30,CHIRPS_v2,UCSB-CHG/CHIRPS/DAILY,1991-2020,IBGE_2024
4125456,São José das Palmeiras,PR,182.627,9,set,127.77862562695249,OK,1991,2020,30,CHIRPS_v2,UCSB-CHG/CHIRPS/DAILY,1991-2020,IBGE_2024
4125753,São Pedro do Iguaçu,PR,309.1,9,set,133.86111944390854,OK,1991,2020,30,CHIRPS_v2,UCSB-CHG/CHIRPS/DAILY,1991-2020,IBGE_2024
4108809,Guaíra,PR,563.414,9,set,122.6104171504859,OK,1991,2020,30,CHIRPS_v2,UCSB-CHG/CHIRPS/DAILY,1991-2020,IBGE_2024
4108205,Formosa do Oeste,PR,275.651,9,set,135.0130650959279,OK,1991,2020,30,CHIRPS_v2,UCSB-CHG/CHIRPS/DAILY,1991-2020,IBGE_2024
4115408,Marmeleiro,PR,388.538,9,set,173.09917286113426,OK,1991,2020,30,CHIRPS_v2,UCSB-CHG/CHIRPS/DAILY,1991-2020,IBGE_2024
4122800,Salgado Filho,PR,182.616,9,set,168.7973255142648,OK,1991,2020,30,CHIRPS_v2,UCSB-CHG/CHIRPS/DAILY,1991-2020,IBGE_2024
4114351,Manfrinópolis,PR,214.758,9,set,166.79075387448256,OK,1991,2020,30,CHIRPS_v2,UCSB-CHG/CHIRPS/DAILY,1991-2020,IBGE_2024
4121406,Realeza,PR,353.922,9,set,145.04907573474685,OK,1991,2020,30,CHIRPS_v2,UCSB-CHG/CHIRPS/DAILY,1991-2020,IBGE_2024
4121604,Renascença,PR,425.947,9,set,166.01367206559766,OK,1991,2020,30,CHIRPS_v2,UCSB-CHG/CHIRPS/DAILY,1991-2020,IBGE_2024
4104501,Capanema,PR,415.961,9,set,144.37836067029681,OK,1991,2020,30,CHIRPS_v2,UCSB-CHG/CHIRPS/DAILY,1991-2020,IBGE_2024
4120358,Pranchita,PR,226.089,9,set,166.29016054874936,OK,1991,2020,30,CHIRPS_v2,UCSB-CHG/CHIRPS/DAILY,1991-2020,IBGE_2024
4128609,Verê,PR,312.744,9,set,155.8022041477884,OK,1991,2020,30,CHIRPS_v2,UCSB-CHG/CHIRPS/DAILY,1991-2020,IBGE_2024
4119806,Planalto,PR,347.974,9,set,152.63831715711228,OK,1991,2020,30,CHIRPS_v2,UCSB-CHG/CHIRPS/DAILY,1991-2020,IBGE_2024
4119251,Pinhal de São Bento,PR,98.062,9,set,160.73154216507027,OK,1991,2020,30,CHIRPS_v2,UCSB-CHG/CHIRPS/DAILY,1991-2020,IBGE_2024
4102752,Bela Vista da Caroba,PR,148.859,9,set,159.41917037992556,OK,1991,2020,30,CHIRPS_v2,UCSB-CHG/CHIRPS/DAILY,1991-2020,IBGE_2024
4103156,Bom Jesus do Sul,PR,175.536,9,set,173.73135705613342,OK,1991,2020,30,CHIRPS_v2,UCSB-CHG/CHIRPS/DAILY,1991-2020,IBGE_2024
4119004,Pérola d'Oeste,PR,204.331,9,set,160.13514889460785,OK,1991,2020,30,CHIRPS_v2,UCSB-CHG/CHIRPS/DAILY,1991-2020,IBGE_2024
4102604,Barracão,PR,161.806,9,set,179.90538784999194,OK,1991,2020,30,CHIRPS_v2,UCSB-CHG/CHIRPS/DAILY,1991-2020,IBGE_2024
4101002,Ampére,PR,297.174,9,set,156.77193451872026,OK,1991,2020,30,CHIRPS_v2,UCSB-CHG/CHIRPS/DAILY,1991-2020,IBGE_2024
4108403,Francisco Beltrão,PR,731.379,9,set,163.6649920215305,OK,1991,2020,30,CHIRPS_v2,UCSB-CHG/CHIRPS/DAILY,1991-2020,IBGE_2024
4116950,Nova Esperança do Sudoeste,PR,207.849,9,set,157.26868858410364,OK,1991,2020,30,CHIRPS_v2,UCSB-CHG/CHIRPS/DAILY,1991-2020,IBGE_2024
4124400,Santo Antônio do Sudoeste,PR,327.008,9,set,166.93450083401615,OK,1991,2020,30,CHIRPS_v2,UCSB-CHG/CHIRPS/DAILY,1991-2020,IBGE_2024
4107850,Flor da Serra do Sul,PR,256.157,9,set,174.79214243523623,OK,1991,2020,30,CHIRPS_v2,UCSB-CHG/CHIRPS/DAILY,1991-2020,IBGE_2024
4123808,Santa Izabel do Oeste,PR,321.003,9,set,145.76011069858677,OK,1991,2020,30,CHIRPS_v2,UCSB-CHG/CHIRPS/DAILY,1991-2020,IBGE_2024
4107405,Enéas Marques,PR,196.238,9,set,158.96421824936493,OK,1991,2020,30,CHIRPS_v2,UCSB-CHG/CHIRPS/DAILY,1991-2020,IBGE_2024
4115309,Mariópolis,PR,229.894,9,set,157.2392409770765,OK,1991,2020,30,CHIRPS_v2,UCSB-CHG/CHIRPS/DAILY,1991-2020,IBGE_2024
4106456,Coronel Domingos Soares,PR,1511.972,9,set,167.20754740098806,OK,1991,2020,30,CHIRPS_v2,UCSB-CHG/CHIRPS/DAILY,1991-2020,IBGE_2024
4106506,Coronel Vivida,PR,683.799,9,set,153.2339771096411,OK,1991,2020,30,CHIRPS_v2,UCSB-CHG/CHIRPS/DAILY,1991-2020,IBGE_2024
4114401,Mangueirinha,PR,1058.357,9,set,160.63439246053613,OK,1991,2020,30,CHIRPS_v2,UCSB-CHG/CHIRPS/DAILY,1991-2020,IBGE_2024
4105409,Chopinzinho,PR,961.682,9,set,153.31685659034974,OK,1991,2020,30,CHIRPS_v2,UCSB-CHG/CHIRPS/DAILY,1991-2020,IBGE_2024
4105706,Clevelândia,PR,703.973,9,set,160.2924618627677,OK,1991,2020,30,CHIRPS_v2,UCSB-CHG/CHIRPS/DAILY,1991-2020,IBGE_2024
4128708,Vitorino,PR,308.08,9,set,165.66350041354164,OK,1991,2020,30,CHIRPS_v2,UCSB-CHG/CHIRPS/DAILY,1991-2020,IBGE_2024
4103222,Bom Sucesso do Sul,PR,198.58,9,set,157.60746536062837,OK,1991,2020,30,CHIRPS_v2,UCSB-CHG/CHIRPS/DAILY,1991-2020,IBGE_2024
4111209,Itapejara d'Oeste,PR,251.364,9,set,156.19716914407434,OK,1991,2020,30,CHIRPS_v2,UCSB-CHG/CHIRPS/DAILY,1991-2020,IBGE_2024
4118501,Pato Branco,PR,539.154,9,set,159.5482844561686,OK,1991,2020,30,CHIRPS_v2,UCSB-CHG/CHIRPS/DAILY,1991-2020,IBGE_2024
4126652,Sulina,PR,170.759,9,set,161.7080488474402,OK,1991,2020,30,CHIRPS_v2,UCSB-CHG/CHIRPS/DAILY,1991-2020,IBGE_2024
4117602,Palmas,PR,1561.474,9,set,162.69422446692812,OK,1991,2020,30,CHIRPS_v2,UCSB-CHG/CHIRPS/DAILY,1991-2020,IBGE_2024
4126272,Saudade do Iguaçu,PR,152.084,9,set,155.7023397203365,OK,1991,2020,30,CHIRPS_v2,UCSB-CHG/CHIRPS/DAILY,1991-2020,IBGE_2024
4109658,Honório Serpa,PR,503.896,9,set,158.0605245559797,OK,1991,2020,30,CHIRPS_v2,UCSB-CHG/CHIRPS/DAILY,1991-2020,IBGE_2024
4124806,São João,PR,387.15,9,set,159.88901572333668,OK,1991,2020,30,CHIRPS_v2,UCSB-CHG/CHIRPS/DAILY,1991-2020,IBGE_2024
4122156,Rio Bonito do Iguaçu,PR,684.695,9,set,156.92031151795246,OK,1991,2020,30,CHIRPS_v2,UCSB-CHG/CHIRPS/DAILY,1991-2020,IBGE_2024
4113304,Laranjeiras do Sul,PR,677.933,9,set,166.96982287218202,OK,1991,2020,30,CHIRPS_v2,UCSB-CHG/CHIRPS/DAILY,1991-2020,IBGE_2024
4120903,Quedas do Iguaçu,PR,822.345,9,set,155.3958039438907,OK,1991,2020,30,CHIRPS_v2,UCSB-CHG/CHIRPS/DAILY,1991-2020,IBGE_2024
4120150,Porto Barreiro,PR,363.547,9,set,158.54397329901497,OK,1991,2020,30,CHIRPS_v2,UCSB-CHG/CHIRPS/DAILY,1991-2020,IBGE_2024
4128658,Virmond,PR,248.583,9,set,161.72623282496747,OK,1991,2020,30,CHIRPS_v2,UCSB-CHG/CHIRPS/DAILY,1991-2020,IBGE_2024
4117057,Nova Laranjeiras,PR,1201.246,9,set,153.62856899051638,OK,1991,2020,30,CHIRPS_v2,UCSB-CHG/CHIRPS/DAILY,1991-2020,IBGE_2024
4107546,Espigão Alto do Iguaçu,PR,325.584,9,set,155.99389597149866,OK,1991,2020,30,CHIRPS_v2,UCSB-CHG/CHIRPS/DAILY,1991-2020,IBGE_2024
4115457,Marquinho,PR,518.147,9,set,154.04319624059232,OK,1991,2020,30,CHIRPS_v2,UCSB-CHG/CHIRPS/DAILY,1991-2020,IBGE_2024
4107207,Dois Vizinhos,PR,418.162,9,set,155.6994972410985,OK,1991,2020,30,CHIRPS_v2,UCSB-CHG/CHIRPS/DAILY,1991-2020,IBGE_2024
4123006,Salto do Lontra,PR,311.974,9,set,150.46652608196447,OK,1991,2020,30,CHIRPS_v2,UCSB-CHG/CHIRPS/DAILY,1991-2020,IBGE_2024
4106571,Cruzeiro do Iguaçu,PR,161.293,9,set,155.18545883175275,OK,1991,2020,30,CHIRPS_v2,UCSB-CHG/CHIRPS/DAILY,1991-2020,IBGE_2024
4103024,Boa Esperança do Iguaçu,PR,152.252,9,set,147.01832747619662,OK,1991,2020,30,CHIRPS_v2,UCSB-CHG/CHIRPS/DAILY,1991-2020,IBGE_2024
4117255,Nova Prata do Iguaçu,PR,352.055,9,set,142.13147339936023,OK,1991,2020,30,CHIRPS_v2,UCSB-CHG/CHIRPS/DAILY,1991-2020,IBGE_2024
4125209,São Jorge d'Oeste,PR,379.442,9,set,154.64845050772624,OK,1991,2020,30,CHIRPS_v2,UCSB-CHG/CHIRPS/DAILY,1991-2020,IBGE_2024
4114609,Marechal Cândido Rondon,PR,743.593,9,set,125.94691336411267,OK,1991,2020,30,CHIRPS_v2,UCSB-CHG/CHIRPS/DAILY,1991-2020,IBGE_2024
4120853,Quatro Pontes,PR,115.665,9,set,128.9648238426007,OK,1991,2020,30,CHIRPS_v2,UCSB-CHG/CHIRPS/DAILY,1991-2020,IBGE_2024
4118451,Pato Bragado,PR,136.483,9,set,125.039316489514,OK,1991,2020,30,CHIRPS_v2,UCSB-CHG/CHIRPS/DAILY,1991-2020,IBGE_2024
4117222,Nova Santa Rosa,PR,204.665,9,set,128.99348873186366,OK,1991,2020,30,CHIRPS_v2,UCSB-CHG/CHIRPS/DAILY,1991-2020,IBGE_2024
4107538,Entre Rios do Oeste,PR,120.294,9,set,124.90082878890315,OK,1991,2020,30,CHIRPS_v2,UCSB-CHG/CHIRPS/DAILY,1991-2020,IBGE_2024
4115853,Mercedes,PR,197.136,9,set,125.21728838905615,OK,1991,2020,30,CHIRPS_v2,UCSB-CHG/CHIRPS/DAILY,1991-2020,IBGE_2024
4107306,Doutor Camargo,PR,118.286,9,set,105.08468075890497,OK,1991,2020,30,CHIRPS_v2,UCSB-CHG/CHIRPS/DAILY,1991-2020,IBGE_2024
4114203,Mandaguari,PR,335.912,9,set,118.68147899288026,OK,1991,2020,30,CHIRPS_v2,UCSB-CHG/CHIRPS/DAILY,1991-2020,IBGE_2024
4111605,Ivatuba,PR,96.427,9,set,106.32725896764025,OK,1991,2020,30,CHIRPS_v2,UCSB-CHG/CHIRPS/DAILY,1991-2020,IBGE_2024
4128302,Uniflor,PR,95.731,9,set,101.94368474385658,OK,1991,2020,30,CHIRPS_v2,UCSB-CHG/CHIRPS/DAILY,1991-2020,IBGE_2024
4102109,Astorga,PR,435.21,9,set,110.37925805752273,OK,1991,2020,30,CHIRPS_v2,UCSB-CHG/CHIRPS/DAILY,1991-2020,IBGE_2024
4102208,Atalaia,PR,137.075,9,set,101.6096669659648,OK,1991,2020,30,CHIRPS_v2,UCSB-CHG/CHIRPS/DAILY,1991-2020,IBGE_2024
4125308,São Jorge do Ivaí,PR,315.088,9,set,109.4016087563425,OK,1991,2020,30,CHIRPS_v2,UCSB-CHG/CHIRPS/DAILY,1991-2020,IBGE_2024
4101150,Ângulo,PR,106.021,9,set,92.37470518433018,OK,1991,2020,30,CHIRPS_v2,UCSB-CHG/CHIRPS/DAILY,1991-2020,IBGE_2024
4116901,Nova Esperança,PR,402.051,9,set,108.48247496559735,OK,1991,2020,30,CHIRPS_v2,UCSB-CHG/CHIRPS/DAILY,1991-2020,IBGE_2024
4116307,Munhoz de Melo,PR,137.03,9,set,107.40121947986142,OK,1991,2020,30,CHIRPS_v2,UCSB-CHG/CHIRPS/DAILY,1991-2020,IBGE_2024
4108106,Flórida,PR,83.046,9,set,97.05902982776396,OK,1991,2020,30,CHIRPS_v2,UCSB-CHG/CHIRPS/DAILY,1991-2020,IBGE_2024
4107801,Floraí,PR,190.812,9,set,107.60495852781271,OK,1991,2020,30,CHIRPS_v2,UCSB-CHG/CHIRPS/DAILY,1991-2020,IBGE_2024
4123402,Santa Fé,PR,276.262,9,set,100.41466207437931,OK,1991,2020,30,CHIRPS_v2,UCSB-CHG/CHIRPS/DAILY,1991-2020,IBGE_2024
4114807,Marialva,PR,474.954,9,set,112.97628499060013,OK,1991,2020,30,CHIRPS_v2,UCSB-CHG/CHIRPS/DAILY,1991-2020,IBGE_2024
4114104,Mandaguaçu,PR,293.792,9,set,101.69332356906084,OK,1991,2020,30,CHIRPS_v2,UCSB-CHG/CHIRPS/DAILY,1991-2020,IBGE_2024
4120408,Presidente Castelo Branco,PR,155.631,9,set,108.29551168364443,OK,1991,2020,30,CHIRPS_v2,UCSB-CHG/CHIRPS/DAILY,1991-2020,IBGE_2024
4111100,Itambé,PR,244.495,9,set,109.7790316430592,OK,1991,2020,30,CHIRPS_v2,UCSB-CHG/CHIRPS/DAILY,1991-2020,IBGE_2024
4110003,Iguaraçu,PR,164.54,9,set,99.7973705403621,OK,1991,2020,30,CHIRPS_v2,UCSB-CHG/CHIRPS/DAILY,1991-2020,IBGE_2024
4126256,Sarandi,PR,103.942,9,set,108.79304686836262,OK,1991,2020,30,CHIRPS_v2,UCSB-CHG/CHIRPS/DAILY,1991-2020,IBGE_2024
4117503,Paiçandu,PR,170.824,9,set,106.10314717010789,OK,1991,2020,30,CHIRPS_v2,UCSB-CHG/CHIRPS/DAILY,1991-2020,IBGE_2024
4117404,Ourizona,PR,176.457,9,set,107.75120467740734,OK,1991,2020,30,CHIRPS_v2,UCSB-CHG/CHIRPS/DAILY,1991-2020,IBGE_2024
4107900,Floresta,PR,158.334,9,set,106.35153878964887,OK,1991,2020,30,CHIRPS_v2,UCSB-CHG/CHIRPS/DAILY,1991-2020,IBGE_2024
4115200,Maringá,PR,487.912,9,set,100.96901577968352,OK,1991,2020,30,CHIRPS_v2,UCSB-CHG/CHIRPS/DAILY,1991-2020,IBGE_2024
4106555,Corumbataí do Sul,PR,167.921,9,set,116.55914150246521,OK,1991,2020,30,CHIRPS_v2,UCSB-CHG/CHIRPS/DAILY,1991-2020,IBGE_2024
4114005,Mamborê,PR,787.33,9,set,132.42074492874198,OK,1991,2020,30,CHIRPS_v2,UCSB-CHG/CHIRPS/DAILY,1991-2020,IBGE_2024
4122503,Roncador,PR,741.709,9,set,131.55335060005226,OK,1991,2020,30,CHIRPS_v2,UCSB-CHG/CHIRPS/DAILY,1991-2020,IBGE_2024
4113734,Luiziana,PR,915.604,9,set,122.07449403917833,OK,1991,2020,30,CHIRPS_v2,UCSB-CHG/CHIRPS/DAILY,1991-2020,IBGE_2024
4121356,Rancho Alegre D'Oeste,PR,241.185,9,set,134.9621845477018,OK,1991,2020,30,CHIRPS_v2,UCSB-CHG/CHIRPS/DAILY,1991-2020,IBGE_2024
4120655,Quarto Centenário,PR,320.779,9,set,136.26181402252502,OK,1991,2020,30,CHIRPS_v2,UCSB-CHG/CHIRPS/DAILY,1991-2020,IBGE_2024
4104303,Campo Mourão,PR,748.054,9,set,126.58572477168514,OK,1991,2020,30,CHIRPS_v2,UCSB-CHG/CHIRPS/DAILY,1991-2020,IBGE_2024
4112959,Juranda,PR,354.522,9,set,131.00281408241372,OK,1991,2020,30,CHIRPS_v2,UCSB-CHG/CHIRPS/DAILY,1991-2020,IBGE_2024
4121109,Quinta do Sol,PR,326.137,9,set,110.06086236867468,OK,1991,2020,30,CHIRPS_v2,UCSB-CHG/CHIRPS/DAILY,1991-2020,IBGE_2024
4103909,Campina da Lagoa,PR,798.991,9,set,135.50460633543383,OK,1991,2020,30,CHIRPS_v2,UCSB-CHG/CHIRPS/DAILY,1991-2020,IBGE_2024
4112207,Janiópolis,PR,337.91,9,set,116.52299953503761,OK,1991,2020,30,CHIRPS_v2,UCSB-CHG/CHIRPS/DAILY,1991-2020,IBGE_2024
4128005,Ubiratã,PR,653.097,9,set,137.75388521594687,OK,1991,2020,30,CHIRPS_v2,UCSB-CHG/CHIRPS/DAILY,1991-2020,IBGE_2024
4103008,Boa Esperança,PR,301.131,9,set,120.53720957935184,OK,1991,2020,30,CHIRPS_v2,UCSB-CHG/CHIRPS/DAILY,1991-2020,IBGE_2024
4118808,Peabiru,PR,467.542,9,set,116.74103786486351,OK,1991,2020,30,CHIRPS_v2,UCSB-CHG/CHIRPS/DAILY,1991-2020,IBGE_2024
4110805,Iretama,PR,570.716,9,set,115.551754195869,OK,1991,2020,30,CHIRPS_v2,UCSB-CHG/CHIRPS/DAILY,1991-2020,IBGE_2024
4102505,Barbosa Ferraz,PR,536.101,9,set,114.56161794667707,OK,1991,2020,30,CHIRPS_v2,UCSB-CHG/CHIRPS/DAILY,1991-2020,IBGE_2024
4101705,Araruna,PR,492.521,9,set,117.12557463936075,OK,1991,2020,30,CHIRPS_v2,UCSB-CHG/CHIRPS/DAILY,1991-2020,IBGE_2024
4116802,Nova Cantu,PR,552.873,9,set,143.05756797009496,OK,1991,2020,30,CHIRPS_v2,UCSB-CHG/CHIRPS/DAILY,1991-2020,IBGE_2024
4108601,Goioerê,PR,563.954,9,set,135.66416610119995,OK,1991,2020,30,CHIRPS_v2,UCSB-CHG/CHIRPS/DAILY,1991-2020,IBGE_2024
4100459,Altamira do Paraná,PR,386.952,9,set,145.52263363196886,OK,1991,2020,30,CHIRPS_v2,UCSB-CHG/CHIRPS/DAILY,1991-2020,IBGE_2024
4116109,Moreira Sales,PR,356.711,9,set,131.29824339921805,OK,1991,2020,30,CHIRPS_v2,UCSB-CHG/CHIRPS/DAILY,1991-2020,IBGE_2024
4107504,Engenheiro Beltrão,PR,470.825,9,set,107.40609982463613,OK,1991,2020,30,CHIRPS_v2,UCSB-CHG/CHIRPS/DAILY,1991-2020,IBGE_2024
4107553,Farol,PR,289.232,9,set,112.8475549088716,OK,1991,2020,30,CHIRPS_v2,UCSB-CHG/CHIRPS/DAILY,1991-2020,IBGE_2024
4107702,Fênix,PR,232.209,9,set,112.01489637353717,OK,1991,2020,30,CHIRPS_v2,UCSB-CHG/CHIRPS/DAILY,1991-2020,IBGE_2024
4114708,Maria Helena,PR,486.539,9,set,115.07619852276198,OK,1991,2020,30,CHIRPS_v2,UCSB-CHG/CHIRPS/DAILY,1991-2020,IBGE_2024
4128104,Umuarama,PR,1233.997,9,set,115.75984302483914,OK,1991,2020,30,CHIRPS_v2,UCSB-CHG/CHIRPS/DAILY,1991-2020,IBGE_2024
4107256,Douradina,PR,420.525,9,set,110.36920706895121,OK,1991,2020,30,CHIRPS_v2,UCSB-CHG/CHIRPS/DAILY,1991-2020,IBGE_2024
4106605,Cruzeiro do Oeste,PR,776.101,9,set,119.14804808746734,OK,1991,2020,30,CHIRPS_v2,UCSB-CHG/CHIRPS/DAILY,1991-2020,IBGE_2024
4105607,Cidade Gaúcha,PR,402.241,9,set,103.52283064205437,OK,1991,2020,30,CHIRPS_v2,UCSB-CHG/CHIRPS/DAILY,1991-2020,IBGE_2024
4128807,Xambrê,PR,360.044,9,set,113.95620238753983,OK,1991,2020,30,CHIRPS_v2,UCSB-CHG/CHIRPS/DAILY,1991-2020,IBGE_2024
4128625,Alto Paraíso,PR,967.763,9,set,112.33861009752842,OK,1991,2020,30,CHIRPS_v2,UCSB-CHG/CHIRPS/DAILY,1991-2020,IBGE_2024
4103370,Brasilândia do Sul,PR,291.036,9,set,132.69872519120366,OK,1991,2020,30,CHIRPS_v2,UCSB-CHG/CHIRPS/DAILY,1991-2020,IBGE_2024
4103479,Cafezal do Sul,PR,335.728,9,set,132.8346442363011,OK,1991,2020,30,CHIRPS_v2,UCSB-CHG/CHIRPS/DAILY,1991-2020,IBGE_2024
4111555,Ivaté,PR,410.221,9,set,111.84797181181916,OK,1991,2020,30,CHIRPS_v2,UCSB-CHG/CHIRPS/DAILY,1991-2020,IBGE_2024
4110607,Iporã,PR,648.624,9,set,125.76518122227469,OK,1991,2020,30,CHIRPS_v2,UCSB-CHG/CHIRPS/DAILY,1991-2020,IBGE_2024
4126900,Tapira,PR,434.371,9,set,106.23354516562216,OK,1991,2020,30,CHIRPS_v2,UCSB-CHG/CHIRPS/DAILY,1991-2020,IBGE_2024
4118907,Pérola,PR,236.07,9,set,120.92251317545657,OK,1991,2020,30,CHIRPS_v2,UCSB-CHG/CHIRPS/DAILY,1991-2020,IBGE_2024
4118857,Perobal,PR,409.062,9,set,131.47376428473004,OK,1991,2020,30,CHIRPS_v2,UCSB-CHG/CHIRPS/DAILY,1991-2020,IBGE_2024
4109906,Icaraíma,PR,675.24,9,set,113.89208274210607,OK,1991,2020,30,CHIRPS_v2,UCSB-CHG/CHIRPS/DAILY,1991-2020,IBGE_2024
4117206,Nova Olímpia,PR,136.347,9,set,106.53021361119741,OK,1991,2020,30,CHIRPS_v2,UCSB-CHG/CHIRPS/DAILY,1991-2020,IBGE_2024
4100707,Alto Piquiri,PR,448.373,9,set,140.6953549673172,OK,1991,2020,30,CHIRPS_v2,UCSB-CHG/CHIRPS/DAILY,1991-2020,IBGE_2024
4125357,São Jorge do Patrocínio,PR,404.018,9,set,116.68806520754448,OK,1991,2020,30,CHIRPS_v2,UCSB-CHG/CHIRPS/DAILY,1991-2020,IBGE_2024
4100509,Altônia,PR,663.955,9,set,119.9866280781005,OK,1991,2020,30,CHIRPS_v2,UCSB-CHG/CHIRPS/DAILY,1991-2020,IBGE_2024
4108320,Francisco Alves,PR,320.119,9,set,121.91052120432222,OK,1991,2020,30,CHIRPS_v2,UCSB-CHG/CHIRPS/DAILY,1991-2020,IBGE_2024
4107520,Esperança Nova,PR,141.317,9,set,115.82381222889599,OK,1991,2020,30,CHIRPS_v2,UCSB-CHG/CHIRPS/DAILY,1991-2020,IBGE_2024
4115101,Mariluz,PR,430.432,9,set,134.2663209230322,OK,1991,2020,30,CHIRPS_v2,UCSB-CHG/CHIRPS/DAILY,1991-2020,IBGE_2024
4107108,Diamante do Norte,PR,242.887,9,set,96.4543084672035,OK,1991,2020,30,CHIRPS_v2,UCSB-CHG/CHIRPS/DAILY,1991-2020,IBGE_2024
4115002,Marilena,PR,231.349,9,set,96.47915305511951,OK,1991,2020,30,CHIRPS_v2,UCSB-CHG/CHIRPS/DAILY,1991-2020,IBGE_2024
4119707,Planaltina do Paraná,PR,356.276,9,set,99.6637251905672,OK,1991,2020,30,CHIRPS_v2,UCSB-CHG/CHIRPS/DAILY,1991-2020,IBGE_2024
4127304,Terra Rica,PR,698.25,9,set,101.62214479364906,OK,1991,2020,30,CHIRPS_v2,UCSB-CHG/CHIRPS/DAILY,1991-2020,IBGE_2024
4111308,Itaúna do Sul,PR,127.002,9,set,100.3187643507208,OK,1991,2020,30,CHIRPS_v2,UCSB-CHG/CHIRPS/DAILY,1991-2020,IBGE_2024
4126702,Tamboara,PR,193.316,9,set,108.06244371432491,OK,1991,2020,30,CHIRPS_v2,UCSB-CHG/CHIRPS/DAILY,1991-2020,IBGE_2024
4118402,Paranavaí,PR,1197.394,9,set,107.43838084061152,OK,1991,2020,30,CHIRPS_v2,UCSB-CHG/CHIRPS/DAILY,1991-2020,IBGE_2024
4118006,Paraíso do Norte,PR,205.222,9,set,105.71455199889874,OK,1991,2020,30,CHIRPS_v2,UCSB-CHG/CHIRPS/DAILY,1991-2020,IBGE_2024
4100905,Amaporã,PR,384.91,9,set,102.73064363661139,OK,1991,2020,30,CHIRPS_v2,UCSB-CHG/CHIRPS/DAILY,1991-2020,IBGE_2024
4117107,Nova Londrina,PR,272.27,9,set,100.74661477808256,OK,1991,2020,30,CHIRPS_v2,UCSB-CHG/CHIRPS/DAILY,1991-2020,IBGE_2024
4108908,Guairaçá,PR,496.289,9,set,108.08583133173363,OK,1991,2020,30,CHIRPS_v2,UCSB-CHG/CHIRPS/DAILY,1991-2020,IBGE_2024
4124905,São João do Caiuá,PR,305.388,9,set,103.53524293527974,OK,1991,2020,30,CHIRPS_v2,UCSB-CHG/CHIRPS/DAILY,1991-2020,IBGE_2024
4100608,Alto Paraná,PR,409.014,9,set,110.43035672988697,OK,1991,2020,30,CHIRPS_v2,UCSB-CHG/CHIRPS/DAILY,1991-2020,IBGE_2024
4116505,Nova Aliança do Ivaí,PR,130.614,9,set,106.95419797133749,OK,1991,2020,30,CHIRPS_v2,UCSB-CHG/CHIRPS/DAILY,1991-2020,IBGE_2024
4124608,São Carlos do Ivaí,PR,225.079,9,set,105.68257786250761,OK,1991,2020,30,CHIRPS_v2,UCSB-CHG/CHIRPS/DAILY,1991-2020,IBGE_2024
4124202,Santo Antônio do Caiuá,PR,221.391,9,set,100.60186119539655,OK,1991,2020,30,CHIRPS_v2,UCSB-CHG/CHIRPS/DAILY,1991-2020,IBGE_2024
4115903,Mirador,PR,222.016,9,set,104.94435997202588,OK,1991,2020,30,CHIRPS_v2,UCSB-CHG/CHIRPS/DAILY,1991-2020,IBGE_2024
4122602,Rondon,PR,557.257,9,set,107.65701480263675,OK,1991,2020,30,CHIRPS_v2,UCSB-CHG/CHIRPS/DAILY,1991-2020,IBGE_2024
4105508,Cianorte,PR,807.796,9,set,112.7861045967059,OK,1991,2020,30,CHIRPS_v2,UCSB-CHG/CHIRPS/DAILY,1991-2020,IBGE_2024
4113007,Jussara,PR,207.013,9,set,109.69925494739628,OK,1991,2020,30,CHIRPS_v2,UCSB-CHG/CHIRPS/DAILY,1991-2020,IBGE_2024
4112405,Japurá,PR,165.185,9,set,107.08434588648231,OK,1991,2020,30,CHIRPS_v2,UCSB-CHG/CHIRPS/DAILY,1991-2020,IBGE_2024
4127908,Tuneiras do Oeste,PR,705.229,9,set,111.00717034632468,OK,1991,2020,30,CHIRPS_v2,UCSB-CHG/CHIRPS/DAILY,1991-2020,IBGE_2024
4126801,Tapejara,PR,590.927,9,set,109.31806714540706,OK,1991,2020,30,CHIRPS_v2,UCSB-CHG/CHIRPS/DAILY,1991-2020,IBGE_2024
4110409,Indianópolis,PR,122.392,9,set,108.7666248570171,OK,1991,2020,30,CHIRPS_v2,UCSB-CHG/CHIRPS/DAILY,1991-2020,IBGE_2024
4127205,Terra Boa,PR,323.63,9,set,108.1066621123819,OK,1991,2020,30,CHIRPS_v2,UCSB-CHG/CHIRPS/DAILY,1991-2020,IBGE_2024
4126108,São Tomé,PR,218.623,9,set,109.81497444551579,OK,1991,2020,30,CHIRPS_v2,UCSB-CHG/CHIRPS/DAILY,1991-2020,IBGE_2024
4109104,Guaporema,PR,200.407,9,set,102.80524077852267,OK,1991,2020,30,CHIRPS_v2,UCSB-CHG/CHIRPS/DAILY,1991-2020,IBGE_2024
4125555,São Manoel do Paraná,PR,95.381,9,set,104.58212120306524,OK,1991,2020,30,CHIRPS_v2,UCSB-CHG/CHIRPS/DAILY,1991-2020,IBGE_2024
4123600,Santa Inês,PR,156.422,9,set,92.27041320463348,OK,1991,2020,30,CHIRPS_v2,UCSB-CHG/CHIRPS/DAILY,1991-2020,IBGE_2024
4106704,Cruzeiro do Sul,PR,259.115,9,set,100.47437108123103,OK,1991,2020,30,CHIRPS_v2,UCSB-CHG/CHIRPS/DAILY,1991-2020,IBGE_2024
4105904,Colorado,PR,408.533,9,set,89.07613128685095,OK,1991,2020,30,CHIRPS_v2,UCSB-CHG/CHIRPS/DAILY,1991-2020,IBGE_2024
4113601,Lobato,PR,240.904,9,set,92.39374966947418,OK,1991,2020,30,CHIRPS_v2,UCSB-CHG/CHIRPS/DAILY,1991-2020,IBGE_2024
4112603,Jardim Olinda,PR,128.515,9,set,83.59743837826099,OK,1991,2020,30,CHIRPS_v2,UCSB-CHG/CHIRPS/DAILY,1991-2020,IBGE_2024
4110904,Itaguajé,PR,195.493,9,set,89.18544130037424,OK,1991,2020,30,CHIRPS_v2,UCSB-CHG/CHIRPS/DAILY,1991-2020,IBGE_2024
4118303,Paranapoema,PR,175.875,9,set,92.76327348640466,OK,1991,2020,30,CHIRPS_v2,UCSB-CHG/CHIRPS/DAILY,1991-2020,IBGE_2024
4118105,Paranacity,PR,348.152,9,set,87.0083216760142,OK,1991,2020,30,CHIRPS_v2,UCSB-CHG/CHIRPS/DAILY,1991-2020,IBGE_2024
4110300,Inajá,PR,194.704,9,set,97.49495444489325,OK,1991,2020,30,CHIRPS_v2,UCSB-CHG/CHIRPS/DAILY,1991-2020,IBGE_2024
4124509,Santo Inácio,PR,278.541,9,set,88.45984823554963,OK,1991,2020,30,CHIRPS_v2,UCSB-CHG/CHIRPS/DAILY,1991-2020,IBGE_2024
4116406,Nossa Senhora das Graças,PR,186.259,9,set,92.71792001183381,OK,1991,2020,30,CHIRPS_v2,UCSB-CHG/CHIRPS/DAILY,1991-2020,IBGE_2024
4123709,Santa Isabel do Ivaí,PR,349.425,9,set,94.99903171674417,OK,1991,2020,30,CHIRPS_v2,UCSB-CHG/CHIRPS/DAILY,1991-2020,IBGE_2024
4113502,Loanda,PR,722.091,9,set,92.2397426623737,OK,1991,2020,30,CHIRPS_v2,UCSB-CHG/CHIRPS/DAILY,1991-2020,IBGE_2024
4121000,Querência do Norte,PR,911.72,9,set,106.73745743991533,OK,1991,2020,30,CHIRPS_v2,UCSB-CHG/CHIRPS/DAILY,1991-2020,IBGE_2024
4120200,Porto Rico,PR,219.242,9,set,98.14577385623458,OK,1991,2020,30,CHIRPS_v2,UCSB-CHG/CHIRPS/DAILY,1991-2020,IBGE_2024
4125902,São Pedro do Paraná,PR,248.865,9,set,96.73769293714312,OK,1991,2020,30,CHIRPS_v2,UCSB-CHG/CHIRPS/DAILY,1991-2020,IBGE_2024
4123956,Santa Mônica,PR,260.488,9,set,93.91027549281526,OK,1991,2020,30,CHIRPS_v2,UCSB-CHG/CHIRPS/DAILY,1991-2020,IBGE_2024
4123303,Santa Cruz de Monte Castelo,PR,444.966,9,set,102.43797496505572,OK,1991,2020,30,CHIRPS_v2,UCSB-CHG/CHIRPS/DAILY,1991-2020,IBGE_2024
4113700,Londrina,PR,1647.796,9,set,111.18153551026568,OK,1991,2020,30,CHIRPS_v2,UCSB-CHG/CHIRPS/DAILY,1991-2020,IBGE_2024
4112702,Jataizinho,PR,161.132,9,set,84.12151187689662,OK,1991,2020,30,CHIRPS_v2,UCSB-CHG/CHIRPS/DAILY,1991-2020,IBGE_2024
4103701,Cambé,PR,499.583,9,set,102.83204409178438,OK,1991,2020,30,CHIRPS_v2,UCSB-CHG/CHIRPS/DAILY,1991-2020,IBGE_2024
4109807,Ibiporã,PR,298.998,9,set,95.82970115133108,OK,1991,2020,30,CHIRPS_v2,UCSB-CHG/CHIRPS/DAILY,1991-2020,IBGE_2024
4101507,Arapongas,PR,383.37,9,set,112.07633643138854,OK,1991,2020,30,CHIRPS_v2,UCSB-CHG/CHIRPS/DAILY,1991-2020,IBGE_2024
4122701,Sabáudia,PR,191.252,9,set,116.07045771516813,OK,1991,2020,30,CHIRPS_v2,UCSB-CHG/CHIRPS/DAILY,1991-2020,IBGE_2024
4122404,Rolândia,PR,456.228,9,set,108.75554110147827,OK,1991,2020,30,CHIRPS_v2,UCSB-CHG/CHIRPS/DAILY,1991-2020,IBGE_2024
4113809,Lupionópolis,PR,121.661,9,set,84.85375442590893,OK,1991,2020,30,CHIRPS_v2,UCSB-CHG/CHIRPS/DAILY,1991-2020,IBGE_2024
4105102,Centenário do Sul,PR,370.629,9,set,87.39864564754286,OK,1991,2020,30,CHIRPS_v2,UCSB-CHG/CHIRPS/DAILY,1991-2020,IBGE_2024
4120333,Prado Ferreira,PR,152.876,9,set,99.94774481248935,OK,1991,2020,30,CHIRPS_v2,UCSB-CHG/CHIRPS/DAILY,1991-2020,IBGE_2024
4120507,Primeiro de Maio,PR,410.378,9,set,79.3171732527458,OK,1991,2020,30,CHIRPS_v2,UCSB-CHG/CHIRPS/DAILY,1991-2020,IBGE_2024
4103404,Cafeara,PR,184.255,9,set,88.8854827473008,OK,1991,2020,30,CHIRPS_v2,UCSB-CHG/CHIRPS/DAILY,1991-2020,IBGE_2024
4119657,Pitangueiras,PR,123.081,9,set,110.15650008461398,OK,1991,2020,30,CHIRPS_v2,UCSB-CHG/CHIRPS/DAILY,1991-2020,IBGE_2024
4111902,Jaguapitã,PR,475.004,9,set,101.18596970453005,OK,1991,2020,30,CHIRPS_v2,UCSB-CHG/CHIRPS/DAILY,1991-2020,IBGE_2024
4120002,Porecatu,PR,291.663,9,set,77.19710975152928,OK,1991,2020,30,CHIRPS_v2,UCSB-CHG/CHIRPS/DAILY,1991-2020,IBGE_2024
4102802,Bela Vista do Paraíso,PR,246.225,9,set,94.47867568992369,OK,1991,2020,30,CHIRPS_v2,UCSB-CHG/CHIRPS/DAILY,1991-2020,IBGE_2024
4126504,Sertanópolis,PR,505.489,9,set,91.22050065028954,OK,1991,2020,30,CHIRPS_v2,UCSB-CHG/CHIRPS/DAILY,1991-2020,IBGE_2024
4101903,Assaí,PR,440.347,9,set,101.30860421545457,OK,1991,2020,30,CHIRPS_v2,UCSB-CHG/CHIRPS/DAILY,1991-2020,IBGE_2024
4126678,Tamarana,PR,473.283,9,set,121.97906484163927,OK,1991,2020,30,CHIRPS_v2,UCSB-CHG/CHIRPS/DAILY,1991-2020,IBGE_2024
4100806,Alvorada do Sul,PR,424.25,9,set,78.65046635342131,OK,1991,2020,30,CHIRPS_v2,UCSB-CHG/CHIRPS/DAILY,1991-2020,IBGE_2024
4109203,Guaraci,PR,213.067,9,set,93.00298964039719,OK,1991,2020,30,CHIRPS_v2,UCSB-CHG/CHIRPS/DAILY,1991-2020,IBGE_2024
4108007,Florestópolis,PR,246.853,9,set,88.63846164333003,OK,1991,2020,30,CHIRPS_v2,UCSB-CHG/CHIRPS/DAILY,1991-2020,IBGE_2024
4116000,Miraselva,PR,90.572,9,set,96.57616429413063,OK,1991,2020,30,CHIRPS_v2,UCSB-CHG/CHIRPS/DAILY,1991-2020,IBGE_2024
4122909,Salto do Itararé,PR,200.897,9,set,81.28506310820796,OK,1991,2020,30,CHIRPS_v2,UCSB-CHG/CHIRPS/DAILY,1991-2020,IBGE_2024
4121802,Ribeirão Claro,PR,625.874,9,set,82.70182986285755,OK,1991,2020,30,CHIRPS_v2,UCSB-CHG/CHIRPS/DAILY,1991-2020,IBGE_2024
4121901,Ribeirão do Pinhal,PR,374.754,9,set,95.25556164944376,OK,1991,2020,30,CHIRPS_v2,UCSB-CHG/CHIRPS/DAILY,1991-2020,IBGE_2024
4120705,Quatiguá,PR,112.567,9,set,95.94545623762576,OK,1991,2020,30,CHIRPS_v2,UCSB-CHG/CHIRPS/DAILY,1991-2020,IBGE_2024
4112900,Jundiaí do Sul,PR,316.748,9,set,92.71369988124694,OK,1991,2020,30,CHIRPS_v2,UCSB-CHG/CHIRPS/DAILY,1991-2020,IBGE_2024
4104709,Carlópolis,PR,454.169,9,set,83.58628282355978,OK,1991,2020,30,CHIRPS_v2,UCSB-CHG/CHIRPS/DAILY,1991-2020,IBGE_2024
4112801,Joaquim Távora,PR,288.922,9,set,91.83694913237335,OK,1991,2020,30,CHIRPS_v2,UCSB-CHG/CHIRPS/DAILY,1991-2020,IBGE_2024
4128500,Wenceslau Braz,PR,397.685,9,set,95.9693531224668,OK,1991,2020,30,CHIRPS_v2,UCSB-CHG/CHIRPS/DAILY,1991-2020,IBGE_2024
4111803,Jacarezinho,PR,603.383,9,set,84.18708216844573,OK,1991,2020,30,CHIRPS_v2,UCSB-CHG/CHIRPS/DAILY,1991-2020,IBGE_2024
4103602,Cambará,PR,367.462,9,set,81.5957205060631,OK,1991,2020,30,CHIRPS_v2,UCSB-CHG/CHIRPS/DAILY,1991-2020,IBGE_2024
4127809,Tomazina,PR,591.939,9,set,94.62305363825176,OK,1991,2020,30,CHIRPS_v2,UCSB-CHG/CHIRPS/DAILY,1991-2020,IBGE_2024
4102703,Barra do Jacaré,PR,115.855,9,set,73.39144795905192,OK,1991,2020,30,CHIRPS_v2,UCSB-CHG/CHIRPS/DAILY,1991-2020,IBGE_2024
4126603,Siqueira Campos,PR,277.112,9,set,82.45196042270024,OK,1991,2020,30,CHIRPS_v2,UCSB-CHG/CHIRPS/DAILY,1991-2020,IBGE_2024
4125407,São José da Boa Vista,PR,399.886,9,set,101.70893718386534,OK,1991,2020,30,CHIRPS_v2,UCSB-CHG/CHIRPS/DAILY,1991-2020,IBGE_2024
4109005,Guapirama,PR,189.372,9,set,91.18495285355296,OK,1991,2020,30,CHIRPS_v2,UCSB-CHG/CHIRPS/DAILY,1991-2020,IBGE_2024
4101101,Andirá,PR,234.635,9,set,75.98212356409039,OK,1991,2020,30,CHIRPS_v2,UCSB-CHG/CHIRPS/DAILY,1991-2020,IBGE_2024
4100103,Abatiá,PR,227.923,9,set,88.53920568729583,OK,1991,2020,30,CHIRPS_v2,UCSB-CHG/CHIRPS/DAILY,1991-2020,IBGE_2024
4124103,Santo Antônio da Platina,PR,720.385,9,set,85.73781515501616,OK,1991,2020,30,CHIRPS_v2,UCSB-CHG/CHIRPS/DAILY,1991-2020,IBGE_2024
4124004,Santana do Itararé,PR,251.831,9,set,91.3614126530042,OK,1991,2020,30,CHIRPS_v2,UCSB-CHG/CHIRPS/DAILY,1991-2020,IBGE_2024
4101408,Apucarana,PR,556.771,9,set,113.70576267330505,OK,1991,2020,30,CHIRPS_v2,UCSB-CHG/CHIRPS/DAILY,1991-2020,IBGE_2024
4115507,Marumbi,PR,207.687,9,set,117.31392618707227,OK,1991,2020,30,CHIRPS_v2,UCSB-CHG/CHIRPS/DAILY,1991-2020,IBGE_2024
4114906,Marilândia do Sul,PR,384.42,9,set,119.83814912645107,OK,1991,2020,30,CHIRPS_v2,UCSB-CHG/CHIRPS/DAILY,1991-2020,IBGE_2024
4122107,Rio Bom,PR,177.836,9,set,118.91901320509695,OK,1991,2020,30,CHIRPS_v2,UCSB-CHG/CHIRPS/DAILY,1991-2020,IBGE_2024
4113106,Kaloré,PR,194.081,9,set,117.98427419017862,OK,1991,2020,30,CHIRPS_v2,UCSB-CHG/CHIRPS/DAILY,1991-2020,IBGE_2024
4112108,Jandaia do Sul,PR,188.103,9,set,118.30343358820893,OK,1991,2020,30,CHIRPS_v2,UCSB-CHG/CHIRPS/DAILY,1991-2020,IBGE_2024
4103800,Cambira,PR,166.274,9,set,116.45502751887749,OK,1991,2020,30,CHIRPS_v2,UCSB-CHG/CHIRPS/DAILY,1991-2020,IBGE_2024
4103305,Borrazópolis,PR,338.354,9,set,122.60192186303297,OK,1991,2020,30,CHIRPS_v2,UCSB-CHG/CHIRPS/DAILY,1991-2020,IBGE_2024
4103503,Califórnia,PR,141.817,9,set,115.25233545989362,OK,1991,2020,30,CHIRPS_v2,UCSB-CHG/CHIRPS/DAILY,1991-2020,IBGE_2024
4103206,Bom Sucesso,PR,321.56,9,set,114.02917247288676,OK,1991,2020,30,CHIRPS_v2,UCSB-CHG/CHIRPS/DAILY,1991-2020,IBGE_2024
4125803,São Pedro do Ivaí,PR,323.213,9,set,113.01060269050406,OK,1991,2020,30,CHIRPS_v2,UCSB-CHG/CHIRPS/DAILY,1991-2020,IBGE_2024
4117297,Novo Itacolomi,PR,159.639,9,set,119.34332445532661,OK,1991,2020,30,CHIRPS_v2,UCSB-CHG/CHIRPS/DAILY,1991-2020,IBGE_2024
4115754,Mauá da Serra,PR,107.535,9,set,130.93369580548492,OK,1991,2020,30,CHIRPS_v2,UCSB-CHG/CHIRPS/DAILY,1991-2020,IBGE_2024
4106407,Cornélio Procópio,PR,636.59,9,set,92.95495342313677,OK,1991,2020,30,CHIRPS_v2,UCSB-CHG/CHIRPS/DAILY,1991-2020,IBGE_2024
4123105,Santa Amélia,PR,77.849,9,set,86.97357566853194,OK,1991,2020,30,CHIRPS_v2,UCSB-CHG/CHIRPS/DAILY,1991-2020,IBGE_2024
4123204,Santa Cecília do Pavão,PR,105.076,9,set,106.92839335749298,OK,1991,2020,30,CHIRPS_v2,UCSB-CHG/CHIRPS/DAILY,1991-2020,IBGE_2024
4106001,Congonhinhas,PR,535.963,9,set,105.68413655089842,OK,1991,2020,30,CHIRPS_v2,UCSB-CHG/CHIRPS/DAILY,1991-2020,IBGE_2024
4121307,Rancho Alegre,PR,167.646,9,set,85.72848502815484,OK,1991,2020,30,CHIRPS_v2,UCSB-CHG/CHIRPS/DAILY,1991-2020,IBGE_2024
4113403,Leópolis,PR,344.918,9,set,85.40743792027975,OK,1991,2020,30,CHIRPS_v2,UCSB-CHG/CHIRPS/DAILY,1991-2020,IBGE_2024
4128401,Uraí,PR,235.855,9,set,90.79913670607033,OK,1991,2020,30,CHIRPS_v2,UCSB-CHG/CHIRPS/DAILY,1991-2020,IBGE_2024
4111001,Itambaracá,PR,207.342,9,set,78.66006494653158,OK,1991,2020,30,CHIRPS_v2,UCSB-CHG/CHIRPS/DAILY,1991-2020,IBGE_2024
4102406,Bandeirantes,PR,445.192,9,set,78.70046486980047,OK,1991,2020,30,CHIRPS_v2,UCSB-CHG/CHIRPS/DAILY,1991-2020,IBGE_2024
4126405,Sertaneja,PR,444.492,9,set,77.8304408701661,OK,1991,2020,30,CHIRPS_v2,UCSB-CHG/CHIRPS/DAILY,1991-2020,IBGE_2024
4126009,São Sebastião da Amoreira,PR,226.872,9,set,104.59633878297316,OK,1991,2020,30,CHIRPS_v2,UCSB-CHG/CHIRPS/DAILY,1991-2020,IBGE_2024
4126207,Sapopema,PR,677.588,9,set,117.3095603186169,OK,1991,2020,30,CHIRPS_v2,UCSB-CHG/CHIRPS/DAILY,1991-2020,IBGE_2024
4117214,Nova Santa Bárbara,PR,80.783,9,set,108.7911808204028,OK,1991,2020,30,CHIRPS_v2,UCSB-CHG/CHIRPS/DAILY,1991-2020,IBGE_2024
4116604,Nova América da Colina,PR,129.476,9,set,100.41626440163357,OK,1991,2020,30,CHIRPS_v2,UCSB-CHG/CHIRPS/DAILY,1991-2020,IBGE_2024
4117008,Nova Fátima,PR,283.423,9,set,103.76195384521688,OK,1991,2020,30,CHIRPS_v2,UCSB-CHG/CHIRPS/DAILY,1991-2020,IBGE_2024
4124301,Santo Antônio do Paraíso,PR,162.647,9,set,107.61118435387644,OK,1991,2020,30,CHIRPS_v2,UCSB-CHG/CHIRPS/DAILY,1991-2020,IBGE_2024
4124707,São Jerônimo da Serra,PR,824.268,9,set,116.42974763597772,OK,1991,2020,30,CHIRPS_v2,UCSB-CHG/CHIRPS/DAILY,1991-2020,IBGE_2024
4123907,Santa Mariana,PR,425.703,9,set,80.12261312390591,OK,1991,2020,30,CHIRPS_v2,UCSB-CHG/CHIRPS/DAILY,1991-2020,IBGE_2024
4114500,Manoel Ribas,PR,571.451,9,set,132.26769474958581,OK,1991,2020,30,CHIRPS_v2,UCSB-CHG/CHIRPS/DAILY,1991-2020,IBGE_2024
4122651,Rosário do Ivaí,PR,377.625,9,set,131.7495086572064,OK,1991,2020,30,CHIRPS_v2,UCSB-CHG/CHIRPS/DAILY,1991-2020,IBGE_2024
4122172,Rio Branco do Ivaí,PR,378.04,9,set,126.88607822486814,OK,1991,2020,30,CHIRPS_v2,UCSB-CHG/CHIRPS/DAILY,1991-2020,IBGE_2024
4113759,Lunardelli,PR,191.062,9,set,120.18648963605925,OK,1991,2020,30,CHIRPS_v2,UCSB-CHG/CHIRPS/DAILY,1991-2020,IBGE_2024
4113429,Lidianópolis,PR,151.779,9,set,129.33614050193614,OK,1991,2020,30,CHIRPS_v2,UCSB-CHG/CHIRPS/DAILY,1991-2020,IBGE_2024
4104402,Cândido de Abreu,PR,1506.15,9,set,138.7363132280513,OK,1991,2020,30,CHIRPS_v2,UCSB-CHG/CHIRPS/DAILY,1991-2020,IBGE_2024
4112504,Jardim Alegre,PR,425.371,9,set,126.24792900939502,OK,1991,2020,30,CHIRPS_v2,UCSB-CHG/CHIRPS/DAILY,1991-2020,IBGE_2024
4111506,Ivaiporã,PR,436.378,9,set,138.7759401313304,OK,1991,2020,30,CHIRPS_v2,UCSB-CHG/CHIRPS/DAILY,1991-2020,IBGE_2024
4101853,Ariranha do Ivaí,PR,236.039,9,set,134.27742846003136,OK,1991,2020,30,CHIRPS_v2,UCSB-CHG/CHIRPS/DAILY,1991-2020,IBGE_2024
4101655,Arapuã,PR,217.599,9,set,126.29350174967799,OK,1991,2020,30,CHIRPS_v2,UCSB-CHG/CHIRPS/DAILY,1991-2020,IBGE_2024
4108551,Godoy Moreira,PR,126.956,9,set,118.68492808265702,OK,1991,2020,30,CHIRPS_v2,UCSB-CHG/CHIRPS/DAILY,1991-2020,IBGE_2024
4125001,São João do Ivaí,PR,351.885,9,set,116.10761117333405,OK,1991,2020,30,CHIRPS_v2,UCSB-CHG/CHIRPS/DAILY,1991-2020,IBGE_2024
4108700,Grandes Rios,PR,311.512,9,set,129.69095898432812,OK,1991,2020,30,CHIRPS_v2,UCSB-CHG/CHIRPS/DAILY,1991-2020,IBGE_2024
4107603,Faxinal,PR,716.804,9,set,131.27469074554082,OK,1991,2020,30,CHIRPS_v2,UCSB-CHG/CHIRPS/DAILY,1991-2020,IBGE_2024
4106852,Cruzmaltina,PR,306.237,9,set,128.79500533415853,OK,1991,2020,30,CHIRPS_v2,UCSB-CHG/CHIRPS/DAILY,1991-2020,IBGE_2024
4106100,Conselheiro Mairinck,PR,204.443,9,set,97.08464231142666,OK,1991,2020,30,CHIRPS_v2,UCSB-CHG/CHIRPS/DAILY,1991-2020,IBGE_2024
4112306,Japira,PR,189.291,9,set,101.26078155090444,OK,1991,2020,30,CHIRPS_v2,UCSB-CHG/CHIRPS/DAILY,1991-2020,IBGE_2024
4111704,Jaboti,PR,139.217,9,set,99.4923507215676,OK,1991,2020,30,CHIRPS_v2,UCSB-CHG/CHIRPS/DAILY,1991-2020,IBGE_2024
4119202,Pinhalão,PR,220.049,9,set,104.75556236544871,OK,1991,2020,30,CHIRPS_v2,UCSB-CHG/CHIRPS/DAILY,1991-2020,IBGE_2024
4109708,Ibaiti,PR,902.797,9,set,105.2573318976428,OK,1991,2020,30,CHIRPS_v2,UCSB-CHG/CHIRPS/DAILY,1991-2020,IBGE_2024
4107751,Figueira,PR,129.769,9,set,113.50851641341862,OK,1991,2020,30,CHIRPS_v2,UCSB-CHG/CHIRPS/DAILY,1991-2020,IBGE_2024
4104659,Carambeí,PR,647.021,9,set,135.3728739173676,OK,1991,2020,30,CHIRPS_v2,UCSB-CHG/CHIRPS/DAILY,1991-2020,IBGE_2024
4119905,Ponta Grossa,PR,2044.902,9,set,138.5533299549723,OK,1991,2020,30,CHIRPS_v2,UCSB-CHG/CHIRPS/DAILY,1991-2020,IBGE_2024
4104907,Castro,PR,2526.498,9,set,123.37802919045885,OK,1991,2020,30,CHIRPS_v2,UCSB-CHG/CHIRPS/DAILY,1991-2020,IBGE_2024
4112009,Jaguariaíva,PR,1443.264,9,set,110.37325301505685,OK,1991,2020,30,CHIRPS_v2,UCSB-CHG/CHIRPS/DAILY,1991-2020,IBGE_2024
4120101,Porto Amazonas,PR,186.581,9,set,139.0888161560759,OK,1991,2020,30,CHIRPS_v2,UCSB-CHG/CHIRPS/DAILY,1991-2020,IBGE_2024
4111407,Ivaí,PR,600.209,9,set,145.0271252881288,OK,1991,2020,30,CHIRPS_v2,UCSB-CHG/CHIRPS/DAILY,1991-2020,IBGE_2024
4119400,Piraí do Sul,PR,1349.154,9,set,117.32395202217506,OK,1991,2020,30,CHIRPS_v2,UCSB-CHG/CHIRPS/DAILY,1991-2020,IBGE_2024
4110508,Ipiranga,PR,902.385,9,set,139.50590388536668,OK,1991,2020,30,CHIRPS_v2,UCSB-CHG/CHIRPS/DAILY,1991-2020,IBGE_2024
4126306,Sengés,PR,1438.17,9,set,105.56952740543127,OK,1991,2020,30,CHIRPS_v2,UCSB-CHG/CHIRPS/DAILY,1991-2020,IBGE_2024
4117701,Palmeira,PR,1473.233,9,set,145.6521623226349,OK,1991,2020,30,CHIRPS_v2,UCSB-CHG/CHIRPS/DAILY,1991-2020,IBGE_2024
4101606,Arapoti,PR,1363.843,9,set,109.94731797804397,OK,1991,2020,30,CHIRPS_v2,UCSB-CHG/CHIRPS/DAILY,1991-2020,IBGE_2024
4125100,São João do Triunfo,PR,718.68,9,set,151.97582195474695,OK,1991,2020,30,CHIRPS_v2,UCSB-CHG/CHIRPS/DAILY,1991-2020,IBGE_2024
4121703,Reserva,PR,1646.103,9,set,142.20479913243628,OK,1991,2020,30,CHIRPS_v2,UCSB-CHG/CHIRPS/DAILY,1991-2020,IBGE_2024
4128534,Ventania,PR,819.334,9,set,122.39499766942504,OK,1991,2020,30,CHIRPS_v2,UCSB-CHG/CHIRPS/DAILY,1991-2020,IBGE_2024
4127502,Tibagi,PR,2996.47,9,set,135.31208468700018,OK,1991,2020,30,CHIRPS_v2,UCSB-CHG/CHIRPS/DAILY,1991-2020,IBGE_2024
4127106,Telêmaco Borba,PR,1379.02,9,set,127.82282935655535,OK,1991,2020,30,CHIRPS_v2,UCSB-CHG/CHIRPS/DAILY,1991-2020,IBGE_2024
4110078,Imbaú,PR,331.94,9,set,145.1139456150838,OK,1991,2020,30,CHIRPS_v2,UCSB-CHG/CHIRPS/DAILY,1991-2020,IBGE_2024
4117305,Ortigueira,PR,2431.67,9,set,130.2570387127748,OK,1991,2020,30,CHIRPS_v2,UCSB-CHG/CHIRPS/DAILY,1991-2020,IBGE_2024
4107009,Curiúva,PR,576.263,9,set,120.48979961046346,OK,1991,2020,30,CHIRPS_v2,UCSB-CHG/CHIRPS/DAILY,1991-2020,IBGE_2024
4113908,Mallet,PR,758.509,9,set,153.97459664214924,OK,1991,2020,30,CHIRPS_v2,UCSB-CHG/CHIRPS/DAILY,1991-2020,IBGE_2024
4122008,Rio Azul,PR,596.17,9,set,155.03070397331933,OK,1991,2020,30,CHIRPS_v2,UCSB-CHG/CHIRPS/DAILY,1991-2020,IBGE_2024
4121505,Rebouças,PR,485.184,9,set,153.23826967421326,OK,1991,2020,30,CHIRPS_v2,UCSB-CHG/CHIRPS/DAILY,1991-2020,IBGE_2024
4127007,Teixeira Soares,PR,902.334,9,set,147.97821596679967,OK,1991,2020,30,CHIRPS_v2,UCSB-CHG/CHIRPS/DAILY,1991-2020,IBGE_2024
4110706,Irati,PR,1000.188,9,set,151.23670491980653,OK,1991,2020,30,CHIRPS_v2,UCSB-CHG/CHIRPS/DAILY,1991-2020,IBGE_2024
4110102,Imbituva,PR,758.099,9,set,149.9207438371178,OK,1991,2020,30,CHIRPS_v2,UCSB-CHG/CHIRPS/DAILY,1991-2020,IBGE_2024
4107736,Fernandes Pinheiro,PR,405.489,9,set,150.16989776266198,OK,1991,2020,30,CHIRPS_v2,UCSB-CHG/CHIRPS/DAILY,1991-2020,IBGE_2024
4201109,Anitápolis,SC,540.636,9,set,157.58223451965043,OK,1991,2020,30,CHIRPS_v2,UCSB-CHG/CHIRPS/DAILY,1991-2020,IBGE_2024
4200705,Alfredo Wagner,SC,733.489,9,set,157.92652281234865,OK,1991,2020,30,CHIRPS_v2,UCSB-CHG/CHIRPS/DAILY,1991-2020,IBGE_2024
4200903,Angelina,SC,499.998,9,set,150.73594834325644,OK,1991,2020,30,CHIRPS_v2,UCSB-CHG/CHIRPS/DAILY,1991-2020,IBGE_2024
4215901,São Bonifácio,SC,461.438,9,set,153.71149078614283,OK,1991,2020,30,CHIRPS_v2,UCSB-CHG/CHIRPS/DAILY,1991-2020,IBGE_2024
4207304,Imbituba,SC,181.577,9,set,141.11701616290853,OK,1991,2020,30,CHIRPS_v2,UCSB-CHG/CHIRPS/DAILY,1991-2020,IBGE_2024
4205704,Garopaba,SC,114.773,9,set,141.71755523552866,OK,1991,2020,30,CHIRPS_v2,UCSB-CHG/CHIRPS/DAILY,1991-2020,IBGE_2024
4214300,Rancho Queimado,SC,286.461,9,set,151.03491802946544,OK,1991,2020,30,CHIRPS_v2,UCSB-CHG/CHIRPS/DAILY,1991-2020,IBGE_2024
4205407,Florianópolis,SC,674.844,9,set,137.4973825935245,OK,1991,2020,30,CHIRPS_v2,UCSB-CHG/CHIRPS/DAILY,1991-2020,IBGE_2024
4212304,Paulo Lopes,SC,446.165,9,set,148.42091906020133,OK,1991,2020,30,CHIRPS_v2,UCSB-CHG/CHIRPS/DAILY,1991-2020,IBGE_2024
4211900,Palhoça,SC,394.85,9,set,143.2175390681109,OK,1991,2020,30,CHIRPS_v2,UCSB-CHG/CHIRPS/DAILY,1991-2020,IBGE_2024
4202305,Biguaçu,SC,365.755,9,set,141.53507862332927,OK,1991,2020,30,CHIRPS_v2,UCSB-CHG/CHIRPS/DAILY,1991-2020,IBGE_2024
4201208,Antônio Carlos,SC,234.422,9,set,148.33130146752302,OK,1991,2020,30,CHIRPS_v2,UCSB-CHG/CHIRPS/DAILY,1991-2020,IBGE_2024
4200606,Águas Mornas,SC,326.66,9,set,153.57206058612795,OK,1991,2020,30,CHIRPS_v2,UCSB-CHG/CHIRPS/DAILY,1991-2020,IBGE_2024
4217253,São Pedro de Alcântara,SC,139.196,9,set,150.79904734853494,OK,1991,2020,30,CHIRPS_v2,UCSB-CHG/CHIRPS/DAILY,1991-2020,IBGE_2024
4216602,São José,SC,150.499,9,set,141.17052009321287,OK,1991,2020,30,CHIRPS_v2,UCSB-CHG/CHIRPS/DAILY,1991-2020,IBGE_2024
4215703,Santo Amaro da Imperatriz,SC,344.236,9,set,150.53723926384504,OK,1991,2020,30,CHIRPS_v2,UCSB-CHG/CHIRPS/DAILY,1991-2020,IBGE_2024
4206009,Governador Celso Ramos,SC,127.556,9,set,139.63325401231418,OK,1991,2020,30,CHIRPS_v2,UCSB-CHG/CHIRPS/DAILY,1991-2020,IBGE_2024
4211702,Orleans,SC,549.859,9,set,147.38413499304767,OK,1991,2020,30,CHIRPS_v2,UCSB-CHG/CHIRPS/DAILY,1991-2020,IBGE_2024
4209607,Lauro Müller,SC,271.852,9,set,151.7551474248003,OK,1991,2020,30,CHIRPS_v2,UCSB-CHG/CHIRPS/DAILY,1991-2020,IBGE_2024
4205456,Forquilhinha,SC,183.351,9,set,138.48586084783096,OK,1991,2020,30,CHIRPS_v2,UCSB-CHG/CHIRPS/DAILY,1991-2020,IBGE_2024
4204251,Cocal do Sul,SC,70.965,9,set,135.1273321924129,OK,1991,2020,30,CHIRPS_v2,UCSB-CHG/CHIRPS/DAILY,1991-2020,IBGE_2024
4204608,Criciúma,SC,234.794,9,set,139.1457419533036,OK,1991,2020,30,CHIRPS_v2,UCSB-CHG/CHIRPS/DAILY,1991-2020,IBGE_2024
4220000,Balneário Rincão,SC,63.512,9,set,136.6583303544947,OK,1991,2020,30,CHIRPS_v2,UCSB-CHG/CHIRPS/DAILY,1991-2020,IBGE_2024
4211603,Nova Veneza,SC,295.063,9,set,148.8870576610107,OK,1991,2020,30,CHIRPS_v2,UCSB-CHG/CHIRPS/DAILY,1991-2020,IBGE_2024
4219002,Urussanga,SC,254.954,9,set,134.4484122119903,OK,1991,2020,30,CHIRPS_v2,UCSB-CHG/CHIRPS/DAILY,1991-2020,IBGE_2024
4211256,Morro Grande,SC,260.143,9,set,162.7788403078275,OK,1991,2020,30,CHIRPS_v2,UCSB-CHG/CHIRPS/DAILY,1991-2020,IBGE_2024
4211207,Morro da Fumaça,SC,82.878,9,set,135.14236494134425,OK,1991,2020,30,CHIRPS_v2,UCSB-CHG/CHIRPS/DAILY,1991-2020,IBGE_2024
4218350,Treviso,SC,156.61,9,set,151.20872203795295,OK,1991,2020,30,CHIRPS_v2,UCSB-CHG/CHIRPS/DAILY,1991-2020,IBGE_2024
4217600,Siderópolis,SC,262.002,9,set,152.72455748414393,OK,1991,2020,30,CHIRPS_v2,UCSB-CHG/CHIRPS/DAILY,1991-2020,IBGE_2024
4207007,Içara,SC,230.487,9,set,139.33556409168725,OK,1991,2020,30,CHIRPS_v2,UCSB-CHG/CHIRPS/DAILY,1991-2020,IBGE_2024
4212650,Pescaria Brava,SC,106.853,9,set,143.41620750263655,OK,1991,2020,30,CHIRPS_v2,UCSB-CHG/CHIRPS/DAILY,1991-2020,IBGE_2024
4203956,Capivari de Baixo,SC,53.222,9,set,141.98001704993712,OK,1991,2020,30,CHIRPS_v2,UCSB-CHG/CHIRPS/DAILY,1991-2020,IBGE_2024
4218707,Tubarão,SC,301.485,9,set,140.5623018210876,OK,1991,2020,30,CHIRPS_v2,UCSB-CHG/CHIRPS/DAILY,1991-2020,IBGE_2024
4209409,Laguna,SC,333.259,9,set,146.78177841067136,OK,1991,2020,30,CHIRPS_v2,UCSB-CHG/CHIRPS/DAILY,1991-2020,IBGE_2024
4206207,Gravatal,SC,165.718,9,set,140.90651557409885,OK,1991,2020,30,CHIRPS_v2,UCSB-CHG/CHIRPS/DAILY,1991-2020,IBGE_2024
4212403,Pedras Grandes,SC,159.892,9,set,133.7180816180605,OK,1991,2020,30,CHIRPS_v2,UCSB-CHG/CHIRPS/DAILY,1991-2020,IBGE_2024
4202800,Braço do Norte,SC,212.045,9,set,140.26113031777192,OK,1991,2020,30,CHIRPS_v2,UCSB-CHG/CHIRPS/DAILY,1991-2020,IBGE_2024
4218400,Treze de Maio,SC,159.833,9,set,136.7507290276852,OK,1991,2020,30,CHIRPS_v2,UCSB-CHG/CHIRPS/DAILY,1991-2020,IBGE_2024
4201505,Armazém,SC,173.958,9,set,142.4387674153645,OK,1991,2020,30,CHIRPS_v2,UCSB-CHG/CHIRPS/DAILY,1991-2020,IBGE_2024
4217105,São Martinho,SC,224.566,9,set,146.0592649890457,OK,1991,2020,30,CHIRPS_v2,UCSB-CHG/CHIRPS/DAILY,1991-2020,IBGE_2024
4217006,São Ludgero,SC,106.765,9,set,136.99310863506506,OK,1991,2020,30,CHIRPS_v2,UCSB-CHG/CHIRPS/DAILY,1991-2020,IBGE_2024
4208807,Jaguaruna,SC,326.362,9,set,140.66291112828827,OK,1991,2020,30,CHIRPS_v2,UCSB-CHG/CHIRPS/DAILY,1991-2020,IBGE_2024
4215604,Santa Rosa de Lima,SC,203.218,9,set,156.72409774527577,OK,1991,2020,30,CHIRPS_v2,UCSB-CHG/CHIRPS/DAILY,1991-2020,IBGE_2024
4207205,Imaruí,SC,542.238,9,set,145.949737731263,OK,1991,2020,30,CHIRPS_v2,UCSB-CHG/CHIRPS/DAILY,1991-2020,IBGE_2024
4215455,Sangão,SC,82.984,9,set,137.26944279524466,OK,1991,2020,30,CHIRPS_v2,UCSB-CHG/CHIRPS/DAILY,1991-2020,IBGE_2024
4214904,Rio Fortuna,SC,302.39,9,set,151.07316267091338,OK,1991,2020,30,CHIRPS_v2,UCSB-CHG/CHIRPS/DAILY,1991-2020,IBGE_2024
4206108,Grão-Pará,SC,334.362,9,set,151.23613219714358,OK,1991,2020,30,CHIRPS_v2,UCSB-CHG/CHIRPS/DAILY,1991-2020,IBGE_2024
4212254,Passo de Torres,SC,92.638,9,set,140.62524762419145,OK,1991,2020,30,CHIRPS_v2,UCSB-CHG/CHIRPS/DAILY,1991-2020,IBGE_2024
4210803,Meleiro,SC,186.439,9,set,143.35349325848773,OK,1991,2020,30,CHIRPS_v2,UCSB-CHG/CHIRPS/DAILY,1991-2020,IBGE_2024
4210407,Maracajá,SC,62.901,9,set,134.83481194603658,OK,1991,2020,30,CHIRPS_v2,UCSB-CHG/CHIRPS/DAILY,1991-2020,IBGE_2024
4202073,Balneário Gaivota,SC,146.486,9,set,141.9477733566539,OK,1991,2020,30,CHIRPS_v2,UCSB-CHG/CHIRPS/DAILY,1991-2020,IBGE_2024
4218806,Turvo,SC,235.104,9,set,147.85027138532942,OK,1991,2020,30,CHIRPS_v2,UCSB-CHG/CHIRPS/DAILY,1991-2020,IBGE_2024
4218103,Timbé do Sul,SC,328.507,9,set,170.2845191295895,OK,1991,2020,30,CHIRPS_v2,UCSB-CHG/CHIRPS/DAILY,1991-2020,IBGE_2024
4201950,Balneário Arroio do Silva,SC,94.662,9,set,137.19577442363232,OK,1991,2020,30,CHIRPS_v2,UCSB-CHG/CHIRPS/DAILY,1991-2020,IBGE_2024
4217709,Sombrio,SC,143.428,9,set,147.0573516892799,OK,1991,2020,30,CHIRPS_v2,UCSB-CHG/CHIRPS/DAILY,1991-2020,IBGE_2024
4201406,Araranguá,SC,302.003,9,set,136.46135728910235,OK,1991,2020,30,CHIRPS_v2,UCSB-CHG/CHIRPS/DAILY,1991-2020,IBGE_2024
4216404,São João do Sul,SC,184.375,9,set,144.78023620087637,OK,1991,2020,30,CHIRPS_v2,UCSB-CHG/CHIRPS/DAILY,1991-2020,IBGE_2024
4208708,Jacinto Machado,SC,430.704,9,set,161.19827463389376,OK,1991,2020,30,CHIRPS_v2,UCSB-CHG/CHIRPS/DAILY,1991-2020,IBGE_2024
4215653,Santa Rosa do Sul,SC,150.299,9,set,146.94750482668434,OK,1991,2020,30,CHIRPS_v2,UCSB-CHG/CHIRPS/DAILY,1991-2020,IBGE_2024
4205191,Ermo,SC,65.144,9,set,145.06551764008879,OK,1991,2020,30,CHIRPS_v2,UCSB-CHG/CHIRPS/DAILY,1991-2020,IBGE_2024
4213807,Praia Grande,SC,284.36,9,set,167.39762471274582,OK,1991,2020,30,CHIRPS_v2,UCSB-CHG/CHIRPS/DAILY,1991-2020,IBGE_2024
4209300,Lages,SC,2637.66,9,set,158.97556124822097,OK,1991,2020,30,CHIRPS_v2,UCSB-CHG/CHIRPS/DAILY,1991-2020,IBGE_2024
4213302,Ponte Alta,SC,575.17,9,set,152.37643520739206,OK,1991,2020,30,CHIRPS_v2,UCSB-CHG/CHIRPS/DAILY,1991-2020,IBGE_2024
4204178,Cerro Negro,SC,418.544,9,set,165.92700266306636,OK,1991,2020,30,CHIRPS_v2,UCSB-CHG/CHIRPS/DAILY,1991-2020,IBGE_2024
4204558,Correia Pinto,SC,647.388,9,set,152.26662342434642,OK,1991,2020,30,CHIRPS_v2,UCSB-CHG/CHIRPS/DAILY,1991-2020,IBGE_2024
4211892,Painel,SC,738.331,9,set,166.48806814184437,OK,1991,2020,30,CHIRPS_v2,UCSB-CHG/CHIRPS/DAILY,1991-2020,IBGE_2024
4212056,Palmeira,SC,289.097,9,set,152.6119729052303,OK,1991,2020,30,CHIRPS_v2,UCSB-CHG/CHIRPS/DAILY,1991-2020,IBGE_2024
4203253,Capão Alto,SC,1331.962,9,set,165.2443756324022,OK,1991,2020,30,CHIRPS_v2,UCSB-CHG/CHIRPS/DAILY,1991-2020,IBGE_2024
4211751,Otacílio Costa,SC,847.253,9,set,151.53392831132533,OK,1991,2020,30,CHIRPS_v2,UCSB-CHG/CHIRPS/DAILY,1991-2020,IBGE_2024
4203402,Campo Belo do Sul,SC,1025.638,9,set,165.2737751284899,OK,1991,2020,30,CHIRPS_v2,UCSB-CHG/CHIRPS/DAILY,1991-2020,IBGE_2024
4218954,Urupema,SC,350.472,9,set,169.15838863026428,OK,1991,2020,30,CHIRPS_v2,UCSB-CHG/CHIRPS/DAILY,1991-2020,IBGE_2024
4202602,Bom Retiro,SC,1057.034,9,set,164.31804975795995,OK,1991,2020,30,CHIRPS_v2,UCSB-CHG/CHIRPS/DAILY,1991-2020,IBGE_2024
4218905,Urubici,SC,1021.371,9,set,169.55687341222114,OK,1991,2020,30,CHIRPS_v2,UCSB-CHG/CHIRPS/DAILY,1991-2020,IBGE_2024
4202503,Bom Jardim da Serra,SC,938.524,9,set,170.61207938687662,OK,1991,2020,30,CHIRPS_v2,UCSB-CHG/CHIRPS/DAILY,1991-2020,IBGE_2024
4202438,Bocaina do Sul,SC,510.673,9,set,162.6349632110154,OK,1991,2020,30,CHIRPS_v2,UCSB-CHG/CHIRPS/DAILY,1991-2020,IBGE_2024
4201000,Anita Garibaldi,SC,589.812,9,set,166.86475722403054,OK,1991,2020,30,CHIRPS_v2,UCSB-CHG/CHIRPS/DAILY,1991-2020,IBGE_2024
4216503,São Joaquim,SC,1888.627,9,set,168.57525770601563,OK,1991,2020,30,CHIRPS_v2,UCSB-CHG/CHIRPS/DAILY,1991-2020,IBGE_2024
4216800,São José do Cerrito,SC,948.714,9,set,156.34574793918807,OK,1991,2020,30,CHIRPS_v2,UCSB-CHG/CHIRPS/DAILY,1991-2020,IBGE_2024
4215059,Rio Rufino,SC,282.571,9,set,170.11730069508403,OK,1991,2020,30,CHIRPS_v2,UCSB-CHG/CHIRPS/DAILY,1991-2020,IBGE_2024
4204806,Curitibanos,SC,949.994,9,set,156.51958305805007,OK,1991,2020,30,CHIRPS_v2,UCSB-CHG/CHIRPS/DAILY,1991-2020,IBGE_2024
4202875,Brunópolis,SC,336.439,9,set,157.57375540440722,OK,1991,2020,30,CHIRPS_v2,UCSB-CHG/CHIRPS/DAILY,1991-2020,IBGE_2024
4216057,São Cristóvão do Sul,SC,345.902,9,set,156.9463641524285,OK,1991,2020,30,CHIRPS_v2,UCSB-CHG/CHIRPS/DAILY,1991-2020,IBGE_2024
4215505,Santa Cecília,SC,1145.716,9,set,148.05525727923998,OK,1991,2020,30,CHIRPS_v2,UCSB-CHG/CHIRPS/DAILY,1991-2020,IBGE_2024
4213351,Ponte Alta do Norte,SC,396.882,9,set,153.46819051825761,OK,1991,2020,30,CHIRPS_v2,UCSB-CHG/CHIRPS/DAILY,1991-2020,IBGE_2024
4205555,Frei Rogério,SC,158.775,9,set,152.90228555660443,OK,1991,2020,30,CHIRPS_v2,UCSB-CHG/CHIRPS/DAILY,1991-2020,IBGE_2024
4204350,Cordilheira Alta,SC,85.276,9,set,173.05578838687128,OK,1991,2020,30,CHIRPS_v2,UCSB-CHG/CHIRPS/DAILY,1991-2020,IBGE_2024
4204202,Chapecó,SC,624.673,9,set,165.17344717636985,OK,1991,2020,30,CHIRPS_v2,UCSB-CHG/CHIRPS/DAILY,1991-2020,IBGE_2024
4206652,Guatambú,SC,206.196,9,set,167.97117653389944,OK,1991,2020,30,CHIRPS_v2,UCSB-CHG/CHIRPS/DAILY,1991-2020,IBGE_2024
4205431,Formosa do Sul,SC,100.408,9,set,168.5281331818369,OK,1991,2020,30,CHIRPS_v2,UCSB-CHG/CHIRPS/DAILY,1991-2020,IBGE_2024
4204756,Cunhataí,SC,54.811,9,set,169.69960793068958,OK,1991,2020,30,CHIRPS_v2,UCSB-CHG/CHIRPS/DAILY,1991-2020,IBGE_2024
4212908,Pinhalzinho,SC,128.726,9,set,173.33962296145447,OK,1991,2020,30,CHIRPS_v2,UCSB-CHG/CHIRPS/DAILY,1991-2020,IBGE_2024
4213153,Planalto Alegre,SC,63.1,9,set,169.29088671566043,OK,1991,2020,30,CHIRPS_v2,UCSB-CHG/CHIRPS/DAILY,1991-2020,IBGE_2024
4204103,Caxambu do Sul,SC,140.873,9,set,164.46928983502772,OK,1991,2020,30,CHIRPS_v2,UCSB-CHG/CHIRPS/DAILY,1991-2020,IBGE_2024
4204400,Coronel Freitas,SC,232.47,9,set,169.9153701926607,OK,1991,2020,30,CHIRPS_v2,UCSB-CHG/CHIRPS/DAILY,1991-2020,IBGE_2024
4211876,Paial,SC,86.049,9,set,162.97873040746165,OK,1991,2020,30,CHIRPS_v2,UCSB-CHG/CHIRPS/DAILY,1991-2020,IBGE_2024
4212106,Palmitos,SC,351.051,9,set,161.89826855674988,OK,1991,2020,30,CHIRPS_v2,UCSB-CHG/CHIRPS/DAILY,1991-2020,IBGE_2024
4211454,Nova Itaberaba,SC,137.069,9,set,170.6726102984557,OK,1991,2020,30,CHIRPS_v2,UCSB-CHG/CHIRPS/DAILY,1991-2020,IBGE_2024
4211405,Nova Erechim,SC,65.087,9,set,169.94935382516962,OK,1991,2020,30,CHIRPS_v2,UCSB-CHG/CHIRPS/DAILY,1991-2020,IBGE_2024
4219705,Xaxim,SC,293.628,9,set,179.71526801493235,OK,1991,2020,30,CHIRPS_v2,UCSB-CHG/CHIRPS/DAILY,1991-2020,IBGE_2024
4203105,Caibi,SC,173.079,9,set,165.34902416361504,OK,1991,2020,30,CHIRPS_v2,UCSB-CHG/CHIRPS/DAILY,1991-2020,IBGE_2024
4210902,Modelo,SC,92.346,9,set,176.67683639087946,OK,1991,2020,30,CHIRPS_v2,UCSB-CHG/CHIRPS/DAILY,1991-2020,IBGE_2024
4211009,Mondaí,SC,200.275,9,set,167.3811676220878,OK,1991,2020,30,CHIRPS_v2,UCSB-CHG/CHIRPS/DAILY,1991-2020,IBGE_2024
4218855,União do Oeste,SC,92.857,9,set,169.37448093328481,OK,1991,2020,30,CHIRPS_v2,UCSB-CHG/CHIRPS/DAILY,1991-2020,IBGE_2024
4210555,Marema,SC,104.184,9,set,170.38735541284703,OK,1991,2020,30,CHIRPS_v2,UCSB-CHG/CHIRPS/DAILY,1991-2020,IBGE_2024
4201653,Arvoredo,SC,90.503,9,set,173.7592974305803,OK,1991,2020,30,CHIRPS_v2,UCSB-CHG/CHIRPS/DAILY,1991-2020,IBGE_2024
4217550,Serra Alta,SC,90.564,9,set,175.6754287445646,OK,1991,2020,30,CHIRPS_v2,UCSB-CHG/CHIRPS/DAILY,1991-2020,IBGE_2024
4209458,Lajeado Grande,SC,65.348,9,set,181.23989217637083,OK,1991,2020,30,CHIRPS_v2,UCSB-CHG/CHIRPS/DAILY,1991-2020,IBGE_2024
4217758,Sul Brasil,SC,113.125,9,set,171.8055061389564,OK,1991,2020,30,CHIRPS_v2,UCSB-CHG/CHIRPS/DAILY,1991-2020,IBGE_2024
4208955,Jardinópolis,SC,68.499,9,set,168.8032551837772,OK,1991,2020,30,CHIRPS_v2,UCSB-CHG/CHIRPS/DAILY,1991-2020,IBGE_2024
4200556,Águas Frias,SC,76.631,9,set,169.02056639870526,OK,1991,2020,30,CHIRPS_v2,UCSB-CHG/CHIRPS/DAILY,1991-2020,IBGE_2024
4217303,Saudades,SC,205.78,9,set,173.69207322871742,OK,1991,2020,30,CHIRPS_v2,UCSB-CHG/CHIRPS/DAILY,1991-2020,IBGE_2024
4200507,Águas de Chapecó,SC,139.511,9,set,165.05458157265227,OK,1991,2020,30,CHIRPS_v2,UCSB-CHG/CHIRPS/DAILY,1991-2020,IBGE_2024
4207858,Irati,SC,77.912,9,set,170.07361467987093,OK,1991,2020,30,CHIRPS_v2,UCSB-CHG/CHIRPS/DAILY,1991-2020,IBGE_2024
4216008,São Carlos,SC,162.12,9,set,165.6131962909096,OK,1991,2020,30,CHIRPS_v2,UCSB-CHG/CHIRPS/DAILY,1991-2020,IBGE_2024
4215695,Santiago do Sul,SC,73.335,9,set,165.67736397788406,OK,1991,2020,30,CHIRPS_v2,UCSB-CHG/CHIRPS/DAILY,1991-2020,IBGE_2024
4215075,Riqueza,SC,191.061,9,set,167.37500913143535,OK,1991,2020,30,CHIRPS_v2,UCSB-CHG/CHIRPS/DAILY,1991-2020,IBGE_2024
4214201,Quilombo,SC,278.983,9,set,168.0660848018397,OK,1991,2020,30,CHIRPS_v2,UCSB-CHG/CHIRPS/DAILY,1991-2020,IBGE_2024
4204152,Celso Ramos,SC,208.391,9,set,167.26463400090867,OK,1991,2020,30,CHIRPS_v2,UCSB-CHG/CHIRPS/DAILY,1991-2020,IBGE_2024
4211801,Ouro,SC,213.543,9,set,181.77086628544848,OK,1991,2020,30,CHIRPS_v2,UCSB-CHG/CHIRPS/DAILY,1991-2020,IBGE_2024
4203600,Campos Novos,SC,1717.579,9,set,169.48729751568615,OK,1991,2020,30,CHIRPS_v2,UCSB-CHG/CHIRPS/DAILY,1991-2020,IBGE_2024
4204004,Catanduvas,SC,199.166,9,set,168.4575431524518,OK,1991,2020,30,CHIRPS_v2,UCSB-CHG/CHIRPS/DAILY,1991-2020,IBGE_2024
4203907,Capinzal,SC,244.326,9,set,183.61429020643524,OK,1991,2020,30,CHIRPS_v2,UCSB-CHG/CHIRPS/DAILY,1991-2020,IBGE_2024
4219853,Zortéa,SC,190.028,9,set,177.98016079237112,OK,1991,2020,30,CHIRPS_v2,UCSB-CHG/CHIRPS/DAILY,1991-2020,IBGE_2024
4219176,Vargem Bonita,SC,299.807,9,set,172.17838795860195,OK,1991,2020,30,CHIRPS_v2,UCSB-CHG/CHIRPS/DAILY,1991-2020,IBGE_2024
4219150,Vargem,SC,350.606,9,set,161.95635830745036,OK,1991,2020,30,CHIRPS_v2,UCSB-CHG/CHIRPS/DAILY,1991-2020,IBGE_2024
4218509,Treze Tílias,SC,176.922,9,set,159.43726350296507,OK,1991,2020,30,CHIRPS_v2,UCSB-CHG/CHIRPS/DAILY,1991-2020,IBGE_2024
4210035,Luzerna,SC,117.099,9,set,163.7641967928868,OK,1991,2020,30,CHIRPS_v2,UCSB-CHG/CHIRPS/DAILY,1991-2020,IBGE_2024
4209201,Lacerdópolis,SC,69.036,9,set,181.61958223111557,OK,1991,2020,30,CHIRPS_v2,UCSB-CHG/CHIRPS/DAILY,1991-2020,IBGE_2024
4209003,Joaçaba,SC,241.637,9,set,172.60834933589135,OK,1991,2020,30,CHIRPS_v2,UCSB-CHG/CHIRPS/DAILY,1991-2020,IBGE_2024
4200051,Abdon Batista,SC,237.517,9,set,165.61865790302573,OK,1991,2020,30,CHIRPS_v2,UCSB-CHG/CHIRPS/DAILY,1991-2020,IBGE_2024
4208609,Jaborá,SC,182.483,9,set,172.4901800681497,OK,1991,2020,30,CHIRPS_v2,UCSB-CHG/CHIRPS/DAILY,1991-2020,IBGE_2024
4200408,Água Doce,SC,1327.921,9,set,165.850595464077,OK,1991,2020,30,CHIRPS_v2,UCSB-CHG/CHIRPS/DAILY,1991-2020,IBGE_2024
4206801,Ibicaré,SC,156.226,9,set,159.75768896066955,OK,1991,2020,30,CHIRPS_v2,UCSB-CHG/CHIRPS/DAILY,1991-2020,IBGE_2024
4206702,Herval d'Oeste,SC,216.581,9,set,166.9152211822801,OK,1991,2020,30,CHIRPS_v2,UCSB-CHG/CHIRPS/DAILY,1991-2020,IBGE_2024
4205209,Erval Velho,SC,208.841,9,set,174.50353946850396,OK,1991,2020,30,CHIRPS_v2,UCSB-CHG/CHIRPS/DAILY,1991-2020,IBGE_2024
4205001,Dionísio Cerqueira,SC,378.843,9,set,180.10205013607546,OK,1991,2020,30,CHIRPS_v2,UCSB-CHG/CHIRPS/DAILY,1991-2020,IBGE_2024
4204905,Descanso,SC,287.057,9,set,173.68122404119396,OK,1991,2020,30,CHIRPS_v2,UCSB-CHG/CHIRPS/DAILY,1991-2020,IBGE_2024
4212007,Palma Sola,SC,330.878,9,set,176.35061925858798,OK,1991,2020,30,CHIRPS_v2,UCSB-CHG/CHIRPS/DAILY,1991-2020,IBGE_2024
4212239,Paraíso,SC,180.338,9,set,160.34144355189298,OK,1991,2020,30,CHIRPS_v2,UCSB-CHG/CHIRPS/DAILY,1991-2020,IBGE_2024
4202099,Barra Bonita,SC,92.934,9,set,176.46475637628953,OK,1991,2020,30,CHIRPS_v2,UCSB-CHG/CHIRPS/DAILY,1991-2020,IBGE_2024
4202081,Bandeirante,SC,148.074,9,set,163.78343776009805,OK,1991,2020,30,CHIRPS_v2,UCSB-CHG/CHIRPS/DAILY,1991-2020,IBGE_2024
4202156,Belmonte,SC,93.852,9,set,168.59502317476873,OK,1991,2020,30,CHIRPS_v2,UCSB-CHG/CHIRPS/DAILY,1991-2020,IBGE_2024
4218756,Tunápolis,SC,132.939,9,set,168.42031168654304,OK,1991,2020,30,CHIRPS_v2,UCSB-CHG/CHIRPS/DAILY,1991-2020,IBGE_2024
4217204,São Miguel do Oeste,SC,233.83,9,set,172.98212859330906,OK,1991,2020,30,CHIRPS_v2,UCSB-CHG/CHIRPS/DAILY,1991-2020,IBGE_2024
4200804,Anchieta,SC,232.348,9,set,178.15151030922024,OK,1991,2020,30,CHIRPS_v2,UCSB-CHG/CHIRPS/DAILY,1991-2020,IBGE_2024
4208401,Itapiranga,SC,281.782,9,set,164.1325217889369,OK,1991,2020,30,CHIRPS_v2,UCSB-CHG/CHIRPS/DAILY,1991-2020,IBGE_2024
4216701,São José do Cedro,SC,280.76,9,set,176.15421887378758,OK,1991,2020,30,CHIRPS_v2,UCSB-CHG/CHIRPS/DAILY,1991-2020,IBGE_2024
4216255,São João do Oeste,SC,163.589,9,set,168.01989558617078,OK,1991,2020,30,CHIRPS_v2,UCSB-CHG/CHIRPS/DAILY,1991-2020,IBGE_2024
4215554,Santa Helena,SC,81.004,9,set,168.23115547867368,OK,1991,2020,30,CHIRPS_v2,UCSB-CHG/CHIRPS/DAILY,1991-2020,IBGE_2024
4207650,Iporã do Oeste,SC,201.118,9,set,173.12746200428455,OK,1991,2020,30,CHIRPS_v2,UCSB-CHG/CHIRPS/DAILY,1991-2020,IBGE_2024
4215208,Romelândia,SC,223.333,9,set,174.88128319119863,OK,1991,2020,30,CHIRPS_v2,UCSB-CHG/CHIRPS/DAILY,1991-2020,IBGE_2024
4206405,Guaraciaba,SC,331.766,9,set,171.13039874176198,OK,1991,2020,30,CHIRPS_v2,UCSB-CHG/CHIRPS/DAILY,1991-2020,IBGE_2024
4206603,Guarujá do Sul,SC,100.63,9,set,179.06135915325908,OK,1991,2020,30,CHIRPS_v2,UCSB-CHG/CHIRPS/DAILY,1991-2020,IBGE_2024
4214151,Princesa,SC,85.598,9,set,175.1418446498855,OK,1991,2020,30,CHIRPS_v2,UCSB-CHG/CHIRPS/DAILY,1991-2020,IBGE_2024
4205357,Flor do Sertão,SC,58.457,9,set,169.40526467894722,OK,1991,2020,30,CHIRPS_v2,UCSB-CHG/CHIRPS/DAILY,1991-2020,IBGE_2024
4213104,Piratuba,SC,146.088,9,set,169.39903708807566,OK,1991,2020,30,CHIRPS_v2,UCSB-CHG/CHIRPS/DAILY,1991-2020,IBGE_2024
4204301,Concórdia,SC,799.195,9,set,175.04160694720517,OK,1991,2020,30,CHIRPS_v2,UCSB-CHG/CHIRPS/DAILY,1991-2020,IBGE_2024
4212601,Peritiba,SC,95.632,9,set,171.1410919122457,OK,1991,2020,30,CHIRPS_v2,UCSB-CHG/CHIRPS/DAILY,1991-2020,IBGE_2024
4209854,Lindóia do Sul,SC,190.171,9,set,182.95393155811234,OK,1991,2020,30,CHIRPS_v2,UCSB-CHG/CHIRPS/DAILY,1991-2020,IBGE_2024
4201273,Arabutã,SC,132.585,9,set,182.35397425767627,OK,1991,2020,30,CHIRPS_v2,UCSB-CHG/CHIRPS/DAILY,1991-2020,IBGE_2024
4217501,Seara,SC,309.627,9,set,178.86426899262398,OK,1991,2020,30,CHIRPS_v2,UCSB-CHG/CHIRPS/DAILY,1991-2020,IBGE_2024
4200754,Alto Bela Vista,SC,103.433,9,set,167.26800450196257,OK,1991,2020,30,CHIRPS_v2,UCSB-CHG/CHIRPS/DAILY,1991-2020,IBGE_2024
4207700,Ipumirim,SC,246.115,9,set,187.0013541614842,OK,1991,2020,30,CHIRPS_v2,UCSB-CHG/CHIRPS/DAILY,1991-2020,IBGE_2024
4207809,Irani,SC,325.862,9,set,178.2501315845669,OK,1991,2020,30,CHIRPS_v2,UCSB-CHG/CHIRPS/DAILY,1991-2020,IBGE_2024
4208005,Itá,SC,166.265,9,set,170.98325436261615,OK,1991,2020,30,CHIRPS_v2,UCSB-CHG/CHIRPS/DAILY,1991-2020,IBGE_2024
4207601,Ipira,SC,156.187,9,set,173.35930872897183,OK,1991,2020,30,CHIRPS_v2,UCSB-CHG/CHIRPS/DAILY,1991-2020,IBGE_2024
4213906,Presidente Castello Branco,SC,65.433,9,set,175.2659816937143,OK,1991,2020,30,CHIRPS_v2,UCSB-CHG/CHIRPS/DAILY,1991-2020,IBGE_2024
4204459,Coronel Martins,SC,107.502,9,set,161.19219982755948,OK,1991,2020,30,CHIRPS_v2,UCSB-CHG/CHIRPS/DAILY,1991-2020,IBGE_2024
4211850,Ouro Verde,SC,188.568,9,set,178.35821800546856,OK,1991,2020,30,CHIRPS_v2,UCSB-CHG/CHIRPS/DAILY,1991-2020,IBGE_2024
4212270,Passos Maia,SC,617.092,9,set,169.75747416759563,OK,1991,2020,30,CHIRPS_v2,UCSB-CHG/CHIRPS/DAILY,1991-2020,IBGE_2024
4219606,Xavantina,SC,218.032,9,set,190.05621676674218,OK,1991,2020,30,CHIRPS_v2,UCSB-CHG/CHIRPS/DAILY,1991-2020,IBGE_2024
4219507,Xanxerê,SC,377.426,9,set,200.3202523646164,OK,1991,2020,30,CHIRPS_v2,UCSB-CHG/CHIRPS/DAILY,1991-2020,IBGE_2024
4219101,Vargeão,SC,166.685,9,set,177.6519449260699,OK,1991,2020,30,CHIRPS_v2,UCSB-CHG/CHIRPS/DAILY,1991-2020,IBGE_2024
4202537,Bom Jesus,SC,63.883,9,set,183.89503575678583,OK,1991,2020,30,CHIRPS_v2,UCSB-CHG/CHIRPS/DAILY,1991-2020,IBGE_2024
4200101,Abelardo Luz,SC,953.991,9,set,167.61925312534294,OK,1991,2020,30,CHIRPS_v2,UCSB-CHG/CHIRPS/DAILY,1991-2020,IBGE_2024
4216107,São Domingos,SC,367.525,9,set,158.93832618724693,OK,1991,2020,30,CHIRPS_v2,UCSB-CHG/CHIRPS/DAILY,1991-2020,IBGE_2024
4207684,Ipuaçu,SC,261.13,9,set,168.66981929237517,OK,1991,2020,30,CHIRPS_v2,UCSB-CHG/CHIRPS/DAILY,1991-2020,IBGE_2024
4205308,Faxinal dos Guedes,SC,340.07,9,set,190.53589206641053,OK,1991,2020,30,CHIRPS_v2,UCSB-CHG/CHIRPS/DAILY,1991-2020,IBGE_2024
4205175,Entre Rios,SC,103.838,9,set,167.336628073457,OK,1991,2020,30,CHIRPS_v2,UCSB-CHG/CHIRPS/DAILY,1991-2020,IBGE_2024
4213401,Ponte Serrada,SC,560.731,9,set,176.96480898039732,OK,1991,2020,30,CHIRPS_v2,UCSB-CHG/CHIRPS/DAILY,1991-2020,IBGE_2024
4204707,Cunha Porã,SC,220.099,9,set,175.5881532631328,OK,1991,2020,30,CHIRPS_v2,UCSB-CHG/CHIRPS/DAILY,1991-2020,IBGE_2024
4202578,Bom Jesus do Oeste,SC,67.777,9,set,176.37018235528745,OK,1991,2020,30,CHIRPS_v2,UCSB-CHG/CHIRPS/DAILY,1991-2020,IBGE_2024
4210506,Maravilha,SC,170.339,9,set,176.03434046024122,OK,1991,2020,30,CHIRPS_v2,UCSB-CHG/CHIRPS/DAILY,1991-2020,IBGE_2024
4217956,Tigrinhos,SC,56.962,9,set,178.05524803764106,OK,1991,2020,30,CHIRPS_v2,UCSB-CHG/CHIRPS/DAILY,1991-2020,IBGE_2024
4217154,São Miguel da Boa Vista,SC,72.755,9,set,173.6788197435814,OK,1991,2020,30,CHIRPS_v2,UCSB-CHG/CHIRPS/DAILY,1991-2020,IBGE_2024
4207759,Iraceminha,SC,165.147,9,set,170.64801512260337,OK,1991,2020,30,CHIRPS_v2,UCSB-CHG/CHIRPS/DAILY,1991-2020,IBGE_2024
4215687,Santa Terezinha do Progresso,SC,119.653,9,set,176.38264216765106,OK,1991,2020,30,CHIRPS_v2,UCSB-CHG/CHIRPS/DAILY,1991-2020,IBGE_2024
4215356,Saltinho,SC,156.568,9,set,176.69903614311133,OK,1991,2020,30,CHIRPS_v2,UCSB-CHG/CHIRPS/DAILY,1991-2020,IBGE_2024
4205605,Galvão,SC,139.836,9,set,158.27656863544482,OK,1991,2020,30,CHIRPS_v2,UCSB-CHG/CHIRPS/DAILY,1991-2020,IBGE_2024
4203501,Campo Erê,SC,479.161,9,set,179.54666243261616,OK,1991,2020,30,CHIRPS_v2,UCSB-CHG/CHIRPS/DAILY,1991-2020,IBGE_2024
4211652,Novo Horizonte,SC,151.722,9,set,165.95150644750407,OK,1991,2020,30,CHIRPS_v2,UCSB-CHG/CHIRPS/DAILY,1991-2020,IBGE_2024
4216909,São Lourenço do Oeste,SC,356.193,9,set,169.1737845401038,OK,1991,2020,30,CHIRPS_v2,UCSB-CHG/CHIRPS/DAILY,1991-2020,IBGE_2024
4209177,Jupiá,SC,91.448,9,set,161.94674391111957,OK,1991,2020,30,CHIRPS_v2,UCSB-CHG/CHIRPS/DAILY,1991-2020,IBGE_2024
4215752,São Bernardino,SC,149.891,9,set,175.92175472681868,OK,1991,2020,30,CHIRPS_v2,UCSB-CHG/CHIRPS/DAILY,1991-2020,IBGE_2024
4203154,Calmon,SC,636.208,9,set,151.3082117911086,OK,1991,2020,30,CHIRPS_v2,UCSB-CHG/CHIRPS/DAILY,1991-2020,IBGE_2024
4203006,Caçador,SC,983.424,9,set,153.51068018235156,OK,1991,2020,30,CHIRPS_v2,UCSB-CHG/CHIRPS/DAILY,1991-2020,IBGE_2024
4210704,Matos Costa,SC,435.391,9,set,147.92611104023652,OK,1991,2020,30,CHIRPS_v2,UCSB-CHG/CHIRPS/DAILY,1991-2020,IBGE_2024
4210050,Macieira,SC,261.208,9,set,160.0171543139576,OK,1991,2020,30,CHIRPS_v2,UCSB-CHG/CHIRPS/DAILY,1991-2020,IBGE_2024
4218251,Timbó Grande,SC,596.343,9,set,144.69291473365683,OK,1991,2020,30,CHIRPS_v2,UCSB-CHG/CHIRPS/DAILY,1991-2020,IBGE_2024
4209706,Lebon Régis,SC,941.641,9,set,150.4417067958405,OK,1991,2020,30,CHIRPS_v2,UCSB-CHG/CHIRPS/DAILY,1991-2020,IBGE_2024
4205506,Fraiburgo,SC,549.188,9,set,154.2597183225616,OK,1991,2020,30,CHIRPS_v2,UCSB-CHG/CHIRPS/DAILY,1991-2020,IBGE_2024
4213005,Pinheiro Preto,SC,61.012,9,set,157.49150056094913,OK,1991,2020,30,CHIRPS_v2,UCSB-CHG/CHIRPS/DAILY,1991-2020,IBGE_2024
4211058,Monte Carlo,SC,191.278,9,set,158.51934384043244,OK,1991,2020,30,CHIRPS_v2,UCSB-CHG/CHIRPS/DAILY,1991-2020,IBGE_2024
4219309,Videira,SC,384.127,9,set,157.51056086188777,OK,1991,2020,30,CHIRPS_v2,UCSB-CHG/CHIRPS/DAILY,1991-2020,IBGE_2024
4201604,Arroio Trinta,SC,93.53,9,set,156.15464928874434,OK,1991,2020,30,CHIRPS_v2,UCSB-CHG/CHIRPS/DAILY,1991-2020,IBGE_2024
4217907,Tangará,SC,390.044,9,set,160.43674548390837,OK,1991,2020,30,CHIRPS_v2,UCSB-CHG/CHIRPS/DAILY,1991-2020,IBGE_2024
4215406,Salto Veloso,SC,104.974,9,set,159.23517063615662,OK,1991,2020,30,CHIRPS_v2,UCSB-CHG/CHIRPS/DAILY,1991-2020,IBGE_2024
4207577,Iomerê,SC,113.986,9,set,156.41734095079332,OK,1991,2020,30,CHIRPS_v2,UCSB-CHG/CHIRPS/DAILY,1991-2020,IBGE_2024
4206751,Ibiam,SC,146.009,9,set,163.501296292985,OK,1991,2020,30,CHIRPS_v2,UCSB-CHG/CHIRPS/DAILY,1991-2020,IBGE_2024
4214409,Rio das Antas,SC,314.913,9,set,154.05283768217097,OK,1991,2020,30,CHIRPS_v2,UCSB-CHG/CHIRPS/DAILY,1991-2020,IBGE_2024
4204509,Corupá,SC,405.761,9,set,144.55405940145118,OK,1991,2020,30,CHIRPS_v2,UCSB-CHG/CHIRPS/DAILY,1991-2020,IBGE_2024
4201307,Araquari,SC,386.693,9,set,136.8794398451311,OK,1991,2020,30,CHIRPS_v2,UCSB-CHG/CHIRPS/DAILY,1991-2020,IBGE_2024
4208906,Jaraguá do Sul,SC,530.825,9,set,146.63487517460615,OK,1991,2020,30,CHIRPS_v2,UCSB-CHG/CHIRPS/DAILY,1991-2020,IBGE_2024
4209102,Joinville,SC,1127.837,9,set,156.25877177917152,OK,1991,2020,30,CHIRPS_v2,UCSB-CHG/CHIRPS/DAILY,1991-2020,IBGE_2024
4217402,Schroeder,SC,165.237,9,set,152.65749353274072,OK,1991,2020,30,CHIRPS_v2,UCSB-CHG/CHIRPS/DAILY,1991-2020,IBGE_2024
4206504,Guaramirim,SC,267.514,9,set,143.13252893804258,OK,1991,2020,30,CHIRPS_v2,UCSB-CHG/CHIRPS/DAILY,1991-2020,IBGE_2024
4202057,Balneário Barra do Sul,SC,108.914,9,set,136.58774118894678,OK,1991,2020,30,CHIRPS_v2,UCSB-CHG/CHIRPS/DAILY,1991-2020,IBGE_2024
4210605,Massaranduba,SC,374.452,9,set,140.4133251190068,OK,1991,2020,30,CHIRPS_v2,UCSB-CHG/CHIRPS/DAILY,1991-2020,IBGE_2024
4208450,Itapoá,SC,245.529,9,set,156.06054729407356,OK,1991,2020,30,CHIRPS_v2,UCSB-CHG/CHIRPS/DAILY,1991-2020,IBGE_2024
4216354,São João do Itaperiú,SC,151.885,9,set,131.75404254768355,OK,1991,2020,30,CHIRPS_v2,UCSB-CHG/CHIRPS/DAILY,1991-2020,IBGE_2024
4216206,São Francisco do Sul,SC,493.266,9,set,153.8844000091196,OK,1991,2020,30,CHIRPS_v2,UCSB-CHG/CHIRPS/DAILY,1991-2020,IBGE_2024
4205803,Garuva,SC,508.635,9,set,159.7336805355378,OK,1991,2020,30,CHIRPS_v2,UCSB-CHG/CHIRPS/DAILY,1991-2020,IBGE_2024
4213609,Porto União,SC,849.014,9,set,147.49127582777498,OK,1991,2020,30,CHIRPS_v2,UCSB-CHG/CHIRPS/DAILY,1991-2020,IBGE_2024
4203808,Canoinhas,SC,1148.036,9,set,142.51061961963248,OK,1991,2020,30,CHIRPS_v2,UCSB-CHG/CHIRPS/DAILY,1991-2020,IBGE_2024
4212205,Papanduva,SC,764.737,9,set,137.598200109637,OK,1991,2020,30,CHIRPS_v2,UCSB-CHG/CHIRPS/DAILY,1991-2020,IBGE_2024
4211108,Monte Castelo,SC,560.743,9,set,140.4115401245825,OK,1991,2020,30,CHIRPS_v2,UCSB-CHG/CHIRPS/DAILY,1991-2020,IBGE_2024
4210308,Major Vieira,SC,520.816,9,set,139.574128375683,OK,1991,2020,30,CHIRPS_v2,UCSB-CHG/CHIRPS/DAILY,1991-2020,IBGE_2024
4202131,Bela Vista do Toldo,SC,535.682,9,set,140.20674889447247,OK,1991,2020,30,CHIRPS_v2,UCSB-CHG/CHIRPS/DAILY,1991-2020,IBGE_2024
4218301,Três Barras,SC,436.496,9,set,139.7620935720416,OK,1991,2020,30,CHIRPS_v2,UCSB-CHG/CHIRPS/DAILY,1991-2020,IBGE_2024
4210100,Mafra,SC,1404.084,9,set,132.3344874255743,OK,1991,2020,30,CHIRPS_v2,UCSB-CHG/CHIRPS/DAILY,1991-2020,IBGE_2024
4207908,Irineópolis,SC,589.698,9,set,140.18252951471905,OK,1991,2020,30,CHIRPS_v2,UCSB-CHG/CHIRPS/DAILY,1991-2020,IBGE_2024
4208104,Itaiópolis,SC,1297.543,9,set,134.10105770680607,OK,1991,2020,30,CHIRPS_v2,UCSB-CHG/CHIRPS/DAILY,1991-2020,IBGE_2024
4215802,São Bento do Sul,SC,495.001,9,set,140.34241547868405,OK,1991,2020,30,CHIRPS_v2,UCSB-CHG/CHIRPS/DAILY,1991-2020,IBGE_2024
4215000,Rio Negrinho,SC,907.42,9,set,137.78763053639764,OK,1991,2020,30,CHIRPS_v2,UCSB-CHG/CHIRPS/DAILY,1991-2020,IBGE_2024
4203303,Campo Alegre,SC,500.174,9,set,145.6036162932861,OK,1991,2020,30,CHIRPS_v2,UCSB-CHG/CHIRPS/DAILY,1991-2020,IBGE_2024
4202404,Blumenau,SC,518.635,9,set,143.5833358261871,OK,1991,2020,30,CHIRPS_v2,UCSB-CHG/CHIRPS/DAILY,1991-2020,IBGE_2024
4207502,Indaial,SC,430.799,9,set,140.59206217248084,OK,1991,2020,30,CHIRPS_v2,UCSB-CHG/CHIRPS/DAILY,1991-2020,IBGE_2024
4207106,Ilhota,SC,253.024,9,set,139.845288517884,OK,1991,2020,30,CHIRPS_v2,UCSB-CHG/CHIRPS/DAILY,1991-2020,IBGE_2024
4205902,Gaspar,SC,386.599,9,set,147.04998621986383,OK,1991,2020,30,CHIRPS_v2,UCSB-CHG/CHIRPS/DAILY,1991-2020,IBGE_2024
4213203,Pomerode,SC,214.299,9,set,138.79986721684764,OK,1991,2020,30,CHIRPS_v2,UCSB-CHG/CHIRPS/DAILY,1991-2020,IBGE_2024
4202206,Benedito Novo,SC,388.291,9,set,139.6732611230756,OK,1991,2020,30,CHIRPS_v2,UCSB-CHG/CHIRPS/DAILY,1991-2020,IBGE_2024
4201703,Ascurra,SC,112.884,9,set,136.2718480632901,OK,1991,2020,30,CHIRPS_v2,UCSB-CHG/CHIRPS/DAILY,1991-2020,IBGE_2024
4218202,Timbó,SC,128.313,9,set,137.50238007749178,OK,1991,2020,30,CHIRPS_v2,UCSB-CHG/CHIRPS/DAILY,1991-2020,IBGE_2024
4201257,Apiúna,SC,493.49,9,set,140.30304853234847,OK,1991,2020,30,CHIRPS_v2,UCSB-CHG/CHIRPS/DAILY,1991-2020,IBGE_2024
4215109,Rodeio,SC,129.001,9,set,138.07875052232654,OK,1991,2020,30,CHIRPS_v2,UCSB-CHG/CHIRPS/DAILY,1991-2020,IBGE_2024
4214706,Rio dos Cedros,SC,555.473,9,set,141.79013328307659,OK,1991,2020,30,CHIRPS_v2,UCSB-CHG/CHIRPS/DAILY,1991-2020,IBGE_2024
4205159,Doutor Pedrinho,SC,374.205,9,set,141.3659085095665,OK,1991,2020,30,CHIRPS_v2,UCSB-CHG/CHIRPS/DAILY,1991-2020,IBGE_2024
4212809,Balneário Piçarras,SC,99.11,9,set,131.6771630863688,OK,1991,2020,30,CHIRPS_v2,UCSB-CHG/CHIRPS/DAILY,1991-2020,IBGE_2024
4212502,Penha,SC,57.997,9,set,131.11052187182804,OK,1991,2020,30,CHIRPS_v2,UCSB-CHG/CHIRPS/DAILY,1991-2020,IBGE_2024
4211306,Navegantes,SC,111.377,9,set,132.85419404355548,OK,1991,2020,30,CHIRPS_v2,UCSB-CHG/CHIRPS/DAILY,1991-2020,IBGE_2024
4203204,Camboriú,SC,210.568,9,set,136.24707581803315,OK,1991,2020,30,CHIRPS_v2,UCSB-CHG/CHIRPS/DAILY,1991-2020,IBGE_2024
4202107,Barra Velha,SC,138.947,9,set,127.69184389071215,OK,1991,2020,30,CHIRPS_v2,UCSB-CHG/CHIRPS/DAILY,1991-2020,IBGE_2024
4202008,Balneário Camboriú,SC,45.214,9,set,124.86538352550394,OK,1991,2020,30,CHIRPS_v2,UCSB-CHG/CHIRPS/DAILY,1991-2020,IBGE_2024
4208203,Itajaí,SC,289.215,9,set,137.35198179846327,OK,1991,2020,30,CHIRPS_v2,UCSB-CHG/CHIRPS/DAILY,1991-2020,IBGE_2024
4202453,Bombinhas,SC,35.143,9,set,134.17668807400835,OK,1991,2020,30,CHIRPS_v2,UCSB-CHG/CHIRPS/DAILY,1991-2020,IBGE_2024
4218004,Tijucas,SC,279.262,9,set,140.59264581331402,OK,1991,2020,30,CHIRPS_v2,UCSB-CHG/CHIRPS/DAILY,1991-2020,IBGE_2024
4210001,Luiz Alves,SC,260.106,9,set,136.66710259660738,OK,1991,2020,30,CHIRPS_v2,UCSB-CHG/CHIRPS/DAILY,1991-2020,IBGE_2024
4208302,Itapema,SC,58.21,9,set,133.44720923001032,OK,1991,2020,30,CHIRPS_v2,UCSB-CHG/CHIRPS/DAILY,1991-2020,IBGE_2024
4213500,Porto Belo,SC,93.674,9,set,136.04970917964337,OK,1991,2020,30,CHIRPS_v2,UCSB-CHG/CHIRPS/DAILY,1991-2020,IBGE_2024
4202701,Botuverá,SC,296.256,9,set,147.98697804908554,OK,1991,2020,30,CHIRPS_v2,UCSB-CHG/CHIRPS/DAILY,1991-2020,IBGE_2024
4202909,Brusque,SC,284.675,9,set,154.2305670628001,OK,1991,2020,30,CHIRPS_v2,UCSB-CHG/CHIRPS/DAILY,1991-2020,IBGE_2024
4206306,Guabiruba,SC,172.173,9,set,151.79649273045143,OK,1991,2020,30,CHIRPS_v2,UCSB-CHG/CHIRPS/DAILY,1991-2020,IBGE_2024
4203709,Canelinha,SC,150.904,9,set,146.71715458928088,OK,1991,2020,30,CHIRPS_v2,UCSB-CHG/CHIRPS/DAILY,1991-2020,IBGE_2024
4211504,Nova Trento,SC,402.852,9,set,149.97382042363185,OK,1991,2020,30,CHIRPS_v2,UCSB-CHG/CHIRPS/DAILY,1991-2020,IBGE_2024
4210209,Major Gercino,SC,306.058,9,set,150.68716954020516,OK,1991,2020,30,CHIRPS_v2,UCSB-CHG/CHIRPS/DAILY,1991-2020,IBGE_2024
4216305,São João Batista,SC,200.765,9,set,146.15441159602585,OK,1991,2020,30,CHIRPS_v2,UCSB-CHG/CHIRPS/DAILY,1991-2020,IBGE_2024
4210852,Mirim Doce,SC,337.991,9,set,144.65459375289845,OK,1991,2020,30,CHIRPS_v2,UCSB-CHG/CHIRPS/DAILY,1991-2020,IBGE_2024
4202859,Braço do Trombudo,SC,89.411,9,set,144.61421577476935,OK,1991,2020,30,CHIRPS_v2,UCSB-CHG/CHIRPS/DAILY,1991-2020,IBGE_2024
4218608,Trombudo Central,SC,109.648,9,set,140.39567100001767,OK,1991,2020,30,CHIRPS_v2,UCSB-CHG/CHIRPS/DAILY,1991-2020,IBGE_2024
4209904,Lontras,SC,197.586,9,set,137.35421984020917,OK,1991,2020,30,CHIRPS_v2,UCSB-CHG/CHIRPS/DAILY,1991-2020,IBGE_2024
4201802,Atalanta,SC,94.383,9,set,146.1904615466231,OK,1991,2020,30,CHIRPS_v2,UCSB-CHG/CHIRPS/DAILY,1991-2020,IBGE_2024
4201901,Aurora,SC,207.045,9,set,140.22803814620767,OK,1991,2020,30,CHIRPS_v2,UCSB-CHG/CHIRPS/DAILY,1991-2020,IBGE_2024
4217808,Taió,SC,693.847,9,set,139.88679891534335,OK,1991,2020,30,CHIRPS_v2,UCSB-CHG/CHIRPS/DAILY,1991-2020,IBGE_2024
4209508,Laurentino,SC,79.333,9,set,134.71815320769758,OK,1991,2020,30,CHIRPS_v2,UCSB-CHG/CHIRPS/DAILY,1991-2020,IBGE_2024
4200200,Agrolândia,SC,206.815,9,set,148.86168451425726,OK,1991,2020,30,CHIRPS_v2,UCSB-CHG/CHIRPS/DAILY,1991-2020,IBGE_2024
4200309,Agronômica,SC,129.774,9,set,140.30890100452385,OK,1991,2020,30,CHIRPS_v2,UCSB-CHG/CHIRPS/DAILY,1991-2020,IBGE_2024
4215679,Santa Terezinha,SC,715.551,9,set,135.22999408914387,OK,1991,2020,30,CHIRPS_v2,UCSB-CHG/CHIRPS/DAILY,1991-2020,IBGE_2024
4215307,Salete,SC,177.887,9,set,135.85031353775176,OK,1991,2020,30,CHIRPS_v2,UCSB-CHG/CHIRPS/DAILY,1991-2020,IBGE_2024
4214508,Rio do Campo,SC,502.095,9,set,138.01809242281507,OK,1991,2020,30,CHIRPS_v2,UCSB-CHG/CHIRPS/DAILY,1991-2020,IBGE_2024
4214805,Rio do Sul,SC,260.817,9,set,135.11692885355254,OK,1991,2020,30,CHIRPS_v2,UCSB-CHG/CHIRPS/DAILY,1991-2020,IBGE_2024
4214607,Rio do Oeste,SC,245.057,9,set,135.49633577626966,OK,1991,2020,30,CHIRPS_v2,UCSB-CHG/CHIRPS/DAILY,1991-2020,IBGE_2024
4214102,Presidente Nereu,SC,224.748,9,set,145.55140761469232,OK,1991,2020,30,CHIRPS_v2,UCSB-CHG/CHIRPS/DAILY,1991-2020,IBGE_2024
4213708,Pouso Redondo,SC,356.539,9,set,140.68192205818082,OK,1991,2020,30,CHIRPS_v2,UCSB-CHG/CHIRPS/DAILY,1991-2020,IBGE_2024
4205100,Dona Emma,SC,178.157,9,set,132.87582520481976,OK,1991,2020,30,CHIRPS_v2,UCSB-CHG/CHIRPS/DAILY,1991-2020,IBGE_2024
4219358,Vitor Meireles,SC,370.414,9,set,133.31945416466806,OK,1991,2020,30,CHIRPS_v2,UCSB-CHG/CHIRPS/DAILY,1991-2020,IBGE_2024
4219408,Witmarsum,SC,153.776,9,set,133.19640333967777,OK,1991,2020,30,CHIRPS_v2,UCSB-CHG/CHIRPS/DAILY,1991-2020,IBGE_2024
4209151,José Boiteux,SC,405.552,9,set,134.8920700944672,OK,1991,2020,30,CHIRPS_v2,UCSB-CHG/CHIRPS/DAILY,1991-2020,IBGE_2024
4206900,Ibirama,SC,247.102,9,set,134.58520371749597,OK,1991,2020,30,CHIRPS_v2,UCSB-CHG/CHIRPS/DAILY,1991-2020,IBGE_2024
4214003,Presidente Getúlio,SC,297.16,9,set,133.60475635545257,OK,1991,2020,30,CHIRPS_v2,UCSB-CHG/CHIRPS/DAILY,1991-2020,IBGE_2024
4204194,Chapadão do Lageado,SC,124.866,9,set,156.0298991530245,OK,1991,2020,30,CHIRPS_v2,UCSB-CHG/CHIRPS/DAILY,1991-2020,IBGE_2024
4212700,Petrolândia,SC,306.76,9,set,153.47196154399307,OK,1991,2020,30,CHIRPS_v2,UCSB-CHG/CHIRPS/DAILY,1991-2020,IBGE_2024
4219200,Vidal Ramos,SC,346.932,9,set,147.51220263817854,OK,1991,2020,30,CHIRPS_v2,UCSB-CHG/CHIRPS/DAILY,1991-2020,IBGE_2024
4209805,Leoberto Leal,SC,293.6,9,set,148.88813247838368,OK,1991,2020,30,CHIRPS_v2,UCSB-CHG/CHIRPS/DAILY,1991-2020,IBGE_2024
4208500,Ituporanga,SC,336.588,9,set,147.31579686559215,OK,1991,2020,30,CHIRPS_v2,UCSB-CHG/CHIRPS/DAILY,1991-2020,IBGE_2024
4207403,Imbuia,SC,119.113,9,set,148.8069361034626,OK,1991,2020,30,CHIRPS_v2,UCSB-CHG/CHIRPS/DAILY,1991-2020,IBGE_2024
4301909,Barra do Ribeiro,RS,729.316,9,set,145.16051863905994,OK,1991,2020,30,CHIRPS_v2,UCSB-CHG/CHIRPS/DAILY,1991-2020,IBGE_2024
4301750,Barão do Triunfo,RS,436.101,9,set,160.7299251049181,OK,1991,2020,30,CHIRPS_v2,UCSB-CHG/CHIRPS/DAILY,1991-2020,IBGE_2024
4301107,Arroio dos Ratos,RS,425.791,9,set,153.66099718660072,OK,1991,2020,30,CHIRPS_v2,UCSB-CHG/CHIRPS/DAILY,1991-2020,IBGE_2024
4317608,Santo Antônio da Patrulha,RS,1049.583,9,set,142.18105199970728,OK,1991,2020,30,CHIRPS_v2,UCSB-CHG/CHIRPS/DAILY,1991-2020,IBGE_2024
4321352,Tavares,RS,610.107,9,set,146.02133106910716,OK,1991,2020,30,CHIRPS_v2,UCSB-CHG/CHIRPS/DAILY,1991-2020,IBGE_2024
4313656,Palmares do Sul,RS,949.201,9,set,137.841215031549,OK,1991,2020,30,CHIRPS_v2,UCSB-CHG/CHIRPS/DAILY,1991-2020,IBGE_2024
4304671,Capivari do Sul,RS,412.889,9,set,136.3060265520846,OK,1991,2020,30,CHIRPS_v2,UCSB-CHG/CHIRPS/DAILY,1991-2020,IBGE_2024
4304713,Caraá,RS,294.606,9,set,154.09935676546985,OK,1991,2020,30,CHIRPS_v2,UCSB-CHG/CHIRPS/DAILY,1991-2020,IBGE_2024
4320552,Sertão Santana,RS,252.013,9,set,152.66510929316274,OK,1991,2020,30,CHIRPS_v2,UCSB-CHG/CHIRPS/DAILY,1991-2020,IBGE_2024
4312500,Mostardas,RS,1977.442,9,set,143.1054178456505,OK,1991,2020,30,CHIRPS_v2,UCSB-CHG/CHIRPS/DAILY,1991-2020,IBGE_2024
4311981,Mariana Pimentel,RS,338.45,9,set,152.25171373183605,OK,1991,2020,30,CHIRPS_v2,UCSB-CHG/CHIRPS/DAILY,1991-2020,IBGE_2024
4309209,Gravataí,RS,468.288,9,set,143.3280216971852,OK,1991,2020,30,CHIRPS_v2,UCSB-CHG/CHIRPS/DAILY,1991-2020,IBGE_2024
4309308,Guaíba,RS,377.664,9,set,147.5568391965154,OK,1991,2020,30,CHIRPS_v2,UCSB-CHG/CHIRPS/DAILY,1991-2020,IBGE_2024
4300604,Alvorada,RS,71.702,9,set,141.10913213464707,OK,1991,2020,30,CHIRPS_v2,UCSB-CHG/CHIRPS/DAILY,1991-2020,IBGE_2024
4309050,Glorinha,RS,323.955,9,set,142.96837091818955,OK,1991,2020,30,CHIRPS_v2,UCSB-CHG/CHIRPS/DAILY,1991-2020,IBGE_2024
4307708,Esteio,RS,27.676,9,set,143.34294824605206,OK,1991,2020,30,CHIRPS_v2,UCSB-CHG/CHIRPS/DAILY,1991-2020,IBGE_2024
4314902,Porto Alegre,RS,495.977,9,set,140.94660786814106,OK,1991,2020,30,CHIRPS_v2,UCSB-CHG/CHIRPS/DAILY,1991-2020,IBGE_2024
4323002,Viamão,RS,1496.019,9,set,138.63335586843647,OK,1991,2020,30,CHIRPS_v2,UCSB-CHG/CHIRPS/DAILY,1991-2020,IBGE_2024
4306767,Eldorado do Sul,RS,509.632,9,set,148.02331179250461,OK,1991,2020,30,CHIRPS_v2,UCSB-CHG/CHIRPS/DAILY,1991-2020,IBGE_2024
4313375,Nova Santa Rita,RS,217.636,9,set,147.11830047732104,OK,1991,2020,30,CHIRPS_v2,UCSB-CHG/CHIRPS/DAILY,1991-2020,IBGE_2024
4304606,Canoas,RS,130.774,9,set,141.39324448946303,OK,1991,2020,30,CHIRPS_v2,UCSB-CHG/CHIRPS/DAILY,1991-2020,IBGE_2024
4320008,Sapucaia do Sul,RS,58.247,9,set,143.2207042786418,OK,1991,2020,30,CHIRPS_v2,UCSB-CHG/CHIRPS/DAILY,1991-2020,IBGE_2024
4303103,Cachoeirinha,RS,43.76,9,set,140.04399738992686,OK,1991,2020,30,CHIRPS_v2,UCSB-CHG/CHIRPS/DAILY,1991-2020,IBGE_2024
4302352,Bom Princípio,RS,90.023,9,set,155.07639552029684,OK,1991,2020,30,CHIRPS_v2,UCSB-CHG/CHIRPS/DAILY,1991-2020,IBGE_2024
4309555,Harmonia,RS,48.547,9,set,153.29812345432248,OK,1991,2020,30,CHIRPS_v2,UCSB-CHG/CHIRPS/DAILY,1991-2020,IBGE_2024
4316956,Santa Maria do Herval,RS,140.442,9,set,168.9189053858862,OK,1991,2020,30,CHIRPS_v2,UCSB-CHG/CHIRPS/DAILY,1991-2020,IBGE_2024
4322251,Tupandi,RS,59.406,9,set,157.91716092844828,OK,1991,2020,30,CHIRPS_v2,UCSB-CHG/CHIRPS/DAILY,1991-2020,IBGE_2024
4311643,Linha Nova,RS,63.46,9,set,158.05268776021717,OK,1991,2020,30,CHIRPS_v2,UCSB-CHG/CHIRPS/DAILY,1991-2020,IBGE_2024
4319752,São Vendelino,RS,31.899,9,set,168.46125690170365,OK,1991,2020,30,CHIRPS_v2,UCSB-CHG/CHIRPS/DAILY,1991-2020,IBGE_2024
4318481,São José do Hortêncio,RS,63.705,9,set,152.94642888572795,OK,1991,2020,30,CHIRPS_v2,UCSB-CHG/CHIRPS/DAILY,1991-2020,IBGE_2024
4318705,São Leopoldo,RS,103.009,9,set,147.17777049507825,OK,1991,2020,30,CHIRPS_v2,UCSB-CHG/CHIRPS/DAILY,1991-2020,IBGE_2024
4300877,Araricá,RS,35.195,9,set,147.75592263795363,OK,1991,2020,30,CHIRPS_v2,UCSB-CHG/CHIRPS/DAILY,1991-2020,IBGE_2024
4307609,Estância Velha,RS,51.779,9,set,152.26702951375285,OK,1991,2020,30,CHIRPS_v2,UCSB-CHG/CHIRPS/DAILY,1991-2020,IBGE_2024
4314803,Portão,RS,159.307,9,set,151.93516138490344,OK,1991,2020,30,CHIRPS_v2,UCSB-CHG/CHIRPS/DAILY,1991-2020,IBGE_2024
4315149,Presidente Lucena,RS,49.625,9,set,153.69718104640322,OK,1991,2020,30,CHIRPS_v2,UCSB-CHG/CHIRPS/DAILY,1991-2020,IBGE_2024
4306403,Dois Irmãos,RS,67.509,9,set,151.49405953261387,OK,1991,2020,30,CHIRPS_v2,UCSB-CHG/CHIRPS/DAILY,1991-2020,IBGE_2024
4313409,Novo Hamburgo,RS,222.548,9,set,146.09977102147428,OK,1991,2020,30,CHIRPS_v2,UCSB-CHG/CHIRPS/DAILY,1991-2020,IBGE_2024
4304689,Capela de Santana,RS,182.672,9,set,151.78874197259523,OK,1991,2020,30,CHIRPS_v2,UCSB-CHG/CHIRPS/DAILY,1991-2020,IBGE_2024
4313060,Nova Hartz,RS,62.088,9,set,154.2400560190025,OK,1991,2020,30,CHIRPS_v2,UCSB-CHG/CHIRPS/DAILY,1991-2020,IBGE_2024
4312476,Morro Reuter,RS,87.032,9,set,163.39290161442455,OK,1991,2020,30,CHIRPS_v2,UCSB-CHG/CHIRPS/DAILY,1991-2020,IBGE_2024
4311627,Lindolfo Collor,RS,33.348,9,set,151.37670386392875,OK,1991,2020,30,CHIRPS_v2,UCSB-CHG/CHIRPS/DAILY,1991-2020,IBGE_2024
4319901,Sapiranga,RS,137.759,9,set,151.39563102175143,OK,1991,2020,30,CHIRPS_v2,UCSB-CHG/CHIRPS/DAILY,1991-2020,IBGE_2024
4303905,Campo Bom,RS,60.562,9,set,145.53046005918392,OK,1991,2020,30,CHIRPS_v2,UCSB-CHG/CHIRPS/DAILY,1991-2020,IBGE_2024
4319505,São Sebastião do Caí,RS,113.067,9,set,151.1710139954681,OK,1991,2020,30,CHIRPS_v2,UCSB-CHG/CHIRPS/DAILY,1991-2020,IBGE_2024
4310801,Ivoti,RS,63.092,9,set,151.1074584938242,OK,1991,2020,30,CHIRPS_v2,UCSB-CHG/CHIRPS/DAILY,1991-2020,IBGE_2024
4310330,Imbé,RS,39.766,9,set,140.96839375962725,OK,1991,2020,30,CHIRPS_v2,UCSB-CHG/CHIRPS/DAILY,1991-2020,IBGE_2024
4321600,Tramandaí,RS,142.878,9,set,141.87045400585328,OK,1991,2020,30,CHIRPS_v2,UCSB-CHG/CHIRPS/DAILY,1991-2020,IBGE_2024
4313508,Osório,RS,663.878,9,set,144.98935859983808,OK,1991,2020,30,CHIRPS_v2,UCSB-CHG/CHIRPS/DAILY,1991-2020,IBGE_2024
4301636,Balneário Pinhal,RS,102.387,9,set,137.19736100260175,OK,1991,2020,30,CHIRPS_v2,UCSB-CHG/CHIRPS/DAILY,1991-2020,IBGE_2024
4323804,Xangri-lá,RS,60.756,9,set,142.49115508211585,OK,1991,2020,30,CHIRPS_v2,UCSB-CHG/CHIRPS/DAILY,1991-2020,IBGE_2024
4321436,Terra de Areia,RS,142.304,9,set,151.17203169651992,OK,1991,2020,30,CHIRPS_v2,UCSB-CHG/CHIRPS/DAILY,1991-2020,IBGE_2024
4305454,Cidreira,RS,243.419,9,set,139.71750627558504,OK,1991,2020,30,CHIRPS_v2,UCSB-CHG/CHIRPS/DAILY,1991-2020,IBGE_2024
4304630,Capão da Canoa,RS,98.383,9,set,141.9083248892025,OK,1991,2020,30,CHIRPS_v2,UCSB-CHG/CHIRPS/DAILY,1991-2020,IBGE_2024
4311775,Maquiné,RS,613.58,9,set,160.9124294104851,OK,1991,2020,30,CHIRPS_v2,UCSB-CHG/CHIRPS/DAILY,1991-2020,IBGE_2024
4310652,Itati,RS,205.06,9,set,174.77229476189817,OK,1991,2020,30,CHIRPS_v2,UCSB-CHG/CHIRPS/DAILY,1991-2020,IBGE_2024
4310108,Igrejinha,RS,138.116,9,set,152.59508287893033,OK,1991,2020,30,CHIRPS_v2,UCSB-CHG/CHIRPS/DAILY,1991-2020,IBGE_2024
4314050,Parobé,RS,108.56,9,set,145.06599908342417,OK,1991,2020,30,CHIRPS_v2,UCSB-CHG/CHIRPS/DAILY,1991-2020,IBGE_2024
4321709,Três Coroas,RS,168.124,9,set,157.85334469862283,OK,1991,2020,30,CHIRPS_v2,UCSB-CHG/CHIRPS/DAILY,1991-2020,IBGE_2024
4321204,Taquara,RS,450.195,9,set,147.56267019650952,OK,1991,2020,30,CHIRPS_v2,UCSB-CHG/CHIRPS/DAILY,1991-2020,IBGE_2024
4315750,Riozinho,RS,239.09,9,set,164.69071985342092,OK,1991,2020,30,CHIRPS_v2,UCSB-CHG/CHIRPS/DAILY,1991-2020,IBGE_2024
4316006,Rolante,RS,296.09,9,set,152.93968106807097,OK,1991,2020,30,CHIRPS_v2,UCSB-CHG/CHIRPS/DAILY,1991-2020,IBGE_2024
4300851,Arambaré,RS,518.193,9,set,148.530425433258,OK,1991,2020,30,CHIRPS_v2,UCSB-CHG/CHIRPS/DAILY,1991-2020,IBGE_2024
4300638,Amaral Ferrador,RS,506.071,9,set,155.53640960193349,OK,1991,2020,30,CHIRPS_v2,UCSB-CHG/CHIRPS/DAILY,1991-2020,IBGE_2024
4306056,Cristal,RS,679.743,9,set,153.86310475412324,OK,1991,2020,30,CHIRPS_v2,UCSB-CHG/CHIRPS/DAILY,1991-2020,IBGE_2024
4306502,Dom Feliciano,RS,1355.195,9,set,154.27240768865644,OK,1991,2020,30,CHIRPS_v2,UCSB-CHG/CHIRPS/DAILY,1991-2020,IBGE_2024
4305173,Cerro Grande do Sul,RS,324.908,9,set,154.40530198369146,OK,1991,2020,30,CHIRPS_v2,UCSB-CHG/CHIRPS/DAILY,1991-2020,IBGE_2024
4305447,Chuvisca,RS,220.471,9,set,154.51229010886004,OK,1991,2020,30,CHIRPS_v2,UCSB-CHG/CHIRPS/DAILY,1991-2020,IBGE_2024
4321105,Tapes,RS,805.452,9,set,146.41580135313308,OK,1991,2020,30,CHIRPS_v2,UCSB-CHG/CHIRPS/DAILY,1991-2020,IBGE_2024
4320354,Sentinela do Sul,RS,282.13,9,set,149.20578911868515,OK,1991,2020,30,CHIRPS_v2,UCSB-CHG/CHIRPS/DAILY,1991-2020,IBGE_2024
4303509,Camaquã,RS,1678.991,9,set,151.64007630367342,OK,1991,2020,30,CHIRPS_v2,UCSB-CHG/CHIRPS/DAILY,1991-2020,IBGE_2024
4302709,Butiá,RS,752.187,9,set,154.34535290213068,OK,1991,2020,30,CHIRPS_v2,UCSB-CHG/CHIRPS/DAILY,1991-2020,IBGE_2024
4318408,São Jerônimo,RS,935.595,9,set,157.16005658976903,OK,1991,2020,30,CHIRPS_v2,UCSB-CHG/CHIRPS/DAILY,1991-2020,IBGE_2024
4308805,General Câmara,RS,510.01,9,set,152.37996919255284,OK,1991,2020,30,CHIRPS_v2,UCSB-CHG/CHIRPS/DAILY,1991-2020,IBGE_2024
4322004,Triunfo,RS,818.221,9,set,148.65430812033372,OK,1991,2020,30,CHIRPS_v2,UCSB-CHG/CHIRPS/DAILY,1991-2020,IBGE_2024
4305355,Charqueadas,RS,217.362,9,set,148.33098755958807,OK,1991,2020,30,CHIRPS_v2,UCSB-CHG/CHIRPS/DAILY,1991-2020,IBGE_2024
4312252,Minas do Leão,RS,424.339,9,set,153.1408063787592,OK,1991,2020,30,CHIRPS_v2,UCSB-CHG/CHIRPS/DAILY,1991-2020,IBGE_2024
4318614,São José do Sul,RS,54.764,9,set,154.2722956365044,OK,1991,2020,30,CHIRPS_v2,UCSB-CHG/CHIRPS/DAILY,1991-2020,IBGE_2024
4316501,Salvador do Sul,RS,99.026,9,set,158.29110113800212,OK,1991,2020,30,CHIRPS_v2,UCSB-CHG/CHIRPS/DAILY,1991-2020,IBGE_2024
4314035,Pareci Novo,RS,57.5,9,set,152.07610606831798,OK,1991,2020,30,CHIRPS_v2,UCSB-CHG/CHIRPS/DAILY,1991-2020,IBGE_2024
4312401,Montenegro,RS,425.159,9,set,153.43769311867268,OK,1991,2020,30,CHIRPS_v2,UCSB-CHG/CHIRPS/DAILY,1991-2020,IBGE_2024
4311791,Maratá,RS,82.063,9,set,153.18909254335557,OK,1991,2020,30,CHIRPS_v2,UCSB-CHG/CHIRPS/DAILY,1991-2020,IBGE_2024
4319356,São Pedro da Serra,RS,37.631,9,set,163.1382897386324,OK,1991,2020,30,CHIRPS_v2,UCSB-CHG/CHIRPS/DAILY,1991-2020,IBGE_2024
4302659,Brochier,RS,105.353,9,set,155.85777437786155,OK,1991,2020,30,CHIRPS_v2,UCSB-CHG/CHIRPS/DAILY,1991-2020,IBGE_2024
4301057,Arroio do Sal,RS,119.161,9,set,143.3165872727063,OK,1991,2020,30,CHIRPS_v2,UCSB-CHG/CHIRPS/DAILY,1991-2020,IBGE_2024
4306551,Dom Pedro de Alcântara,RS,78.216,9,set,146.4616485330198,OK,1991,2020,30,CHIRPS_v2,UCSB-CHG/CHIRPS/DAILY,1991-2020,IBGE_2024
4321501,Torres,RS,161.63,9,set,144.73485951030585,OK,1991,2020,30,CHIRPS_v2,UCSB-CHG/CHIRPS/DAILY,1991-2020,IBGE_2024
4321832,Três Forquilhas,RS,217.386,9,set,162.45416691268323,OK,1991,2020,30,CHIRPS_v2,UCSB-CHG/CHIRPS/DAILY,1991-2020,IBGE_2024
4321667,Três Cachoeiras,RS,251.483,9,set,151.87108902518784,OK,1991,2020,30,CHIRPS_v2,UCSB-CHG/CHIRPS/DAILY,1991-2020,IBGE_2024
4312443,Morrinhos do Sul,RS,166.224,9,set,163.60907718984942,OK,1991,2020,30,CHIRPS_v2,UCSB-CHG/CHIRPS/DAILY,1991-2020,IBGE_2024
4311734,Mampituba,RS,156.653,9,set,163.30472769694853,OK,1991,2020,30,CHIRPS_v2,UCSB-CHG/CHIRPS/DAILY,1991-2020,IBGE_2024
4301073,Arroio do Padre,RS,124.693,9,set,151.3303113210491,OK,1991,2020,30,CHIRPS_v2,UCSB-CHG/CHIRPS/DAILY,1991-2020,IBGE_2024
4315602,Rio Grande,RS,2682.85,9,set,129.35351132859807,OK,1991,2020,30,CHIRPS_v2,UCSB-CHG/CHIRPS/DAILY,1991-2020,IBGE_2024
4314407,Pelotas,RS,1608.78,9,set,148.97463613675825,OK,1991,2020,30,CHIRPS_v2,UCSB-CHG/CHIRPS/DAILY,1991-2020,IBGE_2024
4304663,Capão do Leão,RS,783.197,9,set,143.67226428129595,OK,1991,2020,30,CHIRPS_v2,UCSB-CHG/CHIRPS/DAILY,1991-2020,IBGE_2024
4311007,Jaguarão,RS,2051.845,9,set,123.4702674154804,OK,1991,2020,30,CHIRPS_v2,UCSB-CHG/CHIRPS/DAILY,1991-2020,IBGE_2024
4318507,São José do Norte,RS,1072.338,9,set,134.47904132831914,OK,1991,2020,30,CHIRPS_v2,UCSB-CHG/CHIRPS/DAILY,1991-2020,IBGE_2024
4317301,Santa Vitória do Palmar,RS,5206.977,9,set,112.96742757208168,OK,1991,2020,30,CHIRPS_v2,UCSB-CHG/CHIRPS/DAILY,1991-2020,IBGE_2024
4301305,Arroio Grande,RS,2508.557,9,set,122.63329368855949,OK,1991,2020,30,CHIRPS_v2,UCSB-CHG/CHIRPS/DAILY,1991-2020,IBGE_2024
4307104,Herval,RS,1759.717,9,set,125.5004119405369,OK,1991,2020,30,CHIRPS_v2,UCSB-CHG/CHIRPS/DAILY,1991-2020,IBGE_2024
4314209,Pedro Osório,RS,603.757,9,set,130.7260810277774,OK,1991,2020,30,CHIRPS_v2,UCSB-CHG/CHIRPS/DAILY,1991-2020,IBGE_2024
4314605,Piratini,RS,3539.343,9,set,147.09521058776212,OK,1991,2020,30,CHIRPS_v2,UCSB-CHG/CHIRPS/DAILY,1991-2020,IBGE_2024
4322327,Turuçu,RS,253.635,9,set,150.20602625519075,OK,1991,2020,30,CHIRPS_v2,UCSB-CHG/CHIRPS/DAILY,1991-2020,IBGE_2024
4305124,Cerrito,RS,451.699,9,set,145.21611394650154,OK,1991,2020,30,CHIRPS_v2,UCSB-CHG/CHIRPS/DAILY,1991-2020,IBGE_2024
4305439,Chuí,RS,202.387,9,set,103.12117256674333,OK,1991,2020,30,CHIRPS_v2,UCSB-CHG/CHIRPS/DAILY,1991-2020,IBGE_2024
4304507,Canguçu,RS,3527.541,9,set,155.70503270748569,OK,1991,2020,30,CHIRPS_v2,UCSB-CHG/CHIRPS/DAILY,1991-2020,IBGE_2024
4312450,Morro Redondo,RS,244.644,9,set,148.61465233782624,OK,1991,2020,30,CHIRPS_v2,UCSB-CHG/CHIRPS/DAILY,1991-2020,IBGE_2024
4318804,São Lourenço do Sul,RS,2039.434,9,set,152.96052326366933,OK,1991,2020,30,CHIRPS_v2,UCSB-CHG/CHIRPS/DAILY,1991-2020,IBGE_2024
4301602,Bagé,RS,4091.554,9,set,141.39030761422603,OK,1991,2020,30,CHIRPS_v2,UCSB-CHG/CHIRPS/DAILY,1991-2020,IBGE_2024
4309654,Hulha Negra,RS,822.608,9,set,138.76525531885508,OK,1991,2020,30,CHIRPS_v2,UCSB-CHG/CHIRPS/DAILY,1991-2020,IBGE_2024
4300034,Aceguá,RS,1551.339,9,set,133.5243718545221,OK,1991,2020,30,CHIRPS_v2,UCSB-CHG/CHIRPS/DAILY,1991-2020,IBGE_2024
4304358,Candiota,RS,933.628,9,set,140.68221536886392,OK,1991,2020,30,CHIRPS_v2,UCSB-CHG/CHIRPS/DAILY,1991-2020,IBGE_2024
4306601,Dom Pedrito,RS,5194.051,9,set,135.17738122631658,OK,1991,2020,30,CHIRPS_v2,UCSB-CHG/CHIRPS/DAILY,1991-2020,IBGE_2024
4314506,Pinheiro Machado,RS,2249.324,9,set,144.22786650812873,OK,1991,2020,30,CHIRPS_v2,UCSB-CHG/CHIRPS/DAILY,1991-2020,IBGE_2024
4314175,Pedras Altas,RS,1373.985,9,set,132.84339776908095,OK,1991,2020,30,CHIRPS_v2,UCSB-CHG/CHIRPS/DAILY,1991-2020,IBGE_2024
4310538,Itaara,RS,172.801,9,set,164.90536772585628,OK,1991,2020,30,CHIRPS_v2,UCSB-CHG/CHIRPS/DAILY,1991-2020,IBGE_2024
4316907,Santa Maria,RS,1780.194,9,set,153.23457455251668,OK,1991,2020,30,CHIRPS_v2,UCSB-CHG/CHIRPS/DAILY,1991-2020,IBGE_2024
4311106,Jaguari,RS,675.108,9,set,147.79426090890138,OK,1991,2020,30,CHIRPS_v2,UCSB-CHG/CHIRPS/DAILY,1991-2020,IBGE_2024
4302907,Cacequi,RS,2373.513,9,set,143.96065029118793,OK,1991,2020,30,CHIRPS_v2,UCSB-CHG/CHIRPS/DAILY,1991-2020,IBGE_2024
4319125,São Martinho da Serra,RS,669.547,9,set,163.24515495885265,OK,1991,2020,30,CHIRPS_v2,UCSB-CHG/CHIRPS/DAILY,1991-2020,IBGE_2024
4318432,São João do Polêsine,RS,78.32,9,set,164.36559569577284,OK,1991,2020,30,CHIRPS_v2,UCSB-CHG/CHIRPS/DAILY,1991-2020,IBGE_2024
4300109,Agudo,RS,534.624,9,set,162.59871851334384,OK,1991,2020,30,CHIRPS_v2,UCSB-CHG/CHIRPS/DAILY,1991-2020,IBGE_2024
4308409,Formigueiro,RS,578.875,9,set,150.97310494293453,OK,1991,2020,30,CHIRPS_v2,UCSB-CHG/CHIRPS/DAILY,1991-2020,IBGE_2024
4308003,Faxinal do Soturno,RS,169.514,9,set,163.91190968301026,OK,1991,2020,30,CHIRPS_v2,UCSB-CHG/CHIRPS/DAILY,1991-2020,IBGE_2024
4315321,Quevedos,RS,543.359,9,set,157.8014079867305,OK,1991,2020,30,CHIRPS_v2,UCSB-CHG/CHIRPS/DAILY,1991-2020,IBGE_2024
4315503,Restinga Sêca,RS,968.62,9,set,156.05872906788224,OK,1991,2020,30,CHIRPS_v2,UCSB-CHG/CHIRPS/DAILY,1991-2020,IBGE_2024
4306700,Dona Francisca,RS,114.149,9,set,164.36626046159688,OK,1991,2020,30,CHIRPS_v2,UCSB-CHG/CHIRPS/DAILY,1991-2020,IBGE_2024
4306379,Dilermando de Aguiar,RS,600.518,9,set,151.26596455731845,OK,1991,2020,30,CHIRPS_v2,UCSB-CHG/CHIRPS/DAILY,1991-2020,IBGE_2024
4314472,Pinhal Grande,RS,478.11,9,set,160.77141771529418,OK,1991,2020,30,CHIRPS_v2,UCSB-CHG/CHIRPS/DAILY,1991-2020,IBGE_2024
4321493,Toropi,RS,198.316,9,set,157.85842095757687,OK,1991,2020,30,CHIRPS_v2,UCSB-CHG/CHIRPS/DAILY,1991-2020,IBGE_2024
4313102,Nova Palma,RS,314.613,9,set,163.65550373511715,OK,1991,2020,30,CHIRPS_v2,UCSB-CHG/CHIRPS/DAILY,1991-2020,IBGE_2024
4320651,Silveira Martins,RS,119.285,9,set,164.28578110278607,OK,1991,2020,30,CHIRPS_v2,UCSB-CHG/CHIRPS/DAILY,1991-2020,IBGE_2024
4312104,Mata,RS,316.121,9,set,152.34886267262888,OK,1991,2020,30,CHIRPS_v2,UCSB-CHG/CHIRPS/DAILY,1991-2020,IBGE_2024
4311130,Jari,RS,853.08,9,set,155.43626720652006,OK,1991,2020,30,CHIRPS_v2,UCSB-CHG/CHIRPS/DAILY,1991-2020,IBGE_2024
4319406,São Pedro do Sul,RS,873.394,9,set,154.642372677714,OK,1991,2020,30,CHIRPS_v2,UCSB-CHG/CHIRPS/DAILY,1991-2020,IBGE_2024
4311205,Júlio de Castilhos,RS,1929.544,9,set,159.22074617505447,OK,1991,2020,30,CHIRPS_v2,UCSB-CHG/CHIRPS/DAILY,1991-2020,IBGE_2024
4319802,São Vicente do Sul,RS,1174.225,9,set,144.22309676114426,OK,1991,2020,30,CHIRPS_v2,UCSB-CHG/CHIRPS/DAILY,1991-2020,IBGE_2024
4319604,São Sepé,RS,2204.779,9,set,152.5041161477818,OK,1991,2020,30,CHIRPS_v2,UCSB-CHG/CHIRPS/DAILY,1991-2020,IBGE_2024
4310751,Ivorá,RS,122.93,9,set,166.00891483448478,OK,1991,2020,30,CHIRPS_v2,UCSB-CHG/CHIRPS/DAILY,1991-2020,IBGE_2024
4302808,Caçapava do Sul,RS,3046.787,9,set,154.45905621494978,OK,1991,2020,30,CHIRPS_v2,UCSB-CHG/CHIRPS/DAILY,1991-2020,IBGE_2024
4318309,São Gabriel,RS,5053.459,9,set,143.45069892343577,OK,1991,2020,30,CHIRPS_v2,UCSB-CHG/CHIRPS/DAILY,1991-2020,IBGE_2024
4316972,Santa Margarida do Sul,RS,955.299,9,set,146.68072158690262,OK,1991,2020,30,CHIRPS_v2,UCSB-CHG/CHIRPS/DAILY,1991-2020,IBGE_2024
4317004,Santana da Boa Vista,RS,1418.758,9,set,154.4891124398029,OK,1991,2020,30,CHIRPS_v2,UCSB-CHG/CHIRPS/DAILY,1991-2020,IBGE_2024
4323457,Vila Nova do Sul,RS,508.278,9,set,152.97031080042345,OK,1991,2020,30,CHIRPS_v2,UCSB-CHG/CHIRPS/DAILY,1991-2020,IBGE_2024
4311502,Lavras do Sul,RS,2600.991,9,set,144.57163280176226,OK,1991,2020,30,CHIRPS_v2,UCSB-CHG/CHIRPS/DAILY,1991-2020,IBGE_2024
4314027,Paraíso do Sul,RS,337.534,9,set,162.2311202467361,OK,1991,2020,30,CHIRPS_v2,UCSB-CHG/CHIRPS/DAILY,1991-2020,IBGE_2024
4305132,Cerro Branco,RS,158.025,9,set,168.508056080974,OK,1991,2020,30,CHIRPS_v2,UCSB-CHG/CHIRPS/DAILY,1991-2020,IBGE_2024
4313391,Novo Cabrais,RS,192.998,9,set,161.57735921205787,OK,1991,2020,30,CHIRPS_v2,UCSB-CHG/CHIRPS/DAILY,1991-2020,IBGE_2024
4303004,Cachoeira do Sul,RS,3736.064,9,set,154.49426668535415,OK,1991,2020,30,CHIRPS_v2,UCSB-CHG/CHIRPS/DAILY,1991-2020,IBGE_2024
4317400,Santiago,RS,2413.419,9,set,145.49403890730557,OK,1991,2020,30,CHIRPS_v2,UCSB-CHG/CHIRPS/DAILY,1991-2020,IBGE_2024
4322376,Unistalda,RS,602.26,9,set,141.34567343341547,OK,1991,2020,30,CHIRPS_v2,UCSB-CHG/CHIRPS/DAILY,1991-2020,IBGE_2024
4304655,Capão do Cipó,RS,1007.796,9,set,144.26852155999651,OK,1991,2020,30,CHIRPS_v2,UCSB-CHG/CHIRPS/DAILY,1991-2020,IBGE_2024
4313037,Nova Esperança do Sul,RS,191.772,9,set,147.538866700993,OK,1991,2020,30,CHIRPS_v2,UCSB-CHG/CHIRPS/DAILY,1991-2020,IBGE_2024
4300406,Alegrete,RS,7800.552,9,set,119.44780179461993,OK,1991,2020,30,CHIRPS_v2,UCSB-CHG/CHIRPS/DAILY,1991-2020,IBGE_2024
4311759,Manoel Viana,RS,1365.086,9,set,133.9446655883753,OK,1991,2020,30,CHIRPS_v2,UCSB-CHG/CHIRPS/DAILY,1991-2020,IBGE_2024
4317103,Sant'Ana do Livramento,RS,6946.407,9,set,130.29471739901757,OK,1991,2020,30,CHIRPS_v2,UCSB-CHG/CHIRPS/DAILY,1991-2020,IBGE_2024
4316402,Rosário do Sul,RS,4343.651,9,set,135.32402398572492,OK,1991,2020,30,CHIRPS_v2,UCSB-CHG/CHIRPS/DAILY,1991-2020,IBGE_2024
4315305,Quaraí,RS,3139.995,9,set,115.17625064365288,OK,1991,2020,30,CHIRPS_v2,UCSB-CHG/CHIRPS/DAILY,1991-2020,IBGE_2024
4310207,Ijuí,RS,688.982,9,set,144.62210029955432,OK,1991,2020,30,CHIRPS_v2,UCSB-CHG/CHIRPS/DAILY,1991-2020,IBGE_2024
4310413,Inhacorá,RS,113.703,9,set,149.89654205526568,OK,1991,2020,30,CHIRPS_v2,UCSB-CHG/CHIRPS/DAILY,1991-2020,IBGE_2024
4317806,Santo Augusto,RS,467.775,9,set,152.09445162282958,OK,1991,2020,30,CHIRPS_v2,UCSB-CHG/CHIRPS/DAILY,1991-2020,IBGE_2024
4301503,Augusto Pestana,RS,348.219,9,set,146.9935540763764,OK,1991,2020,30,CHIRPS_v2,UCSB-CHG/CHIRPS/DAILY,1991-2020,IBGE_2024
4300208,Ajuricaba,RS,322.674,9,set,145.44769296391942,OK,1991,2020,30,CHIRPS_v2,UCSB-CHG/CHIRPS/DAILY,1991-2020,IBGE_2024
4314308,Pejuçara,RS,414.106,9,set,144.8726097366841,OK,1991,2020,30,CHIRPS_v2,UCSB-CHG/CHIRPS/DAILY,1991-2020,IBGE_2024
4313904,Panambi,RS,491.57,9,set,148.11208252880877,OK,1991,2020,30,CHIRPS_v2,UCSB-CHG/CHIRPS/DAILY,1991-2020,IBGE_2024
4305702,Condor,RS,463.568,9,set,150.98244683019394,OK,1991,2020,30,CHIRPS_v2,UCSB-CHG/CHIRPS/DAILY,1991-2020,IBGE_2024
4305900,Coronel Bicaco,RS,492.303,9,set,152.23875782417778,OK,1991,2020,30,CHIRPS_v2,UCSB-CHG/CHIRPS/DAILY,1991-2020,IBGE_2024
4305871,Coronel Barros,RS,163.716,9,set,146.24716268339395,OK,1991,2020,30,CHIRPS_v2,UCSB-CHG/CHIRPS/DAILY,1991-2020,IBGE_2024
4313334,Nova Ramada,RS,255.264,9,set,150.5625751249211,OK,1991,2020,30,CHIRPS_v2,UCSB-CHG/CHIRPS/DAILY,1991-2020,IBGE_2024
4305009,Catuípe,RS,583.18,9,set,148.6651014029222,OK,1991,2020,30,CHIRPS_v2,UCSB-CHG/CHIRPS/DAILY,1991-2020,IBGE_2024
4305405,Chiapetta,RS,397.179,9,set,150.923317276556,OK,1991,2020,30,CHIRPS_v2,UCSB-CHG/CHIRPS/DAILY,1991-2020,IBGE_2024
4311155,Jóia,RS,1238.709,9,set,149.57150925669217,OK,1991,2020,30,CHIRPS_v2,UCSB-CHG/CHIRPS/DAILY,1991-2020,IBGE_2024
4319737,São Valério do Sul,RS,107.402,9,set,149.28754481161383,OK,1991,2020,30,CHIRPS_v2,UCSB-CHG/CHIRPS/DAILY,1991-2020,IBGE_2024
4302584,Bozano,RS,200.497,9,set,143.8655051038773,OK,1991,2020,30,CHIRPS_v2,UCSB-CHG/CHIRPS/DAILY,1991-2020,IBGE_2024
4317905,Santo Cristo,RS,367.069,9,set,143.18212095367517,OK,1991,2020,30,CHIRPS_v2,UCSB-CHG/CHIRPS/DAILY,1991-2020,IBGE_2024
4317202,Santa Rosa,RS,489.303,9,set,145.7491996814818,OK,1991,2020,30,CHIRPS_v2,UCSB-CHG/CHIRPS/DAILY,1991-2020,IBGE_2024
4300307,Alecrim,RS,316.394,9,set,143.86241959996937,OK,1991,2020,30,CHIRPS_v2,UCSB-CHG/CHIRPS/DAILY,1991-2020,IBGE_2024
4315008,Porto Lucena,RS,250.809,9,set,136.71052826373077,OK,1991,2020,30,CHIRPS_v2,UCSB-CHG/CHIRPS/DAILY,1991-2020,IBGE_2024
4315073,Porto Vera Cruz,RS,114.349,9,set,140.72011868341417,OK,1991,2020,30,CHIRPS_v2,UCSB-CHG/CHIRPS/DAILY,1991-2020,IBGE_2024
4315057,Porto Mauá,RS,105.811,9,set,144.91934067896938,OK,1991,2020,30,CHIRPS_v2,UCSB-CHG/CHIRPS/DAILY,1991-2020,IBGE_2024
4322103,Tucunduva,RS,181.198,9,set,144.40487184674885,OK,1991,2020,30,CHIRPS_v2,UCSB-CHG/CHIRPS/DAILY,1991-2020,IBGE_2024
4322301,Tuparendi,RS,307.71,9,set,145.69226794230283,OK,1991,2020,30,CHIRPS_v2,UCSB-CHG/CHIRPS/DAILY,1991-2020,IBGE_2024
4313425,Novo Machado,RS,218.836,9,set,145.05484241411708,OK,1991,2020,30,CHIRPS_v2,UCSB-CHG/CHIRPS/DAILY,1991-2020,IBGE_2024
4304309,Cândido Godói,RS,247.196,9,set,142.00715121052818,OK,1991,2020,30,CHIRPS_v2,UCSB-CHG/CHIRPS/DAILY,1991-2020,IBGE_2024
4320321,Senador Salgado Filho,RS,147.086,9,set,146.99060172702306,OK,1991,2020,30,CHIRPS_v2,UCSB-CHG/CHIRPS/DAILY,1991-2020,IBGE_2024
4303707,Campina das Missões,RS,224.792,9,set,138.40176751167974,OK,1991,2020,30,CHIRPS_v2,UCSB-CHG/CHIRPS/DAILY,1991-2020,IBGE_2024
4319158,São Miguel das Missões,RS,1228.91,9,set,143.92666071981085,OK,1991,2020,30,CHIRPS_v2,UCSB-CHG/CHIRPS/DAILY,1991-2020,IBGE_2024
4317509,Santo Ângelo,RS,678.501,9,set,147.74852315712013,OK,1991,2020,30,CHIRPS_v2,UCSB-CHG/CHIRPS/DAILY,1991-2020,IBGE_2024
4309506,Guarani das Missões,RS,289.515,9,set,144.22251212972503,OK,1991,2020,30,CHIRPS_v2,UCSB-CHG/CHIRPS/DAILY,1991-2020,IBGE_2024
4309001,Giruá,RS,855.56,9,set,149.96630055603637,OK,1991,2020,30,CHIRPS_v2,UCSB-CHG/CHIRPS/DAILY,1991-2020,IBGE_2024
4307831,Eugênio de Castro,RS,417.821,9,set,149.7742221022798,OK,1991,2020,30,CHIRPS_v2,UCSB-CHG/CHIRPS/DAILY,1991-2020,IBGE_2024
4323754,Vitória das Missões,RS,258.454,9,set,147.32268829061329,OK,1991,2020,30,CHIRPS_v2,UCSB-CHG/CHIRPS/DAILY,1991-2020,IBGE_2024
4306932,Entre-Ijuís,RS,553.915,9,set,148.08315669505112,OK,1991,2020,30,CHIRPS_v2,UCSB-CHG/CHIRPS/DAILY,1991-2020,IBGE_2024
4320578,Sete de Setembro,RS,131.66,9,set,147.99897060902714,OK,1991,2020,30,CHIRPS_v2,UCSB-CHG/CHIRPS/DAILY,1991-2020,IBGE_2024
4319109,São Martinho,RS,171.245,9,set,146.39212439360426,OK,1991,2020,30,CHIRPS_v2,UCSB-CHG/CHIRPS/DAILY,1991-2020,IBGE_2024
4302378,Bom Progresso,RS,89.206,9,set,149.84676966181632,OK,1991,2020,30,CHIRPS_v2,UCSB-CHG/CHIRPS/DAILY,1991-2020,IBGE_2024
4309704,Humaitá,RS,135.01,9,set,146.53907375449563,OK,1991,2020,30,CHIRPS_v2,UCSB-CHG/CHIRPS/DAILY,1991-2020,IBGE_2024
4301859,Barra do Guarita,RS,62.801,9,set,162.43433022148733,OK,1991,2020,30,CHIRPS_v2,UCSB-CHG/CHIRPS/DAILY,1991-2020,IBGE_2024
4315404,Redentora,RS,303.705,9,set,153.77617370998544,OK,1991,2020,30,CHIRPS_v2,UCSB-CHG/CHIRPS/DAILY,1991-2020,IBGE_2024
4307450,Esperança do Sul,RS,148.909,9,set,152.08799057817333,OK,1991,2020,30,CHIRPS_v2,UCSB-CHG/CHIRPS/DAILY,1991-2020,IBGE_2024
4323705,Vista Gaúcha,RS,90.022,9,set,161.4139551011222,OK,1991,2020,30,CHIRPS_v2,UCSB-CHG/CHIRPS/DAILY,1991-2020,IBGE_2024
4306007,Crissiumal,RS,362.032,9,set,144.36601501777966,OK,1991,2020,30,CHIRPS_v2,UCSB-CHG/CHIRPS/DAILY,1991-2020,IBGE_2024
4306320,Derrubadas,RS,360.851,9,set,158.1922284342849,OK,1991,2020,30,CHIRPS_v2,UCSB-CHG/CHIRPS/DAILY,1991-2020,IBGE_2024
4321907,Três Passos,RS,268.902,9,set,151.16111471064028,OK,1991,2020,30,CHIRPS_v2,UCSB-CHG/CHIRPS/DAILY,1991-2020,IBGE_2024
4321402,Tenente Portela,RS,337.495,9,set,155.82099552282065,OK,1991,2020,30,CHIRPS_v2,UCSB-CHG/CHIRPS/DAILY,1991-2020,IBGE_2024
4321477,Tiradentes do Sul,RS,236.653,9,set,146.31808989598423,OK,1991,2020,30,CHIRPS_v2,UCSB-CHG/CHIRPS/DAILY,1991-2020,IBGE_2024
4312302,Miraguaí,RS,131.236,9,set,153.77801640621757,OK,1991,2020,30,CHIRPS_v2,UCSB-CHG/CHIRPS/DAILY,1991-2020,IBGE_2024
4304002,Campo Novo,RS,220.719,9,set,148.8294746320392,OK,1991,2020,30,CHIRPS_v2,UCSB-CHG/CHIRPS/DAILY,1991-2020,IBGE_2024
4320230,Sede Nova,RS,119.312,9,set,147.11275240704822,OK,1991,2020,30,CHIRPS_v2,UCSB-CHG/CHIRPS/DAILY,1991-2020,IBGE_2024
4302600,Braga,RS,132.044,9,set,149.84459617373616,OK,1991,2020,30,CHIRPS_v2,UCSB-CHG/CHIRPS/DAILY,1991-2020,IBGE_2024
4302501,Bossoroca,RS,1610.056,9,set,141.27735506565344,OK,1991,2020,30,CHIRPS_v2,UCSB-CHG/CHIRPS/DAILY,1991-2020,IBGE_2024
4319208,São Nicolau,RS,497.446,9,set,133.65524383595258,OK,1991,2020,30,CHIRPS_v2,UCSB-CHG/CHIRPS/DAILY,1991-2020,IBGE_2024
4315958,Rolador,RS,295.201,9,set,144.4812319138729,OK,1991,2020,30,CHIRPS_v2,UCSB-CHG/CHIRPS/DAILY,1991-2020,IBGE_2024
4314555,Pirapó,RS,281.794,9,set,131.81197565808847,OK,1991,2020,30,CHIRPS_v2,UCSB-CHG/CHIRPS/DAILY,1991-2020,IBGE_2024
4306353,Dezesseis de Novembro,RS,216.341,9,set,139.75128714469244,OK,1991,2020,30,CHIRPS_v2,UCSB-CHG/CHIRPS/DAILY,1991-2020,IBGE_2024
4303301,Caibaté,RS,261.28,9,set,145.00310143264159,OK,1991,2020,30,CHIRPS_v2,UCSB-CHG/CHIRPS/DAILY,1991-2020,IBGE_2024
4318903,São Luiz Gonzaga,RS,1296.773,9,set,147.58697426277783,OK,1991,2020,30,CHIRPS_v2,UCSB-CHG/CHIRPS/DAILY,1991-2020,IBGE_2024
4318499,São José do Inhacorá,RS,77.743,9,set,143.26922002081503,OK,1991,2020,30,CHIRPS_v2,UCSB-CHG/CHIRPS/DAILY,1991-2020,IBGE_2024
4310405,Independência,RS,358.397,9,set,147.4117636865711,OK,1991,2020,30,CHIRPS_v2,UCSB-CHG/CHIRPS/DAILY,1991-2020,IBGE_2024
4302204,Boa Vista do Buricá,RS,109.498,9,set,142.4778419001432,OK,1991,2020,30,CHIRPS_v2,UCSB-CHG/CHIRPS/DAILY,1991-2020,IBGE_2024
4309605,Horizontina,RS,229.798,9,set,143.63396761470815,OK,1991,2020,30,CHIRPS_v2,UCSB-CHG/CHIRPS/DAILY,1991-2020,IBGE_2024
4300455,Alegria,RS,172.686,9,set,147.20085136742998,OK,1991,2020,30,CHIRPS_v2,UCSB-CHG/CHIRPS/DAILY,1991-2020,IBGE_2024
4306734,Doutor Maurício Cardoso,RS,255.799,9,set,143.39775724191554,OK,1991,2020,30,CHIRPS_v2,UCSB-CHG/CHIRPS/DAILY,1991-2020,IBGE_2024
4321808,Três de Maio,RS,421.604,9,set,145.53505686196445,OK,1991,2020,30,CHIRPS_v2,UCSB-CHG/CHIRPS/DAILY,1991-2020,IBGE_2024
4313011,Nova Candelária,RS,97.5,9,set,141.93837343878388,OK,1991,2020,30,CHIRPS_v2,UCSB-CHG/CHIRPS/DAILY,1991-2020,IBGE_2024
4316477,Salvador das Missões,RS,95.952,9,set,139.02121032028015,OK,1991,2020,30,CHIRPS_v2,UCSB-CHG/CHIRPS/DAILY,1991-2020,IBGE_2024
4316303,Roque Gonzales,RS,349.084,9,set,133.6961792026703,OK,1991,2020,30,CHIRPS_v2,UCSB-CHG/CHIRPS/DAILY,1991-2020,IBGE_2024
4315107,Porto Xavier,RS,281.497,9,set,131.77559210017174,OK,1991,2020,30,CHIRPS_v2,UCSB-CHG/CHIRPS/DAILY,1991-2020,IBGE_2024
4322343,Ubiretama,RS,125.95,9,set,143.0853652643323,OK,1991,2020,30,CHIRPS_v2,UCSB-CHG/CHIRPS/DAILY,1991-2020,IBGE_2024
4305207,Cerro Largo,RS,176.742,9,set,140.86737172731245,OK,1991,2020,30,CHIRPS_v2,UCSB-CHG/CHIRPS/DAILY,1991-2020,IBGE_2024
4312179,Mato Queimado,RS,114.653,9,set,143.45062416296292,OK,1991,2020,30,CHIRPS_v2,UCSB-CHG/CHIRPS/DAILY,1991-2020,IBGE_2024
4319307,São Paulo das Missões,RS,222.504,9,set,136.15759815262643,OK,1991,2020,30,CHIRPS_v2,UCSB-CHG/CHIRPS/DAILY,1991-2020,IBGE_2024
4319372,São Pedro do Butiá,RS,107.394,9,set,139.2533214674191,OK,1991,2020,30,CHIRPS_v2,UCSB-CHG/CHIRPS/DAILY,1991-2020,IBGE_2024
4314100,Passo Fundo,RS,784.406,9,set,174.34513696591583,OK,1991,2020,30,CHIRPS_v2,UCSB-CHG/CHIRPS/DAILY,1991-2020,IBGE_2024
4300554,Alto Alegre,RS,115.335,9,set,151.07771502192276,OK,1991,2020,30,CHIRPS_v2,UCSB-CHG/CHIRPS/DAILY,1991-2020,IBGE_2024
4316105,Ronda Alta,RS,418.675,9,set,163.55447138007042,OK,1991,2020,30,CHIRPS_v2,UCSB-CHG/CHIRPS/DAILY,1991-2020,IBGE_2024
4307054,Ernestina,RS,238.558,9,set,166.5358375479084,OK,1991,2020,30,CHIRPS_v2,UCSB-CHG/CHIRPS/DAILY,1991-2020,IBGE_2024
4307500,Espumoso,RS,783.642,9,set,155.71525195378612,OK,1991,2020,30,CHIRPS_v2,UCSB-CHG/CHIRPS/DAILY,1991-2020,IBGE_2024
4314779,Pontão,RS,502.709,9,set,163.57812953605583,OK,1991,2020,30,CHIRPS_v2,UCSB-CHG/CHIRPS/DAILY,1991-2020,IBGE_2024
4323200,Victor Graeff,RS,238.133,9,set,161.77691535408636,OK,1991,2020,30,CHIRPS_v2,UCSB-CHG/CHIRPS/DAILY,1991-2020,IBGE_2024
4305975,Coxilha,RS,422.101,9,set,173.27262765403992,OK,1991,2020,30,CHIRPS_v2,UCSB-CHG/CHIRPS/DAILY,1991-2020,IBGE_2024
4321469,Tio Hugo,RS,113.944,9,set,161.37380613169998,OK,1991,2020,30,CHIRPS_v2,UCSB-CHG/CHIRPS/DAILY,1991-2020,IBGE_2024
4321857,Três Palmeiras,RS,180.599,9,set,166.58727441452413,OK,1991,2020,30,CHIRPS_v2,UCSB-CHG/CHIRPS/DAILY,1991-2020,IBGE_2024
4321006,Tapera,RS,179.935,9,set,159.07641717615437,OK,1991,2020,30,CHIRPS_v2,UCSB-CHG/CHIRPS/DAILY,1991-2020,IBGE_2024
4312674,Nicolau Vergueiro,RS,154.995,9,set,164.87352368131866,OK,1991,2020,30,CHIRPS_v2,UCSB-CHG/CHIRPS/DAILY,1991-2020,IBGE_2024
4320503,Sertão,RS,440.631,9,set,172.3632671697239,OK,1991,2020,30,CHIRPS_v2,UCSB-CHG/CHIRPS/DAILY,1991-2020,IBGE_2024
4304101,Campos Borges,RS,226.202,9,set,145.29872518661068,OK,1991,2020,30,CHIRPS_v2,UCSB-CHG/CHIRPS/DAILY,1991-2020,IBGE_2024
4312138,Mato Castelhano,RS,238.268,9,set,172.4945030012414,OK,1991,2020,30,CHIRPS_v2,UCSB-CHG/CHIRPS/DAILY,1991-2020,IBGE_2024
4311270,Lagoa dos Três Cantos,RS,138.602,9,set,160.63657249664413,OK,1991,2020,30,CHIRPS_v2,UCSB-CHG/CHIRPS/DAILY,1991-2020,IBGE_2024
4310702,Itatiba do Sul,RS,212.669,9,set,169.3748989399854,OK,1991,2020,30,CHIRPS_v2,UCSB-CHG/CHIRPS/DAILY,1991-2020,IBGE_2024
4310900,Jacutinga,RS,178.009,9,set,168.41378527642442,OK,1991,2020,30,CHIRPS_v2,UCSB-CHG/CHIRPS/DAILY,1991-2020,IBGE_2024
4302055,Benjamin Constant do Sul,RS,132.351,9,set,168.79286803825653,OK,1991,2020,30,CHIRPS_v2,UCSB-CHG/CHIRPS/DAILY,1991-2020,IBGE_2024
4301925,Barra do Rio Azul,RS,146.995,9,set,173.9278843498317,OK,1991,2020,30,CHIRPS_v2,UCSB-CHG/CHIRPS/DAILY,1991-2020,IBGE_2024
4310462,Ipiranga do Sul,RS,158.71,9,set,172.9445372466758,OK,1991,2020,30,CHIRPS_v2,UCSB-CHG/CHIRPS/DAILY,1991-2020,IBGE_2024
4301552,Áurea,RS,156.727,9,set,174.848961307486,OK,1991,2020,30,CHIRPS_v2,UCSB-CHG/CHIRPS/DAILY,1991-2020,IBGE_2024
4301701,Barão de Cotegipe,RS,260.505,9,set,175.05759035690343,OK,1991,2020,30,CHIRPS_v2,UCSB-CHG/CHIRPS/DAILY,1991-2020,IBGE_2024
4300901,Aratiba,RS,342.279,9,set,174.7186444623292,OK,1991,2020,30,CHIRPS_v2,UCSB-CHG/CHIRPS/DAILY,1991-2020,IBGE_2024
4308706,Gaurama,RS,204.428,9,set,175.03566477189534,OK,1991,2020,30,CHIRPS_v2,UCSB-CHG/CHIRPS/DAILY,1991-2020,IBGE_2024
4308904,Getúlio Vargas,RS,287.466,9,set,174.74934145487165,OK,1991,2020,30,CHIRPS_v2,UCSB-CHG/CHIRPS/DAILY,1991-2020,IBGE_2024
4308250,Floriano Peixoto,RS,168.521,9,set,172.7589681384535,OK,1991,2020,30,CHIRPS_v2,UCSB-CHG/CHIRPS/DAILY,1991-2020,IBGE_2024
4308052,Faxinalzinho,RS,143.321,9,set,165.33645477232193,OK,1991,2020,30,CHIRPS_v2,UCSB-CHG/CHIRPS/DAILY,1991-2020,IBGE_2024
4307559,Estação,RS,99.757,9,set,174.07965771712205,OK,1991,2020,30,CHIRPS_v2,UCSB-CHG/CHIRPS/DAILY,1991-2020,IBGE_2024
4307203,Erval Grande,RS,285.677,9,set,167.60998521717207,OK,1991,2020,30,CHIRPS_v2,UCSB-CHG/CHIRPS/DAILY,1991-2020,IBGE_2024
4315313,Quatro Irmãos,RS,268.971,9,set,170.64399415303743,OK,1991,2020,30,CHIRPS_v2,UCSB-CHG/CHIRPS/DAILY,1991-2020,IBGE_2024
4322905,Viadutos,RS,266.67,9,set,172.0598618579164,OK,1991,2020,30,CHIRPS_v2,UCSB-CHG/CHIRPS/DAILY,1991-2020,IBGE_2024
4314787,Ponte Preta,RS,99.504,9,set,169.31447099913007,OK,1991,2020,30,CHIRPS_v2,UCSB-CHG/CHIRPS/DAILY,1991-2020,IBGE_2024
4307005,Erechim,RS,429.164,9,set,175.40530469232152,OK,1991,2020,30,CHIRPS_v2,UCSB-CHG/CHIRPS/DAILY,1991-2020,IBGE_2024
4306973,Erebango,RS,152.793,9,set,175.582470648408,OK,1991,2020,30,CHIRPS_v2,UCSB-CHG/CHIRPS/DAILY,1991-2020,IBGE_2024
4306957,Entre Rios do Sul,RS,119.912,9,set,166.15689787186065,OK,1991,2020,30,CHIRPS_v2,UCSB-CHG/CHIRPS/DAILY,1991-2020,IBGE_2024
4306130,Cruzaltense,RS,166.883,9,set,165.40832335172055,OK,1991,2020,30,CHIRPS_v2,UCSB-CHG/CHIRPS/DAILY,1991-2020,IBGE_2024
4314134,Paulo Bento,RS,149.669,9,set,170.0883200677212,OK,1991,2020,30,CHIRPS_v2,UCSB-CHG/CHIRPS/DAILY,1991-2020,IBGE_2024
4305116,Centenário,RS,134.78,9,set,174.1125122206944,OK,1991,2020,30,CHIRPS_v2,UCSB-CHG/CHIRPS/DAILY,1991-2020,IBGE_2024
4321634,Três Arroios,RS,148.601,9,set,175.5726916600932,OK,1991,2020,30,CHIRPS_v2,UCSB-CHG/CHIRPS/DAILY,1991-2020,IBGE_2024
4304853,Carlos Gomes,RS,83.196,9,set,172.91484259039174,OK,1991,2020,30,CHIRPS_v2,UCSB-CHG/CHIRPS/DAILY,1991-2020,IBGE_2024
4320602,Severiano de Almeida,RS,167.598,9,set,174.76516736882462,OK,1991,2020,30,CHIRPS_v2,UCSB-CHG/CHIRPS/DAILY,1991-2020,IBGE_2024
4311908,Marcelino Ramos,RS,229.551,9,set,170.14063905365194,OK,1991,2020,30,CHIRPS_v2,UCSB-CHG/CHIRPS/DAILY,1991-2020,IBGE_2024
4312005,Mariano Moro,RS,98.727,9,set,172.76793635342162,OK,1991,2020,30,CHIRPS_v2,UCSB-CHG/CHIRPS/DAILY,1991-2020,IBGE_2024
4303806,Campinas do Sul,RS,276.162,9,set,163.561555414282,OK,1991,2020,30,CHIRPS_v2,UCSB-CHG/CHIRPS/DAILY,1991-2020,IBGE_2024
4319703,São Valentim,RS,154.45,9,set,171.62840709481773,OK,1991,2020,30,CHIRPS_v2,UCSB-CHG/CHIRPS/DAILY,1991-2020,IBGE_2024
4310876,Jacuizinho,RS,339.399,9,set,148.10464412802992,OK,1991,2020,30,CHIRPS_v2,UCSB-CHG/CHIRPS/DAILY,1991-2020,IBGE_2024
4302238,Boa Vista do Incra,RS,504.114,9,set,141.68149268229044,OK,1991,2020,30,CHIRPS_v2,UCSB-CHG/CHIRPS/DAILY,1991-2020,IBGE_2024
4302220,Boa Vista do Cadeado,RS,701.221,9,set,144.81927615528025,OK,1991,2020,30,CHIRPS_v2,UCSB-CHG/CHIRPS/DAILY,1991-2020,IBGE_2024
4310009,Ibirubá,RS,607.185,9,set,148.424591724864,OK,1991,2020,30,CHIRPS_v2,UCSB-CHG/CHIRPS/DAILY,1991-2020,IBGE_2024
4316451,Salto do Jacuí,RS,507.698,9,set,146.66344983421263,OK,1991,2020,30,CHIRPS_v2,UCSB-CHG/CHIRPS/DAILY,1991-2020,IBGE_2024
4308458,Fortaleza dos Valos,RS,650.512,9,set,143.83305916013524,OK,1991,2020,30,CHIRPS_v2,UCSB-CHG/CHIRPS/DAILY,1991-2020,IBGE_2024
4316709,Santa Bárbara do Sul,RS,975.799,9,set,150.77619073678073,OK,1991,2020,30,CHIRPS_v2,UCSB-CHG/CHIRPS/DAILY,1991-2020,IBGE_2024
4315354,Quinze de Novembro,RS,223.072,9,set,147.03903701164063,OK,1991,2020,30,CHIRPS_v2,UCSB-CHG/CHIRPS/DAILY,1991-2020,IBGE_2024
4306106,Cruz Alta,RS,1360.548,9,set,143.1301154633558,OK,1991,2020,30,CHIRPS_v2,UCSB-CHG/CHIRPS/DAILY,1991-2020,IBGE_2024
4322202,Tupanciretã,RS,2253.234,9,set,152.5931364916549,OK,1991,2020,30,CHIRPS_v2,UCSB-CHG/CHIRPS/DAILY,1991-2020,IBGE_2024
4320305,Selbach,RS,176.47,9,set,152.3460264060587,OK,1991,2020,30,CHIRPS_v2,UCSB-CHG/CHIRPS/DAILY,1991-2020,IBGE_2024
4301958,Barra Funda,RS,60.437,9,set,156.17962254105058,OK,1991,2020,30,CHIRPS_v2,UCSB-CHG/CHIRPS/DAILY,1991-2020,IBGE_2024
4317756,Santo Antônio do Planalto,RS,203.44,9,set,162.68568143022716,OK,1991,2020,30,CHIRPS_v2,UCSB-CHG/CHIRPS/DAILY,1991-2020,IBGE_2024
4300471,Almirante Tamandaré do Sul,RS,265.042,9,set,155.76076908163438,OK,1991,2020,30,CHIRPS_v2,UCSB-CHG/CHIRPS/DAILY,1991-2020,IBGE_2024
4316436,Saldanha Marinho,RS,221.554,9,set,152.4871624255475,OK,1991,2020,30,CHIRPS_v2,UCSB-CHG/CHIRPS/DAILY,1991-2020,IBGE_2024
4316204,Rondinha,RS,252.454,9,set,160.19881769957462,OK,1991,2020,30,CHIRPS_v2,UCSB-CHG/CHIRPS/DAILY,1991-2020,IBGE_2024
4306924,Engenho Velho,RS,71.191,9,set,162.8672749001433,OK,1991,2020,30,CHIRPS_v2,UCSB-CHG/CHIRPS/DAILY,1991-2020,IBGE_2024
4305603,Colorado,RS,286.295,9,set,153.50557501974043,OK,1991,2020,30,CHIRPS_v2,UCSB-CHG/CHIRPS/DAILY,1991-2020,IBGE_2024
4305850,Coqueiros do Sul,RS,277.147,9,set,160.36317839893067,OK,1991,2020,30,CHIRPS_v2,UCSB-CHG/CHIRPS/DAILY,1991-2020,IBGE_2024
4305801,Constantina,RS,203.614,9,set,158.4955588064825,OK,1991,2020,30,CHIRPS_v2,UCSB-CHG/CHIRPS/DAILY,1991-2020,IBGE_2024
4313466,Novo Xingu,RS,79.851,9,set,155.39140673096716,OK,1991,2020,30,CHIRPS_v2,UCSB-CHG/CHIRPS/DAILY,1991-2020,IBGE_2024
4305306,Chapada,RS,684.247,9,set,156.14833329284232,OK,1991,2020,30,CHIRPS_v2,UCSB-CHG/CHIRPS/DAILY,1991-2020,IBGE_2024
4304705,Carazinho,RS,666.694,9,set,158.06985557428504,OK,1991,2020,30,CHIRPS_v2,UCSB-CHG/CHIRPS/DAILY,1991-2020,IBGE_2024
4312658,Não-Me-Toque,RS,361.689,9,set,159.28335857233543,OK,1991,2020,30,CHIRPS_v2,UCSB-CHG/CHIRPS/DAILY,1991-2020,IBGE_2024
4312955,Nova Boa Vista,RS,93.733,9,set,156.339026697121,OK,1991,2020,30,CHIRPS_v2,UCSB-CHG/CHIRPS/DAILY,1991-2020,IBGE_2024
4320107,Sarandi,RS,351.718,9,set,159.36102783934882,OK,1991,2020,30,CHIRPS_v2,UCSB-CHG/CHIRPS/DAILY,1991-2020,IBGE_2024
4310504,Iraí,RS,181.85,9,set,156.88204378259766,OK,1991,2020,30,CHIRPS_v2,UCSB-CHG/CHIRPS/DAILY,1991-2020,IBGE_2024
4302154,Boa Vista das Missões,RS,196.064,9,set,155.4743362129876,OK,1991,2020,30,CHIRPS_v2,UCSB-CHG/CHIRPS/DAILY,1991-2020,IBGE_2024
4300646,Ametista do Sul,RS,93.605,9,set,159.19923592580872,OK,1991,2020,30,CHIRPS_v2,UCSB-CHG/CHIRPS/DAILY,1991-2020,IBGE_2024
4308508,Frederico Westphalen,RS,264.876,9,set,160.48721610739761,OK,1991,2020,30,CHIRPS_v2,UCSB-CHG/CHIRPS/DAILY,1991-2020,IBGE_2024
4315909,Rodeio Bonito,RS,83.278,9,set,156.38622999838768,OK,1991,2020,30,CHIRPS_v2,UCSB-CHG/CHIRPS/DAILY,1991-2020,IBGE_2024
4323507,Vista Alegre,RS,77.656,9,set,161.76122978501715,OK,1991,2020,30,CHIRPS_v2,UCSB-CHG/CHIRPS/DAILY,1991-2020,IBGE_2024
4307302,Erval Seco,RS,357.181,9,set,155.21654107958517,OK,1991,2020,30,CHIRPS_v2,UCSB-CHG/CHIRPS/DAILY,1991-2020,IBGE_2024
4323101,Vicente Dutra,RS,193.023,9,set,162.85980621128599,OK,1991,2020,30,CHIRPS_v2,UCSB-CHG/CHIRPS/DAILY,1991-2020,IBGE_2024
4306072,Cristal do Sul,RS,97.073,9,set,155.47116986413212,OK,1991,2020,30,CHIRPS_v2,UCSB-CHG/CHIRPS/DAILY,1991-2020,IBGE_2024
4314498,Pinheirinho do Vale,RS,105.385,9,set,162.34190896951213,OK,1991,2020,30,CHIRPS_v2,UCSB-CHG/CHIRPS/DAILY,1991-2020,IBGE_2024
4314456,Pinhal,RS,68.222,9,set,153.7438067210711,OK,1991,2020,30,CHIRPS_v2,UCSB-CHG/CHIRPS/DAILY,1991-2020,IBGE_2024
4313805,Palmitinho,RS,144.181,9,set,158.8355419306244,OK,1991,2020,30,CHIRPS_v2,UCSB-CHG/CHIRPS/DAILY,1991-2020,IBGE_2024
4313441,Novo Tiradentes,RS,75.428,9,set,154.2085685926979,OK,1991,2020,30,CHIRPS_v2,UCSB-CHG/CHIRPS/DAILY,1991-2020,IBGE_2024
4321329,Taquaruçu do Sul,RS,76.917,9,set,158.632895843562,OK,1991,2020,30,CHIRPS_v2,UCSB-CHG/CHIRPS/DAILY,1991-2020,IBGE_2024
4320206,Seberi,RS,301.032,9,set,155.05688729969398,OK,1991,2020,30,CHIRPS_v2,UCSB-CHG/CHIRPS/DAILY,1991-2020,IBGE_2024
4311601,Liberato Salzano,RS,245.627,9,set,158.16160023317667,OK,1991,2020,30,CHIRPS_v2,UCSB-CHG/CHIRPS/DAILY,1991-2020,IBGE_2024
4303400,Caiçara,RS,189.071,9,set,163.980322672599,OK,1991,2020,30,CHIRPS_v2,UCSB-CHG/CHIRPS/DAILY,1991-2020,IBGE_2024
4310850,Jaboticaba,RS,127.589,9,set,153.90058194364036,OK,1991,2020,30,CHIRPS_v2,UCSB-CHG/CHIRPS/DAILY,1991-2020,IBGE_2024
4318051,São Domingos do Sul,RS,78.67,9,set,166.73896449660577,OK,1991,2020,30,CHIRPS_v2,UCSB-CHG/CHIRPS/DAILY,1991-2020,IBGE_2024
4317558,Santo Antônio do Palma,RS,126.094,9,set,167.69369907593074,OK,1991,2020,30,CHIRPS_v2,UCSB-CHG/CHIRPS/DAILY,1991-2020,IBGE_2024
4308854,Gentil,RS,184.715,9,set,169.53059735858665,OK,1991,2020,30,CHIRPS_v2,UCSB-CHG/CHIRPS/DAILY,1991-2020,IBGE_2024
4323408,Vila Maria,RS,181.061,9,set,165.41367739324946,OK,1991,2020,30,CHIRPS_v2,UCSB-CHG/CHIRPS/DAILY,1991-2020,IBGE_2024
4322558,Vanini,RS,64.905,9,set,167.88252068992853,OK,1991,2020,30,CHIRPS_v2,UCSB-CHG/CHIRPS/DAILY,1991-2020,IBGE_2024
4306304,David Canabarro,RS,174.172,9,set,169.58990346731906,OK,1991,2020,30,CHIRPS_v2,UCSB-CHG/CHIRPS/DAILY,1991-2020,IBGE_2024
4305504,Ciríaco,RS,274.35,9,set,170.05487422565912,OK,1991,2020,30,CHIRPS_v2,UCSB-CHG/CHIRPS/DAILY,1991-2020,IBGE_2024
4312757,Nova Alvorada,RS,148.861,9,set,167.3330407928628,OK,1991,2020,30,CHIRPS_v2,UCSB-CHG/CHIRPS/DAILY,1991-2020,IBGE_2024
4304903,Casca,RS,272.041,9,set,166.57354279043125,OK,1991,2020,30,CHIRPS_v2,UCSB-CHG/CHIRPS/DAILY,1991-2020,IBGE_2024
4312625,Muliterno,RS,110.969,9,set,172.54368462013852,OK,1991,2020,30,CHIRPS_v2,UCSB-CHG/CHIRPS/DAILY,1991-2020,IBGE_2024
4311809,Marau,RS,649.77,9,set,168.94948723708706,OK,1991,2020,30,CHIRPS_v2,UCSB-CHG/CHIRPS/DAILY,1991-2020,IBGE_2024
4303558,Camargo,RS,138.069,9,set,166.7280301036606,OK,1991,2020,30,CHIRPS_v2,UCSB-CHG/CHIRPS/DAILY,1991-2020,IBGE_2024
4318465,São José do Herval,RS,102.912,9,set,164.77641638866143,OK,1991,2020,30,CHIRPS_v2,UCSB-CHG/CHIRPS/DAILY,1991-2020,IBGE_2024
4302006,Barros Cassal,RS,647.994,9,set,163.11533355956308,OK,1991,2020,30,CHIRPS_v2,UCSB-CHG/CHIRPS/DAILY,1991-2020,IBGE_2024
4310579,Itapuca,RS,184.673,9,set,169.65743662959272,OK,1991,2020,30,CHIRPS_v2,UCSB-CHG/CHIRPS/DAILY,1991-2020,IBGE_2024
4301404,Arvorezinha,RS,269.31,9,set,168.3318788194714,OK,1991,2020,30,CHIRPS_v2,UCSB-CHG/CHIRPS/DAILY,1991-2020,IBGE_2024
4309951,Ibirapuitã,RS,307.164,9,set,165.82022407845025,OK,1991,2020,30,CHIRPS_v2,UCSB-CHG/CHIRPS/DAILY,1991-2020,IBGE_2024
4308300,Fontoura Xavier,RS,583.239,9,set,164.61426697621218,OK,1991,2020,30,CHIRPS_v2,UCSB-CHG/CHIRPS/DAILY,1991-2020,IBGE_2024
4320800,Soledade,RS,1215.056,9,set,162.9236601850034,OK,1991,2020,30,CHIRPS_v2,UCSB-CHG/CHIRPS/DAILY,1991-2020,IBGE_2024
4312427,Mormaço,RS,146.191,9,set,158.94888443564068,OK,1991,2020,30,CHIRPS_v2,UCSB-CHG/CHIRPS/DAILY,1991-2020,IBGE_2024
4318424,São João da Urtiga,RS,171.504,9,set,171.24719506164348,OK,1991,2020,30,CHIRPS_v2,UCSB-CHG/CHIRPS/DAILY,1991-2020,IBGE_2024
4317954,Santo Expedito do Sul,RS,125.334,9,set,172.08780396302777,OK,1991,2020,30,CHIRPS_v2,UCSB-CHG/CHIRPS/DAILY,1991-2020,IBGE_2024
4309803,Ibiaçá,RS,348.778,9,set,170.10114518686026,OK,1991,2020,30,CHIRPS_v2,UCSB-CHG/CHIRPS/DAILY,1991-2020,IBGE_2024
4300059,Água Santa,RS,291.526,9,set,169.16739187184103,OK,1991,2020,30,CHIRPS_v2,UCSB-CHG/CHIRPS/DAILY,1991-2020,IBGE_2024
4316733,Santa Cecília do Sul,RS,200.056,9,set,168.5925266144561,OK,1991,2020,30,CHIRPS_v2,UCSB-CHG/CHIRPS/DAILY,1991-2020,IBGE_2024
4316600,Sananduva,RS,504.499,9,set,170.83686539314945,OK,1991,2020,30,CHIRPS_v2,UCSB-CHG/CHIRPS/DAILY,1991-2020,IBGE_2024
4323358,Vila Lângaro,RS,151.673,9,set,169.2191411165567,OK,1991,2020,30,CHIRPS_v2,UCSB-CHG/CHIRPS/DAILY,1991-2020,IBGE_2024
4305371,Charrua,RS,198.748,9,set,171.7588908671505,OK,1991,2020,30,CHIRPS_v2,UCSB-CHG/CHIRPS/DAILY,1991-2020,IBGE_2024
4313607,Paim Filho,RS,181.998,9,set,170.81372390888254,OK,1991,2020,30,CHIRPS_v2,UCSB-CHG/CHIRPS/DAILY,1991-2020,IBGE_2024
4320909,Tapejara,RS,238.082,9,set,169.0114037801698,OK,1991,2020,30,CHIRPS_v2,UCSB-CHG/CHIRPS/DAILY,1991-2020,IBGE_2024
4312203,Maximiliano de Almeida,RS,208.955,9,set,168.24001758760696,OK,1991,2020,30,CHIRPS_v2,UCSB-CHG/CHIRPS/DAILY,1991-2020,IBGE_2024
4318606,São José do Ouro,RS,335.215,9,set,174.78413257409127,OK,1991,2020,30,CHIRPS_v2,UCSB-CHG/CHIRPS/DAILY,1991-2020,IBGE_2024
4301800,Barracão,RS,515.469,9,set,171.60776563200852,OK,1991,2020,30,CHIRPS_v2,UCSB-CHG/CHIRPS/DAILY,1991-2020,IBGE_2024
4309902,Ibiraiaras,RS,280.816,9,set,171.17471369662476,OK,1991,2020,30,CHIRPS_v2,UCSB-CHG/CHIRPS/DAILY,1991-2020,IBGE_2024
4322186,Tupanci do Sul,RS,135.664,9,set,176.08697966267522,OK,1991,2020,30,CHIRPS_v2,UCSB-CHG/CHIRPS/DAILY,1991-2020,IBGE_2024
4304622,Capão Bonito do Sul,RS,526.85,9,set,175.26399154825117,OK,1991,2020,30,CHIRPS_v2,UCSB-CHG/CHIRPS/DAILY,1991-2020,IBGE_2024
4304952,Caseiros,RS,235.649,9,set,173.3799864169369,OK,1991,2020,30,CHIRPS_v2,UCSB-CHG/CHIRPS/DAILY,1991-2020,IBGE_2024
4311700,Machadinho,RS,335.344,9,set,171.0014516599386,OK,1991,2020,30,CHIRPS_v2,UCSB-CHG/CHIRPS/DAILY,1991-2020,IBGE_2024
4311304,Lagoa Vermelha,RS,1272.725,9,set,172.01424298794302,OK,1991,2020,30,CHIRPS_v2,UCSB-CHG/CHIRPS/DAILY,1991-2020,IBGE_2024
4303202,Cacique Doble,RS,203.582,9,set,172.30815859062503,OK,1991,2020,30,CHIRPS_v2,UCSB-CHG/CHIRPS/DAILY,1991-2020,IBGE_2024
4318457,São José das Missões,RS,98.125,9,set,156.2404927232192,OK,1991,2020,30,CHIRPS_v2,UCSB-CHG/CHIRPS/DAILY,1991-2020,IBGE_2024
4316428,Sagrada Família,RS,77.889,9,set,154.6680650834796,OK,1991,2020,30,CHIRPS_v2,UCSB-CHG/CHIRPS/DAILY,1991-2020,IBGE_2024
4306429,Dois Irmãos das Missões,RS,226.072,9,set,153.69651675579348,OK,1991,2020,30,CHIRPS_v2,UCSB-CHG/CHIRPS/DAILY,1991-2020,IBGE_2024
4313706,Palmeira das Missões,RS,1421.101,9,set,156.68513523801468,OK,1991,2020,30,CHIRPS_v2,UCSB-CHG/CHIRPS/DAILY,1991-2020,IBGE_2024
4305157,Cerro Grande,RS,73.438,9,set,154.7538089564631,OK,1991,2020,30,CHIRPS_v2,UCSB-CHG/CHIRPS/DAILY,1991-2020,IBGE_2024
4313490,Novo Barreiro,RS,123.344,9,set,157.29033465516693,OK,1991,2020,30,CHIRPS_v2,UCSB-CHG/CHIRPS/DAILY,1991-2020,IBGE_2024
4319364,São Pedro das Missões,RS,79.894,9,set,156.80558638339414,OK,1991,2020,30,CHIRPS_v2,UCSB-CHG/CHIRPS/DAILY,1991-2020,IBGE_2024
4311429,Lajeado do Bugre,RS,67.947,9,set,155.26375540198248,OK,1991,2020,30,CHIRPS_v2,UCSB-CHG/CHIRPS/DAILY,1991-2020,IBGE_2024
4309126,Gramado dos Loureiros,RS,131.396,9,set,171.28896892514038,OK,1991,2020,30,CHIRPS_v2,UCSB-CHG/CHIRPS/DAILY,1991-2020,IBGE_2024
4300505,Alpestre,RS,325.979,9,set,161.47313655234453,OK,1991,2020,30,CHIRPS_v2,UCSB-CHG/CHIRPS/DAILY,1991-2020,IBGE_2024
4315552,Rio dos Índios,RS,235.854,9,set,166.2665542641108,OK,1991,2020,30,CHIRPS_v2,UCSB-CHG/CHIRPS/DAILY,1991-2020,IBGE_2024
4314704,Planalto,RS,228.552,9,set,164.6064184890455,OK,1991,2020,30,CHIRPS_v2,UCSB-CHG/CHIRPS/DAILY,1991-2020,IBGE_2024
4321956,Trindade do Sul,RS,268.417,9,set,167.37055212754407,OK,1991,2020,30,CHIRPS_v2,UCSB-CHG/CHIRPS/DAILY,1991-2020,IBGE_2024
4312708,Nonoai,RS,468.962,9,set,168.3835945512251,OK,1991,2020,30,CHIRPS_v2,UCSB-CHG/CHIRPS/DAILY,1991-2020,IBGE_2024
4307906,Farroupilha,RS,361.338,9,set,175.31228084841155,OK,1991,2020,30,CHIRPS_v2,UCSB-CHG/CHIRPS/DAILY,1991-2020,IBGE_2024
4322541,Vale Real,RS,44.688,9,set,168.98534966362504,OK,1991,2020,30,CHIRPS_v2,UCSB-CHG/CHIRPS/DAILY,1991-2020,IBGE_2024
4305108,Caxias do Sul,RS,1651.336,9,set,176.8794120920502,OK,1991,2020,30,CHIRPS_v2,UCSB-CHG/CHIRPS/DAILY,1991-2020,IBGE_2024
4310439,Ipê,RS,599.032,9,set,167.30716398896968,OK,1991,2020,30,CHIRPS_v2,UCSB-CHG/CHIRPS/DAILY,1991-2020,IBGE_2024
4318200,São Francisco de Paula,RS,3317.825,9,set,178.4658395851554,OK,1991,2020,30,CHIRPS_v2,UCSB-CHG/CHIRPS/DAILY,1991-2020,IBGE_2024
4309100,Gramado,RS,239.433,9,set,168.8356967895096,OK,1991,2020,30,CHIRPS_v2,UCSB-CHG/CHIRPS/DAILY,1991-2020,IBGE_2024
4300570,Alto Feliz,RS,78.17,9,set,167.83145492798388,OK,1991,2020,30,CHIRPS_v2,UCSB-CHG/CHIRPS/DAILY,1991-2020,IBGE_2024
4300802,Antônio Prado,RS,347.507,9,set,168.38120367451046,OK,1991,2020,30,CHIRPS_v2,UCSB-CHG/CHIRPS/DAILY,1991-2020,IBGE_2024
4308201,Flores da Cunha,RS,276.255,9,set,179.16282099016925,OK,1991,2020,30,CHIRPS_v2,UCSB-CHG/CHIRPS/DAILY,1991-2020,IBGE_2024
4308102,Feliz,RS,94.96,9,set,153.9436440234835,OK,1991,2020,30,CHIRPS_v2,UCSB-CHG/CHIRPS/DAILY,1991-2020,IBGE_2024
4313359,Nova Roma do Sul,RS,149.753,9,set,165.48914883540974,OK,1991,2020,30,CHIRPS_v2,UCSB-CHG/CHIRPS/DAILY,1991-2020,IBGE_2024
4313201,Nova Petrópolis,RS,291.538,9,set,167.44512237983244,OK,1991,2020,30,CHIRPS_v2,UCSB-CHG/CHIRPS/DAILY,1991-2020,IBGE_2024
4313086,Nova Pádua,RS,102.648,9,set,169.9549425408307,OK,1991,2020,30,CHIRPS_v2,UCSB-CHG/CHIRPS/DAILY,1991-2020,IBGE_2024
4304408,Canela,RS,253.05,9,set,165.81670549626867,OK,1991,2020,30,CHIRPS_v2,UCSB-CHG/CHIRPS/DAILY,1991-2020,IBGE_2024
4303608,Cambará do Sul,RS,1182.679,9,set,179.4966277693133,OK,1991,2020,30,CHIRPS_v2,UCSB-CHG/CHIRPS/DAILY,1991-2020,IBGE_2024
4303673,Campestre da Serra,RS,538.436,9,set,171.98317153324908,OK,1991,2020,30,CHIRPS_v2,UCSB-CHG/CHIRPS/DAILY,1991-2020,IBGE_2024
4319000,São Marcos,RS,256.225,9,set,170.51273923335572,OK,1991,2020,30,CHIRPS_v2,UCSB-CHG/CHIRPS/DAILY,1991-2020,IBGE_2024
4314423,Picada Café,RS,84.322,9,set,159.01357631653565,OK,1991,2020,30,CHIRPS_v2,UCSB-CHG/CHIRPS/DAILY,1991-2020,IBGE_2024
4302105,Bento Gonçalves,RS,272.217,9,set,161.12550414123567,OK,1991,2020,30,CHIRPS_v2,UCSB-CHG/CHIRPS/DAILY,1991-2020,IBGE_2024
4308607,Garibaldi,RS,168.492,9,set,164.5698542524259,OK,1991,2020,30,CHIRPS_v2,UCSB-CHG/CHIRPS/DAILY,1991-2020,IBGE_2024
4314548,Pinto Bandeira,RS,104.802,9,set,164.58890490898435,OK,1991,2020,30,CHIRPS_v2,UCSB-CHG/CHIRPS/DAILY,1991-2020,IBGE_2024
4304804,Carlos Barbosa,RS,230.061,9,set,169.13538529096297,OK,1991,2020,30,CHIRPS_v2,UCSB-CHG/CHIRPS/DAILY,1991-2020,IBGE_2024
4312385,Monte Belo do Sul,RS,69.763,9,set,155.01819235681828,OK,1991,2020,30,CHIRPS_v2,UCSB-CHG/CHIRPS/DAILY,1991-2020,IBGE_2024
4302253,Boa Vista do Sul,RS,93.108,9,set,161.5532050470191,OK,1991,2020,30,CHIRPS_v2,UCSB-CHG/CHIRPS/DAILY,1991-2020,IBGE_2024
4301651,Barão,RS,122.567,9,set,168.74902451891154,OK,1991,2020,30,CHIRPS_v2,UCSB-CHG/CHIRPS/DAILY,1991-2020,IBGE_2024
4317251,Santa Tereza,RS,73.677,9,set,153.68046001594232,OK,1991,2020,30,CHIRPS_v2,UCSB-CHG/CHIRPS/DAILY,1991-2020,IBGE_2024
4307864,Fagundes Varela,RS,134.476,9,set,165.38783904570622,OK,1991,2020,30,CHIRPS_v2,UCSB-CHG/CHIRPS/DAILY,1991-2020,IBGE_2024
4323309,Vila Flores,RS,107.704,9,set,169.35964056010536,OK,1991,2020,30,CHIRPS_v2,UCSB-CHG/CHIRPS/DAILY,1991-2020,IBGE_2024
4322806,Veranópolis,RS,289.361,9,set,163.77671592439904,OK,1991,2020,30,CHIRPS_v2,UCSB-CHG/CHIRPS/DAILY,1991-2020,IBGE_2024
4305959,Cotiporã,RS,173.262,9,set,161.32245893834428,OK,1991,2020,30,CHIRPS_v2,UCSB-CHG/CHIRPS/DAILY,1991-2020,IBGE_2024
4305934,Coronel Pilar,RS,105.668,9,set,159.35229106204167,OK,1991,2020,30,CHIRPS_v2,UCSB-CHG/CHIRPS/DAILY,1991-2020,IBGE_2024
4319711,São Valentim do Sul,RS,91.899,9,set,167.35491224317767,OK,1991,2020,30,CHIRPS_v2,UCSB-CHG/CHIRPS/DAILY,1991-2020,IBGE_2024
4318440,São Jorge,RS,125.731,9,set,169.4797183519395,OK,1991,2020,30,CHIRPS_v2,UCSB-CHG/CHIRPS/DAILY,1991-2020,IBGE_2024
4309258,Guabiju,RS,146.925,9,set,171.8130619814065,OK,1991,2020,30,CHIRPS_v2,UCSB-CHG/CHIRPS/DAILY,1991-2020,IBGE_2024
4309407,Guaporé,RS,297.743,9,set,171.9488037388094,OK,1991,2020,30,CHIRPS_v2,UCSB-CHG/CHIRPS/DAILY,1991-2020,IBGE_2024
4300661,André da Rocha,RS,331.208,9,set,168.20844612486158,OK,1991,2020,30,CHIRPS_v2,UCSB-CHG/CHIRPS/DAILY,1991-2020,IBGE_2024
4323606,Vista Alegre do Prata,RS,120.234,9,set,167.4115383396842,OK,1991,2020,30,CHIRPS_v2,UCSB-CHG/CHIRPS/DAILY,1991-2020,IBGE_2024
4315172,Protásio Alves,RS,171.994,9,set,166.62497090776498,OK,1991,2020,30,CHIRPS_v2,UCSB-CHG/CHIRPS/DAILY,1991-2020,IBGE_2024
4306452,Dois Lajeados,RS,133.535,9,set,169.3494203662243,OK,1991,2020,30,CHIRPS_v2,UCSB-CHG/CHIRPS/DAILY,1991-2020,IBGE_2024
4322350,União da Serra,RS,131.154,9,set,167.92135268235745,OK,1991,2020,30,CHIRPS_v2,UCSB-CHG/CHIRPS/DAILY,1991-2020,IBGE_2024
4314001,Paraí,RS,121.745,9,set,167.14403216236573,OK,1991,2020,30,CHIRPS_v2,UCSB-CHG/CHIRPS/DAILY,1991-2020,IBGE_2024
4313300,Nova Prata,RS,259.237,9,set,168.92829680508052,OK,1991,2020,30,CHIRPS_v2,UCSB-CHG/CHIRPS/DAILY,1991-2020,IBGE_2024
4312807,Nova Araçá,RS,74.623,9,set,167.67764738892498,OK,1991,2020,30,CHIRPS_v2,UCSB-CHG/CHIRPS/DAILY,1991-2020,IBGE_2024
4312906,Nova Bassano,RS,211.727,9,set,166.62331971687036,OK,1991,2020,30,CHIRPS_v2,UCSB-CHG/CHIRPS/DAILY,1991-2020,IBGE_2024
4312351,Montauri,RS,82.23,9,set,164.48279727143264,OK,1991,2020,30,CHIRPS_v2,UCSB-CHG/CHIRPS/DAILY,1991-2020,IBGE_2024
4320404,Serafina Corrêa,RS,163.503,9,set,168.10810760960206,OK,1991,2020,30,CHIRPS_v2,UCSB-CHG/CHIRPS/DAILY,1991-2020,IBGE_2024
4302303,Bom Jesus,RS,2622.847,9,set,170.6036284856468,OK,1991,2020,30,CHIRPS_v2,UCSB-CHG/CHIRPS/DAILY,1991-2020,IBGE_2024
4318622,São José dos Ausentes,RS,1173.047,9,set,180.93004460108074,OK,1991,2020,30,CHIRPS_v2,UCSB-CHG/CHIRPS/DAILY,1991-2020,IBGE_2024
4307401,Esmeralda,RS,829.587,9,set,173.93986872658465,OK,1991,2020,30,CHIRPS_v2,UCSB-CHG/CHIRPS/DAILY,1991-2020,IBGE_2024
4322509,Vacaria,RS,2124.492,9,set,173.75759323662905,OK,1991,2020,30,CHIRPS_v2,UCSB-CHG/CHIRPS/DAILY,1991-2020,IBGE_2024
4314464,Pinhal da Serra,RS,438.11,9,set,170.64830700843112,OK,1991,2020,30,CHIRPS_v2,UCSB-CHG/CHIRPS/DAILY,1991-2020,IBGE_2024
4312377,Monte Alegre dos Campos,RS,549.031,9,set,170.7899116179084,OK,1991,2020,30,CHIRPS_v2,UCSB-CHG/CHIRPS/DAILY,1991-2020,IBGE_2024
4312617,Muitos Capões,RS,1193.23,9,set,172.75561279193983,OK,1991,2020,30,CHIRPS_v2,UCSB-CHG/CHIRPS/DAILY,1991-2020,IBGE_2024
4311122,Jaquirana,RS,908.842,9,set,171.5491032985247,OK,1991,2020,30,CHIRPS_v2,UCSB-CHG/CHIRPS/DAILY,1991-2020,IBGE_2024
4316808,Santa Cruz do Sul,RS,734.516,9,set,163.8036390444017,OK,1991,2020,30,CHIRPS_v2,UCSB-CHG/CHIRPS/DAILY,1991-2020,IBGE_2024
4322707,Vera Cruz,RS,309.994,9,set,161.21386650489575,OK,1991,2020,30,CHIRPS_v2,UCSB-CHG/CHIRPS/DAILY,1991-2020,IBGE_2024
4309159,Gramado Xavier,RS,216.79,9,set,164.66708985433928,OK,1991,2020,30,CHIRPS_v2,UCSB-CHG/CHIRPS/DAILY,1991-2020,IBGE_2024
4309571,Herveiras,RS,117.981,9,set,170.25126210869206,OK,1991,2020,30,CHIRPS_v2,UCSB-CHG/CHIRPS/DAILY,1991-2020,IBGE_2024
4315701,Rio Pardo,RS,2051.112,9,set,155.18692257874105,OK,1991,2020,30,CHIRPS_v2,UCSB-CHG/CHIRPS/DAILY,1991-2020,IBGE_2024
4306908,Encruzilhada do Sul,RS,3345.675,9,set,155.12740378796025,OK,1991,2020,30,CHIRPS_v2,UCSB-CHG/CHIRPS/DAILY,1991-2020,IBGE_2024
4322533,Vale do Sol,RS,329.389,9,set,165.60708426797717,OK,1991,2020,30,CHIRPS_v2,UCSB-CHG/CHIRPS/DAILY,1991-2020,IBGE_2024
4322525,Vale Verde,RS,329.727,9,set,156.84257199883308,OK,1991,2020,30,CHIRPS_v2,UCSB-CHG/CHIRPS/DAILY,1991-2020,IBGE_2024
4322608,Venâncio Aires,RS,772.701,9,set,158.5804285771502,OK,1991,2020,30,CHIRPS_v2,UCSB-CHG/CHIRPS/DAILY,1991-2020,IBGE_2024
4314076,Passo do Sobrado,RS,265.133,9,set,159.3060885144792,OK,1991,2020,30,CHIRPS_v2,UCSB-CHG/CHIRPS/DAILY,1991-2020,IBGE_2024
4313953,Pantano Grande,RS,841.225,9,set,152.76541860845262,OK,1991,2020,30,CHIRPS_v2,UCSB-CHG/CHIRPS/DAILY,1991-2020,IBGE_2024
4312153,Mato Leitão,RS,46.799,9,set,153.07618230382118,OK,1991,2020,30,CHIRPS_v2,UCSB-CHG/CHIRPS/DAILY,1991-2020,IBGE_2024
4304200,Candelária,RS,944.735,9,set,163.67072291696692,OK,1991,2020,30,CHIRPS_v2,UCSB-CHG/CHIRPS/DAILY,1991-2020,IBGE_2024
4320677,Sinimbu,RS,509.778,9,set,165.5235506555098,OK,1991,2020,30,CHIRPS_v2,UCSB-CHG/CHIRPS/DAILY,1991-2020,IBGE_2024
4302402,Bom Retiro do Sul,RS,102.54,9,set,153.03743843880886,OK,1991,2020,30,CHIRPS_v2,UCSB-CHG/CHIRPS/DAILY,1991-2020,IBGE_2024
4301008,Arroio do Meio,RS,157.087,9,set,152.2029217784562,OK,1991,2020,30,CHIRPS_v2,UCSB-CHG/CHIRPS/DAILY,1991-2020,IBGE_2024
4316758,Santa Clara do Sul,RS,86.491,9,set,155.23170479003815,OK,1991,2020,30,CHIRPS_v2,UCSB-CHG/CHIRPS/DAILY,1991-2020,IBGE_2024
4308078,Fazenda Vilanova,RS,84.794,9,set,154.65113370585195,OK,1991,2020,30,CHIRPS_v2,UCSB-CHG/CHIRPS/DAILY,1991-2020,IBGE_2024
4308433,Forquetinha,RS,93.278,9,set,158.42502113180703,OK,1991,2020,30,CHIRPS_v2,UCSB-CHG/CHIRPS/DAILY,1991-2020,IBGE_2024
4307807,Estrela,RS,185.032,9,set,148.24905606437017,OK,1991,2020,30,CHIRPS_v2,UCSB-CHG/CHIRPS/DAILY,1991-2020,IBGE_2024
4306205,Cruzeiro do Sul,RS,155.482,9,set,150.1471636572112,OK,1991,2020,30,CHIRPS_v2,UCSB-CHG/CHIRPS/DAILY,1991-2020,IBGE_2024
4311403,Lajeado,RS,90.801,9,set,149.25280150517742,OK,1991,2020,30,CHIRPS_v2,UCSB-CHG/CHIRPS/DAILY,1991-2020,IBGE_2024
4310363,Imigrante,RS,71.718,9,set,153.2216169870462,OK,1991,2020,30,CHIRPS_v2,UCSB-CHG/CHIRPS/DAILY,1991-2020,IBGE_2024
4323770,Westfália,RS,66.875,9,set,152.60912160114137,OK,1991,2020,30,CHIRPS_v2,UCSB-CHG/CHIRPS/DAILY,1991-2020,IBGE_2024
4314753,Poço das Antas,RS,67.618,9,set,154.2347291518456,OK,1991,2020,30,CHIRPS_v2,UCSB-CHG/CHIRPS/DAILY,1991-2020,IBGE_2024
4315131,Pouso Novo,RS,105.338,9,set,158.8467161738977,OK,1991,2020,30,CHIRPS_v2,UCSB-CHG/CHIRPS/DAILY,1991-2020,IBGE_2024
4315156,Progresso,RS,256.039,9,set,163.90680198794357,OK,1991,2020,30,CHIRPS_v2,UCSB-CHG/CHIRPS/DAILY,1991-2020,IBGE_2024
4305587,Colinas,RS,60.732,9,set,148.37701392453488,OK,1991,2020,30,CHIRPS_v2,UCSB-CHG/CHIRPS/DAILY,1991-2020,IBGE_2024
4314159,Paverama,RS,171.863,9,set,154.2602379029802,OK,1991,2020,30,CHIRPS_v2,UCSB-CHG/CHIRPS/DAILY,1991-2020,IBGE_2024
4305835,Coqueiro Baixo,RS,112.638,9,set,157.75669724694464,OK,1991,2020,30,CHIRPS_v2,UCSB-CHG/CHIRPS/DAILY,1991-2020,IBGE_2024
4321451,Teutônia,RS,175.875,9,set,149.5793410654792,OK,1991,2020,30,CHIRPS_v2,UCSB-CHG/CHIRPS/DAILY,1991-2020,IBGE_2024
4321626,Travesseiro,RS,80.681,9,set,152.94948912180297,OK,1991,2020,30,CHIRPS_v2,UCSB-CHG/CHIRPS/DAILY,1991-2020,IBGE_2024
4304614,Canudos do Vale,RS,82.943,9,set,164.90851525781352,OK,1991,2020,30,CHIRPS_v2,UCSB-CHG/CHIRPS/DAILY,1991-2020,IBGE_2024
4304697,Capitão,RS,73.967,9,set,158.11017553107,OK,1991,2020,30,CHIRPS_v2,UCSB-CHG/CHIRPS/DAILY,1991-2020,IBGE_2024
4320859,Tabaí,RS,94.754,9,set,155.4971061470831,OK,1991,2020,30,CHIRPS_v2,UCSB-CHG/CHIRPS/DAILY,1991-2020,IBGE_2024
4321303,Taquari,RS,349.967,9,set,155.15145374592592,OK,1991,2020,30,CHIRPS_v2,UCSB-CHG/CHIRPS/DAILY,1991-2020,IBGE_2024
4320453,Sério,RS,105.428,9,set,169.85676807594464,OK,1991,2020,30,CHIRPS_v2,UCSB-CHG/CHIRPS/DAILY,1991-2020,IBGE_2024
4312054,Marques de Souza,RS,125.714,9,set,155.23972500712384,OK,1991,2020,30,CHIRPS_v2,UCSB-CHG/CHIRPS/DAILY,1991-2020,IBGE_2024
4302451,Boqueirão do Leão,RS,257.789,9,set,169.54788975208314,OK,1991,2020,30,CHIRPS_v2,UCSB-CHG/CHIRPS/DAILY,1991-2020,IBGE_2024
4309753,Ibarama,RS,195.426,9,set,162.6065769051701,OK,1991,2020,30,CHIRPS_v2,UCSB-CHG/CHIRPS/DAILY,1991-2020,IBGE_2024
4301206,Arroio do Tigre,RS,315.132,9,set,154.2095581270679,OK,1991,2020,30,CHIRPS_v2,UCSB-CHG/CHIRPS/DAILY,1991-2020,IBGE_2024
4307815,Estrela Velha,RS,281.613,9,set,152.6975263823019,OK,1991,2020,30,CHIRPS_v2,UCSB-CHG/CHIRPS/DAILY,1991-2020,IBGE_2024
4314068,Passa Sete,RS,304.299,9,set,170.51015202950316,OK,1991,2020,30,CHIRPS_v2,UCSB-CHG/CHIRPS/DAILY,1991-2020,IBGE_2024
4322152,Tunas,RS,217.302,9,set,152.72691239704903,OK,1991,2020,30,CHIRPS_v2,UCSB-CHG/CHIRPS/DAILY,1991-2020,IBGE_2024
4320701,Sobradinho,RS,128.823,9,set,164.57452685922885,OK,1991,2020,30,CHIRPS_v2,UCSB-CHG/CHIRPS/DAILY,1991-2020,IBGE_2024
4320263,Segredo,RS,245.17,9,set,161.84013395548786,OK,1991,2020,30,CHIRPS_v2,UCSB-CHG/CHIRPS/DAILY,1991-2020,IBGE_2024
4311254,Lagoão,RS,387.453,9,set,162.6431767751883,OK,1991,2020,30,CHIRPS_v2,UCSB-CHG/CHIRPS/DAILY,1991-2020,IBGE_2024
4311239,Lagoa Bonita do Sul,RS,109.758,9,set,168.71734663168246,OK,1991,2020,30,CHIRPS_v2,UCSB-CHG/CHIRPS/DAILY,1991-2020,IBGE_2024
4310306,Ilópolis,RS,123.602,9,set,169.51501931818393,OK,1991,2020,30,CHIRPS_v2,UCSB-CHG/CHIRPS/DAILY,1991-2020,IBGE_2024
4300703,Anta Gorda,RS,242.1,9,set,172.43583516556944,OK,1991,2020,30,CHIRPS_v2,UCSB-CHG/CHIRPS/DAILY,1991-2020,IBGE_2024
4315800,Roca Sales,RS,208.108,9,set,152.43091617862842,OK,1991,2020,30,CHIRPS_v2,UCSB-CHG/CHIRPS/DAILY,1991-2020,IBGE_2024
4315453,Relvado,RS,108.188,9,set,166.53012843245693,OK,1991,2020,30,CHIRPS_v2,UCSB-CHG/CHIRPS/DAILY,1991-2020,IBGE_2024
4315206,Putinga,RS,216.159,9,set,166.52748705716704,OK,1991,2020,30,CHIRPS_v2,UCSB-CHG/CHIRPS/DAILY,1991-2020,IBGE_2024
4306809,Encantado,RS,140.006,9,set,157.13350012338185,OK,1991,2020,30,CHIRPS_v2,UCSB-CHG/CHIRPS/DAILY,1991-2020,IBGE_2024
4306759,Doutor Ricardo,RS,107.96,9,set,165.37918440915658,OK,1991,2020,30,CHIRPS_v2,UCSB-CHG/CHIRPS/DAILY,1991-2020,IBGE_2024
4322855,Vespasiano Corrêa,RS,113.622,9,set,165.79918398386866,OK,1991,2020,30,CHIRPS_v2,UCSB-CHG/CHIRPS/DAILY,1991-2020,IBGE_2024
4313003,Nova Bréscia,RS,102.994,9,set,158.3268491816825,OK,1991,2020,30,CHIRPS_v2,UCSB-CHG/CHIRPS/DAILY,1991-2020,IBGE_2024
4312609,Muçum,RS,111.247,9,set,156.34140942627803,OK,1991,2020,30,CHIRPS_v2,UCSB-CHG/CHIRPS/DAILY,1991-2020,IBGE_2024
5002704,Campo Grande,MS,8082.327,9,set,84.1148353714142,OK,1991,2020,30,CHIRPS_v2,UCSB-CHG/CHIRPS/DAILY,1991-2020,IBGE_2024
5008008,Terenos,MS,2845.653,9,set,78.97791191560954,OK,1991,2020,30,CHIRPS_v2,UCSB-CHG/CHIRPS/DAILY,1991-2020,IBGE_2024
5007505,Rochedo,MS,1304.755,9,set,72.72894700252395,OK,1991,2020,30,CHIRPS_v2,UCSB-CHG/CHIRPS/DAILY,1991-2020,IBGE_2024
5007901,Sidrolândia,MS,5265.695,9,set,88.46991016613089,OK,1991,2020,30,CHIRPS_v2,UCSB-CHG/CHIRPS/DAILY,1991-2020,IBGE_2024
5007109,Ribas do Rio Pardo,MS,17315.212,9,set,76.4165421864122,OK,1991,2020,30,CHIRPS_v2,UCSB-CHG/CHIRPS/DAILY,1991-2020,IBGE_2024
5007307,Rio Negro,MS,1828.8,9,set,61.56779166495512,OK,1991,2020,30,CHIRPS_v2,UCSB-CHG/CHIRPS/DAILY,1991-2020,IBGE_2024
5006002,Nova Alvorada do Sul,MS,4027.647,9,set,89.31284405940458,OK,1991,2020,30,CHIRPS_v2,UCSB-CHG/CHIRPS/DAILY,1991-2020,IBGE_2024
5004908,Jaraguari,MS,2913.558,9,set,80.7222292356472,OK,1991,2020,30,CHIRPS_v2,UCSB-CHG/CHIRPS/DAILY,1991-2020,IBGE_2024
5003108,Corguinho,MS,2638.923,9,set,62.24027097056215,OK,1991,2020,30,CHIRPS_v2,UCSB-CHG/CHIRPS/DAILY,1991-2020,IBGE_2024
5002605,Camapuã,MS,6238.127,9,set,66.32025378937293,OK,1991,2020,30,CHIRPS_v2,UCSB-CHG/CHIRPS/DAILY,1991-2020,IBGE_2024
5001508,Bandeirantes,MS,3363.487,9,set,73.64787606141702,OK,1991,2020,30,CHIRPS_v2,UCSB-CHG/CHIRPS/DAILY,1991-2020,IBGE_2024
5008305,Três Lagoas,MS,10217.071,9,set,59.089357024120346,OK,1991,2020,30,CHIRPS_v2,UCSB-CHG/CHIRPS/DAILY,1991-2020,IBGE_2024
5000203,Água Clara,MS,7781.558,9,set,69.53577839011001,OK,1991,2020,30,CHIRPS_v2,UCSB-CHG/CHIRPS/DAILY,1991-2020,IBGE_2024
5007554,Santa Rita do Pardo,MS,6142.001,9,set,70.56099103507414,OK,1991,2020,30,CHIRPS_v2,UCSB-CHG/CHIRPS/DAILY,1991-2020,IBGE_2024
5007802,Selvíria,MS,3254.917,9,set,58.27123827688852,OK,1991,2020,30,CHIRPS_v2,UCSB-CHG/CHIRPS/DAILY,1991-2020,IBGE_2024
5001904,Bataguassu,MS,2392.476,9,set,72.26938602773339,OK,1991,2020,30,CHIRPS_v2,UCSB-CHG/CHIRPS/DAILY,1991-2020,IBGE_2024
5002308,Brasilândia,MS,5803.542,9,set,62.72211342638739,OK,1991,2020,30,CHIRPS_v2,UCSB-CHG/CHIRPS/DAILY,1991-2020,IBGE_2024
5001003,Aparecida do Taboado,MS,2751.485,9,set,56.2717222846083,OK,1991,2020,30,CHIRPS_v2,UCSB-CHG/CHIRPS/DAILY,1991-2020,IBGE_2024
5006309,Paranaíba,MS,5352.02,9,set,57.3762060011486,OK,1991,2020,30,CHIRPS_v2,UCSB-CHG/CHIRPS/DAILY,1991-2020,IBGE_2024
5006275,Paraíso das Águas,MS,5061.433,9,set,66.93235961008278,OK,1991,2020,30,CHIRPS_v2,UCSB-CHG/CHIRPS/DAILY,1991-2020,IBGE_2024
5004403,Inocência,MS,5761.186,9,set,60.360044542519475,OK,1991,2020,30,CHIRPS_v2,UCSB-CHG/CHIRPS/DAILY,1991-2020,IBGE_2024
5002951,Chapadão do Sul,MS,3252.327,9,set,60.92912394816363,OK,1991,2020,30,CHIRPS_v2,UCSB-CHG/CHIRPS/DAILY,1991-2020,IBGE_2024
5002902,Cassilândia,MS,3711.715,9,set,58.83756690855514,OK,1991,2020,30,CHIRPS_v2,UCSB-CHG/CHIRPS/DAILY,1991-2020,IBGE_2024
5008404,Vicentina,MS,302.542,9,set,99.16452015131476,OK,1991,2020,30,CHIRPS_v2,UCSB-CHG/CHIRPS/DAILY,1991-2020,IBGE_2024
5007208,Rio Brilhante,MS,3983.507,9,set,90.87992416286986,OK,1991,2020,30,CHIRPS_v2,UCSB-CHG/CHIRPS/DAILY,1991-2020,IBGE_2024
5005103,Jateí,MS,1933.316,9,set,102.0954322675645,OK,1991,2020,30,CHIRPS_v2,UCSB-CHG/CHIRPS/DAILY,1991-2020,IBGE_2024
5005152,Juti,MS,1569.176,9,set,99.70718546254146,OK,1991,2020,30,CHIRPS_v2,UCSB-CHG/CHIRPS/DAILY,1991-2020,IBGE_2024
5005251,Laguna Carapã,MS,1725.78,9,set,103.4444526837266,OK,1991,2020,30,CHIRPS_v2,UCSB-CHG/CHIRPS/DAILY,1991-2020,IBGE_2024
5004502,Itaporã,MS,1342.389,9,set,93.6266706404397,OK,1991,2020,30,CHIRPS_v2,UCSB-CHG/CHIRPS/DAILY,1991-2020,IBGE_2024
5004007,Glória de Dourados,MS,493.105,9,set,101.81049721024745,OK,1991,2020,30,CHIRPS_v2,UCSB-CHG/CHIRPS/DAILY,1991-2020,IBGE_2024
5003504,Douradina,MS,280.235,9,set,93.12981037916833,OK,1991,2020,30,CHIRPS_v2,UCSB-CHG/CHIRPS/DAILY,1991-2020,IBGE_2024
5003454,Deodápolis,MS,828.45,9,set,99.28745511826119,OK,1991,2020,30,CHIRPS_v2,UCSB-CHG/CHIRPS/DAILY,1991-2020,IBGE_2024
5003801,Fátima do Sul,MS,325.631,9,set,100.58708303562125,OK,1991,2020,30,CHIRPS_v2,UCSB-CHG/CHIRPS/DAILY,1991-2020,IBGE_2024
5002407,Caarapó,MS,2115.73,9,set,100.52037615429093,OK,1991,2020,30,CHIRPS_v2,UCSB-CHG/CHIRPS/DAILY,1991-2020,IBGE_2024
5005681,Mundo Novo,MS,478.38,9,set,119.08758782958029,OK,1991,2020,30,CHIRPS_v2,UCSB-CHG/CHIRPS/DAILY,1991-2020,IBGE_2024
5005707,Naviraí,MS,3189.667,9,set,107.52710626392047,OK,1991,2020,30,CHIRPS_v2,UCSB-CHG/CHIRPS/DAILY,1991-2020,IBGE_2024
5004601,Itaquiraí,MS,2063.717,9,set,113.65941347267176,OK,1991,2020,30,CHIRPS_v2,UCSB-CHG/CHIRPS/DAILY,1991-2020,IBGE_2024
5004809,Japorã,MS,416.605,9,set,118.11154094882083,OK,1991,2020,30,CHIRPS_v2,UCSB-CHG/CHIRPS/DAILY,1991-2020,IBGE_2024
5004304,Iguatemi,MS,2957.41,9,set,116.19705334031345,OK,1991,2020,30,CHIRPS_v2,UCSB-CHG/CHIRPS/DAILY,1991-2020,IBGE_2024
5003751,Eldorado,MS,1012.796,9,set,116.69548693086178,OK,1991,2020,30,CHIRPS_v2,UCSB-CHG/CHIRPS/DAILY,1991-2020,IBGE_2024
5000807,Anaurilândia,MS,3415.657,9,set,84.61986676272936,OK,1991,2020,30,CHIRPS_v2,UCSB-CHG/CHIRPS/DAILY,1991-2020,IBGE_2024
5000856,Angélica,MS,1283.629,9,set,101.64726642002145,OK,1991,2020,30,CHIRPS_v2,UCSB-CHG/CHIRPS/DAILY,1991-2020,IBGE_2024
5007976,Taquarussu,MS,1052.232,9,set,99.78415210016271,OK,1991,2020,30,CHIRPS_v2,UCSB-CHG/CHIRPS/DAILY,1991-2020,IBGE_2024
5006200,Nova Andradina,MS,4768.118,9,set,91.86151466919418,OK,1991,2020,30,CHIRPS_v2,UCSB-CHG/CHIRPS/DAILY,1991-2020,IBGE_2024
5006259,Novo Horizonte do Sul,MS,849.19,9,set,106.62878991127147,OK,1991,2020,30,CHIRPS_v2,UCSB-CHG/CHIRPS/DAILY,1991-2020,IBGE_2024
5004700,Ivinhema,MS,2003.43,9,set,109.65821354619449,OK,1991,2020,30,CHIRPS_v2,UCSB-CHG/CHIRPS/DAILY,1991-2020,IBGE_2024
5002001,Batayporã,MS,1826.578,9,set,95.68950727219504,OK,1991,2020,30,CHIRPS_v2,UCSB-CHG/CHIRPS/DAILY,1991-2020,IBGE_2024
5000609,Amambai,MS,4193.742,9,set,113.61348376649764,OK,1991,2020,30,CHIRPS_v2,UCSB-CHG/CHIRPS/DAILY,1991-2020,IBGE_2024
5007950,Tacuru,MS,1784.207,9,set,118.13912494217905,OK,1991,2020,30,CHIRPS_v2,UCSB-CHG/CHIRPS/DAILY,1991-2020,IBGE_2024
5007703,Sete Quedas,MS,839.117,9,set,114.46659105566007,OK,1991,2020,30,CHIRPS_v2,UCSB-CHG/CHIRPS/DAILY,1991-2020,IBGE_2024
5205109,Catalão,GO,3826.37,9,set,38.86607587054142,OK,1991,2020,30,CHIRPS_v2,UCSB-CHG/CHIRPS/DAILY,1991-2020,IBGE_2024
5221304,Três Ranchos,GO,284.034,9,set,39.678694124778225,OK,1991,2020,30,CHIRPS_v2,UCSB-CHG/CHIRPS/DAILY,1991-2020,IBGE_2024
5208509,Goiandira,GO,569.917,9,set,44.68269440892386,OK,1991,2020,30,CHIRPS_v2,UCSB-CHG/CHIRPS/DAILY,1991-2020,IBGE_2024
5215504,Ouvidor,GO,411.318,9,set,41.16345127405308,OK,1991,2020,30,CHIRPS_v2,UCSB-CHG/CHIRPS/DAILY,1991-2020,IBGE_2024
5204805,Campo Alegre de Goiás,GO,2450.111,9,set,37.42815898608731,OK,1991,2020,30,CHIRPS_v2,UCSB-CHG/CHIRPS/DAILY,1991-2020,IBGE_2024
5201207,Anhanguera,GO,55.569,9,set,43.71673639042972,OK,1991,2020,30,CHIRPS_v2,UCSB-CHG/CHIRPS/DAILY,1991-2020,IBGE_2024
5214804,Nova Aurora,GO,307.335,9,set,44.187084980823165,OK,1991,2020,30,CHIRPS_v2,UCSB-CHG/CHIRPS/DAILY,1991-2020,IBGE_2024
5206602,Cumari,GO,568.365,9,set,43.372650790800606,OK,1991,2020,30,CHIRPS_v2,UCSB-CHG/CHIRPS/DAILY,1991-2020,IBGE_2024
5206909,Davinópolis,GO,482.857,9,set,37.35083894928639,OK,1991,2020,30,CHIRPS_v2,UCSB-CHG/CHIRPS/DAILY,1991-2020,IBGE_2024
5221809,Urutaí,GO,623.821,9,set,45.256936781728676,OK,1991,2020,30,CHIRPS_v2,UCSB-CHG/CHIRPS/DAILY,1991-2020,IBGE_2024
5204250,Cachoeira Dourada,GO,528.281,9,set,52.92042652148989,OK,1991,2020,30,CHIRPS_v2,UCSB-CHG/CHIRPS/DAILY,1991-2020,IBGE_2024
5212105,Joviânia,GO,446.258,9,set,47.165877300136835,OK,1991,2020,30,CHIRPS_v2,UCSB-CHG/CHIRPS/DAILY,1991-2020,IBGE_2024
5203906,Buriti Alegre,GO,901.932,9,set,46.734861937654365,OK,1991,2020,30,CHIRPS_v2,UCSB-CHG/CHIRPS/DAILY,1991-2020,IBGE_2024
5203500,Bom Jesus de Goiás,GO,1405.605,9,set,46.401795914459846,OK,1991,2020,30,CHIRPS_v2,UCSB-CHG/CHIRPS/DAILY,1991-2020,IBGE_2024
5211503,Itumbiara,GO,2447.014,9,set,48.91988263029224,OK,1991,2020,30,CHIRPS_v2,UCSB-CHG/CHIRPS/DAILY,1991-2020,IBGE_2024
5200506,Aloândia,GO,102.094,9,set,45.716652266099366,OK,1991,2020,30,CHIRPS_v2,UCSB-CHG/CHIRPS/DAILY,1991-2020,IBGE_2024
5209101,Goiatuba,GO,2479.58,9,set,47.79381253726399,OK,1991,2020,30,CHIRPS_v2,UCSB-CHG/CHIRPS/DAILY,1991-2020,IBGE_2024
5216007,Panamá,GO,432.204,9,set,47.24974834478402,OK,1991,2020,30,CHIRPS_v2,UCSB-CHG/CHIRPS/DAILY,1991-2020,IBGE_2024
5205901,Corumbaíba,GO,1864.277,9,set,44.37668375691302,OK,1991,2020,30,CHIRPS_v2,UCSB-CHG/CHIRPS/DAILY,1991-2020,IBGE_2024
5212907,Marzagão,GO,225.518,9,set,46.154605843109444,OK,1991,2020,30,CHIRPS_v2,UCSB-CHG/CHIRPS/DAILY,1991-2020,IBGE_2024
5204508,Caldas Novas,GO,1608.523,9,set,46.63157890323714,OK,1991,2020,30,CHIRPS_v2,UCSB-CHG/CHIRPS/DAILY,1991-2020,IBGE_2024
5218789,Rio Quente,GO,244.655,9,set,47.46428252411506,OK,1991,2020,30,CHIRPS_v2,UCSB-CHG/CHIRPS/DAILY,1991-2020,IBGE_2024
5200209,Água Limpa,GO,458.836,9,set,45.93279007394206,OK,1991,2020,30,CHIRPS_v2,UCSB-CHG/CHIRPS/DAILY,1991-2020,IBGE_2024
5213004,Maurilândia,GO,389.959,9,set,46.660044100770676,OK,1991,2020,30,CHIRPS_v2,UCSB-CHG/CHIRPS/DAILY,1991-2020,IBGE_2024
5205059,Castelândia,GO,299.228,9,set,45.02396826720826,OK,1991,2020,30,CHIRPS_v2,UCSB-CHG/CHIRPS/DAILY,1991-2020,IBGE_2024
5212253,Lagoa Santa,GO,463.289,9,set,54.38431312803109,OK,1991,2020,30,CHIRPS_v2,UCSB-CHG/CHIRPS/DAILY,1991-2020,IBGE_2024
5204102,Cachoeira Alta,GO,1657.226,9,set,54.30582718923174,OK,1991,2020,30,CHIRPS_v2,UCSB-CHG/CHIRPS/DAILY,1991-2020,IBGE_2024
5204300,Caçu,GO,2254.34,9,set,55.663415623385255,OK,1991,2020,30,CHIRPS_v2,UCSB-CHG/CHIRPS/DAILY,1991-2020,IBGE_2024
5211305,Itarumã,GO,3437.367,9,set,55.88950636020586,OK,1991,2020,30,CHIRPS_v2,UCSB-CHG/CHIRPS/DAILY,1991-2020,IBGE_2024
5210802,Itajá,GO,2082.737,9,set,55.86203721992725,OK,1991,2020,30,CHIRPS_v2,UCSB-CHG/CHIRPS/DAILY,1991-2020,IBGE_2024
5218052,Porteirão,GO,606.273,9,set,49.19212656381371,OK,1991,2020,30,CHIRPS_v2,UCSB-CHG/CHIRPS/DAILY,1991-2020,IBGE_2024
5201454,Aparecida do Rio Doce,GO,603.254,9,set,61.251663703563345,OK,1991,2020,30,CHIRPS_v2,UCSB-CHG/CHIRPS/DAILY,1991-2020,IBGE_2024
5201504,Aporé,GO,2899.237,9,set,57.94987261404162,OK,1991,2020,30,CHIRPS_v2,UCSB-CHG/CHIRPS/DAILY,1991-2020,IBGE_2024
5220405,São Simão,GO,415.015,9,set,50.32216730014779,OK,1991,2020,30,CHIRPS_v2,UCSB-CHG/CHIRPS/DAILY,1991-2020,IBGE_2024
5218508,Quirinópolis,GO,3786.026,9,set,48.07196440369837,OK,1991,2020,30,CHIRPS_v2,UCSB-CHG/CHIRPS/DAILY,1991-2020,IBGE_2024
5209937,Inaciolândia,GO,689.201,9,set,46.83470053579577,OK,1991,2020,30,CHIRPS_v2,UCSB-CHG/CHIRPS/DAILY,1991-2020,IBGE_2024
5209150,Gouvelândia,GO,827.373,9,set,46.99796142684523,OK,1991,2020,30,CHIRPS_v2,UCSB-CHG/CHIRPS/DAILY,1991-2020,IBGE_2024
5216304,Paranaiguara,GO,1153.415,9,set,48.69135181825126,OK,1991,2020,30,CHIRPS_v2,UCSB-CHG/CHIRPS/DAILY,1991-2020,IBGE_2024
