cd_mun,nm_mun,sigla_uf,area_km2,mes,nome_mes,normal_mm,status_dados,ano_inicial,ano_final,numero_anos,fonte,colecao_gee,periodo_referencia,malha_municipal
1200401,Rio Branco,AC,8834.832,7,jul,29.429722269948137,OK,1991,2020,30,CHIRPS_v2,UCSB-CHG/CHIRPS/DAILY,1991-2020,IBGE_2024
1200807,Porto Acre,AC,2603.942,7,jul,25.141545521630846,OK,1991,2020,30,CHIRPS_v2,UCSB-CHG/CHIRPS/DAILY,1991-2020,IBGE_2024
1200385,Plácido de Castro,AC,1952.531,7,jul,25.08245297380615,OK,1991,2020,30,CHIRPS_v2,UCSB-CHG/CHIRPS/DAILY,1991-2020,IBGE_2024
1200450,Senador Guiomard,AC,2320.956,7,jul,22.60266757911025,OK,1991,2020,30,CHIRPS_v2,UCSB-CHG/CHIRPS/DAILY,1991-2020,IBGE_2024
1200179,Capixaba,AC,1705.236,7,jul,27.955717566714977,OK,1991,2020,30,CHIRPS_v2,UCSB-CHG/CHIRPS/DAILY,1991-2020,IBGE_2024
1200138,Bujari,AC,3035.547,7,jul,28.19072846482222,OK,1991,2020,30,CHIRPS_v2,UCSB-CHG/CHIRPS/DAILY,1991-2020,IBGE_2024
1200054,Assis Brasil,AC,4968.527,7,jul,31.12746948140357,OK,1991,2020,30,CHIRPS_v2,UCSB-CHG/CHIRPS/DAILY,1991-2020,IBGE_2024
1200252,Epitaciolândia,AC,1652.715,7,jul,21.738947241522812,OK,1991,2020,30,CHIRPS_v2,UCSB-CHG/CHIRPS/DAILY,1991-2020,IBGE_2024
1200708,Xapuri,AC,5350.3,7,jul,26.85828664295754,OK,1991,2020,30,CHIRPS_v2,UCSB-CHG/CHIRPS/DAILY,1991-2020,IBGE_2024
1200104,Brasiléia,AC,3928.821,7,jul,25.693100836217624,OK,1991,2020,30,CHIRPS_v2,UCSB-CHG/CHIRPS/DAILY,1991-2020,IBGE_2024
1200435,Santa Rosa do Purus,AC,6144.95,7,jul,47.52236126373381,OK,1991,2020,30,CHIRPS_v2,UCSB-CHG/CHIRPS/DAILY,1991-2020,IBGE_2024
1200500,Sena Madureira,AC,23748.843,7,jul,29.24750958871402,OK,1991,2020,30,CHIRPS_v2,UCSB-CHG/CHIRPS/DAILY,1991-2020,IBGE_2024
1200344,Manoel Urbano,AC,10615.134,7,jul,36.479631001489004,OK,1991,2020,30,CHIRPS_v2,UCSB-CHG/CHIRPS/DAILY,1991-2020,IBGE_2024
1200351,Marechal Thaumaturgo,AC,8185.635,7,jul,51.436142848180204,OK,1991,2020,30,CHIRPS_v2,UCSB-CHG/CHIRPS/DAILY,1991-2020,IBGE_2024
1200336,Mâncio Lima,AC,5414.073,7,jul,81.55462209516492,OK,1991,2020,30,CHIRPS_v2,UCSB-CHG/CHIRPS/DAILY,1991-2020,IBGE_2024
1200427,Rodrigues Alves,AC,3082.396,7,jul,74.8202621368518,OK,1991,2020,30,CHIRPS_v2,UCSB-CHG/CHIRPS/DAILY,1991-2020,IBGE_2024
1200393,Porto Walter,AC,6452.756,7,jul,57.97801964333328,OK,1991,2020,30,CHIRPS_v2,UCSB-CHG/CHIRPS/DAILY,1991-2020,IBGE_2024
1200203,Cruzeiro do Sul,AC,8793.341,7,jul,60.63938149753781,OK,1991,2020,30,CHIRPS_v2,UCSB-CHG/CHIRPS/DAILY,1991-2020,IBGE_2024
1200328,Jordão,AC,5346.443,7,jul,45.94191022778131,OK,1991,2020,30,CHIRPS_v2,UCSB-CHG/CHIRPS/DAILY,1991-2020,IBGE_2024
1200302,Feijó,AC,27946.684,7,jul,42.996630023472804,OK,1991,2020,30,CHIRPS_v2,UCSB-CHG/CHIRPS/DAILY,1991-2020,IBGE_2024
1200609,Tarauacá,AC,20169.487,7,jul,48.400747693437694,OK,1991,2020,30,CHIRPS_v2,UCSB-CHG/CHIRPS/DAILY,1991-2020,IBGE_2024
1303536,Presidente Figueiredo,AM,25027.907,7,jul,163.37701009044466,OK,1991,2020,30,CHIRPS_v2,UCSB-CHG/CHIRPS/DAILY,1991-2020,IBGE_2024
1303809,São Gabriel da Cachoeira,AM,108700.19,7,jul,309.05586663299795,OK,1991,2020,30,CHIRPS_v2,UCSB-CHG/CHIRPS/DAILY,1991-2020,IBGE_2024
1303601,Santa Isabel do Rio Negro,AM,62470.219,7,jul,238.15455803230313,OK,1991,2020,30,CHIRPS_v2,UCSB-CHG/CHIRPS/DAILY,1991-2020,IBGE_2024
1300409,Barcelos,AM,122453.454,7,jul,222.09118353904853,OK,1991,2020,30,CHIRPS_v2,UCSB-CHG/CHIRPS/DAILY,1991-2020,IBGE_2024
1302306,Jutaí,AM,68971.126,7,jul,117.07957596093217,OK,1991,2020,30,CHIRPS_v2,UCSB-CHG/CHIRPS/DAILY,1991-2020,IBGE_2024
1302108,Japurá,AM,55964.231,7,jul,234.47230253055514,OK,1991,2020,30,CHIRPS_v2,UCSB-CHG/CHIRPS/DAILY,1991-2020,IBGE_2024
1301001,Carauari,AM,25771.943,7,jul,93.13706662741595,OK,1991,2020,30,CHIRPS_v2,UCSB-CHG/CHIRPS/DAILY,1991-2020,IBGE_2024
1303700,Santo Antônio do Içá,AM,12482.067,7,jul,149.65423956464048,OK,1991,2020,30,CHIRPS_v2,UCSB-CHG/CHIRPS/DAILY,1991-2020,IBGE_2024
1304062,Tabatinga,AM,3279.046,7,jul,125.2122733843169,OK,1991,2020,30,CHIRPS_v2,UCSB-CHG/CHIRPS/DAILY,1991-2020,IBGE_2024
1303908,São Paulo de Olivença,AM,19615.643,7,jul,117.23004798124526,OK,1991,2020,30,CHIRPS_v2,UCSB-CHG/CHIRPS/DAILY,1991-2020,IBGE_2024
1304237,Tonantins,AM,6336.62,7,jul,171.82644803457868,OK,1991,2020,30,CHIRPS_v2,UCSB-CHG/CHIRPS/DAILY,1991-2020,IBGE_2024
1300607,Benjamin Constant,AM,9100.432,7,jul,102.86076915928939,OK,1991,2020,30,CHIRPS_v2,UCSB-CHG/CHIRPS/DAILY,1991-2020,IBGE_2024
1300201,Atalaia do Norte,AM,76313.455,7,jul,100.26660328656506,OK,1991,2020,30,CHIRPS_v2,UCSB-CHG/CHIRPS/DAILY,1991-2020,IBGE_2024
1300060,Amaturá,AM,4658.391,7,jul,137.93004545293056,OK,1991,2020,30,CHIRPS_v2,UCSB-CHG/CHIRPS/DAILY,1991-2020,IBGE_2024
1301803,Ipixuna,AM,12437.643,7,jul,66.21655625406892,OK,1991,2020,30,CHIRPS_v2,UCSB-CHG/CHIRPS/DAILY,1991-2020,IBGE_2024
1301654,Guajará,AM,7427.071,7,jul,70.10809437498757,OK,1991,2020,30,CHIRPS_v2,UCSB-CHG/CHIRPS/DAILY,1991-2020,IBGE_2024
1301951,Itamarati,AM,25509.236,7,jul,50.838909183645356,OK,1991,2020,30,CHIRPS_v2,UCSB-CHG/CHIRPS/DAILY,1991-2020,IBGE_2024
1301506,Envira,AM,7419.658,7,jul,48.12965793864884,OK,1991,2020,30,CHIRPS_v2,UCSB-CHG/CHIRPS/DAILY,1991-2020,IBGE_2024
1301407,Eirunepé,AM,15189.428,7,jul,61.07524716599528,OK,1991,2020,30,CHIRPS_v2,UCSB-CHG/CHIRPS/DAILY,1991-2020,IBGE_2024
1304104,Tapauá,AM,84697.765,7,jul,57.02138558534936,OK,1991,2020,30,CHIRPS_v2,UCSB-CHG/CHIRPS/DAILY,1991-2020,IBGE_2024
1303502,Pauini,AM,41637.294,7,jul,38.270551036012705,OK,1991,2020,30,CHIRPS_v2,UCSB-CHG/CHIRPS/DAILY,1991-2020,IBGE_2024
1300706,Boca do Acre,AM,21949.686,7,jul,29.683910109824936,OK,1991,2020,30,CHIRPS_v2,UCSB-CHG/CHIRPS/DAILY,1991-2020,IBGE_2024
1302405,Lábrea,AM,68349.909,7,jul,26.28608316619912,OK,1991,2020,30,CHIRPS_v2,UCSB-CHG/CHIRPS/DAILY,1991-2020,IBGE_2024
1303007,Nhamundá,AM,14077.252,7,jul,120.25233092037668,OK,1991,2020,30,CHIRPS_v2,UCSB-CHG/CHIRPS/DAILY,1991-2020,IBGE_2024
1304302,Urucará,AM,27851.365,7,jul,166.34644000394516,OK,1991,2020,30,CHIRPS_v2,UCSB-CHG/CHIRPS/DAILY,1991-2020,IBGE_2024
1400100,Boa Vista,RR,5687.037,7,jul,294.94898848191633,OK,1991,2020,30,CHIRPS_v2,UCSB-CHG/CHIRPS/DAILY,1991-2020,IBGE_2024
1400050,Alto Alegre,RR,25424.287,7,jul,203.57948353501664,OK,1991,2020,30,CHIRPS_v2,UCSB-CHG/CHIRPS/DAILY,1991-2020,IBGE_2024
1400308,Mucajaí,RR,12337.85,7,jul,282.7155123525188,OK,1991,2020,30,CHIRPS_v2,UCSB-CHG/CHIRPS/DAILY,1991-2020,IBGE_2024
1400175,Cantá,RR,7664.831,7,jul,312.40881897103225,OK,1991,2020,30,CHIRPS_v2,UCSB-CHG/CHIRPS/DAILY,1991-2020,IBGE_2024
1400159,Bonfim,RR,8079.84,7,jul,311.6959588449041,OK,1991,2020,30,CHIRPS_v2,UCSB-CHG/CHIRPS/DAILY,1991-2020,IBGE_2024
1400407,Normandia,RR,6959.982,7,jul,269.1486142368247,OK,1991,2020,30,CHIRPS_v2,UCSB-CHG/CHIRPS/DAILY,1991-2020,IBGE_2024
1400456,Pacaraima,RR,8019.088,7,jul,285.27902176450016,OK,1991,2020,30,CHIRPS_v2,UCSB-CHG/CHIRPS/DAILY,1991-2020,IBGE_2024
1400704,Uiramutã,RR,8102.219,7,jul,239.41839103946253,OK,1991,2020,30,CHIRPS_v2,UCSB-CHG/CHIRPS/DAILY,1991-2020,IBGE_2024
1400027,Amajari,RR,28370.592,7,jul,272.41095958457004,OK,1991,2020,30,CHIRPS_v2,UCSB-CHG/CHIRPS/DAILY,1991-2020,IBGE_2024
1400605,São Luiz do Anauá,RR,1526.9,7,jul,304.10602568502173,OK,1991,2020,30,CHIRPS_v2,UCSB-CHG/CHIRPS/DAILY,1991-2020,IBGE_2024
1400506,São João da Baliza,RR,4284.503,7,jul,284.18073890919123,OK,1991,2020,30,CHIRPS_v2,UCSB-CHG/CHIRPS/DAILY,1991-2020,IBGE_2024
1400472,Rorainópolis,RR,33579.445,7,jul,260.1757929339093,OK,1991,2020,30,CHIRPS_v2,UCSB-CHG/CHIRPS/DAILY,1991-2020,IBGE_2024
1400233,Caroebe,RR,12064.399,7,jul,266.97695349440096,OK,1991,2020,30,CHIRPS_v2,UCSB-CHG/CHIRPS/DAILY,1991-2020,IBGE_2024
1400282,Iracema,RR,14018.766,7,jul,243.72728997624458,OK,1991,2020,30,CHIRPS_v2,UCSB-CHG/CHIRPS/DAILY,1991-2020,IBGE_2024
1400209,Caracaraí,RR,47385.318,7,jul,279.46758531015087,OK,1991,2020,30,CHIRPS_v2,UCSB-CHG/CHIRPS/DAILY,1991-2020,IBGE_2024
1500404,Alenquer,PA,23644.384,7,jul,117.54215730687204,OK,1991,2020,30,CHIRPS_v2,UCSB-CHG/CHIRPS/DAILY,1991-2020,IBGE_2024
1504802,Monte Alegre,PA,18151.323,7,jul,109.9301523502131,OK,1991,2020,30,CHIRPS_v2,UCSB-CHG/CHIRPS/DAILY,1991-2020,IBGE_2024
1505304,Oriximiná,PA,107560.161,7,jul,198.7545538354425,OK,1991,2020,30,CHIRPS_v2,UCSB-CHG/CHIRPS/DAILY,1991-2020,IBGE_2024
1505106,Óbidos,PA,28009.656,7,jul,138.65596221114643,OK,1991,2020,30,CHIRPS_v2,UCSB-CHG/CHIRPS/DAILY,1991-2020,IBGE_2024
1500503,Almeirim,PA,72968.578,7,jul,166.86776457770983,OK,1991,2020,30,CHIRPS_v2,UCSB-CHG/CHIRPS/DAILY,1991-2020,IBGE_2024
1500305,Afuá,PA,8338.438,7,jul,199.97880278907436,OK,1991,2020,30,CHIRPS_v2,UCSB-CHG/CHIRPS/DAILY,1991-2020,IBGE_2024
1502509,Chaves,PA,12534.995,7,jul,180.96044935497147,OK,1991,2020,30,CHIRPS_v2,UCSB-CHG/CHIRPS/DAILY,1991-2020,IBGE_2024
1600303,Macapá,AP,6563.849,7,jul,179.025274225354,OK,1991,2020,30,CHIRPS_v2,UCSB-CHG/CHIRPS/DAILY,1991-2020,IBGE_2024
1600600,Santana,AP,1541.225,7,jul,193.68365682917323,OK,1991,2020,30,CHIRPS_v2,UCSB-CHG/CHIRPS/DAILY,1991-2020,IBGE_2024
1600253,Itaubal,AP,1622.867,7,jul,188.6485635083564,OK,1991,2020,30,CHIRPS_v2,UCSB-CHG/CHIRPS/DAILY,1991-2020,IBGE_2024
1600402,Mazagão,AP,13294.778,7,jul,201.23532084829517,OK,1991,2020,30,CHIRPS_v2,UCSB-CHG/CHIRPS/DAILY,1991-2020,IBGE_2024
1600279,Laranjal do Jari,AP,30542.284,7,jul,187.32765377592676,OK,1991,2020,30,CHIRPS_v2,UCSB-CHG/CHIRPS/DAILY,1991-2020,IBGE_2024
1600212,Cutias,AP,2179.114,7,jul,157.69002121425862,OK,1991,2020,30,CHIRPS_v2,UCSB-CHG/CHIRPS/DAILY,1991-2020,IBGE_2024
1600204,Calçoene,AP,14117.297,7,jul,203.77516952841637,OK,1991,2020,30,CHIRPS_v2,UCSB-CHG/CHIRPS/DAILY,1991-2020,IBGE_2024
1600105,Amapá,AP,8454.846,7,jul,166.54040153646008,OK,1991,2020,30,CHIRPS_v2,UCSB-CHG/CHIRPS/DAILY,1991-2020,IBGE_2024
1600501,Oiapoque,AP,23058.224,7,jul,196.81333877778715,OK,1991,2020,30,CHIRPS_v2,UCSB-CHG/CHIRPS/DAILY,1991-2020,IBGE_2024
1600550,Pracuúba,AP,4948.508,7,jul,203.9575732286209,OK,1991,2020,30,CHIRPS_v2,UCSB-CHG/CHIRPS/DAILY,1991-2020,IBGE_2024
1600709,Tartarugalzinho,AP,6684.705,7,jul,177.32985268501946,OK,1991,2020,30,CHIRPS_v2,UCSB-CHG/CHIRPS/DAILY,1991-2020,IBGE_2024
1600238,Ferreira Gomes,AP,4973.855,7,jul,187.1813495827952,OK,1991,2020,30,CHIRPS_v2,UCSB-CHG/CHIRPS/DAILY,1991-2020,IBGE_2024
1600154,Pedra Branca do Amapari,AP,9622.29,7,jul,186.7663781630992,OK,1991,2020,30,CHIRPS_v2,UCSB-CHG/CHIRPS/DAILY,1991-2020,IBGE_2024
1600535,Porto Grande,AP,4428.013,7,jul,191.32257987309953,OK,1991,2020,30,CHIRPS_v2,UCSB-CHG/CHIRPS/DAILY,1991-2020,IBGE_2024
1600055,Serra do Navio,AP,7713.046,7,jul,198.7302116115501,OK,1991,2020,30,CHIRPS_v2,UCSB-CHG/CHIRPS/DAILY,1991-2020,IBGE_2024
2111201,São José de Ribamar,MA,180.266,7,jul,124.91676830040159,OK,1991,2020,30,CHIRPS_v2,UCSB-CHG/CHIRPS/DAILY,1991-2020,IBGE_2024
2111300,São Luís,MA,583.063,7,jul,130.00011833491266,OK,1991,2020,30,CHIRPS_v2,UCSB-CHG/CHIRPS/DAILY,1991-2020,IBGE_2024
2109452,Raposa,MA,79.213,7,jul,116.4475722296401,OK,1991,2020,30,CHIRPS_v2,UCSB-CHG/CHIRPS/DAILY,1991-2020,IBGE_2024
2107506,Paço do Lumiar,MA,127.275,7,jul,122.31410421911708,OK,1991,2020,30,CHIRPS_v2,UCSB-CHG/CHIRPS/DAILY,1991-2020,IBGE_2024
2102374,Cachoeira Grande,MA,707.236,7,jul,55.21830322450917,OK,1991,2020,30,CHIRPS_v2,UCSB-CHG/CHIRPS/DAILY,1991-2020,IBGE_2024
2110203,Santa Rita,MA,756.797,7,jul,71.75299351499426,OK,1991,2020,30,CHIRPS_v2,UCSB-CHG/CHIRPS/DAILY,1991-2020,IBGE_2024
2109601,Rosário,MA,647.998,7,jul,94.81341258699912,OK,1991,2020,30,CHIRPS_v2,UCSB-CHG/CHIRPS/DAILY,1991-2020,IBGE_2024
2109205,Presidente Juscelino,MA,355.568,7,jul,71.73866380450845,OK,1991,2020,30,CHIRPS_v2,UCSB-CHG/CHIRPS/DAILY,1991-2020,IBGE_2024
2101251,Bacabeira,MA,542.961,7,jul,100.23077613983087,OK,1991,2020,30,CHIRPS_v2,UCSB-CHG/CHIRPS/DAILY,1991-2020,IBGE_2024
2101103,Axixá,MA,160.462,7,jul,97.77979153193007,OK,1991,2020,30,CHIRPS_v2,UCSB-CHG/CHIRPS/DAILY,1991-2020,IBGE_2024
2100204,Alcântara,MA,1167.964,7,jul,103.54890299484462,OK,1991,2020,30,CHIRPS_v2,UCSB-CHG/CHIRPS/DAILY,1991-2020,IBGE_2024
2107100,Morros,MA,1712.121,7,jul,59.04673756387305,OK,1991,2020,30,CHIRPS_v2,UCSB-CHG/CHIRPS/DAILY,1991-2020,IBGE_2024
2105104,Icatu,MA,1124.446,7,jul,102.17570242580398,OK,1991,2020,30,CHIRPS_v2,UCSB-CHG/CHIRPS/DAILY,1991-2020,IBGE_2024
2101905,Bequimão,MA,790.222,7,jul,96.86770078075376,OK,1991,2020,30,CHIRPS_v2,UCSB-CHG/CHIRPS/DAILY,1991-2020,IBGE_2024
2110500,São Bento,MA,456.998,7,jul,81.93405564524194,OK,1991,2020,30,CHIRPS_v2,UCSB-CHG/CHIRPS/DAILY,1991-2020,IBGE_2024
2101350,Bacurituba,MA,413.651,7,jul,76.60816695810428,OK,1991,2020,30,CHIRPS_v2,UCSB-CHG/CHIRPS/DAILY,1991-2020,IBGE_2024
2109809,Santa Helena,MA,2191.164,7,jul,113.18062616648767,OK,1991,2020,30,CHIRPS_v2,UCSB-CHG/CHIRPS/DAILY,1991-2020,IBGE_2024
2108603,Pinheiro,MA,1512.969,7,jul,105.59066477851957,OK,1991,2020,30,CHIRPS_v2,UCSB-CHG/CHIRPS/DAILY,1991-2020,IBGE_2024
2108405,Peri Mirim,MA,397.993,7,jul,92.96242623098931,OK,1991,2020,30,CHIRPS_v2,UCSB-CHG/CHIRPS/DAILY,1991-2020,IBGE_2024
2107605,Palmeirândia,MA,532.161,7,jul,92.20503885585202,OK,1991,2020,30,CHIRPS_v2,UCSB-CHG/CHIRPS/DAILY,1991-2020,IBGE_2024
2103208,Chapadinha,MA,3248.774,7,jul,19.498606721448283,OK,1991,2020,30,CHIRPS_v2,UCSB-CHG/CHIRPS/DAILY,1991-2020,IBGE_2024
2110104,Santa Quitéria do Maranhão,MA,1430.329,7,jul,30.270623018900412,OK,1991,2020,30,CHIRPS_v2,UCSB-CHG/CHIRPS/DAILY,1991-2020,IBGE_2024
2102101,Brejo,MA,1073.257,7,jul,24.929506835479646,OK,1991,2020,30,CHIRPS_v2,UCSB-CHG/CHIRPS/DAILY,1991-2020,IBGE_2024
2110401,São Benedito do Rio Preto,MA,931.484,7,jul,43.187847529940925,OK,1991,2020,30,CHIRPS_v2,UCSB-CHG/CHIRPS/DAILY,1991-2020,IBGE_2024
2102200,Buriti,MA,1475.78,7,jul,20.904896865757138,OK,1991,2020,30,CHIRPS_v2,UCSB-CHG/CHIRPS/DAILY,1991-2020,IBGE_2024
2101731,Belágua,MA,569.606,7,jul,40.307974914070236,OK,1991,2020,30,CHIRPS_v2,UCSB-CHG/CHIRPS/DAILY,1991-2020,IBGE_2024
2100808,Anapurus,MA,608.903,7,jul,19.630364002743743,OK,1991,2020,30,CHIRPS_v2,UCSB-CHG/CHIRPS/DAILY,1991-2020,IBGE_2024
2106672,Milagres do Maranhão,MA,634.818,7,jul,31.01268722872698,OK,1991,2020,30,CHIRPS_v2,UCSB-CHG/CHIRPS/DAILY,1991-2020,IBGE_2024
2106409,Mata Roma,MA,548.581,7,jul,15.267033748541929,OK,1991,2020,30,CHIRPS_v2,UCSB-CHG/CHIRPS/DAILY,1991-2020,IBGE_2024
2112605,Urbano Santos,MA,1706.196,7,jul,30.72923835010387,OK,1991,2020,30,CHIRPS_v2,UCSB-CHG/CHIRPS/DAILY,1991-2020,IBGE_2024
2102705,Cantanhede,MA,773.009,7,jul,44.20406399560856,OK,1991,2020,30,CHIRPS_v2,UCSB-CHG/CHIRPS/DAILY,1991-2020,IBGE_2024
2109304,Presidente Vargas,MA,460.004,7,jul,46.08748356412094,OK,1991,2020,30,CHIRPS_v2,UCSB-CHG/CHIRPS/DAILY,1991-2020,IBGE_2024
2100709,Anajatuba,MA,940.489,7,jul,63.835602950693705,OK,1991,2020,30,CHIRPS_v2,UCSB-CHG/CHIRPS/DAILY,1991-2020,IBGE_2024
2108801,Pirapemas,MA,688.761,7,jul,38.464331028876046,OK,1991,2020,30,CHIRPS_v2,UCSB-CHG/CHIRPS/DAILY,1991-2020,IBGE_2024
2107209,Nina Rodrigues,MA,570.938,7,jul,49.067692855455725,OK,1991,2020,30,CHIRPS_v2,UCSB-CHG/CHIRPS/DAILY,1991-2020,IBGE_2024
2106631,Matões do Norte,MA,794.454,7,jul,38.30151858446386,OK,1991,2020,30,CHIRPS_v2,UCSB-CHG/CHIRPS/DAILY,1991-2020,IBGE_2024
2106755,Miranda do Norte,MA,341.107,7,jul,40.98504998461001,OK,1991,2020,30,CHIRPS_v2,UCSB-CHG/CHIRPS/DAILY,1991-2020,IBGE_2024
2105401,Itapecuru Mirim,MA,1480.641,7,jul,48.43749289475274,OK,1991,2020,30,CHIRPS_v2,UCSB-CHG/CHIRPS/DAILY,1991-2020,IBGE_2024
2112704,Vargem Grande,MA,1958.702,7,jul,30.970673316543653,OK,1991,2020,30,CHIRPS_v2,UCSB-CHG/CHIRPS/DAILY,1991-2020,IBGE_2024
2102507,Cajari,MA,662.066,7,jul,43.52727008389449,OK,1991,2020,30,CHIRPS_v2,UCSB-CHG/CHIRPS/DAILY,1991-2020,IBGE_2024
2102408,Cajapió,MA,545.244,7,jul,95.86323244083869,OK,1991,2020,30,CHIRPS_v2,UCSB-CHG/CHIRPS/DAILY,1991-2020,IBGE_2024
2111003,São João Batista,MA,649.957,7,jul,72.81228250097254,OK,1991,2020,30,CHIRPS_v2,UCSB-CHG/CHIRPS/DAILY,1991-2020,IBGE_2024
2101004,Arari,MA,1099.81,7,jul,42.92742389209935,OK,1991,2020,30,CHIRPS_v2,UCSB-CHG/CHIRPS/DAILY,1991-2020,IBGE_2024
2107456,Olinda Nova do Maranhão,MA,199.879,7,jul,74.71908578047433,OK,1991,2020,30,CHIRPS_v2,UCSB-CHG/CHIRPS/DAILY,1991-2020,IBGE_2024
2106508,Matinha,MA,410.633,7,jul,68.40737403077462,OK,1991,2020,30,CHIRPS_v2,UCSB-CHG/CHIRPS/DAILY,1991-2020,IBGE_2024
2112803,Viana,MA,1166.745,7,jul,61.71142982780584,OK,1991,2020,30,CHIRPS_v2,UCSB-CHG/CHIRPS/DAILY,1991-2020,IBGE_2024
2112902,Vitória do Mearim,MA,715.625,7,jul,37.49777106342454,OK,1991,2020,30,CHIRPS_v2,UCSB-CHG/CHIRPS/DAILY,1991-2020,IBGE_2024
2111706,São Vicente Ferrer,MA,393.927,7,jul,76.99310623191988,OK,1991,2020,30,CHIRPS_v2,UCSB-CHG/CHIRPS/DAILY,1991-2020,IBGE_2024
2110278,Santo Amaro do Maranhão,MA,1582.806,7,jul,67.4985450581133,OK,1991,2020,30,CHIRPS_v2,UCSB-CHG/CHIRPS/DAILY,1991-2020,IBGE_2024
2101707,Barreirinhas,MA,3046.308,7,jul,45.139744619209985,OK,1991,2020,30,CHIRPS_v2,UCSB-CHG/CHIRPS/DAILY,1991-2020,IBGE_2024
2109403,Primeira Cruz,MA,1337.161,7,jul,67.14799447308278,OK,1991,2020,30,CHIRPS_v2,UCSB-CHG/CHIRPS/DAILY,1991-2020,IBGE_2024
2105005,Humberto de Campos,MA,1714.625,7,jul,74.86706699618881,OK,1991,2020,30,CHIRPS_v2,UCSB-CHG/CHIRPS/DAILY,1991-2020,IBGE_2024
2110609,São Bernardo,MA,1005.823,7,jul,46.33920101015257,OK,1991,2020,30,CHIRPS_v2,UCSB-CHG/CHIRPS/DAILY,1991-2020,IBGE_2024
2110237,Santana do Maranhão,MA,932.032,7,jul,43.00451125742981,OK,1991,2020,30,CHIRPS_v2,UCSB-CHG/CHIRPS/DAILY,1991-2020,IBGE_2024
2100907,Araioses,MA,1789.73,7,jul,37.90753645204104,OK,1991,2020,30,CHIRPS_v2,UCSB-CHG/CHIRPS/DAILY,1991-2020,IBGE_2024
2108058,Paulino Neves,MA,979.482,7,jul,38.22413016885246,OK,1991,2020,30,CHIRPS_v2,UCSB-CHG/CHIRPS/DAILY,1991-2020,IBGE_2024
2100154,Água Doce do Maranhão,MA,442.292,7,jul,40.62044647395206,OK,1991,2020,30,CHIRPS_v2,UCSB-CHG/CHIRPS/DAILY,1991-2020,IBGE_2024
2106300,Magalhães de Almeida,MA,434.433,7,jul,40.82821248149291,OK,1991,2020,30,CHIRPS_v2,UCSB-CHG/CHIRPS/DAILY,1991-2020,IBGE_2024
2112506,Tutóia,MA,1566.081,7,jul,38.82621746165678,OK,1991,2020,30,CHIRPS_v2,UCSB-CHG/CHIRPS/DAILY,1991-2020,IBGE_2024
2111789,Serrano do Maranhão,MA,1185.31,7,jul,135.94156281347142,OK,1991,2020,30,CHIRPS_v2,UCSB-CHG/CHIRPS/DAILY,1991-2020,IBGE_2024
2103703,Cururupu,MA,1255.667,7,jul,109.03558191112441,OK,1991,2020,30,CHIRPS_v2,UCSB-CHG/CHIRPS/DAILY,1991-2020,IBGE_2024
2103109,Cedral,MA,285.211,7,jul,104.14220448278029,OK,1991,2020,30,CHIRPS_v2,UCSB-CHG/CHIRPS/DAILY,1991-2020,IBGE_2024
2103125,Central do Maranhão,MA,319.538,7,jul,110.8403327314905,OK,1991,2020,30,CHIRPS_v2,UCSB-CHG/CHIRPS/DAILY,1991-2020,IBGE_2024
2109056,Porto Rico do Maranhão,MA,244.979,7,jul,106.58352557141984,OK,1991,2020,30,CHIRPS_v2,UCSB-CHG/CHIRPS/DAILY,1991-2020,IBGE_2024
2100832,Apicum-Açu,MA,341.12,7,jul,115.80740120370739,OK,1991,2020,30,CHIRPS_v2,UCSB-CHG/CHIRPS/DAILY,1991-2020,IBGE_2024
2101301,Bacuri,MA,832.084,7,jul,136.16019103648784,OK,1991,2020,30,CHIRPS_v2,UCSB-CHG/CHIRPS/DAILY,1991-2020,IBGE_2024
2106805,Mirinzal,MA,686.944,7,jul,120.30016167116896,OK,1991,2020,30,CHIRPS_v2,UCSB-CHG/CHIRPS/DAILY,1991-2020,IBGE_2024
2104909,Guimarães,MA,478.857,7,jul,97.70384700333084,OK,1991,2020,30,CHIRPS_v2,UCSB-CHG/CHIRPS/DAILY,1991-2020,IBGE_2024
2108702,Pio XII,MA,545.221,7,jul,25.9710580421431,OK,1991,2020,30,CHIRPS_v2,UCSB-CHG/CHIRPS/DAILY,1991-2020,IBGE_2024
2105153,Igarapé do Meio,MA,368.703,7,jul,34.21378290049834,OK,1991,2020,30,CHIRPS_v2,UCSB-CHG/CHIRPS/DAILY,1991-2020,IBGE_2024
2101202,Bacabal,MA,1656.736,7,jul,17.416835427318098,OK,1991,2020,30,CHIRPS_v2,UCSB-CHG/CHIRPS/DAILY,1991-2020,IBGE_2024
2111508,São Mateus do Maranhão,MA,800.045,7,jul,30.38077226699997,OK,1991,2020,30,CHIRPS_v2,UCSB-CHG/CHIRPS/DAILY,1991-2020,IBGE_2024
2111409,São Luís Gonzaga do Maranhão,MA,909.164,7,jul,17.556248132584198,OK,1991,2020,30,CHIRPS_v2,UCSB-CHG/CHIRPS/DAILY,1991-2020,IBGE_2024
2102077,Bom Lugar,MA,445.171,7,jul,13.938181065467296,OK,1991,2020,30,CHIRPS_v2,UCSB-CHG/CHIRPS/DAILY,1991-2020,IBGE_2024
2100436,Alto Alegre do Maranhão,MA,392.751,7,jul,17.248886146658553,OK,1991,2020,30,CHIRPS_v2,UCSB-CHG/CHIRPS/DAILY,1991-2020,IBGE_2024
2105906,Lago Verde,MA,631.455,7,jul,19.698249866024767,OK,1991,2020,30,CHIRPS_v2,UCSB-CHG/CHIRPS/DAILY,1991-2020,IBGE_2024
2103554,Conceição do Lago-Açu,MA,727.133,7,jul,30.09310111127379,OK,1991,2020,30,CHIRPS_v2,UCSB-CHG/CHIRPS/DAILY,1991-2020,IBGE_2024
2111672,São Roberto,MA,226.811,7,jul,13.181913630088728,OK,1991,2020,30,CHIRPS_v2,UCSB-CHG/CHIRPS/DAILY,1991-2020,IBGE_2024
2111631,São Raimundo do Doca Bezerra,MA,419.55,7,jul,12.659628235739477,OK,1991,2020,30,CHIRPS_v2,UCSB-CHG/CHIRPS/DAILY,1991-2020,IBGE_2024
2102754,Capinzal do Norte,MA,590.271,7,jul,17.534786898518576,OK,1991,2020,30,CHIRPS_v2,UCSB-CHG/CHIRPS/DAILY,1991-2020,IBGE_2024
2101939,Bernardo do Mearim,MA,247.189,7,jul,16.82111036146702,OK,1991,2020,30,CHIRPS_v2,UCSB-CHG/CHIRPS/DAILY,1991-2020,IBGE_2024
2110302,Santo Antônio dos Lopes,MA,770.923,7,jul,19.557501028926563,OK,1991,2020,30,CHIRPS_v2,UCSB-CHG/CHIRPS/DAILY,1991-2020,IBGE_2024
2108900,Poção de Pedras,MA,990.66,7,jul,15.637738205957863,OK,1991,2020,30,CHIRPS_v2,UCSB-CHG/CHIRPS/DAILY,1991-2020,IBGE_2024
2108207,Pedreiras,MA,261.814,7,jul,23.096236841777593,OK,1991,2020,30,CHIRPS_v2,UCSB-CHG/CHIRPS/DAILY,1991-2020,IBGE_2024
2105948,Lago dos Rodrigues,MA,220.776,7,jul,12.754648799010146,OK,1991,2020,30,CHIRPS_v2,UCSB-CHG/CHIRPS/DAILY,1991-2020,IBGE_2024
2106003,Lima Campos,MA,321.932,7,jul,24.803519304120133,OK,1991,2020,30,CHIRPS_v2,UCSB-CHG/CHIRPS/DAILY,1991-2020,IBGE_2024
2105609,Joselândia,MA,703.094,7,jul,17.13206379173729,OK,1991,2020,30,CHIRPS_v2,UCSB-CHG/CHIRPS/DAILY,1991-2020,IBGE_2024
2105807,Lago do Junco,MA,328.525,7,jul,13.207017882031982,OK,1991,2020,30,CHIRPS_v2,UCSB-CHG/CHIRPS/DAILY,1991-2020,IBGE_2024
2105203,Igarapé Grande,MA,346.218,7,jul,13.349031390078824,OK,1991,2020,30,CHIRPS_v2,UCSB-CHG/CHIRPS/DAILY,1991-2020,IBGE_2024
2112233,Trizidela do Vale,MA,291.61,7,jul,16.493045928932847,OK,1991,2020,30,CHIRPS_v2,UCSB-CHG/CHIRPS/DAILY,1991-2020,IBGE_2024
2104008,Esperantinópolis,MA,452.402,7,jul,15.046781078717137,OK,1991,2020,30,CHIRPS_v2,UCSB-CHG/CHIRPS/DAILY,1991-2020,IBGE_2024
2103000,Caxias,MA,5200.625,7,jul,11.56844360453419,OK,1991,2020,30,CHIRPS_v2,UCSB-CHG/CHIRPS/DAILY,1991-2020,IBGE_2024
2103406,Coelho Neto,MA,976.653,7,jul,17.090487414346256,OK,1991,2020,30,CHIRPS_v2,UCSB-CHG/CHIRPS/DAILY,1991-2020,IBGE_2024
2111078,São João do Soter,MA,1438.066,7,jul,12.934293918729718,OK,1991,2020,30,CHIRPS_v2,UCSB-CHG/CHIRPS/DAILY,1991-2020,IBGE_2024
2100303,Aldeias Altas,MA,1943.413,7,jul,13.268455262717461,OK,1991,2020,30,CHIRPS_v2,UCSB-CHG/CHIRPS/DAILY,1991-2020,IBGE_2024
2100105,Afonso Cunha,MA,371.767,7,jul,11.829491756242971,OK,1991,2020,30,CHIRPS_v2,UCSB-CHG/CHIRPS/DAILY,1991-2020,IBGE_2024
2103901,Duque Bacelar,MA,317.494,7,jul,22.098191586396844,OK,1991,2020,30,CHIRPS_v2,UCSB-CHG/CHIRPS/DAILY,1991-2020,IBGE_2024
2112209,Timon,MA,1763.219,7,jul,5.869802093026209,OK,1991,2020,30,CHIRPS_v2,UCSB-CHG/CHIRPS/DAILY,1991-2020,IBGE_2024
2102309,Buriti Bravo,MA,1581.721,7,jul,1.6472898371652245,OK,1991,2020,30,CHIRPS_v2,UCSB-CHG/CHIRPS/DAILY,1991-2020,IBGE_2024
2107803,Parnarama,MA,3246.503,7,jul,2.614494323847303,OK,1991,2020,30,CHIRPS_v2,UCSB-CHG/CHIRPS/DAILY,1991-2020,IBGE_2024
2106607,Matões,MA,2108.672,7,jul,4.63398295863861,OK,1991,2020,30,CHIRPS_v2,UCSB-CHG/CHIRPS/DAILY,1991-2020,IBGE_2024
2103307,Codó,MA,4361.6,7,jul,12.82621517081556,OK,1991,2020,30,CHIRPS_v2,UCSB-CHG/CHIRPS/DAILY,1991-2020,IBGE_2024
2103604,Coroatá,MA,2263.692,7,jul,23.693358900587786,OK,1991,2020,30,CHIRPS_v2,UCSB-CHG/CHIRPS/DAILY,1991-2020,IBGE_2024
2108454,Peritoró,MA,824.72,7,jul,18.080972743189996,OK,1991,2020,30,CHIRPS_v2,UCSB-CHG/CHIRPS/DAILY,1991-2020,IBGE_2024
2112100,Timbiras,MA,1486.582,7,jul,10.943156791348986,OK,1991,2020,30,CHIRPS_v2,UCSB-CHG/CHIRPS/DAILY,1991-2020,IBGE_2024
2103802,Dom Pedro,MA,358.493,7,jul,17.749268492019663,OK,1991,2020,30,CHIRPS_v2,UCSB-CHG/CHIRPS/DAILY,1991-2020,IBGE_2024
2111250,São José dos Basílios,MA,353.72,7,jul,21.913210094500087,OK,1991,2020,30,CHIRPS_v2,UCSB-CHG/CHIRPS/DAILY,1991-2020,IBGE_2024
2110708,São Domingos do Maranhão,MA,1151.978,7,jul,4.252685569219974,OK,1991,2020,30,CHIRPS_v2,UCSB-CHG/CHIRPS/DAILY,1991-2020,IBGE_2024
2109759,Santa Filomena do Maranhão,MA,623.213,7,jul,9.152226365052822,OK,1991,2020,30,CHIRPS_v2,UCSB-CHG/CHIRPS/DAILY,1991-2020,IBGE_2024
2109106,Presidente Dutra,MA,771.574,7,jul,14.174921203347019,OK,1991,2020,30,CHIRPS_v2,UCSB-CHG/CHIRPS/DAILY,1991-2020,IBGE_2024
2104628,Governador Luiz Rocha,MA,401.587,7,jul,4.320353321881153,OK,1991,2020,30,CHIRPS_v2,UCSB-CHG/CHIRPS/DAILY,1991-2020,IBGE_2024
2104602,Governador Eugênio Barros,MA,647.015,7,jul,7.658814174087184,OK,1991,2020,30,CHIRPS_v2,UCSB-CHG/CHIRPS/DAILY,1991-2020,IBGE_2024
2104404,Gonçalves Dias,MA,883.588,7,jul,13.854335785206958,OK,1991,2020,30,CHIRPS_v2,UCSB-CHG/CHIRPS/DAILY,1991-2020,IBGE_2024
2104503,Governador Archer,MA,445.857,7,jul,12.699033472855673,OK,1991,2020,30,CHIRPS_v2,UCSB-CHG/CHIRPS/DAILY,1991-2020,IBGE_2024
2104701,Graça Aranha,MA,271.445,7,jul,7.704847949022912,OK,1991,2020,30,CHIRPS_v2,UCSB-CHG/CHIRPS/DAILY,1991-2020,IBGE_2024
2112308,Tuntum,MA,3369.119,7,jul,7.664465697453657,OK,1991,2020,30,CHIRPS_v2,UCSB-CHG/CHIRPS/DAILY,1991-2020,IBGE_2024
2111748,Senador Alexandre Costa,MA,426.431,7,jul,7.583925629610317,OK,1991,2020,30,CHIRPS_v2,UCSB-CHG/CHIRPS/DAILY,1991-2020,IBGE_2024
2104206,Fortuna,MA,835.668,7,jul,3.318727911002998,OK,1991,2020,30,CHIRPS_v2,UCSB-CHG/CHIRPS/DAILY,1991-2020,IBGE_2024
2111953,Sucupira do Riachão,MA,862.226,7,jul,0.09866788314622875,OK,1991,2020,30,CHIRPS_v2,UCSB-CHG/CHIRPS/DAILY,1991-2020,IBGE_2024
2111102,São João dos Patos,MA,1483.255,7,jul,0.5162938114791625,OK,1991,2020,30,CHIRPS_v2,UCSB-CHG/CHIRPS/DAILY,1991-2020,IBGE_2024
2110658,São Domingos do Azeitão,MA,961.153,7,jul,0.5719539339205675,OK,1991,2020,30,CHIRPS_v2,UCSB-CHG/CHIRPS/DAILY,1991-2020,IBGE_2024
2110906,São Francisco do Maranhão,MA,2284.217,7,jul,0.7371262224523694,OK,1991,2020,30,CHIRPS_v2,UCSB-CHG/CHIRPS/DAILY,1991-2020,IBGE_2024
2101509,Barão de Grajaú,MA,2209.414,7,jul,2.4769297233548797,OK,1991,2020,30,CHIRPS_v2,UCSB-CHG/CHIRPS/DAILY,1991-2020,IBGE_2024
2101806,Benedito Leite,MA,1784.64,7,jul,0.30853505538864384,OK,1991,2020,30,CHIRPS_v2,UCSB-CHG/CHIRPS/DAILY,1991-2020,IBGE_2024
2108009,Pastos Bons,MA,1635.178,7,jul,0.2834768858364708,OK,1991,2020,30,CHIRPS_v2,UCSB-CHG/CHIRPS/DAILY,1991-2020,IBGE_2024
2107704,Paraibano,MA,530.517,7,jul,0.04363119983689039,OK,1991,2020,30,CHIRPS_v2,UCSB-CHG/CHIRPS/DAILY,1991-2020,IBGE_2024
2107902,Passagem Franca,MA,1358.327,7,jul,0.09856816459041254,OK,1991,2020,30,CHIRPS_v2,UCSB-CHG/CHIRPS/DAILY,1991-2020,IBGE_2024
2107308,Nova Iorque,MA,978.342,7,jul,0.43646092261244784,OK,1991,2020,30,CHIRPS_v2,UCSB-CHG/CHIRPS/DAILY,1991-2020,IBGE_2024
2105922,Lagoa do Mato,MA,1512.985,7,jul,0.48363112293942745,OK,1991,2020,30,CHIRPS_v2,UCSB-CHG/CHIRPS/DAILY,1991-2020,IBGE_2024
2103505,Colinas,MA,1978.668,7,jul,0.9162014334120702,OK,1991,2020,30,CHIRPS_v2,UCSB-CHG/CHIRPS/DAILY,1991-2020,IBGE_2024
2111904,Sucupira do Norte,MA,1074.435,7,jul,0.6046682879697284,OK,1991,2020,30,CHIRPS_v2,UCSB-CHG/CHIRPS/DAILY,1991-2020,IBGE_2024
2106706,Mirador,MA,8522.882,7,jul,2.6232129668652515,OK,1991,2020,30,CHIRPS_v2,UCSB-CHG/CHIRPS/DAILY,1991-2020,IBGE_2024
2105450,Jatobá,MA,591.637,7,jul,1.637955224560066,OK,1991,2020,30,CHIRPS_v2,UCSB-CHG/CHIRPS/DAILY,1991-2020,IBGE_2024
2101608,Barra do Corda,MA,5187.673,7,jul,9.814343381050893,OK,1991,2020,30,CHIRPS_v2,UCSB-CHG/CHIRPS/DAILY,1991-2020,IBGE_2024
2104081,Fernando Falcão,MA,5086.59,7,jul,5.373292962790664,OK,1991,2020,30,CHIRPS_v2,UCSB-CHG/CHIRPS/DAILY,1991-2020,IBGE_2024
2110807,São Félix de Balsas,MA,2033.29,7,jul,0.7077180296618276,OK,1991,2020,30,CHIRPS_v2,UCSB-CHG/CHIRPS/DAILY,1991-2020,IBGE_2024
2211001,Teresina,PI,1387.466,7,jul,10.34276021228335,OK,1991,2020,30,CHIRPS_v2,UCSB-CHG/CHIRPS/DAILY,1991-2020,IBGE_2024
2200301,Alto Longá,PI,1743.331,7,jul,9.1738146906111,OK,1991,2020,30,CHIRPS_v2,UCSB-CHG/CHIRPS/DAILY,1991-2020,IBGE_2024
2200400,Altos,PI,957.226,7,jul,10.76726593404152,OK,1991,2020,30,CHIRPS_v2,UCSB-CHG/CHIRPS/DAILY,1991-2020,IBGE_2024
2207793,Pau D'Arco do Piauí,PI,430.024,7,jul,9.739281989329797,OK,1991,2020,30,CHIRPS_v2,UCSB-CHG/CHIRPS/DAILY,1991-2020,IBGE_2024
2206951,Novo Santo Antônio,PI,443.873,7,jul,8.616350457791956,OK,1991,2020,30,CHIRPS_v2,UCSB-CHG/CHIRPS/DAILY,1991-2020,IBGE_2024
2206407,Monsenhor Gil,PI,552.427,7,jul,4.492668994415798,OK,1991,2020,30,CHIRPS_v2,UCSB-CHG/CHIRPS/DAILY,1991-2020,IBGE_2024
2206720,Nazária,PI,362.376,7,jul,6.09488171646198,OK,1991,2020,30,CHIRPS_v2,UCSB-CHG/CHIRPS/DAILY,1991-2020,IBGE_2024
2206209,Miguel Alves,PI,1392.122,7,jul,24.878012480577908,OK,1991,2020,30,CHIRPS_v2,UCSB-CHG/CHIRPS/DAILY,1991-2020,IBGE_2024
2205508,José de Freitas,PI,1538.175,7,jul,13.350227209381451,OK,1991,2020,30,CHIRPS_v2,UCSB-CHG/CHIRPS/DAILY,1991-2020,IBGE_2024
2205557,Lagoa Alegre,PI,394.207,7,jul,17.356619894048606,OK,1991,2020,30,CHIRPS_v2,UCSB-CHG/CHIRPS/DAILY,1991-2020,IBGE_2024
2205581,Lagoa do Piauí,PI,435.871,7,jul,4.994868160382599,OK,1991,2020,30,CHIRPS_v2,UCSB-CHG/CHIRPS/DAILY,1991-2020,IBGE_2024
2203255,Curralinhos,PI,344.123,7,jul,4.101886727486961,OK,1991,2020,30,CHIRPS_v2,UCSB-CHG/CHIRPS/DAILY,1991-2020,IBGE_2024
2203305,Demerval Lobão,PI,220.047,7,jul,6.598286670829852,OK,1991,2020,30,CHIRPS_v2,UCSB-CHG/CHIRPS/DAILY,1991-2020,IBGE_2024
2211100,União,PI,1170.754,7,jul,17.94249295895616,OK,1991,2020,30,CHIRPS_v2,UCSB-CHG/CHIRPS/DAILY,1991-2020,IBGE_2024
2202737,Coivaras,PI,484.465,7,jul,10.025728311960073,OK,1991,2020,30,CHIRPS_v2,UCSB-CHG/CHIRPS/DAILY,1991-2020,IBGE_2024
2201606,Beneditinos,PI,937.443,7,jul,6.617929253778942,OK,1991,2020,30,CHIRPS_v2,UCSB-CHG/CHIRPS/DAILY,1991-2020,IBGE_2024
2209609,São Félix do Piauí,PI,627.034,7,jul,6.049418275996829,OK,1991,2020,30,CHIRPS_v2,UCSB-CHG/CHIRPS/DAILY,1991-2020,IBGE_2024
2200202,Água Branca,PI,96.843,7,jul,2.2765167708327163,OK,1991,2020,30,CHIRPS_v2,UCSB-CHG/CHIRPS/DAILY,1991-2020,IBGE_2024
2208809,Regeneração,PI,1247.509,7,jul,0.8359196643533194,OK,1991,2020,30,CHIRPS_v2,UCSB-CHG/CHIRPS/DAILY,1991-2020,IBGE_2024
2200608,Angical do Piauí,PI,222.023,7,jul,1.127334220610124,OK,1991,2020,30,CHIRPS_v2,UCSB-CHG/CHIRPS/DAILY,1991-2020,IBGE_2024
2208601,Prata do Piauí,PI,196.786,7,jul,7.859546992598158,OK,1991,2020,30,CHIRPS_v2,UCSB-CHG/CHIRPS/DAILY,1991-2020,IBGE_2024
2200509,Amarante,PI,1180.193,7,jul,2.023778017712536,OK,1991,2020,30,CHIRPS_v2,UCSB-CHG/CHIRPS/DAILY,1991-2020,IBGE_2024
2200103,Agricolândia,PI,112.392,7,jul,2.262662864348466,OK,1991,2020,30,CHIRPS_v2,UCSB-CHG/CHIRPS/DAILY,1991-2020,IBGE_2024
2207504,Palmeirais,PI,1493.766,7,jul,2.676762319139731,OK,1991,2020,30,CHIRPS_v2,UCSB-CHG/CHIRPS/DAILY,1991-2020,IBGE_2024
2207751,Passagem Franca do Piauí,PI,643.209,7,jul,4.579729198788008,OK,1991,2020,30,CHIRPS_v2,UCSB-CHG/CHIRPS/DAILY,1991-2020,IBGE_2024
2207108,Olho D'Água do Piauí,PI,183.605,7,jul,4.388967428075671,OK,1991,2020,30,CHIRPS_v2,UCSB-CHG/CHIRPS/DAILY,1991-2020,IBGE_2024
2206308,Miguel Leão,PI,102.761,7,jul,3.416758165384229,OK,1991,2020,30,CHIRPS_v2,UCSB-CHG/CHIRPS/DAILY,1991-2020,IBGE_2024
2205540,Lagoinha do Piauí,PI,67.649,7,jul,3.0575036360582724,OK,1991,2020,30,CHIRPS_v2,UCSB-CHG/CHIRPS/DAILY,1991-2020,IBGE_2024
2205250,Jardim do Mulato,PI,511.42,7,jul,1.5484805321015138,OK,1991,2020,30,CHIRPS_v2,UCSB-CHG/CHIRPS/DAILY,1991-2020,IBGE_2024
2204600,Hugo Napoleão,PI,224.573,7,jul,3.072957549774074,OK,1991,2020,30,CHIRPS_v2,UCSB-CHG/CHIRPS/DAILY,1991-2020,IBGE_2024
2204006,Francinópolis,PI,268.704,7,jul,0.29581226017159845,OK,1991,2020,30,CHIRPS_v2,UCSB-CHG/CHIRPS/DAILY,1991-2020,IBGE_2024
2211407,Várzea Grande,PI,236.453,7,jul,0.18628930582602732,OK,1991,2020,30,CHIRPS_v2,UCSB-CHG/CHIRPS/DAILY,1991-2020,IBGE_2024
2203503,Elesbão Veloso,PI,1383.976,7,jul,2.7565549861789944,OK,1991,2020,30,CHIRPS_v2,UCSB-CHG/CHIRPS/DAILY,1991-2020,IBGE_2024
2210508,São Pedro do Piauí,PI,518.285,7,jul,1.638326887546509,OK,1991,2020,30,CHIRPS_v2,UCSB-CHG/CHIRPS/DAILY,1991-2020,IBGE_2024
2210383,São Miguel da Baixa Grande,PI,444.528,7,jul,6.08162051487356,OK,1991,2020,30,CHIRPS_v2,UCSB-CHG/CHIRPS/DAILY,1991-2020,IBGE_2024
2201408,Barro Duro,PI,159.436,7,jul,4.6773204847526735,OK,1991,2020,30,CHIRPS_v2,UCSB-CHG/CHIRPS/DAILY,1991-2020,IBGE_2024
2209450,Santo Antônio dos Milagres,PI,34.444,7,jul,1.0246046374343925,OK,1991,2020,30,CHIRPS_v2,UCSB-CHG/CHIRPS/DAILY,1991-2020,IBGE_2024
2209807,São Gonçalo do Piauí,PI,148.484,7,jul,1.7541966658334747,OK,1991,2020,30,CHIRPS_v2,UCSB-CHG/CHIRPS/DAILY,1991-2020,IBGE_2024
2201051,Assunção do Piauí,PI,1690.698,7,jul,4.610693786613904,OK,1991,2020,30,CHIRPS_v2,UCSB-CHG/CHIRPS/DAILY,1991-2020,IBGE_2024
2206753,Nossa Senhora de Nazaré,PI,356.872,7,jul,14.942075739268198,OK,1991,2020,30,CHIRPS_v2,UCSB-CHG/CHIRPS/DAILY,1991-2020,IBGE_2024
2205276,Jatobá do Piauí,PI,651.747,7,jul,9.581808651335352,OK,1991,2020,30,CHIRPS_v2,UCSB-CHG/CHIRPS/DAILY,1991-2020,IBGE_2024
2205516,Juazeiro do Piauí,PI,935.404,7,jul,7.759668177773946,OK,1991,2020,30,CHIRPS_v2,UCSB-CHG/CHIRPS/DAILY,1991-2020,IBGE_2024
2202711,Cocal de Telha,PI,310.254,7,jul,14.763363431774572,OK,1991,2020,30,CHIRPS_v2,UCSB-CHG/CHIRPS/DAILY,1991-2020,IBGE_2024
2210409,São Miguel do Tapuio,PI,4988.973,7,jul,5.312560110443969,OK,1991,2020,30,CHIRPS_v2,UCSB-CHG/CHIRPS/DAILY,1991-2020,IBGE_2024
2202208,Campo Maior,PI,1680.863,7,jul,10.673450636642484,OK,1991,2020,30,CHIRPS_v2,UCSB-CHG/CHIRPS/DAILY,1991-2020,IBGE_2024
2202604,Castelo do Piauí,PI,2378.846,7,jul,6.552080889091341,OK,1991,2020,30,CHIRPS_v2,UCSB-CHG/CHIRPS/DAILY,1991-2020,IBGE_2024
2210656,Sigefredo Pacheco,PI,1031.102,7,jul,9.220683621409231,OK,1991,2020,30,CHIRPS_v2,UCSB-CHG/CHIRPS/DAILY,1991-2020,IBGE_2024
2209906,São João da Serra,PI,994.224,7,jul,8.655439627862028,OK,1991,2020,30,CHIRPS_v2,UCSB-CHG/CHIRPS/DAILY,1991-2020,IBGE_2024
2201945,Boqueirão do Piauí,PI,271.024,7,jul,17.998831783540876,OK,1991,2020,30,CHIRPS_v2,UCSB-CHG/CHIRPS/DAILY,1991-2020,IBGE_2024
2202026,Buriti dos Montes,PI,2437.329,7,jul,6.277391517229965,OK,1991,2020,30,CHIRPS_v2,UCSB-CHG/CHIRPS/DAILY,1991-2020,IBGE_2024
2209153,Santa Cruz dos Milagres,PI,978.546,7,jul,5.893833266828427,OK,1991,2020,30,CHIRPS_v2,UCSB-CHG/CHIRPS/DAILY,1991-2020,IBGE_2024
2200905,Aroazes,PI,821.211,7,jul,4.095949494492149,OK,1991,2020,30,CHIRPS_v2,UCSB-CHG/CHIRPS/DAILY,1991-2020,IBGE_2024
2208106,Pimenteiras,PI,4555.95,7,jul,2.8529666063387173,OK,1991,2020,30,CHIRPS_v2,UCSB-CHG/CHIRPS/DAILY,1991-2020,IBGE_2024
2206902,Novo Oriente do Piauí,PI,525.906,7,jul,0.7070194330407916,OK,1991,2020,30,CHIRPS_v2,UCSB-CHG/CHIRPS/DAILY,1991-2020,IBGE_2024
2205599,Lagoa do Sítio,PI,805.018,7,jul,0.9353892499650422,OK,1991,2020,30,CHIRPS_v2,UCSB-CHG/CHIRPS/DAILY,1991-2020,IBGE_2024
2204808,Ipiranga do Piauí,PI,529.417,7,jul,0.25526695110958875,OK,1991,2020,30,CHIRPS_v2,UCSB-CHG/CHIRPS/DAILY,1991-2020,IBGE_2024
2204709,Inhuma,PI,978.222,7,jul,0.3682078044433758,OK,1991,2020,30,CHIRPS_v2,UCSB-CHG/CHIRPS/DAILY,1991-2020,IBGE_2024
2211308,Valença do Piauí,PI,1333.722,7,jul,1.7137607606569023,OK,1991,2020,30,CHIRPS_v2,UCSB-CHG/CHIRPS/DAILY,1991-2020,IBGE_2024
2201176,Barra D'Alcântara,PI,263.943,7,jul,0.24491004209379774,OK,1991,2020,30,CHIRPS_v2,UCSB-CHG/CHIRPS/DAILY,1991-2020,IBGE_2024
2208502,Porto,PI,253.114,7,jul,35.50797689481599,OK,1991,2020,30,CHIRPS_v2,UCSB-CHG/CHIRPS/DAILY,1991-2020,IBGE_2024
2206803,Nossa Senhora dos Remédios,PI,357.896,7,jul,28.475447515356844,OK,1991,2020,30,CHIRPS_v2,UCSB-CHG/CHIRPS/DAILY,1991-2020,IBGE_2024
2201770,Boa Hora,PI,339.902,7,jul,23.197494792365124,OK,1991,2020,30,CHIRPS_v2,UCSB-CHG/CHIRPS/DAILY,1991-2020,IBGE_2024
2202059,Cabeceiras do Piauí,PI,608.744,7,jul,20.266922663017464,OK,1991,2020,30,CHIRPS_v2,UCSB-CHG/CHIRPS/DAILY,1991-2020,IBGE_2024
2202174,Campo Largo do Piauí,PI,478.079,7,jul,31.03357154591616,OK,1991,2020,30,CHIRPS_v2,UCSB-CHG/CHIRPS/DAILY,1991-2020,IBGE_2024
2201200,Barras,PI,1722.506,7,jul,24.529439104130756,OK,1991,2020,30,CHIRPS_v2,UCSB-CHG/CHIRPS/DAILY,1991-2020,IBGE_2024
2207702,Parnaíba,PI,436.907,7,jul,33.594817818922216,OK,1991,2020,30,CHIRPS_v2,UCSB-CHG/CHIRPS/DAILY,1991-2020,IBGE_2024
2206696,Murici dos Portelas,PI,475.72,7,jul,33.70725204058486,OK,1991,2020,30,CHIRPS_v2,UCSB-CHG/CHIRPS/DAILY,1991-2020,IBGE_2024
2205706,Luís Correia,PI,1074.133,7,jul,25.51924111149466,OK,1991,2020,30,CHIRPS_v2,UCSB-CHG/CHIRPS/DAILY,1991-2020,IBGE_2024
2204659,Ilha Grande,PI,129.696,7,jul,32.69689842196361,OK,1991,2020,30,CHIRPS_v2,UCSB-CHG/CHIRPS/DAILY,1991-2020,IBGE_2024
2202729,Cocal dos Alves,PI,324.856,7,jul,23.533994298673868,OK,1991,2020,30,CHIRPS_v2,UCSB-CHG/CHIRPS/DAILY,1991-2020,IBGE_2024
2202703,Cocal,PI,1294.131,7,jul,22.337176668651413,OK,1991,2020,30,CHIRPS_v2,UCSB-CHG/CHIRPS/DAILY,1991-2020,IBGE_2024
2202653,Caxingó,PI,491.093,7,jul,28.972340582076185,OK,1991,2020,30,CHIRPS_v2,UCSB-CHG/CHIRPS/DAILY,1991-2020,IBGE_2024
2202539,Caraúbas do Piauí,PI,463.184,7,jul,25.26960147501196,OK,1991,2020,30,CHIRPS_v2,UCSB-CHG/CHIRPS/DAILY,1991-2020,IBGE_2024
2201919,Bom Princípio do Piauí,PI,523.143,7,jul,24.86483563398386,OK,1991,2020,30,CHIRPS_v2,UCSB-CHG/CHIRPS/DAILY,1991-2020,IBGE_2024
2202083,Cajueiro da Praia,PI,271.165,7,jul,20.067765130739676,OK,1991,2020,30,CHIRPS_v2,UCSB-CHG/CHIRPS/DAILY,1991-2020,IBGE_2024
2202000,Buriti dos Lopes,PI,690.539,7,jul,31.096321408702565,OK,1991,2020,30,CHIRPS_v2,UCSB-CHG/CHIRPS/DAILY,1991-2020,IBGE_2024
2208403,Piripiri,PI,1406.925,7,jul,16.15865493333583,OK,1991,2020,30,CHIRPS_v2,UCSB-CHG/CHIRPS/DAILY,1991-2020,IBGE_2024
2207900,Pedro II,PI,1544.373,7,jul,10.42360298993001,OK,1991,2020,30,CHIRPS_v2,UCSB-CHG/CHIRPS/DAILY,1991-2020,IBGE_2024
2208304,Piracuruca,PI,2309.93,7,jul,18.86876802999437,OK,1991,2020,30,CHIRPS_v2,UCSB-CHG/CHIRPS/DAILY,1991-2020,IBGE_2024
2206357,Milton Brandão,PI,1310.728,7,jul,9.99751446937229,OK,1991,2020,30,CHIRPS_v2,UCSB-CHG/CHIRPS/DAILY,1991-2020,IBGE_2024
2205573,Lagoa de São Francisco,PI,155.86,7,jul,12.488565012093447,OK,1991,2020,30,CHIRPS_v2,UCSB-CHG/CHIRPS/DAILY,1991-2020,IBGE_2024
2203420,Domingos Mourão,PI,848.705,7,jul,12.51355075480942,OK,1991,2020,30,CHIRPS_v2,UCSB-CHG/CHIRPS/DAILY,1991-2020,IBGE_2024
2202406,Capitão de Campos,PI,564.858,7,jul,16.147379194783486,OK,1991,2020,30,CHIRPS_v2,UCSB-CHG/CHIRPS/DAILY,1991-2020,IBGE_2024
2210052,São José do Divino,PI,391.157,7,jul,23.723489170868923,OK,1991,2020,30,CHIRPS_v2,UCSB-CHG/CHIRPS/DAILY,1991-2020,IBGE_2024
2209872,São João da Fronteira,PI,817.115,7,jul,16.69247864245664,OK,1991,2020,30,CHIRPS_v2,UCSB-CHG/CHIRPS/DAILY,1991-2020,IBGE_2024
2201960,Brasileira,PI,880.836,7,jul,15.678738208889735,OK,1991,2020,30,CHIRPS_v2,UCSB-CHG/CHIRPS/DAILY,1991-2020,IBGE_2024
2201507,Batalha,PI,1584.255,7,jul,24.737878369203987,OK,1991,2020,30,CHIRPS_v2,UCSB-CHG/CHIRPS/DAILY,1991-2020,IBGE_2024
2206670,Morro do Chapéu do Piauí,PI,314.436,7,jul,31.35942305403037,OK,1991,2020,30,CHIRPS_v2,UCSB-CHG/CHIRPS/DAILY,1991-2020,IBGE_2024
2205805,Luzilândia,PI,699.182,7,jul,37.313321230240014,OK,1991,2020,30,CHIRPS_v2,UCSB-CHG/CHIRPS/DAILY,1991-2020,IBGE_2024
2205854,Madeiro,PI,178.843,7,jul,40.612335375849085,OK,1991,2020,30,CHIRPS_v2,UCSB-CHG/CHIRPS/DAILY,1991-2020,IBGE_2024
2206100,Matias Olímpio,PI,226.785,7,jul,37.63534970701258,OK,1991,2020,30,CHIRPS_v2,UCSB-CHG/CHIRPS/DAILY,1991-2020,IBGE_2024
2205409,Joaquim Pires,PI,756.188,7,jul,32.77597730752311,OK,1991,2020,30,CHIRPS_v2,UCSB-CHG/CHIRPS/DAILY,1991-2020,IBGE_2024
2205458,Joca Marques,PI,169.005,7,jul,39.15533479194147,OK,1991,2020,30,CHIRPS_v2,UCSB-CHG/CHIRPS/DAILY,1991-2020,IBGE_2024
2203701,Esperantina,PI,911.736,7,jul,30.018222580658133,OK,1991,2020,30,CHIRPS_v2,UCSB-CHG/CHIRPS/DAILY,1991-2020,IBGE_2024
2209971,São João do Arraial,PI,215.149,7,jul,28.707154020449575,OK,1991,2020,30,CHIRPS_v2,UCSB-CHG/CHIRPS/DAILY,1991-2020,IBGE_2024
2200954,Aroeiras do Itaim,PI,316.235,7,jul,0.7810607837661889,OK,1991,2020,30,CHIRPS_v2,UCSB-CHG/CHIRPS/DAILY,1991-2020,IBGE_2024
2209104,Santa Cruz do Piauí,PI,562.402,7,jul,0.6685036841635423,OK,1991,2020,30,CHIRPS_v2,UCSB-CHG/CHIRPS/DAILY,1991-2020,IBGE_2024
2200277,Alegrete do Piauí,PI,243.732,7,jul,3.002852574453493,OK,1991,2020,30,CHIRPS_v2,UCSB-CHG/CHIRPS/DAILY,1991-2020,IBGE_2024
2200251,Alagoinha do Piauí,PI,535.89,7,jul,1.363229793742878,OK,1991,2020,30,CHIRPS_v2,UCSB-CHG/CHIRPS/DAILY,1991-2020,IBGE_2024
2208007,Picos,PI,577.284,7,jul,0.7361649479322473,OK,1991,2020,30,CHIRPS_v2,UCSB-CHG/CHIRPS/DAILY,1991-2020,IBGE_2024
2208205,Pio IX,PI,1948.141,7,jul,3.810960269083467,OK,1991,2020,30,CHIRPS_v2,UCSB-CHG/CHIRPS/DAILY,1991-2020,IBGE_2024
2207553,Paquetá,PI,432.572,7,jul,0.8130028283850823,OK,1991,2020,30,CHIRPS_v2,UCSB-CHG/CHIRPS/DAILY,1991-2020,IBGE_2024
2207207,Padre Marcos,PI,278.696,7,jul,1.289907414058318,OK,1991,2020,30,CHIRPS_v2,UCSB-CHG/CHIRPS/DAILY,1991-2020,IBGE_2024
2206506,Monsenhor Hipólito,PI,401.568,7,jul,1.8418774101689193,OK,1991,2020,30,CHIRPS_v2,UCSB-CHG/CHIRPS/DAILY,1991-2020,IBGE_2024
2205953,Marcolândia,PI,136.786,7,jul,3.31278950675603,OK,1991,2020,30,CHIRPS_v2,UCSB-CHG/CHIRPS/DAILY,1991-2020,IBGE_2024
2206050,Massapê do Piauí,PI,530.169,7,jul,1.0186053675890994,OK,1991,2020,30,CHIRPS_v2,UCSB-CHG/CHIRPS/DAILY,1991-2020,IBGE_2024
2204907,Isaías Coelho,PI,800.687,7,jul,0.43820798458633986,OK,1991,2020,30,CHIRPS_v2,UCSB-CHG/CHIRPS/DAILY,1991-2020,IBGE_2024
2205201,Jaicós,PI,866.788,7,jul,0.991937035346469,OK,1991,2020,30,CHIRPS_v2,UCSB-CHG/CHIRPS/DAILY,1991-2020,IBGE_2024
2205003,Itainópolis,PI,827.62,7,jul,0.5960784890578571,OK,1991,2020,30,CHIRPS_v2,UCSB-CHG/CHIRPS/DAILY,1991-2020,IBGE_2024
2204352,Geminiano,PI,440.606,7,jul,0.959362188607462,OK,1991,2020,30,CHIRPS_v2,UCSB-CHG/CHIRPS/DAILY,1991-2020,IBGE_2024
2204303,Fronteiras,PI,777.179,7,jul,4.604979855392374,OK,1991,2020,30,CHIRPS_v2,UCSB-CHG/CHIRPS/DAILY,1991-2020,IBGE_2024
2204154,Francisco Macedo,PI,179.245,7,jul,2.6741304524099276,OK,1991,2020,30,CHIRPS_v2,UCSB-CHG/CHIRPS/DAILY,1991-2020,IBGE_2024
2204204,Francisco Santos,PI,492.191,7,jul,1.815326660410056,OK,1991,2020,30,CHIRPS_v2,UCSB-CHG/CHIRPS/DAILY,1991-2020,IBGE_2024
2211605,Vila Nova do Piauí,PI,221.627,7,jul,1.810577544532844,OK,1991,2020,30,CHIRPS_v2,UCSB-CHG/CHIRPS/DAILY,1991-2020,IBGE_2024
2203404,Dom Expedito Lopes,PI,218.808,7,jul,0.30910892977725424,OK,1991,2020,30,CHIRPS_v2,UCSB-CHG/CHIRPS/DAILY,1991-2020,IBGE_2024
2211506,Vera Mendes,PI,341.975,7,jul,0.43516269197248275,OK,1991,2020,30,CHIRPS_v2,UCSB-CHG/CHIRPS/DAILY,1991-2020,IBGE_2024
2211704,Wall Ferraz,PI,317.278,7,jul,0.6965413855193024,OK,1991,2020,30,CHIRPS_v2,UCSB-CHG/CHIRPS/DAILY,1991-2020,IBGE_2024
2210938,Sussuapara,PI,205.194,7,jul,0.9792538382770983,OK,1991,2020,30,CHIRPS_v2,UCSB-CHG/CHIRPS/DAILY,1991-2020,IBGE_2024
2210375,São Luis do Piauí,PI,238.099,7,jul,1.5372347652609268,OK,1991,2020,30,CHIRPS_v2,UCSB-CHG/CHIRPS/DAILY,1991-2020,IBGE_2024
2201804,Bocaina,PI,261.49,7,jul,1.1620846420520832,OK,1991,2020,30,CHIRPS_v2,UCSB-CHG/CHIRPS/DAILY,1991-2020,IBGE_2024
2210300,São Julião,PI,291.089,7,jul,2.7901251980305073,OK,1991,2020,30,CHIRPS_v2,UCSB-CHG/CHIRPS/DAILY,1991-2020,IBGE_2024
2202091,Caldeirão Grande do Piauí,PI,467.082,7,jul,5.206979026652224,OK,1991,2020,30,CHIRPS_v2,UCSB-CHG/CHIRPS/DAILY,1991-2020,IBGE_2024
2202133,Campo Grande do Piauí,PI,311.682,7,jul,1.976348996870358,OK,1991,2020,30,CHIRPS_v2,UCSB-CHG/CHIRPS/DAILY,1991-2020,IBGE_2024
2210201,São José do Piauí,PI,373.347,7,jul,0.38596261911016233,OK,1991,2020,30,CHIRPS_v2,UCSB-CHG/CHIRPS/DAILY,1991-2020,IBGE_2024
2209401,Santo Antônio de Lisboa,PI,376.353,7,jul,1.5226714978440565,OK,1991,2020,30,CHIRPS_v2,UCSB-CHG/CHIRPS/DAILY,1991-2020,IBGE_2024
2209351,Santana do Piauí,PI,112.189,7,jul,0.4548171787399955,OK,1991,2020,30,CHIRPS_v2,UCSB-CHG/CHIRPS/DAILY,1991-2020,IBGE_2024
2201572,Belém do Piauí,PI,243.234,7,jul,0.9034191735523536,OK,1991,2020,30,CHIRPS_v2,UCSB-CHG/CHIRPS/DAILY,1991-2020,IBGE_2024
2209856,São João da Canabrava,PI,476.094,7,jul,1.191598007444111,OK,1991,2020,30,CHIRPS_v2,UCSB-CHG/CHIRPS/DAILY,1991-2020,IBGE_2024
2208650,Queimada Nova,PI,1283.369,7,jul,0.1534526833895869,OK,1991,2020,30,CHIRPS_v2,UCSB-CHG/CHIRPS/DAILY,1991-2020,IBGE_2024
2200053,Acauã,PI,1196.75,7,jul,0.20422441460854387,OK,1991,2020,30,CHIRPS_v2,UCSB-CHG/CHIRPS/DAILY,1991-2020,IBGE_2024
2207801,Paulistana,PI,1937.343,7,jul,0.24095754479025216,OK,1991,2020,30,CHIRPS_v2,UCSB-CHG/CHIRPS/DAILY,1991-2020,IBGE_2024
2207777,Patos do Piauí,PI,801.403,7,jul,0.4097096297006823,OK,1991,2020,30,CHIRPS_v2,UCSB-CHG/CHIRPS/DAILY,1991-2020,IBGE_2024
2205151,Jacobina do Piauí,PI,1333.796,7,jul,0.2563585676405171,OK,1991,2020,30,CHIRPS_v2,UCSB-CHG/CHIRPS/DAILY,1991-2020,IBGE_2024
2203271,Curral Novo do Piauí,PI,755.252,7,jul,0.99899521084096,OK,1991,2020,30,CHIRPS_v2,UCSB-CHG/CHIRPS/DAILY,1991-2020,IBGE_2024
2202554,Caridade do Piauí,PI,498.793,7,jul,0.6791964868866719,OK,1991,2020,30,CHIRPS_v2,UCSB-CHG/CHIRPS/DAILY,1991-2020,IBGE_2024
2210706,Simões,PI,1076.055,7,jul,1.4245619298656391,OK,1991,2020,30,CHIRPS_v2,UCSB-CHG/CHIRPS/DAILY,1991-2020,IBGE_2024
2201739,Betânia do Piauí,PI,667.433,7,jul,0.3886815743621985,OK,1991,2020,30,CHIRPS_v2,UCSB-CHG/CHIRPS/DAILY,1991-2020,IBGE_2024
2207009,Oeiras,PI,2696.724,7,jul,0.8043223053960156,OK,1991,2020,30,CHIRPS_v2,UCSB-CHG/CHIRPS/DAILY,1991-2020,IBGE_2024
2203859,Floresta do Piauí,PI,221.519,7,jul,0.6458037947571749,OK,1991,2020,30,CHIRPS_v2,UCSB-CHG/CHIRPS/DAILY,1991-2020,IBGE_2024
2210979,Tanque do Piauí,PI,408.985,7,jul,0.7228336362524319,OK,1991,2020,30,CHIRPS_v2,UCSB-CHG/CHIRPS/DAILY,1991-2020,IBGE_2024
2202778,Colônia do Piauí,PI,938.303,7,jul,0.5398547424730241,OK,1991,2020,30,CHIRPS_v2,UCSB-CHG/CHIRPS/DAILY,1991-2020,IBGE_2024
2210391,São Miguel do Fidalgo,PI,813.444,7,jul,1.2693862174079718,OK,1991,2020,30,CHIRPS_v2,UCSB-CHG/CHIRPS/DAILY,1991-2020,IBGE_2024
2209955,São João da Varjota,PI,394.457,7,jul,0.41465298641128817,OK,1991,2020,30,CHIRPS_v2,UCSB-CHG/CHIRPS/DAILY,1991-2020,IBGE_2024
2202075,Cajazeiras do Piauí,PI,515.427,7,jul,2.6185275367920386,OK,1991,2020,30,CHIRPS_v2,UCSB-CHG/CHIRPS/DAILY,1991-2020,IBGE_2024
2209500,Santo Inácio do Piauí,PI,845.492,7,jul,0.6539602876227639,OK,1991,2020,30,CHIRPS_v2,UCSB-CHG/CHIRPS/DAILY,1991-2020,IBGE_2024
2209377,Santa Rosa do Piauí,PI,338.339,7,jul,1.7619519415056901,OK,1991,2020,30,CHIRPS_v2,UCSB-CHG/CHIRPS/DAILY,1991-2020,IBGE_2024
2207306,Paes Landim,PI,401.379,7,jul,0.48678083131795047,OK,1991,2020,30,CHIRPS_v2,UCSB-CHG/CHIRPS/DAILY,1991-2020,IBGE_2024
2210904,Socorro do Piauí,PI,761.854,7,jul,1.0843000393036126,OK,1991,2020,30,CHIRPS_v2,UCSB-CHG/CHIRPS/DAILY,1991-2020,IBGE_2024
2202802,Conceição do Canindé,PI,824.729,7,jul,0.304058160457316,OK,1991,2020,30,CHIRPS_v2,UCSB-CHG/CHIRPS/DAILY,1991-2020,IBGE_2024
2210805,Simplício Mendes,PI,1360.04,7,jul,0.665787261672453,OK,1991,2020,30,CHIRPS_v2,UCSB-CHG/CHIRPS/DAILY,1991-2020,IBGE_2024
2202109,Campinas do Piauí,PI,783.843,7,jul,0.5505299055704446,OK,1991,2020,30,CHIRPS_v2,UCSB-CHG/CHIRPS/DAILY,1991-2020,IBGE_2024
2201556,Bela Vista do Piauí,PI,499.092,7,jul,0.35237907034119803,OK,1991,2020,30,CHIRPS_v2,UCSB-CHG/CHIRPS/DAILY,1991-2020,IBGE_2024
2209658,São Francisco de Assis do Piauí,PI,1072.311,7,jul,0.1573609954321337,OK,1991,2020,30,CHIRPS_v2,UCSB-CHG/CHIRPS/DAILY,1991-2020,IBGE_2024
2200707,Anísio de Abreu,PI,337.876,7,jul,0.1741911809053776,OK,1991,2020,30,CHIRPS_v2,UCSB-CHG/CHIRPS/DAILY,1991-2020,IBGE_2024
2205532,Jurema,PI,1271.881,7,jul,0.062355874187716466,OK,1991,2020,30,CHIRPS_v2,UCSB-CHG/CHIRPS/DAILY,1991-2020,IBGE_2024
2204550,Guaribas,PI,3118.231,7,jul,0.43727614707977625,OK,1991,2020,30,CHIRPS_v2,UCSB-CHG/CHIRPS/DAILY,1991-2020,IBGE_2024
2203750,Fartura do Piauí,PI,713.047,7,jul,0.038079404161442426,OK,1991,2020,30,CHIRPS_v2,UCSB-CHG/CHIRPS/DAILY,1991-2020,IBGE_2024
2203354,Dirceu Arcoverde,PI,1005.572,7,jul,0.010043155066345014,OK,1991,2020,30,CHIRPS_v2,UCSB-CHG/CHIRPS/DAILY,1991-2020,IBGE_2024
2203453,Dom Inocêncio,PI,3871.83,7,jul,0.025948484639434888,OK,1991,2020,30,CHIRPS_v2,UCSB-CHG/CHIRPS/DAILY,1991-2020,IBGE_2024
2202851,Coronel José Dias,PI,1926.095,7,jul,0.07492166589241704,OK,1991,2020,30,CHIRPS_v2,UCSB-CHG/CHIRPS/DAILY,1991-2020,IBGE_2024
2211357,Várzea Branca,PI,450.429,7,jul,0.05939143679684846,OK,1991,2020,30,CHIRPS_v2,UCSB-CHG/CHIRPS/DAILY,1991-2020,IBGE_2024
2210607,São Raimundo Nonato,PI,2415.29,7,jul,0.15088785691060927,OK,1991,2020,30,CHIRPS_v2,UCSB-CHG/CHIRPS/DAILY,1991-2020,IBGE_2024
2202505,Caracol,PI,1610.959,7,jul,0.07561780618366755,OK,1991,2020,30,CHIRPS_v2,UCSB-CHG/CHIRPS/DAILY,1991-2020,IBGE_2024
2210359,São Lourenço do Piauí,PI,673.821,7,jul,0.051359536064671106,OK,1991,2020,30,CHIRPS_v2,UCSB-CHG/CHIRPS/DAILY,1991-2020,IBGE_2024
2201929,Bonfim do Piauí,PI,289.149,7,jul,0.15486909547420227,OK,1991,2020,30,CHIRPS_v2,UCSB-CHG/CHIRPS/DAILY,1991-2020,IBGE_2024
2209559,São Braz do Piauí,PI,656.042,7,jul,0.057458811406851336,OK,1991,2020,30,CHIRPS_v2,UCSB-CHG/CHIRPS/DAILY,1991-2020,IBGE_2024
2208874,Ribeira do Piauí,PI,1012.479,7,jul,2.3638982357038794,OK,1991,2020,30,CHIRPS_v2,UCSB-CHG/CHIRPS/DAILY,1991-2020,IBGE_2024
2207959,Nova Santa Rita,PI,909.734,7,jul,0.3991089462571601,OK,1991,2020,30,CHIRPS_v2,UCSB-CHG/CHIRPS/DAILY,1991-2020,IBGE_2024
2207934,Pedro Laurentino,PI,870.613,7,jul,0.7067216530783056,OK,1991,2020,30,CHIRPS_v2,UCSB-CHG/CHIRPS/DAILY,1991-2020,IBGE_2024
2205359,João Costa,PI,1800.237,7,jul,0.25764628101697074,OK,1991,2020,30,CHIRPS_v2,UCSB-CHG/CHIRPS/DAILY,1991-2020,IBGE_2024
2205565,Lagoa do Barro do Piauí,PI,1331.025,7,jul,0.036194812954478,OK,1991,2020,30,CHIRPS_v2,UCSB-CHG/CHIRPS/DAILY,1991-2020,IBGE_2024
2202455,Capitão Gervásio Oliveira,PI,1132.996,7,jul,0.08858737623501489,OK,1991,2020,30,CHIRPS_v2,UCSB-CHG/CHIRPS/DAILY,1991-2020,IBGE_2024
2210003,São João do Piauí,PI,1527.488,7,jul,0.5961822633616999,OK,1991,2020,30,CHIRPS_v2,UCSB-CHG/CHIRPS/DAILY,1991-2020,IBGE_2024
2202117,Campo Alegre do Fidalgo,PI,657.797,7,jul,0.12214960742692292,OK,1991,2020,30,CHIRPS_v2,UCSB-CHG/CHIRPS/DAILY,1991-2020,IBGE_2024
2208858,Riacho Frio,PI,2220.597,7,jul,0.2709383176648964,OK,1991,2020,30,CHIRPS_v2,UCSB-CHG/CHIRPS/DAILY,1991-2020,IBGE_2024
2201101,Avelino Lopes,PI,1220.369,7,jul,0.23725610150373413,OK,1991,2020,30,CHIRPS_v2,UCSB-CHG/CHIRPS/DAILY,1991-2020,IBGE_2024
2207603,Parnaguá,PI,3428.811,7,jul,0.20730505709475375,OK,1991,2020,30,CHIRPS_v2,UCSB-CHG/CHIRPS/DAILY,1991-2020,IBGE_2024
2206654,Morro Cabeça no Tempo,PI,2207.658,7,jul,0.3355885527871711,OK,1991,2020,30,CHIRPS_v2,UCSB-CHG/CHIRPS/DAILY,1991-2020,IBGE_2024
2206605,Monte Alegre do Piauí,PI,2417.394,7,jul,0.2851576915345733,OK,1991,2020,30,CHIRPS_v2,UCSB-CHG/CHIRPS/DAILY,1991-2020,IBGE_2024
2205524,Júlio Borges,PI,1283.918,7,jul,0.13359249079755878,OK,1991,2020,30,CHIRPS_v2,UCSB-CHG/CHIRPS/DAILY,1991-2020,IBGE_2024
2204402,Gilbués,PI,3495.692,7,jul,0.35439774935010304,OK,1991,2020,30,CHIRPS_v2,UCSB-CHG/CHIRPS/DAILY,1991-2020,IBGE_2024
2202901,Corrente,PI,3048.746,7,jul,0.26257408695843715,OK,1991,2020,30,CHIRPS_v2,UCSB-CHG/CHIRPS/DAILY,1991-2020,IBGE_2024
2203206,Curimatá,PI,2344.949,7,jul,0.2881416244022874,OK,1991,2020,30,CHIRPS_v2,UCSB-CHG/CHIRPS/DAILY,1991-2020,IBGE_2024
2203008,Cristalândia do Piauí,PI,1202.898,7,jul,0.19155188543278456,OK,1991,2020,30,CHIRPS_v2,UCSB-CHG/CHIRPS/DAILY,1991-2020,IBGE_2024
2210623,Sebastião Barros,PI,893.489,7,jul,0.1934798098266661,OK,1991,2020,30,CHIRPS_v2,UCSB-CHG/CHIRPS/DAILY,1991-2020,IBGE_2024
2209302,Santa Luz,PI,1185.404,7,jul,1.5933305356915277,OK,1991,2020,30,CHIRPS_v2,UCSB-CHG/CHIRPS/DAILY,1991-2020,IBGE_2024
2208700,Redenção do Gurguéia,PI,2470.575,7,jul,0.5285576462124342,OK,1991,2020,30,CHIRPS_v2,UCSB-CHG/CHIRPS/DAILY,1991-2020,IBGE_2024
2200459,Alvorada do Gurguéia,PI,2131.517,7,jul,1.6436303559456356,OK,1991,2020,30,CHIRPS_v2,UCSB-CHG/CHIRPS/DAILY,1991-2020,IBGE_2024
2207405,Palmeira do Piauí,PI,2023.971,7,jul,0.8550221950512731,OK,1991,2020,30,CHIRPS_v2,UCSB-CHG/CHIRPS/DAILY,1991-2020,IBGE_2024
2203230,Currais,PI,3156.695,7,jul,0.5722382411809801,OK,1991,2020,30,CHIRPS_v2,UCSB-CHG/CHIRPS/DAILY,1991-2020,IBGE_2024
2202752,Colônia do Gurguéia,PI,429.582,7,jul,2.6888202159358783,OK,1991,2020,30,CHIRPS_v2,UCSB-CHG/CHIRPS/DAILY,1991-2020,IBGE_2024
2203107,Cristino Castro,PI,1845.69,7,jul,1.066296494300542,OK,1991,2020,30,CHIRPS_v2,UCSB-CHG/CHIRPS/DAILY,1991-2020,IBGE_2024
2201903,Bom Jesus,PI,5470.984,7,jul,0.8117537502426843,OK,1991,2020,30,CHIRPS_v2,UCSB-CHG/CHIRPS/DAILY,1991-2020,IBGE_2024
2209708,São Francisco do Piauí,PI,1341.44,7,jul,1.5101105647110318,OK,1991,2020,30,CHIRPS_v2,UCSB-CHG/CHIRPS/DAILY,1991-2020,IBGE_2024
2201002,Arraial,PI,619.21,7,jul,2.548186684649995,OK,1991,2020,30,CHIRPS_v2,UCSB-CHG/CHIRPS/DAILY,1991-2020,IBGE_2024
2208551,Porto Alegre do Piauí,PI,1168.044,7,jul,0.16423985796811086,OK,1991,2020,30,CHIRPS_v2,UCSB-CHG/CHIRPS/DAILY,1991-2020,IBGE_2024
2206704,Nazaré do Piauí,PI,1316.762,7,jul,2.29333076584948,OK,1991,2020,30,CHIRPS_v2,UCSB-CHG/CHIRPS/DAILY,1991-2020,IBGE_2024
2206001,Marcos Parente,PI,677.416,7,jul,0.06408209046927595,OK,1991,2020,30,CHIRPS_v2,UCSB-CHG/CHIRPS/DAILY,1991-2020,IBGE_2024
2205300,Jerumenha,PI,1865.94,7,jul,1.971189454825664,OK,1991,2020,30,CHIRPS_v2,UCSB-CHG/CHIRPS/DAILY,1991-2020,IBGE_2024
2205607,Landri Sales,PI,1088.583,7,jul,0.2080495686168772,OK,1991,2020,30,CHIRPS_v2,UCSB-CHG/CHIRPS/DAILY,1991-2020,IBGE_2024
2205102,Itaueira,PI,2554.178,7,jul,0.46836864605294604,OK,1991,2020,30,CHIRPS_v2,UCSB-CHG/CHIRPS/DAILY,1991-2020,IBGE_2024
2204501,Guadalupe,PI,1026.538,7,jul,1.6756152163380569,OK,1991,2020,30,CHIRPS_v2,UCSB-CHG/CHIRPS/DAILY,1991-2020,IBGE_2024
2203909,Floriano,PI,3407.978,7,jul,3.191624897416192,OK,1991,2020,30,CHIRPS_v2,UCSB-CHG/CHIRPS/DAILY,1991-2020,IBGE_2024
2204105,Francisco Ayres,PI,682.514,7,jul,2.0422255118215165,OK,1991,2020,30,CHIRPS_v2,UCSB-CHG/CHIRPS/DAILY,1991-2020,IBGE_2024
2202251,Canavieira,PI,2165.2,7,jul,2.0179087251307664,OK,1991,2020,30,CHIRPS_v2,UCSB-CHG/CHIRPS/DAILY,1991-2020,IBGE_2024
2210102,São José do Peixe,PI,1287.174,7,jul,1.9266606725505886,OK,1991,2020,30,CHIRPS_v2,UCSB-CHG/CHIRPS/DAILY,1991-2020,IBGE_2024
2200806,Antônio Almeida,PI,644.801,7,jul,0.12286986502756089,OK,1991,2020,30,CHIRPS_v2,UCSB-CHG/CHIRPS/DAILY,1991-2020,IBGE_2024
2208908,Ribeiro Gonçalves,PI,3987.142,7,jul,0.7500538840867127,OK,1991,2020,30,CHIRPS_v2,UCSB-CHG/CHIRPS/DAILY,1991-2020,IBGE_2024
2201150,Baixa Grande do Ribeiro,PI,7808.913,7,jul,0.5664174822602647,OK,1991,2020,30,CHIRPS_v2,UCSB-CHG/CHIRPS/DAILY,1991-2020,IBGE_2024
2205904,Manoel Emídio,PI,1620.412,7,jul,1.0167246326827386,OK,1991,2020,30,CHIRPS_v2,UCSB-CHG/CHIRPS/DAILY,1991-2020,IBGE_2024
2211209,Uruçuí,PI,8413.009,7,jul,0.43547944337651295,OK,1991,2020,30,CHIRPS_v2,UCSB-CHG/CHIRPS/DAILY,1991-2020,IBGE_2024
2210631,Sebastião Leal,PI,3148.866,7,jul,0.4753391018486735,OK,1991,2020,30,CHIRPS_v2,UCSB-CHG/CHIRPS/DAILY,1991-2020,IBGE_2024
2201705,Bertolínia,PI,1216.116,7,jul,0.9853865367895527,OK,1991,2020,30,CHIRPS_v2,UCSB-CHG/CHIRPS/DAILY,1991-2020,IBGE_2024
2209005,Rio Grande do Piauí,PI,635.953,7,jul,0.49247042776846117,OK,1991,2020,30,CHIRPS_v2,UCSB-CHG/CHIRPS/DAILY,1991-2020,IBGE_2024
2207850,Pavussu,PI,1090.697,7,jul,0.07823994673211221,OK,1991,2020,30,CHIRPS_v2,UCSB-CHG/CHIRPS/DAILY,1991-2020,IBGE_2024
2207355,Pajeú do Piauí,PI,986.961,7,jul,0.8500825776225003,OK,1991,2020,30,CHIRPS_v2,UCSB-CHG/CHIRPS/DAILY,1991-2020,IBGE_2024
2203800,Flores do Piauí,PI,946.72,7,jul,0.3720972503433016,OK,1991,2020,30,CHIRPS_v2,UCSB-CHG/CHIRPS/DAILY,1991-2020,IBGE_2024
2203602,Eliseu Martins,PI,1097.866,7,jul,4.097459023181781,OK,1991,2020,30,CHIRPS_v2,UCSB-CHG/CHIRPS/DAILY,1991-2020,IBGE_2024
2210953,Tamboril do Piauí,PI,1587.296,7,jul,0.30315076268456553,OK,1991,2020,30,CHIRPS_v2,UCSB-CHG/CHIRPS/DAILY,1991-2020,IBGE_2024
2202307,Canto do Buriti,PI,4325.643,7,jul,0.4361310029980488,OK,1991,2020,30,CHIRPS_v2,UCSB-CHG/CHIRPS/DAILY,1991-2020,IBGE_2024
2201988,Brejo do Piauí,PI,2267.326,7,jul,0.6729142089874947,OK,1991,2020,30,CHIRPS_v2,UCSB-CHG/CHIRPS/DAILY,1991-2020,IBGE_2024
2307700,Maranguape,CE,583.506,7,jul,41.96014595287992,OK,1991,2020,30,CHIRPS_v2,UCSB-CHG/CHIRPS/DAILY,1991-2020,IBGE_2024
2307650,Maracanaú,CE,105.084,7,jul,52.14975907471237,OK,1991,2020,30,CHIRPS_v2,UCSB-CHG/CHIRPS/DAILY,1991-2020,IBGE_2024
2306256,Itaitinga,CE,153.686,7,jul,42.077989654254274,OK,1991,2020,30,CHIRPS_v2,UCSB-CHG/CHIRPS/DAILY,1991-2020,IBGE_2024
2304285,Eusébio,CE,78.818,7,jul,40.18393726285709,OK,1991,2020,30,CHIRPS_v2,UCSB-CHG/CHIRPS/DAILY,1991-2020,IBGE_2024
2304400,Fortaleza,CE,312.353,7,jul,42.76982967480031,OK,1991,2020,30,CHIRPS_v2,UCSB-CHG/CHIRPS/DAILY,1991-2020,IBGE_2024
2303709,Caucaia,CE,1223.199,7,jul,33.03389095510184,OK,1991,2020,30,CHIRPS_v2,UCSB-CHG/CHIRPS/DAILY,1991-2020,IBGE_2024
2309706,Pacatuba,CE,133.223,7,jul,44.64013072679101,OK,1991,2020,30,CHIRPS_v2,UCSB-CHG/CHIRPS/DAILY,1991-2020,IBGE_2024
2301000,Aquiraz,CE,480.236,7,jul,42.863491515476305,OK,1991,2020,30,CHIRPS_v2,UCSB-CHG/CHIRPS/DAILY,1991-2020,IBGE_2024
2305233,Horizonte,CE,160.556,7,jul,44.680335597569105,OK,1991,2020,30,CHIRPS_v2,UCSB-CHG/CHIRPS/DAILY,1991-2020,IBGE_2024
2304954,Guaiúba,CE,256.053,7,jul,45.44745901478706,OK,1991,2020,30,CHIRPS_v2,UCSB-CHG/CHIRPS/DAILY,1991-2020,IBGE_2024
2312403,São Gonçalo do Amarante,CE,842.679,7,jul,18.376662966742376,OK,1991,2020,30,CHIRPS_v2,UCSB-CHG/CHIRPS/DAILY,1991-2020,IBGE_2024
2312601,São Luís do Curu,CE,122.865,7,jul,15.821877868541701,OK,1991,2020,30,CHIRPS_v2,UCSB-CHG/CHIRPS/DAILY,1991-2020,IBGE_2024
2303956,Chorozinho,CE,296.431,7,jul,28.8187173672797,OK,1991,2020,30,CHIRPS_v2,UCSB-CHG/CHIRPS/DAILY,1991-2020,IBGE_2024
2303501,Cascavel,CE,838.115,7,jul,38.50109718214063,OK,1991,2020,30,CHIRPS_v2,UCSB-CHG/CHIRPS/DAILY,1991-2020,IBGE_2024
2310852,Pindoretama,CE,74.033,7,jul,53.02468870423717,OK,1991,2020,30,CHIRPS_v2,UCSB-CHG/CHIRPS/DAILY,1991-2020,IBGE_2024
2302206,Beberibe,CE,1596.75,7,jul,27.778272558366073,OK,1991,2020,30,CHIRPS_v2,UCSB-CHG/CHIRPS/DAILY,1991-2020,IBGE_2024
2310258,Paraipaba,CE,289.231,7,jul,11.558511796500483,OK,1991,2020,30,CHIRPS_v2,UCSB-CHG/CHIRPS/DAILY,1991-2020,IBGE_2024
2310100,Palmácia,CE,128.896,7,jul,57.38519667518841,OK,1991,2020,30,CHIRPS_v2,UCSB-CHG/CHIRPS/DAILY,1991-2020,IBGE_2024
2310209,Paracuru,CE,304.734,7,jul,12.53278182524773,OK,1991,2020,30,CHIRPS_v2,UCSB-CHG/CHIRPS/DAILY,1991-2020,IBGE_2024
2309607,Pacajus,CE,250.305,7,jul,37.372499228835785,OK,1991,2020,30,CHIRPS_v2,UCSB-CHG/CHIRPS/DAILY,1991-2020,IBGE_2024
2306405,Itapipoca,CE,1596.225,7,jul,15.663672896087396,OK,1991,2020,30,CHIRPS_v2,UCSB-CHG/CHIRPS/DAILY,1991-2020,IBGE_2024
2313807,Uruburetama,CE,103.478,7,jul,17.88028829922126,OK,1991,2020,30,CHIRPS_v2,UCSB-CHG/CHIRPS/DAILY,1991-2020,IBGE_2024
2313500,Trairi,CE,928.726,7,jul,7.2377582595063155,OK,1991,2020,30,CHIRPS_v2,UCSB-CHG/CHIRPS/DAILY,1991-2020,IBGE_2024
2313757,Umirim,CE,315.647,7,jul,16.257138937800953,OK,1991,2020,30,CHIRPS_v2,UCSB-CHG/CHIRPS/DAILY,1991-2020,IBGE_2024
2313559,Tururu,CE,197.193,7,jul,16.413768790960916,OK,1991,2020,30,CHIRPS_v2,UCSB-CHG/CHIRPS/DAILY,1991-2020,IBGE_2024
2300754,Amontada,CE,1175.044,7,jul,19.097805674106702,OK,1991,2020,30,CHIRPS_v2,UCSB-CHG/CHIRPS/DAILY,1991-2020,IBGE_2024
2308377,Miraíma,CE,708.678,7,jul,12.486144742050302,OK,1991,2020,30,CHIRPS_v2,UCSB-CHG/CHIRPS/DAILY,1991-2020,IBGE_2024
2306504,Itapiúna,CE,593.232,7,jul,27.590538082852216,OK,1991,2020,30,CHIRPS_v2,UCSB-CHG/CHIRPS/DAILY,1991-2020,IBGE_2024
2305100,Guaramiranga,CE,90.817,7,jul,57.645052234766055,OK,1991,2020,30,CHIRPS_v2,UCSB-CHG/CHIRPS/DAILY,1991-2020,IBGE_2024
2311603,Redenção,CE,247.989,7,jul,48.54545575597534,OK,1991,2020,30,CHIRPS_v2,UCSB-CHG/CHIRPS/DAILY,1991-2020,IBGE_2024
2302909,Capistrano,CE,226.549,7,jul,37.91085885820398,OK,1991,2020,30,CHIRPS_v2,UCSB-CHG/CHIRPS/DAILY,1991-2020,IBGE_2024
2302107,Baturité,CE,314.075,7,jul,39.83324632139208,OK,1991,2020,30,CHIRPS_v2,UCSB-CHG/CHIRPS/DAILY,1991-2020,IBGE_2024
2309805,Pacoti,CE,112.433,7,jul,71.17160467331136,OK,1991,2020,30,CHIRPS_v2,UCSB-CHG/CHIRPS/DAILY,1991-2020,IBGE_2024
2301950,Barreira,CE,260.237,7,jul,36.07737189636856,OK,1991,2020,30,CHIRPS_v2,UCSB-CHG/CHIRPS/DAILY,1991-2020,IBGE_2024
2301208,Aracoiaba,CE,643.988,7,jul,28.911691039885532,OK,1991,2020,30,CHIRPS_v2,UCSB-CHG/CHIRPS/DAILY,1991-2020,IBGE_2024
2301406,Aratuba,CE,119.758,7,jul,34.18670611687891,OK,1991,2020,30,CHIRPS_v2,UCSB-CHG/CHIRPS/DAILY,1991-2020,IBGE_2024
2309458,Ocara,CE,763.075,7,jul,25.049811906935474,OK,1991,2020,30,CHIRPS_v2,UCSB-CHG/CHIRPS/DAILY,1991-2020,IBGE_2024
2309102,Mulungu,CE,97.951,7,jul,49.09906385218586,OK,1991,2020,30,CHIRPS_v2,UCSB-CHG/CHIRPS/DAILY,1991-2020,IBGE_2024
2300150,Acarape,CE,129.767,7,jul,45.19059695679687,OK,1991,2020,30,CHIRPS_v2,UCSB-CHG/CHIRPS/DAILY,1991-2020,IBGE_2024
2307635,Madalena,CE,998.195,7,jul,19.96143438774521,OK,1991,2020,30,CHIRPS_v2,UCSB-CHG/CHIRPS/DAILY,1991-2020,IBGE_2024
2306603,Itatira,CE,829.211,7,jul,19.996613619808254,OK,1991,2020,30,CHIRPS_v2,UCSB-CHG/CHIRPS/DAILY,1991-2020,IBGE_2024
2303006,Caridade,CE,926.271,7,jul,26.008021403945776,OK,1991,2020,30,CHIRPS_v2,UCSB-CHG/CHIRPS/DAILY,1991-2020,IBGE_2024
2302800,Canindé,CE,3032.39,7,jul,20.05797895647531,OK,1991,2020,30,CHIRPS_v2,UCSB-CHG/CHIRPS/DAILY,1991-2020,IBGE_2024
2310407,Paramoti,CE,539.238,7,jul,13.82206891063895,OK,1991,2020,30,CHIRPS_v2,UCSB-CHG/CHIRPS/DAILY,1991-2020,IBGE_2024
2302404,Boa Viagem,CE,2835.037,7,jul,22.562736001801248,OK,1991,2020,30,CHIRPS_v2,UCSB-CHG/CHIRPS/DAILY,1991-2020,IBGE_2024
2306306,Itapajé,CE,436.32,7,jul,14.70908462432765,OK,1991,2020,30,CHIRPS_v2,UCSB-CHG/CHIRPS/DAILY,1991-2020,IBGE_2024
2306108,Irauçuba,CE,1466.413,7,jul,11.379796906586717,OK,1991,2020,30,CHIRPS_v2,UCSB-CHG/CHIRPS/DAILY,1991-2020,IBGE_2024
2313351,Tejuçuoca,CE,758.706,7,jul,14.664373740494158,OK,1991,2020,30,CHIRPS_v2,UCSB-CHG/CHIRPS/DAILY,1991-2020,IBGE_2024
2304608,General Sampaio,CE,230.371,7,jul,15.202224384395004,OK,1991,2020,30,CHIRPS_v2,UCSB-CHG/CHIRPS/DAILY,1991-2020,IBGE_2024
2310704,Pentecoste,CE,1379.836,7,jul,24.37576656879138,OK,1991,2020,30,CHIRPS_v2,UCSB-CHG/CHIRPS/DAILY,1991-2020,IBGE_2024
2300903,Apuiarés,CE,543.98,7,jul,17.21578840846613,OK,1991,2020,30,CHIRPS_v2,UCSB-CHG/CHIRPS/DAILY,1991-2020,IBGE_2024
2305266,Ibaretama,CE,879.253,7,jul,21.638564141918856,OK,1991,2020,30,CHIRPS_v2,UCSB-CHG/CHIRPS/DAILY,1991-2020,IBGE_2024
2305332,Ibicuitinga,CE,423.856,7,jul,17.25469893440886,OK,1991,2020,30,CHIRPS_v2,UCSB-CHG/CHIRPS/DAILY,1991-2020,IBGE_2024
2313005,Solonópole,CE,1535.856,7,jul,21.737157695160775,OK,1991,2020,30,CHIRPS_v2,UCSB-CHG/CHIRPS/DAILY,1991-2020,IBGE_2024
2304269,Deputado Irapuan Pinheiro,CE,471.134,7,jul,18.414948411350757,OK,1991,2020,30,CHIRPS_v2,UCSB-CHG/CHIRPS/DAILY,1991-2020,IBGE_2024
2312700,Senador Pompeu,CE,963.256,7,jul,29.95171518699073,OK,1991,2020,30,CHIRPS_v2,UCSB-CHG/CHIRPS/DAILY,1991-2020,IBGE_2024
2303931,Choró,CE,815.268,7,jul,28.451721760858593,OK,1991,2020,30,CHIRPS_v2,UCSB-CHG/CHIRPS/DAILY,1991-2020,IBGE_2024
2311405,Quixeramobim,CE,3302.144,7,jul,26.473899252356368,OK,1991,2020,30,CHIRPS_v2,UCSB-CHG/CHIRPS/DAILY,1991-2020,IBGE_2024
2311306,Quixadá,CE,2020.587,7,jul,24.470316531469827,OK,1991,2020,30,CHIRPS_v2,UCSB-CHG/CHIRPS/DAILY,1991-2020,IBGE_2024
2310506,Pedra Branca,CE,1328.779,7,jul,23.785076123226233,OK,1991,2020,30,CHIRPS_v2,UCSB-CHG/CHIRPS/DAILY,1991-2020,IBGE_2024
2301851,Banabuiú,CE,1080.983,7,jul,22.35296850626993,OK,1991,2020,30,CHIRPS_v2,UCSB-CHG/CHIRPS/DAILY,1991-2020,IBGE_2024
2308351,Milhã,CE,502.136,7,jul,26.253540897604704,OK,1991,2020,30,CHIRPS_v2,UCSB-CHG/CHIRPS/DAILY,1991-2020,IBGE_2024
2307601,Limoeiro do Norte,CE,794.688,7,jul,14.720923766910468,OK,1991,2020,30,CHIRPS_v2,UCSB-CHG/CHIRPS/DAILY,1991-2020,IBGE_2024
2306801,Jaguaribara,CE,622.963,7,jul,18.352106183488736,OK,1991,2020,30,CHIRPS_v2,UCSB-CHG/CHIRPS/DAILY,1991-2020,IBGE_2024
2306702,Jaguaretama,CE,1826.829,7,jul,19.628012671128023,OK,1991,2020,30,CHIRPS_v2,UCSB-CHG/CHIRPS/DAILY,1991-2020,IBGE_2024
2306900,Jaguaribe,CE,1877.062,7,jul,17.915496157449937,OK,1991,2020,30,CHIRPS_v2,UCSB-CHG/CHIRPS/DAILY,1991-2020,IBGE_2024
2306009,Iracema,CE,839.174,7,jul,21.823385644237263,OK,1991,2020,30,CHIRPS_v2,UCSB-CHG/CHIRPS/DAILY,1991-2020,IBGE_2024
2313104,Tabuleiro do Norte,CE,1047.637,7,jul,16.501865765483096,OK,1991,2020,30,CHIRPS_v2,UCSB-CHG/CHIRPS/DAILY,1991-2020,IBGE_2024
2312502,São João do Jaguaribe,CE,279.451,7,jul,16.944887461671865,OK,1991,2020,30,CHIRPS_v2,UCSB-CHG/CHIRPS/DAILY,1991-2020,IBGE_2024
2304277,Ereré,CE,349.034,7,jul,23.483458156877553,OK,1991,2020,30,CHIRPS_v2,UCSB-CHG/CHIRPS/DAILY,1991-2020,IBGE_2024
2311801,Russas,CE,1505.726,7,jul,17.558788854939817,OK,1991,2020,30,CHIRPS_v2,UCSB-CHG/CHIRPS/DAILY,1991-2020,IBGE_2024
2311504,Quixeré,CE,609.438,7,jul,15.8888463727566,OK,1991,2020,30,CHIRPS_v2,UCSB-CHG/CHIRPS/DAILY,1991-2020,IBGE_2024
2310803,Pereiro,CE,449.74,7,jul,23.986718853088497,OK,1991,2020,30,CHIRPS_v2,UCSB-CHG/CHIRPS/DAILY,1991-2020,IBGE_2024
2311231,Potiretama,CE,409.137,7,jul,19.682524059194307,OK,1991,2020,30,CHIRPS_v2,UCSB-CHG/CHIRPS/DAILY,1991-2020,IBGE_2024
2310001,Palhano,CE,436.98,7,jul,18.66163961087941,OK,1991,2020,30,CHIRPS_v2,UCSB-CHG/CHIRPS/DAILY,1991-2020,IBGE_2024
2300705,Alto Santo,CE,1147.209,7,jul,17.883951351429136,OK,1991,2020,30,CHIRPS_v2,UCSB-CHG/CHIRPS/DAILY,1991-2020,IBGE_2024
2308708,Morada Nova,CE,2822.836,7,jul,17.9807480169224,OK,1991,2020,30,CHIRPS_v2,UCSB-CHG/CHIRPS/DAILY,1991-2020,IBGE_2024
2307007,Jaguaruana,CE,854.36,7,jul,19.827236952992884,OK,1991,2020,30,CHIRPS_v2,UCSB-CHG/CHIRPS/DAILY,1991-2020,IBGE_2024
2306207,Itaiçaba,CE,213.604,7,jul,21.114707295362685,OK,1991,2020,30,CHIRPS_v2,UCSB-CHG/CHIRPS/DAILY,1991-2020,IBGE_2024
2305357,Icapuí,CE,421.441,7,jul,20.93634645715252,OK,1991,2020,30,CHIRPS_v2,UCSB-CHG/CHIRPS/DAILY,1991-2020,IBGE_2024
2304459,Fortim,CE,285.024,7,jul,23.724256406936714,OK,1991,2020,30,CHIRPS_v2,UCSB-CHG/CHIRPS/DAILY,1991-2020,IBGE_2024
2301109,Aracati,CE,1227.196,7,jul,21.827149045641516,OK,1991,2020,30,CHIRPS_v2,UCSB-CHG/CHIRPS/DAILY,1991-2020,IBGE_2024
2308500,Mombaça,CE,2105.518,7,jul,19.447215297825917,OK,1991,2020,30,CHIRPS_v2,UCSB-CHG/CHIRPS/DAILY,1991-2020,IBGE_2024
2300309,Acopiara,CE,2254.279,7,jul,15.714468222309357,OK,1991,2020,30,CHIRPS_v2,UCSB-CHG/CHIRPS/DAILY,1991-2020,IBGE_2024
2307403,Jucás,CE,940.336,7,jul,9.59794918400091,OK,1991,2020,30,CHIRPS_v2,UCSB-CHG/CHIRPS/DAILY,1991-2020,IBGE_2024
2305506,Iguatu,CE,977.311,7,jul,12.219421605055997,OK,1991,2020,30,CHIRPS_v2,UCSB-CHG/CHIRPS/DAILY,1991-2020,IBGE_2024
2311900,Saboeiro,CE,1381.274,7,jul,9.684268050415305,OK,1991,2020,30,CHIRPS_v2,UCSB-CHG/CHIRPS/DAILY,1991-2020,IBGE_2024
2303808,Cedro,CE,729.97,7,jul,11.85810229648416,OK,1991,2020,30,CHIRPS_v2,UCSB-CHG/CHIRPS/DAILY,1991-2020,IBGE_2024
2303600,Catarina,CE,488.153,7,jul,10.877687786103076,OK,1991,2020,30,CHIRPS_v2,UCSB-CHG/CHIRPS/DAILY,1991-2020,IBGE_2024
2311355,Quixelô,CE,620.242,7,jul,14.228073819570549,OK,1991,2020,30,CHIRPS_v2,UCSB-CHG/CHIRPS/DAILY,1991-2020,IBGE_2024
2303303,Cariús,CE,1036.417,7,jul,9.380636030825972,OK,1991,2020,30,CHIRPS_v2,UCSB-CHG/CHIRPS/DAILY,1991-2020,IBGE_2024
2310902,Piquet Carneiro,CE,589.601,7,jul,20.277711103729654,OK,1991,2020,30,CHIRPS_v2,UCSB-CHG/CHIRPS/DAILY,1991-2020,IBGE_2024
2305704,Ipaumirim,CE,276.508,7,jul,14.695052654250453,OK,1991,2020,30,CHIRPS_v2,UCSB-CHG/CHIRPS/DAILY,1991-2020,IBGE_2024
2313708,Umari,CE,263.185,7,jul,15.37910035720232,OK,1991,2020,30,CHIRPS_v2,UCSB-CHG/CHIRPS/DAILY,1991-2020,IBGE_2024
2305407,Icó,CE,1865.86,7,jul,14.441353875432549,OK,1991,2020,30,CHIRPS_v2,UCSB-CHG/CHIRPS/DAILY,1991-2020,IBGE_2024
2301802,Baixio,CE,145.556,7,jul,14.539539651943285,OK,1991,2020,30,CHIRPS_v2,UCSB-CHG/CHIRPS/DAILY,1991-2020,IBGE_2024
2309508,Orós,CE,577.526,7,jul,14.027941644817634,OK,1991,2020,30,CHIRPS_v2,UCSB-CHG/CHIRPS/DAILY,1991-2020,IBGE_2024
2307304,Juazeiro do Norte,CE,258.788,7,jul,9.83817337568653,OK,1991,2020,30,CHIRPS_v2,UCSB-CHG/CHIRPS/DAILY,1991-2020,IBGE_2024
2304202,Crato,CE,1138.15,7,jul,13.444543346263595,OK,1991,2020,30,CHIRPS_v2,UCSB-CHG/CHIRPS/DAILY,1991-2020,IBGE_2024
2301901,Barbalha,CE,608.142,7,jul,15.146098196043079,OK,1991,2020,30,CHIRPS_v2,UCSB-CHG/CHIRPS/DAILY,1991-2020,IBGE_2024
2307502,Lavras da Mangabeira,CE,945.263,7,jul,12.320512357565015,OK,1991,2020,30,CHIRPS_v2,UCSB-CHG/CHIRPS/DAILY,1991-2020,IBGE_2024
2307106,Jardim,CE,544.995,7,jul,20.53821675482218,OK,1991,2020,30,CHIRPS_v2,UCSB-CHG/CHIRPS/DAILY,1991-2020,IBGE_2024
2314003,Várzea Alegre,CE,829.977,7,jul,11.840165838437276,OK,1991,2020,30,CHIRPS_v2,UCSB-CHG/CHIRPS/DAILY,1991-2020,IBGE_2024
2304806,Granjeiro,CE,111.528,7,jul,13.577675981866332,OK,1991,2020,30,CHIRPS_v2,UCSB-CHG/CHIRPS/DAILY,1991-2020,IBGE_2024
2313252,Tarrafas,CE,412.719,7,jul,6.8995876516002745,OK,1991,2020,30,CHIRPS_v2,UCSB-CHG/CHIRPS/DAILY,1991-2020,IBGE_2024
2304301,Farias Brito,CE,530.54,7,jul,9.437291628191584,OK,1991,2020,30,CHIRPS_v2,UCSB-CHG/CHIRPS/DAILY,1991-2020,IBGE_2024
2311959,Salitre,CE,806.254,7,jul,6.596888040972426,OK,1991,2020,30,CHIRPS_v2,UCSB-CHG/CHIRPS/DAILY,1991-2020,IBGE_2024
2312106,Santana do Cariri,CE,855.159,7,jul,11.751680470455883,OK,1991,2020,30,CHIRPS_v2,UCSB-CHG/CHIRPS/DAILY,1991-2020,IBGE_2024
2303204,Caririaçu,CE,634.179,7,jul,13.425748886251219,OK,1991,2020,30,CHIRPS_v2,UCSB-CHG/CHIRPS/DAILY,1991-2020,IBGE_2024
2302701,Campos Sales,CE,1082.581,7,jul,4.806956297604305,OK,1991,2020,30,CHIRPS_v2,UCSB-CHG/CHIRPS/DAILY,1991-2020,IBGE_2024
2311207,Potengi,CE,343.264,7,jul,5.19712513711175,OK,1991,2020,30,CHIRPS_v2,UCSB-CHG/CHIRPS/DAILY,1991-2020,IBGE_2024
2301703,Aurora,CE,885.87,7,jul,12.659853850617393,OK,1991,2020,30,CHIRPS_v2,UCSB-CHG/CHIRPS/DAILY,1991-2020,IBGE_2024
2301604,Assaré,CE,1155.124,7,jul,7.26201663403221,OK,1991,2020,30,CHIRPS_v2,UCSB-CHG/CHIRPS/DAILY,1991-2020,IBGE_2024
2309201,Nova Olinda,CE,282.584,7,jul,8.592929330231842,OK,1991,2020,30,CHIRPS_v2,UCSB-CHG/CHIRPS/DAILY,1991-2020,IBGE_2024
2301307,Araripe,CE,1097.345,7,jul,8.02275418144972,OK,1991,2020,30,CHIRPS_v2,UCSB-CHG/CHIRPS/DAILY,1991-2020,IBGE_2024
2300606,Altaneira,CE,72.675,7,jul,9.053928084168213,OK,1991,2020,30,CHIRPS_v2,UCSB-CHG/CHIRPS/DAILY,1991-2020,IBGE_2024
2300804,Antonina do Norte,CE,259.706,7,jul,10.00030259170434,OK,1991,2020,30,CHIRPS_v2,UCSB-CHG/CHIRPS/DAILY,1991-2020,IBGE_2024
2308401,Missão Velha,CE,613.317,7,jul,13.114557663924515,OK,1991,2020,30,CHIRPS_v2,UCSB-CHG/CHIRPS/DAILY,1991-2020,IBGE_2024
2300408,Aiuaba,CE,2438.563,7,jul,7.45172437841545,OK,1991,2020,30,CHIRPS_v2,UCSB-CHG/CHIRPS/DAILY,1991-2020,IBGE_2024
2308104,Mauriti,CE,1079.01,7,jul,15.423999726756762,OK,1991,2020,30,CHIRPS_v2,UCSB-CHG/CHIRPS/DAILY,1991-2020,IBGE_2024
2307205,Jati,CE,368.357,7,jul,13.757055414924295,OK,1991,2020,30,CHIRPS_v2,UCSB-CHG/CHIRPS/DAILY,1991-2020,IBGE_2024
2311108,Porteiras,CE,224.86,7,jul,17.164793740914224,OK,1991,2020,30,CHIRPS_v2,UCSB-CHG/CHIRPS/DAILY,1991-2020,IBGE_2024
2310605,Penaforte,CE,150.536,7,jul,13.193781273919113,OK,1991,2020,30,CHIRPS_v2,UCSB-CHG/CHIRPS/DAILY,1991-2020,IBGE_2024
2302503,Brejo Santo,CE,654.658,7,jul,14.419478865204221,OK,1991,2020,30,CHIRPS_v2,UCSB-CHG/CHIRPS/DAILY,1991-2020,IBGE_2024
2302008,Barro,CE,711.346,7,jul,12.687838167326355,OK,1991,2020,30,CHIRPS_v2,UCSB-CHG/CHIRPS/DAILY,1991-2020,IBGE_2024
2308302,Milagres,CE,579.097,7,jul,12.789561927149991,OK,1991,2020,30,CHIRPS_v2,UCSB-CHG/CHIRPS/DAILY,1991-2020,IBGE_2024
2300101,Abaiara,CE,180.833,7,jul,14.06198788359367,OK,1991,2020,30,CHIRPS_v2,UCSB-CHG/CHIRPS/DAILY,1991-2020,IBGE_2024
2305654,Ipaporanga,CE,704.773,7,jul,7.9763136401094625,OK,1991,2020,30,CHIRPS_v2,UCSB-CHG/CHIRPS/DAILY,1991-2020,IBGE_2024
2305605,Independência,CE,3237.132,7,jul,5.675831461694493,OK,1991,2020,30,CHIRPS_v2,UCSB-CHG/CHIRPS/DAILY,1991-2020,IBGE_2024
2313203,Tamboril,CE,2011.781,7,jul,6.898723283498863,OK,1991,2020,30,CHIRPS_v2,UCSB-CHG/CHIRPS/DAILY,1991-2020,IBGE_2024
2304103,Crateús,CE,2981.462,7,jul,6.5237758278250615,OK,1991,2020,30,CHIRPS_v2,UCSB-CHG/CHIRPS/DAILY,1991-2020,IBGE_2024
2311264,Quiterianópolis,CE,1022.896,7,jul,5.73976726955217,OK,1991,2020,30,CHIRPS_v2,UCSB-CHG/CHIRPS/DAILY,1991-2020,IBGE_2024
2311009,Poranga,CE,1310.768,7,jul,8.929177691920598,OK,1991,2020,30,CHIRPS_v2,UCSB-CHG/CHIRPS/DAILY,1991-2020,IBGE_2024
2309409,Novo Oriente,CE,954.384,7,jul,5.827731156687462,OK,1991,2020,30,CHIRPS_v2,UCSB-CHG/CHIRPS/DAILY,1991-2020,IBGE_2024
2309300,Nova Russas,CE,736.911,7,jul,8.088480458914788,OK,1991,2020,30,CHIRPS_v2,UCSB-CHG/CHIRPS/DAILY,1991-2020,IBGE_2024
2301257,Ararendá,CE,342.302,7,jul,10.532983892355462,OK,1991,2020,30,CHIRPS_v2,UCSB-CHG/CHIRPS/DAILY,1991-2020,IBGE_2024
2308609,Monsenhor Tabosa,CE,892.538,7,jul,16.156607471796264,OK,1991,2020,30,CHIRPS_v2,UCSB-CHG/CHIRPS/DAILY,1991-2020,IBGE_2024
2313302,Tauá,CE,4010.609,7,jul,7.752709286087129,OK,1991,2020,30,CHIRPS_v2,UCSB-CHG/CHIRPS/DAILY,1991-2020,IBGE_2024
2310308,Parambu,CE,2313.868,7,jul,6.1267237427143835,OK,1991,2020,30,CHIRPS_v2,UCSB-CHG/CHIRPS/DAILY,1991-2020,IBGE_2024
2301505,Arneiroz,CE,1068.447,7,jul,7.107678670748375,OK,1991,2020,30,CHIRPS_v2,UCSB-CHG/CHIRPS/DAILY,1991-2020,IBGE_2024
2312908,Sobral,CE,2068.474,7,jul,10.65448402777318,OK,1991,2020,30,CHIRPS_v2,UCSB-CHG/CHIRPS/DAILY,1991-2020,IBGE_2024
2304350,Forquilha,CE,568.778,7,jul,8.964501971725667,OK,1991,2020,30,CHIRPS_v2,UCSB-CHG/CHIRPS/DAILY,1991-2020,IBGE_2024
2307908,Martinópole,CE,303.445,7,jul,15.757974215306708,OK,1991,2020,30,CHIRPS_v2,UCSB-CHG/CHIRPS/DAILY,1991-2020,IBGE_2024
2308005,Massapê,CE,567.78,7,jul,20.066541463788244,OK,1991,2020,30,CHIRPS_v2,UCSB-CHG/CHIRPS/DAILY,1991-2020,IBGE_2024
2313955,Varjota,CE,179.239,7,jul,14.071671911305604,OK,1991,2020,30,CHIRPS_v2,UCSB-CHG/CHIRPS/DAILY,1991-2020,IBGE_2024
2313906,Uruoca,CE,697.683,7,jul,16.295114564077423,OK,1991,2020,30,CHIRPS_v2,UCSB-CHG/CHIRPS/DAILY,1991-2020,IBGE_2024
2305209,Hidrolândia,CE,926.592,7,jul,11.218627292974052,OK,1991,2020,30,CHIRPS_v2,UCSB-CHG/CHIRPS/DAILY,1991-2020,IBGE_2024
2312809,Senador Sá,CE,424.642,7,jul,17.936498966400656,OK,1991,2020,30,CHIRPS_v2,UCSB-CHG/CHIRPS/DAILY,1991-2020,IBGE_2024
2304657,Graça,CE,258.943,7,jul,25.243370780849858,OK,1991,2020,30,CHIRPS_v2,UCSB-CHG/CHIRPS/DAILY,1991-2020,IBGE_2024
2304905,Groaíras,CE,155.68,7,jul,9.970199341009568,OK,1991,2020,30,CHIRPS_v2,UCSB-CHG/CHIRPS/DAILY,1991-2020,IBGE_2024
2304509,Frecheirinha,CE,210.284,7,jul,21.807634934943504,OK,1991,2020,30,CHIRPS_v2,UCSB-CHG/CHIRPS/DAILY,1991-2020,IBGE_2024
2303659,Catunda,CE,784.022,7,jul,11.351023344550086,OK,1991,2020,30,CHIRPS_v2,UCSB-CHG/CHIRPS/DAILY,1991-2020,IBGE_2024
2304004,Coreaú,CE,750.333,7,jul,16.408748145955563,OK,1991,2020,30,CHIRPS_v2,UCSB-CHG/CHIRPS/DAILY,1991-2020,IBGE_2024
2312205,Santa Quitéria,CE,4262.293,7,jul,13.523692268999886,OK,1991,2020,30,CHIRPS_v2,UCSB-CHG/CHIRPS/DAILY,1991-2020,IBGE_2024
2312007,Santana do Acaraú,CE,972.551,7,jul,11.688809740418206,OK,1991,2020,30,CHIRPS_v2,UCSB-CHG/CHIRPS/DAILY,1991-2020,IBGE_2024
2303105,Cariré,CE,755.597,7,jul,12.068051030570373,OK,1991,2020,30,CHIRPS_v2,UCSB-CHG/CHIRPS/DAILY,1991-2020,IBGE_2024
2311702,Reriutaba,CE,372.949,7,jul,16.586213949688897,OK,1991,2020,30,CHIRPS_v2,UCSB-CHG/CHIRPS/DAILY,1991-2020,IBGE_2024
2309904,Pacujá,CE,88.355,7,jul,19.892747441048808,OK,1991,2020,30,CHIRPS_v2,UCSB-CHG/CHIRPS/DAILY,1991-2020,IBGE_2024
2308807,Moraújo,CE,414.445,7,jul,15.261014009267745,OK,1991,2020,30,CHIRPS_v2,UCSB-CHG/CHIRPS/DAILY,1991-2020,IBGE_2024
2308906,Morrinhos,CE,411.608,7,jul,13.771230731013512,OK,1991,2020,30,CHIRPS_v2,UCSB-CHG/CHIRPS/DAILY,1991-2020,IBGE_2024
2300507,Alcântaras,CE,135.76,7,jul,17.096567994860333,OK,1991,2020,30,CHIRPS_v2,UCSB-CHG/CHIRPS/DAILY,1991-2020,IBGE_2024
2309003,Mucambo,CE,192.19,7,jul,19.73386155884739,OK,1991,2020,30,CHIRPS_v2,UCSB-CHG/CHIRPS/DAILY,1991-2020,IBGE_2024
2308203,Meruoca,CE,151.651,7,jul,20.282634569621624,OK,1991,2020,30,CHIRPS_v2,UCSB-CHG/CHIRPS/DAILY,1991-2020,IBGE_2024
2305803,Ipu,CE,626.049,7,jul,17.656189905180703,OK,1991,2020,30,CHIRPS_v2,UCSB-CHG/CHIRPS/DAILY,1991-2020,IBGE_2024
2314102,Viçosa do Ceará,CE,1310.91,7,jul,27.169323249475006,OK,1991,2020,30,CHIRPS_v2,UCSB-CHG/CHIRPS/DAILY,1991-2020,IBGE_2024
2305902,Ipueiras,CE,1483.262,7,jul,14.07721833974121,OK,1991,2020,30,CHIRPS_v2,UCSB-CHG/CHIRPS/DAILY,1991-2020,IBGE_2024
2305308,Ibiapina,CE,414.092,7,jul,23.725156292782547,OK,1991,2020,30,CHIRPS_v2,UCSB-CHG/CHIRPS/DAILY,1991-2020,IBGE_2024
2313401,Tianguá,CE,909.853,7,jul,25.828382282600224,OK,1991,2020,30,CHIRPS_v2,UCSB-CHG/CHIRPS/DAILY,1991-2020,IBGE_2024
2313609,Ubajara,CE,423.673,7,jul,25.422255189818525,OK,1991,2020,30,CHIRPS_v2,UCSB-CHG/CHIRPS/DAILY,1991-2020,IBGE_2024
2305001,Guaraciaba do Norte,CE,624.61,7,jul,22.07878181167924,OK,1991,2020,30,CHIRPS_v2,UCSB-CHG/CHIRPS/DAILY,1991-2020,IBGE_2024
2304236,Croatá,CE,696.351,7,jul,16.31889674017999,OK,1991,2020,30,CHIRPS_v2,UCSB-CHG/CHIRPS/DAILY,1991-2020,IBGE_2024
2312304,São Benedito,CE,350.847,7,jul,23.362750277612264,OK,1991,2020,30,CHIRPS_v2,UCSB-CHG/CHIRPS/DAILY,1991-2020,IBGE_2024
2303402,Carnaubal,CE,363.212,7,jul,21.768587724747224,OK,1991,2020,30,CHIRPS_v2,UCSB-CHG/CHIRPS/DAILY,1991-2020,IBGE_2024
2310951,Pires Ferreira,CE,244.464,7,jul,14.497147667042821,OK,1991,2020,30,CHIRPS_v2,UCSB-CHG/CHIRPS/DAILY,1991-2020,IBGE_2024
2307809,Marco,CE,573.611,7,jul,15.624255165110847,OK,1991,2020,30,CHIRPS_v2,UCSB-CHG/CHIRPS/DAILY,1991-2020,IBGE_2024
2307254,Jijoca de Jericoacoara,CE,209.029,7,jul,18.758590375243713,OK,1991,2020,30,CHIRPS_v2,UCSB-CHG/CHIRPS/DAILY,1991-2020,IBGE_2024
2306553,Itarema,CE,714.833,7,jul,21.660405412216644,OK,1991,2020,30,CHIRPS_v2,UCSB-CHG/CHIRPS/DAILY,1991-2020,IBGE_2024
2304251,Cruz,CE,335.921,7,jul,19.441639318367905,OK,1991,2020,30,CHIRPS_v2,UCSB-CHG/CHIRPS/DAILY,1991-2020,IBGE_2024
2302305,Bela Cruz,CE,842.106,7,jul,17.10028038139597,OK,1991,2020,30,CHIRPS_v2,UCSB-CHG/CHIRPS/DAILY,1991-2020,IBGE_2024
2300200,Acaraú,CE,842.469,7,jul,20.704995224080594,OK,1991,2020,30,CHIRPS_v2,UCSB-CHG/CHIRPS/DAILY,1991-2020,IBGE_2024
2304707,Granja,CE,2663.178,7,jul,20.338888347276672,OK,1991,2020,30,CHIRPS_v2,UCSB-CHG/CHIRPS/DAILY,1991-2020,IBGE_2024
2303907,Chaval,CE,237.239,7,jul,19.04019990563895,OK,1991,2020,30,CHIRPS_v2,UCSB-CHG/CHIRPS/DAILY,1991-2020,IBGE_2024
2302602,Camocim,CE,1120.449,7,jul,16.853980391831744,OK,1991,2020,30,CHIRPS_v2,UCSB-CHG/CHIRPS/DAILY,1991-2020,IBGE_2024
2302057,Barroquinha,CE,385.59,7,jul,15.051466089230345,OK,1991,2020,30,CHIRPS_v2,UCSB-CHG/CHIRPS/DAILY,1991-2020,IBGE_2024
2403608,Extremoz,RN,140.639,7,jul,156.9277374417208,OK,1991,2020,30,CHIRPS_v2,UCSB-CHG/CHIRPS/DAILY,1991-2020,IBGE_2024
2412005,São Gonçalo do Amarante,RN,249.8,7,jul,137.69479204590772,OK,1991,2020,30,CHIRPS_v2,UCSB-CHG/CHIRPS/DAILY,1991-2020,IBGE_2024
2403251,Parnamirim,RN,124.006,7,jul,161.19129334574376,OK,1991,2020,30,CHIRPS_v2,UCSB-CHG/CHIRPS/DAILY,1991-2020,IBGE_2024
2408102,Natal,RN,167.401,7,jul,166.91672399687002,OK,1991,2020,30,CHIRPS_v2,UCSB-CHG/CHIRPS/DAILY,1991-2020,IBGE_2024
2407104,Macaíba,RN,510.092,7,jul,129.1057601892212,OK,1991,2020,30,CHIRPS_v2,UCSB-CHG/CHIRPS/DAILY,1991-2020,IBGE_2024
2413904,Taipu,RN,352.818,7,jul,120.93162974672084,OK,1991,2020,30,CHIRPS_v2,UCSB-CHG/CHIRPS/DAILY,1991-2020,IBGE_2024
2413201,Senador Georgino Avelino,RN,26.1,7,jul,209.18610068735404,OK,1991,2020,30,CHIRPS_v2,UCSB-CHG/CHIRPS/DAILY,1991-2020,IBGE_2024
2404606,Ielmo Marinho,RN,312.028,7,jul,111.92187804314243,OK,1991,2020,30,CHIRPS_v2,UCSB-CHG/CHIRPS/DAILY,1991-2020,IBGE_2024
2412203,São José de Mipibu,RN,289.987,7,jul,145.76521696234855,OK,1991,2020,30,CHIRPS_v2,UCSB-CHG/CHIRPS/DAILY,1991-2020,IBGE_2024
2412559,São Miguel do Gostoso,RN,431.445,7,jul,93.26637035805865,OK,1991,2020,30,CHIRPS_v2,UCSB-CHG/CHIRPS/DAILY,1991-2020,IBGE_2024
2402600,Ceará-Mirim,RN,724.838,7,jul,134.96463786148823,OK,1991,2020,30,CHIRPS_v2,UCSB-CHG/CHIRPS/DAILY,1991-2020,IBGE_2024
2410108,Poço Branco,RN,230.401,7,jul,101.4372425746347,OK,1991,2020,30,CHIRPS_v2,UCSB-CHG/CHIRPS/DAILY,1991-2020,IBGE_2024
2410405,Pureza,RN,504.294,7,jul,109.20170298768858,OK,1991,2020,30,CHIRPS_v2,UCSB-CHG/CHIRPS/DAILY,1991-2020,IBGE_2024
2401602,Bento Fernandes,RN,301.069,7,jul,90.89698694880931,OK,1991,2020,30,CHIRPS_v2,UCSB-CHG/CHIRPS/DAILY,1991-2020,IBGE_2024
2401800,Brejinho,RN,61.559,7,jul,101.1794472311595,OK,1991,2020,30,CHIRPS_v2,UCSB-CHG/CHIRPS/DAILY,1991-2020,IBGE_2024
2401701,Bom Jesus,RN,122.035,7,jul,91.12030268326785,OK,1991,2020,30,CHIRPS_v2,UCSB-CHG/CHIRPS/DAILY,1991-2020,IBGE_2024
2408953,Rio do Fogo,RN,151.097,7,jul,114.7092273776929,OK,1991,2020,30,CHIRPS_v2,UCSB-CHG/CHIRPS/DAILY,1991-2020,IBGE_2024
2408201,Nísia Floresta,RN,307.719,7,jul,187.02672130983424,OK,1991,2020,30,CHIRPS_v2,UCSB-CHG/CHIRPS/DAILY,1991-2020,IBGE_2024
2407500,Maxaranguape,RN,132.129,7,jul,126.23579609920884,OK,1991,2020,30,CHIRPS_v2,UCSB-CHG/CHIRPS/DAILY,1991-2020,IBGE_2024
2407807,Monte Alegre,RN,211.259,7,jul,116.39211809687826,OK,1991,2020,30,CHIRPS_v2,UCSB-CHG/CHIRPS/DAILY,1991-2020,IBGE_2024
2414803,Vera Cruz,RN,84.127,7,jul,119.04946276343443,OK,1991,2020,30,CHIRPS_v2,UCSB-CHG/CHIRPS/DAILY,1991-2020,IBGE_2024
2406601,Lagoa Salgada,RN,79.128,7,jul,105.79209899310219,OK,1991,2020,30,CHIRPS_v2,UCSB-CHG/CHIRPS/DAILY,1991-2020,IBGE_2024
2406155,Jundiá,RN,44.641,7,jul,109.26197190151551,OK,1991,2020,30,CHIRPS_v2,UCSB-CHG/CHIRPS/DAILY,1991-2020,IBGE_2024
2414407,Touros,RN,753.961,7,jul,102.15003025865514,OK,1991,2020,30,CHIRPS_v2,UCSB-CHG/CHIRPS/DAILY,1991-2020,IBGE_2024
2413300,Serra de São Bento,RN,96.585,7,jul,117.01488552145648,OK,1991,2020,30,CHIRPS_v2,UCSB-CHG/CHIRPS/DAILY,1991-2020,IBGE_2024
2413508,Serrinha,RN,193.351,7,jul,92.26255767221113,OK,1991,2020,30,CHIRPS_v2,UCSB-CHG/CHIRPS/DAILY,1991-2020,IBGE_2024
2405306,Januário Cicco,RN,167.042,7,jul,93.63429548828903,OK,1991,2020,30,CHIRPS_v2,UCSB-CHG/CHIRPS/DAILY,1991-2020,IBGE_2024
2412302,São José do Campestre,RN,341.115,7,jul,87.59034192115034,OK,1991,2020,30,CHIRPS_v2,UCSB-CHG/CHIRPS/DAILY,1991-2020,IBGE_2024
2411502,Santo Antônio,RN,301.082,7,jul,97.89502458420041,OK,1991,2020,30,CHIRPS_v2,UCSB-CHG/CHIRPS/DAILY,1991-2020,IBGE_2024
2410306,Serra Caiada,RN,230.036,7,jul,82.03966280107014,OK,1991,2020,30,CHIRPS_v2,UCSB-CHG/CHIRPS/DAILY,1991-2020,IBGE_2024
2409209,Passagem,RN,41.215,7,jul,89.62716719400917,OK,1991,2020,30,CHIRPS_v2,UCSB-CHG/CHIRPS/DAILY,1991-2020,IBGE_2024
2409100,Passa e Fica,RN,44.105,7,jul,115.29214571549562,OK,1991,2020,30,CHIRPS_v2,UCSB-CHG/CHIRPS/DAILY,1991-2020,IBGE_2024
2408300,Nova Cruz,RN,277.319,7,jul,98.86249424674713,OK,1991,2020,30,CHIRPS_v2,UCSB-CHG/CHIRPS/DAILY,1991-2020,IBGE_2024
2407906,Monte das Gameleiras,RN,71.946,7,jul,96.90330405398578,OK,1991,2020,30,CHIRPS_v2,UCSB-CHG/CHIRPS/DAILY,1991-2020,IBGE_2024
2414704,Várzea,RN,72.684,7,jul,79.84434534971369,OK,1991,2020,30,CHIRPS_v2,UCSB-CHG/CHIRPS/DAILY,1991-2020,IBGE_2024
2406205,Lagoa d'Anta,RN,104.065,7,jul,108.18892901023958,OK,1991,2020,30,CHIRPS_v2,UCSB-CHG/CHIRPS/DAILY,1991-2020,IBGE_2024
2406304,Lagoa de Pedras,RN,117.971,7,jul,96.0161744231742,OK,1991,2020,30,CHIRPS_v2,UCSB-CHG/CHIRPS/DAILY,1991-2020,IBGE_2024
2404200,Goianinha,RN,192.279,7,jul,160.23525528900777,OK,1991,2020,30,CHIRPS_v2,UCSB-CHG/CHIRPS/DAILY,1991-2020,IBGE_2024
2403509,Espírito Santo,RN,135.837,7,jul,114.98291073875299,OK,1991,2020,30,CHIRPS_v2,UCSB-CHG/CHIRPS/DAILY,1991-2020,IBGE_2024
2402204,Canguaretama,RN,245.485,7,jul,172.75092985336832,OK,1991,2020,30,CHIRPS_v2,UCSB-CHG/CHIRPS/DAILY,1991-2020,IBGE_2024
2401404,Baía Formosa,RN,247.484,7,jul,192.54382799320376,OK,1991,2020,30,CHIRPS_v2,UCSB-CHG/CHIRPS/DAILY,1991-2020,IBGE_2024
2409803,Pedro Velho,RN,192.708,7,jul,135.61630245141703,OK,1991,2020,30,CHIRPS_v2,UCSB-CHG/CHIRPS/DAILY,1991-2020,IBGE_2024
2401206,Arez,RN,115.407,7,jul,173.48044084142464,OK,1991,2020,30,CHIRPS_v2,UCSB-CHG/CHIRPS/DAILY,1991-2020,IBGE_2024
2407708,Montanhas,RN,82.214,7,jul,111.72514355132832,OK,1991,2020,30,CHIRPS_v2,UCSB-CHG/CHIRPS/DAILY,1991-2020,IBGE_2024
2415008,Vila Flor,RN,47.656,7,jul,199.22308926410616,OK,1991,2020,30,CHIRPS_v2,UCSB-CHG/CHIRPS/DAILY,1991-2020,IBGE_2024
2414209,Tibau do Sul,RN,102.68,7,jul,193.0850477507998,OK,1991,2020,30,CHIRPS_v2,UCSB-CHG/CHIRPS/DAILY,1991-2020,IBGE_2024
2414001,Tangará,RN,339.484,7,jul,71.62078932249521,OK,1991,2020,30,CHIRPS_v2,UCSB-CHG/CHIRPS/DAILY,1991-2020,IBGE_2024
2405009,Jaçanã,RN,54.56,7,jul,33.47865084803406,OK,1991,2020,30,CHIRPS_v2,UCSB-CHG/CHIRPS/DAILY,1991-2020,IBGE_2024
2405405,Japi,RN,188.99,7,jul,83.98337977866773,OK,1991,2020,30,CHIRPS_v2,UCSB-CHG/CHIRPS/DAILY,1991-2020,IBGE_2024
2411700,São Bento do Trairí,RN,190.818,7,jul,65.40755563831715,OK,1991,2020,30,CHIRPS_v2,UCSB-CHG/CHIRPS/DAILY,1991-2020,IBGE_2024
2411205,Santa Cruz,RN,624.356,7,jul,49.41136490014066,OK,1991,2020,30,CHIRPS_v2,UCSB-CHG/CHIRPS/DAILY,1991-2020,IBGE_2024
2402808,Coronel Ezequiel,RN,185.748,7,jul,37.34786207658188,OK,1991,2020,30,CHIRPS_v2,UCSB-CHG/CHIRPS/DAILY,1991-2020,IBGE_2024
2402105,Campo Redondo,RN,213.727,7,jul,38.80044730629113,OK,1991,2020,30,CHIRPS_v2,UCSB-CHG/CHIRPS/DAILY,1991-2020,IBGE_2024
2406809,Lajes Pintadas,RN,130.211,7,jul,52.06798318015105,OK,1991,2020,30,CHIRPS_v2,UCSB-CHG/CHIRPS/DAILY,1991-2020,IBGE_2024
2413706,Sítio Novo,RN,213.456,7,jul,62.72929963151831,OK,1991,2020,30,CHIRPS_v2,UCSB-CHG/CHIRPS/DAILY,1991-2020,IBGE_2024
2405801,João Câmara,RN,714.971,7,jul,77.55447869454404,OK,1991,2020,30,CHIRPS_v2,UCSB-CHG/CHIRPS/DAILY,1991-2020,IBGE_2024
2405108,Jandaíra,RN,442.754,7,jul,49.80026438603971,OK,1991,2020,30,CHIRPS_v2,UCSB-CHG/CHIRPS/DAILY,1991-2020,IBGE_2024
2404101,Galinhos,RN,340.769,7,jul,47.51416494907284,OK,1991,2020,30,CHIRPS_v2,UCSB-CHG/CHIRPS/DAILY,1991-2020,IBGE_2024
2411601,São Bento do Norte,RN,288.761,7,jul,68.35372121676615,OK,1991,2020,30,CHIRPS_v2,UCSB-CHG/CHIRPS/DAILY,1991-2020,IBGE_2024
2409704,Pedro Avelino,RN,952.754,7,jul,26.982236412362234,OK,1991,2020,30,CHIRPS_v2,UCSB-CHG/CHIRPS/DAILY,1991-2020,IBGE_2024
2409605,Pedra Preta,RN,294.985,7,jul,48.75498863185862,OK,1991,2020,30,CHIRPS_v2,UCSB-CHG/CHIRPS/DAILY,1991-2020,IBGE_2024
2401859,Caiçara do Norte,RN,225.633,7,jul,56.72019336004629,OK,1991,2020,30,CHIRPS_v2,UCSB-CHG/CHIRPS/DAILY,1991-2020,IBGE_2024
2409506,Pedra Grande,RN,221.167,7,jul,79.14989362008531,OK,1991,2020,30,CHIRPS_v2,UCSB-CHG/CHIRPS/DAILY,1991-2020,IBGE_2024
2408805,Parazinho,RN,231.007,7,jul,73.97151956901227,OK,1991,2020,30,CHIRPS_v2,UCSB-CHG/CHIRPS/DAILY,1991-2020,IBGE_2024
2405504,Jardim de Angicos,RN,254.012,7,jul,53.31569058289897,OK,1991,2020,30,CHIRPS_v2,UCSB-CHG/CHIRPS/DAILY,1991-2020,IBGE_2024
2412708,São Pedro,RN,195.237,7,jul,87.20043768838138,OK,1991,2020,30,CHIRPS_v2,UCSB-CHG/CHIRPS/DAILY,1991-2020,IBGE_2024
2413102,Senador Elói de Souza,RN,143.574,7,jul,79.09052136705955,OK,1991,2020,30,CHIRPS_v2,UCSB-CHG/CHIRPS/DAILY,1991-2020,IBGE_2024
2412906,São Tomé,RN,862.585,7,jul,48.11686534122666,OK,1991,2020,30,CHIRPS_v2,UCSB-CHG/CHIRPS/DAILY,1991-2020,IBGE_2024
2412609,São Paulo do Potengi,RN,240.425,7,jul,68.04976197380076,OK,1991,2020,30,CHIRPS_v2,UCSB-CHG/CHIRPS/DAILY,1991-2020,IBGE_2024
2411106,Ruy Barbosa,RN,125.816,7,jul,73.18907521616141,OK,1991,2020,30,CHIRPS_v2,UCSB-CHG/CHIRPS/DAILY,1991-2020,IBGE_2024
2410900,Riachuelo,RN,262.88,7,jul,81.15936050984975,OK,1991,2020,30,CHIRPS_v2,UCSB-CHG/CHIRPS/DAILY,1991-2020,IBGE_2024
2401909,Caiçara do Rio do Vento,RN,261.194,7,jul,70.4977269196197,OK,1991,2020,30,CHIRPS_v2,UCSB-CHG/CHIRPS/DAILY,1991-2020,IBGE_2024
2401503,Barcelona,RN,152.626,7,jul,62.02833299626228,OK,1991,2020,30,CHIRPS_v2,UCSB-CHG/CHIRPS/DAILY,1991-2020,IBGE_2024
2409332,Santa Maria,RN,219.57,7,jul,78.95089039121528,OK,1991,2020,30,CHIRPS_v2,UCSB-CHG/CHIRPS/DAILY,1991-2020,IBGE_2024
2406403,Lagoa de Velhos,RN,111.607,7,jul,70.63947759760522,OK,1991,2020,30,CHIRPS_v2,UCSB-CHG/CHIRPS/DAILY,1991-2020,IBGE_2024
2413409,Serra Negra do Norte,RN,562.396,7,jul,14.959572223963225,OK,1991,2020,30,CHIRPS_v2,UCSB-CHG/CHIRPS/DAILY,1991-2020,IBGE_2024
2404804,Ipueira,RN,127.348,7,jul,12.07697256287473,OK,1991,2020,30,CHIRPS_v2,UCSB-CHG/CHIRPS/DAILY,1991-2020,IBGE_2024
2412104,São João do Sabugi,RN,277.011,7,jul,12.064532129886542,OK,1991,2020,30,CHIRPS_v2,UCSB-CHG/CHIRPS/DAILY,1991-2020,IBGE_2024
2412401,São José do Seridó,RN,174.505,7,jul,11.119146194300168,OK,1991,2020,30,CHIRPS_v2,UCSB-CHG/CHIRPS/DAILY,1991-2020,IBGE_2024
2411809,São Fernando,RN,404.427,7,jul,12.794201825023729,OK,1991,2020,30,CHIRPS_v2,UCSB-CHG/CHIRPS/DAILY,1991-2020,IBGE_2024
2403400,Equador,RN,264.985,7,jul,18.39885782998989,OK,1991,2020,30,CHIRPS_v2,UCSB-CHG/CHIRPS/DAILY,1991-2020,IBGE_2024
2403004,Cruzeta,RN,295.83,7,jul,11.772574188895696,OK,1991,2020,30,CHIRPS_v2,UCSB-CHG/CHIRPS/DAILY,1991-2020,IBGE_2024
2411429,Santana do Seridó,RN,188.403,7,jul,9.185703049384596,OK,1991,2020,30,CHIRPS_v2,UCSB-CHG/CHIRPS/DAILY,1991-2020,IBGE_2024
2402006,Caicó,RN,1228.583,7,jul,11.50043205301771,OK,1991,2020,30,CHIRPS_v2,UCSB-CHG/CHIRPS/DAILY,1991-2020,IBGE_2024
2408904,Parelhas,RN,513.507,7,jul,15.480067084036666,OK,1991,2020,30,CHIRPS_v2,UCSB-CHG/CHIRPS/DAILY,1991-2020,IBGE_2024
2408508,Ouro Branco,RN,253.21,7,jul,12.61509028402815,OK,1991,2020,30,CHIRPS_v2,UCSB-CHG/CHIRPS/DAILY,1991-2020,IBGE_2024
2414308,Timbaúba dos Batistas,RN,135.456,7,jul,11.968542248096151,OK,1991,2020,30,CHIRPS_v2,UCSB-CHG/CHIRPS/DAILY,1991-2020,IBGE_2024
2406106,Jucurutu,RN,933.73,7,jul,17.157350128647288,OK,1991,2020,30,CHIRPS_v2,UCSB-CHG/CHIRPS/DAILY,1991-2020,IBGE_2024
2405603,Jardim de Piranhas,RN,330.53,7,jul,13.075265335715077,OK,1991,2020,30,CHIRPS_v2,UCSB-CHG/CHIRPS/DAILY,1991-2020,IBGE_2024
2405702,Jardim do Seridó,RN,367.645,7,jul,9.274873204615009,OK,1991,2020,30,CHIRPS_v2,UCSB-CHG/CHIRPS/DAILY,1991-2020,IBGE_2024
2413003,São Vicente,RN,197.817,7,jul,18.3112416724856,OK,1991,2020,30,CHIRPS_v2,UCSB-CHG/CHIRPS/DAILY,1991-2020,IBGE_2024
2403806,Florânia,RN,507.892,7,jul,16.60361350604002,OK,1991,2020,30,CHIRPS_v2,UCSB-CHG/CHIRPS/DAILY,1991-2020,IBGE_2024
2403103,Currais Novos,RN,864.349,7,jul,21.472695080144263,OK,1991,2020,30,CHIRPS_v2,UCSB-CHG/CHIRPS/DAILY,1991-2020,IBGE_2024
2402402,Carnaúba dos Dantas,RN,246.308,7,jul,8.591161531731059,OK,1991,2020,30,CHIRPS_v2,UCSB-CHG/CHIRPS/DAILY,1991-2020,IBGE_2024
2402709,Cerro Corá,RN,393.573,7,jul,31.494491033680145,OK,1991,2020,30,CHIRPS_v2,UCSB-CHG/CHIRPS/DAILY,1991-2020,IBGE_2024
2401651,Bodó,RN,253.519,7,jul,27.95547602121732,OK,1991,2020,30,CHIRPS_v2,UCSB-CHG/CHIRPS/DAILY,1991-2020,IBGE_2024
2400109,Acari,RN,608.466,7,jul,11.006558584282445,OK,1991,2020,30,CHIRPS_v2,UCSB-CHG/CHIRPS/DAILY,1991-2020,IBGE_2024
2406502,Lagoa Nova,RN,176.302,7,jul,25.731983869743953,OK,1991,2020,30,CHIRPS_v2,UCSB-CHG/CHIRPS/DAILY,1991-2020,IBGE_2024
2414159,Tenente Laurentino Cruz,RN,68.556,7,jul,15.829924336307846,OK,1991,2020,30,CHIRPS_v2,UCSB-CHG/CHIRPS/DAILY,1991-2020,IBGE_2024
2408003,Mossoró,RN,2099.334,7,jul,21.268245940447503,OK,1991,2020,30,CHIRPS_v2,UCSB-CHG/CHIRPS/DAILY,1991-2020,IBGE_2024
2413359,Serra do Mel,RN,620.241,7,jul,17.076869568694267,OK,1991,2020,30,CHIRPS_v2,UCSB-CHG/CHIRPS/DAILY,1991-2020,IBGE_2024
2413607,Severiano Melo,RN,157.85,7,jul,18.905938041809396,OK,1991,2020,30,CHIRPS_v2,UCSB-CHG/CHIRPS/DAILY,1991-2020,IBGE_2024
2405207,Janduís,RN,303.448,7,jul,18.527387462735483,OK,1991,2020,30,CHIRPS_v2,UCSB-CHG/CHIRPS/DAILY,1991-2020,IBGE_2024
2404903,Itaú,RN,133.031,7,jul,20.16889082801365,OK,1991,2020,30,CHIRPS_v2,UCSB-CHG/CHIRPS/DAILY,1991-2020,IBGE_2024
2404309,Governador Dix-Sept Rosado,RN,1109.36,7,jul,21.50874897970862,OK,1991,2020,30,CHIRPS_v2,UCSB-CHG/CHIRPS/DAILY,1991-2020,IBGE_2024
2404408,Grossos,RN,124.538,7,jul,20.81218973339929,OK,1991,2020,30,CHIRPS_v2,UCSB-CHG/CHIRPS/DAILY,1991-2020,IBGE_2024
2403707,Felipe Guerra,RN,292.177,7,jul,25.80818191855642,OK,1991,2020,30,CHIRPS_v2,UCSB-CHG/CHIRPS/DAILY,1991-2020,IBGE_2024
2411007,Rodolfo Fernandes,RN,154.84,7,jul,21.11466649704367,OK,1991,2020,30,CHIRPS_v2,UCSB-CHG/CHIRPS/DAILY,1991-2020,IBGE_2024
2411056,Tibau,RN,169.366,7,jul,19.616173935931357,OK,1991,2020,30,CHIRPS_v2,UCSB-CHG/CHIRPS/DAILY,1991-2020,IBGE_2024
2402303,Caraúbas,RN,1094.488,7,jul,22.379947332387903,OK,1991,2020,30,CHIRPS_v2,UCSB-CHG/CHIRPS/DAILY,1991-2020,IBGE_2024
2401453,Baraúna,RN,825.681,7,jul,18.939374249608186,OK,1991,2020,30,CHIRPS_v2,UCSB-CHG/CHIRPS/DAILY,1991-2020,IBGE_2024
2401008,Apodi,RN,1569.146,7,jul,21.284231117809668,OK,1991,2020,30,CHIRPS_v2,UCSB-CHG/CHIRPS/DAILY,1991-2020,IBGE_2024
2401305,Campo Grande,RN,890.89,7,jul,19.315145351290898,OK,1991,2020,30,CHIRPS_v2,UCSB-CHG/CHIRPS/DAILY,1991-2020,IBGE_2024
2401107,Areia Branca,RN,342.749,7,jul,18.887264054524067,OK,1991,2020,30,CHIRPS_v2,UCSB-CHG/CHIRPS/DAILY,1991-2020,IBGE_2024
2407609,Messias Targino,RN,142.607,7,jul,20.08932437574602,OK,1991,2020,30,CHIRPS_v2,UCSB-CHG/CHIRPS/DAILY,1991-2020,IBGE_2024
2414605,Upanema,RN,873.14,7,jul,23.513397422829343,OK,1991,2020,30,CHIRPS_v2,UCSB-CHG/CHIRPS/DAILY,1991-2020,IBGE_2024
2414100,Tenente Ananias,RN,223.671,7,jul,19.618804272115167,OK,1991,2020,30,CHIRPS_v2,UCSB-CHG/CHIRPS/DAILY,1991-2020,IBGE_2024
2405900,João Dias,RN,88.173,7,jul,19.057904118614925,OK,1991,2020,30,CHIRPS_v2,UCSB-CHG/CHIRPS/DAILY,1991-2020,IBGE_2024
2413557,Serrinha dos Pintos,RN,122.375,7,jul,19.661316622017903,OK,1991,2020,30,CHIRPS_v2,UCSB-CHG/CHIRPS/DAILY,1991-2020,IBGE_2024
2404002,Frutuoso Gomes,RN,63.279,7,jul,21.21962499919986,OK,1991,2020,30,CHIRPS_v2,UCSB-CHG/CHIRPS/DAILY,1991-2020,IBGE_2024
2412500,São Miguel,RN,166.233,7,jul,24.16779667451216,OK,1991,2020,30,CHIRPS_v2,UCSB-CHG/CHIRPS/DAILY,1991-2020,IBGE_2024
2403905,Francisco Dantas,RN,181.558,7,jul,21.797758198773394,OK,1991,2020,30,CHIRPS_v2,UCSB-CHG/CHIRPS/DAILY,1991-2020,IBGE_2024
2411908,São Francisco do Oeste,RN,75.588,7,jul,21.627360327633784,OK,1991,2020,30,CHIRPS_v2,UCSB-CHG/CHIRPS/DAILY,1991-2020,IBGE_2024
2402907,Coronel João Pessoa,RN,117.139,7,jul,22.812949850624438,OK,1991,2020,30,CHIRPS_v2,UCSB-CHG/CHIRPS/DAILY,1991-2020,IBGE_2024
2403301,Encanto,RN,125.749,7,jul,23.306075895439484,OK,1991,2020,30,CHIRPS_v2,UCSB-CHG/CHIRPS/DAILY,1991-2020,IBGE_2024
2403202,Doutor Severiano,RN,113.737,7,jul,25.857083965494162,OK,1991,2020,30,CHIRPS_v2,UCSB-CHG/CHIRPS/DAILY,1991-2020,IBGE_2024
2410702,Riacho da Cruz,RN,127.223,7,jul,21.950016334924594,OK,1991,2020,30,CHIRPS_v2,UCSB-CHG/CHIRPS/DAILY,1991-2020,IBGE_2024
2410801,Riacho de Santana,RN,128.106,7,jul,23.622455358000863,OK,1991,2020,30,CHIRPS_v2,UCSB-CHG/CHIRPS/DAILY,1991-2020,IBGE_2024
2410603,Rafael Godeiro,RN,100.073,7,jul,21.944698166747393,OK,1991,2020,30,CHIRPS_v2,UCSB-CHG/CHIRPS/DAILY,1991-2020,IBGE_2024
2410207,Portalegre,RN,110.054,7,jul,22.615714426934012,OK,1991,2020,30,CHIRPS_v2,UCSB-CHG/CHIRPS/DAILY,1991-2020,IBGE_2024
2410504,Rafael Fernandes,RN,78.231,7,jul,21.785556399059626,OK,1991,2020,30,CHIRPS_v2,UCSB-CHG/CHIRPS/DAILY,1991-2020,IBGE_2024
2410009,Pilões,RN,82.69,7,jul,18.590586797372826,OK,1991,2020,30,CHIRPS_v2,UCSB-CHG/CHIRPS/DAILY,1991-2020,IBGE_2024
2400901,Antônio Martins,RN,244.897,7,jul,19.17762562033796,OK,1991,2020,30,CHIRPS_v2,UCSB-CHG/CHIRPS/DAILY,1991-2020,IBGE_2024
2409308,Patu,RN,319.136,7,jul,21.080802627898446,OK,1991,2020,30,CHIRPS_v2,UCSB-CHG/CHIRPS/DAILY,1991-2020,IBGE_2024
2409407,Pau dos Ferros,RN,259.959,7,jul,22.063297080696266,OK,1991,2020,30,CHIRPS_v2,UCSB-CHG/CHIRPS/DAILY,1991-2020,IBGE_2024
2400505,Alexandria,RN,381.205,7,jul,18.299654269309865,OK,1991,2020,30,CHIRPS_v2,UCSB-CHG/CHIRPS/DAILY,1991-2020,IBGE_2024
2408607,Paraná,RN,81.39,7,jul,21.830488002018484,OK,1991,2020,30,CHIRPS_v2,UCSB-CHG/CHIRPS/DAILY,1991-2020,IBGE_2024
2400406,Água Nova,RN,50.684,7,jul,22.8709201969774,OK,1991,2020,30,CHIRPS_v2,UCSB-CHG/CHIRPS/DAILY,1991-2020,IBGE_2024
2400604,Almino Afonso,RN,128.038,7,jul,21.981570009702263,OK,1991,2020,30,CHIRPS_v2,UCSB-CHG/CHIRPS/DAILY,1991-2020,IBGE_2024
2408409,Olho d'Água do Borges,RN,136.393,7,jul,20.71205888177336,OK,1991,2020,30,CHIRPS_v2,UCSB-CHG/CHIRPS/DAILY,1991-2020,IBGE_2024
2407005,Luís Gomes,RN,166.638,7,jul,25.168712231479507,OK,1991,2020,30,CHIRPS_v2,UCSB-CHG/CHIRPS/DAILY,1991-2020,IBGE_2024
2407401,Martins,RN,169.464,7,jul,27.248201041351663,OK,1991,2020,30,CHIRPS_v2,UCSB-CHG/CHIRPS/DAILY,1991-2020,IBGE_2024
2407302,Marcelino Vieira,RN,345.711,7,jul,20.525756839533585,OK,1991,2020,30,CHIRPS_v2,UCSB-CHG/CHIRPS/DAILY,1991-2020,IBGE_2024
2407252,Major Sales,RN,31.971,7,jul,26.54562676434582,OK,1991,2020,30,CHIRPS_v2,UCSB-CHG/CHIRPS/DAILY,1991-2020,IBGE_2024
2414902,Viçosa,RN,37.905,7,jul,26.138265707048365,OK,1991,2020,30,CHIRPS_v2,UCSB-CHG/CHIRPS/DAILY,1991-2020,IBGE_2024
2414753,Venha-Ver,RN,71.621,7,jul,20.024989841358412,OK,1991,2020,30,CHIRPS_v2,UCSB-CHG/CHIRPS/DAILY,1991-2020,IBGE_2024
2406908,Lucrécia,RN,30.931,7,jul,24.150523709012706,OK,1991,2020,30,CHIRPS_v2,UCSB-CHG/CHIRPS/DAILY,1991-2020,IBGE_2024
2406007,José da Penha,RN,117.635,7,jul,24.461553489130473,OK,1991,2020,30,CHIRPS_v2,UCSB-CHG/CHIRPS/DAILY,1991-2020,IBGE_2024
2414506,Umarizal,RN,249.61,7,jul,26.10458987389823,OK,1991,2020,30,CHIRPS_v2,UCSB-CHG/CHIRPS/DAILY,1991-2020,IBGE_2024
2413805,Taboleiro Grande,RN,124.093,7,jul,21.938822391156005,OK,1991,2020,30,CHIRPS_v2,UCSB-CHG/CHIRPS/DAILY,1991-2020,IBGE_2024
2412807,São Rafael,RN,469.101,7,jul,24.304527439666394,OK,1991,2020,30,CHIRPS_v2,UCSB-CHG/CHIRPS/DAILY,1991-2020,IBGE_2024
2404507,Guamaré,RN,258.307,7,jul,31.8617676354574,OK,1991,2020,30,CHIRPS_v2,UCSB-CHG/CHIRPS/DAILY,1991-2020,IBGE_2024
2404853,Itajá,RN,203.624,7,jul,28.97218583152682,OK,1991,2020,30,CHIRPS_v2,UCSB-CHG/CHIRPS/DAILY,1991-2020,IBGE_2024
2404705,Ipanguaçu,RN,374.245,7,jul,24.114525033701273,OK,1991,2020,30,CHIRPS_v2,UCSB-CHG/CHIRPS/DAILY,1991-2020,IBGE_2024
2403756,Fernando Pedroza,RN,322.628,7,jul,22.12642688532499,OK,1991,2020,30,CHIRPS_v2,UCSB-CHG/CHIRPS/DAILY,1991-2020,IBGE_2024
2411403,Santana do Matos,RN,1422.268,7,jul,24.358793435795068,OK,1991,2020,30,CHIRPS_v2,UCSB-CHG/CHIRPS/DAILY,1991-2020,IBGE_2024
2402501,Carnaubais,RN,517.737,7,jul,19.128527644231035,OK,1991,2020,30,CHIRPS_v2,UCSB-CHG/CHIRPS/DAILY,1991-2020,IBGE_2024
2410256,Porto do Mangue,RN,361.237,7,jul,17.06898175709833,OK,1991,2020,30,CHIRPS_v2,UCSB-CHG/CHIRPS/DAILY,1991-2020,IBGE_2024
2409902,Pendências,RN,419.137,7,jul,24.263874685130734,OK,1991,2020,30,CHIRPS_v2,UCSB-CHG/CHIRPS/DAILY,1991-2020,IBGE_2024
2408706,Paraú,RN,383.214,7,jul,20.73745270504276,OK,1991,2020,30,CHIRPS_v2,UCSB-CHG/CHIRPS/DAILY,1991-2020,IBGE_2024
2400802,Angicos,RN,741.582,7,jul,20.37837009109493,OK,1991,2020,30,CHIRPS_v2,UCSB-CHG/CHIRPS/DAILY,1991-2020,IBGE_2024
2400703,Alto do Rodrigues,RN,191.334,7,jul,24.30232129101076,OK,1991,2020,30,CHIRPS_v2,UCSB-CHG/CHIRPS/DAILY,1991-2020,IBGE_2024
2400208,Assú,RN,1303.442,7,jul,20.089591596558126,OK,1991,2020,30,CHIRPS_v2,UCSB-CHG/CHIRPS/DAILY,1991-2020,IBGE_2024
2400307,Afonso Bezerra,RN,576.179,7,jul,22.614507726828254,OK,1991,2020,30,CHIRPS_v2,UCSB-CHG/CHIRPS/DAILY,1991-2020,IBGE_2024
2407203,Macau,RN,775.302,7,jul,25.537987069987896,OK,1991,2020,30,CHIRPS_v2,UCSB-CHG/CHIRPS/DAILY,1991-2020,IBGE_2024
2406700,Lajes,RN,676.627,7,jul,33.51377151868085,OK,1991,2020,30,CHIRPS_v2,UCSB-CHG/CHIRPS/DAILY,1991-2020,IBGE_2024
2414456,Triunfo Potiguar,RN,268.725,7,jul,20.950315658823392,OK,1991,2020,30,CHIRPS_v2,UCSB-CHG/CHIRPS/DAILY,1991-2020,IBGE_2024
2503209,Cabedelo,PB,29.873,7,jul,281.5818195145146,OK,1991,2020,30,CHIRPS_v2,UCSB-CHG/CHIRPS/DAILY,1991-2020,IBGE_2024
2501807,Bayeux,PB,27.705,7,jul,208.99462879543916,OK,1991,2020,30,CHIRPS_v2,UCSB-CHG/CHIRPS/DAILY,1991-2020,IBGE_2024
2508604,Lucena,PB,93.8,7,jul,224.81630004824828,OK,1991,2020,30,CHIRPS_v2,UCSB-CHG/CHIRPS/DAILY,1991-2020,IBGE_2024
2507507,João Pessoa,PB,210.044,7,jul,245.34372539361132,OK,1991,2020,30,CHIRPS_v2,UCSB-CHG/CHIRPS/DAILY,1991-2020,IBGE_2024
2513703,Santa Rita,PB,718.576,7,jul,204.76834862485143,OK,1991,2020,30,CHIRPS_v2,UCSB-CHG/CHIRPS/DAILY,1991-2020,IBGE_2024
2504603,Conde,PB,171.267,7,jul,278.8783532846394,OK,1991,2020,30,CHIRPS_v2,UCSB-CHG/CHIRPS/DAILY,1991-2020,IBGE_2024
2511509,Pilar,PB,103.306,7,jul,110.08037464932879,OK,1991,2020,30,CHIRPS_v2,UCSB-CHG/CHIRPS/DAILY,1991-2020,IBGE_2024
2511905,Pitimbu,PB,135.801,7,jul,307.38582763968054,OK,1991,2020,30,CHIRPS_v2,UCSB-CHG/CHIRPS/DAILY,1991-2020,IBGE_2024
2511202,Pedras de Fogo,PB,406.729,7,jul,197.26417135013736,OK,1991,2020,30,CHIRPS_v2,UCSB-CHG/CHIRPS/DAILY,1991-2020,IBGE_2024
2503001,Caaporã,PB,151.018,7,jul,265.72837642484154,OK,1991,2020,30,CHIRPS_v2,UCSB-CHG/CHIRPS/DAILY,1991-2020,IBGE_2024
2509107,Mari,PB,155.265,7,jul,134.97110697650163,OK,1991,2020,30,CHIRPS_v2,UCSB-CHG/CHIRPS/DAILY,1991-2020,IBGE_2024
2500601,Alhandra,PB,183.974,7,jul,258.73724180629125,OK,1991,2020,30,CHIRPS_v2,UCSB-CHG/CHIRPS/DAILY,1991-2020,IBGE_2024
2507903,Juripiranga,PB,78.706,7,jul,156.26889242178723,OK,1991,2020,30,CHIRPS_v2,UCSB-CHG/CHIRPS/DAILY,1991-2020,IBGE_2024
2515971,Sobrado,PB,61.953,7,jul,125.35775386128616,OK,1991,2020,30,CHIRPS_v2,UCSB-CHG/CHIRPS/DAILY,1991-2020,IBGE_2024
2507606,Juarez Távora,PB,75.678,7,jul,127.48055401174076,OK,1991,2020,30,CHIRPS_v2,UCSB-CHG/CHIRPS/DAILY,1991-2020,IBGE_2024
2515302,Sapé,PB,313.678,7,jul,144.45094483352975,OK,1991,2020,30,CHIRPS_v2,UCSB-CHG/CHIRPS/DAILY,1991-2020,IBGE_2024
2506400,Gurinhém,PB,340.408,7,jul,133.93592827325446,OK,1991,2020,30,CHIRPS_v2,UCSB-CHG/CHIRPS/DAILY,1991-2020,IBGE_2024
2515005,São Miguel de Taipu,PB,92.413,7,jul,120.69282135798731,OK,1991,2020,30,CHIRPS_v2,UCSB-CHG/CHIRPS/DAILY,1991-2020,IBGE_2024
2504900,Cruz do Espírito Santo,PB,192.512,7,jul,154.0538940826459,OK,1991,2020,30,CHIRPS_v2,UCSB-CHG/CHIRPS/DAILY,1991-2020,IBGE_2024
2505238,Cuité de Mamanguape,PB,107.68,7,jul,141.53832946426814,OK,1991,2020,30,CHIRPS_v2,UCSB-CHG/CHIRPS/DAILY,1991-2020,IBGE_2024
2512762,Riachão do Poço,PB,40.46,7,jul,127.16084777587682,OK,1991,2020,30,CHIRPS_v2,UCSB-CHG/CHIRPS/DAILY,1991-2020,IBGE_2024
2503803,Caldas Brandão,PB,55.963,7,jul,132.07925366433838,OK,1991,2020,30,CHIRPS_v2,UCSB-CHG/CHIRPS/DAILY,1991-2020,IBGE_2024
2511608,Pilões,PB,65.574,7,jul,191.81362249495348,OK,1991,2020,30,CHIRPS_v2,UCSB-CHG/CHIRPS/DAILY,1991-2020,IBGE_2024
2511707,Pilõezinhos,PB,40.908,7,jul,182.04068637799332,OK,1991,2020,30,CHIRPS_v2,UCSB-CHG/CHIRPS/DAILY,1991-2020,IBGE_2024
2503506,Cacimba de Dentro,PB,165.072,7,jul,87.78324240240147,OK,1991,2020,30,CHIRPS_v2,UCSB-CHG/CHIRPS/DAILY,1991-2020,IBGE_2024
2511806,Pirpirituba,PB,80.672,7,jul,171.5543149354672,OK,1991,2020,30,CHIRPS_v2,UCSB-CHG/CHIRPS/DAILY,1991-2020,IBGE_2024
2503605,Caiçara,PB,123.677,7,jul,119.57385939338108,OK,1991,2020,30,CHIRPS_v2,UCSB-CHG/CHIRPS/DAILY,1991-2020,IBGE_2024
2502706,Borborema,PB,26.107,7,jul,173.32247427930568,OK,1991,2020,30,CHIRPS_v2,UCSB-CHG/CHIRPS/DAILY,1991-2020,IBGE_2024
2501906,Belém,PB,99.609,7,jul,152.0449263911392,OK,1991,2020,30,CHIRPS_v2,UCSB-CHG/CHIRPS/DAILY,1991-2020,IBGE_2024
2509800,Mulungu,PB,187.259,7,jul,131.86155806395053,OK,1991,2020,30,CHIRPS_v2,UCSB-CHG/CHIRPS/DAILY,1991-2020,IBGE_2024
2501500,Bananeiras,PB,255.641,7,jul,137.40792177716799,OK,1991,2020,30,CHIRPS_v2,UCSB-CHG/CHIRPS/DAILY,1991-2020,IBGE_2024
2500809,Araçagi,PB,232.177,7,jul,137.40562142946305,OK,1991,2020,30,CHIRPS_v2,UCSB-CHG/CHIRPS/DAILY,1991-2020,IBGE_2024
2500908,Arara,PB,91.306,7,jul,131.24873260712636,OK,1991,2020,30,CHIRPS_v2,UCSB-CHG/CHIRPS/DAILY,1991-2020,IBGE_2024
2501005,Araruna,PB,246.717,7,jul,105.95912703586198,OK,1991,2020,30,CHIRPS_v2,UCSB-CHG/CHIRPS/DAILY,1991-2020,IBGE_2024
2508554,Logradouro,PB,42.876,7,jul,98.18885268992152,OK,1991,2020,30,CHIRPS_v2,UCSB-CHG/CHIRPS/DAILY,1991-2020,IBGE_2024
2500502,Alagoinha,PB,111.361,7,jul,162.77790207214912,OK,1991,2020,30,CHIRPS_v2,UCSB-CHG/CHIRPS/DAILY,1991-2020,IBGE_2024
2516409,Tacima,PB,245.237,7,jul,108.14224896078127,OK,1991,2020,30,CHIRPS_v2,UCSB-CHG/CHIRPS/DAILY,1991-2020,IBGE_2024
2508208,Lagoa de Dentro,PB,83.508,7,jul,132.53752603760577,OK,1991,2020,30,CHIRPS_v2,UCSB-CHG/CHIRPS/DAILY,1991-2020,IBGE_2024
2515609,Serra da Raiz,PB,31.679,7,jul,143.4020061611676,OK,1991,2020,30,CHIRPS_v2,UCSB-CHG/CHIRPS/DAILY,1991-2020,IBGE_2024
2515930,Sertãozinho,PB,32.455,7,jul,136.3449348464252,OK,1991,2020,30,CHIRPS_v2,UCSB-CHG/CHIRPS/DAILY,1991-2020,IBGE_2024
2516003,Solânea,PB,233.043,7,jul,109.6490269828737,OK,1991,2020,30,CHIRPS_v2,UCSB-CHG/CHIRPS/DAILY,1991-2020,IBGE_2024
2515906,Serraria,PB,65.062,7,jul,164.9809970213845,OK,1991,2020,30,CHIRPS_v2,UCSB-CHG/CHIRPS/DAILY,1991-2020,IBGE_2024
2505808,Duas Estradas,PB,27.012,7,jul,132.20905678464777,OK,1991,2020,30,CHIRPS_v2,UCSB-CHG/CHIRPS/DAILY,1991-2020,IBGE_2024
2506301,Guarabira,PB,162.387,7,jul,150.70495203037765,OK,1991,2020,30,CHIRPS_v2,UCSB-CHG/CHIRPS/DAILY,1991-2020,IBGE_2024
2505709,Dona Inês,PB,173.648,7,jul,104.30038726875394,OK,1991,2020,30,CHIRPS_v2,UCSB-CHG/CHIRPS/DAILY,1991-2020,IBGE_2024
2505204,Cuitegi,PB,42.091,7,jul,178.63763245480303,OK,1991,2020,30,CHIRPS_v2,UCSB-CHG/CHIRPS/DAILY,1991-2020,IBGE_2024
2512747,Riachão,PB,85.291,7,jul,119.58840952152289,OK,1991,2020,30,CHIRPS_v2,UCSB-CHG/CHIRPS/DAILY,1991-2020,IBGE_2024
2504157,Casserengue,PB,202.761,7,jul,85.5161627876262,OK,1991,2020,30,CHIRPS_v2,UCSB-CHG/CHIRPS/DAILY,1991-2020,IBGE_2024
2504033,Capim,PB,79.876,7,jul,159.13840811058117,OK,1991,2020,30,CHIRPS_v2,UCSB-CHG/CHIRPS/DAILY,1991-2020,IBGE_2024
2501401,Baía da Traição,PB,102.756,7,jul,202.77787515366418,OK,1991,2020,30,CHIRPS_v2,UCSB-CHG/CHIRPS/DAILY,1991-2020,IBGE_2024
2509057,Marcação,PB,122.665,7,jul,201.31236842244846,OK,1991,2020,30,CHIRPS_v2,UCSB-CHG/CHIRPS/DAILY,1991-2020,IBGE_2024
2508901,Mamanguape,PB,337.434,7,jul,169.92722173735558,OK,1991,2020,30,CHIRPS_v2,UCSB-CHG/CHIRPS/DAILY,1991-2020,IBGE_2024
2509305,Mataraca,PB,182.439,7,jul,190.02798023640344,OK,1991,2020,30,CHIRPS_v2,UCSB-CHG/CHIRPS/DAILY,1991-2020,IBGE_2024
2507309,Jacaraú,PB,256.845,7,jul,141.42327019260637,OK,1991,2020,30,CHIRPS_v2,UCSB-CHG/CHIRPS/DAILY,1991-2020,IBGE_2024
2507101,Itapororoca,PB,145.807,7,jul,149.54412347404556,OK,1991,2020,30,CHIRPS_v2,UCSB-CHG/CHIRPS/DAILY,1991-2020,IBGE_2024
2505279,Curral de Cima,PB,86.428,7,jul,138.67562195229544,OK,1991,2020,30,CHIRPS_v2,UCSB-CHG/CHIRPS/DAILY,1991-2020,IBGE_2024
2512903,Rio Tinto,PB,465.24,7,jul,197.9751398781955,OK,1991,2020,30,CHIRPS_v2,UCSB-CHG/CHIRPS/DAILY,1991-2020,IBGE_2024
2512721,Pedro Régis,PB,74.216,7,jul,135.02922987591054,OK,1991,2020,30,CHIRPS_v2,UCSB-CHG/CHIRPS/DAILY,1991-2020,IBGE_2024
2509909,Natuba,PB,202.173,7,jul,128.27642323239647,OK,1991,2020,30,CHIRPS_v2,UCSB-CHG/CHIRPS/DAILY,1991-2020,IBGE_2024
2509404,Mogeiro,PB,214.093,7,jul,111.84811380065885,OK,1991,2020,30,CHIRPS_v2,UCSB-CHG/CHIRPS/DAILY,1991-2020,IBGE_2024
2506905,Itabaiana,PB,210.572,7,jul,126.25558515143727,OK,1991,2020,30,CHIRPS_v2,UCSB-CHG/CHIRPS/DAILY,1991-2020,IBGE_2024
2514453,São José dos Ramos,PB,100.642,7,jul,112.24121469594482,OK,1991,2020,30,CHIRPS_v2,UCSB-CHG/CHIRPS/DAILY,1991-2020,IBGE_2024
2513109,Salgado de São Félix,PB,204.079,7,jul,139.17844204615355,OK,1991,2020,30,CHIRPS_v2,UCSB-CHG/CHIRPS/DAILY,1991-2020,IBGE_2024
2504009,Campina Grande,PB,591.656,7,jul,66.12348386998272,OK,1991,2020,30,CHIRPS_v2,UCSB-CHG/CHIRPS/DAILY,1991-2020,IBGE_2024
2509206,Massaranduba,PB,209.402,7,jul,112.5308459724653,OK,1991,2020,30,CHIRPS_v2,UCSB-CHG/CHIRPS/DAILY,1991-2020,IBGE_2024
2508307,Lagoa Seca,PB,108.219,7,jul,92.64301674061635,OK,1991,2020,30,CHIRPS_v2,UCSB-CHG/CHIRPS/DAILY,1991-2020,IBGE_2024
2512507,Queimadas,PB,402.748,7,jul,61.375705508954674,OK,1991,2020,30,CHIRPS_v2,UCSB-CHG/CHIRPS/DAILY,1991-2020,IBGE_2024
2512408,Puxinanã,PB,71.118,7,jul,63.89726084991828,OK,1991,2020,30,CHIRPS_v2,UCSB-CHG/CHIRPS/DAILY,1991-2020,IBGE_2024
2504074,Caraúbas,PB,486.623,7,jul,33.65179313871125,OK,1991,2020,30,CHIRPS_v2,UCSB-CHG/CHIRPS/DAILY,1991-2020,IBGE_2024
2503100,Cabaceiras,PB,469.171,7,jul,38.30534816116811,OK,1991,2020,30,CHIRPS_v2,UCSB-CHG/CHIRPS/DAILY,1991-2020,IBGE_2024
2510501,Olivedos,PB,314.625,7,jul,33.21662846856645,OK,1991,2020,30,CHIRPS_v2,UCSB-CHG/CHIRPS/DAILY,1991-2020,IBGE_2024
2502508,Boqueirão,PB,373.077,7,jul,53.31420025200925,OK,1991,2020,30,CHIRPS_v2,UCSB-CHG/CHIRPS/DAILY,1991-2020,IBGE_2024
2501708,Barra de São Miguel,PB,609.695,7,jul,45.83161210952237,OK,1991,2020,30,CHIRPS_v2,UCSB-CHG/CHIRPS/DAILY,1991-2020,IBGE_2024
2502151,Boa Vista,PB,468.933,7,jul,38.23859294486509,OK,1991,2020,30,CHIRPS_v2,UCSB-CHG/CHIRPS/DAILY,1991-2020,IBGE_2024
2501351,Assunção,PB,132.139,7,jul,15.938324021823703,OK,1991,2020,30,CHIRPS_v2,UCSB-CHG/CHIRPS/DAILY,1991-2020,IBGE_2024
2501203,Areial,PB,35.81,7,jul,76.28616337860453,OK,1991,2020,30,CHIRPS_v2,UCSB-CHG/CHIRPS/DAILY,1991-2020,IBGE_2024
2509503,Montadas,PB,31.793,7,jul,69.83100588548214,OK,1991,2020,30,CHIRPS_v2,UCSB-CHG/CHIRPS/DAILY,1991-2020,IBGE_2024
2501302,Aroeiras,PB,376.118,7,jul,104.37559052194362,OK,1991,2020,30,CHIRPS_v2,UCSB-CHG/CHIRPS/DAILY,1991-2020,IBGE_2024
2501575,Barra de Santana,PB,375.177,7,jul,71.76767877959736,OK,1991,2020,30,CHIRPS_v2,UCSB-CHG/CHIRPS/DAILY,1991-2020,IBGE_2024
2501104,Areia,PB,269.13,7,jul,178.12945464359314,OK,1991,2020,30,CHIRPS_v2,UCSB-CHG/CHIRPS/DAILY,1991-2020,IBGE_2024
2509339,Matinhas,PB,36.522,7,jul,130.63014588705494,OK,1991,2020,30,CHIRPS_v2,UCSB-CHG/CHIRPS/DAILY,1991-2020,IBGE_2024
2500304,Alagoa Grande,PB,322.071,7,jul,153.8073785759143,OK,1991,2020,30,CHIRPS_v2,UCSB-CHG/CHIRPS/DAILY,1991-2020,IBGE_2024
2516755,Tenório,PB,87.452,7,jul,20.039523180894275,OK,1991,2020,30,CHIRPS_v2,UCSB-CHG/CHIRPS/DAILY,1991-2020,IBGE_2024
2500403,Alagoa Nova,PB,128.23,7,jul,159.14216166703412,OK,1991,2020,30,CHIRPS_v2,UCSB-CHG/CHIRPS/DAILY,1991-2020,IBGE_2024
2500577,Algodão de Jandaíra,PB,222.74,7,jul,64.55947105566919,OK,1991,2020,30,CHIRPS_v2,UCSB-CHG/CHIRPS/DAILY,1991-2020,IBGE_2024
2517001,Umbuzeiro,PB,185.578,7,jul,103.07218033219459,OK,1991,2020,30,CHIRPS_v2,UCSB-CHG/CHIRPS/DAILY,1991-2020,IBGE_2024
2500536,Alcantil,PB,309.896,7,jul,71.99966901449764,OK,1991,2020,30,CHIRPS_v2,UCSB-CHG/CHIRPS/DAILY,1991-2020,IBGE_2024
2516102,Soledade,PB,578.178,7,jul,24.10141487697179,OK,1991,2020,30,CHIRPS_v2,UCSB-CHG/CHIRPS/DAILY,1991-2020,IBGE_2024
2516508,Taperoá,PB,628.365,7,jul,17.004439500102674,OK,1991,2020,30,CHIRPS_v2,UCSB-CHG/CHIRPS/DAILY,1991-2020,IBGE_2024
2507804,Junco do Seridó,PB,180.425,7,jul,19.996649149012825,OK,1991,2020,30,CHIRPS_v2,UCSB-CHG/CHIRPS/DAILY,1991-2020,IBGE_2024
2515807,Serra Redonda,PB,55.197,7,jul,126.78965246608739,OK,1991,2020,30,CHIRPS_v2,UCSB-CHG/CHIRPS/DAILY,1991-2020,IBGE_2024
2507705,Juazeirinho,PB,474.606,7,jul,18.301243139802654,OK,1991,2020,30,CHIRPS_v2,UCSB-CHG/CHIRPS/DAILY,1991-2020,IBGE_2024
2515104,São Sebastião de Lagoa de Roça,PB,46.372,7,jul,104.20057816747128,OK,1991,2020,30,CHIRPS_v2,UCSB-CHG/CHIRPS/DAILY,1991-2020,IBGE_2024
2515401,São Vicente do Seridó,PB,262.751,7,jul,22.870246747795516,OK,1991,2020,30,CHIRPS_v2,UCSB-CHG/CHIRPS/DAILY,1991-2020,IBGE_2024
2507200,Itatuba,PB,251.75,7,jul,111.50516575037443,OK,1991,2020,30,CHIRPS_v2,UCSB-CHG/CHIRPS/DAILY,1991-2020,IBGE_2024
2506509,Gurjão,PB,344.502,7,jul,19.034968233623147,OK,1991,2020,30,CHIRPS_v2,UCSB-CHG/CHIRPS/DAILY,1991-2020,IBGE_2024
2506806,Ingá,PB,262.179,7,jul,112.6202783385075,OK,1991,2020,30,CHIRPS_v2,UCSB-CHG/CHIRPS/DAILY,1991-2020,IBGE_2024
2506004,Esperança,PB,157.851,7,jul,90.47717426456349,OK,1991,2020,30,CHIRPS_v2,UCSB-CHG/CHIRPS/DAILY,1991-2020,IBGE_2024
2514008,São João do Cariri,PB,612.963,7,jul,25.766501857686766,OK,1991,2020,30,CHIRPS_v2,UCSB-CHG/CHIRPS/DAILY,1991-2020,IBGE_2024
2506251,Gado Bravo,PB,192.42,7,jul,88.02863840121776,OK,1991,2020,30,CHIRPS_v2,UCSB-CHG/CHIRPS/DAILY,1991-2020,IBGE_2024
2506103,Fagundes,PB,185.061,7,jul,89.00288984546057,OK,1991,2020,30,CHIRPS_v2,UCSB-CHG/CHIRPS/DAILY,1991-2020,IBGE_2024
2513943,São Domingos do Cariri,PB,233.835,7,jul,33.75453489434699,OK,1991,2020,30,CHIRPS_v2,UCSB-CHG/CHIRPS/DAILY,1991-2020,IBGE_2024
2513851,Santo André,PB,197.791,7,jul,15.80908184402257,OK,1991,2020,30,CHIRPS_v2,UCSB-CHG/CHIRPS/DAILY,1991-2020,IBGE_2024
2513158,Santa Cecília,PB,217.577,7,jul,80.11388436675595,OK,1991,2020,30,CHIRPS_v2,UCSB-CHG/CHIRPS/DAILY,1991-2020,IBGE_2024
2505006,Cubati,PB,163.57,7,jul,25.396160516184487,OK,1991,2020,30,CHIRPS_v2,UCSB-CHG/CHIRPS/DAILY,1991-2020,IBGE_2024
2512705,Remígio,PB,183.459,7,jul,96.13382882515201,OK,1991,2020,30,CHIRPS_v2,UCSB-CHG/CHIRPS/DAILY,1991-2020,IBGE_2024
2504355,Caturité,PB,117.825,7,jul,53.53333646057823,OK,1991,2020,30,CHIRPS_v2,UCSB-CHG/CHIRPS/DAILY,1991-2020,IBGE_2024
2512754,Riachão do Bacamarte,PB,40.281,7,jul,111.26880418442667,OK,1991,2020,30,CHIRPS_v2,UCSB-CHG/CHIRPS/DAILY,1991-2020,IBGE_2024
2512788,Riacho de Santo Antônio,PB,93.654,7,jul,59.3870978533561,OK,1991,2020,30,CHIRPS_v2,UCSB-CHG/CHIRPS/DAILY,1991-2020,IBGE_2024
2512002,Pocinhos,PB,623.967,7,jul,40.85802551720236,OK,1991,2020,30,CHIRPS_v2,UCSB-CHG/CHIRPS/DAILY,1991-2020,IBGE_2024
2511103,Pedra Lavrada,PB,335.615,7,jul,24.404220562107845,OK,1991,2020,30,CHIRPS_v2,UCSB-CHG/CHIRPS/DAILY,1991-2020,IBGE_2024
2511400,Picuí,PB,667.714,7,jul,15.497316334300569,OK,1991,2020,30,CHIRPS_v2,UCSB-CHG/CHIRPS/DAILY,1991-2020,IBGE_2024
2510105,Nova Floresta,PB,47.572,7,jul,26.907920857084765,OK,1991,2020,30,CHIRPS_v2,UCSB-CHG/CHIRPS/DAILY,1991-2020,IBGE_2024
2510303,Nova Palmeira,PB,314.748,7,jul,16.66253155912866,OK,1991,2020,30,CHIRPS_v2,UCSB-CHG/CHIRPS/DAILY,1991-2020,IBGE_2024
2501609,Barra de Santa Rosa,PB,781.187,7,jul,48.5789209737029,OK,1991,2020,30,CHIRPS_v2,UCSB-CHG/CHIRPS/DAILY,1991-2020,IBGE_2024
2501534,Baraúna,PB,50.03,7,jul,23.139310443802458,OK,1991,2020,30,CHIRPS_v2,UCSB-CHG/CHIRPS/DAILY,1991-2020,IBGE_2024
2516151,Sossêgo,PB,147.264,7,jul,34.5078365029483,OK,1991,2020,30,CHIRPS_v2,UCSB-CHG/CHIRPS/DAILY,1991-2020,IBGE_2024
2506202,Frei Martinho,PB,238.658,7,jul,17.080993692418335,OK,1991,2020,30,CHIRPS_v2,UCSB-CHG/CHIRPS/DAILY,1991-2020,IBGE_2024
2505352,Damião,PB,186.198,7,jul,65.47163222070049,OK,1991,2020,30,CHIRPS_v2,UCSB-CHG/CHIRPS/DAILY,1991-2020,IBGE_2024
2505105,Cuité,PB,733.818,7,jul,47.330436842460635,OK,1991,2020,30,CHIRPS_v2,UCSB-CHG/CHIRPS/DAILY,1991-2020,IBGE_2024
2512200,Prata,PB,201.788,7,jul,30.008824367255027,OK,1991,2020,30,CHIRPS_v2,UCSB-CHG/CHIRPS/DAILY,1991-2020,IBGE_2024
2510600,Ouro Velho,PB,128.11,7,jul,28.365457277235308,OK,1991,2020,30,CHIRPS_v2,UCSB-CHG/CHIRPS/DAILY,1991-2020,IBGE_2024
2509701,Monteiro,PB,992.62,7,jul,34.899226278267626,OK,1991,2020,30,CHIRPS_v2,UCSB-CHG/CHIRPS/DAILY,1991-2020,IBGE_2024
2517407,Zabelê,PB,106.811,7,jul,44.557587660216576,OK,1991,2020,30,CHIRPS_v2,UCSB-CHG/CHIRPS/DAILY,1991-2020,IBGE_2024
2515203,São Sebastião do Umbuzeiro,PB,464.327,7,jul,54.35970907535923,OK,1991,2020,30,CHIRPS_v2,UCSB-CHG/CHIRPS/DAILY,1991-2020,IBGE_2024
2514107,São João do Tigre,PB,812.617,7,jul,49.06383892448555,OK,1991,2020,30,CHIRPS_v2,UCSB-CHG/CHIRPS/DAILY,1991-2020,IBGE_2024
2503902,Camalaú,PB,541.841,7,jul,39.117876579117606,OK,1991,2020,30,CHIRPS_v2,UCSB-CHG/CHIRPS/DAILY,1991-2020,IBGE_2024
2510659,Parari,PB,207.814,7,jul,15.68855887574319,OK,1991,2020,30,CHIRPS_v2,UCSB-CHG/CHIRPS/DAILY,1991-2020,IBGE_2024
2500734,Amparo,PB,122.094,7,jul,28.252167854882792,OK,1991,2020,30,CHIRPS_v2,UCSB-CHG/CHIRPS/DAILY,1991-2020,IBGE_2024
2508505,Livramento,PB,266.948,7,jul,20.796623222959532,OK,1991,2020,30,CHIRPS_v2,UCSB-CHG/CHIRPS/DAILY,1991-2020,IBGE_2024
2516300,Sumé,PB,833.315,7,jul,32.153525650748406,OK,1991,2020,30,CHIRPS_v2,UCSB-CHG/CHIRPS/DAILY,1991-2020,IBGE_2024
2515500,Serra Branca,PB,698.105,7,jul,27.254963161674972,OK,1991,2020,30,CHIRPS_v2,UCSB-CHG/CHIRPS/DAILY,1991-2020,IBGE_2024
2514800,São José dos Cordeiros,PB,376.661,7,jul,28.713210666303986,OK,1991,2020,30,CHIRPS_v2,UCSB-CHG/CHIRPS/DAILY,1991-2020,IBGE_2024
2504850,Coxixola,PB,173.942,7,jul,27.444455619014096,OK,1991,2020,30,CHIRPS_v2,UCSB-CHG/CHIRPS/DAILY,1991-2020,IBGE_2024
2504702,Congo,PB,324.686,7,jul,35.13027223719033,OK,1991,2020,30,CHIRPS_v2,UCSB-CHG/CHIRPS/DAILY,1991-2020,IBGE_2024
2510808,Patos,PB,472.892,7,jul,12.316830895895631,OK,1991,2020,30,CHIRPS_v2,UCSB-CHG/CHIRPS/DAILY,1991-2020,IBGE_2024
2512606,Quixaba,PB,147.158,7,jul,12.19750659308236,OK,1991,2020,30,CHIRPS_v2,UCSB-CHG/CHIRPS/DAILY,1991-2020,IBGE_2024
2503407,Cacimba de Areia,PB,213.019,7,jul,18.099090443864622,OK,1991,2020,30,CHIRPS_v2,UCSB-CHG/CHIRPS/DAILY,1991-2020,IBGE_2024
2503555,Cacimbas,PB,124.068,7,jul,17.694156388176555,OK,1991,2020,30,CHIRPS_v2,UCSB-CHG/CHIRPS/DAILY,1991-2020,IBGE_2024
2510709,Passagem,PB,123.422,7,jul,16.388168881433483,OK,1991,2020,30,CHIRPS_v2,UCSB-CHG/CHIRPS/DAILY,1991-2020,IBGE_2024
2510402,Olho d'Água,PB,580.47,7,jul,18.681785479628118,OK,1991,2020,30,CHIRPS_v2,UCSB-CHG/CHIRPS/DAILY,1991-2020,IBGE_2024
2509396,Maturéia,PB,83.053,7,jul,19.86696265696089,OK,1991,2020,30,CHIRPS_v2,UCSB-CHG/CHIRPS/DAILY,1991-2020,IBGE_2024
2517100,Várzea,PB,191.282,7,jul,11.584452930259243,OK,1991,2020,30,CHIRPS_v2,UCSB-CHG/CHIRPS/DAILY,1991-2020,IBGE_2024
2501153,Areia de Baraúnas,PB,114.078,7,jul,15.005160761856231,OK,1991,2020,30,CHIRPS_v2,UCSB-CHG/CHIRPS/DAILY,1991-2020,IBGE_2024
2516706,Teixeira,PB,155.452,7,jul,20.788811518786957,OK,1991,2020,30,CHIRPS_v2,UCSB-CHG/CHIRPS/DAILY,1991-2020,IBGE_2024
2508802,Malta,PB,172.01,7,jul,16.22671311769225,OK,1991,2020,30,CHIRPS_v2,UCSB-CHG/CHIRPS/DAILY,1991-2020,IBGE_2024
2508703,Mãe d'Água,PB,228.676,7,jul,19.854728952384466,OK,1991,2020,30,CHIRPS_v2,UCSB-CHG/CHIRPS/DAILY,1991-2020,IBGE_2024
2500106,Água Branca,PB,241.662,7,jul,22.897079831850593,OK,1991,2020,30,CHIRPS_v2,UCSB-CHG/CHIRPS/DAILY,1991-2020,IBGE_2024
2514701,São José do Sabugi,PB,213.555,7,jul,10.950866647371024,OK,1991,2020,30,CHIRPS_v2,UCSB-CHG/CHIRPS/DAILY,1991-2020,IBGE_2024
2514602,São José do Bonfim,PB,153.629,7,jul,17.586330925179997,OK,1991,2020,30,CHIRPS_v2,UCSB-CHG/CHIRPS/DAILY,1991-2020,IBGE_2024
2514909,São Mamede,PB,533.446,7,jul,12.711954927404888,OK,1991,2020,30,CHIRPS_v2,UCSB-CHG/CHIRPS/DAILY,1991-2020,IBGE_2024
2506707,Imaculada,PB,317.804,7,jul,22.15540083681858,OK,1991,2020,30,CHIRPS_v2,UCSB-CHG/CHIRPS/DAILY,1991-2020,IBGE_2024
2505907,Emas,PB,248.226,7,jul,17.4243069587539,OK,1991,2020,30,CHIRPS_v2,UCSB-CHG/CHIRPS/DAILY,1991-2020,IBGE_2024
2514404,São José de Espinharas,PB,726.757,7,jul,13.14545259924923,OK,1991,2020,30,CHIRPS_v2,UCSB-CHG/CHIRPS/DAILY,1991-2020,IBGE_2024
2505501,Vista Serrana,PB,60.39,7,jul,13.80778593043128,OK,1991,2020,30,CHIRPS_v2,UCSB-CHG/CHIRPS/DAILY,1991-2020,IBGE_2024
2505402,Desterro,PB,182.018,7,jul,20.330648823430042,OK,1991,2020,30,CHIRPS_v2,UCSB-CHG/CHIRPS/DAILY,1991-2020,IBGE_2024
2513802,Santa Teresinha,PB,359.442,7,jul,18.532467657120094,OK,1991,2020,30,CHIRPS_v2,UCSB-CHG/CHIRPS/DAILY,1991-2020,IBGE_2024
2513000,Salgadinho,PB,179.005,7,jul,17.500169410534856,OK,1991,2020,30,CHIRPS_v2,UCSB-CHG/CHIRPS/DAILY,1991-2020,IBGE_2024
2504801,Coremas,PB,372.012,7,jul,14.198322074369665,OK,1991,2020,30,CHIRPS_v2,UCSB-CHG/CHIRPS/DAILY,1991-2020,IBGE_2024
2513406,Santa Luzia,PB,440.766,7,jul,12.350466210150845,OK,1991,2020,30,CHIRPS_v2,UCSB-CHG/CHIRPS/DAILY,1991-2020,IBGE_2024
2504207,Catingueira,PB,527.424,7,jul,20.698937905084783,OK,1991,2020,30,CHIRPS_v2,UCSB-CHG/CHIRPS/DAILY,1991-2020,IBGE_2024
2511004,Pedra Branca,PB,116.873,7,jul,21.8603724020644,OK,1991,2020,30,CHIRPS_v2,UCSB-CHG/CHIRPS/DAILY,1991-2020,IBGE_2024
2511301,Piancó,PB,576.986,7,jul,17.047427315559172,OK,1991,2020,30,CHIRPS_v2,UCSB-CHG/CHIRPS/DAILY,1991-2020,IBGE_2024
2502607,Igaracy,PB,197.058,7,jul,12.737071925399263,OK,1991,2020,30,CHIRPS_v2,UCSB-CHG/CHIRPS/DAILY,1991-2020,IBGE_2024
2502102,Boa Ventura,PB,168.664,7,jul,21.893915783405877,OK,1991,2020,30,CHIRPS_v2,UCSB-CHG/CHIRPS/DAILY,1991-2020,IBGE_2024
2510204,Nova Olinda,PB,81.516,7,jul,21.680499849293785,OK,1991,2020,30,CHIRPS_v2,UCSB-CHG/CHIRPS/DAILY,1991-2020,IBGE_2024
2500205,Aguiar,PB,351.607,7,jul,11.593192078966446,OK,1991,2020,30,CHIRPS_v2,UCSB-CHG/CHIRPS/DAILY,1991-2020,IBGE_2024
2507002,Itaporanga,PB,460.21,7,jul,17.040298654538795,OK,1991,2020,30,CHIRPS_v2,UCSB-CHG/CHIRPS/DAILY,1991-2020,IBGE_2024
2506608,Ibiara,PB,240.357,7,jul,16.985049817917954,OK,1991,2020,30,CHIRPS_v2,UCSB-CHG/CHIRPS/DAILY,1991-2020,IBGE_2024
2514305,São José de Caiana,PB,183.273,7,jul,15.848677173919834,OK,1991,2020,30,CHIRPS_v2,UCSB-CHG/CHIRPS/DAILY,1991-2020,IBGE_2024
2513505,Santana de Mangueira,PB,405.164,7,jul,21.08062957274014,OK,1991,2020,30,CHIRPS_v2,UCSB-CHG/CHIRPS/DAILY,1991-2020,IBGE_2024
2505303,Curral Velho,PB,217.624,7,jul,22.374367736640366,OK,1991,2020,30,CHIRPS_v2,UCSB-CHG/CHIRPS/DAILY,1991-2020,IBGE_2024
2513604,Santana dos Garrotes,PB,361.484,7,jul,19.617936591807318,OK,1991,2020,30,CHIRPS_v2,UCSB-CHG/CHIRPS/DAILY,1991-2020,IBGE_2024
2505600,Diamante,PB,271.791,7,jul,19.89357947659587,OK,1991,2020,30,CHIRPS_v2,UCSB-CHG/CHIRPS/DAILY,1991-2020,IBGE_2024
2513356,Santa Inês,PB,327.635,7,jul,18.122852740024328,OK,1991,2020,30,CHIRPS_v2,UCSB-CHG/CHIRPS/DAILY,1991-2020,IBGE_2024
2504405,Conceição,PB,580.65,7,jul,16.497622350700027,OK,1991,2020,30,CHIRPS_v2,UCSB-CHG/CHIRPS/DAILY,1991-2020,IBGE_2024
2502904,Brejo dos Santos,PB,93.857,7,jul,16.711032782753236,OK,1991,2020,30,CHIRPS_v2,UCSB-CHG/CHIRPS/DAILY,1991-2020,IBGE_2024
2502805,Brejo do Cruz,PB,401.315,7,jul,16.62427671676052,OK,1991,2020,30,CHIRPS_v2,UCSB-CHG/CHIRPS/DAILY,1991-2020,IBGE_2024
2502300,Bom Sucesso,PB,186.059,7,jul,16.911479112680126,OK,1991,2020,30,CHIRPS_v2,UCSB-CHG/CHIRPS/DAILY,1991-2020,IBGE_2024
2502003,Belém do Brejo do Cruz,PB,601.549,7,jul,17.04467123444081,OK,1991,2020,30,CHIRPS_v2,UCSB-CHG/CHIRPS/DAILY,1991-2020,IBGE_2024
2509370,Mato Grosso,PB,85.275,7,jul,15.292889214440265,OK,1991,2020,30,CHIRPS_v2,UCSB-CHG/CHIRPS/DAILY,1991-2020,IBGE_2024
2507408,Jericó,PB,177.356,7,jul,15.848085649465485,OK,1991,2020,30,CHIRPS_v2,UCSB-CHG/CHIRPS/DAILY,1991-2020,IBGE_2024
2514651,São José do Brejo do Cruz,PB,253.787,7,jul,16.11061098112418,OK,1991,2020,30,CHIRPS_v2,UCSB-CHG/CHIRPS/DAILY,1991-2020,IBGE_2024
2513901,São Bento,PB,245.84,7,jul,14.309521097937244,OK,1991,2020,30,CHIRPS_v2,UCSB-CHG/CHIRPS/DAILY,1991-2020,IBGE_2024
2504306,Catolé do Rocha,PB,551.765,7,jul,18.492847785831614,OK,1991,2020,30,CHIRPS_v2,UCSB-CHG/CHIRPS/DAILY,1991-2020,IBGE_2024
2512804,Riacho dos Cavalos,PB,262.532,7,jul,14.560519842981488,OK,1991,2020,30,CHIRPS_v2,UCSB-CHG/CHIRPS/DAILY,1991-2020,IBGE_2024
2510907,Paulista,PB,577.379,7,jul,13.735694967781257,OK,1991,2020,30,CHIRPS_v2,UCSB-CHG/CHIRPS/DAILY,1991-2020,IBGE_2024
2508109,Lagoa,PB,176.649,7,jul,16.277339227164074,OK,1991,2020,30,CHIRPS_v2,UCSB-CHG/CHIRPS/DAILY,1991-2020,IBGE_2024
2513968,São Domingos,PB,170.361,7,jul,13.95020980294651,OK,1991,2020,30,CHIRPS_v2,UCSB-CHG/CHIRPS/DAILY,1991-2020,IBGE_2024
2513927,São Bentinho,PB,199.635,7,jul,15.847058662409964,OK,1991,2020,30,CHIRPS_v2,UCSB-CHG/CHIRPS/DAILY,1991-2020,IBGE_2024
2504504,Condado,PB,265.473,7,jul,17.035441687574295,OK,1991,2020,30,CHIRPS_v2,UCSB-CHG/CHIRPS/DAILY,1991-2020,IBGE_2024
2512101,Pombal,PB,894.098,7,jul,14.258892147014006,OK,1991,2020,30,CHIRPS_v2,UCSB-CHG/CHIRPS/DAILY,1991-2020,IBGE_2024
2503753,Cajazeirinhas,PB,282.693,7,jul,15.43491640779876,OK,1991,2020,30,CHIRPS_v2,UCSB-CHG/CHIRPS/DAILY,1991-2020,IBGE_2024
2512309,Princesa Isabel,PB,368.569,7,jul,26.348207118807984,OK,1991,2020,30,CHIRPS_v2,UCSB-CHG/CHIRPS/DAILY,1991-2020,IBGE_2024
2509008,Manaíra,PB,352.025,7,jul,28.45567965218466,OK,1991,2020,30,CHIRPS_v2,UCSB-CHG/CHIRPS/DAILY,1991-2020,IBGE_2024
2516607,Tavares,PB,239.507,7,jul,24.080113725672888,OK,1991,2020,30,CHIRPS_v2,UCSB-CHG/CHIRPS/DAILY,1991-2020,IBGE_2024
2508000,Juru,PB,395.075,7,jul,22.38670773695341,OK,1991,2020,30,CHIRPS_v2,UCSB-CHG/CHIRPS/DAILY,1991-2020,IBGE_2024
2514552,São José de Princesa,PB,158.052,7,jul,35.401701852528454,OK,1991,2020,30,CHIRPS_v2,UCSB-CHG/CHIRPS/DAILY,1991-2020,IBGE_2024
2510006,Nazarezinho,PB,193.203,7,jul,12.762418076865238,OK,1991,2020,30,CHIRPS_v2,UCSB-CHG/CHIRPS/DAILY,1991-2020,IBGE_2024
2502052,Bernardino Batista,PB,57.453,7,jul,21.908686699797563,OK,1991,2020,30,CHIRPS_v2,UCSB-CHG/CHIRPS/DAILY,1991-2020,IBGE_2024
2517209,Vieirópolis,PB,147.098,7,jul,17.643184357137873,OK,1991,2020,30,CHIRPS_v2,UCSB-CHG/CHIRPS/DAILY,1991-2020,IBGE_2024
2500775,Aparecida,PB,291.478,7,jul,14.534417759160542,OK,1991,2020,30,CHIRPS_v2,UCSB-CHG/CHIRPS/DAILY,1991-2020,IBGE_2024
2509156,Marizópolis,PB,69.952,7,jul,15.016146465193252,OK,1991,2020,30,CHIRPS_v2,UCSB-CHG/CHIRPS/DAILY,1991-2020,IBGE_2024
2508406,Lastro,PB,107.416,7,jul,17.139946708011255,OK,1991,2020,30,CHIRPS_v2,UCSB-CHG/CHIRPS/DAILY,1991-2020,IBGE_2024
2516904,Uiraúna,PB,293.182,7,jul,19.83592272250247,OK,1991,2020,30,CHIRPS_v2,UCSB-CHG/CHIRPS/DAILY,1991-2020,IBGE_2024
2516201,Sousa,PB,728.492,7,jul,14.893411385240679,OK,1991,2020,30,CHIRPS_v2,UCSB-CHG/CHIRPS/DAILY,1991-2020,IBGE_2024
2514206,São José da Lagoa Tapada,PB,333.724,7,jul,13.596084802816668,OK,1991,2020,30,CHIRPS_v2,UCSB-CHG/CHIRPS/DAILY,1991-2020,IBGE_2024
2513653,Joca Claudino,PB,71.799,7,jul,21.66456536136189,OK,1991,2020,30,CHIRPS_v2,UCSB-CHG/CHIRPS/DAILY,1991-2020,IBGE_2024
2513984,São Francisco,PB,90.724,7,jul,15.411373797465513,OK,1991,2020,30,CHIRPS_v2,UCSB-CHG/CHIRPS/DAILY,1991-2020,IBGE_2024
2513208,Santa Cruz,PB,217.677,7,jul,16.83751048814068,OK,1991,2020,30,CHIRPS_v2,UCSB-CHG/CHIRPS/DAILY,1991-2020,IBGE_2024
2512036,Poço Dantas,PB,97.758,7,jul,20.07993937141398,OK,1991,2020,30,CHIRPS_v2,UCSB-CHG/CHIRPS/DAILY,1991-2020,IBGE_2024
2504108,Carrapateira,PB,59.07,7,jul,11.30968086443543,OK,1991,2020,30,CHIRPS_v2,UCSB-CHG/CHIRPS/DAILY,1991-2020,IBGE_2024
2503308,Cachoeira dos Índios,PB,193.215,7,jul,14.585207274769871,OK,1991,2020,30,CHIRPS_v2,UCSB-CHG/CHIRPS/DAILY,1991-2020,IBGE_2024
2503704,Cajazeiras,PB,562.703,7,jul,15.810755041741002,OK,1991,2020,30,CHIRPS_v2,UCSB-CHG/CHIRPS/DAILY,1991-2020,IBGE_2024
2502409,Bonito de Santa Fé,PB,226.798,7,jul,16.311844327984186,OK,1991,2020,30,CHIRPS_v2,UCSB-CHG/CHIRPS/DAILY,1991-2020,IBGE_2024
2502201,Bom Jesus,PB,47.367,7,jul,16.211553752025985,OK,1991,2020,30,CHIRPS_v2,UCSB-CHG/CHIRPS/DAILY,1991-2020,IBGE_2024
2509602,Monte Horebe,PB,116.854,7,jul,10.032214487610531,OK,1991,2020,30,CHIRPS_v2,UCSB-CHG/CHIRPS/DAILY,1991-2020,IBGE_2024
2500700,São João do Rio do Peixe,PB,476.237,7,jul,16.80358133909484,OK,1991,2020,30,CHIRPS_v2,UCSB-CHG/CHIRPS/DAILY,1991-2020,IBGE_2024
2516805,Triunfo,PB,224.336,7,jul,17.70242005502063,OK,1991,2020,30,CHIRPS_v2,UCSB-CHG/CHIRPS/DAILY,1991-2020,IBGE_2024
2515708,Serra Grande,PB,64.352,7,jul,13.353607445400932,OK,1991,2020,30,CHIRPS_v2,UCSB-CHG/CHIRPS/DAILY,1991-2020,IBGE_2024
2514503,São José de Piranhas,PB,686.918,7,jul,11.103309080583262,OK,1991,2020,30,CHIRPS_v2,UCSB-CHG/CHIRPS/DAILY,1991-2020,IBGE_2024
2513307,Santa Helena,PB,211.143,7,jul,16.372104042019256,OK,1991,2020,30,CHIRPS_v2,UCSB-CHG/CHIRPS/DAILY,1991-2020,IBGE_2024
2512077,Poço de José de Moura,PB,94.646,7,jul,18.465229647424824,OK,1991,2020,30,CHIRPS_v2,UCSB-CHG/CHIRPS/DAILY,1991-2020,IBGE_2024
2605459,Fernando de Noronha,PE,18.609,7,jul,,SEM_DADOS,1991,2020,30,CHIRPS_v2,UCSB-CHG/CHIRPS/DAILY,1991-2020,IBGE_2024
2610707,Paulista,PE,96.932,7,jul,254.45216079121374,OK,1991,2020,30,CHIRPS_v2,UCSB-CHG/CHIRPS/DAILY,1991-2020,IBGE_2024
2610608,Paudalho,PE,269.65,7,jul,181.52079059556317,OK,1991,2020,30,CHIRPS_v2,UCSB-CHG/CHIRPS/DAILY,1991-2020,IBGE_2024
2609402,Moreno,PE,194.197,7,jul,159.75000717864467,OK,1991,2020,30,CHIRPS_v2,UCSB-CHG/CHIRPS/DAILY,1991-2020,IBGE_2024
2601052,Araçoiaba,PE,96.36,7,jul,230.52567103413207,OK,1991,2020,30,CHIRPS_v2,UCSB-CHG/CHIRPS/DAILY,1991-2020,IBGE_2024
2609600,Olinda,PE,41.3,7,jul,277.727226424973,OK,1991,2020,30,CHIRPS_v2,UCSB-CHG/CHIRPS/DAILY,1991-2020,IBGE_2024
2600054,Abreu e Lima,PE,126.384,7,jul,239.19348405842243,OK,1991,2020,30,CHIRPS_v2,UCSB-CHG/CHIRPS/DAILY,1991-2020,IBGE_2024
2607901,Jaboatão dos Guararapes,PE,258.724,7,jul,231.44620856615995,OK,1991,2020,30,CHIRPS_v2,UCSB-CHG/CHIRPS/DAILY,1991-2020,IBGE_2024
2607752,Itapissuma,PE,73.968,7,jul,241.86245308457157,OK,1991,2020,30,CHIRPS_v2,UCSB-CHG/CHIRPS/DAILY,1991-2020,IBGE_2024
2607208,Ipojuca,PE,521.801,7,jul,243.40413035493867,OK,1991,2020,30,CHIRPS_v2,UCSB-CHG/CHIRPS/DAILY,1991-2020,IBGE_2024
2607604,Ilha de Itamaracá,PE,66.146,7,jul,265.98732612365296,OK,1991,2020,30,CHIRPS_v2,UCSB-CHG/CHIRPS/DAILY,1991-2020,IBGE_2024
2606804,Igarassu,PE,306.879,7,jul,248.89887871470947,OK,1991,2020,30,CHIRPS_v2,UCSB-CHG/CHIRPS/DAILY,1991-2020,IBGE_2024
2613701,São Lourenço da Mata,PE,263.687,7,jul,198.73104342909096,OK,1991,2020,30,CHIRPS_v2,UCSB-CHG/CHIRPS/DAILY,1991-2020,IBGE_2024
2603454,Camaragibe,PE,51.321,7,jul,264.14202357414155,OK,1991,2020,30,CHIRPS_v2,UCSB-CHG/CHIRPS/DAILY,1991-2020,IBGE_2024
2611606,Recife,PE,218.843,7,jul,291.1065464510343,OK,1991,2020,30,CHIRPS_v2,UCSB-CHG/CHIRPS/DAILY,1991-2020,IBGE_2024
2602902,Cabo de Santo Agostinho,PE,445.386,7,jul,207.8497534977657,OK,1991,2020,30,CHIRPS_v2,UCSB-CHG/CHIRPS/DAILY,1991-2020,IBGE_2024
2600708,Aliança,PE,272.773,7,jul,184.1432075972435,OK,1991,2020,30,CHIRPS_v2,UCSB-CHG/CHIRPS/DAILY,1991-2020,IBGE_2024
2609006,Macaparana,PE,108.049,7,jul,160.9262998854603,OK,1991,2020,30,CHIRPS_v2,UCSB-CHG/CHIRPS/DAILY,1991-2020,IBGE_2024
2607802,Itaquitinga,PE,162.739,7,jul,202.66530530470817,OK,1991,2020,30,CHIRPS_v2,UCSB-CHG/CHIRPS/DAILY,1991-2020,IBGE_2024
2616308,Vicência,PE,227.906,7,jul,186.74792811533277,OK,1991,2020,30,CHIRPS_v2,UCSB-CHG/CHIRPS/DAILY,1991-2020,IBGE_2024
2607653,Itambé,PE,304.005,7,jul,193.93966137809818,OK,1991,2020,30,CHIRPS_v2,UCSB-CHG/CHIRPS/DAILY,1991-2020,IBGE_2024
2615300,Timbaúba,PE,287.683,7,jul,189.42665457864277,OK,1991,2020,30,CHIRPS_v2,UCSB-CHG/CHIRPS/DAILY,1991-2020,IBGE_2024
2606200,Goiana,PE,445.406,7,jul,247.20323806566492,OK,1991,2020,30,CHIRPS_v2,UCSB-CHG/CHIRPS/DAILY,1991-2020,IBGE_2024
2613800,São Vicente Férrer,PE,112.472,7,jul,166.87260975598699,OK,1991,2020,30,CHIRPS_v2,UCSB-CHG/CHIRPS/DAILY,1991-2020,IBGE_2024
2605509,Ferreiros,PE,92.516,7,jul,171.77234996725147,OK,1991,2020,30,CHIRPS_v2,UCSB-CHG/CHIRPS/DAILY,1991-2020,IBGE_2024
2604601,Condado,PE,89.645,7,jul,195.0730183356064,OK,1991,2020,30,CHIRPS_v2,UCSB-CHG/CHIRPS/DAILY,1991-2020,IBGE_2024
2603603,Camutanga,PE,39.116,7,jul,162.86783798241325,OK,1991,2020,30,CHIRPS_v2,UCSB-CHG/CHIRPS/DAILY,1991-2020,IBGE_2024
2610004,Palmares,PE,339.388,7,jul,127.03431319296884,OK,1991,2020,30,CHIRPS_v2,UCSB-CHG/CHIRPS/DAILY,1991-2020,IBGE_2024
2601508,Belém de Maria,PE,75.912,7,jul,189.71836090459598,OK,1991,2020,30,CHIRPS_v2,UCSB-CHG/CHIRPS/DAILY,1991-2020,IBGE_2024
2609204,Maraial,PE,199.865,7,jul,107.19914821858193,OK,1991,2020,30,CHIRPS_v2,UCSB-CHG/CHIRPS/DAILY,1991-2020,IBGE_2024
2608206,Joaquim Nabuco,PE,122.605,7,jul,150.0336325163889,OK,1991,2020,30,CHIRPS_v2,UCSB-CHG/CHIRPS/DAILY,1991-2020,IBGE_2024
2616506,Xexéu,PE,110.814,7,jul,110.08636408299047,OK,1991,2020,30,CHIRPS_v2,UCSB-CHG/CHIRPS/DAILY,1991-2020,IBGE_2024
2600401,Água Preta,PE,531.936,7,jul,143.81872826056468,OK,1991,2020,30,CHIRPS_v2,UCSB-CHG/CHIRPS/DAILY,1991-2020,IBGE_2024
2607950,Jaqueira,PE,87.208,7,jul,161.1114726800135,OK,1991,2020,30,CHIRPS_v2,UCSB-CHG/CHIRPS/DAILY,1991-2020,IBGE_2024
2605905,Gameleira,PE,257.781,7,jul,172.3493506740881,OK,1991,2020,30,CHIRPS_v2,UCSB-CHG/CHIRPS/DAILY,1991-2020,IBGE_2024
2612901,São Benedito do Sul,PE,160.477,7,jul,137.99818824219471,OK,1991,2020,30,CHIRPS_v2,UCSB-CHG/CHIRPS/DAILY,1991-2020,IBGE_2024
2604205,Catende,PE,208.594,7,jul,140.92944475833855,OK,1991,2020,30,CHIRPS_v2,UCSB-CHG/CHIRPS/DAILY,1991-2020,IBGE_2024
2610509,Passira,PE,327.21,7,jul,112.35236504951273,OK,1991,2020,30,CHIRPS_v2,UCSB-CHG/CHIRPS/DAILY,1991-2020,IBGE_2024
2609709,Orobó,PE,138.362,7,jul,134.95687864586114,OK,1991,2020,30,CHIRPS_v2,UCSB-CHG/CHIRPS/DAILY,1991-2020,IBGE_2024
2608909,Limoeiro,PE,273.733,7,jul,147.64041025552547,OK,1991,2020,30,CHIRPS_v2,UCSB-CHG/CHIRPS/DAILY,1991-2020,IBGE_2024
2609105,Machados,PE,58.32,7,jul,183.8551200308217,OK,1991,2020,30,CHIRPS_v2,UCSB-CHG/CHIRPS/DAILY,1991-2020,IBGE_2024
2608107,João Alfredo,PE,134.147,7,jul,142.17608884735768,OK,1991,2020,30,CHIRPS_v2,UCSB-CHG/CHIRPS/DAILY,1991-2020,IBGE_2024
2605400,Feira Nova,PE,107.726,7,jul,122.96058125883951,OK,1991,2020,30,CHIRPS_v2,UCSB-CHG/CHIRPS/DAILY,1991-2020,IBGE_2024
2612109,Salgadinho,PE,87.218,7,jul,136.41075217580644,OK,1991,2020,30,CHIRPS_v2,UCSB-CHG/CHIRPS/DAILY,1991-2020,IBGE_2024
2602209,Bom Jardim,PE,226.639,7,jul,147.51465188559487,OK,1991,2020,30,CHIRPS_v2,UCSB-CHG/CHIRPS/DAILY,1991-2020,IBGE_2024
2616407,Vitória de Santo Antão,PE,373.3,7,jul,134.3547439485374,OK,1991,2020,30,CHIRPS_v2,UCSB-CHG/CHIRPS/DAILY,1991-2020,IBGE_2024
2606101,Glória do Goitá,PE,234.486,7,jul,113.99766157963954,OK,1991,2020,30,CHIRPS_v2,UCSB-CHG/CHIRPS/DAILY,1991-2020,IBGE_2024
2604403,Chã de Alegria,PE,49.328,7,jul,141.80407651373747,OK,1991,2020,30,CHIRPS_v2,UCSB-CHG/CHIRPS/DAILY,1991-2020,IBGE_2024
2611309,Pombos,PE,203.105,7,jul,137.335227425627,OK,1991,2020,30,CHIRPS_v2,UCSB-CHG/CHIRPS/DAILY,1991-2020,IBGE_2024
2609501,Nazaré da Mata,PE,130.572,7,jul,172.63882928927015,OK,1991,2020,30,CHIRPS_v2,UCSB-CHG/CHIRPS/DAILY,1991-2020,IBGE_2024
2608453,Lagoa do Carro,PE,69.244,7,jul,148.822466702464,OK,1991,2020,30,CHIRPS_v2,UCSB-CHG/CHIRPS/DAILY,1991-2020,IBGE_2024
2608503,Lagoa de Itaenga,PE,57.298,7,jul,135.00054454860717,OK,1991,2020,30,CHIRPS_v2,UCSB-CHG/CHIRPS/DAILY,1991-2020,IBGE_2024
2615508,Tracunhaém,PE,137.321,7,jul,178.2136506096814,OK,1991,2020,30,CHIRPS_v2,UCSB-CHG/CHIRPS/DAILY,1991-2020,IBGE_2024
2604007,Carpina,PE,146.494,7,jul,153.16922949603713,OK,1991,2020,30,CHIRPS_v2,UCSB-CHG/CHIRPS/DAILY,1991-2020,IBGE_2024
2602704,Buenos Aires,PE,93.187,7,jul,175.612972392687,OK,1991,2020,30,CHIRPS_v2,UCSB-CHG/CHIRPS/DAILY,1991-2020,IBGE_2024
2601409,Barreiros,PE,233.432,7,jul,227.86420328640736,OK,1991,2020,30,CHIRPS_v2,UCSB-CHG/CHIRPS/DAILY,1991-2020,IBGE_2024
2614857,Tamandaré,PE,213.75,7,jul,291.855532970444,OK,1991,2020,30,CHIRPS_v2,UCSB-CHG/CHIRPS/DAILY,1991-2020,IBGE_2024
2614204,Sirinhaém,PE,374.321,7,jul,306.86578584905885,OK,1991,2020,30,CHIRPS_v2,UCSB-CHG/CHIRPS/DAILY,1991-2020,IBGE_2024
2613404,São José da Coroa Grande,PE,69.184,7,jul,230.4589485048132,OK,1991,2020,30,CHIRPS_v2,UCSB-CHG/CHIRPS/DAILY,1991-2020,IBGE_2024
2611903,Rio Formoso,PE,227.458,7,jul,309.0408746300087,OK,1991,2020,30,CHIRPS_v2,UCSB-CHG/CHIRPS/DAILY,1991-2020,IBGE_2024
2616183,Vertente do Lério,PE,73.631,7,jul,94.20546783803928,OK,1991,2020,30,CHIRPS_v2,UCSB-CHG/CHIRPS/DAILY,1991-2020,IBGE_2024
2616209,Vertentes,PE,196.324,7,jul,111.60471098985754,OK,1991,2020,30,CHIRPS_v2,UCSB-CHG/CHIRPS/DAILY,1991-2020,IBGE_2024
2614501,Surubim,PE,253.296,7,jul,106.98715314257646,OK,1991,2020,30,CHIRPS_v2,UCSB-CHG/CHIRPS/DAILY,1991-2020,IBGE_2024
2605806,Frei Miguelinho,PE,213.735,7,jul,108.37550061418695,OK,1991,2020,30,CHIRPS_v2,UCSB-CHG/CHIRPS/DAILY,1991-2020,IBGE_2024
2604155,Casinhas,PE,116.833,7,jul,105.4961858908376,OK,1991,2020,30,CHIRPS_v2,UCSB-CHG/CHIRPS/DAILY,1991-2020,IBGE_2024
2612703,Santa Maria do Cambucá,PE,92.148,7,jul,87.23465138776228,OK,1991,2020,30,CHIRPS_v2,UCSB-CHG/CHIRPS/DAILY,1991-2020,IBGE_2024
2604106,Caruaru,PE,919.069,7,jul,85.37547811091888,OK,1991,2020,30,CHIRPS_v2,UCSB-CHG/CHIRPS/DAILY,1991-2020,IBGE_2024
2610202,Panelas,PE,380.428,7,jul,110.63746982667939,OK,1991,2020,30,CHIRPS_v2,UCSB-CHG/CHIRPS/DAILY,1991-2020,IBGE_2024
2601904,Bezerros,PE,497.156,7,jul,106.18302682591639,OK,1991,2020,30,CHIRPS_v2,UCSB-CHG/CHIRPS/DAILY,1991-2020,IBGE_2024
2601300,Barra de Guabiraba,PE,118.639,7,jul,197.30137570687896,OK,1991,2020,30,CHIRPS_v2,UCSB-CHG/CHIRPS/DAILY,1991-2020,IBGE_2024
2600807,Altinho,PE,450.178,7,jul,90.17627652098282,OK,1991,2020,30,CHIRPS_v2,UCSB-CHG/CHIRPS/DAILY,1991-2020,IBGE_2024
2608701,Lagoa dos Gatos,PE,224.948,7,jul,163.6299099323465,OK,1991,2020,30,CHIRPS_v2,UCSB-CHG/CHIRPS/DAILY,1991-2020,IBGE_2024
2600302,Agrestina,PE,200.369,7,jul,111.75815033170377,OK,1991,2020,30,CHIRPS_v2,UCSB-CHG/CHIRPS/DAILY,1991-2020,IBGE_2024
2608008,Jataúba,PE,714.601,7,jul,58.442563288606934,OK,1991,2020,30,CHIRPS_v2,UCSB-CHG/CHIRPS/DAILY,1991-2020,IBGE_2024
2615409,Toritama,PE,25.704,7,jul,88.99079236788394,OK,1991,2020,30,CHIRPS_v2,UCSB-CHG/CHIRPS/DAILY,1991-2020,IBGE_2024
2615003,Taquaritinga do Norte,PE,475.183,7,jul,72.60767803020198,OK,1991,2020,30,CHIRPS_v2,UCSB-CHG/CHIRPS/DAILY,1991-2020,IBGE_2024
2606705,Ibirajuba,PE,189.596,7,jul,78.24074462064308,OK,1991,2020,30,CHIRPS_v2,UCSB-CHG/CHIRPS/DAILY,1991-2020,IBGE_2024
2606408,Gravatá,PE,507.36,7,jul,110.42947868858079,OK,1991,2020,30,CHIRPS_v2,UCSB-CHG/CHIRPS/DAILY,1991-2020,IBGE_2024
2605004,Cupira,PE,95.149,7,jul,126.20081926942072,OK,1991,2020,30,CHIRPS_v2,UCSB-CHG/CHIRPS/DAILY,1991-2020,IBGE_2024
2613305,São Joaquim do Monte,PE,224.624,7,jul,137.22906423346893,OK,1991,2020,30,CHIRPS_v2,UCSB-CHG/CHIRPS/DAILY,1991-2020,IBGE_2024
2613107,São Caitano,PE,382.483,7,jul,61.1171667745107,OK,1991,2020,30,CHIRPS_v2,UCSB-CHG/CHIRPS/DAILY,1991-2020,IBGE_2024
2604908,Cumaru,PE,291.429,7,jul,95.72848944435023,OK,1991,2020,30,CHIRPS_v2,UCSB-CHG/CHIRPS/DAILY,1991-2020,IBGE_2024
2612505,Santa Cruz do Capibaribe,PE,335.309,7,jul,50.112385900056815,OK,1991,2020,30,CHIRPS_v2,UCSB-CHG/CHIRPS/DAILY,1991-2020,IBGE_2024
2604502,Chã Grande,PE,84.787,7,jul,141.10839746350092,OK,1991,2020,30,CHIRPS_v2,UCSB-CHG/CHIRPS/DAILY,1991-2020,IBGE_2024
2612000,Sairé,PE,190.454,7,jul,137.2053053883739,OK,1991,2020,30,CHIRPS_v2,UCSB-CHG/CHIRPS/DAILY,1991-2020,IBGE_2024
2603108,Cachoeirinha,PE,179.262,7,jul,74.55767562062354,OK,1991,2020,30,CHIRPS_v2,UCSB-CHG/CHIRPS/DAILY,1991-2020,IBGE_2024
2611705,Riacho das Almas,PE,313.613,7,jul,90.89402362607807,OK,1991,2020,30,CHIRPS_v2,UCSB-CHG/CHIRPS/DAILY,1991-2020,IBGE_2024
2603504,Camocim de São Félix,PE,72.01,7,jul,134.75190492798149,OK,1991,2020,30,CHIRPS_v2,UCSB-CHG/CHIRPS/DAILY,1991-2020,IBGE_2024
2602605,Brejo da Madre de Deus,PE,761.824,7,jul,72.0974508286558,OK,1991,2020,30,CHIRPS_v2,UCSB-CHG/CHIRPS/DAILY,1991-2020,IBGE_2024
2602308,Bonito,PE,392.627,7,jul,173.7960767730575,OK,1991,2020,30,CHIRPS_v2,UCSB-CHG/CHIRPS/DAILY,1991-2020,IBGE_2024
2606002,Garanhuns,PE,458.964,7,jul,139.93816336445389,OK,1991,2020,30,CHIRPS_v2,UCSB-CHG/CHIRPS/DAILY,1991-2020,IBGE_2024
2602407,Brejão,PE,159.786,7,jul,139.35607543386027,OK,1991,2020,30,CHIRPS_v2,UCSB-CHG/CHIRPS/DAILY,1991-2020,IBGE_2024
2610103,Palmeirina,PE,169.012,7,jul,158.319514157913,OK,1991,2020,30,CHIRPS_v2,UCSB-CHG/CHIRPS/DAILY,1991-2020,IBGE_2024
2608800,Lajedo,PE,189.096,7,jul,87.6675347912933,OK,1991,2020,30,CHIRPS_v2,UCSB-CHG/CHIRPS/DAILY,1991-2020,IBGE_2024
2601003,Angelim,PE,118.72,7,jul,150.74508309893324,OK,1991,2020,30,CHIRPS_v2,UCSB-CHG/CHIRPS/DAILY,1991-2020,IBGE_2024
2608404,Jurema,PE,148.254,7,jul,114.4486356458741,OK,1991,2020,30,CHIRPS_v2,UCSB-CHG/CHIRPS/DAILY,1991-2020,IBGE_2024
2608255,Jucati,PE,120.167,7,jul,103.10320525752174,OK,1991,2020,30,CHIRPS_v2,UCSB-CHG/CHIRPS/DAILY,1991-2020,IBGE_2024
2608305,Jupi,PE,104.835,7,jul,98.18889813337364,OK,1991,2020,30,CHIRPS_v2,UCSB-CHG/CHIRPS/DAILY,1991-2020,IBGE_2024
2608602,Lagoa do Ouro,PE,199.996,7,jul,186.21797966650072,OK,1991,2020,30,CHIRPS_v2,UCSB-CHG/CHIRPS/DAILY,1991-2020,IBGE_2024
2600500,Águas Belas,PE,885.987,7,jul,86.30909082532133,OK,1991,2020,30,CHIRPS_v2,UCSB-CHG/CHIRPS/DAILY,1991-2020,IBGE_2024
2615102,Terezinha,PE,151.625,7,jul,136.04162845941414,OK,1991,2020,30,CHIRPS_v2,UCSB-CHG/CHIRPS/DAILY,1991-2020,IBGE_2024
2606507,Iati,PE,635.137,7,jul,101.81932288676205,OK,1991,2020,30,CHIRPS_v2,UCSB-CHG/CHIRPS/DAILY,1991-2020,IBGE_2024
2604700,Correntes,PE,317.793,7,jul,184.97884507846197,OK,1991,2020,30,CHIRPS_v2,UCSB-CHG/CHIRPS/DAILY,1991-2020,IBGE_2024
2613206,São João,PE,258.443,7,jul,146.7536306444686,OK,1991,2020,30,CHIRPS_v2,UCSB-CHG/CHIRPS/DAILY,1991-2020,IBGE_2024
2612307,Saloá,PE,251.55,7,jul,111.2978930303653,OK,1991,2020,30,CHIRPS_v2,UCSB-CHG/CHIRPS/DAILY,1991-2020,IBGE_2024
2603801,Capoeiras,PE,337.108,7,jul,84.38812891060623,OK,1991,2020,30,CHIRPS_v2,UCSB-CHG/CHIRPS/DAILY,1991-2020,IBGE_2024
2603702,Canhotinho,PE,422.831,7,jul,141.14865493956117,OK,1991,2020,30,CHIRPS_v2,UCSB-CHG/CHIRPS/DAILY,1991-2020,IBGE_2024
2603207,Caetés,PE,294.946,7,jul,94.44039766777819,OK,1991,2020,30,CHIRPS_v2,UCSB-CHG/CHIRPS/DAILY,1991-2020,IBGE_2024
2611507,Quipapá,PE,230.617,7,jul,152.0064392203447,OK,1991,2020,30,CHIRPS_v2,UCSB-CHG/CHIRPS/DAILY,1991-2020,IBGE_2024
2603306,Calçado,PE,121.434,7,jul,104.55624207766098,OK,1991,2020,30,CHIRPS_v2,UCSB-CHG/CHIRPS/DAILY,1991-2020,IBGE_2024
2610301,Paranatama,PE,185.371,7,jul,101.14906704673147,OK,1991,2020,30,CHIRPS_v2,UCSB-CHG/CHIRPS/DAILY,1991-2020,IBGE_2024
2602100,Bom Conselho,PE,790.774,7,jul,132.95925357180263,OK,1991,2020,30,CHIRPS_v2,UCSB-CHG/CHIRPS/DAILY,1991-2020,IBGE_2024
2601201,Arcoverde,PE,343.923,7,jul,64.09007443154707,OK,1991,2020,30,CHIRPS_v2,UCSB-CHG/CHIRPS/DAILY,1991-2020,IBGE_2024
2609154,Manari,PE,386.57,7,jul,66.04275655552253,OK,1991,2020,30,CHIRPS_v2,UCSB-CHG/CHIRPS/DAILY,1991-2020,IBGE_2024
2616001,Venturosa,PE,331.552,7,jul,55.87627763569619,OK,1991,2020,30,CHIRPS_v2,UCSB-CHG/CHIRPS/DAILY,1991-2020,IBGE_2024
2615805,Tupanatinga,PE,888.467,7,jul,63.55755690267058,OK,1991,2020,30,CHIRPS_v2,UCSB-CHG/CHIRPS/DAILY,1991-2020,IBGE_2024
2607505,Itaíba,PE,1034.044,7,jul,68.74453962730293,OK,1991,2020,30,CHIRPS_v2,UCSB-CHG/CHIRPS/DAILY,1991-2020,IBGE_2024
2607000,Inajá,PE,1240.961,7,jul,47.49674387229412,OK,1991,2020,30,CHIRPS_v2,UCSB-CHG/CHIRPS/DAILY,1991-2020,IBGE_2024
2606606,Ibimirim,PE,1929.342,7,jul,40.50449616993028,OK,1991,2020,30,CHIRPS_v2,UCSB-CHG/CHIRPS/DAILY,1991-2020,IBGE_2024
2614105,Sertânia,PE,2409.511,7,jul,39.54535925220713,OK,1991,2020,30,CHIRPS_v2,UCSB-CHG/CHIRPS/DAILY,1991-2020,IBGE_2024
2605103,Custódia,PE,1382.059,7,jul,33.90694252811823,OK,1991,2020,30,CHIRPS_v2,UCSB-CHG/CHIRPS/DAILY,1991-2020,IBGE_2024
2602803,Buíque,PE,1295.821,7,jul,73.52878666237699,OK,1991,2020,30,CHIRPS_v2,UCSB-CHG/CHIRPS/DAILY,1991-2020,IBGE_2024
2610806,Pedra,PE,922.482,7,jul,63.65558315852178,OK,1991,2020,30,CHIRPS_v2,UCSB-CHG/CHIRPS/DAILY,1991-2020,IBGE_2024
2601706,Belo Jardim,PE,647.445,7,jul,71.40669676514194,OK,1991,2020,30,CHIRPS_v2,UCSB-CHG/CHIRPS/DAILY,1991-2020,IBGE_2024
2600609,Alagoinha,PE,208.545,7,jul,65.70234338588605,OK,1991,2020,30,CHIRPS_v2,UCSB-CHG/CHIRPS/DAILY,1991-2020,IBGE_2024
2614709,Tacaimbó,PE,227.6,7,jul,68.06622517437786,OK,1991,2020,30,CHIRPS_v2,UCSB-CHG/CHIRPS/DAILY,1991-2020,IBGE_2024
2613008,São Bento do Una,PE,719.193,7,jul,79.5674882377596,OK,1991,2020,30,CHIRPS_v2,UCSB-CHG/CHIRPS/DAILY,1991-2020,IBGE_2024
2612406,Sanharó,PE,268.065,7,jul,67.27897370687553,OK,1991,2020,30,CHIRPS_v2,UCSB-CHG/CHIRPS/DAILY,1991-2020,IBGE_2024
2610905,Pesqueira,PE,970.438,7,jul,72.26303679429147,OK,1991,2020,30,CHIRPS_v2,UCSB-CHG/CHIRPS/DAILY,1991-2020,IBGE_2024
2611200,Poção,PE,205.118,7,jul,64.36972848307397,OK,1991,2020,30,CHIRPS_v2,UCSB-CHG/CHIRPS/DAILY,1991-2020,IBGE_2024
2601805,Betânia,PE,1256.138,7,jul,28.005106606897563,OK,1991,2020,30,CHIRPS_v2,UCSB-CHG/CHIRPS/DAILY,1991-2020,IBGE_2024
2609303,Mirandiba,PE,821.676,7,jul,17.537186794208182,OK,1991,2020,30,CHIRPS_v2,UCSB-CHG/CHIRPS/DAILY,1991-2020,IBGE_2024
2608057,Jatobá,PE,277.862,7,jul,41.87031783708303,OK,1991,2020,30,CHIRPS_v2,UCSB-CHG/CHIRPS/DAILY,1991-2020,IBGE_2024
2615706,Triunfo,PE,191.518,7,jul,53.47260548057843,OK,1991,2020,30,CHIRPS_v2,UCSB-CHG/CHIRPS/DAILY,1991-2020,IBGE_2024
2614808,Tacaratu,PE,1264.532,7,jul,58.6153239611434,OK,1991,2020,30,CHIRPS_v2,UCSB-CHG/CHIRPS/DAILY,1991-2020,IBGE_2024
2613909,Serra Talhada,PE,2980.007,7,jul,22.020083377074872,OK,1991,2020,30,CHIRPS_v2,UCSB-CHG/CHIRPS/DAILY,1991-2020,IBGE_2024
2605707,Floresta,PE,3637.243,7,jul,25.125453998930766,OK,1991,2020,30,CHIRPS_v2,UCSB-CHG/CHIRPS/DAILY,1991-2020,IBGE_2024
2613503,São José do Belmonte,PE,1474.086,7,jul,15.55646281745293,OK,1991,2020,30,CHIRPS_v2,UCSB-CHG/CHIRPS/DAILY,1991-2020,IBGE_2024
2605608,Flores,PE,995.561,7,jul,31.565195023011455,OK,1991,2020,30,CHIRPS_v2,UCSB-CHG/CHIRPS/DAILY,1991-2020,IBGE_2024
2612471,Santa Cruz da Baixa Verde,PE,114.931,7,jul,46.026758296626966,OK,1991,2020,30,CHIRPS_v2,UCSB-CHG/CHIRPS/DAILY,1991-2020,IBGE_2024
2603926,Carnaubeira da Penha,PE,1004.248,7,jul,19.69860162860216,OK,1991,2020,30,CHIRPS_v2,UCSB-CHG/CHIRPS/DAILY,1991-2020,IBGE_2024
2603405,Calumbi,PE,179.314,7,jul,34.412738426328914,OK,1991,2020,30,CHIRPS_v2,UCSB-CHG/CHIRPS/DAILY,1991-2020,IBGE_2024
2611002,Petrolândia,PE,1056.589,7,jul,29.205059977501158,OK,1991,2020,30,CHIRPS_v2,UCSB-CHG/CHIRPS/DAILY,1991-2020,IBGE_2024
2602506,Brejinho,PE,106.066,7,jul,21.317361319439964,OK,1991,2020,30,CHIRPS_v2,UCSB-CHG/CHIRPS/DAILY,1991-2020,IBGE_2024
2600104,Afogados da Ingazeira,PE,378.031,7,jul,27.89483222388383,OK,1991,2020,30,CHIRPS_v2,UCSB-CHG/CHIRPS/DAILY,1991-2020,IBGE_2024
2615904,Tuparetama,PE,188.428,7,jul,30.31647801645836,OK,1991,2020,30,CHIRPS_v2,UCSB-CHG/CHIRPS/DAILY,1991-2020,IBGE_2024
2607703,Itapetim,PE,411.875,7,jul,24.229592463782264,OK,1991,2020,30,CHIRPS_v2,UCSB-CHG/CHIRPS/DAILY,1991-2020,IBGE_2024
2606903,Iguaracy,PE,836.046,7,jul,34.143107714503515,OK,1991,2020,30,CHIRPS_v2,UCSB-CHG/CHIRPS/DAILY,1991-2020,IBGE_2024
2607109,Ingazeira,PE,243.858,7,jul,28.19234606685068,OK,1991,2020,30,CHIRPS_v2,UCSB-CHG/CHIRPS/DAILY,1991-2020,IBGE_2024
2614402,Solidão,PE,138.6,7,jul,24.71458924507032,OK,1991,2020,30,CHIRPS_v2,UCSB-CHG/CHIRPS/DAILY,1991-2020,IBGE_2024
2614600,Tabira,PE,388.458,7,jul,24.950860369849952,OK,1991,2020,30,CHIRPS_v2,UCSB-CHG/CHIRPS/DAILY,1991-2020,IBGE_2024
2613602,São José do Egito,PE,774.037,7,jul,24.980584988778073,OK,1991,2020,30,CHIRPS_v2,UCSB-CHG/CHIRPS/DAILY,1991-2020,IBGE_2024
2612802,Santa Terezinha,PE,200.327,7,jul,24.479338219389465,OK,1991,2020,30,CHIRPS_v2,UCSB-CHG/CHIRPS/DAILY,1991-2020,IBGE_2024
2603900,Carnaíba,PE,432.134,7,jul,28.597665087648952,OK,1991,2020,30,CHIRPS_v2,UCSB-CHG/CHIRPS/DAILY,1991-2020,IBGE_2024
2611533,Quixaba,PE,210.705,7,jul,25.168350160902836,OK,1991,2020,30,CHIRPS_v2,UCSB-CHG/CHIRPS/DAILY,1991-2020,IBGE_2024
2611101,Petrolina,PE,4558.905,7,jul,0.12681512422759367,OK,1991,2020,30,CHIRPS_v2,UCSB-CHG/CHIRPS/DAILY,1991-2020,IBGE_2024
2609808,Orocó,PE,554.759,7,jul,4.809086007998973,OK,1991,2020,30,CHIRPS_v2,UCSB-CHG/CHIRPS/DAILY,1991-2020,IBGE_2024
2608750,Lagoa Grande,PE,1844.506,7,jul,3.1751300353668666,OK,1991,2020,30,CHIRPS_v2,UCSB-CHG/CHIRPS/DAILY,1991-2020,IBGE_2024
2600203,Afrânio,PE,1491.572,7,jul,0.2057287424846813,OK,1991,2020,30,CHIRPS_v2,UCSB-CHG/CHIRPS/DAILY,1991-2020,IBGE_2024
2605152,Dormentes,PE,1543.723,7,jul,0.4668445494105944,OK,1991,2020,30,CHIRPS_v2,UCSB-CHG/CHIRPS/DAILY,1991-2020,IBGE_2024
2612604,Santa Maria da Boa Vista,PE,3000.773,7,jul,5.803878422074705,OK,1991,2020,30,CHIRPS_v2,UCSB-CHG/CHIRPS/DAILY,1991-2020,IBGE_2024
2609907,Ouricuri,PE,2381.568,7,jul,4.426089073943882,OK,1991,2020,30,CHIRPS_v2,UCSB-CHG/CHIRPS/DAILY,1991-2020,IBGE_2024
2602001,Bodocó,PE,1621.785,7,jul,10.035440517313233,OK,1991,2020,30,CHIRPS_v2,UCSB-CHG/CHIRPS/DAILY,1991-2020,IBGE_2024
2601102,Araripina,PE,2037.394,7,jul,4.300774249644975,OK,1991,2020,30,CHIRPS_v2,UCSB-CHG/CHIRPS/DAILY,1991-2020,IBGE_2024
2607307,Ipubi,PE,693.915,7,jul,7.048760770065871,OK,1991,2020,30,CHIRPS_v2,UCSB-CHG/CHIRPS/DAILY,1991-2020,IBGE_2024
2615607,Trindade,PE,295.765,7,jul,3.4503120981492796,OK,1991,2020,30,CHIRPS_v2,UCSB-CHG/CHIRPS/DAILY,1991-2020,IBGE_2024
2606309,Granito,PE,521.69,7,jul,13.074949994572885,OK,1991,2020,30,CHIRPS_v2,UCSB-CHG/CHIRPS/DAILY,1991-2020,IBGE_2024
2614303,Moreilândia,PE,404.288,7,jul,16.2553683267385,OK,1991,2020,30,CHIRPS_v2,UCSB-CHG/CHIRPS/DAILY,1991-2020,IBGE_2024
2605301,Exu,PE,1336.786,7,jul,14.812464336796005,OK,1991,2020,30,CHIRPS_v2,UCSB-CHG/CHIRPS/DAILY,1991-2020,IBGE_2024
2612455,Santa Cruz,PE,1246.181,7,jul,2.9361673862707622,OK,1991,2020,30,CHIRPS_v2,UCSB-CHG/CHIRPS/DAILY,1991-2020,IBGE_2024
2612554,Santa Filomena,PE,1004.561,7,jul,0.9540321715016745,OK,1991,2020,30,CHIRPS_v2,UCSB-CHG/CHIRPS/DAILY,1991-2020,IBGE_2024
2601607,Belém do São Francisco,PE,1830.828,7,jul,14.001348217022823,OK,1991,2020,30,CHIRPS_v2,UCSB-CHG/CHIRPS/DAILY,1991-2020,IBGE_2024
2616100,Verdejante,PE,476.04,7,jul,11.823027237889809,OK,1991,2020,30,CHIRPS_v2,UCSB-CHG/CHIRPS/DAILY,1991-2020,IBGE_2024
2607406,Itacuruba,PE,436.528,7,jul,18.993022770361506,OK,1991,2020,30,CHIRPS_v2,UCSB-CHG/CHIRPS/DAILY,1991-2020,IBGE_2024
2615201,Terra Nova,PE,318.709,7,jul,11.510540992969476,OK,1991,2020,30,CHIRPS_v2,UCSB-CHG/CHIRPS/DAILY,1991-2020,IBGE_2024
2614006,Serrita,PE,1535.19,7,jul,11.95610005168011,OK,1991,2020,30,CHIRPS_v2,UCSB-CHG/CHIRPS/DAILY,1991-2020,IBGE_2024
2604304,Cedro,PE,148.746,7,jul,13.954970223608836,OK,1991,2020,30,CHIRPS_v2,UCSB-CHG/CHIRPS/DAILY,1991-2020,IBGE_2024
2612208,Salgueiro,PE,1678.562,7,jul,12.170129871309461,OK,1991,2020,30,CHIRPS_v2,UCSB-CHG/CHIRPS/DAILY,1991-2020,IBGE_2024
2603009,Cabrobó,PE,1658.617,7,jul,8.662092641261218,OK,1991,2020,30,CHIRPS_v2,UCSB-CHG/CHIRPS/DAILY,1991-2020,IBGE_2024
2610400,Parnamirim,PE,2609.55,7,jul,5.928092985242865,OK,1991,2020,30,CHIRPS_v2,UCSB-CHG/CHIRPS/DAILY,1991-2020,IBGE_2024
2600906,Amaraji,PE,233.239,7,jul,190.8210905442957,OK,1991,2020,30,CHIRPS_v2,UCSB-CHG/CHIRPS/DAILY,1991-2020,IBGE_2024
2605202,Escada,PE,342.156,7,jul,179.04873122308598,OK,1991,2020,30,CHIRPS_v2,UCSB-CHG/CHIRPS/DAILY,1991-2020,IBGE_2024
2604809,Cortês,PE,103.416,7,jul,205.26846850949303,OK,1991,2020,30,CHIRPS_v2,UCSB-CHG/CHIRPS/DAILY,1991-2020,IBGE_2024
2611804,Ribeirão,PE,289.566,7,jul,196.65167678805065,OK,1991,2020,30,CHIRPS_v2,UCSB-CHG/CHIRPS/DAILY,1991-2020,IBGE_2024
2611408,Primavera,PE,113.563,7,jul,182.41350734187031,OK,1991,2020,30,CHIRPS_v2,UCSB-CHG/CHIRPS/DAILY,1991-2020,IBGE_2024
2704302,Maceió,AL,509.295,7,jul,191.3613008008173,OK,1991,2020,30,CHIRPS_v2,UCSB-CHG/CHIRPS/DAILY,1991-2020,IBGE_2024
2702207,Coqueiro Seco,AL,39.608,7,jul,256.8268862298973,OK,1991,2020,30,CHIRPS_v2,UCSB-CHG/CHIRPS/DAILY,1991-2020,IBGE_2024
2700508,Barra de Santo Antônio,AL,131.364,7,jul,123.76088700002731,OK,1991,2020,30,CHIRPS_v2,UCSB-CHG/CHIRPS/DAILY,1991-2020,IBGE_2024
2708907,Satuba,AL,41.268,7,jul,244.53325218869543,OK,1991,2020,30,CHIRPS_v2,UCSB-CHG/CHIRPS/DAILY,1991-2020,IBGE_2024
2707701,Rio Largo,AL,293.832,7,jul,219.4171569076678,OK,1991,2020,30,CHIRPS_v2,UCSB-CHG/CHIRPS/DAILY,1991-2020,IBGE_2024
2707909,Santa Luzia do Norte,AL,28.857,7,jul,253.84814611104255,OK,1991,2020,30,CHIRPS_v2,UCSB-CHG/CHIRPS/DAILY,1991-2020,IBGE_2024
2706448,Paripueira,AL,92.813,7,jul,131.1015205096974,OK,1991,2020,30,CHIRPS_v2,UCSB-CHG/CHIRPS/DAILY,1991-2020,IBGE_2024
2705200,Messias,AL,114.156,7,jul,200.16146825024938,OK,1991,2020,30,CHIRPS_v2,UCSB-CHG/CHIRPS/DAILY,1991-2020,IBGE_2024
2704708,Marechal Deodoro,AL,340.987,7,jul,245.04293815725538,OK,1991,2020,30,CHIRPS_v2,UCSB-CHG/CHIRPS/DAILY,1991-2020,IBGE_2024
2703809,Joaquim Gomes,AL,300.865,7,jul,104.29344464794099,OK,1991,2020,30,CHIRPS_v2,UCSB-CHG/CHIRPS/DAILY,1991-2020,IBGE_2024
2702801,Flexeiras,AL,333.756,7,jul,129.0908607206147,OK,1991,2020,30,CHIRPS_v2,UCSB-CHG/CHIRPS/DAILY,1991-2020,IBGE_2024
2700607,Barra de São Miguel,AL,74.332,7,jul,237.88612368913147,OK,1991,2020,30,CHIRPS_v2,UCSB-CHG/CHIRPS/DAILY,1991-2020,IBGE_2024
2706901,Pilar,AL,259.646,7,jul,241.71933330753538,OK,1991,2020,30,CHIRPS_v2,UCSB-CHG/CHIRPS/DAILY,1991-2020,IBGE_2024
2703601,Japaratinga,AL,85.699,7,jul,123.75209391001661,OK,1991,2020,30,CHIRPS_v2,UCSB-CHG/CHIRPS/DAILY,1991-2020,IBGE_2024
2703502,Jacuípe,AL,209.65,7,jul,124.23146622870941,OK,1991,2020,30,CHIRPS_v2,UCSB-CHG/CHIRPS/DAILY,1991-2020,IBGE_2024
2703908,Jundiá,AL,88.772,7,jul,125.63159069378739,OK,1991,2020,30,CHIRPS_v2,UCSB-CHG/CHIRPS/DAILY,1991-2020,IBGE_2024
2702108,Colônia Leopoldina,AL,201.461,7,jul,100.60187003941371,OK,1991,2020,30,CHIRPS_v2,UCSB-CHG/CHIRPS/DAILY,1991-2020,IBGE_2024
2701357,Campestre,AL,65.019,7,jul,121.42479128878718,OK,1991,2020,30,CHIRPS_v2,UCSB-CHG/CHIRPS/DAILY,1991-2020,IBGE_2024
2708709,São Miguel dos Milagres,AL,76.852,7,jul,133.37571407936375,OK,1991,2020,30,CHIRPS_v2,UCSB-CHG/CHIRPS/DAILY,1991-2020,IBGE_2024
2708501,São Luís do Quitunde,AL,397.257,7,jul,109.60470784007131,OK,1991,2020,30,CHIRPS_v2,UCSB-CHG/CHIRPS/DAILY,1991-2020,IBGE_2024
2707404,Porto de Pedras,AL,256.526,7,jul,121.63973421667846,OK,1991,2020,30,CHIRPS_v2,UCSB-CHG/CHIRPS/DAILY,1991-2020,IBGE_2024
2707305,Porto Calvo,AL,313.68,7,jul,115.55190075413167,OK,1991,2020,30,CHIRPS_v2,UCSB-CHG/CHIRPS/DAILY,1991-2020,IBGE_2024
2706505,Passo de Camaragibe,AL,251.169,7,jul,116.18053222800624,OK,1991,2020,30,CHIRPS_v2,UCSB-CHG/CHIRPS/DAILY,1991-2020,IBGE_2024
2705606,Novo Lino,AL,219.327,7,jul,117.1149876469977,OK,1991,2020,30,CHIRPS_v2,UCSB-CHG/CHIRPS/DAILY,1991-2020,IBGE_2024
2705101,Matriz de Camaragibe,AL,238.112,7,jul,116.5452677021695,OK,1991,2020,30,CHIRPS_v2,UCSB-CHG/CHIRPS/DAILY,1991-2020,IBGE_2024
2704500,Maragogi,AL,333.952,7,jul,149.49475589113717,OK,1991,2020,30,CHIRPS_v2,UCSB-CHG/CHIRPS/DAILY,1991-2020,IBGE_2024
2703205,Igreja Nova,AL,428.023,7,jul,173.96150886995844,OK,1991,2020,30,CHIRPS_v2,UCSB-CHG/CHIRPS/DAILY,1991-2020,IBGE_2024
2702702,Feliz Deserto,AL,110.062,7,jul,209.28238601080508,OK,1991,2020,30,CHIRPS_v2,UCSB-CHG/CHIRPS/DAILY,1991-2020,IBGE_2024
2702306,Coruripe,AL,897.431,7,jul,211.55397538650217,OK,1991,2020,30,CHIRPS_v2,UCSB-CHG/CHIRPS/DAILY,1991-2020,IBGE_2024
2708204,São Brás,AL,138.969,7,jul,130.12365770354282,OK,1991,2020,30,CHIRPS_v2,UCSB-CHG/CHIRPS/DAILY,1991-2020,IBGE_2024
2707503,Porto Real do Colégio,AL,237.017,7,jul,146.5870929714728,OK,1991,2020,30,CHIRPS_v2,UCSB-CHG/CHIRPS/DAILY,1991-2020,IBGE_2024
2706703,Penedo,AL,688.713,7,jul,185.53809892216205,OK,1991,2020,30,CHIRPS_v2,UCSB-CHG/CHIRPS/DAILY,1991-2020,IBGE_2024
2706802,Piaçabuçu,AL,243.686,7,jul,209.13505457797436,OK,1991,2020,30,CHIRPS_v2,UCSB-CHG/CHIRPS/DAILY,1991-2020,IBGE_2024
2703759,Jequiá da Praia,AL,334.619,7,jul,236.66645150130188,OK,1991,2020,30,CHIRPS_v2,UCSB-CHG/CHIRPS/DAILY,1991-2020,IBGE_2024
2701407,Campo Alegre,AL,312.726,7,jul,191.0666799330353,OK,1991,2020,30,CHIRPS_v2,UCSB-CHG/CHIRPS/DAILY,1991-2020,IBGE_2024
2701001,Boca da Mata,AL,192.952,7,jul,207.19919009147526,OK,1991,2020,30,CHIRPS_v2,UCSB-CHG/CHIRPS/DAILY,1991-2020,IBGE_2024
2708600,São Miguel dos Campos,AL,335.679,7,jul,233.45409491557004,OK,1991,2020,30,CHIRPS_v2,UCSB-CHG/CHIRPS/DAILY,1991-2020,IBGE_2024
2700201,Anadia,AL,186.074,7,jul,180.79844268948898,OK,1991,2020,30,CHIRPS_v2,UCSB-CHG/CHIRPS/DAILY,1991-2020,IBGE_2024
2707800,Roteiro,AL,128.869,7,jul,242.44306664932103,OK,1991,2020,30,CHIRPS_v2,UCSB-CHG/CHIRPS/DAILY,1991-2020,IBGE_2024
2703007,Ibateguara,AL,265.313,7,jul,89.36272678014684,OK,1991,2020,30,CHIRPS_v2,UCSB-CHG/CHIRPS/DAILY,1991-2020,IBGE_2024
2709301,União dos Palmares,AL,420.081,7,jul,151.52497758282192,OK,1991,2020,30,CHIRPS_v2,UCSB-CHG/CHIRPS/DAILY,1991-2020,IBGE_2024
2701100,Branquinha,AL,168.343,7,jul,180.4353904787202,OK,1991,2020,30,CHIRPS_v2,UCSB-CHG/CHIRPS/DAILY,1991-2020,IBGE_2024
2708105,Santana do Mundaú,AL,232.17,7,jul,184.17829827666787,OK,1991,2020,30,CHIRPS_v2,UCSB-CHG/CHIRPS/DAILY,1991-2020,IBGE_2024
2708303,São José da Laje,AL,256.603,7,jul,145.5227561211168,OK,1991,2020,30,CHIRPS_v2,UCSB-CHG/CHIRPS/DAILY,1991-2020,IBGE_2024
2705507,Murici,AL,418.028,7,jul,177.11317941089948,OK,1991,2020,30,CHIRPS_v2,UCSB-CHG/CHIRPS/DAILY,1991-2020,IBGE_2024
2701902,Chã Preta,AL,157.831,7,jul,223.47092575550502,OK,1991,2020,30,CHIRPS_v2,UCSB-CHG/CHIRPS/DAILY,1991-2020,IBGE_2024
2701704,Capela,AL,253.168,7,jul,220.98430287148196,OK,1991,2020,30,CHIRPS_v2,UCSB-CHG/CHIRPS/DAILY,1991-2020,IBGE_2024
2701308,Cajueiro,AL,107.168,7,jul,221.0880759599704,OK,1991,2020,30,CHIRPS_v2,UCSB-CHG/CHIRPS/DAILY,1991-2020,IBGE_2024
2709400,Viçosa,AL,365.154,7,jul,208.70016469157477,OK,1991,2020,30,CHIRPS_v2,UCSB-CHG/CHIRPS/DAILY,1991-2020,IBGE_2024
2700409,Atalaia,AL,533.259,7,jul,220.80910300891316,OK,1991,2020,30,CHIRPS_v2,UCSB-CHG/CHIRPS/DAILY,1991-2020,IBGE_2024
2707008,Pindoba,AL,117.576,7,jul,205.34706838350593,OK,1991,2020,30,CHIRPS_v2,UCSB-CHG/CHIRPS/DAILY,1991-2020,IBGE_2024
2704906,Mar Vermelho,AL,91.741,7,jul,182.8202321328533,OK,1991,2020,30,CHIRPS_v2,UCSB-CHG/CHIRPS/DAILY,1991-2020,IBGE_2024
2700300,Arapiraca,AL,346.188,7,jul,148.87779155995653,OK,1991,2020,30,CHIRPS_v2,UCSB-CHG/CHIRPS/DAILY,1991-2020,IBGE_2024
2704104,Lagoa da Canoa,AL,83.621,7,jul,147.10051599738154,OK,1991,2020,30,CHIRPS_v2,UCSB-CHG/CHIRPS/DAILY,1991-2020,IBGE_2024
2704005,Junqueiro,AL,246.961,7,jul,164.81784325635195,OK,1991,2020,30,CHIRPS_v2,UCSB-CHG/CHIRPS/DAILY,1991-2020,IBGE_2024
2704203,Limoeiro de Anadia,AL,309.171,7,jul,163.6933448691404,OK,1991,2020,30,CHIRPS_v2,UCSB-CHG/CHIRPS/DAILY,1991-2020,IBGE_2024
2703700,Jaramataia,AL,105.416,7,jul,105.86262752966302,OK,1991,2020,30,CHIRPS_v2,UCSB-CHG/CHIRPS/DAILY,1991-2020,IBGE_2024
2702603,Feira Grande,AL,175.906,7,jul,144.32791508580158,OK,1991,2020,30,CHIRPS_v2,UCSB-CHG/CHIRPS/DAILY,1991-2020,IBGE_2024
2702900,Girau do Ponciano,AL,517.85,7,jul,122.47975053255317,OK,1991,2020,30,CHIRPS_v2,UCSB-CHG/CHIRPS/DAILY,1991-2020,IBGE_2024
2702009,Coité do Nóia,AL,88.334,7,jul,145.08749020625186,OK,1991,2020,30,CHIRPS_v2,UCSB-CHG/CHIRPS/DAILY,1991-2020,IBGE_2024
2702355,Craíbas,AL,277.617,7,jul,120.00032108237829,OK,1991,2020,30,CHIRPS_v2,UCSB-CHG/CHIRPS/DAILY,1991-2020,IBGE_2024
2701506,Campo Grande,AL,170.145,7,jul,94.30304578899447,OK,1991,2020,30,CHIRPS_v2,UCSB-CHG/CHIRPS/DAILY,1991-2020,IBGE_2024
2709202,Traipu,AL,680.0,7,jul,117.01333100503716,OK,1991,2020,30,CHIRPS_v2,UCSB-CHG/CHIRPS/DAILY,1991-2020,IBGE_2024
2709103,Taquarana,AL,153.833,7,jul,162.37665542527887,OK,1991,2020,30,CHIRPS_v2,UCSB-CHG/CHIRPS/DAILY,1991-2020,IBGE_2024
2709152,Teotônio Vilela,AL,299.237,7,jul,183.26228447608455,OK,1991,2020,30,CHIRPS_v2,UCSB-CHG/CHIRPS/DAILY,1991-2020,IBGE_2024
2709004,Tanque d'Arca,AL,124.616,7,jul,172.39588853641897,OK,1991,2020,30,CHIRPS_v2,UCSB-CHG/CHIRPS/DAILY,1991-2020,IBGE_2024
2708808,São Sebastião,AL,312.746,7,jul,157.63044913066423,OK,1991,2020,30,CHIRPS_v2,UCSB-CHG/CHIRPS/DAILY,1991-2020,IBGE_2024
2705903,Olho d'Água Grande,AL,115.509,7,jul,123.80795486986842,OK,1991,2020,30,CHIRPS_v2,UCSB-CHG/CHIRPS/DAILY,1991-2020,IBGE_2024
2704807,Maribondo,AL,180.107,7,jul,185.5097109207444,OK,1991,2020,30,CHIRPS_v2,UCSB-CHG/CHIRPS/DAILY,1991-2020,IBGE_2024
2704401,Major Isidoro,AL,437.602,7,jul,104.67658701767019,OK,1991,2020,30,CHIRPS_v2,UCSB-CHG/CHIRPS/DAILY,1991-2020,IBGE_2024
2703106,Igaci,AL,334.342,7,jul,122.68423522988316,OK,1991,2020,30,CHIRPS_v2,UCSB-CHG/CHIRPS/DAILY,1991-2020,IBGE_2024
2702553,Estrela de Alagoas,AL,260.615,7,jul,109.71843399324595,OK,1991,2020,30,CHIRPS_v2,UCSB-CHG/CHIRPS/DAILY,1991-2020,IBGE_2024
2701209,Cacimbinhas,AL,282.011,7,jul,107.42592460322349,OK,1991,2020,30,CHIRPS_v2,UCSB-CHG/CHIRPS/DAILY,1991-2020,IBGE_2024
2700805,Belém,AL,66.629,7,jul,154.71378526739946,OK,1991,2020,30,CHIRPS_v2,UCSB-CHG/CHIRPS/DAILY,1991-2020,IBGE_2024
2707602,Quebrangulo,AL,319.829,7,jul,214.67697447427173,OK,1991,2020,30,CHIRPS_v2,UCSB-CHG/CHIRPS/DAILY,1991-2020,IBGE_2024
2706604,Paulo Jacinto,AL,118.457,7,jul,196.43620710719512,OK,1991,2020,30,CHIRPS_v2,UCSB-CHG/CHIRPS/DAILY,1991-2020,IBGE_2024
2706307,Palmeira dos Índios,AL,450.99,7,jul,132.77136761129364,OK,1991,2020,30,CHIRPS_v2,UCSB-CHG/CHIRPS/DAILY,1991-2020,IBGE_2024
2705309,Minador do Negrão,AL,167.461,7,jul,109.27580870290737,OK,1991,2020,30,CHIRPS_v2,UCSB-CHG/CHIRPS/DAILY,1991-2020,IBGE_2024
2703304,Inhapi,AL,372.019,7,jul,69.85588114627288,OK,1991,2020,30,CHIRPS_v2,UCSB-CHG/CHIRPS/DAILY,1991-2020,IBGE_2024
2702405,Delmiro Gouveia,AL,628.547,7,jul,56.08762721399322,OK,1991,2020,30,CHIRPS_v2,UCSB-CHG/CHIRPS/DAILY,1991-2020,IBGE_2024
2700102,Água Branca,AL,473.845,7,jul,64.07844824270492,OK,1991,2020,30,CHIRPS_v2,UCSB-CHG/CHIRPS/DAILY,1991-2020,IBGE_2024
2707107,Piranhas,AL,403.994,7,jul,67.39801112122645,OK,1991,2020,30,CHIRPS_v2,UCSB-CHG/CHIRPS/DAILY,1991-2020,IBGE_2024
2706422,Pariconha,AL,254.718,7,jul,55.65381645565942,OK,1991,2020,30,CHIRPS_v2,UCSB-CHG/CHIRPS/DAILY,1991-2020,IBGE_2024
2705804,Olho d'Água do Casado,AL,327.679,7,jul,64.34669250078987,OK,1991,2020,30,CHIRPS_v2,UCSB-CHG/CHIRPS/DAILY,1991-2020,IBGE_2024
2705002,Mata Grande,AL,909.535,7,jul,89.77226180573778,OK,1991,2020,30,CHIRPS_v2,UCSB-CHG/CHIRPS/DAILY,1991-2020,IBGE_2024
2702504,Dois Riachos,AL,142.364,7,jul,106.61191535100285,OK,1991,2020,30,CHIRPS_v2,UCSB-CHG/CHIRPS/DAILY,1991-2020,IBGE_2024
2701605,Canapi,AL,600.879,7,jul,79.53791572393676,OK,1991,2020,30,CHIRPS_v2,UCSB-CHG/CHIRPS/DAILY,1991-2020,IBGE_2024
2701803,Carneiros,AL,111.695,7,jul,84.35742275353284,OK,1991,2020,30,CHIRPS_v2,UCSB-CHG/CHIRPS/DAILY,1991-2020,IBGE_2024
2708956,Senador Rui Palmeira,AL,338.569,7,jul,68.81681196369202,OK,1991,2020,30,CHIRPS_v2,UCSB-CHG/CHIRPS/DAILY,1991-2020,IBGE_2024
2708006,Santana do Ipanema,AL,436.087,7,jul,108.13667532173781,OK,1991,2020,30,CHIRPS_v2,UCSB-CHG/CHIRPS/DAILY,1991-2020,IBGE_2024
2707206,Poço das Trincheiras,AL,284.526,7,jul,97.55692451558231,OK,1991,2020,30,CHIRPS_v2,UCSB-CHG/CHIRPS/DAILY,1991-2020,IBGE_2024
2706000,Olivença,AL,174.188,7,jul,102.2212736376273,OK,1991,2020,30,CHIRPS_v2,UCSB-CHG/CHIRPS/DAILY,1991-2020,IBGE_2024
2706109,Ouro Branco,AL,196.349,7,jul,66.8895954950394,OK,1991,2020,30,CHIRPS_v2,UCSB-CHG/CHIRPS/DAILY,1991-2020,IBGE_2024
2704609,Maravilha,AL,334.052,7,jul,79.72482922663865,OK,1991,2020,30,CHIRPS_v2,UCSB-CHG/CHIRPS/DAILY,1991-2020,IBGE_2024
2703403,Jacaré dos Homens,AL,149.332,7,jul,81.27046456335067,OK,1991,2020,30,CHIRPS_v2,UCSB-CHG/CHIRPS/DAILY,1991-2020,IBGE_2024
2700904,Belo Monte,AL,322.887,7,jul,85.96134790773489,OK,1991,2020,30,CHIRPS_v2,UCSB-CHG/CHIRPS/DAILY,1991-2020,IBGE_2024
2700706,Batalha,AL,331.752,7,jul,88.60670522674417,OK,1991,2020,30,CHIRPS_v2,UCSB-CHG/CHIRPS/DAILY,1991-2020,IBGE_2024
2708402,São José da Tapera,AL,490.88,7,jul,68.2749802638097,OK,1991,2020,30,CHIRPS_v2,UCSB-CHG/CHIRPS/DAILY,1991-2020,IBGE_2024
2706208,Palestina,AL,38.189,7,jul,67.6288974738121,OK,1991,2020,30,CHIRPS_v2,UCSB-CHG/CHIRPS/DAILY,1991-2020,IBGE_2024
2706406,Pão de Açúcar,AL,688.87,7,jul,69.80511838389302,OK,1991,2020,30,CHIRPS_v2,UCSB-CHG/CHIRPS/DAILY,1991-2020,IBGE_2024
2705705,Olho d'Água das Flores,AL,188.398,7,jul,85.9815595994614,OK,1991,2020,30,CHIRPS_v2,UCSB-CHG/CHIRPS/DAILY,1991-2020,IBGE_2024
2705408,Monteirópolis,AL,86.605,7,jul,71.53805340301811,OK,1991,2020,30,CHIRPS_v2,UCSB-CHG/CHIRPS/DAILY,1991-2020,IBGE_2024
2801900,Cumbe,SE,121.959,7,jul,156.43222274774456,OK,1991,2020,30,CHIRPS_v2,UCSB-CHG/CHIRPS/DAILY,1991-2020,IBGE_2024
2801306,Capela,SE,442.21,7,jul,203.39927613834004,OK,1991,2020,30,CHIRPS_v2,UCSB-CHG/CHIRPS/DAILY,1991-2020,IBGE_2024
2806503,Santa Rosa de Lima,SE,67.672,7,jul,117.30466513475065,OK,1991,2020,30,CHIRPS_v2,UCSB-CHG/CHIRPS/DAILY,1991-2020,IBGE_2024
2806602,Santo Amaro das Brotas,SE,236.965,7,jul,198.35598593697256,OK,1991,2020,30,CHIRPS_v2,UCSB-CHG/CHIRPS/DAILY,1991-2020,IBGE_2024
2805307,Pirambu,SE,208.681,7,jul,199.3516684386744,OK,1991,2020,30,CHIRPS_v2,UCSB-CHG/CHIRPS/DAILY,1991-2020,IBGE_2024
2804607,Nossa Senhora das Dores,SE,482.785,7,jul,123.81340473950989,OK,1991,2020,30,CHIRPS_v2,UCSB-CHG/CHIRPS/DAILY,1991-2020,IBGE_2024
2803302,Japaratuba,SE,365.677,7,jul,214.23948967373656,OK,1991,2020,30,CHIRPS_v2,UCSB-CHG/CHIRPS/DAILY,1991-2020,IBGE_2024
2803203,Itaporanga d'Ajuda,SE,739.702,7,jul,177.42161323443833,OK,1991,2020,30,CHIRPS_v2,UCSB-CHG/CHIRPS/DAILY,1991-2020,IBGE_2024
2802502,General Maynard,SE,19.793,7,jul,190.0304575629042,OK,1991,2020,30,CHIRPS_v2,UCSB-CHG/CHIRPS/DAILY,1991-2020,IBGE_2024
2802007,Divina Pastora,SE,90.508,7,jul,151.96422084435184,OK,1991,2020,30,CHIRPS_v2,UCSB-CHG/CHIRPS/DAILY,1991-2020,IBGE_2024
2801504,Carmópolis,SE,46.395,7,jul,191.9314452893025,OK,1991,2020,30,CHIRPS_v2,UCSB-CHG/CHIRPS/DAILY,1991-2020,IBGE_2024
2800308,Aracaju,SE,182.163,7,jul,182.68923258128044,OK,1991,2020,30,CHIRPS_v2,UCSB-CHG/CHIRPS/DAILY,1991-2020,IBGE_2024
2800605,Barra dos Coqueiros,SE,92.268,7,jul,187.54029352205816,OK,1991,2020,30,CHIRPS_v2,UCSB-CHG/CHIRPS/DAILY,1991-2020,IBGE_2024
2807204,Siriri,SE,168.343,7,jul,171.38952066411525,OK,1991,2020,30,CHIRPS_v2,UCSB-CHG/CHIRPS/DAILY,1991-2020,IBGE_2024
2806701,São Cristóvão,SE,438.037,7,jul,191.1571390436031,OK,1991,2020,30,CHIRPS_v2,UCSB-CHG/CHIRPS/DAILY,1991-2020,IBGE_2024
2805901,Riachuelo,SE,78.308,7,jul,135.48180313262674,OK,1991,2020,30,CHIRPS_v2,UCSB-CHG/CHIRPS/DAILY,1991-2020,IBGE_2024
2806107,Rosário do Catete,SE,102.683,7,jul,195.15238191348644,OK,1991,2020,30,CHIRPS_v2,UCSB-CHG/CHIRPS/DAILY,1991-2020,IBGE_2024
2804805,Nossa Senhora do Socorro,SE,155.018,7,jul,176.0112610310499,OK,1991,2020,30,CHIRPS_v2,UCSB-CHG/CHIRPS/DAILY,1991-2020,IBGE_2024
2804003,Maruim,SE,95.554,7,jul,168.05200115607516,OK,1991,2020,30,CHIRPS_v2,UCSB-CHG/CHIRPS/DAILY,1991-2020,IBGE_2024
2803609,Laranjeiras,SE,162.274,7,jul,169.783721794555,OK,1991,2020,30,CHIRPS_v2,UCSB-CHG/CHIRPS/DAILY,1991-2020,IBGE_2024
2802106,Estância,SE,647.344,7,jul,200.93137743702158,OK,1991,2020,30,CHIRPS_v2,UCSB-CHG/CHIRPS/DAILY,1991-2020,IBGE_2024
2801702,Cristinápolis,SE,228.556,7,jul,150.0853442093975,OK,1991,2020,30,CHIRPS_v2,UCSB-CHG/CHIRPS/DAILY,1991-2020,IBGE_2024
2800407,Arauá,SE,198.967,7,jul,166.38438565833158,OK,1991,2020,30,CHIRPS_v2,UCSB-CHG/CHIRPS/DAILY,1991-2020,IBGE_2024
2800670,Boquim,SE,205.443,7,jul,152.81165506808955,OK,1991,2020,30,CHIRPS_v2,UCSB-CHG/CHIRPS/DAILY,1991-2020,IBGE_2024
2807501,Tomar do Geru,SE,304.837,7,jul,112.95598132530633,OK,1991,2020,30,CHIRPS_v2,UCSB-CHG/CHIRPS/DAILY,1991-2020,IBGE_2024
2807600,Umbaúba,SE,117.514,7,jul,158.93086398094388,OK,1991,2020,30,CHIRPS_v2,UCSB-CHG/CHIRPS/DAILY,1991-2020,IBGE_2024
2806305,Santa Luzia do Itanhy,SE,325.259,7,jul,180.88103765524505,OK,1991,2020,30,CHIRPS_v2,UCSB-CHG/CHIRPS/DAILY,1991-2020,IBGE_2024
2805109,Pedrinhas,SE,33.344,7,jul,154.9917722597293,OK,1991,2020,30,CHIRPS_v2,UCSB-CHG/CHIRPS/DAILY,1991-2020,IBGE_2024
2803005,Itabaianinha,SE,501.794,7,jul,130.91714323197212,OK,1991,2020,30,CHIRPS_v2,UCSB-CHG/CHIRPS/DAILY,1991-2020,IBGE_2024
2802809,Indiaroba,SE,316.316,7,jul,178.27374706718047,OK,1991,2020,30,CHIRPS_v2,UCSB-CHG/CHIRPS/DAILY,1991-2020,IBGE_2024
2802700,Ilha das Flores,SE,52.693,7,jul,178.06102712047476,OK,1991,2020,30,CHIRPS_v2,UCSB-CHG/CHIRPS/DAILY,1991-2020,IBGE_2024
2801603,Cedro de São João,SE,83.71,7,jul,152.94855900588684,OK,1991,2020,30,CHIRPS_v2,UCSB-CHG/CHIRPS/DAILY,1991-2020,IBGE_2024
2801108,Canhoba,SE,171.581,7,jul,131.81232166477923,OK,1991,2020,30,CHIRPS_v2,UCSB-CHG/CHIRPS/DAILY,1991-2020,IBGE_2024
2800209,Aquidabã,SE,359.543,7,jul,158.36518924474194,OK,1991,2020,30,CHIRPS_v2,UCSB-CHG/CHIRPS/DAILY,1991-2020,IBGE_2024
2800704,Brejo Grande,SE,141.464,7,jul,171.34707464990734,OK,1991,2020,30,CHIRPS_v2,UCSB-CHG/CHIRPS/DAILY,1991-2020,IBGE_2024
2800100,Amparo do São Francisco,SE,35.683,7,jul,124.44090873632716,OK,1991,2020,30,CHIRPS_v2,UCSB-CHG/CHIRPS/DAILY,1991-2020,IBGE_2024
2806909,São Francisco,SE,83.985,7,jul,167.1235227298624,OK,1991,2020,30,CHIRPS_v2,UCSB-CHG/CHIRPS/DAILY,1991-2020,IBGE_2024
2807303,Telha,SE,47.86,7,jul,118.71858099945489,OK,1991,2020,30,CHIRPS_v2,UCSB-CHG/CHIRPS/DAILY,1991-2020,IBGE_2024
2806404,Santana do São Francisco,SE,44.017,7,jul,163.87690241500064,OK,1991,2020,30,CHIRPS_v2,UCSB-CHG/CHIRPS/DAILY,1991-2020,IBGE_2024
2805703,Propriá,SE,96.32,7,jul,132.00293104355288,OK,1991,2020,30,CHIRPS_v2,UCSB-CHG/CHIRPS/DAILY,1991-2020,IBGE_2024
2804904,Pacatuba,SE,381.428,7,jul,174.25082332778607,OK,1991,2020,30,CHIRPS_v2,UCSB-CHG/CHIRPS/DAILY,1991-2020,IBGE_2024
2804300,Muribeca,SE,74.31,7,jul,193.7853587653312,OK,1991,2020,30,CHIRPS_v2,UCSB-CHG/CHIRPS/DAILY,1991-2020,IBGE_2024
2804409,Neópolis,SE,271.323,7,jul,173.37031239307254,OK,1991,2020,30,CHIRPS_v2,UCSB-CHG/CHIRPS/DAILY,1991-2020,IBGE_2024
2804706,Nossa Senhora de Lourdes,SE,83.767,7,jul,119.91303821362645,OK,1991,2020,30,CHIRPS_v2,UCSB-CHG/CHIRPS/DAILY,1991-2020,IBGE_2024
2803807,Malhada dos Bois,SE,63.199,7,jul,182.27144897089062,OK,1991,2020,30,CHIRPS_v2,UCSB-CHG/CHIRPS/DAILY,1991-2020,IBGE_2024
2803401,Japoatã,SE,402.353,7,jul,186.68661982521957,OK,1991,2020,30,CHIRPS_v2,UCSB-CHG/CHIRPS/DAILY,1991-2020,IBGE_2024
2802304,Frei Paulo,SE,399.178,7,jul,82.53846298971195,OK,1991,2020,30,CHIRPS_v2,UCSB-CHG/CHIRPS/DAILY,1991-2020,IBGE_2024
2801405,Carira,SE,638.875,7,jul,90.3247564134127,OK,1991,2020,30,CHIRPS_v2,UCSB-CHG/CHIRPS/DAILY,1991-2020,IBGE_2024
2801009,Campo do Brito,SE,201.518,7,jul,115.47809377785919,OK,1991,2020,30,CHIRPS_v2,UCSB-CHG/CHIRPS/DAILY,1991-2020,IBGE_2024
2800506,Areia Branca,SE,148.135,7,jul,161.91623539085955,OK,1991,2020,30,CHIRPS_v2,UCSB-CHG/CHIRPS/DAILY,1991-2020,IBGE_2024
2807006,São Miguel do Aleixo,SE,140.041,7,jul,107.83147430168876,OK,1991,2020,30,CHIRPS_v2,UCSB-CHG/CHIRPS/DAILY,1991-2020,IBGE_2024
2806800,São Domingos,SE,101.999,7,jul,94.24072528876532,OK,1991,2020,30,CHIRPS_v2,UCSB-CHG/CHIRPS/DAILY,1991-2020,IBGE_2024
2806008,Ribeirópolis,SE,259.057,7,jul,85.56175384727764,OK,1991,2020,30,CHIRPS_v2,UCSB-CHG/CHIRPS/DAILY,1991-2020,IBGE_2024
2805000,Pedra Mole,SE,82.184,7,jul,87.38953733343278,OK,1991,2020,30,CHIRPS_v2,UCSB-CHG/CHIRPS/DAILY,1991-2020,IBGE_2024
2805208,Pinhão,SE,156.4,7,jul,93.85287507456793,OK,1991,2020,30,CHIRPS_v2,UCSB-CHG/CHIRPS/DAILY,1991-2020,IBGE_2024
2804458,Nossa Senhora Aparecida,SE,340.855,7,jul,110.14839768950608,OK,1991,2020,30,CHIRPS_v2,UCSB-CHG/CHIRPS/DAILY,1991-2020,IBGE_2024
2803906,Malhador,SE,101.888,7,jul,103.93257408581597,OK,1991,2020,30,CHIRPS_v2,UCSB-CHG/CHIRPS/DAILY,1991-2020,IBGE_2024
2804102,Moita Bonita,SE,95.397,7,jul,93.77616358622878,OK,1991,2020,30,CHIRPS_v2,UCSB-CHG/CHIRPS/DAILY,1991-2020,IBGE_2024
2803708,Macambira,SE,137.496,7,jul,85.38080108009486,OK,1991,2020,30,CHIRPS_v2,UCSB-CHG/CHIRPS/DAILY,1991-2020,IBGE_2024
2802908,Itabaiana,SE,337.348,7,jul,97.17179540449094,OK,1991,2020,30,CHIRPS_v2,UCSB-CHG/CHIRPS/DAILY,1991-2020,IBGE_2024
2807402,Tobias Barreto,SE,1024.645,7,jul,82.3752264777916,OK,1991,2020,30,CHIRPS_v2,UCSB-CHG/CHIRPS/DAILY,1991-2020,IBGE_2024
2807105,Simão Dias,SE,560.199,7,jul,89.09903095617041,OK,1991,2020,30,CHIRPS_v2,UCSB-CHG/CHIRPS/DAILY,1991-2020,IBGE_2024
2806206,Salgado,SE,247.579,7,jul,166.45637103319362,OK,1991,2020,30,CHIRPS_v2,UCSB-CHG/CHIRPS/DAILY,1991-2020,IBGE_2024
2805505,Poço Verde,SE,441.326,7,jul,57.00192939843747,OK,1991,2020,30,CHIRPS_v2,UCSB-CHG/CHIRPS/DAILY,1991-2020,IBGE_2024
2805802,Riachão do Dantas,SE,530.606,7,jul,112.93057837826663,OK,1991,2020,30,CHIRPS_v2,UCSB-CHG/CHIRPS/DAILY,1991-2020,IBGE_2024
2803500,Lagarto,SE,968.921,7,jul,101.6356151621473,OK,1991,2020,30,CHIRPS_v2,UCSB-CHG/CHIRPS/DAILY,1991-2020,IBGE_2024
2803104,Itabi,SE,183.422,7,jul,118.79356752572284,OK,1991,2020,30,CHIRPS_v2,UCSB-CHG/CHIRPS/DAILY,1991-2020,IBGE_2024
2802403,Gararu,SE,661.622,7,jul,102.94639293625531,OK,1991,2020,30,CHIRPS_v2,UCSB-CHG/CHIRPS/DAILY,1991-2020,IBGE_2024
2802601,Graccho Cardoso,SE,240.756,7,jul,141.02776071206387,OK,1991,2020,30,CHIRPS_v2,UCSB-CHG/CHIRPS/DAILY,1991-2020,IBGE_2024
2802205,Feira Nova,SE,194.187,7,jul,130.99800498080646,OK,1991,2020,30,CHIRPS_v2,UCSB-CHG/CHIRPS/DAILY,1991-2020,IBGE_2024
2801207,Canindé de São Francisco,SE,1080.009,7,jul,60.08188498430116,OK,1991,2020,30,CHIRPS_v2,UCSB-CHG/CHIRPS/DAILY,1991-2020,IBGE_2024
2805406,Poço Redondo,SE,1074.584,7,jul,76.09830577833078,OK,1991,2020,30,CHIRPS_v2,UCSB-CHG/CHIRPS/DAILY,1991-2020,IBGE_2024
2805604,Porto da Folha,SE,878.044,7,jul,83.56982590743593,OK,1991,2020,30,CHIRPS_v2,UCSB-CHG/CHIRPS/DAILY,1991-2020,IBGE_2024
2804508,Nossa Senhora da Glória,SE,754.959,7,jul,109.07338763565137,OK,1991,2020,30,CHIRPS_v2,UCSB-CHG/CHIRPS/DAILY,1991-2020,IBGE_2024
2804201,Monte Alegre de Sergipe,SE,387.352,7,jul,91.9367932424021,OK,1991,2020,30,CHIRPS_v2,UCSB-CHG/CHIRPS/DAILY,1991-2020,IBGE_2024
2930709,Simões Filho,BA,201.529,7,jul,182.76225006635462,OK,1991,2020,30,CHIRPS_v2,UCSB-CHG/CHIRPS/DAILY,1991-2020,IBGE_2024
2906501,Candeias,BA,251.808,7,jul,194.09533972373777,OK,1991,2020,30,CHIRPS_v2,UCSB-CHG/CHIRPS/DAILY,1991-2020,IBGE_2024
2905701,Camaçari,BA,785.421,7,jul,184.04819634357426,OK,1991,2020,30,CHIRPS_v2,UCSB-CHG/CHIRPS/DAILY,1991-2020,IBGE_2024
2929503,São Sebastião do Passé,BA,536.678,7,jul,171.8483574328872,OK,1991,2020,30,CHIRPS_v2,UCSB-CHG/CHIRPS/DAILY,1991-2020,IBGE_2024
2929206,São Francisco do Conde,BA,269.737,7,jul,194.3272441523207,OK,1991,2020,30,CHIRPS_v2,UCSB-CHG/CHIRPS/DAILY,1991-2020,IBGE_2024
2921005,Mata de São João,BA,605.169,7,jul,195.4278903784423,OK,1991,2020,30,CHIRPS_v2,UCSB-CHG/CHIRPS/DAILY,1991-2020,IBGE_2024
2919926,Madre de Deus,BA,33.032,7,jul,209.41317909824394,OK,1991,2020,30,CHIRPS_v2,UCSB-CHG/CHIRPS/DAILY,1991-2020,IBGE_2024
2927408,Salvador,BA,692.589,7,jul,182.7299694633684,OK,1991,2020,30,CHIRPS_v2,UCSB-CHG/CHIRPS/DAILY,1991-2020,IBGE_2024
2919207,Lauro de Freitas,BA,57.942,7,jul,135.77333692206065,OK,1991,2020,30,CHIRPS_v2,UCSB-CHG/CHIRPS/DAILY,1991-2020,IBGE_2024
2910057,Dias d'Ávila,BA,183.759,7,jul,193.7100225636713,OK,1991,2020,30,CHIRPS_v2,UCSB-CHG/CHIRPS/DAILY,1991-2020,IBGE_2024
2931707,Terra Nova,BA,193.241,7,jul,143.83168874831284,OK,1991,2020,30,CHIRPS_v2,UCSB-CHG/CHIRPS/DAILY,1991-2020,IBGE_2024
2915908,Itanagra,BA,533.632,7,jul,190.66568198783713,OK,1991,2020,30,CHIRPS_v2,UCSB-CHG/CHIRPS/DAILY,1991-2020,IBGE_2024
2907509,Catu,BA,426.956,7,jul,151.9682740846139,OK,1991,2020,30,CHIRPS_v2,UCSB-CHG/CHIRPS/DAILY,1991-2020,IBGE_2024
2929750,Saubara,BA,166.428,7,jul,194.8939497034627,OK,1991,2020,30,CHIRPS_v2,UCSB-CHG/CHIRPS/DAILY,1991-2020,IBGE_2024
2928604,Santo Amaro,BA,494.502,7,jul,177.81325088810576,OK,1991,2020,30,CHIRPS_v2,UCSB-CHG/CHIRPS/DAILY,1991-2020,IBGE_2024
2925204,Pojuca,BA,314.931,7,jul,179.88323717425288,OK,1991,2020,30,CHIRPS_v2,UCSB-CHG/CHIRPS/DAILY,1991-2020,IBGE_2024
2900702,Alagoinhas,BA,707.836,7,jul,128.21916018721325,OK,1991,2020,30,CHIRPS_v2,UCSB-CHG/CHIRPS/DAILY,1991-2020,IBGE_2024
2909604,Crisópolis,BA,636.609,7,jul,90.39618884251787,OK,1991,2020,30,CHIRPS_v2,UCSB-CHG/CHIRPS/DAILY,1991-2020,IBGE_2024
2924108,Pedrão,BA,158.487,7,jul,116.71421594282513,OK,1991,2020,30,CHIRPS_v2,UCSB-CHG/CHIRPS/DAILY,1991-2020,IBGE_2024
2916500,Itapicuru,BA,1557.688,7,jul,88.28135872470011,OK,1991,2020,30,CHIRPS_v2,UCSB-CHG/CHIRPS/DAILY,1991-2020,IBGE_2024
2900306,Acajutiba,BA,181.475,7,jul,119.0371321097052,OK,1991,2020,30,CHIRPS_v2,UCSB-CHG/CHIRPS/DAILY,1991-2020,IBGE_2024
2908606,Conde,BA,931.106,7,jul,177.61871782370773,OK,1991,2020,30,CHIRPS_v2,UCSB-CHG/CHIRPS/DAILY,1991-2020,IBGE_2024
2931400,Teodoro Sampaio,BA,244.613,7,jul,121.54679113305386,OK,1991,2020,30,CHIRPS_v2,UCSB-CHG/CHIRPS/DAILY,1991-2020,IBGE_2024
2907004,Cardeal da Silva,BA,293.456,7,jul,173.64406597372195,OK,1991,2020,30,CHIRPS_v2,UCSB-CHG/CHIRPS/DAILY,1991-2020,IBGE_2024
2929701,Sátiro Dias,BA,949.223,7,jul,84.8725873192335,OK,1991,2020,30,CHIRPS_v2,UCSB-CHG/CHIRPS/DAILY,1991-2020,IBGE_2024
2913705,Inhambupe,BA,1082.283,7,jul,101.90814163218884,OK,1991,2020,30,CHIRPS_v2,UCSB-CHG/CHIRPS/DAILY,1991-2020,IBGE_2024
2927002,Rio Real,BA,739.776,7,jul,126.72845778907157,OK,1991,2020,30,CHIRPS_v2,UCSB-CHG/CHIRPS/DAILY,1991-2020,IBGE_2024
2910503,Entre Rios,BA,1187.767,7,jul,153.3350377489875,OK,1991,2020,30,CHIRPS_v2,UCSB-CHG/CHIRPS/DAILY,1991-2020,IBGE_2024
2902203,Aramari,BA,368.947,7,jul,117.26450423589677,OK,1991,2020,30,CHIRPS_v2,UCSB-CHG/CHIRPS/DAILY,1991-2020,IBGE_2024
2910602,Esplanada,BA,1299.356,7,jul,168.19900809678538,OK,1991,2020,30,CHIRPS_v2,UCSB-CHG/CHIRPS/DAILY,1991-2020,IBGE_2024
2902054,Araçás,BA,474.577,7,jul,147.849836689732,OK,1991,2020,30,CHIRPS_v2,UCSB-CHG/CHIRPS/DAILY,1991-2020,IBGE_2024
2901908,Aporá,BA,479.262,7,jul,95.71352106460182,OK,1991,2020,30,CHIRPS_v2,UCSB-CHG/CHIRPS/DAILY,1991-2020,IBGE_2024
2917904,Jandaíra,BA,640.772,7,jul,172.51124296452477,OK,1991,2020,30,CHIRPS_v2,UCSB-CHG/CHIRPS/DAILY,1991-2020,IBGE_2024
2933174,Varzedo,BA,221.399,7,jul,98.11603723184126,OK,1991,2020,30,CHIRPS_v2,UCSB-CHG/CHIRPS/DAILY,1991-2020,IBGE_2024
2901007,Amargosa,BA,431.654,7,jul,73.99113336729017,OK,1991,2020,30,CHIRPS_v2,UCSB-CHG/CHIRPS/DAILY,1991-2020,IBGE_2024
2932101,Ubaíra,BA,663.892,7,jul,75.43323660518217,OK,1991,2020,30,CHIRPS_v2,UCSB-CHG/CHIRPS/DAILY,1991-2020,IBGE_2024
2922805,Nova Itarana,BA,475.381,7,jul,42.57359704758795,OK,1991,2020,30,CHIRPS_v2,UCSB-CHG/CHIRPS/DAILY,1991-2020,IBGE_2024
2922201,Muniz Ferreira,BA,104.54,7,jul,164.09670286371008,OK,1991,2020,30,CHIRPS_v2,UCSB-CHG/CHIRPS/DAILY,1991-2020,IBGE_2024
2922409,Mutuípe,BA,275.854,7,jul,104.20471443688203,OK,1991,2020,30,CHIRPS_v2,UCSB-CHG/CHIRPS/DAILY,1991-2020,IBGE_2024
2929404,São Miguel das Matas,BA,230.906,7,jul,97.87811582988134,OK,1991,2020,30,CHIRPS_v2,UCSB-CHG/CHIRPS/DAILY,1991-2020,IBGE_2024
2921302,Milagres,BA,420.357,7,jul,57.87208676930063,OK,1991,2020,30,CHIRPS_v2,UCSB-CHG/CHIRPS/DAILY,1991-2020,IBGE_2024
2904308,Brejões,BA,518.566,7,jul,57.837681377442024,OK,1991,2020,30,CHIRPS_v2,UCSB-CHG/CHIRPS/DAILY,1991-2020,IBGE_2024
2928703,Santo Antônio de Jesus,BA,261.74,7,jul,132.57895415680548,OK,1991,2020,30,CHIRPS_v2,UCSB-CHG/CHIRPS/DAILY,1991-2020,IBGE_2024
2918803,Laje,BA,449.835,7,jul,122.80966218918489,OK,1991,2020,30,CHIRPS_v2,UCSB-CHG/CHIRPS/DAILY,1991-2020,IBGE_2024
2918209,Jiquiriçá,BA,238.66,7,jul,88.81396613247874,OK,1991,2020,30,CHIRPS_v2,UCSB-CHG/CHIRPS/DAILY,1991-2020,IBGE_2024
2910305,Elísio Medrado,BA,179.329,7,jul,72.6612006867414,OK,1991,2020,30,CHIRPS_v2,UCSB-CHG/CHIRPS/DAILY,1991-2020,IBGE_2024
2910206,Dom Macedo Costa,BA,94.778,7,jul,138.27560379308719,OK,1991,2020,30,CHIRPS_v2,UCSB-CHG/CHIRPS/DAILY,1991-2020,IBGE_2024
2908309,Conceição do Almeida,BA,284.837,7,jul,112.28725127030211,OK,1991,2020,30,CHIRPS_v2,UCSB-CHG/CHIRPS/DAILY,1991-2020,IBGE_2024
2916856,Itatim,BA,547.509,7,jul,53.39791598415455,OK,1991,2020,30,CHIRPS_v2,UCSB-CHG/CHIRPS/DAILY,1991-2020,IBGE_2024
2907301,Castro Alves,BA,713.789,7,jul,69.76405390011313,OK,1991,2020,30,CHIRPS_v2,UCSB-CHG/CHIRPS/DAILY,1991-2020,IBGE_2024
2922300,Muritiba,BA,86.311,7,jul,106.93104320441066,OK,1991,2020,30,CHIRPS_v2,UCSB-CHG/CHIRPS/DAILY,1991-2020,IBGE_2024
2929602,Sapeaçu,BA,131.218,7,jul,94.55814962064116,OK,1991,2020,30,CHIRPS_v2,UCSB-CHG/CHIRPS/DAILY,1991-2020,IBGE_2024
2904902,Cachoeira,BA,394.893,7,jul,158.76900884430037,OK,1991,2020,30,CHIRPS_v2,UCSB-CHG/CHIRPS/DAILY,1991-2020,IBGE_2024
2929107,São Felipe,BA,222.407,7,jul,141.2798520763715,OK,1991,2020,30,CHIRPS_v2,UCSB-CHG/CHIRPS/DAILY,1991-2020,IBGE_2024
2904852,Cabaceiras do Paraguaçu,BA,222.027,7,jul,79.65874151523377,OK,1991,2020,30,CHIRPS_v2,UCSB-CHG/CHIRPS/DAILY,1991-2020,IBGE_2024
2929008,São Félix,BA,103.226,7,jul,131.09597491267346,OK,1991,2020,30,CHIRPS_v2,UCSB-CHG/CHIRPS/DAILY,1991-2020,IBGE_2024
2928505,Santa Terezinha,BA,719.258,7,jul,49.25004810660061,OK,1991,2020,30,CHIRPS_v2,UCSB-CHG/CHIRPS/DAILY,1991-2020,IBGE_2024
2911600,Governador Mangabeira,BA,106.848,7,jul,102.90245624893936,OK,1991,2020,30,CHIRPS_v2,UCSB-CHG/CHIRPS/DAILY,1991-2020,IBGE_2024
2909802,Cruz das Almas,BA,139.118,7,jul,111.33973740757256,OK,1991,2020,30,CHIRPS_v2,UCSB-CHG/CHIRPS/DAILY,1991-2020,IBGE_2024
2932903,Valença,BA,1123.975,7,jul,166.2500977455095,OK,1991,2020,30,CHIRPS_v2,UCSB-CHG/CHIRPS/DAILY,1991-2020,IBGE_2024
2917300,Ituberá,BA,415.428,7,jul,179.8896723061253,OK,1991,2020,30,CHIRPS_v2,UCSB-CHG/CHIRPS/DAILY,1991-2020,IBGE_2024
2922607,Nilo Peçanha,BA,388.936,7,jul,175.26981375191383,OK,1991,2020,30,CHIRPS_v2,UCSB-CHG/CHIRPS/DAILY,1991-2020,IBGE_2024
2931202,Taperoá,BA,454.081,7,jul,163.9422225105435,OK,1991,2020,30,CHIRPS_v2,UCSB-CHG/CHIRPS/DAILY,1991-2020,IBGE_2024
2905800,Camamu,BA,839.702,7,jul,164.84691601739567,OK,1991,2020,30,CHIRPS_v2,UCSB-CHG/CHIRPS/DAILY,1991-2020,IBGE_2024
2905404,Cairu,BA,448.846,7,jul,205.90749880101404,OK,1991,2020,30,CHIRPS_v2,UCSB-CHG/CHIRPS/DAILY,1991-2020,IBGE_2024
2913457,Igrapiúna,BA,591.312,7,jul,165.36844148898624,OK,1991,2020,30,CHIRPS_v2,UCSB-CHG/CHIRPS/DAILY,1991-2020,IBGE_2024
2925758,Presidente Tancredo Neves,BA,441.82,7,jul,129.64637712692158,OK,1991,2020,30,CHIRPS_v2,UCSB-CHG/CHIRPS/DAILY,1991-2020,IBGE_2024
2917805,Jaguaripe,BA,863.424,7,jul,181.98467561834386,OK,1991,2020,30,CHIRPS_v2,UCSB-CHG/CHIRPS/DAILY,1991-2020,IBGE_2024
2933208,Vera Cruz,BA,297.537,7,jul,218.5561660946415,OK,1991,2020,30,CHIRPS_v2,UCSB-CHG/CHIRPS/DAILY,1991-2020,IBGE_2024
2916104,Itaparica,BA,121.373,7,jul,202.95039881354842,OK,1991,2020,30,CHIRPS_v2,UCSB-CHG/CHIRPS/DAILY,1991-2020,IBGE_2024
2922508,Nazaré,BA,278.63,7,jul,171.28015252665398,OK,1991,2020,30,CHIRPS_v2,UCSB-CHG/CHIRPS/DAILY,1991-2020,IBGE_2024
2920601,Maragogipe,BA,437.61,7,jul,161.65957478257292,OK,1991,2020,30,CHIRPS_v2,UCSB-CHG/CHIRPS/DAILY,1991-2020,IBGE_2024
2927309,Salinas da Margarida,BA,150.569,7,jul,195.79452103684898,OK,1991,2020,30,CHIRPS_v2,UCSB-CHG/CHIRPS/DAILY,1991-2020,IBGE_2024
2902302,Aratuípe,BA,174.012,7,jul,165.13485238576504,OK,1991,2020,30,CHIRPS_v2,UCSB-CHG/CHIRPS/DAILY,1991-2020,IBGE_2024
2914802,Itabuna,BA,401.028,7,jul,129.27145241828052,OK,1991,2020,30,CHIRPS_v2,UCSB-CHG/CHIRPS/DAILY,1991-2020,IBGE_2024
2913606,Ilhéus,BA,1588.556,7,jul,151.26656876477134,OK,1991,2020,30,CHIRPS_v2,UCSB-CHG/CHIRPS/DAILY,1991-2020,IBGE_2024
2900900,Almadina,BA,245.236,7,jul,98.71522439361074,OK,1991,2020,30,CHIRPS_v2,UCSB-CHG/CHIRPS/DAILY,1991-2020,IBGE_2024
2916609,Itapitanga,BA,420.664,7,jul,83.7470518268111,OK,1991,2020,30,CHIRPS_v2,UCSB-CHG/CHIRPS/DAILY,1991-2020,IBGE_2024
2932705,Uruçuca,BA,510.097,7,jul,149.60222430304114,OK,1991,2020,30,CHIRPS_v2,UCSB-CHG/CHIRPS/DAILY,1991-2020,IBGE_2024
2932200,Ubaitaba,BA,181.102,7,jul,121.48470974337178,OK,1991,2020,30,CHIRPS_v2,UCSB-CHG/CHIRPS/DAILY,1991-2020,IBGE_2024
2916203,Itapé,BA,452.716,7,jul,90.0524797703596,OK,1991,2020,30,CHIRPS_v2,UCSB-CHG/CHIRPS/DAILY,1991-2020,IBGE_2024
2908002,Coaraci,BA,274.501,7,jul,102.69435404834017,OK,1991,2020,30,CHIRPS_v2,UCSB-CHG/CHIRPS/DAILY,1991-2020,IBGE_2024
2915403,Itaju do Colônia,BA,1226.908,7,jul,58.86998680649209,OK,1991,2020,30,CHIRPS_v2,UCSB-CHG/CHIRPS/DAILY,1991-2020,IBGE_2024
2915502,Itajuípe,BA,270.752,7,jul,129.78921728378162,OK,1991,2020,30,CHIRPS_v2,UCSB-CHG/CHIRPS/DAILY,1991-2020,IBGE_2024
2914901,Itacaré,BA,726.265,7,jul,154.640555425951,OK,1991,2020,30,CHIRPS_v2,UCSB-CHG/CHIRPS/DAILY,1991-2020,IBGE_2024
2929354,São José da Vitória,BA,127.925,7,jul,129.958599949138,OK,1991,2020,30,CHIRPS_v2,UCSB-CHG/CHIRPS/DAILY,1991-2020,IBGE_2024
2920700,Maraú,BA,848.885,7,jul,163.08728263533047,OK,1991,2020,30,CHIRPS_v2,UCSB-CHG/CHIRPS/DAILY,1991-2020,IBGE_2024
2904704,Buerarema,BA,219.487,7,jul,139.25204068729354,OK,1991,2020,30,CHIRPS_v2,UCSB-CHG/CHIRPS/DAILY,1991-2020,IBGE_2024
2912707,Ibirapitanga,BA,472.664,7,jul,123.96615365319714,OK,1991,2020,30,CHIRPS_v2,UCSB-CHG/CHIRPS/DAILY,1991-2020,IBGE_2024
2927804,Santa Cruz da Vitória,BA,284.083,7,jul,64.90916721488193,OK,1991,2020,30,CHIRPS_v2,UCSB-CHG/CHIRPS/DAILY,1991-2020,IBGE_2024
2912301,Ibicuí,BA,1139.378,7,jul,68.92014115816487,OK,1991,2020,30,CHIRPS_v2,UCSB-CHG/CHIRPS/DAILY,1991-2020,IBGE_2024
2912103,Ibicaraí,BA,230.953,7,jul,92.23637378298957,OK,1991,2020,30,CHIRPS_v2,UCSB-CHG/CHIRPS/DAILY,1991-2020,IBGE_2024
2903300,Barro Preto,BA,201.585,7,jul,123.09248823156723,OK,1991,2020,30,CHIRPS_v2,UCSB-CHG/CHIRPS/DAILY,1991-2020,IBGE_2024
2911006,Floresta Azul,BA,321.013,7,jul,73.91042080410432,OK,1991,2020,30,CHIRPS_v2,UCSB-CHG/CHIRPS/DAILY,1991-2020,IBGE_2024
2910909,Firmino Alves,BA,172.353,7,jul,64.88625200866488,OK,1991,2020,30,CHIRPS_v2,UCSB-CHG/CHIRPS/DAILY,1991-2020,IBGE_2024
2902401,Aurelino Leal,BA,445.394,7,jul,106.505897833009,OK,1991,2020,30,CHIRPS_v2,UCSB-CHG/CHIRPS/DAILY,1991-2020,IBGE_2024
2931350,Teixeira de Freitas,BA,1165.618,7,jul,85.29638149284429,OK,1991,2020,30,CHIRPS_v2,UCSB-CHG/CHIRPS/DAILY,1991-2020,IBGE_2024
2900801,Alcobaça,BA,1477.929,7,jul,105.75840455142522,OK,1991,2020,30,CHIRPS_v2,UCSB-CHG/CHIRPS/DAILY,1991-2020,IBGE_2024
2933257,Vereda,BA,782.159,7,jul,66.34854041831488,OK,1991,2020,30,CHIRPS_v2,UCSB-CHG/CHIRPS/DAILY,1991-2020,IBGE_2024
2916005,Itanhém,BA,1394.174,7,jul,45.74921020739353,OK,1991,2020,30,CHIRPS_v2,UCSB-CHG/CHIRPS/DAILY,1991-2020,IBGE_2024
2915601,Itamaraju,BA,2360.584,7,jul,75.56709837279199,OK,1991,2020,30,CHIRPS_v2,UCSB-CHG/CHIRPS/DAILY,1991-2020,IBGE_2024
2923001,Nova Viçosa,BA,1316.398,7,jul,79.73109488563136,OK,1991,2020,30,CHIRPS_v2,UCSB-CHG/CHIRPS/DAILY,1991-2020,IBGE_2024
2906907,Caravelas,BA,2375.525,7,jul,86.45758623363965,OK,1991,2020,30,CHIRPS_v2,UCSB-CHG/CHIRPS/DAILY,1991-2020,IBGE_2024
2922003,Mucuri,BA,1787.422,7,jul,72.84437067714836,OK,1991,2020,30,CHIRPS_v2,UCSB-CHG/CHIRPS/DAILY,1991-2020,IBGE_2024
2921104,Medeiros Neto,BA,1314.108,7,jul,55.07657625365269,OK,1991,2020,30,CHIRPS_v2,UCSB-CHG/CHIRPS/DAILY,1991-2020,IBGE_2024
2912806,Ibirapuã,BA,770.866,7,jul,70.33520653044908,OK,1991,2020,30,CHIRPS_v2,UCSB-CHG/CHIRPS/DAILY,1991-2020,IBGE_2024
2918902,Lajedão,BA,624.77,7,jul,47.50476446661763,OK,1991,2020,30,CHIRPS_v2,UCSB-CHG/CHIRPS/DAILY,1991-2020,IBGE_2024
2918456,Jucuruçu,BA,1457.656,7,jul,49.39608262505136,OK,1991,2020,30,CHIRPS_v2,UCSB-CHG/CHIRPS/DAILY,1991-2020,IBGE_2024
2925501,Prado,BA,1692.1,7,jul,108.68178427524973,OK,1991,2020,30,CHIRPS_v2,UCSB-CHG/CHIRPS/DAILY,1991-2020,IBGE_2024
2910727,Eunápolis,BA,1425.979,7,jul,73.79732248385521,OK,1991,2020,30,CHIRPS_v2,UCSB-CHG/CHIRPS/DAILY,1991-2020,IBGE_2024
2925303,Porto Seguro,BA,2285.734,7,jul,112.81706387150594,OK,1991,2020,30,CHIRPS_v2,UCSB-CHG/CHIRPS/DAILY,1991-2020,IBGE_2024
2916302,Itapebi,BA,1031.879,7,jul,72.5884460384628,OK,1991,2020,30,CHIRPS_v2,UCSB-CHG/CHIRPS/DAILY,1991-2020,IBGE_2024
2915304,Itagimirim,BA,876.791,7,jul,58.23585036812604,OK,1991,2020,30,CHIRPS_v2,UCSB-CHG/CHIRPS/DAILY,1991-2020,IBGE_2024
2914653,Itabela,BA,924.914,7,jul,89.51669293863112,OK,1991,2020,30,CHIRPS_v2,UCSB-CHG/CHIRPS/DAILY,1991-2020,IBGE_2024
2927705,Santa Cruz Cabrália,BA,1462.958,7,jul,121.70376276992334,OK,1991,2020,30,CHIRPS_v2,UCSB-CHG/CHIRPS/DAILY,1991-2020,IBGE_2024
2911808,Guaratinga,BA,2189.404,7,jul,60.12862633390304,OK,1991,2020,30,CHIRPS_v2,UCSB-CHG/CHIRPS/DAILY,1991-2020,IBGE_2024
2903409,Belmonte,BA,1920.631,7,jul,131.36503412152933,OK,1991,2020,30,CHIRPS_v2,UCSB-CHG/CHIRPS/DAILY,1991-2020,IBGE_2024
2932507,Una,BA,1126.733,7,jul,151.36376107205126,OK,1991,2020,30,CHIRPS_v2,UCSB-CHG/CHIRPS/DAILY,1991-2020,IBGE_2024
2923902,Pau Brasil,BA,626.306,7,jul,52.287818825536014,OK,1991,2020,30,CHIRPS_v2,UCSB-CHG/CHIRPS/DAILY,1991-2020,IBGE_2024
2906303,Canavieiras,BA,1334.279,7,jul,132.34374826884218,OK,1991,2020,30,CHIRPS_v2,UCSB-CHG/CHIRPS/DAILY,1991-2020,IBGE_2024
2905602,Camacan,BA,584.848,7,jul,95.09928331142687,OK,1991,2020,30,CHIRPS_v2,UCSB-CHG/CHIRPS/DAILY,1991-2020,IBGE_2024
2920908,Mascote,BA,742.689,7,jul,104.10576643684179,OK,1991,2020,30,CHIRPS_v2,UCSB-CHG/CHIRPS/DAILY,1991-2020,IBGE_2024
2928059,Santa Luzia,BA,824.473,7,jul,129.8246695499512,OK,1991,2020,30,CHIRPS_v2,UCSB-CHG/CHIRPS/DAILY,1991-2020,IBGE_2024
2918555,Jussari,BA,327.998,7,jul,105.628590137744,OK,1991,2020,30,CHIRPS_v2,UCSB-CHG/CHIRPS/DAILY,1991-2020,IBGE_2024
2902252,Arataca,BA,435.962,7,jul,127.1306550268415,OK,1991,2020,30,CHIRPS_v2,UCSB-CHG/CHIRPS/DAILY,1991-2020,IBGE_2024
2933307,Vitória da Conquista,BA,3254.186,7,jul,20.931365405795997,OK,1991,2020,30,CHIRPS_v2,UCSB-CHG/CHIRPS/DAILY,1991-2020,IBGE_2024
2924702,Piripá,BA,504.396,7,jul,8.254571858504127,OK,1991,2020,30,CHIRPS_v2,UCSB-CHG/CHIRPS/DAILY,1991-2020,IBGE_2024
2925006,Planalto,BA,769.001,7,jul,33.187299867898595,OK,1991,2020,30,CHIRPS_v2,UCSB-CHG/CHIRPS/DAILY,1991-2020,IBGE_2024
2908804,Contendas do Sincorá,BA,977.455,7,jul,12.496134841568805,OK,1991,2020,30,CHIRPS_v2,UCSB-CHG/CHIRPS/DAILY,1991-2020,IBGE_2024
2925105,Poções,BA,937.856,7,jul,24.087167002918545,OK,1991,2020,30,CHIRPS_v2,UCSB-CHG/CHIRPS/DAILY,1991-2020,IBGE_2024
2917201,Ituaçu,BA,1199.374,7,jul,10.575019054732966,OK,1991,2020,30,CHIRPS_v2,UCSB-CHG/CHIRPS/DAILY,1991-2020,IBGE_2024
2909000,Cordeiros,BA,523.64,7,jul,4.488520015199087,OK,1991,2020,30,CHIRPS_v2,UCSB-CHG/CHIRPS/DAILY,1991-2020,IBGE_2024
2908705,Condeúba,BA,1348.039,7,jul,2.8616623824998166,OK,1991,2020,30,CHIRPS_v2,UCSB-CHG/CHIRPS/DAILY,1991-2020,IBGE_2024
2931806,Tremedal,BA,2017.644,7,jul,8.73357994443077,OK,1991,2020,30,CHIRPS_v2,UCSB-CHG/CHIRPS/DAILY,1991-2020,IBGE_2024
2915809,Itambé,BA,1534.58,7,jul,31.507136601223614,OK,1991,2020,30,CHIRPS_v2,UCSB-CHG/CHIRPS/DAILY,1991-2020,IBGE_2024
2922706,Nova Canaã,BA,804.617,7,jul,45.144334576702676,OK,1991,2020,30,CHIRPS_v2,UCSB-CHG/CHIRPS/DAILY,1991-2020,IBGE_2024
2931004,Tanhaçu,BA,1277.514,7,jul,4.183614325582548,OK,1991,2020,30,CHIRPS_v2,UCSB-CHG/CHIRPS/DAILY,1991-2020,IBGE_2024
2906899,Caraíbas,BA,805.629,7,jul,5.371265243209223,OK,1991,2020,30,CHIRPS_v2,UCSB-CHG/CHIRPS/DAILY,1991-2020,IBGE_2024
2906709,Cândido Sales,BA,1169.814,7,jul,13.5693418840122,OK,1991,2020,30,CHIRPS_v2,UCSB-CHG/CHIRPS/DAILY,1991-2020,IBGE_2024
2914307,Iramaia,BA,1708.114,7,jul,15.786398622817266,OK,1991,2020,30,CHIRPS_v2,UCSB-CHG/CHIRPS/DAILY,1991-2020,IBGE_2024
2913507,Iguaí,BA,860.223,7,jul,55.964663146252434,OK,1991,2020,30,CHIRPS_v2,UCSB-CHG/CHIRPS/DAILY,1991-2020,IBGE_2024
2921450,Mirante,BA,1172.861,7,jul,9.764364974896868,OK,1991,2020,30,CHIRPS_v2,UCSB-CHG/CHIRPS/DAILY,1991-2020,IBGE_2024
2904803,Caatiba,BA,512.436,7,jul,40.323423533307796,OK,1991,2020,30,CHIRPS_v2,UCSB-CHG/CHIRPS/DAILY,1991-2020,IBGE_2024
2905156,Caetanos,BA,767.144,7,jul,7.085945985904169,OK,1991,2020,30,CHIRPS_v2,UCSB-CHG/CHIRPS/DAILY,1991-2020,IBGE_2024
2919959,Maetinga,BA,614.834,7,jul,8.635492713482346,OK,1991,2020,30,CHIRPS_v2,UCSB-CHG/CHIRPS/DAILY,1991-2020,IBGE_2024
2903706,Boa Nova,BA,848.857,7,jul,30.676160230052865,OK,1991,2020,30,CHIRPS_v2,UCSB-CHG/CHIRPS/DAILY,1991-2020,IBGE_2024
2912202,Ibicoara,BA,817.355,7,jul,22.70607450077735,OK,1991,2020,30,CHIRPS_v2,UCSB-CHG/CHIRPS/DAILY,1991-2020,IBGE_2024
2903953,Bom Jesus da Serra,BA,467.907,7,jul,13.7981890911152,OK,1991,2020,30,CHIRPS_v2,UCSB-CHG/CHIRPS/DAILY,1991-2020,IBGE_2024
2903508,Belo Campo,BA,772.757,7,jul,8.604517516025929,OK,1991,2020,30,CHIRPS_v2,UCSB-CHG/CHIRPS/DAILY,1991-2020,IBGE_2024
2902807,Barra da Estiva,BA,1657.414,7,jul,19.359737232597976,OK,1991,2020,30,CHIRPS_v2,UCSB-CHG/CHIRPS/DAILY,1991-2020,IBGE_2024
2902906,Barra do Choça,BA,765.931,7,jul,37.167210866501186,OK,1991,2020,30,CHIRPS_v2,UCSB-CHG/CHIRPS/DAILY,1991-2020,IBGE_2024
2926657,Ribeirão do Largo,BA,1363.7,7,jul,38.35365861348954,OK,1991,2020,30,CHIRPS_v2,UCSB-CHG/CHIRPS/DAILY,1991-2020,IBGE_2024
2910404,Encruzilhada,BA,1890.133,7,jul,28.673783426987633,OK,1991,2020,30,CHIRPS_v2,UCSB-CHG/CHIRPS/DAILY,1991-2020,IBGE_2024
2925709,Presidente Jânio Quadros,BA,1208.566,7,jul,6.019698242960793,OK,1991,2020,30,CHIRPS_v2,UCSB-CHG/CHIRPS/DAILY,1991-2020,IBGE_2024
2901205,Anagé,BA,1899.685,7,jul,11.90600390273963,OK,1991,2020,30,CHIRPS_v2,UCSB-CHG/CHIRPS/DAILY,1991-2020,IBGE_2024
2918001,Jequié,BA,2969.039,7,jul,38.65283811155233,OK,1991,2020,30,CHIRPS_v2,UCSB-CHG/CHIRPS/DAILY,1991-2020,IBGE_2024
2900603,Aiquara,BA,167.877,7,jul,71.674896849752,OK,1991,2020,30,CHIRPS_v2,UCSB-CHG/CHIRPS/DAILY,1991-2020,IBGE_2024
2924900,Planaltino,BA,955.454,7,jul,31.588325157920742,OK,1991,2020,30,CHIRPS_v2,UCSB-CHG/CHIRPS/DAILY,1991-2020,IBGE_2024
2916906,Itiruçu,BA,322.243,7,jul,37.61150996131245,OK,1991,2020,30,CHIRPS_v2,UCSB-CHG/CHIRPS/DAILY,1991-2020,IBGE_2024
2916708,Itaquara,BA,344.093,7,jul,59.526315710036876,OK,1991,2020,30,CHIRPS_v2,UCSB-CHG/CHIRPS/DAILY,1991-2020,IBGE_2024
2915106,Itagi,BA,310.621,7,jul,59.12379334429834,OK,1991,2020,30,CHIRPS_v2,UCSB-CHG/CHIRPS/DAILY,1991-2020,IBGE_2024
2914208,Irajuba,BA,459.047,7,jul,44.65973004432434,OK,1991,2020,30,CHIRPS_v2,UCSB-CHG/CHIRPS/DAILY,1991-2020,IBGE_2024
2920403,Manoel Vitorino,BA,2201.763,7,jul,14.4283952421,OK,1991,2020,30,CHIRPS_v2,UCSB-CHG/CHIRPS/DAILY,1991-2020,IBGE_2024
2920502,Maracás,BA,2413.27,7,jul,20.194020992314154,OK,1991,2020,30,CHIRPS_v2,UCSB-CHG/CHIRPS/DAILY,1991-2020,IBGE_2024
2927903,Santa Inês,BA,374.526,7,jul,61.57846269146898,OK,1991,2020,30,CHIRPS_v2,UCSB-CHG/CHIRPS/DAILY,1991-2020,IBGE_2024
2919058,Lajedo do Tabocal,BA,382.937,7,jul,33.69695957718016,OK,1991,2020,30,CHIRPS_v2,UCSB-CHG/CHIRPS/DAILY,1991-2020,IBGE_2024
2918704,Lafaiete Coutinho,BA,498.11,7,jul,32.87295502514875,OK,1991,2020,30,CHIRPS_v2,UCSB-CHG/CHIRPS/DAILY,1991-2020,IBGE_2024
2918308,Jitaúna,BA,262.05,7,jul,75.40427534007428,OK,1991,2020,30,CHIRPS_v2,UCSB-CHG/CHIRPS/DAILY,1991-2020,IBGE_2024
2901957,Apuarema,BA,150.83,7,jul,86.37578188228237,OK,1991,2020,30,CHIRPS_v2,UCSB-CHG/CHIRPS/DAILY,1991-2020,IBGE_2024
2917607,Jaguaquara,BA,924.512,7,jul,60.0226790829233,OK,1991,2020,30,CHIRPS_v2,UCSB-CHG/CHIRPS/DAILY,1991-2020,IBGE_2024
2909505,Cravolândia,BA,182.518,7,jul,74.99708480733452,OK,1991,2020,30,CHIRPS_v2,UCSB-CHG/CHIRPS/DAILY,1991-2020,IBGE_2024
2900108,Abaíra,BA,538.679,7,jul,19.749609134975408,OK,1991,2020,30,CHIRPS_v2,UCSB-CHG/CHIRPS/DAILY,1991-2020,IBGE_2024
2900504,Érico Cardoso,BA,735.249,7,jul,4.361683645449751,OK,1991,2020,30,CHIRPS_v2,UCSB-CHG/CHIRPS/DAILY,1991-2020,IBGE_2024
2923605,Paramirim,BA,1087.067,7,jul,2.428463190350571,OK,1991,2020,30,CHIRPS_v2,UCSB-CHG/CHIRPS/DAILY,1991-2020,IBGE_2024
2907558,Caturama,BA,716.254,7,jul,0.42002480122529917,OK,1991,2020,30,CHIRPS_v2,UCSB-CHG/CHIRPS/DAILY,1991-2020,IBGE_2024
2920304,Malhada de Pedras,BA,550.82,7,jul,4.990697308079823,OK,1991,2020,30,CHIRPS_v2,UCSB-CHG/CHIRPS/DAILY,1991-2020,IBGE_2024
2904605,Brumado,BA,2207.613,7,jul,4.446247291810436,OK,1991,2020,30,CHIRPS_v2,UCSB-CHG/CHIRPS/DAILY,1991-2020,IBGE_2024
2919504,Livramento de Nossa Senhora,BA,1952.51,7,jul,5.115210163034591,OK,1991,2020,30,CHIRPS_v2,UCSB-CHG/CHIRPS/DAILY,1991-2020,IBGE_2024
2918605,Jussiape,BA,589.763,7,jul,14.880705811970733,OK,1991,2020,30,CHIRPS_v2,UCSB-CHG/CHIRPS/DAILY,1991-2020,IBGE_2024
2926905,Rio do Pires,BA,656.223,7,jul,6.922806710165588,OK,1991,2020,30,CHIRPS_v2,UCSB-CHG/CHIRPS/DAILY,1991-2020,IBGE_2024
2926707,Rio de Contas,BA,1115.252,7,jul,12.600241979251729,OK,1991,2020,30,CHIRPS_v2,UCSB-CHG/CHIRPS/DAILY,1991-2020,IBGE_2024
2902005,Aracatu,BA,1489.804,7,jul,3.471146305033177,OK,1991,2020,30,CHIRPS_v2,UCSB-CHG/CHIRPS/DAILY,1991-2020,IBGE_2024
2910107,Dom Basílio,BA,689.513,7,jul,2.8682745246786285,OK,1991,2020,30,CHIRPS_v2,UCSB-CHG/CHIRPS/DAILY,1991-2020,IBGE_2024
2924678,Piraí do Norte,BA,193.427,7,jul,135.31742199672618,OK,1991,2020,30,CHIRPS_v2,UCSB-CHG/CHIRPS/DAILY,1991-2020,IBGE_2024
2932309,Ubatã,BA,177.643,7,jul,108.81400728775986,OK,1991,2020,30,CHIRPS_v2,UCSB-CHG/CHIRPS/DAILY,1991-2020,IBGE_2024
2931608,Teolândia,BA,289.782,7,jul,119.97803200185056,OK,1991,2020,30,CHIRPS_v2,UCSB-CHG/CHIRPS/DAILY,1991-2020,IBGE_2024
2922755,Nova Ibiá,BA,203.2,7,jul,109.07411679290186,OK,1991,2020,30,CHIRPS_v2,UCSB-CHG/CHIRPS/DAILY,1991-2020,IBGE_2024
2915700,Itamari,BA,143.479,7,jul,94.56928055163337,OK,1991,2020,30,CHIRPS_v2,UCSB-CHG/CHIRPS/DAILY,1991-2020,IBGE_2024
2915205,Itagibá,BA,810.994,7,jul,73.03414556876903,OK,1991,2020,30,CHIRPS_v2,UCSB-CHG/CHIRPS/DAILY,1991-2020,IBGE_2024
2913903,Ipiaú,BA,280.454,7,jul,89.14617182475897,OK,1991,2020,30,CHIRPS_v2,UCSB-CHG/CHIRPS/DAILY,1991-2020,IBGE_2024
2912905,Ibirataia,BA,318.129,7,jul,101.40800973603385,OK,1991,2020,30,CHIRPS_v2,UCSB-CHG/CHIRPS/DAILY,1991-2020,IBGE_2024
2911501,Gongogi,BA,202.194,7,jul,95.09507918694221,OK,1991,2020,30,CHIRPS_v2,UCSB-CHG/CHIRPS/DAILY,1991-2020,IBGE_2024
2911204,Gandu,BA,229.66,7,jul,117.46601123415908,OK,1991,2020,30,CHIRPS_v2,UCSB-CHG/CHIRPS/DAILY,1991-2020,IBGE_2024
2903102,Barra do Rocha,BA,214.411,7,jul,100.9033482030767,OK,1991,2020,30,CHIRPS_v2,UCSB-CHG/CHIRPS/DAILY,1991-2020,IBGE_2024
2910008,Dário Meira,BA,413.637,7,jul,65.91186667755444,OK,1991,2020,30,CHIRPS_v2,UCSB-CHG/CHIRPS/DAILY,1991-2020,IBGE_2024
2933505,Wenceslau Guimarães,BA,655.056,7,jul,106.15433076364508,OK,1991,2020,30,CHIRPS_v2,UCSB-CHG/CHIRPS/DAILY,1991-2020,IBGE_2024
2917102,Itororó,BA,313.839,7,jul,55.43434956138855,OK,1991,2020,30,CHIRPS_v2,UCSB-CHG/CHIRPS/DAILY,1991-2020,IBGE_2024
2916807,Itarantim,BA,1674.03,7,jul,19.741208545338623,OK,1991,2020,30,CHIRPS_v2,UCSB-CHG/CHIRPS/DAILY,1991-2020,IBGE_2024
2916401,Itapetinga,BA,1651.158,7,jul,31.14184958925104,OK,1991,2020,30,CHIRPS_v2,UCSB-CHG/CHIRPS/DAILY,1991-2020,IBGE_2024
2920007,Maiquinique,BA,588.296,7,jul,25.652896964961965,OK,1991,2020,30,CHIRPS_v2,UCSB-CHG/CHIRPS/DAILY,1991-2020,IBGE_2024
2919702,Macarani,BA,1210.106,7,jul,29.983281263246806,OK,1991,2020,30,CHIRPS_v2,UCSB-CHG/CHIRPS/DAILY,1991-2020,IBGE_2024
2925402,Potiraguá,BA,1111.567,7,jul,52.46219101990441,OK,1991,2020,30,CHIRPS_v2,UCSB-CHG/CHIRPS/DAILY,1991-2020,IBGE_2024
2917334,Iuiu,BA,1535.229,7,jul,0.05042653377740521,OK,1991,2020,30,CHIRPS_v2,UCSB-CHG/CHIRPS/DAILY,1991-2020,IBGE_2024
2917409,Jacaraci,BA,1332.42,7,jul,2.3956899944149557,OK,1991,2020,30,CHIRPS_v2,UCSB-CHG/CHIRPS/DAILY,1991-2020,IBGE_2024
2924504,Pindaí,BA,628.469,7,jul,0.09921054374447774,OK,1991,2020,30,CHIRPS_v2,UCSB-CHG/CHIRPS/DAILY,1991-2020,IBGE_2024
2932606,Urandi,BA,902.402,7,jul,0.11431833559838288,OK,1991,2020,30,CHIRPS_v2,UCSB-CHG/CHIRPS/DAILY,1991-2020,IBGE_2024
2923407,Palmas de Monte Alto,BA,2559.973,7,jul,0.5431382013102464,OK,1991,2020,30,CHIRPS_v2,UCSB-CHG/CHIRPS/DAILY,1991-2020,IBGE_2024
2931053,Tanque Novo,BA,729.516,7,jul,2.0294425970640857,OK,1991,2020,30,CHIRPS_v2,UCSB-CHG/CHIRPS/DAILY,1991-2020,IBGE_2024
2907103,Carinhanha,BA,2525.512,7,jul,0.11671693770403739,OK,1991,2020,30,CHIRPS_v2,UCSB-CHG/CHIRPS/DAILY,1991-2020,IBGE_2024
2906600,Candiba,BA,433.642,7,jul,0.364183908854105,OK,1991,2020,30,CHIRPS_v2,UCSB-CHG/CHIRPS/DAILY,1991-2020,IBGE_2024
2930006,Sebastião Laranjeiras,BA,1982.037,7,jul,0.029792896186533437,OK,1991,2020,30,CHIRPS_v2,UCSB-CHG/CHIRPS/DAILY,1991-2020,IBGE_2024
2921807,Mortugaba,BA,528.214,7,jul,3.538373234644736,OK,1991,2020,30,CHIRPS_v2,UCSB-CHG/CHIRPS/DAILY,1991-2020,IBGE_2024
2921054,Matina,BA,773.852,7,jul,0.8777537600529586,OK,1991,2020,30,CHIRPS_v2,UCSB-CHG/CHIRPS/DAILY,1991-2020,IBGE_2024
2913408,Igaporã,BA,836.561,7,jul,2.731032921688143,OK,1991,2020,30,CHIRPS_v2,UCSB-CHG/CHIRPS/DAILY,1991-2020,IBGE_2024
2905206,Caetité,BA,2651.537,7,jul,6.572267058433002,OK,1991,2020,30,CHIRPS_v2,UCSB-CHG/CHIRPS/DAILY,1991-2020,IBGE_2024
2920205,Malhada,BA,1971.632,7,jul,0.09444059468561565,OK,1991,2020,30,CHIRPS_v2,UCSB-CHG/CHIRPS/DAILY,1991-2020,IBGE_2024
2905008,Caculé,BA,610.47,7,jul,1.2876838001132072,OK,1991,2020,30,CHIRPS_v2,UCSB-CHG/CHIRPS/DAILY,1991-2020,IBGE_2024
2904209,Botuporã,BA,627.613,7,jul,0.49606888312119124,OK,1991,2020,30,CHIRPS_v2,UCSB-CHG/CHIRPS/DAILY,1991-2020,IBGE_2024
2912004,Ibiassucê,BA,483.27,7,jul,3.7237003377094093,OK,1991,2020,30,CHIRPS_v2,UCSB-CHG/CHIRPS/DAILY,1991-2020,IBGE_2024
2919405,Licínio de Almeida,BA,856.626,7,jul,1.748806179126387,OK,1991,2020,30,CHIRPS_v2,UCSB-CHG/CHIRPS/DAILY,1991-2020,IBGE_2024
2911709,Guanambi,BA,1272.367,7,jul,1.8088433201864078,OK,1991,2020,30,CHIRPS_v2,UCSB-CHG/CHIRPS/DAILY,1991-2020,IBGE_2024
2926806,Rio do Antônio,BA,779.046,7,jul,3.664123278125207,OK,1991,2020,30,CHIRPS_v2,UCSB-CHG/CHIRPS/DAILY,1991-2020,IBGE_2024
2911659,Guajeru,BA,871.975,7,jul,3.546129214704519,OK,1991,2020,30,CHIRPS_v2,UCSB-CHG/CHIRPS/DAILY,1991-2020,IBGE_2024
2918753,Lagoa Real,BA,912.22,7,jul,6.377420536737378,OK,1991,2020,30,CHIRPS_v2,UCSB-CHG/CHIRPS/DAILY,1991-2020,IBGE_2024
2926400,Riacho de Santana,BA,3183.361,7,jul,0.14257266170996435,OK,1991,2020,30,CHIRPS_v2,UCSB-CHG/CHIRPS/DAILY,1991-2020,IBGE_2024
2910776,Feira da Mata,BA,1176.504,7,jul,0.15593025489818638,OK,1991,2020,30,CHIRPS_v2,UCSB-CHG/CHIRPS/DAILY,1991-2020,IBGE_2024
2923704,Paratinga,BA,2624.998,7,jul,1.9584649655710444,OK,1991,2020,30,CHIRPS_v2,UCSB-CHG/CHIRPS/DAILY,1991-2020,IBGE_2024
2930758,Sítio do Mato,BA,1627.804,7,jul,0.5107457975049691,OK,1991,2020,30,CHIRPS_v2,UCSB-CHG/CHIRPS/DAILY,1991-2020,IBGE_2024
2930154,Serra do Ramalho,BA,2341.701,7,jul,0.06937951210381454,OK,1991,2020,30,CHIRPS_v2,UCSB-CHG/CHIRPS/DAILY,1991-2020,IBGE_2024
2912509,Ibipitanga,BA,954.373,7,jul,0.1735843620920044,OK,1991,2020,30,CHIRPS_v2,UCSB-CHG/CHIRPS/DAILY,1991-2020,IBGE_2024
2919801,Macaúbas,BA,2459.102,7,jul,1.3099595142121323,OK,1991,2020,30,CHIRPS_v2,UCSB-CHG/CHIRPS/DAILY,1991-2020,IBGE_2024
2904100,Boquira,BA,1426.233,7,jul,2.1956603704645743,OK,1991,2020,30,CHIRPS_v2,UCSB-CHG/CHIRPS/DAILY,1991-2020,IBGE_2024
2903904,Bom Jesus da Lapa,BA,4114.493,7,jul,0.12081483628378092,OK,1991,2020,30,CHIRPS_v2,UCSB-CHG/CHIRPS/DAILY,1991-2020,IBGE_2024
2901403,Angical,BA,1530.643,7,jul,0.12798232366698253,OK,1991,2020,30,CHIRPS_v2,UCSB-CHG/CHIRPS/DAILY,1991-2020,IBGE_2024
2907400,Catolândia,BA,702.504,7,jul,0.2179413402731957,OK,1991,2020,30,CHIRPS_v2,UCSB-CHG/CHIRPS/DAILY,1991-2020,IBGE_2024
2930907,Tabocas do Brejo Velho,BA,1437.188,7,jul,0.07542918968486173,OK,1991,2020,30,CHIRPS_v2,UCSB-CHG/CHIRPS/DAILY,1991-2020,IBGE_2024
2930303,Serra Dourada,BA,1592.249,7,jul,0.05718067042930045,OK,1991,2020,30,CHIRPS_v2,UCSB-CHG/CHIRPS/DAILY,1991-2020,IBGE_2024
2928901,São Desidério,BA,15158.737,7,jul,0.27529479741584795,OK,1991,2020,30,CHIRPS_v2,UCSB-CHG/CHIRPS/DAILY,1991-2020,IBGE_2024
2928406,Santa Rita de Cássia,BA,6030.491,7,jul,0.1564447178459918,OK,1991,2020,30,CHIRPS_v2,UCSB-CHG/CHIRPS/DAILY,1991-2020,IBGE_2024
2928208,Santana,BA,1909.353,7,jul,0.1110268823225702,OK,1991,2020,30,CHIRPS_v2,UCSB-CHG/CHIRPS/DAILY,1991-2020,IBGE_2024
2920452,Mansidão,BA,3129.588,7,jul,0.1301315476184122,OK,1991,2020,30,CHIRPS_v2,UCSB-CHG/CHIRPS/DAILY,1991-2020,IBGE_2024
2904407,Brejolândia,BA,2247.207,7,jul,0.12776662601551922,OK,1991,2020,30,CHIRPS_v2,UCSB-CHG/CHIRPS/DAILY,1991-2020,IBGE_2024
2911105,Formosa do Rio Preto,BA,15634.328,7,jul,0.2748181375776826,OK,1991,2020,30,CHIRPS_v2,UCSB-CHG/CHIRPS/DAILY,1991-2020,IBGE_2024
2926202,Riachão das Neves,BA,5969.305,7,jul,0.23337767896962625,OK,1991,2020,30,CHIRPS_v2,UCSB-CHG/CHIRPS/DAILY,1991-2020,IBGE_2024
2902500,Baianópolis,BA,3321.752,7,jul,0.13208564088732178,OK,1991,2020,30,CHIRPS_v2,UCSB-CHG/CHIRPS/DAILY,1991-2020,IBGE_2024
2933455,Wanderley,BA,2920.579,7,jul,0.12112830684942218,OK,1991,2020,30,CHIRPS_v2,UCSB-CHG/CHIRPS/DAILY,1991-2020,IBGE_2024
2909406,Cotegipe,BA,4282.775,7,jul,0.13966572687898474,OK,1991,2020,30,CHIRPS_v2,UCSB-CHG/CHIRPS/DAILY,1991-2020,IBGE_2024
2909703,Cristópolis,BA,1052.839,7,jul,0.08815808599790619,OK,1991,2020,30,CHIRPS_v2,UCSB-CHG/CHIRPS/DAILY,1991-2020,IBGE_2024
2917359,Jaborandi,BA,9955.111,7,jul,0.3358078249274268,OK,1991,2020,30,CHIRPS_v2,UCSB-CHG/CHIRPS/DAILY,1991-2020,IBGE_2024
2909109,Coribe,BA,2665.141,7,jul,0.1831007288666766,OK,1991,2020,30,CHIRPS_v2,UCSB-CHG/CHIRPS/DAILY,1991-2020,IBGE_2024
2908101,Cocos,BA,10138.25,7,jul,0.2937302665441336,OK,1991,2020,30,CHIRPS_v2,UCSB-CHG/CHIRPS/DAILY,1991-2020,IBGE_2024
2906105,Canápolis,BA,460.388,7,jul,0.13274925976901827,OK,1991,2020,30,CHIRPS_v2,UCSB-CHG/CHIRPS/DAILY,1991-2020,IBGE_2024
2929057,São Félix do Coribe,BA,1751.671,7,jul,0.2331596943342588,OK,1991,2020,30,CHIRPS_v2,UCSB-CHG/CHIRPS/DAILY,1991-2020,IBGE_2024
2928109,Santa Maria da Vitória,BA,1984.91,7,jul,0.17243149561257043,OK,1991,2020,30,CHIRPS_v2,UCSB-CHG/CHIRPS/DAILY,1991-2020,IBGE_2024
2909307,Correntina,BA,11504.316,7,jul,0.2781086692549605,OK,1991,2020,30,CHIRPS_v2,UCSB-CHG/CHIRPS/DAILY,1991-2020,IBGE_2024
2932408,Uibaí,BA,545.297,7,jul,6.067277910452543,OK,1991,2020,30,CHIRPS_v2,UCSB-CHG/CHIRPS/DAILY,1991-2020,IBGE_2024
2907608,Central,BA,566.975,7,jul,0.05971265235984463,OK,1991,2020,30,CHIRPS_v2,UCSB-CHG/CHIRPS/DAILY,1991-2020,IBGE_2024
2915353,Itaguaçu da Bahia,BA,4310.255,7,jul,0.5019798682767214,OK,1991,2020,30,CHIRPS_v2,UCSB-CHG/CHIRPS/DAILY,1991-2020,IBGE_2024
2914604,Irecê,BA,319.175,7,jul,0.9458506565766659,OK,1991,2020,30,CHIRPS_v2,UCSB-CHG/CHIRPS/DAILY,1991-2020,IBGE_2024
2906204,Canarana,BA,579.726,7,jul,3.0663556611794403,OK,1991,2020,30,CHIRPS_v2,UCSB-CHG/CHIRPS/DAILY,1991-2020,IBGE_2024
2921708,Morro do Chapéu,BA,5745.765,7,jul,27.55337725226567,OK,1991,2020,30,CHIRPS_v2,UCSB-CHG/CHIRPS/DAILY,1991-2020,IBGE_2024
2922052,Mulungu do Morro,BA,646.621,7,jul,26.417378371496135,OK,1991,2020,30,CHIRPS_v2,UCSB-CHG/CHIRPS/DAILY,1991-2020,IBGE_2024
2929255,São Gabriel,BA,1146.054,7,jul,0.4172334987792555,OK,1991,2020,30,CHIRPS_v2,UCSB-CHG/CHIRPS/DAILY,1991-2020,IBGE_2024
2905305,Cafarnaum,BA,643.666,7,jul,15.009332206563226,OK,1991,2020,30,CHIRPS_v2,UCSB-CHG/CHIRPS/DAILY,1991-2020,IBGE_2024
2913101,Ibititá,BA,573.033,7,jul,0.602112685958611,OK,1991,2020,30,CHIRPS_v2,UCSB-CHG/CHIRPS/DAILY,1991-2020,IBGE_2024
2912400,Ibipeba,BA,1382.009,7,jul,4.777983602676945,OK,1991,2020,30,CHIRPS_v2,UCSB-CHG/CHIRPS/DAILY,1991-2020,IBGE_2024
2904050,Bonito,BA,791.276,7,jul,46.7061448218748,OK,1991,2020,30,CHIRPS_v2,UCSB-CHG/CHIRPS/DAILY,1991-2020,IBGE_2024
2919157,Lapão,BA,642.882,7,jul,1.5878568681037384,OK,1991,2020,30,CHIRPS_v2,UCSB-CHG/CHIRPS/DAILY,1991-2020,IBGE_2024
2903235,Barro Alto,BA,414.506,7,jul,11.680850478968274,OK,1991,2020,30,CHIRPS_v2,UCSB-CHG/CHIRPS/DAILY,1991-2020,IBGE_2024
2918506,Jussara,BA,1355.173,7,jul,0.026846767780713487,OK,1991,2020,30,CHIRPS_v2,UCSB-CHG/CHIRPS/DAILY,1991-2020,IBGE_2024
2903003,Barra do Mendes,BA,1436.299,7,jul,14.23501860251634,OK,1991,2020,30,CHIRPS_v2,UCSB-CHG/CHIRPS/DAILY,1991-2020,IBGE_2024
2918357,João Dourado,BA,913.258,7,jul,1.4311055264812456,OK,1991,2020,30,CHIRPS_v2,UCSB-CHG/CHIRPS/DAILY,1991-2020,IBGE_2024
2925600,Presidente Dutra,BA,232.064,7,jul,0.5094111466086537,OK,1991,2020,30,CHIRPS_v2,UCSB-CHG/CHIRPS/DAILY,1991-2020,IBGE_2024
2901155,América Dourada,BA,822.373,7,jul,6.44289016208529,OK,1991,2020,30,CHIRPS_v2,UCSB-CHG/CHIRPS/DAILY,1991-2020,IBGE_2024
2923209,Oliveira dos Brejinhos,BA,3313.435,7,jul,0.475253882405797,OK,1991,2020,30,CHIRPS_v2,UCSB-CHG/CHIRPS/DAILY,1991-2020,IBGE_2024
2922250,Muquém do São Francisco,BA,3852.11,7,jul,0.3429109315032245,OK,1991,2020,30,CHIRPS_v2,UCSB-CHG/CHIRPS/DAILY,1991-2020,IBGE_2024
2921609,Morpará,BA,2093.86,7,jul,0.16173247322263415,OK,1991,2020,30,CHIRPS_v2,UCSB-CHG/CHIRPS/DAILY,1991-2020,IBGE_2024
2914109,Ipupiara,BA,1055.76,7,jul,3.470028916703038,OK,1991,2020,30,CHIRPS_v2,UCSB-CHG/CHIRPS/DAILY,1991-2020,IBGE_2024
2904753,Buritirama,BA,4046.741,7,jul,0.14947818967395846,OK,1991,2020,30,CHIRPS_v2,UCSB-CHG/CHIRPS/DAILY,1991-2020,IBGE_2024
2913200,Ibotirama,BA,1740.113,7,jul,0.256426223427443,OK,1991,2020,30,CHIRPS_v2,UCSB-CHG/CHIRPS/DAILY,1991-2020,IBGE_2024
2904506,Brotas de Macaúbas,BA,2520.811,7,jul,5.524776596868673,OK,1991,2020,30,CHIRPS_v2,UCSB-CHG/CHIRPS/DAILY,1991-2020,IBGE_2024
2911303,Gentio do Ouro,BA,3817.946,7,jul,1.1567378677144349,OK,1991,2020,30,CHIRPS_v2,UCSB-CHG/CHIRPS/DAILY,1991-2020,IBGE_2024
2902708,Barra,BA,11428.112,7,jul,0.08464249555463736,OK,1991,2020,30,CHIRPS_v2,UCSB-CHG/CHIRPS/DAILY,1991-2020,IBGE_2024
2933604,Xique-Xique,BA,5079.659,7,jul,0.04667892434317523,OK,1991,2020,30,CHIRPS_v2,UCSB-CHG/CHIRPS/DAILY,1991-2020,IBGE_2024
2918407,Juazeiro,BA,6721.592,7,jul,4.389614948550105,OK,1991,2020,30,CHIRPS_v2,UCSB-CHG/CHIRPS/DAILY,1991-2020,IBGE_2024
2924405,Pilão Arcado,BA,11597.932,7,jul,0.09557177959378259,OK,1991,2020,30,CHIRPS_v2,UCSB-CHG/CHIRPS/DAILY,1991-2020,IBGE_2024
2932002,Uauá,BA,3060.865,7,jul,20.523490200407995,OK,1991,2020,30,CHIRPS_v2,UCSB-CHG/CHIRPS/DAILY,1991-2020,IBGE_2024
2930774,Sobradinho,BA,1359.08,7,jul,4.657496826375471,OK,1991,2020,30,CHIRPS_v2,UCSB-CHG/CHIRPS/DAILY,1991-2020,IBGE_2024
2907202,Casa Nova,BA,9648.942,7,jul,0.5980367206778248,OK,1991,2020,30,CHIRPS_v2,UCSB-CHG/CHIRPS/DAILY,1991-2020,IBGE_2024
2905909,Campo Alegre de Lourdes,BA,2914.573,7,jul,0.1451338913733529,OK,1991,2020,30,CHIRPS_v2,UCSB-CHG/CHIRPS/DAILY,1991-2020,IBGE_2024
2930204,Sento Sé,BA,11980.158,7,jul,1.607422585604106,OK,1991,2020,30,CHIRPS_v2,UCSB-CHG/CHIRPS/DAILY,1991-2020,IBGE_2024
2909901,Curaçá,BA,5950.614,7,jul,7.555982500158302,OK,1991,2020,30,CHIRPS_v2,UCSB-CHG/CHIRPS/DAILY,1991-2020,IBGE_2024
2926004,Remanso,BA,4571.634,7,jul,0.1521491518266829,OK,1991,2020,30,CHIRPS_v2,UCSB-CHG/CHIRPS/DAILY,1991-2020,IBGE_2024
2917706,Jaguarari,BA,2466.009,7,jul,20.574224103459493,OK,1991,2020,30,CHIRPS_v2,UCSB-CHG/CHIRPS/DAILY,1991-2020,IBGE_2024
2901353,Andorinha,BA,1362.386,7,jul,23.673049731734327,OK,1991,2020,30,CHIRPS_v2,UCSB-CHG/CHIRPS/DAILY,1991-2020,IBGE_2024
2917003,Itiúba,BA,1650.592,7,jul,24.986569942215624,OK,1991,2020,30,CHIRPS_v2,UCSB-CHG/CHIRPS/DAILY,1991-2020,IBGE_2024
2924603,Pindobaçu,BA,495.845,7,jul,43.61495374406555,OK,1991,2020,30,CHIRPS_v2,UCSB-CHG/CHIRPS/DAILY,1991-2020,IBGE_2024
2930105,Senhor do Bonfim,BA,789.36,7,jul,34.10801827347349,OK,1991,2020,30,CHIRPS_v2,UCSB-CHG/CHIRPS/DAILY,1991-2020,IBGE_2024
2906006,Campo Formoso,BA,7161.83,7,jul,16.79725135051782,OK,1991,2020,30,CHIRPS_v2,UCSB-CHG/CHIRPS/DAILY,1991-2020,IBGE_2024
2910859,Filadélfia,BA,579.687,7,jul,30.877690311372376,OK,1991,2020,30,CHIRPS_v2,UCSB-CHG/CHIRPS/DAILY,1991-2020,IBGE_2024
2901809,Antônio Gonçalves,BA,345.282,7,jul,39.63716748240408,OK,1991,2020,30,CHIRPS_v2,UCSB-CHG/CHIRPS/DAILY,1991-2020,IBGE_2024
2925253,Ponto Novo,BA,530.143,7,jul,32.51800999411497,OK,1991,2020,30,CHIRPS_v2,UCSB-CHG/CHIRPS/DAILY,1991-2020,IBGE_2024
2924009,Paulo Afonso,BA,1544.388,7,jul,47.230228066814234,OK,1991,2020,30,CHIRPS_v2,UCSB-CHG/CHIRPS/DAILY,1991-2020,IBGE_2024
2900207,Abaré,BA,1604.923,7,jul,9.066323615576158,OK,1991,2020,30,CHIRPS_v2,UCSB-CHG/CHIRPS/DAILY,1991-2020,IBGE_2024
2907707,Chorrochó,BA,3005.319,7,jul,11.827584232989661,OK,1991,2020,30,CHIRPS_v2,UCSB-CHG/CHIRPS/DAILY,1991-2020,IBGE_2024
2919900,Macururé,BA,2545.857,7,jul,16.909565444616014,OK,1991,2020,30,CHIRPS_v2,UCSB-CHG/CHIRPS/DAILY,1991-2020,IBGE_2024
2927606,Santa Brígida,BA,934.46,7,jul,55.41182616905236,OK,1991,2020,30,CHIRPS_v2,UCSB-CHG/CHIRPS/DAILY,1991-2020,IBGE_2024
2911402,Glória,BA,1566.609,7,jul,31.136950232254677,OK,1991,2020,30,CHIRPS_v2,UCSB-CHG/CHIRPS/DAILY,1991-2020,IBGE_2024
2927101,Rodelas,BA,2207.159,7,jul,23.14535398228176,OK,1991,2020,30,CHIRPS_v2,UCSB-CHG/CHIRPS/DAILY,1991-2020,IBGE_2024
2931905,Tucano,BA,2198.237,7,jul,33.647274311217735,OK,1991,2020,30,CHIRPS_v2,UCSB-CHG/CHIRPS/DAILY,1991-2020,IBGE_2024
2907905,Cipó,BA,168.33,7,jul,66.9039817690065,OK,1991,2020,30,CHIRPS_v2,UCSB-CHG/CHIRPS/DAILY,1991-2020,IBGE_2024
2923100,Olindina,BA,637.316,7,jul,81.13921408596198,OK,1991,2020,30,CHIRPS_v2,UCSB-CHG/CHIRPS/DAILY,1991-2020,IBGE_2024
2922904,Nova Soure,BA,966.993,7,jul,74.19219347862132,OK,1991,2020,30,CHIRPS_v2,UCSB-CHG/CHIRPS/DAILY,1991-2020,IBGE_2024
2902658,Banzaê,BA,409.508,7,jul,49.508159784400924,OK,1991,2020,30,CHIRPS_v2,UCSB-CHG/CHIRPS/DAILY,1991-2020,IBGE_2024
2926608,Ribeira do Pombal,BA,1228.125,7,jul,49.56699227009706,OK,1991,2020,30,CHIRPS_v2,UCSB-CHG/CHIRPS/DAILY,1991-2020,IBGE_2024
2926509,Ribeira do Amparo,BA,666.036,7,jul,62.15642130864858,OK,1991,2020,30,CHIRPS_v2,UCSB-CHG/CHIRPS/DAILY,1991-2020,IBGE_2024
2906824,Canudos,BA,3564.627,7,jul,31.030579189375185,OK,1991,2020,30,CHIRPS_v2,UCSB-CHG/CHIRPS/DAILY,1991-2020,IBGE_2024
2906808,Cansanção,BA,1351.891,7,jul,26.701694310363898,OK,1991,2020,30,CHIRPS_v2,UCSB-CHG/CHIRPS/DAILY,1991-2020,IBGE_2024
2921500,Monte Santo,BA,3034.196,7,jul,27.826735356188543,OK,1991,2020,30,CHIRPS_v2,UCSB-CHG/CHIRPS/DAILY,1991-2020,IBGE_2024
2910701,Euclides da Cunha,BA,2025.368,7,jul,43.48270014226762,OK,1991,2020,30,CHIRPS_v2,UCSB-CHG/CHIRPS/DAILY,1991-2020,IBGE_2024
2925907,Quijingue,BA,1380.798,7,jul,29.285793076006208,OK,1991,2020,30,CHIRPS_v2,UCSB-CHG/CHIRPS/DAILY,1991-2020,IBGE_2024
2900355,Adustina,BA,629.1,7,jul,60.73306287862392,OK,1991,2020,30,CHIRPS_v2,UCSB-CHG/CHIRPS/DAILY,1991-2020,IBGE_2024
2923803,Paripiranga,BA,442.186,7,jul,81.34236365037587,OK,1991,2020,30,CHIRPS_v2,UCSB-CHG/CHIRPS/DAILY,1991-2020,IBGE_2024
2907806,Cícero Dantas,BA,817.023,7,jul,57.573293399223516,OK,1991,2020,30,CHIRPS_v2,UCSB-CHG/CHIRPS/DAILY,1991-2020,IBGE_2024
2911857,Heliópolis,BA,314.669,7,jul,47.165296218727875,OK,1991,2020,30,CHIRPS_v2,UCSB-CHG/CHIRPS/DAILY,1991-2020,IBGE_2024
2910750,Fátima,BA,368.342,7,jul,52.879042817830076,OK,1991,2020,30,CHIRPS_v2,UCSB-CHG/CHIRPS/DAILY,1991-2020,IBGE_2024
2901601,Antas,BA,326.36,7,jul,58.283866346262215,OK,1991,2020,30,CHIRPS_v2,UCSB-CHG/CHIRPS/DAILY,1991-2020,IBGE_2024
2909208,Coronel João Sá,BA,797.434,7,jul,66.79842324351169,OK,1991,2020,30,CHIRPS_v2,UCSB-CHG/CHIRPS/DAILY,1991-2020,IBGE_2024
2924207,Pedro Alexandre,BA,889.572,7,jul,71.26047529695234,OK,1991,2020,30,CHIRPS_v2,UCSB-CHG/CHIRPS/DAILY,1991-2020,IBGE_2024
2930766,Sítio do Quinto,BA,656.837,7,jul,52.672557711118394,OK,1991,2020,30,CHIRPS_v2,UCSB-CHG/CHIRPS/DAILY,1991-2020,IBGE_2024
2923050,Novo Triunfo,BA,299.125,7,jul,59.26227083364033,OK,1991,2020,30,CHIRPS_v2,UCSB-CHG/CHIRPS/DAILY,1991-2020,IBGE_2024
2918100,Jeremoabo,BA,4267.489,7,jul,45.665831963830385,OK,1991,2020,30,CHIRPS_v2,UCSB-CHG/CHIRPS/DAILY,1991-2020,IBGE_2024
2910800,Feira de Santana,BA,1304.427,7,jul,73.49340929125322,OK,1991,2020,30,CHIRPS_v2,UCSB-CHG/CHIRPS/DAILY,1991-2020,IBGE_2024
2924652,Pintadas,BA,647.144,7,jul,26.858842579920406,OK,1991,2020,30,CHIRPS_v2,UCSB-CHG/CHIRPS/DAILY,1991-2020,IBGE_2024
2908903,Coração de Maria,BA,378.421,7,jul,105.40685053234492,OK,1991,2020,30,CHIRPS_v2,UCSB-CHG/CHIRPS/DAILY,1991-2020,IBGE_2024
2908507,Conceição do Jacuípe,BA,114.869,7,jul,126.66501127013271,OK,1991,2020,30,CHIRPS_v2,UCSB-CHG/CHIRPS/DAILY,1991-2020,IBGE_2024
2900405,Água Fria,BA,742.775,7,jul,88.40779903223421,OK,1991,2020,30,CHIRPS_v2,UCSB-CHG/CHIRPS/DAILY,1991-2020,IBGE_2024
2924058,Pé de Serra,BA,596.772,7,jul,27.661888098396503,OK,1991,2020,30,CHIRPS_v2,UCSB-CHG/CHIRPS/DAILY,1991-2020,IBGE_2024
2908200,Conceição da Feira,BA,164.799,7,jul,127.7336427042768,OK,1991,2020,30,CHIRPS_v2,UCSB-CHG/CHIRPS/DAILY,1991-2020,IBGE_2024
2923308,Ouriçangas,BA,156.982,7,jul,100.05744941125943,OK,1991,2020,30,CHIRPS_v2,UCSB-CHG/CHIRPS/DAILY,1991-2020,IBGE_2024
2922730,Nova Fátima,BA,346.785,7,jul,27.279355774283072,OK,1991,2020,30,CHIRPS_v2,UCSB-CHG/CHIRPS/DAILY,1991-2020,IBGE_2024
2906857,Capela do Alto Alegre,BA,629.585,7,jul,28.90699614838551,OK,1991,2020,30,CHIRPS_v2,UCSB-CHG/CHIRPS/DAILY,1991-2020,IBGE_2024
2931103,Tanquinho,BA,243.838,7,jul,66.39112525025368,OK,1991,2020,30,CHIRPS_v2,UCSB-CHG/CHIRPS/DAILY,1991-2020,IBGE_2024
2930402,Serra Preta,BA,595.294,7,jul,33.98444722559513,OK,1991,2020,30,CHIRPS_v2,UCSB-CHG/CHIRPS/DAILY,1991-2020,IBGE_2024
2922102,Mundo Novo,BA,1491.989,7,jul,48.571983612710376,OK,1991,2020,30,CHIRPS_v2,UCSB-CHG/CHIRPS/DAILY,1991-2020,IBGE_2024
2914505,Irará,BA,267.88,7,jul,96.6516044525481,OK,1991,2020,30,CHIRPS_v2,UCSB-CHG/CHIRPS/DAILY,1991-2020,IBGE_2024
2906402,Candeal,BA,447.577,7,jul,52.2091752019703,OK,1991,2020,30,CHIRPS_v2,UCSB-CHG/CHIRPS/DAILY,1991-2020,IBGE_2024
2914000,Ipirá,BA,3105.285,7,jul,34.36009162513901,OK,1991,2020,30,CHIRPS_v2,UCSB-CHG/CHIRPS/DAILY,1991-2020,IBGE_2024
2929305,São Gonçalo dos Campos,BA,294.768,7,jul,114.33250053358387,OK,1991,2020,30,CHIRPS_v2,UCSB-CHG/CHIRPS/DAILY,1991-2020,IBGE_2024
2913804,Ipecaetá,BA,372.565,7,jul,31.925425402625955,OK,1991,2020,30,CHIRPS_v2,UCSB-CHG/CHIRPS/DAILY,1991-2020,IBGE_2024
2928802,Santo Estêvão,BA,360.334,7,jul,46.21054524462245,OK,1991,2020,30,CHIRPS_v2,UCSB-CHG/CHIRPS/DAILY,1991-2020,IBGE_2024
2913309,Ichu,BA,138.016,7,jul,53.819217824105344,OK,1991,2020,30,CHIRPS_v2,UCSB-CHG/CHIRPS/DAILY,1991-2020,IBGE_2024
2928307,Santanópolis,BA,222.686,7,jul,80.3398800115791,OK,1991,2020,30,CHIRPS_v2,UCSB-CHG/CHIRPS/DAILY,1991-2020,IBGE_2024
2920106,Mairi,BA,906.679,7,jul,49.25954858585687,OK,1991,2020,30,CHIRPS_v2,UCSB-CHG/CHIRPS/DAILY,1991-2020,IBGE_2024
2919603,Macajuba,BA,701.17,7,jul,31.423677950082133,OK,1991,2020,30,CHIRPS_v2,UCSB-CHG/CHIRPS/DAILY,1991-2020,IBGE_2024
2919108,Lamarão,BA,189.26,7,jul,65.91196714049325,OK,1991,2020,30,CHIRPS_v2,UCSB-CHG/CHIRPS/DAILY,1991-2020,IBGE_2024
2927507,Santa Bárbara,BA,347.021,7,jul,76.66001960580012,OK,1991,2020,30,CHIRPS_v2,UCSB-CHG/CHIRPS/DAILY,1991-2020,IBGE_2024
2902609,Baixa Grande,BA,967.515,7,jul,37.60368526601081,OK,1991,2020,30,CHIRPS_v2,UCSB-CHG/CHIRPS/DAILY,1991-2020,IBGE_2024
2926301,Riachão do Jacuípe,BA,1155.417,7,jul,31.496399034961115,OK,1991,2020,30,CHIRPS_v2,UCSB-CHG/CHIRPS/DAILY,1991-2020,IBGE_2024
2911253,Gavião,BA,384.592,7,jul,26.721405787797714,OK,1991,2020,30,CHIRPS_v2,UCSB-CHG/CHIRPS/DAILY,1991-2020,IBGE_2024
2901700,Antônio Cardoso,BA,293.53,7,jul,62.83140337526367,OK,1991,2020,30,CHIRPS_v2,UCSB-CHG/CHIRPS/DAILY,1991-2020,IBGE_2024
2925956,Rafael Jambeiro,BA,1090.552,7,jul,46.212927597212385,OK,1991,2020,30,CHIRPS_v2,UCSB-CHG/CHIRPS/DAILY,1991-2020,IBGE_2024
2901106,Amélia Rodrigues,BA,166.872,7,jul,149.72113234919706,OK,1991,2020,30,CHIRPS_v2,UCSB-CHG/CHIRPS/DAILY,1991-2020,IBGE_2024
2901502,Anguera,BA,187.84,7,jul,49.63452393787685,OK,1991,2020,30,CHIRPS_v2,UCSB-CHG/CHIRPS/DAILY,1991-2020,IBGE_2024
2933059,Várzea da Roça,BA,468.407,7,jul,40.416802816268735,OK,1991,2020,30,CHIRPS_v2,UCSB-CHG/CHIRPS/DAILY,1991-2020,IBGE_2024
2933109,Várzea do Poço,BA,206.478,7,jul,42.26650650788464,OK,1991,2020,30,CHIRPS_v2,UCSB-CHG/CHIRPS/DAILY,1991-2020,IBGE_2024
2933158,Várzea Nova,BA,1225.088,7,jul,19.951976181698893,OK,1991,2020,30,CHIRPS_v2,UCSB-CHG/CHIRPS/DAILY,1991-2020,IBGE_2024
2932457,Umburanas,BA,1775.633,7,jul,8.924077407269406,OK,1991,2020,30,CHIRPS_v2,UCSB-CHG/CHIRPS/DAILY,1991-2020,IBGE_2024
2931301,Tapiramutá,BA,714.691,7,jul,36.85632120014153,OK,1991,2020,30,CHIRPS_v2,UCSB-CHG/CHIRPS/DAILY,1991-2020,IBGE_2024
2923357,Ourolândia,BA,1544.985,7,jul,8.891918981599598,OK,1991,2020,30,CHIRPS_v2,UCSB-CHG/CHIRPS/DAILY,1991-2020,IBGE_2024
2906873,Capim Grosso,BA,464.776,7,jul,28.57400414621172,OK,1991,2020,30,CHIRPS_v2,UCSB-CHG/CHIRPS/DAILY,1991-2020,IBGE_2024
2930600,Serrolândia,BA,322.021,7,jul,35.27729646705398,OK,1991,2020,30,CHIRPS_v2,UCSB-CHG/CHIRPS/DAILY,1991-2020,IBGE_2024
2929800,Saúde,BA,509.098,7,jul,47.942854595180975,OK,1991,2020,30,CHIRPS_v2,UCSB-CHG/CHIRPS/DAILY,1991-2020,IBGE_2024
2921203,Miguel Calmon,BA,1599.673,7,jul,34.10279608905583,OK,1991,2020,30,CHIRPS_v2,UCSB-CHG/CHIRPS/DAILY,1991-2020,IBGE_2024
2929370,São José do Jacuípe,BA,362.365,7,jul,30.725734704637226,OK,1991,2020,30,CHIRPS_v2,UCSB-CHG/CHIRPS/DAILY,1991-2020,IBGE_2024
2921401,Mirangaba,BA,1751.777,7,jul,24.350435447944342,OK,1991,2020,30,CHIRPS_v2,UCSB-CHG/CHIRPS/DAILY,1991-2020,IBGE_2024
2905503,Caldeirão Grande,BA,458.311,7,jul,40.20474689067748,OK,1991,2020,30,CHIRPS_v2,UCSB-CHG/CHIRPS/DAILY,1991-2020,IBGE_2024
2905107,Caém,BA,540.909,7,jul,40.78228851627133,OK,1991,2020,30,CHIRPS_v2,UCSB-CHG/CHIRPS/DAILY,1991-2020,IBGE_2024
2925931,Quixabeira,BA,366.387,7,jul,30.663390435898137,OK,1991,2020,30,CHIRPS_v2,UCSB-CHG/CHIRPS/DAILY,1991-2020,IBGE_2024
2917508,Jacobina,BA,2192.906,7,jul,32.96255372604314,OK,1991,2020,30,CHIRPS_v2,UCSB-CHG/CHIRPS/DAILY,1991-2020,IBGE_2024
2924801,Piritiba,BA,980.331,7,jul,41.58135497667832,OK,1991,2020,30,CHIRPS_v2,UCSB-CHG/CHIRPS/DAILY,1991-2020,IBGE_2024
2932804,Utinga,BA,633.761,7,jul,37.87101840107889,OK,1991,2020,30,CHIRPS_v2,UCSB-CHG/CHIRPS/DAILY,1991-2020,IBGE_2024
2915007,Itaeté,BA,1331.822,7,jul,22.03716766810247,OK,1991,2020,30,CHIRPS_v2,UCSB-CHG/CHIRPS/DAILY,1991-2020,IBGE_2024
2922854,Nova Redenção,BA,565.356,7,jul,21.446539407805886,OK,1991,2020,30,CHIRPS_v2,UCSB-CHG/CHIRPS/DAILY,1991-2020,IBGE_2024
2914703,Itaberaba,BA,2386.387,7,jul,28.43050658290156,OK,1991,2020,30,CHIRPS_v2,UCSB-CHG/CHIRPS/DAILY,1991-2020,IBGE_2024
2920809,Marcionílio Souza,BA,1099.284,7,jul,17.121477061365024,OK,1991,2020,30,CHIRPS_v2,UCSB-CHG/CHIRPS/DAILY,1991-2020,IBGE_2024
2912608,Ibiquera,BA,698.245,7,jul,17.253092228285205,OK,1991,2020,30,CHIRPS_v2,UCSB-CHG/CHIRPS/DAILY,1991-2020,IBGE_2024
2903805,Boa Vista do Tupim,BA,2972.112,7,jul,19.94820235876932,OK,1991,2020,30,CHIRPS_v2,UCSB-CHG/CHIRPS/DAILY,1991-2020,IBGE_2024
2911907,Iaçu,BA,2342.497,7,jul,38.52153104759814,OK,1991,2020,30,CHIRPS_v2,UCSB-CHG/CHIRPS/DAILY,1991-2020,IBGE_2024
2927200,Ruy Barbosa,BA,1991.772,7,jul,27.2701436922376,OK,1991,2020,30,CHIRPS_v2,UCSB-CHG/CHIRPS/DAILY,1991-2020,IBGE_2024
2919009,Lajedinho,BA,846.728,7,jul,24.520108898421924,OK,1991,2020,30,CHIRPS_v2,UCSB-CHG/CHIRPS/DAILY,1991-2020,IBGE_2024
2933406,Wagner,BA,522.37,7,jul,30.471849665843095,OK,1991,2020,30,CHIRPS_v2,UCSB-CHG/CHIRPS/DAILY,1991-2020,IBGE_2024
2901304,Andaraí,BA,1589.786,7,jul,26.592760231426308,OK,1991,2020,30,CHIRPS_v2,UCSB-CHG/CHIRPS/DAILY,1991-2020,IBGE_2024
2908408,Conceição do Coité,BA,1015.249,7,jul,37.0928699160186,OK,1991,2020,30,CHIRPS_v2,UCSB-CHG/CHIRPS/DAILY,1991-2020,IBGE_2024
2922656,Nordestina,BA,465.407,7,jul,24.279849328405852,OK,1991,2020,30,CHIRPS_v2,UCSB-CHG/CHIRPS/DAILY,1991-2020,IBGE_2024
2928950,São Domingos,BA,289.963,7,jul,25.35479123379821,OK,1991,2020,30,CHIRPS_v2,UCSB-CHG/CHIRPS/DAILY,1991-2020,IBGE_2024
2928000,Santaluz,BA,1623.445,7,jul,25.68547780810381,OK,1991,2020,30,CHIRPS_v2,UCSB-CHG/CHIRPS/DAILY,1991-2020,IBGE_2024
2925808,Queimadas,BA,2011.06,7,jul,22.955187740036703,OK,1991,2020,30,CHIRPS_v2,UCSB-CHG/CHIRPS/DAILY,1991-2020,IBGE_2024
2926103,Retirolândia,BA,242.331,7,jul,25.72640362214373,OK,1991,2020,30,CHIRPS_v2,UCSB-CHG/CHIRPS/DAILY,1991-2020,IBGE_2024
2933000,Valente,BA,394.877,7,jul,25.63160511253474,OK,1991,2020,30,CHIRPS_v2,UCSB-CHG/CHIRPS/DAILY,1991-2020,IBGE_2024
2931509,Teofilândia,BA,351.892,7,jul,56.128301461025885,OK,1991,2020,30,CHIRPS_v2,UCSB-CHG/CHIRPS/DAILY,1991-2020,IBGE_2024
2930501,Serrinha,BA,583.311,7,jul,68.5885868751277,OK,1991,2020,30,CHIRPS_v2,UCSB-CHG/CHIRPS/DAILY,1991-2020,IBGE_2024
2903276,Barrocas,BA,207.297,7,jul,47.567691534764414,OK,1991,2020,30,CHIRPS_v2,UCSB-CHG/CHIRPS/DAILY,1991-2020,IBGE_2024
2903607,Biritinga,BA,553.762,7,jul,69.36242154032158,OK,1991,2020,30,CHIRPS_v2,UCSB-CHG/CHIRPS/DAILY,1991-2020,IBGE_2024
2902104,Araci,BA,1496.246,7,jul,34.739971225529956,OK,1991,2020,30,CHIRPS_v2,UCSB-CHG/CHIRPS/DAILY,1991-2020,IBGE_2024
2924306,Piatã,BA,1825.855,7,jul,24.252260450908974,OK,1991,2020,30,CHIRPS_v2,UCSB-CHG/CHIRPS/DAILY,1991-2020,IBGE_2024
2923506,Palmeiras,BA,737.797,7,jul,27.085158603605624,OK,1991,2020,30,CHIRPS_v2,UCSB-CHG/CHIRPS/DAILY,1991-2020,IBGE_2024
2930808,Souto Soares,BA,1026.638,7,jul,21.584867332593458,OK,1991,2020,30,CHIRPS_v2,UCSB-CHG/CHIRPS/DAILY,1991-2020,IBGE_2024
2923035,Novo Horizonte,BA,627.5,7,jul,10.464680839336987,OK,1991,2020,30,CHIRPS_v2,UCSB-CHG/CHIRPS/DAILY,1991-2020,IBGE_2024
2914406,Iraquara,BA,991.821,7,jul,23.139766306488188,OK,1991,2020,30,CHIRPS_v2,UCSB-CHG/CHIRPS/DAILY,1991-2020,IBGE_2024
2929909,Seabra,BA,2402.17,7,jul,13.196486150753405,OK,1991,2020,30,CHIRPS_v2,UCSB-CHG/CHIRPS/DAILY,1991-2020,IBGE_2024
2921906,Mucugê,BA,2462.689,7,jul,24.013678998238436,OK,1991,2020,30,CHIRPS_v2,UCSB-CHG/CHIRPS/DAILY,1991-2020,IBGE_2024
2913002,Ibitiara,BA,1834.003,7,jul,2.7202815424455387,OK,1991,2020,30,CHIRPS_v2,UCSB-CHG/CHIRPS/DAILY,1991-2020,IBGE_2024
2904001,Boninal,BA,896.857,7,jul,16.58448231406198,OK,1991,2020,30,CHIRPS_v2,UCSB-CHG/CHIRPS/DAILY,1991-2020,IBGE_2024
2919306,Lençóis,BA,1282.981,7,jul,38.015400386682586,OK,1991,2020,30,CHIRPS_v2,UCSB-CHG/CHIRPS/DAILY,1991-2020,IBGE_2024
3136603,Nova União,MG,172.131,7,jul,9.017077574853786,OK,1991,2020,30,CHIRPS_v2,UCSB-CHG/CHIRPS/DAILY,1991-2020,IBGE_2024
3168309,Taquaraçu de Minas,MG,329.287,7,jul,8.456423752597072,OK,1991,2020,30,CHIRPS_v2,UCSB-CHG/CHIRPS/DAILY,1991-2020,IBGE_2024
3134608,Jaboticatubas,MG,1114.972,7,jul,8.629509636329166,OK,1991,2020,30,CHIRPS_v2,UCSB-CHG/CHIRPS/DAILY,1991-2020,IBGE_2024
3126000,Florestal,MG,194.965,7,jul,7.173435845303696,OK,1991,2020,30,CHIRPS_v2,UCSB-CHG/CHIRPS/DAILY,1991-2020,IBGE_2024
3142304,Moeda,MG,154.129,7,jul,8.838150191904871,OK,1991,2020,30,CHIRPS_v2,UCSB-CHG/CHIRPS/DAILY,1991-2020,IBGE_2024
3140704,Mateus Leme,MG,302.312,7,jul,7.220267357517847,OK,1991,2020,30,CHIRPS_v2,UCSB-CHG/CHIRPS/DAILY,1991-2020,IBGE_2024
3162955,São José da Lapa,MG,48.135,7,jul,8.83403061845129,OK,1991,2020,30,CHIRPS_v2,UCSB-CHG/CHIRPS/DAILY,1991-2020,IBGE_2024
3129806,Ibirité,MG,72.389,7,jul,8.643501656946702,OK,1991,2020,30,CHIRPS_v2,UCSB-CHG/CHIRPS/DAILY,1991-2020,IBGE_2024
3137601,Lagoa Santa,MG,229.741,7,jul,8.598791088694117,OK,1991,2020,30,CHIRPS_v2,UCSB-CHG/CHIRPS/DAILY,1991-2020,IBGE_2024
3153905,Raposos,MG,72.228,7,jul,8.10214425923161,OK,1991,2020,30,CHIRPS_v2,UCSB-CHG/CHIRPS/DAILY,1991-2020,IBGE_2024
3144805,Nova Lima,MG,430.115,7,jul,7.8914838760564034,OK,1991,2020,30,CHIRPS_v2,UCSB-CHG/CHIRPS/DAILY,1991-2020,IBGE_2024
3136652,Juatuba,MG,97.66,7,jul,7.83641608823265,OK,1991,2020,30,CHIRPS_v2,UCSB-CHG/CHIRPS/DAILY,1991-2020,IBGE_2024
3110004,Caeté,MG,542.531,7,jul,8.930980089278245,OK,1991,2020,30,CHIRPS_v2,UCSB-CHG/CHIRPS/DAILY,1991-2020,IBGE_2024
3118601,Contagem,MG,194.732,7,jul,8.346594769392079,OK,1991,2020,30,CHIRPS_v2,UCSB-CHG/CHIRPS/DAILY,1991-2020,IBGE_2024
3117876,Confins,MG,42.462,7,jul,8.803554883091778,OK,1991,2020,30,CHIRPS_v2,UCSB-CHG/CHIRPS/DAILY,1991-2020,IBGE_2024
3109006,Brumadinho,MG,640.63,7,jul,8.661099993636793,OK,1991,2020,30,CHIRPS_v2,UCSB-CHG/CHIRPS/DAILY,1991-2020,IBGE_2024
3157807,Santa Luzia,MG,235.166,7,jul,8.27383117223217,OK,1991,2020,30,CHIRPS_v2,UCSB-CHG/CHIRPS/DAILY,1991-2020,IBGE_2024
3149309,Pedro Leopoldo,MG,292.81,7,jul,8.667799725076915,OK,1991,2020,30,CHIRPS_v2,UCSB-CHG/CHIRPS/DAILY,1991-2020,IBGE_2024
3165537,Sarzedo,MG,62.134,7,jul,8.301002228461282,OK,1991,2020,30,CHIRPS_v2,UCSB-CHG/CHIRPS/DAILY,1991-2020,IBGE_2024
3156700,Sabará,MG,302.453,7,jul,7.218757663051237,OK,1991,2020,30,CHIRPS_v2,UCSB-CHG/CHIRPS/DAILY,1991-2020,IBGE_2024
3124104,Esmeraldas,MG,909.727,7,jul,7.39820206707844,OK,1991,2020,30,CHIRPS_v2,UCSB-CHG/CHIRPS/DAILY,1991-2020,IBGE_2024
3140159,Mário Campos,MG,35.196,7,jul,7.768115389701415,OK,1991,2020,30,CHIRPS_v2,UCSB-CHG/CHIRPS/DAILY,1991-2020,IBGE_2024
3106705,Betim,MG,344.076,7,jul,7.8358655623054405,OK,1991,2020,30,CHIRPS_v2,UCSB-CHG/CHIRPS/DAILY,1991-2020,IBGE_2024
3130101,Igarapé,MG,110.894,7,jul,7.25231887788,OK,1991,2020,30,CHIRPS_v2,UCSB-CHG/CHIRPS/DAILY,1991-2020,IBGE_2024
3162922,São Joaquim de Bicas,MG,71.995,7,jul,7.765977085477266,OK,1991,2020,30,CHIRPS_v2,UCSB-CHG/CHIRPS/DAILY,1991-2020,IBGE_2024
3106200,Belo Horizonte,MG,331.337,7,jul,6.529888307004916,OK,1991,2020,30,CHIRPS_v2,UCSB-CHG/CHIRPS/DAILY,1991-2020,IBGE_2024
3154606,Ribeirão das Neves,MG,155.105,7,jul,8.519704632341455,OK,1991,2020,30,CHIRPS_v2,UCSB-CHG/CHIRPS/DAILY,1991-2020,IBGE_2024
3171204,Vespasiano,MG,70.456,7,jul,8.56600067973105,OK,1991,2020,30,CHIRPS_v2,UCSB-CHG/CHIRPS/DAILY,1991-2020,IBGE_2024
3154804,Rio Acima,MG,228.899,7,jul,7.777421020886691,OK,1991,2020,30,CHIRPS_v2,UCSB-CHG/CHIRPS/DAILY,1991-2020,IBGE_2024
3153608,Prudente de Morais,MG,124.189,7,jul,9.003052602869076,OK,1991,2020,30,CHIRPS_v2,UCSB-CHG/CHIRPS/DAILY,1991-2020,IBGE_2024
3167202,Sete Lagoas,MG,536.928,7,jul,8.509781958783112,OK,1991,2020,30,CHIRPS_v2,UCSB-CHG/CHIRPS/DAILY,1991-2020,IBGE_2024
3131000,Inhaúma,MG,244.996,7,jul,7.00971891823407,OK,1991,2020,30,CHIRPS_v2,UCSB-CHG/CHIRPS/DAILY,1991-2020,IBGE_2024
3105004,Baldim,MG,556.266,7,jul,8.846799509917851,OK,1991,2020,30,CHIRPS_v2,UCSB-CHG/CHIRPS/DAILY,1991-2020,IBGE_2024
3112505,Capim Branco,MG,95.333,7,jul,8.420196391311748,OK,1991,2020,30,CHIRPS_v2,UCSB-CHG/CHIRPS/DAILY,1991-2020,IBGE_2024
3135704,Jequitibá,MG,445.03,7,jul,8.490459626596486,OK,1991,2020,30,CHIRPS_v2,UCSB-CHG/CHIRPS/DAILY,1991-2020,IBGE_2024
3103207,Araçaí,MG,187.53,7,jul,9.463008514029003,OK,1991,2020,30,CHIRPS_v2,UCSB-CHG/CHIRPS/DAILY,1991-2020,IBGE_2024
3118908,Cordisburgo,MG,823.654,7,jul,6.983518161897596,OK,1991,2020,30,CHIRPS_v2,UCSB-CHG/CHIRPS/DAILY,1991-2020,IBGE_2024
3143708,Morro do Pilar,MG,477.548,7,jul,9.36089564483274,OK,1991,2020,30,CHIRPS_v2,UCSB-CHG/CHIRPS/DAILY,1991-2020,IBGE_2024
3127206,Funilândia,MG,199.797,7,jul,9.668794814210363,OK,1991,2020,30,CHIRPS_v2,UCSB-CHG/CHIRPS/DAILY,1991-2020,IBGE_2024
3126406,Fortuna de Minas,MG,198.665,7,jul,5.445731877957112,OK,1991,2020,30,CHIRPS_v2,UCSB-CHG/CHIRPS/DAILY,1991-2020,IBGE_2024
3109600,Cachoeira da Prata,MG,61.425,7,jul,5.826507722315592,OK,1991,2020,30,CHIRPS_v2,UCSB-CHG/CHIRPS/DAILY,1991-2020,IBGE_2024
3159001,Santana do Riacho,MG,677.207,7,jul,8.78664117112414,OK,1991,2020,30,CHIRPS_v2,UCSB-CHG/CHIRPS/DAILY,1991-2020,IBGE_2024
3118106,Congonhas do Norte,MG,405.671,7,jul,8.475093437415616,OK,1991,2020,30,CHIRPS_v2,UCSB-CHG/CHIRPS/DAILY,1991-2020,IBGE_2024
3109907,Caetanópolis,MG,156.039,7,jul,8.421119690683705,OK,1991,2020,30,CHIRPS_v2,UCSB-CHG/CHIRPS/DAILY,1991-2020,IBGE_2024
3158508,Santana de Pirapama,MG,1255.832,7,jul,7.425854262522223,OK,1991,2020,30,CHIRPS_v2,UCSB-CHG/CHIRPS/DAILY,1991-2020,IBGE_2024
3117504,Conceição do Mato Dentro,MG,1720.04,7,jul,8.661264893949117,OK,1991,2020,30,CHIRPS_v2,UCSB-CHG/CHIRPS/DAILY,1991-2020,IBGE_2024
3141108,Matozinhos,MG,252.453,7,jul,8.704716130266895,OK,1991,2020,30,CHIRPS_v2,UCSB-CHG/CHIRPS/DAILY,1991-2020,IBGE_2024
3147402,Paraopeba,MG,625.631,7,jul,8.2486330031371,OK,1991,2020,30,CHIRPS_v2,UCSB-CHG/CHIRPS/DAILY,1991-2020,IBGE_2024
3146107,Ouro Preto,MG,1246.068,7,jul,9.23441484614942,OK,1991,2020,30,CHIRPS_v2,UCSB-CHG/CHIRPS/DAILY,1991-2020,IBGE_2024
3157203,Santa Bárbara,MG,684.505,7,jul,8.577950298001145,OK,1991,2020,30,CHIRPS_v2,UCSB-CHG/CHIRPS/DAILY,1991-2020,IBGE_2024
3131901,Itabirito,MG,544.535,7,jul,8.350749978681293,OK,1991,2020,30,CHIRPS_v2,UCSB-CHG/CHIRPS/DAILY,1991-2020,IBGE_2024
3115359,Catas Altas,MG,240.042,7,jul,8.834399889324404,OK,1991,2020,30,CHIRPS_v2,UCSB-CHG/CHIRPS/DAILY,1991-2020,IBGE_2024
3140001,Mariana,MG,1194.208,7,jul,9.661101799229707,OK,1991,2020,30,CHIRPS_v2,UCSB-CHG/CHIRPS/DAILY,1991-2020,IBGE_2024
3105400,Barão de Cocais,MG,340.14,7,jul,9.43363327783449,OK,1991,2020,30,CHIRPS_v2,UCSB-CHG/CHIRPS/DAILY,1991-2020,IBGE_2024
3120904,Curvelo,MG,3296.2,7,jul,3.5736993837540694,OK,1991,2020,30,CHIRPS_v2,UCSB-CHG/CHIRPS/DAILY,1991-2020,IBGE_2024
3104809,Augusto de Lima,MG,1254.832,7,jul,1.97149502110093,OK,1991,2020,30,CHIRPS_v2,UCSB-CHG/CHIRPS/DAILY,1991-2020,IBGE_2024
3153202,Presidente Juscelino,MG,695.882,7,jul,6.087000677675414,OK,1991,2020,30,CHIRPS_v2,UCSB-CHG/CHIRPS/DAILY,1991-2020,IBGE_2024
3160603,Santo Hipólito,MG,430.656,7,jul,3.364078234864859,OK,1991,2020,30,CHIRPS_v2,UCSB-CHG/CHIRPS/DAILY,1991-2020,IBGE_2024
3119104,Corinto,MG,2525.397,7,jul,3.7085426803500696,OK,1991,2020,30,CHIRPS_v2,UCSB-CHG/CHIRPS/DAILY,1991-2020,IBGE_2024
3143609,Morro da Garça,MG,414.772,7,jul,3.8985038001607464,OK,1991,2020,30,CHIRPS_v2,UCSB-CHG/CHIRPS/DAILY,1991-2020,IBGE_2024
3142502,Monjolos,MG,650.911,7,jul,4.1571250547604714,OK,1991,2020,30,CHIRPS_v2,UCSB-CHG/CHIRPS/DAILY,1991-2020,IBGE_2024
3109204,Buenópolis,MG,1599.881,7,jul,1.448273591534416,OK,1991,2020,30,CHIRPS_v2,UCSB-CHG/CHIRPS/DAILY,1991-2020,IBGE_2024
3131109,Inimutaba,MG,527.06,7,jul,2.7015234133877155,OK,1991,2020,30,CHIRPS_v2,UCSB-CHG/CHIRPS/DAILY,1991-2020,IBGE_2024
3131703,Itabira,MG,1254.607,7,jul,6.697833905862704,OK,1991,2020,30,CHIRPS_v2,UCSB-CHG/CHIRPS/DAILY,1991-2020,IBGE_2024
3113800,Carmésia,MG,259.103,7,jul,10.258772582799685,OK,1991,2020,30,CHIRPS_v2,UCSB-CHG/CHIRPS/DAILY,1991-2020,IBGE_2024
3160504,Santo Antônio do Rio Abaixo,MG,107.269,7,jul,8.95913496393261,OK,1991,2020,30,CHIRPS_v2,UCSB-CHG/CHIRPS/DAILY,1991-2020,IBGE_2024
3125903,Ferros,MG,1088.791,7,jul,9.204867161215349,OK,1991,2020,30,CHIRPS_v2,UCSB-CHG/CHIRPS/DAILY,1991-2020,IBGE_2024
3158003,Santa Maria de Itabira,MG,597.441,7,jul,6.103103356798122,OK,1991,2020,30,CHIRPS_v2,UCSB-CHG/CHIRPS/DAILY,1991-2020,IBGE_2024
3132800,Itambé do Mato Dentro,MG,380.34,7,jul,7.891623206408926,OK,1991,2020,30,CHIRPS_v2,UCSB-CHG/CHIRPS/DAILY,1991-2020,IBGE_2024
3164803,São Sebastião do Rio Preto,MG,128.002,7,jul,8.38772598681139,OK,1991,2020,30,CHIRPS_v2,UCSB-CHG/CHIRPS/DAILY,1991-2020,IBGE_2024
3107703,Bom Jesus do Amparo,MG,195.611,7,jul,8.547622518414247,OK,1991,2020,30,CHIRPS_v2,UCSB-CHG/CHIRPS/DAILY,1991-2020,IBGE_2024
3147501,Passabém,MG,94.183,7,jul,6.88636189983298,OK,1991,2020,30,CHIRPS_v2,UCSB-CHG/CHIRPS/DAILY,1991-2020,IBGE_2024
3143302,Montes Claros,MG,3589.811,7,jul,0.4323191079673852,OK,1991,2020,30,CHIRPS_v2,UCSB-CHG/CHIRPS/DAILY,1991-2020,IBGE_2024
3129657,Ibiracatu,MG,353.257,7,jul,0.2782185619465377,OK,1991,2020,30,CHIRPS_v2,UCSB-CHG/CHIRPS/DAILY,1991-2020,IBGE_2024
3162401,São João da Ponte,MG,1851.102,7,jul,0.33434485956135035,OK,1991,2020,30,CHIRPS_v2,UCSB-CHG/CHIRPS/DAILY,1991-2020,IBGE_2024
3162252,São João da Lagoa,MG,998.015,7,jul,0.41684166281765545,OK,1991,2020,30,CHIRPS_v2,UCSB-CHG/CHIRPS/DAILY,1991-2020,IBGE_2024
3162658,São João do Pacuí,MG,415.922,7,jul,0.3870368832646301,OK,1991,2020,30,CHIRPS_v2,UCSB-CHG/CHIRPS/DAILY,1991-2020,IBGE_2024
3145455,Olhos-d'Água,MG,2092.078,7,jul,1.0125225040688823,OK,1991,2020,30,CHIRPS_v2,UCSB-CHG/CHIRPS/DAILY,1991-2020,IBGE_2024
3137304,Lagoa dos Patos,MG,600.547,7,jul,0.5111848568079779,OK,1991,2020,30,CHIRPS_v2,UCSB-CHG/CHIRPS/DAILY,1991-2020,IBGE_2024
3112703,Capitão Enéas,MG,971.576,7,jul,0.2893853008016112,OK,1991,2020,30,CHIRPS_v2,UCSB-CHG/CHIRPS/DAILY,1991-2020,IBGE_2024
3136801,Juramento,MG,431.63,7,jul,0.6292588428305935,OK,1991,2020,30,CHIRPS_v2,UCSB-CHG/CHIRPS/DAILY,1991-2020,IBGE_2024
3120300,Cristália,MG,840.702,7,jul,2.590062355081224,OK,1991,2020,30,CHIRPS_v2,UCSB-CHG/CHIRPS/DAILY,1991-2020,IBGE_2024
3136579,Josenópolis,MG,541.393,7,jul,4.1648520617657905,OK,1991,2020,30,CHIRPS_v2,UCSB-CHG/CHIRPS/DAILY,1991-2020,IBGE_2024
3128253,Guaraciama,MG,390.263,7,jul,0.5877042628766245,OK,1991,2020,30,CHIRPS_v2,UCSB-CHG/CHIRPS/DAILY,1991-2020,IBGE_2024
3136405,Joaquim Felício,MG,790.935,7,jul,1.0488107309379266,OK,1991,2020,30,CHIRPS_v2,UCSB-CHG/CHIRPS/DAILY,1991-2020,IBGE_2024
3135605,Jequitaí,MG,1268.443,7,jul,0.5538293178071979,OK,1991,2020,30,CHIRPS_v2,UCSB-CHG/CHIRPS/DAILY,1991-2020,IBGE_2024
3111150,Campo Azul,MG,505.914,7,jul,0.527441784405575,OK,1991,2020,30,CHIRPS_v2,UCSB-CHG/CHIRPS/DAILY,1991-2020,IBGE_2024
3127800,Grão Mogol,MG,3885.294,7,jul,1.7493995068626482,OK,1991,2020,30,CHIRPS_v2,UCSB-CHG/CHIRPS/DAILY,1991-2020,IBGE_2024
3118809,Coração de Jesus,MG,2225.216,7,jul,0.43015936277455374,OK,1991,2020,30,CHIRPS_v2,UCSB-CHG/CHIRPS/DAILY,1991-2020,IBGE_2024
3127354,Glaucilândia,MG,145.861,7,jul,0.5148993758290541,OK,1991,2020,30,CHIRPS_v2,UCSB-CHG/CHIRPS/DAILY,1991-2020,IBGE_2024
3135357,Japonvar,MG,375.181,7,jul,0.4189899875121234,OK,1991,2020,30,CHIRPS_v2,UCSB-CHG/CHIRPS/DAILY,1991-2020,IBGE_2024
3126604,Francisco Dumont,MG,1576.128,7,jul,0.9831840416239206,OK,1991,2020,30,CHIRPS_v2,UCSB-CHG/CHIRPS/DAILY,1991-2020,IBGE_2024
3126703,Francisco Sá,MG,2747.295,7,jul,0.3669234439852632,OK,1991,2020,30,CHIRPS_v2,UCSB-CHG/CHIRPS/DAILY,1991-2020,IBGE_2024
3142007,Mirabela,MG,723.278,7,jul,0.34250514246955144,OK,1991,2020,30,CHIRPS_v2,UCSB-CHG/CHIRPS/DAILY,1991-2020,IBGE_2024
3108602,Brasília de Minas,MG,1399.484,7,jul,0.35866633284023514,OK,1991,2020,30,CHIRPS_v2,UCSB-CHG/CHIRPS/DAILY,1991-2020,IBGE_2024
3108503,Botumirim,MG,1568.884,7,jul,2.904401761310127,OK,1991,2020,30,CHIRPS_v2,UCSB-CHG/CHIRPS/DAILY,1991-2020,IBGE_2024
3116506,Claro dos Poções,MG,720.424,7,jul,0.49642615351458974,OK,1991,2020,30,CHIRPS_v2,UCSB-CHG/CHIRPS/DAILY,1991-2020,IBGE_2024
3132008,Itacambira,MG,1788.445,7,jul,1.4034020638880476,OK,1991,2020,30,CHIRPS_v2,UCSB-CHG/CHIRPS/DAILY,1991-2020,IBGE_2024
3123809,Engenheiro Navarro,MG,608.306,7,jul,0.6411179492564654,OK,1991,2020,30,CHIRPS_v2,UCSB-CHG/CHIRPS/DAILY,1991-2020,IBGE_2024
3147956,Patis,MG,444.196,7,jul,0.5090843530578527,OK,1991,2020,30,CHIRPS_v2,UCSB-CHG/CHIRPS/DAILY,1991-2020,IBGE_2024
3107307,Bocaiúva,MG,3206.757,7,jul,0.7925785401673185,OK,1991,2020,30,CHIRPS_v2,UCSB-CHG/CHIRPS/DAILY,1991-2020,IBGE_2024
3138682,Luislândia,MG,411.714,7,jul,0.4887333700011785,OK,1991,2020,30,CHIRPS_v2,UCSB-CHG/CHIRPS/DAILY,1991-2020,IBGE_2024
3138658,Lontra,MG,258.925,7,jul,0.43332701770952775,OK,1991,2020,30,CHIRPS_v2,UCSB-CHG/CHIRPS/DAILY,1991-2020,IBGE_2024
3170909,Varzelândia,MG,814.994,7,jul,0.2380107827645507,OK,1991,2020,30,CHIRPS_v2,UCSB-CHG/CHIRPS/DAILY,1991-2020,IBGE_2024
3145059,Nova Porteirinha,MG,120.944,7,jul,0.09491736695866268,OK,1991,2020,30,CHIRPS_v2,UCSB-CHG/CHIRPS/DAILY,1991-2020,IBGE_2024
3152204,Porteirinha,MG,1749.683,7,jul,0.2811338167350653,OK,1991,2020,30,CHIRPS_v2,UCSB-CHG/CHIRPS/DAILY,1991-2020,IBGE_2024
3135100,Janaúba,MG,2181.319,7,jul,0.23523091781440694,OK,1991,2020,30,CHIRPS_v2,UCSB-CHG/CHIRPS/DAILY,1991-2020,IBGE_2024
3135050,Jaíba,MG,2635.467,7,jul,0.0651899799878714,OK,1991,2020,30,CHIRPS_v2,UCSB-CHG/CHIRPS/DAILY,1991-2020,IBGE_2024
3166956,Serranópolis de Minas,MG,551.954,7,jul,1.0476336815922256,OK,1991,2020,30,CHIRPS_v2,UCSB-CHG/CHIRPS/DAILY,1991-2020,IBGE_2024
3142254,Miravânia,MG,602.128,7,jul,0.2631404953116982,OK,1991,2020,30,CHIRPS_v2,UCSB-CHG/CHIRPS/DAILY,1991-2020,IBGE_2024
3140852,Matias Cardoso,MG,1940.597,7,jul,0.08163072994042635,OK,1991,2020,30,CHIRPS_v2,UCSB-CHG/CHIRPS/DAILY,1991-2020,IBGE_2024
3139300,Manga,MG,1950.184,7,jul,0.19737475766674906,OK,1991,2020,30,CHIRPS_v2,UCSB-CHG/CHIRPS/DAILY,1991-2020,IBGE_2024
3146552,Pai Pedro,MG,839.805,7,jul,0.04432456611547784,OK,1991,2020,30,CHIRPS_v2,UCSB-CHG/CHIRPS/DAILY,1991-2020,IBGE_2024
3171030,Verdelândia,MG,1570.582,7,jul,0.15826612269606197,OK,1991,2020,30,CHIRPS_v2,UCSB-CHG/CHIRPS/DAILY,1991-2020,IBGE_2024
3154507,Riacho dos Machados,MG,1315.54,7,jul,0.8995636603995587,OK,1991,2020,30,CHIRPS_v2,UCSB-CHG/CHIRPS/DAILY,1991-2020,IBGE_2024
3146255,Padre Carvalho,MG,446.275,7,jul,3.997398926477891,OK,1991,2020,30,CHIRPS_v2,UCSB-CHG/CHIRPS/DAILY,1991-2020,IBGE_2024
3170651,Vargem Grande do Rio Pardo,MG,491.512,7,jul,4.787240628466479,OK,1991,2020,30,CHIRPS_v2,UCSB-CHG/CHIRPS/DAILY,1991-2020,IBGE_2024
3120870,Curral de Dentro,MG,570.95,7,jul,11.07687097769854,OK,1991,2020,30,CHIRPS_v2,UCSB-CHG/CHIRPS/DAILY,1991-2020,IBGE_2024
3145372,Novorizonte,MG,271.61,7,jul,3.585416444255737,OK,1991,2020,30,CHIRPS_v2,UCSB-CHG/CHIRPS/DAILY,1991-2020,IBGE_2024
3144656,Ninheira,MG,1108.27,7,jul,8.149359093959143,OK,1991,2020,30,CHIRPS_v2,UCSB-CHG/CHIRPS/DAILY,1991-2020,IBGE_2024
3168002,Taiobeiras,MG,1220.045,7,jul,6.423581176115657,OK,1991,2020,30,CHIRPS_v2,UCSB-CHG/CHIRPS/DAILY,1991-2020,IBGE_2024
3127073,Fruta de Leite,MG,762.837,7,jul,2.871520588121114,OK,1991,2020,30,CHIRPS_v2,UCSB-CHG/CHIRPS/DAILY,1991-2020,IBGE_2024
3157377,Santa Cruz de Salinas,MG,589.607,7,jul,7.69284456039566,OK,1991,2020,30,CHIRPS_v2,UCSB-CHG/CHIRPS/DAILY,1991-2020,IBGE_2024
3157005,Salinas,MG,1862.117,7,jul,3.446755951697778,OK,1991,2020,30,CHIRPS_v2,UCSB-CHG/CHIRPS/DAILY,1991-2020,IBGE_2024
3156502,Rubelita,MG,1110.295,7,jul,4.259312988874639,OK,1991,2020,30,CHIRPS_v2,UCSB-CHG/CHIRPS/DAILY,1991-2020,IBGE_2024
3155603,Rio Pardo de Minas,MG,3117.675,7,jul,5.094435535137867,OK,1991,2020,30,CHIRPS_v2,UCSB-CHG/CHIRPS/DAILY,1991-2020,IBGE_2024
3106655,Berizal,MG,488.756,7,jul,11.10222602447575,OK,1991,2020,30,CHIRPS_v2,UCSB-CHG/CHIRPS/DAILY,1991-2020,IBGE_2024
3130655,Indaiabira,MG,1004.149,7,jul,5.508319126101556,OK,1991,2020,30,CHIRPS_v2,UCSB-CHG/CHIRPS/DAILY,1991-2020,IBGE_2024
3162708,São João do Paraíso,MG,1925.575,7,jul,5.246523768679361,OK,1991,2020,30,CHIRPS_v2,UCSB-CHG/CHIRPS/DAILY,1991-2020,IBGE_2024
3162450,São João das Missões,MG,678.274,7,jul,0.2925402368873651,OK,1991,2020,30,CHIRPS_v2,UCSB-CHG/CHIRPS/DAILY,1991-2020,IBGE_2024
3136959,Juvenília,MG,1064.692,7,jul,0.21654044999987923,OK,1991,2020,30,CHIRPS_v2,UCSB-CHG/CHIRPS/DAILY,1991-2020,IBGE_2024
3135209,Januária,MG,6661.588,7,jul,0.2665153880828501,OK,1991,2020,30,CHIRPS_v2,UCSB-CHG/CHIRPS/DAILY,1991-2020,IBGE_2024
3117836,Cônego Marinho,MG,1610.469,7,jul,0.24504634019887986,OK,1991,2020,30,CHIRPS_v2,UCSB-CHG/CHIRPS/DAILY,1991-2020,IBGE_2024
3142700,Montalvânia,MG,1503.755,7,jul,0.17562787625142684,OK,1991,2020,30,CHIRPS_v2,UCSB-CHG/CHIRPS/DAILY,1991-2020,IBGE_2024
3149150,Pedras de Maria da Cruz,MG,1525.648,7,jul,0.2362245577832824,OK,1991,2020,30,CHIRPS_v2,UCSB-CHG/CHIRPS/DAILY,1991-2020,IBGE_2024
3132107,Itacarambi,MG,1225.273,7,jul,0.2230463879817383,OK,1991,2020,30,CHIRPS_v2,UCSB-CHG/CHIRPS/DAILY,1991-2020,IBGE_2024
3108255,Bonito de Minas,MG,3936.455,7,jul,0.2917310613478366,OK,1991,2020,30,CHIRPS_v2,UCSB-CHG/CHIRPS/DAILY,1991-2020,IBGE_2024
3151206,Pirapora,MG,549.514,7,jul,1.1409000972924204,OK,1991,2020,30,CHIRPS_v2,UCSB-CHG/CHIRPS/DAILY,1991-2020,IBGE_2024
3170008,Ubaí,MG,820.524,7,jul,0.5119515847744833,OK,1991,2020,30,CHIRPS_v2,UCSB-CHG/CHIRPS/DAILY,1991-2020,IBGE_2024
3161106,São Francisco,MG,3308.1,7,jul,0.46650992760233906,OK,1991,2020,30,CHIRPS_v2,UCSB-CHG/CHIRPS/DAILY,1991-2020,IBGE_2024
3130051,Icaraí de Minas,MG,625.664,7,jul,0.5791360684202568,OK,1991,2020,30,CHIRPS_v2,UCSB-CHG/CHIRPS/DAILY,1991-2020,IBGE_2024
3160454,Santo Antônio do Retiro,MG,796.29,7,jul,3.963581638038158,OK,1991,2020,30,CHIRPS_v2,UCSB-CHG/CHIRPS/DAILY,1991-2020,IBGE_2024
3143450,Montezuma,MG,1130.419,7,jul,4.026187578744167,OK,1991,2020,30,CHIRPS_v2,UCSB-CHG/CHIRPS/DAILY,1991-2020,IBGE_2024
3127339,Gameleiras,MG,1733.203,7,jul,0.12805979286584687,OK,1991,2020,30,CHIRPS_v2,UCSB-CHG/CHIRPS/DAILY,1991-2020,IBGE_2024
3142908,Monte Azul,MG,1001.296,7,jul,1.4703050791694494,OK,1991,2020,30,CHIRPS_v2,UCSB-CHG/CHIRPS/DAILY,1991-2020,IBGE_2024
3124302,Espinosa,MG,1868.97,7,jul,1.159537222830064,OK,1991,2020,30,CHIRPS_v2,UCSB-CHG/CHIRPS/DAILY,1991-2020,IBGE_2024
3141009,Mato Verde,MG,472.245,7,jul,0.47471265421978803,OK,1991,2020,30,CHIRPS_v2,UCSB-CHG/CHIRPS/DAILY,1991-2020,IBGE_2024
3115474,Catuti,MG,287.812,7,jul,0.07269552341739208,OK,1991,2020,30,CHIRPS_v2,UCSB-CHG/CHIRPS/DAILY,1991-2020,IBGE_2024
3139250,Mamonas,MG,284.365,7,jul,2.412856050408057,OK,1991,2020,30,CHIRPS_v2,UCSB-CHG/CHIRPS/DAILY,1991-2020,IBGE_2024
3168606,Teófilo Otoni,MG,3242.27,7,jul,26.39065664722287,OK,1991,2020,30,CHIRPS_v2,UCSB-CHG/CHIRPS/DAILY,1991-2020,IBGE_2024
3146206,Ouro Verde de Minas,MG,175.482,7,jul,26.593933804184488,OK,1991,2020,30,CHIRPS_v2,UCSB-CHG/CHIRPS/DAILY,1991-2020,IBGE_2024
3146305,Padre Paraíso,MG,544.375,7,jul,18.57236894547399,OK,1991,2020,30,CHIRPS_v2,UCSB-CHG/CHIRPS/DAILY,1991-2020,IBGE_2024
3145307,Novo Cruzeiro,MG,1702.981,7,jul,15.088889514656016,OK,1991,2020,30,CHIRPS_v2,UCSB-CHG/CHIRPS/DAILY,1991-2020,IBGE_2024
3145356,Novo Oriente de Minas,MG,755.151,7,jul,29.37100036856029,OK,1991,2020,30,CHIRPS_v2,UCSB-CHG/CHIRPS/DAILY,1991-2020,IBGE_2024
3113008,Caraí,MG,1242.345,7,jul,20.33478404829697,OK,1991,2020,30,CHIRPS_v2,UCSB-CHG/CHIRPS/DAILY,1991-2020,IBGE_2024
3144904,Nova Módica,MG,375.973,7,jul,15.832684331009931,OK,1991,2020,30,CHIRPS_v2,UCSB-CHG/CHIRPS/DAILY,1991-2020,IBGE_2024
3104700,Ataléia,MG,1836.933,7,jul,28.29566551818029,OK,1991,2020,30,CHIRPS_v2,UCSB-CHG/CHIRPS/DAILY,1991-2020,IBGE_2024
3137007,Ladainha,MG,866.29,7,jul,17.35810008675405,OK,1991,2020,30,CHIRPS_v2,UCSB-CHG/CHIRPS/DAILY,1991-2020,IBGE_2024
3144300,Nanuque,MG,1518.166,7,jul,46.49923454891724,OK,1991,2020,30,CHIRPS_v2,UCSB-CHG/CHIRPS/DAILY,1991-2020,IBGE_2024
3152170,Ponto dos Volantes,MG,1212.413,7,jul,15.472170437442966,OK,1991,2020,30,CHIRPS_v2,UCSB-CHG/CHIRPS/DAILY,1991-2020,IBGE_2024
3152402,Poté,MG,625.111,7,jul,16.192385048930326,OK,1991,2020,30,CHIRPS_v2,UCSB-CHG/CHIRPS/DAILY,1991-2020,IBGE_2024
3110806,Campanário,MG,442.398,7,jul,12.02388328540465,OK,1991,2020,30,CHIRPS_v2,UCSB-CHG/CHIRPS/DAILY,1991-2020,IBGE_2024
3143153,Monte Formoso,MG,385.553,7,jul,20.38109774847843,OK,1991,2020,30,CHIRPS_v2,UCSB-CHG/CHIRPS/DAILY,1991-2020,IBGE_2024
3126752,Franciscópolis,MG,717.087,7,jul,10.14812739067501,OK,1991,2020,30,CHIRPS_v2,UCSB-CHG/CHIRPS/DAILY,1991-2020,IBGE_2024
3126802,Frei Gaspar,MG,626.672,7,jul,18.38856669654483,OK,1991,2020,30,CHIRPS_v2,UCSB-CHG/CHIRPS/DAILY,1991-2020,IBGE_2024
3150000,Pescador,MG,317.463,7,jul,15.280670938929264,OK,1991,2020,30,CHIRPS_v2,UCSB-CHG/CHIRPS/DAILY,1991-2020,IBGE_2024
3166709,Serra dos Aimorés,MG,213.574,7,jul,58.354644677225075,OK,1991,2020,30,CHIRPS_v2,UCSB-CHG/CHIRPS/DAILY,1991-2020,IBGE_2024
3133303,Itaobim,MG,679.024,7,jul,8.056680908383719,OK,1991,2020,30,CHIRPS_v2,UCSB-CHG/CHIRPS/DAILY,1991-2020,IBGE_2024
3132701,Itambacuri,MG,1419.209,7,jul,11.246989177854257,OK,1991,2020,30,CHIRPS_v2,UCSB-CHG/CHIRPS/DAILY,1991-2020,IBGE_2024
3165552,Setubinha,MG,534.655,7,jul,13.197740732891395,OK,1991,2020,30,CHIRPS_v2,UCSB-CHG/CHIRPS/DAILY,1991-2020,IBGE_2024
3148509,Pavão,MG,601.19,7,jul,33.88527274053571,OK,1991,2020,30,CHIRPS_v2,UCSB-CHG/CHIRPS/DAILY,1991-2020,IBGE_2024
3132305,Itaipé,MG,480.829,7,jul,21.305880929857665,OK,1991,2020,30,CHIRPS_v2,UCSB-CHG/CHIRPS/DAILY,1991-2020,IBGE_2024
3115458,Catuji,MG,419.38,7,jul,23.5739300153163,OK,1991,2020,30,CHIRPS_v2,UCSB-CHG/CHIRPS/DAILY,1991-2020,IBGE_2024
3139201,Malacacheta,MG,727.886,7,jul,11.569008850354352,OK,1991,2020,30,CHIRPS_v2,UCSB-CHG/CHIRPS/DAILY,1991-2020,IBGE_2024
3163300,São José do Divino,MG,328.704,7,jul,19.490190998575965,OK,1991,2020,30,CHIRPS_v2,UCSB-CHG/CHIRPS/DAILY,1991-2020,IBGE_2024
3113701,Carlos Chagas,MG,3202.984,7,jul,40.08962844005241,OK,1991,2020,30,CHIRPS_v2,UCSB-CHG/CHIRPS/DAILY,1991-2020,IBGE_2024
3104452,Aricanduva,MG,243.329,7,jul,8.612877002799715,OK,1991,2020,30,CHIRPS_v2,UCSB-CHG/CHIRPS/DAILY,1991-2020,IBGE_2024
3169703,Turmalina,MG,1153.111,7,jul,3.7968379101514214,OK,1991,2020,30,CHIRPS_v2,UCSB-CHG/CHIRPS/DAILY,1991-2020,IBGE_2024
3112307,Capelinha,MG,965.292,7,jul,8.838836127677448,OK,1991,2020,30,CHIRPS_v2,UCSB-CHG/CHIRPS/DAILY,1991-2020,IBGE_2024
3102852,Angelândia,MG,185.211,7,jul,11.299642482503728,OK,1991,2020,30,CHIRPS_v2,UCSB-CHG/CHIRPS/DAILY,1991-2020,IBGE_2024
3141801,Minas Novas,MG,1812.398,7,jul,8.052841335464699,OK,1991,2020,30,CHIRPS_v2,UCSB-CHG/CHIRPS/DAILY,1991-2020,IBGE_2024
3100609,Água Boa,MG,1320.344,7,jul,8.541093657556427,OK,1991,2020,30,CHIRPS_v2,UCSB-CHG/CHIRPS/DAILY,1991-2020,IBGE_2024
3132503,Itamarandiba,MG,2735.665,7,jul,7.31923086798599,OK,1991,2020,30,CHIRPS_v2,UCSB-CHG/CHIRPS/DAILY,1991-2020,IBGE_2024
3116100,Chapada do Norte,MG,830.833,7,jul,6.019617347022814,OK,1991,2020,30,CHIRPS_v2,UCSB-CHG/CHIRPS/DAILY,1991-2020,IBGE_2024
3171071,Veredinha,MG,631.691,7,jul,4.871779552802118,OK,1991,2020,30,CHIRPS_v2,UCSB-CHG/CHIRPS/DAILY,1991-2020,IBGE_2024
3138351,Leme do Prado,MG,280.036,7,jul,4.217621971162273,OK,1991,2020,30,CHIRPS_v2,UCSB-CHG/CHIRPS/DAILY,1991-2020,IBGE_2024
3105202,Bandeira,MG,483.789,7,jul,39.571446171144174,OK,1991,2020,30,CHIRPS_v2,UCSB-CHG/CHIRPS/DAILY,1991-2020,IBGE_2024
3136504,Jordânia,MG,546.705,7,jul,25.50634029704354,OK,1991,2020,30,CHIRPS_v2,UCSB-CHG/CHIRPS/DAILY,1991-2020,IBGE_2024
3135803,Jequitinhonha,MG,3514.216,7,jul,20.81036062097757,OK,1991,2020,30,CHIRPS_v2,UCSB-CHG/CHIRPS/DAILY,1991-2020,IBGE_2024
3160306,Santo Antônio do Jacinto,MG,503.706,7,jul,38.600864595093995,OK,1991,2020,30,CHIRPS_v2,UCSB-CHG/CHIRPS/DAILY,1991-2020,IBGE_2024
3136009,Joaíma,MG,1664.19,7,jul,26.42479249888765,OK,1991,2020,30,CHIRPS_v2,UCSB-CHG/CHIRPS/DAILY,1991-2020,IBGE_2024
3134707,Jacinto,MG,1393.609,7,jul,27.795695114165657,OK,1991,2020,30,CHIRPS_v2,UCSB-CHG/CHIRPS/DAILY,1991-2020,IBGE_2024
3101706,Almenara,MG,2294.426,7,jul,36.506076580565214,OK,1991,2020,30,CHIRPS_v2,UCSB-CHG/CHIRPS/DAILY,1991-2020,IBGE_2024
3158102,Santa Maria do Salto,MG,440.605,7,jul,47.75337961280296,OK,1991,2020,30,CHIRPS_v2,UCSB-CHG/CHIRPS/DAILY,1991-2020,IBGE_2024
3125606,Felisburgo,MG,596.215,7,jul,36.29335317680444,OK,1991,2020,30,CHIRPS_v2,UCSB-CHG/CHIRPS/DAILY,1991-2020,IBGE_2024
3157104,Salto da Divisa,MG,938.008,7,jul,41.56504651073462,OK,1991,2020,30,CHIRPS_v2,UCSB-CHG/CHIRPS/DAILY,1991-2020,IBGE_2024
3156601,Rubim,MG,965.174,7,jul,31.221642515423362,OK,1991,2020,30,CHIRPS_v2,UCSB-CHG/CHIRPS/DAILY,1991-2020,IBGE_2024
3140555,Mata Verde,MG,227.539,7,jul,41.56341825561775,OK,1991,2020,30,CHIRPS_v2,UCSB-CHG/CHIRPS/DAILY,1991-2020,IBGE_2024
3155108,Rio do Prado,MG,479.815,7,jul,37.33525272240725,OK,1991,2020,30,CHIRPS_v2,UCSB-CHG/CHIRPS/DAILY,1991-2020,IBGE_2024
3146750,Palmópolis,MG,433.154,7,jul,39.617449504100655,OK,1991,2020,30,CHIRPS_v2,UCSB-CHG/CHIRPS/DAILY,1991-2020,IBGE_2024
3121605,Diamantina,MG,3891.659,7,jul,2.5256818260125,OK,1991,2020,30,CHIRPS_v2,UCSB-CHG/CHIRPS/DAILY,1991-2020,IBGE_2024
3113503,Carbonita,MG,1456.095,7,jul,2.0588888511323034,OK,1991,2020,30,CHIRPS_v2,UCSB-CHG/CHIRPS/DAILY,1991-2020,IBGE_2024
3121001,Datas,MG,310.099,7,jul,4.681997739986132,OK,1991,2020,30,CHIRPS_v2,UCSB-CHG/CHIRPS/DAILY,1991-2020,IBGE_2024
3153301,Presidente Kubitschek,MG,189.235,7,jul,6.722591998760296,OK,1991,2020,30,CHIRPS_v2,UCSB-CHG/CHIRPS/DAILY,1991-2020,IBGE_2024
3120102,Couto de Magalhães de Minas,MG,485.654,7,jul,4.099010284379537,OK,1991,2020,30,CHIRPS_v2,UCSB-CHG/CHIRPS/DAILY,1991-2020,IBGE_2024
3127602,Gouveia,MG,866.601,7,jul,6.066342754312941,OK,1991,2020,30,CHIRPS_v2,UCSB-CHG/CHIRPS/DAILY,1991-2020,IBGE_2024
3160207,Santo Antônio do Itambé,MG,305.737,7,jul,7.6506220769394995,OK,1991,2020,30,CHIRPS_v2,UCSB-CHG/CHIRPS/DAILY,1991-2020,IBGE_2024
3102407,Alvorada de Minas,MG,374.008,7,jul,8.548706008751592,OK,1991,2020,30,CHIRPS_v2,UCSB-CHG/CHIRPS/DAILY,1991-2020,IBGE_2024
3167103,Serro,MG,1217.813,7,jul,7.090854303828394,OK,1991,2020,30,CHIRPS_v2,UCSB-CHG/CHIRPS/DAILY,1991-2020,IBGE_2024
3125507,São Gonçalo do Rio Preto,MG,314.458,7,jul,5.680029222719986,OK,1991,2020,30,CHIRPS_v2,UCSB-CHG/CHIRPS/DAILY,1991-2020,IBGE_2024
3166501,Serra Azul de Minas,MG,218.595,7,jul,8.914355523352725,OK,1991,2020,30,CHIRPS_v2,UCSB-CHG/CHIRPS/DAILY,1991-2020,IBGE_2024
3125408,Felício dos Santos,MG,357.622,7,jul,7.967080137929837,OK,1991,2020,30,CHIRPS_v2,UCSB-CHG/CHIRPS/DAILY,1991-2020,IBGE_2024
3165909,Senador Modestino Gonçalves,MG,952.055,7,jul,5.03492136301835,OK,1991,2020,30,CHIRPS_v2,UCSB-CHG/CHIRPS/DAILY,1991-2020,IBGE_2024
3136520,José Gonçalves de Minas,MG,381.332,7,jul,3.978996482205473,OK,1991,2020,30,CHIRPS_v2,UCSB-CHG/CHIRPS/DAILY,1991-2020,IBGE_2024
3103405,Araçuaí,MG,2236.279,7,jul,6.302109510582063,OK,1991,2020,30,CHIRPS_v2,UCSB-CHG/CHIRPS/DAILY,1991-2020,IBGE_2024
3119500,Coronel Murta,MG,815.413,7,jul,3.0011484389617538,OK,1991,2020,30,CHIRPS_v2,UCSB-CHG/CHIRPS/DAILY,1991-2020,IBGE_2024
3135456,Jenipapo de Minas,MG,284.453,7,jul,7.3945140071951645,OK,1991,2020,30,CHIRPS_v2,UCSB-CHG/CHIRPS/DAILY,1991-2020,IBGE_2024
3126505,Francisco Badaró,MG,461.481,7,jul,4.274579973017512,OK,1991,2020,30,CHIRPS_v2,UCSB-CHG/CHIRPS/DAILY,1991-2020,IBGE_2024
3134004,Itinga,MG,1649.622,7,jul,5.910877392271107,OK,1991,2020,30,CHIRPS_v2,UCSB-CHG/CHIRPS/DAILY,1991-2020,IBGE_2024
3106507,Berilo,MG,587.106,7,jul,3.037683845338535,OK,1991,2020,30,CHIRPS_v2,UCSB-CHG/CHIRPS/DAILY,1991-2020,IBGE_2024
3171600,Virgem da Lapa,MG,868.914,7,jul,2.8459244197693923,OK,1991,2020,30,CHIRPS_v2,UCSB-CHG/CHIRPS/DAILY,1991-2020,IBGE_2024
3102704,Cachoeira de Pajeú,MG,695.672,7,jul,16.115442396009268,OK,1991,2020,30,CHIRPS_v2,UCSB-CHG/CHIRPS/DAILY,1991-2020,IBGE_2024
3141405,Medina,MG,1435.903,7,jul,12.927900478044123,OK,1991,2020,30,CHIRPS_v2,UCSB-CHG/CHIRPS/DAILY,1991-2020,IBGE_2024
3101003,Águas Vermelhas,MG,1256.607,7,jul,14.232932886818073,OK,1991,2020,30,CHIRPS_v2,UCSB-CHG/CHIRPS/DAILY,1991-2020,IBGE_2024
3117009,Comercinho,MG,654.961,7,jul,6.282189486523089,OK,1991,2020,30,CHIRPS_v2,UCSB-CHG/CHIRPS/DAILY,1991-2020,IBGE_2024
3148707,Pedra Azul,MG,1594.651,7,jul,23.86946423285973,OK,1991,2020,30,CHIRPS_v2,UCSB-CHG/CHIRPS/DAILY,1991-2020,IBGE_2024
3122454,Divisópolis,MG,572.926,7,jul,39.75883210435586,OK,1991,2020,30,CHIRPS_v2,UCSB-CHG/CHIRPS/DAILY,1991-2020,IBGE_2024
3122355,Divisa Alegre,MG,117.802,7,jul,19.60414872846569,OK,1991,2020,30,CHIRPS_v2,UCSB-CHG/CHIRPS/DAILY,1991-2020,IBGE_2024
3170305,Umburatiba,MG,405.834,7,jul,43.27092136846798,OK,1991,2020,30,CHIRPS_v2,UCSB-CHG/CHIRPS/DAILY,1991-2020,IBGE_2024
3120151,Crisólita,MG,966.202,7,jul,38.97812541287597,OK,1991,2020,30,CHIRPS_v2,UCSB-CHG/CHIRPS/DAILY,1991-2020,IBGE_2024
3127057,Fronteira dos Vales,MG,320.757,7,jul,36.48426720066089,OK,1991,2020,30,CHIRPS_v2,UCSB-CHG/CHIRPS/DAILY,1991-2020,IBGE_2024
3100906,Águas Formosas,MG,820.079,7,jul,34.9128796883502,OK,1991,2020,30,CHIRPS_v2,UCSB-CHG/CHIRPS/DAILY,1991-2020,IBGE_2024
3157658,Santa Helena de Minas,MG,276.433,7,jul,32.41557200060484,OK,1991,2020,30,CHIRPS_v2,UCSB-CHG/CHIRPS/DAILY,1991-2020,IBGE_2024
3106606,Bertópolis,MG,427.803,7,jul,36.22423898678647,OK,1991,2020,30,CHIRPS_v2,UCSB-CHG/CHIRPS/DAILY,1991-2020,IBGE_2024
3138906,Machacalis,MG,332.378,7,jul,38.153475946262716,OK,1991,2020,30,CHIRPS_v2,UCSB-CHG/CHIRPS/DAILY,1991-2020,IBGE_2024
3127701,Governador Valadares,MG,2342.376,7,jul,9.943805157059225,OK,1991,2020,30,CHIRPS_v2,UCSB-CHG/CHIRPS/DAILY,1991-2020,IBGE_2024
3112653,Capitão Andrade,MG,279.088,7,jul,6.507054989292209,OK,1991,2020,30,CHIRPS_v2,UCSB-CHG/CHIRPS/DAILY,1991-2020,IBGE_2024
3169505,Tumiritinga,MG,500.073,7,jul,6.561780726858408,OK,1991,2020,30,CHIRPS_v2,UCSB-CHG/CHIRPS/DAILY,1991-2020,IBGE_2024
3161601,São Geraldo da Piedade,MG,152.336,7,jul,8.981797150299533,OK,1991,2020,30,CHIRPS_v2,UCSB-CHG/CHIRPS/DAILY,1991-2020,IBGE_2024
3161650,São Geraldo do Baixio,MG,280.954,7,jul,10.421625697932578,OK,1991,2020,30,CHIRPS_v2,UCSB-CHG/CHIRPS/DAILY,1991-2020,IBGE_2024
3127503,Gonzaga,MG,209.348,7,jul,9.905039488004224,OK,1991,2020,30,CHIRPS_v2,UCSB-CHG/CHIRPS/DAILY,1991-2020,IBGE_2024
3119203,Coroaci,MG,576.274,7,jul,14.34438810729292,OK,1991,2020,30,CHIRPS_v2,UCSB-CHG/CHIRPS/DAILY,1991-2020,IBGE_2024
3127370,Goiabeira,MG,112.443,7,jul,10.526806213838746,OK,1991,2020,30,CHIRPS_v2,UCSB-CHG/CHIRPS/DAILY,1991-2020,IBGE_2024
3168408,Tarumirim,MG,731.753,7,jul,3.1301480746988775,OK,1991,2020,30,CHIRPS_v2,UCSB-CHG/CHIRPS/DAILY,1991-2020,IBGE_2024
3144201,Nacip Raydan,MG,233.493,7,jul,14.144837084918555,OK,1991,2020,30,CHIRPS_v2,UCSB-CHG/CHIRPS/DAILY,1991-2020,IBGE_2024
3135076,Jampruca,MG,517.095,7,jul,11.742970215813596,OK,1991,2020,30,CHIRPS_v2,UCSB-CHG/CHIRPS/DAILY,1991-2020,IBGE_2024
3126901,Frei Inocêncio,MG,469.557,7,jul,11.242421511298978,OK,1991,2020,30,CHIRPS_v2,UCSB-CHG/CHIRPS/DAILY,1991-2020,IBGE_2024
3127305,Galiléia,MG,720.303,7,jul,9.662260714015114,OK,1991,2020,30,CHIRPS_v2,UCSB-CHG/CHIRPS/DAILY,1991-2020,IBGE_2024
3118403,Conselheiro Pena,MG,1466.367,7,jul,7.141736585586471,OK,1991,2020,30,CHIRPS_v2,UCSB-CHG/CHIRPS/DAILY,1991-2020,IBGE_2024
3101805,Alpercata,MG,166.972,7,jul,7.527609851089892,OK,1991,2020,30,CHIRPS_v2,UCSB-CHG/CHIRPS/DAILY,1991-2020,IBGE_2024
3167707,Sobrália,MG,206.787,7,jul,3.780869173425941,OK,1991,2020,30,CHIRPS_v2,UCSB-CHG/CHIRPS/DAILY,1991-2020,IBGE_2024
3125804,Fernandes Tourinho,MG,151.875,7,jul,5.685442446116008,OK,1991,2020,30,CHIRPS_v2,UCSB-CHG/CHIRPS/DAILY,1991-2020,IBGE_2024
3133204,Itanhomi,MG,488.843,7,jul,4.194010331478609,OK,1991,2020,30,CHIRPS_v2,UCSB-CHG/CHIRPS/DAILY,1991-2020,IBGE_2024
3165503,Sardoá,MG,141.904,7,jul,12.149463364428906,OK,1991,2020,30,CHIRPS_v2,UCSB-CHG/CHIRPS/DAILY,1991-2020,IBGE_2024
3157500,Santa Efigênia de Minas,MG,131.965,7,jul,9.705940758935345,OK,1991,2020,30,CHIRPS_v2,UCSB-CHG/CHIRPS/DAILY,1991-2020,IBGE_2024
3140100,Marilac,MG,158.809,7,jul,12.42556406655745,OK,1991,2020,30,CHIRPS_v2,UCSB-CHG/CHIRPS/DAILY,1991-2020,IBGE_2024
3123700,Engenheiro Caldas,MG,187.058,7,jul,4.076863848959256,OK,1991,2020,30,CHIRPS_v2,UCSB-CHG/CHIRPS/DAILY,1991-2020,IBGE_2024
3171501,Mathias Lobato,MG,172.297,7,jul,10.99817514164469,OK,1991,2020,30,CHIRPS_v2,UCSB-CHG/CHIRPS/DAILY,1991-2020,IBGE_2024
3171907,Virgolândia,MG,281.022,7,jul,15.001920906236968,OK,1991,2020,30,CHIRPS_v2,UCSB-CHG/CHIRPS/DAILY,1991-2020,IBGE_2024
3163003,São José da Safira,MG,213.881,7,jul,9.921622880784309,OK,1991,2020,30,CHIRPS_v2,UCSB-CHG/CHIRPS/DAILY,1991-2020,IBGE_2024
3122108,Divino das Laranjeiras,MG,342.249,7,jul,12.311794195961914,OK,1991,2020,30,CHIRPS_v2,UCSB-CHG/CHIRPS/DAILY,1991-2020,IBGE_2024
3112059,Cantagalo,MG,141.855,7,jul,15.667767201982194,OK,1991,2020,30,CHIRPS_v2,UCSB-CHG/CHIRPS/DAILY,1991-2020,IBGE_2024
3128006,Guanhães,MG,1075.124,7,jul,11.093932826190581,OK,1991,2020,30,CHIRPS_v2,UCSB-CHG/CHIRPS/DAILY,1991-2020,IBGE_2024
3136553,José Raydan,MG,180.822,7,jul,10.5830196914365,OK,1991,2020,30,CHIRPS_v2,UCSB-CHG/CHIRPS/DAILY,1991-2020,IBGE_2024
3126950,Frei Lagonegro,MG,167.474,7,jul,10.444356437370303,OK,1991,2020,30,CHIRPS_v2,UCSB-CHG/CHIRPS/DAILY,1991-2020,IBGE_2024
3158201,Santa Maria do Suaçuí,MG,624.047,7,jul,9.38650260092485,OK,1991,2020,30,CHIRPS_v2,UCSB-CHG/CHIRPS/DAILY,1991-2020,IBGE_2024
3116803,Coluna,MG,347.716,7,jul,11.519265208011854,OK,1991,2020,30,CHIRPS_v2,UCSB-CHG/CHIRPS/DAILY,1991-2020,IBGE_2024
3166105,Senhora do Porto,MG,381.328,7,jul,10.666750260369719,OK,1991,2020,30,CHIRPS_v2,UCSB-CHG/CHIRPS/DAILY,1991-2020,IBGE_2024
3148608,Peçanha,MG,996.646,7,jul,15.005096072395782,OK,1991,2020,30,CHIRPS_v2,UCSB-CHG/CHIRPS/DAILY,1991-2020,IBGE_2024
3140605,Materlândia,MG,280.53,7,jul,11.030164540071931,OK,1991,2020,30,CHIRPS_v2,UCSB-CHG/CHIRPS/DAILY,1991-2020,IBGE_2024
3148400,Paulistas,MG,220.564,7,jul,13.450913327571799,OK,1991,2020,30,CHIRPS_v2,UCSB-CHG/CHIRPS/DAILY,1991-2020,IBGE_2024
3156809,Sabinópolis,MG,919.811,7,jul,10.627044566561008,OK,1991,2020,30,CHIRPS_v2,UCSB-CHG/CHIRPS/DAILY,1991-2020,IBGE_2024
3164506,São Sebastião do Maranhão,MG,517.83,7,jul,8.209850457535628,OK,1991,2020,30,CHIRPS_v2,UCSB-CHG/CHIRPS/DAILY,1991-2020,IBGE_2024
3156007,Rio Vermelho,MG,987.246,7,jul,10.393457288435764,OK,1991,2020,30,CHIRPS_v2,UCSB-CHG/CHIRPS/DAILY,1991-2020,IBGE_2024
3123106,Dores de Guanhães,MG,382.124,7,jul,9.759737827453547,OK,1991,2020,30,CHIRPS_v2,UCSB-CHG/CHIRPS/DAILY,1991-2020,IBGE_2024
3164100,São Pedro do Suaçuí,MG,308.106,7,jul,12.593558372209172,OK,1991,2020,30,CHIRPS_v2,UCSB-CHG/CHIRPS/DAILY,1991-2020,IBGE_2024
3171808,Virginópolis,MG,439.878,7,jul,11.503785259278441,OK,1991,2020,30,CHIRPS_v2,UCSB-CHG/CHIRPS/DAILY,1991-2020,IBGE_2024
3163508,São José do Jacuri,MG,345.146,7,jul,11.029256593695779,OK,1991,2020,30,CHIRPS_v2,UCSB-CHG/CHIRPS/DAILY,1991-2020,IBGE_2024
3122603,Dom Joaquim,MG,398.793,7,jul,10.015805995402841,OK,1991,2020,30,CHIRPS_v2,UCSB-CHG/CHIRPS/DAILY,1991-2020,IBGE_2024
3162807,São João Evangelista,MG,478.183,7,jul,13.63824052826307,OK,1991,2020,30,CHIRPS_v2,UCSB-CHG/CHIRPS/DAILY,1991-2020,IBGE_2024
3122207,Divinolândia de Minas,MG,133.12,7,jul,12.020450663191715,OK,1991,2020,30,CHIRPS_v2,UCSB-CHG/CHIRPS/DAILY,1991-2020,IBGE_2024
3162575,São João do Manteninha,MG,137.928,7,jul,17.461627364595476,OK,1991,2020,30,CHIRPS_v2,UCSB-CHG/CHIRPS/DAILY,1991-2020,IBGE_2024
3144672,Nova Belém,MG,146.776,7,jul,27.042566661911952,OK,1991,2020,30,CHIRPS_v2,UCSB-CHG/CHIRPS/DAILY,1991-2020,IBGE_2024
3161056,São Félix de Minas,MG,162.56,7,jul,15.545951836314847,OK,1991,2020,30,CHIRPS_v2,UCSB-CHG/CHIRPS/DAILY,1991-2020,IBGE_2024
3141504,Mendes Pimentel,MG,305.507,7,jul,16.370904028928614,OK,1991,2020,30,CHIRPS_v2,UCSB-CHG/CHIRPS/DAILY,1991-2020,IBGE_2024
3115706,Central de Minas,MG,204.328,7,jul,14.430226859802175,OK,1991,2020,30,CHIRPS_v2,UCSB-CHG/CHIRPS/DAILY,1991-2020,IBGE_2024
3131802,Itabirinha,MG,209.034,7,jul,19.71889630040908,OK,1991,2020,30,CHIRPS_v2,UCSB-CHG/CHIRPS/DAILY,1991-2020,IBGE_2024
3139607,Mantena,MG,685.208,7,jul,23.05164356919764,OK,1991,2020,30,CHIRPS_v2,UCSB-CHG/CHIRPS/DAILY,1991-2020,IBGE_2024
3154309,Resplendor,MG,1081.796,7,jul,11.723560059618572,OK,1991,2020,30,CHIRPS_v2,UCSB-CHG/CHIRPS/DAILY,1991-2020,IBGE_2024
3120839,Cuparaque,MG,226.75,7,jul,13.426100692378432,OK,1991,2020,30,CHIRPS_v2,UCSB-CHG/CHIRPS/DAILY,1991-2020,IBGE_2024
3159506,Santa Rita do Itueto,MG,485.081,7,jul,7.150854443719616,OK,1991,2020,30,CHIRPS_v2,UCSB-CHG/CHIRPS/DAILY,1991-2020,IBGE_2024
3134103,Itueta,MG,452.676,7,jul,11.009450957821342,OK,1991,2020,30,CHIRPS_v2,UCSB-CHG/CHIRPS/DAILY,1991-2020,IBGE_2024
3101102,Aimorés,MG,1348.913,7,jul,10.692794639369438,OK,1991,2020,30,CHIRPS_v2,UCSB-CHG/CHIRPS/DAILY,1991-2020,IBGE_2024
3144359,Naque,MG,127.173,7,jul,6.050883132614543,OK,1991,2020,30,CHIRPS_v2,UCSB-CHG/CHIRPS/DAILY,1991-2020,IBGE_2024
3119401,Coronel Fabriciano,MG,221.881,7,jul,8.923382699996825,OK,1991,2020,30,CHIRPS_v2,UCSB-CHG/CHIRPS/DAILY,1991-2020,IBGE_2024
3168705,Timóteo,MG,144.377,7,jul,8.17858407474384,OK,1991,2020,30,CHIRPS_v2,UCSB-CHG/CHIRPS/DAILY,1991-2020,IBGE_2024
3135001,Jaguaraçu,MG,163.76,7,jul,9.006032054921686,OK,1991,2020,30,CHIRPS_v2,UCSB-CHG/CHIRPS/DAILY,1991-2020,IBGE_2024
3158953,Santana do Paraíso,MG,275.575,7,jul,7.610252966035744,OK,1991,2020,30,CHIRPS_v2,UCSB-CHG/CHIRPS/DAILY,1991-2020,IBGE_2024
3109253,Bugre,MG,161.491,7,jul,6.404144522019706,OK,1991,2020,30,CHIRPS_v2,UCSB-CHG/CHIRPS/DAILY,1991-2020,IBGE_2024
3140308,Marliéria,MG,545.813,7,jul,10.032546503413696,OK,1991,2020,30,CHIRPS_v2,UCSB-CHG/CHIRPS/DAILY,1991-2020,IBGE_2024
3131158,Ipaba,MG,113.246,7,jul,8.048651093958537,OK,1991,2020,30,CHIRPS_v2,UCSB-CHG/CHIRPS/DAILY,1991-2020,IBGE_2024
3131307,Ipatinga,MG,164.482,7,jul,7.89151532366665,OK,1991,2020,30,CHIRPS_v2,UCSB-CHG/CHIRPS/DAILY,1991-2020,IBGE_2024
3106309,Belo Oriente,MG,334.909,7,jul,8.239714862938007,OK,1991,2020,30,CHIRPS_v2,UCSB-CHG/CHIRPS/DAILY,1991-2020,IBGE_2024
3162609,São João do Oriente,MG,120.122,7,jul,3.8082142680115982,OK,1991,2020,30,CHIRPS_v2,UCSB-CHG/CHIRPS/DAILY,1991-2020,IBGE_2024
3129301,Iapu,MG,340.994,7,jul,5.1590344945397195,OK,1991,2020,30,CHIRPS_v2,UCSB-CHG/CHIRPS/DAILY,1991-2020,IBGE_2024
3136108,Joanésia,MG,233.292,7,jul,8.695260433983435,OK,1991,2020,30,CHIRPS_v2,UCSB-CHG/CHIRPS/DAILY,1991-2020,IBGE_2024
3103009,Antônio Dias,MG,787.061,7,jul,7.9894372487625125,OK,1991,2020,30,CHIRPS_v2,UCSB-CHG/CHIRPS/DAILY,1991-2020,IBGE_2024
3150539,Pingo-d'Água,MG,66.57,7,jul,10.862738404421734,OK,1991,2020,30,CHIRPS_v2,UCSB-CHG/CHIRPS/DAILY,1991-2020,IBGE_2024
3149952,Periquito,MG,228.907,7,jul,6.488693730093241,OK,1991,2020,30,CHIRPS_v2,UCSB-CHG/CHIRPS/DAILY,1991-2020,IBGE_2024
3141702,Mesquita,MG,274.938,7,jul,8.65569594266286,OK,1991,2020,30,CHIRPS_v2,UCSB-CHG/CHIRPS/DAILY,1991-2020,IBGE_2024
3100500,Açucena,MG,815.422,7,jul,7.998632238608617,OK,1991,2020,30,CHIRPS_v2,UCSB-CHG/CHIRPS/DAILY,1991-2020,IBGE_2024
3108800,Braúnas,MG,378.318,7,jul,8.350852734598478,OK,1991,2020,30,CHIRPS_v2,UCSB-CHG/CHIRPS/DAILY,1991-2020,IBGE_2024
3163409,São José do Goiabal,MG,189.578,7,jul,8.505459224965822,OK,1991,2020,30,CHIRPS_v2,UCSB-CHG/CHIRPS/DAILY,1991-2020,IBGE_2024
3122504,Dom Cavati,MG,59.52,7,jul,3.537720264248477,OK,1991,2020,30,CHIRPS_v2,UCSB-CHG/CHIRPS/DAILY,1991-2020,IBGE_2024
3121803,Dionísio,MG,339.375,7,jul,9.290991121552603,OK,1991,2020,30,CHIRPS_v2,UCSB-CHG/CHIRPS/DAILY,1991-2020,IBGE_2024
3170578,Vargem Alegre,MG,116.664,7,jul,9.304868349244845,OK,1991,2020,30,CHIRPS_v2,UCSB-CHG/CHIRPS/DAILY,1991-2020,IBGE_2024
3154002,Raul Soares,MG,763.364,7,jul,7.366939434559237,OK,1991,2020,30,CHIRPS_v2,UCSB-CHG/CHIRPS/DAILY,1991-2020,IBGE_2024
3113404,Caratinga,MG,1258.748,7,jul,9.339726193950263,OK,1991,2020,30,CHIRPS_v2,UCSB-CHG/CHIRPS/DAILY,1991-2020,IBGE_2024
3170057,Ubaporanga,MG,189.045,7,jul,8.566655966008334,OK,1991,2020,30,CHIRPS_v2,UCSB-CHG/CHIRPS/DAILY,1991-2020,IBGE_2024
3120003,Córrego Novo,MG,205.385,7,jul,9.421991413054212,OK,1991,2020,30,CHIRPS_v2,UCSB-CHG/CHIRPS/DAILY,1991-2020,IBGE_2024
3160959,São Domingos das Dores,MG,60.865,7,jul,4.676401029012017,OK,1991,2020,30,CHIRPS_v2,UCSB-CHG/CHIRPS/DAILY,1991-2020,IBGE_2024
3159357,Santa Rita de Minas,MG,68.153,7,jul,7.9497399205584625,OK,1991,2020,30,CHIRPS_v2,UCSB-CHG/CHIRPS/DAILY,1991-2020,IBGE_2024
3102209,Alvarenga,MG,295.691,7,jul,3.990351245336271,OK,1991,2020,30,CHIRPS_v2,UCSB-CHG/CHIRPS/DAILY,1991-2020,IBGE_2024
3150158,Piedade de Caratinga,MG,109.345,7,jul,9.091160499266842,OK,1991,2020,30,CHIRPS_v2,UCSB-CHG/CHIRPS/DAILY,1991-2020,IBGE_2024
3157252,Santa Bárbara do Leste,MG,107.402,7,jul,7.998424482163911,OK,1991,2020,30,CHIRPS_v2,UCSB-CHG/CHIRPS/DAILY,1991-2020,IBGE_2024
3123858,Entre Folhas,MG,85.39,7,jul,9.626118465596218,OK,1991,2020,30,CHIRPS_v2,UCSB-CHG/CHIRPS/DAILY,1991-2020,IBGE_2024
3107802,Bom Jesus do Galho,MG,592.289,7,jul,9.5605422172027,OK,1991,2020,30,CHIRPS_v2,UCSB-CHG/CHIRPS/DAILY,1991-2020,IBGE_2024
3164472,São Sebastião do Anta,MG,80.618,7,jul,4.082483090665784,OK,1991,2020,30,CHIRPS_v2,UCSB-CHG/CHIRPS/DAILY,1991-2020,IBGE_2024
3130556,Imbé de Minas,MG,196.735,7,jul,7.061363999913504,OK,1991,2020,30,CHIRPS_v2,UCSB-CHG/CHIRPS/DAILY,1991-2020,IBGE_2024
3130903,Inhapim,MG,858.024,7,jul,4.8617978848371655,OK,1991,2020,30,CHIRPS_v2,UCSB-CHG/CHIRPS/DAILY,1991-2020,IBGE_2024
3171154,Vermelho Novo,MG,115.242,7,jul,6.930886791641562,OK,1991,2020,30,CHIRPS_v2,UCSB-CHG/CHIRPS/DAILY,1991-2020,IBGE_2024
3161908,São Gonçalo do Rio Abaixo,MG,363.818,7,jul,8.583283229990323,OK,1991,2020,30,CHIRPS_v2,UCSB-CHG/CHIRPS/DAILY,1991-2020,IBGE_2024
3136207,João Monlevade,MG,98.231,7,jul,9.09153888317884,OK,1991,2020,30,CHIRPS_v2,UCSB-CHG/CHIRPS/DAILY,1991-2020,IBGE_2024
3144706,Nova Era,MG,361.852,7,jul,8.104482611898652,OK,1991,2020,30,CHIRPS_v2,UCSB-CHG/CHIRPS/DAILY,1991-2020,IBGE_2024
3161007,São Domingos do Prata,MG,743.768,7,jul,8.421902558138429,OK,1991,2020,30,CHIRPS_v2,UCSB-CHG/CHIRPS/DAILY,1991-2020,IBGE_2024
3155702,Rio Piracicaba,MG,373.037,7,jul,8.114605153143023,OK,1991,2020,30,CHIRPS_v2,UCSB-CHG/CHIRPS/DAILY,1991-2020,IBGE_2024
3106002,Bela Vista de Minas,MG,109.25,7,jul,8.706849202656777,OK,1991,2020,30,CHIRPS_v2,UCSB-CHG/CHIRPS/DAILY,1991-2020,IBGE_2024
3136702,Juiz de Fora,MG,1435.749,7,jul,16.78925757683534,OK,1991,2020,30,CHIRPS_v2,UCSB-CHG/CHIRPS/DAILY,1991-2020,IBGE_2024
3167509,Simão Pereira,MG,135.689,7,jul,20.986287501671995,OK,1991,2020,30,CHIRPS_v2,UCSB-CHG/CHIRPS/DAILY,1991-2020,IBGE_2024
3158607,Santana do Deserto,MG,182.655,7,jul,19.723427181362435,OK,1991,2020,30,CHIRPS_v2,UCSB-CHG/CHIRPS/DAILY,1991-2020,IBGE_2024
3125002,Ewbank da Câmara,MG,103.834,7,jul,13.516868067164909,OK,1991,2020,30,CHIRPS_v2,UCSB-CHG/CHIRPS/DAILY,1991-2020,IBGE_2024
3140803,Matias Barbosa,MG,157.066,7,jul,19.21207452599778,OK,1991,2020,30,CHIRPS_v2,UCSB-CHG/CHIRPS/DAILY,1991-2020,IBGE_2024
3116209,Chiador,MG,252.852,7,jul,20.230423676181005,OK,1991,2020,30,CHIRPS_v2,UCSB-CHG/CHIRPS/DAILY,1991-2020,IBGE_2024
3115904,Chácara,MG,152.807,7,jul,15.59307674550696,OK,1991,2020,30,CHIRPS_v2,UCSB-CHG/CHIRPS/DAILY,1991-2020,IBGE_2024
3145406,Olaria,MG,178.242,7,jul,17.63855437638514,OK,1991,2020,30,CHIRPS_v2,UCSB-CHG/CHIRPS/DAILY,1991-2020,IBGE_2024
3145703,Oliveira Fortes,MG,111.13,7,jul,13.072902468145983,OK,1991,2020,30,CHIRPS_v2,UCSB-CHG/CHIRPS/DAILY,1991-2020,IBGE_2024
3160702,Santos Dumont,MG,637.373,7,jul,13.527390501367602,OK,1991,2020,30,CHIRPS_v2,UCSB-CHG/CHIRPS/DAILY,1991-2020,IBGE_2024
3103306,Aracitaba,MG,106.608,7,jul,13.598653957704313,OK,1991,2020,30,CHIRPS_v2,UCSB-CHG/CHIRPS/DAILY,1991-2020,IBGE_2024
3103603,Arantina,MG,89.42,7,jul,13.02910645002475,OK,1991,2020,30,CHIRPS_v2,UCSB-CHG/CHIRPS/DAILY,1991-2020,IBGE_2024
3127388,Goianá,MG,152.039,7,jul,15.013522235928763,OK,1991,2020,30,CHIRPS_v2,UCSB-CHG/CHIRPS/DAILY,1991-2020,IBGE_2024
3119609,Coronel Pacheco,MG,131.511,7,jul,13.150259729514897,OK,1991,2020,30,CHIRPS_v2,UCSB-CHG/CHIRPS/DAILY,1991-2020,IBGE_2024
3102803,Andrelândia,MG,1005.285,7,jul,10.54110220156266,OK,1991,2020,30,CHIRPS_v2,UCSB-CHG/CHIRPS/DAILY,1991-2020,IBGE_2024
3159308,Santa Rita de Jacutinga,MG,420.94,7,jul,19.812429910658317,OK,1991,2020,30,CHIRPS_v2,UCSB-CHG/CHIRPS/DAILY,1991-2020,IBGE_2024
3150109,Piau,MG,192.196,7,jul,14.730666932702853,OK,1991,2020,30,CHIRPS_v2,UCSB-CHG/CHIRPS/DAILY,1991-2020,IBGE_2024
3149408,Pedro Teixeira,MG,112.959,7,jul,15.833381167131265,OK,1991,2020,30,CHIRPS_v2,UCSB-CHG/CHIRPS/DAILY,1991-2020,IBGE_2024
3157278,Santa Bárbara do Monte Verde,MG,417.925,7,jul,19.12093015522691,OK,1991,2020,30,CHIRPS_v2,UCSB-CHG/CHIRPS/DAILY,1991-2020,IBGE_2024
3107505,Bom Jardim de Minas,MG,412.021,7,jul,15.758148729622318,OK,1991,2020,30,CHIRPS_v2,UCSB-CHG/CHIRPS/DAILY,1991-2020,IBGE_2024
3107208,Bocaina de Minas,MG,503.77,7,jul,18.663626628643506,OK,1991,2020,30,CHIRPS_v2,UCSB-CHG/CHIRPS/DAILY,1991-2020,IBGE_2024
3147808,Passa Vinte,MG,246.565,7,jul,19.935607739703855,OK,1991,2020,30,CHIRPS_v2,UCSB-CHG/CHIRPS/DAILY,1991-2020,IBGE_2024
3106804,Bias Fortes,MG,283.535,7,jul,14.581447706761764,OK,1991,2020,30,CHIRPS_v2,UCSB-CHG/CHIRPS/DAILY,1991-2020,IBGE_2024
3155900,Rio Preto,MG,348.046,7,jul,21.870073730534514,OK,1991,2020,30,CHIRPS_v2,UCSB-CHG/CHIRPS/DAILY,1991-2020,IBGE_2024
3106101,Belmiro Braga,MG,393.086,7,jul,15.99908709727579,OK,1991,2020,30,CHIRPS_v2,UCSB-CHG/CHIRPS/DAILY,1991-2020,IBGE_2024
3155405,Rio Novo,MG,209.31,7,jul,13.210984308751431,OK,1991,2020,30,CHIRPS_v2,UCSB-CHG/CHIRPS/DAILY,1991-2020,IBGE_2024
3138609,Lima Duarte,MG,848.564,7,jul,15.717572539138418,OK,1991,2020,30,CHIRPS_v2,UCSB-CHG/CHIRPS/DAILY,1991-2020,IBGE_2024
3146602,Paiva,MG,58.419,7,jul,13.190537490840013,OK,1991,2020,30,CHIRPS_v2,UCSB-CHG/CHIRPS/DAILY,1991-2020,IBGE_2024
3138500,Liberdade,MG,401.337,7,jul,15.589467918342294,OK,1991,2020,30,CHIRPS_v2,UCSB-CHG/CHIRPS/DAILY,1991-2020,IBGE_2024
3154150,Reduto,MG,151.859,7,jul,8.844269329844435,OK,1991,2020,30,CHIRPS_v2,UCSB-CHG/CHIRPS/DAILY,1991-2020,IBGE_2024
3137700,Lajinha,MG,431.92,7,jul,10.697272074620457,OK,1991,2020,30,CHIRPS_v2,UCSB-CHG/CHIRPS/DAILY,1991-2020,IBGE_2024
3162559,São João do Manhuaçu,MG,143.096,7,jul,9.204681060760386,OK,1991,2020,30,CHIRPS_v2,UCSB-CHG/CHIRPS/DAILY,1991-2020,IBGE_2024
3153509,Alto Jequitibá,MG,152.272,7,jul,16.455355924762816,OK,1991,2020,30,CHIRPS_v2,UCSB-CHG/CHIRPS/DAILY,1991-2020,IBGE_2024
3112901,Caputira,MG,187.704,7,jul,5.478613166238486,OK,1991,2020,30,CHIRPS_v2,UCSB-CHG/CHIRPS/DAILY,1991-2020,IBGE_2024
3112109,Caparaó,MG,130.694,7,jul,15.272907320965215,OK,1991,2020,30,CHIRPS_v2,UCSB-CHG/CHIRPS/DAILY,1991-2020,IBGE_2024
3144003,Mutum,MG,1250.823,7,jul,12.482596055065267,OK,1991,2020,30,CHIRPS_v2,UCSB-CHG/CHIRPS/DAILY,1991-2020,IBGE_2024
3168051,Taparuba,MG,193.082,7,jul,9.345837542730246,OK,1991,2020,30,CHIRPS_v2,UCSB-CHG/CHIRPS/DAILY,1991-2020,IBGE_2024
3151909,Pocrane,MG,691.066,7,jul,6.734626658581081,OK,1991,2020,30,CHIRPS_v2,UCSB-CHG/CHIRPS/DAILY,1991-2020,IBGE_2024
3167608,Simonésia,MG,486.543,7,jul,9.080366670260492,OK,1991,2020,30,CHIRPS_v2,UCSB-CHG/CHIRPS/DAILY,1991-2020,IBGE_2024
3102050,Alto Caparaó,MG,103.69,7,jul,17.14824413235236,OK,1991,2020,30,CHIRPS_v2,UCSB-CHG/CHIRPS/DAILY,1991-2020,IBGE_2024
3158904,Santana do Manhuaçu,MG,347.362,7,jul,8.986475402784473,OK,1991,2020,30,CHIRPS_v2,UCSB-CHG/CHIRPS/DAILY,1991-2020,IBGE_2024
3117405,Conceição de Ipanema,MG,253.935,7,jul,10.429330632494437,OK,1991,2020,30,CHIRPS_v2,UCSB-CHG/CHIRPS/DAILY,1991-2020,IBGE_2024
3100302,Abre Campo,MG,470.551,7,jul,7.1112232314672745,OK,1991,2020,30,CHIRPS_v2,UCSB-CHG/CHIRPS/DAILY,1991-2020,IBGE_2024
3157906,Santa Margarida,MG,255.73,7,jul,9.587494131399714,OK,1991,2020,30,CHIRPS_v2,UCSB-CHG/CHIRPS/DAILY,1991-2020,IBGE_2024
3140902,Matipó,MG,266.99,7,jul,7.265373752363736,OK,1991,2020,30,CHIRPS_v2,UCSB-CHG/CHIRPS/DAILY,1991-2020,IBGE_2024
3116001,Chalé,MG,212.674,7,jul,10.9738593428589,OK,1991,2020,30,CHIRPS_v2,UCSB-CHG/CHIRPS/DAILY,1991-2020,IBGE_2024
3140530,Martins Soares,MG,113.268,7,jul,10.952945085249347,OK,1991,2020,30,CHIRPS_v2,UCSB-CHG/CHIRPS/DAILY,1991-2020,IBGE_2024
3123528,Durandé,MG,217.461,7,jul,9.382547379407907,OK,1991,2020,30,CHIRPS_v2,UCSB-CHG/CHIRPS/DAILY,1991-2020,IBGE_2024
3139409,Manhuaçu,MG,628.318,7,jul,7.290915672892633,OK,1991,2020,30,CHIRPS_v2,UCSB-CHG/CHIRPS/DAILY,1991-2020,IBGE_2024
3131208,Ipanema,MG,456.641,7,jul,9.699954946772047,OK,1991,2020,30,CHIRPS_v2,UCSB-CHG/CHIRPS/DAILY,1991-2020,IBGE_2024
3139508,Manhumirim,MG,182.9,7,jul,12.45571296155656,OK,1991,2020,30,CHIRPS_v2,UCSB-CHG/CHIRPS/DAILY,1991-2020,IBGE_2024
3138674,Luisburgo,MG,145.418,7,jul,13.76012389715201,OK,1991,2020,30,CHIRPS_v2,UCSB-CHG/CHIRPS/DAILY,1991-2020,IBGE_2024
3163607,São José do Mantimento,MG,54.701,7,jul,9.787046610570732,OK,1991,2020,30,CHIRPS_v2,UCSB-CHG/CHIRPS/DAILY,1991-2020,IBGE_2024
3169901,Ubá,MG,407.452,7,jul,11.295964341011539,OK,1991,2020,30,CHIRPS_v2,UCSB-CHG/CHIRPS/DAILY,1991-2020,IBGE_2024
3156304,Rodeiro,MG,72.673,7,jul,11.896626885570587,OK,1991,2020,30,CHIRPS_v2,UCSB-CHG/CHIRPS/DAILY,1991-2020,IBGE_2024
3129004,Guiricema,MG,293.578,7,jul,10.427470348247066,OK,1991,2020,30,CHIRPS_v2,UCSB-CHG/CHIRPS/DAILY,1991-2020,IBGE_2024
3128402,Guarani,MG,264.194,7,jul,13.980320811624136,OK,1991,2020,30,CHIRPS_v2,UCSB-CHG/CHIRPS/DAILY,1991-2020,IBGE_2024
3128808,Guidoval,MG,158.375,7,jul,12.16682614228338,OK,1991,2020,30,CHIRPS_v2,UCSB-CHG/CHIRPS/DAILY,1991-2020,IBGE_2024
3161502,São Geraldo,MG,185.578,7,jul,11.987056343863705,OK,1991,2020,30,CHIRPS_v2,UCSB-CHG/CHIRPS/DAILY,1991-2020,IBGE_2024
3169000,Tocantins,MG,173.866,7,jul,12.614367697426735,OK,1991,2020,30,CHIRPS_v2,UCSB-CHG/CHIRPS/DAILY,1991-2020,IBGE_2024
3167905,Tabuleiro,MG,211.084,7,jul,14.699862064779763,OK,1991,2020,30,CHIRPS_v2,UCSB-CHG/CHIRPS/DAILY,1991-2020,IBGE_2024
3151305,Piraúba,MG,144.289,7,jul,14.586831642917655,OK,1991,2020,30,CHIRPS_v2,UCSB-CHG/CHIRPS/DAILY,1991-2020,IBGE_2024
3167301,Silveirânia,MG,157.456,7,jul,13.534751626168282,OK,1991,2020,30,CHIRPS_v2,UCSB-CHG/CHIRPS/DAILY,1991-2020,IBGE_2024
3141603,Mercês,MG,348.271,7,jul,13.475896288907961,OK,1991,2020,30,CHIRPS_v2,UCSB-CHG/CHIRPS/DAILY,1991-2020,IBGE_2024
3108701,Brás Pires,MG,223.351,7,jul,10.649306716188217,OK,1991,2020,30,CHIRPS_v2,UCSB-CHG/CHIRPS/DAILY,1991-2020,IBGE_2024
3165701,Senador Firmino,MG,166.495,7,jul,11.065506432309366,OK,1991,2020,30,CHIRPS_v2,UCSB-CHG/CHIRPS/DAILY,1991-2020,IBGE_2024
3123304,Dores do Turvo,MG,231.169,7,jul,11.215496623704711,OK,1991,2020,30,CHIRPS_v2,UCSB-CHG/CHIRPS/DAILY,1991-2020,IBGE_2024
3172004,Visconde do Rio Branco,MG,243.351,7,jul,9.501313549097487,OK,1991,2020,30,CHIRPS_v2,UCSB-CHG/CHIRPS/DAILY,1991-2020,IBGE_2024
3155801,Rio Pomba,MG,252.418,7,jul,13.76059797469965,OK,1991,2020,30,CHIRPS_v2,UCSB-CHG/CHIRPS/DAILY,1991-2020,IBGE_2024
3121902,Divinésia,MG,116.97,7,jul,12.573960332722343,OK,1991,2020,30,CHIRPS_v2,UCSB-CHG/CHIRPS/DAILY,1991-2020,IBGE_2024
3145851,Oratórios,MG,89.068,7,jul,11.104276826039085,OK,1991,2020,30,CHIRPS_v2,UCSB-CHG/CHIRPS/DAILY,1991-2020,IBGE_2024
3170503,Urucânia,MG,138.792,7,jul,9.131795641970228,OK,1991,2020,30,CHIRPS_v2,UCSB-CHG/CHIRPS/DAILY,1991-2020,IBGE_2024
3105707,Barra Longa,MG,383.628,7,jul,8.711099586460499,OK,1991,2020,30,CHIRPS_v2,UCSB-CHG/CHIRPS/DAILY,1991-2020,IBGE_2024
3121704,Diogo de Vasconcelos,MG,165.091,7,jul,9.820048983111462,OK,1991,2020,30,CHIRPS_v2,UCSB-CHG/CHIRPS/DAILY,1991-2020,IBGE_2024
3128204,Guaraciaba,MG,348.596,7,jul,12.198933930834635,OK,1991,2020,30,CHIRPS_v2,UCSB-CHG/CHIRPS/DAILY,1991-2020,IBGE_2024
3152105,Ponte Nova,MG,470.643,7,jul,10.735897475928702,OK,1991,2020,30,CHIRPS_v2,UCSB-CHG/CHIRPS/DAILY,1991-2020,IBGE_2024
3102506,Amparo do Serra,MG,136.186,7,jul,12.01963770019207,OK,1991,2020,30,CHIRPS_v2,UCSB-CHG/CHIRPS/DAILY,1991-2020,IBGE_2024
3102308,Alvinópolis,MG,599.443,7,jul,8.409984205302699,OK,1991,2020,30,CHIRPS_v2,UCSB-CHG/CHIRPS/DAILY,1991-2020,IBGE_2024
3135506,Jequeri,MG,547.897,7,jul,9.987161298211554,OK,1991,2020,30,CHIRPS_v2,UCSB-CHG/CHIRPS/DAILY,1991-2020,IBGE_2024
3160108,Santo Antônio do Grama,MG,130.213,7,jul,8.60426857942468,OK,1991,2020,30,CHIRPS_v2,UCSB-CHG/CHIRPS/DAILY,1991-2020,IBGE_2024
3166303,Sericita,MG,166.012,7,jul,10.054819398928085,OK,1991,2020,30,CHIRPS_v2,UCSB-CHG/CHIRPS/DAILY,1991-2020,IBGE_2024
3150208,Piedade de Ponte Nova,MG,83.733,7,jul,8.37292738008043,OK,1991,2020,30,CHIRPS_v2,UCSB-CHG/CHIRPS/DAILY,1991-2020,IBGE_2024
3100401,Acaiaca,MG,101.886,7,jul,10.028282535984914,OK,1991,2020,30,CHIRPS_v2,UCSB-CHG/CHIRPS/DAILY,1991-2020,IBGE_2024
3165560,Sem-Peixe,MG,176.634,7,jul,7.884034144901311,OK,1991,2020,30,CHIRPS_v2,UCSB-CHG/CHIRPS/DAILY,1991-2020,IBGE_2024
3157401,Santa Cruz do Escalvado,MG,258.726,7,jul,9.284757181229855,OK,1991,2020,30,CHIRPS_v2,UCSB-CHG/CHIRPS/DAILY,1991-2020,IBGE_2024
3164001,São Pedro dos Ferros,MG,402.739,7,jul,7.994693337202206,OK,1991,2020,30,CHIRPS_v2,UCSB-CHG/CHIRPS/DAILY,1991-2020,IBGE_2024
3122702,Dom Silvério,MG,194.972,7,jul,8.0020611924323,OK,1991,2020,30,CHIRPS_v2,UCSB-CHG/CHIRPS/DAILY,1991-2020,IBGE_2024
3154903,Rio Casca,MG,384.381,7,jul,7.594383270926979,OK,1991,2020,30,CHIRPS_v2,UCSB-CHG/CHIRPS/DAILY,1991-2020,IBGE_2024
3155009,Rio Doce,MG,112.094,7,jul,9.030137854138724,OK,1991,2020,30,CHIRPS_v2,UCSB-CHG/CHIRPS/DAILY,1991-2020,IBGE_2024
3143906,Muriaé,MG,841.693,7,jul,14.290839131115982,OK,1991,2020,30,CHIRPS_v2,UCSB-CHG/CHIRPS/DAILY,1991-2020,IBGE_2024
3161403,São Francisco do Glória,MG,164.613,7,jul,10.787063463822303,OK,1991,2020,30,CHIRPS_v2,UCSB-CHG/CHIRPS/DAILY,1991-2020,IBGE_2024
3103108,Antônio Prado de Minas,MG,83.802,7,jul,12.44177233303889,OK,1991,2020,30,CHIRPS_v2,UCSB-CHG/CHIRPS/DAILY,1991-2020,IBGE_2024
3125952,Fervedouro,MG,357.683,7,jul,10.094140636488651,OK,1991,2020,30,CHIRPS_v2,UCSB-CHG/CHIRPS/DAILY,1991-2020,IBGE_2024
3142106,Miradouro,MG,301.672,7,jul,12.460582451715112,OK,1991,2020,30,CHIRPS_v2,UCSB-CHG/CHIRPS/DAILY,1991-2020,IBGE_2024
3142205,Miraí,MG,320.695,7,jul,12.59621925383708,OK,1991,2020,30,CHIRPS_v2,UCSB-CHG/CHIRPS/DAILY,1991-2020,IBGE_2024
3124906,Eugenópolis,MG,309.395,7,jul,12.86423594043084,OK,1991,2020,30,CHIRPS_v2,UCSB-CHG/CHIRPS/DAILY,1991-2020,IBGE_2024
3164431,São Sebastião da Vargem Alegre,MG,73.629,7,jul,11.986664237652638,OK,1991,2020,30,CHIRPS_v2,UCSB-CHG/CHIRPS/DAILY,1991-2020,IBGE_2024
3156452,Rosário da Limeira,MG,111.156,7,jul,14.48417483612072,OK,1991,2020,30,CHIRPS_v2,UCSB-CHG/CHIRPS/DAILY,1991-2020,IBGE_2024
3148202,Patrocínio do Muriaé,MG,108.246,7,jul,14.134555576260073,OK,1991,2020,30,CHIRPS_v2,UCSB-CHG/CHIRPS/DAILY,1991-2020,IBGE_2024
3171402,Vieiras,MG,112.691,7,jul,12.45249472839998,OK,1991,2020,30,CHIRPS_v2,UCSB-CHG/CHIRPS/DAILY,1991-2020,IBGE_2024
3105509,Barão do Monte Alto,MG,198.313,7,jul,16.791145018931815,OK,1991,2020,30,CHIRPS_v2,UCSB-CHG/CHIRPS/DAILY,1991-2020,IBGE_2024
3138005,Laranjal,MG,204.882,7,jul,15.593015279165753,OK,1991,2020,30,CHIRPS_v2,UCSB-CHG/CHIRPS/DAILY,1991-2020,IBGE_2024
3154101,Recreio,MG,234.296,7,jul,16.48910512879265,OK,1991,2020,30,CHIRPS_v2,UCSB-CHG/CHIRPS/DAILY,1991-2020,IBGE_2024
3104403,Argirita,MG,159.378,7,jul,14.892605797193147,OK,1991,2020,30,CHIRPS_v2,UCSB-CHG/CHIRPS/DAILY,1991-2020,IBGE_2024
3104601,Astolfo Dutra,MG,158.891,7,jul,13.851833328872825,OK,1991,2020,30,CHIRPS_v2,UCSB-CHG/CHIRPS/DAILY,1991-2020,IBGE_2024
3158409,Santana de Cataguases,MG,161.486,7,jul,13.945110573631336,OK,1991,2020,30,CHIRPS_v2,UCSB-CHG/CHIRPS/DAILY,1991-2020,IBGE_2024
3132602,Itamarati de Minas,MG,94.568,7,jul,15.683821498323528,OK,1991,2020,30,CHIRPS_v2,UCSB-CHG/CHIRPS/DAILY,1991-2020,IBGE_2024
3115300,Cataguases,MG,491.767,7,jul,15.39139554176166,OK,1991,2020,30,CHIRPS_v2,UCSB-CHG/CHIRPS/DAILY,1991-2020,IBGE_2024
3122900,Dona Euzébia,MG,70.231,7,jul,15.482427077921965,OK,1991,2020,30,CHIRPS_v2,UCSB-CHG/CHIRPS/DAILY,1991-2020,IBGE_2024
3146701,Palma,MG,316.476,7,jul,15.717919300928992,OK,1991,2020,30,CHIRPS_v2,UCSB-CHG/CHIRPS/DAILY,1991-2020,IBGE_2024
3138401,Leopoldina,MG,943.077,7,jul,14.952916007007433,OK,1991,2020,30,CHIRPS_v2,UCSB-CHG/CHIRPS/DAILY,1991-2020,IBGE_2024
3153103,Presidente Bernardes,MG,236.798,7,jul,11.906442703543314,OK,1991,2020,30,CHIRPS_v2,UCSB-CHG/CHIRPS/DAILY,1991-2020,IBGE_2024
3111705,Canaã,MG,174.9,7,jul,10.500455283391451,OK,1991,2020,30,CHIRPS_v2,UCSB-CHG/CHIRPS/DAILY,1991-2020,IBGE_2024
3103702,Araponga,MG,303.793,7,jul,9.477718930754078,OK,1991,2020,30,CHIRPS_v2,UCSB-CHG/CHIRPS/DAILY,1991-2020,IBGE_2024
3168507,Teixeiras,MG,166.735,7,jul,13.627060974125092,OK,1991,2020,30,CHIRPS_v2,UCSB-CHG/CHIRPS/DAILY,1991-2020,IBGE_2024
3152303,Porto Firme,MG,284.777,7,jul,11.466627230699757,OK,1991,2020,30,CHIRPS_v2,UCSB-CHG/CHIRPS/DAILY,1991-2020,IBGE_2024
3110202,Cajuri,MG,83.038,7,jul,13.003378467711064,OK,1991,2020,30,CHIRPS_v2,UCSB-CHG/CHIRPS/DAILY,1991-2020,IBGE_2024
3116704,Coimbra,MG,106.875,7,jul,12.899864413397415,OK,1991,2020,30,CHIRPS_v2,UCSB-CHG/CHIRPS/DAILY,1991-2020,IBGE_2024
3124005,Ervália,MG,357.489,7,jul,10.143402951708309,OK,1991,2020,30,CHIRPS_v2,UCSB-CHG/CHIRPS/DAILY,1991-2020,IBGE_2024
3148806,Pedra do Anta,MG,173.168,7,jul,11.953742375808105,OK,1991,2020,30,CHIRPS_v2,UCSB-CHG/CHIRPS/DAILY,1991-2020,IBGE_2024
3148301,Paula Cândido,MG,268.321,7,jul,12.209023435753547,OK,1991,2020,30,CHIRPS_v2,UCSB-CHG/CHIRPS/DAILY,1991-2020,IBGE_2024
3163805,São Miguel do Anta,MG,152.111,7,jul,11.878859570244636,OK,1991,2020,30,CHIRPS_v2,UCSB-CHG/CHIRPS/DAILY,1991-2020,IBGE_2024
3171303,Viçosa,MG,299.418,7,jul,13.61981160119327,OK,1991,2020,30,CHIRPS_v2,UCSB-CHG/CHIRPS/DAILY,1991-2020,IBGE_2024
3145877,Orizânia,MG,121.8,7,jul,11.222984528961467,OK,1991,2020,30,CHIRPS_v2,UCSB-CHG/CHIRPS/DAILY,1991-2020,IBGE_2024
3113305,Carangola,MG,353.404,7,jul,11.832570345704626,OK,1991,2020,30,CHIRPS_v2,UCSB-CHG/CHIRPS/DAILY,1991-2020,IBGE_2024
3169208,Tombos,MG,285.124,7,jul,9.493596949956574,OK,1991,2020,30,CHIRPS_v2,UCSB-CHG/CHIRPS/DAILY,1991-2020,IBGE_2024
3110103,Caiana,MG,106.465,7,jul,14.139325737292324,OK,1991,2020,30,CHIRPS_v2,UCSB-CHG/CHIRPS/DAILY,1991-2020,IBGE_2024
3125309,Faria Lemos,MG,165.224,7,jul,11.583839146086856,OK,1991,2020,30,CHIRPS_v2,UCSB-CHG/CHIRPS/DAILY,1991-2020,IBGE_2024
3149002,Pedra Dourada,MG,69.99,7,jul,10.984472670371531,OK,1991,2020,30,CHIRPS_v2,UCSB-CHG/CHIRPS/DAILY,1991-2020,IBGE_2024
3124203,Espera Feliz,MG,317.638,7,jul,15.350965747594843,OK,1991,2020,30,CHIRPS_v2,UCSB-CHG/CHIRPS/DAILY,1991-2020,IBGE_2024
3148756,Pedra Bonita,MG,173.928,7,jul,11.679283709476001,OK,1991,2020,30,CHIRPS_v2,UCSB-CHG/CHIRPS/DAILY,1991-2020,IBGE_2024
3122009,Divino,MG,337.776,7,jul,10.885121422128002,OK,1991,2020,30,CHIRPS_v2,UCSB-CHG/CHIRPS/DAILY,1991-2020,IBGE_2024
3121308,Descoberto,MG,213.168,7,jul,14.381511215678529,OK,1991,2020,30,CHIRPS_v2,UCSB-CHG/CHIRPS/DAILY,1991-2020,IBGE_2024
3128501,Guarará,MG,88.655,7,jul,13.948314239999737,OK,1991,2020,30,CHIRPS_v2,UCSB-CHG/CHIRPS/DAILY,1991-2020,IBGE_2024
3149507,Pequeri,MG,90.833,7,jul,19.784865351287166,OK,1991,2020,30,CHIRPS_v2,UCSB-CHG/CHIRPS/DAILY,1991-2020,IBGE_2024
3165602,Senador Cortes,MG,98.336,7,jul,12.31129347562142,OK,1991,2020,30,CHIRPS_v2,UCSB-CHG/CHIRPS/DAILY,1991-2020,IBGE_2024
3140209,Maripá de Minas,MG,77.338,7,jul,11.34624227430185,OK,1991,2020,30,CHIRPS_v2,UCSB-CHG/CHIRPS/DAILY,1991-2020,IBGE_2024
3139805,Mar de Espanha,MG,371.6,7,jul,15.112949313207755,OK,1991,2020,30,CHIRPS_v2,UCSB-CHG/CHIRPS/DAILY,1991-2020,IBGE_2024
3156205,Rochedo de Minas,MG,79.402,7,jul,12.55104689398552,OK,1991,2020,30,CHIRPS_v2,UCSB-CHG/CHIRPS/DAILY,1991-2020,IBGE_2024
3106903,Bicas,MG,140.082,7,jul,16.060239510195444,OK,1991,2020,30,CHIRPS_v2,UCSB-CHG/CHIRPS/DAILY,1991-2020,IBGE_2024
3162906,São João Nepomuceno,MG,407.427,7,jul,13.885789479900737,OK,1991,2020,30,CHIRPS_v2,UCSB-CHG/CHIRPS/DAILY,1991-2020,IBGE_2024
3160009,Santo Antônio do Aventureiro,MG,202.032,7,jul,15.13379546623992,OK,1991,2020,30,CHIRPS_v2,UCSB-CHG/CHIRPS/DAILY,1991-2020,IBGE_2024
3151107,Pirapetinga,MG,190.681,7,jul,19.66370061489512,OK,1991,2020,30,CHIRPS_v2,UCSB-CHG/CHIRPS/DAILY,1991-2020,IBGE_2024
3101508,Além Paraíba,MG,510.25,7,jul,17.308115010989113,OK,1991,2020,30,CHIRPS_v2,UCSB-CHG/CHIRPS/DAILY,1991-2020,IBGE_2024
3124609,Estrela Dalva,MG,131.365,7,jul,18.245745156073873,OK,1991,2020,30,CHIRPS_v2,UCSB-CHG/CHIRPS/DAILY,1991-2020,IBGE_2024
3172103,Volta Grande,MG,205.552,7,jul,15.793473175461875,OK,1991,2020,30,CHIRPS_v2,UCSB-CHG/CHIRPS/DAILY,1991-2020,IBGE_2024
3105608,Barbacena,MG,759.186,7,jul,11.432031552590274,OK,1991,2020,30,CHIRPS_v2,UCSB-CHG/CHIRPS/DAILY,1991-2020,IBGE_2024
3102902,Antônio Carlos,MG,529.915,7,jul,12.208190292080994,OK,1991,2020,30,CHIRPS_v2,UCSB-CHG/CHIRPS/DAILY,1991-2020,IBGE_2024
3101631,Alfredo Vasconcelos,MG,130.815,7,jul,13.186098827563013,OK,1991,2020,30,CHIRPS_v2,UCSB-CHG/CHIRPS/DAILY,1991-2020,IBGE_2024
3154408,Ressaquinha,MG,183.062,7,jul,11.021121464605873,OK,1991,2020,30,CHIRPS_v2,UCSB-CHG/CHIRPS/DAILY,1991-2020,IBGE_2024
3121506,Desterro do Melo,MG,142.279,7,jul,14.232143335465214,OK,1991,2020,30,CHIRPS_v2,UCSB-CHG/CHIRPS/DAILY,1991-2020,IBGE_2024
3129400,Ibertioga,MG,346.24,7,jul,8.610762212847353,OK,1991,2020,30,CHIRPS_v2,UCSB-CHG/CHIRPS/DAILY,1991-2020,IBGE_2024
3159407,Santa Rita de Ibitipoca,MG,324.234,7,jul,10.455993315589888,OK,1991,2020,30,CHIRPS_v2,UCSB-CHG/CHIRPS/DAILY,1991-2020,IBGE_2024
3102100,Alto Rio Doce,MG,518.053,7,jul,12.98332204866914,OK,1991,2020,30,CHIRPS_v2,UCSB-CHG/CHIRPS/DAILY,1991-2020,IBGE_2024
3158706,Santana do Garambéu,MG,203.074,7,jul,9.427631146333084,OK,1991,2020,30,CHIRPS_v2,UCSB-CHG/CHIRPS/DAILY,1991-2020,IBGE_2024
3166204,Senhora dos Remédios,MG,237.815,7,jul,13.402010156498097,OK,1991,2020,30,CHIRPS_v2,UCSB-CHG/CHIRPS/DAILY,1991-2020,IBGE_2024
3116308,Cipotânea,MG,153.479,7,jul,11.938811877372263,OK,1991,2020,30,CHIRPS_v2,UCSB-CHG/CHIRPS/DAILY,1991-2020,IBGE_2024
3157302,Santa Bárbara do Tugúrio,MG,194.564,7,jul,12.071754011996338,OK,1991,2020,30,CHIRPS_v2,UCSB-CHG/CHIRPS/DAILY,1991-2020,IBGE_2024
3123007,Dores de Campos,MG,124.842,7,jul,9.614222634438658,OK,1991,2020,30,CHIRPS_v2,UCSB-CHG/CHIRPS/DAILY,1991-2020,IBGE_2024
3105905,Barroso,MG,82.07,7,jul,9.065475549415606,OK,1991,2020,30,CHIRPS_v2,UCSB-CHG/CHIRPS/DAILY,1991-2020,IBGE_2024
3145901,Ouro Branco,MG,258.726,7,jul,8.59559691154632,OK,1991,2020,30,CHIRPS_v2,UCSB-CHG/CHIRPS/DAILY,1991-2020,IBGE_2024
3153806,Queluzito,MG,153.56,7,jul,10.129368414605016,OK,1991,2020,30,CHIRPS_v2,UCSB-CHG/CHIRPS/DAILY,1991-2020,IBGE_2024
3160900,São Brás do Suaçuí,MG,110.019,7,jul,8.536781128484563,OK,1991,2020,30,CHIRPS_v2,UCSB-CHG/CHIRPS/DAILY,1991-2020,IBGE_2024
3135407,Jeceaba,MG,236.25,7,jul,7.733229325964158,OK,1991,2020,30,CHIRPS_v2,UCSB-CHG/CHIRPS/DAILY,1991-2020,IBGE_2024
3118304,Conselheiro Lafaiete,MG,370.246,7,jul,8.597368107869471,OK,1991,2020,30,CHIRPS_v2,UCSB-CHG/CHIRPS/DAILY,1991-2020,IBGE_2024
3118007,Congonhas,MG,304.067,7,jul,8.611348033628076,OK,1991,2020,30,CHIRPS_v2,UCSB-CHG/CHIRPS/DAILY,1991-2020,IBGE_2024
3121407,Desterro de Entre Rios,MG,377.165,7,jul,8.043556777144355,OK,1991,2020,30,CHIRPS_v2,UCSB-CHG/CHIRPS/DAILY,1991-2020,IBGE_2024
3113206,Carandaí,MG,487.28,7,jul,10.24370541709743,OK,1991,2020,30,CHIRPS_v2,UCSB-CHG/CHIRPS/DAILY,1991-2020,IBGE_2024
3137908,Lamim,MG,118.602,7,jul,9.76647519943631,OK,1991,2020,30,CHIRPS_v2,UCSB-CHG/CHIRPS/DAILY,1991-2020,IBGE_2024
3113107,Caranaíba,MG,159.95,7,jul,10.897546007637235,OK,1991,2020,30,CHIRPS_v2,UCSB-CHG/CHIRPS/DAILY,1991-2020,IBGE_2024
3120409,Cristiano Otoni,MG,132.872,7,jul,9.283537310139234,OK,1991,2020,30,CHIRPS_v2,UCSB-CHG/CHIRPS/DAILY,1991-2020,IBGE_2024
3112208,Capela Nova,MG,111.073,7,jul,11.533897660684309,OK,1991,2020,30,CHIRPS_v2,UCSB-CHG/CHIRPS/DAILY,1991-2020,IBGE_2024
3150802,Piranga,MG,658.812,7,jul,10.269443882721939,OK,1991,2020,30,CHIRPS_v2,UCSB-CHG/CHIRPS/DAILY,1991-2020,IBGE_2024
3159100,Santana dos Montes,MG,196.565,7,jul,10.320837515967902,OK,1991,2020,30,CHIRPS_v2,UCSB-CHG/CHIRPS/DAILY,1991-2020,IBGE_2024
3133907,Itaverava,MG,284.22,7,jul,9.386650218757085,OK,1991,2020,30,CHIRPS_v2,UCSB-CHG/CHIRPS/DAILY,1991-2020,IBGE_2024
3166006,Senhora de Oliveira,MG,170.749,7,jul,9.945876731851742,OK,1991,2020,30,CHIRPS_v2,UCSB-CHG/CHIRPS/DAILY,1991-2020,IBGE_2024
3123908,Entre Rios de Minas,MG,456.796,7,jul,8.839269182138548,OK,1991,2020,30,CHIRPS_v2,UCSB-CHG/CHIRPS/DAILY,1991-2020,IBGE_2024
3115409,Catas Altas da Noruega,MG,141.622,7,jul,9.40313386160612,OK,1991,2020,30,CHIRPS_v2,UCSB-CHG/CHIRPS/DAILY,1991-2020,IBGE_2024
3106408,Belo Vale,MG,364.94,7,jul,9.03415075650315,OK,1991,2020,30,CHIRPS_v2,UCSB-CHG/CHIRPS/DAILY,1991-2020,IBGE_2024
3114907,Casa Grande,MG,157.727,7,jul,10.197319003743653,OK,1991,2020,30,CHIRPS_v2,UCSB-CHG/CHIRPS/DAILY,1991-2020,IBGE_2024
3155207,Rio Espera,MG,238.602,7,jul,10.753023303092831,OK,1991,2020,30,CHIRPS_v2,UCSB-CHG/CHIRPS/DAILY,1991-2020,IBGE_2024
3162500,São João del Rei,MG,1452.002,7,jul,8.762585251163912,OK,1991,2020,30,CHIRPS_v2,UCSB-CHG/CHIRPS/DAILY,1991-2020,IBGE_2024
3119708,Coronel Xavier Chaves,MG,140.954,7,jul,9.069822272889006,OK,1991,2020,30,CHIRPS_v2,UCSB-CHG/CHIRPS/DAILY,1991-2020,IBGE_2024
3168804,Tiradentes,MG,83.047,7,jul,7.608013671185924,OK,1991,2020,30,CHIRPS_v2,UCSB-CHG/CHIRPS/DAILY,1991-2020,IBGE_2024
3157336,Santa Cruz de Minas,MG,3.565,7,jul,7.084894948488189,OK,1991,2020,30,CHIRPS_v2,UCSB-CHG/CHIRPS/DAILY,1991-2020,IBGE_2024
3154200,Resende Costa,MG,618.312,7,jul,9.001243148319972,OK,1991,2020,30,CHIRPS_v2,UCSB-CHG/CHIRPS/DAILY,1991-2020,IBGE_2024
3137403,Lagoa Dourada,MG,476.693,7,jul,10.104262362486748,OK,1991,2020,30,CHIRPS_v2,UCSB-CHG/CHIRPS/DAILY,1991-2020,IBGE_2024
3144508,Nazareno,MG,341.453,7,jul,11.049688951556224,OK,1991,2020,30,CHIRPS_v2,UCSB-CHG/CHIRPS/DAILY,1991-2020,IBGE_2024
3152709,Prados,MG,264.115,7,jul,9.309553337749772,OK,1991,2020,30,CHIRPS_v2,UCSB-CHG/CHIRPS/DAILY,1991-2020,IBGE_2024
3150307,Piedade do Rio Grande,MG,322.814,7,jul,9.48115210277995,OK,1991,2020,30,CHIRPS_v2,UCSB-CHG/CHIRPS/DAILY,1991-2020,IBGE_2024
3165305,São Vicente de Minas,MG,392.651,7,jul,9.970710065368277,OK,1991,2020,30,CHIRPS_v2,UCSB-CHG/CHIRPS/DAILY,1991-2020,IBGE_2024
3165008,São Tiago,MG,572.4,7,jul,10.240021916428933,OK,1991,2020,30,CHIRPS_v2,UCSB-CHG/CHIRPS/DAILY,1991-2020,IBGE_2024
3115201,Conceição da Barra de Minas,MG,273.014,7,jul,10.100518146230835,OK,1991,2020,30,CHIRPS_v2,UCSB-CHG/CHIRPS/DAILY,1991-2020,IBGE_2024
3156106,Ritápolis,MG,404.805,7,jul,10.059088002041001,OK,1991,2020,30,CHIRPS_v2,UCSB-CHG/CHIRPS/DAILY,1991-2020,IBGE_2024
3139102,Madre de Deus de Minas,MG,492.909,7,jul,10.099618485326692,OK,1991,2020,30,CHIRPS_v2,UCSB-CHG/CHIRPS/DAILY,1991-2020,IBGE_2024
3134301,Itumirim,MG,234.802,7,jul,11.753496580688726,OK,1991,2020,30,CHIRPS_v2,UCSB-CHG/CHIRPS/DAILY,1991-2020,IBGE_2024
3130408,Ijaci,MG,105.246,7,jul,13.286408823743763,OK,1991,2020,30,CHIRPS_v2,UCSB-CHG/CHIRPS/DAILY,1991-2020,IBGE_2024
3134509,Itutinga,MG,372.018,7,jul,9.60075982029776,OK,1991,2020,30,CHIRPS_v2,UCSB-CHG/CHIRPS/DAILY,1991-2020,IBGE_2024
3108008,Bom Sucesso,MG,705.046,7,jul,11.578113173711735,OK,1991,2020,30,CHIRPS_v2,UCSB-CHG/CHIRPS/DAILY,1991-2020,IBGE_2024
3114600,Carrancas,MG,727.894,7,jul,9.234600304652705,OK,1991,2020,30,CHIRPS_v2,UCSB-CHG/CHIRPS/DAILY,1991-2020,IBGE_2024
3138708,Luminárias,MG,500.143,7,jul,11.714613681094182,OK,1991,2020,30,CHIRPS_v2,UCSB-CHG/CHIRPS/DAILY,1991-2020,IBGE_2024
3130804,Ingaí,MG,305.591,7,jul,11.911786471020779,OK,1991,2020,30,CHIRPS_v2,UCSB-CHG/CHIRPS/DAILY,1991-2020,IBGE_2024
3130002,Ibituruna,MG,153.106,7,jul,12.451766262600968,OK,1991,2020,30,CHIRPS_v2,UCSB-CHG/CHIRPS/DAILY,1991-2020,IBGE_2024
3165206,São Tomé das Letras,MG,369.747,7,jul,12.062447721690752,OK,1991,2020,30,CHIRPS_v2,UCSB-CHG/CHIRPS/DAILY,1991-2020,IBGE_2024
3152600,Pouso Alto,MG,263.034,7,jul,21.602176704217467,OK,1991,2020,30,CHIRPS_v2,UCSB-CHG/CHIRPS/DAILY,1991-2020,IBGE_2024
3167806,Soledade de Minas,MG,196.866,7,jul,17.942924939807842,OK,1991,2020,30,CHIRPS_v2,UCSB-CHG/CHIRPS/DAILY,1991-2020,IBGE_2024
3117702,Conceição do Rio Verde,MG,369.681,7,jul,15.215680345711503,OK,1991,2020,30,CHIRPS_v2,UCSB-CHG/CHIRPS/DAILY,1991-2020,IBGE_2024
3101300,Alagoa,MG,161.356,7,jul,18.007270589856713,OK,1991,2020,30,CHIRPS_v2,UCSB-CHG/CHIRPS/DAILY,1991-2020,IBGE_2024
3133006,Itamonte,MG,431.792,7,jul,21.297866967620838,OK,1991,2020,30,CHIRPS_v2,UCSB-CHG/CHIRPS/DAILY,1991-2020,IBGE_2024
3133105,Itanhandu,MG,143.363,7,jul,24.21857594373587,OK,1991,2020,30,CHIRPS_v2,UCSB-CHG/CHIRPS/DAILY,1991-2020,IBGE_2024
3164902,São Sebastião do Rio Verde,MG,90.848,7,jul,22.871323251186602,OK,1991,2020,30,CHIRPS_v2,UCSB-CHG/CHIRPS/DAILY,1991-2020,IBGE_2024
3147600,Passa Quatro,MG,277.221,7,jul,21.215711046257194,OK,1991,2020,30,CHIRPS_v2,UCSB-CHG/CHIRPS/DAILY,1991-2020,IBGE_2024
3163706,São Lourenço,MG,58.019,7,jul,22.575335436566547,OK,1991,2020,30,CHIRPS_v2,UCSB-CHG/CHIRPS/DAILY,1991-2020,IBGE_2024
3104908,Baependi,MG,750.554,7,jul,15.995507829224545,OK,1991,2020,30,CHIRPS_v2,UCSB-CHG/CHIRPS/DAILY,1991-2020,IBGE_2024
3120805,Cruzília,MG,522.419,7,jul,10.946700651224877,OK,1991,2020,30,CHIRPS_v2,UCSB-CHG/CHIRPS/DAILY,1991-2020,IBGE_2024
3167004,Serranos,MG,213.173,7,jul,12.350997202917158,OK,1991,2020,30,CHIRPS_v2,UCSB-CHG/CHIRPS/DAILY,1991-2020,IBGE_2024
3141900,Minduri,MG,219.774,7,jul,10.319450288078379,OK,1991,2020,30,CHIRPS_v2,UCSB-CHG/CHIRPS/DAILY,1991-2020,IBGE_2024
3166402,Seritinga,MG,114.769,7,jul,13.279255945267325,OK,1991,2020,30,CHIRPS_v2,UCSB-CHG/CHIRPS/DAILY,1991-2020,IBGE_2024
3101201,Aiuruoca,MG,649.68,7,jul,14.327852781522889,OK,1991,2020,30,CHIRPS_v2,UCSB-CHG/CHIRPS/DAILY,1991-2020,IBGE_2024
3115508,Caxambu,MG,100.483,7,jul,14.728220596387981,OK,1991,2020,30,CHIRPS_v2,UCSB-CHG/CHIRPS/DAILY,1991-2020,IBGE_2024
3114808,Carvalhos,MG,282.254,7,jul,15.584011218294986,OK,1991,2020,30,CHIRPS_v2,UCSB-CHG/CHIRPS/DAILY,1991-2020,IBGE_2024
3161809,São Gonçalo do Pará,MG,265.73,7,jul,6.463504593656956,OK,1991,2020,30,CHIRPS_v2,UCSB-CHG/CHIRPS/DAILY,1991-2020,IBGE_2024
3133709,Itatiaiuçu,MG,294.181,7,jul,8.20353481473666,OK,1991,2020,30,CHIRPS_v2,UCSB-CHG/CHIRPS/DAILY,1991-2020,IBGE_2024
3117603,Conceição do Pará,MG,250.306,7,jul,4.412940752744696,OK,1991,2020,30,CHIRPS_v2,UCSB-CHG/CHIRPS/DAILY,1991-2020,IBGE_2024
3133808,Itaúna,MG,494.559,7,jul,6.8952986160344425,OK,1991,2020,30,CHIRPS_v2,UCSB-CHG/CHIRPS/DAILY,1991-2020,IBGE_2024
3116605,Cláudio,MG,630.706,7,jul,8.984479052110544,OK,1991,2020,30,CHIRPS_v2,UCSB-CHG/CHIRPS/DAILY,1991-2020,IBGE_2024
3114204,Carmo do Cajuru,MG,455.807,7,jul,7.877654408932893,OK,1991,2020,30,CHIRPS_v2,UCSB-CHG/CHIRPS/DAILY,1991-2020,IBGE_2024
3145802,Onça de Pitangui,MG,246.976,7,jul,2.782610274596904,OK,1991,2020,30,CHIRPS_v2,UCSB-CHG/CHIRPS/DAILY,1991-2020,IBGE_2024
3149606,Pequi,MG,203.991,7,jul,3.3012261752776775,OK,1991,2020,30,CHIRPS_v2,UCSB-CHG/CHIRPS/DAILY,1991-2020,IBGE_2024
3139706,Maravilhas,MG,261.604,7,jul,4.803072884294344,OK,1991,2020,30,CHIRPS_v2,UCSB-CHG/CHIRPS/DAILY,1991-2020,IBGE_2024
3146909,Papagaios,MG,553.577,7,jul,7.254854083033713,OK,1991,2020,30,CHIRPS_v2,UCSB-CHG/CHIRPS/DAILY,1991-2020,IBGE_2024
3147105,Pará de Minas,MG,551.105,7,jul,4.968020907348396,OK,1991,2020,30,CHIRPS_v2,UCSB-CHG/CHIRPS/DAILY,1991-2020,IBGE_2024
3163102,São José da Varginha,MG,205.501,7,jul,4.245542088612037,OK,1991,2020,30,CHIRPS_v2,UCSB-CHG/CHIRPS/DAILY,1991-2020,IBGE_2024
3130200,Igaratinga,MG,218.343,7,jul,5.543607907956421,OK,1991,2020,30,CHIRPS_v2,UCSB-CHG/CHIRPS/DAILY,1991-2020,IBGE_2024
3145604,Oliveira,MG,897.294,7,jul,8.93352500285517,OK,1991,2020,30,CHIRPS_v2,UCSB-CHG/CHIRPS/DAILY,1991-2020,IBGE_2024
3120607,Crucilândia,MG,167.164,7,jul,9.14018217394136,OK,1991,2020,30,CHIRPS_v2,UCSB-CHG/CHIRPS/DAILY,1991-2020,IBGE_2024
3150604,Piracema,MG,280.335,7,jul,8.717131886575354,OK,1991,2020,30,CHIRPS_v2,UCSB-CHG/CHIRPS/DAILY,1991-2020,IBGE_2024
3150406,Piedade dos Gerais,MG,259.638,7,jul,8.93932550252565,OK,1991,2020,30,CHIRPS_v2,UCSB-CHG/CHIRPS/DAILY,1991-2020,IBGE_2024
3108107,Bonfim,MG,300.471,7,jul,8.869852477748404,OK,1991,2020,30,CHIRPS_v2,UCSB-CHG/CHIRPS/DAILY,1991-2020,IBGE_2024
3132206,Itaguara,MG,410.468,7,jul,8.609504393263633,OK,1991,2020,30,CHIRPS_v2,UCSB-CHG/CHIRPS/DAILY,1991-2020,IBGE_2024
3147709,Passa Tempo,MG,429.172,7,jul,8.612026141359525,OK,1991,2020,30,CHIRPS_v2,UCSB-CHG/CHIRPS/DAILY,1991-2020,IBGE_2024
3114501,Carmópolis de Minas,MG,400.01,7,jul,8.81776722852351,OK,1991,2020,30,CHIRPS_v2,UCSB-CHG/CHIRPS/DAILY,1991-2020,IBGE_2024
3155306,Rio Manso,MG,231.54,7,jul,8.787567964040528,OK,1991,2020,30,CHIRPS_v2,UCSB-CHG/CHIRPS/DAILY,1991-2020,IBGE_2024
3202207,Fundão,ES,286.854,7,jul,57.409321681747606,OK,1991,2020,30,CHIRPS_v2,UCSB-CHG/CHIRPS/DAILY,1991-2020,IBGE_2024
3202405,Guarapari,ES,589.826,7,jul,62.762263463540314,OK,1991,2020,30,CHIRPS_v2,UCSB-CHG/CHIRPS/DAILY,1991-2020,IBGE_2024
3201308,Cariacica,ES,279.718,7,jul,62.19216986677805,OK,1991,2020,30,CHIRPS_v2,UCSB-CHG/CHIRPS/DAILY,1991-2020,IBGE_2024
3205200,Vila Velha,ES,210.225,7,jul,64.90085062570733,OK,1991,2020,30,CHIRPS_v2,UCSB-CHG/CHIRPS/DAILY,1991-2020,IBGE_2024
3205309,Vitória,ES,97.124,7,jul,70.91661892909954,OK,1991,2020,30,CHIRPS_v2,UCSB-CHG/CHIRPS/DAILY,1991-2020,IBGE_2024
3205101,Viana,ES,312.278,7,jul,61.147930936725736,OK,1991,2020,30,CHIRPS_v2,UCSB-CHG/CHIRPS/DAILY,1991-2020,IBGE_2024
3205002,Serra,ES,547.631,7,jul,64.41862870865498,OK,1991,2020,30,CHIRPS_v2,UCSB-CHG/CHIRPS/DAILY,1991-2020,IBGE_2024
3200300,Alfredo Chaves,ES,615.677,7,jul,51.92445044529193,OK,1991,2020,30,CHIRPS_v2,UCSB-CHG/CHIRPS/DAILY,1991-2020,IBGE_2024
3200409,Anchieta,ES,409.691,7,jul,54.53842043013533,OK,1991,2020,30,CHIRPS_v2,UCSB-CHG/CHIRPS/DAILY,1991-2020,IBGE_2024
3204203,Piúma,ES,73.623,7,jul,57.69518524722562,OK,1991,2020,30,CHIRPS_v2,UCSB-CHG/CHIRPS/DAILY,1991-2020,IBGE_2024
3202900,Itarana,ES,295.189,7,jul,24.840151801083664,OK,1991,2020,30,CHIRPS_v2,UCSB-CHG/CHIRPS/DAILY,1991-2020,IBGE_2024
3201704,Conceição do Castelo,ES,369.778,7,jul,21.249797970597953,OK,1991,2020,30,CHIRPS_v2,UCSB-CHG/CHIRPS/DAILY,1991-2020,IBGE_2024
3201902,Domingos Martins,ES,1229.21,7,jul,37.63121128646457,OK,1991,2020,30,CHIRPS_v2,UCSB-CHG/CHIRPS/DAILY,1991-2020,IBGE_2024
3201159,Brejetuba,ES,354.404,7,jul,17.36649749714736,OK,1991,2020,30,CHIRPS_v2,UCSB-CHG/CHIRPS/DAILY,1991-2020,IBGE_2024
3200102,Afonso Cláudio,ES,941.188,7,jul,20.692434856134984,OK,1991,2020,30,CHIRPS_v2,UCSB-CHG/CHIRPS/DAILY,1991-2020,IBGE_2024
3205069,Venda Nova do Imigrante,ES,185.909,7,jul,25.152531874703016,OK,1991,2020,30,CHIRPS_v2,UCSB-CHG/CHIRPS/DAILY,1991-2020,IBGE_2024
3204609,Santa Teresa,ES,683.032,7,jul,33.3238603715637,OK,1991,2020,30,CHIRPS_v2,UCSB-CHG/CHIRPS/DAILY,1991-2020,IBGE_2024
3204559,Santa Maria de Jetibá,ES,735.198,7,jul,32.8709152911784,OK,1991,2020,30,CHIRPS_v2,UCSB-CHG/CHIRPS/DAILY,1991-2020,IBGE_2024
3204500,Santa Leopoldina,ES,718.326,7,jul,50.29490877856895,OK,1991,2020,30,CHIRPS_v2,UCSB-CHG/CHIRPS/DAILY,1991-2020,IBGE_2024
3203346,Marechal Floriano,ES,285.495,7,jul,48.41801673278134,OK,1991,2020,30,CHIRPS_v2,UCSB-CHG/CHIRPS/DAILY,1991-2020,IBGE_2024
3203163,Laranja da Terra,ES,458.37,7,jul,18.405272411152396,OK,1991,2020,30,CHIRPS_v2,UCSB-CHG/CHIRPS/DAILY,1991-2020,IBGE_2024
3204906,São Mateus,ES,2346.048,7,jul,57.611625716646444,OK,1991,2020,30,CHIRPS_v2,UCSB-CHG/CHIRPS/DAILY,1991-2020,IBGE_2024
3203056,Jaguaré,ES,659.751,7,jul,52.36172186494509,OK,1991,2020,30,CHIRPS_v2,UCSB-CHG/CHIRPS/DAILY,1991-2020,IBGE_2024
3201605,Conceição da Barra,ES,1182.587,7,jul,67.81070243526088,OK,1991,2020,30,CHIRPS_v2,UCSB-CHG/CHIRPS/DAILY,1991-2020,IBGE_2024
3201001,Boa Esperança,ES,428.717,7,jul,45.40500610793224,OK,1991,2020,30,CHIRPS_v2,UCSB-CHG/CHIRPS/DAILY,1991-2020,IBGE_2024
3204252,Ponto Belo,ES,360.11,7,jul,42.17130154269804,OK,1991,2020,30,CHIRPS_v2,UCSB-CHG/CHIRPS/DAILY,1991-2020,IBGE_2024
3204054,Pedro Canário,ES,433.453,7,jul,68.08914854381662,OK,1991,2020,30,CHIRPS_v2,UCSB-CHG/CHIRPS/DAILY,1991-2020,IBGE_2024
3204104,Pinheiros,ES,973.136,7,jul,55.54044526502708,OK,1991,2020,30,CHIRPS_v2,UCSB-CHG/CHIRPS/DAILY,1991-2020,IBGE_2024
3203601,Mucurici,ES,540.529,7,jul,43.12742079125391,OK,1991,2020,30,CHIRPS_v2,UCSB-CHG/CHIRPS/DAILY,1991-2020,IBGE_2024
3203502,Montanha,ES,1099.06,7,jul,54.57274139402257,OK,1991,2020,30,CHIRPS_v2,UCSB-CHG/CHIRPS/DAILY,1991-2020,IBGE_2024
3203205,Linhares,ES,3496.263,7,jul,50.65973401798328,OK,1991,2020,30,CHIRPS_v2,UCSB-CHG/CHIRPS/DAILY,1991-2020,IBGE_2024
3203130,João Neiva,ES,284.734,7,jul,36.29823069212413,OK,1991,2020,30,CHIRPS_v2,UCSB-CHG/CHIRPS/DAILY,1991-2020,IBGE_2024
3202504,Ibiraçu,ES,201.248,7,jul,46.83604822760558,OK,1991,2020,30,CHIRPS_v2,UCSB-CHG/CHIRPS/DAILY,1991-2020,IBGE_2024
3200607,Aracruz,ES,1420.286,7,jul,52.554173608750475,OK,1991,2020,30,CHIRPS_v2,UCSB-CHG/CHIRPS/DAILY,1991-2020,IBGE_2024
3205010,Sooretama,ES,587.037,7,jul,48.30441798337283,OK,1991,2020,30,CHIRPS_v2,UCSB-CHG/CHIRPS/DAILY,1991-2020,IBGE_2024
3204351,Rio Bananal,ES,641.929,7,jul,39.26295308303069,OK,1991,2020,30,CHIRPS_v2,UCSB-CHG/CHIRPS/DAILY,1991-2020,IBGE_2024
3201506,Colatina,ES,1398.219,7,jul,25.618612718131025,OK,1991,2020,30,CHIRPS_v2,UCSB-CHG/CHIRPS/DAILY,1991-2020,IBGE_2024
3202702,Itaguaçu,ES,535.021,7,jul,21.64633370332418,OK,1991,2020,30,CHIRPS_v2,UCSB-CHG/CHIRPS/DAILY,1991-2020,IBGE_2024
3202256,Governador Lindenberg,ES,360.016,7,jul,32.34269766280515,OK,1991,2020,30,CHIRPS_v2,UCSB-CHG/CHIRPS/DAILY,1991-2020,IBGE_2024
3200805,Baixo Guandu,ES,909.039,7,jul,16.53864226785775,OK,1991,2020,30,CHIRPS_v2,UCSB-CHG/CHIRPS/DAILY,1991-2020,IBGE_2024
3200136,Águia Branca,ES,454.448,7,jul,26.004504812583292,OK,1991,2020,30,CHIRPS_v2,UCSB-CHG/CHIRPS/DAILY,1991-2020,IBGE_2024
3200359,Alto Rio Novo,ES,227.617,7,jul,18.92350197180098,OK,1991,2020,30,CHIRPS_v2,UCSB-CHG/CHIRPS/DAILY,1991-2020,IBGE_2024
3204708,São Gabriel da Palha,ES,434.887,7,jul,32.934441411039344,OK,1991,2020,30,CHIRPS_v2,UCSB-CHG/CHIRPS/DAILY,1991-2020,IBGE_2024
3205176,Vila Valério,ES,470.342,7,jul,41.87680870651164,OK,1991,2020,30,CHIRPS_v2,UCSB-CHG/CHIRPS/DAILY,1991-2020,IBGE_2024
3204955,São Roque do Canaã,ES,341.944,7,jul,26.549925019578996,OK,1991,2020,30,CHIRPS_v2,UCSB-CHG/CHIRPS/DAILY,1991-2020,IBGE_2024
3204658,São Domingos do Norte,ES,298.58,7,jul,32.82212518691696,OK,1991,2020,30,CHIRPS_v2,UCSB-CHG/CHIRPS/DAILY,1991-2020,IBGE_2024
3204005,Pancas,ES,837.842,7,jul,22.147826431622335,OK,1991,2020,30,CHIRPS_v2,UCSB-CHG/CHIRPS/DAILY,1991-2020,IBGE_2024
3203304,Mantenópolis,ES,321.417,7,jul,18.83030677332137,OK,1991,2020,30,CHIRPS_v2,UCSB-CHG/CHIRPS/DAILY,1991-2020,IBGE_2024
3203353,Marilândia,ES,327.642,7,jul,29.5340896441819,OK,1991,2020,30,CHIRPS_v2,UCSB-CHG/CHIRPS/DAILY,1991-2020,IBGE_2024
3202108,Ecoporanga,ES,2285.361,7,jul,35.18842968521054,OK,1991,2020,30,CHIRPS_v2,UCSB-CHG/CHIRPS/DAILY,1991-2020,IBGE_2024
3200904,Barra de São Francisco,ES,944.521,7,jul,30.188725023181604,OK,1991,2020,30,CHIRPS_v2,UCSB-CHG/CHIRPS/DAILY,1991-2020,IBGE_2024
3200169,Água Doce do Norte,ES,473.728,7,jul,30.000272707509335,OK,1991,2020,30,CHIRPS_v2,UCSB-CHG/CHIRPS/DAILY,1991-2020,IBGE_2024
3205150,Vila Pavão,ES,433.257,7,jul,35.617429120626674,OK,1991,2020,30,CHIRPS_v2,UCSB-CHG/CHIRPS/DAILY,1991-2020,IBGE_2024
3203908,Nova Venécia,ES,1439.57,7,jul,36.110761759959225,OK,1991,2020,30,CHIRPS_v2,UCSB-CHG/CHIRPS/DAILY,1991-2020,IBGE_2024
3201209,Cachoeiro de Itapemirim,ES,864.583,7,jul,31.21005285327387,OK,1991,2020,30,CHIRPS_v2,UCSB-CHG/CHIRPS/DAILY,1991-2020,IBGE_2024
3203106,Jerônimo Monteiro,ES,177.342,7,jul,22.097733960382616,OK,1991,2020,30,CHIRPS_v2,UCSB-CHG/CHIRPS/DAILY,1991-2020,IBGE_2024
3202603,Iconha,ES,203.528,7,jul,48.24940807279943,OK,1991,2020,30,CHIRPS_v2,UCSB-CHG/CHIRPS/DAILY,1991-2020,IBGE_2024
3201407,Castelo,ES,663.515,7,jul,29.231998916696575,OK,1991,2020,30,CHIRPS_v2,UCSB-CHG/CHIRPS/DAILY,1991-2020,IBGE_2024
3200706,Atílio Vivácqua,ES,232.868,7,jul,27.333102302990977,OK,1991,2020,30,CHIRPS_v2,UCSB-CHG/CHIRPS/DAILY,1991-2020,IBGE_2024
3205036,Vargem Alta,ES,417.76,7,jul,46.07449915656364,OK,1991,2020,30,CHIRPS_v2,UCSB-CHG/CHIRPS/DAILY,1991-2020,IBGE_2024
3204302,Presidente Kennedy,ES,594.897,7,jul,27.79491778447884,OK,1991,2020,30,CHIRPS_v2,UCSB-CHG/CHIRPS/DAILY,1991-2020,IBGE_2024
3204401,Rio Novo do Sul,ES,204.464,7,jul,48.31467216268612,OK,1991,2020,30,CHIRPS_v2,UCSB-CHG/CHIRPS/DAILY,1991-2020,IBGE_2024
3203809,Muqui,ES,327.268,7,jul,25.169366718172423,OK,1991,2020,30,CHIRPS_v2,UCSB-CHG/CHIRPS/DAILY,1991-2020,IBGE_2024
3203320,Marataízes,ES,130.268,7,jul,35.2978678201316,OK,1991,2020,30,CHIRPS_v2,UCSB-CHG/CHIRPS/DAILY,1991-2020,IBGE_2024
3203403,Mimoso do Sul,ES,869.439,7,jul,21.78237728815632,OK,1991,2020,30,CHIRPS_v2,UCSB-CHG/CHIRPS/DAILY,1991-2020,IBGE_2024
3202801,Itapemirim,ES,551.133,7,jul,37.04812481472911,OK,1991,2020,30,CHIRPS_v2,UCSB-CHG/CHIRPS/DAILY,1991-2020,IBGE_2024
3203007,Iúna,ES,460.586,7,jul,13.099973607953167,OK,1991,2020,30,CHIRPS_v2,UCSB-CHG/CHIRPS/DAILY,1991-2020,IBGE_2024
3202306,Guaçuí,ES,468.185,7,jul,15.303168997488434,OK,1991,2020,30,CHIRPS_v2,UCSB-CHG/CHIRPS/DAILY,1991-2020,IBGE_2024
3202553,Ibitirama,ES,330.874,7,jul,16.368827845722983,OK,1991,2020,30,CHIRPS_v2,UCSB-CHG/CHIRPS/DAILY,1991-2020,IBGE_2024
3202454,Ibatiba,ES,240.278,7,jul,10.528261690219521,OK,1991,2020,30,CHIRPS_v2,UCSB-CHG/CHIRPS/DAILY,1991-2020,IBGE_2024
3201803,Divino de São Lourenço,ES,174.039,7,jul,15.628919820089488,OK,1991,2020,30,CHIRPS_v2,UCSB-CHG/CHIRPS/DAILY,1991-2020,IBGE_2024
3202009,Dores do Rio Preto,ES,159.298,7,jul,15.862624220670003,OK,1991,2020,30,CHIRPS_v2,UCSB-CHG/CHIRPS/DAILY,1991-2020,IBGE_2024
3201100,Bom Jesus do Norte,ES,89.084,7,jul,16.485347790698285,OK,1991,2020,30,CHIRPS_v2,UCSB-CHG/CHIRPS/DAILY,1991-2020,IBGE_2024
3200201,Alegre,ES,756.86,7,jul,19.086165278305966,OK,1991,2020,30,CHIRPS_v2,UCSB-CHG/CHIRPS/DAILY,1991-2020,IBGE_2024
3200508,Apiacá,ES,193.984,7,jul,18.261800943679916,OK,1991,2020,30,CHIRPS_v2,UCSB-CHG/CHIRPS/DAILY,1991-2020,IBGE_2024
3204807,São José do Calçado,ES,273.489,7,jul,15.478392874431865,OK,1991,2020,30,CHIRPS_v2,UCSB-CHG/CHIRPS/DAILY,1991-2020,IBGE_2024
3203700,Muniz Freire,ES,678.804,7,jul,18.023814648206418,OK,1991,2020,30,CHIRPS_v2,UCSB-CHG/CHIRPS/DAILY,1991-2020,IBGE_2024
3202652,Irupi,ES,184.807,7,jul,12.611178297323425,OK,1991,2020,30,CHIRPS_v2,UCSB-CHG/CHIRPS/DAILY,1991-2020,IBGE_2024
3300456,Belford Roxo,RJ,78.985,7,jul,39.94603119790631,OK,1991,2020,30,CHIRPS_v2,UCSB-CHG/CHIRPS/DAILY,1991-2020,IBGE_2024
3305752,Tanguá,RJ,143.007,7,jul,53.39079755153065,OK,1991,2020,30,CHIRPS_v2,UCSB-CHG/CHIRPS/DAILY,1991-2020,IBGE_2024
3305554,Seropédica,RJ,265.189,7,jul,35.584965536661386,OK,1991,2020,30,CHIRPS_v2,UCSB-CHG/CHIRPS/DAILY,1991-2020,IBGE_2024
3305109,São João de Meriti,RJ,35.216,7,jul,35.88891147452332,OK,1991,2020,30,CHIRPS_v2,UCSB-CHG/CHIRPS/DAILY,1991-2020,IBGE_2024
3305505,Saquarema,RJ,352.129,7,jul,66.92123596191246,OK,1991,2020,30,CHIRPS_v2,UCSB-CHG/CHIRPS/DAILY,1991-2020,IBGE_2024
3304557,Rio de Janeiro,RJ,1200.329,7,jul,48.37502432827544,OK,1991,2020,30,CHIRPS_v2,UCSB-CHG/CHIRPS/DAILY,1991-2020,IBGE_2024
3304904,São Gonçalo,RJ,248.159,7,jul,63.276151617021185,OK,1991,2020,30,CHIRPS_v2,UCSB-CHG/CHIRPS/DAILY,1991-2020,IBGE_2024
3304144,Queimados,RJ,75.927,7,jul,40.30939668777919,OK,1991,2020,30,CHIRPS_v2,UCSB-CHG/CHIRPS/DAILY,1991-2020,IBGE_2024
3303500,Nova Iguaçu,RJ,520.581,7,jul,49.446904556635616,OK,1991,2020,30,CHIRPS_v2,UCSB-CHG/CHIRPS/DAILY,1991-2020,IBGE_2024
3303609,Paracambi,RJ,190.949,7,jul,35.235075488547714,OK,1991,2020,30,CHIRPS_v2,UCSB-CHG/CHIRPS/DAILY,1991-2020,IBGE_2024
3303203,Nilópolis,RJ,19.393,7,jul,34.290462449957424,OK,1991,2020,30,CHIRPS_v2,UCSB-CHG/CHIRPS/DAILY,1991-2020,IBGE_2024
3303302,Niterói,RJ,133.757,7,jul,73.58738589789125,OK,1991,2020,30,CHIRPS_v2,UCSB-CHG/CHIRPS/DAILY,1991-2020,IBGE_2024
3302601,Mangaratiba,RJ,367.606,7,jul,46.159394785335884,OK,1991,2020,30,CHIRPS_v2,UCSB-CHG/CHIRPS/DAILY,1991-2020,IBGE_2024
3302700,Maricá,RJ,361.572,7,jul,90.04849951494602,OK,1991,2020,30,CHIRPS_v2,UCSB-CHG/CHIRPS/DAILY,1991-2020,IBGE_2024
3302502,Magé,RJ,390.775,7,jul,45.44324032437404,OK,1991,2020,30,CHIRPS_v2,UCSB-CHG/CHIRPS/DAILY,1991-2020,IBGE_2024
3302858,Mesquita,RJ,41.169,7,jul,43.51728932209383,OK,1991,2020,30,CHIRPS_v2,UCSB-CHG/CHIRPS/DAILY,1991-2020,IBGE_2024
3302007,Itaguaí,RJ,282.607,7,jul,47.00394671267988,OK,1991,2020,30,CHIRPS_v2,UCSB-CHG/CHIRPS/DAILY,1991-2020,IBGE_2024
3302270,Japeri,RJ,81.697,7,jul,39.89416171618633,OK,1991,2020,30,CHIRPS_v2,UCSB-CHG/CHIRPS/DAILY,1991-2020,IBGE_2024
3301702,Duque de Caxias,RJ,467.319,7,jul,38.19427206525986,OK,1991,2020,30,CHIRPS_v2,UCSB-CHG/CHIRPS/DAILY,1991-2020,IBGE_2024
3301850,Guapimirim,RJ,358.443,7,jul,45.24715695953395,OK,1991,2020,30,CHIRPS_v2,UCSB-CHG/CHIRPS/DAILY,1991-2020,IBGE_2024
3301900,Itaboraí,RJ,429.961,7,jul,45.73557796562043,OK,1991,2020,30,CHIRPS_v2,UCSB-CHG/CHIRPS/DAILY,1991-2020,IBGE_2024
3300100,Angra dos Reis,RJ,813.419,7,jul,54.66995538994578,OK,1991,2020,30,CHIRPS_v2,UCSB-CHG/CHIRPS/DAILY,1991-2020,IBGE_2024
3303807,Paraty,RJ,924.295,7,jul,39.03336159285707,OK,1991,2020,30,CHIRPS_v2,UCSB-CHG/CHIRPS/DAILY,1991-2020,IBGE_2024
3300803,Cachoeiras de Macacu,RJ,954.749,7,jul,37.445750557133245,OK,1991,2020,30,CHIRPS_v2,UCSB-CHG/CHIRPS/DAILY,1991-2020,IBGE_2024
3305604,Silva Jardim,RJ,937.755,7,jul,39.40422858523226,OK,1991,2020,30,CHIRPS_v2,UCSB-CHG/CHIRPS/DAILY,1991-2020,IBGE_2024
3304300,Rio Bonito,RJ,459.458,7,jul,43.9172346645208,OK,1991,2020,30,CHIRPS_v2,UCSB-CHG/CHIRPS/DAILY,1991-2020,IBGE_2024
3300407,Barra Mansa,RJ,547.133,7,jul,23.74098070762995,OK,1991,2020,30,CHIRPS_v2,UCSB-CHG/CHIRPS/DAILY,1991-2020,IBGE_2024
3306305,Volta Redonda,RJ,182.105,7,jul,23.518681503242618,OK,1991,2020,30,CHIRPS_v2,UCSB-CHG/CHIRPS/DAILY,1991-2020,IBGE_2024
3303955,Pinheiral,RJ,82.254,7,jul,22.034165442196464,OK,1991,2020,30,CHIRPS_v2,UCSB-CHG/CHIRPS/DAILY,1991-2020,IBGE_2024
3300308,Barra do Piraí,RJ,584.61,7,jul,23.43949419518685,OK,1991,2020,30,CHIRPS_v2,UCSB-CHG/CHIRPS/DAILY,1991-2020,IBGE_2024
3304409,Rio Claro,RJ,846.797,7,jul,25.439942173938757,OK,1991,2020,30,CHIRPS_v2,UCSB-CHG/CHIRPS/DAILY,1991-2020,IBGE_2024
3304003,Piraí,RJ,490.255,7,jul,31.87259182184946,OK,1991,2020,30,CHIRPS_v2,UCSB-CHG/CHIRPS/DAILY,1991-2020,IBGE_2024
3302809,Mendes,RJ,95.324,7,jul,29.459625785498005,OK,1991,2020,30,CHIRPS_v2,UCSB-CHG/CHIRPS/DAILY,1991-2020,IBGE_2024
3301801,Engenheiro Paulo de Frontin,RJ,139.381,7,jul,33.86618655829551,OK,1991,2020,30,CHIRPS_v2,UCSB-CHG/CHIRPS/DAILY,1991-2020,IBGE_2024
3304201,Resende,RJ,1099.336,7,jul,23.729621358873935,OK,1991,2020,30,CHIRPS_v2,UCSB-CHG/CHIRPS/DAILY,1991-2020,IBGE_2024
3304128,Quatis,RJ,284.826,7,jul,23.879476257564065,OK,1991,2020,30,CHIRPS_v2,UCSB-CHG/CHIRPS/DAILY,1991-2020,IBGE_2024
3304110,Porto Real,RJ,50.892,7,jul,24.954103739347225,OK,1991,2020,30,CHIRPS_v2,UCSB-CHG/CHIRPS/DAILY,1991-2020,IBGE_2024
3302254,Itatiaia,RJ,241.035,7,jul,22.490655994601916,OK,1991,2020,30,CHIRPS_v2,UCSB-CHG/CHIRPS/DAILY,1991-2020,IBGE_2024
3306206,Vassouras,RJ,536.073,7,jul,26.81158211873852,OK,1991,2020,30,CHIRPS_v2,UCSB-CHG/CHIRPS/DAILY,1991-2020,IBGE_2024
3306107,Valença,RJ,1300.767,7,jul,18.78969593439461,OK,1991,2020,30,CHIRPS_v2,UCSB-CHG/CHIRPS/DAILY,1991-2020,IBGE_2024
3304508,Rio das Flores,RJ,478.783,7,jul,17.118862114755935,OK,1991,2020,30,CHIRPS_v2,UCSB-CHG/CHIRPS/DAILY,1991-2020,IBGE_2024
3303856,Paty do Alferes,RJ,314.341,7,jul,28.999823282507975,OK,1991,2020,30,CHIRPS_v2,UCSB-CHG/CHIRPS/DAILY,1991-2020,IBGE_2024
3302908,Miguel Pereira,RJ,287.933,7,jul,47.3333276616114,OK,1991,2020,30,CHIRPS_v2,UCSB-CHG/CHIRPS/DAILY,1991-2020,IBGE_2024
3300225,Areal,RJ,110.724,7,jul,25.84862601723722,OK,1991,2020,30,CHIRPS_v2,UCSB-CHG/CHIRPS/DAILY,1991-2020,IBGE_2024
3305802,Teresópolis,RJ,773.338,7,jul,26.87959565207055,OK,1991,2020,30,CHIRPS_v2,UCSB-CHG/CHIRPS/DAILY,1991-2020,IBGE_2024
3303906,Petrópolis,RJ,791.144,7,jul,37.97995281913689,OK,1991,2020,30,CHIRPS_v2,UCSB-CHG/CHIRPS/DAILY,1991-2020,IBGE_2024
3305158,São José do Vale do Rio Preto,RJ,220.178,7,jul,22.081768163158358,OK,1991,2020,30,CHIRPS_v2,UCSB-CHG/CHIRPS/DAILY,1991-2020,IBGE_2024
3303401,Nova Friburgo,RJ,935.429,7,jul,30.927028212767233,OK,1991,2020,30,CHIRPS_v2,UCSB-CHG/CHIRPS/DAILY,1991-2020,IBGE_2024
3301207,Carmo,RJ,305.749,7,jul,13.356521632291733,OK,1991,2020,30,CHIRPS_v2,UCSB-CHG/CHIRPS/DAILY,1991-2020,IBGE_2024
3300506,Bom Jardim,RJ,382.43,7,jul,22.32765189815942,OK,1991,2020,30,CHIRPS_v2,UCSB-CHG/CHIRPS/DAILY,1991-2020,IBGE_2024
3305703,Sumidouro,RJ,413.407,7,jul,17.645433802306872,OK,1991,2020,30,CHIRPS_v2,UCSB-CHG/CHIRPS/DAILY,1991-2020,IBGE_2024
3305901,Trajano de Moraes,RJ,591.152,7,jul,27.640734146436476,OK,1991,2020,30,CHIRPS_v2,UCSB-CHG/CHIRPS/DAILY,1991-2020,IBGE_2024
3305307,São Sebastião do Alto,RJ,397.214,7,jul,23.40865662119439,OK,1991,2020,30,CHIRPS_v2,UCSB-CHG/CHIRPS/DAILY,1991-2020,IBGE_2024
3304607,Santa Maria Madalena,RJ,810.962,7,jul,30.38651839825007,OK,1991,2020,30,CHIRPS_v2,UCSB-CHG/CHIRPS/DAILY,1991-2020,IBGE_2024
3302452,Macuco,RJ,78.364,7,jul,21.804816324611092,OK,1991,2020,30,CHIRPS_v2,UCSB-CHG/CHIRPS/DAILY,1991-2020,IBGE_2024
3301603,Duas Barras,RJ,379.619,7,jul,18.69385801534542,OK,1991,2020,30,CHIRPS_v2,UCSB-CHG/CHIRPS/DAILY,1991-2020,IBGE_2024
3301504,Cordeiro,RJ,113.048,7,jul,20.853199388398647,OK,1991,2020,30,CHIRPS_v2,UCSB-CHG/CHIRPS/DAILY,1991-2020,IBGE_2024
3301108,Cantagalo,RJ,747.21,7,jul,18.85006370725575,OK,1991,2020,30,CHIRPS_v2,UCSB-CHG/CHIRPS/DAILY,1991-2020,IBGE_2024
3306008,Três Rios,RJ,322.843,7,jul,21.72167105902463,OK,1991,2020,30,CHIRPS_v2,UCSB-CHG/CHIRPS/DAILY,1991-2020,IBGE_2024
3303708,Paraíba do Sul,RJ,571.118,7,jul,21.913322915549593,OK,1991,2020,30,CHIRPS_v2,UCSB-CHG/CHIRPS/DAILY,1991-2020,IBGE_2024
3300951,Comendador Levy Gasparian,RJ,108.639,7,jul,21.12478247814695,OK,1991,2020,30,CHIRPS_v2,UCSB-CHG/CHIRPS/DAILY,1991-2020,IBGE_2024
3305406,Sapucaia,RJ,540.673,7,jul,18.419398953458128,OK,1991,2020,30,CHIRPS_v2,UCSB-CHG/CHIRPS/DAILY,1991-2020,IBGE_2024
3301009,Campos dos Goytacazes,RJ,4032.487,7,jul,31.45705825580287,OK,1991,2020,30,CHIRPS_v2,UCSB-CHG/CHIRPS/DAILY,1991-2020,IBGE_2024
3305000,São João da Barra,RJ,452.396,7,jul,33.06668345449855,OK,1991,2020,30,CHIRPS_v2,UCSB-CHG/CHIRPS/DAILY,1991-2020,IBGE_2024
3304755,São Francisco de Itabapoana,RJ,1118.037,7,jul,26.20264573846808,OK,1991,2020,30,CHIRPS_v2,UCSB-CHG/CHIRPS/DAILY,1991-2020,IBGE_2024
3304805,São Fidélis,RJ,1034.833,7,jul,20.53496234449138,OK,1991,2020,30,CHIRPS_v2,UCSB-CHG/CHIRPS/DAILY,1991-2020,IBGE_2024
3302056,Italva,RJ,291.193,7,jul,15.265727205344316,OK,1991,2020,30,CHIRPS_v2,UCSB-CHG/CHIRPS/DAILY,1991-2020,IBGE_2024
3301157,Cardoso Moreira,RJ,522.596,7,jul,19.99673257156557,OK,1991,2020,30,CHIRPS_v2,UCSB-CHG/CHIRPS/DAILY,1991-2020,IBGE_2024
3300605,Bom Jesus do Itabapoana,RJ,596.659,7,jul,17.261254656463638,OK,1991,2020,30,CHIRPS_v2,UCSB-CHG/CHIRPS/DAILY,1991-2020,IBGE_2024
3306156,Varre-Sai,RJ,201.938,7,jul,14.314612013853564,OK,1991,2020,30,CHIRPS_v2,UCSB-CHG/CHIRPS/DAILY,1991-2020,IBGE_2024
3305133,São José de Ubá,RJ,249.688,7,jul,15.030992860527219,OK,1991,2020,30,CHIRPS_v2,UCSB-CHG/CHIRPS/DAILY,1991-2020,IBGE_2024
3304102,Porciúncula,RJ,291.847,7,jul,11.035632795779167,OK,1991,2020,30,CHIRPS_v2,UCSB-CHG/CHIRPS/DAILY,1991-2020,IBGE_2024
3303104,Natividade,RJ,387.073,7,jul,14.389851771023338,OK,1991,2020,30,CHIRPS_v2,UCSB-CHG/CHIRPS/DAILY,1991-2020,IBGE_2024
3302205,Itaperuna,RJ,1106.694,7,jul,18.129300948807476,OK,1991,2020,30,CHIRPS_v2,UCSB-CHG/CHIRPS/DAILY,1991-2020,IBGE_2024
3302304,Laje do Muriaé,RJ,253.53,7,jul,15.45942692196202,OK,1991,2020,30,CHIRPS_v2,UCSB-CHG/CHIRPS/DAILY,1991-2020,IBGE_2024
3300902,Cambuci,RJ,558.281,7,jul,16.09670478398831,OK,1991,2020,30,CHIRPS_v2,UCSB-CHG/CHIRPS/DAILY,1991-2020,IBGE_2024
3300159,Aperibé,RJ,94.542,7,jul,20.144028864859397,OK,1991,2020,30,CHIRPS_v2,UCSB-CHG/CHIRPS/DAILY,1991-2020,IBGE_2024
3304706,Santo Antônio de Pádua,RJ,603.633,7,jul,16.98444977925245,OK,1991,2020,30,CHIRPS_v2,UCSB-CHG/CHIRPS/DAILY,1991-2020,IBGE_2024
3303005,Miracema,RJ,303.27,7,jul,13.442928079980966,OK,1991,2020,30,CHIRPS_v2,UCSB-CHG/CHIRPS/DAILY,1991-2020,IBGE_2024
3302106,Itaocara,RJ,433.182,7,jul,18.68109076970343,OK,1991,2020,30,CHIRPS_v2,UCSB-CHG/CHIRPS/DAILY,1991-2020,IBGE_2024
3300704,Cabo Frio,RJ,413.449,7,jul,32.12913232591968,OK,1991,2020,30,CHIRPS_v2,UCSB-CHG/CHIRPS/DAILY,1991-2020,IBGE_2024
3300209,Araruama,RJ,638.276,7,jul,37.61871502304075,OK,1991,2020,30,CHIRPS_v2,UCSB-CHG/CHIRPS/DAILY,1991-2020,IBGE_2024
3300258,Arraial do Cabo,RJ,152.106,7,jul,24.71392344815115,OK,1991,2020,30,CHIRPS_v2,UCSB-CHG/CHIRPS/DAILY,1991-2020,IBGE_2024
3300233,Armação dos Búzios,RJ,70.977,7,jul,28.24636420090353,OK,1991,2020,30,CHIRPS_v2,UCSB-CHG/CHIRPS/DAILY,1991-2020,IBGE_2024
3305208,São Pedro da Aldeia,RJ,332.488,7,jul,37.480751480707774,OK,1991,2020,30,CHIRPS_v2,UCSB-CHG/CHIRPS/DAILY,1991-2020,IBGE_2024
3301876,Iguaba Grande,RJ,50.977,7,jul,49.871381631453204,OK,1991,2020,30,CHIRPS_v2,UCSB-CHG/CHIRPS/DAILY,1991-2020,IBGE_2024
3301405,Conceição de Macabu,RJ,338.26,7,jul,35.715229366587906,OK,1991,2020,30,CHIRPS_v2,UCSB-CHG/CHIRPS/DAILY,1991-2020,IBGE_2024
3301306,Casimiro de Abreu,RJ,462.918,7,jul,39.24346221805062,OK,1991,2020,30,CHIRPS_v2,UCSB-CHG/CHIRPS/DAILY,1991-2020,IBGE_2024
3304524,Rio das Ostras,RJ,228.044,7,jul,39.50055068740217,OK,1991,2020,30,CHIRPS_v2,UCSB-CHG/CHIRPS/DAILY,1991-2020,IBGE_2024
3302403,Macaé,RJ,1216.989,7,jul,38.23062001549315,OK,1991,2020,30,CHIRPS_v2,UCSB-CHG/CHIRPS/DAILY,1991-2020,IBGE_2024
3300936,Carapebus,RJ,304.884,7,jul,42.888736086082126,OK,1991,2020,30,CHIRPS_v2,UCSB-CHG/CHIRPS/DAILY,1991-2020,IBGE_2024
3304151,Quissamã,RJ,719.643,7,jul,35.2667676024131,OK,1991,2020,30,CHIRPS_v2,UCSB-CHG/CHIRPS/DAILY,1991-2020,IBGE_2024
3555406,Ubatuba,SP,708.246,7,jul,65.45882056235918,OK,1991,2020,30,CHIRPS_v2,UCSB-CHG/CHIRPS/DAILY,1991-2020,IBGE_2024
3527207,Lorena,SP,414.16,7,jul,25.00204091703349,OK,1991,2020,30,CHIRPS_v2,UCSB-CHG/CHIRPS/DAILY,1991-2020,IBGE_2024
3509957,Canas,SP,53.261,7,jul,28.639637918379734,OK,1991,2020,30,CHIRPS_v2,UCSB-CHG/CHIRPS/DAILY,1991-2020,IBGE_2024
3513603,Cunha,SP,1407.098,7,jul,28.20972707289716,OK,1991,2020,30,CHIRPS_v2,UCSB-CHG/CHIRPS/DAILY,1991-2020,IBGE_2024
3504909,Bananal,SP,616.934,7,jul,20.556532790235405,OK,1991,2020,30,CHIRPS_v2,UCSB-CHG/CHIRPS/DAILY,1991-2020,IBGE_2024
3513405,Cruzeiro,SP,305.669,7,jul,22.498536413028297,OK,1991,2020,30,CHIRPS_v2,UCSB-CHG/CHIRPS/DAILY,1991-2020,IBGE_2024
3503505,Areias,SP,303.98,7,jul,22.096511729018772,OK,1991,2020,30,CHIRPS_v2,UCSB-CHG/CHIRPS/DAILY,1991-2020,IBGE_2024
3552007,Silveiras,SP,415.038,7,jul,24.992111042253516,OK,1991,2020,30,CHIRPS_v2,UCSB-CHG/CHIRPS/DAILY,1991-2020,IBGE_2024
3503158,Arapeí,SP,156.479,7,jul,20.211158140896572,OK,1991,2020,30,CHIRPS_v2,UCSB-CHG/CHIRPS/DAILY,1991-2020,IBGE_2024
3526605,Lavrinhas,SP,166.948,7,jul,23.118412618415235,OK,1991,2020,30,CHIRPS_v2,UCSB-CHG/CHIRPS/DAILY,1991-2020,IBGE_2024
3541901,Queluz,SP,249.356,7,jul,26.25599216890055,OK,1991,2020,30,CHIRPS_v2,UCSB-CHG/CHIRPS/DAILY,1991-2020,IBGE_2024
3508603,Cachoeira Paulista,SP,288.747,7,jul,25.874524851299338,OK,1991,2020,30,CHIRPS_v2,UCSB-CHG/CHIRPS/DAILY,1991-2020,IBGE_2024
3549607,São José do Barreiro,SP,570.604,7,jul,21.893296927685835,OK,1991,2020,30,CHIRPS_v2,UCSB-CHG/CHIRPS/DAILY,1991-2020,IBGE_2024
1101104,Itapuã do Oeste,RO,4081.555,7,jul,13.951594356121847,OK,1991,2020,30,CHIRPS_v2,UCSB-CHG/CHIRPS/DAILY,1991-2020,IBGE_2024
1100809,Candeias do Jamari,RO,6843.666,7,jul,16.257002592045833,OK,1991,2020,30,CHIRPS_v2,UCSB-CHG/CHIRPS/DAILY,1991-2020,IBGE_2024
1100338,Nova Mamoré,RO,10070.515,7,jul,14.263205360083498,OK,1991,2020,30,CHIRPS_v2,UCSB-CHG/CHIRPS/DAILY,1991-2020,IBGE_2024
1100106,Guajará-Mirim,RO,24856.877,7,jul,12.9485500911645,OK,1991,2020,30,CHIRPS_v2,UCSB-CHG/CHIRPS/DAILY,1991-2020,IBGE_2024
1100205,Porto Velho,RO,34090.463,7,jul,18.4791721156559,OK,1991,2020,30,CHIRPS_v2,UCSB-CHG/CHIRPS/DAILY,1991-2020,IBGE_2024
1100940,Cujubim,RO,3863.948,7,jul,15.205624403472502,OK,1991,2020,30,CHIRPS_v2,UCSB-CHG/CHIRPS/DAILY,1991-2020,IBGE_2024
1100601,Cacaulândia,RO,1962.032,7,jul,13.483778202357255,OK,1991,2020,30,CHIRPS_v2,UCSB-CHG/CHIRPS/DAILY,1991-2020,IBGE_2024
1100403,Alto Paraíso,RO,2652.03,7,jul,16.017327584343402,OK,1991,2020,30,CHIRPS_v2,UCSB-CHG/CHIRPS/DAILY,1991-2020,IBGE_2024
1100452,Buritis,RO,3265.811,7,jul,14.762585427461874,OK,1991,2020,30,CHIRPS_v2,UCSB-CHG/CHIRPS/DAILY,1991-2020,IBGE_2024
1100700,Campo Novo de Rondônia,RO,3442.005,7,jul,14.222935566002892,OK,1991,2020,30,CHIRPS_v2,UCSB-CHG/CHIRPS/DAILY,1991-2020,IBGE_2024
1100023,Ariquemes,RO,4426.127,7,jul,12.903273539322502,OK,1991,2020,30,CHIRPS_v2,UCSB-CHG/CHIRPS/DAILY,1991-2020,IBGE_2024
1100262,Rio Crespo,RO,1717.64,7,jul,13.996889531204106,OK,1991,2020,30,CHIRPS_v2,UCSB-CHG/CHIRPS/DAILY,1991-2020,IBGE_2024
1101401,Monte Negro,RO,1931.404,7,jul,13.410503681523164,OK,1991,2020,30,CHIRPS_v2,UCSB-CHG/CHIRPS/DAILY,1991-2020,IBGE_2024
1101757,Vale do Anari,RO,3135.107,7,jul,9.617173622552619,OK,1991,2020,30,CHIRPS_v2,UCSB-CHG/CHIRPS/DAILY,1991-2020,IBGE_2024
1101005,Governador Jorge Teixeira,RO,5067.386,7,jul,14.846480840667537,OK,1991,2020,30,CHIRPS_v2,UCSB-CHG/CHIRPS/DAILY,1991-2020,IBGE_2024
1100130,Machadinho D'Oeste,RO,8509.166,7,jul,14.879062031254918,OK,1991,2020,30,CHIRPS_v2,UCSB-CHG/CHIRPS/DAILY,1991-2020,IBGE_2024
1100114,Jaru,RO,2944.126,7,jul,12.014835607920487,OK,1991,2020,30,CHIRPS_v2,UCSB-CHG/CHIRPS/DAILY,1991-2020,IBGE_2024
1101609,Theobroma,RO,2197.412,7,jul,9.732975176708853,OK,1991,2020,30,CHIRPS_v2,UCSB-CHG/CHIRPS/DAILY,1991-2020,IBGE_2024
1101708,Urupá,RO,831.855,7,jul,12.007009448135102,OK,1991,2020,30,CHIRPS_v2,UCSB-CHG/CHIRPS/DAILY,1991-2020,IBGE_2024
1101302,Mirante da Serra,RO,1191.875,7,jul,13.428421870652391,OK,1991,2020,30,CHIRPS_v2,UCSB-CHG/CHIRPS/DAILY,1991-2020,IBGE_2024
1100080,Costa Marques,RO,4987.159,7,jul,12.412077925398405,OK,1991,2020,30,CHIRPS_v2,UCSB-CHG/CHIRPS/DAILY,1991-2020,IBGE_2024
1100254,Presidente Médici,RO,1758.464,7,jul,11.582877602322688,OK,1991,2020,30,CHIRPS_v2,UCSB-CHG/CHIRPS/DAILY,1991-2020,IBGE_2024
1100346,Alvorada D'Oeste,RO,3029.193,7,jul,12.673176492891464,OK,1991,2020,30,CHIRPS_v2,UCSB-CHG/CHIRPS/DAILY,1991-2020,IBGE_2024
1100320,São Miguel do Guaporé,RO,6789.605,7,jul,14.665045290847129,OK,1991,2020,30,CHIRPS_v2,UCSB-CHG/CHIRPS/DAILY,1991-2020,IBGE_2024
1100155,Ouro Preto do Oeste,RO,1969.878,7,jul,11.239901923375523,OK,1991,2020,30,CHIRPS_v2,UCSB-CHG/CHIRPS/DAILY,1991-2020,IBGE_2024
1100122,Ji-Paraná,RO,6896.649,7,jul,9.1689430613734,OK,1991,2020,30,CHIRPS_v2,UCSB-CHG/CHIRPS/DAILY,1991-2020,IBGE_2024
1101559,Teixeirópolis,RO,459.933,7,jul,12.674835270496928,OK,1991,2020,30,CHIRPS_v2,UCSB-CHG/CHIRPS/DAILY,1991-2020,IBGE_2024
1101435,Nova União,RO,807.17,7,jul,12.051457456024318,OK,1991,2020,30,CHIRPS_v2,UCSB-CHG/CHIRPS/DAILY,1991-2020,IBGE_2024
1101500,Seringueiras,RO,4443.991,7,jul,12.950446473916983,OK,1991,2020,30,CHIRPS_v2,UCSB-CHG/CHIRPS/DAILY,1991-2020,IBGE_2024
1101492,São Francisco do Guaporé,RO,10948.637,7,jul,10.986760186267787,OK,1991,2020,30,CHIRPS_v2,UCSB-CHG/CHIRPS/DAILY,1991-2020,IBGE_2024
1101807,Vale do Paraíso,RO,965.661,7,jul,9.927946714469599,OK,1991,2020,30,CHIRPS_v2,UCSB-CHG/CHIRPS/DAILY,1991-2020,IBGE_2024
1100908,Castanheiras,RO,892.841,7,jul,12.123849263574673,OK,1991,2020,30,CHIRPS_v2,UCSB-CHG/CHIRPS/DAILY,1991-2020,IBGE_2024
1101203,Ministro Andreazza,RO,798.083,7,jul,9.156234621621046,OK,1991,2020,30,CHIRPS_v2,UCSB-CHG/CHIRPS/DAILY,1991-2020,IBGE_2024
1100502,Novo Horizonte do Oeste,RO,843.446,7,jul,12.721243592057428,OK,1991,2020,30,CHIRPS_v2,UCSB-CHG/CHIRPS/DAILY,1991-2020,IBGE_2024
1100379,Alto Alegre dos Parecis,RO,3958.273,7,jul,12.498693100519269,OK,1991,2020,30,CHIRPS_v2,UCSB-CHG/CHIRPS/DAILY,1991-2020,IBGE_2024
1100015,Alta Floresta D'Oeste,RO,7067.127,7,jul,12.094233867862723,OK,1991,2020,30,CHIRPS_v2,UCSB-CHG/CHIRPS/DAILY,1991-2020,IBGE_2024
1100098,Espigão D'Oeste,RO,4518.039,7,jul,9.041985625528724,OK,1991,2020,30,CHIRPS_v2,UCSB-CHG/CHIRPS/DAILY,1991-2020,IBGE_2024
1100049,Cacoal,RO,3792.998,7,jul,9.444986060894909,OK,1991,2020,30,CHIRPS_v2,UCSB-CHG/CHIRPS/DAILY,1991-2020,IBGE_2024
1100288,Rolim de Moura,RO,1457.811,7,jul,13.747707257590152,OK,1991,2020,30,CHIRPS_v2,UCSB-CHG/CHIRPS/DAILY,1991-2020,IBGE_2024
1100296,Santa Luzia D'Oeste,RO,1197.796,7,jul,15.419590893176629,OK,1991,2020,30,CHIRPS_v2,UCSB-CHG/CHIRPS/DAILY,1991-2020,IBGE_2024
1100148,Nova Brasilândia D'Oeste,RO,1703.008,7,jul,13.263457748528575,OK,1991,2020,30,CHIRPS_v2,UCSB-CHG/CHIRPS/DAILY,1991-2020,IBGE_2024
1100189,Pimenta Bueno,RO,6241.017,7,jul,10.714144303725169,OK,1991,2020,30,CHIRPS_v2,UCSB-CHG/CHIRPS/DAILY,1991-2020,IBGE_2024
1101484,São Felipe D'Oeste,RO,541.648,7,jul,14.466167101568484,OK,1991,2020,30,CHIRPS_v2,UCSB-CHG/CHIRPS/DAILY,1991-2020,IBGE_2024
1101476,Primavera de Rondônia,RO,605.692,7,jul,14.559028821741144,OK,1991,2020,30,CHIRPS_v2,UCSB-CHG/CHIRPS/DAILY,1991-2020,IBGE_2024
1101450,Parecis,RO,2548.683,7,jul,12.31662267867529,OK,1991,2020,30,CHIRPS_v2,UCSB-CHG/CHIRPS/DAILY,1991-2020,IBGE_2024
1100924,Chupinguaia,RO,5117.301,7,jul,10.137948175189054,OK,1991,2020,30,CHIRPS_v2,UCSB-CHG/CHIRPS/DAILY,1991-2020,IBGE_2024
1100031,Cabixi,RO,1314.352,7,jul,10.459191384665134,OK,1991,2020,30,CHIRPS_v2,UCSB-CHG/CHIRPS/DAILY,1991-2020,IBGE_2024
1100072,Corumbiara,RO,3060.321,7,jul,11.667242846199592,OK,1991,2020,30,CHIRPS_v2,UCSB-CHG/CHIRPS/DAILY,1991-2020,IBGE_2024
1100064,Colorado do Oeste,RO,1451.062,7,jul,7.737280503501276,OK,1991,2020,30,CHIRPS_v2,UCSB-CHG/CHIRPS/DAILY,1991-2020,IBGE_2024
1100056,Cerejeiras,RO,2783.297,7,jul,10.746207429574676,OK,1991,2020,30,CHIRPS_v2,UCSB-CHG/CHIRPS/DAILY,1991-2020,IBGE_2024
1100304,Vilhena,RO,11708.569,7,jul,8.437826745705122,OK,1991,2020,30,CHIRPS_v2,UCSB-CHG/CHIRPS/DAILY,1991-2020,IBGE_2024
1101468,Pimenteiras do Oeste,RO,6014.733,7,jul,12.017801062055533,OK,1991,2020,30,CHIRPS_v2,UCSB-CHG/CHIRPS/DAILY,1991-2020,IBGE_2024
1200013,Acrelândia,AC,1811.612,7,jul,21.743376245037805,OK,1991,2020,30,CHIRPS_v2,UCSB-CHG/CHIRPS/DAILY,1991-2020,IBGE_2024
1303569,Rio Preto da Eva,AM,5812.425,7,jul,113.44799168654092,OK,1991,2020,30,CHIRPS_v2,UCSB-CHG/CHIRPS/DAILY,1991-2020,IBGE_2024
1301852,Iranduba,AM,2331.676,7,jul,85.42267213376233,OK,1991,2020,30,CHIRPS_v2,UCSB-CHG/CHIRPS/DAILY,1991-2020,IBGE_2024
1302603,Manaus,AM,11278.893,7,jul,107.07068216337774,OK,1991,2020,30,CHIRPS_v2,UCSB-CHG/CHIRPS/DAILY,1991-2020,IBGE_2024
1303106,Nova Olinda do Norte,AM,5573.414,7,jul,86.29562914161296,OK,1991,2020,30,CHIRPS_v2,UCSB-CHG/CHIRPS/DAILY,1991-2020,IBGE_2024
1302553,Manaquiri,AM,4016.877,7,jul,121.56041188002419,OK,1991,2020,30,CHIRPS_v2,UCSB-CHG/CHIRPS/DAILY,1991-2020,IBGE_2024
1301100,Careiro,AM,6100.302,7,jul,107.54088055729726,OK,1991,2020,30,CHIRPS_v2,UCSB-CHG/CHIRPS/DAILY,1991-2020,IBGE_2024
1301159,Careiro da Várzea,AM,2655.729,7,jul,76.17657627575741,OK,1991,2020,30,CHIRPS_v2,UCSB-CHG/CHIRPS/DAILY,1991-2020,IBGE_2024
1300805,Borba,AM,44644.015,7,jul,73.28028912515792,OK,1991,2020,30,CHIRPS_v2,UCSB-CHG/CHIRPS/DAILY,1991-2020,IBGE_2024
1300300,Autazes,AM,7564.727,7,jul,93.15344661669332,OK,1991,2020,30,CHIRPS_v2,UCSB-CHG/CHIRPS/DAILY,1991-2020,IBGE_2024
1301209,Coari,AM,57894.132,7,jul,105.94817948598404,OK,1991,2020,30,CHIRPS_v2,UCSB-CHG/CHIRPS/DAILY,1991-2020,IBGE_2024
1301308,Codajás,AM,19038.052,7,jul,135.27931907006726,OK,1991,2020,30,CHIRPS_v2,UCSB-CHG/CHIRPS/DAILY,1991-2020,IBGE_2024
1300631,Beruri,AM,17415.813,7,jul,105.29617813122825,OK,1991,2020,30,CHIRPS_v2,UCSB-CHG/CHIRPS/DAILY,1991-2020,IBGE_2024
1300102,Anori,AM,6084.881,7,jul,108.93647137546554,OK,1991,2020,30,CHIRPS_v2,UCSB-CHG/CHIRPS/DAILY,1991-2020,IBGE_2024
1303205,Novo Airão,AM,37755.384,7,jul,165.98305179168213,OK,1991,2020,30,CHIRPS_v2,UCSB-CHG/CHIRPS/DAILY,1991-2020,IBGE_2024
1302504,Manacapuru,AM,7318.909,7,jul,105.5980135460584,OK,1991,2020,30,CHIRPS_v2,UCSB-CHG/CHIRPS/DAILY,1991-2020,IBGE_2024
1300839,Caapiranga,AM,9743.918,7,jul,125.7484605199397,OK,1991,2020,30,CHIRPS_v2,UCSB-CHG/CHIRPS/DAILY,1991-2020,IBGE_2024
1300086,Anamã,AM,2382.521,7,jul,124.12842493151436,OK,1991,2020,30,CHIRPS_v2,UCSB-CHG/CHIRPS/DAILY,1991-2020,IBGE_2024
1304260,Uarini,AM,10323.306,7,jul,142.49167999916048,OK,1991,2020,30,CHIRPS_v2,UCSB-CHG/CHIRPS/DAILY,1991-2020,IBGE_2024
1304203,Tefé,AM,23835.224,7,jul,112.13242270908987,OK,1991,2020,30,CHIRPS_v2,UCSB-CHG/CHIRPS/DAILY,1991-2020,IBGE_2024
1301605,Fonte Boa,AM,12163.987,7,jul,189.48418459711476,OK,1991,2020,30,CHIRPS_v2,UCSB-CHG/CHIRPS/DAILY,1991-2020,IBGE_2024
1302801,Maraã,AM,16805.602,7,jul,188.89181718823596,OK,1991,2020,30,CHIRPS_v2,UCSB-CHG/CHIRPS/DAILY,1991-2020,IBGE_2024
1302207,Juruá,AM,19300.464,7,jul,144.43512261299927,OK,1991,2020,30,CHIRPS_v2,UCSB-CHG/CHIRPS/DAILY,1991-2020,IBGE_2024
1300029,Alvarães,AM,5964.611,7,jul,124.49074277160449,OK,1991,2020,30,CHIRPS_v2,UCSB-CHG/CHIRPS/DAILY,1991-2020,IBGE_2024
1300904,Canutama,AM,33671.791,7,jul,32.727220352797325,OK,1991,2020,30,CHIRPS_v2,UCSB-CHG/CHIRPS/DAILY,1991-2020,IBGE_2024
1303304,Novo Aripuanã,AM,41382.864,7,jul,39.926319137670355,OK,1991,2020,30,CHIRPS_v2,UCSB-CHG/CHIRPS/DAILY,1991-2020,IBGE_2024
1302702,Manicoré,AM,48429.767,7,jul,41.64467604782082,OK,1991,2020,30,CHIRPS_v2,UCSB-CHG/CHIRPS/DAILY,1991-2020,IBGE_2024
1301704,Humaitá,AM,33113.788,7,jul,26.319955707695858,OK,1991,2020,30,CHIRPS_v2,UCSB-CHG/CHIRPS/DAILY,1991-2020,IBGE_2024
1300144,Apuí,AM,53617.189,7,jul,17.186692282113594,OK,1991,2020,30,CHIRPS_v2,UCSB-CHG/CHIRPS/DAILY,1991-2020,IBGE_2024
1303403,Parintins,AM,6044.053,7,jul,125.02836564605002,OK,1991,2020,30,CHIRPS_v2,UCSB-CHG/CHIRPS/DAILY,1991-2020,IBGE_2024
1302900,Maués,AM,39973.673,7,jul,60.482613894718185,OK,1991,2020,30,CHIRPS_v2,UCSB-CHG/CHIRPS/DAILY,1991-2020,IBGE_2024
1300680,Boa Vista do Ramos,AM,2613.997,7,jul,113.63666231683597,OK,1991,2020,30,CHIRPS_v2,UCSB-CHG/CHIRPS/DAILY,1991-2020,IBGE_2024
1300508,Barreirinha,AM,5658.561,7,jul,124.45946396987476,OK,1991,2020,30,CHIRPS_v2,UCSB-CHG/CHIRPS/DAILY,1991-2020,IBGE_2024
1304401,Urucurituba,AM,2897.547,7,jul,102.1958514236873,OK,1991,2020,30,CHIRPS_v2,UCSB-CHG/CHIRPS/DAILY,1991-2020,IBGE_2024
1304005,Silves,AM,3723.18,7,jul,89.77477838337317,OK,1991,2020,30,CHIRPS_v2,UCSB-CHG/CHIRPS/DAILY,1991-2020,IBGE_2024
1303957,São Sebastião do Uatumã,AM,10712.222,7,jul,123.66160553590747,OK,1991,2020,30,CHIRPS_v2,UCSB-CHG/CHIRPS/DAILY,1991-2020,IBGE_2024
1302009,Itapiranga,AM,4287.62,7,jul,100.41236740862257,OK,1991,2020,30,CHIRPS_v2,UCSB-CHG/CHIRPS/DAILY,1991-2020,IBGE_2024
1301902,Itacoatiara,AM,8882.186,7,jul,87.86906611714775,OK,1991,2020,30,CHIRPS_v2,UCSB-CHG/CHIRPS/DAILY,1991-2020,IBGE_2024
1502756,Concórdia do Pará,PA,700.614,7,jul,143.88111927249662,OK,1991,2020,30,CHIRPS_v2,UCSB-CHG/CHIRPS/DAILY,1991-2020,IBGE_2024
1502608,Colares,PA,384.068,7,jul,175.29132600312207,OK,1991,2020,30,CHIRPS_v2,UCSB-CHG/CHIRPS/DAILY,1991-2020,IBGE_2024
1501907,Bujaru,PA,994.662,7,jul,158.05136984793276,OK,1991,2020,30,CHIRPS_v2,UCSB-CHG/CHIRPS/DAILY,1991-2020,IBGE_2024
1501402,Belém,PA,1059.458,7,jul,160.42312048181762,OK,1991,2020,30,CHIRPS_v2,UCSB-CHG/CHIRPS/DAILY,1991-2020,IBGE_2024
1501501,Benevides,PA,187.826,7,jul,164.82987921213447,OK,1991,2020,30,CHIRPS_v2,UCSB-CHG/CHIRPS/DAILY,1991-2020,IBGE_2024
1501303,Barcarena,PA,1310.338,7,jul,149.8787885852579,OK,1991,2020,30,CHIRPS_v2,UCSB-CHG/CHIRPS/DAILY,1991-2020,IBGE_2024
1500800,Ananindeua,PA,190.59,7,jul,160.72678881544678,OK,1991,2020,30,CHIRPS_v2,UCSB-CHG/CHIRPS/DAILY,1991-2020,IBGE_2024
1508001,Tomé-Açu,PA,5145.361,7,jul,85.21309553484947,OK,1991,2020,30,CHIRPS_v2,UCSB-CHG/CHIRPS/DAILY,1991-2020,IBGE_2024
1500206,Acará,PA,4344.387,7,jul,135.70514519654162,OK,1991,2020,30,CHIRPS_v2,UCSB-CHG/CHIRPS/DAILY,1991-2020,IBGE_2024
1508209,Vigia,PA,401.87,7,jul,180.3823719038856,OK,1991,2020,30,CHIRPS_v2,UCSB-CHG/CHIRPS/DAILY,1991-2020,IBGE_2024
1507102,São Caetano de Odivelas,PA,463.883,7,jul,179.83962490767118,OK,1991,2020,30,CHIRPS_v2,UCSB-CHG/CHIRPS/DAILY,1991-2020,IBGE_2024
1507003,Santo Antônio do Tauá,PA,537.619,7,jul,177.49427554830004,OK,1991,2020,30,CHIRPS_v2,UCSB-CHG/CHIRPS/DAILY,1991-2020,IBGE_2024
1506500,Santa Izabel do Pará,PA,717.662,7,jul,166.81473587100456,OK,1991,2020,30,CHIRPS_v2,UCSB-CHG/CHIRPS/DAILY,1991-2020,IBGE_2024
1506351,Santa Bárbara do Pará,PA,278.154,7,jul,174.26562568463777,OK,1991,2020,30,CHIRPS_v2,UCSB-CHG/CHIRPS/DAILY,1991-2020,IBGE_2024
1504422,Marituba,PA,103.214,7,jul,159.65679151718535,OK,1991,2020,30,CHIRPS_v2,UCSB-CHG/CHIRPS/DAILY,1991-2020,IBGE_2024
1502103,Cametá,PA,3082.19,7,jul,128.1025180418504,OK,1991,2020,30,CHIRPS_v2,UCSB-CHG/CHIRPS/DAILY,1991-2020,IBGE_2024
1505205,Oeiras do Pará,PA,3852.291,7,jul,125.30329753477656,OK,1991,2020,30,CHIRPS_v2,UCSB-CHG/CHIRPS/DAILY,1991-2020,IBGE_2024
1504604,Mocajuba,PA,871.168,7,jul,93.68415665877203,OK,1991,2020,30,CHIRPS_v2,UCSB-CHG/CHIRPS/DAILY,1991-2020,IBGE_2024
1504000,Limoeiro do Ajuru,PA,1489.356,7,jul,151.89272715804194,OK,1991,2020,30,CHIRPS_v2,UCSB-CHG/CHIRPS/DAILY,1991-2020,IBGE_2024
1507953,Tailândia,PA,4430.477,7,jul,72.56172462959682,OK,1991,2020,30,CHIRPS_v2,UCSB-CHG/CHIRPS/DAILY,1991-2020,IBGE_2024
1500107,Abaetetuba,PA,1610.645,7,jul,145.8167658868515,OK,1991,2020,30,CHIRPS_v2,UCSB-CHG/CHIRPS/DAILY,1991-2020,IBGE_2024
1504703,Moju,PA,9094.14,7,jul,92.25523177035393,OK,1991,2020,30,CHIRPS_v2,UCSB-CHG/CHIRPS/DAILY,1991-2020,IBGE_2024
1503309,Igarapé-Miri,PA,1996.798,7,jul,142.11729776118665,OK,1991,2020,30,CHIRPS_v2,UCSB-CHG/CHIRPS/DAILY,1991-2020,IBGE_2024
1507961,Terra Alta,PA,204.971,7,jul,175.6117326746279,OK,1991,2020,30,CHIRPS_v2,UCSB-CHG/CHIRPS/DAILY,1991-2020,IBGE_2024
1507607,São Miguel do Guamá,PA,1094.57,7,jul,153.54538567191577,OK,1991,2020,30,CHIRPS_v2,UCSB-CHG/CHIRPS/DAILY,1991-2020,IBGE_2024
1507409,São Francisco do Pará,PA,479.441,7,jul,168.77929296324888,OK,1991,2020,30,CHIRPS_v2,UCSB-CHG/CHIRPS/DAILY,1991-2020,IBGE_2024
1507466,São João da Ponta,PA,195.918,7,jul,180.82857468456078,OK,1991,2020,30,CHIRPS_v2,UCSB-CHG/CHIRPS/DAILY,1991-2020,IBGE_2024
1507201,São Domingos do Capim,PA,1686.672,7,jul,138.88531999146056,OK,1991,2020,30,CHIRPS_v2,UCSB-CHG/CHIRPS/DAILY,1991-2020,IBGE_2024
1506609,Santa Maria do Pará,PA,457.724,7,jul,160.52468518260198,OK,1991,2020,30,CHIRPS_v2,UCSB-CHG/CHIRPS/DAILY,1991-2020,IBGE_2024
1504406,Marapanim,PA,804.625,7,jul,171.68877279902668,OK,1991,2020,30,CHIRPS_v2,UCSB-CHG/CHIRPS/DAILY,1991-2020,IBGE_2024
1504307,Maracanã,PA,807.628,7,jul,170.06528229732643,OK,1991,2020,30,CHIRPS_v2,UCSB-CHG/CHIRPS/DAILY,1991-2020,IBGE_2024
1504109,Magalhães Barata,PA,323.984,7,jul,168.37880185737697,OK,1991,2020,30,CHIRPS_v2,UCSB-CHG/CHIRPS/DAILY,1991-2020,IBGE_2024
1503507,Irituia,PA,1385.209,7,jul,140.4924122539652,OK,1991,2020,30,CHIRPS_v2,UCSB-CHG/CHIRPS/DAILY,1991-2020,IBGE_2024
1503408,Inhangapi,PA,472.599,7,jul,161.51268943293766,OK,1991,2020,30,CHIRPS_v2,UCSB-CHG/CHIRPS/DAILY,1991-2020,IBGE_2024
1502905,Curuçá,PA,676.321,7,jul,177.80898393365476,OK,1991,2020,30,CHIRPS_v2,UCSB-CHG/CHIRPS/DAILY,1991-2020,IBGE_2024
1503200,Igarapé-Açu,PA,785.983,7,jul,172.36226345776058,OK,1991,2020,30,CHIRPS_v2,UCSB-CHG/CHIRPS/DAILY,1991-2020,IBGE_2024
1502400,Castanhal,PA,1029.3,7,jul,167.89167158895043,OK,1991,2020,30,CHIRPS_v2,UCSB-CHG/CHIRPS/DAILY,1991-2020,IBGE_2024
1501956,Cachoeira do Piriá,PA,2419.6,7,jul,135.2854826384693,OK,1991,2020,30,CHIRPS_v2,UCSB-CHG/CHIRPS/DAILY,1991-2020,IBGE_2024
1501709,Bragança,PA,2124.736,7,jul,178.2917578063003,OK,1991,2020,30,CHIRPS_v2,UCSB-CHG/CHIRPS/DAILY,1991-2020,IBGE_2024
1500909,Augusto Corrêa,PA,1099.58,7,jul,169.25110811922968,OK,1991,2020,30,CHIRPS_v2,UCSB-CHG/CHIRPS/DAILY,1991-2020,IBGE_2024
1508035,Tracuateua,PA,868.03,7,jul,183.01609095986086,OK,1991,2020,30,CHIRPS_v2,UCSB-CHG/CHIRPS/DAILY,1991-2020,IBGE_2024
1508308,Viseu,PA,4972.936,7,jul,155.0583533062939,OK,1991,2020,30,CHIRPS_v2,UCSB-CHG/CHIRPS/DAILY,1991-2020,IBGE_2024
1506559,Santa Luzia do Pará,PA,1346.502,7,jul,158.45923918008856,OK,1991,2020,30,CHIRPS_v2,UCSB-CHG/CHIRPS/DAILY,1991-2020,IBGE_2024
1502202,Capanema,PA,621.476,7,jul,183.26260396395412,OK,1991,2020,30,CHIRPS_v2,UCSB-CHG/CHIRPS/DAILY,1991-2020,IBGE_2024
1501600,Bonito,PA,586.977,7,jul,163.38551698421014,OK,1991,2020,30,CHIRPS_v2,UCSB-CHG/CHIRPS/DAILY,1991-2020,IBGE_2024
1507474,São João de Pirabas,PA,668.058,7,jul,165.97841898313635,OK,1991,2020,30,CHIRPS_v2,UCSB-CHG/CHIRPS/DAILY,1991-2020,IBGE_2024
1506906,Santarém Novo,PA,229.51,7,jul,177.8359974552972,OK,1991,2020,30,CHIRPS_v2,UCSB-CHG/CHIRPS/DAILY,1991-2020,IBGE_2024
1506112,Quatipuru,PA,302.586,7,jul,175.99224464539336,OK,1991,2020,30,CHIRPS_v2,UCSB-CHG/CHIRPS/DAILY,1991-2020,IBGE_2024
1506104,Primavera,PA,259.331,7,jul,184.09705109865047,OK,1991,2020,30,CHIRPS_v2,UCSB-CHG/CHIRPS/DAILY,1991-2020,IBGE_2024
1506203,Salinópolis,PA,226.12,7,jul,163.09270592807457,OK,1991,2020,30,CHIRPS_v2,UCSB-CHG/CHIRPS/DAILY,1991-2020,IBGE_2024
1505601,Peixe-Boi,PA,450.224,7,jul,181.06221015944578,OK,1991,2020,30,CHIRPS_v2,UCSB-CHG/CHIRPS/DAILY,1991-2020,IBGE_2024
1505007,Nova Timboteua,PA,489.852,7,jul,175.3268625188575,OK,1991,2020,30,CHIRPS_v2,UCSB-CHG/CHIRPS/DAILY,1991-2020,IBGE_2024
1500958,Aurora do Pará,PA,1811.933,7,jul,109.06066342241654,OK,1991,2020,30,CHIRPS_v2,UCSB-CHG/CHIRPS/DAILY,1991-2020,IBGE_2024
1508126,Ulianópolis,PA,5088.468,7,jul,22.403778732083662,OK,1991,2020,30,CHIRPS_v2,UCSB-CHG/CHIRPS/DAILY,1991-2020,IBGE_2024
1505502,Paragominas,PA,19342.565,7,jul,48.13465577406702,OK,1991,2020,30,CHIRPS_v2,UCSB-CHG/CHIRPS/DAILY,1991-2020,IBGE_2024
1504059,Mãe do Rio,PA,469.341,7,jul,127.41212889307094,OK,1991,2020,30,CHIRPS_v2,UCSB-CHG/CHIRPS/DAILY,1991-2020,IBGE_2024
1503457,Ipixuna do Pará,PA,5215.555,7,jul,70.83350398002781,OK,1991,2020,30,CHIRPS_v2,UCSB-CHG/CHIRPS/DAILY,1991-2020,IBGE_2024
1502939,Dom Eliseu,PA,5268.809,7,jul,19.155489182922818,OK,1991,2020,30,CHIRPS_v2,UCSB-CHG/CHIRPS/DAILY,1991-2020,IBGE_2024
1505403,Ourém,PA,561.71,7,jul,160.1028866992231,OK,1991,2020,30,CHIRPS_v2,UCSB-CHG/CHIRPS/DAILY,1991-2020,IBGE_2024
1504950,Nova Esperança do Piriá,PA,2808.195,7,jul,105.649799151054,OK,1991,2020,30,CHIRPS_v2,UCSB-CHG/CHIRPS/DAILY,1991-2020,IBGE_2024
1503077,Garrafão do Norte,PA,1608.014,7,jul,121.03048479050513,OK,1991,2020,30,CHIRPS_v2,UCSB-CHG/CHIRPS/DAILY,1991-2020,IBGE_2024
1502301,Capitão Poço,PA,2901.026,7,jul,121.71053643704576,OK,1991,2020,30,CHIRPS_v2,UCSB-CHG/CHIRPS/DAILY,1991-2020,IBGE_2024
1501758,Brejo Grande do Araguaia,PA,1288.473,7,jul,10.193750036115985,OK,1991,2020,30,CHIRPS_v2,UCSB-CHG/CHIRPS/DAILY,1991-2020,IBGE_2024
1501576,Bom Jesus do Tocantins,PA,2816.608,7,jul,19.88579328276949,OK,1991,2020,30,CHIRPS_v2,UCSB-CHG/CHIRPS/DAILY,1991-2020,IBGE_2024
1500131,Abel Figueiredo,PA,614.127,7,jul,15.90569643246548,OK,1991,2020,30,CHIRPS_v2,UCSB-CHG/CHIRPS/DAILY,1991-2020,IBGE_2024
1507458,São Geraldo do Araguaia,PA,3168.387,7,jul,9.605495480222146,OK,1991,2020,30,CHIRPS_v2,UCSB-CHG/CHIRPS/DAILY,1991-2020,IBGE_2024
1507508,São João do Araguaia,PA,1279.889,7,jul,13.405800103433243,OK,1991,2020,30,CHIRPS_v2,UCSB-CHG/CHIRPS/DAILY,1991-2020,IBGE_2024
1507151,São Domingos do Araguaia,PA,1392.464,7,jul,14.174533207650118,OK,1991,2020,30,CHIRPS_v2,UCSB-CHG/CHIRPS/DAILY,1991-2020,IBGE_2024
1506187,Rondon do Pará,PA,8246.394,7,jul,27.065108999576598,OK,1991,2020,30,CHIRPS_v2,UCSB-CHG/CHIRPS/DAILY,1991-2020,IBGE_2024
1505494,Palestina do Pará,PA,984.362,7,jul,9.239971890216278,OK,1991,2020,30,CHIRPS_v2,UCSB-CHG/CHIRPS/DAILY,1991-2020,IBGE_2024
1505635,Piçarra,PA,3312.709,7,jul,7.99797829404388,OK,1991,2020,30,CHIRPS_v2,UCSB-CHG/CHIRPS/DAILY,1991-2020,IBGE_2024
1504976,Nova Ipixuna,PA,1564.182,7,jul,25.194612218345373,OK,1991,2020,30,CHIRPS_v2,UCSB-CHG/CHIRPS/DAILY,1991-2020,IBGE_2024
1504208,Marabá,PA,15127.872,7,jul,18.404388464452882,OK,1991,2020,30,CHIRPS_v2,UCSB-CHG/CHIRPS/DAILY,1991-2020,IBGE_2024
1503705,Itupiranga,PA,7880.303,7,jul,23.958388942059475,OK,1991,2020,30,CHIRPS_v2,UCSB-CHG/CHIRPS/DAILY,1991-2020,IBGE_2024
1503804,Jacundá,PA,2008.333,7,jul,31.033196940700552,OK,1991,2020,30,CHIRPS_v2,UCSB-CHG/CHIRPS/DAILY,1991-2020,IBGE_2024
1502772,Curionópolis,PA,2369.091,7,jul,12.066873894966156,OK,1991,2020,30,CHIRPS_v2,UCSB-CHG/CHIRPS/DAILY,1991-2020,IBGE_2024
1502152,Canaã dos Carajás,PA,3146.748,7,jul,12.431949577549291,OK,1991,2020,30,CHIRPS_v2,UCSB-CHG/CHIRPS/DAILY,1991-2020,IBGE_2024
1505536,Parauapebas,PA,6885.865,7,jul,16.5799064101008,OK,1991,2020,30,CHIRPS_v2,UCSB-CHG/CHIRPS/DAILY,1991-2020,IBGE_2024
1502954,Eldorado do Carajás,PA,2956.69,7,jul,12.41832892794625,OK,1991,2020,30,CHIRPS_v2,UCSB-CHG/CHIRPS/DAILY,1991-2020,IBGE_2024
1501782,Breu Branco,PA,3941.746,7,jul,40.518107970447026,OK,1991,2020,30,CHIRPS_v2,UCSB-CHG/CHIRPS/DAILY,1991-2020,IBGE_2024
1501204,Baião,PA,3760.001,7,jul,63.14548333541177,OK,1991,2020,30,CHIRPS_v2,UCSB-CHG/CHIRPS/DAILY,1991-2020,IBGE_2024
1508100,Tucuruí,PA,2084.276,7,jul,38.22721259885045,OK,1991,2020,30,CHIRPS_v2,UCSB-CHG/CHIRPS/DAILY,1991-2020,IBGE_2024
1505486,Pacajá,PA,11832.318,7,jul,59.246158305842926,OK,1991,2020,30,CHIRPS_v2,UCSB-CHG/CHIRPS/DAILY,1991-2020,IBGE_2024
1505064,Novo Repartimento,PA,15398.735,7,jul,30.707267234273182,OK,1991,2020,30,CHIRPS_v2,UCSB-CHG/CHIRPS/DAILY,1991-2020,IBGE_2024
1503093,Goianésia do Pará,PA,7023.933,7,jul,33.24518408110488,OK,1991,2020,30,CHIRPS_v2,UCSB-CHG/CHIRPS/DAILY,1991-2020,IBGE_2024
1502707,Conceição do Araguaia,PA,5829.482,7,jul,6.316618800934336,OK,1991,2020,30,CHIRPS_v2,UCSB-CHG/CHIRPS/DAILY,1991-2020,IBGE_2024
1502764,Cumaru do Norte,PA,17085.001,7,jul,2.054200639705593,OK,1991,2020,30,CHIRPS_v2,UCSB-CHG/CHIRPS/DAILY,1991-2020,IBGE_2024
1501253,Bannach,PA,2956.649,7,jul,4.253124829157799,OK,1991,2020,30,CHIRPS_v2,UCSB-CHG/CHIRPS/DAILY,1991-2020,IBGE_2024
1506583,Santa Maria das Barreiras,PA,10330.214,7,jul,1.4521459977030364,OK,1991,2020,30,CHIRPS_v2,UCSB-CHG/CHIRPS/DAILY,1991-2020,IBGE_2024
1506708,Santana do Araguaia,PA,11591.427,7,jul,0.7503057951528508,OK,1991,2020,30,CHIRPS_v2,UCSB-CHG/CHIRPS/DAILY,1991-2020,IBGE_2024
1506138,Redenção,PA,3823.809,7,jul,2.4518184169969106,OK,1991,2020,30,CHIRPS_v2,UCSB-CHG/CHIRPS/DAILY,1991-2020,IBGE_2024
1505551,Pau D'Arco,PA,1671.418,7,jul,4.30184873967762,OK,1991,2020,30,CHIRPS_v2,UCSB-CHG/CHIRPS/DAILY,1991-2020,IBGE_2024
1503044,Floresta do Araguaia,PA,3444.285,7,jul,5.423895800468972,OK,1991,2020,30,CHIRPS_v2,UCSB-CHG/CHIRPS/DAILY,1991-2020,IBGE_2024
1508084,Tucumã,PA,2512.594,7,jul,20.60094713588159,OK,1991,2020,30,CHIRPS_v2,UCSB-CHG/CHIRPS/DAILY,1991-2020,IBGE_2024
1507300,São Félix do Xingu,PA,84212.873,7,jul,12.685880324777958,OK,1991,2020,30,CHIRPS_v2,UCSB-CHG/CHIRPS/DAILY,1991-2020,IBGE_2024
1505437,Ourilândia do Norte,PA,14410.567,7,jul,8.523536817889525,OK,1991,2020,30,CHIRPS_v2,UCSB-CHG/CHIRPS/DAILY,1991-2020,IBGE_2024
1500347,Água Azul do Norte,PA,7113.956,7,jul,12.528117301938414,OK,1991,2020,30,CHIRPS_v2,UCSB-CHG/CHIRPS/DAILY,1991-2020,IBGE_2024
1508407,Xinguara,PA,3779.323,7,jul,5.192561678613859,OK,1991,2020,30,CHIRPS_v2,UCSB-CHG/CHIRPS/DAILY,1991-2020,IBGE_2024
1507755,Sapucaia,PA,1298.195,7,jul,4.772823074701206,OK,1991,2020,30,CHIRPS_v2,UCSB-CHG/CHIRPS/DAILY,1991-2020,IBGE_2024
1506161,Rio Maria,PA,4114.652,7,jul,4.912115532319887,OK,1991,2020,30,CHIRPS_v2,UCSB-CHG/CHIRPS/DAILY,1991-2020,IBGE_2024
1501451,Belterra,PA,4398.419,7,jul,90.94715256334057,OK,1991,2020,30,CHIRPS_v2,UCSB-CHG/CHIRPS/DAILY,1991-2020,IBGE_2024
1506807,Santarém,PA,17900.01,7,jul,103.56392952515353,OK,1991,2020,30,CHIRPS_v2,UCSB-CHG/CHIRPS/DAILY,1991-2020,IBGE_2024
1506005,Prainha,PA,14788.187,7,jul,105.48570686825285,OK,1991,2020,30,CHIRPS_v2,UCSB-CHG/CHIRPS/DAILY,1991-2020,IBGE_2024
1504752,Mojuí dos Campos,PA,4988.239,7,jul,90.84308127938225,OK,1991,2020,30,CHIRPS_v2,UCSB-CHG/CHIRPS/DAILY,1991-2020,IBGE_2024
1501006,Aveiro,PA,17072.657,7,jul,82.08949705643933,OK,1991,2020,30,CHIRPS_v2,UCSB-CHG/CHIRPS/DAILY,1991-2020,IBGE_2024
1508050,Trairão,PA,11991.085,7,jul,54.72374222227437,OK,1991,2020,30,CHIRPS_v2,UCSB-CHG/CHIRPS/DAILY,1991-2020,IBGE_2024
1506195,Rurópolis,PA,7021.322,7,jul,68.44081489145435,OK,1991,2020,30,CHIRPS_v2,UCSB-CHG/CHIRPS/DAILY,1991-2020,IBGE_2024
1505650,Placas,PA,7173.2,7,jul,65.78314211280384,OK,1991,2020,30,CHIRPS_v2,UCSB-CHG/CHIRPS/DAILY,1991-2020,IBGE_2024
1505031,Novo Progresso,PA,38162.004,7,jul,3.6476018087968223,OK,1991,2020,30,CHIRPS_v2,UCSB-CHG/CHIRPS/DAILY,1991-2020,IBGE_2024
1503754,Jacareacanga,PA,53308.337,7,jul,16.064206116565753,OK,1991,2020,30,CHIRPS_v2,UCSB-CHG/CHIRPS/DAILY,1991-2020,IBGE_2024
1503606,Itaituba,PA,62042.375,7,jul,34.16439992490623,OK,1991,2020,30,CHIRPS_v2,UCSB-CHG/CHIRPS/DAILY,1991-2020,IBGE_2024
1507979,Terra Santa,PA,1895.883,7,jul,104.89530280118865,OK,1991,2020,30,CHIRPS_v2,UCSB-CHG/CHIRPS/DAILY,1991-2020,IBGE_2024
1503903,Juruti,PA,8305.907,7,jul,114.04132157784976,OK,1991,2020,30,CHIRPS_v2,UCSB-CHG/CHIRPS/DAILY,1991-2020,IBGE_2024
1503002,Faro,PA,11771.669,7,jul,133.6993690812273,OK,1991,2020,30,CHIRPS_v2,UCSB-CHG/CHIRPS/DAILY,1991-2020,IBGE_2024
1502855,Curuá,PA,1431.346,7,jul,85.08417436975998,OK,1991,2020,30,CHIRPS_v2,UCSB-CHG/CHIRPS/DAILY,1991-2020,IBGE_2024
1501725,Brasil Novo,PA,6362.562,7,jul,80.55747748637265,OK,1991,2020,30,CHIRPS_v2,UCSB-CHG/CHIRPS/DAILY,1991-2020,IBGE_2024
1500859,Anapu,PA,11895.27,7,jul,68.6075652647912,OK,1991,2020,30,CHIRPS_v2,UCSB-CHG/CHIRPS/DAILY,1991-2020,IBGE_2024
1500602,Altamira,PA,159533.318,7,jul,24.716476749692898,OK,1991,2020,30,CHIRPS_v2,UCSB-CHG/CHIRPS/DAILY,1991-2020,IBGE_2024
1508159,Uruará,PA,10791.402,7,jul,65.11915029832855,OK,1991,2020,30,CHIRPS_v2,UCSB-CHG/CHIRPS/DAILY,1991-2020,IBGE_2024
1508357,Vitória do Xingu,PA,3089.537,7,jul,83.02743275207148,OK,1991,2020,30,CHIRPS_v2,UCSB-CHG/CHIRPS/DAILY,1991-2020,IBGE_2024
1507805,Senador José Porfírio,PA,14419.917,7,jul,73.7707429698041,OK,1991,2020,30,CHIRPS_v2,UCSB-CHG/CHIRPS/DAILY,1991-2020,IBGE_2024
1504455,Medicilândia,PA,8272.629,7,jul,82.63368971993656,OK,1991,2020,30,CHIRPS_v2,UCSB-CHG/CHIRPS/DAILY,1991-2020,IBGE_2024
1505908,Porto de Moz,PA,17422.329,7,jul,120.6921075424381,OK,1991,2020,30,CHIRPS_v2,UCSB-CHG/CHIRPS/DAILY,1991-2020,IBGE_2024
1501808,Breves,PA,9566.495,7,jul,176.92304591630483,OK,1991,2020,30,CHIRPS_v2,UCSB-CHG/CHIRPS/DAILY,1991-2020,IBGE_2024
1501105,Bagre,PA,4397.321,7,jul,123.77792244173892,OK,1991,2020,30,CHIRPS_v2,UCSB-CHG/CHIRPS/DAILY,1991-2020,IBGE_2024
1500701,Anajás,PA,6913.86,7,jul,191.6769211314711,OK,1991,2020,30,CHIRPS_v2,UCSB-CHG/CHIRPS/DAILY,1991-2020,IBGE_2024
1507706,São Sebastião da Boa Vista,PA,1632.243,7,jul,157.72213372517902,OK,1991,2020,30,CHIRPS_v2,UCSB-CHG/CHIRPS/DAILY,1991-2020,IBGE_2024
1505809,Portel,PA,25386.158,7,jul,110.55594061727136,OK,1991,2020,30,CHIRPS_v2,UCSB-CHG/CHIRPS/DAILY,1991-2020,IBGE_2024
1504505,Melgaço,PA,6772.778,7,jul,149.58872060238252,OK,1991,2020,30,CHIRPS_v2,UCSB-CHG/CHIRPS/DAILY,1991-2020,IBGE_2024
1502806,Curralinho,PA,3617.355,7,jul,152.7348765495734,OK,1991,2020,30,CHIRPS_v2,UCSB-CHG/CHIRPS/DAILY,1991-2020,IBGE_2024
1503101,Gurupá,PA,8569.663,7,jul,181.93151344081608,OK,1991,2020,30,CHIRPS_v2,UCSB-CHG/CHIRPS/DAILY,1991-2020,IBGE_2024
1502004,Cachoeira do Arari,PA,3100.261,7,jul,170.0580202588257,OK,1991,2020,30,CHIRPS_v2,UCSB-CHG/CHIRPS/DAILY,1991-2020,IBGE_2024
1507904,Soure,PA,2857.349,7,jul,163.2242223655376,OK,1991,2020,30,CHIRPS_v2,UCSB-CHG/CHIRPS/DAILY,1991-2020,IBGE_2024
1506401,Santa Cruz do Arari,PA,1076.652,7,jul,178.41935065940393,OK,1991,2020,30,CHIRPS_v2,UCSB-CHG/CHIRPS/DAILY,1991-2020,IBGE_2024
1506302,Salvaterra,PA,918.563,7,jul,175.0489091873181,OK,1991,2020,30,CHIRPS_v2,UCSB-CHG/CHIRPS/DAILY,1991-2020,IBGE_2024
1505700,Ponta de Pedras,PA,3363.743,7,jul,162.71335366468372,OK,1991,2020,30,CHIRPS_v2,UCSB-CHG/CHIRPS/DAILY,1991-2020,IBGE_2024
1504901,Muaná,PA,3763.13,7,jul,159.85447677881788,OK,1991,2020,30,CHIRPS_v2,UCSB-CHG/CHIRPS/DAILY,1991-2020,IBGE_2024
1600808,Vitória do Jari,AP,2508.979,7,jul,195.0044722775904,OK,1991,2020,30,CHIRPS_v2,UCSB-CHG/CHIRPS/DAILY,1991-2020,IBGE_2024
1718758,Rio Sono,TO,6346.279,7,jul,0.756116890601159,OK,1991,2020,30,CHIRPS_v2,UCSB-CHG/CHIRPS/DAILY,1991-2020,IBGE_2024
1701101,Aparecida do Rio Negro,TO,1159.034,7,jul,0.5424308837783889,OK,1991,2020,30,CHIRPS_v2,UCSB-CHG/CHIRPS/DAILY,1991-2020,IBGE_2024
1715101,Novo Acordo,TO,2678.262,7,jul,0.8494141817462243,OK,1991,2020,30,CHIRPS_v2,UCSB-CHG/CHIRPS/DAILY,1991-2020,IBGE_2024
1721000,Palmas,TO,2227.329,7,jul,0.5787622041672504,OK,1991,2020,30,CHIRPS_v2,UCSB-CHG/CHIRPS/DAILY,1991-2020,IBGE_2024
1712405,Lizarda,TO,5716.641,7,jul,0.3325392553647917,OK,1991,2020,30,CHIRPS_v2,UCSB-CHG/CHIRPS/DAILY,1991-2020,IBGE_2024
1712702,Mateiros,TO,9589.273,7,jul,0.3689640795092797,OK,1991,2020,30,CHIRPS_v2,UCSB-CHG/CHIRPS/DAILY,1991-2020,IBGE_2024
1720150,São Félix do Tocantins,TO,1913.11,7,jul,0.27762421902628787,OK,1991,2020,30,CHIRPS_v2,UCSB-CHG/CHIRPS/DAILY,1991-2020,IBGE_2024
1711951,Lagoa do Tocantins,TO,917.632,7,jul,0.6681005092141589,OK,1991,2020,30,CHIRPS_v2,UCSB-CHG/CHIRPS/DAILY,1991-2020,IBGE_2024
1712009,Lajeado,TO,318.292,7,jul,0.4971359374142868,OK,1991,2020,30,CHIRPS_v2,UCSB-CHG/CHIRPS/DAILY,1991-2020,IBGE_2024
1719004,Santa Tereza do Tocantins,TO,539.511,7,jul,0.45141941593032714,OK,1991,2020,30,CHIRPS_v2,UCSB-CHG/CHIRPS/DAILY,1991-2020,IBGE_2024
1709807,Ipueiras,TO,821.152,7,jul,0.4812119562056191,OK,1991,2020,30,CHIRPS_v2,UCSB-CHG/CHIRPS/DAILY,1991-2020,IBGE_2024
1717909,Ponte Alta do Tocantins,TO,6542.838,7,jul,0.6050121322378138,OK,1991,2020,30,CHIRPS_v2,UCSB-CHG/CHIRPS/DAILY,1991-2020,IBGE_2024
1718204,Porto Nacional,TO,4434.68,7,jul,0.4590579828692029,OK,1991,2020,30,CHIRPS_v2,UCSB-CHG/CHIRPS/DAILY,1991-2020,IBGE_2024
1717008,Pindorama do Tocantins,TO,1560.551,7,jul,0.3751127347402495,OK,1991,2020,30,CHIRPS_v2,UCSB-CHG/CHIRPS/DAILY,1991-2020,IBGE_2024
1715507,Oliveira de Fátima,TO,209.292,7,jul,0.3052692398032116,OK,1991,2020,30,CHIRPS_v2,UCSB-CHG/CHIRPS/DAILY,1991-2020,IBGE_2024
1707553,Fátima,TO,380.374,7,jul,0.30914197348006367,OK,1991,2020,30,CHIRPS_v2,UCSB-CHG/CHIRPS/DAILY,1991-2020,IBGE_2024
1714203,Natividade,TO,3241.672,7,jul,0.3534687119818128,OK,1991,2020,30,CHIRPS_v2,UCSB-CHG/CHIRPS/DAILY,1991-2020,IBGE_2024
1705102,Chapada da Natividade,TO,1640.833,7,jul,0.39527915811990816,OK,1991,2020,30,CHIRPS_v2,UCSB-CHG/CHIRPS/DAILY,1991-2020,IBGE_2024
1713601,Monte do Carmo,TO,3601.205,7,jul,0.4357047990135326,OK,1991,2020,30,CHIRPS_v2,UCSB-CHG/CHIRPS/DAILY,1991-2020,IBGE_2024
1720655,Silvanópolis,TO,1258.771,7,jul,0.45832855650806564,OK,1991,2020,30,CHIRPS_v2,UCSB-CHG/CHIRPS/DAILY,1991-2020,IBGE_2024
1703701,Brejinho de Nazaré,TO,1722.59,7,jul,0.515038954882367,OK,1991,2020,30,CHIRPS_v2,UCSB-CHG/CHIRPS/DAILY,1991-2020,IBGE_2024
1718907,Santa Rosa do Tocantins,TO,1804.686,7,jul,0.4170720247803586,OK,1991,2020,30,CHIRPS_v2,UCSB-CHG/CHIRPS/DAILY,1991-2020,IBGE_2024
1718899,Santa Rita do Tocantins,TO,3281.219,7,jul,0.48692396952905914,OK,1991,2020,30,CHIRPS_v2,UCSB-CHG/CHIRPS/DAILY,1991-2020,IBGE_2024
1718451,Pugmil,TO,401.174,7,jul,0.4887259571676594,OK,1991,2020,30,CHIRPS_v2,UCSB-CHG/CHIRPS/DAILY,1991-2020,IBGE_2024
1701903,Araguacema,TO,2774.505,7,jul,3.396320303006932,OK,1991,2020,30,CHIRPS_v2,UCSB-CHG/CHIRPS/DAILY,1991-2020,IBGE_2024
1717503,Pium,TO,10003.549,7,jul,0.6894473337100916,OK,1991,2020,30,CHIRPS_v2,UCSB-CHG/CHIRPS/DAILY,1991-2020,IBGE_2024
1700251,Abreulândia,TO,1906.295,7,jul,0.9399414187017964,OK,1991,2020,30,CHIRPS_v2,UCSB-CHG/CHIRPS/DAILY,1991-2020,IBGE_2024
1716109,Paraíso do Tocantins,TO,1292.267,7,jul,0.4328585121294588,OK,1991,2020,30,CHIRPS_v2,UCSB-CHG/CHIRPS/DAILY,1991-2020,IBGE_2024
1707108,Divinópolis do Tocantins,TO,2358.282,7,jul,0.7379550437329722,OK,1991,2020,30,CHIRPS_v2,UCSB-CHG/CHIRPS/DAILY,1991-2020,IBGE_2024
1715002,Nova Rosalândia,TO,514.791,7,jul,0.4010698408823033,OK,1991,2020,30,CHIRPS_v2,UCSB-CHG/CHIRPS/DAILY,1991-2020,IBGE_2024
1706100,Cristalândia,TO,1850.75,7,jul,0.3313454649217403,OK,1991,2020,30,CHIRPS_v2,UCSB-CHG/CHIRPS/DAILY,1991-2020,IBGE_2024
1713700,Monte Santo do Tocantins,TO,1072.92,7,jul,0.36649205919883626,OK,1991,2020,30,CHIRPS_v2,UCSB-CHG/CHIRPS/DAILY,1991-2020,IBGE_2024
1704600,Chapada de Areia,TO,658.564,7,jul,0.4434404811749654,OK,1991,2020,30,CHIRPS_v2,UCSB-CHG/CHIRPS/DAILY,1991-2020,IBGE_2024
1712504,Marianópolis do Tocantins,TO,2089.575,7,jul,1.5714120580177189,OK,1991,2020,30,CHIRPS_v2,UCSB-CHG/CHIRPS/DAILY,1991-2020,IBGE_2024
1711902,Lagoa da Confusão,TO,10563.181,7,jul,0.5461015901194178,OK,1991,2020,30,CHIRPS_v2,UCSB-CHG/CHIRPS/DAILY,1991-2020,IBGE_2024
1703909,Caseara,TO,1680.014,7,jul,2.1253391460033915,OK,1991,2020,30,CHIRPS_v2,UCSB-CHG/CHIRPS/DAILY,1991-2020,IBGE_2024
1703107,Barrolândia,TO,697.759,7,jul,0.546614697651398,OK,1991,2020,30,CHIRPS_v2,UCSB-CHG/CHIRPS/DAILY,1991-2020,IBGE_2024
1718709,Rio dos Bois,TO,847.255,7,jul,0.9141332545278221,OK,1991,2020,30,CHIRPS_v2,UCSB-CHG/CHIRPS/DAILY,1991-2020,IBGE_2024
1707207,Dois Irmãos do Tocantins,TO,3747.645,7,jul,1.5297932325895176,OK,1991,2020,30,CHIRPS_v2,UCSB-CHG/CHIRPS/DAILY,1991-2020,IBGE_2024
1713304,Miranorte,TO,1033.301,7,jul,0.8106126055031251,OK,1991,2020,30,CHIRPS_v2,UCSB-CHG/CHIRPS/DAILY,1991-2020,IBGE_2024
1721109,Tocantínia,TO,2609.775,7,jul,0.831561592188829,OK,1991,2020,30,CHIRPS_v2,UCSB-CHG/CHIRPS/DAILY,1991-2020,IBGE_2024
1713205,Miracema do Tocantins,TO,2663.745,7,jul,0.5806769702897141,OK,1991,2020,30,CHIRPS_v2,UCSB-CHG/CHIRPS/DAILY,1991-2020,IBGE_2024
1702109,Araguaína,TO,4004.645,7,jul,5.637168909495403,OK,1991,2020,30,CHIRPS_v2,UCSB-CHG/CHIRPS/DAILY,1991-2020,IBGE_2024
1702158,Araguanã,TO,834.834,7,jul,5.579728689559202,OK,1991,2020,30,CHIRPS_v2,UCSB-CHG/CHIRPS/DAILY,1991-2020,IBGE_2024
1718550,Riachinho,TO,512.156,7,jul,6.048528894431095,OK,1991,2020,30,CHIRPS_v2,UCSB-CHG/CHIRPS/DAILY,1991-2020,IBGE_2024
1702307,Arapoema,TO,1558.136,7,jul,7.039468832487758,OK,1991,2020,30,CHIRPS_v2,UCSB-CHG/CHIRPS/DAILY,1991-2020,IBGE_2024
1701051,Angico,TO,447.547,7,jul,3.8286195707668047,OK,1991,2020,30,CHIRPS_v2,UCSB-CHG/CHIRPS/DAILY,1991-2020,IBGE_2024
1701002,Ananás,TO,1581.058,7,jul,6.4231627584284166,OK,1991,2020,30,CHIRPS_v2,UCSB-CHG/CHIRPS/DAILY,1991-2020,IBGE_2024
1701309,Aragominas,TO,1168.213,7,jul,5.979380837340524,OK,1991,2020,30,CHIRPS_v2,UCSB-CHG/CHIRPS/DAILY,1991-2020,IBGE_2024
1717206,Piraquê,TO,1363.411,7,jul,6.60109401341244,OK,1991,2020,30,CHIRPS_v2,UCSB-CHG/CHIRPS/DAILY,1991-2020,IBGE_2024
1709005,Goiatins,TO,6414.846,7,jul,1.7236616353668033,OK,1991,2020,30,CHIRPS_v2,UCSB-CHG/CHIRPS/DAILY,1991-2020,IBGE_2024
1716307,Pau D'Arco,TO,1375.551,7,jul,6.0649936863756535,OK,1991,2020,30,CHIRPS_v2,UCSB-CHG/CHIRPS/DAILY,1991-2020,IBGE_2024
1707702,Filadélfia,TO,1991.258,7,jul,3.0616634016202213,OK,1991,2020,30,CHIRPS_v2,UCSB-CHG/CHIRPS/DAILY,1991-2020,IBGE_2024
1714880,Nova Olinda,TO,1567.834,7,jul,7.166357208014801,OK,1991,2020,30,CHIRPS_v2,UCSB-CHG/CHIRPS/DAILY,1991-2020,IBGE_2024
1706506,Darcinópolis,TO,1641.77,7,jul,3.85041766393718,OK,1991,2020,30,CHIRPS_v2,UCSB-CHG/CHIRPS/DAILY,1991-2020,IBGE_2024
1722107,Xambioá,TO,1190.489,7,jul,6.091596904272122,OK,1991,2020,30,CHIRPS_v2,UCSB-CHG/CHIRPS/DAILY,1991-2020,IBGE_2024
1722081,Wanderlândia,TO,1365.432,7,jul,5.277611356106994,OK,1991,2020,30,CHIRPS_v2,UCSB-CHG/CHIRPS/DAILY,1991-2020,IBGE_2024
1713957,Muricilândia,TO,1194.368,7,jul,6.780331694054591,OK,1991,2020,30,CHIRPS_v2,UCSB-CHG/CHIRPS/DAILY,1991-2020,IBGE_2024
1703883,Carmolândia,TO,339.366,7,jul,4.090869627546725,OK,1991,2020,30,CHIRPS_v2,UCSB-CHG/CHIRPS/DAILY,1991-2020,IBGE_2024
1703842,Campos Lindos,TO,3234.445,7,jul,2.400088647248713,OK,1991,2020,30,CHIRPS_v2,UCSB-CHG/CHIRPS/DAILY,1991-2020,IBGE_2024
1703008,Babaçulândia,TO,1790.297,7,jul,2.982467856316491,OK,1991,2020,30,CHIRPS_v2,UCSB-CHG/CHIRPS/DAILY,1991-2020,IBGE_2024
1703073,Barra do Ouro,TO,1105.84,7,jul,2.117750813655667,OK,1991,2020,30,CHIRPS_v2,UCSB-CHG/CHIRPS/DAILY,1991-2020,IBGE_2024
1718865,Santa Fé do Araguaia,TO,1671.239,7,jul,6.967780528584412,OK,1991,2020,30,CHIRPS_v2,UCSB-CHG/CHIRPS/DAILY,1991-2020,IBGE_2024
1718501,Recursolândia,TO,2215.669,7,jul,0.8370562428340663,OK,1991,2020,30,CHIRPS_v2,UCSB-CHG/CHIRPS/DAILY,1991-2020,IBGE_2024
1718402,Presidente Kennedy,TO,771.716,7,jul,2.253091676696731,OK,1991,2020,30,CHIRPS_v2,UCSB-CHG/CHIRPS/DAILY,1991-2020,IBGE_2024
1709302,Guaraí,TO,2106.753,7,jul,1.5587374249614387,OK,1991,2020,30,CHIRPS_v2,UCSB-CHG/CHIRPS/DAILY,1991-2020,IBGE_2024
1708254,Tabocão,TO,624.463,7,jul,1.1397306404790184,OK,1991,2020,30,CHIRPS_v2,UCSB-CHG/CHIRPS/DAILY,1991-2020,IBGE_2024
1716505,Pedro Afonso,TO,2019.556,7,jul,1.171312261837807,OK,1991,2020,30,CHIRPS_v2,UCSB-CHG/CHIRPS/DAILY,1991-2020,IBGE_2024
1708304,Goianorte,TO,1797.229,7,jul,4.26013281753348,OK,1991,2020,30,CHIRPS_v2,UCSB-CHG/CHIRPS/DAILY,1991-2020,IBGE_2024
1716703,Colméia,TO,1161.029,7,jul,2.925605493804267,OK,1991,2020,30,CHIRPS_v2,UCSB-CHG/CHIRPS/DAILY,1991-2020,IBGE_2024
1716653,Pequizeiro,TO,1206.119,7,jul,7.316007680347486,OK,1991,2020,30,CHIRPS_v2,UCSB-CHG/CHIRPS/DAILY,1991-2020,IBGE_2024
1706001,Couto Magalhães,TO,1584.196,7,jul,7.9517190582105455,OK,1991,2020,30,CHIRPS_v2,UCSB-CHG/CHIRPS/DAILY,1991-2020,IBGE_2024
1721257,Tupirama,TO,706.883,7,jul,0.980595232609382,OK,1991,2020,30,CHIRPS_v2,UCSB-CHG/CHIRPS/DAILY,1991-2020,IBGE_2024
1704105,Centenário,TO,1953.134,7,jul,0.8476022101820998,OK,1991,2020,30,CHIRPS_v2,UCSB-CHG/CHIRPS/DAILY,1991-2020,IBGE_2024
1703305,Bom Jesus do Tocantins,TO,1326.947,7,jul,1.3890803191087626,OK,1991,2020,30,CHIRPS_v2,UCSB-CHG/CHIRPS/DAILY,1991-2020,IBGE_2024
1718881,Santa Maria do Tocantins,TO,1412.318,7,jul,1.1782666843137368,OK,1991,2020,30,CHIRPS_v2,UCSB-CHG/CHIRPS/DAILY,1991-2020,IBGE_2024
1711100,Itaporã do Tocantins,TO,969.794,7,jul,4.452846499447415,OK,1991,2020,30,CHIRPS_v2,UCSB-CHG/CHIRPS/DAILY,1991-2020,IBGE_2024
1710508,Itacajá,TO,3047.204,7,jul,1.2477618593948387,OK,1991,2020,30,CHIRPS_v2,UCSB-CHG/CHIRPS/DAILY,1991-2020,IBGE_2024
1715705,Palmeirante,TO,2638.465,7,jul,3.1280683732055414,OK,1991,2020,30,CHIRPS_v2,UCSB-CHG/CHIRPS/DAILY,1991-2020,IBGE_2024
1705508,Colinas do Tocantins,TO,842.488,7,jul,3.4586625160237157,OK,1991,2020,30,CHIRPS_v2,UCSB-CHG/CHIRPS/DAILY,1991-2020,IBGE_2024
1721307,Tupiratins,TO,889.126,7,jul,1.5362612883372655,OK,1991,2020,30,CHIRPS_v2,UCSB-CHG/CHIRPS/DAILY,1991-2020,IBGE_2024
1703602,Brasilândia do Tocantins,TO,645.908,7,jul,2.3250534487506496,OK,1991,2020,30,CHIRPS_v2,UCSB-CHG/CHIRPS/DAILY,1991-2020,IBGE_2024
1711803,Juarina,TO,483.452,7,jul,9.656193233957662,OK,1991,2020,30,CHIRPS_v2,UCSB-CHG/CHIRPS/DAILY,1991-2020,IBGE_2024
1703206,Bernardo Sayão,TO,924.045,7,jul,8.4845203500305,OK,1991,2020,30,CHIRPS_v2,UCSB-CHG/CHIRPS/DAILY,1991-2020,IBGE_2024
1703057,Bandeirantes do Tocantins,TO,1540.543,7,jul,7.744440121309381,OK,1991,2020,30,CHIRPS_v2,UCSB-CHG/CHIRPS/DAILY,1991-2020,IBGE_2024
1710904,Itapiratins,TO,1246.349,7,jul,1.4876022696596507,OK,1991,2020,30,CHIRPS_v2,UCSB-CHG/CHIRPS/DAILY,1991-2020,IBGE_2024
1700301,Aguiarnópolis,TO,236.792,7,jul,1.9048310406491868,OK,1991,2020,30,CHIRPS_v2,UCSB-CHG/CHIRPS/DAILY,1991-2020,IBGE_2024
1714302,Nazaré,TO,395.997,7,jul,2.8474179894045193,OK,1991,2020,30,CHIRPS_v2,UCSB-CHG/CHIRPS/DAILY,1991-2020,IBGE_2024
1713809,Palmeiras do Tocantins,TO,743.407,7,jul,2.644756278418804,OK,1991,2020,30,CHIRPS_v2,UCSB-CHG/CHIRPS/DAILY,1991-2020,IBGE_2024
1712801,Maurilândia do Tocantins,TO,736.303,7,jul,2.9137455545544326,OK,1991,2020,30,CHIRPS_v2,UCSB-CHG/CHIRPS/DAILY,1991-2020,IBGE_2024
1721208,Tocantinópolis,TO,1083.6,7,jul,1.9788860982927117,OK,1991,2020,30,CHIRPS_v2,UCSB-CHG/CHIRPS/DAILY,1991-2020,IBGE_2024
1712454,Luzinópolis,TO,281.543,7,jul,3.291144521718182,OK,1991,2020,30,CHIRPS_v2,UCSB-CHG/CHIRPS/DAILY,1991-2020,IBGE_2024
1720002,Santa Terezinha do Tocantins,TO,274.105,7,jul,2.5290563503473544,OK,1991,2020,30,CHIRPS_v2,UCSB-CHG/CHIRPS/DAILY,1991-2020,IBGE_2024
1703826,Cachoeirinha,TO,351.535,7,jul,3.0080170941379714,OK,1991,2020,30,CHIRPS_v2,UCSB-CHG/CHIRPS/DAILY,1991-2020,IBGE_2024
1702208,Araguatins,TO,2633.278,7,jul,6.462684732800805,OK,1991,2020,30,CHIRPS_v2,UCSB-CHG/CHIRPS/DAILY,1991-2020,IBGE_2024
1718808,Sampaio,TO,222.436,7,jul,4.033830547975614,OK,1991,2020,30,CHIRPS_v2,UCSB-CHG/CHIRPS/DAILY,1991-2020,IBGE_2024
1718303,Praia Norte,TO,300.999,7,jul,2.022981152188989,OK,1991,2020,30,CHIRPS_v2,UCSB-CHG/CHIRPS/DAILY,1991-2020,IBGE_2024
1707405,Esperantina,TO,506.175,7,jul,15.485950056765722,OK,1991,2020,30,CHIRPS_v2,UCSB-CHG/CHIRPS/DAILY,1991-2020,IBGE_2024
1720804,Sítio Novo do Tocantins,TO,307.095,7,jul,1.5430189870854352,OK,1991,2020,30,CHIRPS_v2,UCSB-CHG/CHIRPS/DAILY,1991-2020,IBGE_2024
1720101,São Bento do Tocantins,TO,1099.58,7,jul,2.993173142639177,OK,1991,2020,30,CHIRPS_v2,UCSB-CHG/CHIRPS/DAILY,1991-2020,IBGE_2024
1703891,Carrasco Bonito,TO,190.352,7,jul,5.02232983290916,OK,1991,2020,30,CHIRPS_v2,UCSB-CHG/CHIRPS/DAILY,1991-2020,IBGE_2024
1720309,São Sebastião do Tocantins,TO,289.597,7,jul,10.583297825675603,OK,1991,2020,30,CHIRPS_v2,UCSB-CHG/CHIRPS/DAILY,1991-2020,IBGE_2024
1703800,Buriti do Tocantins,TO,252.73,7,jul,8.24926673322827,OK,1991,2020,30,CHIRPS_v2,UCSB-CHG/CHIRPS/DAILY,1991-2020,IBGE_2024
1720200,São Miguel do Tocantins,TO,406.957,7,jul,1.774703411159462,OK,1991,2020,30,CHIRPS_v2,UCSB-CHG/CHIRPS/DAILY,1991-2020,IBGE_2024
1702554,Augustinópolis,TO,388.809,7,jul,3.423635153214337,OK,1991,2020,30,CHIRPS_v2,UCSB-CHG/CHIRPS/DAILY,1991-2020,IBGE_2024
1710706,Itaguatins,TO,730.163,7,jul,3.2391736618054674,OK,1991,2020,30,CHIRPS_v2,UCSB-CHG/CHIRPS/DAILY,1991-2020,IBGE_2024
1702901,Axixá do Tocantins,TO,153.539,7,jul,1.6647313843417606,OK,1991,2020,30,CHIRPS_v2,UCSB-CHG/CHIRPS/DAILY,1991-2020,IBGE_2024
1702000,Araguaçu,TO,5155.223,7,jul,0.5809418701507153,OK,1991,2020,30,CHIRPS_v2,UCSB-CHG/CHIRPS/DAILY,1991-2020,IBGE_2024
1718840,Sandolândia,TO,3535.135,7,jul,0.46963262940845085,OK,1991,2020,30,CHIRPS_v2,UCSB-CHG/CHIRPS/DAILY,1991-2020,IBGE_2024
1709500,Gurupi,TO,1844.164,7,jul,0.43682605156605236,OK,1991,2020,30,CHIRPS_v2,UCSB-CHG/CHIRPS/DAILY,1991-2020,IBGE_2024
1700707,Alvorada,TO,1207.201,7,jul,0.4707308565905431,OK,1991,2020,30,CHIRPS_v2,UCSB-CHG/CHIRPS/DAILY,1991-2020,IBGE_2024
1700350,Aliança do Tocantins,TO,1580.999,7,jul,0.4527271368651619,OK,1991,2020,30,CHIRPS_v2,UCSB-CHG/CHIRPS/DAILY,1991-2020,IBGE_2024
1708205,Formoso do Araguaia,TO,13431.861,7,jul,0.5027070443792058,OK,1991,2020,30,CHIRPS_v2,UCSB-CHG/CHIRPS/DAILY,1991-2020,IBGE_2024
1716604,Peixe,TO,5303.612,7,jul,0.4359495133419484,OK,1991,2020,30,CHIRPS_v2,UCSB-CHG/CHIRPS/DAILY,1991-2020,IBGE_2024
1707652,Figueirópolis,TO,1935.709,7,jul,0.4169917882487814,OK,1991,2020,30,CHIRPS_v2,UCSB-CHG/CHIRPS/DAILY,1991-2020,IBGE_2024
1716208,Paranã,TO,11217.373,7,jul,0.3925043858890109,OK,1991,2020,30,CHIRPS_v2,UCSB-CHG/CHIRPS/DAILY,1991-2020,IBGE_2024
1707306,Dueré,TO,3420.657,7,jul,0.5345407334538216,OK,1991,2020,30,CHIRPS_v2,UCSB-CHG/CHIRPS/DAILY,1991-2020,IBGE_2024
1715754,Palmeirópolis,TO,1708.981,7,jul,0.44274816062700334,OK,1991,2020,30,CHIRPS_v2,UCSB-CHG/CHIRPS/DAILY,1991-2020,IBGE_2024
1706258,Crixás do Tocantins,TO,983.766,7,jul,0.4376394620719602,OK,1991,2020,30,CHIRPS_v2,UCSB-CHG/CHIRPS/DAILY,1991-2020,IBGE_2024
1720978,Talismã,TO,2155.503,7,jul,0.4720973207719609,OK,1991,2020,30,CHIRPS_v2,UCSB-CHG/CHIRPS/DAILY,1991-2020,IBGE_2024
1720499,São Valério,TO,2520.465,7,jul,0.35459277113920484,OK,1991,2020,30,CHIRPS_v2,UCSB-CHG/CHIRPS/DAILY,1991-2020,IBGE_2024
1720853,Sucupira,TO,1018.222,7,jul,0.4823280937425846,OK,1991,2020,30,CHIRPS_v2,UCSB-CHG/CHIRPS/DAILY,1991-2020,IBGE_2024
1703867,Cariri do Tocantins,TO,1126.291,7,jul,0.3308985076086808,OK,1991,2020,30,CHIRPS_v2,UCSB-CHG/CHIRPS/DAILY,1991-2020,IBGE_2024
1720259,São Salvador do Tocantins,TO,1424.753,7,jul,0.5690612788579462,OK,1991,2020,30,CHIRPS_v2,UCSB-CHG/CHIRPS/DAILY,1991-2020,IBGE_2024
1711506,Jaú do Tocantins,TO,2167.201,7,jul,0.46053512914512024,OK,1991,2020,30,CHIRPS_v2,UCSB-CHG/CHIRPS/DAILY,1991-2020,IBGE_2024
1702406,Arraias,TO,5803.085,7,jul,0.28931097424118424,OK,1991,2020,30,CHIRPS_v2,UCSB-CHG/CHIRPS/DAILY,1991-2020,IBGE_2024
1718659,Rio da Conceição,TO,845.823,7,jul,0.29298254114204825,OK,1991,2020,30,CHIRPS_v2,UCSB-CHG/CHIRPS/DAILY,1991-2020,IBGE_2024
1718006,Porto Alegre do Tocantins,TO,506.717,7,jul,0.3453409300843923,OK,1991,2020,30,CHIRPS_v2,UCSB-CHG/CHIRPS/DAILY,1991-2020,IBGE_2024
1717800,Ponte Alta do Bom Jesus,TO,1718.791,7,jul,0.39816684439637434,OK,1991,2020,30,CHIRPS_v2,UCSB-CHG/CHIRPS/DAILY,1991-2020,IBGE_2024
1700400,Almas,TO,4007.152,7,jul,0.38733002248921755,OK,1991,2020,30,CHIRPS_v2,UCSB-CHG/CHIRPS/DAILY,1991-2020,IBGE_2024
1707009,Dianópolis,TO,3318.094,7,jul,0.3383668147356816,OK,1991,2020,30,CHIRPS_v2,UCSB-CHG/CHIRPS/DAILY,1991-2020,IBGE_2024
1715150,Novo Alegre,TO,200.411,7,jul,0.28635377379657107,OK,1991,2020,30,CHIRPS_v2,UCSB-CHG/CHIRPS/DAILY,1991-2020,IBGE_2024
1715259,Novo Jardim,TO,1213.893,7,jul,0.4645377585101317,OK,1991,2020,30,CHIRPS_v2,UCSB-CHG/CHIRPS/DAILY,1991-2020,IBGE_2024
1705557,Combinado,TO,208.791,7,jul,0.30386072481900556,OK,1991,2020,30,CHIRPS_v2,UCSB-CHG/CHIRPS/DAILY,1991-2020,IBGE_2024
1705607,Conceição do Tocantins,TO,2530.647,7,jul,0.3421652738551241,OK,1991,2020,30,CHIRPS_v2,UCSB-CHG/CHIRPS/DAILY,1991-2020,IBGE_2024
1720937,Taipas do Tocantins,TO,1105.303,7,jul,0.34975474354518515,OK,1991,2020,30,CHIRPS_v2,UCSB-CHG/CHIRPS/DAILY,1991-2020,IBGE_2024
1720903,Taguatinga,TO,2341.919,7,jul,0.2861509087480147,OK,1991,2020,30,CHIRPS_v2,UCSB-CHG/CHIRPS/DAILY,1991-2020,IBGE_2024
1712157,Lavandeira,TO,468.006,7,jul,0.31768484637193983,OK,1991,2020,30,CHIRPS_v2,UCSB-CHG/CHIRPS/DAILY,1991-2020,IBGE_2024
1702703,Aurora do Tocantins,TO,696.194,7,jul,0.24276391234121658,OK,1991,2020,30,CHIRPS_v2,UCSB-CHG/CHIRPS/DAILY,1991-2020,IBGE_2024
2109270,Presidente Sarney,MA,726.176,7,jul,102.50000042386517,OK,1991,2020,30,CHIRPS_v2,UCSB-CHG/CHIRPS/DAILY,1991-2020,IBGE_2024
2108256,Pedro do Rosário,MA,1753.867,7,jul,78.1150127881359,OK,1991,2020,30,CHIRPS_v2,UCSB-CHG/CHIRPS/DAILY,1991-2020,IBGE_2024
2112456,Turilândia,MA,1507.976,7,jul,126.16787426829607,OK,1991,2020,30,CHIRPS_v2,UCSB-CHG/CHIRPS/DAILY,1991-2020,IBGE_2024
2112407,Turiaçu,MA,2622.281,7,jul,148.54981807769707,OK,1991,2020,30,CHIRPS_v2,UCSB-CHG/CHIRPS/DAILY,1991-2020,IBGE_2024
2108306,Penalva,MA,800.916,7,jul,52.86338798353307,OK,1991,2020,30,CHIRPS_v2,UCSB-CHG/CHIRPS/DAILY,1991-2020,IBGE_2024
2111029,São João do Carú,MA,910.065,7,jul,40.65047116701322,OK,1991,2020,30,CHIRPS_v2,UCSB-CHG/CHIRPS/DAILY,1991-2020,IBGE_2024
2102002,Bom Jardim,MA,6579.946,7,jul,29.013117010453318,OK,1991,2020,30,CHIRPS_v2,UCSB-CHG/CHIRPS/DAILY,1991-2020,IBGE_2024
2109908,Santa Inês,MA,786.689,7,jul,30.178235168493007,OK,1991,2020,30,CHIRPS_v2,UCSB-CHG/CHIRPS/DAILY,1991-2020,IBGE_2024
2110005,Santa Luzia,MA,4837.168,7,jul,25.49500931088699,OK,1991,2020,30,CHIRPS_v2,UCSB-CHG/CHIRPS/DAILY,1991-2020,IBGE_2024
2101772,Bela Vista do Maranhão,MA,147.949,7,jul,32.41345016763452,OK,1991,2020,30,CHIRPS_v2,UCSB-CHG/CHIRPS/DAILY,1991-2020,IBGE_2024
2100873,Araguanã,MA,805.194,7,jul,72.31681682128881,OK,1991,2020,30,CHIRPS_v2,UCSB-CHG/CHIRPS/DAILY,1991-2020,IBGE_2024
2100477,Alto Alegre do Pindaré,MA,1875.58,7,jul,35.802197701743715,OK,1991,2020,30,CHIRPS_v2,UCSB-CHG/CHIRPS/DAILY,1991-2020,IBGE_2024
2108504,Pindaré-Mirim,MA,268.285,7,jul,37.297672899700146,OK,1991,2020,30,CHIRPS_v2,UCSB-CHG/CHIRPS/DAILY,1991-2020,IBGE_2024
2107357,Nova Olinda do Maranhão,MA,2452.615,7,jul,76.9820189979055,OK,1991,2020,30,CHIRPS_v2,UCSB-CHG/CHIRPS/DAILY,1991-2020,IBGE_2024
2106904,Monção,MA,1245.548,7,jul,42.13701417063196,OK,1991,2020,30,CHIRPS_v2,UCSB-CHG/CHIRPS/DAILY,1991-2020,IBGE_2024
2114007,Zé Doca,MA,2140.109,7,jul,53.73257020375769,OK,1991,2020,30,CHIRPS_v2,UCSB-CHG/CHIRPS/DAILY,1991-2020,IBGE_2024
2104651,Governador Newton Bello,MA,1144.146,7,jul,47.14328607240831,OK,1991,2020,30,CHIRPS_v2,UCSB-CHG/CHIRPS/DAILY,1991-2020,IBGE_2024
2112274,Tufilândia,MA,270.934,7,jul,36.49245078942595,OK,1991,2020,30,CHIRPS_v2,UCSB-CHG/CHIRPS/DAILY,1991-2020,IBGE_2024
2102150,Brejo de Areia,MA,986.036,7,jul,23.36208542186542,OK,1991,2020,30,CHIRPS_v2,UCSB-CHG/CHIRPS/DAILY,1991-2020,IBGE_2024
2100402,Altamira do Maranhão,MA,524.374,7,jul,23.978707379729542,OK,1991,2020,30,CHIRPS_v2,UCSB-CHG/CHIRPS/DAILY,1991-2020,IBGE_2024
2108108,Paulo Ramos,MA,1168.608,7,jul,17.50191840850953,OK,1991,2020,30,CHIRPS_v2,UCSB-CHG/CHIRPS/DAILY,1991-2020,IBGE_2024
2107407,Olho d'Água das Cunhãs,MA,695.333,7,jul,17.040170655486236,OK,1991,2020,30,CHIRPS_v2,UCSB-CHG/CHIRPS/DAILY,1991-2020,IBGE_2024
2105963,Lagoa Grande do Maranhão,MA,744.199,7,jul,11.94152026257815,OK,1991,2020,30,CHIRPS_v2,UCSB-CHG/CHIRPS/DAILY,1991-2020,IBGE_2024
2106359,Marajá do Sena,MA,1402.593,7,jul,16.852799759904244,OK,1991,2020,30,CHIRPS_v2,UCSB-CHG/CHIRPS/DAILY,1991-2020,IBGE_2024
2105708,Lago da Pedra,MA,1240.446,7,jul,14.002578364462476,OK,1991,2020,30,CHIRPS_v2,UCSB-CHG/CHIRPS/DAILY,1991-2020,IBGE_2024
2113009,Vitorino Freire,MA,1193.386,7,jul,18.81450749331335,OK,1991,2020,30,CHIRPS_v2,UCSB-CHG/CHIRPS/DAILY,1991-2020,IBGE_2024
2111722,Satubinha,MA,441.807,7,jul,24.45707445455304,OK,1991,2020,30,CHIRPS_v2,UCSB-CHG/CHIRPS/DAILY,1991-2020,IBGE_2024
2102903,Carutapera,MA,1260.569,7,jul,156.26014953872567,OK,1991,2020,30,CHIRPS_v2,UCSB-CHG/CHIRPS/DAILY,1991-2020,IBGE_2024
2103174,Centro Novo do Maranhão,MA,8401.002,7,jul,59.26529381889508,OK,1991,2020,30,CHIRPS_v2,UCSB-CHG/CHIRPS/DAILY,1991-2020,IBGE_2024
2103158,Centro do Guilherme,MA,1134.646,7,jul,100.25484628859135,OK,1991,2020,30,CHIRPS_v2,UCSB-CHG/CHIRPS/DAILY,1991-2020,IBGE_2024
2102606,Cândido Mendes,MA,1643.796,7,jul,155.81984462849786,OK,1991,2020,30,CHIRPS_v2,UCSB-CHG/CHIRPS/DAILY,1991-2020,IBGE_2024
2101970,Boa Vista do Gurupi,MA,400.35,7,jul,152.40478793726052,OK,1991,2020,30,CHIRPS_v2,UCSB-CHG/CHIRPS/DAILY,1991-2020,IBGE_2024
2110039,Santa Luzia do Paruá,MA,1010.483,7,jul,101.74058886187844,OK,1991,2020,30,CHIRPS_v2,UCSB-CHG/CHIRPS/DAILY,1991-2020,IBGE_2024
2109239,Presidente Médici,MA,437.687,7,jul,112.08925875595169,OK,1991,2020,30,CHIRPS_v2,UCSB-CHG/CHIRPS/DAILY,1991-2020,IBGE_2024
2100550,Amapá do Maranhão,MA,493.738,7,jul,165.77877432617765,OK,1991,2020,30,CHIRPS_v2,UCSB-CHG/CHIRPS/DAILY,1991-2020,IBGE_2024
2106326,Maracaçumé,MA,635.758,7,jul,131.0129445417946,OK,1991,2020,30,CHIRPS_v2,UCSB-CHG/CHIRPS/DAILY,1991-2020,IBGE_2024
2106375,Maranhãozinho,MA,781.676,7,jul,102.4949337756603,OK,1991,2020,30,CHIRPS_v2,UCSB-CHG/CHIRPS/DAILY,1991-2020,IBGE_2024
2106201,Luís Domingues,MA,467.251,7,jul,161.3712237644285,OK,1991,2020,30,CHIRPS_v2,UCSB-CHG/CHIRPS/DAILY,1991-2020,IBGE_2024
2105658,Junco do Maranhão,MA,568.499,7,jul,135.06934291792314,OK,1991,2020,30,CHIRPS_v2,UCSB-CHG/CHIRPS/DAILY,1991-2020,IBGE_2024
2104677,Governador Nunes Freire,MA,1049.208,7,jul,128.02342635602395,OK,1991,2020,30,CHIRPS_v2,UCSB-CHG/CHIRPS/DAILY,1991-2020,IBGE_2024
2104305,Godofredo Viana,MA,725.707,7,jul,154.30299532893915,OK,1991,2020,30,CHIRPS_v2,UCSB-CHG/CHIRPS/DAILY,1991-2020,IBGE_2024
2111763,Senador La Rocque,MA,737.078,7,jul,2.578955444860599,OK,1991,2020,30,CHIRPS_v2,UCSB-CHG/CHIRPS/DAILY,1991-2020,IBGE_2024
2103752,Davinópolis,MA,332.249,7,jul,1.860721266058747,OK,1991,2020,30,CHIRPS_v2,UCSB-CHG/CHIRPS/DAILY,1991-2020,IBGE_2024
2111052,São João do Paraíso,MA,2052.328,7,jul,3.555489762628136,OK,1991,2020,30,CHIRPS_v2,UCSB-CHG/CHIRPS/DAILY,1991-2020,IBGE_2024
2103257,Cidelândia,MA,1462.81,7,jul,9.206895393983844,OK,1991,2020,30,CHIRPS_v2,UCSB-CHG/CHIRPS/DAILY,1991-2020,IBGE_2024
2111532,São Pedro da Água Branca,MA,720.461,7,jul,12.24335499408801,OK,1991,2020,30,CHIRPS_v2,UCSB-CHG/CHIRPS/DAILY,1991-2020,IBGE_2024
2102556,Campestre do Maranhão,MA,613.529,7,jul,2.0916865195282304,OK,1991,2020,30,CHIRPS_v2,UCSB-CHG/CHIRPS/DAILY,1991-2020,IBGE_2024
2102358,Buritirana,MA,821.261,7,jul,2.5181864347666254,OK,1991,2020,30,CHIRPS_v2,UCSB-CHG/CHIRPS/DAILY,1991-2020,IBGE_2024
2109551,Ribamar Fiquene,MA,733.458,7,jul,3.2434360651326464,OK,1991,2020,30,CHIRPS_v2,UCSB-CHG/CHIRPS/DAILY,1991-2020,IBGE_2024
2109007,Porto Franco,MA,1421.011,7,jul,2.129842544131388,OK,1991,2020,30,CHIRPS_v2,UCSB-CHG/CHIRPS/DAILY,1991-2020,IBGE_2024
2100600,Amarante do Maranhão,MA,7441.771,7,jul,8.113526443715827,OK,1991,2020,30,CHIRPS_v2,UCSB-CHG/CHIRPS/DAILY,1991-2020,IBGE_2024
2107001,Montes Altos,MA,1489.198,7,jul,2.9907658777124806,OK,1991,2020,30,CHIRPS_v2,UCSB-CHG/CHIRPS/DAILY,1991-2020,IBGE_2024
2105989,Lajeado Novo,MA,1063.62,7,jul,3.0183592274834186,OK,1991,2020,30,CHIRPS_v2,UCSB-CHG/CHIRPS/DAILY,1991-2020,IBGE_2024
2105500,João Lisboa,MA,1135.08,7,jul,3.4997535368747776,OK,1991,2020,30,CHIRPS_v2,UCSB-CHG/CHIRPS/DAILY,1991-2020,IBGE_2024
2105302,Imperatriz,MA,1369.039,7,jul,2.848140230234869,OK,1991,2020,30,CHIRPS_v2,UCSB-CHG/CHIRPS/DAILY,1991-2020,IBGE_2024
2104552,Governador Edison Lobão,MA,615.957,7,jul,3.247119242973118,OK,1991,2020,30,CHIRPS_v2,UCSB-CHG/CHIRPS/DAILY,1991-2020,IBGE_2024
2112852,Vila Nova dos Martírios,MA,1190.008,7,jul,9.756006621543866,OK,1991,2020,30,CHIRPS_v2,UCSB-CHG/CHIRPS/DAILY,1991-2020,IBGE_2024
2104057,Estreito,MA,2719.964,7,jul,6.2598654763598125,OK,1991,2020,30,CHIRPS_v2,UCSB-CHG/CHIRPS/DAILY,1991-2020,IBGE_2024
2111805,Sítio Novo,MA,3114.682,7,jul,5.546582866351699,OK,1991,2020,30,CHIRPS_v2,UCSB-CHG/CHIRPS/DAILY,1991-2020,IBGE_2024
2111573,São Pedro dos Crentes,MA,979.559,7,jul,3.331485395908308,OK,1991,2020,30,CHIRPS_v2,UCSB-CHG/CHIRPS/DAILY,1991-2020,IBGE_2024
2100956,Arame,MA,2976.039,7,jul,11.734947769344126,OK,1991,2020,30,CHIRPS_v2,UCSB-CHG/CHIRPS/DAILY,1991-2020,IBGE_2024
2105476,Jenipapo dos Vieiras,MA,1962.362,7,jul,9.269818937479176,OK,1991,2020,30,CHIRPS_v2,UCSB-CHG/CHIRPS/DAILY,1991-2020,IBGE_2024
2105351,Itaipava do Grajaú,MA,1244.398,7,jul,9.236789030292247,OK,1991,2020,30,CHIRPS_v2,UCSB-CHG/CHIRPS/DAILY,1991-2020,IBGE_2024
2104800,Grajaú,MA,8861.696,7,jul,6.535164153780828,OK,1991,2020,30,CHIRPS_v2,UCSB-CHG/CHIRPS/DAILY,1991-2020,IBGE_2024
2104099,Formosa da Serra Negra,MA,3690.633,7,jul,2.700688862720484,OK,1991,2020,30,CHIRPS_v2,UCSB-CHG/CHIRPS/DAILY,1991-2020,IBGE_2024
2110856,São Francisco do Brejão,MA,745.357,7,jul,3.1477258709970073,OK,1991,2020,30,CHIRPS_v2,UCSB-CHG/CHIRPS/DAILY,1991-2020,IBGE_2024
2102036,Bom Jesus das Selvas,MA,2676.93,7,jul,10.663805435568273,OK,1991,2020,30,CHIRPS_v2,UCSB-CHG/CHIRPS/DAILY,1991-2020,IBGE_2024
2102325,Buriticupu,MA,2553.663,7,jul,16.332149503425008,OK,1991,2020,30,CHIRPS_v2,UCSB-CHG/CHIRPS/DAILY,1991-2020,IBGE_2024
2100055,Açailândia,MA,5805.158,7,jul,8.569551897966045,OK,1991,2020,30,CHIRPS_v2,UCSB-CHG/CHIRPS/DAILY,1991-2020,IBGE_2024
2105427,Itinga do Maranhão,MA,3583.423,7,jul,15.664923699333611,OK,1991,2020,30,CHIRPS_v2,UCSB-CHG/CHIRPS/DAILY,1991-2020,IBGE_2024
2111607,São Raimundo das Mangabeiras,MA,3523.94,7,jul,1.275645273443085,OK,1991,2020,30,CHIRPS_v2,UCSB-CHG/CHIRPS/DAILY,1991-2020,IBGE_2024
2112001,Tasso Fragoso,MA,4369.318,7,jul,0.9832895315286468,OK,1991,2020,30,CHIRPS_v2,UCSB-CHG/CHIRPS/DAILY,1991-2020,IBGE_2024
2102804,Carolina,MA,6267.601,7,jul,3.764059362958429,OK,1991,2020,30,CHIRPS_v2,UCSB-CHG/CHIRPS/DAILY,1991-2020,IBGE_2024
2109700,Sambaíba,MA,3015.086,7,jul,1.3615147403341383,OK,1991,2020,30,CHIRPS_v2,UCSB-CHG/CHIRPS/DAILY,1991-2020,IBGE_2024
2101400,Balsas,MA,12601.976,7,jul,1.1384404439783224,OK,1991,2020,30,CHIRPS_v2,UCSB-CHG/CHIRPS/DAILY,1991-2020,IBGE_2024
2109502,Riachão,MA,6402.83,7,jul,1.8839545463404168,OK,1991,2020,30,CHIRPS_v2,UCSB-CHG/CHIRPS/DAILY,1991-2020,IBGE_2024
2100501,Alto Parnaíba,MA,11127.384,7,jul,0.3229026607314129,OK,1991,2020,30,CHIRPS_v2,UCSB-CHG/CHIRPS/DAILY,1991-2020,IBGE_2024
2107258,Nova Colinas,MA,743.11,7,jul,1.9687115578958634,OK,1991,2020,30,CHIRPS_v2,UCSB-CHG/CHIRPS/DAILY,1991-2020,IBGE_2024
2106102,Loreto,MA,3596.74,7,jul,0.912384704818607,OK,1991,2020,30,CHIRPS_v2,UCSB-CHG/CHIRPS/DAILY,1991-2020,IBGE_2024
2104107,Fortaleza dos Nogueiras,MA,1853.382,7,jul,1.885410470628849,OK,1991,2020,30,CHIRPS_v2,UCSB-CHG/CHIRPS/DAILY,1991-2020,IBGE_2024
2104073,Feira Nova do Maranhão,MA,1626.052,7,jul,2.4697860749389147,OK,1991,2020,30,CHIRPS_v2,UCSB-CHG/CHIRPS/DAILY,1991-2020,IBGE_2024
2209203,Santa Filomena,PI,5293.693,7,jul,0.310478700361991,OK,1991,2020,30,CHIRPS_v2,UCSB-CHG/CHIRPS/DAILY,1991-2020,IBGE_2024
2201309,Barreiras do Piauí,PI,2168.713,7,jul,0.3582920690280769,OK,1991,2020,30,CHIRPS_v2,UCSB-CHG/CHIRPS/DAILY,1991-2020,IBGE_2024
2209757,São Gonçalo do Gurguéia,PI,1385.259,7,jul,0.35230351421894246,OK,1991,2020,30,CHIRPS_v2,UCSB-CHG/CHIRPS/DAILY,1991-2020,IBGE_2024
2919553,Luís Eduardo Magalhães,BA,4033.04,7,jul,0.3115961787668892,OK,1991,2020,30,CHIRPS_v2,UCSB-CHG/CHIRPS/DAILY,1991-2020,IBGE_2024
2903201,Barreiras,BA,8059.305,7,jul,0.2981819815256743,OK,1991,2020,30,CHIRPS_v2,UCSB-CHG/CHIRPS/DAILY,1991-2020,IBGE_2024
3157609,Santa Fé de Minas,MG,2917.448,7,jul,1.3630710198754665,OK,1991,2020,30,CHIRPS_v2,UCSB-CHG/CHIRPS/DAILY,1991-2020,IBGE_2024
3150570,Pintópolis,MG,1228.736,7,jul,0.5096096396497842,OK,1991,2020,30,CHIRPS_v2,UCSB-CHG/CHIRPS/DAILY,1991-2020,IBGE_2024
3116159,Chapada Gaúcha,MG,3255.189,7,jul,0.37156197170806426,OK,1991,2020,30,CHIRPS_v2,UCSB-CHG/CHIRPS/DAILY,1991-2020,IBGE_2024
3164209,São Romão,MG,2434.004,7,jul,0.7127348099976675,OK,1991,2020,30,CHIRPS_v2,UCSB-CHG/CHIRPS/DAILY,1991-2020,IBGE_2024
3108552,Brasilândia de Minas,MG,2509.694,7,jul,2.679009604611405,OK,1991,2020,30,CHIRPS_v2,UCSB-CHG/CHIRPS/DAILY,1991-2020,IBGE_2024
3147006,Paracatu,MG,8231.029,7,jul,5.108635260356027,OK,1991,2020,30,CHIRPS_v2,UCSB-CHG/CHIRPS/DAILY,1991-2020,IBGE_2024
3170529,Urucuia,MG,2076.942,7,jul,0.58778370549261,OK,1991,2020,30,CHIRPS_v2,UCSB-CHG/CHIRPS/DAILY,1991-2020,IBGE_2024
3170404,Unaí,MG,8445.432,7,jul,1.4616380537205906,OK,1991,2020,30,CHIRPS_v2,UCSB-CHG/CHIRPS/DAILY,1991-2020,IBGE_2024
3170479,Uruana de Minas,MG,598.221,7,jul,1.1997631383047145,OK,1991,2020,30,CHIRPS_v2,UCSB-CHG/CHIRPS/DAILY,1991-2020,IBGE_2024
3154457,Riachinho,MG,1719.266,7,jul,0.9043612269178732,OK,1991,2020,30,CHIRPS_v2,UCSB-CHG/CHIRPS/DAILY,1991-2020,IBGE_2024
3104502,Arinos,MG,5279.419,7,jul,0.6485279933700957,OK,1991,2020,30,CHIRPS_v2,UCSB-CHG/CHIRPS/DAILY,1991-2020,IBGE_2024
3144375,Natalândia,MG,468.66,7,jul,1.4398592383893938,OK,1991,2020,30,CHIRPS_v2,UCSB-CHG/CHIRPS/DAILY,1991-2020,IBGE_2024
3109451,Cabeceira Grande,MG,1033.055,7,jul,1.0911075510215984,OK,1991,2020,30,CHIRPS_v2,UCSB-CHG/CHIRPS/DAILY,1991-2020,IBGE_2024
3126208,Formoso,MG,3686.004,7,jul,0.39111781112251187,OK,1991,2020,30,CHIRPS_v2,UCSB-CHG/CHIRPS/DAILY,1991-2020,IBGE_2024
3109303,Buritis,MG,5225.186,7,jul,1.8828783046566246,OK,1991,2020,30,CHIRPS_v2,UCSB-CHG/CHIRPS/DAILY,1991-2020,IBGE_2024
3108206,Bonfinópolis de Minas,MG,1850.487,7,jul,1.3229469434585164,OK,1991,2020,30,CHIRPS_v2,UCSB-CHG/CHIRPS/DAILY,1991-2020,IBGE_2024
3122470,Dom Bosco,MG,817.383,7,jul,1.7602930046595389,OK,1991,2020,30,CHIRPS_v2,UCSB-CHG/CHIRPS/DAILY,1991-2020,IBGE_2024
4318101,São Francisco de Assis,RS,2534.789,7,jul,124.25261217713043,OK,1991,2020,30,CHIRPS_v2,UCSB-CHG/CHIRPS/DAILY,1991-2020,IBGE_2024
4310553,Itacurubi,RS,1120.249,7,jul,125.20336764317244,OK,1991,2020,30,CHIRPS_v2,UCSB-CHG/CHIRPS/DAILY,1991-2020,IBGE_2024
4301875,Barra do Quaraí,RS,1055.937,7,jul,64.49001039814519,OK,1991,2020,30,CHIRPS_v2,UCSB-CHG/CHIRPS/DAILY,1991-2020,IBGE_2024
4322400,Uruguaiana,RS,5702.098,7,jul,78.58951092261594,OK,1991,2020,30,CHIRPS_v2,UCSB-CHG/CHIRPS/DAILY,1991-2020,IBGE_2024
4318002,São Borja,RS,3616.674,7,jul,101.71376719817405,OK,1991,2020,30,CHIRPS_v2,UCSB-CHG/CHIRPS/DAILY,1991-2020,IBGE_2024
4311718,Maçambará,RS,1682.676,7,jul,100.67878551565457,OK,1991,2020,30,CHIRPS_v2,UCSB-CHG/CHIRPS/DAILY,1991-2020,IBGE_2024
4310603,Itaqui,RS,3405.999,7,jul,85.60135839522364,OK,1991,2020,30,CHIRPS_v2,UCSB-CHG/CHIRPS/DAILY,1991-2020,IBGE_2024
4317707,Santo Antônio das Missões,RS,1710.466,7,jul,123.15796568961613,OK,1991,2020,30,CHIRPS_v2,UCSB-CHG/CHIRPS/DAILY,1991-2020,IBGE_2024
4308656,Garruchos,RS,803.97,7,jul,117.13137183012992,OK,1991,2020,30,CHIRPS_v2,UCSB-CHG/CHIRPS/DAILY,1991-2020,IBGE_2024
5007695,São Gabriel do Oeste,MS,3850.674,7,jul,17.256210227001542,OK,1991,2020,30,CHIRPS_v2,UCSB-CHG/CHIRPS/DAILY,1991-2020,IBGE_2024
5003488,Dois Irmãos do Buriti,MS,2430.3,7,jul,31.93824069145448,OK,1991,2020,30,CHIRPS_v2,UCSB-CHG/CHIRPS/DAILY,1991-2020,IBGE_2024
5000252,Alcinópolis,MS,4397.518,7,jul,13.124205005127438,OK,1991,2020,30,CHIRPS_v2,UCSB-CHG/CHIRPS/DAILY,1991-2020,IBGE_2024
5007935,Sonora,MS,4185.542,7,jul,13.573491205645832,OK,1991,2020,30,CHIRPS_v2,UCSB-CHG/CHIRPS/DAILY,1991-2020,IBGE_2024
5007406,Rio Verde de Mato Grosso,MS,8174.784,7,jul,16.629800945782648,OK,1991,2020,30,CHIRPS_v2,UCSB-CHG/CHIRPS/DAILY,1991-2020,IBGE_2024
5006408,Pedro Gomes,MS,3553.782,7,jul,13.694621286713526,OK,1991,2020,30,CHIRPS_v2,UCSB-CHG/CHIRPS/DAILY,1991-2020,IBGE_2024
5003900,Figueirão,MS,4880.736,7,jul,14.772746742993561,OK,1991,2020,30,CHIRPS_v2,UCSB-CHG/CHIRPS/DAILY,1991-2020,IBGE_2024
5003256,Costa Rica,MS,4159.384,7,jul,14.879186139870672,OK,1991,2020,30,CHIRPS_v2,UCSB-CHG/CHIRPS/DAILY,1991-2020,IBGE_2024
5003306,Coxim,MS,6390.663,7,jul,16.072258679902692,OK,1991,2020,30,CHIRPS_v2,UCSB-CHG/CHIRPS/DAILY,1991-2020,IBGE_2024
5005400,Maracaju,MS,5396.905,7,jul,42.291093104512754,OK,1991,2020,30,CHIRPS_v2,UCSB-CHG/CHIRPS/DAILY,1991-2020,IBGE_2024
5003702,Dourados,MS,4062.889,7,jul,45.17249369773893,OK,1991,2020,30,CHIRPS_v2,UCSB-CHG/CHIRPS/DAILY,1991-2020,IBGE_2024
5000906,Antônio João,MS,1095.9,7,jul,42.78134604239881,OK,1991,2020,30,CHIRPS_v2,UCSB-CHG/CHIRPS/DAILY,1991-2020,IBGE_2024
5001243,Aral Moreira,MS,1653.86,7,jul,47.699189041639926,OK,1991,2020,30,CHIRPS_v2,UCSB-CHG/CHIRPS/DAILY,1991-2020,IBGE_2024
5006606,Ponta Porã,MS,5359.274,7,jul,41.94817290655826,OK,1991,2020,30,CHIRPS_v2,UCSB-CHG/CHIRPS/DAILY,1991-2020,IBGE_2024
5006358,Paranhos,MS,1307.092,7,jul,67.29195968967464,OK,1991,2020,30,CHIRPS_v2,UCSB-CHG/CHIRPS/DAILY,1991-2020,IBGE_2024
5003157,Coronel Sapucaia,MS,1023.727,7,jul,58.182953964999236,OK,1991,2020,30,CHIRPS_v2,UCSB-CHG/CHIRPS/DAILY,1991-2020,IBGE_2024
5005202,Ladário,MS,354.255,7,jul,18.29920037693835,OK,1991,2020,30,CHIRPS_v2,UCSB-CHG/CHIRPS/DAILY,1991-2020,IBGE_2024
5003207,Corumbá,MS,64431.145,7,jul,19.219651303973848,OK,1991,2020,30,CHIRPS_v2,UCSB-CHG/CHIRPS/DAILY,1991-2020,IBGE_2024
5006903,Porto Murtinho,MS,17502.994,7,jul,32.7881773266316,OK,1991,2020,30,CHIRPS_v2,UCSB-CHG/CHIRPS/DAILY,1991-2020,IBGE_2024
5005806,Nioaque,MS,3909.738,7,jul,37.65241880626839,OK,1991,2020,30,CHIRPS_v2,UCSB-CHG/CHIRPS/DAILY,1991-2020,IBGE_2024
5005004,Jardim,MS,2130.068,7,jul,37.0630671847016,OK,1991,2020,30,CHIRPS_v2,UCSB-CHG/CHIRPS/DAILY,1991-2020,IBGE_2024
5004106,Guia Lopes da Laguna,MS,1225.426,7,jul,40.38826448695532,OK,1991,2020,30,CHIRPS_v2,UCSB-CHG/CHIRPS/DAILY,1991-2020,IBGE_2024
5002803,Caracol,MS,2928.706,7,jul,33.642976056512055,OK,1991,2020,30,CHIRPS_v2,UCSB-CHG/CHIRPS/DAILY,1991-2020,IBGE_2024
5002209,Bonito,MS,5378.723,7,jul,30.431232554151777,OK,1991,2020,30,CHIRPS_v2,UCSB-CHG/CHIRPS/DAILY,1991-2020,IBGE_2024
5002100,Bela Vista,MS,4956.473,7,jul,38.17291911203117,OK,1991,2020,30,CHIRPS_v2,UCSB-CHG/CHIRPS/DAILY,1991-2020,IBGE_2024
5001102,Aquidauana,MS,17087.976,7,jul,22.532038242079125,OK,1991,2020,30,CHIRPS_v2,UCSB-CHG/CHIRPS/DAILY,1991-2020,IBGE_2024
5000708,Anastácio,MS,2913.108,7,jul,35.07371741433217,OK,1991,2020,30,CHIRPS_v2,UCSB-CHG/CHIRPS/DAILY,1991-2020,IBGE_2024
5005608,Miranda,MS,5470.975,7,jul,30.406590510568112,OK,1991,2020,30,CHIRPS_v2,UCSB-CHG/CHIRPS/DAILY,1991-2020,IBGE_2024
5002159,Bodoquena,MS,2589.14,7,jul,26.644183548558658,OK,1991,2020,30,CHIRPS_v2,UCSB-CHG/CHIRPS/DAILY,1991-2020,IBGE_2024
5106455,Planalto da Serra,MT,2437.59,7,jul,3.5592896183052463,OK,1991,2020,30,CHIRPS_v2,UCSB-CHG/CHIRPS/DAILY,1991-2020,IBGE_2024
5106505,Poconé,MT,17013.707,7,jul,16.38068451100805,OK,1991,2020,30,CHIRPS_v2,UCSB-CHG/CHIRPS/DAILY,1991-2020,IBGE_2024
5105903,Nobres,MT,3908.739,7,jul,5.912557583874217,OK,1991,2020,30,CHIRPS_v2,UCSB-CHG/CHIRPS/DAILY,1991-2020,IBGE_2024
5106208,Nova Brasilândia,MT,3289.572,7,jul,6.3028411261628365,OK,1991,2020,30,CHIRPS_v2,UCSB-CHG/CHIRPS/DAILY,1991-2020,IBGE_2024
5106109,Nossa Senhora do Livramento,MT,5410.138,7,jul,12.523315993181855,OK,1991,2020,30,CHIRPS_v2,UCSB-CHG/CHIRPS/DAILY,1991-2020,IBGE_2024
5104906,Jangada,MT,1114.302,7,jul,16.021855042075988,OK,1991,2020,30,CHIRPS_v2,UCSB-CHG/CHIRPS/DAILY,1991-2020,IBGE_2024
5103403,Cuiabá,MT,4327.22,7,jul,10.677748623432178,OK,1991,2020,30,CHIRPS_v2,UCSB-CHG/CHIRPS/DAILY,1991-2020,IBGE_2024
5102678,Campo Verde,MT,4771.091,7,jul,12.280561633500003,OK,1991,2020,30,CHIRPS_v2,UCSB-CHG/CHIRPS/DAILY,1991-2020,IBGE_2024
5103007,Chapada dos Guimarães,MT,6603.253,7,jul,10.517494591675426,OK,1991,2020,30,CHIRPS_v2,UCSB-CHG/CHIRPS/DAILY,1991-2020,IBGE_2024
5101605,Barão de Melgaço,MT,11374.872,7,jul,15.423798890752304,OK,1991,2020,30,CHIRPS_v2,UCSB-CHG/CHIRPS/DAILY,1991-2020,IBGE_2024
5108402,Várzea Grande,MT,939.887,7,jul,9.815684233148357,OK,1991,2020,30,CHIRPS_v2,UCSB-CHG/CHIRPS/DAILY,1991-2020,IBGE_2024
5107800,Santo Antônio de Leverger,MT,9519.194,7,jul,13.860126140515463,OK,1991,2020,30,CHIRPS_v2,UCSB-CHG/CHIRPS/DAILY,1991-2020,IBGE_2024
5100102,Acorizal,MT,850.763,7,jul,20.042369672045755,OK,1991,2020,30,CHIRPS_v2,UCSB-CHG/CHIRPS/DAILY,1991-2020,IBGE_2024
5107701,Rosário Oeste,MT,7339.442,7,jul,10.52880758691178,OK,1991,2020,30,CHIRPS_v2,UCSB-CHG/CHIRPS/DAILY,1991-2020,IBGE_2024
5106851,Porto Estrela,MT,2045.467,7,jul,15.597106186663462,OK,1991,2020,30,CHIRPS_v2,UCSB-CHG/CHIRPS/DAILY,1991-2020,IBGE_2024
5106232,Nova Olímpia,MT,1327.266,7,jul,12.497678699057985,OK,1991,2020,30,CHIRPS_v2,UCSB-CHG/CHIRPS/DAILY,1991-2020,IBGE_2024
5103452,Denise,MT,1273.178,7,jul,11.145421964710097,OK,1991,2020,30,CHIRPS_v2,UCSB-CHG/CHIRPS/DAILY,1991-2020,IBGE_2024
5102637,Campo Novo do Parecis,MT,9428.585,7,jul,7.344665288506793,OK,1991,2020,30,CHIRPS_v2,UCSB-CHG/CHIRPS/DAILY,1991-2020,IBGE_2024
5101704,Barra do Bugres,MT,5976.863,7,jul,14.231022474414852,OK,1991,2020,30,CHIRPS_v2,UCSB-CHG/CHIRPS/DAILY,1991-2020,IBGE_2024
5101902,Brasnorte,MT,15968.355,7,jul,4.784812320162355,OK,1991,2020,30,CHIRPS_v2,UCSB-CHG/CHIRPS/DAILY,1991-2020,IBGE_2024
5107958,Tangará da Serra,MT,11636.262,7,jul,13.380225341894857,OK,1991,2020,30,CHIRPS_v2,UCSB-CHG/CHIRPS/DAILY,1991-2020,IBGE_2024
5107875,Sapezal,MT,13614.552,7,jul,7.545878412342079,OK,1991,2020,30,CHIRPS_v2,UCSB-CHG/CHIRPS/DAILY,1991-2020,IBGE_2024
5107263,Santo Afonso,MT,1166.382,7,jul,9.792263133103006,OK,1991,2020,30,CHIRPS_v2,UCSB-CHG/CHIRPS/DAILY,1991-2020,IBGE_2024
5106000,Nortelândia,MT,1336.754,7,jul,5.578490195437967,OK,1991,2020,30,CHIRPS_v2,UCSB-CHG/CHIRPS/DAILY,1991-2020,IBGE_2024
5103502,Diamantino,MT,8263.397,7,jul,5.5631315213862385,OK,1991,2020,30,CHIRPS_v2,UCSB-CHG/CHIRPS/DAILY,1991-2020,IBGE_2024
5101308,Arenápolis,MT,417.337,7,jul,8.495045198243204,OK,1991,2020,30,CHIRPS_v2,UCSB-CHG/CHIRPS/DAILY,1991-2020,IBGE_2024
5108857,Nova Marilândia,MT,1905.744,7,jul,8.314050931208719,OK,1991,2020,30,CHIRPS_v2,UCSB-CHG/CHIRPS/DAILY,1991-2020,IBGE_2024
5108907,Nova Maringá,MT,11553.479,7,jul,3.3516975180938933,OK,1991,2020,30,CHIRPS_v2,UCSB-CHG/CHIRPS/DAILY,1991-2020,IBGE_2024
5100508,Alto Paraguai,MT,1847.354,7,jul,10.714313506340526,OK,1991,2020,30,CHIRPS_v2,UCSB-CHG/CHIRPS/DAILY,1991-2020,IBGE_2024
5107305,São José do Rio Claro,MT,4525.304,7,jul,6.13189857909283,OK,1991,2020,30,CHIRPS_v2,UCSB-CHG/CHIRPS/DAILY,1991-2020,IBGE_2024
5107206,Rio Branco,MT,539.287,7,jul,15.483880694736198,OK,1991,2020,30,CHIRPS_v2,UCSB-CHG/CHIRPS/DAILY,1991-2020,IBGE_2024
5105234,Lambari D'Oeste,MT,1810.463,7,jul,15.646581532743182,OK,1991,2020,30,CHIRPS_v2,UCSB-CHG/CHIRPS/DAILY,1991-2020,IBGE_2024
5103437,Curvelândia,MT,357.212,7,jul,18.084679260822707,OK,1991,2020,30,CHIRPS_v2,UCSB-CHG/CHIRPS/DAILY,1991-2020,IBGE_2024
5102504,Cáceres,MT,24499.922,7,jul,17.53283545383888,OK,1991,2020,30,CHIRPS_v2,UCSB-CHG/CHIRPS/DAILY,1991-2020,IBGE_2024
5107750,Salto do Céu,MT,1753.38,7,jul,14.551701178424524,OK,1991,2020,30,CHIRPS_v2,UCSB-CHG/CHIRPS/DAILY,1991-2020,IBGE_2024
5106752,Pontes e Lacerda,MT,8545.292,7,jul,16.484512302278805,OK,1991,2020,30,CHIRPS_v2,UCSB-CHG/CHIRPS/DAILY,1991-2020,IBGE_2024
5106182,Nova Lacerda,MT,4780.426,7,jul,12.055613170270556,OK,1991,2020,30,CHIRPS_v2,UCSB-CHG/CHIRPS/DAILY,1991-2020,IBGE_2024
5105507,Vila Bela da Santíssima Trindade,MT,13484.71,7,jul,14.223989758298973,OK,1991,2020,30,CHIRPS_v2,UCSB-CHG/CHIRPS/DAILY,1991-2020,IBGE_2024
5103361,Conquista D'Oeste,MT,2684.676,7,jul,15.65436074000937,OK,1991,2020,30,CHIRPS_v2,UCSB-CHG/CHIRPS/DAILY,1991-2020,IBGE_2024
5103304,Comodoro,MT,21485.018,7,jul,9.274233271939632,OK,1991,2020,30,CHIRPS_v2,UCSB-CHG/CHIRPS/DAILY,1991-2020,IBGE_2024
5102686,Campos de Júlio,MT,6792.808,7,jul,9.531126255611964,OK,1991,2020,30,CHIRPS_v2,UCSB-CHG/CHIRPS/DAILY,1991-2020,IBGE_2024
5108352,Vale de São Domingos,MT,1902.108,7,jul,17.13963674563606,OK,1991,2020,30,CHIRPS_v2,UCSB-CHG/CHIRPS/DAILY,1991-2020,IBGE_2024
5106828,Porto Esperidião,MT,5835.276,7,jul,16.71170506589656,OK,1991,2020,30,CHIRPS_v2,UCSB-CHG/CHIRPS/DAILY,1991-2020,IBGE_2024
5107156,Reserva do Cabaçal,MT,1331.677,7,jul,17.206756992798677,OK,1991,2020,30,CHIRPS_v2,UCSB-CHG/CHIRPS/DAILY,1991-2020,IBGE_2024
5107107,São José dos Quatro Marcos,MT,1282.762,7,jul,19.22403676080713,OK,1991,2020,30,CHIRPS_v2,UCSB-CHG/CHIRPS/DAILY,1991-2020,IBGE_2024
5105622,Mirassol d'Oeste,MT,1085.488,7,jul,18.941570073903048,OK,1991,2020,30,CHIRPS_v2,UCSB-CHG/CHIRPS/DAILY,1991-2020,IBGE_2024
5105002,Jauru,MT,1345.411,7,jul,17.39243524861093,OK,1991,2020,30,CHIRPS_v2,UCSB-CHG/CHIRPS/DAILY,1991-2020,IBGE_2024
5104500,Indiavaí,MT,592.495,7,jul,17.53037877703767,OK,1991,2020,30,CHIRPS_v2,UCSB-CHG/CHIRPS/DAILY,1991-2020,IBGE_2024
5103809,Figueirópolis D'Oeste,MT,891.448,7,jul,18.617480791018302,OK,1991,2020,30,CHIRPS_v2,UCSB-CHG/CHIRPS/DAILY,1991-2020,IBGE_2024
5103957,Glória D'Oeste,MT,833.131,7,jul,18.55019002943273,OK,1991,2020,30,CHIRPS_v2,UCSB-CHG/CHIRPS/DAILY,1991-2020,IBGE_2024
5101258,Araputanga,MT,1639.731,7,jul,17.04557192085776,OK,1991,2020,30,CHIRPS_v2,UCSB-CHG/CHIRPS/DAILY,1991-2020,IBGE_2024
5107248,Santa Carmem,MT,3812.09,7,jul,2.6011474160678913,OK,1991,2020,30,CHIRPS_v2,UCSB-CHG/CHIRPS/DAILY,1991-2020,IBGE_2024
5106216,Nova Canaã do Norte,MT,5953.099,7,jul,2.6875385669583176,OK,1991,2020,30,CHIRPS_v2,UCSB-CHG/CHIRPS/DAILY,1991-2020,IBGE_2024
5106190,Nova Santa Helena,MT,2385.611,7,jul,2.255031233571231,OK,1991,2020,30,CHIRPS_v2,UCSB-CHG/CHIRPS/DAILY,1991-2020,IBGE_2024
5105580,Marcelândia,MT,12285.486,7,jul,1.5837072164460848,OK,1991,2020,30,CHIRPS_v2,UCSB-CHG/CHIRPS/DAILY,1991-2020,IBGE_2024
5104559,Itaúba,MT,4521.79,7,jul,4.262669862817796,OK,1991,2020,30,CHIRPS_v2,UCSB-CHG/CHIRPS/DAILY,1991-2020,IBGE_2024
5103700,Feliz Natal,MT,11661.514,7,jul,3.277129522451366,OK,1991,2020,30,CHIRPS_v2,UCSB-CHG/CHIRPS/DAILY,1991-2020,IBGE_2024
5103205,Colíder,MT,3112.091,7,jul,3.160373791530941,OK,1991,2020,30,CHIRPS_v2,UCSB-CHG/CHIRPS/DAILY,1991-2020,IBGE_2024
5103056,Cláudia,MT,3843.562,7,jul,3.088346739430042,OK,1991,2020,30,CHIRPS_v2,UCSB-CHG/CHIRPS/DAILY,1991-2020,IBGE_2024
5108808,Nova Guarita,MT,1121.928,7,jul,2.1408655996886425,OK,1991,2020,30,CHIRPS_v2,UCSB-CHG/CHIRPS/DAILY,1991-2020,IBGE_2024
5108303,União do Sul,MT,4590.628,7,jul,4.52109675598051,OK,1991,2020,30,CHIRPS_v2,UCSB-CHG/CHIRPS/DAILY,1991-2020,IBGE_2024
5107909,Sinop,MT,3990.87,7,jul,1.9543651586635442,OK,1991,2020,30,CHIRPS_v2,UCSB-CHG/CHIRPS/DAILY,1991-2020,IBGE_2024
5108055,Terra Nova do Norte,MT,2399.737,7,jul,3.468858521972856,OK,1991,2020,30,CHIRPS_v2,UCSB-CHG/CHIRPS/DAILY,1991-2020,IBGE_2024
5106240,Nova Ubiratã,MT,8720.777,7,jul,2.6206024904491922,OK,1991,2020,30,CHIRPS_v2,UCSB-CHG/CHIRPS/DAILY,1991-2020,IBGE_2024
5106224,Nova Mutum,MT,9536.814,7,jul,4.073300160888345,OK,1991,2020,30,CHIRPS_v2,UCSB-CHG/CHIRPS/DAILY,1991-2020,IBGE_2024
5105259,Lucas do Rio Verde,MT,3674.596,7,jul,2.883647345257932,OK,1991,2020,30,CHIRPS_v2,UCSB-CHG/CHIRPS/DAILY,1991-2020,IBGE_2024
5104542,Itanhangá,MT,2909.745,7,jul,0.9941955317077076,OK,1991,2020,30,CHIRPS_v2,UCSB-CHG/CHIRPS/DAILY,1991-2020,IBGE_2024
5104526,Ipiranga do Norte,MT,3422.016,7,jul,0.8366217555651652,OK,1991,2020,30,CHIRPS_v2,UCSB-CHG/CHIRPS/DAILY,1991-2020,IBGE_2024
5101837,Boa Esperança do Norte,MT,4704.488,7,jul,2.1122394574915258,OK,1991,2020,30,CHIRPS_v2,UCSB-CHG/CHIRPS/DAILY,1991-2020,IBGE_2024
5108501,Vera,MT,2978.675,7,jul,1.2189691782894372,OK,1991,2020,30,CHIRPS_v2,UCSB-CHG/CHIRPS/DAILY,1991-2020,IBGE_2024
5107925,Sorriso,MT,8454.83,7,jul,1.3950629029648383,OK,1991,2020,30,CHIRPS_v2,UCSB-CHG/CHIRPS/DAILY,1991-2020,IBGE_2024
5108006,Tapurah,MT,4492.539,7,jul,1.4593450290823495,OK,1991,2020,30,CHIRPS_v2,UCSB-CHG/CHIRPS/DAILY,1991-2020,IBGE_2024
5107768,Santa Rita do Trivelato,MT,4740.204,7,jul,2.568473213774851,OK,1991,2020,30,CHIRPS_v2,UCSB-CHG/CHIRPS/DAILY,1991-2020,IBGE_2024
5105150,Juína,MT,26397.173,7,jul,5.619686318993914,OK,1991,2020,30,CHIRPS_v2,UCSB-CHG/CHIRPS/DAILY,1991-2020,IBGE_2024
5105176,Juruena,MT,3207.837,7,jul,3.8950994990213137,OK,1991,2020,30,CHIRPS_v2,UCSB-CHG/CHIRPS/DAILY,1991-2020,IBGE_2024
5103379,Cotriguaçu,MT,9469.956,7,jul,5.30242471363878,OK,1991,2020,30,CHIRPS_v2,UCSB-CHG/CHIRPS/DAILY,1991-2020,IBGE_2024
5103254,Colniza,MT,27960.244,7,jul,10.161543739456341,OK,1991,2020,30,CHIRPS_v2,UCSB-CHG/CHIRPS/DAILY,1991-2020,IBGE_2024
5102850,Castanheira,MT,3713.465,7,jul,4.4129508604516126,OK,1991,2020,30,CHIRPS_v2,UCSB-CHG/CHIRPS/DAILY,1991-2020,IBGE_2024
5101407,Aripuanã,MT,24678.135,7,jul,7.215952275147023,OK,1991,2020,30,CHIRPS_v2,UCSB-CHG/CHIRPS/DAILY,1991-2020,IBGE_2024
5107578,Rondolândia,MT,12658.341,7,jul,7.71094829791613,OK,1991,2020,30,CHIRPS_v2,UCSB-CHG/CHIRPS/DAILY,1991-2020,IBGE_2024
5106299,Paranaíta,MT,4814.149,7,jul,2.577614811400387,OK,1991,2020,30,CHIRPS_v2,UCSB-CHG/CHIRPS/DAILY,1991-2020,IBGE_2024
5106158,Nova Bandeirantes,MT,9556.661,7,jul,4.5222303401683455,OK,1991,2020,30,CHIRPS_v2,UCSB-CHG/CHIRPS/DAILY,1991-2020,IBGE_2024
5102793,Carlinda,MT,2421.788,7,jul,2.786541890187585,OK,1991,2020,30,CHIRPS_v2,UCSB-CHG/CHIRPS/DAILY,1991-2020,IBGE_2024
5100805,Apiacás,MT,20488.646,7,jul,5.533254529894808,OK,1991,2020,30,CHIRPS_v2,UCSB-CHG/CHIRPS/DAILY,1991-2020,IBGE_2024
5108956,Nova Monte Verde,MT,5139.307,7,jul,4.2761431939111745,OK,1991,2020,30,CHIRPS_v2,UCSB-CHG/CHIRPS/DAILY,1991-2020,IBGE_2024
5100250,Alta Floresta,MT,8955.409,7,jul,2.61007267871476,OK,1991,2020,30,CHIRPS_v2,UCSB-CHG/CHIRPS/DAILY,1991-2020,IBGE_2024
5106422,Peixoto de Azevedo,MT,14433.774,7,jul,1.5510153998808673,OK,1991,2020,30,CHIRPS_v2,UCSB-CHG/CHIRPS/DAILY,1991-2020,IBGE_2024
5106265,Novo Mundo,MT,5800.758,7,jul,2.3843877441294716,OK,1991,2020,30,CHIRPS_v2,UCSB-CHG/CHIRPS/DAILY,1991-2020,IBGE_2024
5105606,Matupá,MT,5228.28,7,jul,0.8407697488673477,OK,1991,2020,30,CHIRPS_v2,UCSB-CHG/CHIRPS/DAILY,1991-2020,IBGE_2024
5104104,Guarantã do Norte,MT,4725.273,7,jul,0.5839316332195031,OK,1991,2020,30,CHIRPS_v2,UCSB-CHG/CHIRPS/DAILY,1991-2020,IBGE_2024
5106802,Porto dos Gaúchos,MT,6846.668,7,jul,1.492641249397405,OK,1991,2020,30,CHIRPS_v2,UCSB-CHG/CHIRPS/DAILY,1991-2020,IBGE_2024
5106273,Novo Horizonte do Norte,MT,920.048,7,jul,1.523641594789308,OK,1991,2020,30,CHIRPS_v2,UCSB-CHG/CHIRPS/DAILY,1991-2020,IBGE_2024
5105101,Juara,MT,22632.713,7,jul,2.521373852689005,OK,1991,2020,30,CHIRPS_v2,UCSB-CHG/CHIRPS/DAILY,1991-2020,IBGE_2024
5107941,Tabaporã,MT,8439.05,7,jul,1.7348926150739856,OK,1991,2020,30,CHIRPS_v2,UCSB-CHG/CHIRPS/DAILY,1991-2020,IBGE_2024
5107198,Ribeirãozinho,MT,624.997,7,jul,3.3930275671983376,OK,1991,2020,30,CHIRPS_v2,UCSB-CHG/CHIRPS/DAILY,1991-2020,IBGE_2024
5106281,Novo São Joaquim,MT,5225.595,7,jul,2.1641877479163503,OK,1991,2020,30,CHIRPS_v2,UCSB-CHG/CHIRPS/DAILY,1991-2020,IBGE_2024
5106257,Nova Xavantina,MT,5492.21,7,jul,1.8295002190156004,OK,1991,2020,30,CHIRPS_v2,UCSB-CHG/CHIRPS/DAILY,1991-2020,IBGE_2024
5106653,Pontal do Araguaia,MT,2742.482,7,jul,2.7411593311847433,OK,1991,2020,30,CHIRPS_v2,UCSB-CHG/CHIRPS/DAILY,1991-2020,IBGE_2024
5106703,Ponte Branca,MT,701.138,7,jul,3.718648252418047,OK,1991,2020,30,CHIRPS_v2,UCSB-CHG/CHIRPS/DAILY,1991-2020,IBGE_2024
5103908,General Carneiro,MT,4514.917,7,jul,2.1878930466582855,OK,1991,2020,30,CHIRPS_v2,UCSB-CHG/CHIRPS/DAILY,1991-2020,IBGE_2024
5101803,Barra do Garças,MT,8362.912,7,jul,2.3246371778363337,OK,1991,2020,30,CHIRPS_v2,UCSB-CHG/CHIRPS/DAILY,1991-2020,IBGE_2024
5101001,Araguaiana,MT,6380.7,7,jul,2.088730216967538,OK,1991,2020,30,CHIRPS_v2,UCSB-CHG/CHIRPS/DAILY,1991-2020,IBGE_2024
5108204,Torixoréu,MT,2398.383,7,jul,3.5344358674601626,OK,1991,2020,30,CHIRPS_v2,UCSB-CHG/CHIRPS/DAILY,1991-2020,IBGE_2024
5106778,Porto Alegre do Norte,MT,3971.733,7,jul,0.9311169592625267,OK,1991,2020,30,CHIRPS_v2,UCSB-CHG/CHIRPS/DAILY,1991-2020,IBGE_2024
5106315,Novo Santo Antônio,MT,4394.78,7,jul,0.7268951546384054,OK,1991,2020,30,CHIRPS_v2,UCSB-CHG/CHIRPS/DAILY,1991-2020,IBGE_2024
5105309,Luciara,MT,4282.733,7,jul,0.4085264775724532,OK,1991,2020,30,CHIRPS_v2,UCSB-CHG/CHIRPS/DAILY,1991-2020,IBGE_2024
5103353,Confresa,MT,5802.302,7,jul,0.7802932294794123,OK,1991,2020,30,CHIRPS_v2,UCSB-CHG/CHIRPS/DAILY,1991-2020,IBGE_2024
5102694,Canabrava do Norte,MT,3449.037,7,jul,1.0239063305739102,OK,1991,2020,30,CHIRPS_v2,UCSB-CHG/CHIRPS/DAILY,1991-2020,IBGE_2024
5101852,Bom Jesus do Araguaia,MT,4266.636,7,jul,1.2036048675917652,OK,1991,2020,30,CHIRPS_v2,UCSB-CHG/CHIRPS/DAILY,1991-2020,IBGE_2024
5108600,Vila Rica,MT,7436.42,7,jul,0.6906131608844474,OK,1991,2020,30,CHIRPS_v2,UCSB-CHG/CHIRPS/DAILY,1991-2020,IBGE_2024
5100359,Alto Boa Vista,MT,2248.414,7,jul,1.1599625808695035,OK,1991,2020,30,CHIRPS_v2,UCSB-CHG/CHIRPS/DAILY,1991-2020,IBGE_2024
5107883,Serra Nova Dourada,MT,1490.793,7,jul,0.8816601938744028,OK,1991,2020,30,CHIRPS_v2,UCSB-CHG/CHIRPS/DAILY,1991-2020,IBGE_2024
5107859,São Félix do Araguaia,MT,16682.473,7,jul,1.3912316782123064,OK,1991,2020,30,CHIRPS_v2,UCSB-CHG/CHIRPS/DAILY,1991-2020,IBGE_2024
5107354,São José do Xingu,MT,7465.563,7,jul,1.7623512664412015,OK,1991,2020,30,CHIRPS_v2,UCSB-CHG/CHIRPS/DAILY,1991-2020,IBGE_2024
5107776,Santa Terezinha,MT,6466.228,7,jul,0.7129021989003119,OK,1991,2020,30,CHIRPS_v2,UCSB-CHG/CHIRPS/DAILY,1991-2020,IBGE_2024
5107743,Santa Cruz do Xingu,MT,5623.39,7,jul,1.6246534482591113,OK,1991,2020,30,CHIRPS_v2,UCSB-CHG/CHIRPS/DAILY,1991-2020,IBGE_2024
5107180,Ribeirão Cascalheira,MT,11354.555,7,jul,1.3477310044951842,OK,1991,2020,30,CHIRPS_v2,UCSB-CHG/CHIRPS/DAILY,1991-2020,IBGE_2024
5107065,Querência,MT,17799.989,7,jul,3.5409887735890737,OK,1991,2020,30,CHIRPS_v2,UCSB-CHG/CHIRPS/DAILY,1991-2020,IBGE_2024
5106174,Nova Nazaré,MT,4034.539,7,jul,1.9577501031867999,OK,1991,2020,30,CHIRPS_v2,UCSB-CHG/CHIRPS/DAILY,1991-2020,IBGE_2024
5103858,Gaúcha do Norte,MT,16908.375,7,jul,2.4848845240824065,OK,1991,2020,30,CHIRPS_v2,UCSB-CHG/CHIRPS/DAILY,1991-2020,IBGE_2024
5102702,Canarana,MT,10855.181,7,jul,1.8807848932207167,OK,1991,2020,30,CHIRPS_v2,UCSB-CHG/CHIRPS/DAILY,1991-2020,IBGE_2024
5103106,Cocalinho,MT,16563.136,7,jul,2.1595441060151797,OK,1991,2020,30,CHIRPS_v2,UCSB-CHG/CHIRPS/DAILY,1991-2020,IBGE_2024
5102603,Campinápolis,MT,5978.984,7,jul,1.6572329012934055,OK,1991,2020,30,CHIRPS_v2,UCSB-CHG/CHIRPS/DAILY,1991-2020,IBGE_2024
5100201,Água Boa,MT,7549.308,7,jul,1.828119654443188,OK,1991,2020,30,CHIRPS_v2,UCSB-CHG/CHIRPS/DAILY,1991-2020,IBGE_2024
5106372,Pedra Preta,MT,3841.672,7,jul,9.944243918968466,OK,1991,2020,30,CHIRPS_v2,UCSB-CHG/CHIRPS/DAILY,1991-2020,IBGE_2024
5104203,Guiratinga,MT,5044.493,7,jul,5.658958617571638,OK,1991,2020,30,CHIRPS_v2,UCSB-CHG/CHIRPS/DAILY,1991-2020,IBGE_2024
5104609,Itiquira,MT,8698.814,7,jul,12.780035117527351,OK,1991,2020,30,CHIRPS_v2,UCSB-CHG/CHIRPS/DAILY,1991-2020,IBGE_2024
5101209,Araguainha,MT,675.231,7,jul,4.247623501455974,OK,1991,2020,30,CHIRPS_v2,UCSB-CHG/CHIRPS/DAILY,1991-2020,IBGE_2024
5100300,Alto Araguaia,MT,5094.148,7,jul,9.617810948070277,OK,1991,2020,30,CHIRPS_v2,UCSB-CHG/CHIRPS/DAILY,1991-2020,IBGE_2024
5100607,Alto Taquari,MT,1744.743,7,jul,13.980153746015544,OK,1991,2020,30,CHIRPS_v2,UCSB-CHG/CHIRPS/DAILY,1991-2020,IBGE_2024
5100409,Alto Garças,MT,3857.559,7,jul,5.644382983833255,OK,1991,2020,30,CHIRPS_v2,UCSB-CHG/CHIRPS/DAILY,1991-2020,IBGE_2024
5108105,Tesouro,MT,4244.073,7,jul,3.1382921898908567,OK,1991,2020,30,CHIRPS_v2,UCSB-CHG/CHIRPS/DAILY,1991-2020,IBGE_2024
5107297,São José do Povo,MT,489.737,7,jul,12.01620208531809,OK,1991,2020,30,CHIRPS_v2,UCSB-CHG/CHIRPS/DAILY,1991-2020,IBGE_2024
5107602,Rondonópolis,MT,4824.505,7,jul,11.778304120514056,OK,1991,2020,30,CHIRPS_v2,UCSB-CHG/CHIRPS/DAILY,1991-2020,IBGE_2024
5107008,Poxoréu,MT,6915.298,7,jul,7.319183478500777,OK,1991,2020,30,CHIRPS_v2,UCSB-CHG/CHIRPS/DAILY,1991-2020,IBGE_2024
5107040,Primavera do Leste,MT,5470.383,7,jul,3.308355574864931,OK,1991,2020,30,CHIRPS_v2,UCSB-CHG/CHIRPS/DAILY,1991-2020,IBGE_2024
5106307,Paranatinga,MT,24127.429,7,jul,2.3702715772392233,OK,1991,2020,30,CHIRPS_v2,UCSB-CHG/CHIRPS/DAILY,1991-2020,IBGE_2024
5107792,Santo Antônio do Leste,MT,3403.593,7,jul,1.9820036605127644,OK,1991,2020,30,CHIRPS_v2,UCSB-CHG/CHIRPS/DAILY,1991-2020,IBGE_2024
5104807,Jaciara,MT,2429.678,7,jul,15.088244827319766,OK,1991,2020,30,CHIRPS_v2,UCSB-CHG/CHIRPS/DAILY,1991-2020,IBGE_2024
5105200,Juscimeira,MT,2291.301,7,jul,14.765478510709224,OK,1991,2020,30,CHIRPS_v2,UCSB-CHG/CHIRPS/DAILY,1991-2020,IBGE_2024
5103601,Dom Aquino,MT,2183.603,7,jul,15.21348165629544,OK,1991,2020,30,CHIRPS_v2,UCSB-CHG/CHIRPS/DAILY,1991-2020,IBGE_2024
5107404,São Pedro da Cipa,MT,344.33,7,jul,15.165166066676727,OK,1991,2020,30,CHIRPS_v2,UCSB-CHG/CHIRPS/DAILY,1991-2020,IBGE_2024
5205208,Caturaí,GO,205.065,7,jul,1.2245070820418849,OK,1991,2020,30,CHIRPS_v2,UCSB-CHG/CHIRPS/DAILY,1991-2020,IBGE_2024
5221908,Varjão,GO,517.402,7,jul,2.207074939575478,OK,1991,2020,30,CHIRPS_v2,UCSB-CHG/CHIRPS/DAILY,1991-2020,IBGE_2024
5204557,Caldazinha,GO,251.72,7,jul,1.4434442971719887,OK,1991,2020,30,CHIRPS_v2,UCSB-CHG/CHIRPS/DAILY,1991-2020,IBGE_2024
5221403,Trindade,GO,712.69,7,jul,1.4268037503399433,OK,1991,2020,30,CHIRPS_v2,UCSB-CHG/CHIRPS/DAILY,1991-2020,IBGE_2024
5221197,Terezópolis de Goiás,GO,107.407,7,jul,1.0379242356549796,OK,1991,2020,30,CHIRPS_v2,UCSB-CHG/CHIRPS/DAILY,1991-2020,IBGE_2024
5220454,Senador Canedo,GO,247.005,7,jul,1.1980683242236183,OK,1991,2020,30,CHIRPS_v2,UCSB-CHG/CHIRPS/DAILY,1991-2020,IBGE_2024
5203559,Bonfinópolis,GO,121.915,7,jul,1.0768778369106733,OK,1991,2020,30,CHIRPS_v2,UCSB-CHG/CHIRPS/DAILY,1991-2020,IBGE_2024
5203609,Brazabrantes,GO,125.326,7,jul,1.1688429602921522,OK,1991,2020,30,CHIRPS_v2,UCSB-CHG/CHIRPS/DAILY,1991-2020,IBGE_2024
5219738,Santo Antônio de Goiás,GO,135.022,7,jul,1.0423486425740192,OK,1991,2020,30,CHIRPS_v2,UCSB-CHG/CHIRPS/DAILY,1991-2020,IBGE_2024
5203302,Bela Vista de Goiás,GO,1274.034,7,jul,1.7871456065036593,OK,1991,2020,30,CHIRPS_v2,UCSB-CHG/CHIRPS/DAILY,1991-2020,IBGE_2024
5209705,Hidrolândia,GO,952.122,7,jul,2.026790212823504,OK,1991,2020,30,CHIRPS_v2,UCSB-CHG/CHIRPS/DAILY,1991-2020,IBGE_2024
5201801,Aragoiânia,GO,218.125,7,jul,2.002295640321312,OK,1991,2020,30,CHIRPS_v2,UCSB-CHG/CHIRPS/DAILY,1991-2020,IBGE_2024
5209200,Guapó,GO,514.178,7,jul,2.0118857891284265,OK,1991,2020,30,CHIRPS_v2,UCSB-CHG/CHIRPS/DAILY,1991-2020,IBGE_2024
5201405,Aparecida de Goiânia,GO,279.954,7,jul,1.3789222308701183,OK,1991,2020,30,CHIRPS_v2,UCSB-CHG/CHIRPS/DAILY,1991-2020,IBGE_2024
5208806,Goianira,GO,213.772,7,jul,1.071907551438603,OK,1991,2020,30,CHIRPS_v2,UCSB-CHG/CHIRPS/DAILY,1991-2020,IBGE_2024
5208707,Goiânia,GO,729.296,7,jul,1.061946088710921,OK,1991,2020,30,CHIRPS_v2,UCSB-CHG/CHIRPS/DAILY,1991-2020,IBGE_2024
5200050,Abadia de Goiás,GO,143.357,7,jul,1.397152757233808,OK,1991,2020,30,CHIRPS_v2,UCSB-CHG/CHIRPS/DAILY,1991-2020,IBGE_2024
5215009,Nova Veneza,GO,122.354,7,jul,1.1391725901668344,OK,1991,2020,30,CHIRPS_v2,UCSB-CHG/CHIRPS/DAILY,1991-2020,IBGE_2024
5214507,Nerópolis,GO,204.713,7,jul,1.164344028624435,OK,1991,2020,30,CHIRPS_v2,UCSB-CHG/CHIRPS/DAILY,1991-2020,IBGE_2024
5205802,Corumbá de Goiás,GO,1064.833,7,jul,2.5494579288487635,OK,1991,2020,30,CHIRPS_v2,UCSB-CHG/CHIRPS/DAILY,1991-2020,IBGE_2024
5220603,Silvânia,GO,2349.924,7,jul,1.300037818576708,OK,1991,2020,30,CHIRPS_v2,UCSB-CHG/CHIRPS/DAILY,1991-2020,IBGE_2024
5204854,Campo Limpo de Goiás,GO,156.113,7,jul,1.2155306588879173,OK,1991,2020,30,CHIRPS_v2,UCSB-CHG/CHIRPS/DAILY,1991-2020,IBGE_2024
5212303,Leopoldo de Bulhões,GO,476.138,7,jul,1.2584066991759288,OK,1991,2020,30,CHIRPS_v2,UCSB-CHG/CHIRPS/DAILY,1991-2020,IBGE_2024
5211800,Jaraguá,GO,1848.947,7,jul,1.771331383995809,OK,1991,2020,30,CHIRPS_v2,UCSB-CHG/CHIRPS/DAILY,1991-2020,IBGE_2024
5220264,São Miguel do Passa Quatro,GO,537.347,7,jul,1.9386523384546037,OK,1991,2020,30,CHIRPS_v2,UCSB-CHG/CHIRPS/DAILY,1991-2020,IBGE_2024
5212055,Jesúpolis,GO,115.211,7,jul,1.1243269190000404,OK,1991,2020,30,CHIRPS_v2,UCSB-CHG/CHIRPS/DAILY,1991-2020,IBGE_2024
5219506,Santa Rosa de Goiás,GO,166.44,7,jul,1.1217070546230896,OK,1991,2020,30,CHIRPS_v2,UCSB-CHG/CHIRPS/DAILY,1991-2020,IBGE_2024
5219902,São Francisco de Goiás,GO,416.535,7,jul,2.0533466138949663,OK,1991,2020,30,CHIRPS_v2,UCSB-CHG/CHIRPS/DAILY,1991-2020,IBGE_2024
5201108,Anápolis,GO,935.671,7,jul,1.349943776297032,OK,1991,2020,30,CHIRPS_v2,UCSB-CHG/CHIRPS/DAILY,1991-2020,IBGE_2024
5217302,Pirenópolis,GO,2200.369,7,jul,3.9278128868640536,OK,1991,2020,30,CHIRPS_v2,UCSB-CHG/CHIRPS/DAILY,1991-2020,IBGE_2024
5200100,Abadiânia,GO,1044.555,7,jul,1.633678526903479,OK,1991,2020,30,CHIRPS_v2,UCSB-CHG/CHIRPS/DAILY,1991-2020,IBGE_2024
5208152,Gameleira de Goiás,GO,588.328,7,jul,1.2324075321422867,OK,1991,2020,30,CHIRPS_v2,UCSB-CHG/CHIRPS/DAILY,1991-2020,IBGE_2024
5216809,Petrolina de Goiás,GO,530.49,7,jul,1.2478766603252156,OK,1991,2020,30,CHIRPS_v2,UCSB-CHG/CHIRPS/DAILY,1991-2020,IBGE_2024
5208400,Goianápolis,GO,166.642,7,jul,0.9989096073774428,OK,1991,2020,30,CHIRPS_v2,UCSB-CHG/CHIRPS/DAILY,1991-2020,IBGE_2024
5200308,Alexânia,GO,846.876,7,jul,1.3568086904789336,OK,1991,2020,30,CHIRPS_v2,UCSB-CHG/CHIRPS/DAILY,1991-2020,IBGE_2024
5215405,Ouro Verde de Goiás,GO,208.804,7,jul,1.2596599457713262,OK,1991,2020,30,CHIRPS_v2,UCSB-CHG/CHIRPS/DAILY,1991-2020,IBGE_2024
5222005,Vianópolis,GO,954.115,7,jul,1.6678984502125571,OK,1991,2020,30,CHIRPS_v2,UCSB-CHG/CHIRPS/DAILY,1991-2020,IBGE_2024
5221007,Taquaral de Goiás,GO,205.665,7,jul,1.2195237777775207,OK,1991,2020,30,CHIRPS_v2,UCSB-CHG/CHIRPS/DAILY,1991-2020,IBGE_2024
5211404,Itauçu,GO,383.064,7,jul,1.1332343973266141,OK,1991,2020,30,CHIRPS_v2,UCSB-CHG/CHIRPS/DAILY,1991-2020,IBGE_2024
5202809,Avelinópolis,GO,170.228,7,jul,1.3768354252715398,OK,1991,2020,30,CHIRPS_v2,UCSB-CHG/CHIRPS/DAILY,1991-2020,IBGE_2024
5210406,Itaberaí,GO,1461.916,7,jul,1.0344338798538002,OK,1991,2020,30,CHIRPS_v2,UCSB-CHG/CHIRPS/DAILY,1991-2020,IBGE_2024
5210604,Itaguaru,GO,241.029,7,jul,1.1476831280660913,OK,1991,2020,30,CHIRPS_v2,UCSB-CHG/CHIRPS/DAILY,1991-2020,IBGE_2024
5210562,Itaguari,GO,142.652,7,jul,1.2260855224217124,OK,1991,2020,30,CHIRPS_v2,UCSB-CHG/CHIRPS/DAILY,1991-2020,IBGE_2024
5201603,Araçu,GO,149.776,7,jul,1.1277490150342537,OK,1991,2020,30,CHIRPS_v2,UCSB-CHG/CHIRPS/DAILY,1991-2020,IBGE_2024
5210000,Inhumas,GO,614.889,7,jul,1.214940511130956,OK,1991,2020,30,CHIRPS_v2,UCSB-CHG/CHIRPS/DAILY,1991-2020,IBGE_2024
5209606,Heitoraí,GO,228.615,7,jul,1.0311190850978857,OK,1991,2020,30,CHIRPS_v2,UCSB-CHG/CHIRPS/DAILY,1991-2020,IBGE_2024
5201306,Anicuns,GO,976.038,7,jul,1.149838371085212,OK,1991,2020,30,CHIRPS_v2,UCSB-CHG/CHIRPS/DAILY,1991-2020,IBGE_2024
5200852,Americano do Brasil,GO,133.834,7,jul,0.868671803599474,OK,1991,2020,30,CHIRPS_v2,UCSB-CHG/CHIRPS/DAILY,1991-2020,IBGE_2024
5200159,Adelândia,GO,115.385,7,jul,1.0605701449284826,OK,1991,2020,30,CHIRPS_v2,UCSB-CHG/CHIRPS/DAILY,1991-2020,IBGE_2024
5206800,Damolândia,GO,86.057,7,jul,1.1556722700622741,OK,1991,2020,30,CHIRPS_v2,UCSB-CHG/CHIRPS/DAILY,1991-2020,IBGE_2024
5210109,Ipameri,GO,4382.863,7,jul,4.6460787120790865,OK,1991,2020,30,CHIRPS_v2,UCSB-CHG/CHIRPS/DAILY,1991-2020,IBGE_2024
5212956,Matrinchã,GO,1150.502,7,jul,1.901397342307877,OK,1991,2020,30,CHIRPS_v2,UCSB-CHG/CHIRPS/DAILY,1991-2020,IBGE_2024
5212204,Jussara,GO,4092.339,7,jul,2.092166861588403,OK,1991,2020,30,CHIRPS_v2,UCSB-CHG/CHIRPS/DAILY,1991-2020,IBGE_2024
5203807,Britânia,GO,1458.459,7,jul,2.088366510532825,OK,1991,2020,30,CHIRPS_v2,UCSB-CHG/CHIRPS/DAILY,1991-2020,IBGE_2024
5219258,Santa Fé de Goiás,GO,1164.186,7,jul,2.089757131828036,OK,1991,2020,30,CHIRPS_v2,UCSB-CHG/CHIRPS/DAILY,1991-2020,IBGE_2024
5211206,Itapuranga,GO,1281.404,7,jul,0.9819355786005729,OK,1991,2020,30,CHIRPS_v2,UCSB-CHG/CHIRPS/DAILY,1991-2020,IBGE_2024
5211008,Itapirapuã,GO,2047.873,7,jul,1.900085313767698,OK,1991,2020,30,CHIRPS_v2,UCSB-CHG/CHIRPS/DAILY,1991-2020,IBGE_2024
5202155,Araguapaz,GO,2188.1,7,jul,1.5245852919321297,OK,1991,2020,30,CHIRPS_v2,UCSB-CHG/CHIRPS/DAILY,1991-2020,IBGE_2024
5202502,Aruanã,GO,3054.773,7,jul,2.330403311108672,OK,1991,2020,30,CHIRPS_v2,UCSB-CHG/CHIRPS/DAILY,1991-2020,IBGE_2024
5209291,Guaraíta,GO,205.533,7,jul,1.0423568403547823,OK,1991,2020,30,CHIRPS_v2,UCSB-CHG/CHIRPS/DAILY,1991-2020,IBGE_2024
5208905,Goiás,GO,3108.423,7,jul,1.1219950856405843,OK,1991,2020,30,CHIRPS_v2,UCSB-CHG/CHIRPS/DAILY,1991-2020,IBGE_2024
5207535,Faina,GO,1949.685,7,jul,1.4948093005315568,OK,1991,2020,30,CHIRPS_v2,UCSB-CHG/CHIRPS/DAILY,1991-2020,IBGE_2024
5214838,Nova Crixás,GO,7308.682,7,jul,1.5460458558878858,OK,1991,2020,30,CHIRPS_v2,UCSB-CHG/CHIRPS/DAILY,1991-2020,IBGE_2024
5215207,Novo Brasil,GO,649.35,7,jul,1.5830187526821944,OK,1991,2020,30,CHIRPS_v2,UCSB-CHG/CHIRPS/DAILY,1991-2020,IBGE_2024
5213905,Mossâmedes,GO,684.882,7,jul,0.8994610618891689,OK,1991,2020,30,CHIRPS_v2,UCSB-CHG/CHIRPS/DAILY,1991-2020,IBGE_2024
5214002,Mozarlândia,GO,1738.516,7,jul,1.6412798704249525,OK,1991,2020,30,CHIRPS_v2,UCSB-CHG/CHIRPS/DAILY,1991-2020,IBGE_2024
5219209,Santa Cruz de Goiás,GO,1109.007,7,jul,3.6582947621699073,OK,1991,2020,30,CHIRPS_v2,UCSB-CHG/CHIRPS/DAILY,1991-2020,IBGE_2024
5217401,Pires do Rio,GO,1077.641,7,jul,4.21053715308585,OK,1991,2020,30,CHIRPS_v2,UCSB-CHG/CHIRPS/DAILY,1991-2020,IBGE_2024
5215306,Orizona,GO,1971.265,7,jul,2.7166367139903556,OK,1991,2020,30,CHIRPS_v2,UCSB-CHG/CHIRPS/DAILY,1991-2020,IBGE_2024
5215801,Palmelo,GO,59.809,7,jul,3.6201404580473815,OK,1991,2020,30,CHIRPS_v2,UCSB-CHG/CHIRPS/DAILY,1991-2020,IBGE_2024
5213806,Morrinhos,GO,2846.299,7,jul,5.111946296700817,OK,1991,2020,30,CHIRPS_v2,UCSB-CHG/CHIRPS/DAILY,1991-2020,IBGE_2024
5212600,Mairipotaba,GO,468.029,7,jul,2.0732900516180326,OK,1991,2020,30,CHIRPS_v2,UCSB-CHG/CHIRPS/DAILY,1991-2020,IBGE_2024
5218391,Professor Jamil,GO,356.292,7,jul,2.2739299449518797,OK,1991,2020,30,CHIRPS_v2,UCSB-CHG/CHIRPS/DAILY,1991-2020,IBGE_2024
5217708,Pontalina,GO,1434.289,7,jul,2.8812267716906432,OK,1991,2020,30,CHIRPS_v2,UCSB-CHG/CHIRPS/DAILY,1991-2020,IBGE_2024
5217104,Piracanjuba,GO,2374.232,7,jul,2.8706886404342207,OK,1991,2020,30,CHIRPS_v2,UCSB-CHG/CHIRPS/DAILY,1991-2020,IBGE_2024
5207352,Edealina,GO,598.218,7,jul,2.4140735169422256,OK,1991,2020,30,CHIRPS_v2,UCSB-CHG/CHIRPS/DAILY,1991-2020,IBGE_2024
5206305,Cristianópolis,GO,221.624,7,jul,2.889588054126354,OK,1991,2020,30,CHIRPS_v2,UCSB-CHG/CHIRPS/DAILY,1991-2020,IBGE_2024
5206503,Cromínia,GO,364.918,7,jul,2.100041392502557,OK,1991,2020,30,CHIRPS_v2,UCSB-CHG/CHIRPS/DAILY,1991-2020,IBGE_2024
5222054,Vicentinópolis,GO,733.794,7,jul,3.274648399067078,OK,1991,2020,30,CHIRPS_v2,UCSB-CHG/CHIRPS/DAILY,1991-2020,IBGE_2024
5221551,Turvelândia,GO,935.659,7,jul,4.947864164299025,OK,1991,2020,30,CHIRPS_v2,UCSB-CHG/CHIRPS/DAILY,1991-2020,IBGE_2024
5213756,Montividiu,GO,1869.581,7,jul,4.372052245538037,OK,1991,2020,30,CHIRPS_v2,UCSB-CHG/CHIRPS/DAILY,1991-2020,IBGE_2024
5219712,Santo Antônio da Barra,GO,450.336,7,jul,4.673160903098461,OK,1991,2020,30,CHIRPS_v2,UCSB-CHG/CHIRPS/DAILY,1991-2020,IBGE_2024
5219308,Santa Helena de Goiás,GO,1142.337,7,jul,6.860956649923374,OK,1991,2020,30,CHIRPS_v2,UCSB-CHG/CHIRPS/DAILY,1991-2020,IBGE_2024
5218805,Rio Verde,GO,8374.254,7,jul,6.53931729347159,OK,1991,2020,30,CHIRPS_v2,UCSB-CHG/CHIRPS/DAILY,1991-2020,IBGE_2024
5205471,Chapadão do Céu,GO,2184.077,7,jul,13.851079512338204,OK,1991,2020,30,CHIRPS_v2,UCSB-CHG/CHIRPS/DAILY,1991-2020,IBGE_2024
5213103,Mineiros,GO,9042.844,7,jul,7.818681333801511,OK,1991,2020,30,CHIRPS_v2,UCSB-CHG/CHIRPS/DAILY,1991-2020,IBGE_2024
5220504,Serranópolis,GO,5521.775,7,jul,10.518350181003449,OK,1991,2020,30,CHIRPS_v2,UCSB-CHG/CHIRPS/DAILY,1991-2020,IBGE_2024
5211909,Jataí,GO,7178.792,7,jul,6.728360544343587,OK,1991,2020,30,CHIRPS_v2,UCSB-CHG/CHIRPS/DAILY,1991-2020,IBGE_2024
5204409,Caiapônia,GO,8627.961,7,jul,3.339776378893568,OK,1991,2020,30,CHIRPS_v2,UCSB-CHG/CHIRPS/DAILY,1991-2020,IBGE_2024
5219407,Santa Rita do Araguaia,GO,1357.197,7,jul,5.765860150163653,OK,1991,2020,30,CHIRPS_v2,UCSB-CHG/CHIRPS/DAILY,1991-2020,IBGE_2024
5218102,Portelândia,GO,553.411,7,jul,4.303904642002187,OK,1991,2020,30,CHIRPS_v2,UCSB-CHG/CHIRPS/DAILY,1991-2020,IBGE_2024
5216452,Perolândia,GO,1033.657,7,jul,4.212444161320924,OK,1991,2020,30,CHIRPS_v2,UCSB-CHG/CHIRPS/DAILY,1991-2020,IBGE_2024
5207253,Doverlândia,GO,3227.558,7,jul,3.020366022824596,OK,1991,2020,30,CHIRPS_v2,UCSB-CHG/CHIRPS/DAILY,1991-2020,IBGE_2024
5205703,Córrego do Ouro,GO,458.077,7,jul,1.6081967177465832,OK,1991,2020,30,CHIRPS_v2,UCSB-CHG/CHIRPS/DAILY,1991-2020,IBGE_2024
5213400,Moiporá,GO,452.314,7,jul,1.8397484608297838,OK,1991,2020,30,CHIRPS_v2,UCSB-CHG/CHIRPS/DAILY,1991-2020,IBGE_2024
5204201,Cachoeira de Goiás,GO,424.49,7,jul,1.9381369878140366,OK,1991,2020,30,CHIRPS_v2,UCSB-CHG/CHIRPS/DAILY,1991-2020,IBGE_2024
5220108,São Luís de Montes Belos,GO,829.62,7,jul,1.3623551113136751,OK,1991,2020,30,CHIRPS_v2,UCSB-CHG/CHIRPS/DAILY,1991-2020,IBGE_2024
5203939,Buriti de Goiás,GO,202.576,7,jul,1.2902893729250224,OK,1991,2020,30,CHIRPS_v2,UCSB-CHG/CHIRPS/DAILY,1991-2020,IBGE_2024
5211602,Ivolândia,GO,1260.841,7,jul,2.512323021401029,OK,1991,2020,30,CHIRPS_v2,UCSB-CHG/CHIRPS/DAILY,1991-2020,IBGE_2024
5219001,Sanclerlândia,GO,509.402,7,jul,1.2697883327390307,OK,1991,2020,30,CHIRPS_v2,UCSB-CHG/CHIRPS/DAILY,1991-2020,IBGE_2024
5202601,Aurilândia,GO,565.514,7,jul,1.6760438637961435,OK,1991,2020,30,CHIRPS_v2,UCSB-CHG/CHIRPS/DAILY,1991-2020,IBGE_2024
5207600,Fazenda Nova,GO,1279.107,7,jul,1.8107693071309694,OK,1991,2020,30,CHIRPS_v2,UCSB-CHG/CHIRPS/DAILY,1991-2020,IBGE_2024
5213707,Montes Claros de Goiás,GO,2900.397,7,jul,3.0905989764735415,OK,1991,2020,30,CHIRPS_v2,UCSB-CHG/CHIRPS/DAILY,1991-2020,IBGE_2024
5212006,Jaupaci,GO,528.783,7,jul,1.8525651588756185,OK,1991,2020,30,CHIRPS_v2,UCSB-CHG/CHIRPS/DAILY,1991-2020,IBGE_2024
5203104,Baliza,GO,1780.173,7,jul,3.729716071623394,OK,1991,2020,30,CHIRPS_v2,UCSB-CHG/CHIRPS/DAILY,1991-2020,IBGE_2024
5203401,Bom Jardim de Goiás,GO,1901.141,7,jul,4.413974505950626,OK,1991,2020,30,CHIRPS_v2,UCSB-CHG/CHIRPS/DAILY,1991-2020,IBGE_2024
5210208,Iporá,GO,1027.249,7,jul,2.4439001920886314,OK,1991,2020,30,CHIRPS_v2,UCSB-CHG/CHIRPS/DAILY,1991-2020,IBGE_2024
5210307,Israelândia,GO,579.19,7,jul,1.8275972049022915,OK,1991,2020,30,CHIRPS_v2,UCSB-CHG/CHIRPS/DAILY,1991-2020,IBGE_2024
5202353,Arenópolis,GO,1075.535,7,jul,3.3226731123798174,OK,1991,2020,30,CHIRPS_v2,UCSB-CHG/CHIRPS/DAILY,1991-2020,IBGE_2024
5201702,Aragarças,GO,661.673,7,jul,4.117617776207244,OK,1991,2020,30,CHIRPS_v2,UCSB-CHG/CHIRPS/DAILY,1991-2020,IBGE_2024
5200902,Amorinópolis,GO,406.93,7,jul,2.568788431210644,OK,1991,2020,30,CHIRPS_v2,UCSB-CHG/CHIRPS/DAILY,1991-2020,IBGE_2024
5217203,Piranhas,GO,2045.088,7,jul,4.3441922477641866,OK,1991,2020,30,CHIRPS_v2,UCSB-CHG/CHIRPS/DAILY,1991-2020,IBGE_2024
5215652,Palestina de Goiás,GO,1318.047,7,jul,3.0303381797024604,OK,1991,2020,30,CHIRPS_v2,UCSB-CHG/CHIRPS/DAILY,1991-2020,IBGE_2024
5207105,Diorama,GO,685.382,7,jul,3.0538266639212415,OK,1991,2020,30,CHIRPS_v2,UCSB-CHG/CHIRPS/DAILY,1991-2020,IBGE_2024
5221502,Turvânia,GO,482.317,7,jul,1.4726768081872688,OK,1991,2020,30,CHIRPS_v2,UCSB-CHG/CHIRPS/DAILY,1991-2020,IBGE_2024
5205455,Cezarina,GO,417.08,7,jul,2.3358475406631025,OK,1991,2020,30,CHIRPS_v2,UCSB-CHG/CHIRPS/DAILY,1991-2020,IBGE_2024
5204607,Campestre de Goiás,GO,272.734,7,jul,2.243105963475783,OK,1991,2020,30,CHIRPS_v2,UCSB-CHG/CHIRPS/DAILY,1991-2020,IBGE_2024
5220058,São João da Paraúna,GO,286.979,7,jul,1.85743536635944,OK,1991,2020,30,CHIRPS_v2,UCSB-CHG/CHIRPS/DAILY,1991-2020,IBGE_2024
5211701,Jandaia,GO,863.087,7,jul,2.1124925554972336,OK,1991,2020,30,CHIRPS_v2,UCSB-CHG/CHIRPS/DAILY,1991-2020,IBGE_2024
5219100,Santa Bárbara de Goiás,GO,140.957,7,jul,1.7791969321601904,OK,1991,2020,30,CHIRPS_v2,UCSB-CHG/CHIRPS/DAILY,1991-2020,IBGE_2024
5209952,Indiara,GO,955.419,7,jul,2.3554283314353333,OK,1991,2020,30,CHIRPS_v2,UCSB-CHG/CHIRPS/DAILY,1991-2020,IBGE_2024
5200134,Acreúna,GO,1566.742,7,jul,3.1561846191541068,OK,1991,2020,30,CHIRPS_v2,UCSB-CHG/CHIRPS/DAILY,1991-2020,IBGE_2024
5216403,Paraúna,GO,3786.578,7,jul,2.400686065390798,OK,1991,2020,30,CHIRPS_v2,UCSB-CHG/CHIRPS/DAILY,1991-2020,IBGE_2024
5207808,Firminópolis,GO,422.34,7,jul,1.5276832102145494,OK,1991,2020,30,CHIRPS_v2,UCSB-CHG/CHIRPS/DAILY,1991-2020,IBGE_2024
5215900,Palminópolis,GO,393.326,7,jul,3.2043622361868835,OK,1991,2020,30,CHIRPS_v2,UCSB-CHG/CHIRPS/DAILY,1991-2020,IBGE_2024
5215702,Palmeiras de Goiás,GO,1537.199,7,jul,2.22732132731062,OK,1991,2020,30,CHIRPS_v2,UCSB-CHG/CHIRPS/DAILY,1991-2020,IBGE_2024
5207402,Edéia,GO,1469.099,7,jul,2.758091400578476,OK,1991,2020,30,CHIRPS_v2,UCSB-CHG/CHIRPS/DAILY,1991-2020,IBGE_2024
5214408,Nazário,GO,281.144,7,jul,1.6641177418944693,OK,1991,2020,30,CHIRPS_v2,UCSB-CHG/CHIRPS/DAILY,1991-2020,IBGE_2024
5214051,Mundo Novo,GO,2141.534,7,jul,1.0431051540854828,OK,1991,2020,30,CHIRPS_v2,UCSB-CHG/CHIRPS/DAILY,1991-2020,IBGE_2024
5214101,Mutunópolis,GO,955.069,7,jul,1.6133596520655602,OK,1991,2020,30,CHIRPS_v2,UCSB-CHG/CHIRPS/DAILY,1991-2020,IBGE_2024
5221452,Trombas,GO,802.905,7,jul,0.49867217099946837,OK,1991,2020,30,CHIRPS_v2,UCSB-CHG/CHIRPS/DAILY,1991-2020,IBGE_2024
5204656,Campinaçu,GO,1978.386,7,jul,0.7635812078361334,OK,1991,2020,30,CHIRPS_v2,UCSB-CHG/CHIRPS/DAILY,1991-2020,IBGE_2024
5213087,Minaçu,GO,2854.137,7,jul,0.533721217696003,OK,1991,2020,30,CHIRPS_v2,UCSB-CHG/CHIRPS/DAILY,1991-2020,IBGE_2024
5203575,Bonópolis,GO,1635.319,7,jul,1.8058275018143601,OK,1991,2020,30,CHIRPS_v2,UCSB-CHG/CHIRPS/DAILY,1991-2020,IBGE_2024
5220207,São Miguel do Araguaia,GO,6150.179,7,jul,1.634943011091295,OK,1991,2020,30,CHIRPS_v2,UCSB-CHG/CHIRPS/DAILY,1991-2020,IBGE_2024
5219605,Santa Tereza de Goiás,GO,789.544,7,jul,1.0477490744439504,OK,1991,2020,30,CHIRPS_v2,UCSB-CHG/CHIRPS/DAILY,1991-2020,IBGE_2024
5218003,Porangatu,GO,4825.287,7,jul,0.9788215429707287,OK,1991,2020,30,CHIRPS_v2,UCSB-CHG/CHIRPS/DAILY,1991-2020,IBGE_2024
5208103,Formoso,GO,843.42,7,jul,1.0370597220467077,OK,1991,2020,30,CHIRPS_v2,UCSB-CHG/CHIRPS/DAILY,1991-2020,IBGE_2024
5207501,Estrela do Norte,GO,301.139,7,jul,1.501631328519624,OK,1991,2020,30,CHIRPS_v2,UCSB-CHG/CHIRPS/DAILY,1991-2020,IBGE_2024
5215256,Novo Planalto,GO,1254.491,7,jul,1.551973001252214,OK,1991,2020,30,CHIRPS_v2,UCSB-CHG/CHIRPS/DAILY,1991-2020,IBGE_2024
5213772,Montividiu do Norte,GO,1337.232,7,jul,0.505288196238959,OK,1991,2020,30,CHIRPS_v2,UCSB-CHG/CHIRPS/DAILY,1991-2020,IBGE_2024
5221601,Uruaçu,GO,2142.498,7,jul,0.7140469192308346,OK,1991,2020,30,CHIRPS_v2,UCSB-CHG/CHIRPS/DAILY,1991-2020,IBGE_2024
5205521,Colinas do Sul,GO,1707.52,7,jul,0.6102370251151173,OK,1991,2020,30,CHIRPS_v2,UCSB-CHG/CHIRPS/DAILY,1991-2020,IBGE_2024
5204706,Campinorte,GO,1064.527,7,jul,0.7272688894168287,OK,1991,2020,30,CHIRPS_v2,UCSB-CHG/CHIRPS/DAILY,1991-2020,IBGE_2024
5212808,Mara Rosa,GO,1695.463,7,jul,1.1177932836324889,OK,1991,2020,30,CHIRPS_v2,UCSB-CHG/CHIRPS/DAILY,1991-2020,IBGE_2024
5220157,São Luiz do Norte,GO,583.832,7,jul,1.0985100407340473,OK,1991,2020,30,CHIRPS_v2,UCSB-CHG/CHIRPS/DAILY,1991-2020,IBGE_2024
5209804,Hidrolina,GO,583.756,7,jul,0.9103851224368998,OK,1991,2020,30,CHIRPS_v2,UCSB-CHG/CHIRPS/DAILY,1991-2020,IBGE_2024
5200555,Alto Horizonte,GO,500.342,7,jul,0.7209824122069668,OK,1991,2020,30,CHIRPS_v2,UCSB-CHG/CHIRPS/DAILY,1991-2020,IBGE_2024
5200829,Amaralina,GO,1343.742,7,jul,1.657018021334416,OK,1991,2020,30,CHIRPS_v2,UCSB-CHG/CHIRPS/DAILY,1991-2020,IBGE_2024
5214879,Nova Iguaçu de Goiás,GO,625.625,7,jul,0.7454895154387692,OK,1991,2020,30,CHIRPS_v2,UCSB-CHG/CHIRPS/DAILY,1991-2020,IBGE_2024
5214606,Niquelândia,GO,9846.293,7,jul,0.9170367664155329,OK,1991,2020,30,CHIRPS_v2,UCSB-CHG/CHIRPS/DAILY,1991-2020,IBGE_2024
5213855,Morro Agudo de Goiás,GO,282.333,7,jul,1.114956498182652,OK,1991,2020,30,CHIRPS_v2,UCSB-CHG/CHIRPS/DAILY,1991-2020,IBGE_2024
5222302,Vila Propício,GO,2181.593,7,jul,1.5493342083529484,OK,1991,2020,30,CHIRPS_v2,UCSB-CHG/CHIRPS/DAILY,1991-2020,IBGE_2024
5221577,Uirapuru,GO,1154.305,7,jul,0.7473712221987355,OK,1991,2020,30,CHIRPS_v2,UCSB-CHG/CHIRPS/DAILY,1991-2020,IBGE_2024
5221700,Uruana,GO,522.904,7,jul,1.1210162209239436,OK,1991,2020,30,CHIRPS_v2,UCSB-CHG/CHIRPS/DAILY,1991-2020,IBGE_2024
5205406,Ceres,GO,213.07,7,jul,1.1267281080952678,OK,1991,2020,30,CHIRPS_v2,UCSB-CHG/CHIRPS/DAILY,1991-2020,IBGE_2024
5204953,Campos Verdes,GO,443.125,7,jul,0.6284529178764652,OK,1991,2020,30,CHIRPS_v2,UCSB-CHG/CHIRPS/DAILY,1991-2020,IBGE_2024
5205000,Carmo do Rio Verde,GO,419.821,7,jul,1.1558155677665671,OK,1991,2020,30,CHIRPS_v2,UCSB-CHG/CHIRPS/DAILY,1991-2020,IBGE_2024
5220280,São Patrício,GO,172.763,7,jul,1.189046846985857,OK,1991,2020,30,CHIRPS_v2,UCSB-CHG/CHIRPS/DAILY,1991-2020,IBGE_2024
5219456,Santa Rita do Novo Destino,GO,970.448,7,jul,0.8938514224421349,OK,1991,2020,30,CHIRPS_v2,UCSB-CHG/CHIRPS/DAILY,1991-2020,IBGE_2024
5203203,Barro Alto,GO,1080.268,7,jul,0.781426412344846,OK,1991,2020,30,CHIRPS_v2,UCSB-CHG/CHIRPS/DAILY,1991-2020,IBGE_2024
5219704,Santa Terezinha de Goiás,GO,1206.601,7,jul,0.6818482373923295,OK,1991,2020,30,CHIRPS_v2,UCSB-CHG/CHIRPS/DAILY,1991-2020,IBGE_2024
5218904,Rubiataba,GO,750.659,7,jul,1.1003136171802497,OK,1991,2020,30,CHIRPS_v2,UCSB-CHG/CHIRPS/DAILY,1991-2020,IBGE_2024
5210901,Itapaci,GO,952.998,7,jul,1.098045772289055,OK,1991,2020,30,CHIRPS_v2,UCSB-CHG/CHIRPS/DAILY,1991-2020,IBGE_2024
5219357,Santa Isabel,GO,812.756,7,jul,1.2598575346860073,OK,1991,2020,30,CHIRPS_v2,UCSB-CHG/CHIRPS/DAILY,1991-2020,IBGE_2024
5218607,Rialma,GO,268.291,7,jul,1.088260643266969,OK,1991,2020,30,CHIRPS_v2,UCSB-CHG/CHIRPS/DAILY,1991-2020,IBGE_2024
5218706,Rianápolis,GO,157.379,7,jul,1.5004305445239996,OK,1991,2020,30,CHIRPS_v2,UCSB-CHG/CHIRPS/DAILY,1991-2020,IBGE_2024
5210158,Ipiranga de Goiás,GO,244.209,7,jul,1.1359370327399352,OK,1991,2020,30,CHIRPS_v2,UCSB-CHG/CHIRPS/DAILY,1991-2020,IBGE_2024
5209457,Guarinos,GO,593.188,7,jul,0.6908043241084424,OK,1991,2020,30,CHIRPS_v2,UCSB-CHG/CHIRPS/DAILY,1991-2020,IBGE_2024
5216908,Pilar de Goiás,GO,906.047,7,jul,0.7448070451972463,OK,1991,2020,30,CHIRPS_v2,UCSB-CHG/CHIRPS/DAILY,1991-2020,IBGE_2024
5208608,Goianésia,GO,1547.319,7,jul,1.6239626529157418,OK,1991,2020,30,CHIRPS_v2,UCSB-CHG/CHIRPS/DAILY,1991-2020,IBGE_2024
5214861,Nova Glória,GO,411.753,7,jul,1.2295498979697195,OK,1991,2020,30,CHIRPS_v2,UCSB-CHG/CHIRPS/DAILY,1991-2020,IBGE_2024
5214705,Nova América,GO,209.432,7,jul,1.1398697260676998,OK,1991,2020,30,CHIRPS_v2,UCSB-CHG/CHIRPS/DAILY,1991-2020,IBGE_2024
5206404,Crixás,GO,4673.037,7,jul,0.9653516313389222,OK,1991,2020,30,CHIRPS_v2,UCSB-CHG/CHIRPS/DAILY,1991-2020,IBGE_2024
5221858,Valparaíso de Goiás,GO,61.488,7,jul,0.8131431945309624,OK,1991,2020,30,CHIRPS_v2,UCSB-CHG/CHIRPS/DAILY,1991-2020,IBGE_2024
5205497,Cidade Ocidental,GO,389.985,7,jul,0.6335531754877688,OK,1991,2020,30,CHIRPS_v2,UCSB-CHG/CHIRPS/DAILY,1991-2020,IBGE_2024
5212501,Luziânia,GO,3962.107,7,jul,0.8416725210749646,OK,1991,2020,30,CHIRPS_v2,UCSB-CHG/CHIRPS/DAILY,1991-2020,IBGE_2024
5219753,Santo Antônio do Descoberto,GO,943.948,7,jul,1.0699449874108333,OK,1991,2020,30,CHIRPS_v2,UCSB-CHG/CHIRPS/DAILY,1991-2020,IBGE_2024
5215231,Novo Gama,GO,192.285,7,jul,0.7893894611797417,OK,1991,2020,30,CHIRPS_v2,UCSB-CHG/CHIRPS/DAILY,1991-2020,IBGE_2024
5206206,Cristalina,GO,6153.921,7,jul,1.1279829982040608,OK,1991,2020,30,CHIRPS_v2,UCSB-CHG/CHIRPS/DAILY,1991-2020,IBGE_2024
5205513,Cocalzinho de Goiás,GO,1785.339,7,jul,1.9791749446376095,OK,1991,2020,30,CHIRPS_v2,UCSB-CHG/CHIRPS/DAILY,1991-2020,IBGE_2024
5213053,Mimoso de Goiás,GO,1380.701,7,jul,1.2273307104338622,OK,1991,2020,30,CHIRPS_v2,UCSB-CHG/CHIRPS/DAILY,1991-2020,IBGE_2024
5204003,Cabeceiras,GO,1126.434,7,jul,2.9177453180750046,OK,1991,2020,30,CHIRPS_v2,UCSB-CHG/CHIRPS/DAILY,1991-2020,IBGE_2024
5217609,Planaltina,GO,2558.922,7,jul,1.2095055355129303,OK,1991,2020,30,CHIRPS_v2,UCSB-CHG/CHIRPS/DAILY,1991-2020,IBGE_2024
5200258,Águas Lindas de Goiás,GO,191.817,7,jul,1.2582119468461623,OK,1991,2020,30,CHIRPS_v2,UCSB-CHG/CHIRPS/DAILY,1991-2020,IBGE_2024
5208004,Formosa,GO,5804.292,7,jul,1.224456807430919,OK,1991,2020,30,CHIRPS_v2,UCSB-CHG/CHIRPS/DAILY,1991-2020,IBGE_2024
5215603,Padre Bernardo,GO,3142.615,7,jul,1.3110198465865641,OK,1991,2020,30,CHIRPS_v2,UCSB-CHG/CHIRPS/DAILY,1991-2020,IBGE_2024
5213509,Monte Alegre de Goiás,GO,3119.86,7,jul,0.35005042118211144,OK,1991,2020,30,CHIRPS_v2,UCSB-CHG/CHIRPS/DAILY,1991-2020,IBGE_2024
5204904,Campos Belos,GO,735.128,7,jul,0.39314626778122486,OK,1991,2020,30,CHIRPS_v2,UCSB-CHG/CHIRPS/DAILY,1991-2020,IBGE_2024
5212709,Mambaí,GO,858.27,7,jul,0.44911923149364236,OK,1991,2020,30,CHIRPS_v2,UCSB-CHG/CHIRPS/DAILY,1991-2020,IBGE_2024
5220702,Sítio d'Abadia,GO,1611.851,7,jul,0.39869517895593215,OK,1991,2020,30,CHIRPS_v2,UCSB-CHG/CHIRPS/DAILY,1991-2020,IBGE_2024
5220686,Simolândia,GO,346.811,7,jul,0.5108677355287952,OK,1991,2020,30,CHIRPS_v2,UCSB-CHG/CHIRPS/DAILY,1991-2020,IBGE_2024
5203962,Buritinópolis,GO,246.075,7,jul,0.5050194697863978,OK,1991,2020,30,CHIRPS_v2,UCSB-CHG/CHIRPS/DAILY,1991-2020,IBGE_2024
5219803,São Domingos,GO,3335.999,7,jul,0.35532477340183244,OK,1991,2020,30,CHIRPS_v2,UCSB-CHG/CHIRPS/DAILY,1991-2020,IBGE_2024
5209903,Iaciara,GO,1547.183,7,jul,0.48048828324247644,OK,1991,2020,30,CHIRPS_v2,UCSB-CHG/CHIRPS/DAILY,1991-2020,IBGE_2024
5218300,Posse,GO,2076.99,7,jul,0.5254089305543768,OK,1991,2020,30,CHIRPS_v2,UCSB-CHG/CHIRPS/DAILY,1991-2020,IBGE_2024
5209408,Guarani de Goiás,GO,1221.054,7,jul,0.4064833347626597,OK,1991,2020,30,CHIRPS_v2,UCSB-CHG/CHIRPS/DAILY,1991-2020,IBGE_2024
5200803,Alvorada do Norte,GO,1268.347,7,jul,0.5439360567994375,OK,1991,2020,30,CHIRPS_v2,UCSB-CHG/CHIRPS/DAILY,1991-2020,IBGE_2024
5208301,Divinópolis de Goiás,GO,828.874,7,jul,0.36616949149472866,OK,1991,2020,30,CHIRPS_v2,UCSB-CHG/CHIRPS/DAILY,1991-2020,IBGE_2024
5214903,Nova Roma,GO,2136.725,7,jul,0.5344123042686696,OK,1991,2020,30,CHIRPS_v2,UCSB-CHG/CHIRPS/DAILY,1991-2020,IBGE_2024
5206701,Damianópolis,GO,417.625,7,jul,0.5133139154757795,OK,1991,2020,30,CHIRPS_v2,UCSB-CHG/CHIRPS/DAILY,1991-2020,IBGE_2024
5205307,Cavalcante,GO,6948.78,7,jul,0.5224747035424929,OK,1991,2020,30,CHIRPS_v2,UCSB-CHG/CHIRPS/DAILY,1991-2020,IBGE_2024
5221080,Teresina de Goiás,GO,784.793,7,jul,0.47711371094448696,OK,1991,2020,30,CHIRPS_v2,UCSB-CHG/CHIRPS/DAILY,1991-2020,IBGE_2024
5220009,São João d'Aliança,GO,3334.455,7,jul,0.6376320137715893,OK,1991,2020,30,CHIRPS_v2,UCSB-CHG/CHIRPS/DAILY,1991-2020,IBGE_2024
5200605,Alto Paraíso de Goiás,GO,2594.998,7,jul,0.6063704077678073,OK,1991,2020,30,CHIRPS_v2,UCSB-CHG/CHIRPS/DAILY,1991-2020,IBGE_2024
5200175,Água Fria de Goiás,GO,2023.636,7,jul,1.1649831211605906,OK,1991,2020,30,CHIRPS_v2,UCSB-CHG/CHIRPS/DAILY,1991-2020,IBGE_2024
5207907,Flores de Goiás,GO,3695.106,7,jul,0.6282575435246153,OK,1991,2020,30,CHIRPS_v2,UCSB-CHG/CHIRPS/DAILY,1991-2020,IBGE_2024
5222203,Vila Boa,GO,1052.593,7,jul,0.8807057426637283,OK,1991,2020,30,CHIRPS_v2,UCSB-CHG/CHIRPS/DAILY,1991-2020,IBGE_2024
5300108,Brasília,DF,5760.785,7,jul,1.9207481212178579,OK,1991,2020,30,CHIRPS_v2,UCSB-CHG/CHIRPS/DAILY,1991-2020,IBGE_2024
4300001,"Área Operacional ""Lagoa Mirim""",RS,2884.34,7,jul,107.53070428225847,OK,1991,2020,30,CHIRPS_v2,UCSB-CHG/CHIRPS/DAILY,1991-2020,IBGE_2024
4300002,"Área Operacional ""Lagoa dos Patos""",RS,10199.391,7,jul,119.22689020161374,OK,1991,2020,30,CHIRPS_v2,UCSB-CHG/CHIRPS/DAILY,1991-2020,IBGE_2024
3169356,Três Marias,MG,2678.254,7,jul,6.912386081963265,OK,1991,2020,30,CHIRPS_v2,UCSB-CHG/CHIRPS/DAILY,1991-2020,IBGE_2024
3125705,Felixlândia,MG,1554.627,7,jul,7.415900053698587,OK,1991,2020,30,CHIRPS_v2,UCSB-CHG/CHIRPS/DAILY,1991-2020,IBGE_2024
3129608,Ibiaí,MG,874.76,7,jul,0.6643247149637654,OK,1991,2020,30,CHIRPS_v2,UCSB-CHG/CHIRPS/DAILY,1991-2020,IBGE_2024
3138104,Lassance,MG,3204.217,7,jul,2.6236491483605535,OK,1991,2020,30,CHIRPS_v2,UCSB-CHG/CHIRPS/DAILY,1991-2020,IBGE_2024
3170800,Várzea da Palma,MG,2220.279,7,jul,1.3139117619881873,OK,1991,2020,30,CHIRPS_v2,UCSB-CHG/CHIRPS/DAILY,1991-2020,IBGE_2024
3152131,Ponto Chique,MG,602.799,7,jul,0.7417091518853224,OK,1991,2020,30,CHIRPS_v2,UCSB-CHG/CHIRPS/DAILY,1991-2020,IBGE_2024
3109402,Buritizeiro,MG,7218.401,7,jul,2.2659239494452423,OK,1991,2020,30,CHIRPS_v2,UCSB-CHG/CHIRPS/DAILY,1991-2020,IBGE_2024
3170701,Varginha,MG,395.396,7,jul,13.680603803467564,OK,1991,2020,30,CHIRPS_v2,UCSB-CHG/CHIRPS/DAILY,1991-2020,IBGE_2024
3162005,São Gonçalo do Sapucaí,MG,516.683,7,jul,17.134295151637122,OK,1991,2020,30,CHIRPS_v2,UCSB-CHG/CHIRPS/DAILY,1991-2020,IBGE_2024
3119005,Cordislândia,MG,179.543,7,jul,17.444360902378378,OK,1991,2020,30,CHIRPS_v2,UCSB-CHG/CHIRPS/DAILY,1991-2020,IBGE_2024
3142601,Monsenhor Paulo,MG,216.54,7,jul,14.653638175619358,OK,1991,2020,30,CHIRPS_v2,UCSB-CHG/CHIRPS/DAILY,1991-2020,IBGE_2024
3123601,Elói Mendes,MG,499.537,7,jul,16.048016886820264,OK,1991,2020,30,CHIRPS_v2,UCSB-CHG/CHIRPS/DAILY,1991-2020,IBGE_2024
3126307,Fortaleza de Minas,MG,218.792,7,jul,11.833546402069516,OK,1991,2020,30,CHIRPS_v2,UCSB-CHG/CHIRPS/DAILY,1991-2020,IBGE_2024
3116407,Claraval,MG,227.627,7,jul,13.488273100528257,OK,1991,2020,30,CHIRPS_v2,UCSB-CHG/CHIRPS/DAILY,1991-2020,IBGE_2024
3147907,Passos,MG,1338.07,7,jul,11.931619343794168,OK,1991,2020,30,CHIRPS_v2,UCSB-CHG/CHIRPS/DAILY,1991-2020,IBGE_2024
3162203,São João Batista do Glória,MG,547.908,7,jul,11.514567181588017,OK,1991,2020,30,CHIRPS_v2,UCSB-CHG/CHIRPS/DAILY,1991-2020,IBGE_2024
3129707,Ibiraci,MG,562.095,7,jul,13.522932382372026,OK,1991,2020,30,CHIRPS_v2,UCSB-CHG/CHIRPS/DAILY,1991-2020,IBGE_2024
3121209,Delfinópolis,MG,1378.423,7,jul,12.804344532984521,OK,1991,2020,30,CHIRPS_v2,UCSB-CHG/CHIRPS/DAILY,1991-2020,IBGE_2024
3112406,Capetinga,MG,297.937,7,jul,11.992396552724275,OK,1991,2020,30,CHIRPS_v2,UCSB-CHG/CHIRPS/DAILY,1991-2020,IBGE_2024
3128105,Guapé,MG,934.345,7,jul,15.151398798834975,OK,1991,2020,30,CHIRPS_v2,UCSB-CHG/CHIRPS/DAILY,1991-2020,IBGE_2024
3152907,Pratápolis,MG,215.516,7,jul,11.23898661429028,OK,1991,2020,30,CHIRPS_v2,UCSB-CHG/CHIRPS/DAILY,1991-2020,IBGE_2024
3101904,Alpinópolis,MG,460.685,7,jul,13.894722562544876,OK,1991,2020,30,CHIRPS_v2,UCSB-CHG/CHIRPS/DAILY,1991-2020,IBGE_2024
3133758,Itaú de Minas,MG,153.421,7,jul,11.56905687728172,OK,1991,2020,30,CHIRPS_v2,UCSB-CHG/CHIRPS/DAILY,1991-2020,IBGE_2024
3107604,Bom Jesus da Penha,MG,208.349,7,jul,12.965480452467974,OK,1991,2020,30,CHIRPS_v2,UCSB-CHG/CHIRPS/DAILY,1991-2020,IBGE_2024
3115102,Cássia,MG,665.802,7,jul,13.061075611575292,OK,1991,2020,30,CHIRPS_v2,UCSB-CHG/CHIRPS/DAILY,1991-2020,IBGE_2024
3162948,São José da Barra,MG,308.319,7,jul,13.912413911243132,OK,1991,2020,30,CHIRPS_v2,UCSB-CHG/CHIRPS/DAILY,1991-2020,IBGE_2024
3114402,Carmo do Rio Claro,MG,1065.685,7,jul,15.590811535257659,OK,1991,2020,30,CHIRPS_v2,UCSB-CHG/CHIRPS/DAILY,1991-2020,IBGE_2024
3104304,Areado,MG,283.124,7,jul,15.157797862634872,OK,1991,2020,30,CHIRPS_v2,UCSB-CHG/CHIRPS/DAILY,1991-2020,IBGE_2024
3111606,Campos Gerais,MG,769.504,7,jul,15.527738849969332,OK,1991,2020,30,CHIRPS_v2,UCSB-CHG/CHIRPS/DAILY,1991-2020,IBGE_2024
3111309,Campo do Meio,MG,275.426,7,jul,17.07225717015987,OK,1991,2020,30,CHIRPS_v2,UCSB-CHG/CHIRPS/DAILY,1991-2020,IBGE_2024
3151701,Poço Fundo,MG,474.244,7,jul,16.375294058131384,OK,1991,2020,30,CHIRPS_v2,UCSB-CHG/CHIRPS/DAILY,1991-2020,IBGE_2024
3102001,Alterosa,MG,362.01,7,jul,15.089712074232441,OK,1991,2020,30,CHIRPS_v2,UCSB-CHG/CHIRPS/DAILY,1991-2020,IBGE_2024
3166907,Serrania,MG,209.27,7,jul,16.0668763013642,OK,1991,2020,30,CHIRPS_v2,UCSB-CHG/CHIRPS/DAILY,1991-2020,IBGE_2024
3101607,Alfenas,MG,850.446,7,jul,16.378822781622816,OK,1991,2020,30,CHIRPS_v2,UCSB-CHG/CHIRPS/DAILY,1991-2020,IBGE_2024
3125200,Fama,MG,86.024,7,jul,17.094255831649427,OK,1991,2020,30,CHIRPS_v2,UCSB-CHG/CHIRPS/DAILY,1991-2020,IBGE_2024
3117108,Conceição da Aparecida,MG,352.521,7,jul,14.77618980769562,OK,1991,2020,30,CHIRPS_v2,UCSB-CHG/CHIRPS/DAILY,1991-2020,IBGE_2024
3114709,Carvalhópolis,MG,81.101,7,jul,20.11581181531615,OK,1991,2020,30,CHIRPS_v2,UCSB-CHG/CHIRPS/DAILY,1991-2020,IBGE_2024
3122405,Divisa Nova,MG,216.955,7,jul,15.557932201065404,OK,1991,2020,30,CHIRPS_v2,UCSB-CHG/CHIRPS/DAILY,1991-2020,IBGE_2024
3147204,Paraguaçu,MG,424.296,7,jul,17.992771595990376,OK,1991,2020,30,CHIRPS_v2,UCSB-CHG/CHIRPS/DAILY,1991-2020,IBGE_2024
3139003,Machado,MG,585.958,7,jul,20.322892679103944,OK,1991,2020,30,CHIRPS_v2,UCSB-CHG/CHIRPS/DAILY,1991-2020,IBGE_2024
3154705,Ribeirão Vermelho,MG,49.251,7,jul,11.535511484796295,OK,1991,2020,30,CHIRPS_v2,UCSB-CHG/CHIRPS/DAILY,1991-2020,IBGE_2024
3138203,Lavras,MG,564.744,7,jul,12.379455649853801,OK,1991,2020,30,CHIRPS_v2,UCSB-CHG/CHIRPS/DAILY,1991-2020,IBGE_2024
3144607,Nepomuceno,MG,582.553,7,jul,11.847604606716168,OK,1991,2020,30,CHIRPS_v2,UCSB-CHG/CHIRPS/DAILY,1991-2020,IBGE_2024
3111903,Cana Verde,MG,212.721,7,jul,11.925511756601347,OK,1991,2020,30,CHIRPS_v2,UCSB-CHG/CHIRPS/DAILY,1991-2020,IBGE_2024
3159902,Santo Antônio do Amparo,MG,488.885,7,jul,9.781168497943407,OK,1991,2020,30,CHIRPS_v2,UCSB-CHG/CHIRPS/DAILY,1991-2020,IBGE_2024
3149903,Perdões,MG,270.657,7,jul,11.389307487458405,OK,1991,2020,30,CHIRPS_v2,UCSB-CHG/CHIRPS/DAILY,1991-2020,IBGE_2024
3136900,Juruaia,MG,220.353,7,jul,13.629550728458367,OK,1991,2020,30,CHIRPS_v2,UCSB-CHG/CHIRPS/DAILY,1991-2020,IBGE_2024
3128709,Guaxupé,MG,286.398,7,jul,12.803542225802737,OK,1991,2020,30,CHIRPS_v2,UCSB-CHG/CHIRPS/DAILY,1991-2020,IBGE_2024
3145109,Nova Resende,MG,390.152,7,jul,13.976629587577413,OK,1991,2020,30,CHIRPS_v2,UCSB-CHG/CHIRPS/DAILY,1991-2020,IBGE_2024
3104106,Arceburgo,MG,162.875,7,jul,13.762664292375934,OK,1991,2020,30,CHIRPS_v2,UCSB-CHG/CHIRPS/DAILY,1991-2020,IBGE_2024
3128303,Guaranésia,MG,294.828,7,jul,12.914137464271821,OK,1991,2020,30,CHIRPS_v2,UCSB-CHG/CHIRPS/DAILY,1991-2020,IBGE_2024
3144102,Muzambinho,MG,409.948,7,jul,13.099771128882171,OK,1991,2020,30,CHIRPS_v2,UCSB-CHG/CHIRPS/DAILY,1991-2020,IBGE_2024
3143005,Monte Belo,MG,421.283,7,jul,14.434146639609905,OK,1991,2020,30,CHIRPS_v2,UCSB-CHG/CHIRPS/DAILY,1991-2020,IBGE_2024
3109501,Cabo Verde,MG,368.206,7,jul,14.271172595645266,OK,1991,2020,30,CHIRPS_v2,UCSB-CHG/CHIRPS/DAILY,1991-2020,IBGE_2024
3163904,São Pedro da União,MG,260.827,7,jul,12.492083507321741,OK,1991,2020,30,CHIRPS_v2,UCSB-CHG/CHIRPS/DAILY,1991-2020,IBGE_2024
3113909,Carmo da Cachoeira,MG,506.333,7,jul,11.700061066304654,OK,1991,2020,30,CHIRPS_v2,UCSB-CHG/CHIRPS/DAILY,1991-2020,IBGE_2024
3160801,São Bento Abade,MG,80.403,7,jul,11.771887794845886,OK,1991,2020,30,CHIRPS_v2,UCSB-CHG/CHIRPS/DAILY,1991-2020,IBGE_2024
3169307,Três Corações,MG,828.038,7,jul,11.971709141009827,OK,1991,2020,30,CHIRPS_v2,UCSB-CHG/CHIRPS/DAILY,1991-2020,IBGE_2024
3110707,Cambuquira,MG,246.38,7,jul,13.1680724033479,OK,1991,2020,30,CHIRPS_v2,UCSB-CHG/CHIRPS/DAILY,1991-2020,IBGE_2024
3110905,Campanha,MG,335.587,7,jul,14.595195729865573,OK,1991,2020,30,CHIRPS_v2,UCSB-CHG/CHIRPS/DAILY,1991-2020,IBGE_2024
3169406,Três Pontas,MG,689.794,7,jul,14.532446911160024,OK,1991,2020,30,CHIRPS_v2,UCSB-CHG/CHIRPS/DAILY,1991-2020,IBGE_2024
3118700,Coqueiral,MG,296.163,7,jul,12.684423936294511,OK,1991,2020,30,CHIRPS_v2,UCSB-CHG/CHIRPS/DAILY,1991-2020,IBGE_2024
3158300,Santana da Vargem,MG,172.444,7,jul,13.251897938999004,OK,1991,2020,30,CHIRPS_v2,UCSB-CHG/CHIRPS/DAILY,1991-2020,IBGE_2024
3107109,Boa Esperança,MG,860.669,7,jul,14.027593805817643,OK,1991,2020,30,CHIRPS_v2,UCSB-CHG/CHIRPS/DAILY,1991-2020,IBGE_2024
3130507,Ilicínea,MG,376.341,7,jul,14.484706562398031,OK,1991,2020,30,CHIRPS_v2,UCSB-CHG/CHIRPS/DAILY,1991-2020,IBGE_2024
3143203,Monte Santo de Minas,MG,594.632,7,jul,12.321184831212609,OK,1991,2020,30,CHIRPS_v2,UCSB-CHG/CHIRPS/DAILY,1991-2020,IBGE_2024
3134806,Jacuí,MG,409.229,7,jul,12.509993158274542,OK,1991,2020,30,CHIRPS_v2,UCSB-CHG/CHIRPS/DAILY,1991-2020,IBGE_2024
3132909,Itamogi,MG,243.714,7,jul,12.049135293078908,OK,1991,2020,30,CHIRPS_v2,UCSB-CHG/CHIRPS/DAILY,1991-2020,IBGE_2024
3165107,São Tomás de Aquino,MG,277.928,7,jul,11.411749995257642,OK,1991,2020,30,CHIRPS_v2,UCSB-CHG/CHIRPS/DAILY,1991-2020,IBGE_2024
3164704,São Sebastião do Paraíso,MG,814.925,7,jul,11.86899029486933,OK,1991,2020,30,CHIRPS_v2,UCSB-CHG/CHIRPS/DAILY,1991-2020,IBGE_2024
3120201,Cristais,MG,628.434,7,jul,12.83387076031024,OK,1991,2020,30,CHIRPS_v2,UCSB-CHG/CHIRPS/DAILY,1991-2020,IBGE_2024
3112000,Candeias,MG,720.512,7,jul,10.018403296358912,OK,1991,2020,30,CHIRPS_v2,UCSB-CHG/CHIRPS/DAILY,1991-2020,IBGE_2024
3111200,Campo Belo,MG,528.225,7,jul,10.83569512451327,OK,1991,2020,30,CHIRPS_v2,UCSB-CHG/CHIRPS/DAILY,1991-2020,IBGE_2024
3158805,Santana do Jacaré,MG,106.169,7,jul,10.040945561617503,OK,1991,2020,30,CHIRPS_v2,UCSB-CHG/CHIRPS/DAILY,1991-2020,IBGE_2024
3100807,Aguanil,MG,232.091,7,jul,12.124974289864321,OK,1991,2020,30,CHIRPS_v2,UCSB-CHG/CHIRPS/DAILY,1991-2020,IBGE_2024
3170602,Vargem Bonita,MG,409.888,7,jul,11.064851176162538,OK,1991,2020,30,CHIRPS_v2,UCSB-CHG/CHIRPS/DAILY,1991-2020,IBGE_2024
3112802,Capitólio,MG,521.802,7,jul,13.011070367596998,OK,1991,2020,30,CHIRPS_v2,UCSB-CHG/CHIRPS/DAILY,1991-2020,IBGE_2024
3151503,Piumhi,MG,902.468,7,jul,11.32514527155891,OK,1991,2020,30,CHIRPS_v2,UCSB-CHG/CHIRPS/DAILY,1991-2020,IBGE_2024
3123403,Doresópolis,MG,152.912,7,jul,11.093013415290711,OK,1991,2020,30,CHIRPS_v2,UCSB-CHG/CHIRPS/DAILY,1991-2020,IBGE_2024
3164308,São Roque de Minas,MG,2098.867,7,jul,11.580572488294498,OK,1991,2020,30,CHIRPS_v2,UCSB-CHG/CHIRPS/DAILY,1991-2020,IBGE_2024
3152501,Pouso Alegre,MG,542.797,7,jul,22.703664892636,OK,1991,2020,30,CHIRPS_v2,UCSB-CHG/CHIRPS/DAILY,1991-2020,IBGE_2024
3146008,Ouro Fino,MG,533.714,7,jul,21.024914266063757,OK,1991,2020,30,CHIRPS_v2,UCSB-CHG/CHIRPS/DAILY,1991-2020,IBGE_2024
3162302,São João da Mata,MG,120.536,7,jul,15.441003313943202,OK,1991,2020,30,CHIRPS_v2,UCSB-CHG/CHIRPS/DAILY,1991-2020,IBGE_2024
3129202,Heliodora,MG,153.95,7,jul,18.66537211134033,OK,1991,2020,30,CHIRPS_v2,UCSB-CHG/CHIRPS/DAILY,1991-2020,IBGE_2024
3169802,Turvolândia,MG,221.0,7,jul,17.96943627021565,OK,1991,2020,30,CHIRPS_v2,UCSB-CHG/CHIRPS/DAILY,1991-2020,IBGE_2024
3144409,Natércia,MG,188.719,7,jul,19.372230446335724,OK,1991,2020,30,CHIRPS_v2,UCSB-CHG/CHIRPS/DAILY,1991-2020,IBGE_2024
3119906,Córrego do Bom Jesus,MG,123.651,7,jul,28.724254500079734,OK,1991,2020,30,CHIRPS_v2,UCSB-CHG/CHIRPS/DAILY,1991-2020,IBGE_2024
3169059,Tocos do Moji,MG,114.705,7,jul,20.84464606174731,OK,1991,2020,30,CHIRPS_v2,UCSB-CHG/CHIRPS/DAILY,1991-2020,IBGE_2024
3169109,Toledo,MG,136.776,7,jul,28.264140170256553,OK,1991,2020,30,CHIRPS_v2,UCSB-CHG/CHIRPS/DAILY,1991-2020,IBGE_2024
3143807,Munhoz,MG,191.599,7,jul,23.77854686366141,OK,1991,2020,30,CHIRPS_v2,UCSB-CHG/CHIRPS/DAILY,1991-2020,IBGE_2024
3143401,Monte Sião,MG,291.594,7,jul,25.512563197076656,OK,1991,2020,30,CHIRPS_v2,UCSB-CHG/CHIRPS/DAILY,1991-2020,IBGE_2024
3110608,Cambuí,MG,244.567,7,jul,24.105022103228766,OK,1991,2020,30,CHIRPS_v2,UCSB-CHG/CHIRPS/DAILY,1991-2020,IBGE_2024
3110509,Camanducaia,MG,528.688,7,jul,26.150628249099714,OK,1991,2020,30,CHIRPS_v2,UCSB-CHG/CHIRPS/DAILY,1991-2020,IBGE_2024
3167400,Silvianópolis,MG,312.166,7,jul,18.475870747684912,OK,1991,2020,30,CHIRPS_v2,UCSB-CHG/CHIRPS/DAILY,1991-2020,IBGE_2024
3159605,Santa Rita do Sapucaí,MG,352.969,7,jul,23.625317767282322,OK,1991,2020,30,CHIRPS_v2,UCSB-CHG/CHIRPS/DAILY,1991-2020,IBGE_2024
3134905,Jacutinga,MG,347.667,7,jul,21.882245292444715,OK,1991,2020,30,CHIRPS_v2,UCSB-CHG/CHIRPS/DAILY,1991-2020,IBGE_2024
3118502,Consolação,MG,89.122,7,jul,25.505930248871287,OK,1991,2020,30,CHIRPS_v2,UCSB-CHG/CHIRPS/DAILY,1991-2020,IBGE_2024
3117801,Conceição dos Ouros,MG,180.236,7,jul,26.56135774261849,OK,1991,2020,30,CHIRPS_v2,UCSB-CHG/CHIRPS/DAILY,1991-2020,IBGE_2024
3101409,Albertina,MG,58.01,7,jul,17.653528326516913,OK,1991,2020,30,CHIRPS_v2,UCSB-CHG/CHIRPS/DAILY,1991-2020,IBGE_2024
3117900,Congonhal,MG,205.125,7,jul,19.016251814685464,OK,1991,2020,30,CHIRPS_v2,UCSB-CHG/CHIRPS/DAILY,1991-2020,IBGE_2024
3109709,Cachoeira de Minas,MG,304.243,7,jul,25.39288611016325,OK,1991,2020,30,CHIRPS_v2,UCSB-CHG/CHIRPS/DAILY,1991-2020,IBGE_2024
3109105,Bueno Brandão,MG,356.15,7,jul,24.384636398168894,OK,1991,2020,30,CHIRPS_v2,UCSB-CHG/CHIRPS/DAILY,1991-2020,IBGE_2024
3133600,Itapeva,MG,177.312,7,jul,24.484789666391343,OK,1991,2020,30,CHIRPS_v2,UCSB-CHG/CHIRPS/DAILY,1991-2020,IBGE_2024
3165800,Senador José Bento,MG,93.892,7,jul,18.734238690250336,OK,1991,2020,30,CHIRPS_v2,UCSB-CHG/CHIRPS/DAILY,1991-2020,IBGE_2024
3125101,Extrema,MG,244.575,7,jul,31.365335927309552,OK,1991,2020,30,CHIRPS_v2,UCSB-CHG/CHIRPS/DAILY,1991-2020,IBGE_2024
3124500,Estiva,MG,243.872,7,jul,23.957469314100532,OK,1991,2020,30,CHIRPS_v2,UCSB-CHG/CHIRPS/DAILY,1991-2020,IBGE_2024
3124401,Espírito Santo do Dourado,MG,263.879,7,jul,15.320337365628983,OK,1991,2020,30,CHIRPS_v2,UCSB-CHG/CHIRPS/DAILY,1991-2020,IBGE_2024
3108305,Borda da Mata,MG,301.108,7,jul,21.504544420695638,OK,1991,2020,30,CHIRPS_v2,UCSB-CHG/CHIRPS/DAILY,1991-2020,IBGE_2024
3165578,Senador Amaral,MG,151.097,7,jul,19.081552821399306,OK,1991,2020,30,CHIRPS_v2,UCSB-CHG/CHIRPS/DAILY,1991-2020,IBGE_2024
3107901,Bom Repouso,MG,229.845,7,jul,19.17708317965174,OK,1991,2020,30,CHIRPS_v2,UCSB-CHG/CHIRPS/DAILY,1991-2020,IBGE_2024
3164407,São Sebastião da Bela Vista,MG,167.428,7,jul,21.23159767671991,OK,1991,2020,30,CHIRPS_v2,UCSB-CHG/CHIRPS/DAILY,1991-2020,IBGE_2024
3131505,Ipuiúna,MG,298.195,7,jul,15.036371337894892,OK,1991,2020,30,CHIRPS_v2,UCSB-CHG/CHIRPS/DAILY,1991-2020,IBGE_2024
3130606,Inconfidentes,MG,149.611,7,jul,23.22802997831153,OK,1991,2020,30,CHIRPS_v2,UCSB-CHG/CHIRPS/DAILY,1991-2020,IBGE_2024
3113602,Careaçu,MG,181.009,7,jul,20.067515036124497,OK,1991,2020,30,CHIRPS_v2,UCSB-CHG/CHIRPS/DAILY,1991-2020,IBGE_2024
3151800,Poços de Caldas,MG,546.958,7,jul,15.392352216470222,OK,1991,2020,30,CHIRPS_v2,UCSB-CHG/CHIRPS/DAILY,1991-2020,IBGE_2024
3129905,Ibitiúra de Minas,MG,68.316,7,jul,18.593548760082193,OK,1991,2020,30,CHIRPS_v2,UCSB-CHG/CHIRPS/DAILY,1991-2020,IBGE_2024
3105301,Bandeira do Sul,MG,47.266,7,jul,15.034606336249066,OK,1991,2020,30,CHIRPS_v2,UCSB-CHG/CHIRPS/DAILY,1991-2020,IBGE_2024
3111002,Campestre,MG,577.843,7,jul,14.200134734363925,OK,1991,2020,30,CHIRPS_v2,UCSB-CHG/CHIRPS/DAILY,1991-2020,IBGE_2024
3102605,Andradas,MG,469.396,7,jul,17.853950249761482,OK,1991,2020,30,CHIRPS_v2,UCSB-CHG/CHIRPS/DAILY,1991-2020,IBGE_2024
3159209,Santa Rita de Caldas,MG,503.011,7,jul,15.381303037769195,OK,1991,2020,30,CHIRPS_v2,UCSB-CHG/CHIRPS/DAILY,1991-2020,IBGE_2024
3110301,Caldas,MG,711.414,7,jul,15.398481910848563,OK,1991,2020,30,CHIRPS_v2,UCSB-CHG/CHIRPS/DAILY,1991-2020,IBGE_2024
3108404,Botelhos,MG,334.089,7,jul,13.910542692035314,OK,1991,2020,30,CHIRPS_v2,UCSB-CHG/CHIRPS/DAILY,1991-2020,IBGE_2024
3151008,Piranguinho,MG,124.803,7,jul,27.179174936267344,OK,1991,2020,30,CHIRPS_v2,UCSB-CHG/CHIRPS/DAILY,1991-2020,IBGE_2024
3150901,Piranguçu,MG,203.619,7,jul,28.89319219435167,OK,1991,2020,30,CHIRPS_v2,UCSB-CHG/CHIRPS/DAILY,1991-2020,IBGE_2024
3132404,Itajubá,MG,294.835,7,jul,27.666387089541196,OK,1991,2020,30,CHIRPS_v2,UCSB-CHG/CHIRPS/DAILY,1991-2020,IBGE_2024
3172202,Wenceslau Braz,MG,102.487,7,jul,28.482447231540966,OK,1991,2020,30,CHIRPS_v2,UCSB-CHG/CHIRPS/DAILY,1991-2020,IBGE_2024
3163201,São José do Alegre,MG,88.794,7,jul,25.929058540458335,OK,1991,2020,30,CHIRPS_v2,UCSB-CHG/CHIRPS/DAILY,1991-2020,IBGE_2024
3121100,Delfim Moreira,MG,408.473,7,jul,22.088363421956245,OK,1991,2020,30,CHIRPS_v2,UCSB-CHG/CHIRPS/DAILY,1991-2020,IBGE_2024
3127404,Gonçalves,MG,187.353,7,jul,21.809300642151598,OK,1991,2020,30,CHIRPS_v2,UCSB-CHG/CHIRPS/DAILY,1991-2020,IBGE_2024
3117207,Conceição das Pedras,MG,102.206,7,jul,18.20183874381126,OK,1991,2020,30,CHIRPS_v2,UCSB-CHG/CHIRPS/DAILY,1991-2020,IBGE_2024
3108909,Brazópolis,MG,367.688,7,jul,28.111306114577935,OK,1991,2020,30,CHIRPS_v2,UCSB-CHG/CHIRPS/DAILY,1991-2020,IBGE_2024
3165404,Sapucaí-Mirim,MG,285.073,7,jul,22.547075590708587,OK,1991,2020,30,CHIRPS_v2,UCSB-CHG/CHIRPS/DAILY,1991-2020,IBGE_2024
3149101,Pedralva,MG,217.99,7,jul,21.091847259856078,OK,1991,2020,30,CHIRPS_v2,UCSB-CHG/CHIRPS/DAILY,1991-2020,IBGE_2024
3140407,Marmelópolis,MG,107.902,7,jul,16.019138889926133,OK,1991,2020,30,CHIRPS_v2,UCSB-CHG/CHIRPS/DAILY,1991-2020,IBGE_2024
3139904,Maria da Fé,MG,202.898,7,jul,19.268212080530354,OK,1991,2020,30,CHIRPS_v2,UCSB-CHG/CHIRPS/DAILY,1991-2020,IBGE_2024
3147303,Paraisópolis,MG,331.238,7,jul,25.927726392926946,OK,1991,2020,30,CHIRPS_v2,UCSB-CHG/CHIRPS/DAILY,1991-2020,IBGE_2024
3137809,Lambari,MG,213.11,7,jul,15.213572390456669,OK,1991,2020,30,CHIRPS_v2,UCSB-CHG/CHIRPS/DAILY,1991-2020,IBGE_2024
3145505,Olímpio Noronha,MG,54.633,7,jul,15.275822013142527,OK,1991,2020,30,CHIRPS_v2,UCSB-CHG/CHIRPS/DAILY,1991-2020,IBGE_2024
3120508,Cristina,MG,311.33,7,jul,16.76083535841313,OK,1991,2020,30,CHIRPS_v2,UCSB-CHG/CHIRPS/DAILY,1991-2020,IBGE_2024
3135902,Jesuânia,MG,153.852,7,jul,15.424094996924547,OK,1991,2020,30,CHIRPS_v2,UCSB-CHG/CHIRPS/DAILY,1991-2020,IBGE_2024
3122801,Dom Viçoso,MG,113.921,7,jul,17.115207297192807,OK,1991,2020,30,CHIRPS_v2,UCSB-CHG/CHIRPS/DAILY,1991-2020,IBGE_2024
3114105,Carmo de Minas,MG,322.285,7,jul,18.145469788463522,OK,1991,2020,30,CHIRPS_v2,UCSB-CHG/CHIRPS/DAILY,1991-2020,IBGE_2024
3171709,Virgínia,MG,326.515,7,jul,19.317630096626797,OK,1991,2020,30,CHIRPS_v2,UCSB-CHG/CHIRPS/DAILY,1991-2020,IBGE_2024
3170107,Uberaba,MG,4523.957,7,jul,11.173472606182163,OK,1991,2020,30,CHIRPS_v2,UCSB-CHG/CHIRPS/DAILY,1991-2020,IBGE_2024
3121258,Delta,MG,102.784,7,jul,11.155917578045404,OK,1991,2020,30,CHIRPS_v2,UCSB-CHG/CHIRPS/DAILY,1991-2020,IBGE_2024
3145000,Nova Ponte,MG,1111.011,7,jul,11.993144954520258,OK,1991,2020,30,CHIRPS_v2,UCSB-CHG/CHIRPS/DAILY,1991-2020,IBGE_2024
3111408,Campo Florido,MG,1264.245,7,jul,8.591874976269322,OK,1991,2020,30,CHIRPS_v2,UCSB-CHG/CHIRPS/DAILY,1991-2020,IBGE_2024
3118205,Conquista,MG,618.363,7,jul,11.175527524642758,OK,1991,2020,30,CHIRPS_v2,UCSB-CHG/CHIRPS/DAILY,1991-2020,IBGE_2024
3117306,Conceição das Alagoas,MG,1340.25,7,jul,9.904959468153834,OK,1991,2020,30,CHIRPS_v2,UCSB-CHG/CHIRPS/DAILY,1991-2020,IBGE_2024
3157708,Santa Juliana,MG,723.784,7,jul,11.864998333519765,OK,1991,2020,30,CHIRPS_v2,UCSB-CHG/CHIRPS/DAILY,1991-2020,IBGE_2024
3100708,Água Comprida,MG,492.167,7,jul,11.180782875269369,OK,1991,2020,30,CHIRPS_v2,UCSB-CHG/CHIRPS/DAILY,1991-2020,IBGE_2024
3156908,Sacramento,MG,3073.268,7,jul,12.47383680760021,OK,1991,2020,30,CHIRPS_v2,UCSB-CHG/CHIRPS/DAILY,1991-2020,IBGE_2024
3171105,Veríssimo,MG,1031.823,7,jul,8.950601431251114,OK,1991,2020,30,CHIRPS_v2,UCSB-CHG/CHIRPS/DAILY,1991-2020,IBGE_2024
3129509,Ibiá,MG,2704.132,7,jul,11.846105210385888,OK,1991,2020,30,CHIRPS_v2,UCSB-CHG/CHIRPS/DAILY,1991-2020,IBGE_2024
3153004,Pratinha,MG,622.478,7,jul,11.600249697976134,OK,1991,2020,30,CHIRPS_v2,UCSB-CHG/CHIRPS/DAILY,1991-2020,IBGE_2024
3104007,Araxá,MG,1164.062,7,jul,12.510597106242976,OK,1991,2020,30,CHIRPS_v2,UCSB-CHG/CHIRPS/DAILY,1991-2020,IBGE_2024
3111507,Campos Altos,MG,710.645,7,jul,12.026068791102059,OK,1991,2020,30,CHIRPS_v2,UCSB-CHG/CHIRPS/DAILY,1991-2020,IBGE_2024
3159704,Santa Rosa da Serra,MG,284.334,7,jul,12.118374312216021,OK,1991,2020,30,CHIRPS_v2,UCSB-CHG/CHIRPS/DAILY,1991-2020,IBGE_2024
3168101,Tapira,MG,1179.248,7,jul,13.788746660074365,OK,1991,2020,30,CHIRPS_v2,UCSB-CHG/CHIRPS/DAILY,1991-2020,IBGE_2024
3149804,Perdizes,MG,2451.112,7,jul,11.408885046205949,OK,1991,2020,30,CHIRPS_v2,UCSB-CHG/CHIRPS/DAILY,1991-2020,IBGE_2024
3149200,Pedrinópolis,MG,357.891,7,jul,11.359497364616846,OK,1991,2020,30,CHIRPS_v2,UCSB-CHG/CHIRPS/DAILY,1991-2020,IBGE_2024
3127008,Fronteira,MG,199.987,7,jul,9.730436687823548,OK,1991,2020,30,CHIRPS_v2,UCSB-CHG/CHIRPS/DAILY,1991-2020,IBGE_2024
3127107,Frutal,MG,2426.965,7,jul,8.937668122511251,OK,1991,2020,30,CHIRPS_v2,UCSB-CHG/CHIRPS/DAILY,1991-2020,IBGE_2024
3151602,Planura,MG,317.52,7,jul,8.937984777037558,OK,1991,2020,30,CHIRPS_v2,UCSB-CHG/CHIRPS/DAILY,1991-2020,IBGE_2024
3150703,Pirajuba,MG,337.98,7,jul,8.247460876526116,OK,1991,2020,30,CHIRPS_v2,UCSB-CHG/CHIRPS/DAILY,1991-2020,IBGE_2024
3133402,Itapagipe,MG,1802.438,7,jul,10.865666262072432,OK,1991,2020,30,CHIRPS_v2,UCSB-CHG/CHIRPS/DAILY,1991-2020,IBGE_2024
3116902,Comendador Gomes,MG,1041.047,7,jul,10.804931830265836,OK,1991,2020,30,CHIRPS_v2,UCSB-CHG/CHIRPS/DAILY,1991-2020,IBGE_2024
3170438,União de Minas,MG,1147.407,7,jul,14.136348524877832,OK,1991,2020,30,CHIRPS_v2,UCSB-CHG/CHIRPS/DAILY,1991-2020,IBGE_2024
3161304,São Francisco de Sales,MG,1128.864,7,jul,11.626209633170767,OK,1991,2020,30,CHIRPS_v2,UCSB-CHG/CHIRPS/DAILY,1991-2020,IBGE_2024
3134400,Iturama,MG,1404.663,7,jul,13.41379302474102,OK,1991,2020,30,CHIRPS_v2,UCSB-CHG/CHIRPS/DAILY,1991-2020,IBGE_2024
3114550,Carneirinho,MG,2063.462,7,jul,15.407688836593294,OK,1991,2020,30,CHIRPS_v2,UCSB-CHG/CHIRPS/DAILY,1991-2020,IBGE_2024
3138625,Limeira do Oeste,MG,1317.153,7,jul,15.220448424309938,OK,1991,2020,30,CHIRPS_v2,UCSB-CHG/CHIRPS/DAILY,1991-2020,IBGE_2024
3170206,Uberlândia,MG,4115.206,7,jul,8.549866701827344,OK,1991,2020,30,CHIRPS_v2,UCSB-CHG/CHIRPS/DAILY,1991-2020,IBGE_2024
3103504,Araguari,MG,2729.777,7,jul,6.2838897940144385,OK,1991,2020,30,CHIRPS_v2,UCSB-CHG/CHIRPS/DAILY,1991-2020,IBGE_2024
3169604,Tupaciguara,MG,1822.53,7,jul,5.8995383222740365,OK,1991,2020,30,CHIRPS_v2,UCSB-CHG/CHIRPS/DAILY,1991-2020,IBGE_2024
3152808,Prata,MG,4847.544,7,jul,9.241707883186695,OK,1991,2020,30,CHIRPS_v2,UCSB-CHG/CHIRPS/DAILY,1991-2020,IBGE_2024
3111804,Canápolis,MG,843.599,7,jul,7.258661664984394,OK,1991,2020,30,CHIRPS_v2,UCSB-CHG/CHIRPS/DAILY,1991-2020,IBGE_2024
3103751,Araporã,MG,294.354,7,jul,5.191326909828012,OK,1991,2020,30,CHIRPS_v2,UCSB-CHG/CHIRPS/DAILY,1991-2020,IBGE_2024
3111101,Campina Verde,MG,3650.749,7,jul,12.462705772838774,OK,1991,2020,30,CHIRPS_v2,UCSB-CHG/CHIRPS/DAILY,1991-2020,IBGE_2024
3142809,Monte Alegre de Minas,MG,2595.957,7,jul,6.973194805497502,OK,1991,2020,30,CHIRPS_v2,UCSB-CHG/CHIRPS/DAILY,1991-2020,IBGE_2024
3115805,Centralina,MG,322.385,7,jul,6.254990812418368,OK,1991,2020,30,CHIRPS_v2,UCSB-CHG/CHIRPS/DAILY,1991-2020,IBGE_2024
3115003,Cascalho Rico,MG,367.308,7,jul,4.01134449946179,OK,1991,2020,30,CHIRPS_v2,UCSB-CHG/CHIRPS/DAILY,1991-2020,IBGE_2024
3130705,Indianópolis,MG,830.03,7,jul,9.147371055220038,OK,1991,2020,30,CHIRPS_v2,UCSB-CHG/CHIRPS/DAILY,1991-2020,IBGE_2024
3129103,Gurinhatã,MG,1849.137,7,jul,11.095786995831396,OK,1991,2020,30,CHIRPS_v2,UCSB-CHG/CHIRPS/DAILY,1991-2020,IBGE_2024
3112604,Capinópolis,MG,620.716,7,jul,6.974880676113192,OK,1991,2020,30,CHIRPS_v2,UCSB-CHG/CHIRPS/DAILY,1991-2020,IBGE_2024
3159803,Santa Vitória,MG,2998.364,7,jul,11.100001070217852,OK,1991,2020,30,CHIRPS_v2,UCSB-CHG/CHIRPS/DAILY,1991-2020,IBGE_2024
3134202,Ituiutaba,MG,2598.046,7,jul,9.125764037140483,OK,1991,2020,30,CHIRPS_v2,UCSB-CHG/CHIRPS/DAILY,1991-2020,IBGE_2024
3109808,Cachoeira Dourada,MG,203.07,7,jul,6.321821297450947,OK,1991,2020,30,CHIRPS_v2,UCSB-CHG/CHIRPS/DAILY,1991-2020,IBGE_2024
3131406,Ipiaçu,MG,466.02,7,jul,6.264799425118457,OK,1991,2020,30,CHIRPS_v2,UCSB-CHG/CHIRPS/DAILY,1991-2020,IBGE_2024
3127909,Grupiara,MG,193.141,7,jul,2.8540726027083156,OK,1991,2020,30,CHIRPS_v2,UCSB-CHG/CHIRPS/DAILY,1991-2020,IBGE_2024
3143104,Monte Carmelo,MG,1343.035,7,jul,3.868468780257483,OK,1991,2020,30,CHIRPS_v2,UCSB-CHG/CHIRPS/DAILY,1991-2020,IBGE_2024
3124807,Estrela do Sul,MG,822.454,7,jul,2.529526976835469,OK,1991,2020,30,CHIRPS_v2,UCSB-CHG/CHIRPS/DAILY,1991-2020,IBGE_2024
3100104,Abadia dos Dourados,MG,880.461,7,jul,3.758050627767186,OK,1991,2020,30,CHIRPS_v2,UCSB-CHG/CHIRPS/DAILY,1991-2020,IBGE_2024
3131604,Iraí de Minas,MG,356.264,7,jul,10.376895795457777,OK,1991,2020,30,CHIRPS_v2,UCSB-CHG/CHIRPS/DAILY,1991-2020,IBGE_2024
3123502,Douradoquara,MG,312.878,7,jul,2.7330168484540063,OK,1991,2020,30,CHIRPS_v2,UCSB-CHG/CHIRPS/DAILY,1991-2020,IBGE_2024
3156403,Romaria,MG,407.557,7,jul,7.1387113295508176,OK,1991,2020,30,CHIRPS_v2,UCSB-CHG/CHIRPS/DAILY,1991-2020,IBGE_2024
3148004,Patos de Minas,MG,3190.456,7,jul,6.731247732433001,OK,1991,2020,30,CHIRPS_v2,UCSB-CHG/CHIRPS/DAILY,1991-2020,IBGE_2024
3170750,Varjão de Minas,MG,651.505,7,jul,7.281481714440618,OK,1991,2020,30,CHIRPS_v2,UCSB-CHG/CHIRPS/DAILY,1991-2020,IBGE_2024
3137106,Lagamar,MG,1474.562,7,jul,7.173419643001505,OK,1991,2020,30,CHIRPS_v2,UCSB-CHG/CHIRPS/DAILY,1991-2020,IBGE_2024
3161700,São Gonçalo do Abaeté,MG,2692.545,7,jul,6.729817605817256,OK,1991,2020,30,CHIRPS_v2,UCSB-CHG/CHIRPS/DAILY,1991-2020,IBGE_2024
3137536,Lagoa Grande,MG,1236.301,7,jul,6.831491843592985,OK,1991,2020,30,CHIRPS_v2,UCSB-CHG/CHIRPS/DAILY,1991-2020,IBGE_2024
3137502,Lagoa Formosa,MG,840.92,7,jul,7.6840328698443106,OK,1991,2020,30,CHIRPS_v2,UCSB-CHG/CHIRPS/DAILY,1991-2020,IBGE_2024
3162104,São Gotardo,MG,866.087,7,jul,11.948432031323076,OK,1991,2020,30,CHIRPS_v2,UCSB-CHG/CHIRPS/DAILY,1991-2020,IBGE_2024
3128600,Guarda-Mor,MG,2068.808,7,jul,6.773367282280998,OK,1991,2020,30,CHIRPS_v2,UCSB-CHG/CHIRPS/DAILY,1991-2020,IBGE_2024
3153400,Presidente Olegário,MG,3503.848,7,jul,6.795385289002935,OK,1991,2020,30,CHIRPS_v2,UCSB-CHG/CHIRPS/DAILY,1991-2020,IBGE_2024
3136306,João Pinheiro,MG,10727.097,7,jul,4.480193653629716,OK,1991,2020,30,CHIRPS_v2,UCSB-CHG/CHIRPS/DAILY,1991-2020,IBGE_2024
3168903,Tiros,MG,2091.774,7,jul,9.29989550671264,OK,1991,2020,30,CHIRPS_v2,UCSB-CHG/CHIRPS/DAILY,1991-2020,IBGE_2024
3103801,Arapuá,MG,173.894,7,jul,9.743448733159333,OK,1991,2020,30,CHIRPS_v2,UCSB-CHG/CHIRPS/DAILY,1991-2020,IBGE_2024
3141207,Matutina,MG,260.957,7,jul,11.327706316825163,OK,1991,2020,30,CHIRPS_v2,UCSB-CHG/CHIRPS/DAILY,1991-2020,IBGE_2024
3114303,Carmo do Paranaíba,MG,1307.862,7,jul,8.450053514411191,OK,1991,2020,30,CHIRPS_v2,UCSB-CHG/CHIRPS/DAILY,1991-2020,IBGE_2024
3155504,Rio Paranaíba,MG,1352.353,7,jul,11.421729161699188,OK,1991,2020,30,CHIRPS_v2,UCSB-CHG/CHIRPS/DAILY,1991-2020,IBGE_2024
3171006,Vazante,MG,1913.396,7,jul,6.821123707056256,OK,1991,2020,30,CHIRPS_v2,UCSB-CHG/CHIRPS/DAILY,1991-2020,IBGE_2024
3128907,Guimarânia,MG,366.833,7,jul,7.881035651757305,OK,1991,2020,30,CHIRPS_v2,UCSB-CHG/CHIRPS/DAILY,1991-2020,IBGE_2024
3120706,Cruzeiro da Fortaleza,MG,187.446,7,jul,9.14583510287086,OK,1991,2020,30,CHIRPS_v2,UCSB-CHG/CHIRPS/DAILY,1991-2020,IBGE_2024
3119302,Coromandel,MG,3313.313,7,jul,5.7335356747864665,OK,1991,2020,30,CHIRPS_v2,UCSB-CHG/CHIRPS/DAILY,1991-2020,IBGE_2024
3166808,Serra do Salitre,MG,1295.272,7,jul,10.161194369854519,OK,1991,2020,30,CHIRPS_v2,UCSB-CHG/CHIRPS/DAILY,1991-2020,IBGE_2024
3148103,Patrocínio,MG,2874.344,7,jul,9.443949956428042,OK,1991,2020,30,CHIRPS_v2,UCSB-CHG/CHIRPS/DAILY,1991-2020,IBGE_2024
3122306,Divinópolis,MG,708.115,7,jul,8.453872335466233,OK,1991,2020,30,CHIRPS_v2,UCSB-CHG/CHIRPS/DAILY,1991-2020,IBGE_2024
3114006,Carmo da Mata,MG,357.178,7,jul,9.287033656457654,OK,1991,2020,30,CHIRPS_v2,UCSB-CHG/CHIRPS/DAILY,1991-2020,IBGE_2024
3137205,Lagoa da Prata,MG,439.984,7,jul,11.1312251608323,OK,1991,2020,30,CHIRPS_v2,UCSB-CHG/CHIRPS/DAILY,1991-2020,IBGE_2024
3145208,Nova Serrana,MG,282.472,7,jul,7.130954197730659,OK,1991,2020,30,CHIRPS_v2,UCSB-CHG/CHIRPS/DAILY,1991-2020,IBGE_2024
3103900,Araújos,MG,245.522,7,jul,10.57219259667511,OK,1991,2020,30,CHIRPS_v2,UCSB-CHG/CHIRPS/DAILY,1991-2020,IBGE_2024
3160405,Santo Antônio do Monte,MG,1125.78,7,jul,11.023886301855484,OK,1991,2020,30,CHIRPS_v2,UCSB-CHG/CHIRPS/DAILY,1991-2020,IBGE_2024
3135308,Japaraíba,MG,172.141,7,jul,11.24046870723654,OK,1991,2020,30,CHIRPS_v2,UCSB-CHG/CHIRPS/DAILY,1991-2020,IBGE_2024
3151404,Pitangui,MG,569.636,7,jul,5.016787668968042,OK,1991,2020,30,CHIRPS_v2,UCSB-CHG/CHIRPS/DAILY,1991-2020,IBGE_2024
3110400,Camacho,MG,223.001,7,jul,9.583109270559273,OK,1991,2020,30,CHIRPS_v2,UCSB-CHG/CHIRPS/DAILY,1991-2020,IBGE_2024
3133501,Itapecerica,MG,1040.519,7,jul,10.23373178929375,OK,1991,2020,30,CHIRPS_v2,UCSB-CHG/CHIRPS/DAILY,1991-2020,IBGE_2024
3149705,Perdigão,MG,249.322,7,jul,9.74511425675933,OK,1991,2020,30,CHIRPS_v2,UCSB-CHG/CHIRPS/DAILY,1991-2020,IBGE_2024
3148905,Pedra do Indaiá,MG,347.92,7,jul,11.307688109156665,OK,1991,2020,30,CHIRPS_v2,UCSB-CHG/CHIRPS/DAILY,1991-2020,IBGE_2024
3164605,São Sebastião do Oeste,MG,408.09,7,jul,10.24960771166746,OK,1991,2020,30,CHIRPS_v2,UCSB-CHG/CHIRPS/DAILY,1991-2020,IBGE_2024
3138302,Leandro Ferreira,MG,352.005,7,jul,7.662026161869727,OK,1991,2020,30,CHIRPS_v2,UCSB-CHG/CHIRPS/DAILY,1991-2020,IBGE_2024
3105103,Bambuí,MG,1455.819,7,jul,11.948636730127863,OK,1991,2020,30,CHIRPS_v2,UCSB-CHG/CHIRPS/DAILY,1991-2020,IBGE_2024
3104205,Arcos,MG,509.873,7,jul,10.706433524839422,OK,1991,2020,30,CHIRPS_v2,UCSB-CHG/CHIRPS/DAILY,1991-2020,IBGE_2024
3119807,Córrego Danta,MG,657.425,7,jul,12.286358954360464,OK,1991,2020,30,CHIRPS_v2,UCSB-CHG/CHIRPS/DAILY,1991-2020,IBGE_2024
3119955,Córrego Fundo,MG,101.112,7,jul,10.298556598867743,OK,1991,2020,30,CHIRPS_v2,UCSB-CHG/CHIRPS/DAILY,1991-2020,IBGE_2024
3168200,Tapiraí,MG,407.92,7,jul,11.813241808397498,OK,1991,2020,30,CHIRPS_v2,UCSB-CHG/CHIRPS/DAILY,1991-2020,IBGE_2024
3150505,Pimenta,MG,414.969,7,jul,11.43429883484668,OK,1991,2020,30,CHIRPS_v2,UCSB-CHG/CHIRPS/DAILY,1991-2020,IBGE_2024
3126109,Formiga,MG,1501.915,7,jul,10.85112608834132,OK,1991,2020,30,CHIRPS_v2,UCSB-CHG/CHIRPS/DAILY,1991-2020,IBGE_2024
3141306,Medeiros,MG,946.437,7,jul,11.587232053013935,OK,1991,2020,30,CHIRPS_v2,UCSB-CHG/CHIRPS/DAILY,1991-2020,IBGE_2024
3146503,Pains,MG,421.862,7,jul,10.828700728944224,OK,1991,2020,30,CHIRPS_v2,UCSB-CHG/CHIRPS/DAILY,1991-2020,IBGE_2024
3130309,Iguatama,MG,628.2,7,jul,11.567012530617705,OK,1991,2020,30,CHIRPS_v2,UCSB-CHG/CHIRPS/DAILY,1991-2020,IBGE_2024
3153707,Quartel Geral,MG,556.436,7,jul,10.659167492808537,OK,1991,2020,30,CHIRPS_v2,UCSB-CHG/CHIRPS/DAILY,1991-2020,IBGE_2024
3152006,Pompéu,MG,2551.074,7,jul,8.469298512280792,OK,1991,2020,30,CHIRPS_v2,UCSB-CHG/CHIRPS/DAILY,1991-2020,IBGE_2024
3142403,Moema,MG,202.705,7,jul,11.03851700844836,OK,1991,2020,30,CHIRPS_v2,UCSB-CHG/CHIRPS/DAILY,1991-2020,IBGE_2024
3166600,Serra da Saudade,MG,335.659,7,jul,11.441290946574744,OK,1991,2020,30,CHIRPS_v2,UCSB-CHG/CHIRPS/DAILY,1991-2020,IBGE_2024
3124708,Estrela do Indaiá,MG,635.981,7,jul,12.24178617804059,OK,1991,2020,30,CHIRPS_v2,UCSB-CHG/CHIRPS/DAILY,1991-2020,IBGE_2024
3107406,Bom Despacho,MG,1213.546,7,jul,10.19691883203384,OK,1991,2020,30,CHIRPS_v2,UCSB-CHG/CHIRPS/DAILY,1991-2020,IBGE_2024
3140506,Martinho Campos,MG,1058.418,7,jul,9.741513446922307,OK,1991,2020,30,CHIRPS_v2,UCSB-CHG/CHIRPS/DAILY,1991-2020,IBGE_2024
3123205,Dores do Indaiá,MG,1111.202,7,jul,10.912302894416024,OK,1991,2020,30,CHIRPS_v2,UCSB-CHG/CHIRPS/DAILY,1991-2020,IBGE_2024
3138807,Luz,MG,1171.659,7,jul,11.9719483477176,OK,1991,2020,30,CHIRPS_v2,UCSB-CHG/CHIRPS/DAILY,1991-2020,IBGE_2024
3161205,São Francisco de Paula,MG,316.822,7,jul,9.373353057122918,OK,1991,2020,30,CHIRPS_v2,UCSB-CHG/CHIRPS/DAILY,1991-2020,IBGE_2024
3143500,Morada Nova de Minas,MG,2084.275,7,jul,8.082058434031337,OK,1991,2020,30,CHIRPS_v2,UCSB-CHG/CHIRPS/DAILY,1991-2020,IBGE_2024
3100203,Abaeté,MG,1817.067,7,jul,9.538590343222449,OK,1991,2020,30,CHIRPS_v2,UCSB-CHG/CHIRPS/DAILY,1991-2020,IBGE_2024
3115607,Cedro do Abaeté,MG,283.211,7,jul,10.416704166349035,OK,1991,2020,30,CHIRPS_v2,UCSB-CHG/CHIRPS/DAILY,1991-2020,IBGE_2024
3107000,Biquinhas,MG,458.948,7,jul,9.523490925547046,OK,1991,2020,30,CHIRPS_v2,UCSB-CHG/CHIRPS/DAILY,1991-2020,IBGE_2024
3146404,Paineiras,MG,637.309,7,jul,9.048249120842764,OK,1991,2020,30,CHIRPS_v2,UCSB-CHG/CHIRPS/DAILY,1991-2020,IBGE_2024
3518305,Guararema,SP,270.816,7,jul,37.31987681254913,OK,1991,2020,30,CHIRPS_v2,UCSB-CHG/CHIRPS/DAILY,1991-2020,IBGE_2024
3526209,Juquitiba,SP,523.074,7,jul,64.6366553725849,OK,1991,2020,30,CHIRPS_v2,UCSB-CHG/CHIRPS/DAILY,1991-2020,IBGE_2024
3513801,Diadema,SP,30.806,7,jul,47.35302524645159,OK,1991,2020,30,CHIRPS_v2,UCSB-CHG/CHIRPS/DAILY,1991-2020,IBGE_2024
3505708,Barueri,SP,66.364,7,jul,45.94928320282545,OK,1991,2020,30,CHIRPS_v2,UCSB-CHG/CHIRPS/DAILY,1991-2020,IBGE_2024
3529401,Mauá,SP,62.034,7,jul,43.19603676793851,OK,1991,2020,30,CHIRPS_v2,UCSB-CHG/CHIRPS/DAILY,1991-2020,IBGE_2024
3513009,Cotia,SP,324.0,7,jul,58.043280020480594,OK,1991,2020,30,CHIRPS_v2,UCSB-CHG/CHIRPS/DAILY,1991-2020,IBGE_2024
3528502,Mairiporã,SP,320.492,7,jul,35.75934569110082,OK,1991,2020,30,CHIRPS_v2,UCSB-CHG/CHIRPS/DAILY,1991-2020,IBGE_2024
3503901,Arujá,SP,96.369,7,jul,35.15594452535094,OK,1991,2020,30,CHIRPS_v2,UCSB-CHG/CHIRPS/DAILY,1991-2020,IBGE_2024
3545001,Salesópolis,SP,424.997,7,jul,57.283872072987826,OK,1991,2020,30,CHIRPS_v2,UCSB-CHG/CHIRPS/DAILY,1991-2020,IBGE_2024
3552502,Suzano,SP,206.236,7,jul,50.76879942691701,OK,1991,2020,30,CHIRPS_v2,UCSB-CHG/CHIRPS/DAILY,1991-2020,IBGE_2024
3552809,Taboão da Serra,SP,20.371,7,jul,46.76736038712028,OK,1991,2020,30,CHIRPS_v2,UCSB-CHG/CHIRPS/DAILY,1991-2020,IBGE_2024
3544103,Rio Grande da Serra,SP,36.341,7,jul,68.13194085265845,OK,1991,2020,30,CHIRPS_v2,UCSB-CHG/CHIRPS/DAILY,1991-2020,IBGE_2024
3543303,Ribeirão Pires,SP,98.972,7,jul,55.84389195187486,OK,1991,2020,30,CHIRPS_v2,UCSB-CHG/CHIRPS/DAILY,1991-2020,IBGE_2024
3518800,Guarulhos,SP,318.838,7,jul,35.86993994575637,OK,1991,2020,30,CHIRPS_v2,UCSB-CHG/CHIRPS/DAILY,1991-2020,IBGE_2024
3510609,Carapicuíba,SP,34.234,7,jul,47.2090339711027,OK,1991,2020,30,CHIRPS_v2,UCSB-CHG/CHIRPS/DAILY,1991-2020,IBGE_2024
3550308,São Paulo,SP,1522.683,7,jul,50.86407288718915,OK,1991,2020,30,CHIRPS_v2,UCSB-CHG/CHIRPS/DAILY,1991-2020,IBGE_2024
3534401,Osasco,SP,64.999,7,jul,47.75067026740456,OK,1991,2020,30,CHIRPS_v2,UCSB-CHG/CHIRPS/DAILY,1991-2020,IBGE_2024
3549953,São Lourenço da Serra,SP,186.353,7,jul,91.25167817449938,OK,1991,2020,30,CHIRPS_v2,UCSB-CHG/CHIRPS/DAILY,1991-2020,IBGE_2024
3509007,Caieiras,SP,97.745,7,jul,38.2180703103946,OK,1991,2020,30,CHIRPS_v2,UCSB-CHG/CHIRPS/DAILY,1991-2020,IBGE_2024
3509205,Cajamar,SP,131.521,7,jul,42.41355708368397,OK,1991,2020,30,CHIRPS_v2,UCSB-CHG/CHIRPS/DAILY,1991-2020,IBGE_2024
3525003,Jandira,SP,17.122,7,jul,44.538492297508014,OK,1991,2020,30,CHIRPS_v2,UCSB-CHG/CHIRPS/DAILY,1991-2020,IBGE_2024
3516408,Franco da Rocha,SP,132.775,7,jul,36.623156262610635,OK,1991,2020,30,CHIRPS_v2,UCSB-CHG/CHIRPS/DAILY,1991-2020,IBGE_2024
3548807,São Caetano do Sul,SP,15.421,7,jul,38.86003890076497,OK,1991,2020,30,CHIRPS_v2,UCSB-CHG/CHIRPS/DAILY,1991-2020,IBGE_2024
3516309,Francisco Morato,SP,49.001,7,jul,36.74281426093887,OK,1991,2020,30,CHIRPS_v2,UCSB-CHG/CHIRPS/DAILY,1991-2020,IBGE_2024
3515707,Ferraz de Vasconcelos,SP,29.58,7,jul,45.00085986452062,OK,1991,2020,30,CHIRPS_v2,UCSB-CHG/CHIRPS/DAILY,1991-2020,IBGE_2024
3556453,Vargem Grande Paulista,SP,42.489,7,jul,49.798954719706494,OK,1991,2020,30,CHIRPS_v2,UCSB-CHG/CHIRPS/DAILY,1991-2020,IBGE_2024
3548708,São Bernardo do Campo,SP,408.234,7,jul,76.25510672523723,OK,1991,2020,30,CHIRPS_v2,UCSB-CHG/CHIRPS/DAILY,1991-2020,IBGE_2024
3515103,Embu-Guaçu,SP,155.285,7,jul,53.12986404933394,OK,1991,2020,30,CHIRPS_v2,UCSB-CHG/CHIRPS/DAILY,1991-2020,IBGE_2024
3515004,Embu das Artes,SP,70.264,7,jul,44.711664036120084,OK,1991,2020,30,CHIRPS_v2,UCSB-CHG/CHIRPS/DAILY,1991-2020,IBGE_2024
3547809,Santo André,SP,175.801,7,jul,62.608310532200576,OK,1991,2020,30,CHIRPS_v2,UCSB-CHG/CHIRPS/DAILY,1991-2020,IBGE_2024
3539806,Poá,SP,17.264,7,jul,45.084965017657225,OK,1991,2020,30,CHIRPS_v2,UCSB-CHG/CHIRPS/DAILY,1991-2020,IBGE_2024
3539103,Pirapora do Bom Jesus,SP,108.304,7,jul,44.89285331399484,OK,1991,2020,30,CHIRPS_v2,UCSB-CHG/CHIRPS/DAILY,1991-2020,IBGE_2024
3547304,Santana de Parnaíba,SP,179.89,7,jul,45.095354542140115,OK,1991,2020,30,CHIRPS_v2,UCSB-CHG/CHIRPS/DAILY,1991-2020,IBGE_2024
3523107,Itaquaquecetuba,SP,82.575,7,jul,39.5738839220925,OK,1991,2020,30,CHIRPS_v2,UCSB-CHG/CHIRPS/DAILY,1991-2020,IBGE_2024
3506607,Biritiba Mirim,SP,317.406,7,jul,57.9001281824469,OK,1991,2020,30,CHIRPS_v2,UCSB-CHG/CHIRPS/DAILY,1991-2020,IBGE_2024
3522208,Itapecerica da Serra,SP,151.012,7,jul,51.03747367635168,OK,1991,2020,30,CHIRPS_v2,UCSB-CHG/CHIRPS/DAILY,1991-2020,IBGE_2024
3546801,Santa Isabel,SP,362.875,7,jul,34.55331379595092,OK,1991,2020,30,CHIRPS_v2,UCSB-CHG/CHIRPS/DAILY,1991-2020,IBGE_2024
3522505,Itapevi,SP,82.583,7,jul,45.11474453948472,OK,1991,2020,30,CHIRPS_v2,UCSB-CHG/CHIRPS/DAILY,1991-2020,IBGE_2024
3530607,Mogi das Cruzes,SP,712.532,7,jul,48.964922973494225,OK,1991,2020,30,CHIRPS_v2,UCSB-CHG/CHIRPS/DAILY,1991-2020,IBGE_2024
3522109,Itanhaém,SP,601.018,7,jul,78.48608782697093,OK,1991,2020,30,CHIRPS_v2,UCSB-CHG/CHIRPS/DAILY,1991-2020,IBGE_2024
3518701,Guarujá,SP,144.794,7,jul,104.00817707991678,OK,1991,2020,30,CHIRPS_v2,UCSB-CHG/CHIRPS/DAILY,1991-2020,IBGE_2024
3551009,São Vicente,SP,147.774,7,jul,97.40339058995421,OK,1991,2020,30,CHIRPS_v2,UCSB-CHG/CHIRPS/DAILY,1991-2020,IBGE_2024
3541000,Praia Grande,SP,149.652,7,jul,94.37962267100923,OK,1991,2020,30,CHIRPS_v2,UCSB-CHG/CHIRPS/DAILY,1991-2020,IBGE_2024
3548500,Santos,SP,281.033,7,jul,104.58999513220202,OK,1991,2020,30,CHIRPS_v2,UCSB-CHG/CHIRPS/DAILY,1991-2020,IBGE_2024
3531100,Mongaguá,SP,142.521,7,jul,91.96992395688332,OK,1991,2020,30,CHIRPS_v2,UCSB-CHG/CHIRPS/DAILY,1991-2020,IBGE_2024
3513504,Cubatão,SP,143.649,7,jul,95.86624500121131,OK,1991,2020,30,CHIRPS_v2,UCSB-CHG/CHIRPS/DAILY,1991-2020,IBGE_2024
3537602,Peruíbe,SP,323.331,7,jul,73.12613745843382,OK,1991,2020,30,CHIRPS_v2,UCSB-CHG/CHIRPS/DAILY,1991-2020,IBGE_2024
3537206,Pedro de Toledo,SP,672.83,7,jul,68.78596681918177,OK,1991,2020,30,CHIRPS_v2,UCSB-CHG/CHIRPS/DAILY,1991-2020,IBGE_2024
3523305,Itariri,SP,273.956,7,jul,63.22392251289266,OK,1991,2020,30,CHIRPS_v2,UCSB-CHG/CHIRPS/DAILY,1991-2020,IBGE_2024
3506359,Bertioga,SP,491.546,7,jul,91.94662990922467,OK,1991,2020,30,CHIRPS_v2,UCSB-CHG/CHIRPS/DAILY,1991-2020,IBGE_2024
3545308,Salto de Pirapora,SP,280.412,7,jul,42.77046180917381,OK,1991,2020,30,CHIRPS_v2,UCSB-CHG/CHIRPS/DAILY,1991-2020,IBGE_2024
3545209,Salto,SP,133.057,7,jul,39.43462448513827,OK,1991,2020,30,CHIRPS_v2,UCSB-CHG/CHIRPS/DAILY,1991-2020,IBGE_2024
3528403,Mairinque,SP,210.149,7,jul,45.063591357644874,OK,1991,2020,30,CHIRPS_v2,UCSB-CHG/CHIRPS/DAILY,1991-2020,IBGE_2024
3502903,Araçoiaba da Serra,SP,255.305,7,jul,41.61388221129765,OK,1991,2020,30,CHIRPS_v2,UCSB-CHG/CHIRPS/DAILY,1991-2020,IBGE_2024
3552205,Sorocaba,SP,449.872,7,jul,41.98365096158888,OK,1991,2020,30,CHIRPS_v2,UCSB-CHG/CHIRPS/DAILY,1991-2020,IBGE_2024
3501152,Alumínio,SP,83.619,7,jul,44.84754234742614,OK,1991,2020,30,CHIRPS_v2,UCSB-CHG/CHIRPS/DAILY,1991-2020,IBGE_2024
3550605,São Roque,SP,306.899,7,jul,45.78081478792533,OK,1991,2020,30,CHIRPS_v2,UCSB-CHG/CHIRPS/DAILY,1991-2020,IBGE_2024
3557006,Votorantim,SP,184.186,7,jul,44.55781016119527,OK,1991,2020,30,CHIRPS_v2,UCSB-CHG/CHIRPS/DAILY,1991-2020,IBGE_2024
3523909,Itu,SP,640.719,7,jul,44.94794073031616,OK,1991,2020,30,CHIRPS_v2,UCSB-CHG/CHIRPS/DAILY,1991-2020,IBGE_2024
3537909,Pilar do Sul,SP,681.248,7,jul,48.241480254580836,OK,1991,2020,30,CHIRPS_v2,UCSB-CHG/CHIRPS/DAILY,1991-2020,IBGE_2024
3537800,Piedade,SP,746.903,7,jul,48.76974549323862,OK,1991,2020,30,CHIRPS_v2,UCSB-CHG/CHIRPS/DAILY,1991-2020,IBGE_2024
3553500,Tapiraí,SP,754.421,7,jul,64.1879043253124,OK,1991,2020,30,CHIRPS_v2,UCSB-CHG/CHIRPS/DAILY,1991-2020,IBGE_2024
3521002,Iperó,SP,170.289,7,jul,37.089255993960485,OK,1991,2020,30,CHIRPS_v2,UCSB-CHG/CHIRPS/DAILY,1991-2020,IBGE_2024
3519709,Ibiúna,SP,1058.01,7,jul,57.83052030407334,OK,1991,2020,30,CHIRPS_v2,UCSB-CHG/CHIRPS/DAILY,1991-2020,IBGE_2024
3511508,Cerquilho,SP,127.803,7,jul,30.605044336814895,OK,1991,2020,30,CHIRPS_v2,UCSB-CHG/CHIRPS/DAILY,1991-2020,IBGE_2024
3502754,Araçariguama,SP,145.247,7,jul,45.04526633625337,OK,1991,2020,30,CHIRPS_v2,UCSB-CHG/CHIRPS/DAILY,1991-2020,IBGE_2024
3510302,Capela do Alto,SP,169.89,7,jul,38.87933557453356,OK,1991,2020,30,CHIRPS_v2,UCSB-CHG/CHIRPS/DAILY,1991-2020,IBGE_2024
3551108,Sarapuí,SP,352.592,7,jul,42.99249492552665,OK,1991,2020,30,CHIRPS_v2,UCSB-CHG/CHIRPS/DAILY,1991-2020,IBGE_2024
3525854,Jumirim,SP,56.685,7,jul,26.921419162739422,OK,1991,2020,30,CHIRPS_v2,UCSB-CHG/CHIRPS/DAILY,1991-2020,IBGE_2024
3540606,Porto Feliz,SP,556.706,7,jul,34.59282883123534,OK,1991,2020,30,CHIRPS_v2,UCSB-CHG/CHIRPS/DAILY,1991-2020,IBGE_2024
3507001,Boituva,SP,248.954,7,jul,34.49252039920858,OK,1991,2020,30,CHIRPS_v2,UCSB-CHG/CHIRPS/DAILY,1991-2020,IBGE_2024
3554508,Tietê,SP,405.034,7,jul,27.207508191570263,OK,1991,2020,30,CHIRPS_v2,UCSB-CHG/CHIRPS/DAILY,1991-2020,IBGE_2024
3505005,Barão de Antonina,SP,153.142,7,jul,39.02338026203015,OK,1991,2020,30,CHIRPS_v2,UCSB-CHG/CHIRPS/DAILY,1991-2020,IBGE_2024
3553856,Taquarivaí,SP,231.792,7,jul,61.03204852883732,OK,1991,2020,30,CHIRPS_v2,UCSB-CHG/CHIRPS/DAILY,1991-2020,IBGE_2024
3502705,Apiaí,SP,974.322,7,jul,65.78544215927852,OK,1991,2020,30,CHIRPS_v2,UCSB-CHG/CHIRPS/DAILY,1991-2020,IBGE_2024
3543253,Ribeirão Grande,SP,333.363,7,jul,65.23636596961987,OK,1991,2020,30,CHIRPS_v2,UCSB-CHG/CHIRPS/DAILY,1991-2020,IBGE_2024
3543501,Riversul,SP,385.878,7,jul,63.95011312545162,OK,1991,2020,30,CHIRPS_v2,UCSB-CHG/CHIRPS/DAILY,1991-2020,IBGE_2024
3542800,Ribeira,SP,335.759,7,jul,76.78182988220593,OK,1991,2020,30,CHIRPS_v2,UCSB-CHG/CHIRPS/DAILY,1991-2020,IBGE_2024
3543006,Ribeirão Branco,SP,697.5,7,jul,63.283003587419145,OK,1991,2020,30,CHIRPS_v2,UCSB-CHG/CHIRPS/DAILY,1991-2020,IBGE_2024
3510203,Capão Bonito,SP,1640.229,7,jul,59.50360722342031,OK,1991,2020,30,CHIRPS_v2,UCSB-CHG/CHIRPS/DAILY,1991-2020,IBGE_2024
3517604,Guapiara,SP,408.292,7,jul,73.70377387387423,OK,1991,2020,30,CHIRPS_v2,UCSB-CHG/CHIRPS/DAILY,1991-2020,IBGE_2024
3508009,Buri,SP,1196.463,7,jul,55.18151969653917,OK,1991,2020,30,CHIRPS_v2,UCSB-CHG/CHIRPS/DAILY,1991-2020,IBGE_2024
3532827,Nova Campina,SP,385.375,7,jul,63.319421907796546,OK,1991,2020,30,CHIRPS_v2,UCSB-CHG/CHIRPS/DAILY,1991-2020,IBGE_2024
3523206,Itararé,SP,1003.86,7,jul,65.60072249158277,OK,1991,2020,30,CHIRPS_v2,UCSB-CHG/CHIRPS/DAILY,1991-2020,IBGE_2024
3507159,Bom Sucesso de Itararé,SP,133.578,7,jul,67.77224248338878,OK,1991,2020,30,CHIRPS_v2,UCSB-CHG/CHIRPS/DAILY,1991-2020,IBGE_2024
3522802,Itaporanga,SP,507.997,7,jul,55.61657073704708,OK,1991,2020,30,CHIRPS_v2,UCSB-CHG/CHIRPS/DAILY,1991-2020,IBGE_2024
3522653,Itapirapuã Paulista,SP,406.478,7,jul,77.91755407798988,OK,1991,2020,30,CHIRPS_v2,UCSB-CHG/CHIRPS/DAILY,1991-2020,IBGE_2024
3522158,Itaoca,SP,183.015,7,jul,83.20559611775307,OK,1991,2020,30,CHIRPS_v2,UCSB-CHG/CHIRPS/DAILY,1991-2020,IBGE_2024
3522406,Itapeva,SP,1826.258,7,jul,60.73856196528085,OK,1991,2020,30,CHIRPS_v2,UCSB-CHG/CHIRPS/DAILY,1991-2020,IBGE_2024
3521705,Itaberá,SP,1100.247,7,jul,60.52610657259581,OK,1991,2020,30,CHIRPS_v2,UCSB-CHG/CHIRPS/DAILY,1991-2020,IBGE_2024
3505351,Barra do Chapéu,SP,405.681,7,jul,69.08221275883415,OK,1991,2020,30,CHIRPS_v2,UCSB-CHG/CHIRPS/DAILY,1991-2020,IBGE_2024
3521200,Iporanga,SP,1152.059,7,jul,80.27760945107747,OK,1991,2020,30,CHIRPS_v2,UCSB-CHG/CHIRPS/DAILY,1991-2020,IBGE_2024
3520301,Iguape,SP,1978.329,7,jul,84.87326616062458,OK,1991,2020,30,CHIRPS_v2,UCSB-CHG/CHIRPS/DAILY,1991-2020,IBGE_2024
3520426,Ilha Comprida,SP,196.567,7,jul,99.22056075788267,OK,1991,2020,30,CHIRPS_v2,UCSB-CHG/CHIRPS/DAILY,1991-2020,IBGE_2024
3536208,Pariquera-Açu,SP,359.414,7,jul,79.30664763365054,OK,1991,2020,30,CHIRPS_v2,UCSB-CHG/CHIRPS/DAILY,1991-2020,IBGE_2024
3551801,Sete Barras,SP,1062.699,7,jul,79.13377855903491,OK,1991,2020,30,CHIRPS_v2,UCSB-CHG/CHIRPS/DAILY,1991-2020,IBGE_2024
3509908,Cananéia,SP,1237.354,7,jul,94.58443666493403,OK,1991,2020,30,CHIRPS_v2,UCSB-CHG/CHIRPS/DAILY,1991-2020,IBGE_2024
3542602,Registro,SP,722.201,7,jul,81.17280133757076,OK,1991,2020,30,CHIRPS_v2,UCSB-CHG/CHIRPS/DAILY,1991-2020,IBGE_2024
3526100,Juquiá,SP,812.799,7,jul,73.94089275880707,OK,1991,2020,30,CHIRPS_v2,UCSB-CHG/CHIRPS/DAILY,1991-2020,IBGE_2024
3509254,Cajati,SP,454.489,7,jul,77.60471429186184,OK,1991,2020,30,CHIRPS_v2,UCSB-CHG/CHIRPS/DAILY,1991-2020,IBGE_2024
3524600,Jacupiranga,SP,704.136,7,jul,80.15601075021851,OK,1991,2020,30,CHIRPS_v2,UCSB-CHG/CHIRPS/DAILY,1991-2020,IBGE_2024
3514809,Eldorado,SP,1654.256,7,jul,79.24820965835463,OK,1991,2020,30,CHIRPS_v2,UCSB-CHG/CHIRPS/DAILY,1991-2020,IBGE_2024
3505401,Barra do Turvo,SP,1007.684,7,jul,88.38733177554197,OK,1991,2020,30,CHIRPS_v2,UCSB-CHG/CHIRPS/DAILY,1991-2020,IBGE_2024
3529906,Miracatu,SP,1002.2,7,jul,67.44154656516602,OK,1991,2020,30,CHIRPS_v2,UCSB-CHG/CHIRPS/DAILY,1991-2020,IBGE_2024
3500758,Alambari,SP,159.6,7,jul,45.55025434514135,OK,1991,2020,30,CHIRPS_v2,UCSB-CHG/CHIRPS/DAILY,1991-2020,IBGE_2024
3522307,Itapetininga,SP,1789.35,7,jul,49.036709520574156,OK,1991,2020,30,CHIRPS_v2,UCSB-CHG/CHIRPS/DAILY,1991-2020,IBGE_2024
3502200,Angatuba,SP,1028.104,7,jul,44.17598040179297,OK,1991,2020,30,CHIRPS_v2,UCSB-CHG/CHIRPS/DAILY,1991-2020,IBGE_2024
3518503,Guareí,SP,567.719,7,jul,38.63859921243655,OK,1991,2020,30,CHIRPS_v2,UCSB-CHG/CHIRPS/DAILY,1991-2020,IBGE_2024
3509452,Campina do Monte Alegre,SP,184.479,7,jul,50.152487691388295,OK,1991,2020,30,CHIRPS_v2,UCSB-CHG/CHIRPS/DAILY,1991-2020,IBGE_2024
3550209,São Miguel Arcanjo,SP,930.339,7,jul,50.397086104066254,OK,1991,2020,30,CHIRPS_v2,UCSB-CHG/CHIRPS/DAILY,1991-2020,IBGE_2024
3512605,Coronel Macedo,SP,303.83,7,jul,58.0140196187015,OK,1991,2020,30,CHIRPS_v2,UCSB-CHG/CHIRPS/DAILY,1991-2020,IBGE_2024
3553807,Taquarituba,SP,448.515,7,jul,52.08055398890134,OK,1991,2020,30,CHIRPS_v2,UCSB-CHG/CHIRPS/DAILY,1991-2020,IBGE_2024
3504503,Avaré,SP,1213.055,7,jul,42.289984439988984,OK,1991,2020,30,CHIRPS_v2,UCSB-CHG/CHIRPS/DAILY,1991-2020,IBGE_2024
3553005,Taguaí,SP,145.332,7,jul,59.702633418,OK,1991,2020,30,CHIRPS_v2,UCSB-CHG/CHIRPS/DAILY,1991-2020,IBGE_2024
3528601,Manduri,SP,229.046,7,jul,38.36575536252698,OK,1991,2020,30,CHIRPS_v2,UCSB-CHG/CHIRPS/DAILY,1991-2020,IBGE_2024
3511409,Cerqueira César,SP,511.621,7,jul,33.64119569917952,OK,1991,2020,30,CHIRPS_v2,UCSB-CHG/CHIRPS/DAILY,1991-2020,IBGE_2024
3519253,Iaras,SP,401.381,7,jul,29.95863783803577,OK,1991,2020,30,CHIRPS_v2,UCSB-CHG/CHIRPS/DAILY,1991-2020,IBGE_2024
3535804,Paranapanema,SP,1018.724,7,jul,47.035427073995415,OK,1991,2020,30,CHIRPS_v2,UCSB-CHG/CHIRPS/DAILY,1991-2020,IBGE_2024
3503109,Arandu,SP,285.908,7,jul,42.77673210391402,OK,1991,2020,30,CHIRPS_v2,UCSB-CHG/CHIRPS/DAILY,1991-2020,IBGE_2024
3533809,Óleo,SP,198.938,7,jul,38.240088597870184,OK,1991,2020,30,CHIRPS_v2,UCSB-CHG/CHIRPS/DAILY,1991-2020,IBGE_2024
3500550,Águas de Santa Bárbara,SP,404.463,7,jul,29.6518723454474,OK,1991,2020,30,CHIRPS_v2,UCSB-CHG/CHIRPS/DAILY,1991-2020,IBGE_2024
3521804,Itaí,SP,1092.884,7,jul,48.05031378439779,OK,1991,2020,30,CHIRPS_v2,UCSB-CHG/CHIRPS/DAILY,1991-2020,IBGE_2024
3554003,Tatuí,SP,523.749,7,jul,37.87441854422696,OK,1991,2020,30,CHIRPS_v2,UCSB-CHG/CHIRPS/DAILY,1991-2020,IBGE_2024
3554656,Torre de Pedra,SP,71.506,7,jul,36.89746603897269,OK,1991,2020,30,CHIRPS_v2,UCSB-CHG/CHIRPS/DAILY,1991-2020,IBGE_2024
3537503,Pereiras,SP,223.136,7,jul,28.768806571944335,OK,1991,2020,30,CHIRPS_v2,UCSB-CHG/CHIRPS/DAILY,1991-2020,IBGE_2024
3511607,Cesário Lange,SP,190.392,7,jul,32.17353890093601,OK,1991,2020,30,CHIRPS_v2,UCSB-CHG/CHIRPS/DAILY,1991-2020,IBGE_2024
3541653,Quadra,SP,205.672,7,jul,36.449175472523144,OK,1991,2020,30,CHIRPS_v2,UCSB-CHG/CHIRPS/DAILY,1991-2020,IBGE_2024
3540507,Porangaba,SP,265.968,7,jul,34.89803513367704,OK,1991,2020,30,CHIRPS_v2,UCSB-CHG/CHIRPS/DAILY,1991-2020,IBGE_2024
3539400,Piratininga,SP,402.409,7,jul,30.51807506335981,OK,1991,2020,30,CHIRPS_v2,UCSB-CHG/CHIRPS/DAILY,1991-2020,IBGE_2024
3506003,Bauru,SP,667.684,7,jul,32.174070684497,OK,1991,2020,30,CHIRPS_v2,UCSB-CHG/CHIRPS/DAILY,1991-2020,IBGE_2024
3504305,Avaí,SP,540.689,7,jul,25.814729165232702,OK,1991,2020,30,CHIRPS_v2,UCSB-CHG/CHIRPS/DAILY,1991-2020,IBGE_2024
3504701,Balbinos,SP,91.635,7,jul,21.467322396829356,OK,1991,2020,30,CHIRPS_v2,UCSB-CHG/CHIRPS/DAILY,1991-2020,IBGE_2024
3536703,Pederneiras,SP,727.482,7,jul,28.673493679558273,OK,1991,2020,30,CHIRPS_v2,UCSB-CHG/CHIRPS/DAILY,1991-2020,IBGE_2024
3536570,Paulistânia,SP,256.178,7,jul,30.182630628401753,OK,1991,2020,30,CHIRPS_v2,UCSB-CHG/CHIRPS/DAILY,1991-2020,IBGE_2024
3503406,Arealva,SP,506.226,7,jul,23.89019663116776,OK,1991,2020,30,CHIRPS_v2,UCSB-CHG/CHIRPS/DAILY,1991-2020,IBGE_2024
3528007,Macatuba,SP,224.514,7,jul,28.625788273406766,OK,1991,2020,30,CHIRPS_v2,UCSB-CHG/CHIRPS/DAILY,1991-2020,IBGE_2024
3519105,Iacanga,SP,547.393,7,jul,21.119593379019058,OK,1991,2020,30,CHIRPS_v2,UCSB-CHG/CHIRPS/DAILY,1991-2020,IBGE_2024
3527504,Lucianópolis,SP,189.536,7,jul,30.575856956803797,OK,1991,2020,30,CHIRPS_v2,UCSB-CHG/CHIRPS/DAILY,1991-2020,IBGE_2024
3526803,Lençóis Paulista,SP,809.541,7,jul,30.07804020105758,OK,1991,2020,30,CHIRPS_v2,UCSB-CHG/CHIRPS/DAILY,1991-2020,IBGE_2024
3542503,Reginópolis,SP,410.406,7,jul,20.92130534148983,OK,1991,2020,30,CHIRPS_v2,UCSB-CHG/CHIRPS/DAILY,1991-2020,IBGE_2024
3500709,Agudos,SP,966.708,7,jul,30.86839986278746,OK,1991,2020,30,CHIRPS_v2,UCSB-CHG/CHIRPS/DAILY,1991-2020,IBGE_2024
3508306,Cabrália Paulista,SP,239.974,7,jul,28.45829130650629,OK,1991,2020,30,CHIRPS_v2,UCSB-CHG/CHIRPS/DAILY,1991-2020,IBGE_2024
3541109,Presidente Alves,SP,286.642,7,jul,24.549792297163478,OK,1991,2020,30,CHIRPS_v2,UCSB-CHG/CHIRPS/DAILY,1991-2020,IBGE_2024
3507456,Borebi,SP,347.989,7,jul,30.197254776739925,OK,1991,2020,30,CHIRPS_v2,UCSB-CHG/CHIRPS/DAILY,1991-2020,IBGE_2024
3514502,Duartina,SP,264.557,7,jul,29.253557374563297,OK,1991,2020,30,CHIRPS_v2,UCSB-CHG/CHIRPS/DAILY,1991-2020,IBGE_2024
3555505,Ubirajara,SP,282.179,7,jul,31.93794813166825,OK,1991,2020,30,CHIRPS_v2,UCSB-CHG/CHIRPS/DAILY,1991-2020,IBGE_2024
3538907,Pirajuí,SP,823.758,7,jul,22.364697646865483,OK,1991,2020,30,CHIRPS_v2,UCSB-CHG/CHIRPS/DAILY,1991-2020,IBGE_2024
3525300,Jaú,SP,687.103,7,jul,24.737349808222323,OK,1991,2020,30,CHIRPS_v2,UCSB-CHG/CHIRPS/DAILY,1991-2020,IBGE_2024
3505302,Barra Bonita,SP,150.121,7,jul,30.01559648342112,OK,1991,2020,30,CHIRPS_v2,UCSB-CHG/CHIRPS/DAILY,1991-2020,IBGE_2024
3554706,Torrinha,SP,315.267,7,jul,27.617739256413543,OK,1991,2020,30,CHIRPS_v2,UCSB-CHG/CHIRPS/DAILY,1991-2020,IBGE_2024
3505203,Bariri,SP,444.405,7,jul,21.191998200007983,OK,1991,2020,30,CHIRPS_v2,UCSB-CHG/CHIRPS/DAILY,1991-2020,IBGE_2024
3520004,Igaraçu do Tietê,SP,97.747,7,jul,31.627358811194778,OK,1991,2020,30,CHIRPS_v2,UCSB-CHG/CHIRPS/DAILY,1991-2020,IBGE_2024
3507902,Brotas,SP,1101.373,7,jul,24.64213957285522,OK,1991,2020,30,CHIRPS_v2,UCSB-CHG/CHIRPS/DAILY,1991-2020,IBGE_2024
3507308,Boracéia,SP,122.11,7,jul,23.571474342441793,OK,1991,2020,30,CHIRPS_v2,UCSB-CHG/CHIRPS/DAILY,1991-2020,IBGE_2024
3506805,Bocaina,SP,363.926,7,jul,21.792016929290874,OK,1991,2020,30,CHIRPS_v2,UCSB-CHG/CHIRPS/DAILY,1991-2020,IBGE_2024
3522901,Itapuí,SP,140.023,7,jul,24.714908782353486,OK,1991,2020,30,CHIRPS_v2,UCSB-CHG/CHIRPS/DAILY,1991-2020,IBGE_2024
3514106,Dois Córregos,SP,632.972,7,jul,26.135494180733836,OK,1991,2020,30,CHIRPS_v2,UCSB-CHG/CHIRPS/DAILY,1991-2020,IBGE_2024
3529807,Mineiros do Tietê,SP,213.242,7,jul,27.2913910332807,OK,1991,2020,30,CHIRPS_v2,UCSB-CHG/CHIRPS/DAILY,1991-2020,IBGE_2024
3522000,Itaju,SP,230.355,7,jul,21.773413754154344,OK,1991,2020,30,CHIRPS_v2,UCSB-CHG/CHIRPS/DAILY,1991-2020,IBGE_2024
3507506,Botucatu,SP,1481.772,7,jul,32.96378106947396,OK,1991,2020,30,CHIRPS_v2,UCSB-CHG/CHIRPS/DAILY,1991-2020,IBGE_2024
3512308,Conchas,SP,467.327,7,jul,27.989461129133897,OK,1991,2020,30,CHIRPS_v2,UCSB-CHG/CHIRPS/DAILY,1991-2020,IBGE_2024
3536109,Pardinho,SP,208.223,7,jul,34.663570654797034,OK,1991,2020,30,CHIRPS_v2,UCSB-CHG/CHIRPS/DAILY,1991-2020,IBGE_2024
3503604,Areiópolis,SP,85.907,7,jul,30.83718612303502,OK,1991,2020,30,CHIRPS_v2,UCSB-CHG/CHIRPS/DAILY,1991-2020,IBGE_2024
3502309,Anhembi,SP,736.09,7,jul,29.424121539503822,OK,1991,2020,30,CHIRPS_v2,UCSB-CHG/CHIRPS/DAILY,1991-2020,IBGE_2024
3550100,São Manuel,SP,650.734,7,jul,33.28604806104395,OK,1991,2020,30,CHIRPS_v2,UCSB-CHG/CHIRPS/DAILY,1991-2020,IBGE_2024
3541059,Pratânia,SP,175.1,7,jul,32.37335392256944,OK,1991,2020,30,CHIRPS_v2,UCSB-CHG/CHIRPS/DAILY,1991-2020,IBGE_2024
3506904,Bofete,SP,654.546,7,jul,35.486979619304236,OK,1991,2020,30,CHIRPS_v2,UCSB-CHG/CHIRPS/DAILY,1991-2020,IBGE_2024
3523503,Itatinga,SP,979.526,7,jul,41.49969603394571,OK,1991,2020,30,CHIRPS_v2,UCSB-CHG/CHIRPS/DAILY,1991-2020,IBGE_2024
3544608,Sabino,SP,305.285,7,jul,19.466526058978356,OK,1991,2020,30,CHIRPS_v2,UCSB-CHG/CHIRPS/DAILY,1991-2020,IBGE_2024
3527108,Lins,SP,570.058,7,jul,21.31558360168331,OK,1991,2020,30,CHIRPS_v2,UCSB-CHG/CHIRPS/DAILY,1991-2020,IBGE_2024
3518107,Guarantã,SP,461.746,7,jul,21.494845132344825,OK,1991,2020,30,CHIRPS_v2,UCSB-CHG/CHIRPS/DAILY,1991-2020,IBGE_2024
3517208,Guaiçara,SP,277.154,7,jul,20.408497021830556,OK,1991,2020,30,CHIRPS_v2,UCSB-CHG/CHIRPS/DAILY,1991-2020,IBGE_2024
3541604,Promissão,SP,779.2,7,jul,19.454752406600655,OK,1991,2020,30,CHIRPS_v2,UCSB-CHG/CHIRPS/DAILY,1991-2020,IBGE_2024
3508801,Cafelândia,SP,920.28,7,jul,20.03898647036425,OK,1991,2020,30,CHIRPS_v2,UCSB-CHG/CHIRPS/DAILY,1991-2020,IBGE_2024
3540101,Pongaí,SP,183.399,7,jul,20.677400053615415,OK,1991,2020,30,CHIRPS_v2,UCSB-CHG/CHIRPS/DAILY,1991-2020,IBGE_2024
3555901,Uru,SP,146.901,7,jul,20.730254101481965,OK,1991,2020,30,CHIRPS_v2,UCSB-CHG/CHIRPS/DAILY,1991-2020,IBGE_2024
3529005,Marília,SP,1170.515,7,jul,25.160649277464,OK,1991,2020,30,CHIRPS_v2,UCSB-CHG/CHIRPS/DAILY,1991-2020,IBGE_2024
3534104,Oriente,SP,218.668,7,jul,23.06906013324658,OK,1991,2020,30,CHIRPS_v2,UCSB-CHG/CHIRPS/DAILY,1991-2020,IBGE_2024
3556602,Vera Cruz,SP,247.716,7,jul,26.52110731251435,OK,1991,2020,30,CHIRPS_v2,UCSB-CHG/CHIRPS/DAILY,1991-2020,IBGE_2024
3527801,Lupércio,SP,155.171,7,jul,30.705768673415477,OK,1991,2020,30,CHIRPS_v2,UCSB-CHG/CHIRPS/DAILY,1991-2020,IBGE_2024
3534500,Oscar Bressane,SP,222.13,7,jul,26.746463681684418,OK,1991,2020,30,CHIRPS_v2,UCSB-CHG/CHIRPS/DAILY,1991-2020,IBGE_2024
3525805,Júlio Mesquita,SP,128.183,7,jul,22.910592344927952,OK,1991,2020,30,CHIRPS_v2,UCSB-CHG/CHIRPS/DAILY,1991-2020,IBGE_2024
3509809,Campos Novos Paulista,SP,484.199,7,jul,34.520477237883725,OK,1991,2020,30,CHIRPS_v2,UCSB-CHG/CHIRPS/DAILY,1991-2020,IBGE_2024
3501400,Álvaro de Carvalho,SP,153.662,7,jul,29.52730659111236,OK,1991,2020,30,CHIRPS_v2,UCSB-CHG/CHIRPS/DAILY,1991-2020,IBGE_2024
3501509,Alvinlândia,SP,84.879,7,jul,30.76907043298477,OK,1991,2020,30,CHIRPS_v2,UCSB-CHG/CHIRPS/DAILY,1991-2020,IBGE_2024
3517000,Getulina,SP,676.755,7,jul,19.658872769594307,OK,1991,2020,30,CHIRPS_v2,UCSB-CHG/CHIRPS/DAILY,1991-2020,IBGE_2024
3533700,Ocauçu,SP,301.036,7,jul,32.004575844185496,OK,1991,2020,30,CHIRPS_v2,UCSB-CHG/CHIRPS/DAILY,1991-2020,IBGE_2024
3542008,Quintana,SP,318.937,7,jul,23.385899556713866,OK,1991,2020,30,CHIRPS_v2,UCSB-CHG/CHIRPS/DAILY,1991-2020,IBGE_2024
3517307,Guaimbê,SP,217.811,7,jul,21.105103564366907,OK,1991,2020,30,CHIRPS_v2,UCSB-CHG/CHIRPS/DAILY,1991-2020,IBGE_2024
3516705,Garça,SP,555.807,7,jul,26.60626865305029,OK,1991,2020,30,CHIRPS_v2,UCSB-CHG/CHIRPS/DAILY,1991-2020,IBGE_2024
3516606,Gália,SP,355.914,7,jul,27.69508417045824,OK,1991,2020,30,CHIRPS_v2,UCSB-CHG/CHIRPS/DAILY,1991-2020,IBGE_2024
3515657,Fernão,SP,100.504,7,jul,29.926431209219846,OK,1991,2020,30,CHIRPS_v2,UCSB-CHG/CHIRPS/DAILY,1991-2020,IBGE_2024
3540002,Pompéia,SP,784.674,7,jul,22.999187323844403,OK,1991,2020,30,CHIRPS_v2,UCSB-CHG/CHIRPS/DAILY,1991-2020,IBGE_2024
3514700,Echaporã,SP,515.258,7,jul,31.26108458892947,OK,1991,2020,30,CHIRPS_v2,UCSB-CHG/CHIRPS/DAILY,1991-2020,IBGE_2024
3553955,Tarumã,SP,302.913,7,jul,41.60900649457921,OK,1991,2020,30,CHIRPS_v2,UCSB-CHG/CHIRPS/DAILY,1991-2020,IBGE_2024
3513306,Cruzália,SP,149.33,7,jul,41.366278448449215,OK,1991,2020,30,CHIRPS_v2,UCSB-CHG/CHIRPS/DAILY,1991-2020,IBGE_2024
3537156,Pedrinhas Paulista,SP,152.309,7,jul,46.34593003644876,OK,1991,2020,30,CHIRPS_v2,UCSB-CHG/CHIRPS/DAILY,1991-2020,IBGE_2024
3528809,Maracaí,SP,533.498,7,jul,37.28131943123287,OK,1991,2020,30,CHIRPS_v2,UCSB-CHG/CHIRPS/DAILY,1991-2020,IBGE_2024
3527900,Lutécia,SP,475.226,7,jul,27.652485162551102,OK,1991,2020,30,CHIRPS_v2,UCSB-CHG/CHIRPS/DAILY,1991-2020,IBGE_2024
3504008,Assis,SP,460.609,7,jul,41.129947567284056,OK,1991,2020,30,CHIRPS_v2,UCSB-CHG/CHIRPS/DAILY,1991-2020,IBGE_2024
3535507,Paraguaçu Paulista,SP,1001.492,7,jul,30.957745794872675,OK,1991,2020,30,CHIRPS_v2,UCSB-CHG/CHIRPS/DAILY,1991-2020,IBGE_2024
3535309,Palmital,SP,548.407,7,jul,41.14037870355382,OK,1991,2020,30,CHIRPS_v2,UCSB-CHG/CHIRPS/DAILY,1991-2020,IBGE_2024
3510005,Cândido Mota,SP,595.811,7,jul,46.54105640017481,OK,1991,2020,30,CHIRPS_v2,UCSB-CHG/CHIRPS/DAILY,1991-2020,IBGE_2024
3516101,Florínea,SP,225.886,7,jul,49.98696325454018,OK,1991,2020,30,CHIRPS_v2,UCSB-CHG/CHIRPS/DAILY,1991-2020,IBGE_2024
3539707,Platina,SP,327.48,7,jul,37.74420791723395,OK,1991,2020,30,CHIRPS_v2,UCSB-CHG/CHIRPS/DAILY,1991-2020,IBGE_2024
3507209,Borá,SP,118.951,7,jul,25.02871973594889,OK,1991,2020,30,CHIRPS_v2,UCSB-CHG/CHIRPS/DAILY,1991-2020,IBGE_2024
3534708,Ourinhos,SP,295.818,7,jul,43.08991431055319,OK,1991,2020,30,CHIRPS_v2,UCSB-CHG/CHIRPS/DAILY,1991-2020,IBGE_2024
3510153,Canitar,SP,57.459,7,jul,44.728347348316206,OK,1991,2020,30,CHIRPS_v2,UCSB-CHG/CHIRPS/DAILY,1991-2020,IBGE_2024
3545407,Salto Grande,SP,188.441,7,jul,40.82775374521157,OK,1991,2020,30,CHIRPS_v2,UCSB-CHG/CHIRPS/DAILY,1991-2020,IBGE_2024
3520905,Ipaussu,SP,209.554,7,jul,37.61211636502203,OK,1991,2020,30,CHIRPS_v2,UCSB-CHG/CHIRPS/DAILY,1991-2020,IBGE_2024
3519501,Ibirarema,SP,228.23,7,jul,38.3974756622985,OK,1991,2020,30,CHIRPS_v2,UCSB-CHG/CHIRPS/DAILY,1991-2020,IBGE_2024
3543204,Ribeirão do Sul,SP,203.208,7,jul,36.60171628510081,OK,1991,2020,30,CHIRPS_v2,UCSB-CHG/CHIRPS/DAILY,1991-2020,IBGE_2024
3550506,São Pedro do Turvo,SP,731.221,7,jul,34.724292804695786,OK,1991,2020,30,CHIRPS_v2,UCSB-CHG/CHIRPS/DAILY,1991-2020,IBGE_2024
3557204,Chavantes,SP,188.727,7,jul,41.67872592445525,OK,1991,2020,30,CHIRPS_v2,UCSB-CHG/CHIRPS/DAILY,1991-2020,IBGE_2024
3515194,Espírito Santo do Turvo,SP,193.666,7,jul,31.690053800298585,OK,1991,2020,30,CHIRPS_v2,UCSB-CHG/CHIRPS/DAILY,1991-2020,IBGE_2024
3506300,Bernardino de Campos,SP,244.158,7,jul,39.82436676762464,OK,1991,2020,30,CHIRPS_v2,UCSB-CHG/CHIRPS/DAILY,1991-2020,IBGE_2024
3546405,Santa Cruz do Rio Pardo,SP,1114.747,7,jul,37.76499027651011,OK,1991,2020,30,CHIRPS_v2,UCSB-CHG/CHIRPS/DAILY,1991-2020,IBGE_2024
3536000,Parapuã,SP,366.676,7,jul,25.87732802376595,OK,1991,2020,30,CHIRPS_v2,UCSB-CHG/CHIRPS/DAILY,1991-2020,IBGE_2024
3503356,Arco-Íris,SP,264.904,7,jul,24.405679921351894,OK,1991,2020,30,CHIRPS_v2,UCSB-CHG/CHIRPS/DAILY,1991-2020,IBGE_2024
3519204,Iacri,SP,321.948,7,jul,24.92372114577162,OK,1991,2020,30,CHIRPS_v2,UCSB-CHG/CHIRPS/DAILY,1991-2020,IBGE_2024
3543808,Rinópolis,SP,358.481,7,jul,23.569775342019692,OK,1991,2020,30,CHIRPS_v2,UCSB-CHG/CHIRPS/DAILY,1991-2020,IBGE_2024
3519006,Herculândia,SP,364.252,7,jul,23.370206680263873,OK,1991,2020,30,CHIRPS_v2,UCSB-CHG/CHIRPS/DAILY,1991-2020,IBGE_2024
3541802,Queiroz,SP,234.914,7,jul,22.44342267292855,OK,1991,2020,30,CHIRPS_v2,UCSB-CHG/CHIRPS/DAILY,1991-2020,IBGE_2024
3555000,Tupã,SP,627.986,7,jul,24.827035785100055,OK,1991,2020,30,CHIRPS_v2,UCSB-CHG/CHIRPS/DAILY,1991-2020,IBGE_2024
3505807,Bastos,SP,170.912,7,jul,25.03395347842271,OK,1991,2020,30,CHIRPS_v2,UCSB-CHG/CHIRPS/DAILY,1991-2020,IBGE_2024
3554201,Tejupá,SP,296.189,7,jul,64.58731130606161,OK,1991,2020,30,CHIRPS_v2,UCSB-CHG/CHIRPS/DAILY,1991-2020,IBGE_2024
3551207,Sarutaiá,SP,141.608,7,jul,51.35368923987241,OK,1991,2020,30,CHIRPS_v2,UCSB-CHG/CHIRPS/DAILY,1991-2020,IBGE_2024
3515400,Fartura,SP,429.171,7,jul,51.0253641455914,OK,1991,2020,30,CHIRPS_v2,UCSB-CHG/CHIRPS/DAILY,1991-2020,IBGE_2024
3538808,Piraju,SP,504.591,7,jul,46.19695532845095,OK,1991,2020,30,CHIRPS_v2,UCSB-CHG/CHIRPS/DAILY,1991-2020,IBGE_2024
3554607,Timburi,SP,196.79,7,jul,44.64811907207863,OK,1991,2020,30,CHIRPS_v2,UCSB-CHG/CHIRPS/DAILY,1991-2020,IBGE_2024
3554300,Teodoro Sampaio,SP,1559.776,7,jul,35.80158522277571,OK,1991,2020,30,CHIRPS_v2,UCSB-CHG/CHIRPS/DAILY,1991-2020,IBGE_2024
3529203,Martinópolis,SP,1251.492,7,jul,28.43826562880743,OK,1991,2020,30,CHIRPS_v2,UCSB-CHG/CHIRPS/DAILY,1991-2020,IBGE_2024
3545506,Sandovalina,SP,455.856,7,jul,37.31000012392546,OK,1991,2020,30,CHIRPS_v2,UCSB-CHG/CHIRPS/DAILY,1991-2020,IBGE_2024
3544251,Rosana,SP,742.762,7,jul,45.20036598589297,OK,1991,2020,30,CHIRPS_v2,UCSB-CHG/CHIRPS/DAILY,1991-2020,IBGE_2024
3519907,Iepê,SP,594.985,7,jul,39.709149315406236,OK,1991,2020,30,CHIRPS_v2,UCSB-CHG/CHIRPS/DAILY,1991-2020,IBGE_2024
3543238,Ribeirão dos Índios,SP,196.467,7,jul,24.990473850456443,OK,1991,2020,30,CHIRPS_v2,UCSB-CHG/CHIRPS/DAILY,1991-2020,IBGE_2024
3542206,Rancharia,SP,1591.148,7,jul,29.3386527224449,OK,1991,2020,30,CHIRPS_v2,UCSB-CHG/CHIRPS/DAILY,1991-2020,IBGE_2024
3541703,Quatá,SP,651.341,7,jul,25.80634851578733,OK,1991,2020,30,CHIRPS_v2,UCSB-CHG/CHIRPS/DAILY,1991-2020,IBGE_2024
3525607,João Ramalho,SP,415.452,7,jul,27.801551199022,OK,1991,2020,30,CHIRPS_v2,UCSB-CHG/CHIRPS/DAILY,1991-2020,IBGE_2024
3532157,Nantes,SP,286.444,7,jul,40.51289766479984,OK,1991,2020,30,CHIRPS_v2,UCSB-CHG/CHIRPS/DAILY,1991-2020,IBGE_2024
3515350,Euclides da Cunha Paulista,SP,571.169,7,jul,45.410944587611425,OK,1991,2020,30,CHIRPS_v2,UCSB-CHG/CHIRPS/DAILY,1991-2020,IBGE_2024
3547700,Santo Anastácio,SP,552.876,7,jul,29.10767342144626,OK,1991,2020,30,CHIRPS_v2,UCSB-CHG/CHIRPS/DAILY,1991-2020,IBGE_2024
3530201,Mirante do Paranapanema,SP,1238.931,7,jul,29.502911043833464,OK,1991,2020,30,CHIRPS_v2,UCSB-CHG/CHIRPS/DAILY,1991-2020,IBGE_2024
3553906,Tarabai,SP,201.385,7,jul,33.11399092254681,OK,1991,2020,30,CHIRPS_v2,UCSB-CHG/CHIRPS/DAILY,1991-2020,IBGE_2024
3520608,Indiana,SP,129.019,7,jul,29.14238825071316,OK,1991,2020,30,CHIRPS_v2,UCSB-CHG/CHIRPS/DAILY,1991-2020,IBGE_2024
3552908,Taciba,SP,606.755,7,jul,38.28252719650465,OK,1991,2020,30,CHIRPS_v2,UCSB-CHG/CHIRPS/DAILY,1991-2020,IBGE_2024
3502408,Anhumas,SP,320.84,7,jul,32.587915634897975,OK,1991,2020,30,CHIRPS_v2,UCSB-CHG/CHIRPS/DAILY,1991-2020,IBGE_2024
3501301,Álvares Machado,SP,347.647,7,jul,28.971212104793523,OK,1991,2020,30,CHIRPS_v2,UCSB-CHG/CHIRPS/DAILY,1991-2020,IBGE_2024
3542404,Regente Feijó,SP,263.426,7,jul,32.008780427779236,OK,1991,2020,30,CHIRPS_v2,UCSB-CHG/CHIRPS/DAILY,1991-2020,IBGE_2024
3508900,Caiabu,SP,252.704,7,jul,24.632748464449286,OK,1991,2020,30,CHIRPS_v2,UCSB-CHG/CHIRPS/DAILY,1991-2020,IBGE_2024
3500808,Alfredo Marcondes,SP,118.915,7,jul,24.947489741288805,OK,1991,2020,30,CHIRPS_v2,UCSB-CHG/CHIRPS/DAILY,1991-2020,IBGE_2024
3541208,Presidente Bernardes,SP,749.234,7,jul,29.487963606032686,OK,1991,2020,30,CHIRPS_v2,UCSB-CHG/CHIRPS/DAILY,1991-2020,IBGE_2024
3541406,Presidente Prudente,SP,560.637,7,jul,27.688229733688054,OK,1991,2020,30,CHIRPS_v2,UCSB-CHG/CHIRPS/DAILY,1991-2020,IBGE_2024
3548302,Santo Expedito,SP,94.465,7,jul,23.49059299324561,OK,1991,2020,30,CHIRPS_v2,UCSB-CHG/CHIRPS/DAILY,1991-2020,IBGE_2024
3532207,Narandiba,SP,357.325,7,jul,40.17291641379916,OK,1991,2020,30,CHIRPS_v2,UCSB-CHG/CHIRPS/DAILY,1991-2020,IBGE_2024
3515129,Emilianópolis,SP,225.177,7,jul,23.47658090740917,OK,1991,2020,30,CHIRPS_v2,UCSB-CHG/CHIRPS/DAILY,1991-2020,IBGE_2024
3539202,Pirapozinho,SP,477.673,7,jul,38.46799665620404,OK,1991,2020,30,CHIRPS_v2,UCSB-CHG/CHIRPS/DAILY,1991-2020,IBGE_2024
3515301,Estrela do Norte,SP,264.987,7,jul,38.35698321836926,OK,1991,2020,30,CHIRPS_v2,UCSB-CHG/CHIRPS/DAILY,1991-2020,IBGE_2024
3528908,Mariápolis,SP,186.432,7,jul,22.157929033067564,OK,1991,2020,30,CHIRPS_v2,UCSB-CHG/CHIRPS/DAILY,1991-2020,IBGE_2024
3520806,Inúbia Paulista,SP,87.119,7,jul,20.349015628138893,OK,1991,2020,30,CHIRPS_v2,UCSB-CHG/CHIRPS/DAILY,1991-2020,IBGE_2024
3544707,Sagres,SP,147.923,7,jul,23.030478775684436,OK,1991,2020,30,CHIRPS_v2,UCSB-CHG/CHIRPS/DAILY,1991-2020,IBGE_2024
3545100,Salmourão,SP,172.934,7,jul,20.599255366243767,OK,1991,2020,30,CHIRPS_v2,UCSB-CHG/CHIRPS/DAILY,1991-2020,IBGE_2024
3527405,Lucélia,SP,314.81,7,jul,22.69840845233152,OK,1991,2020,30,CHIRPS_v2,UCSB-CHG/CHIRPS/DAILY,1991-2020,IBGE_2024
3534609,Osvaldo Cruz,SP,248.038,7,jul,21.402196180386024,OK,1991,2020,30,CHIRPS_v2,UCSB-CHG/CHIRPS/DAILY,1991-2020,IBGE_2024
3534906,Pacaembu,SP,339.375,7,jul,23.457552030065106,OK,1991,2020,30,CHIRPS_v2,UCSB-CHG/CHIRPS/DAILY,1991-2020,IBGE_2024
3500105,Adamantina,SP,411.987,7,jul,23.213034408815894,OK,1991,2020,30,CHIRPS_v2,UCSB-CHG/CHIRPS/DAILY,1991-2020,IBGE_2024
3516002,Flórida Paulista,SP,524.138,7,jul,23.22797342639228,OK,1991,2020,30,CHIRPS_v2,UCSB-CHG/CHIRPS/DAILY,1991-2020,IBGE_2024
3540853,Pracinha,SP,63.141,7,jul,22.084844579418178,OK,1991,2020,30,CHIRPS_v2,UCSB-CHG/CHIRPS/DAILY,1991-2020,IBGE_2024
3521606,Irapuru,SP,214.078,7,jul,23.330827145342074,OK,1991,2020,30,CHIRPS_v2,UCSB-CHG/CHIRPS/DAILY,1991-2020,IBGE_2024
3536406,Paulicéia,SP,374.091,7,jul,20.241220183164117,OK,1991,2020,30,CHIRPS_v2,UCSB-CHG/CHIRPS/DAILY,1991-2020,IBGE_2024
3535408,Panorama,SP,356.05,7,jul,22.048612878792433,OK,1991,2020,30,CHIRPS_v2,UCSB-CHG/CHIRPS/DAILY,1991-2020,IBGE_2024
3534807,Ouro Verde,SP,266.778,7,jul,21.28974439798367,OK,1991,2020,30,CHIRPS_v2,UCSB-CHG/CHIRPS/DAILY,1991-2020,IBGE_2024
3526001,Junqueirópolis,SP,583.273,7,jul,22.41048205886941,OK,1991,2020,30,CHIRPS_v2,UCSB-CHG/CHIRPS/DAILY,1991-2020,IBGE_2024
3533106,Nova Guataporanga,SP,34.675,7,jul,19.839134981076604,OK,1991,2020,30,CHIRPS_v2,UCSB-CHG/CHIRPS/DAILY,1991-2020,IBGE_2024
3549300,São João do Pau d'Alho,SP,117.514,7,jul,19.527291033155407,OK,1991,2020,30,CHIRPS_v2,UCSB-CHG/CHIRPS/DAILY,1991-2020,IBGE_2024
3515806,Flora Rica,SP,224.619,7,jul,22.32718222129041,OK,1991,2020,30,CHIRPS_v2,UCSB-CHG/CHIRPS/DAILY,1991-2020,IBGE_2024
3531605,Monte Castelo,SP,233.289,7,jul,17.534033904106888,OK,1991,2020,30,CHIRPS_v2,UCSB-CHG/CHIRPS/DAILY,1991-2020,IBGE_2024
3555109,Tupi Paulista,SP,244.663,7,jul,20.939074104480333,OK,1991,2020,30,CHIRPS_v2,UCSB-CHG/CHIRPS/DAILY,1991-2020,IBGE_2024
3514403,Dracena,SP,487.271,7,jul,23.552902224680132,OK,1991,2020,30,CHIRPS_v2,UCSB-CHG/CHIRPS/DAILY,1991-2020,IBGE_2024
3547106,Santa Mercedes,SP,166.884,7,jul,21.043193642440677,OK,1991,2020,30,CHIRPS_v2,UCSB-CHG/CHIRPS/DAILY,1991-2020,IBGE_2024
3538303,Piquerobi,SP,482.769,7,jul,26.782022157852786,OK,1991,2020,30,CHIRPS_v2,UCSB-CHG/CHIRPS/DAILY,1991-2020,IBGE_2024
3528700,Marabá Paulista,SP,919.519,7,jul,30.900547562042544,OK,1991,2020,30,CHIRPS_v2,UCSB-CHG/CHIRPS/DAILY,1991-2020,IBGE_2024
3509106,Caiuá,SP,551.159,7,jul,26.416008609772557,OK,1991,2020,30,CHIRPS_v2,UCSB-CHG/CHIRPS/DAILY,1991-2020,IBGE_2024
3541307,Presidente Epitácio,SP,1260.281,7,jul,27.08198435344294,OK,1991,2020,30,CHIRPS_v2,UCSB-CHG/CHIRPS/DAILY,1991-2020,IBGE_2024
3541505,Presidente Venceslau,SP,755.203,7,jul,27.46089962653081,OK,1991,2020,30,CHIRPS_v2,UCSB-CHG/CHIRPS/DAILY,1991-2020,IBGE_2024
3502804,Araçatuba,SP,1167.126,7,jul,19.321325013265874,OK,1991,2020,30,CHIRPS_v2,UCSB-CHG/CHIRPS/DAILY,1991-2020,IBGE_2024
3504206,Auriflama,SP,434.117,7,jul,16.42697254331318,OK,1991,2020,30,CHIRPS_v2,UCSB-CHG/CHIRPS/DAILY,1991-2020,IBGE_2024
3528304,Magda,SP,312.282,7,jul,15.112681039008036,OK,1991,2020,30,CHIRPS_v2,UCSB-CHG/CHIRPS/DAILY,1991-2020,IBGE_2024
3544400,Rubiácea,SP,236.484,7,jul,22.1216321353344,OK,1991,2020,30,CHIRPS_v2,UCSB-CHG/CHIRPS/DAILY,1991-2020,IBGE_2024
3518909,Guzolândia,SP,252.722,7,jul,16.535359136703537,OK,1991,2020,30,CHIRPS_v2,UCSB-CHG/CHIRPS/DAILY,1991-2020,IBGE_2024
3518206,Guararapes,SP,955.637,7,jul,21.115698600997476,OK,1991,2020,30,CHIRPS_v2,UCSB-CHG/CHIRPS/DAILY,1991-2020,IBGE_2024
3533304,Nova Luzitânia,SP,73.69,7,jul,17.426050027871888,OK,1991,2020,30,CHIRPS_v2,UCSB-CHG/CHIRPS/DAILY,1991-2020,IBGE_2024
3516903,General Salgado,SP,493.88,7,jul,15.679778669362229,OK,1991,2020,30,CHIRPS_v2,UCSB-CHG/CHIRPS/DAILY,1991-2020,IBGE_2024
3516804,Gastão Vidigal,SP,180.569,7,jul,17.105792934963326,OK,1991,2020,30,CHIRPS_v2,UCSB-CHG/CHIRPS/DAILY,1991-2020,IBGE_2024
3532868,Nova Castilho,SP,183.396,7,jul,16.770258893444748,OK,1991,2020,30,CHIRPS_v2,UCSB-CHG/CHIRPS/DAILY,1991-2020,IBGE_2024
3556305,Valparaíso,SP,857.661,7,jul,18.944433887914258,OK,1991,2020,30,CHIRPS_v2,UCSB-CHG/CHIRPS/DAILY,1991-2020,IBGE_2024
3531001,Monções,SP,104.352,7,jul,17.145905546385105,OK,1991,2020,30,CHIRPS_v2,UCSB-CHG/CHIRPS/DAILY,1991-2020,IBGE_2024
3548054,Santo Antônio do Aracanguá,SP,1308.889,7,jul,17.49572619085596,OK,1991,2020,30,CHIRPS_v2,UCSB-CHG/CHIRPS/DAILY,1991-2020,IBGE_2024
3506201,Bento de Abreu,SP,301.687,7,jul,21.588886993358745,OK,1991,2020,30,CHIRPS_v2,UCSB-CHG/CHIRPS/DAILY,1991-2020,IBGE_2024
3512506,Coroados,SP,246.826,7,jul,21.04407019033574,OK,1991,2020,30,CHIRPS_v2,UCSB-CHG/CHIRPS/DAILY,1991-2020,IBGE_2024
3507704,Braúna,SP,195.176,7,jul,23.251874162611088,OK,1991,2020,30,CHIRPS_v2,UCSB-CHG/CHIRPS/DAILY,1991-2020,IBGE_2024
3507753,Brejo Alegre,SP,105.689,7,jul,20.18969044377857,OK,1991,2020,30,CHIRPS_v2,UCSB-CHG/CHIRPS/DAILY,1991-2020,IBGE_2024
3506508,Birigui,SP,530.031,7,jul,20.399276600642025,OK,1991,2020,30,CHIRPS_v2,UCSB-CHG/CHIRPS/DAILY,1991-2020,IBGE_2024
3537701,Piacatu,SP,232.488,7,jul,23.82676902790744,OK,1991,2020,30,CHIRPS_v2,UCSB-CHG/CHIRPS/DAILY,1991-2020,IBGE_2024
3505104,Barbosa,SP,205.212,7,jul,19.185275236010806,OK,1991,2020,30,CHIRPS_v2,UCSB-CHG/CHIRPS/DAILY,1991-2020,IBGE_2024
3504404,Avanhandava,SP,338.37,7,jul,19.278413408589177,OK,1991,2020,30,CHIRPS_v2,UCSB-CHG/CHIRPS/DAILY,1991-2020,IBGE_2024
3537305,Penápolis,SP,711.315,7,jul,19.54997550658249,OK,1991,2020,30,CHIRPS_v2,UCSB-CHG/CHIRPS/DAILY,1991-2020,IBGE_2024
3511904,Clementina,SP,168.59,7,jul,23.70711724724675,OK,1991,2020,30,CHIRPS_v2,UCSB-CHG/CHIRPS/DAILY,1991-2020,IBGE_2024
3527256,Lourdes,SP,113.808,7,jul,18.432613782998846,OK,1991,2020,30,CHIRPS_v2,UCSB-CHG/CHIRPS/DAILY,1991-2020,IBGE_2024
3527702,Luiziânia,SP,166.576,7,jul,22.667626588775693,OK,1991,2020,30,CHIRPS_v2,UCSB-CHG/CHIRPS/DAILY,1991-2020,IBGE_2024
3517109,Glicério,SP,272.8,7,jul,19.907254520028896,OK,1991,2020,30,CHIRPS_v2,UCSB-CHG/CHIRPS/DAILY,1991-2020,IBGE_2024
3501103,Alto Alegre,SP,318.574,7,jul,20.40095753789801,OK,1991,2020,30,CHIRPS_v2,UCSB-CHG/CHIRPS/DAILY,1991-2020,IBGE_2024
3516507,Gabriel Monteiro,SP,138.681,7,jul,23.847415573253738,OK,1991,2020,30,CHIRPS_v2,UCSB-CHG/CHIRPS/DAILY,1991-2020,IBGE_2024
3557154,Zacarias,SP,319.056,7,jul,19.256297706520083,OK,1991,2020,30,CHIRPS_v2,UCSB-CHG/CHIRPS/DAILY,1991-2020,IBGE_2024
3508108,Buritama,SP,327.344,7,jul,18.992835759290557,OK,1991,2020,30,CHIRPS_v2,UCSB-CHG/CHIRPS/DAILY,1991-2020,IBGE_2024
3548401,Santópolis do Aguapeí,SP,128.026,7,jul,23.666663457542725,OK,1991,2020,30,CHIRPS_v2,UCSB-CHG/CHIRPS/DAILY,1991-2020,IBGE_2024
3506409,Bilac,SP,158.025,7,jul,22.99566754948566,OK,1991,2020,30,CHIRPS_v2,UCSB-CHG/CHIRPS/DAILY,1991-2020,IBGE_2024
3555208,Turiúba,SP,153.492,7,jul,17.732719728033285,OK,1991,2020,30,CHIRPS_v2,UCSB-CHG/CHIRPS/DAILY,1991-2020,IBGE_2024
3530102,Mirandópolis,SP,917.692,7,jul,19.27961414977622,OK,1991,2020,30,CHIRPS_v2,UCSB-CHG/CHIRPS/DAILY,1991-2020,IBGE_2024
3537404,Pereira Barreto,SP,974.248,7,jul,15.823871070055521,OK,1991,2020,30,CHIRPS_v2,UCSB-CHG/CHIRPS/DAILY,1991-2020,IBGE_2024
3520442,Ilha Solteira,SP,652.641,7,jul,14.379010146965198,OK,1991,2020,30,CHIRPS_v2,UCSB-CHG/CHIRPS/DAILY,1991-2020,IBGE_2024
3511003,Castilho,SP,1065.318,7,jul,19.411542251136048,OK,1991,2020,30,CHIRPS_v2,UCSB-CHG/CHIRPS/DAILY,1991-2020,IBGE_2024
3552304,Sud Mennucci,SP,594.543,7,jul,16.24593589726258,OK,1991,2020,30,CHIRPS_v2,UCSB-CHG/CHIRPS/DAILY,1991-2020,IBGE_2024
3526506,Lavínia,SP,537.675,7,jul,17.81213637745782,OK,1991,2020,30,CHIRPS_v2,UCSB-CHG/CHIRPS/DAILY,1991-2020,IBGE_2024
3502101,Andradina,SP,964.226,7,jul,19.585499588748764,OK,1991,2020,30,CHIRPS_v2,UCSB-CHG/CHIRPS/DAILY,1991-2020,IBGE_2024
3517802,Guaraçaí,SP,569.222,7,jul,19.48535689835081,OK,1991,2020,30,CHIRPS_v2,UCSB-CHG/CHIRPS/DAILY,1991-2020,IBGE_2024
3533205,Nova Independência,SP,265.028,7,jul,18.244428896303315,OK,1991,2020,30,CHIRPS_v2,UCSB-CHG/CHIRPS/DAILY,1991-2020,IBGE_2024
3532108,Murutinga do Sul,SP,250.873,7,jul,20.210449223463904,OK,1991,2020,30,CHIRPS_v2,UCSB-CHG/CHIRPS/DAILY,1991-2020,IBGE_2024
3523008,Itapura,SP,301.653,7,jul,17.455508995943166,OK,1991,2020,30,CHIRPS_v2,UCSB-CHG/CHIRPS/DAILY,1991-2020,IBGE_2024
3529500,Mendonça,SP,195.151,7,jul,18.765179990081805,OK,1991,2020,30,CHIRPS_v2,UCSB-CHG/CHIRPS/DAILY,1991-2020,IBGE_2024
3521507,Irapuã,SP,257.611,7,jul,17.885947311543948,OK,1991,2020,30,CHIRPS_v2,UCSB-CHG/CHIRPS/DAILY,1991-2020,IBGE_2024
3553401,Tanabi,SP,747.218,7,jul,12.420774878208572,OK,1991,2020,30,CHIRPS_v2,UCSB-CHG/CHIRPS/DAILY,1991-2020,IBGE_2024
3536604,Paulo de Faria,SP,737.986,7,jul,10.744279335348722,OK,1991,2020,30,CHIRPS_v2,UCSB-CHG/CHIRPS/DAILY,1991-2020,IBGE_2024
3544806,Sales,SP,308.555,7,jul,18.39475957782239,OK,1991,2020,30,CHIRPS_v2,UCSB-CHG/CHIRPS/DAILY,1991-2020,IBGE_2024
3519808,Icém,SP,362.355,7,jul,10.455318738890965,OK,1991,2020,30,CHIRPS_v2,UCSB-CHG/CHIRPS/DAILY,1991-2020,IBGE_2024
3528106,Macaubal,SP,248.087,7,jul,16.301721991337303,OK,1991,2020,30,CHIRPS_v2,UCSB-CHG/CHIRPS/DAILY,1991-2020,IBGE_2024
3519402,Ibirá,SP,268.9,7,jul,17.997903317548325,OK,1991,2020,30,CHIRPS_v2,UCSB-CHG/CHIRPS/DAILY,1991-2020,IBGE_2024
3535002,Palestina,SP,697.701,7,jul,11.449634863058915,OK,1991,2020,30,CHIRPS_v2,UCSB-CHG/CHIRPS/DAILY,1991-2020,IBGE_2024
3525706,José Bonifácio,SP,860.2,7,jul,17.721311358818994,OK,1991,2020,30,CHIRPS_v2,UCSB-CHG/CHIRPS/DAILY,1991-2020,IBGE_2024
3534005,Onda Verde,SP,242.946,7,jul,12.215166409380846,OK,1991,2020,30,CHIRPS_v2,UCSB-CHG/CHIRPS/DAILY,1991-2020,IBGE_2024
3534203,Orindiúva,SP,247.378,7,jul,10.725235621978452,OK,1991,2020,30,CHIRPS_v2,UCSB-CHG/CHIRPS/DAILY,1991-2020,IBGE_2024
3533502,Novo Horizonte,SP,931.743,7,jul,18.89187829827745,OK,1991,2020,30,CHIRPS_v2,UCSB-CHG/CHIRPS/DAILY,1991-2020,IBGE_2024
3533007,Nova Granada,SP,531.796,7,jul,11.776903494172366,OK,1991,2020,30,CHIRPS_v2,UCSB-CHG/CHIRPS/DAILY,1991-2020,IBGE_2024
3500907,Altair,SP,313.007,7,jul,11.712041226803745,OK,1991,2020,30,CHIRPS_v2,UCSB-CHG/CHIRPS/DAILY,1991-2020,IBGE_2024
3500204,Adolfo,SP,211.055,7,jul,18.91741195186487,OK,1991,2020,30,CHIRPS_v2,UCSB-CHG/CHIRPS/DAILY,1991-2020,IBGE_2024
3540804,Potirendaba,SP,342.492,7,jul,17.213181228339028,OK,1991,2020,30,CHIRPS_v2,UCSB-CHG/CHIRPS/DAILY,1991-2020,IBGE_2024
3532702,Nipoã,SP,137.609,7,jul,15.542147893507169,OK,1991,2020,30,CHIRPS_v2,UCSB-CHG/CHIRPS/DAILY,1991-2020,IBGE_2024
3539608,Planalto,SP,289.825,7,jul,16.956060968585756,OK,1991,2020,30,CHIRPS_v2,UCSB-CHG/CHIRPS/DAILY,1991-2020,IBGE_2024
3531407,Monte Aprazível,SP,495.559,7,jul,14.457782999953903,OK,1991,2020,30,CHIRPS_v2,UCSB-CHG/CHIRPS/DAILY,1991-2020,IBGE_2024
3556008,Urupês,SP,323.916,7,jul,17.630381972344622,OK,1991,2020,30,CHIRPS_v2,UCSB-CHG/CHIRPS/DAILY,1991-2020,IBGE_2024
3539905,Poloni,SP,135.119,7,jul,14.250386792892002,OK,1991,2020,30,CHIRPS_v2,UCSB-CHG/CHIRPS/DAILY,1991-2020,IBGE_2024
3555703,União Paulista,SP,79.056,7,jul,15.808579006391952,OK,1991,2020,30,CHIRPS_v2,UCSB-CHG/CHIRPS/DAILY,1991-2020,IBGE_2024
3555356,Ubarana,SP,209.861,7,jul,18.85017062312217,OK,1991,2020,30,CHIRPS_v2,UCSB-CHG/CHIRPS/DAILY,1991-2020,IBGE_2024
3521150,Ipiguá,SP,136.028,7,jul,13.466389051988541,OK,1991,2020,30,CHIRPS_v2,UCSB-CHG/CHIRPS/DAILY,1991-2020,IBGE_2024
3504800,Bálsamo,SP,149.881,7,jul,15.091833684492764,OK,1991,2020,30,CHIRPS_v2,UCSB-CHG/CHIRPS/DAILY,1991-2020,IBGE_2024
3504602,Bady Bassitt,SP,110.372,7,jul,16.513820538999795,OK,1991,2020,30,CHIRPS_v2,UCSB-CHG/CHIRPS/DAILY,1991-2020,IBGE_2024
3511300,Cedral,SP,197.099,7,jul,17.714488339346534,OK,1991,2020,30,CHIRPS_v2,UCSB-CHG/CHIRPS/DAILY,1991-2020,IBGE_2024
3549805,São José do Rio Preto,SP,431.944,7,jul,15.715746732852315,OK,1991,2020,30,CHIRPS_v2,UCSB-CHG/CHIRPS/DAILY,1991-2020,IBGE_2024
3517505,Guapiaçu,SP,324.752,7,jul,15.007550102520407,OK,1991,2020,30,CHIRPS_v2,UCSB-CHG/CHIRPS/DAILY,1991-2020,IBGE_2024
3532504,Neves Paulista,SP,219.05,7,jul,16.057967214880218,OK,1991,2020,30,CHIRPS_v2,UCSB-CHG/CHIRPS/DAILY,1991-2020,IBGE_2024
3532801,Nova Aliança,SP,217.515,7,jul,18.278901637138976,OK,1991,2020,30,CHIRPS_v2,UCSB-CHG/CHIRPS/DAILY,1991-2020,IBGE_2024
3524501,Jaci,SP,145.133,7,jul,16.973339267832497,OK,1991,2020,30,CHIRPS_v2,UCSB-CHG/CHIRPS/DAILY,1991-2020,IBGE_2024
3555604,Uchoa,SP,256.982,7,jul,17.57028945213021,OK,1991,2020,30,CHIRPS_v2,UCSB-CHG/CHIRPS/DAILY,1991-2020,IBGE_2024
3530409,Mirassolândia,SP,166.125,7,jul,12.991591521362217,OK,1991,2020,30,CHIRPS_v2,UCSB-CHG/CHIRPS/DAILY,1991-2020,IBGE_2024
3530300,Mirassol,SP,243.228,7,jul,15.809586808784143,OK,1991,2020,30,CHIRPS_v2,UCSB-CHG/CHIRPS/DAILY,1991-2020,IBGE_2024
3528858,Marapoama,SP,111.267,7,jul,18.29350775853405,OK,1991,2020,30,CHIRPS_v2,UCSB-CHG/CHIRPS/DAILY,1991-2020,IBGE_2024
3511102,Catanduva,SP,291.926,7,jul,17.28434175861623,OK,1991,2020,30,CHIRPS_v2,UCSB-CHG/CHIRPS/DAILY,1991-2020,IBGE_2024
3511201,Catiguá,SP,146.568,7,jul,16.5524019643595,OK,1991,2020,30,CHIRPS_v2,UCSB-CHG/CHIRPS/DAILY,1991-2020,IBGE_2024
3533254,Novais,SP,117.772,7,jul,16.325166557286185,OK,1991,2020,30,CHIRPS_v2,UCSB-CHG/CHIRPS/DAILY,1991-2020,IBGE_2024
3514957,Embaúba,SP,83.129,7,jul,16.496437274505617,OK,1991,2020,30,CHIRPS_v2,UCSB-CHG/CHIRPS/DAILY,1991-2020,IBGE_2024
3514924,Elisiário,SP,93.314,7,jul,18.961419593846887,OK,1991,2020,30,CHIRPS_v2,UCSB-CHG/CHIRPS/DAILY,1991-2020,IBGE_2024
3538105,Pindorama,SP,184.825,7,jul,17.827038091502544,OK,1991,2020,30,CHIRPS_v2,UCSB-CHG/CHIRPS/DAILY,1991-2020,IBGE_2024
3521903,Itajobi,SP,502.066,7,jul,18.350350445167862,OK,1991,2020,30,CHIRPS_v2,UCSB-CHG/CHIRPS/DAILY,1991-2020,IBGE_2024
3545605,Santa Adélia,SP,330.269,7,jul,17.273393291129466,OK,1991,2020,30,CHIRPS_v2,UCSB-CHG/CHIRPS/DAILY,1991-2020,IBGE_2024
3503703,Ariranha,SP,132.624,7,jul,16.423895667008484,OK,1991,2020,30,CHIRPS_v2,UCSB-CHG/CHIRPS/DAILY,1991-2020,IBGE_2024
3552601,Tabapuã,SP,346.692,7,jul,16.397059565614544,OK,1991,2020,30,CHIRPS_v2,UCSB-CHG/CHIRPS/DAILY,1991-2020,IBGE_2024
3535705,Paraíso,SP,155.186,7,jul,17.242240432306495,OK,1991,2020,30,CHIRPS_v2,UCSB-CHG/CHIRPS/DAILY,1991-2020,IBGE_2024
3535101,Palmares Paulista,SP,82.125,7,jul,17.239493258378747,OK,1991,2020,30,CHIRPS_v2,UCSB-CHG/CHIRPS/DAILY,1991-2020,IBGE_2024
3515608,Fernando Prestes,SP,169.99,7,jul,15.786820789451943,OK,1991,2020,30,CHIRPS_v2,UCSB-CHG/CHIRPS/DAILY,1991-2020,IBGE_2024
3556909,Vista Alegre do Alto,SP,95.429,7,jul,16.77945015644966,OK,1991,2020,30,CHIRPS_v2,UCSB-CHG/CHIRPS/DAILY,1991-2020,IBGE_2024
3539004,Pirangi,SP,215.809,7,jul,17.346502546615987,OK,1991,2020,30,CHIRPS_v2,UCSB-CHG/CHIRPS/DAILY,1991-2020,IBGE_2024
3512902,Cosmorama,SP,441.68,7,jul,14.31301427528789,OK,1991,2020,30,CHIRPS_v2,UCSB-CHG/CHIRPS/DAILY,1991-2020,IBGE_2024
3544202,Riolândia,SP,631.897,7,jul,11.019845982461481,OK,1991,2020,30,CHIRPS_v2,UCSB-CHG/CHIRPS/DAILY,1991-2020,IBGE_2024
3536257,Parisi,SP,84.737,7,jul,13.878293175529112,OK,1991,2020,30,CHIRPS_v2,UCSB-CHG/CHIRPS/DAILY,1991-2020,IBGE_2024
3551306,Sebastianópolis do Sul,SP,167.848,7,jul,15.620844614387432,OK,1991,2020,30,CHIRPS_v2,UCSB-CHG/CHIRPS/DAILY,1991-2020,IBGE_2024
3510708,Cardoso,SP,639.248,7,jul,13.188396526603901,OK,1991,2020,30,CHIRPS_v2,UCSB-CHG/CHIRPS/DAILY,1991-2020,IBGE_2024
3501806,Américo de Campos,SP,252.876,7,jul,11.744416620788652,OK,1991,2020,30,CHIRPS_v2,UCSB-CHG/CHIRPS/DAILY,1991-2020,IBGE_2024
3501202,Álvares Florence,SP,362.411,7,jul,13.703875539167225,OK,1991,2020,30,CHIRPS_v2,UCSB-CHG/CHIRPS/DAILY,1991-2020,IBGE_2024
3532603,Nhandeara,SP,436.159,7,jul,15.614304019480523,OK,1991,2020,30,CHIRPS_v2,UCSB-CHG/CHIRPS/DAILY,1991-2020,IBGE_2024
3557105,Votuporanga,SP,420.703,7,jul,16.037115271146295,OK,1991,2020,30,CHIRPS_v2,UCSB-CHG/CHIRPS/DAILY,1991-2020,IBGE_2024
3515905,Floreal,SP,204.236,7,jul,15.529609165731529,OK,1991,2020,30,CHIRPS_v2,UCSB-CHG/CHIRPS/DAILY,1991-2020,IBGE_2024
3540309,Pontes Gestal,SP,217.505,7,jul,11.453447116051935,OK,1991,2020,30,CHIRPS_v2,UCSB-CHG/CHIRPS/DAILY,1991-2020,IBGE_2024
3556107,Valentim Gentil,SP,149.741,7,jul,13.402307967720049,OK,1991,2020,30,CHIRPS_v2,UCSB-CHG/CHIRPS/DAILY,1991-2020,IBGE_2024
3545704,Santa Albertina,SP,272.692,7,jul,14.209928490049915,OK,1991,2020,30,CHIRPS_v2,UCSB-CHG/CHIRPS/DAILY,1991-2020,IBGE_2024
3529658,Mesópolis,SP,148.636,7,jul,13.651844839241367,OK,1991,2020,30,CHIRPS_v2,UCSB-CHG/CHIRPS/DAILY,1991-2020,IBGE_2024
3529104,Marinópolis,SP,77.827,7,jul,16.362288752417356,OK,1991,2020,30,CHIRPS_v2,UCSB-CHG/CHIRPS/DAILY,1991-2020,IBGE_2024
3503950,Aspásia,SP,69.373,7,jul,13.738645577894266,OK,1991,2020,30,CHIRPS_v2,UCSB-CHG/CHIRPS/DAILY,1991-2020,IBGE_2024
3552551,Suzanápolis,SP,330.587,7,jul,14.146202770112685,OK,1991,2020,30,CHIRPS_v2,UCSB-CHG/CHIRPS/DAILY,1991-2020,IBGE_2024
3535903,Paranapuã,SP,140.354,7,jul,12.804796616872403,OK,1991,2020,30,CHIRPS_v2,UCSB-CHG/CHIRPS/DAILY,1991-2020,IBGE_2024
3535200,Palmeira d'Oeste,SP,318.696,7,jul,15.681973084563484,OK,1991,2020,30,CHIRPS_v2,UCSB-CHG/CHIRPS/DAILY,1991-2020,IBGE_2024
3502606,Aparecida d'Oeste,SP,179.004,7,jul,16.015555781586862,OK,1991,2020,30,CHIRPS_v2,UCSB-CHG/CHIRPS/DAILY,1991-2020,IBGE_2024
3524808,Jales,SP,368.574,7,jul,11.02939779655702,OK,1991,2020,30,CHIRPS_v2,UCSB-CHG/CHIRPS/DAILY,1991-2020,IBGE_2024
3556958,Vitória Brasil,SP,49.832,7,jul,11.890801167205547,OK,1991,2020,30,CHIRPS_v2,UCSB-CHG/CHIRPS/DAILY,1991-2020,IBGE_2024
3549003,São Francisco,SP,75.579,7,jul,13.523282401056441,OK,1991,2020,30,CHIRPS_v2,UCSB-CHG/CHIRPS/DAILY,1991-2020,IBGE_2024
3540259,Pontalinda,SP,209.504,7,jul,14.502384523684595,OK,1991,2020,30,CHIRPS_v2,UCSB-CHG/CHIRPS/DAILY,1991-2020,IBGE_2024
3540408,Populina,SP,315.938,7,jul,13.360619736962393,OK,1991,2020,30,CHIRPS_v2,UCSB-CHG/CHIRPS/DAILY,1991-2020,IBGE_2024
3547650,Santa Salete,SP,79.192,7,jul,12.831950662894162,OK,1991,2020,30,CHIRPS_v2,UCSB-CHG/CHIRPS/DAILY,1991-2020,IBGE_2024
3555802,Urânia,SP,209.262,7,jul,10.742407526810004,OK,1991,2020,30,CHIRPS_v2,UCSB-CHG/CHIRPS/DAILY,1991-2020,IBGE_2024
3555307,Turmalina,SP,147.797,7,jul,13.266580250001736,OK,1991,2020,30,CHIRPS_v2,UCSB-CHG/CHIRPS/DAILY,1991-2020,IBGE_2024
3514205,Dolcinópolis,SP,77.939,7,jul,11.981044319286257,OK,1991,2020,30,CHIRPS_v2,UCSB-CHG/CHIRPS/DAILY,1991-2020,IBGE_2024
3513850,Dirce Reis,SP,88.152,7,jul,14.605825944026478,OK,1991,2020,30,CHIRPS_v2,UCSB-CHG/CHIRPS/DAILY,1991-2020,IBGE_2024
3529609,Meridiano,SP,228.199,7,jul,14.303039916700348,OK,1991,2020,30,CHIRPS_v2,UCSB-CHG/CHIRPS/DAILY,1991-2020,IBGE_2024
3520707,Indiaporã,SP,279.606,7,jul,14.886909947304684,OK,1991,2020,30,CHIRPS_v2,UCSB-CHG/CHIRPS/DAILY,1991-2020,IBGE_2024
3536901,Pedranópolis,SP,260.101,7,jul,16.051834955920484,OK,1991,2020,30,CHIRPS_v2,UCSB-CHG/CHIRPS/DAILY,1991-2020,IBGE_2024
3528205,Macedônia,SP,327.567,7,jul,17.187699686377744,OK,1991,2020,30,CHIRPS_v2,UCSB-CHG/CHIRPS/DAILY,1991-2020,IBGE_2024
3534757,Ouroeste,SP,288.648,7,jul,13.741157483948662,OK,1991,2020,30,CHIRPS_v2,UCSB-CHG/CHIRPS/DAILY,1991-2020,IBGE_2024
3518008,Guarani d'Oeste,SP,85.7,7,jul,14.780197098684543,OK,1991,2020,30,CHIRPS_v2,UCSB-CHG/CHIRPS/DAILY,1991-2020,IBGE_2024
3549250,São João de Iracema,SP,178.396,7,jul,14.934516611448098,OK,1991,2020,30,CHIRPS_v2,UCSB-CHG/CHIRPS/DAILY,1991-2020,IBGE_2024
3549201,São João das Duas Pontes,SP,129.462,7,jul,14.243723802176168,OK,1991,2020,30,CHIRPS_v2,UCSB-CHG/CHIRPS/DAILY,1991-2020,IBGE_2024
3515509,Fernandópolis,SP,549.797,7,jul,14.303495424144048,OK,1991,2020,30,CHIRPS_v2,UCSB-CHG/CHIRPS/DAILY,1991-2020,IBGE_2024
3515202,Estrela d'Oeste,SP,296.281,7,jul,13.456632841759891,OK,1991,2020,30,CHIRPS_v2,UCSB-CHG/CHIRPS/DAILY,1991-2020,IBGE_2024
3530003,Mira Estrela,SP,216.825,7,jul,14.926398235956826,OK,1991,2020,30,CHIRPS_v2,UCSB-CHG/CHIRPS/DAILY,1991-2020,IBGE_2024
3546603,Santa Fé do Sul,SP,206.537,7,jul,16.95654734363454,OK,1991,2020,30,CHIRPS_v2,UCSB-CHG/CHIRPS/DAILY,1991-2020,IBGE_2024
3546108,Santa Clara d'Oeste,SP,183.458,7,jul,17.067731850956783,OK,1991,2020,30,CHIRPS_v2,UCSB-CHG/CHIRPS/DAILY,1991-2020,IBGE_2024
3544509,Rubinéia,SP,242.877,7,jul,15.484939813828232,OK,1991,2020,30,CHIRPS_v2,UCSB-CHG/CHIRPS/DAILY,1991-2020,IBGE_2024
3532843,Nova Canaã Paulista,SP,124.473,7,jul,16.15049014311448,OK,1991,2020,30,CHIRPS_v2,UCSB-CHG/CHIRPS/DAILY,1991-2020,IBGE_2024
3547403,Santa Rita d'Oeste,SP,209.8,7,jul,16.366910018979297,OK,1991,2020,30,CHIRPS_v2,UCSB-CHG/CHIRPS/DAILY,1991-2020,IBGE_2024
3554904,Três Fronteiras,SP,151.594,7,jul,17.240949213076174,OK,1991,2020,30,CHIRPS_v2,UCSB-CHG/CHIRPS/DAILY,1991-2020,IBGE_2024
3547205,Santana da Ponte Pensa,SP,129.888,7,jul,16.322388249498854,OK,1991,2020,30,CHIRPS_v2,UCSB-CHG/CHIRPS/DAILY,1991-2020,IBGE_2024
3546256,Santa Cruz da Esperança,SP,148.062,7,jul,14.264042714980373,OK,1991,2020,30,CHIRPS_v2,UCSB-CHG/CHIRPS/DAILY,1991-2020,IBGE_2024
3513108,Cravinhos,SP,311.423,7,jul,14.650117165660122,OK,1991,2020,30,CHIRPS_v2,UCSB-CHG/CHIRPS/DAILY,1991-2020,IBGE_2024
3551504,Serrana,SP,126.046,7,jul,16.1520253760605,OK,1991,2020,30,CHIRPS_v2,UCSB-CHG/CHIRPS/DAILY,1991-2020,IBGE_2024
3551405,Serra Azul,SP,283.144,7,jul,14.779947309374418,OK,1991,2020,30,CHIRPS_v2,UCSB-CHG/CHIRPS/DAILY,1991-2020,IBGE_2024
3551702,Sertãozinho,SP,403.089,7,jul,13.658829476466643,OK,1991,2020,30,CHIRPS_v2,UCSB-CHG/CHIRPS/DAILY,1991-2020,IBGE_2024
3543402,Ribeirão Preto,SP,650.916,7,jul,14.302561001575672,OK,1991,2020,30,CHIRPS_v2,UCSB-CHG/CHIRPS/DAILY,1991-2020,IBGE_2024
3525102,Jardinópolis,SP,501.87,7,jul,12.30794488153828,OK,1991,2020,30,CHIRPS_v2,UCSB-CHG/CHIRPS/DAILY,1991-2020,IBGE_2024
3507803,Brodowski,SP,278.458,7,jul,13.456306754190956,OK,1991,2020,30,CHIRPS_v2,UCSB-CHG/CHIRPS/DAILY,1991-2020,IBGE_2024
3505609,Barrinha,SP,148.756,7,jul,15.631487545143194,OK,1991,2020,30,CHIRPS_v2,UCSB-CHG/CHIRPS/DAILY,1991-2020,IBGE_2024
3546504,Santa Ernestina,SP,134.421,7,jul,19.069009776208915,OK,1991,2020,30,CHIRPS_v2,UCSB-CHG/CHIRPS/DAILY,1991-2020,IBGE_2024
3510906,Cássia dos Coqueiros,SP,191.683,7,jul,11.767601788269841,OK,1991,2020,30,CHIRPS_v2,UCSB-CHG/CHIRPS/DAILY,1991-2020,IBGE_2024
3527603,Luís Antônio,SP,598.257,7,jul,17.56591218842958,OK,1991,2020,30,CHIRPS_v2,UCSB-CHG/CHIRPS/DAILY,1991-2020,IBGE_2024
3518602,Guariba,SP,270.408,7,jul,16.78131694614135,OK,1991,2020,30,CHIRPS_v2,UCSB-CHG/CHIRPS/DAILY,1991-2020,IBGE_2024
3518859,Guatapará,SP,413.653,7,jul,16.571998422416645,OK,1991,2020,30,CHIRPS_v2,UCSB-CHG/CHIRPS/DAILY,1991-2020,IBGE_2024
3550902,São Simão,SP,617.252,7,jul,15.4629326167337,OK,1991,2020,30,CHIRPS_v2,UCSB-CHG/CHIRPS/DAILY,1991-2020,IBGE_2024
3509403,Cajuru,SP,660.088,7,jul,13.018575985831026,OK,1991,2020,30,CHIRPS_v2,UCSB-CHG/CHIRPS/DAILY,1991-2020,IBGE_2024
3501004,Altinópolis,SP,928.956,7,jul,12.676324206184322,OK,1991,2020,30,CHIRPS_v2,UCSB-CHG/CHIRPS/DAILY,1991-2020,IBGE_2024
3524303,Jaboticabal,SP,706.722,7,jul,16.18403176229189,OK,1991,2020,30,CHIRPS_v2,UCSB-CHG/CHIRPS/DAILY,1991-2020,IBGE_2024
3540200,Pontal,SP,356.371,7,jul,14.29051389678508,OK,1991,2020,30,CHIRPS_v2,UCSB-CHG/CHIRPS/DAILY,1991-2020,IBGE_2024
3540903,Pradópolis,SP,164.386,7,jul,15.917523312204011,OK,1991,2020,30,CHIRPS_v2,UCSB-CHG/CHIRPS/DAILY,1991-2020,IBGE_2024
3547908,Santo Antônio da Alegria,SP,310.311,7,jul,12.495170159689494,OK,1991,2020,30,CHIRPS_v2,UCSB-CHG/CHIRPS/DAILY,1991-2020,IBGE_2024
3514601,Dumont,SP,111.361,7,jul,14.359530069683771,OK,1991,2020,30,CHIRPS_v2,UCSB-CHG/CHIRPS/DAILY,1991-2020,IBGE_2024
3539509,Pitangueiras,SP,430.638,7,jul,15.263909975829288,OK,1991,2020,30,CHIRPS_v2,UCSB-CHG/CHIRPS/DAILY,1991-2020,IBGE_2024
3531308,Monte Alto,SP,346.95,7,jul,17.56608916397163,OK,1991,2020,30,CHIRPS_v2,UCSB-CHG/CHIRPS/DAILY,1991-2020,IBGE_2024
3547601,Santa Rosa de Viterbo,SP,288.576,7,jul,14.525156469979297,OK,1991,2020,30,CHIRPS_v2,UCSB-CHG/CHIRPS/DAILY,1991-2020,IBGE_2024
3505906,Batatais,SP,849.526,7,jul,11.94965659611231,OK,1991,2020,30,CHIRPS_v2,UCSB-CHG/CHIRPS/DAILY,1991-2020,IBGE_2024
3505500,Barretos,SP,1566.161,7,jul,13.091725002949008,OK,1991,2020,30,CHIRPS_v2,UCSB-CHG/CHIRPS/DAILY,1991-2020,IBGE_2024
3553658,Taquaral,SP,53.892,7,jul,15.11327707625333,OK,1991,2020,30,CHIRPS_v2,UCSB-CHG/CHIRPS/DAILY,1991-2020,IBGE_2024
3512100,Colômbia,SP,728.648,7,jul,10.642511518056462,OK,1991,2020,30,CHIRPS_v2,UCSB-CHG/CHIRPS/DAILY,1991-2020,IBGE_2024
3512001,Colina,SP,422.303,7,jul,14.161985933775869,OK,1991,2020,30,CHIRPS_v2,UCSB-CHG/CHIRPS/DAILY,1991-2020,IBGE_2024
3553104,Taiaçu,SP,107.059,7,jul,17.408193864898582,OK,1991,2020,30,CHIRPS_v2,UCSB-CHG/CHIRPS/DAILY,1991-2020,IBGE_2024
3553203,Taiúva,SP,132.459,7,jul,16.178638569581366,OK,1991,2020,30,CHIRPS_v2,UCSB-CHG/CHIRPS/DAILY,1991-2020,IBGE_2024
3551900,Severínia,SP,140.46,7,jul,15.707154642597349,OK,1991,2020,30,CHIRPS_v2,UCSB-CHG/CHIRPS/DAILY,1991-2020,IBGE_2024
3533908,Olímpia,SP,802.393,7,jul,13.696029418434593,OK,1991,2020,30,CHIRPS_v2,UCSB-CHG/CHIRPS/DAILY,1991-2020,IBGE_2024
3517901,Guaraci,SP,641.501,7,jul,10.646856718825592,OK,1991,2020,30,CHIRPS_v2,UCSB-CHG/CHIRPS/DAILY,1991-2020,IBGE_2024
3517406,Guaíra,SP,1258.465,7,jul,11.998205397187379,OK,1991,2020,30,CHIRPS_v2,UCSB-CHG/CHIRPS/DAILY,1991-2020,IBGE_2024
3509304,Cajobi,SP,176.929,7,jul,16.623643861064227,OK,1991,2020,30,CHIRPS_v2,UCSB-CHG/CHIRPS/DAILY,1991-2020,IBGE_2024
3524204,Jaborandi,SP,273.438,7,jul,12.788954142371741,OK,1991,2020,30,CHIRPS_v2,UCSB-CHG/CHIRPS/DAILY,1991-2020,IBGE_2024
3531506,Monte Azul Paulista,SP,263.463,7,jul,17.22473943448104,OK,1991,2020,30,CHIRPS_v2,UCSB-CHG/CHIRPS/DAILY,1991-2020,IBGE_2024
3556800,Viradouro,SP,217.726,7,jul,13.919551699603803,OK,1991,2020,30,CHIRPS_v2,UCSB-CHG/CHIRPS/DAILY,1991-2020,IBGE_2024
3506102,Bebedouro,SP,683.192,7,jul,16.27045207391562,OK,1991,2020,30,CHIRPS_v2,UCSB-CHG/CHIRPS/DAILY,1991-2020,IBGE_2024
3554409,Terra Roxa,SP,221.54,7,jul,13.941648341691126,OK,1991,2020,30,CHIRPS_v2,UCSB-CHG/CHIRPS/DAILY,1991-2020,IBGE_2024
3513207,Cristais Paulista,SP,385.23,7,jul,12.534920910659372,OK,1991,2020,30,CHIRPS_v2,UCSB-CHG/CHIRPS/DAILY,1991-2020,IBGE_2024
3536307,Patrocínio Paulista,SP,602.848,7,jul,12.02196586577835,OK,1991,2020,30,CHIRPS_v2,UCSB-CHG/CHIRPS/DAILY,1991-2020,IBGE_2024
3542701,Restinga,SP,245.746,7,jul,12.510792795390836,OK,1991,2020,30,CHIRPS_v2,UCSB-CHG/CHIRPS/DAILY,1991-2020,IBGE_2024
3543105,Ribeirão Corrente,SP,148.332,7,jul,12.423969539580723,OK,1991,2020,30,CHIRPS_v2,UCSB-CHG/CHIRPS/DAILY,1991-2020,IBGE_2024
3516200,Franca,SP,605.679,7,jul,13.772602533265266,OK,1991,2020,30,CHIRPS_v2,UCSB-CHG/CHIRPS/DAILY,1991-2020,IBGE_2024
3523701,Itirapuã,SP,161.118,7,jul,12.625543494927717,OK,1991,2020,30,CHIRPS_v2,UCSB-CHG/CHIRPS/DAILY,1991-2020,IBGE_2024
3537008,Pedregulho,SP,712.604,7,jul,11.238430164594623,OK,1991,2020,30,CHIRPS_v2,UCSB-CHG/CHIRPS/DAILY,1991-2020,IBGE_2024
3543600,Rifaina,SP,162.508,7,jul,10.087959044076937,OK,1991,2020,30,CHIRPS_v2,UCSB-CHG/CHIRPS/DAILY,1991-2020,IBGE_2024
3525409,Jeriquara,SP,141.971,7,jul,11.881824456832188,OK,1991,2020,30,CHIRPS_v2,UCSB-CHG/CHIRPS/DAILY,1991-2020,IBGE_2024
3549508,São José da Bela Vista,SP,276.952,7,jul,11.046698236890208,OK,1991,2020,30,CHIRPS_v2,UCSB-CHG/CHIRPS/DAILY,1991-2020,IBGE_2024
3521309,Ipuã,SP,466.461,7,jul,12.691355933327374,OK,1991,2020,30,CHIRPS_v2,UCSB-CHG/CHIRPS/DAILY,1991-2020,IBGE_2024
3544905,Sales Oliveira,SP,305.776,7,jul,13.13859672778937,OK,1991,2020,30,CHIRPS_v2,UCSB-CHG/CHIRPS/DAILY,1991-2020,IBGE_2024
3534302,Orlândia,SP,291.765,7,jul,13.812704180040582,OK,1991,2020,30,CHIRPS_v2,UCSB-CHG/CHIRPS/DAILY,1991-2020,IBGE_2024
3533601,Nuporanga,SP,348.265,7,jul,12.538012096888304,OK,1991,2020,30,CHIRPS_v2,UCSB-CHG/CHIRPS/DAILY,1991-2020,IBGE_2024
3549409,São Joaquim da Barra,SP,410.863,7,jul,13.280785209774713,OK,1991,2020,30,CHIRPS_v2,UCSB-CHG/CHIRPS/DAILY,1991-2020,IBGE_2024
3531902,Morro Agudo,SP,1388.127,7,jul,13.21541247021768,OK,1991,2020,30,CHIRPS_v2,UCSB-CHG/CHIRPS/DAILY,1991-2020,IBGE_2024
3529708,Miguelópolis,SP,820.849,7,jul,11.57913361183584,OK,1991,2020,30,CHIRPS_v2,UCSB-CHG/CHIRPS/DAILY,1991-2020,IBGE_2024
3520103,Igarapava,SP,468.355,7,jul,10.7789484026386,OK,1991,2020,30,CHIRPS_v2,UCSB-CHG/CHIRPS/DAILY,1991-2020,IBGE_2024
3503000,Aramina,SP,202.829,7,jul,11.96712360758771,OK,1991,2020,30,CHIRPS_v2,UCSB-CHG/CHIRPS/DAILY,1991-2020,IBGE_2024
3517703,Guará,SP,362.183,7,jul,12.986450899129519,OK,1991,2020,30,CHIRPS_v2,UCSB-CHG/CHIRPS/DAILY,1991-2020,IBGE_2024
3508207,Buritizal,SP,266.42,7,jul,11.445985747029313,OK,1991,2020,30,CHIRPS_v2,UCSB-CHG/CHIRPS/DAILY,1991-2020,IBGE_2024
3524105,Ituverava,SP,704.659,7,jul,12.480187632878216,OK,1991,2020,30,CHIRPS_v2,UCSB-CHG/CHIRPS/DAILY,1991-2020,IBGE_2024
3503208,Araraquara,SP,1003.626,7,jul,22.054907686923865,OK,1991,2020,30,CHIRPS_v2,UCSB-CHG/CHIRPS/DAILY,1991-2020,IBGE_2024
3543709,Rincão,SP,316.639,7,jul,19.9153531601005,OK,1991,2020,30,CHIRPS_v2,UCSB-CHG/CHIRPS/DAILY,1991-2020,IBGE_2024
3501707,Américo Brasiliense,SP,122.958,7,jul,20.810345279094545,OK,1991,2020,30,CHIRPS_v2,UCSB-CHG/CHIRPS/DAILY,1991-2020,IBGE_2024
3516853,Gavião Peixoto,SP,243.766,7,jul,21.146170632597645,OK,1991,2020,30,CHIRPS_v2,UCSB-CHG/CHIRPS/DAILY,1991-2020,IBGE_2024
3546900,Santa Lúcia,SP,153.86,7,jul,20.459295530865845,OK,1991,2020,30,CHIRPS_v2,UCSB-CHG/CHIRPS/DAILY,1991-2020,IBGE_2024
3554755,Trabiju,SP,63.421,7,jul,22.301875371291604,OK,1991,2020,30,CHIRPS_v2,UCSB-CHG/CHIRPS/DAILY,1991-2020,IBGE_2024
3529302,Matão,SP,524.899,7,jul,20.354996497468562,OK,1991,2020,30,CHIRPS_v2,UCSB-CHG/CHIRPS/DAILY,1991-2020,IBGE_2024
3553708,Taquaritinga,SP,594.335,7,jul,18.42419214776346,OK,1991,2020,30,CHIRPS_v2,UCSB-CHG/CHIRPS/DAILY,1991-2020,IBGE_2024
3519600,Ibitinga,SP,689.391,7,jul,20.119362200749507,OK,1991,2020,30,CHIRPS_v2,UCSB-CHG/CHIRPS/DAILY,1991-2020,IBGE_2024
3552700,Tabatinga,SP,368.604,7,jul,20.84746287564982,OK,1991,2020,30,CHIRPS_v2,UCSB-CHG/CHIRPS/DAILY,1991-2020,IBGE_2024
3510104,Cândido Rodrigues,SP,70.892,7,jul,17.9234292243515,OK,1991,2020,30,CHIRPS_v2,UCSB-CHG/CHIRPS/DAILY,1991-2020,IBGE_2024
3532900,Nova Europa,SP,160.25,7,jul,21.41653638619892,OK,1991,2020,30,CHIRPS_v2,UCSB-CHG/CHIRPS/DAILY,1991-2020,IBGE_2024
3532058,Motuca,SP,228.651,7,jul,19.25181252248694,OK,1991,2020,30,CHIRPS_v2,UCSB-CHG/CHIRPS/DAILY,1991-2020,IBGE_2024
3507407,Borborema,SP,552.256,7,jul,19.441425527242096,OK,1991,2020,30,CHIRPS_v2,UCSB-CHG/CHIRPS/DAILY,1991-2020,IBGE_2024
3522703,Itápolis,SP,996.747,7,jul,19.444441579938385,OK,1991,2020,30,CHIRPS_v2,UCSB-CHG/CHIRPS/DAILY,1991-2020,IBGE_2024
3506706,Boa Esperança do Sul,SP,690.748,7,jul,22.09095520005466,OK,1991,2020,30,CHIRPS_v2,UCSB-CHG/CHIRPS/DAILY,1991-2020,IBGE_2024
3514007,Dobrada,SP,149.729,7,jul,19.740660054809137,OK,1991,2020,30,CHIRPS_v2,UCSB-CHG/CHIRPS/DAILY,1991-2020,IBGE_2024
3519303,Ibaté,SP,290.977,7,jul,21.414193222072228,OK,1991,2020,30,CHIRPS_v2,UCSB-CHG/CHIRPS/DAILY,1991-2020,IBGE_2024
3548906,São Carlos,SP,1136.907,7,jul,22.06476770160566,OK,1991,2020,30,CHIRPS_v2,UCSB-CHG/CHIRPS/DAILY,1991-2020,IBGE_2024
3513702,Descalvado,SP,753.926,7,jul,19.628966995244003,OK,1991,2020,30,CHIRPS_v2,UCSB-CHG/CHIRPS/DAILY,1991-2020,IBGE_2024
3542909,Ribeirão Bonito,SP,471.553,7,jul,21.583462273486834,OK,1991,2020,30,CHIRPS_v2,UCSB-CHG/CHIRPS/DAILY,1991-2020,IBGE_2024
3540705,Porto Ferreira,SP,245.327,7,jul,17.54057019858174,OK,1991,2020,30,CHIRPS_v2,UCSB-CHG/CHIRPS/DAILY,1991-2020,IBGE_2024
3523602,Itirapina,SP,564.603,7,jul,21.09383501063621,OK,1991,2020,30,CHIRPS_v2,UCSB-CHG/CHIRPS/DAILY,1991-2020,IBGE_2024
3539301,Pirassununga,SP,727.714,7,jul,17.61788690032707,OK,1991,2020,30,CHIRPS_v2,UCSB-CHG/CHIRPS/DAILY,1991-2020,IBGE_2024
3547502,Santa Rita do Passa Quatro,SP,752.911,7,jul,17.593650723498982,OK,1991,2020,30,CHIRPS_v2,UCSB-CHG/CHIRPS/DAILY,1991-2020,IBGE_2024
3514304,Dourado,SP,205.874,7,jul,23.160709788997455,OK,1991,2020,30,CHIRPS_v2,UCSB-CHG/CHIRPS/DAILY,1991-2020,IBGE_2024
3545803,Santa Bárbara d'Oeste,SP,271.03,7,jul,25.414495288023705,OK,1991,2020,30,CHIRPS_v2,UCSB-CHG/CHIRPS/DAILY,1991-2020,IBGE_2024
3512803,Cosmópolis,SP,151.645,7,jul,23.05582786801519,OK,1991,2020,30,CHIRPS_v2,UCSB-CHG/CHIRPS/DAILY,1991-2020,IBGE_2024
3536505,Paulínia,SP,138.777,7,jul,25.623681675924754,OK,1991,2020,30,CHIRPS_v2,UCSB-CHG/CHIRPS/DAILY,1991-2020,IBGE_2024
3520509,Indaiatuba,SP,311.545,7,jul,35.18832938124212,OK,1991,2020,30,CHIRPS_v2,UCSB-CHG/CHIRPS/DAILY,1991-2020,IBGE_2024
3552403,Sumaré,SP,153.465,7,jul,26.407866715914672,OK,1991,2020,30,CHIRPS_v2,UCSB-CHG/CHIRPS/DAILY,1991-2020,IBGE_2024
3519071,Hortolândia,SP,62.416,7,jul,27.792531913850624,OK,1991,2020,30,CHIRPS_v2,UCSB-CHG/CHIRPS/DAILY,1991-2020,IBGE_2024
3509502,Campinas,SP,794.57,7,jul,29.713190398352946,OK,1991,2020,30,CHIRPS_v2,UCSB-CHG/CHIRPS/DAILY,1991-2020,IBGE_2024
3501608,Americana,SP,133.912,7,jul,23.183344412381075,OK,1991,2020,30,CHIRPS_v2,UCSB-CHG/CHIRPS/DAILY,1991-2020,IBGE_2024
3533403,Nova Odessa,SP,73.788,7,jul,25.094656315560513,OK,1991,2020,30,CHIRPS_v2,UCSB-CHG/CHIRPS/DAILY,1991-2020,IBGE_2024
3556701,Vinhedo,SP,80.208,7,jul,31.101975833736027,OK,1991,2020,30,CHIRPS_v2,UCSB-CHG/CHIRPS/DAILY,1991-2020,IBGE_2024
3531803,Monte Mor,SP,240.566,7,jul,27.200009468943957,OK,1991,2020,30,CHIRPS_v2,UCSB-CHG/CHIRPS/DAILY,1991-2020,IBGE_2024
3556206,Valinhos,SP,148.72,7,jul,31.053750011006755,OK,1991,2020,30,CHIRPS_v2,UCSB-CHG/CHIRPS/DAILY,1991-2020,IBGE_2024
3537107,Pedreira,SP,108.817,7,jul,29.1273597957973,OK,1991,2020,30,CHIRPS_v2,UCSB-CHG/CHIRPS/DAILY,1991-2020,IBGE_2024
3503802,Artur Nogueira,SP,181.786,7,jul,23.43771714297159,OK,1991,2020,30,CHIRPS_v2,UCSB-CHG/CHIRPS/DAILY,1991-2020,IBGE_2024
3519055,Holambra,SP,65.337,7,jul,25.967204209808113,OK,1991,2020,30,CHIRPS_v2,UCSB-CHG/CHIRPS/DAILY,1991-2020,IBGE_2024
3524709,Jaguariúna,SP,141.391,7,jul,27.498504246668272,OK,1991,2020,30,CHIRPS_v2,UCSB-CHG/CHIRPS/DAILY,1991-2020,IBGE_2024
3548005,Santo Antônio de Posse,SP,154.133,7,jul,27.751022003327954,OK,1991,2020,30,CHIRPS_v2,UCSB-CHG/CHIRPS/DAILY,1991-2020,IBGE_2024
3514908,Elias Fausto,SP,202.36,7,jul,28.743723810295982,OK,1991,2020,30,CHIRPS_v2,UCSB-CHG/CHIRPS/DAILY,1991-2020,IBGE_2024
3527306,Louveira,SP,55.989,7,jul,31.223945892970832,OK,1991,2020,30,CHIRPS_v2,UCSB-CHG/CHIRPS/DAILY,1991-2020,IBGE_2024
3525904,Jundiaí,SP,431.162,7,jul,33.60797533947629,OK,1991,2020,30,CHIRPS_v2,UCSB-CHG/CHIRPS/DAILY,1991-2020,IBGE_2024
3509601,Campo Limpo Paulista,SP,79.504,7,jul,33.47095197291861,OK,1991,2020,30,CHIRPS_v2,UCSB-CHG/CHIRPS/DAILY,1991-2020,IBGE_2024
3525201,Jarinu,SP,207.549,7,jul,32.49529270597233,OK,1991,2020,30,CHIRPS_v2,UCSB-CHG/CHIRPS/DAILY,1991-2020,IBGE_2024
3508405,Cabreúva,SP,260.234,7,jul,43.00746256388615,OK,1991,2020,30,CHIRPS_v2,UCSB-CHG/CHIRPS/DAILY,1991-2020,IBGE_2024
3556503,Várzea Paulista,SP,35.048,7,jul,33.648347011835526,OK,1991,2020,30,CHIRPS_v2,UCSB-CHG/CHIRPS/DAILY,1991-2020,IBGE_2024
3524006,Itupeva,SP,201.214,7,jul,37.066661752953564,OK,1991,2020,30,CHIRPS_v2,UCSB-CHG/CHIRPS/DAILY,1991-2020,IBGE_2024
3523404,Itatiba,SP,322.253,7,jul,30.96629208208815,OK,1991,2020,30,CHIRPS_v2,UCSB-CHG/CHIRPS/DAILY,1991-2020,IBGE_2024
3532009,Morungaba,SP,146.752,7,jul,29.239429830130092,OK,1991,2020,30,CHIRPS_v2,UCSB-CHG/CHIRPS/DAILY,1991-2020,IBGE_2024
3545159,Saltinho,SP,99.924,7,jul,25.69447563068572,OK,1991,2020,30,CHIRPS_v2,UCSB-CHG/CHIRPS/DAILY,1991-2020,IBGE_2024
3511706,Charqueada,SP,175.846,7,jul,21.8910438378392,OK,1991,2020,30,CHIRPS_v2,UCSB-CHG/CHIRPS/DAILY,1991-2020,IBGE_2024
3544004,Rio das Pedras,SP,226.729,7,jul,25.154856235694673,OK,1991,2020,30,CHIRPS_v2,UCSB-CHG/CHIRPS/DAILY,1991-2020,IBGE_2024
3538709,Piracicaba,SP,1377.173,7,jul,25.057093604259254,OK,1991,2020,30,CHIRPS_v2,UCSB-CHG/CHIRPS/DAILY,1991-2020,IBGE_2024
3510401,Capivari,SP,322.878,7,jul,28.75489629369594,OK,1991,2020,30,CHIRPS_v2,UCSB-CHG/CHIRPS/DAILY,1991-2020,IBGE_2024
3526407,Laranjal Paulista,SP,384.274,7,jul,26.91642120117612,OK,1991,2020,30,CHIRPS_v2,UCSB-CHG/CHIRPS/DAILY,1991-2020,IBGE_2024
3550407,São Pedro,SP,611.51,7,jul,25.18865578801284,OK,1991,2020,30,CHIRPS_v2,UCSB-CHG/CHIRPS/DAILY,1991-2020,IBGE_2024
3542107,Rafard,SP,121.645,7,jul,29.718187073469586,OK,1991,2020,30,CHIRPS_v2,UCSB-CHG/CHIRPS/DAILY,1991-2020,IBGE_2024
3500600,Águas de São Pedro,SP,3.38,7,jul,26.26971160638173,OK,1991,2020,30,CHIRPS_v2,UCSB-CHG/CHIRPS/DAILY,1991-2020,IBGE_2024
3530904,Mombuca,SP,133.698,7,jul,26.626168012907794,OK,1991,2020,30,CHIRPS_v2,UCSB-CHG/CHIRPS/DAILY,1991-2020,IBGE_2024
3547007,Santa Maria da Serra,SP,252.621,7,jul,27.88813195776808,OK,1991,2020,30,CHIRPS_v2,UCSB-CHG/CHIRPS/DAILY,1991-2020,IBGE_2024
3504107,Atibaia,SP,478.52,7,jul,35.95653820123754,OK,1991,2020,30,CHIRPS_v2,UCSB-CHG/CHIRPS/DAILY,1991-2020,IBGE_2024
3507605,Bragança Paulista,SP,512.584,7,jul,35.28553005847684,OK,1991,2020,30,CHIRPS_v2,UCSB-CHG/CHIRPS/DAILY,1991-2020,IBGE_2024
3507100,Bom Jesus dos Perdões,SP,108.366,7,jul,32.2932796652487,OK,1991,2020,30,CHIRPS_v2,UCSB-CHG/CHIRPS/DAILY,1991-2020,IBGE_2024
3536802,Pedra Bela,SP,158.588,7,jul,32.144109950454826,OK,1991,2020,30,CHIRPS_v2,UCSB-CHG/CHIRPS/DAILY,1991-2020,IBGE_2024
3552106,Socorro,SP,448.894,7,jul,29.909362999794205,OK,1991,2020,30,CHIRPS_v2,UCSB-CHG/CHIRPS/DAILY,1991-2020,IBGE_2024
3525508,Joanópolis,SP,374.346,7,jul,31.92615843986062,OK,1991,2020,30,CHIRPS_v2,UCSB-CHG/CHIRPS/DAILY,1991-2020,IBGE_2024
3532405,Nazaré Paulista,SP,326.392,7,jul,32.709318435066145,OK,1991,2020,30,CHIRPS_v2,UCSB-CHG/CHIRPS/DAILY,1991-2020,IBGE_2024
3556354,Vargem,SP,142.595,7,jul,34.45918835581281,OK,1991,2020,30,CHIRPS_v2,UCSB-CHG/CHIRPS/DAILY,1991-2020,IBGE_2024
3538600,Piracaia,SP,385.64,7,jul,34.1647259102909,OK,1991,2020,30,CHIRPS_v2,UCSB-CHG/CHIRPS/DAILY,1991-2020,IBGE_2024
3554953,Tuiuti,SP,126.731,7,jul,30.513844674998463,OK,1991,2020,30,CHIRPS_v2,UCSB-CHG/CHIRPS/DAILY,1991-2020,IBGE_2024
3538204,Pinhalzinho,SP,154.529,7,jul,32.20016605591068,OK,1991,2020,30,CHIRPS_v2,UCSB-CHG/CHIRPS/DAILY,1991-2020,IBGE_2024
3521408,Iracemápolis,SP,115.31,7,jul,22.254958975290176,OK,1991,2020,30,CHIRPS_v2,UCSB-CHG/CHIRPS/DAILY,1991-2020,IBGE_2024
3526902,Limeira,SP,580.577,7,jul,23.944476942864004,OK,1991,2020,30,CHIRPS_v2,UCSB-CHG/CHIRPS/DAILY,1991-2020,IBGE_2024
3512407,Cordeirópolis,SP,137.678,7,jul,22.10970574782252,OK,1991,2020,30,CHIRPS_v2,UCSB-CHG/CHIRPS/DAILY,1991-2020,IBGE_2024
3515152,Engenheiro Coelho,SP,109.574,7,jul,23.408628309002545,OK,1991,2020,30,CHIRPS_v2,UCSB-CHG/CHIRPS/DAILY,1991-2020,IBGE_2024
3557303,Estiva Gerbi,SP,74.144,7,jul,23.358587574173182,OK,1991,2020,30,CHIRPS_v2,UCSB-CHG/CHIRPS/DAILY,1991-2020,IBGE_2024
3530706,Mogi Guaçu,SP,812.753,7,jul,22.41980135749959,OK,1991,2020,30,CHIRPS_v2,UCSB-CHG/CHIRPS/DAILY,1991-2020,IBGE_2024
3530805,Mogi Mirim,SP,497.709,7,jul,24.774394711152464,OK,1991,2020,30,CHIRPS_v2,UCSB-CHG/CHIRPS/DAILY,1991-2020,IBGE_2024
3522604,Itapira,SP,518.431,7,jul,25.101472222882137,OK,1991,2020,30,CHIRPS_v2,UCSB-CHG/CHIRPS/DAILY,1991-2020,IBGE_2024
3553302,Tambaú,SP,561.788,7,jul,15.269385327708614,OK,1991,2020,30,CHIRPS_v2,UCSB-CHG/CHIRPS/DAILY,1991-2020,IBGE_2024
3510807,Casa Branca,SP,864.225,7,jul,16.38256522878354,OK,1991,2020,30,CHIRPS_v2,UCSB-CHG/CHIRPS/DAILY,1991-2020,IBGE_2024
3500303,Aguaí,SP,474.554,7,jul,19.22532691324523,OK,1991,2020,30,CHIRPS_v2,UCSB-CHG/CHIRPS/DAILY,1991-2020,IBGE_2024
3500402,Águas da Prata,SP,142.673,7,jul,16.054960025251702,OK,1991,2020,30,CHIRPS_v2,UCSB-CHG/CHIRPS/DAILY,1991-2020,IBGE_2024
3549102,São João da Boa Vista,SP,516.399,7,jul,20.364999400945585,OK,1991,2020,30,CHIRPS_v2,UCSB-CHG/CHIRPS/DAILY,1991-2020,IBGE_2024
3515186,Espírito Santo do Pinhal,SP,389.235,7,jul,20.46266821838051,OK,1991,2020,30,CHIRPS_v2,UCSB-CHG/CHIRPS/DAILY,1991-2020,IBGE_2024
3548104,Santo Antônio do Jardim,SP,109.956,7,jul,19.36751709274651,OK,1991,2020,30,CHIRPS_v2,UCSB-CHG/CHIRPS/DAILY,1991-2020,IBGE_2024
3556404,Vargem Grande do Sul,SP,267.178,7,jul,16.92544654114589,OK,1991,2020,30,CHIRPS_v2,UCSB-CHG/CHIRPS/DAILY,1991-2020,IBGE_2024
3546306,Santa Cruz das Palmeiras,SP,295.33,7,jul,15.415637823515409,OK,1991,2020,30,CHIRPS_v2,UCSB-CHG/CHIRPS/DAILY,1991-2020,IBGE_2024
3503307,Araras,SP,644.805,7,jul,21.012300694170854,OK,1991,2020,30,CHIRPS_v2,UCSB-CHG/CHIRPS/DAILY,1991-2020,IBGE_2024
3512209,Conchal,SP,182.793,7,jul,23.798242696478443,OK,1991,2020,30,CHIRPS_v2,UCSB-CHG/CHIRPS/DAILY,1991-2020,IBGE_2024
3526704,Leme,SP,402.871,7,jul,18.548505766495264,OK,1991,2020,30,CHIRPS_v2,UCSB-CHG/CHIRPS/DAILY,1991-2020,IBGE_2024
3546207,Santa Cruz da Conceição,SP,150.13,7,jul,19.396561295638232,OK,1991,2020,30,CHIRPS_v2,UCSB-CHG/CHIRPS/DAILY,1991-2020,IBGE_2024
3521101,Ipeúna,SP,190.01,7,jul,20.208649589736126,OK,1991,2020,30,CHIRPS_v2,UCSB-CHG/CHIRPS/DAILY,1991-2020,IBGE_2024
3543907,Rio Claro,SP,498.403,7,jul,21.005307614868087,OK,1991,2020,30,CHIRPS_v2,UCSB-CHG/CHIRPS/DAILY,1991-2020,IBGE_2024
3546702,Santa Gertrudes,SP,98.045,7,jul,19.88861833053837,OK,1991,2020,30,CHIRPS_v2,UCSB-CHG/CHIRPS/DAILY,1991-2020,IBGE_2024
3512704,Corumbataí,SP,278.622,7,jul,19.64366133573523,OK,1991,2020,30,CHIRPS_v2,UCSB-CHG/CHIRPS/DAILY,1991-2020,IBGE_2024
3502002,Analândia,SP,325.953,7,jul,19.206918602145958,OK,1991,2020,30,CHIRPS_v2,UCSB-CHG/CHIRPS/DAILY,1991-2020,IBGE_2024
3513900,Divinolândia,SP,223.749,7,jul,12.931315697007035,OK,1991,2020,30,CHIRPS_v2,UCSB-CHG/CHIRPS/DAILY,1991-2020,IBGE_2024
3553609,Tapiratiba,SP,220.518,7,jul,13.806722356837458,OK,1991,2020,30,CHIRPS_v2,UCSB-CHG/CHIRPS/DAILY,1991-2020,IBGE_2024
3550803,São Sebastião da Grama,SP,252.41,7,jul,13.716651387500146,OK,1991,2020,30,CHIRPS_v2,UCSB-CHG/CHIRPS/DAILY,1991-2020,IBGE_2024
3508702,Caconde,SP,468.998,7,jul,13.728228886978846,OK,1991,2020,30,CHIRPS_v2,UCSB-CHG/CHIRPS/DAILY,1991-2020,IBGE_2024
3549706,São José do Rio Pardo,SP,419.729,7,jul,15.86541955061775,OK,1991,2020,30,CHIRPS_v2,UCSB-CHG/CHIRPS/DAILY,1991-2020,IBGE_2024
3523800,Itobi,SP,138.986,7,jul,15.672896151349185,OK,1991,2020,30,CHIRPS_v2,UCSB-CHG/CHIRPS/DAILY,1991-2020,IBGE_2024
3530508,Mococa,SP,855.701,7,jul,14.068266277811473,OK,1991,2020,30,CHIRPS_v2,UCSB-CHG/CHIRPS/DAILY,1991-2020,IBGE_2024
3527009,Lindóia,SP,48.321,7,jul,26.31131220806899,OK,1991,2020,30,CHIRPS_v2,UCSB-CHG/CHIRPS/DAILY,1991-2020,IBGE_2024
3551603,Serra Negra,SP,204.542,7,jul,25.572348486480056,OK,1991,2020,30,CHIRPS_v2,UCSB-CHG/CHIRPS/DAILY,1991-2020,IBGE_2024
3501905,Amparo,SP,445.323,7,jul,27.78995885817343,OK,1991,2020,30,CHIRPS_v2,UCSB-CHG/CHIRPS/DAILY,1991-2020,IBGE_2024
3500501,Águas de Lindóia,SP,59.872,7,jul,26.859948617965948,OK,1991,2020,30,CHIRPS_v2,UCSB-CHG/CHIRPS/DAILY,1991-2020,IBGE_2024
3531209,Monte Alegre do Sul,SP,110.308,7,jul,28.997694156989567,OK,1991,2020,30,CHIRPS_v2,UCSB-CHG/CHIRPS/DAILY,1991-2020,IBGE_2024
3520202,Igaratá,SP,293.002,7,jul,34.570343268075796,OK,1991,2020,30,CHIRPS_v2,UCSB-CHG/CHIRPS/DAILY,1991-2020,IBGE_2024
3535606,Paraibuna,SP,809.576,7,jul,38.863784485311015,OK,1991,2020,30,CHIRPS_v2,UCSB-CHG/CHIRPS/DAILY,1991-2020,IBGE_2024
3546009,Santa Branca,SP,272.238,7,jul,33.927808274892406,OK,1991,2020,30,CHIRPS_v2,UCSB-CHG/CHIRPS/DAILY,1991-2020,IBGE_2024
3549904,São José dos Campos,SP,1099.494,7,jul,32.658383201610356,OK,1991,2020,30,CHIRPS_v2,UCSB-CHG/CHIRPS/DAILY,1991-2020,IBGE_2024
3524907,Jambeiro,SP,184.413,7,jul,28.891496938159786,OK,1991,2020,30,CHIRPS_v2,UCSB-CHG/CHIRPS/DAILY,1991-2020,IBGE_2024
3508504,Caçapava,SP,369.558,7,jul,34.08144401707981,OK,1991,2020,30,CHIRPS_v2,UCSB-CHG/CHIRPS/DAILY,1991-2020,IBGE_2024
3524402,Jacareí,SP,464.252,7,jul,33.151213928728126,OK,1991,2020,30,CHIRPS_v2,UCSB-CHG/CHIRPS/DAILY,1991-2020,IBGE_2024
3531704,Monteiro Lobato,SP,332.408,7,jul,38.1295752808257,OK,1991,2020,30,CHIRPS_v2,UCSB-CHG/CHIRPS/DAILY,1991-2020,IBGE_2024
3526308,Lagoinha,SP,254.454,7,jul,23.557079372108934,OK,1991,2020,30,CHIRPS_v2,UCSB-CHG/CHIRPS/DAILY,1991-2020,IBGE_2024
3509700,Campos do Jordão,SP,289.981,7,jul,31.66310938901565,OK,1991,2020,30,CHIRPS_v2,UCSB-CHG/CHIRPS/DAILY,1991-2020,IBGE_2024
3550001,São Luiz do Paraitinga,SP,618.126,7,jul,35.081753473388765,OK,1991,2020,30,CHIRPS_v2,UCSB-CHG/CHIRPS/DAILY,1991-2020,IBGE_2024
3532306,Natividade da Serra,SP,834.281,7,jul,41.99344336620816,OK,1991,2020,30,CHIRPS_v2,UCSB-CHG/CHIRPS/DAILY,1991-2020,IBGE_2024
3548609,São Bento do Sapucaí,SP,252.579,7,jul,28.055965483240232,OK,1991,2020,30,CHIRPS_v2,UCSB-CHG/CHIRPS/DAILY,1991-2020,IBGE_2024
3548203,Santo Antônio do Pinhal,SP,132.966,7,jul,29.771501318136792,OK,1991,2020,30,CHIRPS_v2,UCSB-CHG/CHIRPS/DAILY,1991-2020,IBGE_2024
3554805,Tremembé,SP,190.93,7,jul,34.189579674355535,OK,1991,2020,30,CHIRPS_v2,UCSB-CHG/CHIRPS/DAILY,1991-2020,IBGE_2024
3554102,Taubaté,SP,624.924,7,jul,28.335268527125784,OK,1991,2020,30,CHIRPS_v2,UCSB-CHG/CHIRPS/DAILY,1991-2020,IBGE_2024
3542305,Redenção da Serra,SP,309.322,7,jul,27.356348184211466,OK,1991,2020,30,CHIRPS_v2,UCSB-CHG/CHIRPS/DAILY,1991-2020,IBGE_2024
3538006,Pindamonhangaba,SP,731.356,7,jul,32.24634764113479,OK,1991,2020,30,CHIRPS_v2,UCSB-CHG/CHIRPS/DAILY,1991-2020,IBGE_2024
3520400,Ilhabela,SP,346.389,7,jul,43.819542896733566,OK,1991,2020,30,CHIRPS_v2,UCSB-CHG/CHIRPS/DAILY,1991-2020,IBGE_2024
3510500,Caraguatatuba,SP,484.947,7,jul,55.97327042940577,OK,1991,2020,30,CHIRPS_v2,UCSB-CHG/CHIRPS/DAILY,1991-2020,IBGE_2024
3550704,São Sebastião,SP,402.395,7,jul,62.59613312920618,OK,1991,2020,30,CHIRPS_v2,UCSB-CHG/CHIRPS/DAILY,1991-2020,IBGE_2024
3544301,Roseira,SP,129.847,7,jul,26.694187232107932,OK,1991,2020,30,CHIRPS_v2,UCSB-CHG/CHIRPS/DAILY,1991-2020,IBGE_2024
3502507,Aparecida,SP,120.89,7,jul,27.0645684156299,OK,1991,2020,30,CHIRPS_v2,UCSB-CHG/CHIRPS/DAILY,1991-2020,IBGE_2024
3518404,Guaratinguetá,SP,752.636,7,jul,24.744297994389495,OK,1991,2020,30,CHIRPS_v2,UCSB-CHG/CHIRPS/DAILY,1991-2020,IBGE_2024
3540754,Potim,SP,44.644,7,jul,27.22091666414077,OK,1991,2020,30,CHIRPS_v2,UCSB-CHG/CHIRPS/DAILY,1991-2020,IBGE_2024
3538501,Piquete,SP,175.996,7,jul,20.97438936458658,OK,1991,2020,30,CHIRPS_v2,UCSB-CHG/CHIRPS/DAILY,1991-2020,IBGE_2024
4122305,Rio Negro,PR,604.477,7,jul,98.48327728641337,OK,1991,2020,30,CHIRPS_v2,UCSB-CHG/CHIRPS/DAILY,1991-2020,IBGE_2024
4113205,Lapa,PR,2100.392,7,jul,95.9986091508362,OK,1991,2020,30,CHIRPS_v2,UCSB-CHG/CHIRPS/DAILY,1991-2020,IBGE_2024
4121208,Quitandinha,PR,446.597,7,jul,91.48572729858469,OK,1991,2020,30,CHIRPS_v2,UCSB-CHG/CHIRPS/DAILY,1991-2020,IBGE_2024
4105201,Cerro Azul,PR,1353.255,7,jul,84.08878738085093,OK,1991,2020,30,CHIRPS_v2,UCSB-CHG/CHIRPS/DAILY,1991-2020,IBGE_2024
4128633,Doutor Ulysses,PR,779.628,7,jul,80.20383303344737,OK,1991,2020,30,CHIRPS_v2,UCSB-CHG/CHIRPS/DAILY,1991-2020,IBGE_2024
4104105,Campo do Tenente,PR,303.956,7,jul,91.96067763603453,OK,1991,2020,30,CHIRPS_v2,UCSB-CHG/CHIRPS/DAILY,1991-2020,IBGE_2024
4127882,Tunas do Paraná,PR,670.899,7,jul,85.9199800762997,OK,1991,2020,30,CHIRPS_v2,UCSB-CHG/CHIRPS/DAILY,1991-2020,IBGE_2024
4127601,Tijucas do Sul,PR,672.599,7,jul,95.73928641613749,OK,1991,2020,30,CHIRPS_v2,UCSB-CHG/CHIRPS/DAILY,1991-2020,IBGE_2024
4119103,Piên,PR,256.501,7,jul,96.34926525111754,OK,1991,2020,30,CHIRPS_v2,UCSB-CHG/CHIRPS/DAILY,1991-2020,IBGE_2024
4100301,Agudos do Sul,PR,191.336,7,jul,96.49393488105613,OK,1991,2020,30,CHIRPS_v2,UCSB-CHG/CHIRPS/DAILY,1991-2020,IBGE_2024
4100202,Adrianópolis,PR,1343.898,7,jul,85.30443869507111,OK,1991,2020,30,CHIRPS_v2,UCSB-CHG/CHIRPS/DAILY,1991-2020,IBGE_2024
4122206,Rio Branco do Sul,PR,820.071,7,jul,91.37506100666279,OK,1991,2020,30,CHIRPS_v2,UCSB-CHG/CHIRPS/DAILY,1991-2020,IBGE_2024
4105805,Colombo,PR,197.369,7,jul,90.28086911137251,OK,1991,2020,30,CHIRPS_v2,UCSB-CHG/CHIRPS/DAILY,1991-2020,IBGE_2024
4106209,Contenda,PR,296.488,7,jul,90.6684187686851,OK,1991,2020,30,CHIRPS_v2,UCSB-CHG/CHIRPS/DAILY,1991-2020,IBGE_2024
4114302,Mandirituba,PR,378.818,7,jul,81.69223908806401,OK,1991,2020,30,CHIRPS_v2,UCSB-CHG/CHIRPS/DAILY,1991-2020,IBGE_2024
4120804,Quatro Barras,PR,181.565,7,jul,93.39230546316251,OK,1991,2020,30,CHIRPS_v2,UCSB-CHG/CHIRPS/DAILY,1991-2020,IBGE_2024
4104006,Campina Grande do Sul,PR,542.239,7,jul,92.47737193039441,OK,1991,2020,30,CHIRPS_v2,UCSB-CHG/CHIRPS/DAILY,1991-2020,IBGE_2024
4104253,Campo Magro,PR,275.423,7,jul,96.95062001504168,OK,1991,2020,30,CHIRPS_v2,UCSB-CHG/CHIRPS/DAILY,1991-2020,IBGE_2024
4104204,Campo Largo,PR,1239.801,7,jul,95.63192165052551,OK,1991,2020,30,CHIRPS_v2,UCSB-CHG/CHIRPS/DAILY,1991-2020,IBGE_2024
4119152,Pinhais,PR,61.008,7,jul,95.30178598909222,OK,1991,2020,30,CHIRPS_v2,UCSB-CHG/CHIRPS/DAILY,1991-2020,IBGE_2024
4119509,Piraquara,PR,225.065,7,jul,98.86644808773492,OK,1991,2020,30,CHIRPS_v2,UCSB-CHG/CHIRPS/DAILY,1991-2020,IBGE_2024
4103107,Bocaiúva do Sul,PR,809.682,7,jul,89.01018837356528,OK,1991,2020,30,CHIRPS_v2,UCSB-CHG/CHIRPS/DAILY,1991-2020,IBGE_2024
4111258,Itaperuçu,PR,322.553,7,jul,97.49733470198275,OK,1991,2020,30,CHIRPS_v2,UCSB-CHG/CHIRPS/DAILY,1991-2020,IBGE_2024
4102307,Balsa Nova,PR,347.588,7,jul,85.30372167237591,OK,1991,2020,30,CHIRPS_v2,UCSB-CHG/CHIRPS/DAILY,1991-2020,IBGE_2024
4101804,Araucária,PR,469.549,7,jul,91.32836885205353,OK,1991,2020,30,CHIRPS_v2,UCSB-CHG/CHIRPS/DAILY,1991-2020,IBGE_2024
4125506,São José dos Pinhais,PR,945.509,7,jul,92.70161816813737,OK,1991,2020,30,CHIRPS_v2,UCSB-CHG/CHIRPS/DAILY,1991-2020,IBGE_2024
4100400,Almirante Tamandaré,PR,193.736,7,jul,92.07026043235567,OK,1991,2020,30,CHIRPS_v2,UCSB-CHG/CHIRPS/DAILY,1991-2020,IBGE_2024
4107652,Fazenda Rio Grande,PR,116.41,7,jul,79.93946906479303,OK,1991,2020,30,CHIRPS_v2,UCSB-CHG/CHIRPS/DAILY,1991-2020,IBGE_2024
4106902,Curitiba,PR,435.406,7,jul,95.61544968369999,OK,1991,2020,30,CHIRPS_v2,UCSB-CHG/CHIRPS/DAILY,1991-2020,IBGE_2024
4118204,Paranaguá,PR,821.427,7,jul,99.99237664721284,OK,1991,2020,30,CHIRPS_v2,UCSB-CHG/CHIRPS/DAILY,1991-2020,IBGE_2024
4119954,Pontal do Paraná,PR,202.242,7,jul,98.90168996335302,OK,1991,2020,30,CHIRPS_v2,UCSB-CHG/CHIRPS/DAILY,1991-2020,IBGE_2024
4109609,Guaratuba,PR,1320.951,7,jul,100.08201251975214,OK,1991,2020,30,CHIRPS_v2,UCSB-CHG/CHIRPS/DAILY,1991-2020,IBGE_2024
4101200,Antonina,PR,890.065,7,jul,101.71129308889475,OK,1991,2020,30,CHIRPS_v2,UCSB-CHG/CHIRPS/DAILY,1991-2020,IBGE_2024
4109500,Guaraqueçaba,PR,2011.256,7,jul,96.90791187634468,OK,1991,2020,30,CHIRPS_v2,UCSB-CHG/CHIRPS/DAILY,1991-2020,IBGE_2024
4116208,Morretes,PR,686.489,7,jul,104.70109520290646,OK,1991,2020,30,CHIRPS_v2,UCSB-CHG/CHIRPS/DAILY,1991-2020,IBGE_2024
4115705,Matinhos,PR,117.479,7,jul,99.89750551220875,OK,1991,2020,30,CHIRPS_v2,UCSB-CHG/CHIRPS/DAILY,1991-2020,IBGE_2024
4106803,Cruz Machado,PR,1474.202,7,jul,113.33533348772106,OK,1991,2020,30,CHIRPS_v2,UCSB-CHG/CHIRPS/DAILY,1991-2020,IBGE_2024
4120309,Porto Vitória,PR,210.236,7,jul,111.41421162882916,OK,1991,2020,30,CHIRPS_v2,UCSB-CHG/CHIRPS/DAILY,1991-2020,IBGE_2024
4128203,União da Vitória,PR,727.443,7,jul,110.24155053898728,OK,1991,2020,30,CHIRPS_v2,UCSB-CHG/CHIRPS/DAILY,1991-2020,IBGE_2024
4102901,Bituruna,PR,1280.76,7,jul,117.11585305041262,OK,1991,2020,30,CHIRPS_v2,UCSB-CHG/CHIRPS/DAILY,1991-2020,IBGE_2024
4118600,Paula Freitas,PR,417.829,7,jul,110.73511163480467,OK,1991,2020,30,CHIRPS_v2,UCSB-CHG/CHIRPS/DAILY,1991-2020,IBGE_2024
4118709,Paulo Frontin,PR,363.169,7,jul,108.11557466520644,OK,1991,2020,30,CHIRPS_v2,UCSB-CHG/CHIRPS/DAILY,1991-2020,IBGE_2024
4101309,Antônio Olinto,PR,463.694,7,jul,103.43762741560228,OK,1991,2020,30,CHIRPS_v2,UCSB-CHG/CHIRPS/DAILY,1991-2020,IBGE_2024
4125605,São Mateus do Sul,PR,1344.742,7,jul,100.31574970162549,OK,1991,2020,30,CHIRPS_v2,UCSB-CHG/CHIRPS/DAILY,1991-2020,IBGE_2024
4108502,General Carneiro,PR,1068.369,7,jul,109.1651117235068,OK,1991,2020,30,CHIRPS_v2,UCSB-CHG/CHIRPS/DAILY,1991-2020,IBGE_2024
4109401,Guarapuava,PR,3163.893,7,jul,111.38383259675511,OK,1991,2020,30,CHIRPS_v2,UCSB-CHG/CHIRPS/DAILY,1991-2020,IBGE_2024
4121752,Reserva do Iguaçu,PR,833.085,7,jul,124.62315820757522,OK,1991,2020,30,CHIRPS_v2,UCSB-CHG/CHIRPS/DAILY,1991-2020,IBGE_2024
4104451,Cantagalo,PR,568.929,7,jul,115.9796701238303,OK,1991,2020,30,CHIRPS_v2,UCSB-CHG/CHIRPS/DAILY,1991-2020,IBGE_2024
4104428,Candói,PR,1509.719,7,jul,114.17210671608392,OK,1991,2020,30,CHIRPS_v2,UCSB-CHG/CHIRPS/DAILY,1991-2020,IBGE_2024
4103958,Campina do Simão,PR,448.033,7,jul,113.57337973471301,OK,1991,2020,30,CHIRPS_v2,UCSB-CHG/CHIRPS/DAILY,1991-2020,IBGE_2024
4120606,Prudentópolis,PR,2257.861,7,jul,111.25874057899651,OK,1991,2020,30,CHIRPS_v2,UCSB-CHG/CHIRPS/DAILY,1991-2020,IBGE_2024
4127965,Turvo,PR,936.038,7,jul,107.92872056526228,OK,1991,2020,30,CHIRPS_v2,UCSB-CHG/CHIRPS/DAILY,1991-2020,IBGE_2024
4119301,Pinhão,PR,2003.799,7,jul,117.83803742436064,OK,1991,2020,30,CHIRPS_v2,UCSB-CHG/CHIRPS/DAILY,1991-2020,IBGE_2024
4110201,Inácio Martins,PR,938.126,7,jul,110.21250685084338,OK,1991,2020,30,CHIRPS_v2,UCSB-CHG/CHIRPS/DAILY,1991-2020,IBGE_2024
4108957,Guamiranga,PR,244.592,7,jul,108.84407883599481,OK,1991,2020,30,CHIRPS_v2,UCSB-CHG/CHIRPS/DAILY,1991-2020,IBGE_2024
4108452,Foz do Jordão,PR,230.716,7,jul,117.03952401623602,OK,1991,2020,30,CHIRPS_v2,UCSB-CHG/CHIRPS/DAILY,1991-2020,IBGE_2024
4108650,Goioxim,PR,702.284,7,jul,116.4230719353336,OK,1991,2020,30,CHIRPS_v2,UCSB-CHG/CHIRPS/DAILY,1991-2020,IBGE_2024
4113254,Laranjal,PR,559.439,7,jul,106.4808830526851,OK,1991,2020,30,CHIRPS_v2,UCSB-CHG/CHIRPS/DAILY,1991-2020,IBGE_2024
4119608,Pitanga,PR,1687.454,7,jul,107.34738865337376,OK,1991,2020,30,CHIRPS_v2,UCSB-CHG/CHIRPS/DAILY,1991-2020,IBGE_2024
4103040,Boa Ventura de São Roque,PR,606.94,7,jul,107.76740203386225,OK,1991,2020,30,CHIRPS_v2,UCSB-CHG/CHIRPS/DAILY,1991-2020,IBGE_2024
4117800,Palmital,PR,821.733,7,jul,115.78348405996259,OK,1991,2020,30,CHIRPS_v2,UCSB-CHG/CHIRPS/DAILY,1991-2020,IBGE_2024
4117271,Nova Tebas,PR,545.662,7,jul,96.02592087229715,OK,1991,2020,30,CHIRPS_v2,UCSB-CHG/CHIRPS/DAILY,1991-2020,IBGE_2024
4123857,Santa Maria do Oeste,PR,815.151,7,jul,115.50693333614093,OK,1991,2020,30,CHIRPS_v2,UCSB-CHG/CHIRPS/DAILY,1991-2020,IBGE_2024
4115739,Mato Rico,PR,402.533,7,jul,110.86801335790162,OK,1991,2020,30,CHIRPS_v2,UCSB-CHG/CHIRPS/DAILY,1991-2020,IBGE_2024
4104808,Cascavel,PR,2094.263,7,jul,103.3857612905332,OK,1991,2020,30,CHIRPS_v2,UCSB-CHG/CHIRPS/DAILY,1991-2020,IBGE_2024
4124020,Santa Tereza do Oeste,PR,327.737,7,jul,103.22651837804878,OK,1991,2020,30,CHIRPS_v2,UCSB-CHG/CHIRPS/DAILY,1991-2020,IBGE_2024
4107124,Diamante do Sul,PR,347.233,7,jul,107.33524713877536,OK,1991,2020,30,CHIRPS_v2,UCSB-CHG/CHIRPS/DAILY,1991-2020,IBGE_2024
4107157,Diamante D'Oeste,PR,310.624,7,jul,107.11666580596007,OK,1991,2020,30,CHIRPS_v2,UCSB-CHG/CHIRPS/DAILY,1991-2020,IBGE_2024
4106308,Corbélia,PR,527.607,7,jul,98.83100675073517,OK,1991,2020,30,CHIRPS_v2,UCSB-CHG/CHIRPS/DAILY,1991-2020,IBGE_2024
4105300,Céu Azul,PR,1176.523,7,jul,111.38357240746139,OK,1991,2020,30,CHIRPS_v2,UCSB-CHG/CHIRPS/DAILY,1991-2020,IBGE_2024
4105003,Catanduvas,PR,578.494,7,jul,108.45647511522415,OK,1991,2020,30,CHIRPS_v2,UCSB-CHG/CHIRPS/DAILY,1991-2020,IBGE_2024
4121257,Ramilândia,PR,235.418,7,jul,108.10120284873797,OK,1991,2020,30,CHIRPS_v2,UCSB-CHG/CHIRPS/DAILY,1991-2020,IBGE_2024
4113452,Lindoeste,PR,344.691,7,jul,108.51003269702066,OK,1991,2020,30,CHIRPS_v2,UCSB-CHG/CHIRPS/DAILY,1991-2020,IBGE_2024
4104600,Capitão Leônidas Marques,PR,280.109,7,jul,110.75485897769113,OK,1991,2020,30,CHIRPS_v2,UCSB-CHG/CHIRPS/DAILY,1991-2020,IBGE_2024
4128559,Vera Cruz do Oeste,PR,330.602,7,jul,108.89025381306652,OK,1991,2020,30,CHIRPS_v2,UCSB-CHG/CHIRPS/DAILY,1991-2020,IBGE_2024
4104055,Campo Bonito,PR,434.124,7,jul,104.16943904875897,OK,1991,2020,30,CHIRPS_v2,UCSB-CHG/CHIRPS/DAILY,1991-2020,IBGE_2024
4127858,Três Barras do Paraná,PR,506.963,7,jul,112.48903985415583,OK,1991,2020,30,CHIRPS_v2,UCSB-CHG/CHIRPS/DAILY,1991-2020,IBGE_2024
4103453,Cafelândia,PR,275.17,7,jul,94.702226489438,OK,1991,2020,30,CHIRPS_v2,UCSB-CHG/CHIRPS/DAILY,1991-2020,IBGE_2024
4103354,Braganey,PR,343.26,7,jul,100.78699193373993,OK,1991,2020,30,CHIRPS_v2,UCSB-CHG/CHIRPS/DAILY,1991-2020,IBGE_2024
4103057,Boa Vista da Aparecida,PR,265.636,7,jul,112.37519893597451,OK,1991,2020,30,CHIRPS_v2,UCSB-CHG/CHIRPS/DAILY,1991-2020,IBGE_2024
4110052,Iguatu,PR,106.937,7,jul,98.1322524811476,OK,1991,2020,30,CHIRPS_v2,UCSB-CHG/CHIRPS/DAILY,1991-2020,IBGE_2024
4109757,Ibema,PR,146.547,7,jul,110.83496724520265,OK,1991,2020,30,CHIRPS_v2,UCSB-CHG/CHIRPS/DAILY,1991-2020,IBGE_2024
4109302,Guaraniaçu,PR,1237.77,7,jul,109.84573239842491,OK,1991,2020,30,CHIRPS_v2,UCSB-CHG/CHIRPS/DAILY,1991-2020,IBGE_2024
4101051,Anahy,PR,104.09,7,jul,96.42670009296694,OK,1991,2020,30,CHIRPS_v2,UCSB-CHG/CHIRPS/DAILY,1991-2020,IBGE_2024
4116703,Nova Aurora,PR,471.176,7,jul,93.93911104362876,OK,1991,2020,30,CHIRPS_v2,UCSB-CHG/CHIRPS/DAILY,1991-2020,IBGE_2024
4123824,Santa Lúcia,PR,126.813,7,jul,109.61312948961725,OK,1991,2020,30,CHIRPS_v2,UCSB-CHG/CHIRPS/DAILY,1991-2020,IBGE_2024
4115606,Matelândia,PR,642.123,7,jul,112.11431384197851,OK,1991,2020,30,CHIRPS_v2,UCSB-CHG/CHIRPS/DAILY,1991-2020,IBGE_2024
4108304,Foz do Iguaçu,PR,606.501,7,jul,93.9694935886553,OK,1991,2020,30,CHIRPS_v2,UCSB-CHG/CHIRPS/DAILY,1991-2020,IBGE_2024
4124053,Santa Terezinha de Itaipu,PR,270.949,7,jul,95.13079976210746,OK,1991,2020,30,CHIRPS_v2,UCSB-CHG/CHIRPS/DAILY,1991-2020,IBGE_2024
4110953,Itaipulândia,PR,328.207,7,jul,102.47902427068281,OK,1991,2020,30,CHIRPS_v2,UCSB-CHG/CHIRPS/DAILY,1991-2020,IBGE_2024
4126355,Serranópolis do Iguaçu,PR,482.987,7,jul,109.8771123602137,OK,1991,2020,30,CHIRPS_v2,UCSB-CHG/CHIRPS/DAILY,1991-2020,IBGE_2024
4125704,São Miguel do Iguaçu,PR,852.133,7,jul,102.67978589614924,OK,1991,2020,30,CHIRPS_v2,UCSB-CHG/CHIRPS/DAILY,1991-2020,IBGE_2024
4116059,Missal,PR,326.214,7,jul,103.96180067830215,OK,1991,2020,30,CHIRPS_v2,UCSB-CHG/CHIRPS/DAILY,1991-2020,IBGE_2024
4115804,Medianeira,PR,326.67,7,jul,111.76611796317619,OK,1991,2020,30,CHIRPS_v2,UCSB-CHG/CHIRPS/DAILY,1991-2020,IBGE_2024
4127700,Toledo,PR,1197.223,7,jul,92.08599281189683,OK,1991,2020,30,CHIRPS_v2,UCSB-CHG/CHIRPS/DAILY,1991-2020,IBGE_2024
4117453,Ouro Verde do Oeste,PR,293.042,7,jul,100.28665389227632,OK,1991,2020,30,CHIRPS_v2,UCSB-CHG/CHIRPS/DAILY,1991-2020,IBGE_2024
4123501,Santa Helena,PR,753.997,7,jul,95.33295470068676,OK,1991,2020,30,CHIRPS_v2,UCSB-CHG/CHIRPS/DAILY,1991-2020,IBGE_2024
4115358,Maripá,PR,283.794,7,jul,86.69567357586854,OK,1991,2020,30,CHIRPS_v2,UCSB-CHG/CHIRPS/DAILY,1991-2020,IBGE_2024
4112751,Jesuítas,PR,246.606,7,jul,93.84901921127896,OK,1991,2020,30,CHIRPS_v2,UCSB-CHG/CHIRPS/DAILY,1991-2020,IBGE_2024
4127957,Tupãssi,PR,299.093,7,jul,91.245863996915,OK,1991,2020,30,CHIRPS_v2,UCSB-CHG/CHIRPS/DAILY,1991-2020,IBGE_2024
4127403,Terra Roxa,PR,801.135,7,jul,89.52624882923342,OK,1991,2020,30,CHIRPS_v2,UCSB-CHG/CHIRPS/DAILY,1991-2020,IBGE_2024
4110656,Iracema do Oeste,PR,81.538,7,jul,94.8829446443117,OK,1991,2020,30,CHIRPS_v2,UCSB-CHG/CHIRPS/DAILY,1991-2020,IBGE_2024
4102000,Assis Chateaubriand,PR,980.816,7,jul,87.77302388285787,OK,1991,2020,30,CHIRPS_v2,UCSB-CHG/CHIRPS/DAILY,1991-2020,IBGE_2024
4117909,Palotina,PR,651.237,7,jul,80.02593527788636,OK,1991,2020,30,CHIRPS_v2,UCSB-CHG/CHIRPS/DAILY,1991-2020,IBGE_2024
4125456,São José das Palmeiras,PR,182.627,7,jul,104.45602788598447,OK,1991,2020,30,CHIRPS_v2,UCSB-CHG/CHIRPS/DAILY,1991-2020,IBGE_2024
4125753,São Pedro do Iguaçu,PR,309.1,7,jul,105.62356840622155,OK,1991,2020,30,CHIRPS_v2,UCSB-CHG/CHIRPS/DAILY,1991-2020,IBGE_2024
4108809,Guaíra,PR,563.414,7,jul,83.70567685345061,OK,1991,2020,30,CHIRPS_v2,UCSB-CHG/CHIRPS/DAILY,1991-2020,IBGE_2024
4108205,Formosa do Oeste,PR,275.651,7,jul,90.30699536108112,OK,1991,2020,30,CHIRPS_v2,UCSB-CHG/CHIRPS/DAILY,1991-2020,IBGE_2024
4115408,Marmeleiro,PR,388.538,7,jul,125.38388218034558,OK,1991,2020,30,CHIRPS_v2,UCSB-CHG/CHIRPS/DAILY,1991-2020,IBGE_2024
4122800,Salgado Filho,PR,182.616,7,jul,130.25694482654052,OK,1991,2020,30,CHIRPS_v2,UCSB-CHG/CHIRPS/DAILY,1991-2020,IBGE_2024
4114351,Manfrinópolis,PR,214.758,7,jul,128.85443488595814,OK,1991,2020,30,CHIRPS_v2,UCSB-CHG/CHIRPS/DAILY,1991-2020,IBGE_2024
4121406,Realeza,PR,353.922,7,jul,118.39966249654725,OK,1991,2020,30,CHIRPS_v2,UCSB-CHG/CHIRPS/DAILY,1991-2020,IBGE_2024
4121604,Renascença,PR,425.947,7,jul,125.19845343348817,OK,1991,2020,30,CHIRPS_v2,UCSB-CHG/CHIRPS/DAILY,1991-2020,IBGE_2024
4104501,Capanema,PR,415.961,7,jul,115.3786112908239,OK,1991,2020,30,CHIRPS_v2,UCSB-CHG/CHIRPS/DAILY,1991-2020,IBGE_2024
4120358,Pranchita,PR,226.089,7,jul,119.16576844848727,OK,1991,2020,30,CHIRPS_v2,UCSB-CHG/CHIRPS/DAILY,1991-2020,IBGE_2024
4128609,Verê,PR,312.744,7,jul,117.52067919998208,OK,1991,2020,30,CHIRPS_v2,UCSB-CHG/CHIRPS/DAILY,1991-2020,IBGE_2024
4119806,Planalto,PR,347.974,7,jul,116.55760950575667,OK,1991,2020,30,CHIRPS_v2,UCSB-CHG/CHIRPS/DAILY,1991-2020,IBGE_2024
4119251,Pinhal de São Bento,PR,98.062,7,jul,126.78044862309305,OK,1991,2020,30,CHIRPS_v2,UCSB-CHG/CHIRPS/DAILY,1991-2020,IBGE_2024
4102752,Bela Vista da Caroba,PR,148.859,7,jul,114.56186195598401,OK,1991,2020,30,CHIRPS_v2,UCSB-CHG/CHIRPS/DAILY,1991-2020,IBGE_2024
4103156,Bom Jesus do Sul,PR,175.536,7,jul,131.8249660357982,OK,1991,2020,30,CHIRPS_v2,UCSB-CHG/CHIRPS/DAILY,1991-2020,IBGE_2024
4119004,Pérola d'Oeste,PR,204.331,7,jul,110.8592795293456,OK,1991,2020,30,CHIRPS_v2,UCSB-CHG/CHIRPS/DAILY,1991-2020,IBGE_2024
4102604,Barracão,PR,161.806,7,jul,134.23653358716086,OK,1991,2020,30,CHIRPS_v2,UCSB-CHG/CHIRPS/DAILY,1991-2020,IBGE_2024
4101002,Ampére,PR,297.174,7,jul,124.23497353162506,OK,1991,2020,30,CHIRPS_v2,UCSB-CHG/CHIRPS/DAILY,1991-2020,IBGE_2024
4108403,Francisco Beltrão,PR,731.379,7,jul,124.69609844821255,OK,1991,2020,30,CHIRPS_v2,UCSB-CHG/CHIRPS/DAILY,1991-2020,IBGE_2024
4116950,Nova Esperança do Sudoeste,PR,207.849,7,jul,119.68427889941431,OK,1991,2020,30,CHIRPS_v2,UCSB-CHG/CHIRPS/DAILY,1991-2020,IBGE_2024
4124400,Santo Antônio do Sudoeste,PR,327.008,7,jul,125.41070131493362,OK,1991,2020,30,CHIRPS_v2,UCSB-CHG/CHIRPS/DAILY,1991-2020,IBGE_2024
4107850,Flor da Serra do Sul,PR,256.157,7,jul,128.92303694396733,OK,1991,2020,30,CHIRPS_v2,UCSB-CHG/CHIRPS/DAILY,1991-2020,IBGE_2024
4123808,Santa Izabel do Oeste,PR,321.003,7,jul,118.76681080937348,OK,1991,2020,30,CHIRPS_v2,UCSB-CHG/CHIRPS/DAILY,1991-2020,IBGE_2024
4107405,Enéas Marques,PR,196.238,7,jul,119.67698064552114,OK,1991,2020,30,CHIRPS_v2,UCSB-CHG/CHIRPS/DAILY,1991-2020,IBGE_2024
4115309,Mariópolis,PR,229.894,7,jul,129.3509042232889,OK,1991,2020,30,CHIRPS_v2,UCSB-CHG/CHIRPS/DAILY,1991-2020,IBGE_2024
4106456,Coronel Domingos Soares,PR,1511.972,7,jul,124.28386766138662,OK,1991,2020,30,CHIRPS_v2,UCSB-CHG/CHIRPS/DAILY,1991-2020,IBGE_2024
4106506,Coronel Vivida,PR,683.799,7,jul,120.44343173776639,OK,1991,2020,30,CHIRPS_v2,UCSB-CHG/CHIRPS/DAILY,1991-2020,IBGE_2024
4114401,Mangueirinha,PR,1058.357,7,jul,120.08545578894108,OK,1991,2020,30,CHIRPS_v2,UCSB-CHG/CHIRPS/DAILY,1991-2020,IBGE_2024
4105409,Chopinzinho,PR,961.682,7,jul,117.53607615606181,OK,1991,2020,30,CHIRPS_v2,UCSB-CHG/CHIRPS/DAILY,1991-2020,IBGE_2024
4105706,Clevelândia,PR,703.973,7,jul,123.0046908101265,OK,1991,2020,30,CHIRPS_v2,UCSB-CHG/CHIRPS/DAILY,1991-2020,IBGE_2024
4128708,Vitorino,PR,308.08,7,jul,128.6767516359984,OK,1991,2020,30,CHIRPS_v2,UCSB-CHG/CHIRPS/DAILY,1991-2020,IBGE_2024
4103222,Bom Sucesso do Sul,PR,198.58,7,jul,124.55828672712472,OK,1991,2020,30,CHIRPS_v2,UCSB-CHG/CHIRPS/DAILY,1991-2020,IBGE_2024
4111209,Itapejara d'Oeste,PR,251.364,7,jul,121.4309682615249,OK,1991,2020,30,CHIRPS_v2,UCSB-CHG/CHIRPS/DAILY,1991-2020,IBGE_2024
4118501,Pato Branco,PR,539.154,7,jul,129.14521812891437,OK,1991,2020,30,CHIRPS_v2,UCSB-CHG/CHIRPS/DAILY,1991-2020,IBGE_2024
4126652,Sulina,PR,170.759,7,jul,111.37642296956359,OK,1991,2020,30,CHIRPS_v2,UCSB-CHG/CHIRPS/DAILY,1991-2020,IBGE_2024
4117602,Palmas,PR,1561.474,7,jul,111.27905247504636,OK,1991,2020,30,CHIRPS_v2,UCSB-CHG/CHIRPS/DAILY,1991-2020,IBGE_2024
4126272,Saudade do Iguaçu,PR,152.084,7,jul,112.41628055815006,OK,1991,2020,30,CHIRPS_v2,UCSB-CHG/CHIRPS/DAILY,1991-2020,IBGE_2024
4109658,Honório Serpa,PR,503.896,7,jul,122.86518545142937,OK,1991,2020,30,CHIRPS_v2,UCSB-CHG/CHIRPS/DAILY,1991-2020,IBGE_2024
4124806,São João,PR,387.15,7,jul,115.55018599884998,OK,1991,2020,30,CHIRPS_v2,UCSB-CHG/CHIRPS/DAILY,1991-2020,IBGE_2024
4122156,Rio Bonito do Iguaçu,PR,684.695,7,jul,110.50074953663031,OK,1991,2020,30,CHIRPS_v2,UCSB-CHG/CHIRPS/DAILY,1991-2020,IBGE_2024
4113304,Laranjeiras do Sul,PR,677.933,7,jul,114.8780575470465,OK,1991,2020,30,CHIRPS_v2,UCSB-CHG/CHIRPS/DAILY,1991-2020,IBGE_2024
4120903,Quedas do Iguaçu,PR,822.345,7,jul,103.96386386222238,OK,1991,2020,30,CHIRPS_v2,UCSB-CHG/CHIRPS/DAILY,1991-2020,IBGE_2024
4120150,Porto Barreiro,PR,363.547,7,jul,114.97363551441802,OK,1991,2020,30,CHIRPS_v2,UCSB-CHG/CHIRPS/DAILY,1991-2020,IBGE_2024
4128658,Virmond,PR,248.583,7,jul,117.72426469052918,OK,1991,2020,30,CHIRPS_v2,UCSB-CHG/CHIRPS/DAILY,1991-2020,IBGE_2024
4117057,Nova Laranjeiras,PR,1201.246,7,jul,111.5926697428633,OK,1991,2020,30,CHIRPS_v2,UCSB-CHG/CHIRPS/DAILY,1991-2020,IBGE_2024
4107546,Espigão Alto do Iguaçu,PR,325.584,7,jul,108.39421680063776,OK,1991,2020,30,CHIRPS_v2,UCSB-CHG/CHIRPS/DAILY,1991-2020,IBGE_2024
4115457,Marquinho,PR,518.147,7,jul,115.77755514257005,OK,1991,2020,30,CHIRPS_v2,UCSB-CHG/CHIRPS/DAILY,1991-2020,IBGE_2024
4107207,Dois Vizinhos,PR,418.162,7,jul,115.05130186379381,OK,1991,2020,30,CHIRPS_v2,UCSB-CHG/CHIRPS/DAILY,1991-2020,IBGE_2024
4123006,Salto do Lontra,PR,311.974,7,jul,114.47316893640462,OK,1991,2020,30,CHIRPS_v2,UCSB-CHG/CHIRPS/DAILY,1991-2020,IBGE_2024
4106571,Cruzeiro do Iguaçu,PR,161.293,7,jul,121.16331327702494,OK,1991,2020,30,CHIRPS_v2,UCSB-CHG/CHIRPS/DAILY,1991-2020,IBGE_2024
4103024,Boa Esperança do Iguaçu,PR,152.252,7,jul,116.77385053731716,OK,1991,2020,30,CHIRPS_v2,UCSB-CHG/CHIRPS/DAILY,1991-2020,IBGE_2024
4117255,Nova Prata do Iguaçu,PR,352.055,7,jul,116.29446910606175,OK,1991,2020,30,CHIRPS_v2,UCSB-CHG/CHIRPS/DAILY,1991-2020,IBGE_2024
4125209,São Jorge d'Oeste,PR,379.442,7,jul,112.52836673283267,OK,1991,2020,30,CHIRPS_v2,UCSB-CHG/CHIRPS/DAILY,1991-2020,IBGE_2024
4114609,Marechal Cândido Rondon,PR,743.593,7,jul,99.50919392279636,OK,1991,2020,30,CHIRPS_v2,UCSB-CHG/CHIRPS/DAILY,1991-2020,IBGE_2024
4120853,Quatro Pontes,PR,115.665,7,jul,100.75310885808643,OK,1991,2020,30,CHIRPS_v2,UCSB-CHG/CHIRPS/DAILY,1991-2020,IBGE_2024
4118451,Pato Bragado,PR,136.483,7,jul,99.60283912858164,OK,1991,2020,30,CHIRPS_v2,UCSB-CHG/CHIRPS/DAILY,1991-2020,IBGE_2024
4117222,Nova Santa Rosa,PR,204.665,7,jul,91.42610092219583,OK,1991,2020,30,CHIRPS_v2,UCSB-CHG/CHIRPS/DAILY,1991-2020,IBGE_2024
4107538,Entre Rios do Oeste,PR,120.294,7,jul,101.2569257264249,OK,1991,2020,30,CHIRPS_v2,UCSB-CHG/CHIRPS/DAILY,1991-2020,IBGE_2024
4115853,Mercedes,PR,197.136,7,jul,92.71751585447448,OK,1991,2020,30,CHIRPS_v2,UCSB-CHG/CHIRPS/DAILY,1991-2020,IBGE_2024
4107306,Doutor Camargo,PR,118.286,7,jul,67.60999061709329,OK,1991,2020,30,CHIRPS_v2,UCSB-CHG/CHIRPS/DAILY,1991-2020,IBGE_2024
4114203,Mandaguari,PR,335.912,7,jul,70.7802571105011,OK,1991,2020,30,CHIRPS_v2,UCSB-CHG/CHIRPS/DAILY,1991-2020,IBGE_2024
4111605,Ivatuba,PR,96.427,7,jul,68.37283133526567,OK,1991,2020,30,CHIRPS_v2,UCSB-CHG/CHIRPS/DAILY,1991-2020,IBGE_2024
4128302,Uniflor,PR,95.731,7,jul,66.67424263112883,OK,1991,2020,30,CHIRPS_v2,UCSB-CHG/CHIRPS/DAILY,1991-2020,IBGE_2024
4102109,Astorga,PR,435.21,7,jul,73.85326189130951,OK,1991,2020,30,CHIRPS_v2,UCSB-CHG/CHIRPS/DAILY,1991-2020,IBGE_2024
4102208,Atalaia,PR,137.075,7,jul,66.30052997064645,OK,1991,2020,30,CHIRPS_v2,UCSB-CHG/CHIRPS/DAILY,1991-2020,IBGE_2024
4125308,São Jorge do Ivaí,PR,315.088,7,jul,67.38782805891596,OK,1991,2020,30,CHIRPS_v2,UCSB-CHG/CHIRPS/DAILY,1991-2020,IBGE_2024
4101150,Ângulo,PR,106.021,7,jul,73.99311267484319,OK,1991,2020,30,CHIRPS_v2,UCSB-CHG/CHIRPS/DAILY,1991-2020,IBGE_2024
4116901,Nova Esperança,PR,402.051,7,jul,65.53954463037275,OK,1991,2020,30,CHIRPS_v2,UCSB-CHG/CHIRPS/DAILY,1991-2020,IBGE_2024
4116307,Munhoz de Melo,PR,137.03,7,jul,72.59257892618714,OK,1991,2020,30,CHIRPS_v2,UCSB-CHG/CHIRPS/DAILY,1991-2020,IBGE_2024
4108106,Flórida,PR,83.046,7,jul,68.10541122276148,OK,1991,2020,30,CHIRPS_v2,UCSB-CHG/CHIRPS/DAILY,1991-2020,IBGE_2024
4107801,Floraí,PR,190.812,7,jul,64.40998565871223,OK,1991,2020,30,CHIRPS_v2,UCSB-CHG/CHIRPS/DAILY,1991-2020,IBGE_2024
4123402,Santa Fé,PR,276.262,7,jul,70.56990688736063,OK,1991,2020,30,CHIRPS_v2,UCSB-CHG/CHIRPS/DAILY,1991-2020,IBGE_2024
4114807,Marialva,PR,474.954,7,jul,67.98538978142537,OK,1991,2020,30,CHIRPS_v2,UCSB-CHG/CHIRPS/DAILY,1991-2020,IBGE_2024
4114104,Mandaguaçu,PR,293.792,7,jul,66.78794963121123,OK,1991,2020,30,CHIRPS_v2,UCSB-CHG/CHIRPS/DAILY,1991-2020,IBGE_2024
4120408,Presidente Castelo Branco,PR,155.631,7,jul,66.07874075035838,OK,1991,2020,30,CHIRPS_v2,UCSB-CHG/CHIRPS/DAILY,1991-2020,IBGE_2024
4111100,Itambé,PR,244.495,7,jul,67.89368104299757,OK,1991,2020,30,CHIRPS_v2,UCSB-CHG/CHIRPS/DAILY,1991-2020,IBGE_2024
4110003,Iguaraçu,PR,164.54,7,jul,76.11546786578259,OK,1991,2020,30,CHIRPS_v2,UCSB-CHG/CHIRPS/DAILY,1991-2020,IBGE_2024
4126256,Sarandi,PR,103.942,7,jul,63.47430572334148,OK,1991,2020,30,CHIRPS_v2,UCSB-CHG/CHIRPS/DAILY,1991-2020,IBGE_2024
4117503,Paiçandu,PR,170.824,7,jul,65.18526384171965,OK,1991,2020,30,CHIRPS_v2,UCSB-CHG/CHIRPS/DAILY,1991-2020,IBGE_2024
4117404,Ourizona,PR,176.457,7,jul,67.09861601264971,OK,1991,2020,30,CHIRPS_v2,UCSB-CHG/CHIRPS/DAILY,1991-2020,IBGE_2024
4107900,Floresta,PR,158.334,7,jul,68.36131128453603,OK,1991,2020,30,CHIRPS_v2,UCSB-CHG/CHIRPS/DAILY,1991-2020,IBGE_2024
4115200,Maringá,PR,487.912,7,jul,64.58443121187435,OK,1991,2020,30,CHIRPS_v2,UCSB-CHG/CHIRPS/DAILY,1991-2020,IBGE_2024
4106555,Corumbataí do Sul,PR,167.921,7,jul,72.59242567996064,OK,1991,2020,30,CHIRPS_v2,UCSB-CHG/CHIRPS/DAILY,1991-2020,IBGE_2024
4114005,Mamborê,PR,787.33,7,jul,89.36290950715909,OK,1991,2020,30,CHIRPS_v2,UCSB-CHG/CHIRPS/DAILY,1991-2020,IBGE_2024
4122503,Roncador,PR,741.709,7,jul,96.2949384455449,OK,1991,2020,30,CHIRPS_v2,UCSB-CHG/CHIRPS/DAILY,1991-2020,IBGE_2024
4113734,Luiziana,PR,915.604,7,jul,83.83689973695154,OK,1991,2020,30,CHIRPS_v2,UCSB-CHG/CHIRPS/DAILY,1991-2020,IBGE_2024
4121356,Rancho Alegre D'Oeste,PR,241.185,7,jul,81.85234398561718,OK,1991,2020,30,CHIRPS_v2,UCSB-CHG/CHIRPS/DAILY,1991-2020,IBGE_2024
4120655,Quarto Centenário,PR,320.779,7,jul,85.64782896037093,OK,1991,2020,30,CHIRPS_v2,UCSB-CHG/CHIRPS/DAILY,1991-2020,IBGE_2024
4104303,Campo Mourão,PR,748.054,7,jul,78.94493865546286,OK,1991,2020,30,CHIRPS_v2,UCSB-CHG/CHIRPS/DAILY,1991-2020,IBGE_2024
4112959,Juranda,PR,354.522,7,jul,83.32958818418871,OK,1991,2020,30,CHIRPS_v2,UCSB-CHG/CHIRPS/DAILY,1991-2020,IBGE_2024
4121109,Quinta do Sol,PR,326.137,7,jul,68.20586939123001,OK,1991,2020,30,CHIRPS_v2,UCSB-CHG/CHIRPS/DAILY,1991-2020,IBGE_2024
4103909,Campina da Lagoa,PR,798.991,7,jul,94.46579536133846,OK,1991,2020,30,CHIRPS_v2,UCSB-CHG/CHIRPS/DAILY,1991-2020,IBGE_2024
4112207,Janiópolis,PR,337.91,7,jul,78.78223840568405,OK,1991,2020,30,CHIRPS_v2,UCSB-CHG/CHIRPS/DAILY,1991-2020,IBGE_2024
4128005,Ubiratã,PR,653.097,7,jul,94.43483325947703,OK,1991,2020,30,CHIRPS_v2,UCSB-CHG/CHIRPS/DAILY,1991-2020,IBGE_2024
4103008,Boa Esperança,PR,301.131,7,jul,76.54608092853456,OK,1991,2020,30,CHIRPS_v2,UCSB-CHG/CHIRPS/DAILY,1991-2020,IBGE_2024
4118808,Peabiru,PR,467.542,7,jul,73.04714747378637,OK,1991,2020,30,CHIRPS_v2,UCSB-CHG/CHIRPS/DAILY,1991-2020,IBGE_2024
4110805,Iretama,PR,570.716,7,jul,81.00491102352375,OK,1991,2020,30,CHIRPS_v2,UCSB-CHG/CHIRPS/DAILY,1991-2020,IBGE_2024
4102505,Barbosa Ferraz,PR,536.101,7,jul,73.99972224325037,OK,1991,2020,30,CHIRPS_v2,UCSB-CHG/CHIRPS/DAILY,1991-2020,IBGE_2024
4101705,Araruna,PR,492.521,7,jul,74.89049004970451,OK,1991,2020,30,CHIRPS_v2,UCSB-CHG/CHIRPS/DAILY,1991-2020,IBGE_2024
4116802,Nova Cantu,PR,552.873,7,jul,101.77291615965933,OK,1991,2020,30,CHIRPS_v2,UCSB-CHG/CHIRPS/DAILY,1991-2020,IBGE_2024
4108601,Goioerê,PR,563.954,7,jul,81.62704190063025,OK,1991,2020,30,CHIRPS_v2,UCSB-CHG/CHIRPS/DAILY,1991-2020,IBGE_2024
4100459,Altamira do Paraná,PR,386.952,7,jul,105.78776652826322,OK,1991,2020,30,CHIRPS_v2,UCSB-CHG/CHIRPS/DAILY,1991-2020,IBGE_2024
4116109,Moreira Sales,PR,356.711,7,jul,74.49031947832903,OK,1991,2020,30,CHIRPS_v2,UCSB-CHG/CHIRPS/DAILY,1991-2020,IBGE_2024
4107504,Engenheiro Beltrão,PR,470.825,7,jul,68.91563604273702,OK,1991,2020,30,CHIRPS_v2,UCSB-CHG/CHIRPS/DAILY,1991-2020,IBGE_2024
4107553,Farol,PR,289.232,7,jul,78.96612850495579,OK,1991,2020,30,CHIRPS_v2,UCSB-CHG/CHIRPS/DAILY,1991-2020,IBGE_2024
4107702,Fênix,PR,232.209,7,jul,64.1434051524773,OK,1991,2020,30,CHIRPS_v2,UCSB-CHG/CHIRPS/DAILY,1991-2020,IBGE_2024
4114708,Maria Helena,PR,486.539,7,jul,69.68439631524215,OK,1991,2020,30,CHIRPS_v2,UCSB-CHG/CHIRPS/DAILY,1991-2020,IBGE_2024
4128104,Umuarama,PR,1233.997,7,jul,76.21662843885285,OK,1991,2020,30,CHIRPS_v2,UCSB-CHG/CHIRPS/DAILY,1991-2020,IBGE_2024
4107256,Douradina,PR,420.525,7,jul,63.431979351587444,OK,1991,2020,30,CHIRPS_v2,UCSB-CHG/CHIRPS/DAILY,1991-2020,IBGE_2024
4106605,Cruzeiro do Oeste,PR,776.101,7,jul,76.0415939936282,OK,1991,2020,30,CHIRPS_v2,UCSB-CHG/CHIRPS/DAILY,1991-2020,IBGE_2024
4105607,Cidade Gaúcha,PR,402.241,7,jul,65.78644088535901,OK,1991,2020,30,CHIRPS_v2,UCSB-CHG/CHIRPS/DAILY,1991-2020,IBGE_2024
4128807,Xambrê,PR,360.044,7,jul,82.93866763878876,OK,1991,2020,30,CHIRPS_v2,UCSB-CHG/CHIRPS/DAILY,1991-2020,IBGE_2024
4128625,Alto Paraíso,PR,967.763,7,jul,71.6460210532,OK,1991,2020,30,CHIRPS_v2,UCSB-CHG/CHIRPS/DAILY,1991-2020,IBGE_2024
4103370,Brasilândia do Sul,PR,291.036,7,jul,82.08614521877355,OK,1991,2020,30,CHIRPS_v2,UCSB-CHG/CHIRPS/DAILY,1991-2020,IBGE_2024
4103479,Cafezal do Sul,PR,335.728,7,jul,86.37236533206165,OK,1991,2020,30,CHIRPS_v2,UCSB-CHG/CHIRPS/DAILY,1991-2020,IBGE_2024
4111555,Ivaté,PR,410.221,7,jul,64.56101853026276,OK,1991,2020,30,CHIRPS_v2,UCSB-CHG/CHIRPS/DAILY,1991-2020,IBGE_2024
4110607,Iporã,PR,648.624,7,jul,86.95341229394548,OK,1991,2020,30,CHIRPS_v2,UCSB-CHG/CHIRPS/DAILY,1991-2020,IBGE_2024
4126900,Tapira,PR,434.371,7,jul,62.54263197137607,OK,1991,2020,30,CHIRPS_v2,UCSB-CHG/CHIRPS/DAILY,1991-2020,IBGE_2024
4118907,Pérola,PR,236.07,7,jul,84.53531480334742,OK,1991,2020,30,CHIRPS_v2,UCSB-CHG/CHIRPS/DAILY,1991-2020,IBGE_2024
4118857,Perobal,PR,409.062,7,jul,79.04767549845431,OK,1991,2020,30,CHIRPS_v2,UCSB-CHG/CHIRPS/DAILY,1991-2020,IBGE_2024
4109906,Icaraíma,PR,675.24,7,jul,66.1418201237457,OK,1991,2020,30,CHIRPS_v2,UCSB-CHG/CHIRPS/DAILY,1991-2020,IBGE_2024
4117206,Nova Olímpia,PR,136.347,7,jul,67.37849114653129,OK,1991,2020,30,CHIRPS_v2,UCSB-CHG/CHIRPS/DAILY,1991-2020,IBGE_2024
4100707,Alto Piquiri,PR,448.373,7,jul,78.7321172017728,OK,1991,2020,30,CHIRPS_v2,UCSB-CHG/CHIRPS/DAILY,1991-2020,IBGE_2024
4125357,São Jorge do Patrocínio,PR,404.018,7,jul,77.93092099506156,OK,1991,2020,30,CHIRPS_v2,UCSB-CHG/CHIRPS/DAILY,1991-2020,IBGE_2024
4100509,Altônia,PR,663.955,7,jul,83.84326172422521,OK,1991,2020,30,CHIRPS_v2,UCSB-CHG/CHIRPS/DAILY,1991-2020,IBGE_2024
4108320,Francisco Alves,PR,320.119,7,jul,83.21332095422527,OK,1991,2020,30,CHIRPS_v2,UCSB-CHG/CHIRPS/DAILY,1991-2020,IBGE_2024
4107520,Esperança Nova,PR,141.317,7,jul,81.0970036851974,OK,1991,2020,30,CHIRPS_v2,UCSB-CHG/CHIRPS/DAILY,1991-2020,IBGE_2024
4115101,Mariluz,PR,430.432,7,jul,77.41707976489691,OK,1991,2020,30,CHIRPS_v2,UCSB-CHG/CHIRPS/DAILY,1991-2020,IBGE_2024
4107108,Diamante do Norte,PR,242.887,7,jul,50.535171839849326,OK,1991,2020,30,CHIRPS_v2,UCSB-CHG/CHIRPS/DAILY,1991-2020,IBGE_2024
4115002,Marilena,PR,231.349,7,jul,54.381524350985046,OK,1991,2020,30,CHIRPS_v2,UCSB-CHG/CHIRPS/DAILY,1991-2020,IBGE_2024
4119707,Planaltina do Paraná,PR,356.276,7,jul,57.384841204916704,OK,1991,2020,30,CHIRPS_v2,UCSB-CHG/CHIRPS/DAILY,1991-2020,IBGE_2024
4127304,Terra Rica,PR,698.25,7,jul,56.094665068763284,OK,1991,2020,30,CHIRPS_v2,UCSB-CHG/CHIRPS/DAILY,1991-2020,IBGE_2024
4111308,Itaúna do Sul,PR,127.002,7,jul,53.02533879921833,OK,1991,2020,30,CHIRPS_v2,UCSB-CHG/CHIRPS/DAILY,1991-2020,IBGE_2024
4126702,Tamboara,PR,193.316,7,jul,62.039323153315415,OK,1991,2020,30,CHIRPS_v2,UCSB-CHG/CHIRPS/DAILY,1991-2020,IBGE_2024
4118402,Paranavaí,PR,1197.394,7,jul,58.77727481880104,OK,1991,2020,30,CHIRPS_v2,UCSB-CHG/CHIRPS/DAILY,1991-2020,IBGE_2024
4118006,Paraíso do Norte,PR,205.222,7,jul,57.89406484196869,OK,1991,2020,30,CHIRPS_v2,UCSB-CHG/CHIRPS/DAILY,1991-2020,IBGE_2024
4100905,Amaporã,PR,384.91,7,jul,60.4836767084896,OK,1991,2020,30,CHIRPS_v2,UCSB-CHG/CHIRPS/DAILY,1991-2020,IBGE_2024
4117107,Nova Londrina,PR,272.27,7,jul,55.211096601551546,OK,1991,2020,30,CHIRPS_v2,UCSB-CHG/CHIRPS/DAILY,1991-2020,IBGE_2024
4108908,Guairaçá,PR,496.289,7,jul,57.95046746192602,OK,1991,2020,30,CHIRPS_v2,UCSB-CHG/CHIRPS/DAILY,1991-2020,IBGE_2024
4124905,São João do Caiuá,PR,305.388,7,jul,58.952180545016425,OK,1991,2020,30,CHIRPS_v2,UCSB-CHG/CHIRPS/DAILY,1991-2020,IBGE_2024
4100608,Alto Paraná,PR,409.014,7,jul,63.597072149441395,OK,1991,2020,30,CHIRPS_v2,UCSB-CHG/CHIRPS/DAILY,1991-2020,IBGE_2024
4116505,Nova Aliança do Ivaí,PR,130.614,7,jul,60.91507139410887,OK,1991,2020,30,CHIRPS_v2,UCSB-CHG/CHIRPS/DAILY,1991-2020,IBGE_2024
4124608,São Carlos do Ivaí,PR,225.079,7,jul,63.721590305654416,OK,1991,2020,30,CHIRPS_v2,UCSB-CHG/CHIRPS/DAILY,1991-2020,IBGE_2024
4124202,Santo Antônio do Caiuá,PR,221.391,7,jul,51.12999832780542,OK,1991,2020,30,CHIRPS_v2,UCSB-CHG/CHIRPS/DAILY,1991-2020,IBGE_2024
4115903,Mirador,PR,222.016,7,jul,59.64099955572799,OK,1991,2020,30,CHIRPS_v2,UCSB-CHG/CHIRPS/DAILY,1991-2020,IBGE_2024
4122602,Rondon,PR,557.257,7,jul,71.40376663614838,OK,1991,2020,30,CHIRPS_v2,UCSB-CHG/CHIRPS/DAILY,1991-2020,IBGE_2024
4105508,Cianorte,PR,807.796,7,jul,71.68683313707993,OK,1991,2020,30,CHIRPS_v2,UCSB-CHG/CHIRPS/DAILY,1991-2020,IBGE_2024
4113007,Jussara,PR,207.013,7,jul,67.21755636924254,OK,1991,2020,30,CHIRPS_v2,UCSB-CHG/CHIRPS/DAILY,1991-2020,IBGE_2024
4112405,Japurá,PR,165.185,7,jul,67.76216413552662,OK,1991,2020,30,CHIRPS_v2,UCSB-CHG/CHIRPS/DAILY,1991-2020,IBGE_2024
4127908,Tuneiras do Oeste,PR,705.229,7,jul,81.02842562834813,OK,1991,2020,30,CHIRPS_v2,UCSB-CHG/CHIRPS/DAILY,1991-2020,IBGE_2024
4126801,Tapejara,PR,590.927,7,jul,79.96204280780178,OK,1991,2020,30,CHIRPS_v2,UCSB-CHG/CHIRPS/DAILY,1991-2020,IBGE_2024
4110409,Indianópolis,PR,122.392,7,jul,72.12154757007441,OK,1991,2020,30,CHIRPS_v2,UCSB-CHG/CHIRPS/DAILY,1991-2020,IBGE_2024
4127205,Terra Boa,PR,323.63,7,jul,69.21010203466132,OK,1991,2020,30,CHIRPS_v2,UCSB-CHG/CHIRPS/DAILY,1991-2020,IBGE_2024
4126108,São Tomé,PR,218.623,7,jul,70.08683505791252,OK,1991,2020,30,CHIRPS_v2,UCSB-CHG/CHIRPS/DAILY,1991-2020,IBGE_2024
4109104,Guaporema,PR,200.407,7,jul,61.76943573176921,OK,1991,2020,30,CHIRPS_v2,UCSB-CHG/CHIRPS/DAILY,1991-2020,IBGE_2024
4125555,São Manoel do Paraná,PR,95.381,7,jul,62.92854837528489,OK,1991,2020,30,CHIRPS_v2,UCSB-CHG/CHIRPS/DAILY,1991-2020,IBGE_2024
4123600,Santa Inês,PR,156.422,7,jul,50.159630789313034,OK,1991,2020,30,CHIRPS_v2,UCSB-CHG/CHIRPS/DAILY,1991-2020,IBGE_2024
4106704,Cruzeiro do Sul,PR,259.115,7,jul,65.11372039583595,OK,1991,2020,30,CHIRPS_v2,UCSB-CHG/CHIRPS/DAILY,1991-2020,IBGE_2024
4105904,Colorado,PR,408.533,7,jul,58.10934806257695,OK,1991,2020,30,CHIRPS_v2,UCSB-CHG/CHIRPS/DAILY,1991-2020,IBGE_2024
4113601,Lobato,PR,240.904,7,jul,64.56409990605825,OK,1991,2020,30,CHIRPS_v2,UCSB-CHG/CHIRPS/DAILY,1991-2020,IBGE_2024
4112603,Jardim Olinda,PR,128.515,7,jul,37.73684469801609,OK,1991,2020,30,CHIRPS_v2,UCSB-CHG/CHIRPS/DAILY,1991-2020,IBGE_2024
4110904,Itaguajé,PR,195.493,7,jul,47.29613438606121,OK,1991,2020,30,CHIRPS_v2,UCSB-CHG/CHIRPS/DAILY,1991-2020,IBGE_2024
4118303,Paranapoema,PR,175.875,7,jul,48.718616793537606,OK,1991,2020,30,CHIRPS_v2,UCSB-CHG/CHIRPS/DAILY,1991-2020,IBGE_2024
4118105,Paranacity,PR,348.152,7,jul,63.71207405337757,OK,1991,2020,30,CHIRPS_v2,UCSB-CHG/CHIRPS/DAILY,1991-2020,IBGE_2024
4110300,Inajá,PR,194.704,7,jul,53.37859045741904,OK,1991,2020,30,CHIRPS_v2,UCSB-CHG/CHIRPS/DAILY,1991-2020,IBGE_2024
4124509,Santo Inácio,PR,278.541,7,jul,48.68160008566484,OK,1991,2020,30,CHIRPS_v2,UCSB-CHG/CHIRPS/DAILY,1991-2020,IBGE_2024
4116406,Nossa Senhora das Graças,PR,186.259,7,jul,62.26028497998589,OK,1991,2020,30,CHIRPS_v2,UCSB-CHG/CHIRPS/DAILY,1991-2020,IBGE_2024
4123709,Santa Isabel do Ivaí,PR,349.425,7,jul,50.407411018848606,OK,1991,2020,30,CHIRPS_v2,UCSB-CHG/CHIRPS/DAILY,1991-2020,IBGE_2024
4113502,Loanda,PR,722.091,7,jul,47.411037983118874,OK,1991,2020,30,CHIRPS_v2,UCSB-CHG/CHIRPS/DAILY,1991-2020,IBGE_2024
4121000,Querência do Norte,PR,911.72,7,jul,56.39912424805599,OK,1991,2020,30,CHIRPS_v2,UCSB-CHG/CHIRPS/DAILY,1991-2020,IBGE_2024
4120200,Porto Rico,PR,219.242,7,jul,57.06265374774398,OK,1991,2020,30,CHIRPS_v2,UCSB-CHG/CHIRPS/DAILY,1991-2020,IBGE_2024
4125902,São Pedro do Paraná,PR,248.865,7,jul,57.14987148407112,OK,1991,2020,30,CHIRPS_v2,UCSB-CHG/CHIRPS/DAILY,1991-2020,IBGE_2024
4123956,Santa Mônica,PR,260.488,7,jul,50.00166189084398,OK,1991,2020,30,CHIRPS_v2,UCSB-CHG/CHIRPS/DAILY,1991-2020,IBGE_2024
4123303,Santa Cruz de Monte Castelo,PR,444.966,7,jul,55.22553038769933,OK,1991,2020,30,CHIRPS_v2,UCSB-CHG/CHIRPS/DAILY,1991-2020,IBGE_2024
4113700,Londrina,PR,1647.796,7,jul,73.99146821259929,OK,1991,2020,30,CHIRPS_v2,UCSB-CHG/CHIRPS/DAILY,1991-2020,IBGE_2024
4112702,Jataizinho,PR,161.132,7,jul,52.30221542045043,OK,1991,2020,30,CHIRPS_v2,UCSB-CHG/CHIRPS/DAILY,1991-2020,IBGE_2024
4103701,Cambé,PR,499.583,7,jul,65.674687609417,OK,1991,2020,30,CHIRPS_v2,UCSB-CHG/CHIRPS/DAILY,1991-2020,IBGE_2024
4109807,Ibiporã,PR,298.998,7,jul,60.521313146222234,OK,1991,2020,30,CHIRPS_v2,UCSB-CHG/CHIRPS/DAILY,1991-2020,IBGE_2024
4101507,Arapongas,PR,383.37,7,jul,69.32542686915346,OK,1991,2020,30,CHIRPS_v2,UCSB-CHG/CHIRPS/DAILY,1991-2020,IBGE_2024
4122701,Sabáudia,PR,191.252,7,jul,72.06620090541817,OK,1991,2020,30,CHIRPS_v2,UCSB-CHG/CHIRPS/DAILY,1991-2020,IBGE_2024
4122404,Rolândia,PR,456.228,7,jul,69.62426029256696,OK,1991,2020,30,CHIRPS_v2,UCSB-CHG/CHIRPS/DAILY,1991-2020,IBGE_2024
4113809,Lupionópolis,PR,121.661,7,jul,48.88656186510146,OK,1991,2020,30,CHIRPS_v2,UCSB-CHG/CHIRPS/DAILY,1991-2020,IBGE_2024
4105102,Centenário do Sul,PR,370.629,7,jul,53.866038457109994,OK,1991,2020,30,CHIRPS_v2,UCSB-CHG/CHIRPS/DAILY,1991-2020,IBGE_2024
4120333,Prado Ferreira,PR,152.876,7,jul,60.04319243063778,OK,1991,2020,30,CHIRPS_v2,UCSB-CHG/CHIRPS/DAILY,1991-2020,IBGE_2024
4120507,Primeiro de Maio,PR,410.378,7,jul,52.48016353979695,OK,1991,2020,30,CHIRPS_v2,UCSB-CHG/CHIRPS/DAILY,1991-2020,IBGE_2024
4103404,Cafeara,PR,184.255,7,jul,54.51219715212047,OK,1991,2020,30,CHIRPS_v2,UCSB-CHG/CHIRPS/DAILY,1991-2020,IBGE_2024
4119657,Pitangueiras,PR,123.081,7,jul,69.9155336446629,OK,1991,2020,30,CHIRPS_v2,UCSB-CHG/CHIRPS/DAILY,1991-2020,IBGE_2024
4111902,Jaguapitã,PR,475.004,7,jul,65.95042617678556,OK,1991,2020,30,CHIRPS_v2,UCSB-CHG/CHIRPS/DAILY,1991-2020,IBGE_2024
4120002,Porecatu,PR,291.663,7,jul,45.15741040698351,OK,1991,2020,30,CHIRPS_v2,UCSB-CHG/CHIRPS/DAILY,1991-2020,IBGE_2024
4102802,Bela Vista do Paraíso,PR,246.225,7,jul,58.89979626620216,OK,1991,2020,30,CHIRPS_v2,UCSB-CHG/CHIRPS/DAILY,1991-2020,IBGE_2024
4126504,Sertanópolis,PR,505.489,7,jul,60.16388611545234,OK,1991,2020,30,CHIRPS_v2,UCSB-CHG/CHIRPS/DAILY,1991-2020,IBGE_2024
4101903,Assaí,PR,440.347,7,jul,68.89333962539891,OK,1991,2020,30,CHIRPS_v2,UCSB-CHG/CHIRPS/DAILY,1991-2020,IBGE_2024
4126678,Tamarana,PR,473.283,7,jul,79.56840550560865,OK,1991,2020,30,CHIRPS_v2,UCSB-CHG/CHIRPS/DAILY,1991-2020,IBGE_2024
4100806,Alvorada do Sul,PR,424.25,7,jul,49.87351892460009,OK,1991,2020,30,CHIRPS_v2,UCSB-CHG/CHIRPS/DAILY,1991-2020,IBGE_2024
4109203,Guaraci,PR,213.067,7,jul,65.23518233917808,OK,1991,2020,30,CHIRPS_v2,UCSB-CHG/CHIRPS/DAILY,1991-2020,IBGE_2024
4108007,Florestópolis,PR,246.853,7,jul,54.54791858104755,OK,1991,2020,30,CHIRPS_v2,UCSB-CHG/CHIRPS/DAILY,1991-2020,IBGE_2024
4116000,Miraselva,PR,90.572,7,jul,60.0137214063617,OK,1991,2020,30,CHIRPS_v2,UCSB-CHG/CHIRPS/DAILY,1991-2020,IBGE_2024
4122909,Salto do Itararé,PR,200.897,7,jul,47.66566204666881,OK,1991,2020,30,CHIRPS_v2,UCSB-CHG/CHIRPS/DAILY,1991-2020,IBGE_2024
4121802,Ribeirão Claro,PR,625.874,7,jul,51.32447329453087,OK,1991,2020,30,CHIRPS_v2,UCSB-CHG/CHIRPS/DAILY,1991-2020,IBGE_2024
4121901,Ribeirão do Pinhal,PR,374.754,7,jul,65.0414571998635,OK,1991,2020,30,CHIRPS_v2,UCSB-CHG/CHIRPS/DAILY,1991-2020,IBGE_2024
4120705,Quatiguá,PR,112.567,7,jul,70.17293189659792,OK,1991,2020,30,CHIRPS_v2,UCSB-CHG/CHIRPS/DAILY,1991-2020,IBGE_2024
4112900,Jundiaí do Sul,PR,316.748,7,jul,60.18777657121199,OK,1991,2020,30,CHIRPS_v2,UCSB-CHG/CHIRPS/DAILY,1991-2020,IBGE_2024
4104709,Carlópolis,PR,454.169,7,jul,54.89466893663993,OK,1991,2020,30,CHIRPS_v2,UCSB-CHG/CHIRPS/DAILY,1991-2020,IBGE_2024
4112801,Joaquim Távora,PR,288.922,7,jul,67.64708515511738,OK,1991,2020,30,CHIRPS_v2,UCSB-CHG/CHIRPS/DAILY,1991-2020,IBGE_2024
4128500,Wenceslau Braz,PR,397.685,7,jul,51.88774386285391,OK,1991,2020,30,CHIRPS_v2,UCSB-CHG/CHIRPS/DAILY,1991-2020,IBGE_2024
4111803,Jacarezinho,PR,603.383,7,jul,50.61776299160594,OK,1991,2020,30,CHIRPS_v2,UCSB-CHG/CHIRPS/DAILY,1991-2020,IBGE_2024
4103602,Cambará,PR,367.462,7,jul,46.93377196941907,OK,1991,2020,30,CHIRPS_v2,UCSB-CHG/CHIRPS/DAILY,1991-2020,IBGE_2024
4127809,Tomazina,PR,591.939,7,jul,56.568061798991955,OK,1991,2020,30,CHIRPS_v2,UCSB-CHG/CHIRPS/DAILY,1991-2020,IBGE_2024
4102703,Barra do Jacaré,PR,115.855,7,jul,48.83882754146673,OK,1991,2020,30,CHIRPS_v2,UCSB-CHG/CHIRPS/DAILY,1991-2020,IBGE_2024
4126603,Siqueira Campos,PR,277.112,7,jul,51.90690187155403,OK,1991,2020,30,CHIRPS_v2,UCSB-CHG/CHIRPS/DAILY,1991-2020,IBGE_2024
4125407,São José da Boa Vista,PR,399.886,7,jul,60.5280423572353,OK,1991,2020,30,CHIRPS_v2,UCSB-CHG/CHIRPS/DAILY,1991-2020,IBGE_2024
4109005,Guapirama,PR,189.372,7,jul,60.62891722831344,OK,1991,2020,30,CHIRPS_v2,UCSB-CHG/CHIRPS/DAILY,1991-2020,IBGE_2024
4101101,Andirá,PR,234.635,7,jul,47.81395614868688,OK,1991,2020,30,CHIRPS_v2,UCSB-CHG/CHIRPS/DAILY,1991-2020,IBGE_2024
4100103,Abatiá,PR,227.923,7,jul,58.470378023932646,OK,1991,2020,30,CHIRPS_v2,UCSB-CHG/CHIRPS/DAILY,1991-2020,IBGE_2024
4124103,Santo Antônio da Platina,PR,720.385,7,jul,56.803074539089316,OK,1991,2020,30,CHIRPS_v2,UCSB-CHG/CHIRPS/DAILY,1991-2020,IBGE_2024
4124004,Santana do Itararé,PR,251.831,7,jul,53.00327223063148,OK,1991,2020,30,CHIRPS_v2,UCSB-CHG/CHIRPS/DAILY,1991-2020,IBGE_2024
4101408,Apucarana,PR,556.771,7,jul,71.22998906821987,OK,1991,2020,30,CHIRPS_v2,UCSB-CHG/CHIRPS/DAILY,1991-2020,IBGE_2024
4115507,Marumbi,PR,207.687,7,jul,74.7408242091817,OK,1991,2020,30,CHIRPS_v2,UCSB-CHG/CHIRPS/DAILY,1991-2020,IBGE_2024
4114906,Marilândia do Sul,PR,384.42,7,jul,78.10265544865081,OK,1991,2020,30,CHIRPS_v2,UCSB-CHG/CHIRPS/DAILY,1991-2020,IBGE_2024
4122107,Rio Bom,PR,177.836,7,jul,79.25361817904505,OK,1991,2020,30,CHIRPS_v2,UCSB-CHG/CHIRPS/DAILY,1991-2020,IBGE_2024
4113106,Kaloré,PR,194.081,7,jul,74.6484404623072,OK,1991,2020,30,CHIRPS_v2,UCSB-CHG/CHIRPS/DAILY,1991-2020,IBGE_2024
4112108,Jandaia do Sul,PR,188.103,7,jul,70.92582403954187,OK,1991,2020,30,CHIRPS_v2,UCSB-CHG/CHIRPS/DAILY,1991-2020,IBGE_2024
4103800,Cambira,PR,166.274,7,jul,71.75208461351428,OK,1991,2020,30,CHIRPS_v2,UCSB-CHG/CHIRPS/DAILY,1991-2020,IBGE_2024
4103305,Borrazópolis,PR,338.354,7,jul,80.19810381700202,OK,1991,2020,30,CHIRPS_v2,UCSB-CHG/CHIRPS/DAILY,1991-2020,IBGE_2024
4103503,Califórnia,PR,141.817,7,jul,77.16957902503272,OK,1991,2020,30,CHIRPS_v2,UCSB-CHG/CHIRPS/DAILY,1991-2020,IBGE_2024
4103206,Bom Sucesso,PR,321.56,7,jul,71.42578879760876,OK,1991,2020,30,CHIRPS_v2,UCSB-CHG/CHIRPS/DAILY,1991-2020,IBGE_2024
4125803,São Pedro do Ivaí,PR,323.213,7,jul,65.65460253671996,OK,1991,2020,30,CHIRPS_v2,UCSB-CHG/CHIRPS/DAILY,1991-2020,IBGE_2024
4117297,Novo Itacolomi,PR,159.639,7,jul,78.54203583737102,OK,1991,2020,30,CHIRPS_v2,UCSB-CHG/CHIRPS/DAILY,1991-2020,IBGE_2024
4115754,Mauá da Serra,PR,107.535,7,jul,73.94651507226943,OK,1991,2020,30,CHIRPS_v2,UCSB-CHG/CHIRPS/DAILY,1991-2020,IBGE_2024
4106407,Cornélio Procópio,PR,636.59,7,jul,66.16516688482504,OK,1991,2020,30,CHIRPS_v2,UCSB-CHG/CHIRPS/DAILY,1991-2020,IBGE_2024
4123105,Santa Amélia,PR,77.849,7,jul,57.011210174423596,OK,1991,2020,30,CHIRPS_v2,UCSB-CHG/CHIRPS/DAILY,1991-2020,IBGE_2024
4123204,Santa Cecília do Pavão,PR,105.076,7,jul,77.65411513570626,OK,1991,2020,30,CHIRPS_v2,UCSB-CHG/CHIRPS/DAILY,1991-2020,IBGE_2024
4106001,Congonhinhas,PR,535.963,7,jul,72.53226756114145,OK,1991,2020,30,CHIRPS_v2,UCSB-CHG/CHIRPS/DAILY,1991-2020,IBGE_2024
4121307,Rancho Alegre,PR,167.646,7,jul,61.65538652694416,OK,1991,2020,30,CHIRPS_v2,UCSB-CHG/CHIRPS/DAILY,1991-2020,IBGE_2024
4113403,Leópolis,PR,344.918,7,jul,59.13012182726514,OK,1991,2020,30,CHIRPS_v2,UCSB-CHG/CHIRPS/DAILY,1991-2020,IBGE_2024
4128401,Uraí,PR,235.855,7,jul,61.45914681871899,OK,1991,2020,30,CHIRPS_v2,UCSB-CHG/CHIRPS/DAILY,1991-2020,IBGE_2024
4111001,Itambaracá,PR,207.342,7,jul,48.65143037293334,OK,1991,2020,30,CHIRPS_v2,UCSB-CHG/CHIRPS/DAILY,1991-2020,IBGE_2024
4102406,Bandeirantes,PR,445.192,7,jul,52.278072735060164,OK,1991,2020,30,CHIRPS_v2,UCSB-CHG/CHIRPS/DAILY,1991-2020,IBGE_2024
4126405,Sertaneja,PR,444.492,7,jul,53.904710402495205,OK,1991,2020,30,CHIRPS_v2,UCSB-CHG/CHIRPS/DAILY,1991-2020,IBGE_2024
4126009,São Sebastião da Amoreira,PR,226.872,7,jul,74.41580489366994,OK,1991,2020,30,CHIRPS_v2,UCSB-CHG/CHIRPS/DAILY,1991-2020,IBGE_2024
4126207,Sapopema,PR,677.588,7,jul,74.46890174389307,OK,1991,2020,30,CHIRPS_v2,UCSB-CHG/CHIRPS/DAILY,1991-2020,IBGE_2024
4117214,Nova Santa Bárbara,PR,80.783,7,jul,78.18030209506296,OK,1991,2020,30,CHIRPS_v2,UCSB-CHG/CHIRPS/DAILY,1991-2020,IBGE_2024
4116604,Nova América da Colina,PR,129.476,7,jul,71.38131377832303,OK,1991,2020,30,CHIRPS_v2,UCSB-CHG/CHIRPS/DAILY,1991-2020,IBGE_2024
4117008,Nova Fátima,PR,283.423,7,jul,80.43226957518188,OK,1991,2020,30,CHIRPS_v2,UCSB-CHG/CHIRPS/DAILY,1991-2020,IBGE_2024
4124301,Santo Antônio do Paraíso,PR,162.647,7,jul,76.52362638719684,OK,1991,2020,30,CHIRPS_v2,UCSB-CHG/CHIRPS/DAILY,1991-2020,IBGE_2024
4124707,São Jerônimo da Serra,PR,824.268,7,jul,78.15678923387368,OK,1991,2020,30,CHIRPS_v2,UCSB-CHG/CHIRPS/DAILY,1991-2020,IBGE_2024
4123907,Santa Mariana,PR,425.703,7,jul,54.591640169886745,OK,1991,2020,30,CHIRPS_v2,UCSB-CHG/CHIRPS/DAILY,1991-2020,IBGE_2024
4114500,Manoel Ribas,PR,571.451,7,jul,97.02002422219573,OK,1991,2020,30,CHIRPS_v2,UCSB-CHG/CHIRPS/DAILY,1991-2020,IBGE_2024
4122651,Rosário do Ivaí,PR,377.625,7,jul,90.67719162371417,OK,1991,2020,30,CHIRPS_v2,UCSB-CHG/CHIRPS/DAILY,1991-2020,IBGE_2024
4122172,Rio Branco do Ivaí,PR,378.04,7,jul,105.42390871581226,OK,1991,2020,30,CHIRPS_v2,UCSB-CHG/CHIRPS/DAILY,1991-2020,IBGE_2024
4113759,Lunardelli,PR,191.062,7,jul,78.15969649135614,OK,1991,2020,30,CHIRPS_v2,UCSB-CHG/CHIRPS/DAILY,1991-2020,IBGE_2024
4113429,Lidianópolis,PR,151.779,7,jul,83.103865007917,OK,1991,2020,30,CHIRPS_v2,UCSB-CHG/CHIRPS/DAILY,1991-2020,IBGE_2024
4104402,Cândido de Abreu,PR,1506.15,7,jul,103.184815650045,OK,1991,2020,30,CHIRPS_v2,UCSB-CHG/CHIRPS/DAILY,1991-2020,IBGE_2024
4112504,Jardim Alegre,PR,425.371,7,jul,84.35923517408186,OK,1991,2020,30,CHIRPS_v2,UCSB-CHG/CHIRPS/DAILY,1991-2020,IBGE_2024
4111506,Ivaiporã,PR,436.378,7,jul,96.79725360857277,OK,1991,2020,30,CHIRPS_v2,UCSB-CHG/CHIRPS/DAILY,1991-2020,IBGE_2024
4101853,Ariranha do Ivaí,PR,236.039,7,jul,99.96873571924266,OK,1991,2020,30,CHIRPS_v2,UCSB-CHG/CHIRPS/DAILY,1991-2020,IBGE_2024
4101655,Arapuã,PR,217.599,7,jul,87.26345093485224,OK,1991,2020,30,CHIRPS_v2,UCSB-CHG/CHIRPS/DAILY,1991-2020,IBGE_2024
4108551,Godoy Moreira,PR,126.956,7,jul,79.71314848539801,OK,1991,2020,30,CHIRPS_v2,UCSB-CHG/CHIRPS/DAILY,1991-2020,IBGE_2024
4125001,São João do Ivaí,PR,351.885,7,jul,73.60043516064361,OK,1991,2020,30,CHIRPS_v2,UCSB-CHG/CHIRPS/DAILY,1991-2020,IBGE_2024
4108700,Grandes Rios,PR,311.512,7,jul,95.85329078474436,OK,1991,2020,30,CHIRPS_v2,UCSB-CHG/CHIRPS/DAILY,1991-2020,IBGE_2024
4107603,Faxinal,PR,716.804,7,jul,81.99333692284308,OK,1991,2020,30,CHIRPS_v2,UCSB-CHG/CHIRPS/DAILY,1991-2020,IBGE_2024
4106852,Cruzmaltina,PR,306.237,7,jul,85.2349552250803,OK,1991,2020,30,CHIRPS_v2,UCSB-CHG/CHIRPS/DAILY,1991-2020,IBGE_2024
4106100,Conselheiro Mairinck,PR,204.443,7,jul,60.766204496305434,OK,1991,2020,30,CHIRPS_v2,UCSB-CHG/CHIRPS/DAILY,1991-2020,IBGE_2024
4112306,Japira,PR,189.291,7,jul,63.881705313894685,OK,1991,2020,30,CHIRPS_v2,UCSB-CHG/CHIRPS/DAILY,1991-2020,IBGE_2024
4111704,Jaboti,PR,139.217,7,jul,60.947777747998785,OK,1991,2020,30,CHIRPS_v2,UCSB-CHG/CHIRPS/DAILY,1991-2020,IBGE_2024
4119202,Pinhalão,PR,220.049,7,jul,64.17563408050488,OK,1991,2020,30,CHIRPS_v2,UCSB-CHG/CHIRPS/DAILY,1991-2020,IBGE_2024
4109708,Ibaiti,PR,902.797,7,jul,70.47357075958996,OK,1991,2020,30,CHIRPS_v2,UCSB-CHG/CHIRPS/DAILY,1991-2020,IBGE_2024
4107751,Figueira,PR,129.769,7,jul,76.01934561367966,OK,1991,2020,30,CHIRPS_v2,UCSB-CHG/CHIRPS/DAILY,1991-2020,IBGE_2024
4104659,Carambeí,PR,647.021,7,jul,93.06059482476655,OK,1991,2020,30,CHIRPS_v2,UCSB-CHG/CHIRPS/DAILY,1991-2020,IBGE_2024
4119905,Ponta Grossa,PR,2044.902,7,jul,96.8906558831415,OK,1991,2020,30,CHIRPS_v2,UCSB-CHG/CHIRPS/DAILY,1991-2020,IBGE_2024
4104907,Castro,PR,2526.498,7,jul,88.60181115271125,OK,1991,2020,30,CHIRPS_v2,UCSB-CHG/CHIRPS/DAILY,1991-2020,IBGE_2024
4112009,Jaguariaíva,PR,1443.264,7,jul,72.4468639171173,OK,1991,2020,30,CHIRPS_v2,UCSB-CHG/CHIRPS/DAILY,1991-2020,IBGE_2024
4120101,Porto Amazonas,PR,186.581,7,jul,98.4270339157977,OK,1991,2020,30,CHIRPS_v2,UCSB-CHG/CHIRPS/DAILY,1991-2020,IBGE_2024
4111407,Ivaí,PR,600.209,7,jul,106.15937590090948,OK,1991,2020,30,CHIRPS_v2,UCSB-CHG/CHIRPS/DAILY,1991-2020,IBGE_2024
4119400,Piraí do Sul,PR,1349.154,7,jul,80.98492985298526,OK,1991,2020,30,CHIRPS_v2,UCSB-CHG/CHIRPS/DAILY,1991-2020,IBGE_2024
4110508,Ipiranga,PR,902.385,7,jul,95.42263673503145,OK,1991,2020,30,CHIRPS_v2,UCSB-CHG/CHIRPS/DAILY,1991-2020,IBGE_2024
4126306,Sengés,PR,1438.17,7,jul,67.41794093329362,OK,1991,2020,30,CHIRPS_v2,UCSB-CHG/CHIRPS/DAILY,1991-2020,IBGE_2024
4117701,Palmeira,PR,1473.233,7,jul,100.65987421132411,OK,1991,2020,30,CHIRPS_v2,UCSB-CHG/CHIRPS/DAILY,1991-2020,IBGE_2024
4101606,Arapoti,PR,1363.843,7,jul,68.63616022186676,OK,1991,2020,30,CHIRPS_v2,UCSB-CHG/CHIRPS/DAILY,1991-2020,IBGE_2024
4125100,São João do Triunfo,PR,718.68,7,jul,101.87926261384855,OK,1991,2020,30,CHIRPS_v2,UCSB-CHG/CHIRPS/DAILY,1991-2020,IBGE_2024
4121703,Reserva,PR,1646.103,7,jul,97.49726957104045,OK,1991,2020,30,CHIRPS_v2,UCSB-CHG/CHIRPS/DAILY,1991-2020,IBGE_2024
4128534,Ventania,PR,819.334,7,jul,77.43924444102274,OK,1991,2020,30,CHIRPS_v2,UCSB-CHG/CHIRPS/DAILY,1991-2020,IBGE_2024
4127502,Tibagi,PR,2996.47,7,jul,88.60969205556545,OK,1991,2020,30,CHIRPS_v2,UCSB-CHG/CHIRPS/DAILY,1991-2020,IBGE_2024
4127106,Telêmaco Borba,PR,1379.02,7,jul,84.58249345894802,OK,1991,2020,30,CHIRPS_v2,UCSB-CHG/CHIRPS/DAILY,1991-2020,IBGE_2024
4110078,Imbaú,PR,331.94,7,jul,100.69438648696368,OK,1991,2020,30,CHIRPS_v2,UCSB-CHG/CHIRPS/DAILY,1991-2020,IBGE_2024
4117305,Ortigueira,PR,2431.67,7,jul,84.51164284788263,OK,1991,2020,30,CHIRPS_v2,UCSB-CHG/CHIRPS/DAILY,1991-2020,IBGE_2024
4107009,Curiúva,PR,576.263,7,jul,75.01472181255872,OK,1991,2020,30,CHIRPS_v2,UCSB-CHG/CHIRPS/DAILY,1991-2020,IBGE_2024
4113908,Mallet,PR,758.509,7,jul,107.49971437281114,OK,1991,2020,30,CHIRPS_v2,UCSB-CHG/CHIRPS/DAILY,1991-2020,IBGE_2024
4122008,Rio Azul,PR,596.17,7,jul,106.79125558429101,OK,1991,2020,30,CHIRPS_v2,UCSB-CHG/CHIRPS/DAILY,1991-2020,IBGE_2024
4121505,Rebouças,PR,485.184,7,jul,102.1711429158215,OK,1991,2020,30,CHIRPS_v2,UCSB-CHG/CHIRPS/DAILY,1991-2020,IBGE_2024
4127007,Teixeira Soares,PR,902.334,7,jul,99.7541009426866,OK,1991,2020,30,CHIRPS_v2,UCSB-CHG/CHIRPS/DAILY,1991-2020,IBGE_2024
4110706,Irati,PR,1000.188,7,jul,106.53499114028045,OK,1991,2020,30,CHIRPS_v2,UCSB-CHG/CHIRPS/DAILY,1991-2020,IBGE_2024
4110102,Imbituva,PR,758.099,7,jul,101.45852060199586,OK,1991,2020,30,CHIRPS_v2,UCSB-CHG/CHIRPS/DAILY,1991-2020,IBGE_2024
4107736,Fernandes Pinheiro,PR,405.489,7,jul,99.06927158756909,OK,1991,2020,30,CHIRPS_v2,UCSB-CHG/CHIRPS/DAILY,1991-2020,IBGE_2024
4201109,Anitápolis,SC,540.636,7,jul,100.55441348695709,OK,1991,2020,30,CHIRPS_v2,UCSB-CHG/CHIRPS/DAILY,1991-2020,IBGE_2024
4200705,Alfredo Wagner,SC,733.489,7,jul,104.26404597836625,OK,1991,2020,30,CHIRPS_v2,UCSB-CHG/CHIRPS/DAILY,1991-2020,IBGE_2024
4200903,Angelina,SC,499.998,7,jul,97.23510626532062,OK,1991,2020,30,CHIRPS_v2,UCSB-CHG/CHIRPS/DAILY,1991-2020,IBGE_2024
4215901,São Bonifácio,SC,461.438,7,jul,93.17956745099455,OK,1991,2020,30,CHIRPS_v2,UCSB-CHG/CHIRPS/DAILY,1991-2020,IBGE_2024
4207304,Imbituba,SC,181.577,7,jul,93.42643305162757,OK,1991,2020,30,CHIRPS_v2,UCSB-CHG/CHIRPS/DAILY,1991-2020,IBGE_2024
4205704,Garopaba,SC,114.773,7,jul,90.96696164443381,OK,1991,2020,30,CHIRPS_v2,UCSB-CHG/CHIRPS/DAILY,1991-2020,IBGE_2024
4214300,Rancho Queimado,SC,286.461,7,jul,97.99978306211491,OK,1991,2020,30,CHIRPS_v2,UCSB-CHG/CHIRPS/DAILY,1991-2020,IBGE_2024
4205407,Florianópolis,SC,674.844,7,jul,91.06243401808477,OK,1991,2020,30,CHIRPS_v2,UCSB-CHG/CHIRPS/DAILY,1991-2020,IBGE_2024
4212304,Paulo Lopes,SC,446.165,7,jul,88.07542533130758,OK,1991,2020,30,CHIRPS_v2,UCSB-CHG/CHIRPS/DAILY,1991-2020,IBGE_2024
4211900,Palhoça,SC,394.85,7,jul,85.25956284936848,OK,1991,2020,30,CHIRPS_v2,UCSB-CHG/CHIRPS/DAILY,1991-2020,IBGE_2024
4202305,Biguaçu,SC,365.755,7,jul,86.43083888831718,OK,1991,2020,30,CHIRPS_v2,UCSB-CHG/CHIRPS/DAILY,1991-2020,IBGE_2024
4201208,Antônio Carlos,SC,234.422,7,jul,88.08089741563558,OK,1991,2020,30,CHIRPS_v2,UCSB-CHG/CHIRPS/DAILY,1991-2020,IBGE_2024
4200606,Águas Mornas,SC,326.66,7,jul,91.69526724815087,OK,1991,2020,30,CHIRPS_v2,UCSB-CHG/CHIRPS/DAILY,1991-2020,IBGE_2024
4217253,São Pedro de Alcântara,SC,139.196,7,jul,88.25936476353401,OK,1991,2020,30,CHIRPS_v2,UCSB-CHG/CHIRPS/DAILY,1991-2020,IBGE_2024
4216602,São José,SC,150.499,7,jul,90.22717499933496,OK,1991,2020,30,CHIRPS_v2,UCSB-CHG/CHIRPS/DAILY,1991-2020,IBGE_2024
4215703,Santo Amaro da Imperatriz,SC,344.236,7,jul,85.38311837638335,OK,1991,2020,30,CHIRPS_v2,UCSB-CHG/CHIRPS/DAILY,1991-2020,IBGE_2024
4206009,Governador Celso Ramos,SC,127.556,7,jul,85.23634187496111,OK,1991,2020,30,CHIRPS_v2,UCSB-CHG/CHIRPS/DAILY,1991-2020,IBGE_2024
4211702,Orleans,SC,549.859,7,jul,104.86903451215692,OK,1991,2020,30,CHIRPS_v2,UCSB-CHG/CHIRPS/DAILY,1991-2020,IBGE_2024
4209607,Lauro Müller,SC,271.852,7,jul,109.65989680333483,OK,1991,2020,30,CHIRPS_v2,UCSB-CHG/CHIRPS/DAILY,1991-2020,IBGE_2024
4205456,Forquilhinha,SC,183.351,7,jul,100.89692729072775,OK,1991,2020,30,CHIRPS_v2,UCSB-CHG/CHIRPS/DAILY,1991-2020,IBGE_2024
4204251,Cocal do Sul,SC,70.965,7,jul,96.95252605816998,OK,1991,2020,30,CHIRPS_v2,UCSB-CHG/CHIRPS/DAILY,1991-2020,IBGE_2024
4204608,Criciúma,SC,234.794,7,jul,100.73052641444299,OK,1991,2020,30,CHIRPS_v2,UCSB-CHG/CHIRPS/DAILY,1991-2020,IBGE_2024
4220000,Balneário Rincão,SC,63.512,7,jul,99.45120621499203,OK,1991,2020,30,CHIRPS_v2,UCSB-CHG/CHIRPS/DAILY,1991-2020,IBGE_2024
4211603,Nova Veneza,SC,295.063,7,jul,113.90128962612492,OK,1991,2020,30,CHIRPS_v2,UCSB-CHG/CHIRPS/DAILY,1991-2020,IBGE_2024
4219002,Urussanga,SC,254.954,7,jul,94.31322111229915,OK,1991,2020,30,CHIRPS_v2,UCSB-CHG/CHIRPS/DAILY,1991-2020,IBGE_2024
4211256,Morro Grande,SC,260.143,7,jul,125.13132519026738,OK,1991,2020,30,CHIRPS_v2,UCSB-CHG/CHIRPS/DAILY,1991-2020,IBGE_2024
4211207,Morro da Fumaça,SC,82.878,7,jul,96.29678547545831,OK,1991,2020,30,CHIRPS_v2,UCSB-CHG/CHIRPS/DAILY,1991-2020,IBGE_2024
4218350,Treviso,SC,156.61,7,jul,113.03949371098703,OK,1991,2020,30,CHIRPS_v2,UCSB-CHG/CHIRPS/DAILY,1991-2020,IBGE_2024
4217600,Siderópolis,SC,262.002,7,jul,114.33871934978025,OK,1991,2020,30,CHIRPS_v2,UCSB-CHG/CHIRPS/DAILY,1991-2020,IBGE_2024
4207007,Içara,SC,230.487,7,jul,99.56212193291636,OK,1991,2020,30,CHIRPS_v2,UCSB-CHG/CHIRPS/DAILY,1991-2020,IBGE_2024
4212650,Pescaria Brava,SC,106.853,7,jul,98.14586655338924,OK,1991,2020,30,CHIRPS_v2,UCSB-CHG/CHIRPS/DAILY,1991-2020,IBGE_2024
4203956,Capivari de Baixo,SC,53.222,7,jul,98.7010050832062,OK,1991,2020,30,CHIRPS_v2,UCSB-CHG/CHIRPS/DAILY,1991-2020,IBGE_2024
4218707,Tubarão,SC,301.485,7,jul,96.76032639241582,OK,1991,2020,30,CHIRPS_v2,UCSB-CHG/CHIRPS/DAILY,1991-2020,IBGE_2024
4209409,Laguna,SC,333.259,7,jul,103.93860578301752,OK,1991,2020,30,CHIRPS_v2,UCSB-CHG/CHIRPS/DAILY,1991-2020,IBGE_2024
4206207,Gravatal,SC,165.718,7,jul,95.53236764634816,OK,1991,2020,30,CHIRPS_v2,UCSB-CHG/CHIRPS/DAILY,1991-2020,IBGE_2024
4212403,Pedras Grandes,SC,159.892,7,jul,89.49408792544806,OK,1991,2020,30,CHIRPS_v2,UCSB-CHG/CHIRPS/DAILY,1991-2020,IBGE_2024
4202800,Braço do Norte,SC,212.045,7,jul,96.771924937185,OK,1991,2020,30,CHIRPS_v2,UCSB-CHG/CHIRPS/DAILY,1991-2020,IBGE_2024
4218400,Treze de Maio,SC,159.833,7,jul,92.473930041388,OK,1991,2020,30,CHIRPS_v2,UCSB-CHG/CHIRPS/DAILY,1991-2020,IBGE_2024
4201505,Armazém,SC,173.958,7,jul,94.88153033192803,OK,1991,2020,30,CHIRPS_v2,UCSB-CHG/CHIRPS/DAILY,1991-2020,IBGE_2024
4217105,São Martinho,SC,224.566,7,jul,96.61794990050122,OK,1991,2020,30,CHIRPS_v2,UCSB-CHG/CHIRPS/DAILY,1991-2020,IBGE_2024
4217006,São Ludgero,SC,106.765,7,jul,94.60276362387299,OK,1991,2020,30,CHIRPS_v2,UCSB-CHG/CHIRPS/DAILY,1991-2020,IBGE_2024
4208807,Jaguaruna,SC,326.362,7,jul,100.68490837849731,OK,1991,2020,30,CHIRPS_v2,UCSB-CHG/CHIRPS/DAILY,1991-2020,IBGE_2024
4215604,Santa Rosa de Lima,SC,203.218,7,jul,103.26628957815316,OK,1991,2020,30,CHIRPS_v2,UCSB-CHG/CHIRPS/DAILY,1991-2020,IBGE_2024
4207205,Imaruí,SC,542.238,7,jul,95.57467205795741,OK,1991,2020,30,CHIRPS_v2,UCSB-CHG/CHIRPS/DAILY,1991-2020,IBGE_2024
4215455,Sangão,SC,82.984,7,jul,97.36157057001154,OK,1991,2020,30,CHIRPS_v2,UCSB-CHG/CHIRPS/DAILY,1991-2020,IBGE_2024
4214904,Rio Fortuna,SC,302.39,7,jul,102.43507273515112,OK,1991,2020,30,CHIRPS_v2,UCSB-CHG/CHIRPS/DAILY,1991-2020,IBGE_2024
4206108,Grão-Pará,SC,334.362,7,jul,103.32825409788553,OK,1991,2020,30,CHIRPS_v2,UCSB-CHG/CHIRPS/DAILY,1991-2020,IBGE_2024
4212254,Passo de Torres,SC,92.638,7,jul,118.16427077698062,OK,1991,2020,30,CHIRPS_v2,UCSB-CHG/CHIRPS/DAILY,1991-2020,IBGE_2024
4210803,Meleiro,SC,186.439,7,jul,108.52077850106117,OK,1991,2020,30,CHIRPS_v2,UCSB-CHG/CHIRPS/DAILY,1991-2020,IBGE_2024
4210407,Maracajá,SC,62.901,7,jul,94.72547044665727,OK,1991,2020,30,CHIRPS_v2,UCSB-CHG/CHIRPS/DAILY,1991-2020,IBGE_2024
4202073,Balneário Gaivota,SC,146.486,7,jul,118.67205348533118,OK,1991,2020,30,CHIRPS_v2,UCSB-CHG/CHIRPS/DAILY,1991-2020,IBGE_2024
4218806,Turvo,SC,235.104,7,jul,118.01976013869933,OK,1991,2020,30,CHIRPS_v2,UCSB-CHG/CHIRPS/DAILY,1991-2020,IBGE_2024
4218103,Timbé do Sul,SC,328.507,7,jul,133.23217099555254,OK,1991,2020,30,CHIRPS_v2,UCSB-CHG/CHIRPS/DAILY,1991-2020,IBGE_2024
4201950,Balneário Arroio do Silva,SC,94.662,7,jul,106.90669452697185,OK,1991,2020,30,CHIRPS_v2,UCSB-CHG/CHIRPS/DAILY,1991-2020,IBGE_2024
4217709,Sombrio,SC,143.428,7,jul,119.81175898805314,OK,1991,2020,30,CHIRPS_v2,UCSB-CHG/CHIRPS/DAILY,1991-2020,IBGE_2024
4201406,Araranguá,SC,302.003,7,jul,101.01195985069775,OK,1991,2020,30,CHIRPS_v2,UCSB-CHG/CHIRPS/DAILY,1991-2020,IBGE_2024
4216404,São João do Sul,SC,184.375,7,jul,125.19567914019908,OK,1991,2020,30,CHIRPS_v2,UCSB-CHG/CHIRPS/DAILY,1991-2020,IBGE_2024
4208708,Jacinto Machado,SC,430.704,7,jul,132.13361927270387,OK,1991,2020,30,CHIRPS_v2,UCSB-CHG/CHIRPS/DAILY,1991-2020,IBGE_2024
4215653,Santa Rosa do Sul,SC,150.299,7,jul,122.99651648415598,OK,1991,2020,30,CHIRPS_v2,UCSB-CHG/CHIRPS/DAILY,1991-2020,IBGE_2024
4205191,Ermo,SC,65.144,7,jul,116.57028742259737,OK,1991,2020,30,CHIRPS_v2,UCSB-CHG/CHIRPS/DAILY,1991-2020,IBGE_2024
4213807,Praia Grande,SC,284.36,7,jul,141.59642578666347,OK,1991,2020,30,CHIRPS_v2,UCSB-CHG/CHIRPS/DAILY,1991-2020,IBGE_2024
4209300,Lages,SC,2637.66,7,jul,142.1219977327649,OK,1991,2020,30,CHIRPS_v2,UCSB-CHG/CHIRPS/DAILY,1991-2020,IBGE_2024
4213302,Ponte Alta,SC,575.17,7,jul,122.64536320816595,OK,1991,2020,30,CHIRPS_v2,UCSB-CHG/CHIRPS/DAILY,1991-2020,IBGE_2024
4204178,Cerro Negro,SC,418.544,7,jul,150.29798418890974,OK,1991,2020,30,CHIRPS_v2,UCSB-CHG/CHIRPS/DAILY,1991-2020,IBGE_2024
4204558,Correia Pinto,SC,647.388,7,jul,129.46776088895388,OK,1991,2020,30,CHIRPS_v2,UCSB-CHG/CHIRPS/DAILY,1991-2020,IBGE_2024
4211892,Painel,SC,738.331,7,jul,139.98173415298768,OK,1991,2020,30,CHIRPS_v2,UCSB-CHG/CHIRPS/DAILY,1991-2020,IBGE_2024
4212056,Palmeira,SC,289.097,7,jul,125.30963233682917,OK,1991,2020,30,CHIRPS_v2,UCSB-CHG/CHIRPS/DAILY,1991-2020,IBGE_2024
4203253,Capão Alto,SC,1331.962,7,jul,156.0425397544275,OK,1991,2020,30,CHIRPS_v2,UCSB-CHG/CHIRPS/DAILY,1991-2020,IBGE_2024
4211751,Otacílio Costa,SC,847.253,7,jul,113.63431039100934,OK,1991,2020,30,CHIRPS_v2,UCSB-CHG/CHIRPS/DAILY,1991-2020,IBGE_2024
4203402,Campo Belo do Sul,SC,1025.638,7,jul,149.90608551395252,OK,1991,2020,30,CHIRPS_v2,UCSB-CHG/CHIRPS/DAILY,1991-2020,IBGE_2024
4218954,Urupema,SC,350.472,7,jul,140.6187468391581,OK,1991,2020,30,CHIRPS_v2,UCSB-CHG/CHIRPS/DAILY,1991-2020,IBGE_2024
4202602,Bom Retiro,SC,1057.034,7,jul,109.99380314915904,OK,1991,2020,30,CHIRPS_v2,UCSB-CHG/CHIRPS/DAILY,1991-2020,IBGE_2024
4218905,Urubici,SC,1021.371,7,jul,119.71463587108957,OK,1991,2020,30,CHIRPS_v2,UCSB-CHG/CHIRPS/DAILY,1991-2020,IBGE_2024
4202503,Bom Jardim da Serra,SC,938.524,7,jul,128.7128658906658,OK,1991,2020,30,CHIRPS_v2,UCSB-CHG/CHIRPS/DAILY,1991-2020,IBGE_2024
4202438,Bocaina do Sul,SC,510.673,7,jul,122.77822717640738,OK,1991,2020,30,CHIRPS_v2,UCSB-CHG/CHIRPS/DAILY,1991-2020,IBGE_2024
4201000,Anita Garibaldi,SC,589.812,7,jul,152.8269897932964,OK,1991,2020,30,CHIRPS_v2,UCSB-CHG/CHIRPS/DAILY,1991-2020,IBGE_2024
4216503,São Joaquim,SC,1888.627,7,jul,154.57680141115205,OK,1991,2020,30,CHIRPS_v2,UCSB-CHG/CHIRPS/DAILY,1991-2020,IBGE_2024
4216800,São José do Cerrito,SC,948.714,7,jul,133.7141225627653,OK,1991,2020,30,CHIRPS_v2,UCSB-CHG/CHIRPS/DAILY,1991-2020,IBGE_2024
4215059,Rio Rufino,SC,282.571,7,jul,123.64572124840019,OK,1991,2020,30,CHIRPS_v2,UCSB-CHG/CHIRPS/DAILY,1991-2020,IBGE_2024
4204806,Curitibanos,SC,949.994,7,jul,122.160965306183,OK,1991,2020,30,CHIRPS_v2,UCSB-CHG/CHIRPS/DAILY,1991-2020,IBGE_2024
4202875,Brunópolis,SC,336.439,7,jul,126.42755459522743,OK,1991,2020,30,CHIRPS_v2,UCSB-CHG/CHIRPS/DAILY,1991-2020,IBGE_2024
4216057,São Cristóvão do Sul,SC,345.902,7,jul,116.03053070022905,OK,1991,2020,30,CHIRPS_v2,UCSB-CHG/CHIRPS/DAILY,1991-2020,IBGE_2024
4215505,Santa Cecília,SC,1145.716,7,jul,110.30663124088673,OK,1991,2020,30,CHIRPS_v2,UCSB-CHG/CHIRPS/DAILY,1991-2020,IBGE_2024
4213351,Ponte Alta do Norte,SC,396.882,7,jul,115.30672059739288,OK,1991,2020,30,CHIRPS_v2,UCSB-CHG/CHIRPS/DAILY,1991-2020,IBGE_2024
4205555,Frei Rogério,SC,158.775,7,jul,122.85346058110207,OK,1991,2020,30,CHIRPS_v2,UCSB-CHG/CHIRPS/DAILY,1991-2020,IBGE_2024
4204350,Cordilheira Alta,SC,85.276,7,jul,139.23020259681402,OK,1991,2020,30,CHIRPS_v2,UCSB-CHG/CHIRPS/DAILY,1991-2020,IBGE_2024
4204202,Chapecó,SC,624.673,7,jul,146.97861118167143,OK,1991,2020,30,CHIRPS_v2,UCSB-CHG/CHIRPS/DAILY,1991-2020,IBGE_2024
4206652,Guatambú,SC,206.196,7,jul,143.31510935923836,OK,1991,2020,30,CHIRPS_v2,UCSB-CHG/CHIRPS/DAILY,1991-2020,IBGE_2024
4205431,Formosa do Sul,SC,100.408,7,jul,127.99045644641492,OK,1991,2020,30,CHIRPS_v2,UCSB-CHG/CHIRPS/DAILY,1991-2020,IBGE_2024
4204756,Cunhataí,SC,54.811,7,jul,139.48436606565014,OK,1991,2020,30,CHIRPS_v2,UCSB-CHG/CHIRPS/DAILY,1991-2020,IBGE_2024
4212908,Pinhalzinho,SC,128.726,7,jul,134.20535571600462,OK,1991,2020,30,CHIRPS_v2,UCSB-CHG/CHIRPS/DAILY,1991-2020,IBGE_2024
4213153,Planalto Alegre,SC,63.1,7,jul,141.39462343996888,OK,1991,2020,30,CHIRPS_v2,UCSB-CHG/CHIRPS/DAILY,1991-2020,IBGE_2024
4204103,Caxambu do Sul,SC,140.873,7,jul,140.80289179555746,OK,1991,2020,30,CHIRPS_v2,UCSB-CHG/CHIRPS/DAILY,1991-2020,IBGE_2024
4204400,Coronel Freitas,SC,232.47,7,jul,137.70262437345465,OK,1991,2020,30,CHIRPS_v2,UCSB-CHG/CHIRPS/DAILY,1991-2020,IBGE_2024
4211876,Paial,SC,86.049,7,jul,152.83401343259644,OK,1991,2020,30,CHIRPS_v2,UCSB-CHG/CHIRPS/DAILY,1991-2020,IBGE_2024
4212106,Palmitos,SC,351.051,7,jul,134.56357821690318,OK,1991,2020,30,CHIRPS_v2,UCSB-CHG/CHIRPS/DAILY,1991-2020,IBGE_2024
4211454,Nova Itaberaba,SC,137.069,7,jul,140.94514363778748,OK,1991,2020,30,CHIRPS_v2,UCSB-CHG/CHIRPS/DAILY,1991-2020,IBGE_2024
4211405,Nova Erechim,SC,65.087,7,jul,140.1458340370058,OK,1991,2020,30,CHIRPS_v2,UCSB-CHG/CHIRPS/DAILY,1991-2020,IBGE_2024
4219705,Xaxim,SC,293.628,7,jul,144.953650814918,OK,1991,2020,30,CHIRPS_v2,UCSB-CHG/CHIRPS/DAILY,1991-2020,IBGE_2024
4203105,Caibi,SC,173.079,7,jul,137.54100847931835,OK,1991,2020,30,CHIRPS_v2,UCSB-CHG/CHIRPS/DAILY,1991-2020,IBGE_2024
4210902,Modelo,SC,92.346,7,jul,131.7147168690357,OK,1991,2020,30,CHIRPS_v2,UCSB-CHG/CHIRPS/DAILY,1991-2020,IBGE_2024
4211009,Mondaí,SC,200.275,7,jul,134.75610189643746,OK,1991,2020,30,CHIRPS_v2,UCSB-CHG/CHIRPS/DAILY,1991-2020,IBGE_2024
4218855,União do Oeste,SC,92.857,7,jul,132.93349308530495,OK,1991,2020,30,CHIRPS_v2,UCSB-CHG/CHIRPS/DAILY,1991-2020,IBGE_2024
4210555,Marema,SC,104.184,7,jul,137.72597869132906,OK,1991,2020,30,CHIRPS_v2,UCSB-CHG/CHIRPS/DAILY,1991-2020,IBGE_2024
4201653,Arvoredo,SC,90.503,7,jul,153.24702235113307,OK,1991,2020,30,CHIRPS_v2,UCSB-CHG/CHIRPS/DAILY,1991-2020,IBGE_2024
4217550,Serra Alta,SC,90.564,7,jul,128.4277419936909,OK,1991,2020,30,CHIRPS_v2,UCSB-CHG/CHIRPS/DAILY,1991-2020,IBGE_2024
4209458,Lajeado Grande,SC,65.348,7,jul,142.6276659925383,OK,1991,2020,30,CHIRPS_v2,UCSB-CHG/CHIRPS/DAILY,1991-2020,IBGE_2024
4217758,Sul Brasil,SC,113.125,7,jul,128.6338974232955,OK,1991,2020,30,CHIRPS_v2,UCSB-CHG/CHIRPS/DAILY,1991-2020,IBGE_2024
4208955,Jardinópolis,SC,68.499,7,jul,129.07268359512324,OK,1991,2020,30,CHIRPS_v2,UCSB-CHG/CHIRPS/DAILY,1991-2020,IBGE_2024
4200556,Águas Frias,SC,76.631,7,jul,136.80029571896887,OK,1991,2020,30,CHIRPS_v2,UCSB-CHG/CHIRPS/DAILY,1991-2020,IBGE_2024
4217303,Saudades,SC,205.78,7,jul,137.26198228072025,OK,1991,2020,30,CHIRPS_v2,UCSB-CHG/CHIRPS/DAILY,1991-2020,IBGE_2024
4200507,Águas de Chapecó,SC,139.511,7,jul,140.43338437803732,OK,1991,2020,30,CHIRPS_v2,UCSB-CHG/CHIRPS/DAILY,1991-2020,IBGE_2024
4207858,Irati,SC,77.912,7,jul,127.34367969337755,OK,1991,2020,30,CHIRPS_v2,UCSB-CHG/CHIRPS/DAILY,1991-2020,IBGE_2024
4216008,São Carlos,SC,162.12,7,jul,140.545843097138,OK,1991,2020,30,CHIRPS_v2,UCSB-CHG/CHIRPS/DAILY,1991-2020,IBGE_2024
4215695,Santiago do Sul,SC,73.335,7,jul,130.72836594035672,OK,1991,2020,30,CHIRPS_v2,UCSB-CHG/CHIRPS/DAILY,1991-2020,IBGE_2024
4215075,Riqueza,SC,191.061,7,jul,136.80916992307579,OK,1991,2020,30,CHIRPS_v2,UCSB-CHG/CHIRPS/DAILY,1991-2020,IBGE_2024
4214201,Quilombo,SC,278.983,7,jul,130.5814993638853,OK,1991,2020,30,CHIRPS_v2,UCSB-CHG/CHIRPS/DAILY,1991-2020,IBGE_2024
4204152,Celso Ramos,SC,208.391,7,jul,155.4205410579307,OK,1991,2020,30,CHIRPS_v2,UCSB-CHG/CHIRPS/DAILY,1991-2020,IBGE_2024
4211801,Ouro,SC,213.543,7,jul,120.61347114179654,OK,1991,2020,30,CHIRPS_v2,UCSB-CHG/CHIRPS/DAILY,1991-2020,IBGE_2024
4203600,Campos Novos,SC,1717.579,7,jul,138.0849575757444,OK,1991,2020,30,CHIRPS_v2,UCSB-CHG/CHIRPS/DAILY,1991-2020,IBGE_2024
4204004,Catanduvas,SC,199.166,7,jul,130.41012057123297,OK,1991,2020,30,CHIRPS_v2,UCSB-CHG/CHIRPS/DAILY,1991-2020,IBGE_2024
4203907,Capinzal,SC,244.326,7,jul,122.50648731785691,OK,1991,2020,30,CHIRPS_v2,UCSB-CHG/CHIRPS/DAILY,1991-2020,IBGE_2024
4219853,Zortéa,SC,190.028,7,jul,132.74061066067685,OK,1991,2020,30,CHIRPS_v2,UCSB-CHG/CHIRPS/DAILY,1991-2020,IBGE_2024
4219176,Vargem Bonita,SC,299.807,7,jul,131.02565533962564,OK,1991,2020,30,CHIRPS_v2,UCSB-CHG/CHIRPS/DAILY,1991-2020,IBGE_2024
4219150,Vargem,SC,350.606,7,jul,135.35438425270308,OK,1991,2020,30,CHIRPS_v2,UCSB-CHG/CHIRPS/DAILY,1991-2020,IBGE_2024
4218509,Treze Tílias,SC,176.922,7,jul,124.82731311505877,OK,1991,2020,30,CHIRPS_v2,UCSB-CHG/CHIRPS/DAILY,1991-2020,IBGE_2024
4210035,Luzerna,SC,117.099,7,jul,128.1526698561449,OK,1991,2020,30,CHIRPS_v2,UCSB-CHG/CHIRPS/DAILY,1991-2020,IBGE_2024
4209201,Lacerdópolis,SC,69.036,7,jul,114.44098235134204,OK,1991,2020,30,CHIRPS_v2,UCSB-CHG/CHIRPS/DAILY,1991-2020,IBGE_2024
4209003,Joaçaba,SC,241.637,7,jul,124.45740969497352,OK,1991,2020,30,CHIRPS_v2,UCSB-CHG/CHIRPS/DAILY,1991-2020,IBGE_2024
4200051,Abdon Batista,SC,237.517,7,jul,147.0564027883339,OK,1991,2020,30,CHIRPS_v2,UCSB-CHG/CHIRPS/DAILY,1991-2020,IBGE_2024
4208609,Jaborá,SC,182.483,7,jul,134.2145811147843,OK,1991,2020,30,CHIRPS_v2,UCSB-CHG/CHIRPS/DAILY,1991-2020,IBGE_2024
4200408,Água Doce,SC,1327.921,7,jul,120.73622988396686,OK,1991,2020,30,CHIRPS_v2,UCSB-CHG/CHIRPS/DAILY,1991-2020,IBGE_2024
4206801,Ibicaré,SC,156.226,7,jul,130.35504015882466,OK,1991,2020,30,CHIRPS_v2,UCSB-CHG/CHIRPS/DAILY,1991-2020,IBGE_2024
4206702,Herval d'Oeste,SC,216.581,7,jul,129.52086022716864,OK,1991,2020,30,CHIRPS_v2,UCSB-CHG/CHIRPS/DAILY,1991-2020,IBGE_2024
4205209,Erval Velho,SC,208.841,7,jul,127.98903267276525,OK,1991,2020,30,CHIRPS_v2,UCSB-CHG/CHIRPS/DAILY,1991-2020,IBGE_2024
4205001,Dionísio Cerqueira,SC,378.843,7,jul,134.56848890608276,OK,1991,2020,30,CHIRPS_v2,UCSB-CHG/CHIRPS/DAILY,1991-2020,IBGE_2024
4204905,Descanso,SC,287.057,7,jul,135.01290904178833,OK,1991,2020,30,CHIRPS_v2,UCSB-CHG/CHIRPS/DAILY,1991-2020,IBGE_2024
4212007,Palma Sola,SC,330.878,7,jul,132.47455005690097,OK,1991,2020,30,CHIRPS_v2,UCSB-CHG/CHIRPS/DAILY,1991-2020,IBGE_2024
4212239,Paraíso,SC,180.338,7,jul,127.68584088910154,OK,1991,2020,30,CHIRPS_v2,UCSB-CHG/CHIRPS/DAILY,1991-2020,IBGE_2024
4202099,Barra Bonita,SC,92.934,7,jul,130.34944730755657,OK,1991,2020,30,CHIRPS_v2,UCSB-CHG/CHIRPS/DAILY,1991-2020,IBGE_2024
4202081,Bandeirante,SC,148.074,7,jul,132.74706811231584,OK,1991,2020,30,CHIRPS_v2,UCSB-CHG/CHIRPS/DAILY,1991-2020,IBGE_2024
4202156,Belmonte,SC,93.852,7,jul,135.2636114966173,OK,1991,2020,30,CHIRPS_v2,UCSB-CHG/CHIRPS/DAILY,1991-2020,IBGE_2024
4218756,Tunápolis,SC,132.939,7,jul,136.32085345345772,OK,1991,2020,30,CHIRPS_v2,UCSB-CHG/CHIRPS/DAILY,1991-2020,IBGE_2024
4217204,São Miguel do Oeste,SC,233.83,7,jul,131.76345684534132,OK,1991,2020,30,CHIRPS_v2,UCSB-CHG/CHIRPS/DAILY,1991-2020,IBGE_2024
4200804,Anchieta,SC,232.348,7,jul,131.2088161848739,OK,1991,2020,30,CHIRPS_v2,UCSB-CHG/CHIRPS/DAILY,1991-2020,IBGE_2024
4208401,Itapiranga,SC,281.782,7,jul,138.06108929196685,OK,1991,2020,30,CHIRPS_v2,UCSB-CHG/CHIRPS/DAILY,1991-2020,IBGE_2024
4216701,São José do Cedro,SC,280.76,7,jul,130.82032225304096,OK,1991,2020,30,CHIRPS_v2,UCSB-CHG/CHIRPS/DAILY,1991-2020,IBGE_2024
4216255,São João do Oeste,SC,163.589,7,jul,135.3547753118169,OK,1991,2020,30,CHIRPS_v2,UCSB-CHG/CHIRPS/DAILY,1991-2020,IBGE_2024
4215554,Santa Helena,SC,81.004,7,jul,136.0779991674457,OK,1991,2020,30,CHIRPS_v2,UCSB-CHG/CHIRPS/DAILY,1991-2020,IBGE_2024
4207650,Iporã do Oeste,SC,201.118,7,jul,135.46085307752614,OK,1991,2020,30,CHIRPS_v2,UCSB-CHG/CHIRPS/DAILY,1991-2020,IBGE_2024
4215208,Romelândia,SC,223.333,7,jul,131.9560561451085,OK,1991,2020,30,CHIRPS_v2,UCSB-CHG/CHIRPS/DAILY,1991-2020,IBGE_2024
4206405,Guaraciaba,SC,331.766,7,jul,127.04843668506365,OK,1991,2020,30,CHIRPS_v2,UCSB-CHG/CHIRPS/DAILY,1991-2020,IBGE_2024
4206603,Guarujá do Sul,SC,100.63,7,jul,133.0091268059931,OK,1991,2020,30,CHIRPS_v2,UCSB-CHG/CHIRPS/DAILY,1991-2020,IBGE_2024
4214151,Princesa,SC,85.598,7,jul,132.35726014826574,OK,1991,2020,30,CHIRPS_v2,UCSB-CHG/CHIRPS/DAILY,1991-2020,IBGE_2024
4205357,Flor do Sertão,SC,58.457,7,jul,139.529552425636,OK,1991,2020,30,CHIRPS_v2,UCSB-CHG/CHIRPS/DAILY,1991-2020,IBGE_2024
4213104,Piratuba,SC,146.088,7,jul,139.39383374605802,OK,1991,2020,30,CHIRPS_v2,UCSB-CHG/CHIRPS/DAILY,1991-2020,IBGE_2024
4204301,Concórdia,SC,799.195,7,jul,142.60473931350995,OK,1991,2020,30,CHIRPS_v2,UCSB-CHG/CHIRPS/DAILY,1991-2020,IBGE_2024
4212601,Peritiba,SC,95.632,7,jul,142.70561706999385,OK,1991,2020,30,CHIRPS_v2,UCSB-CHG/CHIRPS/DAILY,1991-2020,IBGE_2024
4209854,Lindóia do Sul,SC,190.171,7,jul,144.16458141052,OK,1991,2020,30,CHIRPS_v2,UCSB-CHG/CHIRPS/DAILY,1991-2020,IBGE_2024
4201273,Arabutã,SC,132.585,7,jul,147.61667097980583,OK,1991,2020,30,CHIRPS_v2,UCSB-CHG/CHIRPS/DAILY,1991-2020,IBGE_2024
4217501,Seara,SC,309.627,7,jul,152.40869016912208,OK,1991,2020,30,CHIRPS_v2,UCSB-CHG/CHIRPS/DAILY,1991-2020,IBGE_2024
4200754,Alto Bela Vista,SC,103.433,7,jul,146.8703653980852,OK,1991,2020,30,CHIRPS_v2,UCSB-CHG/CHIRPS/DAILY,1991-2020,IBGE_2024
4207700,Ipumirim,SC,246.115,7,jul,147.4963549728834,OK,1991,2020,30,CHIRPS_v2,UCSB-CHG/CHIRPS/DAILY,1991-2020,IBGE_2024
4207809,Irani,SC,325.862,7,jul,138.57868679871942,OK,1991,2020,30,CHIRPS_v2,UCSB-CHG/CHIRPS/DAILY,1991-2020,IBGE_2024
4208005,Itá,SC,166.265,7,jul,150.99309194705955,OK,1991,2020,30,CHIRPS_v2,UCSB-CHG/CHIRPS/DAILY,1991-2020,IBGE_2024
4207601,Ipira,SC,156.187,7,jul,137.00389144825607,OK,1991,2020,30,CHIRPS_v2,UCSB-CHG/CHIRPS/DAILY,1991-2020,IBGE_2024
4213906,Presidente Castello Branco,SC,65.433,7,jul,134.3768243792858,OK,1991,2020,30,CHIRPS_v2,UCSB-CHG/CHIRPS/DAILY,1991-2020,IBGE_2024
4204459,Coronel Martins,SC,107.502,7,jul,131.43451221934947,OK,1991,2020,30,CHIRPS_v2,UCSB-CHG/CHIRPS/DAILY,1991-2020,IBGE_2024
4211850,Ouro Verde,SC,188.568,7,jul,138.7565724869964,OK,1991,2020,30,CHIRPS_v2,UCSB-CHG/CHIRPS/DAILY,1991-2020,IBGE_2024
4212270,Passos Maia,SC,617.092,7,jul,125.87324776198419,OK,1991,2020,30,CHIRPS_v2,UCSB-CHG/CHIRPS/DAILY,1991-2020,IBGE_2024
4219606,Xavantina,SC,218.032,7,jul,157.8567674952341,OK,1991,2020,30,CHIRPS_v2,UCSB-CHG/CHIRPS/DAILY,1991-2020,IBGE_2024
4219507,Xanxerê,SC,377.426,7,jul,155.1841371936049,OK,1991,2020,30,CHIRPS_v2,UCSB-CHG/CHIRPS/DAILY,1991-2020,IBGE_2024
4219101,Vargeão,SC,166.685,7,jul,136.42799214843657,OK,1991,2020,30,CHIRPS_v2,UCSB-CHG/CHIRPS/DAILY,1991-2020,IBGE_2024
4202537,Bom Jesus,SC,63.883,7,jul,145.9479519478881,OK,1991,2020,30,CHIRPS_v2,UCSB-CHG/CHIRPS/DAILY,1991-2020,IBGE_2024
4200101,Abelardo Luz,SC,953.991,7,jul,125.43728698961773,OK,1991,2020,30,CHIRPS_v2,UCSB-CHG/CHIRPS/DAILY,1991-2020,IBGE_2024
4216107,São Domingos,SC,367.525,7,jul,131.09060260969017,OK,1991,2020,30,CHIRPS_v2,UCSB-CHG/CHIRPS/DAILY,1991-2020,IBGE_2024
4207684,Ipuaçu,SC,261.13,7,jul,135.4094376670074,OK,1991,2020,30,CHIRPS_v2,UCSB-CHG/CHIRPS/DAILY,1991-2020,IBGE_2024
4205308,Faxinal dos Guedes,SC,340.07,7,jul,150.7776040921487,OK,1991,2020,30,CHIRPS_v2,UCSB-CHG/CHIRPS/DAILY,1991-2020,IBGE_2024
4205175,Entre Rios,SC,103.838,7,jul,137.02918624670838,OK,1991,2020,30,CHIRPS_v2,UCSB-CHG/CHIRPS/DAILY,1991-2020,IBGE_2024
4213401,Ponte Serrada,SC,560.731,7,jul,137.86820879173345,OK,1991,2020,30,CHIRPS_v2,UCSB-CHG/CHIRPS/DAILY,1991-2020,IBGE_2024
4204707,Cunha Porã,SC,220.099,7,jul,136.72219010541727,OK,1991,2020,30,CHIRPS_v2,UCSB-CHG/CHIRPS/DAILY,1991-2020,IBGE_2024
4202578,Bom Jesus do Oeste,SC,67.777,7,jul,129.2825342796308,OK,1991,2020,30,CHIRPS_v2,UCSB-CHG/CHIRPS/DAILY,1991-2020,IBGE_2024
4210506,Maravilha,SC,170.339,7,jul,135.26857654996675,OK,1991,2020,30,CHIRPS_v2,UCSB-CHG/CHIRPS/DAILY,1991-2020,IBGE_2024
4217956,Tigrinhos,SC,56.962,7,jul,129.04454470751605,OK,1991,2020,30,CHIRPS_v2,UCSB-CHG/CHIRPS/DAILY,1991-2020,IBGE_2024
4217154,São Miguel da Boa Vista,SC,72.755,7,jul,132.41347763456713,OK,1991,2020,30,CHIRPS_v2,UCSB-CHG/CHIRPS/DAILY,1991-2020,IBGE_2024
4207759,Iraceminha,SC,165.147,7,jul,137.40283603913528,OK,1991,2020,30,CHIRPS_v2,UCSB-CHG/CHIRPS/DAILY,1991-2020,IBGE_2024
4215687,Santa Terezinha do Progresso,SC,119.653,7,jul,130.19842958037563,OK,1991,2020,30,CHIRPS_v2,UCSB-CHG/CHIRPS/DAILY,1991-2020,IBGE_2024
4215356,Saltinho,SC,156.568,7,jul,128.04850443829307,OK,1991,2020,30,CHIRPS_v2,UCSB-CHG/CHIRPS/DAILY,1991-2020,IBGE_2024
4205605,Galvão,SC,139.836,7,jul,130.11647434039213,OK,1991,2020,30,CHIRPS_v2,UCSB-CHG/CHIRPS/DAILY,1991-2020,IBGE_2024
4203501,Campo Erê,SC,479.161,7,jul,128.73491687288117,OK,1991,2020,30,CHIRPS_v2,UCSB-CHG/CHIRPS/DAILY,1991-2020,IBGE_2024
4211652,Novo Horizonte,SC,151.722,7,jul,129.09601548176875,OK,1991,2020,30,CHIRPS_v2,UCSB-CHG/CHIRPS/DAILY,1991-2020,IBGE_2024
4216909,São Lourenço do Oeste,SC,356.193,7,jul,127.87207092117957,OK,1991,2020,30,CHIRPS_v2,UCSB-CHG/CHIRPS/DAILY,1991-2020,IBGE_2024
4209177,Jupiá,SC,91.448,7,jul,128.996075566963,OK,1991,2020,30,CHIRPS_v2,UCSB-CHG/CHIRPS/DAILY,1991-2020,IBGE_2024
4215752,São Bernardino,SC,149.891,7,jul,126.32484139429724,OK,1991,2020,30,CHIRPS_v2,UCSB-CHG/CHIRPS/DAILY,1991-2020,IBGE_2024
4203154,Calmon,SC,636.208,7,jul,108.87630539086297,OK,1991,2020,30,CHIRPS_v2,UCSB-CHG/CHIRPS/DAILY,1991-2020,IBGE_2024
4203006,Caçador,SC,983.424,7,jul,114.38342598680944,OK,1991,2020,30,CHIRPS_v2,UCSB-CHG/CHIRPS/DAILY,1991-2020,IBGE_2024
4210704,Matos Costa,SC,435.391,7,jul,110.88708337560841,OK,1991,2020,30,CHIRPS_v2,UCSB-CHG/CHIRPS/DAILY,1991-2020,IBGE_2024
4210050,Macieira,SC,261.208,7,jul,119.66692127432124,OK,1991,2020,30,CHIRPS_v2,UCSB-CHG/CHIRPS/DAILY,1991-2020,IBGE_2024
4218251,Timbó Grande,SC,596.343,7,jul,107.76188158586723,OK,1991,2020,30,CHIRPS_v2,UCSB-CHG/CHIRPS/DAILY,1991-2020,IBGE_2024
4209706,Lebon Régis,SC,941.641,7,jul,112.89994145785114,OK,1991,2020,30,CHIRPS_v2,UCSB-CHG/CHIRPS/DAILY,1991-2020,IBGE_2024
4205506,Fraiburgo,SC,549.188,7,jul,120.9342210448035,OK,1991,2020,30,CHIRPS_v2,UCSB-CHG/CHIRPS/DAILY,1991-2020,IBGE_2024
4213005,Pinheiro Preto,SC,61.012,7,jul,124.80363009977202,OK,1991,2020,30,CHIRPS_v2,UCSB-CHG/CHIRPS/DAILY,1991-2020,IBGE_2024
4211058,Monte Carlo,SC,191.278,7,jul,123.3727015031519,OK,1991,2020,30,CHIRPS_v2,UCSB-CHG/CHIRPS/DAILY,1991-2020,IBGE_2024
4219309,Videira,SC,384.127,7,jul,122.08643898780404,OK,1991,2020,30,CHIRPS_v2,UCSB-CHG/CHIRPS/DAILY,1991-2020,IBGE_2024
4201604,Arroio Trinta,SC,93.53,7,jul,123.82729185328671,OK,1991,2020,30,CHIRPS_v2,UCSB-CHG/CHIRPS/DAILY,1991-2020,IBGE_2024
4217907,Tangará,SC,390.044,7,jul,126.28725435052058,OK,1991,2020,30,CHIRPS_v2,UCSB-CHG/CHIRPS/DAILY,1991-2020,IBGE_2024
4215406,Salto Veloso,SC,104.974,7,jul,122.6545926721466,OK,1991,2020,30,CHIRPS_v2,UCSB-CHG/CHIRPS/DAILY,1991-2020,IBGE_2024
4207577,Iomerê,SC,113.986,7,jul,123.18972697820959,OK,1991,2020,30,CHIRPS_v2,UCSB-CHG/CHIRPS/DAILY,1991-2020,IBGE_2024
4206751,Ibiam,SC,146.009,7,jul,128.1700328569333,OK,1991,2020,30,CHIRPS_v2,UCSB-CHG/CHIRPS/DAILY,1991-2020,IBGE_2024
4214409,Rio das Antas,SC,314.913,7,jul,120.01903930981673,OK,1991,2020,30,CHIRPS_v2,UCSB-CHG/CHIRPS/DAILY,1991-2020,IBGE_2024
4204509,Corupá,SC,405.761,7,jul,104.73643154752392,OK,1991,2020,30,CHIRPS_v2,UCSB-CHG/CHIRPS/DAILY,1991-2020,IBGE_2024
4201307,Araquari,SC,386.693,7,jul,96.30580895870595,OK,1991,2020,30,CHIRPS_v2,UCSB-CHG/CHIRPS/DAILY,1991-2020,IBGE_2024
4208906,Jaraguá do Sul,SC,530.825,7,jul,106.06123395741535,OK,1991,2020,30,CHIRPS_v2,UCSB-CHG/CHIRPS/DAILY,1991-2020,IBGE_2024
4209102,Joinville,SC,1127.837,7,jul,102.12195549640744,OK,1991,2020,30,CHIRPS_v2,UCSB-CHG/CHIRPS/DAILY,1991-2020,IBGE_2024
4217402,Schroeder,SC,165.237,7,jul,108.67464731816334,OK,1991,2020,30,CHIRPS_v2,UCSB-CHG/CHIRPS/DAILY,1991-2020,IBGE_2024
4206504,Guaramirim,SC,267.514,7,jul,102.60051722121757,OK,1991,2020,30,CHIRPS_v2,UCSB-CHG/CHIRPS/DAILY,1991-2020,IBGE_2024
4202057,Balneário Barra do Sul,SC,108.914,7,jul,93.00788026950681,OK,1991,2020,30,CHIRPS_v2,UCSB-CHG/CHIRPS/DAILY,1991-2020,IBGE_2024
4210605,Massaranduba,SC,374.452,7,jul,99.78754828337671,OK,1991,2020,30,CHIRPS_v2,UCSB-CHG/CHIRPS/DAILY,1991-2020,IBGE_2024
4208450,Itapoá,SC,245.529,7,jul,99.37243426377752,OK,1991,2020,30,CHIRPS_v2,UCSB-CHG/CHIRPS/DAILY,1991-2020,IBGE_2024
4216354,São João do Itaperiú,SC,151.885,7,jul,95.37715544099919,OK,1991,2020,30,CHIRPS_v2,UCSB-CHG/CHIRPS/DAILY,1991-2020,IBGE_2024
4216206,São Francisco do Sul,SC,493.266,7,jul,92.09403447537362,OK,1991,2020,30,CHIRPS_v2,UCSB-CHG/CHIRPS/DAILY,1991-2020,IBGE_2024
4205803,Garuva,SC,508.635,7,jul,98.05165559632317,OK,1991,2020,30,CHIRPS_v2,UCSB-CHG/CHIRPS/DAILY,1991-2020,IBGE_2024
4213609,Porto União,SC,849.014,7,jul,109.832524179696,OK,1991,2020,30,CHIRPS_v2,UCSB-CHG/CHIRPS/DAILY,1991-2020,IBGE_2024
4203808,Canoinhas,SC,1148.036,7,jul,110.01826261523522,OK,1991,2020,30,CHIRPS_v2,UCSB-CHG/CHIRPS/DAILY,1991-2020,IBGE_2024
4212205,Papanduva,SC,764.737,7,jul,109.45871484647263,OK,1991,2020,30,CHIRPS_v2,UCSB-CHG/CHIRPS/DAILY,1991-2020,IBGE_2024
4211108,Monte Castelo,SC,560.743,7,jul,104.58744337855235,OK,1991,2020,30,CHIRPS_v2,UCSB-CHG/CHIRPS/DAILY,1991-2020,IBGE_2024
4210308,Major Vieira,SC,520.816,7,jul,106.1617488502216,OK,1991,2020,30,CHIRPS_v2,UCSB-CHG/CHIRPS/DAILY,1991-2020,IBGE_2024
4202131,Bela Vista do Toldo,SC,535.682,7,jul,106.36795275190335,OK,1991,2020,30,CHIRPS_v2,UCSB-CHG/CHIRPS/DAILY,1991-2020,IBGE_2024
4218301,Três Barras,SC,436.496,7,jul,110.87215930082988,OK,1991,2020,30,CHIRPS_v2,UCSB-CHG/CHIRPS/DAILY,1991-2020,IBGE_2024
4210100,Mafra,SC,1404.084,7,jul,103.6713983910252,OK,1991,2020,30,CHIRPS_v2,UCSB-CHG/CHIRPS/DAILY,1991-2020,IBGE_2024
4207908,Irineópolis,SC,589.698,7,jul,103.16023473459336,OK,1991,2020,30,CHIRPS_v2,UCSB-CHG/CHIRPS/DAILY,1991-2020,IBGE_2024
4208104,Itaiópolis,SC,1297.543,7,jul,107.90454508529164,OK,1991,2020,30,CHIRPS_v2,UCSB-CHG/CHIRPS/DAILY,1991-2020,IBGE_2024
4215802,São Bento do Sul,SC,495.001,7,jul,104.60963752723413,OK,1991,2020,30,CHIRPS_v2,UCSB-CHG/CHIRPS/DAILY,1991-2020,IBGE_2024
4215000,Rio Negrinho,SC,907.42,7,jul,99.88383346711414,OK,1991,2020,30,CHIRPS_v2,UCSB-CHG/CHIRPS/DAILY,1991-2020,IBGE_2024
4203303,Campo Alegre,SC,500.174,7,jul,98.14259861427553,OK,1991,2020,30,CHIRPS_v2,UCSB-CHG/CHIRPS/DAILY,1991-2020,IBGE_2024
4202404,Blumenau,SC,518.635,7,jul,108.77829196850789,OK,1991,2020,30,CHIRPS_v2,UCSB-CHG/CHIRPS/DAILY,1991-2020,IBGE_2024
4207502,Indaial,SC,430.799,7,jul,103.0424521983212,OK,1991,2020,30,CHIRPS_v2,UCSB-CHG/CHIRPS/DAILY,1991-2020,IBGE_2024
4207106,Ilhota,SC,253.024,7,jul,95.38763673591212,OK,1991,2020,30,CHIRPS_v2,UCSB-CHG/CHIRPS/DAILY,1991-2020,IBGE_2024
4205902,Gaspar,SC,386.599,7,jul,109.00209933981988,OK,1991,2020,30,CHIRPS_v2,UCSB-CHG/CHIRPS/DAILY,1991-2020,IBGE_2024
4213203,Pomerode,SC,214.299,7,jul,108.61271167621202,OK,1991,2020,30,CHIRPS_v2,UCSB-CHG/CHIRPS/DAILY,1991-2020,IBGE_2024
4202206,Benedito Novo,SC,388.291,7,jul,103.83345447598884,OK,1991,2020,30,CHIRPS_v2,UCSB-CHG/CHIRPS/DAILY,1991-2020,IBGE_2024
4201703,Ascurra,SC,112.884,7,jul,104.60748491156397,OK,1991,2020,30,CHIRPS_v2,UCSB-CHG/CHIRPS/DAILY,1991-2020,IBGE_2024
4218202,Timbó,SC,128.313,7,jul,107.45352517099055,OK,1991,2020,30,CHIRPS_v2,UCSB-CHG/CHIRPS/DAILY,1991-2020,IBGE_2024
4201257,Apiúna,SC,493.49,7,jul,100.51985927438214,OK,1991,2020,30,CHIRPS_v2,UCSB-CHG/CHIRPS/DAILY,1991-2020,IBGE_2024
4215109,Rodeio,SC,129.001,7,jul,104.38024540089833,OK,1991,2020,30,CHIRPS_v2,UCSB-CHG/CHIRPS/DAILY,1991-2020,IBGE_2024
4214706,Rio dos Cedros,SC,555.473,7,jul,103.32006227592285,OK,1991,2020,30,CHIRPS_v2,UCSB-CHG/CHIRPS/DAILY,1991-2020,IBGE_2024
4205159,Doutor Pedrinho,SC,374.205,7,jul,102.45621049595647,OK,1991,2020,30,CHIRPS_v2,UCSB-CHG/CHIRPS/DAILY,1991-2020,IBGE_2024
4212809,Balneário Piçarras,SC,99.11,7,jul,89.14803106308112,OK,1991,2020,30,CHIRPS_v2,UCSB-CHG/CHIRPS/DAILY,1991-2020,IBGE_2024
4212502,Penha,SC,57.997,7,jul,87.47057006527113,OK,1991,2020,30,CHIRPS_v2,UCSB-CHG/CHIRPS/DAILY,1991-2020,IBGE_2024
4211306,Navegantes,SC,111.377,7,jul,88.81830184804738,OK,1991,2020,30,CHIRPS_v2,UCSB-CHG/CHIRPS/DAILY,1991-2020,IBGE_2024
4203204,Camboriú,SC,210.568,7,jul,79.5413565376779,OK,1991,2020,30,CHIRPS_v2,UCSB-CHG/CHIRPS/DAILY,1991-2020,IBGE_2024
4202107,Barra Velha,SC,138.947,7,jul,91.21227864365878,OK,1991,2020,30,CHIRPS_v2,UCSB-CHG/CHIRPS/DAILY,1991-2020,IBGE_2024
4202008,Balneário Camboriú,SC,45.214,7,jul,75.70364332333791,OK,1991,2020,30,CHIRPS_v2,UCSB-CHG/CHIRPS/DAILY,1991-2020,IBGE_2024
4208203,Itajaí,SC,289.215,7,jul,87.50038322779339,OK,1991,2020,30,CHIRPS_v2,UCSB-CHG/CHIRPS/DAILY,1991-2020,IBGE_2024
4202453,Bombinhas,SC,35.143,7,jul,80.55800373779942,OK,1991,2020,30,CHIRPS_v2,UCSB-CHG/CHIRPS/DAILY,1991-2020,IBGE_2024
4218004,Tijucas,SC,279.262,7,jul,85.07287515968484,OK,1991,2020,30,CHIRPS_v2,UCSB-CHG/CHIRPS/DAILY,1991-2020,IBGE_2024
4210001,Luiz Alves,SC,260.106,7,jul,95.28634623145342,OK,1991,2020,30,CHIRPS_v2,UCSB-CHG/CHIRPS/DAILY,1991-2020,IBGE_2024
4208302,Itapema,SC,58.21,7,jul,76.0571316409236,OK,1991,2020,30,CHIRPS_v2,UCSB-CHG/CHIRPS/DAILY,1991-2020,IBGE_2024
4213500,Porto Belo,SC,93.674,7,jul,79.92530674559836,OK,1991,2020,30,CHIRPS_v2,UCSB-CHG/CHIRPS/DAILY,1991-2020,IBGE_2024
4202701,Botuverá,SC,296.256,7,jul,94.73768612185329,OK,1991,2020,30,CHIRPS_v2,UCSB-CHG/CHIRPS/DAILY,1991-2020,IBGE_2024
4202909,Brusque,SC,284.675,7,jul,93.72782122327239,OK,1991,2020,30,CHIRPS_v2,UCSB-CHG/CHIRPS/DAILY,1991-2020,IBGE_2024
4206306,Guabiruba,SC,172.173,7,jul,97.2391051898734,OK,1991,2020,30,CHIRPS_v2,UCSB-CHG/CHIRPS/DAILY,1991-2020,IBGE_2024
4203709,Canelinha,SC,150.904,7,jul,89.15468164755642,OK,1991,2020,30,CHIRPS_v2,UCSB-CHG/CHIRPS/DAILY,1991-2020,IBGE_2024
4211504,Nova Trento,SC,402.852,7,jul,93.11959467844335,OK,1991,2020,30,CHIRPS_v2,UCSB-CHG/CHIRPS/DAILY,1991-2020,IBGE_2024
4210209,Major Gercino,SC,306.058,7,jul,94.12125857809299,OK,1991,2020,30,CHIRPS_v2,UCSB-CHG/CHIRPS/DAILY,1991-2020,IBGE_2024
4216305,São João Batista,SC,200.765,7,jul,90.66628633343822,OK,1991,2020,30,CHIRPS_v2,UCSB-CHG/CHIRPS/DAILY,1991-2020,IBGE_2024
4210852,Mirim Doce,SC,337.991,7,jul,112.29338658136307,OK,1991,2020,30,CHIRPS_v2,UCSB-CHG/CHIRPS/DAILY,1991-2020,IBGE_2024
4202859,Braço do Trombudo,SC,89.411,7,jul,106.95696963508063,OK,1991,2020,30,CHIRPS_v2,UCSB-CHG/CHIRPS/DAILY,1991-2020,IBGE_2024
4218608,Trombudo Central,SC,109.648,7,jul,103.78693827262482,OK,1991,2020,30,CHIRPS_v2,UCSB-CHG/CHIRPS/DAILY,1991-2020,IBGE_2024
4209904,Lontras,SC,197.586,7,jul,100.0223168451492,OK,1991,2020,30,CHIRPS_v2,UCSB-CHG/CHIRPS/DAILY,1991-2020,IBGE_2024
4201802,Atalanta,SC,94.383,7,jul,104.11026576927105,OK,1991,2020,30,CHIRPS_v2,UCSB-CHG/CHIRPS/DAILY,1991-2020,IBGE_2024
4201901,Aurora,SC,207.045,7,jul,101.5504973669411,OK,1991,2020,30,CHIRPS_v2,UCSB-CHG/CHIRPS/DAILY,1991-2020,IBGE_2024
4217808,Taió,SC,693.847,7,jul,107.89738001069004,OK,1991,2020,30,CHIRPS_v2,UCSB-CHG/CHIRPS/DAILY,1991-2020,IBGE_2024
4209508,Laurentino,SC,79.333,7,jul,101.55115325856262,OK,1991,2020,30,CHIRPS_v2,UCSB-CHG/CHIRPS/DAILY,1991-2020,IBGE_2024
4200200,Agrolândia,SC,206.815,7,jul,106.16832506897612,OK,1991,2020,30,CHIRPS_v2,UCSB-CHG/CHIRPS/DAILY,1991-2020,IBGE_2024
4200309,Agronômica,SC,129.774,7,jul,101.45119858218902,OK,1991,2020,30,CHIRPS_v2,UCSB-CHG/CHIRPS/DAILY,1991-2020,IBGE_2024
4215679,Santa Terezinha,SC,715.551,7,jul,108.96398208654777,OK,1991,2020,30,CHIRPS_v2,UCSB-CHG/CHIRPS/DAILY,1991-2020,IBGE_2024
4215307,Salete,SC,177.887,7,jul,104.01433786627058,OK,1991,2020,30,CHIRPS_v2,UCSB-CHG/CHIRPS/DAILY,1991-2020,IBGE_2024
4214508,Rio do Campo,SC,502.095,7,jul,104.49503293240987,OK,1991,2020,30,CHIRPS_v2,UCSB-CHG/CHIRPS/DAILY,1991-2020,IBGE_2024
4214805,Rio do Sul,SC,260.817,7,jul,99.82284211969784,OK,1991,2020,30,CHIRPS_v2,UCSB-CHG/CHIRPS/DAILY,1991-2020,IBGE_2024
4214607,Rio do Oeste,SC,245.057,7,jul,102.48647670452017,OK,1991,2020,30,CHIRPS_v2,UCSB-CHG/CHIRPS/DAILY,1991-2020,IBGE_2024
4214102,Presidente Nereu,SC,224.748,7,jul,97.42801935133052,OK,1991,2020,30,CHIRPS_v2,UCSB-CHG/CHIRPS/DAILY,1991-2020,IBGE_2024
4213708,Pouso Redondo,SC,356.539,7,jul,107.4670199696548,OK,1991,2020,30,CHIRPS_v2,UCSB-CHG/CHIRPS/DAILY,1991-2020,IBGE_2024
4205100,Dona Emma,SC,178.157,7,jul,105.12309584475337,OK,1991,2020,30,CHIRPS_v2,UCSB-CHG/CHIRPS/DAILY,1991-2020,IBGE_2024
4219358,Vitor Meireles,SC,370.414,7,jul,106.56433313828035,OK,1991,2020,30,CHIRPS_v2,UCSB-CHG/CHIRPS/DAILY,1991-2020,IBGE_2024
4219408,Witmarsum,SC,153.776,7,jul,106.72926782932129,OK,1991,2020,30,CHIRPS_v2,UCSB-CHG/CHIRPS/DAILY,1991-2020,IBGE_2024
4209151,José Boiteux,SC,405.552,7,jul,107.28828644269696,OK,1991,2020,30,CHIRPS_v2,UCSB-CHG/CHIRPS/DAILY,1991-2020,IBGE_2024
4206900,Ibirama,SC,247.102,7,jul,103.16408575000811,OK,1991,2020,30,CHIRPS_v2,UCSB-CHG/CHIRPS/DAILY,1991-2020,IBGE_2024
4214003,Presidente Getúlio,SC,297.16,7,jul,102.83941955003081,OK,1991,2020,30,CHIRPS_v2,UCSB-CHG/CHIRPS/DAILY,1991-2020,IBGE_2024
4204194,Chapadão do Lageado,SC,124.866,7,jul,104.39679198782791,OK,1991,2020,30,CHIRPS_v2,UCSB-CHG/CHIRPS/DAILY,1991-2020,IBGE_2024
4212700,Petrolândia,SC,306.76,7,jul,104.1586019486857,OK,1991,2020,30,CHIRPS_v2,UCSB-CHG/CHIRPS/DAILY,1991-2020,IBGE_2024
4219200,Vidal Ramos,SC,346.932,7,jul,98.58706871182294,OK,1991,2020,30,CHIRPS_v2,UCSB-CHG/CHIRPS/DAILY,1991-2020,IBGE_2024
4209805,Leoberto Leal,SC,293.6,7,jul,100.62717628379531,OK,1991,2020,30,CHIRPS_v2,UCSB-CHG/CHIRPS/DAILY,1991-2020,IBGE_2024
4208500,Ituporanga,SC,336.588,7,jul,101.86350471086907,OK,1991,2020,30,CHIRPS_v2,UCSB-CHG/CHIRPS/DAILY,1991-2020,IBGE_2024
4207403,Imbuia,SC,119.113,7,jul,102.18783150820403,OK,1991,2020,30,CHIRPS_v2,UCSB-CHG/CHIRPS/DAILY,1991-2020,IBGE_2024
4301909,Barra do Ribeiro,RS,729.316,7,jul,145.018630080373,OK,1991,2020,30,CHIRPS_v2,UCSB-CHG/CHIRPS/DAILY,1991-2020,IBGE_2024
4301750,Barão do Triunfo,RS,436.101,7,jul,167.0890923822849,OK,1991,2020,30,CHIRPS_v2,UCSB-CHG/CHIRPS/DAILY,1991-2020,IBGE_2024
4301107,Arroio dos Ratos,RS,425.791,7,jul,156.42229923471461,OK,1991,2020,30,CHIRPS_v2,UCSB-CHG/CHIRPS/DAILY,1991-2020,IBGE_2024
4317608,Santo Antônio da Patrulha,RS,1049.583,7,jul,152.0797776802734,OK,1991,2020,30,CHIRPS_v2,UCSB-CHG/CHIRPS/DAILY,1991-2020,IBGE_2024
4321352,Tavares,RS,610.107,7,jul,140.90710092328575,OK,1991,2020,30,CHIRPS_v2,UCSB-CHG/CHIRPS/DAILY,1991-2020,IBGE_2024
4313656,Palmares do Sul,RS,949.201,7,jul,130.63932709454818,OK,1991,2020,30,CHIRPS_v2,UCSB-CHG/CHIRPS/DAILY,1991-2020,IBGE_2024
4304671,Capivari do Sul,RS,412.889,7,jul,141.87403373108805,OK,1991,2020,30,CHIRPS_v2,UCSB-CHG/CHIRPS/DAILY,1991-2020,IBGE_2024
4304713,Caraá,RS,294.606,7,jul,155.96159877039838,OK,1991,2020,30,CHIRPS_v2,UCSB-CHG/CHIRPS/DAILY,1991-2020,IBGE_2024
4320552,Sertão Santana,RS,252.013,7,jul,157.0207260143561,OK,1991,2020,30,CHIRPS_v2,UCSB-CHG/CHIRPS/DAILY,1991-2020,IBGE_2024
4312500,Mostardas,RS,1977.442,7,jul,133.70577682406054,OK,1991,2020,30,CHIRPS_v2,UCSB-CHG/CHIRPS/DAILY,1991-2020,IBGE_2024
4311981,Mariana Pimentel,RS,338.45,7,jul,154.5233937634578,OK,1991,2020,30,CHIRPS_v2,UCSB-CHG/CHIRPS/DAILY,1991-2020,IBGE_2024
4309209,Gravataí,RS,468.288,7,jul,156.13518293277951,OK,1991,2020,30,CHIRPS_v2,UCSB-CHG/CHIRPS/DAILY,1991-2020,IBGE_2024
4309308,Guaíba,RS,377.664,7,jul,153.35678364699834,OK,1991,2020,30,CHIRPS_v2,UCSB-CHG/CHIRPS/DAILY,1991-2020,IBGE_2024
4300604,Alvorada,RS,71.702,7,jul,149.18166810356453,OK,1991,2020,30,CHIRPS_v2,UCSB-CHG/CHIRPS/DAILY,1991-2020,IBGE_2024
4309050,Glorinha,RS,323.955,7,jul,154.76973267753095,OK,1991,2020,30,CHIRPS_v2,UCSB-CHG/CHIRPS/DAILY,1991-2020,IBGE_2024
4307708,Esteio,RS,27.676,7,jul,161.4357161161477,OK,1991,2020,30,CHIRPS_v2,UCSB-CHG/CHIRPS/DAILY,1991-2020,IBGE_2024
4314902,Porto Alegre,RS,495.977,7,jul,145.3629018574178,OK,1991,2020,30,CHIRPS_v2,UCSB-CHG/CHIRPS/DAILY,1991-2020,IBGE_2024
4323002,Viamão,RS,1496.019,7,jul,143.94709407179084,OK,1991,2020,30,CHIRPS_v2,UCSB-CHG/CHIRPS/DAILY,1991-2020,IBGE_2024
4306767,Eldorado do Sul,RS,509.632,7,jul,157.15524098306204,OK,1991,2020,30,CHIRPS_v2,UCSB-CHG/CHIRPS/DAILY,1991-2020,IBGE_2024
4313375,Nova Santa Rita,RS,217.636,7,jul,163.58261361813433,OK,1991,2020,30,CHIRPS_v2,UCSB-CHG/CHIRPS/DAILY,1991-2020,IBGE_2024
4304606,Canoas,RS,130.774,7,jul,154.50645211656752,OK,1991,2020,30,CHIRPS_v2,UCSB-CHG/CHIRPS/DAILY,1991-2020,IBGE_2024
4320008,Sapucaia do Sul,RS,58.247,7,jul,161.7595704073533,OK,1991,2020,30,CHIRPS_v2,UCSB-CHG/CHIRPS/DAILY,1991-2020,IBGE_2024
4303103,Cachoeirinha,RS,43.76,7,jul,153.76214498235208,OK,1991,2020,30,CHIRPS_v2,UCSB-CHG/CHIRPS/DAILY,1991-2020,IBGE_2024
4302352,Bom Princípio,RS,90.023,7,jul,173.41150473591466,OK,1991,2020,30,CHIRPS_v2,UCSB-CHG/CHIRPS/DAILY,1991-2020,IBGE_2024
4309555,Harmonia,RS,48.547,7,jul,173.01704302283483,OK,1991,2020,30,CHIRPS_v2,UCSB-CHG/CHIRPS/DAILY,1991-2020,IBGE_2024
4316956,Santa Maria do Herval,RS,140.442,7,jul,178.5814133313716,OK,1991,2020,30,CHIRPS_v2,UCSB-CHG/CHIRPS/DAILY,1991-2020,IBGE_2024
4322251,Tupandi,RS,59.406,7,jul,176.1300957340501,OK,1991,2020,30,CHIRPS_v2,UCSB-CHG/CHIRPS/DAILY,1991-2020,IBGE_2024
4311643,Linha Nova,RS,63.46,7,jul,173.05600990663928,OK,1991,2020,30,CHIRPS_v2,UCSB-CHG/CHIRPS/DAILY,1991-2020,IBGE_2024
4319752,São Vendelino,RS,31.899,7,jul,179.29018576772725,OK,1991,2020,30,CHIRPS_v2,UCSB-CHG/CHIRPS/DAILY,1991-2020,IBGE_2024
4318481,São José do Hortêncio,RS,63.705,7,jul,170.3116561726247,OK,1991,2020,30,CHIRPS_v2,UCSB-CHG/CHIRPS/DAILY,1991-2020,IBGE_2024
4318705,São Leopoldo,RS,103.009,7,jul,161.7517996675239,OK,1991,2020,30,CHIRPS_v2,UCSB-CHG/CHIRPS/DAILY,1991-2020,IBGE_2024
4300877,Araricá,RS,35.195,7,jul,160.1002660354288,OK,1991,2020,30,CHIRPS_v2,UCSB-CHG/CHIRPS/DAILY,1991-2020,IBGE_2024
4307609,Estância Velha,RS,51.779,7,jul,164.2228425459366,OK,1991,2020,30,CHIRPS_v2,UCSB-CHG/CHIRPS/DAILY,1991-2020,IBGE_2024
4314803,Portão,RS,159.307,7,jul,164.45322827554205,OK,1991,2020,30,CHIRPS_v2,UCSB-CHG/CHIRPS/DAILY,1991-2020,IBGE_2024
4315149,Presidente Lucena,RS,49.625,7,jul,171.93460156855144,OK,1991,2020,30,CHIRPS_v2,UCSB-CHG/CHIRPS/DAILY,1991-2020,IBGE_2024
4306403,Dois Irmãos,RS,67.509,7,jul,165.03668423140613,OK,1991,2020,30,CHIRPS_v2,UCSB-CHG/CHIRPS/DAILY,1991-2020,IBGE_2024
4313409,Novo Hamburgo,RS,222.548,7,jul,160.1513405185928,OK,1991,2020,30,CHIRPS_v2,UCSB-CHG/CHIRPS/DAILY,1991-2020,IBGE_2024
4304689,Capela de Santana,RS,182.672,7,jul,163.3244163349588,OK,1991,2020,30,CHIRPS_v2,UCSB-CHG/CHIRPS/DAILY,1991-2020,IBGE_2024
4313060,Nova Hartz,RS,62.088,7,jul,165.49847820163734,OK,1991,2020,30,CHIRPS_v2,UCSB-CHG/CHIRPS/DAILY,1991-2020,IBGE_2024
4312476,Morro Reuter,RS,87.032,7,jul,176.1287613953576,OK,1991,2020,30,CHIRPS_v2,UCSB-CHG/CHIRPS/DAILY,1991-2020,IBGE_2024
4311627,Lindolfo Collor,RS,33.348,7,jul,167.59898555401548,OK,1991,2020,30,CHIRPS_v2,UCSB-CHG/CHIRPS/DAILY,1991-2020,IBGE_2024
4319901,Sapiranga,RS,137.759,7,jul,164.10676477147922,OK,1991,2020,30,CHIRPS_v2,UCSB-CHG/CHIRPS/DAILY,1991-2020,IBGE_2024
4303905,Campo Bom,RS,60.562,7,jul,159.77810259363974,OK,1991,2020,30,CHIRPS_v2,UCSB-CHG/CHIRPS/DAILY,1991-2020,IBGE_2024
4319505,São Sebastião do Caí,RS,113.067,7,jul,166.71728753217542,OK,1991,2020,30,CHIRPS_v2,UCSB-CHG/CHIRPS/DAILY,1991-2020,IBGE_2024
4310801,Ivoti,RS,63.092,7,jul,165.78505130942779,OK,1991,2020,30,CHIRPS_v2,UCSB-CHG/CHIRPS/DAILY,1991-2020,IBGE_2024
4310330,Imbé,RS,39.766,7,jul,130.3425872498715,OK,1991,2020,30,CHIRPS_v2,UCSB-CHG/CHIRPS/DAILY,1991-2020,IBGE_2024
4321600,Tramandaí,RS,142.878,7,jul,134.204551152928,OK,1991,2020,30,CHIRPS_v2,UCSB-CHG/CHIRPS/DAILY,1991-2020,IBGE_2024
4313508,Osório,RS,663.878,7,jul,142.2745502254249,OK,1991,2020,30,CHIRPS_v2,UCSB-CHG/CHIRPS/DAILY,1991-2020,IBGE_2024
4301636,Balneário Pinhal,RS,102.387,7,jul,134.7454582874665,OK,1991,2020,30,CHIRPS_v2,UCSB-CHG/CHIRPS/DAILY,1991-2020,IBGE_2024
4323804,Xangri-lá,RS,60.756,7,jul,130.93814684041163,OK,1991,2020,30,CHIRPS_v2,UCSB-CHG/CHIRPS/DAILY,1991-2020,IBGE_2024
4321436,Terra de Areia,RS,142.304,7,jul,140.12362790884032,OK,1991,2020,30,CHIRPS_v2,UCSB-CHG/CHIRPS/DAILY,1991-2020,IBGE_2024
4305454,Cidreira,RS,243.419,7,jul,136.1410088137201,OK,1991,2020,30,CHIRPS_v2,UCSB-CHG/CHIRPS/DAILY,1991-2020,IBGE_2024
4304630,Capão da Canoa,RS,98.383,7,jul,129.9994624705247,OK,1991,2020,30,CHIRPS_v2,UCSB-CHG/CHIRPS/DAILY,1991-2020,IBGE_2024
4311775,Maquiné,RS,613.58,7,jul,156.11149715068166,OK,1991,2020,30,CHIRPS_v2,UCSB-CHG/CHIRPS/DAILY,1991-2020,IBGE_2024
4310652,Itati,RS,205.06,7,jul,161.35284392449125,OK,1991,2020,30,CHIRPS_v2,UCSB-CHG/CHIRPS/DAILY,1991-2020,IBGE_2024
4310108,Igrejinha,RS,138.116,7,jul,166.24425041317232,OK,1991,2020,30,CHIRPS_v2,UCSB-CHG/CHIRPS/DAILY,1991-2020,IBGE_2024
4314050,Parobé,RS,108.56,7,jul,156.94835798447323,OK,1991,2020,30,CHIRPS_v2,UCSB-CHG/CHIRPS/DAILY,1991-2020,IBGE_2024
4321709,Três Coroas,RS,168.124,7,jul,173.04074735500282,OK,1991,2020,30,CHIRPS_v2,UCSB-CHG/CHIRPS/DAILY,1991-2020,IBGE_2024
4321204,Taquara,RS,450.195,7,jul,159.69822527179437,OK,1991,2020,30,CHIRPS_v2,UCSB-CHG/CHIRPS/DAILY,1991-2020,IBGE_2024
4315750,Riozinho,RS,239.09,7,jul,170.27602621308273,OK,1991,2020,30,CHIRPS_v2,UCSB-CHG/CHIRPS/DAILY,1991-2020,IBGE_2024
4316006,Rolante,RS,296.09,7,jul,164.59244282092106,OK,1991,2020,30,CHIRPS_v2,UCSB-CHG/CHIRPS/DAILY,1991-2020,IBGE_2024
4300851,Arambaré,RS,518.193,7,jul,145.915483314967,OK,1991,2020,30,CHIRPS_v2,UCSB-CHG/CHIRPS/DAILY,1991-2020,IBGE_2024
4300638,Amaral Ferrador,RS,506.071,7,jul,160.69458958356913,OK,1991,2020,30,CHIRPS_v2,UCSB-CHG/CHIRPS/DAILY,1991-2020,IBGE_2024
4306056,Cristal,RS,679.743,7,jul,151.23212248814224,OK,1991,2020,30,CHIRPS_v2,UCSB-CHG/CHIRPS/DAILY,1991-2020,IBGE_2024
4306502,Dom Feliciano,RS,1355.195,7,jul,169.53000337236418,OK,1991,2020,30,CHIRPS_v2,UCSB-CHG/CHIRPS/DAILY,1991-2020,IBGE_2024
4305173,Cerro Grande do Sul,RS,324.908,7,jul,160.74066420463592,OK,1991,2020,30,CHIRPS_v2,UCSB-CHG/CHIRPS/DAILY,1991-2020,IBGE_2024
4305447,Chuvisca,RS,220.471,7,jul,161.37315729280027,OK,1991,2020,30,CHIRPS_v2,UCSB-CHG/CHIRPS/DAILY,1991-2020,IBGE_2024
4321105,Tapes,RS,805.452,7,jul,145.38299167391781,OK,1991,2020,30,CHIRPS_v2,UCSB-CHG/CHIRPS/DAILY,1991-2020,IBGE_2024
4320354,Sentinela do Sul,RS,282.13,7,jul,153.59238962907736,OK,1991,2020,30,CHIRPS_v2,UCSB-CHG/CHIRPS/DAILY,1991-2020,IBGE_2024
4303509,Camaquã,RS,1678.991,7,jul,152.61087784234778,OK,1991,2020,30,CHIRPS_v2,UCSB-CHG/CHIRPS/DAILY,1991-2020,IBGE_2024
4302709,Butiá,RS,752.187,7,jul,158.5638189215159,OK,1991,2020,30,CHIRPS_v2,UCSB-CHG/CHIRPS/DAILY,1991-2020,IBGE_2024
4318408,São Jerônimo,RS,935.595,7,jul,165.78717722674193,OK,1991,2020,30,CHIRPS_v2,UCSB-CHG/CHIRPS/DAILY,1991-2020,IBGE_2024
4308805,General Câmara,RS,510.01,7,jul,160.84674529238097,OK,1991,2020,30,CHIRPS_v2,UCSB-CHG/CHIRPS/DAILY,1991-2020,IBGE_2024
4322004,Triunfo,RS,818.221,7,jul,163.1367310679094,OK,1991,2020,30,CHIRPS_v2,UCSB-CHG/CHIRPS/DAILY,1991-2020,IBGE_2024
4305355,Charqueadas,RS,217.362,7,jul,162.72589630467144,OK,1991,2020,30,CHIRPS_v2,UCSB-CHG/CHIRPS/DAILY,1991-2020,IBGE_2024
4312252,Minas do Leão,RS,424.339,7,jul,156.04651084926684,OK,1991,2020,30,CHIRPS_v2,UCSB-CHG/CHIRPS/DAILY,1991-2020,IBGE_2024
4318614,São José do Sul,RS,54.764,7,jul,173.7599292121212,OK,1991,2020,30,CHIRPS_v2,UCSB-CHG/CHIRPS/DAILY,1991-2020,IBGE_2024
4316501,Salvador do Sul,RS,99.026,7,jul,178.97323991204235,OK,1991,2020,30,CHIRPS_v2,UCSB-CHG/CHIRPS/DAILY,1991-2020,IBGE_2024
4314035,Pareci Novo,RS,57.5,7,jul,167.15505971287504,OK,1991,2020,30,CHIRPS_v2,UCSB-CHG/CHIRPS/DAILY,1991-2020,IBGE_2024
4312401,Montenegro,RS,425.159,7,jul,167.61939038396264,OK,1991,2020,30,CHIRPS_v2,UCSB-CHG/CHIRPS/DAILY,1991-2020,IBGE_2024
4311791,Maratá,RS,82.063,7,jul,175.16314092693574,OK,1991,2020,30,CHIRPS_v2,UCSB-CHG/CHIRPS/DAILY,1991-2020,IBGE_2024
4319356,São Pedro da Serra,RS,37.631,7,jul,180.19937517311365,OK,1991,2020,30,CHIRPS_v2,UCSB-CHG/CHIRPS/DAILY,1991-2020,IBGE_2024
4302659,Brochier,RS,105.353,7,jul,177.64264686043936,OK,1991,2020,30,CHIRPS_v2,UCSB-CHG/CHIRPS/DAILY,1991-2020,IBGE_2024
4301057,Arroio do Sal,RS,119.161,7,jul,127.60144494421917,OK,1991,2020,30,CHIRPS_v2,UCSB-CHG/CHIRPS/DAILY,1991-2020,IBGE_2024
4306551,Dom Pedro de Alcântara,RS,78.216,7,jul,127.91423064414369,OK,1991,2020,30,CHIRPS_v2,UCSB-CHG/CHIRPS/DAILY,1991-2020,IBGE_2024
4321501,Torres,RS,161.63,7,jul,123.13855942934825,OK,1991,2020,30,CHIRPS_v2,UCSB-CHG/CHIRPS/DAILY,1991-2020,IBGE_2024
4321832,Três Forquilhas,RS,217.386,7,jul,148.23015804845718,OK,1991,2020,30,CHIRPS_v2,UCSB-CHG/CHIRPS/DAILY,1991-2020,IBGE_2024
4321667,Três Cachoeiras,RS,251.483,7,jul,134.47243422191062,OK,1991,2020,30,CHIRPS_v2,UCSB-CHG/CHIRPS/DAILY,1991-2020,IBGE_2024
4312443,Morrinhos do Sul,RS,166.224,7,jul,138.78762487792238,OK,1991,2020,30,CHIRPS_v2,UCSB-CHG/CHIRPS/DAILY,1991-2020,IBGE_2024
4311734,Mampituba,RS,156.653,7,jul,139.61428069880387,OK,1991,2020,30,CHIRPS_v2,UCSB-CHG/CHIRPS/DAILY,1991-2020,IBGE_2024
4301073,Arroio do Padre,RS,124.693,7,jul,148.7399082026879,OK,1991,2020,30,CHIRPS_v2,UCSB-CHG/CHIRPS/DAILY,1991-2020,IBGE_2024
4315602,Rio Grande,RS,2682.85,7,jul,119.92074274557332,OK,1991,2020,30,CHIRPS_v2,UCSB-CHG/CHIRPS/DAILY,1991-2020,IBGE_2024
4314407,Pelotas,RS,1608.78,7,jul,140.25220560753908,OK,1991,2020,30,CHIRPS_v2,UCSB-CHG/CHIRPS/DAILY,1991-2020,IBGE_2024
4304663,Capão do Leão,RS,783.197,7,jul,132.35306741762741,OK,1991,2020,30,CHIRPS_v2,UCSB-CHG/CHIRPS/DAILY,1991-2020,IBGE_2024
4311007,Jaguarão,RS,2051.845,7,jul,109.07495629627586,OK,1991,2020,30,CHIRPS_v2,UCSB-CHG/CHIRPS/DAILY,1991-2020,IBGE_2024
4318507,São José do Norte,RS,1072.338,7,jul,128.39606147399348,OK,1991,2020,30,CHIRPS_v2,UCSB-CHG/CHIRPS/DAILY,1991-2020,IBGE_2024
4317301,Santa Vitória do Palmar,RS,5206.977,7,jul,105.60795639008984,OK,1991,2020,30,CHIRPS_v2,UCSB-CHG/CHIRPS/DAILY,1991-2020,IBGE_2024
4301305,Arroio Grande,RS,2508.557,7,jul,122.0836379535203,OK,1991,2020,30,CHIRPS_v2,UCSB-CHG/CHIRPS/DAILY,1991-2020,IBGE_2024
4307104,Herval,RS,1759.717,7,jul,125.68183425136684,OK,1991,2020,30,CHIRPS_v2,UCSB-CHG/CHIRPS/DAILY,1991-2020,IBGE_2024
4314209,Pedro Osório,RS,603.757,7,jul,133.00737254751212,OK,1991,2020,30,CHIRPS_v2,UCSB-CHG/CHIRPS/DAILY,1991-2020,IBGE_2024
4314605,Piratini,RS,3539.343,7,jul,141.78542969849624,OK,1991,2020,30,CHIRPS_v2,UCSB-CHG/CHIRPS/DAILY,1991-2020,IBGE_2024
4322327,Turuçu,RS,253.635,7,jul,140.55373464928883,OK,1991,2020,30,CHIRPS_v2,UCSB-CHG/CHIRPS/DAILY,1991-2020,IBGE_2024
4305124,Cerrito,RS,451.699,7,jul,137.43493848619312,OK,1991,2020,30,CHIRPS_v2,UCSB-CHG/CHIRPS/DAILY,1991-2020,IBGE_2024
4305439,Chuí,RS,202.387,7,jul,108.43012668388667,OK,1991,2020,30,CHIRPS_v2,UCSB-CHG/CHIRPS/DAILY,1991-2020,IBGE_2024
4304507,Canguçu,RS,3527.541,7,jul,151.67770934424905,OK,1991,2020,30,CHIRPS_v2,UCSB-CHG/CHIRPS/DAILY,1991-2020,IBGE_2024
4312450,Morro Redondo,RS,244.644,7,jul,144.57634668863355,OK,1991,2020,30,CHIRPS_v2,UCSB-CHG/CHIRPS/DAILY,1991-2020,IBGE_2024
4318804,São Lourenço do Sul,RS,2039.434,7,jul,149.5224871219962,OK,1991,2020,30,CHIRPS_v2,UCSB-CHG/CHIRPS/DAILY,1991-2020,IBGE_2024
4301602,Bagé,RS,4091.554,7,jul,133.83595406290564,OK,1991,2020,30,CHIRPS_v2,UCSB-CHG/CHIRPS/DAILY,1991-2020,IBGE_2024
4309654,Hulha Negra,RS,822.608,7,jul,129.0629462676248,OK,1991,2020,30,CHIRPS_v2,UCSB-CHG/CHIRPS/DAILY,1991-2020,IBGE_2024
4300034,Aceguá,RS,1551.339,7,jul,112.01161393781499,OK,1991,2020,30,CHIRPS_v2,UCSB-CHG/CHIRPS/DAILY,1991-2020,IBGE_2024
4304358,Candiota,RS,933.628,7,jul,125.71173592731091,OK,1991,2020,30,CHIRPS_v2,UCSB-CHG/CHIRPS/DAILY,1991-2020,IBGE_2024
4306601,Dom Pedrito,RS,5194.051,7,jul,122.92267521568364,OK,1991,2020,30,CHIRPS_v2,UCSB-CHG/CHIRPS/DAILY,1991-2020,IBGE_2024
4314506,Pinheiro Machado,RS,2249.324,7,jul,139.30672824004844,OK,1991,2020,30,CHIRPS_v2,UCSB-CHG/CHIRPS/DAILY,1991-2020,IBGE_2024
4314175,Pedras Altas,RS,1373.985,7,jul,119.4033768104371,OK,1991,2020,30,CHIRPS_v2,UCSB-CHG/CHIRPS/DAILY,1991-2020,IBGE_2024
4310538,Itaara,RS,172.801,7,jul,161.3988000236641,OK,1991,2020,30,CHIRPS_v2,UCSB-CHG/CHIRPS/DAILY,1991-2020,IBGE_2024
4316907,Santa Maria,RS,1780.194,7,jul,149.2145709962371,OK,1991,2020,30,CHIRPS_v2,UCSB-CHG/CHIRPS/DAILY,1991-2020,IBGE_2024
4311106,Jaguari,RS,675.108,7,jul,135.95190711970588,OK,1991,2020,30,CHIRPS_v2,UCSB-CHG/CHIRPS/DAILY,1991-2020,IBGE_2024
4302907,Cacequi,RS,2373.513,7,jul,124.35121796592156,OK,1991,2020,30,CHIRPS_v2,UCSB-CHG/CHIRPS/DAILY,1991-2020,IBGE_2024
4319125,São Martinho da Serra,RS,669.547,7,jul,158.3988615658745,OK,1991,2020,30,CHIRPS_v2,UCSB-CHG/CHIRPS/DAILY,1991-2020,IBGE_2024
4318432,São João do Polêsine,RS,78.32,7,jul,161.01304822146125,OK,1991,2020,30,CHIRPS_v2,UCSB-CHG/CHIRPS/DAILY,1991-2020,IBGE_2024
4300109,Agudo,RS,534.624,7,jul,158.82059090728995,OK,1991,2020,30,CHIRPS_v2,UCSB-CHG/CHIRPS/DAILY,1991-2020,IBGE_2024
4308409,Formigueiro,RS,578.875,7,jul,147.82503960524832,OK,1991,2020,30,CHIRPS_v2,UCSB-CHG/CHIRPS/DAILY,1991-2020,IBGE_2024
4308003,Faxinal do Soturno,RS,169.514,7,jul,160.94178752229783,OK,1991,2020,30,CHIRPS_v2,UCSB-CHG/CHIRPS/DAILY,1991-2020,IBGE_2024
4315321,Quevedos,RS,543.359,7,jul,152.48396852307457,OK,1991,2020,30,CHIRPS_v2,UCSB-CHG/CHIRPS/DAILY,1991-2020,IBGE_2024
4315503,Restinga Sêca,RS,968.62,7,jul,150.66275164678868,OK,1991,2020,30,CHIRPS_v2,UCSB-CHG/CHIRPS/DAILY,1991-2020,IBGE_2024
4306700,Dona Francisca,RS,114.149,7,jul,160.7396632380014,OK,1991,2020,30,CHIRPS_v2,UCSB-CHG/CHIRPS/DAILY,1991-2020,IBGE_2024
4306379,Dilermando de Aguiar,RS,600.518,7,jul,140.81756888960481,OK,1991,2020,30,CHIRPS_v2,UCSB-CHG/CHIRPS/DAILY,1991-2020,IBGE_2024
4314472,Pinhal Grande,RS,478.11,7,jul,162.8979783357041,OK,1991,2020,30,CHIRPS_v2,UCSB-CHG/CHIRPS/DAILY,1991-2020,IBGE_2024
4321493,Toropi,RS,198.316,7,jul,149.82846562324028,OK,1991,2020,30,CHIRPS_v2,UCSB-CHG/CHIRPS/DAILY,1991-2020,IBGE_2024
4313102,Nova Palma,RS,314.613,7,jul,160.63866910394262,OK,1991,2020,30,CHIRPS_v2,UCSB-CHG/CHIRPS/DAILY,1991-2020,IBGE_2024
4320651,Silveira Martins,RS,119.285,7,jul,162.67383036246028,OK,1991,2020,30,CHIRPS_v2,UCSB-CHG/CHIRPS/DAILY,1991-2020,IBGE_2024
4312104,Mata,RS,316.121,7,jul,141.0171126521819,OK,1991,2020,30,CHIRPS_v2,UCSB-CHG/CHIRPS/DAILY,1991-2020,IBGE_2024
4311130,Jari,RS,853.08,7,jul,149.70449791244855,OK,1991,2020,30,CHIRPS_v2,UCSB-CHG/CHIRPS/DAILY,1991-2020,IBGE_2024
4319406,São Pedro do Sul,RS,873.394,7,jul,144.66750326822344,OK,1991,2020,30,CHIRPS_v2,UCSB-CHG/CHIRPS/DAILY,1991-2020,IBGE_2024
4311205,Júlio de Castilhos,RS,1929.544,7,jul,158.3541255280916,OK,1991,2020,30,CHIRPS_v2,UCSB-CHG/CHIRPS/DAILY,1991-2020,IBGE_2024
4319802,São Vicente do Sul,RS,1174.225,7,jul,126.8540201887431,OK,1991,2020,30,CHIRPS_v2,UCSB-CHG/CHIRPS/DAILY,1991-2020,IBGE_2024
4319604,São Sepé,RS,2204.779,7,jul,147.26835875312787,OK,1991,2020,30,CHIRPS_v2,UCSB-CHG/CHIRPS/DAILY,1991-2020,IBGE_2024
4310751,Ivorá,RS,122.93,7,jul,162.55768744131237,OK,1991,2020,30,CHIRPS_v2,UCSB-CHG/CHIRPS/DAILY,1991-2020,IBGE_2024
4302808,Caçapava do Sul,RS,3046.787,7,jul,152.3950167861812,OK,1991,2020,30,CHIRPS_v2,UCSB-CHG/CHIRPS/DAILY,1991-2020,IBGE_2024
4318309,São Gabriel,RS,5053.459,7,jul,134.81906871044112,OK,1991,2020,30,CHIRPS_v2,UCSB-CHG/CHIRPS/DAILY,1991-2020,IBGE_2024
4316972,Santa Margarida do Sul,RS,955.299,7,jul,140.19282043740608,OK,1991,2020,30,CHIRPS_v2,UCSB-CHG/CHIRPS/DAILY,1991-2020,IBGE_2024
4317004,Santana da Boa Vista,RS,1418.758,7,jul,148.84754736538005,OK,1991,2020,30,CHIRPS_v2,UCSB-CHG/CHIRPS/DAILY,1991-2020,IBGE_2024
4323457,Vila Nova do Sul,RS,508.278,7,jul,149.72682272788109,OK,1991,2020,30,CHIRPS_v2,UCSB-CHG/CHIRPS/DAILY,1991-2020,IBGE_2024
4311502,Lavras do Sul,RS,2600.991,7,jul,146.90750318008858,OK,1991,2020,30,CHIRPS_v2,UCSB-CHG/CHIRPS/DAILY,1991-2020,IBGE_2024
4314027,Paraíso do Sul,RS,337.534,7,jul,158.3721101595933,OK,1991,2020,30,CHIRPS_v2,UCSB-CHG/CHIRPS/DAILY,1991-2020,IBGE_2024
4305132,Cerro Branco,RS,158.025,7,jul,164.93137749782775,OK,1991,2020,30,CHIRPS_v2,UCSB-CHG/CHIRPS/DAILY,1991-2020,IBGE_2024
4313391,Novo Cabrais,RS,192.998,7,jul,154.8831326918921,OK,1991,2020,30,CHIRPS_v2,UCSB-CHG/CHIRPS/DAILY,1991-2020,IBGE_2024
4303004,Cachoeira do Sul,RS,3736.064,7,jul,149.93244638822907,OK,1991,2020,30,CHIRPS_v2,UCSB-CHG/CHIRPS/DAILY,1991-2020,IBGE_2024
4317400,Santiago,RS,2413.419,7,jul,137.62358486945405,OK,1991,2020,30,CHIRPS_v2,UCSB-CHG/CHIRPS/DAILY,1991-2020,IBGE_2024
4322376,Unistalda,RS,602.26,7,jul,126.41781273093305,OK,1991,2020,30,CHIRPS_v2,UCSB-CHG/CHIRPS/DAILY,1991-2020,IBGE_2024
4304655,Capão do Cipó,RS,1007.796,7,jul,136.94871601170573,OK,1991,2020,30,CHIRPS_v2,UCSB-CHG/CHIRPS/DAILY,1991-2020,IBGE_2024
4313037,Nova Esperança do Sul,RS,191.772,7,jul,140.07114303501248,OK,1991,2020,30,CHIRPS_v2,UCSB-CHG/CHIRPS/DAILY,1991-2020,IBGE_2024
4300406,Alegrete,RS,7800.552,7,jul,102.62317417818049,OK,1991,2020,30,CHIRPS_v2,UCSB-CHG/CHIRPS/DAILY,1991-2020,IBGE_2024
4311759,Manoel Viana,RS,1365.086,7,jul,108.95617840211095,OK,1991,2020,30,CHIRPS_v2,UCSB-CHG/CHIRPS/DAILY,1991-2020,IBGE_2024
4317103,Sant'Ana do Livramento,RS,6946.407,7,jul,112.29337460601984,OK,1991,2020,30,CHIRPS_v2,UCSB-CHG/CHIRPS/DAILY,1991-2020,IBGE_2024
4316402,Rosário do Sul,RS,4343.651,7,jul,118.82224282701725,OK,1991,2020,30,CHIRPS_v2,UCSB-CHG/CHIRPS/DAILY,1991-2020,IBGE_2024
4315305,Quaraí,RS,3139.995,7,jul,99.13898622348691,OK,1991,2020,30,CHIRPS_v2,UCSB-CHG/CHIRPS/DAILY,1991-2020,IBGE_2024
4310207,Ijuí,RS,688.982,7,jul,138.73031790386196,OK,1991,2020,30,CHIRPS_v2,UCSB-CHG/CHIRPS/DAILY,1991-2020,IBGE_2024
4310413,Inhacorá,RS,113.703,7,jul,134.8740008048855,OK,1991,2020,30,CHIRPS_v2,UCSB-CHG/CHIRPS/DAILY,1991-2020,IBGE_2024
4317806,Santo Augusto,RS,467.775,7,jul,130.1080678359198,OK,1991,2020,30,CHIRPS_v2,UCSB-CHG/CHIRPS/DAILY,1991-2020,IBGE_2024
4301503,Augusto Pestana,RS,348.219,7,jul,147.39103357954852,OK,1991,2020,30,CHIRPS_v2,UCSB-CHG/CHIRPS/DAILY,1991-2020,IBGE_2024
4300208,Ajuricaba,RS,322.674,7,jul,134.044968430385,OK,1991,2020,30,CHIRPS_v2,UCSB-CHG/CHIRPS/DAILY,1991-2020,IBGE_2024
4314308,Pejuçara,RS,414.106,7,jul,136.98880115526802,OK,1991,2020,30,CHIRPS_v2,UCSB-CHG/CHIRPS/DAILY,1991-2020,IBGE_2024
4313904,Panambi,RS,491.57,7,jul,139.86074104922204,OK,1991,2020,30,CHIRPS_v2,UCSB-CHG/CHIRPS/DAILY,1991-2020,IBGE_2024
4305702,Condor,RS,463.568,7,jul,136.11199684897616,OK,1991,2020,30,CHIRPS_v2,UCSB-CHG/CHIRPS/DAILY,1991-2020,IBGE_2024
4305900,Coronel Bicaco,RS,492.303,7,jul,130.97452990628966,OK,1991,2020,30,CHIRPS_v2,UCSB-CHG/CHIRPS/DAILY,1991-2020,IBGE_2024
4305871,Coronel Barros,RS,163.716,7,jul,144.1435105831686,OK,1991,2020,30,CHIRPS_v2,UCSB-CHG/CHIRPS/DAILY,1991-2020,IBGE_2024
4313334,Nova Ramada,RS,255.264,7,jul,130.16534784434018,OK,1991,2020,30,CHIRPS_v2,UCSB-CHG/CHIRPS/DAILY,1991-2020,IBGE_2024
4305009,Catuípe,RS,583.18,7,jul,136.46928757555045,OK,1991,2020,30,CHIRPS_v2,UCSB-CHG/CHIRPS/DAILY,1991-2020,IBGE_2024
4305405,Chiapetta,RS,397.179,7,jul,132.4594876661207,OK,1991,2020,30,CHIRPS_v2,UCSB-CHG/CHIRPS/DAILY,1991-2020,IBGE_2024
4311155,Jóia,RS,1238.709,7,jul,145.9048801157496,OK,1991,2020,30,CHIRPS_v2,UCSB-CHG/CHIRPS/DAILY,1991-2020,IBGE_2024
4319737,São Valério do Sul,RS,107.402,7,jul,132.81094751608723,OK,1991,2020,30,CHIRPS_v2,UCSB-CHG/CHIRPS/DAILY,1991-2020,IBGE_2024
4302584,Bozano,RS,200.497,7,jul,137.11234026276452,OK,1991,2020,30,CHIRPS_v2,UCSB-CHG/CHIRPS/DAILY,1991-2020,IBGE_2024
4317905,Santo Cristo,RS,367.069,7,jul,121.98336997523813,OK,1991,2020,30,CHIRPS_v2,UCSB-CHG/CHIRPS/DAILY,1991-2020,IBGE_2024
4317202,Santa Rosa,RS,489.303,7,jul,130.35305668334078,OK,1991,2020,30,CHIRPS_v2,UCSB-CHG/CHIRPS/DAILY,1991-2020,IBGE_2024
4300307,Alecrim,RS,316.394,7,jul,113.19376686940194,OK,1991,2020,30,CHIRPS_v2,UCSB-CHG/CHIRPS/DAILY,1991-2020,IBGE_2024
4315008,Porto Lucena,RS,250.809,7,jul,117.9873089912019,OK,1991,2020,30,CHIRPS_v2,UCSB-CHG/CHIRPS/DAILY,1991-2020,IBGE_2024
4315073,Porto Vera Cruz,RS,114.349,7,jul,114.47405803246637,OK,1991,2020,30,CHIRPS_v2,UCSB-CHG/CHIRPS/DAILY,1991-2020,IBGE_2024
4315057,Porto Mauá,RS,105.811,7,jul,114.04046368430977,OK,1991,2020,30,CHIRPS_v2,UCSB-CHG/CHIRPS/DAILY,1991-2020,IBGE_2024
4322103,Tucunduva,RS,181.198,7,jul,122.87463624674567,OK,1991,2020,30,CHIRPS_v2,UCSB-CHG/CHIRPS/DAILY,1991-2020,IBGE_2024
4322301,Tuparendi,RS,307.71,7,jul,122.73629416738018,OK,1991,2020,30,CHIRPS_v2,UCSB-CHG/CHIRPS/DAILY,1991-2020,IBGE_2024
4313425,Novo Machado,RS,218.836,7,jul,116.70230519743215,OK,1991,2020,30,CHIRPS_v2,UCSB-CHG/CHIRPS/DAILY,1991-2020,IBGE_2024
4304309,Cândido Godói,RS,247.196,7,jul,127.97817719067541,OK,1991,2020,30,CHIRPS_v2,UCSB-CHG/CHIRPS/DAILY,1991-2020,IBGE_2024
4320321,Senador Salgado Filho,RS,147.086,7,jul,133.33341364047175,OK,1991,2020,30,CHIRPS_v2,UCSB-CHG/CHIRPS/DAILY,1991-2020,IBGE_2024
4303707,Campina das Missões,RS,224.792,7,jul,125.85732806715325,OK,1991,2020,30,CHIRPS_v2,UCSB-CHG/CHIRPS/DAILY,1991-2020,IBGE_2024
4319158,São Miguel das Missões,RS,1228.91,7,jul,135.13373028404405,OK,1991,2020,30,CHIRPS_v2,UCSB-CHG/CHIRPS/DAILY,1991-2020,IBGE_2024
4317509,Santo Ângelo,RS,678.501,7,jul,139.08851713292873,OK,1991,2020,30,CHIRPS_v2,UCSB-CHG/CHIRPS/DAILY,1991-2020,IBGE_2024
4309506,Guarani das Missões,RS,289.515,7,jul,138.28853655078407,OK,1991,2020,30,CHIRPS_v2,UCSB-CHG/CHIRPS/DAILY,1991-2020,IBGE_2024
4309001,Giruá,RS,855.56,7,jul,135.25915631408222,OK,1991,2020,30,CHIRPS_v2,UCSB-CHG/CHIRPS/DAILY,1991-2020,IBGE_2024
4307831,Eugênio de Castro,RS,417.821,7,jul,142.9282789016528,OK,1991,2020,30,CHIRPS_v2,UCSB-CHG/CHIRPS/DAILY,1991-2020,IBGE_2024
4323754,Vitória das Missões,RS,258.454,7,jul,138.61043774981357,OK,1991,2020,30,CHIRPS_v2,UCSB-CHG/CHIRPS/DAILY,1991-2020,IBGE_2024
4306932,Entre-Ijuís,RS,553.915,7,jul,140.44874886778,OK,1991,2020,30,CHIRPS_v2,UCSB-CHG/CHIRPS/DAILY,1991-2020,IBGE_2024
4320578,Sete de Setembro,RS,131.66,7,jul,138.8255882091265,OK,1991,2020,30,CHIRPS_v2,UCSB-CHG/CHIRPS/DAILY,1991-2020,IBGE_2024
4319109,São Martinho,RS,171.245,7,jul,130.46359695649681,OK,1991,2020,30,CHIRPS_v2,UCSB-CHG/CHIRPS/DAILY,1991-2020,IBGE_2024
4302378,Bom Progresso,RS,89.206,7,jul,130.70933636945264,OK,1991,2020,30,CHIRPS_v2,UCSB-CHG/CHIRPS/DAILY,1991-2020,IBGE_2024
4309704,Humaitá,RS,135.01,7,jul,129.37547775765734,OK,1991,2020,30,CHIRPS_v2,UCSB-CHG/CHIRPS/DAILY,1991-2020,IBGE_2024
4301859,Barra do Guarita,RS,62.801,7,jul,139.23785972354062,OK,1991,2020,30,CHIRPS_v2,UCSB-CHG/CHIRPS/DAILY,1991-2020,IBGE_2024
4315404,Redentora,RS,303.705,7,jul,133.8684159091061,OK,1991,2020,30,CHIRPS_v2,UCSB-CHG/CHIRPS/DAILY,1991-2020,IBGE_2024
4307450,Esperança do Sul,RS,148.909,7,jul,128.3342912428932,OK,1991,2020,30,CHIRPS_v2,UCSB-CHG/CHIRPS/DAILY,1991-2020,IBGE_2024
4323705,Vista Gaúcha,RS,90.022,7,jul,136.4345820751333,OK,1991,2020,30,CHIRPS_v2,UCSB-CHG/CHIRPS/DAILY,1991-2020,IBGE_2024
4306007,Crissiumal,RS,362.032,7,jul,125.90793254704731,OK,1991,2020,30,CHIRPS_v2,UCSB-CHG/CHIRPS/DAILY,1991-2020,IBGE_2024
4306320,Derrubadas,RS,360.851,7,jul,135.71800229747197,OK,1991,2020,30,CHIRPS_v2,UCSB-CHG/CHIRPS/DAILY,1991-2020,IBGE_2024
4321907,Três Passos,RS,268.902,7,jul,129.35211988316277,OK,1991,2020,30,CHIRPS_v2,UCSB-CHG/CHIRPS/DAILY,1991-2020,IBGE_2024
4321402,Tenente Portela,RS,337.495,7,jul,134.42084888749542,OK,1991,2020,30,CHIRPS_v2,UCSB-CHG/CHIRPS/DAILY,1991-2020,IBGE_2024
4321477,Tiradentes do Sul,RS,236.653,7,jul,125.40502299206989,OK,1991,2020,30,CHIRPS_v2,UCSB-CHG/CHIRPS/DAILY,1991-2020,IBGE_2024
4312302,Miraguaí,RS,131.236,7,jul,133.56691714624813,OK,1991,2020,30,CHIRPS_v2,UCSB-CHG/CHIRPS/DAILY,1991-2020,IBGE_2024
4304002,Campo Novo,RS,220.719,7,jul,130.44265041575233,OK,1991,2020,30,CHIRPS_v2,UCSB-CHG/CHIRPS/DAILY,1991-2020,IBGE_2024
4320230,Sede Nova,RS,119.312,7,jul,129.19009199249084,OK,1991,2020,30,CHIRPS_v2,UCSB-CHG/CHIRPS/DAILY,1991-2020,IBGE_2024
4302600,Braga,RS,132.044,7,jul,132.34624515448388,OK,1991,2020,30,CHIRPS_v2,UCSB-CHG/CHIRPS/DAILY,1991-2020,IBGE_2024
4302501,Bossoroca,RS,1610.056,7,jul,136.63738093660731,OK,1991,2020,30,CHIRPS_v2,UCSB-CHG/CHIRPS/DAILY,1991-2020,IBGE_2024
4319208,São Nicolau,RS,497.446,7,jul,125.16721996429249,OK,1991,2020,30,CHIRPS_v2,UCSB-CHG/CHIRPS/DAILY,1991-2020,IBGE_2024
4315958,Rolador,RS,295.201,7,jul,143.41921118559478,OK,1991,2020,30,CHIRPS_v2,UCSB-CHG/CHIRPS/DAILY,1991-2020,IBGE_2024
4314555,Pirapó,RS,281.794,7,jul,115.31261401710529,OK,1991,2020,30,CHIRPS_v2,UCSB-CHG/CHIRPS/DAILY,1991-2020,IBGE_2024
4306353,Dezesseis de Novembro,RS,216.341,7,jul,137.42061236077132,OK,1991,2020,30,CHIRPS_v2,UCSB-CHG/CHIRPS/DAILY,1991-2020,IBGE_2024
4303301,Caibaté,RS,261.28,7,jul,140.32667523439875,OK,1991,2020,30,CHIRPS_v2,UCSB-CHG/CHIRPS/DAILY,1991-2020,IBGE_2024
4318903,São Luiz Gonzaga,RS,1296.773,7,jul,144.66366686844395,OK,1991,2020,30,CHIRPS_v2,UCSB-CHG/CHIRPS/DAILY,1991-2020,IBGE_2024
4318499,São José do Inhacorá,RS,77.743,7,jul,131.3995784149182,OK,1991,2020,30,CHIRPS_v2,UCSB-CHG/CHIRPS/DAILY,1991-2020,IBGE_2024
4310405,Independência,RS,358.397,7,jul,133.48081281769018,OK,1991,2020,30,CHIRPS_v2,UCSB-CHG/CHIRPS/DAILY,1991-2020,IBGE_2024
4302204,Boa Vista do Buricá,RS,109.498,7,jul,129.64780170531967,OK,1991,2020,30,CHIRPS_v2,UCSB-CHG/CHIRPS/DAILY,1991-2020,IBGE_2024
4309605,Horizontina,RS,229.798,7,jul,122.61596830468388,OK,1991,2020,30,CHIRPS_v2,UCSB-CHG/CHIRPS/DAILY,1991-2020,IBGE_2024
4300455,Alegria,RS,172.686,7,jul,132.9097275329,OK,1991,2020,30,CHIRPS_v2,UCSB-CHG/CHIRPS/DAILY,1991-2020,IBGE_2024
4306734,Doutor Maurício Cardoso,RS,255.799,7,jul,120.94318287278779,OK,1991,2020,30,CHIRPS_v2,UCSB-CHG/CHIRPS/DAILY,1991-2020,IBGE_2024
4321808,Três de Maio,RS,421.604,7,jul,131.0212706941037,OK,1991,2020,30,CHIRPS_v2,UCSB-CHG/CHIRPS/DAILY,1991-2020,IBGE_2024
4313011,Nova Candelária,RS,97.5,7,jul,127.75567533088648,OK,1991,2020,30,CHIRPS_v2,UCSB-CHG/CHIRPS/DAILY,1991-2020,IBGE_2024
4316477,Salvador das Missões,RS,95.952,7,jul,134.36552787973613,OK,1991,2020,30,CHIRPS_v2,UCSB-CHG/CHIRPS/DAILY,1991-2020,IBGE_2024
4316303,Roque Gonzales,RS,349.084,7,jul,122.64480140879661,OK,1991,2020,30,CHIRPS_v2,UCSB-CHG/CHIRPS/DAILY,1991-2020,IBGE_2024
4315107,Porto Xavier,RS,281.497,7,jul,115.76020460373107,OK,1991,2020,30,CHIRPS_v2,UCSB-CHG/CHIRPS/DAILY,1991-2020,IBGE_2024
4322343,Ubiretama,RS,125.95,7,jul,133.39837176246277,OK,1991,2020,30,CHIRPS_v2,UCSB-CHG/CHIRPS/DAILY,1991-2020,IBGE_2024
4305207,Cerro Largo,RS,176.742,7,jul,136.39731687753218,OK,1991,2020,30,CHIRPS_v2,UCSB-CHG/CHIRPS/DAILY,1991-2020,IBGE_2024
4312179,Mato Queimado,RS,114.653,7,jul,139.89612350217226,OK,1991,2020,30,CHIRPS_v2,UCSB-CHG/CHIRPS/DAILY,1991-2020,IBGE_2024
4319307,São Paulo das Missões,RS,222.504,7,jul,123.03026153635027,OK,1991,2020,30,CHIRPS_v2,UCSB-CHG/CHIRPS/DAILY,1991-2020,IBGE_2024
4319372,São Pedro do Butiá,RS,107.394,7,jul,135.7840512646359,OK,1991,2020,30,CHIRPS_v2,UCSB-CHG/CHIRPS/DAILY,1991-2020,IBGE_2024
4314100,Passo Fundo,RS,784.406,7,jul,161.61330596804402,OK,1991,2020,30,CHIRPS_v2,UCSB-CHG/CHIRPS/DAILY,1991-2020,IBGE_2024
4300554,Alto Alegre,RS,115.335,7,jul,171.3820174970266,OK,1991,2020,30,CHIRPS_v2,UCSB-CHG/CHIRPS/DAILY,1991-2020,IBGE_2024
4316105,Ronda Alta,RS,418.675,7,jul,145.18705050322927,OK,1991,2020,30,CHIRPS_v2,UCSB-CHG/CHIRPS/DAILY,1991-2020,IBGE_2024
4307054,Ernestina,RS,238.558,7,jul,161.72845921989008,OK,1991,2020,30,CHIRPS_v2,UCSB-CHG/CHIRPS/DAILY,1991-2020,IBGE_2024
4307500,Espumoso,RS,783.642,7,jul,174.00492661586705,OK,1991,2020,30,CHIRPS_v2,UCSB-CHG/CHIRPS/DAILY,1991-2020,IBGE_2024
4314779,Pontão,RS,502.709,7,jul,143.83499360579586,OK,1991,2020,30,CHIRPS_v2,UCSB-CHG/CHIRPS/DAILY,1991-2020,IBGE_2024
4323200,Victor Graeff,RS,238.133,7,jul,165.18354943140753,OK,1991,2020,30,CHIRPS_v2,UCSB-CHG/CHIRPS/DAILY,1991-2020,IBGE_2024
4305975,Coxilha,RS,422.101,7,jul,156.36177466206453,OK,1991,2020,30,CHIRPS_v2,UCSB-CHG/CHIRPS/DAILY,1991-2020,IBGE_2024
4321469,Tio Hugo,RS,113.944,7,jul,168.10599686733536,OK,1991,2020,30,CHIRPS_v2,UCSB-CHG/CHIRPS/DAILY,1991-2020,IBGE_2024
4321857,Três Palmeiras,RS,180.599,7,jul,144.20009368902848,OK,1991,2020,30,CHIRPS_v2,UCSB-CHG/CHIRPS/DAILY,1991-2020,IBGE_2024
4321006,Tapera,RS,179.935,7,jul,164.4067309362609,OK,1991,2020,30,CHIRPS_v2,UCSB-CHG/CHIRPS/DAILY,1991-2020,IBGE_2024
4312674,Nicolau Vergueiro,RS,154.995,7,jul,166.79293423581638,OK,1991,2020,30,CHIRPS_v2,UCSB-CHG/CHIRPS/DAILY,1991-2020,IBGE_2024
4320503,Sertão,RS,440.631,7,jul,151.94100382638766,OK,1991,2020,30,CHIRPS_v2,UCSB-CHG/CHIRPS/DAILY,1991-2020,IBGE_2024
4304101,Campos Borges,RS,226.202,7,jul,170.74252474065744,OK,1991,2020,30,CHIRPS_v2,UCSB-CHG/CHIRPS/DAILY,1991-2020,IBGE_2024
4312138,Mato Castelhano,RS,238.268,7,jul,163.210579660351,OK,1991,2020,30,CHIRPS_v2,UCSB-CHG/CHIRPS/DAILY,1991-2020,IBGE_2024
4311270,Lagoa dos Três Cantos,RS,138.602,7,jul,161.22006749838073,OK,1991,2020,30,CHIRPS_v2,UCSB-CHG/CHIRPS/DAILY,1991-2020,IBGE_2024
4310702,Itatiba do Sul,RS,212.669,7,jul,149.45951466709118,OK,1991,2020,30,CHIRPS_v2,UCSB-CHG/CHIRPS/DAILY,1991-2020,IBGE_2024
4310900,Jacutinga,RS,178.009,7,jul,146.45196817700455,OK,1991,2020,30,CHIRPS_v2,UCSB-CHG/CHIRPS/DAILY,1991-2020,IBGE_2024
4302055,Benjamin Constant do Sul,RS,132.351,7,jul,148.36017980025258,OK,1991,2020,30,CHIRPS_v2,UCSB-CHG/CHIRPS/DAILY,1991-2020,IBGE_2024
4301925,Barra do Rio Azul,RS,146.995,7,jul,147.94040946337614,OK,1991,2020,30,CHIRPS_v2,UCSB-CHG/CHIRPS/DAILY,1991-2020,IBGE_2024
4310462,Ipiranga do Sul,RS,158.71,7,jul,147.02800506470092,OK,1991,2020,30,CHIRPS_v2,UCSB-CHG/CHIRPS/DAILY,1991-2020,IBGE_2024
4301552,Áurea,RS,156.727,7,jul,150.81480111409712,OK,1991,2020,30,CHIRPS_v2,UCSB-CHG/CHIRPS/DAILY,1991-2020,IBGE_2024
4301701,Barão de Cotegipe,RS,260.505,7,jul,147.30029409723863,OK,1991,2020,30,CHIRPS_v2,UCSB-CHG/CHIRPS/DAILY,1991-2020,IBGE_2024
4300901,Aratiba,RS,342.279,7,jul,147.11633566360172,OK,1991,2020,30,CHIRPS_v2,UCSB-CHG/CHIRPS/DAILY,1991-2020,IBGE_2024
4308706,Gaurama,RS,204.428,7,jul,149.98779118903366,OK,1991,2020,30,CHIRPS_v2,UCSB-CHG/CHIRPS/DAILY,1991-2020,IBGE_2024
4308904,Getúlio Vargas,RS,287.466,7,jul,152.81469769461236,OK,1991,2020,30,CHIRPS_v2,UCSB-CHG/CHIRPS/DAILY,1991-2020,IBGE_2024
4308250,Floriano Peixoto,RS,168.521,7,jul,154.66725073099522,OK,1991,2020,30,CHIRPS_v2,UCSB-CHG/CHIRPS/DAILY,1991-2020,IBGE_2024
4308052,Faxinalzinho,RS,143.321,7,jul,146.89247188289215,OK,1991,2020,30,CHIRPS_v2,UCSB-CHG/CHIRPS/DAILY,1991-2020,IBGE_2024
4307559,Estação,RS,99.757,7,jul,151.60259271930508,OK,1991,2020,30,CHIRPS_v2,UCSB-CHG/CHIRPS/DAILY,1991-2020,IBGE_2024
4307203,Erval Grande,RS,285.677,7,jul,148.3534797755658,OK,1991,2020,30,CHIRPS_v2,UCSB-CHG/CHIRPS/DAILY,1991-2020,IBGE_2024
4315313,Quatro Irmãos,RS,268.971,7,jul,145.24796889963167,OK,1991,2020,30,CHIRPS_v2,UCSB-CHG/CHIRPS/DAILY,1991-2020,IBGE_2024
4322905,Viadutos,RS,266.67,7,jul,148.53913337490954,OK,1991,2020,30,CHIRPS_v2,UCSB-CHG/CHIRPS/DAILY,1991-2020,IBGE_2024
4314787,Ponte Preta,RS,99.504,7,jul,147.47763638037586,OK,1991,2020,30,CHIRPS_v2,UCSB-CHG/CHIRPS/DAILY,1991-2020,IBGE_2024
4307005,Erechim,RS,429.164,7,jul,148.63025933747682,OK,1991,2020,30,CHIRPS_v2,UCSB-CHG/CHIRPS/DAILY,1991-2020,IBGE_2024
4306973,Erebango,RS,152.793,7,jul,147.7705754343599,OK,1991,2020,30,CHIRPS_v2,UCSB-CHG/CHIRPS/DAILY,1991-2020,IBGE_2024
4306957,Entre Rios do Sul,RS,119.912,7,jul,147.00177064421618,OK,1991,2020,30,CHIRPS_v2,UCSB-CHG/CHIRPS/DAILY,1991-2020,IBGE_2024
4306130,Cruzaltense,RS,166.883,7,jul,148.30507060456142,OK,1991,2020,30,CHIRPS_v2,UCSB-CHG/CHIRPS/DAILY,1991-2020,IBGE_2024
4314134,Paulo Bento,RS,149.669,7,jul,146.8745177080747,OK,1991,2020,30,CHIRPS_v2,UCSB-CHG/CHIRPS/DAILY,1991-2020,IBGE_2024
4305116,Centenário,RS,134.78,7,jul,152.59581736464838,OK,1991,2020,30,CHIRPS_v2,UCSB-CHG/CHIRPS/DAILY,1991-2020,IBGE_2024
4321634,Três Arroios,RS,148.601,7,jul,146.87572406703543,OK,1991,2020,30,CHIRPS_v2,UCSB-CHG/CHIRPS/DAILY,1991-2020,IBGE_2024
4304853,Carlos Gomes,RS,83.196,7,jul,149.1013781898372,OK,1991,2020,30,CHIRPS_v2,UCSB-CHG/CHIRPS/DAILY,1991-2020,IBGE_2024
4320602,Severiano de Almeida,RS,167.598,7,jul,146.40964812935815,OK,1991,2020,30,CHIRPS_v2,UCSB-CHG/CHIRPS/DAILY,1991-2020,IBGE_2024
4311908,Marcelino Ramos,RS,229.551,7,jul,145.56504211528403,OK,1991,2020,30,CHIRPS_v2,UCSB-CHG/CHIRPS/DAILY,1991-2020,IBGE_2024
4312005,Mariano Moro,RS,98.727,7,jul,145.32423723874635,OK,1991,2020,30,CHIRPS_v2,UCSB-CHG/CHIRPS/DAILY,1991-2020,IBGE_2024
4303806,Campinas do Sul,RS,276.162,7,jul,146.67762407606952,OK,1991,2020,30,CHIRPS_v2,UCSB-CHG/CHIRPS/DAILY,1991-2020,IBGE_2024
4319703,São Valentim,RS,154.45,7,jul,149.04591200335557,OK,1991,2020,30,CHIRPS_v2,UCSB-CHG/CHIRPS/DAILY,1991-2020,IBGE_2024
4310876,Jacuizinho,RS,339.399,7,jul,171.20083357023168,OK,1991,2020,30,CHIRPS_v2,UCSB-CHG/CHIRPS/DAILY,1991-2020,IBGE_2024
4302238,Boa Vista do Incra,RS,504.114,7,jul,150.41081740752668,OK,1991,2020,30,CHIRPS_v2,UCSB-CHG/CHIRPS/DAILY,1991-2020,IBGE_2024
4302220,Boa Vista do Cadeado,RS,701.221,7,jul,143.30858936545,OK,1991,2020,30,CHIRPS_v2,UCSB-CHG/CHIRPS/DAILY,1991-2020,IBGE_2024
4310009,Ibirubá,RS,607.185,7,jul,156.18525980835832,OK,1991,2020,30,CHIRPS_v2,UCSB-CHG/CHIRPS/DAILY,1991-2020,IBGE_2024
4316451,Salto do Jacuí,RS,507.698,7,jul,164.2991319449042,OK,1991,2020,30,CHIRPS_v2,UCSB-CHG/CHIRPS/DAILY,1991-2020,IBGE_2024
4308458,Fortaleza dos Valos,RS,650.512,7,jul,161.30650009732733,OK,1991,2020,30,CHIRPS_v2,UCSB-CHG/CHIRPS/DAILY,1991-2020,IBGE_2024
4316709,Santa Bárbara do Sul,RS,975.799,7,jul,144.4188889013229,OK,1991,2020,30,CHIRPS_v2,UCSB-CHG/CHIRPS/DAILY,1991-2020,IBGE_2024
4315354,Quinze de Novembro,RS,223.072,7,jul,165.32240862861804,OK,1991,2020,30,CHIRPS_v2,UCSB-CHG/CHIRPS/DAILY,1991-2020,IBGE_2024
4306106,Cruz Alta,RS,1360.548,7,jul,140.45580246503772,OK,1991,2020,30,CHIRPS_v2,UCSB-CHG/CHIRPS/DAILY,1991-2020,IBGE_2024
4322202,Tupanciretã,RS,2253.234,7,jul,151.63201469809923,OK,1991,2020,30,CHIRPS_v2,UCSB-CHG/CHIRPS/DAILY,1991-2020,IBGE_2024
4320305,Selbach,RS,176.47,7,jul,163.83275789625085,OK,1991,2020,30,CHIRPS_v2,UCSB-CHG/CHIRPS/DAILY,1991-2020,IBGE_2024
4301958,Barra Funda,RS,60.437,7,jul,141.02113525923266,OK,1991,2020,30,CHIRPS_v2,UCSB-CHG/CHIRPS/DAILY,1991-2020,IBGE_2024
4317756,Santo Antônio do Planalto,RS,203.44,7,jul,158.61588256644046,OK,1991,2020,30,CHIRPS_v2,UCSB-CHG/CHIRPS/DAILY,1991-2020,IBGE_2024
4300471,Almirante Tamandaré do Sul,RS,265.042,7,jul,144.0001796685309,OK,1991,2020,30,CHIRPS_v2,UCSB-CHG/CHIRPS/DAILY,1991-2020,IBGE_2024
4316436,Saldanha Marinho,RS,221.554,7,jul,150.46903725130633,OK,1991,2020,30,CHIRPS_v2,UCSB-CHG/CHIRPS/DAILY,1991-2020,IBGE_2024
4316204,Rondinha,RS,252.454,7,jul,143.62221763886802,OK,1991,2020,30,CHIRPS_v2,UCSB-CHG/CHIRPS/DAILY,1991-2020,IBGE_2024
4306924,Engenho Velho,RS,71.191,7,jul,145.20830290118744,OK,1991,2020,30,CHIRPS_v2,UCSB-CHG/CHIRPS/DAILY,1991-2020,IBGE_2024
4305603,Colorado,RS,286.295,7,jul,154.55622024886574,OK,1991,2020,30,CHIRPS_v2,UCSB-CHG/CHIRPS/DAILY,1991-2020,IBGE_2024
4305850,Coqueiros do Sul,RS,277.147,7,jul,146.66478611082727,OK,1991,2020,30,CHIRPS_v2,UCSB-CHG/CHIRPS/DAILY,1991-2020,IBGE_2024
4305801,Constantina,RS,203.614,7,jul,144.80791451605603,OK,1991,2020,30,CHIRPS_v2,UCSB-CHG/CHIRPS/DAILY,1991-2020,IBGE_2024
4313466,Novo Xingu,RS,79.851,7,jul,144.34968094338112,OK,1991,2020,30,CHIRPS_v2,UCSB-CHG/CHIRPS/DAILY,1991-2020,IBGE_2024
4305306,Chapada,RS,684.247,7,jul,139.26725089364055,OK,1991,2020,30,CHIRPS_v2,UCSB-CHG/CHIRPS/DAILY,1991-2020,IBGE_2024
4304705,Carazinho,RS,666.694,7,jul,153.39057563159005,OK,1991,2020,30,CHIRPS_v2,UCSB-CHG/CHIRPS/DAILY,1991-2020,IBGE_2024
4312658,Não-Me-Toque,RS,361.689,7,jul,157.72117418732535,OK,1991,2020,30,CHIRPS_v2,UCSB-CHG/CHIRPS/DAILY,1991-2020,IBGE_2024
4312955,Nova Boa Vista,RS,93.733,7,jul,138.8209189928278,OK,1991,2020,30,CHIRPS_v2,UCSB-CHG/CHIRPS/DAILY,1991-2020,IBGE_2024
4320107,Sarandi,RS,351.718,7,jul,140.42189148356837,OK,1991,2020,30,CHIRPS_v2,UCSB-CHG/CHIRPS/DAILY,1991-2020,IBGE_2024
4310504,Iraí,RS,181.85,7,jul,130.5912272421776,OK,1991,2020,30,CHIRPS_v2,UCSB-CHG/CHIRPS/DAILY,1991-2020,IBGE_2024
4302154,Boa Vista das Missões,RS,196.064,7,jul,140.07843811857882,OK,1991,2020,30,CHIRPS_v2,UCSB-CHG/CHIRPS/DAILY,1991-2020,IBGE_2024
4300646,Ametista do Sul,RS,93.605,7,jul,136.06823293390045,OK,1991,2020,30,CHIRPS_v2,UCSB-CHG/CHIRPS/DAILY,1991-2020,IBGE_2024
4308508,Frederico Westphalen,RS,264.876,7,jul,136.04850029322836,OK,1991,2020,30,CHIRPS_v2,UCSB-CHG/CHIRPS/DAILY,1991-2020,IBGE_2024
4315909,Rodeio Bonito,RS,83.278,7,jul,138.690290712957,OK,1991,2020,30,CHIRPS_v2,UCSB-CHG/CHIRPS/DAILY,1991-2020,IBGE_2024
4323507,Vista Alegre,RS,77.656,7,jul,136.01104248280936,OK,1991,2020,30,CHIRPS_v2,UCSB-CHG/CHIRPS/DAILY,1991-2020,IBGE_2024
4307302,Erval Seco,RS,357.181,7,jul,137.17172819104215,OK,1991,2020,30,CHIRPS_v2,UCSB-CHG/CHIRPS/DAILY,1991-2020,IBGE_2024
4323101,Vicente Dutra,RS,193.023,7,jul,133.31872721935034,OK,1991,2020,30,CHIRPS_v2,UCSB-CHG/CHIRPS/DAILY,1991-2020,IBGE_2024
4306072,Cristal do Sul,RS,97.073,7,jul,139.53091152292677,OK,1991,2020,30,CHIRPS_v2,UCSB-CHG/CHIRPS/DAILY,1991-2020,IBGE_2024
4314498,Pinheirinho do Vale,RS,105.385,7,jul,136.26705367543926,OK,1991,2020,30,CHIRPS_v2,UCSB-CHG/CHIRPS/DAILY,1991-2020,IBGE_2024
4314456,Pinhal,RS,68.222,7,jul,141.00389199727627,OK,1991,2020,30,CHIRPS_v2,UCSB-CHG/CHIRPS/DAILY,1991-2020,IBGE_2024
4313805,Palmitinho,RS,144.181,7,jul,135.44003505696665,OK,1991,2020,30,CHIRPS_v2,UCSB-CHG/CHIRPS/DAILY,1991-2020,IBGE_2024
4313441,Novo Tiradentes,RS,75.428,7,jul,142.61953846571421,OK,1991,2020,30,CHIRPS_v2,UCSB-CHG/CHIRPS/DAILY,1991-2020,IBGE_2024
4321329,Taquaruçu do Sul,RS,76.917,7,jul,136.28196965575182,OK,1991,2020,30,CHIRPS_v2,UCSB-CHG/CHIRPS/DAILY,1991-2020,IBGE_2024
4320206,Seberi,RS,301.032,7,jul,139.1658594127535,OK,1991,2020,30,CHIRPS_v2,UCSB-CHG/CHIRPS/DAILY,1991-2020,IBGE_2024
4311601,Liberato Salzano,RS,245.627,7,jul,141.5141083060909,OK,1991,2020,30,CHIRPS_v2,UCSB-CHG/CHIRPS/DAILY,1991-2020,IBGE_2024
4303400,Caiçara,RS,189.071,7,jul,135.31163506640831,OK,1991,2020,30,CHIRPS_v2,UCSB-CHG/CHIRPS/DAILY,1991-2020,IBGE_2024
4310850,Jaboticaba,RS,127.589,7,jul,142.53509406665407,OK,1991,2020,30,CHIRPS_v2,UCSB-CHG/CHIRPS/DAILY,1991-2020,IBGE_2024
4318051,São Domingos do Sul,RS,78.67,7,jul,172.10056315338272,OK,1991,2020,30,CHIRPS_v2,UCSB-CHG/CHIRPS/DAILY,1991-2020,IBGE_2024
4317558,Santo Antônio do Palma,RS,126.094,7,jul,170.52149032942785,OK,1991,2020,30,CHIRPS_v2,UCSB-CHG/CHIRPS/DAILY,1991-2020,IBGE_2024
4308854,Gentil,RS,184.715,7,jul,166.75810926514967,OK,1991,2020,30,CHIRPS_v2,UCSB-CHG/CHIRPS/DAILY,1991-2020,IBGE_2024
4323408,Vila Maria,RS,181.061,7,jul,171.06463581320872,OK,1991,2020,30,CHIRPS_v2,UCSB-CHG/CHIRPS/DAILY,1991-2020,IBGE_2024
4322558,Vanini,RS,64.905,7,jul,171.0876136150275,OK,1991,2020,30,CHIRPS_v2,UCSB-CHG/CHIRPS/DAILY,1991-2020,IBGE_2024
4306304,David Canabarro,RS,174.172,7,jul,168.96418108145926,OK,1991,2020,30,CHIRPS_v2,UCSB-CHG/CHIRPS/DAILY,1991-2020,IBGE_2024
4305504,Ciríaco,RS,274.35,7,jul,167.85816757009374,OK,1991,2020,30,CHIRPS_v2,UCSB-CHG/CHIRPS/DAILY,1991-2020,IBGE_2024
4312757,Nova Alvorada,RS,148.861,7,jul,174.23574661855477,OK,1991,2020,30,CHIRPS_v2,UCSB-CHG/CHIRPS/DAILY,1991-2020,IBGE_2024
4304903,Casca,RS,272.041,7,jul,173.43026975829116,OK,1991,2020,30,CHIRPS_v2,UCSB-CHG/CHIRPS/DAILY,1991-2020,IBGE_2024
4312625,Muliterno,RS,110.969,7,jul,167.3346193525582,OK,1991,2020,30,CHIRPS_v2,UCSB-CHG/CHIRPS/DAILY,1991-2020,IBGE_2024
4311809,Marau,RS,649.77,7,jul,167.78572264577832,OK,1991,2020,30,CHIRPS_v2,UCSB-CHG/CHIRPS/DAILY,1991-2020,IBGE_2024
4303558,Camargo,RS,138.069,7,jul,173.22398870029463,OK,1991,2020,30,CHIRPS_v2,UCSB-CHG/CHIRPS/DAILY,1991-2020,IBGE_2024
4318465,São José do Herval,RS,102.912,7,jul,184.59117491867536,OK,1991,2020,30,CHIRPS_v2,UCSB-CHG/CHIRPS/DAILY,1991-2020,IBGE_2024
4302006,Barros Cassal,RS,647.994,7,jul,177.0763068678122,OK,1991,2020,30,CHIRPS_v2,UCSB-CHG/CHIRPS/DAILY,1991-2020,IBGE_2024
4310579,Itapuca,RS,184.673,7,jul,179.86302884393703,OK,1991,2020,30,CHIRPS_v2,UCSB-CHG/CHIRPS/DAILY,1991-2020,IBGE_2024
4301404,Arvorezinha,RS,269.31,7,jul,183.5941110854639,OK,1991,2020,30,CHIRPS_v2,UCSB-CHG/CHIRPS/DAILY,1991-2020,IBGE_2024
4309951,Ibirapuitã,RS,307.164,7,jul,170.6685230419533,OK,1991,2020,30,CHIRPS_v2,UCSB-CHG/CHIRPS/DAILY,1991-2020,IBGE_2024
4308300,Fontoura Xavier,RS,583.239,7,jul,184.5478506054329,OK,1991,2020,30,CHIRPS_v2,UCSB-CHG/CHIRPS/DAILY,1991-2020,IBGE_2024
4320800,Soledade,RS,1215.056,7,jul,178.00865039267396,OK,1991,2020,30,CHIRPS_v2,UCSB-CHG/CHIRPS/DAILY,1991-2020,IBGE_2024
4312427,Mormaço,RS,146.191,7,jul,169.19112361985773,OK,1991,2020,30,CHIRPS_v2,UCSB-CHG/CHIRPS/DAILY,1991-2020,IBGE_2024
4318424,São João da Urtiga,RS,171.504,7,jul,153.2690898997422,OK,1991,2020,30,CHIRPS_v2,UCSB-CHG/CHIRPS/DAILY,1991-2020,IBGE_2024
4317954,Santo Expedito do Sul,RS,125.334,7,jul,159.5794487339832,OK,1991,2020,30,CHIRPS_v2,UCSB-CHG/CHIRPS/DAILY,1991-2020,IBGE_2024
4309803,Ibiaçá,RS,348.778,7,jul,162.6351448631796,OK,1991,2020,30,CHIRPS_v2,UCSB-CHG/CHIRPS/DAILY,1991-2020,IBGE_2024
4300059,Água Santa,RS,291.526,7,jul,162.09282847147793,OK,1991,2020,30,CHIRPS_v2,UCSB-CHG/CHIRPS/DAILY,1991-2020,IBGE_2024
4316733,Santa Cecília do Sul,RS,200.056,7,jul,164.99049859489676,OK,1991,2020,30,CHIRPS_v2,UCSB-CHG/CHIRPS/DAILY,1991-2020,IBGE_2024
4316600,Sananduva,RS,504.499,7,jul,158.85943283771977,OK,1991,2020,30,CHIRPS_v2,UCSB-CHG/CHIRPS/DAILY,1991-2020,IBGE_2024
4323358,Vila Lângaro,RS,151.673,7,jul,158.38648915714887,OK,1991,2020,30,CHIRPS_v2,UCSB-CHG/CHIRPS/DAILY,1991-2020,IBGE_2024
4305371,Charrua,RS,198.748,7,jul,157.59823840267023,OK,1991,2020,30,CHIRPS_v2,UCSB-CHG/CHIRPS/DAILY,1991-2020,IBGE_2024
4313607,Paim Filho,RS,181.998,7,jul,149.3529821513414,OK,1991,2020,30,CHIRPS_v2,UCSB-CHG/CHIRPS/DAILY,1991-2020,IBGE_2024
4320909,Tapejara,RS,238.082,7,jul,159.26294682192216,OK,1991,2020,30,CHIRPS_v2,UCSB-CHG/CHIRPS/DAILY,1991-2020,IBGE_2024
4312203,Maximiliano de Almeida,RS,208.955,7,jul,146.3470144127282,OK,1991,2020,30,CHIRPS_v2,UCSB-CHG/CHIRPS/DAILY,1991-2020,IBGE_2024
4318606,São José do Ouro,RS,335.215,7,jul,153.8835922150167,OK,1991,2020,30,CHIRPS_v2,UCSB-CHG/CHIRPS/DAILY,1991-2020,IBGE_2024
4301800,Barracão,RS,515.469,7,jul,154.8403489126278,OK,1991,2020,30,CHIRPS_v2,UCSB-CHG/CHIRPS/DAILY,1991-2020,IBGE_2024
4309902,Ibiraiaras,RS,280.816,7,jul,166.42083058443114,OK,1991,2020,30,CHIRPS_v2,UCSB-CHG/CHIRPS/DAILY,1991-2020,IBGE_2024
4322186,Tupanci do Sul,RS,135.664,7,jul,159.2185720622637,OK,1991,2020,30,CHIRPS_v2,UCSB-CHG/CHIRPS/DAILY,1991-2020,IBGE_2024
4304622,Capão Bonito do Sul,RS,526.85,7,jul,165.35032794736492,OK,1991,2020,30,CHIRPS_v2,UCSB-CHG/CHIRPS/DAILY,1991-2020,IBGE_2024
4304952,Caseiros,RS,235.649,7,jul,166.47770418421024,OK,1991,2020,30,CHIRPS_v2,UCSB-CHG/CHIRPS/DAILY,1991-2020,IBGE_2024
4311700,Machadinho,RS,335.344,7,jul,143.80641250052585,OK,1991,2020,30,CHIRPS_v2,UCSB-CHG/CHIRPS/DAILY,1991-2020,IBGE_2024
4311304,Lagoa Vermelha,RS,1272.725,7,jul,164.54440453326427,OK,1991,2020,30,CHIRPS_v2,UCSB-CHG/CHIRPS/DAILY,1991-2020,IBGE_2024
4303202,Cacique Doble,RS,203.582,7,jul,154.27398499556617,OK,1991,2020,30,CHIRPS_v2,UCSB-CHG/CHIRPS/DAILY,1991-2020,IBGE_2024
4318457,São José das Missões,RS,98.125,7,jul,143.62013204045624,OK,1991,2020,30,CHIRPS_v2,UCSB-CHG/CHIRPS/DAILY,1991-2020,IBGE_2024
4316428,Sagrada Família,RS,77.889,7,jul,144.91066952281517,OK,1991,2020,30,CHIRPS_v2,UCSB-CHG/CHIRPS/DAILY,1991-2020,IBGE_2024
4306429,Dois Irmãos das Missões,RS,226.072,7,jul,137.00190861372474,OK,1991,2020,30,CHIRPS_v2,UCSB-CHG/CHIRPS/DAILY,1991-2020,IBGE_2024
4313706,Palmeira das Missões,RS,1421.101,7,jul,133.86398737984902,OK,1991,2020,30,CHIRPS_v2,UCSB-CHG/CHIRPS/DAILY,1991-2020,IBGE_2024
4305157,Cerro Grande,RS,73.438,7,jul,142.91602557333366,OK,1991,2020,30,CHIRPS_v2,UCSB-CHG/CHIRPS/DAILY,1991-2020,IBGE_2024
4313490,Novo Barreiro,RS,123.344,7,jul,138.96349449152117,OK,1991,2020,30,CHIRPS_v2,UCSB-CHG/CHIRPS/DAILY,1991-2020,IBGE_2024
4319364,São Pedro das Missões,RS,79.894,7,jul,141.91012080999502,OK,1991,2020,30,CHIRPS_v2,UCSB-CHG/CHIRPS/DAILY,1991-2020,IBGE_2024
4311429,Lajeado do Bugre,RS,67.947,7,jul,143.41002328869416,OK,1991,2020,30,CHIRPS_v2,UCSB-CHG/CHIRPS/DAILY,1991-2020,IBGE_2024
4309126,Gramado dos Loureiros,RS,131.396,7,jul,141.46713893085317,OK,1991,2020,30,CHIRPS_v2,UCSB-CHG/CHIRPS/DAILY,1991-2020,IBGE_2024
4300505,Alpestre,RS,325.979,7,jul,135.23883766631238,OK,1991,2020,30,CHIRPS_v2,UCSB-CHG/CHIRPS/DAILY,1991-2020,IBGE_2024
4315552,Rio dos Índios,RS,235.854,7,jul,143.3974776397304,OK,1991,2020,30,CHIRPS_v2,UCSB-CHG/CHIRPS/DAILY,1991-2020,IBGE_2024
4314704,Planalto,RS,228.552,7,jul,137.15867528212144,OK,1991,2020,30,CHIRPS_v2,UCSB-CHG/CHIRPS/DAILY,1991-2020,IBGE_2024
4321956,Trindade do Sul,RS,268.417,7,jul,143.60817951105489,OK,1991,2020,30,CHIRPS_v2,UCSB-CHG/CHIRPS/DAILY,1991-2020,IBGE_2024
4312708,Nonoai,RS,468.962,7,jul,142.65314349055487,OK,1991,2020,30,CHIRPS_v2,UCSB-CHG/CHIRPS/DAILY,1991-2020,IBGE_2024
4307906,Farroupilha,RS,361.338,7,jul,184.5415530851154,OK,1991,2020,30,CHIRPS_v2,UCSB-CHG/CHIRPS/DAILY,1991-2020,IBGE_2024
4322541,Vale Real,RS,44.688,7,jul,177.93287034830163,OK,1991,2020,30,CHIRPS_v2,UCSB-CHG/CHIRPS/DAILY,1991-2020,IBGE_2024
4305108,Caxias do Sul,RS,1651.336,7,jul,180.58980391863417,OK,1991,2020,30,CHIRPS_v2,UCSB-CHG/CHIRPS/DAILY,1991-2020,IBGE_2024
4310439,Ipê,RS,599.032,7,jul,178.48638675489707,OK,1991,2020,30,CHIRPS_v2,UCSB-CHG/CHIRPS/DAILY,1991-2020,IBGE_2024
4318200,São Francisco de Paula,RS,3317.825,7,jul,180.4728745949004,OK,1991,2020,30,CHIRPS_v2,UCSB-CHG/CHIRPS/DAILY,1991-2020,IBGE_2024
4309100,Gramado,RS,239.433,7,jul,179.30036230599018,OK,1991,2020,30,CHIRPS_v2,UCSB-CHG/CHIRPS/DAILY,1991-2020,IBGE_2024
4300570,Alto Feliz,RS,78.17,7,jul,177.14211031054532,OK,1991,2020,30,CHIRPS_v2,UCSB-CHG/CHIRPS/DAILY,1991-2020,IBGE_2024
4300802,Antônio Prado,RS,347.507,7,jul,185.96439948700842,OK,1991,2020,30,CHIRPS_v2,UCSB-CHG/CHIRPS/DAILY,1991-2020,IBGE_2024
4308201,Flores da Cunha,RS,276.255,7,jul,185.44544684834122,OK,1991,2020,30,CHIRPS_v2,UCSB-CHG/CHIRPS/DAILY,1991-2020,IBGE_2024
4308102,Feliz,RS,94.96,7,jul,171.60297362977016,OK,1991,2020,30,CHIRPS_v2,UCSB-CHG/CHIRPS/DAILY,1991-2020,IBGE_2024
4313359,Nova Roma do Sul,RS,149.753,7,jul,189.1498913733974,OK,1991,2020,30,CHIRPS_v2,UCSB-CHG/CHIRPS/DAILY,1991-2020,IBGE_2024
4313201,Nova Petrópolis,RS,291.538,7,jul,176.39490786552392,OK,1991,2020,30,CHIRPS_v2,UCSB-CHG/CHIRPS/DAILY,1991-2020,IBGE_2024
4313086,Nova Pádua,RS,102.648,7,jul,186.36562043428773,OK,1991,2020,30,CHIRPS_v2,UCSB-CHG/CHIRPS/DAILY,1991-2020,IBGE_2024
4304408,Canela,RS,253.05,7,jul,179.1468498149844,OK,1991,2020,30,CHIRPS_v2,UCSB-CHG/CHIRPS/DAILY,1991-2020,IBGE_2024
4303608,Cambará do Sul,RS,1182.679,7,jul,152.8151654686005,OK,1991,2020,30,CHIRPS_v2,UCSB-CHG/CHIRPS/DAILY,1991-2020,IBGE_2024
4303673,Campestre da Serra,RS,538.436,7,jul,176.1640204219209,OK,1991,2020,30,CHIRPS_v2,UCSB-CHG/CHIRPS/DAILY,1991-2020,IBGE_2024
4319000,São Marcos,RS,256.225,7,jul,182.95062181891257,OK,1991,2020,30,CHIRPS_v2,UCSB-CHG/CHIRPS/DAILY,1991-2020,IBGE_2024
4314423,Picada Café,RS,84.322,7,jul,172.5654306724625,OK,1991,2020,30,CHIRPS_v2,UCSB-CHG/CHIRPS/DAILY,1991-2020,IBGE_2024
4302105,Bento Gonçalves,RS,272.217,7,jul,186.18292433204533,OK,1991,2020,30,CHIRPS_v2,UCSB-CHG/CHIRPS/DAILY,1991-2020,IBGE_2024
4308607,Garibaldi,RS,168.492,7,jul,186.68785389507025,OK,1991,2020,30,CHIRPS_v2,UCSB-CHG/CHIRPS/DAILY,1991-2020,IBGE_2024
4314548,Pinto Bandeira,RS,104.802,7,jul,187.29109026275253,OK,1991,2020,30,CHIRPS_v2,UCSB-CHG/CHIRPS/DAILY,1991-2020,IBGE_2024
4304804,Carlos Barbosa,RS,230.061,7,jul,184.53406086067037,OK,1991,2020,30,CHIRPS_v2,UCSB-CHG/CHIRPS/DAILY,1991-2020,IBGE_2024
4312385,Monte Belo do Sul,RS,69.763,7,jul,184.0974660858589,OK,1991,2020,30,CHIRPS_v2,UCSB-CHG/CHIRPS/DAILY,1991-2020,IBGE_2024
4302253,Boa Vista do Sul,RS,93.108,7,jul,184.00606030547982,OK,1991,2020,30,CHIRPS_v2,UCSB-CHG/CHIRPS/DAILY,1991-2020,IBGE_2024
4301651,Barão,RS,122.567,7,jul,183.26068140760293,OK,1991,2020,30,CHIRPS_v2,UCSB-CHG/CHIRPS/DAILY,1991-2020,IBGE_2024
4317251,Santa Tereza,RS,73.677,7,jul,182.1836898390826,OK,1991,2020,30,CHIRPS_v2,UCSB-CHG/CHIRPS/DAILY,1991-2020,IBGE_2024
4307864,Fagundes Varela,RS,134.476,7,jul,183.2722728050577,OK,1991,2020,30,CHIRPS_v2,UCSB-CHG/CHIRPS/DAILY,1991-2020,IBGE_2024
4323309,Vila Flores,RS,107.704,7,jul,186.76943392155246,OK,1991,2020,30,CHIRPS_v2,UCSB-CHG/CHIRPS/DAILY,1991-2020,IBGE_2024
4322806,Veranópolis,RS,289.361,7,jul,187.6388460426643,OK,1991,2020,30,CHIRPS_v2,UCSB-CHG/CHIRPS/DAILY,1991-2020,IBGE_2024
4305959,Cotiporã,RS,173.262,7,jul,186.19094820185404,OK,1991,2020,30,CHIRPS_v2,UCSB-CHG/CHIRPS/DAILY,1991-2020,IBGE_2024
4305934,Coronel Pilar,RS,105.668,7,jul,185.60415804499831,OK,1991,2020,30,CHIRPS_v2,UCSB-CHG/CHIRPS/DAILY,1991-2020,IBGE_2024
4319711,São Valentim do Sul,RS,91.899,7,jul,187.42183454987884,OK,1991,2020,30,CHIRPS_v2,UCSB-CHG/CHIRPS/DAILY,1991-2020,IBGE_2024
4318440,São Jorge,RS,125.731,7,jul,170.753401614991,OK,1991,2020,30,CHIRPS_v2,UCSB-CHG/CHIRPS/DAILY,1991-2020,IBGE_2024
4309258,Guabiju,RS,146.925,7,jul,173.98836601675532,OK,1991,2020,30,CHIRPS_v2,UCSB-CHG/CHIRPS/DAILY,1991-2020,IBGE_2024
4309407,Guaporé,RS,297.743,7,jul,182.04039562828737,OK,1991,2020,30,CHIRPS_v2,UCSB-CHG/CHIRPS/DAILY,1991-2020,IBGE_2024
4300661,André da Rocha,RS,331.208,7,jul,172.62618032185617,OK,1991,2020,30,CHIRPS_v2,UCSB-CHG/CHIRPS/DAILY,1991-2020,IBGE_2024
4323606,Vista Alegre do Prata,RS,120.234,7,jul,182.53477618357635,OK,1991,2020,30,CHIRPS_v2,UCSB-CHG/CHIRPS/DAILY,1991-2020,IBGE_2024
4315172,Protásio Alves,RS,171.994,7,jul,181.3258953486439,OK,1991,2020,30,CHIRPS_v2,UCSB-CHG/CHIRPS/DAILY,1991-2020,IBGE_2024
4306452,Dois Lajeados,RS,133.535,7,jul,183.25294741661625,OK,1991,2020,30,CHIRPS_v2,UCSB-CHG/CHIRPS/DAILY,1991-2020,IBGE_2024
4322350,União da Serra,RS,131.154,7,jul,179.51048097085848,OK,1991,2020,30,CHIRPS_v2,UCSB-CHG/CHIRPS/DAILY,1991-2020,IBGE_2024
4314001,Paraí,RS,121.745,7,jul,174.8469184545946,OK,1991,2020,30,CHIRPS_v2,UCSB-CHG/CHIRPS/DAILY,1991-2020,IBGE_2024
4313300,Nova Prata,RS,259.237,7,jul,183.04082993649155,OK,1991,2020,30,CHIRPS_v2,UCSB-CHG/CHIRPS/DAILY,1991-2020,IBGE_2024
4312807,Nova Araçá,RS,74.623,7,jul,179.11087929311398,OK,1991,2020,30,CHIRPS_v2,UCSB-CHG/CHIRPS/DAILY,1991-2020,IBGE_2024
4312906,Nova Bassano,RS,211.727,7,jul,180.60089013371334,OK,1991,2020,30,CHIRPS_v2,UCSB-CHG/CHIRPS/DAILY,1991-2020,IBGE_2024
4312351,Montauri,RS,82.23,7,jul,174.40972967041063,OK,1991,2020,30,CHIRPS_v2,UCSB-CHG/CHIRPS/DAILY,1991-2020,IBGE_2024
4320404,Serafina Corrêa,RS,163.503,7,jul,179.07845701744478,OK,1991,2020,30,CHIRPS_v2,UCSB-CHG/CHIRPS/DAILY,1991-2020,IBGE_2024
4302303,Bom Jesus,RS,2622.847,7,jul,159.29152104324768,OK,1991,2020,30,CHIRPS_v2,UCSB-CHG/CHIRPS/DAILY,1991-2020,IBGE_2024
4318622,São José dos Ausentes,RS,1173.047,7,jul,144.02077442902296,OK,1991,2020,30,CHIRPS_v2,UCSB-CHG/CHIRPS/DAILY,1991-2020,IBGE_2024
4307401,Esmeralda,RS,829.587,7,jul,161.9131793857962,OK,1991,2020,30,CHIRPS_v2,UCSB-CHG/CHIRPS/DAILY,1991-2020,IBGE_2024
4322509,Vacaria,RS,2124.492,7,jul,164.49015153104168,OK,1991,2020,30,CHIRPS_v2,UCSB-CHG/CHIRPS/DAILY,1991-2020,IBGE_2024
4314464,Pinhal da Serra,RS,438.11,7,jul,158.45836232240805,OK,1991,2020,30,CHIRPS_v2,UCSB-CHG/CHIRPS/DAILY,1991-2020,IBGE_2024
4312377,Monte Alegre dos Campos,RS,549.031,7,jul,169.51329151561035,OK,1991,2020,30,CHIRPS_v2,UCSB-CHG/CHIRPS/DAILY,1991-2020,IBGE_2024
4312617,Muitos Capões,RS,1193.23,7,jul,164.21876585634095,OK,1991,2020,30,CHIRPS_v2,UCSB-CHG/CHIRPS/DAILY,1991-2020,IBGE_2024
4311122,Jaquirana,RS,908.842,7,jul,164.02757928458826,OK,1991,2020,30,CHIRPS_v2,UCSB-CHG/CHIRPS/DAILY,1991-2020,IBGE_2024
4316808,Santa Cruz do Sul,RS,734.516,7,jul,163.18283298833228,OK,1991,2020,30,CHIRPS_v2,UCSB-CHG/CHIRPS/DAILY,1991-2020,IBGE_2024
4322707,Vera Cruz,RS,309.994,7,jul,156.63431300078489,OK,1991,2020,30,CHIRPS_v2,UCSB-CHG/CHIRPS/DAILY,1991-2020,IBGE_2024
4309159,Gramado Xavier,RS,216.79,7,jul,173.98204613762684,OK,1991,2020,30,CHIRPS_v2,UCSB-CHG/CHIRPS/DAILY,1991-2020,IBGE_2024
4309571,Herveiras,RS,117.981,7,jul,173.81086839979943,OK,1991,2020,30,CHIRPS_v2,UCSB-CHG/CHIRPS/DAILY,1991-2020,IBGE_2024
4315701,Rio Pardo,RS,2051.112,7,jul,152.79216135562396,OK,1991,2020,30,CHIRPS_v2,UCSB-CHG/CHIRPS/DAILY,1991-2020,IBGE_2024
4306908,Encruzilhada do Sul,RS,3345.675,7,jul,161.38839325285605,OK,1991,2020,30,CHIRPS_v2,UCSB-CHG/CHIRPS/DAILY,1991-2020,IBGE_2024
4322533,Vale do Sol,RS,329.389,7,jul,166.03536108163033,OK,1991,2020,30,CHIRPS_v2,UCSB-CHG/CHIRPS/DAILY,1991-2020,IBGE_2024
4322525,Vale Verde,RS,329.727,7,jul,162.11766050753127,OK,1991,2020,30,CHIRPS_v2,UCSB-CHG/CHIRPS/DAILY,1991-2020,IBGE_2024
4322608,Venâncio Aires,RS,772.701,7,jul,168.3322583837837,OK,1991,2020,30,CHIRPS_v2,UCSB-CHG/CHIRPS/DAILY,1991-2020,IBGE_2024
4314076,Passo do Sobrado,RS,265.133,7,jul,160.78526772765673,OK,1991,2020,30,CHIRPS_v2,UCSB-CHG/CHIRPS/DAILY,1991-2020,IBGE_2024
4313953,Pantano Grande,RS,841.225,7,jul,157.9455246697621,OK,1991,2020,30,CHIRPS_v2,UCSB-CHG/CHIRPS/DAILY,1991-2020,IBGE_2024
4312153,Mato Leitão,RS,46.799,7,jul,169.3228886886212,OK,1991,2020,30,CHIRPS_v2,UCSB-CHG/CHIRPS/DAILY,1991-2020,IBGE_2024
4304200,Candelária,RS,944.735,7,jul,159.1126785025327,OK,1991,2020,30,CHIRPS_v2,UCSB-CHG/CHIRPS/DAILY,1991-2020,IBGE_2024
4320677,Sinimbu,RS,509.778,7,jul,170.35672542721028,OK,1991,2020,30,CHIRPS_v2,UCSB-CHG/CHIRPS/DAILY,1991-2020,IBGE_2024
4302402,Bom Retiro do Sul,RS,102.54,7,jul,169.35300821159709,OK,1991,2020,30,CHIRPS_v2,UCSB-CHG/CHIRPS/DAILY,1991-2020,IBGE_2024
4301008,Arroio do Meio,RS,157.087,7,jul,178.00001006374148,OK,1991,2020,30,CHIRPS_v2,UCSB-CHG/CHIRPS/DAILY,1991-2020,IBGE_2024
4316758,Santa Clara do Sul,RS,86.491,7,jul,173.9457862934946,OK,1991,2020,30,CHIRPS_v2,UCSB-CHG/CHIRPS/DAILY,1991-2020,IBGE_2024
4308078,Fazenda Vilanova,RS,84.794,7,jul,173.37411600255234,OK,1991,2020,30,CHIRPS_v2,UCSB-CHG/CHIRPS/DAILY,1991-2020,IBGE_2024
4308433,Forquetinha,RS,93.278,7,jul,177.44990407965835,OK,1991,2020,30,CHIRPS_v2,UCSB-CHG/CHIRPS/DAILY,1991-2020,IBGE_2024
4307807,Estrela,RS,185.032,7,jul,174.02883338111798,OK,1991,2020,30,CHIRPS_v2,UCSB-CHG/CHIRPS/DAILY,1991-2020,IBGE_2024
4306205,Cruzeiro do Sul,RS,155.482,7,jul,170.20132769689334,OK,1991,2020,30,CHIRPS_v2,UCSB-CHG/CHIRPS/DAILY,1991-2020,IBGE_2024
4311403,Lajeado,RS,90.801,7,jul,175.0147930297107,OK,1991,2020,30,CHIRPS_v2,UCSB-CHG/CHIRPS/DAILY,1991-2020,IBGE_2024
4310363,Imigrante,RS,71.718,7,jul,181.36856440285013,OK,1991,2020,30,CHIRPS_v2,UCSB-CHG/CHIRPS/DAILY,1991-2020,IBGE_2024
4323770,Westfália,RS,66.875,7,jul,180.95217658671845,OK,1991,2020,30,CHIRPS_v2,UCSB-CHG/CHIRPS/DAILY,1991-2020,IBGE_2024
4314753,Poço das Antas,RS,67.618,7,jul,181.0016469745885,OK,1991,2020,30,CHIRPS_v2,UCSB-CHG/CHIRPS/DAILY,1991-2020,IBGE_2024
4315131,Pouso Novo,RS,105.338,7,jul,179.7842027202683,OK,1991,2020,30,CHIRPS_v2,UCSB-CHG/CHIRPS/DAILY,1991-2020,IBGE_2024
4315156,Progresso,RS,256.039,7,jul,180.10611618249067,OK,1991,2020,30,CHIRPS_v2,UCSB-CHG/CHIRPS/DAILY,1991-2020,IBGE_2024
4305587,Colinas,RS,60.732,7,jul,178.7737970646702,OK,1991,2020,30,CHIRPS_v2,UCSB-CHG/CHIRPS/DAILY,1991-2020,IBGE_2024
4314159,Paverama,RS,171.863,7,jul,174.70063296761774,OK,1991,2020,30,CHIRPS_v2,UCSB-CHG/CHIRPS/DAILY,1991-2020,IBGE_2024
4305835,Coqueiro Baixo,RS,112.638,7,jul,180.72379845227533,OK,1991,2020,30,CHIRPS_v2,UCSB-CHG/CHIRPS/DAILY,1991-2020,IBGE_2024
4321451,Teutônia,RS,175.875,7,jul,178.09085757794992,OK,1991,2020,30,CHIRPS_v2,UCSB-CHG/CHIRPS/DAILY,1991-2020,IBGE_2024
4321626,Travesseiro,RS,80.681,7,jul,178.02383320640917,OK,1991,2020,30,CHIRPS_v2,UCSB-CHG/CHIRPS/DAILY,1991-2020,IBGE_2024
4304614,Canudos do Vale,RS,82.943,7,jul,178.11359596914178,OK,1991,2020,30,CHIRPS_v2,UCSB-CHG/CHIRPS/DAILY,1991-2020,IBGE_2024
4304697,Capitão,RS,73.967,7,jul,180.94116502323365,OK,1991,2020,30,CHIRPS_v2,UCSB-CHG/CHIRPS/DAILY,1991-2020,IBGE_2024
4320859,Tabaí,RS,94.754,7,jul,168.98687920439565,OK,1991,2020,30,CHIRPS_v2,UCSB-CHG/CHIRPS/DAILY,1991-2020,IBGE_2024
4321303,Taquari,RS,349.967,7,jul,166.12170073692243,OK,1991,2020,30,CHIRPS_v2,UCSB-CHG/CHIRPS/DAILY,1991-2020,IBGE_2024
4320453,Sério,RS,105.428,7,jul,178.11613016454217,OK,1991,2020,30,CHIRPS_v2,UCSB-CHG/CHIRPS/DAILY,1991-2020,IBGE_2024
4312054,Marques de Souza,RS,125.714,7,jul,177.42588483477857,OK,1991,2020,30,CHIRPS_v2,UCSB-CHG/CHIRPS/DAILY,1991-2020,IBGE_2024
4302451,Boqueirão do Leão,RS,257.789,7,jul,178.17397726503467,OK,1991,2020,30,CHIRPS_v2,UCSB-CHG/CHIRPS/DAILY,1991-2020,IBGE_2024
4309753,Ibarama,RS,195.426,7,jul,166.0257715094741,OK,1991,2020,30,CHIRPS_v2,UCSB-CHG/CHIRPS/DAILY,1991-2020,IBGE_2024
4301206,Arroio do Tigre,RS,315.132,7,jul,166.82144585823042,OK,1991,2020,30,CHIRPS_v2,UCSB-CHG/CHIRPS/DAILY,1991-2020,IBGE_2024
4307815,Estrela Velha,RS,281.613,7,jul,164.14854645301014,OK,1991,2020,30,CHIRPS_v2,UCSB-CHG/CHIRPS/DAILY,1991-2020,IBGE_2024
4314068,Passa Sete,RS,304.299,7,jul,176.4688814936839,OK,1991,2020,30,CHIRPS_v2,UCSB-CHG/CHIRPS/DAILY,1991-2020,IBGE_2024
4322152,Tunas,RS,217.302,7,jul,170.34053833572517,OK,1991,2020,30,CHIRPS_v2,UCSB-CHG/CHIRPS/DAILY,1991-2020,IBGE_2024
4320701,Sobradinho,RS,128.823,7,jul,171.49129743705575,OK,1991,2020,30,CHIRPS_v2,UCSB-CHG/CHIRPS/DAILY,1991-2020,IBGE_2024
4320263,Segredo,RS,245.17,7,jul,172.20998008942888,OK,1991,2020,30,CHIRPS_v2,UCSB-CHG/CHIRPS/DAILY,1991-2020,IBGE_2024
4311254,Lagoão,RS,387.453,7,jul,172.22189083426326,OK,1991,2020,30,CHIRPS_v2,UCSB-CHG/CHIRPS/DAILY,1991-2020,IBGE_2024
4311239,Lagoa Bonita do Sul,RS,109.758,7,jul,171.61731046229525,OK,1991,2020,30,CHIRPS_v2,UCSB-CHG/CHIRPS/DAILY,1991-2020,IBGE_2024
4310306,Ilópolis,RS,123.602,7,jul,185.42095990090772,OK,1991,2020,30,CHIRPS_v2,UCSB-CHG/CHIRPS/DAILY,1991-2020,IBGE_2024
4300703,Anta Gorda,RS,242.1,7,jul,185.93379283980968,OK,1991,2020,30,CHIRPS_v2,UCSB-CHG/CHIRPS/DAILY,1991-2020,IBGE_2024
4315800,Roca Sales,RS,208.108,7,jul,181.8564328206375,OK,1991,2020,30,CHIRPS_v2,UCSB-CHG/CHIRPS/DAILY,1991-2020,IBGE_2024
4315453,Relvado,RS,108.188,7,jul,183.94278777229226,OK,1991,2020,30,CHIRPS_v2,UCSB-CHG/CHIRPS/DAILY,1991-2020,IBGE_2024
4315206,Putinga,RS,216.159,7,jul,184.4425872280342,OK,1991,2020,30,CHIRPS_v2,UCSB-CHG/CHIRPS/DAILY,1991-2020,IBGE_2024
4306809,Encantado,RS,140.006,7,jul,182.54340898779972,OK,1991,2020,30,CHIRPS_v2,UCSB-CHG/CHIRPS/DAILY,1991-2020,IBGE_2024
4306759,Doutor Ricardo,RS,107.96,7,jul,185.27926738678113,OK,1991,2020,30,CHIRPS_v2,UCSB-CHG/CHIRPS/DAILY,1991-2020,IBGE_2024
4322855,Vespasiano Corrêa,RS,113.622,7,jul,183.7454535180626,OK,1991,2020,30,CHIRPS_v2,UCSB-CHG/CHIRPS/DAILY,1991-2020,IBGE_2024
4313003,Nova Bréscia,RS,102.994,7,jul,180.5006239679744,OK,1991,2020,30,CHIRPS_v2,UCSB-CHG/CHIRPS/DAILY,1991-2020,IBGE_2024
4312609,Muçum,RS,111.247,7,jul,181.6040308843835,OK,1991,2020,30,CHIRPS_v2,UCSB-CHG/CHIRPS/DAILY,1991-2020,IBGE_2024
5002704,Campo Grande,MS,8082.327,7,jul,33.348079084818416,OK,1991,2020,30,CHIRPS_v2,UCSB-CHG/CHIRPS/DAILY,1991-2020,IBGE_2024
5008008,Terenos,MS,2845.653,7,jul,29.07319516775046,OK,1991,2020,30,CHIRPS_v2,UCSB-CHG/CHIRPS/DAILY,1991-2020,IBGE_2024
5007505,Rochedo,MS,1304.755,7,jul,23.78511126464744,OK,1991,2020,30,CHIRPS_v2,UCSB-CHG/CHIRPS/DAILY,1991-2020,IBGE_2024
5007901,Sidrolândia,MS,5265.695,7,jul,39.08151635990758,OK,1991,2020,30,CHIRPS_v2,UCSB-CHG/CHIRPS/DAILY,1991-2020,IBGE_2024
5007109,Ribas do Rio Pardo,MS,17315.212,7,jul,26.429581493241137,OK,1991,2020,30,CHIRPS_v2,UCSB-CHG/CHIRPS/DAILY,1991-2020,IBGE_2024
5007307,Rio Negro,MS,1828.8,7,jul,18.558703745011556,OK,1991,2020,30,CHIRPS_v2,UCSB-CHG/CHIRPS/DAILY,1991-2020,IBGE_2024
5006002,Nova Alvorada do Sul,MS,4027.647,7,jul,38.28176810431027,OK,1991,2020,30,CHIRPS_v2,UCSB-CHG/CHIRPS/DAILY,1991-2020,IBGE_2024
5004908,Jaraguari,MS,2913.558,7,jul,28.37708229232595,OK,1991,2020,30,CHIRPS_v2,UCSB-CHG/CHIRPS/DAILY,1991-2020,IBGE_2024
5003108,Corguinho,MS,2638.923,7,jul,20.90809784104426,OK,1991,2020,30,CHIRPS_v2,UCSB-CHG/CHIRPS/DAILY,1991-2020,IBGE_2024
5002605,Camapuã,MS,6238.127,7,jul,18.64312739002948,OK,1991,2020,30,CHIRPS_v2,UCSB-CHG/CHIRPS/DAILY,1991-2020,IBGE_2024
5001508,Bandeirantes,MS,3363.487,7,jul,23.175980842281557,OK,1991,2020,30,CHIRPS_v2,UCSB-CHG/CHIRPS/DAILY,1991-2020,IBGE_2024
5008305,Três Lagoas,MS,10217.071,7,jul,20.104045331933452,OK,1991,2020,30,CHIRPS_v2,UCSB-CHG/CHIRPS/DAILY,1991-2020,IBGE_2024
5000203,Água Clara,MS,7781.558,7,jul,21.049983002917333,OK,1991,2020,30,CHIRPS_v2,UCSB-CHG/CHIRPS/DAILY,1991-2020,IBGE_2024
5007554,Santa Rita do Pardo,MS,6142.001,7,jul,26.45547640458659,OK,1991,2020,30,CHIRPS_v2,UCSB-CHG/CHIRPS/DAILY,1991-2020,IBGE_2024
5007802,Selvíria,MS,3254.917,7,jul,16.862546691391817,OK,1991,2020,30,CHIRPS_v2,UCSB-CHG/CHIRPS/DAILY,1991-2020,IBGE_2024
5001904,Bataguassu,MS,2392.476,7,jul,26.441214748417334,OK,1991,2020,30,CHIRPS_v2,UCSB-CHG/CHIRPS/DAILY,1991-2020,IBGE_2024
5002308,Brasilândia,MS,5803.542,7,jul,25.98384340562798,OK,1991,2020,30,CHIRPS_v2,UCSB-CHG/CHIRPS/DAILY,1991-2020,IBGE_2024
5001003,Aparecida do Taboado,MS,2751.485,7,jul,16.330663113707363,OK,1991,2020,30,CHIRPS_v2,UCSB-CHG/CHIRPS/DAILY,1991-2020,IBGE_2024
5006309,Paranaíba,MS,5352.02,7,jul,18.661785847178898,OK,1991,2020,30,CHIRPS_v2,UCSB-CHG/CHIRPS/DAILY,1991-2020,IBGE_2024
5006275,Paraíso das Águas,MS,5061.433,7,jul,19.554268164612026,OK,1991,2020,30,CHIRPS_v2,UCSB-CHG/CHIRPS/DAILY,1991-2020,IBGE_2024
5004403,Inocência,MS,5761.186,7,jul,18.432712193508436,OK,1991,2020,30,CHIRPS_v2,UCSB-CHG/CHIRPS/DAILY,1991-2020,IBGE_2024
5002951,Chapadão do Sul,MS,3252.327,7,jul,18.760997685813525,OK,1991,2020,30,CHIRPS_v2,UCSB-CHG/CHIRPS/DAILY,1991-2020,IBGE_2024
5002902,Cassilândia,MS,3711.715,7,jul,16.634464277626297,OK,1991,2020,30,CHIRPS_v2,UCSB-CHG/CHIRPS/DAILY,1991-2020,IBGE_2024
5008404,Vicentina,MS,302.542,7,jul,44.79215784758294,OK,1991,2020,30,CHIRPS_v2,UCSB-CHG/CHIRPS/DAILY,1991-2020,IBGE_2024
5007208,Rio Brilhante,MS,3983.507,7,jul,40.87815069219768,OK,1991,2020,30,CHIRPS_v2,UCSB-CHG/CHIRPS/DAILY,1991-2020,IBGE_2024
5005103,Jateí,MS,1933.316,7,jul,51.00945463716405,OK,1991,2020,30,CHIRPS_v2,UCSB-CHG/CHIRPS/DAILY,1991-2020,IBGE_2024
5005152,Juti,MS,1569.176,7,jul,45.544934740635135,OK,1991,2020,30,CHIRPS_v2,UCSB-CHG/CHIRPS/DAILY,1991-2020,IBGE_2024
5005251,Laguna Carapã,MS,1725.78,7,jul,46.48684782857234,OK,1991,2020,30,CHIRPS_v2,UCSB-CHG/CHIRPS/DAILY,1991-2020,IBGE_2024
5004502,Itaporã,MS,1342.389,7,jul,43.903741705557735,OK,1991,2020,30,CHIRPS_v2,UCSB-CHG/CHIRPS/DAILY,1991-2020,IBGE_2024
5004007,Glória de Dourados,MS,493.105,7,jul,42.48283020414254,OK,1991,2020,30,CHIRPS_v2,UCSB-CHG/CHIRPS/DAILY,1991-2020,IBGE_2024
5003504,Douradina,MS,280.235,7,jul,44.72232851315627,OK,1991,2020,30,CHIRPS_v2,UCSB-CHG/CHIRPS/DAILY,1991-2020,IBGE_2024
5003454,Deodápolis,MS,828.45,7,jul,40.49910516284598,OK,1991,2020,30,CHIRPS_v2,UCSB-CHG/CHIRPS/DAILY,1991-2020,IBGE_2024
5003801,Fátima do Sul,MS,325.631,7,jul,45.48133643824903,OK,1991,2020,30,CHIRPS_v2,UCSB-CHG/CHIRPS/DAILY,1991-2020,IBGE_2024
5002407,Caarapó,MS,2115.73,7,jul,46.83271001960889,OK,1991,2020,30,CHIRPS_v2,UCSB-CHG/CHIRPS/DAILY,1991-2020,IBGE_2024
5005681,Mundo Novo,MS,478.38,7,jul,76.77418012311315,OK,1991,2020,30,CHIRPS_v2,UCSB-CHG/CHIRPS/DAILY,1991-2020,IBGE_2024
5005707,Naviraí,MS,3189.667,7,jul,51.8243105207649,OK,1991,2020,30,CHIRPS_v2,UCSB-CHG/CHIRPS/DAILY,1991-2020,IBGE_2024
5004601,Itaquiraí,MS,2063.717,7,jul,61.63362929436123,OK,1991,2020,30,CHIRPS_v2,UCSB-CHG/CHIRPS/DAILY,1991-2020,IBGE_2024
5004809,Japorã,MS,416.605,7,jul,75.8082602014414,OK,1991,2020,30,CHIRPS_v2,UCSB-CHG/CHIRPS/DAILY,1991-2020,IBGE_2024
5004304,Iguatemi,MS,2957.41,7,jul,62.37899428587512,OK,1991,2020,30,CHIRPS_v2,UCSB-CHG/CHIRPS/DAILY,1991-2020,IBGE_2024
5003751,Eldorado,MS,1012.796,7,jul,70.38519750180967,OK,1991,2020,30,CHIRPS_v2,UCSB-CHG/CHIRPS/DAILY,1991-2020,IBGE_2024
5000807,Anaurilândia,MS,3415.657,7,jul,34.13541885559834,OK,1991,2020,30,CHIRPS_v2,UCSB-CHG/CHIRPS/DAILY,1991-2020,IBGE_2024
5000856,Angélica,MS,1283.629,7,jul,43.50247103981021,OK,1991,2020,30,CHIRPS_v2,UCSB-CHG/CHIRPS/DAILY,1991-2020,IBGE_2024
5007976,Taquarussu,MS,1052.232,7,jul,53.94059649702698,OK,1991,2020,30,CHIRPS_v2,UCSB-CHG/CHIRPS/DAILY,1991-2020,IBGE_2024
5006200,Nova Andradina,MS,4768.118,7,jul,39.84948946151638,OK,1991,2020,30,CHIRPS_v2,UCSB-CHG/CHIRPS/DAILY,1991-2020,IBGE_2024
5006259,Novo Horizonte do Sul,MS,849.19,7,jul,51.86108052848212,OK,1991,2020,30,CHIRPS_v2,UCSB-CHG/CHIRPS/DAILY,1991-2020,IBGE_2024
5004700,Ivinhema,MS,2003.43,7,jul,37.904611022305374,OK,1991,2020,30,CHIRPS_v2,UCSB-CHG/CHIRPS/DAILY,1991-2020,IBGE_2024
5002001,Batayporã,MS,1826.578,7,jul,44.26041281433379,OK,1991,2020,30,CHIRPS_v2,UCSB-CHG/CHIRPS/DAILY,1991-2020,IBGE_2024
5000609,Amambai,MS,4193.742,7,jul,54.93533033411424,OK,1991,2020,30,CHIRPS_v2,UCSB-CHG/CHIRPS/DAILY,1991-2020,IBGE_2024
5007950,Tacuru,MS,1784.207,7,jul,69.7482908582345,OK,1991,2020,30,CHIRPS_v2,UCSB-CHG/CHIRPS/DAILY,1991-2020,IBGE_2024
5007703,Sete Quedas,MS,839.117,7,jul,74.57921099527324,OK,1991,2020,30,CHIRPS_v2,UCSB-CHG/CHIRPS/DAILY,1991-2020,IBGE_2024
5205109,Catalão,GO,3826.37,7,jul,5.5157905752413035,OK,1991,2020,30,CHIRPS_v2,UCSB-CHG/CHIRPS/DAILY,1991-2020,IBGE_2024
5221304,Três Ranchos,GO,284.034,7,jul,4.897107610492024,OK,1991,2020,30,CHIRPS_v2,UCSB-CHG/CHIRPS/DAILY,1991-2020,IBGE_2024
5208509,Goiandira,GO,569.917,7,jul,4.839602226241842,OK,1991,2020,30,CHIRPS_v2,UCSB-CHG/CHIRPS/DAILY,1991-2020,IBGE_2024
5215504,Ouvidor,GO,411.318,7,jul,4.7814913078509775,OK,1991,2020,30,CHIRPS_v2,UCSB-CHG/CHIRPS/DAILY,1991-2020,IBGE_2024
5204805,Campo Alegre de Goiás,GO,2450.111,7,jul,5.164269175040818,OK,1991,2020,30,CHIRPS_v2,UCSB-CHG/CHIRPS/DAILY,1991-2020,IBGE_2024
5201207,Anhanguera,GO,55.569,7,jul,5.16127060588317,OK,1991,2020,30,CHIRPS_v2,UCSB-CHG/CHIRPS/DAILY,1991-2020,IBGE_2024
5214804,Nova Aurora,GO,307.335,7,jul,4.449823324120605,OK,1991,2020,30,CHIRPS_v2,UCSB-CHG/CHIRPS/DAILY,1991-2020,IBGE_2024
5206602,Cumari,GO,568.365,7,jul,5.410298288696824,OK,1991,2020,30,CHIRPS_v2,UCSB-CHG/CHIRPS/DAILY,1991-2020,IBGE_2024
5206909,Davinópolis,GO,482.857,7,jul,4.815937766325325,OK,1991,2020,30,CHIRPS_v2,UCSB-CHG/CHIRPS/DAILY,1991-2020,IBGE_2024
5221809,Urutaí,GO,623.821,7,jul,5.68967508159831,OK,1991,2020,30,CHIRPS_v2,UCSB-CHG/CHIRPS/DAILY,1991-2020,IBGE_2024
5204250,Cachoeira Dourada,GO,528.281,7,jul,4.988996628494792,OK,1991,2020,30,CHIRPS_v2,UCSB-CHG/CHIRPS/DAILY,1991-2020,IBGE_2024
5212105,Joviânia,GO,446.258,7,jul,5.115303907700284,OK,1991,2020,30,CHIRPS_v2,UCSB-CHG/CHIRPS/DAILY,1991-2020,IBGE_2024
5203906,Buriti Alegre,GO,901.932,7,jul,4.300842051867714,OK,1991,2020,30,CHIRPS_v2,UCSB-CHG/CHIRPS/DAILY,1991-2020,IBGE_2024
5203500,Bom Jesus de Goiás,GO,1405.605,7,jul,5.203264570593172,OK,1991,2020,30,CHIRPS_v2,UCSB-CHG/CHIRPS/DAILY,1991-2020,IBGE_2024
5211503,Itumbiara,GO,2447.014,7,jul,4.535559546218249,OK,1991,2020,30,CHIRPS_v2,UCSB-CHG/CHIRPS/DAILY,1991-2020,IBGE_2024
5200506,Aloândia,GO,102.094,7,jul,4.687448916861725,OK,1991,2020,30,CHIRPS_v2,UCSB-CHG/CHIRPS/DAILY,1991-2020,IBGE_2024
5209101,Goiatuba,GO,2479.58,7,jul,5.803982524383743,OK,1991,2020,30,CHIRPS_v2,UCSB-CHG/CHIRPS/DAILY,1991-2020,IBGE_2024
5216007,Panamá,GO,432.204,7,jul,4.5507145304672365,OK,1991,2020,30,CHIRPS_v2,UCSB-CHG/CHIRPS/DAILY,1991-2020,IBGE_2024
5205901,Corumbaíba,GO,1864.277,7,jul,4.20533006216527,OK,1991,2020,30,CHIRPS_v2,UCSB-CHG/CHIRPS/DAILY,1991-2020,IBGE_2024
5212907,Marzagão,GO,225.518,7,jul,5.816021733006373,OK,1991,2020,30,CHIRPS_v2,UCSB-CHG/CHIRPS/DAILY,1991-2020,IBGE_2024
5204508,Caldas Novas,GO,1608.523,7,jul,5.26355158896059,OK,1991,2020,30,CHIRPS_v2,UCSB-CHG/CHIRPS/DAILY,1991-2020,IBGE_2024
5218789,Rio Quente,GO,244.655,7,jul,5.971347006527087,OK,1991,2020,30,CHIRPS_v2,UCSB-CHG/CHIRPS/DAILY,1991-2020,IBGE_2024
5200209,Água Limpa,GO,458.836,7,jul,5.03407134483496,OK,1991,2020,30,CHIRPS_v2,UCSB-CHG/CHIRPS/DAILY,1991-2020,IBGE_2024
5213004,Maurilândia,GO,389.959,7,jul,6.345951936156031,OK,1991,2020,30,CHIRPS_v2,UCSB-CHG/CHIRPS/DAILY,1991-2020,IBGE_2024
5205059,Castelândia,GO,299.228,7,jul,7.407546859611642,OK,1991,2020,30,CHIRPS_v2,UCSB-CHG/CHIRPS/DAILY,1991-2020,IBGE_2024
5212253,Lagoa Santa,GO,463.289,7,jul,16.616092303053644,OK,1991,2020,30,CHIRPS_v2,UCSB-CHG/CHIRPS/DAILY,1991-2020,IBGE_2024
5204102,Cachoeira Alta,GO,1657.226,7,jul,9.602918771911872,OK,1991,2020,30,CHIRPS_v2,UCSB-CHG/CHIRPS/DAILY,1991-2020,IBGE_2024
5204300,Caçu,GO,2254.34,7,jul,11.21712274966957,OK,1991,2020,30,CHIRPS_v2,UCSB-CHG/CHIRPS/DAILY,1991-2020,IBGE_2024
5211305,Itarumã,GO,3437.367,7,jul,12.94957605275423,OK,1991,2020,30,CHIRPS_v2,UCSB-CHG/CHIRPS/DAILY,1991-2020,IBGE_2024
5210802,Itajá,GO,2082.737,7,jul,15.659841875716735,OK,1991,2020,30,CHIRPS_v2,UCSB-CHG/CHIRPS/DAILY,1991-2020,IBGE_2024
5218052,Porteirão,GO,606.273,7,jul,5.603552333280318,OK,1991,2020,30,CHIRPS_v2,UCSB-CHG/CHIRPS/DAILY,1991-2020,IBGE_2024
5201454,Aparecida do Rio Doce,GO,603.254,7,jul,8.432782998208326,OK,1991,2020,30,CHIRPS_v2,UCSB-CHG/CHIRPS/DAILY,1991-2020,IBGE_2024
5201504,Aporé,GO,2899.237,7,jul,13.66306391244603,OK,1991,2020,30,CHIRPS_v2,UCSB-CHG/CHIRPS/DAILY,1991-2020,IBGE_2024
5220405,São Simão,GO,415.015,7,jul,13.51046200380439,OK,1991,2020,30,CHIRPS_v2,UCSB-CHG/CHIRPS/DAILY,1991-2020,IBGE_2024
5218508,Quirinópolis,GO,3786.026,7,jul,7.669563926238391,OK,1991,2020,30,CHIRPS_v2,UCSB-CHG/CHIRPS/DAILY,1991-2020,IBGE_2024
5209937,Inaciolândia,GO,689.201,7,jul,4.747389864468345,OK,1991,2020,30,CHIRPS_v2,UCSB-CHG/CHIRPS/DAILY,1991-2020,IBGE_2024
5209150,Gouvelândia,GO,827.373,7,jul,6.105397759631302,OK,1991,2020,30,CHIRPS_v2,UCSB-CHG/CHIRPS/DAILY,1991-2020,IBGE_2024
5216304,Paranaiguara,GO,1153.415,7,jul,9.80001302082089,OK,1991,2020,30,CHIRPS_v2,UCSB-CHG/CHIRPS/DAILY,1991-2020,IBGE_2024
