cd_mun,nm_mun,sigla_uf,area_km2,mes,nome_mes,normal_mm,status_dados,ano_inicial,ano_final,numero_anos,fonte,colecao_gee,periodo_referencia,malha_municipal
1200401,Rio Branco,AC,8834.832,10,out,149.2325727875456,OK,1991,2020,30,CHIRPS_v2,UCSB-CHG/CHIRPS/DAILY,1991-2020,IBGE_2024
1200807,Porto Acre,AC,2603.942,10,out,165.5223198897458,OK,1991,2020,30,CHIRPS_v2,UCSB-CHG/CHIRPS/DAILY,1991-2020,IBGE_2024
1200385,Plácido de Castro,AC,1952.531,10,out,158.16703222534719,OK,1991,2020,30,CHIRPS_v2,UCSB-CHG/CHIRPS/DAILY,1991-2020,IBGE_2024
1200450,Senador Guiomard,AC,2320.956,10,out,159.46505450612926,OK,1991,2020,30,CHIRPS_v2,UCSB-CHG/CHIRPS/DAILY,1991-2020,IBGE_2024
1200179,Capixaba,AC,1705.236,10,out,133.15185448188055,OK,1991,2020,30,CHIRPS_v2,UCSB-CHG/CHIRPS/DAILY,1991-2020,IBGE_2024
1200138,Bujari,AC,3035.547,10,out,157.96908564710165,OK,1991,2020,30,CHIRPS_v2,UCSB-CHG/CHIRPS/DAILY,1991-2020,IBGE_2024
1200054,Assis Brasil,AC,4968.527,10,out,179.22950183422614,OK,1991,2020,30,CHIRPS_v2,UCSB-CHG/CHIRPS/DAILY,1991-2020,IBGE_2024
1200252,Epitaciolândia,AC,1652.715,10,out,130.29132547959463,OK,1991,2020,30,CHIRPS_v2,UCSB-CHG/CHIRPS/DAILY,1991-2020,IBGE_2024
1200708,Xapuri,AC,5350.3,10,out,143.4742671545613,OK,1991,2020,30,CHIRPS_v2,UCSB-CHG/CHIRPS/DAILY,1991-2020,IBGE_2024
1200104,Brasiléia,AC,3928.821,10,out,168.72369255723996,OK,1991,2020,30,CHIRPS_v2,UCSB-CHG/CHIRPS/DAILY,1991-2020,IBGE_2024
1200435,Santa Rosa do Purus,AC,6144.95,10,out,196.52628549397568,OK,1991,2020,30,CHIRPS_v2,UCSB-CHG/CHIRPS/DAILY,1991-2020,IBGE_2024
1200500,Sena Madureira,AC,23748.843,10,out,174.3423924130907,OK,1991,2020,30,CHIRPS_v2,UCSB-CHG/CHIRPS/DAILY,1991-2020,IBGE_2024
1200344,Manoel Urbano,AC,10615.134,10,out,177.64920348681161,OK,1991,2020,30,CHIRPS_v2,UCSB-CHG/CHIRPS/DAILY,1991-2020,IBGE_2024
1200351,Marechal Thaumaturgo,AC,8185.635,10,out,179.15790659266005,OK,1991,2020,30,CHIRPS_v2,UCSB-CHG/CHIRPS/DAILY,1991-2020,IBGE_2024
1200336,Mâncio Lima,AC,5414.073,10,out,175.71331184034975,OK,1991,2020,30,CHIRPS_v2,UCSB-CHG/CHIRPS/DAILY,1991-2020,IBGE_2024
1200427,Rodrigues Alves,AC,3082.396,10,out,177.84012993277355,OK,1991,2020,30,CHIRPS_v2,UCSB-CHG/CHIRPS/DAILY,1991-2020,IBGE_2024
1200393,Porto Walter,AC,6452.756,10,out,182.3927693962588,OK,1991,2020,30,CHIRPS_v2,UCSB-CHG/CHIRPS/DAILY,1991-2020,IBGE_2024
1200203,Cruzeiro do Sul,AC,8793.341,10,out,184.03976905073378,OK,1991,2020,30,CHIRPS_v2,UCSB-CHG/CHIRPS/DAILY,1991-2020,IBGE_2024
1200328,Jordão,AC,5346.443,10,out,189.84544690271647,OK,1991,2020,30,CHIRPS_v2,UCSB-CHG/CHIRPS/DAILY,1991-2020,IBGE_2024
1200302,Feijó,AC,27946.684,10,out,195.63437376631344,OK,1991,2020,30,CHIRPS_v2,UCSB-CHG/CHIRPS/DAILY,1991-2020,IBGE_2024
1200609,Tarauacá,AC,20169.487,10,out,196.47654167301062,OK,1991,2020,30,CHIRPS_v2,UCSB-CHG/CHIRPS/DAILY,1991-2020,IBGE_2024
1303536,Presidente Figueiredo,AM,25027.907,10,out,117.05444318428519,OK,1991,2020,30,CHIRPS_v2,UCSB-CHG/CHIRPS/DAILY,1991-2020,IBGE_2024
1303809,São Gabriel da Cachoeira,AM,108700.19,10,out,206.459968993506,OK,1991,2020,30,CHIRPS_v2,UCSB-CHG/CHIRPS/DAILY,1991-2020,IBGE_2024
1303601,Santa Isabel do Rio Negro,AM,62470.219,10,out,142.39114604111657,OK,1991,2020,30,CHIRPS_v2,UCSB-CHG/CHIRPS/DAILY,1991-2020,IBGE_2024
1300409,Barcelos,AM,122453.454,10,out,135.0169680171106,OK,1991,2020,30,CHIRPS_v2,UCSB-CHG/CHIRPS/DAILY,1991-2020,IBGE_2024
1302306,Jutaí,AM,68971.126,10,out,201.55171198297225,OK,1991,2020,30,CHIRPS_v2,UCSB-CHG/CHIRPS/DAILY,1991-2020,IBGE_2024
1302108,Japurá,AM,55964.231,10,out,210.4998838608957,OK,1991,2020,30,CHIRPS_v2,UCSB-CHG/CHIRPS/DAILY,1991-2020,IBGE_2024
1301001,Carauari,AM,25771.943,10,out,194.4518983460076,OK,1991,2020,30,CHIRPS_v2,UCSB-CHG/CHIRPS/DAILY,1991-2020,IBGE_2024
1303700,Santo Antônio do Içá,AM,12482.067,10,out,203.3448010330748,OK,1991,2020,30,CHIRPS_v2,UCSB-CHG/CHIRPS/DAILY,1991-2020,IBGE_2024
1304062,Tabatinga,AM,3279.046,10,out,200.26014256036834,OK,1991,2020,30,CHIRPS_v2,UCSB-CHG/CHIRPS/DAILY,1991-2020,IBGE_2024
1303908,São Paulo de Olivença,AM,19615.643,10,out,195.89312305451458,OK,1991,2020,30,CHIRPS_v2,UCSB-CHG/CHIRPS/DAILY,1991-2020,IBGE_2024
1304237,Tonantins,AM,6336.62,10,out,177.13123517741488,OK,1991,2020,30,CHIRPS_v2,UCSB-CHG/CHIRPS/DAILY,1991-2020,IBGE_2024
1300607,Benjamin Constant,AM,9100.432,10,out,194.31997512145367,OK,1991,2020,30,CHIRPS_v2,UCSB-CHG/CHIRPS/DAILY,1991-2020,IBGE_2024
1300201,Atalaia do Norte,AM,76313.455,10,out,197.635453745551,OK,1991,2020,30,CHIRPS_v2,UCSB-CHG/CHIRPS/DAILY,1991-2020,IBGE_2024
1300060,Amaturá,AM,4658.391,10,out,184.25754695778386,OK,1991,2020,30,CHIRPS_v2,UCSB-CHG/CHIRPS/DAILY,1991-2020,IBGE_2024
1301803,Ipixuna,AM,12437.643,10,out,192.76812798352566,OK,1991,2020,30,CHIRPS_v2,UCSB-CHG/CHIRPS/DAILY,1991-2020,IBGE_2024
1301654,Guajará,AM,7427.071,10,out,188.33621855635513,OK,1991,2020,30,CHIRPS_v2,UCSB-CHG/CHIRPS/DAILY,1991-2020,IBGE_2024
1301951,Itamarati,AM,25509.236,10,out,205.12715768617247,OK,1991,2020,30,CHIRPS_v2,UCSB-CHG/CHIRPS/DAILY,1991-2020,IBGE_2024
1301506,Envira,AM,7419.658,10,out,196.99659846284683,OK,1991,2020,30,CHIRPS_v2,UCSB-CHG/CHIRPS/DAILY,1991-2020,IBGE_2024
1301407,Eirunepé,AM,15189.428,10,out,203.6352781310818,OK,1991,2020,30,CHIRPS_v2,UCSB-CHG/CHIRPS/DAILY,1991-2020,IBGE_2024
1304104,Tapauá,AM,84697.765,10,out,173.44596630540582,OK,1991,2020,30,CHIRPS_v2,UCSB-CHG/CHIRPS/DAILY,1991-2020,IBGE_2024
1303502,Pauini,AM,41637.294,10,out,181.417575893523,OK,1991,2020,30,CHIRPS_v2,UCSB-CHG/CHIRPS/DAILY,1991-2020,IBGE_2024
1300706,Boca do Acre,AM,21949.686,10,out,174.36342075712162,OK,1991,2020,30,CHIRPS_v2,UCSB-CHG/CHIRPS/DAILY,1991-2020,IBGE_2024
1302405,Lábrea,AM,68349.909,10,out,166.86160238164788,OK,1991,2020,30,CHIRPS_v2,UCSB-CHG/CHIRPS/DAILY,1991-2020,IBGE_2024
1303007,Nhamundá,AM,14077.252,10,out,97.10100700482496,OK,1991,2020,30,CHIRPS_v2,UCSB-CHG/CHIRPS/DAILY,1991-2020,IBGE_2024
1304302,Urucará,AM,27851.365,10,out,98.4761520937001,OK,1991,2020,30,CHIRPS_v2,UCSB-CHG/CHIRPS/DAILY,1991-2020,IBGE_2024
1400100,Boa Vista,RR,5687.037,10,out,61.3080044007335,OK,1991,2020,30,CHIRPS_v2,UCSB-CHG/CHIRPS/DAILY,1991-2020,IBGE_2024
1400050,Alto Alegre,RR,25424.287,10,out,85.82096617168304,OK,1991,2020,30,CHIRPS_v2,UCSB-CHG/CHIRPS/DAILY,1991-2020,IBGE_2024
1400308,Mucajaí,RR,12337.85,10,out,87.58823391181691,OK,1991,2020,30,CHIRPS_v2,UCSB-CHG/CHIRPS/DAILY,1991-2020,IBGE_2024
1400175,Cantá,RR,7664.831,10,out,69.80713957081507,OK,1991,2020,30,CHIRPS_v2,UCSB-CHG/CHIRPS/DAILY,1991-2020,IBGE_2024
1400159,Bonfim,RR,8079.84,10,out,62.07883657206411,OK,1991,2020,30,CHIRPS_v2,UCSB-CHG/CHIRPS/DAILY,1991-2020,IBGE_2024
1400407,Normandia,RR,6959.982,10,out,52.273404222757456,OK,1991,2020,30,CHIRPS_v2,UCSB-CHG/CHIRPS/DAILY,1991-2020,IBGE_2024
1400456,Pacaraima,RR,8019.088,10,out,83.901070426812,OK,1991,2020,30,CHIRPS_v2,UCSB-CHG/CHIRPS/DAILY,1991-2020,IBGE_2024
1400704,Uiramutã,RR,8102.219,10,out,70.11595542931639,OK,1991,2020,30,CHIRPS_v2,UCSB-CHG/CHIRPS/DAILY,1991-2020,IBGE_2024
1400027,Amajari,RR,28370.592,10,out,97.0242322809986,OK,1991,2020,30,CHIRPS_v2,UCSB-CHG/CHIRPS/DAILY,1991-2020,IBGE_2024
1400605,São Luiz do Anauá,RR,1526.9,10,out,99.9793846989507,OK,1991,2020,30,CHIRPS_v2,UCSB-CHG/CHIRPS/DAILY,1991-2020,IBGE_2024
1400506,São João da Baliza,RR,4284.503,10,out,94.69736196928844,OK,1991,2020,30,CHIRPS_v2,UCSB-CHG/CHIRPS/DAILY,1991-2020,IBGE_2024
1400472,Rorainópolis,RR,33579.445,10,out,126.40831736143494,OK,1991,2020,30,CHIRPS_v2,UCSB-CHG/CHIRPS/DAILY,1991-2020,IBGE_2024
1400233,Caroebe,RR,12064.399,10,out,92.87797924882526,OK,1991,2020,30,CHIRPS_v2,UCSB-CHG/CHIRPS/DAILY,1991-2020,IBGE_2024
1400282,Iracema,RR,14018.766,10,out,93.7737582819405,OK,1991,2020,30,CHIRPS_v2,UCSB-CHG/CHIRPS/DAILY,1991-2020,IBGE_2024
1400209,Caracaraí,RR,47385.318,10,out,110.48966770012419,OK,1991,2020,30,CHIRPS_v2,UCSB-CHG/CHIRPS/DAILY,1991-2020,IBGE_2024
1500404,Alenquer,PA,23644.384,10,out,54.607060407691264,OK,1991,2020,30,CHIRPS_v2,UCSB-CHG/CHIRPS/DAILY,1991-2020,IBGE_2024
1504802,Monte Alegre,PA,18151.323,10,out,42.16371510425483,OK,1991,2020,30,CHIRPS_v2,UCSB-CHG/CHIRPS/DAILY,1991-2020,IBGE_2024
1505304,Oriximiná,PA,107560.161,10,out,66.33660579498456,OK,1991,2020,30,CHIRPS_v2,UCSB-CHG/CHIRPS/DAILY,1991-2020,IBGE_2024
1505106,Óbidos,PA,28009.656,10,out,57.3878147418453,OK,1991,2020,30,CHIRPS_v2,UCSB-CHG/CHIRPS/DAILY,1991-2020,IBGE_2024
1500503,Almeirim,PA,72968.578,10,out,42.91634158092814,OK,1991,2020,30,CHIRPS_v2,UCSB-CHG/CHIRPS/DAILY,1991-2020,IBGE_2024
1500305,Afuá,PA,8338.438,10,out,46.182276783970856,OK,1991,2020,30,CHIRPS_v2,UCSB-CHG/CHIRPS/DAILY,1991-2020,IBGE_2024
1502509,Chaves,PA,12534.995,10,out,26.557599719081463,OK,1991,2020,30,CHIRPS_v2,UCSB-CHG/CHIRPS/DAILY,1991-2020,IBGE_2024
1600303,Macapá,AP,6563.849,10,out,18.579807229109683,OK,1991,2020,30,CHIRPS_v2,UCSB-CHG/CHIRPS/DAILY,1991-2020,IBGE_2024
1600600,Santana,AP,1541.225,10,out,36.44162701435448,OK,1991,2020,30,CHIRPS_v2,UCSB-CHG/CHIRPS/DAILY,1991-2020,IBGE_2024
1600253,Itaubal,AP,1622.867,10,out,13.549133555351302,OK,1991,2020,30,CHIRPS_v2,UCSB-CHG/CHIRPS/DAILY,1991-2020,IBGE_2024
1600402,Mazagão,AP,13294.778,10,out,42.37727225724271,OK,1991,2020,30,CHIRPS_v2,UCSB-CHG/CHIRPS/DAILY,1991-2020,IBGE_2024
1600279,Laranjal do Jari,AP,30542.284,10,out,48.39910058828285,OK,1991,2020,30,CHIRPS_v2,UCSB-CHG/CHIRPS/DAILY,1991-2020,IBGE_2024
1600212,Cutias,AP,2179.114,10,out,16.21028114940551,OK,1991,2020,30,CHIRPS_v2,UCSB-CHG/CHIRPS/DAILY,1991-2020,IBGE_2024
1600204,Calçoene,AP,14117.297,10,out,32.80558081365437,OK,1991,2020,30,CHIRPS_v2,UCSB-CHG/CHIRPS/DAILY,1991-2020,IBGE_2024
1600105,Amapá,AP,8454.846,10,out,19.30147785831104,OK,1991,2020,30,CHIRPS_v2,UCSB-CHG/CHIRPS/DAILY,1991-2020,IBGE_2024
1600501,Oiapoque,AP,23058.224,10,out,43.59598422640754,OK,1991,2020,30,CHIRPS_v2,UCSB-CHG/CHIRPS/DAILY,1991-2020,IBGE_2024
1600550,Pracuúba,AP,4948.508,10,out,37.19607576142274,OK,1991,2020,30,CHIRPS_v2,UCSB-CHG/CHIRPS/DAILY,1991-2020,IBGE_2024
1600709,Tartarugalzinho,AP,6684.705,10,out,32.67926084336366,OK,1991,2020,30,CHIRPS_v2,UCSB-CHG/CHIRPS/DAILY,1991-2020,IBGE_2024
1600238,Ferreira Gomes,AP,4973.855,10,out,39.356423707509485,OK,1991,2020,30,CHIRPS_v2,UCSB-CHG/CHIRPS/DAILY,1991-2020,IBGE_2024
1600154,Pedra Branca do Amapari,AP,9622.29,10,out,57.23515042598475,OK,1991,2020,30,CHIRPS_v2,UCSB-CHG/CHIRPS/DAILY,1991-2020,IBGE_2024
1600535,Porto Grande,AP,4428.013,10,out,51.21014916068052,OK,1991,2020,30,CHIRPS_v2,UCSB-CHG/CHIRPS/DAILY,1991-2020,IBGE_2024
1600055,Serra do Navio,AP,7713.046,10,out,55.55778267035681,OK,1991,2020,30,CHIRPS_v2,UCSB-CHG/CHIRPS/DAILY,1991-2020,IBGE_2024
2111201,São José de Ribamar,MA,180.266,10,out,7.5042916356611284,OK,1991,2020,30,CHIRPS_v2,UCSB-CHG/CHIRPS/DAILY,1991-2020,IBGE_2024
2111300,São Luís,MA,583.063,10,out,7.343685062421911,OK,1991,2020,30,CHIRPS_v2,UCSB-CHG/CHIRPS/DAILY,1991-2020,IBGE_2024
2109452,Raposa,MA,79.213,10,out,4.5627725255673495,OK,1991,2020,30,CHIRPS_v2,UCSB-CHG/CHIRPS/DAILY,1991-2020,IBGE_2024
2107506,Paço do Lumiar,MA,127.275,10,out,5.691874577473762,OK,1991,2020,30,CHIRPS_v2,UCSB-CHG/CHIRPS/DAILY,1991-2020,IBGE_2024
2102374,Cachoeira Grande,MA,707.236,10,out,8.50698693059273,OK,1991,2020,30,CHIRPS_v2,UCSB-CHG/CHIRPS/DAILY,1991-2020,IBGE_2024
2110203,Santa Rita,MA,756.797,10,out,20.281687973970286,OK,1991,2020,30,CHIRPS_v2,UCSB-CHG/CHIRPS/DAILY,1991-2020,IBGE_2024
2109601,Rosário,MA,647.998,10,out,10.719107943516285,OK,1991,2020,30,CHIRPS_v2,UCSB-CHG/CHIRPS/DAILY,1991-2020,IBGE_2024
2109205,Presidente Juscelino,MA,355.568,10,out,9.37915634108966,OK,1991,2020,30,CHIRPS_v2,UCSB-CHG/CHIRPS/DAILY,1991-2020,IBGE_2024
2101251,Bacabeira,MA,542.961,10,out,11.869868748468356,OK,1991,2020,30,CHIRPS_v2,UCSB-CHG/CHIRPS/DAILY,1991-2020,IBGE_2024
2101103,Axixá,MA,160.462,10,out,8.928873638377045,OK,1991,2020,30,CHIRPS_v2,UCSB-CHG/CHIRPS/DAILY,1991-2020,IBGE_2024
2100204,Alcântara,MA,1167.964,10,out,3.0840879609239438,OK,1991,2020,30,CHIRPS_v2,UCSB-CHG/CHIRPS/DAILY,1991-2020,IBGE_2024
2107100,Morros,MA,1712.121,10,out,7.781270381427686,OK,1991,2020,30,CHIRPS_v2,UCSB-CHG/CHIRPS/DAILY,1991-2020,IBGE_2024
2105104,Icatu,MA,1124.446,10,out,8.114562637479551,OK,1991,2020,30,CHIRPS_v2,UCSB-CHG/CHIRPS/DAILY,1991-2020,IBGE_2024
2101905,Bequimão,MA,790.222,10,out,6.907136777918597,OK,1991,2020,30,CHIRPS_v2,UCSB-CHG/CHIRPS/DAILY,1991-2020,IBGE_2024
2110500,São Bento,MA,456.998,10,out,19.081720787892888,OK,1991,2020,30,CHIRPS_v2,UCSB-CHG/CHIRPS/DAILY,1991-2020,IBGE_2024
2101350,Bacurituba,MA,413.651,10,out,7.055772478826816,OK,1991,2020,30,CHIRPS_v2,UCSB-CHG/CHIRPS/DAILY,1991-2020,IBGE_2024
2109809,Santa Helena,MA,2191.164,10,out,12.439584438787584,OK,1991,2020,30,CHIRPS_v2,UCSB-CHG/CHIRPS/DAILY,1991-2020,IBGE_2024
2108603,Pinheiro,MA,1512.969,10,out,9.160751292594497,OK,1991,2020,30,CHIRPS_v2,UCSB-CHG/CHIRPS/DAILY,1991-2020,IBGE_2024
2108405,Peri Mirim,MA,397.993,10,out,9.258430166020824,OK,1991,2020,30,CHIRPS_v2,UCSB-CHG/CHIRPS/DAILY,1991-2020,IBGE_2024
2107605,Palmeirândia,MA,532.161,10,out,12.51376610934109,OK,1991,2020,30,CHIRPS_v2,UCSB-CHG/CHIRPS/DAILY,1991-2020,IBGE_2024
2103208,Chapadinha,MA,3248.774,10,out,15.664063244632144,OK,1991,2020,30,CHIRPS_v2,UCSB-CHG/CHIRPS/DAILY,1991-2020,IBGE_2024
2110104,Santa Quitéria do Maranhão,MA,1430.329,10,out,13.409728495051207,OK,1991,2020,30,CHIRPS_v2,UCSB-CHG/CHIRPS/DAILY,1991-2020,IBGE_2024
2102101,Brejo,MA,1073.257,10,out,13.25150532979803,OK,1991,2020,30,CHIRPS_v2,UCSB-CHG/CHIRPS/DAILY,1991-2020,IBGE_2024
2110401,São Benedito do Rio Preto,MA,931.484,10,out,8.541573275520015,OK,1991,2020,30,CHIRPS_v2,UCSB-CHG/CHIRPS/DAILY,1991-2020,IBGE_2024
2102200,Buriti,MA,1475.78,10,out,14.873495671512277,OK,1991,2020,30,CHIRPS_v2,UCSB-CHG/CHIRPS/DAILY,1991-2020,IBGE_2024
2101731,Belágua,MA,569.606,10,out,8.8640027513665,OK,1991,2020,30,CHIRPS_v2,UCSB-CHG/CHIRPS/DAILY,1991-2020,IBGE_2024
2100808,Anapurus,MA,608.903,10,out,12.167920652380282,OK,1991,2020,30,CHIRPS_v2,UCSB-CHG/CHIRPS/DAILY,1991-2020,IBGE_2024
2106672,Milagres do Maranhão,MA,634.818,10,out,14.114973996730429,OK,1991,2020,30,CHIRPS_v2,UCSB-CHG/CHIRPS/DAILY,1991-2020,IBGE_2024
2106409,Mata Roma,MA,548.581,10,out,12.476618449384564,OK,1991,2020,30,CHIRPS_v2,UCSB-CHG/CHIRPS/DAILY,1991-2020,IBGE_2024
2112605,Urbano Santos,MA,1706.196,10,out,10.209959182127786,OK,1991,2020,30,CHIRPS_v2,UCSB-CHG/CHIRPS/DAILY,1991-2020,IBGE_2024
2102705,Cantanhede,MA,773.009,10,out,31.6809862834621,OK,1991,2020,30,CHIRPS_v2,UCSB-CHG/CHIRPS/DAILY,1991-2020,IBGE_2024
2109304,Presidente Vargas,MA,460.004,10,out,12.715269722387202,OK,1991,2020,30,CHIRPS_v2,UCSB-CHG/CHIRPS/DAILY,1991-2020,IBGE_2024
2100709,Anajatuba,MA,940.489,10,out,25.612058355939556,OK,1991,2020,30,CHIRPS_v2,UCSB-CHG/CHIRPS/DAILY,1991-2020,IBGE_2024
2108801,Pirapemas,MA,688.761,10,out,28.473399364450135,OK,1991,2020,30,CHIRPS_v2,UCSB-CHG/CHIRPS/DAILY,1991-2020,IBGE_2024
2107209,Nina Rodrigues,MA,570.938,10,out,11.066104662101951,OK,1991,2020,30,CHIRPS_v2,UCSB-CHG/CHIRPS/DAILY,1991-2020,IBGE_2024
2106631,Matões do Norte,MA,794.454,10,out,37.20566819377348,OK,1991,2020,30,CHIRPS_v2,UCSB-CHG/CHIRPS/DAILY,1991-2020,IBGE_2024
2106755,Miranda do Norte,MA,341.107,10,out,38.93256323340428,OK,1991,2020,30,CHIRPS_v2,UCSB-CHG/CHIRPS/DAILY,1991-2020,IBGE_2024
2105401,Itapecuru Mirim,MA,1480.641,10,out,29.86391733188604,OK,1991,2020,30,CHIRPS_v2,UCSB-CHG/CHIRPS/DAILY,1991-2020,IBGE_2024
2112704,Vargem Grande,MA,1958.702,10,out,17.500519411512222,OK,1991,2020,30,CHIRPS_v2,UCSB-CHG/CHIRPS/DAILY,1991-2020,IBGE_2024
2102507,Cajari,MA,662.066,10,out,29.57742010426655,OK,1991,2020,30,CHIRPS_v2,UCSB-CHG/CHIRPS/DAILY,1991-2020,IBGE_2024
2102408,Cajapió,MA,545.244,10,out,10.825579450611095,OK,1991,2020,30,CHIRPS_v2,UCSB-CHG/CHIRPS/DAILY,1991-2020,IBGE_2024
2111003,São João Batista,MA,649.957,10,out,17.97830912290989,OK,1991,2020,30,CHIRPS_v2,UCSB-CHG/CHIRPS/DAILY,1991-2020,IBGE_2024
2101004,Arari,MA,1099.81,10,out,34.49217634754338,OK,1991,2020,30,CHIRPS_v2,UCSB-CHG/CHIRPS/DAILY,1991-2020,IBGE_2024
2107456,Olinda Nova do Maranhão,MA,199.879,10,out,27.138220681696307,OK,1991,2020,30,CHIRPS_v2,UCSB-CHG/CHIRPS/DAILY,1991-2020,IBGE_2024
2106508,Matinha,MA,410.633,10,out,26.723839031203198,OK,1991,2020,30,CHIRPS_v2,UCSB-CHG/CHIRPS/DAILY,1991-2020,IBGE_2024
2112803,Viana,MA,1166.745,10,out,26.95222153393642,OK,1991,2020,30,CHIRPS_v2,UCSB-CHG/CHIRPS/DAILY,1991-2020,IBGE_2024
2112902,Vitória do Mearim,MA,715.625,10,out,31.216629121175277,OK,1991,2020,30,CHIRPS_v2,UCSB-CHG/CHIRPS/DAILY,1991-2020,IBGE_2024
2111706,São Vicente Ferrer,MA,393.927,10,out,22.33539260881758,OK,1991,2020,30,CHIRPS_v2,UCSB-CHG/CHIRPS/DAILY,1991-2020,IBGE_2024
2110278,Santo Amaro do Maranhão,MA,1582.806,10,out,8.446461980728428,OK,1991,2020,30,CHIRPS_v2,UCSB-CHG/CHIRPS/DAILY,1991-2020,IBGE_2024
2101707,Barreirinhas,MA,3046.308,10,out,8.784451948655203,OK,1991,2020,30,CHIRPS_v2,UCSB-CHG/CHIRPS/DAILY,1991-2020,IBGE_2024
2109403,Primeira Cruz,MA,1337.161,10,out,8.556008416006497,OK,1991,2020,30,CHIRPS_v2,UCSB-CHG/CHIRPS/DAILY,1991-2020,IBGE_2024
2105005,Humberto de Campos,MA,1714.625,10,out,7.2471393791414656,OK,1991,2020,30,CHIRPS_v2,UCSB-CHG/CHIRPS/DAILY,1991-2020,IBGE_2024
2110609,São Bernardo,MA,1005.823,10,out,14.009663179203288,OK,1991,2020,30,CHIRPS_v2,UCSB-CHG/CHIRPS/DAILY,1991-2020,IBGE_2024
2110237,Santana do Maranhão,MA,932.032,10,out,12.91172833258675,OK,1991,2020,30,CHIRPS_v2,UCSB-CHG/CHIRPS/DAILY,1991-2020,IBGE_2024
2100907,Araioses,MA,1789.73,10,out,5.917671032737987,OK,1991,2020,30,CHIRPS_v2,UCSB-CHG/CHIRPS/DAILY,1991-2020,IBGE_2024
2108058,Paulino Neves,MA,979.482,10,out,8.4532160834363,OK,1991,2020,30,CHIRPS_v2,UCSB-CHG/CHIRPS/DAILY,1991-2020,IBGE_2024
2100154,Água Doce do Maranhão,MA,442.292,10,out,6.54971357693054,OK,1991,2020,30,CHIRPS_v2,UCSB-CHG/CHIRPS/DAILY,1991-2020,IBGE_2024
2106300,Magalhães de Almeida,MA,434.433,10,out,11.722170212007669,OK,1991,2020,30,CHIRPS_v2,UCSB-CHG/CHIRPS/DAILY,1991-2020,IBGE_2024
2112506,Tutóia,MA,1566.081,10,out,7.067146417413703,OK,1991,2020,30,CHIRPS_v2,UCSB-CHG/CHIRPS/DAILY,1991-2020,IBGE_2024
2111789,Serrano do Maranhão,MA,1185.31,10,out,8.084758594483176,OK,1991,2020,30,CHIRPS_v2,UCSB-CHG/CHIRPS/DAILY,1991-2020,IBGE_2024
2103703,Cururupu,MA,1255.667,10,out,4.398448241547125,OK,1991,2020,30,CHIRPS_v2,UCSB-CHG/CHIRPS/DAILY,1991-2020,IBGE_2024
2103109,Cedral,MA,285.211,10,out,3.278116100596387,OK,1991,2020,30,CHIRPS_v2,UCSB-CHG/CHIRPS/DAILY,1991-2020,IBGE_2024
2103125,Central do Maranhão,MA,319.538,10,out,7.939230590393738,OK,1991,2020,30,CHIRPS_v2,UCSB-CHG/CHIRPS/DAILY,1991-2020,IBGE_2024
2109056,Porto Rico do Maranhão,MA,244.979,10,out,3.6036631839603603,OK,1991,2020,30,CHIRPS_v2,UCSB-CHG/CHIRPS/DAILY,1991-2020,IBGE_2024
2100832,Apicum-Açu,MA,341.12,10,out,6.08444129170114,OK,1991,2020,30,CHIRPS_v2,UCSB-CHG/CHIRPS/DAILY,1991-2020,IBGE_2024
2101301,Bacuri,MA,832.084,10,out,9.806372339511753,OK,1991,2020,30,CHIRPS_v2,UCSB-CHG/CHIRPS/DAILY,1991-2020,IBGE_2024
2106805,Mirinzal,MA,686.944,10,out,8.778605056954353,OK,1991,2020,30,CHIRPS_v2,UCSB-CHG/CHIRPS/DAILY,1991-2020,IBGE_2024
2104909,Guimarães,MA,478.857,10,out,4.840981674114982,OK,1991,2020,30,CHIRPS_v2,UCSB-CHG/CHIRPS/DAILY,1991-2020,IBGE_2024
2108702,Pio XII,MA,545.221,10,out,27.767644649761728,OK,1991,2020,30,CHIRPS_v2,UCSB-CHG/CHIRPS/DAILY,1991-2020,IBGE_2024
2105153,Igarapé do Meio,MA,368.703,10,out,31.693468426708833,OK,1991,2020,30,CHIRPS_v2,UCSB-CHG/CHIRPS/DAILY,1991-2020,IBGE_2024
2101202,Bacabal,MA,1656.736,10,out,27.069544839250973,OK,1991,2020,30,CHIRPS_v2,UCSB-CHG/CHIRPS/DAILY,1991-2020,IBGE_2024
2111508,São Mateus do Maranhão,MA,800.045,10,out,31.550397553370455,OK,1991,2020,30,CHIRPS_v2,UCSB-CHG/CHIRPS/DAILY,1991-2020,IBGE_2024
2111409,São Luís Gonzaga do Maranhão,MA,909.164,10,out,27.693755197955024,OK,1991,2020,30,CHIRPS_v2,UCSB-CHG/CHIRPS/DAILY,1991-2020,IBGE_2024
2102077,Bom Lugar,MA,445.171,10,out,27.047263892189893,OK,1991,2020,30,CHIRPS_v2,UCSB-CHG/CHIRPS/DAILY,1991-2020,IBGE_2024
2100436,Alto Alegre do Maranhão,MA,392.751,10,out,26.140215010395533,OK,1991,2020,30,CHIRPS_v2,UCSB-CHG/CHIRPS/DAILY,1991-2020,IBGE_2024
2105906,Lago Verde,MA,631.455,10,out,26.482534457218073,OK,1991,2020,30,CHIRPS_v2,UCSB-CHG/CHIRPS/DAILY,1991-2020,IBGE_2024
2103554,Conceição do Lago-Açu,MA,727.133,10,out,31.37715102831623,OK,1991,2020,30,CHIRPS_v2,UCSB-CHG/CHIRPS/DAILY,1991-2020,IBGE_2024
2111672,São Roberto,MA,226.811,10,out,37.59041725833277,OK,1991,2020,30,CHIRPS_v2,UCSB-CHG/CHIRPS/DAILY,1991-2020,IBGE_2024
2111631,São Raimundo do Doca Bezerra,MA,419.55,10,out,39.02008147503574,OK,1991,2020,30,CHIRPS_v2,UCSB-CHG/CHIRPS/DAILY,1991-2020,IBGE_2024
2102754,Capinzal do Norte,MA,590.271,10,out,30.657201958190278,OK,1991,2020,30,CHIRPS_v2,UCSB-CHG/CHIRPS/DAILY,1991-2020,IBGE_2024
2101939,Bernardo do Mearim,MA,247.189,10,out,33.00131993397487,OK,1991,2020,30,CHIRPS_v2,UCSB-CHG/CHIRPS/DAILY,1991-2020,IBGE_2024
2110302,Santo Antônio dos Lopes,MA,770.923,10,out,33.53130097590357,OK,1991,2020,30,CHIRPS_v2,UCSB-CHG/CHIRPS/DAILY,1991-2020,IBGE_2024
2108900,Poção de Pedras,MA,990.66,10,out,34.70915767213068,OK,1991,2020,30,CHIRPS_v2,UCSB-CHG/CHIRPS/DAILY,1991-2020,IBGE_2024
2108207,Pedreiras,MA,261.814,10,out,31.75631285558945,OK,1991,2020,30,CHIRPS_v2,UCSB-CHG/CHIRPS/DAILY,1991-2020,IBGE_2024
2105948,Lago dos Rodrigues,MA,220.776,10,out,30.340442797734056,OK,1991,2020,30,CHIRPS_v2,UCSB-CHG/CHIRPS/DAILY,1991-2020,IBGE_2024
2106003,Lima Campos,MA,321.932,10,out,29.033635472665136,OK,1991,2020,30,CHIRPS_v2,UCSB-CHG/CHIRPS/DAILY,1991-2020,IBGE_2024
2105609,Joselândia,MA,703.094,10,out,39.53291227640827,OK,1991,2020,30,CHIRPS_v2,UCSB-CHG/CHIRPS/DAILY,1991-2020,IBGE_2024
2105807,Lago do Junco,MA,328.525,10,out,29.11907572655865,OK,1991,2020,30,CHIRPS_v2,UCSB-CHG/CHIRPS/DAILY,1991-2020,IBGE_2024
2105203,Igarapé Grande,MA,346.218,10,out,30.408797377808792,OK,1991,2020,30,CHIRPS_v2,UCSB-CHG/CHIRPS/DAILY,1991-2020,IBGE_2024
2112233,Trizidela do Vale,MA,291.61,10,out,29.029243471342728,OK,1991,2020,30,CHIRPS_v2,UCSB-CHG/CHIRPS/DAILY,1991-2020,IBGE_2024
2104008,Esperantinópolis,MA,452.402,10,out,37.79790470664755,OK,1991,2020,30,CHIRPS_v2,UCSB-CHG/CHIRPS/DAILY,1991-2020,IBGE_2024
2103000,Caxias,MA,5200.625,10,out,30.644848773826993,OK,1991,2020,30,CHIRPS_v2,UCSB-CHG/CHIRPS/DAILY,1991-2020,IBGE_2024
2103406,Coelho Neto,MA,976.653,10,out,20.16696829617488,OK,1991,2020,30,CHIRPS_v2,UCSB-CHG/CHIRPS/DAILY,1991-2020,IBGE_2024
2111078,São João do Soter,MA,1438.066,10,out,38.914248974468826,OK,1991,2020,30,CHIRPS_v2,UCSB-CHG/CHIRPS/DAILY,1991-2020,IBGE_2024
2100303,Aldeias Altas,MA,1943.413,10,out,22.386051612383465,OK,1991,2020,30,CHIRPS_v2,UCSB-CHG/CHIRPS/DAILY,1991-2020,IBGE_2024
2100105,Afonso Cunha,MA,371.767,10,out,19.64872774341368,OK,1991,2020,30,CHIRPS_v2,UCSB-CHG/CHIRPS/DAILY,1991-2020,IBGE_2024
2103901,Duque Bacelar,MA,317.494,10,out,17.127038132524213,OK,1991,2020,30,CHIRPS_v2,UCSB-CHG/CHIRPS/DAILY,1991-2020,IBGE_2024
2112209,Timon,MA,1763.219,10,out,35.22090154674292,OK,1991,2020,30,CHIRPS_v2,UCSB-CHG/CHIRPS/DAILY,1991-2020,IBGE_2024
2102309,Buriti Bravo,MA,1581.721,10,out,57.47261626694311,OK,1991,2020,30,CHIRPS_v2,UCSB-CHG/CHIRPS/DAILY,1991-2020,IBGE_2024
2107803,Parnarama,MA,3246.503,10,out,53.78971570516437,OK,1991,2020,30,CHIRPS_v2,UCSB-CHG/CHIRPS/DAILY,1991-2020,IBGE_2024
2106607,Matões,MA,2108.672,10,out,45.57711027931575,OK,1991,2020,30,CHIRPS_v2,UCSB-CHG/CHIRPS/DAILY,1991-2020,IBGE_2024
2103307,Codó,MA,4361.6,10,out,27.02775456194156,OK,1991,2020,30,CHIRPS_v2,UCSB-CHG/CHIRPS/DAILY,1991-2020,IBGE_2024
2103604,Coroatá,MA,2263.692,10,out,23.406365896528328,OK,1991,2020,30,CHIRPS_v2,UCSB-CHG/CHIRPS/DAILY,1991-2020,IBGE_2024
2108454,Peritoró,MA,824.72,10,out,26.034651374519846,OK,1991,2020,30,CHIRPS_v2,UCSB-CHG/CHIRPS/DAILY,1991-2020,IBGE_2024
2112100,Timbiras,MA,1486.582,10,out,21.71624939430942,OK,1991,2020,30,CHIRPS_v2,UCSB-CHG/CHIRPS/DAILY,1991-2020,IBGE_2024
2103802,Dom Pedro,MA,358.493,10,out,35.84398109465061,OK,1991,2020,30,CHIRPS_v2,UCSB-CHG/CHIRPS/DAILY,1991-2020,IBGE_2024
2111250,São José dos Basílios,MA,353.72,10,out,36.407111387874664,OK,1991,2020,30,CHIRPS_v2,UCSB-CHG/CHIRPS/DAILY,1991-2020,IBGE_2024
2110708,São Domingos do Maranhão,MA,1151.978,10,out,46.9826718611768,OK,1991,2020,30,CHIRPS_v2,UCSB-CHG/CHIRPS/DAILY,1991-2020,IBGE_2024
2109759,Santa Filomena do Maranhão,MA,623.213,10,out,45.38896982604445,OK,1991,2020,30,CHIRPS_v2,UCSB-CHG/CHIRPS/DAILY,1991-2020,IBGE_2024
2109106,Presidente Dutra,MA,771.574,10,out,39.06842353227554,OK,1991,2020,30,CHIRPS_v2,UCSB-CHG/CHIRPS/DAILY,1991-2020,IBGE_2024
2104628,Governador Luiz Rocha,MA,401.587,10,out,51.288881230987016,OK,1991,2020,30,CHIRPS_v2,UCSB-CHG/CHIRPS/DAILY,1991-2020,IBGE_2024
2104602,Governador Eugênio Barros,MA,647.015,10,out,47.87128551939095,OK,1991,2020,30,CHIRPS_v2,UCSB-CHG/CHIRPS/DAILY,1991-2020,IBGE_2024
2104404,Gonçalves Dias,MA,883.588,10,out,37.44992966843631,OK,1991,2020,30,CHIRPS_v2,UCSB-CHG/CHIRPS/DAILY,1991-2020,IBGE_2024
2104503,Governador Archer,MA,445.857,10,out,35.757344656810666,OK,1991,2020,30,CHIRPS_v2,UCSB-CHG/CHIRPS/DAILY,1991-2020,IBGE_2024
2104701,Graça Aranha,MA,271.445,10,out,43.7632337473567,OK,1991,2020,30,CHIRPS_v2,UCSB-CHG/CHIRPS/DAILY,1991-2020,IBGE_2024
2112308,Tuntum,MA,3369.119,10,out,42.44466827802795,OK,1991,2020,30,CHIRPS_v2,UCSB-CHG/CHIRPS/DAILY,1991-2020,IBGE_2024
2111748,Senador Alexandre Costa,MA,426.431,10,out,41.92563704737841,OK,1991,2020,30,CHIRPS_v2,UCSB-CHG/CHIRPS/DAILY,1991-2020,IBGE_2024
2104206,Fortuna,MA,835.668,10,out,56.72146215435716,OK,1991,2020,30,CHIRPS_v2,UCSB-CHG/CHIRPS/DAILY,1991-2020,IBGE_2024
2111953,Sucupira do Riachão,MA,862.226,10,out,57.03086912843864,OK,1991,2020,30,CHIRPS_v2,UCSB-CHG/CHIRPS/DAILY,1991-2020,IBGE_2024
2111102,São João dos Patos,MA,1483.255,10,out,54.15908404694919,OK,1991,2020,30,CHIRPS_v2,UCSB-CHG/CHIRPS/DAILY,1991-2020,IBGE_2024
2110658,São Domingos do Azeitão,MA,961.153,10,out,61.25653765499105,OK,1991,2020,30,CHIRPS_v2,UCSB-CHG/CHIRPS/DAILY,1991-2020,IBGE_2024
2110906,São Francisco do Maranhão,MA,2284.217,10,out,53.00438112294328,OK,1991,2020,30,CHIRPS_v2,UCSB-CHG/CHIRPS/DAILY,1991-2020,IBGE_2024
2101509,Barão de Grajaú,MA,2209.414,10,out,45.37698586030194,OK,1991,2020,30,CHIRPS_v2,UCSB-CHG/CHIRPS/DAILY,1991-2020,IBGE_2024
2101806,Benedito Leite,MA,1784.64,10,out,70.75823054215415,OK,1991,2020,30,CHIRPS_v2,UCSB-CHG/CHIRPS/DAILY,1991-2020,IBGE_2024
2108009,Pastos Bons,MA,1635.178,10,out,52.505975467495944,OK,1991,2020,30,CHIRPS_v2,UCSB-CHG/CHIRPS/DAILY,1991-2020,IBGE_2024
2107704,Paraibano,MA,530.517,10,out,58.39110525924579,OK,1991,2020,30,CHIRPS_v2,UCSB-CHG/CHIRPS/DAILY,1991-2020,IBGE_2024
2107902,Passagem Franca,MA,1358.327,10,out,58.921714466687284,OK,1991,2020,30,CHIRPS_v2,UCSB-CHG/CHIRPS/DAILY,1991-2020,IBGE_2024
2107308,Nova Iorque,MA,978.342,10,out,61.338764956517714,OK,1991,2020,30,CHIRPS_v2,UCSB-CHG/CHIRPS/DAILY,1991-2020,IBGE_2024
2105922,Lagoa do Mato,MA,1512.985,10,out,56.38088312789426,OK,1991,2020,30,CHIRPS_v2,UCSB-CHG/CHIRPS/DAILY,1991-2020,IBGE_2024
2103505,Colinas,MA,1978.668,10,out,52.692814042713955,OK,1991,2020,30,CHIRPS_v2,UCSB-CHG/CHIRPS/DAILY,1991-2020,IBGE_2024
2111904,Sucupira do Norte,MA,1074.435,10,out,55.83918112945227,OK,1991,2020,30,CHIRPS_v2,UCSB-CHG/CHIRPS/DAILY,1991-2020,IBGE_2024
2106706,Mirador,MA,8522.882,10,out,53.64099481427397,OK,1991,2020,30,CHIRPS_v2,UCSB-CHG/CHIRPS/DAILY,1991-2020,IBGE_2024
2105450,Jatobá,MA,591.637,10,out,50.998651693575,OK,1991,2020,30,CHIRPS_v2,UCSB-CHG/CHIRPS/DAILY,1991-2020,IBGE_2024
2101608,Barra do Corda,MA,5187.673,10,out,36.88936968226672,OK,1991,2020,30,CHIRPS_v2,UCSB-CHG/CHIRPS/DAILY,1991-2020,IBGE_2024
2104081,Fernando Falcão,MA,5086.59,10,out,47.87615528645793,OK,1991,2020,30,CHIRPS_v2,UCSB-CHG/CHIRPS/DAILY,1991-2020,IBGE_2024
2110807,São Félix de Balsas,MA,2033.29,10,out,76.27564115369223,OK,1991,2020,30,CHIRPS_v2,UCSB-CHG/CHIRPS/DAILY,1991-2020,IBGE_2024
2211001,Teresina,PI,1387.466,10,out,27.31543505244523,OK,1991,2020,30,CHIRPS_v2,UCSB-CHG/CHIRPS/DAILY,1991-2020,IBGE_2024
2200301,Alto Longá,PI,1743.331,10,out,26.668853053571617,OK,1991,2020,30,CHIRPS_v2,UCSB-CHG/CHIRPS/DAILY,1991-2020,IBGE_2024
2200400,Altos,PI,957.226,10,out,28.685307760808882,OK,1991,2020,30,CHIRPS_v2,UCSB-CHG/CHIRPS/DAILY,1991-2020,IBGE_2024
2207793,Pau D'Arco do Piauí,PI,430.024,10,out,30.582287144341407,OK,1991,2020,30,CHIRPS_v2,UCSB-CHG/CHIRPS/DAILY,1991-2020,IBGE_2024
2206951,Novo Santo Antônio,PI,443.873,10,out,18.31912238112362,OK,1991,2020,30,CHIRPS_v2,UCSB-CHG/CHIRPS/DAILY,1991-2020,IBGE_2024
2206407,Monsenhor Gil,PI,552.427,10,out,42.48949555417298,OK,1991,2020,30,CHIRPS_v2,UCSB-CHG/CHIRPS/DAILY,1991-2020,IBGE_2024
2206720,Nazária,PI,362.376,10,out,40.89852758708516,OK,1991,2020,30,CHIRPS_v2,UCSB-CHG/CHIRPS/DAILY,1991-2020,IBGE_2024
2206209,Miguel Alves,PI,1392.122,10,out,18.621893830468995,OK,1991,2020,30,CHIRPS_v2,UCSB-CHG/CHIRPS/DAILY,1991-2020,IBGE_2024
2205508,José de Freitas,PI,1538.175,10,out,22.88072093121514,OK,1991,2020,30,CHIRPS_v2,UCSB-CHG/CHIRPS/DAILY,1991-2020,IBGE_2024
2205557,Lagoa Alegre,PI,394.207,10,out,20.742138481414692,OK,1991,2020,30,CHIRPS_v2,UCSB-CHG/CHIRPS/DAILY,1991-2020,IBGE_2024
2205581,Lagoa do Piauí,PI,435.871,10,out,37.08992218449429,OK,1991,2020,30,CHIRPS_v2,UCSB-CHG/CHIRPS/DAILY,1991-2020,IBGE_2024
2203255,Curralinhos,PI,344.123,10,out,45.54586563264949,OK,1991,2020,30,CHIRPS_v2,UCSB-CHG/CHIRPS/DAILY,1991-2020,IBGE_2024
2203305,Demerval Lobão,PI,220.047,10,out,34.59128476341512,OK,1991,2020,30,CHIRPS_v2,UCSB-CHG/CHIRPS/DAILY,1991-2020,IBGE_2024
2211100,União,PI,1170.754,10,out,24.683099368159727,OK,1991,2020,30,CHIRPS_v2,UCSB-CHG/CHIRPS/DAILY,1991-2020,IBGE_2024
2202737,Coivaras,PI,484.465,10,out,23.976634456713406,OK,1991,2020,30,CHIRPS_v2,UCSB-CHG/CHIRPS/DAILY,1991-2020,IBGE_2024
2201606,Beneditinos,PI,937.443,10,out,32.918458383278335,OK,1991,2020,30,CHIRPS_v2,UCSB-CHG/CHIRPS/DAILY,1991-2020,IBGE_2024
2209609,São Félix do Piauí,PI,627.034,10,out,40.543304054872635,OK,1991,2020,30,CHIRPS_v2,UCSB-CHG/CHIRPS/DAILY,1991-2020,IBGE_2024
2200202,Água Branca,PI,96.843,10,out,46.13270958131405,OK,1991,2020,30,CHIRPS_v2,UCSB-CHG/CHIRPS/DAILY,1991-2020,IBGE_2024
2208809,Regeneração,PI,1247.509,10,out,41.40978432307224,OK,1991,2020,30,CHIRPS_v2,UCSB-CHG/CHIRPS/DAILY,1991-2020,IBGE_2024
2200608,Angical do Piauí,PI,222.023,10,out,50.883931497440734,OK,1991,2020,30,CHIRPS_v2,UCSB-CHG/CHIRPS/DAILY,1991-2020,IBGE_2024
2208601,Prata do Piauí,PI,196.786,10,out,35.973279937047955,OK,1991,2020,30,CHIRPS_v2,UCSB-CHG/CHIRPS/DAILY,1991-2020,IBGE_2024
2200509,Amarante,PI,1180.193,10,out,49.569368754144875,OK,1991,2020,30,CHIRPS_v2,UCSB-CHG/CHIRPS/DAILY,1991-2020,IBGE_2024
2200103,Agricolândia,PI,112.392,10,out,44.416688637037296,OK,1991,2020,30,CHIRPS_v2,UCSB-CHG/CHIRPS/DAILY,1991-2020,IBGE_2024
2207504,Palmeirais,PI,1493.766,10,out,48.92316225043638,OK,1991,2020,30,CHIRPS_v2,UCSB-CHG/CHIRPS/DAILY,1991-2020,IBGE_2024
2207751,Passagem Franca do Piauí,PI,643.209,10,out,43.14621515089685,OK,1991,2020,30,CHIRPS_v2,UCSB-CHG/CHIRPS/DAILY,1991-2020,IBGE_2024
2207108,Olho D'Água do Piauí,PI,183.605,10,out,44.36060130537539,OK,1991,2020,30,CHIRPS_v2,UCSB-CHG/CHIRPS/DAILY,1991-2020,IBGE_2024
2206308,Miguel Leão,PI,102.761,10,out,45.24105890515086,OK,1991,2020,30,CHIRPS_v2,UCSB-CHG/CHIRPS/DAILY,1991-2020,IBGE_2024
2205540,Lagoinha do Piauí,PI,67.649,10,out,44.61148542932556,OK,1991,2020,30,CHIRPS_v2,UCSB-CHG/CHIRPS/DAILY,1991-2020,IBGE_2024
2205250,Jardim do Mulato,PI,511.42,10,out,48.5358312414811,OK,1991,2020,30,CHIRPS_v2,UCSB-CHG/CHIRPS/DAILY,1991-2020,IBGE_2024
2204600,Hugo Napoleão,PI,224.573,10,out,46.981824941190624,OK,1991,2020,30,CHIRPS_v2,UCSB-CHG/CHIRPS/DAILY,1991-2020,IBGE_2024
2204006,Francinópolis,PI,268.704,10,out,37.39612784191315,OK,1991,2020,30,CHIRPS_v2,UCSB-CHG/CHIRPS/DAILY,1991-2020,IBGE_2024
2211407,Várzea Grande,PI,236.453,10,out,32.56129003211025,OK,1991,2020,30,CHIRPS_v2,UCSB-CHG/CHIRPS/DAILY,1991-2020,IBGE_2024
2203503,Elesbão Veloso,PI,1383.976,10,out,38.662805831015554,OK,1991,2020,30,CHIRPS_v2,UCSB-CHG/CHIRPS/DAILY,1991-2020,IBGE_2024
2210508,São Pedro do Piauí,PI,518.285,10,out,45.15070139480183,OK,1991,2020,30,CHIRPS_v2,UCSB-CHG/CHIRPS/DAILY,1991-2020,IBGE_2024
2210383,São Miguel da Baixa Grande,PI,444.528,10,out,41.04881321916473,OK,1991,2020,30,CHIRPS_v2,UCSB-CHG/CHIRPS/DAILY,1991-2020,IBGE_2024
2201408,Barro Duro,PI,159.436,10,out,42.681641408501264,OK,1991,2020,30,CHIRPS_v2,UCSB-CHG/CHIRPS/DAILY,1991-2020,IBGE_2024
2209450,Santo Antônio dos Milagres,PI,34.444,10,out,49.09912963329696,OK,1991,2020,30,CHIRPS_v2,UCSB-CHG/CHIRPS/DAILY,1991-2020,IBGE_2024
2209807,São Gonçalo do Piauí,PI,148.484,10,out,48.43410768200532,OK,1991,2020,30,CHIRPS_v2,UCSB-CHG/CHIRPS/DAILY,1991-2020,IBGE_2024
2201051,Assunção do Piauí,PI,1690.698,10,out,5.2177525387199095,OK,1991,2020,30,CHIRPS_v2,UCSB-CHG/CHIRPS/DAILY,1991-2020,IBGE_2024
2206753,Nossa Senhora de Nazaré,PI,356.872,10,out,19.238475799184656,OK,1991,2020,30,CHIRPS_v2,UCSB-CHG/CHIRPS/DAILY,1991-2020,IBGE_2024
2205276,Jatobá do Piauí,PI,651.747,10,out,12.68909096426596,OK,1991,2020,30,CHIRPS_v2,UCSB-CHG/CHIRPS/DAILY,1991-2020,IBGE_2024
2205516,Juazeiro do Piauí,PI,935.404,10,out,7.100226831680693,OK,1991,2020,30,CHIRPS_v2,UCSB-CHG/CHIRPS/DAILY,1991-2020,IBGE_2024
2202711,Cocal de Telha,PI,310.254,10,out,16.576093083973557,OK,1991,2020,30,CHIRPS_v2,UCSB-CHG/CHIRPS/DAILY,1991-2020,IBGE_2024
2210409,São Miguel do Tapuio,PI,4988.973,10,out,14.917787321410975,OK,1991,2020,30,CHIRPS_v2,UCSB-CHG/CHIRPS/DAILY,1991-2020,IBGE_2024
2202208,Campo Maior,PI,1680.863,10,out,18.915829870764746,OK,1991,2020,30,CHIRPS_v2,UCSB-CHG/CHIRPS/DAILY,1991-2020,IBGE_2024
2202604,Castelo do Piauí,PI,2378.846,10,out,10.439871985302606,OK,1991,2020,30,CHIRPS_v2,UCSB-CHG/CHIRPS/DAILY,1991-2020,IBGE_2024
2210656,Sigefredo Pacheco,PI,1031.102,10,out,10.86471980717787,OK,1991,2020,30,CHIRPS_v2,UCSB-CHG/CHIRPS/DAILY,1991-2020,IBGE_2024
2209906,São João da Serra,PI,994.224,10,out,23.036544376285114,OK,1991,2020,30,CHIRPS_v2,UCSB-CHG/CHIRPS/DAILY,1991-2020,IBGE_2024
2201945,Boqueirão do Piauí,PI,271.024,10,out,17.71602350290013,OK,1991,2020,30,CHIRPS_v2,UCSB-CHG/CHIRPS/DAILY,1991-2020,IBGE_2024
2202026,Buriti dos Montes,PI,2437.329,10,out,2.4933659638436425,OK,1991,2020,30,CHIRPS_v2,UCSB-CHG/CHIRPS/DAILY,1991-2020,IBGE_2024
2209153,Santa Cruz dos Milagres,PI,978.546,10,out,29.886639606005048,OK,1991,2020,30,CHIRPS_v2,UCSB-CHG/CHIRPS/DAILY,1991-2020,IBGE_2024
2200905,Aroazes,PI,821.211,10,out,31.32682995140774,OK,1991,2020,30,CHIRPS_v2,UCSB-CHG/CHIRPS/DAILY,1991-2020,IBGE_2024
2208106,Pimenteiras,PI,4555.95,10,out,14.853493037204839,OK,1991,2020,30,CHIRPS_v2,UCSB-CHG/CHIRPS/DAILY,1991-2020,IBGE_2024
2206902,Novo Oriente do Piauí,PI,525.906,10,out,31.274640106159268,OK,1991,2020,30,CHIRPS_v2,UCSB-CHG/CHIRPS/DAILY,1991-2020,IBGE_2024
2205599,Lagoa do Sítio,PI,805.018,10,out,23.865634432176552,OK,1991,2020,30,CHIRPS_v2,UCSB-CHG/CHIRPS/DAILY,1991-2020,IBGE_2024
2204808,Ipiranga do Piauí,PI,529.417,10,out,21.93280698418592,OK,1991,2020,30,CHIRPS_v2,UCSB-CHG/CHIRPS/DAILY,1991-2020,IBGE_2024
2204709,Inhuma,PI,978.222,10,out,23.37857991796268,OK,1991,2020,30,CHIRPS_v2,UCSB-CHG/CHIRPS/DAILY,1991-2020,IBGE_2024
2211308,Valença do Piauí,PI,1333.722,10,out,29.85749504517891,OK,1991,2020,30,CHIRPS_v2,UCSB-CHG/CHIRPS/DAILY,1991-2020,IBGE_2024
2201176,Barra D'Alcântara,PI,263.943,10,out,33.73461721027844,OK,1991,2020,30,CHIRPS_v2,UCSB-CHG/CHIRPS/DAILY,1991-2020,IBGE_2024
2208502,Porto,PI,253.114,10,out,12.447698554966166,OK,1991,2020,30,CHIRPS_v2,UCSB-CHG/CHIRPS/DAILY,1991-2020,IBGE_2024
2206803,Nossa Senhora dos Remédios,PI,357.896,10,out,14.886990639064585,OK,1991,2020,30,CHIRPS_v2,UCSB-CHG/CHIRPS/DAILY,1991-2020,IBGE_2024
2201770,Boa Hora,PI,339.902,10,out,14.384889460225098,OK,1991,2020,30,CHIRPS_v2,UCSB-CHG/CHIRPS/DAILY,1991-2020,IBGE_2024
2202059,Cabeceiras do Piauí,PI,608.744,10,out,17.152662624288258,OK,1991,2020,30,CHIRPS_v2,UCSB-CHG/CHIRPS/DAILY,1991-2020,IBGE_2024
2202174,Campo Largo do Piauí,PI,478.079,10,out,12.72773439058939,OK,1991,2020,30,CHIRPS_v2,UCSB-CHG/CHIRPS/DAILY,1991-2020,IBGE_2024
2201200,Barras,PI,1722.506,10,out,15.3607101841257,OK,1991,2020,30,CHIRPS_v2,UCSB-CHG/CHIRPS/DAILY,1991-2020,IBGE_2024
2207702,Parnaíba,PI,436.907,10,out,4.354169576493527,OK,1991,2020,30,CHIRPS_v2,UCSB-CHG/CHIRPS/DAILY,1991-2020,IBGE_2024
2206696,Murici dos Portelas,PI,475.72,10,out,9.693223185864065,OK,1991,2020,30,CHIRPS_v2,UCSB-CHG/CHIRPS/DAILY,1991-2020,IBGE_2024
2205706,Luís Correia,PI,1074.133,10,out,2.5104789027584573,OK,1991,2020,30,CHIRPS_v2,UCSB-CHG/CHIRPS/DAILY,1991-2020,IBGE_2024
2204659,Ilha Grande,PI,129.696,10,out,3.032784392674553,OK,1991,2020,30,CHIRPS_v2,UCSB-CHG/CHIRPS/DAILY,1991-2020,IBGE_2024
2202729,Cocal dos Alves,PI,324.856,10,out,7.124576897431326,OK,1991,2020,30,CHIRPS_v2,UCSB-CHG/CHIRPS/DAILY,1991-2020,IBGE_2024
2202703,Cocal,PI,1294.131,10,out,6.299667358520343,OK,1991,2020,30,CHIRPS_v2,UCSB-CHG/CHIRPS/DAILY,1991-2020,IBGE_2024
2202653,Caxingó,PI,491.093,10,out,8.364940866637166,OK,1991,2020,30,CHIRPS_v2,UCSB-CHG/CHIRPS/DAILY,1991-2020,IBGE_2024
2202539,Caraúbas do Piauí,PI,463.184,10,out,11.182465756976805,OK,1991,2020,30,CHIRPS_v2,UCSB-CHG/CHIRPS/DAILY,1991-2020,IBGE_2024
2201919,Bom Princípio do Piauí,PI,523.143,10,out,4.1739714170044575,OK,1991,2020,30,CHIRPS_v2,UCSB-CHG/CHIRPS/DAILY,1991-2020,IBGE_2024
2202083,Cajueiro da Praia,PI,271.165,10,out,1.6151165208559972,OK,1991,2020,30,CHIRPS_v2,UCSB-CHG/CHIRPS/DAILY,1991-2020,IBGE_2024
2202000,Buriti dos Lopes,PI,690.539,10,out,5.7916445928301705,OK,1991,2020,30,CHIRPS_v2,UCSB-CHG/CHIRPS/DAILY,1991-2020,IBGE_2024
2208403,Piripiri,PI,1406.925,10,out,15.96100702615218,OK,1991,2020,30,CHIRPS_v2,UCSB-CHG/CHIRPS/DAILY,1991-2020,IBGE_2024
2207900,Pedro II,PI,1544.373,10,out,5.58225681765957,OK,1991,2020,30,CHIRPS_v2,UCSB-CHG/CHIRPS/DAILY,1991-2020,IBGE_2024
2208304,Piracuruca,PI,2309.93,10,out,11.1807562981735,OK,1991,2020,30,CHIRPS_v2,UCSB-CHG/CHIRPS/DAILY,1991-2020,IBGE_2024
2206357,Milton Brandão,PI,1310.728,10,out,6.186063739040911,OK,1991,2020,30,CHIRPS_v2,UCSB-CHG/CHIRPS/DAILY,1991-2020,IBGE_2024
2205573,Lagoa de São Francisco,PI,155.86,10,out,12.00170661812871,OK,1991,2020,30,CHIRPS_v2,UCSB-CHG/CHIRPS/DAILY,1991-2020,IBGE_2024
2203420,Domingos Mourão,PI,848.705,10,out,5.873665884802117,OK,1991,2020,30,CHIRPS_v2,UCSB-CHG/CHIRPS/DAILY,1991-2020,IBGE_2024
2202406,Capitão de Campos,PI,564.858,10,out,15.129680789967578,OK,1991,2020,30,CHIRPS_v2,UCSB-CHG/CHIRPS/DAILY,1991-2020,IBGE_2024
2210052,São José do Divino,PI,391.157,10,out,13.113109445167703,OK,1991,2020,30,CHIRPS_v2,UCSB-CHG/CHIRPS/DAILY,1991-2020,IBGE_2024
2209872,São João da Fronteira,PI,817.115,10,out,5.93210679585763,OK,1991,2020,30,CHIRPS_v2,UCSB-CHG/CHIRPS/DAILY,1991-2020,IBGE_2024
2201960,Brasileira,PI,880.836,10,out,14.036990612154243,OK,1991,2020,30,CHIRPS_v2,UCSB-CHG/CHIRPS/DAILY,1991-2020,IBGE_2024
2201507,Batalha,PI,1584.255,10,out,15.012596315776781,OK,1991,2020,30,CHIRPS_v2,UCSB-CHG/CHIRPS/DAILY,1991-2020,IBGE_2024
2206670,Morro do Chapéu do Piauí,PI,314.436,10,out,16.04898638880928,OK,1991,2020,30,CHIRPS_v2,UCSB-CHG/CHIRPS/DAILY,1991-2020,IBGE_2024
2205805,Luzilândia,PI,699.182,10,out,14.738588896376022,OK,1991,2020,30,CHIRPS_v2,UCSB-CHG/CHIRPS/DAILY,1991-2020,IBGE_2024
2205854,Madeiro,PI,178.843,10,out,14.1480280234396,OK,1991,2020,30,CHIRPS_v2,UCSB-CHG/CHIRPS/DAILY,1991-2020,IBGE_2024
2206100,Matias Olímpio,PI,226.785,10,out,12.439321729735397,OK,1991,2020,30,CHIRPS_v2,UCSB-CHG/CHIRPS/DAILY,1991-2020,IBGE_2024
2205409,Joaquim Pires,PI,756.188,10,out,13.553083408059937,OK,1991,2020,30,CHIRPS_v2,UCSB-CHG/CHIRPS/DAILY,1991-2020,IBGE_2024
2205458,Joca Marques,PI,169.005,10,out,14.5253488903953,OK,1991,2020,30,CHIRPS_v2,UCSB-CHG/CHIRPS/DAILY,1991-2020,IBGE_2024
2203701,Esperantina,PI,911.736,10,out,14.913174410905826,OK,1991,2020,30,CHIRPS_v2,UCSB-CHG/CHIRPS/DAILY,1991-2020,IBGE_2024
2209971,São João do Arraial,PI,215.149,10,out,14.26872525795502,OK,1991,2020,30,CHIRPS_v2,UCSB-CHG/CHIRPS/DAILY,1991-2020,IBGE_2024
2200954,Aroeiras do Itaim,PI,316.235,10,out,17.97484025627135,OK,1991,2020,30,CHIRPS_v2,UCSB-CHG/CHIRPS/DAILY,1991-2020,IBGE_2024
2209104,Santa Cruz do Piauí,PI,562.402,10,out,19.240186034184838,OK,1991,2020,30,CHIRPS_v2,UCSB-CHG/CHIRPS/DAILY,1991-2020,IBGE_2024
2200277,Alegrete do Piauí,PI,243.732,10,out,11.148205423127633,OK,1991,2020,30,CHIRPS_v2,UCSB-CHG/CHIRPS/DAILY,1991-2020,IBGE_2024
2200251,Alagoinha do Piauí,PI,535.89,10,out,13.462651623036008,OK,1991,2020,30,CHIRPS_v2,UCSB-CHG/CHIRPS/DAILY,1991-2020,IBGE_2024
2208007,Picos,PI,577.284,10,out,15.786603037196127,OK,1991,2020,30,CHIRPS_v2,UCSB-CHG/CHIRPS/DAILY,1991-2020,IBGE_2024
2208205,Pio IX,PI,1948.141,10,out,9.074251166735527,OK,1991,2020,30,CHIRPS_v2,UCSB-CHG/CHIRPS/DAILY,1991-2020,IBGE_2024
2207553,Paquetá,PI,432.572,10,out,17.961178600629207,OK,1991,2020,30,CHIRPS_v2,UCSB-CHG/CHIRPS/DAILY,1991-2020,IBGE_2024
2207207,Padre Marcos,PI,278.696,10,out,9.84183758585053,OK,1991,2020,30,CHIRPS_v2,UCSB-CHG/CHIRPS/DAILY,1991-2020,IBGE_2024
2206506,Monsenhor Hipólito,PI,401.568,10,out,13.823898371301805,OK,1991,2020,30,CHIRPS_v2,UCSB-CHG/CHIRPS/DAILY,1991-2020,IBGE_2024
2205953,Marcolândia,PI,136.786,10,out,6.973910111732759,OK,1991,2020,30,CHIRPS_v2,UCSB-CHG/CHIRPS/DAILY,1991-2020,IBGE_2024
2206050,Massapê do Piauí,PI,530.169,10,out,12.11229682393625,OK,1991,2020,30,CHIRPS_v2,UCSB-CHG/CHIRPS/DAILY,1991-2020,IBGE_2024
2204907,Isaías Coelho,PI,800.687,10,out,13.980373782840655,OK,1991,2020,30,CHIRPS_v2,UCSB-CHG/CHIRPS/DAILY,1991-2020,IBGE_2024
2205201,Jaicós,PI,866.788,10,out,12.55069596728914,OK,1991,2020,30,CHIRPS_v2,UCSB-CHG/CHIRPS/DAILY,1991-2020,IBGE_2024
2205003,Itainópolis,PI,827.62,10,out,16.373547115241372,OK,1991,2020,30,CHIRPS_v2,UCSB-CHG/CHIRPS/DAILY,1991-2020,IBGE_2024
2204352,Geminiano,PI,440.606,10,out,15.979522255186508,OK,1991,2020,30,CHIRPS_v2,UCSB-CHG/CHIRPS/DAILY,1991-2020,IBGE_2024
2204303,Fronteiras,PI,777.179,10,out,8.585868835864888,OK,1991,2020,30,CHIRPS_v2,UCSB-CHG/CHIRPS/DAILY,1991-2020,IBGE_2024
2204154,Francisco Macedo,PI,179.245,10,out,9.745099525094485,OK,1991,2020,30,CHIRPS_v2,UCSB-CHG/CHIRPS/DAILY,1991-2020,IBGE_2024
2204204,Francisco Santos,PI,492.191,10,out,15.16263920630188,OK,1991,2020,30,CHIRPS_v2,UCSB-CHG/CHIRPS/DAILY,1991-2020,IBGE_2024
2211605,Vila Nova do Piauí,PI,221.627,10,out,12.554257887508012,OK,1991,2020,30,CHIRPS_v2,UCSB-CHG/CHIRPS/DAILY,1991-2020,IBGE_2024
2203404,Dom Expedito Lopes,PI,218.808,10,out,18.21536144583824,OK,1991,2020,30,CHIRPS_v2,UCSB-CHG/CHIRPS/DAILY,1991-2020,IBGE_2024
2211506,Vera Mendes,PI,341.975,10,out,13.347301985834054,OK,1991,2020,30,CHIRPS_v2,UCSB-CHG/CHIRPS/DAILY,1991-2020,IBGE_2024
2211704,Wall Ferraz,PI,317.278,10,out,21.574126146467673,OK,1991,2020,30,CHIRPS_v2,UCSB-CHG/CHIRPS/DAILY,1991-2020,IBGE_2024
2210938,Sussuapara,PI,205.194,10,out,16.042661180989953,OK,1991,2020,30,CHIRPS_v2,UCSB-CHG/CHIRPS/DAILY,1991-2020,IBGE_2024
2210375,São Luis do Piauí,PI,238.099,10,out,17.097189093463086,OK,1991,2020,30,CHIRPS_v2,UCSB-CHG/CHIRPS/DAILY,1991-2020,IBGE_2024
2201804,Bocaina,PI,261.49,10,out,17.121902657756312,OK,1991,2020,30,CHIRPS_v2,UCSB-CHG/CHIRPS/DAILY,1991-2020,IBGE_2024
2210300,São Julião,PI,291.089,10,out,11.943329062212797,OK,1991,2020,30,CHIRPS_v2,UCSB-CHG/CHIRPS/DAILY,1991-2020,IBGE_2024
2202091,Caldeirão Grande do Piauí,PI,467.082,10,out,9.048538113338436,OK,1991,2020,30,CHIRPS_v2,UCSB-CHG/CHIRPS/DAILY,1991-2020,IBGE_2024
2202133,Campo Grande do Piauí,PI,311.682,10,out,14.005924097061568,OK,1991,2020,30,CHIRPS_v2,UCSB-CHG/CHIRPS/DAILY,1991-2020,IBGE_2024
2210201,São José do Piauí,PI,373.347,10,out,18.670776214899924,OK,1991,2020,30,CHIRPS_v2,UCSB-CHG/CHIRPS/DAILY,1991-2020,IBGE_2024
2209401,Santo Antônio de Lisboa,PI,376.353,10,out,16.075944410169267,OK,1991,2020,30,CHIRPS_v2,UCSB-CHG/CHIRPS/DAILY,1991-2020,IBGE_2024
2209351,Santana do Piauí,PI,112.189,10,out,16.763540547458216,OK,1991,2020,30,CHIRPS_v2,UCSB-CHG/CHIRPS/DAILY,1991-2020,IBGE_2024
2201572,Belém do Piauí,PI,243.234,10,out,10.81518363378876,OK,1991,2020,30,CHIRPS_v2,UCSB-CHG/CHIRPS/DAILY,1991-2020,IBGE_2024
2209856,São João da Canabrava,PI,476.094,10,out,19.275007512376426,OK,1991,2020,30,CHIRPS_v2,UCSB-CHG/CHIRPS/DAILY,1991-2020,IBGE_2024
2208650,Queimada Nova,PI,1283.369,10,out,12.06129828810448,OK,1991,2020,30,CHIRPS_v2,UCSB-CHG/CHIRPS/DAILY,1991-2020,IBGE_2024
2200053,Acauã,PI,1196.75,10,out,10.546926373014482,OK,1991,2020,30,CHIRPS_v2,UCSB-CHG/CHIRPS/DAILY,1991-2020,IBGE_2024
2207801,Paulistana,PI,1937.343,10,out,9.954338041346457,OK,1991,2020,30,CHIRPS_v2,UCSB-CHG/CHIRPS/DAILY,1991-2020,IBGE_2024
2207777,Patos do Piauí,PI,801.403,10,out,12.865925245287904,OK,1991,2020,30,CHIRPS_v2,UCSB-CHG/CHIRPS/DAILY,1991-2020,IBGE_2024
2205151,Jacobina do Piauí,PI,1333.796,10,out,10.77244415573703,OK,1991,2020,30,CHIRPS_v2,UCSB-CHG/CHIRPS/DAILY,1991-2020,IBGE_2024
2203271,Curral Novo do Piauí,PI,755.252,10,out,6.321681211369894,OK,1991,2020,30,CHIRPS_v2,UCSB-CHG/CHIRPS/DAILY,1991-2020,IBGE_2024
2202554,Caridade do Piauí,PI,498.793,10,out,8.868850759297594,OK,1991,2020,30,CHIRPS_v2,UCSB-CHG/CHIRPS/DAILY,1991-2020,IBGE_2024
2210706,Simões,PI,1076.055,10,out,6.522785265766059,OK,1991,2020,30,CHIRPS_v2,UCSB-CHG/CHIRPS/DAILY,1991-2020,IBGE_2024
2201739,Betânia do Piauí,PI,667.433,10,out,7.159107157962809,OK,1991,2020,30,CHIRPS_v2,UCSB-CHG/CHIRPS/DAILY,1991-2020,IBGE_2024
2207009,Oeiras,PI,2696.724,10,out,28.46246050074131,OK,1991,2020,30,CHIRPS_v2,UCSB-CHG/CHIRPS/DAILY,1991-2020,IBGE_2024
2203859,Floresta do Piauí,PI,221.519,10,out,17.259110036930004,OK,1991,2020,30,CHIRPS_v2,UCSB-CHG/CHIRPS/DAILY,1991-2020,IBGE_2024
2210979,Tanque do Piauí,PI,408.985,10,out,30.48663981784578,OK,1991,2020,30,CHIRPS_v2,UCSB-CHG/CHIRPS/DAILY,1991-2020,IBGE_2024
2202778,Colônia do Piauí,PI,938.303,10,out,26.81270122867561,OK,1991,2020,30,CHIRPS_v2,UCSB-CHG/CHIRPS/DAILY,1991-2020,IBGE_2024
2210391,São Miguel do Fidalgo,PI,813.444,10,out,25.550711559550894,OK,1991,2020,30,CHIRPS_v2,UCSB-CHG/CHIRPS/DAILY,1991-2020,IBGE_2024
2209955,São João da Varjota,PI,394.457,10,out,24.136994222055304,OK,1991,2020,30,CHIRPS_v2,UCSB-CHG/CHIRPS/DAILY,1991-2020,IBGE_2024
2202075,Cajazeiras do Piauí,PI,515.427,10,out,33.88992498465741,OK,1991,2020,30,CHIRPS_v2,UCSB-CHG/CHIRPS/DAILY,1991-2020,IBGE_2024
2209500,Santo Inácio do Piauí,PI,845.492,10,out,21.931160030925003,OK,1991,2020,30,CHIRPS_v2,UCSB-CHG/CHIRPS/DAILY,1991-2020,IBGE_2024
2209377,Santa Rosa do Piauí,PI,338.339,10,out,29.611209580303278,OK,1991,2020,30,CHIRPS_v2,UCSB-CHG/CHIRPS/DAILY,1991-2020,IBGE_2024
2207306,Paes Landim,PI,401.379,10,out,22.669976669078867,OK,1991,2020,30,CHIRPS_v2,UCSB-CHG/CHIRPS/DAILY,1991-2020,IBGE_2024
2210904,Socorro do Piauí,PI,761.854,10,out,27.784558019413915,OK,1991,2020,30,CHIRPS_v2,UCSB-CHG/CHIRPS/DAILY,1991-2020,IBGE_2024
2202802,Conceição do Canindé,PI,824.729,10,out,13.608554529573032,OK,1991,2020,30,CHIRPS_v2,UCSB-CHG/CHIRPS/DAILY,1991-2020,IBGE_2024
2210805,Simplício Mendes,PI,1360.04,10,out,18.530636739720432,OK,1991,2020,30,CHIRPS_v2,UCSB-CHG/CHIRPS/DAILY,1991-2020,IBGE_2024
2202109,Campinas do Piauí,PI,783.843,10,out,16.84527454928287,OK,1991,2020,30,CHIRPS_v2,UCSB-CHG/CHIRPS/DAILY,1991-2020,IBGE_2024
2201556,Bela Vista do Piauí,PI,499.092,10,out,14.524214498860042,OK,1991,2020,30,CHIRPS_v2,UCSB-CHG/CHIRPS/DAILY,1991-2020,IBGE_2024
2209658,São Francisco de Assis do Piauí,PI,1072.311,10,out,11.861768047184585,OK,1991,2020,30,CHIRPS_v2,UCSB-CHG/CHIRPS/DAILY,1991-2020,IBGE_2024
2200707,Anísio de Abreu,PI,337.876,10,out,29.23994919379463,OK,1991,2020,30,CHIRPS_v2,UCSB-CHG/CHIRPS/DAILY,1991-2020,IBGE_2024
2205532,Jurema,PI,1271.881,10,out,37.869728784141024,OK,1991,2020,30,CHIRPS_v2,UCSB-CHG/CHIRPS/DAILY,1991-2020,IBGE_2024
2204550,Guaribas,PI,3118.231,10,out,53.580112443589684,OK,1991,2020,30,CHIRPS_v2,UCSB-CHG/CHIRPS/DAILY,1991-2020,IBGE_2024
2203750,Fartura do Piauí,PI,713.047,10,out,24.15108400287245,OK,1991,2020,30,CHIRPS_v2,UCSB-CHG/CHIRPS/DAILY,1991-2020,IBGE_2024
2203354,Dirceu Arcoverde,PI,1005.572,10,out,25.334186027700067,OK,1991,2020,30,CHIRPS_v2,UCSB-CHG/CHIRPS/DAILY,1991-2020,IBGE_2024
2203453,Dom Inocêncio,PI,3871.83,10,out,16.34604464687916,OK,1991,2020,30,CHIRPS_v2,UCSB-CHG/CHIRPS/DAILY,1991-2020,IBGE_2024
2202851,Coronel José Dias,PI,1926.095,10,out,25.742037699718864,OK,1991,2020,30,CHIRPS_v2,UCSB-CHG/CHIRPS/DAILY,1991-2020,IBGE_2024
2211357,Várzea Branca,PI,450.429,10,out,26.25527186192542,OK,1991,2020,30,CHIRPS_v2,UCSB-CHG/CHIRPS/DAILY,1991-2020,IBGE_2024
2210607,São Raimundo Nonato,PI,2415.29,10,out,30.0741485905366,OK,1991,2020,30,CHIRPS_v2,UCSB-CHG/CHIRPS/DAILY,1991-2020,IBGE_2024
2202505,Caracol,PI,1610.959,10,out,40.0175947613839,OK,1991,2020,30,CHIRPS_v2,UCSB-CHG/CHIRPS/DAILY,1991-2020,IBGE_2024
2210359,São Lourenço do Piauí,PI,673.821,10,out,25.72589107943748,OK,1991,2020,30,CHIRPS_v2,UCSB-CHG/CHIRPS/DAILY,1991-2020,IBGE_2024
2201929,Bonfim do Piauí,PI,289.149,10,out,26.150780739392506,OK,1991,2020,30,CHIRPS_v2,UCSB-CHG/CHIRPS/DAILY,1991-2020,IBGE_2024
2209559,São Braz do Piauí,PI,656.042,10,out,33.95981155125164,OK,1991,2020,30,CHIRPS_v2,UCSB-CHG/CHIRPS/DAILY,1991-2020,IBGE_2024
2208874,Ribeira do Piauí,PI,1012.479,10,out,29.781575837829525,OK,1991,2020,30,CHIRPS_v2,UCSB-CHG/CHIRPS/DAILY,1991-2020,IBGE_2024
2207959,Nova Santa Rita,PI,909.734,10,out,16.83445542214641,OK,1991,2020,30,CHIRPS_v2,UCSB-CHG/CHIRPS/DAILY,1991-2020,IBGE_2024
2207934,Pedro Laurentino,PI,870.613,10,out,20.51886118975252,OK,1991,2020,30,CHIRPS_v2,UCSB-CHG/CHIRPS/DAILY,1991-2020,IBGE_2024
2205359,João Costa,PI,1800.237,10,out,27.427717921145177,OK,1991,2020,30,CHIRPS_v2,UCSB-CHG/CHIRPS/DAILY,1991-2020,IBGE_2024
2205565,Lagoa do Barro do Piauí,PI,1331.025,10,out,12.085798636041634,OK,1991,2020,30,CHIRPS_v2,UCSB-CHG/CHIRPS/DAILY,1991-2020,IBGE_2024
2202455,Capitão Gervásio Oliveira,PI,1132.996,10,out,12.70438883575885,OK,1991,2020,30,CHIRPS_v2,UCSB-CHG/CHIRPS/DAILY,1991-2020,IBGE_2024
2210003,São João do Piauí,PI,1527.488,10,out,17.530697052824017,OK,1991,2020,30,CHIRPS_v2,UCSB-CHG/CHIRPS/DAILY,1991-2020,IBGE_2024
2202117,Campo Alegre do Fidalgo,PI,657.797,10,out,12.319309857188006,OK,1991,2020,30,CHIRPS_v2,UCSB-CHG/CHIRPS/DAILY,1991-2020,IBGE_2024
2208858,Riacho Frio,PI,2220.597,10,out,62.27120252271145,OK,1991,2020,30,CHIRPS_v2,UCSB-CHG/CHIRPS/DAILY,1991-2020,IBGE_2024
2201101,Avelino Lopes,PI,1220.369,10,out,41.23299936825618,OK,1991,2020,30,CHIRPS_v2,UCSB-CHG/CHIRPS/DAILY,1991-2020,IBGE_2024
2207603,Parnaguá,PI,3428.811,10,out,55.45071713642032,OK,1991,2020,30,CHIRPS_v2,UCSB-CHG/CHIRPS/DAILY,1991-2020,IBGE_2024
2206654,Morro Cabeça no Tempo,PI,2207.658,10,out,43.315551288346754,OK,1991,2020,30,CHIRPS_v2,UCSB-CHG/CHIRPS/DAILY,1991-2020,IBGE_2024
2206605,Monte Alegre do Piauí,PI,2417.394,10,out,64.90668888599483,OK,1991,2020,30,CHIRPS_v2,UCSB-CHG/CHIRPS/DAILY,1991-2020,IBGE_2024
2205524,Júlio Borges,PI,1283.918,10,out,46.466717261865696,OK,1991,2020,30,CHIRPS_v2,UCSB-CHG/CHIRPS/DAILY,1991-2020,IBGE_2024
2204402,Gilbués,PI,3495.692,10,out,71.54751961878016,OK,1991,2020,30,CHIRPS_v2,UCSB-CHG/CHIRPS/DAILY,1991-2020,IBGE_2024
2202901,Corrente,PI,3048.746,10,out,61.655443705076046,OK,1991,2020,30,CHIRPS_v2,UCSB-CHG/CHIRPS/DAILY,1991-2020,IBGE_2024
2203206,Curimatá,PI,2344.949,10,out,48.48071395437341,OK,1991,2020,30,CHIRPS_v2,UCSB-CHG/CHIRPS/DAILY,1991-2020,IBGE_2024
2203008,Cristalândia do Piauí,PI,1202.898,10,out,61.7394414207174,OK,1991,2020,30,CHIRPS_v2,UCSB-CHG/CHIRPS/DAILY,1991-2020,IBGE_2024
2210623,Sebastião Barros,PI,893.489,10,out,55.253394347404395,OK,1991,2020,30,CHIRPS_v2,UCSB-CHG/CHIRPS/DAILY,1991-2020,IBGE_2024
2209302,Santa Luz,PI,1185.404,10,out,72.09077839310469,OK,1991,2020,30,CHIRPS_v2,UCSB-CHG/CHIRPS/DAILY,1991-2020,IBGE_2024
2208700,Redenção do Gurguéia,PI,2470.575,10,out,62.46636169857659,OK,1991,2020,30,CHIRPS_v2,UCSB-CHG/CHIRPS/DAILY,1991-2020,IBGE_2024
2200459,Alvorada do Gurguéia,PI,2131.517,10,out,62.19836080684237,OK,1991,2020,30,CHIRPS_v2,UCSB-CHG/CHIRPS/DAILY,1991-2020,IBGE_2024
2207405,Palmeira do Piauí,PI,2023.971,10,out,72.02603977543554,OK,1991,2020,30,CHIRPS_v2,UCSB-CHG/CHIRPS/DAILY,1991-2020,IBGE_2024
2203230,Currais,PI,3156.695,10,out,70.71502007427695,OK,1991,2020,30,CHIRPS_v2,UCSB-CHG/CHIRPS/DAILY,1991-2020,IBGE_2024
2202752,Colônia do Gurguéia,PI,429.582,10,out,52.991301697990494,OK,1991,2020,30,CHIRPS_v2,UCSB-CHG/CHIRPS/DAILY,1991-2020,IBGE_2024
2203107,Cristino Castro,PI,1845.69,10,out,62.839713018561284,OK,1991,2020,30,CHIRPS_v2,UCSB-CHG/CHIRPS/DAILY,1991-2020,IBGE_2024
2201903,Bom Jesus,PI,5470.984,10,out,68.45062577643053,OK,1991,2020,30,CHIRPS_v2,UCSB-CHG/CHIRPS/DAILY,1991-2020,IBGE_2024
2209708,São Francisco do Piauí,PI,1341.44,10,out,34.19941356338939,OK,1991,2020,30,CHIRPS_v2,UCSB-CHG/CHIRPS/DAILY,1991-2020,IBGE_2024
2201002,Arraial,PI,619.21,10,out,37.335529788957224,OK,1991,2020,30,CHIRPS_v2,UCSB-CHG/CHIRPS/DAILY,1991-2020,IBGE_2024
2208551,Porto Alegre do Piauí,PI,1168.044,10,out,54.15162238298474,OK,1991,2020,30,CHIRPS_v2,UCSB-CHG/CHIRPS/DAILY,1991-2020,IBGE_2024
2206704,Nazaré do Piauí,PI,1316.762,10,out,37.650337677632066,OK,1991,2020,30,CHIRPS_v2,UCSB-CHG/CHIRPS/DAILY,1991-2020,IBGE_2024
2206001,Marcos Parente,PI,677.416,10,out,44.33723128047319,OK,1991,2020,30,CHIRPS_v2,UCSB-CHG/CHIRPS/DAILY,1991-2020,IBGE_2024
2205300,Jerumenha,PI,1865.94,10,out,36.51658456424506,OK,1991,2020,30,CHIRPS_v2,UCSB-CHG/CHIRPS/DAILY,1991-2020,IBGE_2024
2205607,Landri Sales,PI,1088.583,10,out,47.77321944589844,OK,1991,2020,30,CHIRPS_v2,UCSB-CHG/CHIRPS/DAILY,1991-2020,IBGE_2024
2205102,Itaueira,PI,2554.178,10,out,36.26739237605889,OK,1991,2020,30,CHIRPS_v2,UCSB-CHG/CHIRPS/DAILY,1991-2020,IBGE_2024
2204501,Guadalupe,PI,1026.538,10,out,48.32013050949499,OK,1991,2020,30,CHIRPS_v2,UCSB-CHG/CHIRPS/DAILY,1991-2020,IBGE_2024
2203909,Floriano,PI,3407.978,10,out,39.469624409077454,OK,1991,2020,30,CHIRPS_v2,UCSB-CHG/CHIRPS/DAILY,1991-2020,IBGE_2024
2204105,Francisco Ayres,PI,682.514,10,out,39.73116674555412,OK,1991,2020,30,CHIRPS_v2,UCSB-CHG/CHIRPS/DAILY,1991-2020,IBGE_2024
2202251,Canavieira,PI,2165.2,10,out,44.60016294502302,OK,1991,2020,30,CHIRPS_v2,UCSB-CHG/CHIRPS/DAILY,1991-2020,IBGE_2024
2210102,São José do Peixe,PI,1287.174,10,out,32.14983244499019,OK,1991,2020,30,CHIRPS_v2,UCSB-CHG/CHIRPS/DAILY,1991-2020,IBGE_2024
2200806,Antônio Almeida,PI,644.801,10,out,58.46783873472451,OK,1991,2020,30,CHIRPS_v2,UCSB-CHG/CHIRPS/DAILY,1991-2020,IBGE_2024
2208908,Ribeiro Gonçalves,PI,3987.142,10,out,76.01015459157975,OK,1991,2020,30,CHIRPS_v2,UCSB-CHG/CHIRPS/DAILY,1991-2020,IBGE_2024
2201150,Baixa Grande do Ribeiro,PI,7808.913,10,out,73.9087381176119,OK,1991,2020,30,CHIRPS_v2,UCSB-CHG/CHIRPS/DAILY,1991-2020,IBGE_2024
2205904,Manoel Emídio,PI,1620.412,10,out,71.82923131891496,OK,1991,2020,30,CHIRPS_v2,UCSB-CHG/CHIRPS/DAILY,1991-2020,IBGE_2024
2211209,Uruçuí,PI,8413.009,10,out,68.12403610126498,OK,1991,2020,30,CHIRPS_v2,UCSB-CHG/CHIRPS/DAILY,1991-2020,IBGE_2024
2210631,Sebastião Leal,PI,3148.866,10,out,59.17815465829428,OK,1991,2020,30,CHIRPS_v2,UCSB-CHG/CHIRPS/DAILY,1991-2020,IBGE_2024
2201705,Bertolínia,PI,1216.116,10,out,55.76558171861607,OK,1991,2020,30,CHIRPS_v2,UCSB-CHG/CHIRPS/DAILY,1991-2020,IBGE_2024
2209005,Rio Grande do Piauí,PI,635.953,10,out,40.37242574278921,OK,1991,2020,30,CHIRPS_v2,UCSB-CHG/CHIRPS/DAILY,1991-2020,IBGE_2024
2207850,Pavussu,PI,1090.697,10,out,46.053667727878,OK,1991,2020,30,CHIRPS_v2,UCSB-CHG/CHIRPS/DAILY,1991-2020,IBGE_2024
2207355,Pajeú do Piauí,PI,986.961,10,out,32.83307693534931,OK,1991,2020,30,CHIRPS_v2,UCSB-CHG/CHIRPS/DAILY,1991-2020,IBGE_2024
2203800,Flores do Piauí,PI,946.72,10,out,34.592576052222,OK,1991,2020,30,CHIRPS_v2,UCSB-CHG/CHIRPS/DAILY,1991-2020,IBGE_2024
2203602,Eliseu Martins,PI,1097.866,10,out,48.79624242520005,OK,1991,2020,30,CHIRPS_v2,UCSB-CHG/CHIRPS/DAILY,1991-2020,IBGE_2024
2210953,Tamboril do Piauí,PI,1587.296,10,out,43.06932968919387,OK,1991,2020,30,CHIRPS_v2,UCSB-CHG/CHIRPS/DAILY,1991-2020,IBGE_2024
2202307,Canto do Buriti,PI,4325.643,10,out,44.84346114065036,OK,1991,2020,30,CHIRPS_v2,UCSB-CHG/CHIRPS/DAILY,1991-2020,IBGE_2024
2201988,Brejo do Piauí,PI,2267.326,10,out,33.074931551483964,OK,1991,2020,30,CHIRPS_v2,UCSB-CHG/CHIRPS/DAILY,1991-2020,IBGE_2024
2307700,Maranguape,CE,583.506,10,out,5.287107389772934,OK,1991,2020,30,CHIRPS_v2,UCSB-CHG/CHIRPS/DAILY,1991-2020,IBGE_2024
2307650,Maracanaú,CE,105.084,10,out,8.782612241905088,OK,1991,2020,30,CHIRPS_v2,UCSB-CHG/CHIRPS/DAILY,1991-2020,IBGE_2024
2306256,Itaitinga,CE,153.686,10,out,5.032648434928964,OK,1991,2020,30,CHIRPS_v2,UCSB-CHG/CHIRPS/DAILY,1991-2020,IBGE_2024
2304285,Eusébio,CE,78.818,10,out,0.23518495150047505,OK,1991,2020,30,CHIRPS_v2,UCSB-CHG/CHIRPS/DAILY,1991-2020,IBGE_2024
2304400,Fortaleza,CE,312.353,10,out,0.699050166313487,OK,1991,2020,30,CHIRPS_v2,UCSB-CHG/CHIRPS/DAILY,1991-2020,IBGE_2024
2303709,Caucaia,CE,1223.199,10,out,1.7364977086304771,OK,1991,2020,30,CHIRPS_v2,UCSB-CHG/CHIRPS/DAILY,1991-2020,IBGE_2024
2309706,Pacatuba,CE,133.223,10,out,5.260731484545214,OK,1991,2020,30,CHIRPS_v2,UCSB-CHG/CHIRPS/DAILY,1991-2020,IBGE_2024
2301000,Aquiraz,CE,480.236,10,out,3.8067468991782216,OK,1991,2020,30,CHIRPS_v2,UCSB-CHG/CHIRPS/DAILY,1991-2020,IBGE_2024
2305233,Horizonte,CE,160.556,10,out,8.263832846680055,OK,1991,2020,30,CHIRPS_v2,UCSB-CHG/CHIRPS/DAILY,1991-2020,IBGE_2024
2304954,Guaiúba,CE,256.053,10,out,8.339101547919247,OK,1991,2020,30,CHIRPS_v2,UCSB-CHG/CHIRPS/DAILY,1991-2020,IBGE_2024
2312403,São Gonçalo do Amarante,CE,842.679,10,out,0.2914470340436074,OK,1991,2020,30,CHIRPS_v2,UCSB-CHG/CHIRPS/DAILY,1991-2020,IBGE_2024
2312601,São Luís do Curu,CE,122.865,10,out,0.19785270269311434,OK,1991,2020,30,CHIRPS_v2,UCSB-CHG/CHIRPS/DAILY,1991-2020,IBGE_2024
2303956,Chorozinho,CE,296.431,10,out,2.220917271546625,OK,1991,2020,30,CHIRPS_v2,UCSB-CHG/CHIRPS/DAILY,1991-2020,IBGE_2024
2303501,Cascavel,CE,838.115,10,out,6.0178487976857316,OK,1991,2020,30,CHIRPS_v2,UCSB-CHG/CHIRPS/DAILY,1991-2020,IBGE_2024
2310852,Pindoretama,CE,74.033,10,out,9.431134284039745,OK,1991,2020,30,CHIRPS_v2,UCSB-CHG/CHIRPS/DAILY,1991-2020,IBGE_2024
2302206,Beberibe,CE,1596.75,10,out,3.375496083410722,OK,1991,2020,30,CHIRPS_v2,UCSB-CHG/CHIRPS/DAILY,1991-2020,IBGE_2024
2310258,Paraipaba,CE,289.231,10,out,0.2565690430898492,OK,1991,2020,30,CHIRPS_v2,UCSB-CHG/CHIRPS/DAILY,1991-2020,IBGE_2024
2310100,Palmácia,CE,128.896,10,out,9.57531728160411,OK,1991,2020,30,CHIRPS_v2,UCSB-CHG/CHIRPS/DAILY,1991-2020,IBGE_2024
2310209,Paracuru,CE,304.734,10,out,0.2762016847669594,OK,1991,2020,30,CHIRPS_v2,UCSB-CHG/CHIRPS/DAILY,1991-2020,IBGE_2024
2309607,Pacajus,CE,250.305,10,out,4.811429271503711,OK,1991,2020,30,CHIRPS_v2,UCSB-CHG/CHIRPS/DAILY,1991-2020,IBGE_2024
2306405,Itapipoca,CE,1596.225,10,out,0.4981291294177003,OK,1991,2020,30,CHIRPS_v2,UCSB-CHG/CHIRPS/DAILY,1991-2020,IBGE_2024
2313807,Uruburetama,CE,103.478,10,out,0.18953029798359514,OK,1991,2020,30,CHIRPS_v2,UCSB-CHG/CHIRPS/DAILY,1991-2020,IBGE_2024
2313500,Trairi,CE,928.726,10,out,0.18953845617503384,OK,1991,2020,30,CHIRPS_v2,UCSB-CHG/CHIRPS/DAILY,1991-2020,IBGE_2024
2313757,Umirim,CE,315.647,10,out,0.20847689201041547,OK,1991,2020,30,CHIRPS_v2,UCSB-CHG/CHIRPS/DAILY,1991-2020,IBGE_2024
2313559,Tururu,CE,197.193,10,out,0.39171488777266,OK,1991,2020,30,CHIRPS_v2,UCSB-CHG/CHIRPS/DAILY,1991-2020,IBGE_2024
2300754,Amontada,CE,1175.044,10,out,1.054790522845324,OK,1991,2020,30,CHIRPS_v2,UCSB-CHG/CHIRPS/DAILY,1991-2020,IBGE_2024
2308377,Miraíma,CE,708.678,10,out,0.5773636732076929,OK,1991,2020,30,CHIRPS_v2,UCSB-CHG/CHIRPS/DAILY,1991-2020,IBGE_2024
2306504,Itapiúna,CE,593.232,10,out,1.0717756623990613,OK,1991,2020,30,CHIRPS_v2,UCSB-CHG/CHIRPS/DAILY,1991-2020,IBGE_2024
2305100,Guaramiranga,CE,90.817,10,out,8.166223591720476,OK,1991,2020,30,CHIRPS_v2,UCSB-CHG/CHIRPS/DAILY,1991-2020,IBGE_2024
2311603,Redenção,CE,247.989,10,out,6.597922202156638,OK,1991,2020,30,CHIRPS_v2,UCSB-CHG/CHIRPS/DAILY,1991-2020,IBGE_2024
2302909,Capistrano,CE,226.549,10,out,4.782146317064998,OK,1991,2020,30,CHIRPS_v2,UCSB-CHG/CHIRPS/DAILY,1991-2020,IBGE_2024
2302107,Baturité,CE,314.075,10,out,6.045567174780058,OK,1991,2020,30,CHIRPS_v2,UCSB-CHG/CHIRPS/DAILY,1991-2020,IBGE_2024
2309805,Pacoti,CE,112.433,10,out,7.657705573217551,OK,1991,2020,30,CHIRPS_v2,UCSB-CHG/CHIRPS/DAILY,1991-2020,IBGE_2024
2301950,Barreira,CE,260.237,10,out,3.1222214573242066,OK,1991,2020,30,CHIRPS_v2,UCSB-CHG/CHIRPS/DAILY,1991-2020,IBGE_2024
2301208,Aracoiaba,CE,643.988,10,out,1.8084744269829376,OK,1991,2020,30,CHIRPS_v2,UCSB-CHG/CHIRPS/DAILY,1991-2020,IBGE_2024
2301406,Aratuba,CE,119.758,10,out,4.9816338298041165,OK,1991,2020,30,CHIRPS_v2,UCSB-CHG/CHIRPS/DAILY,1991-2020,IBGE_2024
2309458,Ocara,CE,763.075,10,out,1.2127426113267439,OK,1991,2020,30,CHIRPS_v2,UCSB-CHG/CHIRPS/DAILY,1991-2020,IBGE_2024
2309102,Mulungu,CE,97.951,10,out,9.177075894376486,OK,1991,2020,30,CHIRPS_v2,UCSB-CHG/CHIRPS/DAILY,1991-2020,IBGE_2024
2300150,Acarape,CE,129.767,10,out,6.292124442893894,OK,1991,2020,30,CHIRPS_v2,UCSB-CHG/CHIRPS/DAILY,1991-2020,IBGE_2024
2307635,Madalena,CE,998.195,10,out,0.5219290446679088,OK,1991,2020,30,CHIRPS_v2,UCSB-CHG/CHIRPS/DAILY,1991-2020,IBGE_2024
2306603,Itatira,CE,829.211,10,out,0.6295872323412331,OK,1991,2020,30,CHIRPS_v2,UCSB-CHG/CHIRPS/DAILY,1991-2020,IBGE_2024
2303006,Caridade,CE,926.271,10,out,1.0380635130760767,OK,1991,2020,30,CHIRPS_v2,UCSB-CHG/CHIRPS/DAILY,1991-2020,IBGE_2024
2302800,Canindé,CE,3032.39,10,out,0.8270586156777222,OK,1991,2020,30,CHIRPS_v2,UCSB-CHG/CHIRPS/DAILY,1991-2020,IBGE_2024
2310407,Paramoti,CE,539.238,10,out,0.4296613558408327,OK,1991,2020,30,CHIRPS_v2,UCSB-CHG/CHIRPS/DAILY,1991-2020,IBGE_2024
2302404,Boa Viagem,CE,2835.037,10,out,0.7089464620462574,OK,1991,2020,30,CHIRPS_v2,UCSB-CHG/CHIRPS/DAILY,1991-2020,IBGE_2024
2306306,Itapajé,CE,436.32,10,out,0.16971223826568263,OK,1991,2020,30,CHIRPS_v2,UCSB-CHG/CHIRPS/DAILY,1991-2020,IBGE_2024
2306108,Irauçuba,CE,1466.413,10,out,0.28356159129102637,OK,1991,2020,30,CHIRPS_v2,UCSB-CHG/CHIRPS/DAILY,1991-2020,IBGE_2024
2313351,Tejuçuoca,CE,758.706,10,out,0.3898719392479181,OK,1991,2020,30,CHIRPS_v2,UCSB-CHG/CHIRPS/DAILY,1991-2020,IBGE_2024
2304608,General Sampaio,CE,230.371,10,out,0.40329162904926513,OK,1991,2020,30,CHIRPS_v2,UCSB-CHG/CHIRPS/DAILY,1991-2020,IBGE_2024
2310704,Pentecoste,CE,1379.836,10,out,0.3958863651951056,OK,1991,2020,30,CHIRPS_v2,UCSB-CHG/CHIRPS/DAILY,1991-2020,IBGE_2024
2300903,Apuiarés,CE,543.98,10,out,0.27882121225056006,OK,1991,2020,30,CHIRPS_v2,UCSB-CHG/CHIRPS/DAILY,1991-2020,IBGE_2024
2305266,Ibaretama,CE,879.253,10,out,0.8725240721131255,OK,1991,2020,30,CHIRPS_v2,UCSB-CHG/CHIRPS/DAILY,1991-2020,IBGE_2024
2305332,Ibicuitinga,CE,423.856,10,out,0.41975824522007243,OK,1991,2020,30,CHIRPS_v2,UCSB-CHG/CHIRPS/DAILY,1991-2020,IBGE_2024
2313005,Solonópole,CE,1535.856,10,out,2.3934651351264806,OK,1991,2020,30,CHIRPS_v2,UCSB-CHG/CHIRPS/DAILY,1991-2020,IBGE_2024
2304269,Deputado Irapuan Pinheiro,CE,471.134,10,out,2.681829052117248,OK,1991,2020,30,CHIRPS_v2,UCSB-CHG/CHIRPS/DAILY,1991-2020,IBGE_2024
2312700,Senador Pompeu,CE,963.256,10,out,1.8937202824217894,OK,1991,2020,30,CHIRPS_v2,UCSB-CHG/CHIRPS/DAILY,1991-2020,IBGE_2024
2303931,Choró,CE,815.268,10,out,0.847016413480979,OK,1991,2020,30,CHIRPS_v2,UCSB-CHG/CHIRPS/DAILY,1991-2020,IBGE_2024
2311405,Quixeramobim,CE,3302.144,10,out,0.7785722818285353,OK,1991,2020,30,CHIRPS_v2,UCSB-CHG/CHIRPS/DAILY,1991-2020,IBGE_2024
2311306,Quixadá,CE,2020.587,10,out,0.5864342299877494,OK,1991,2020,30,CHIRPS_v2,UCSB-CHG/CHIRPS/DAILY,1991-2020,IBGE_2024
2310506,Pedra Branca,CE,1328.779,10,out,1.1044002467869103,OK,1991,2020,30,CHIRPS_v2,UCSB-CHG/CHIRPS/DAILY,1991-2020,IBGE_2024
2301851,Banabuiú,CE,1080.983,10,out,0.6838728577852549,OK,1991,2020,30,CHIRPS_v2,UCSB-CHG/CHIRPS/DAILY,1991-2020,IBGE_2024
2308351,Milhã,CE,502.136,10,out,2.544289434246998,OK,1991,2020,30,CHIRPS_v2,UCSB-CHG/CHIRPS/DAILY,1991-2020,IBGE_2024
2307601,Limoeiro do Norte,CE,794.688,10,out,0.560358702525925,OK,1991,2020,30,CHIRPS_v2,UCSB-CHG/CHIRPS/DAILY,1991-2020,IBGE_2024
2306801,Jaguaribara,CE,622.963,10,out,0.6123096492832383,OK,1991,2020,30,CHIRPS_v2,UCSB-CHG/CHIRPS/DAILY,1991-2020,IBGE_2024
2306702,Jaguaretama,CE,1826.829,10,out,0.7092902303134755,OK,1991,2020,30,CHIRPS_v2,UCSB-CHG/CHIRPS/DAILY,1991-2020,IBGE_2024
2306900,Jaguaribe,CE,1877.062,10,out,2.029073219218547,OK,1991,2020,30,CHIRPS_v2,UCSB-CHG/CHIRPS/DAILY,1991-2020,IBGE_2024
2306009,Iracema,CE,839.174,10,out,1.080459084216478,OK,1991,2020,30,CHIRPS_v2,UCSB-CHG/CHIRPS/DAILY,1991-2020,IBGE_2024
2313104,Tabuleiro do Norte,CE,1047.637,10,out,0.5497464287074809,OK,1991,2020,30,CHIRPS_v2,UCSB-CHG/CHIRPS/DAILY,1991-2020,IBGE_2024
2312502,São João do Jaguaribe,CE,279.451,10,out,0.5655216091208005,OK,1991,2020,30,CHIRPS_v2,UCSB-CHG/CHIRPS/DAILY,1991-2020,IBGE_2024
2304277,Ereré,CE,349.034,10,out,1.7059480721498699,OK,1991,2020,30,CHIRPS_v2,UCSB-CHG/CHIRPS/DAILY,1991-2020,IBGE_2024
2311801,Russas,CE,1505.726,10,out,0.7696008433655425,OK,1991,2020,30,CHIRPS_v2,UCSB-CHG/CHIRPS/DAILY,1991-2020,IBGE_2024
2311504,Quixeré,CE,609.438,10,out,0.8575346989650098,OK,1991,2020,30,CHIRPS_v2,UCSB-CHG/CHIRPS/DAILY,1991-2020,IBGE_2024
2310803,Pereiro,CE,449.74,10,out,1.3923083229348754,OK,1991,2020,30,CHIRPS_v2,UCSB-CHG/CHIRPS/DAILY,1991-2020,IBGE_2024
2311231,Potiretama,CE,409.137,10,out,0.6520961984431927,OK,1991,2020,30,CHIRPS_v2,UCSB-CHG/CHIRPS/DAILY,1991-2020,IBGE_2024
2310001,Palhano,CE,436.98,10,out,0.7581196556943559,OK,1991,2020,30,CHIRPS_v2,UCSB-CHG/CHIRPS/DAILY,1991-2020,IBGE_2024
2300705,Alto Santo,CE,1147.209,10,out,0.46513390934207655,OK,1991,2020,30,CHIRPS_v2,UCSB-CHG/CHIRPS/DAILY,1991-2020,IBGE_2024
2308708,Morada Nova,CE,2822.836,10,out,0.6253773069296904,OK,1991,2020,30,CHIRPS_v2,UCSB-CHG/CHIRPS/DAILY,1991-2020,IBGE_2024
2307007,Jaguaruana,CE,854.36,10,out,0.6650982615433798,OK,1991,2020,30,CHIRPS_v2,UCSB-CHG/CHIRPS/DAILY,1991-2020,IBGE_2024
2306207,Itaiçaba,CE,213.604,10,out,0.3800855490920656,OK,1991,2020,30,CHIRPS_v2,UCSB-CHG/CHIRPS/DAILY,1991-2020,IBGE_2024
2305357,Icapuí,CE,421.441,10,out,0.6077474983216369,OK,1991,2020,30,CHIRPS_v2,UCSB-CHG/CHIRPS/DAILY,1991-2020,IBGE_2024
2304459,Fortim,CE,285.024,10,out,2.0505793981448805,OK,1991,2020,30,CHIRPS_v2,UCSB-CHG/CHIRPS/DAILY,1991-2020,IBGE_2024
2301109,Aracati,CE,1227.196,10,out,1.0999714867560346,OK,1991,2020,30,CHIRPS_v2,UCSB-CHG/CHIRPS/DAILY,1991-2020,IBGE_2024
2308500,Mombaça,CE,2105.518,10,out,2.463114490355743,OK,1991,2020,30,CHIRPS_v2,UCSB-CHG/CHIRPS/DAILY,1991-2020,IBGE_2024
2300309,Acopiara,CE,2254.279,10,out,5.236568038614335,OK,1991,2020,30,CHIRPS_v2,UCSB-CHG/CHIRPS/DAILY,1991-2020,IBGE_2024
2307403,Jucás,CE,940.336,10,out,5.886209784481129,OK,1991,2020,30,CHIRPS_v2,UCSB-CHG/CHIRPS/DAILY,1991-2020,IBGE_2024
2305506,Iguatu,CE,977.311,10,out,9.60514144369033,OK,1991,2020,30,CHIRPS_v2,UCSB-CHG/CHIRPS/DAILY,1991-2020,IBGE_2024
2311900,Saboeiro,CE,1381.274,10,out,4.81792784386991,OK,1991,2020,30,CHIRPS_v2,UCSB-CHG/CHIRPS/DAILY,1991-2020,IBGE_2024
2303808,Cedro,CE,729.97,10,out,8.56911196530193,OK,1991,2020,30,CHIRPS_v2,UCSB-CHG/CHIRPS/DAILY,1991-2020,IBGE_2024
2303600,Catarina,CE,488.153,10,out,3.6027599037153526,OK,1991,2020,30,CHIRPS_v2,UCSB-CHG/CHIRPS/DAILY,1991-2020,IBGE_2024
2311355,Quixelô,CE,620.242,10,out,5.535322519240758,OK,1991,2020,30,CHIRPS_v2,UCSB-CHG/CHIRPS/DAILY,1991-2020,IBGE_2024
2303303,Cariús,CE,1036.417,10,out,7.823275604929929,OK,1991,2020,30,CHIRPS_v2,UCSB-CHG/CHIRPS/DAILY,1991-2020,IBGE_2024
2310902,Piquet Carneiro,CE,589.601,10,out,3.0100905348245983,OK,1991,2020,30,CHIRPS_v2,UCSB-CHG/CHIRPS/DAILY,1991-2020,IBGE_2024
2305704,Ipaumirim,CE,276.508,10,out,6.241137379455037,OK,1991,2020,30,CHIRPS_v2,UCSB-CHG/CHIRPS/DAILY,1991-2020,IBGE_2024
2313708,Umari,CE,263.185,10,out,4.54002325839535,OK,1991,2020,30,CHIRPS_v2,UCSB-CHG/CHIRPS/DAILY,1991-2020,IBGE_2024
2305407,Icó,CE,1865.86,10,out,5.29891466267488,OK,1991,2020,30,CHIRPS_v2,UCSB-CHG/CHIRPS/DAILY,1991-2020,IBGE_2024
2301802,Baixio,CE,145.556,10,out,5.437379931594221,OK,1991,2020,30,CHIRPS_v2,UCSB-CHG/CHIRPS/DAILY,1991-2020,IBGE_2024
2309508,Orós,CE,577.526,10,out,6.1458756946326885,OK,1991,2020,30,CHIRPS_v2,UCSB-CHG/CHIRPS/DAILY,1991-2020,IBGE_2024
2307304,Juazeiro do Norte,CE,258.788,10,out,13.049118329405825,OK,1991,2020,30,CHIRPS_v2,UCSB-CHG/CHIRPS/DAILY,1991-2020,IBGE_2024
2304202,Crato,CE,1138.15,10,out,14.070538193141418,OK,1991,2020,30,CHIRPS_v2,UCSB-CHG/CHIRPS/DAILY,1991-2020,IBGE_2024
2301901,Barbalha,CE,608.142,10,out,14.19600631991501,OK,1991,2020,30,CHIRPS_v2,UCSB-CHG/CHIRPS/DAILY,1991-2020,IBGE_2024
2307502,Lavras da Mangabeira,CE,945.263,10,out,8.53515370394605,OK,1991,2020,30,CHIRPS_v2,UCSB-CHG/CHIRPS/DAILY,1991-2020,IBGE_2024
2307106,Jardim,CE,544.995,10,out,14.89089584695951,OK,1991,2020,30,CHIRPS_v2,UCSB-CHG/CHIRPS/DAILY,1991-2020,IBGE_2024
2314003,Várzea Alegre,CE,829.977,10,out,11.694549061065596,OK,1991,2020,30,CHIRPS_v2,UCSB-CHG/CHIRPS/DAILY,1991-2020,IBGE_2024
2304806,Granjeiro,CE,111.528,10,out,13.137126828603517,OK,1991,2020,30,CHIRPS_v2,UCSB-CHG/CHIRPS/DAILY,1991-2020,IBGE_2024
2313252,Tarrafas,CE,412.719,10,out,5.501004715916747,OK,1991,2020,30,CHIRPS_v2,UCSB-CHG/CHIRPS/DAILY,1991-2020,IBGE_2024
2304301,Farias Brito,CE,530.54,10,out,7.171485296338399,OK,1991,2020,30,CHIRPS_v2,UCSB-CHG/CHIRPS/DAILY,1991-2020,IBGE_2024
2311959,Salitre,CE,806.254,10,out,8.956022470385044,OK,1991,2020,30,CHIRPS_v2,UCSB-CHG/CHIRPS/DAILY,1991-2020,IBGE_2024
2312106,Santana do Cariri,CE,855.159,10,out,12.785413326616979,OK,1991,2020,30,CHIRPS_v2,UCSB-CHG/CHIRPS/DAILY,1991-2020,IBGE_2024
2303204,Caririaçu,CE,634.179,10,out,12.27201478858145,OK,1991,2020,30,CHIRPS_v2,UCSB-CHG/CHIRPS/DAILY,1991-2020,IBGE_2024
2302701,Campos Sales,CE,1082.581,10,out,6.639281594022485,OK,1991,2020,30,CHIRPS_v2,UCSB-CHG/CHIRPS/DAILY,1991-2020,IBGE_2024
2311207,Potengi,CE,343.264,10,out,9.831670296446378,OK,1991,2020,30,CHIRPS_v2,UCSB-CHG/CHIRPS/DAILY,1991-2020,IBGE_2024
2301703,Aurora,CE,885.87,10,out,10.083886832754683,OK,1991,2020,30,CHIRPS_v2,UCSB-CHG/CHIRPS/DAILY,1991-2020,IBGE_2024
2301604,Assaré,CE,1155.124,10,out,8.858322842083675,OK,1991,2020,30,CHIRPS_v2,UCSB-CHG/CHIRPS/DAILY,1991-2020,IBGE_2024
2309201,Nova Olinda,CE,282.584,10,out,11.505916609019717,OK,1991,2020,30,CHIRPS_v2,UCSB-CHG/CHIRPS/DAILY,1991-2020,IBGE_2024
2301307,Araripe,CE,1097.345,10,out,9.548113657266804,OK,1991,2020,30,CHIRPS_v2,UCSB-CHG/CHIRPS/DAILY,1991-2020,IBGE_2024
2300606,Altaneira,CE,72.675,10,out,9.761553712440191,OK,1991,2020,30,CHIRPS_v2,UCSB-CHG/CHIRPS/DAILY,1991-2020,IBGE_2024
2300804,Antonina do Norte,CE,259.706,10,out,7.243344945404911,OK,1991,2020,30,CHIRPS_v2,UCSB-CHG/CHIRPS/DAILY,1991-2020,IBGE_2024
2308401,Missão Velha,CE,613.317,10,out,12.982336110818684,OK,1991,2020,30,CHIRPS_v2,UCSB-CHG/CHIRPS/DAILY,1991-2020,IBGE_2024
2300408,Aiuaba,CE,2438.563,10,out,6.7538929401650325,OK,1991,2020,30,CHIRPS_v2,UCSB-CHG/CHIRPS/DAILY,1991-2020,IBGE_2024
2308104,Mauriti,CE,1079.01,10,out,10.405498878173686,OK,1991,2020,30,CHIRPS_v2,UCSB-CHG/CHIRPS/DAILY,1991-2020,IBGE_2024
2307205,Jati,CE,368.357,10,out,13.494765121583772,OK,1991,2020,30,CHIRPS_v2,UCSB-CHG/CHIRPS/DAILY,1991-2020,IBGE_2024
2311108,Porteiras,CE,224.86,10,out,16.368086042073788,OK,1991,2020,30,CHIRPS_v2,UCSB-CHG/CHIRPS/DAILY,1991-2020,IBGE_2024
2310605,Penaforte,CE,150.536,10,out,13.324424345344623,OK,1991,2020,30,CHIRPS_v2,UCSB-CHG/CHIRPS/DAILY,1991-2020,IBGE_2024
2302503,Brejo Santo,CE,654.658,10,out,15.714719759034827,OK,1991,2020,30,CHIRPS_v2,UCSB-CHG/CHIRPS/DAILY,1991-2020,IBGE_2024
2302008,Barro,CE,711.346,10,out,8.363768824039377,OK,1991,2020,30,CHIRPS_v2,UCSB-CHG/CHIRPS/DAILY,1991-2020,IBGE_2024
2308302,Milagres,CE,579.097,10,out,11.682101765372758,OK,1991,2020,30,CHIRPS_v2,UCSB-CHG/CHIRPS/DAILY,1991-2020,IBGE_2024
2300101,Abaiara,CE,180.833,10,out,15.06743254722513,OK,1991,2020,30,CHIRPS_v2,UCSB-CHG/CHIRPS/DAILY,1991-2020,IBGE_2024
2305654,Ipaporanga,CE,704.773,10,out,1.397078856189319,OK,1991,2020,30,CHIRPS_v2,UCSB-CHG/CHIRPS/DAILY,1991-2020,IBGE_2024
2305605,Independência,CE,3237.132,10,out,0.7707315053491742,OK,1991,2020,30,CHIRPS_v2,UCSB-CHG/CHIRPS/DAILY,1991-2020,IBGE_2024
2313203,Tamboril,CE,2011.781,10,out,0.7635116871003903,OK,1991,2020,30,CHIRPS_v2,UCSB-CHG/CHIRPS/DAILY,1991-2020,IBGE_2024
2304103,Crateús,CE,2981.462,10,out,2.0017356237537625,OK,1991,2020,30,CHIRPS_v2,UCSB-CHG/CHIRPS/DAILY,1991-2020,IBGE_2024
2311264,Quiterianópolis,CE,1022.896,10,out,4.087445474839235,OK,1991,2020,30,CHIRPS_v2,UCSB-CHG/CHIRPS/DAILY,1991-2020,IBGE_2024
2311009,Poranga,CE,1310.768,10,out,1.498567467735837,OK,1991,2020,30,CHIRPS_v2,UCSB-CHG/CHIRPS/DAILY,1991-2020,IBGE_2024
2309409,Novo Oriente,CE,954.384,10,out,2.8589053946413725,OK,1991,2020,30,CHIRPS_v2,UCSB-CHG/CHIRPS/DAILY,1991-2020,IBGE_2024
2309300,Nova Russas,CE,736.911,10,out,1.6568246872276704,OK,1991,2020,30,CHIRPS_v2,UCSB-CHG/CHIRPS/DAILY,1991-2020,IBGE_2024
2301257,Ararendá,CE,342.302,10,out,2.248440123639208,OK,1991,2020,30,CHIRPS_v2,UCSB-CHG/CHIRPS/DAILY,1991-2020,IBGE_2024
2308609,Monsenhor Tabosa,CE,892.538,10,out,0.6611291585630373,OK,1991,2020,30,CHIRPS_v2,UCSB-CHG/CHIRPS/DAILY,1991-2020,IBGE_2024
2313302,Tauá,CE,4010.609,10,out,2.1858490503862025,OK,1991,2020,30,CHIRPS_v2,UCSB-CHG/CHIRPS/DAILY,1991-2020,IBGE_2024
2310308,Parambu,CE,2313.868,10,out,6.686462735168095,OK,1991,2020,30,CHIRPS_v2,UCSB-CHG/CHIRPS/DAILY,1991-2020,IBGE_2024
2301505,Arneiroz,CE,1068.447,10,out,3.3746092522928204,OK,1991,2020,30,CHIRPS_v2,UCSB-CHG/CHIRPS/DAILY,1991-2020,IBGE_2024
2312908,Sobral,CE,2068.474,10,out,0.6190136655629057,OK,1991,2020,30,CHIRPS_v2,UCSB-CHG/CHIRPS/DAILY,1991-2020,IBGE_2024
2304350,Forquilha,CE,568.778,10,out,0.6187812132571691,OK,1991,2020,30,CHIRPS_v2,UCSB-CHG/CHIRPS/DAILY,1991-2020,IBGE_2024
2307908,Martinópole,CE,303.445,10,out,1.0686941332765965,OK,1991,2020,30,CHIRPS_v2,UCSB-CHG/CHIRPS/DAILY,1991-2020,IBGE_2024
2308005,Massapê,CE,567.78,10,out,1.2615459549850352,OK,1991,2020,30,CHIRPS_v2,UCSB-CHG/CHIRPS/DAILY,1991-2020,IBGE_2024
2313955,Varjota,CE,179.239,10,out,1.187173545019892,OK,1991,2020,30,CHIRPS_v2,UCSB-CHG/CHIRPS/DAILY,1991-2020,IBGE_2024
2313906,Uruoca,CE,697.683,10,out,1.1781927888417119,OK,1991,2020,30,CHIRPS_v2,UCSB-CHG/CHIRPS/DAILY,1991-2020,IBGE_2024
2305209,Hidrolândia,CE,926.592,10,out,1.2528233170766068,OK,1991,2020,30,CHIRPS_v2,UCSB-CHG/CHIRPS/DAILY,1991-2020,IBGE_2024
2312809,Senador Sá,CE,424.642,10,out,0.7936318191687558,OK,1991,2020,30,CHIRPS_v2,UCSB-CHG/CHIRPS/DAILY,1991-2020,IBGE_2024
2304657,Graça,CE,258.943,10,out,2.992538349836873,OK,1991,2020,30,CHIRPS_v2,UCSB-CHG/CHIRPS/DAILY,1991-2020,IBGE_2024
2304905,Groaíras,CE,155.68,10,out,0.7105093654757689,OK,1991,2020,30,CHIRPS_v2,UCSB-CHG/CHIRPS/DAILY,1991-2020,IBGE_2024
2304509,Frecheirinha,CE,210.284,10,out,2.373321199807344,OK,1991,2020,30,CHIRPS_v2,UCSB-CHG/CHIRPS/DAILY,1991-2020,IBGE_2024
2303659,Catunda,CE,784.022,10,out,0.5449150601703815,OK,1991,2020,30,CHIRPS_v2,UCSB-CHG/CHIRPS/DAILY,1991-2020,IBGE_2024
2304004,Coreaú,CE,750.333,10,out,1.4897499602789916,OK,1991,2020,30,CHIRPS_v2,UCSB-CHG/CHIRPS/DAILY,1991-2020,IBGE_2024
2312205,Santa Quitéria,CE,4262.293,10,out,0.7895967086513833,OK,1991,2020,30,CHIRPS_v2,UCSB-CHG/CHIRPS/DAILY,1991-2020,IBGE_2024
2312007,Santana do Acaraú,CE,972.551,10,out,0.6370413003180712,OK,1991,2020,30,CHIRPS_v2,UCSB-CHG/CHIRPS/DAILY,1991-2020,IBGE_2024
2303105,Cariré,CE,755.597,10,out,1.007040796121199,OK,1991,2020,30,CHIRPS_v2,UCSB-CHG/CHIRPS/DAILY,1991-2020,IBGE_2024
2311702,Reriutaba,CE,372.949,10,out,2.011491800120327,OK,1991,2020,30,CHIRPS_v2,UCSB-CHG/CHIRPS/DAILY,1991-2020,IBGE_2024
2309904,Pacujá,CE,88.355,10,out,1.6617665567009599,OK,1991,2020,30,CHIRPS_v2,UCSB-CHG/CHIRPS/DAILY,1991-2020,IBGE_2024
2308807,Moraújo,CE,414.445,10,out,1.2029952256982692,OK,1991,2020,30,CHIRPS_v2,UCSB-CHG/CHIRPS/DAILY,1991-2020,IBGE_2024
2308906,Morrinhos,CE,411.608,10,out,0.6265572329795243,OK,1991,2020,30,CHIRPS_v2,UCSB-CHG/CHIRPS/DAILY,1991-2020,IBGE_2024
2300507,Alcântaras,CE,135.76,10,out,0.748106909136607,OK,1991,2020,30,CHIRPS_v2,UCSB-CHG/CHIRPS/DAILY,1991-2020,IBGE_2024
2309003,Mucambo,CE,192.19,10,out,5.0255153797005345,OK,1991,2020,30,CHIRPS_v2,UCSB-CHG/CHIRPS/DAILY,1991-2020,IBGE_2024
2308203,Meruoca,CE,151.651,10,out,1.1870117606321557,OK,1991,2020,30,CHIRPS_v2,UCSB-CHG/CHIRPS/DAILY,1991-2020,IBGE_2024
2305803,Ipu,CE,626.049,10,out,2.2892086833023773,OK,1991,2020,30,CHIRPS_v2,UCSB-CHG/CHIRPS/DAILY,1991-2020,IBGE_2024
2314102,Viçosa do Ceará,CE,1310.91,10,out,3.762944006671835,OK,1991,2020,30,CHIRPS_v2,UCSB-CHG/CHIRPS/DAILY,1991-2020,IBGE_2024
2305902,Ipueiras,CE,1483.262,10,out,2.1042621863888997,OK,1991,2020,30,CHIRPS_v2,UCSB-CHG/CHIRPS/DAILY,1991-2020,IBGE_2024
2305308,Ibiapina,CE,414.092,10,out,3.5448173677477532,OK,1991,2020,30,CHIRPS_v2,UCSB-CHG/CHIRPS/DAILY,1991-2020,IBGE_2024
2313401,Tianguá,CE,909.853,10,out,3.37226911609705,OK,1991,2020,30,CHIRPS_v2,UCSB-CHG/CHIRPS/DAILY,1991-2020,IBGE_2024
2313609,Ubajara,CE,423.673,10,out,3.7774618367251245,OK,1991,2020,30,CHIRPS_v2,UCSB-CHG/CHIRPS/DAILY,1991-2020,IBGE_2024
2305001,Guaraciaba do Norte,CE,624.61,10,out,2.0252160947740294,OK,1991,2020,30,CHIRPS_v2,UCSB-CHG/CHIRPS/DAILY,1991-2020,IBGE_2024
2304236,Croatá,CE,696.351,10,out,1.7405272784128532,OK,1991,2020,30,CHIRPS_v2,UCSB-CHG/CHIRPS/DAILY,1991-2020,IBGE_2024
2312304,São Benedito,CE,350.847,10,out,2.2741134577808224,OK,1991,2020,30,CHIRPS_v2,UCSB-CHG/CHIRPS/DAILY,1991-2020,IBGE_2024
2303402,Carnaubal,CE,363.212,10,out,2.1622460622465196,OK,1991,2020,30,CHIRPS_v2,UCSB-CHG/CHIRPS/DAILY,1991-2020,IBGE_2024
2310951,Pires Ferreira,CE,244.464,10,out,2.1422058287680725,OK,1991,2020,30,CHIRPS_v2,UCSB-CHG/CHIRPS/DAILY,1991-2020,IBGE_2024
2307809,Marco,CE,573.611,10,out,0.6149758952552706,OK,1991,2020,30,CHIRPS_v2,UCSB-CHG/CHIRPS/DAILY,1991-2020,IBGE_2024
2307254,Jijoca de Jericoacoara,CE,209.029,10,out,0.6403394428790364,OK,1991,2020,30,CHIRPS_v2,UCSB-CHG/CHIRPS/DAILY,1991-2020,IBGE_2024
2306553,Itarema,CE,714.833,10,out,0.49603007936003973,OK,1991,2020,30,CHIRPS_v2,UCSB-CHG/CHIRPS/DAILY,1991-2020,IBGE_2024
2304251,Cruz,CE,335.921,10,out,0.6302272903590522,OK,1991,2020,30,CHIRPS_v2,UCSB-CHG/CHIRPS/DAILY,1991-2020,IBGE_2024
2302305,Bela Cruz,CE,842.106,10,out,0.7129114180746006,OK,1991,2020,30,CHIRPS_v2,UCSB-CHG/CHIRPS/DAILY,1991-2020,IBGE_2024
2300200,Acaraú,CE,842.469,10,out,0.5039959355065025,OK,1991,2020,30,CHIRPS_v2,UCSB-CHG/CHIRPS/DAILY,1991-2020,IBGE_2024
2304707,Granja,CE,2663.178,10,out,1.9786977118259552,OK,1991,2020,30,CHIRPS_v2,UCSB-CHG/CHIRPS/DAILY,1991-2020,IBGE_2024
2303907,Chaval,CE,237.239,10,out,1.7420311765209036,OK,1991,2020,30,CHIRPS_v2,UCSB-CHG/CHIRPS/DAILY,1991-2020,IBGE_2024
2302602,Camocim,CE,1120.449,10,out,0.7388111779823566,OK,1991,2020,30,CHIRPS_v2,UCSB-CHG/CHIRPS/DAILY,1991-2020,IBGE_2024
2302057,Barroquinha,CE,385.59,10,out,1.2035060993633493,OK,1991,2020,30,CHIRPS_v2,UCSB-CHG/CHIRPS/DAILY,1991-2020,IBGE_2024
2403608,Extremoz,RN,140.639,10,out,14.542749368186364,OK,1991,2020,30,CHIRPS_v2,UCSB-CHG/CHIRPS/DAILY,1991-2020,IBGE_2024
2412005,São Gonçalo do Amarante,RN,249.8,10,out,16.120690987555207,OK,1991,2020,30,CHIRPS_v2,UCSB-CHG/CHIRPS/DAILY,1991-2020,IBGE_2024
2403251,Parnamirim,RN,124.006,10,out,19.74479698154326,OK,1991,2020,30,CHIRPS_v2,UCSB-CHG/CHIRPS/DAILY,1991-2020,IBGE_2024
2408102,Natal,RN,167.401,10,out,17.925217882206688,OK,1991,2020,30,CHIRPS_v2,UCSB-CHG/CHIRPS/DAILY,1991-2020,IBGE_2024
2407104,Macaíba,RN,510.092,10,out,12.970795683254503,OK,1991,2020,30,CHIRPS_v2,UCSB-CHG/CHIRPS/DAILY,1991-2020,IBGE_2024
2413904,Taipu,RN,352.818,10,out,5.305686736281644,OK,1991,2020,30,CHIRPS_v2,UCSB-CHG/CHIRPS/DAILY,1991-2020,IBGE_2024
2413201,Senador Georgino Avelino,RN,26.1,10,out,18.67871023674424,OK,1991,2020,30,CHIRPS_v2,UCSB-CHG/CHIRPS/DAILY,1991-2020,IBGE_2024
2404606,Ielmo Marinho,RN,312.028,10,out,8.830644045316191,OK,1991,2020,30,CHIRPS_v2,UCSB-CHG/CHIRPS/DAILY,1991-2020,IBGE_2024
2412203,São José de Mipibu,RN,289.987,10,out,15.731172324897788,OK,1991,2020,30,CHIRPS_v2,UCSB-CHG/CHIRPS/DAILY,1991-2020,IBGE_2024
2412559,São Miguel do Gostoso,RN,431.445,10,out,5.937452825635684,OK,1991,2020,30,CHIRPS_v2,UCSB-CHG/CHIRPS/DAILY,1991-2020,IBGE_2024
2402600,Ceará-Mirim,RN,724.838,10,out,12.693354206717796,OK,1991,2020,30,CHIRPS_v2,UCSB-CHG/CHIRPS/DAILY,1991-2020,IBGE_2024
2410108,Poço Branco,RN,230.401,10,out,4.8859825049597925,OK,1991,2020,30,CHIRPS_v2,UCSB-CHG/CHIRPS/DAILY,1991-2020,IBGE_2024
2410405,Pureza,RN,504.294,10,out,9.08485693186801,OK,1991,2020,30,CHIRPS_v2,UCSB-CHG/CHIRPS/DAILY,1991-2020,IBGE_2024
2401602,Bento Fernandes,RN,301.069,10,out,2.950447789090836,OK,1991,2020,30,CHIRPS_v2,UCSB-CHG/CHIRPS/DAILY,1991-2020,IBGE_2024
2401800,Brejinho,RN,61.559,10,out,7.460927357715255,OK,1991,2020,30,CHIRPS_v2,UCSB-CHG/CHIRPS/DAILY,1991-2020,IBGE_2024
2401701,Bom Jesus,RN,122.035,10,out,5.513530478660028,OK,1991,2020,30,CHIRPS_v2,UCSB-CHG/CHIRPS/DAILY,1991-2020,IBGE_2024
2408953,Rio do Fogo,RN,151.097,10,out,8.766340630901592,OK,1991,2020,30,CHIRPS_v2,UCSB-CHG/CHIRPS/DAILY,1991-2020,IBGE_2024
2408201,Nísia Floresta,RN,307.719,10,out,16.726910703531757,OK,1991,2020,30,CHIRPS_v2,UCSB-CHG/CHIRPS/DAILY,1991-2020,IBGE_2024
2407500,Maxaranguape,RN,132.129,10,out,10.083087031280337,OK,1991,2020,30,CHIRPS_v2,UCSB-CHG/CHIRPS/DAILY,1991-2020,IBGE_2024
2407807,Monte Alegre,RN,211.259,10,out,11.775659282694127,OK,1991,2020,30,CHIRPS_v2,UCSB-CHG/CHIRPS/DAILY,1991-2020,IBGE_2024
2414803,Vera Cruz,RN,84.127,10,out,11.647899996879492,OK,1991,2020,30,CHIRPS_v2,UCSB-CHG/CHIRPS/DAILY,1991-2020,IBGE_2024
2406601,Lagoa Salgada,RN,79.128,10,out,8.454185536096025,OK,1991,2020,30,CHIRPS_v2,UCSB-CHG/CHIRPS/DAILY,1991-2020,IBGE_2024
2406155,Jundiá,RN,44.641,10,out,11.24364277021991,OK,1991,2020,30,CHIRPS_v2,UCSB-CHG/CHIRPS/DAILY,1991-2020,IBGE_2024
2414407,Touros,RN,753.961,10,out,6.976019092998168,OK,1991,2020,30,CHIRPS_v2,UCSB-CHG/CHIRPS/DAILY,1991-2020,IBGE_2024
2413300,Serra de São Bento,RN,96.585,10,out,5.591815098009678,OK,1991,2020,30,CHIRPS_v2,UCSB-CHG/CHIRPS/DAILY,1991-2020,IBGE_2024
2413508,Serrinha,RN,193.351,10,out,7.776869996044093,OK,1991,2020,30,CHIRPS_v2,UCSB-CHG/CHIRPS/DAILY,1991-2020,IBGE_2024
2405306,Januário Cicco,RN,167.042,10,out,6.730081541719913,OK,1991,2020,30,CHIRPS_v2,UCSB-CHG/CHIRPS/DAILY,1991-2020,IBGE_2024
2412302,São José do Campestre,RN,341.115,10,out,6.372788520935589,OK,1991,2020,30,CHIRPS_v2,UCSB-CHG/CHIRPS/DAILY,1991-2020,IBGE_2024
2411502,Santo Antônio,RN,301.082,10,out,9.043983746066901,OK,1991,2020,30,CHIRPS_v2,UCSB-CHG/CHIRPS/DAILY,1991-2020,IBGE_2024
2410306,Serra Caiada,RN,230.036,10,out,4.5031547416241455,OK,1991,2020,30,CHIRPS_v2,UCSB-CHG/CHIRPS/DAILY,1991-2020,IBGE_2024
2409209,Passagem,RN,41.215,10,out,6.588266423245985,OK,1991,2020,30,CHIRPS_v2,UCSB-CHG/CHIRPS/DAILY,1991-2020,IBGE_2024
2409100,Passa e Fica,RN,44.105,10,out,10.460773482318327,OK,1991,2020,30,CHIRPS_v2,UCSB-CHG/CHIRPS/DAILY,1991-2020,IBGE_2024
2408300,Nova Cruz,RN,277.319,10,out,11.663239168022445,OK,1991,2020,30,CHIRPS_v2,UCSB-CHG/CHIRPS/DAILY,1991-2020,IBGE_2024
2407906,Monte das Gameleiras,RN,71.946,10,out,5.761376891965308,OK,1991,2020,30,CHIRPS_v2,UCSB-CHG/CHIRPS/DAILY,1991-2020,IBGE_2024
2414704,Várzea,RN,72.684,10,out,8.965711440845455,OK,1991,2020,30,CHIRPS_v2,UCSB-CHG/CHIRPS/DAILY,1991-2020,IBGE_2024
2406205,Lagoa d'Anta,RN,104.065,10,out,9.844690643470246,OK,1991,2020,30,CHIRPS_v2,UCSB-CHG/CHIRPS/DAILY,1991-2020,IBGE_2024
2406304,Lagoa de Pedras,RN,117.971,10,out,7.061884622306141,OK,1991,2020,30,CHIRPS_v2,UCSB-CHG/CHIRPS/DAILY,1991-2020,IBGE_2024
2404200,Goianinha,RN,192.279,10,out,16.085112356840888,OK,1991,2020,30,CHIRPS_v2,UCSB-CHG/CHIRPS/DAILY,1991-2020,IBGE_2024
2403509,Espírito Santo,RN,135.837,10,out,11.947833655574838,OK,1991,2020,30,CHIRPS_v2,UCSB-CHG/CHIRPS/DAILY,1991-2020,IBGE_2024
2402204,Canguaretama,RN,245.485,10,out,17.990878141383746,OK,1991,2020,30,CHIRPS_v2,UCSB-CHG/CHIRPS/DAILY,1991-2020,IBGE_2024
2401404,Baía Formosa,RN,247.484,10,out,21.343095810516328,OK,1991,2020,30,CHIRPS_v2,UCSB-CHG/CHIRPS/DAILY,1991-2020,IBGE_2024
2409803,Pedro Velho,RN,192.708,10,out,15.046580773730627,OK,1991,2020,30,CHIRPS_v2,UCSB-CHG/CHIRPS/DAILY,1991-2020,IBGE_2024
2401206,Arez,RN,115.407,10,out,16.94589708003598,OK,1991,2020,30,CHIRPS_v2,UCSB-CHG/CHIRPS/DAILY,1991-2020,IBGE_2024
2407708,Montanhas,RN,82.214,10,out,14.849260083530266,OK,1991,2020,30,CHIRPS_v2,UCSB-CHG/CHIRPS/DAILY,1991-2020,IBGE_2024
2415008,Vila Flor,RN,47.656,10,out,23.56973476720985,OK,1991,2020,30,CHIRPS_v2,UCSB-CHG/CHIRPS/DAILY,1991-2020,IBGE_2024
2414209,Tibau do Sul,RN,102.68,10,out,20.293346666954957,OK,1991,2020,30,CHIRPS_v2,UCSB-CHG/CHIRPS/DAILY,1991-2020,IBGE_2024
2414001,Tangará,RN,339.484,10,out,4.764567714168892,OK,1991,2020,30,CHIRPS_v2,UCSB-CHG/CHIRPS/DAILY,1991-2020,IBGE_2024
2405009,Jaçanã,RN,54.56,10,out,1.5518367003415419,OK,1991,2020,30,CHIRPS_v2,UCSB-CHG/CHIRPS/DAILY,1991-2020,IBGE_2024
2405405,Japi,RN,188.99,10,out,7.671148125938058,OK,1991,2020,30,CHIRPS_v2,UCSB-CHG/CHIRPS/DAILY,1991-2020,IBGE_2024
2411700,São Bento do Trairí,RN,190.818,10,out,4.828525932030345,OK,1991,2020,30,CHIRPS_v2,UCSB-CHG/CHIRPS/DAILY,1991-2020,IBGE_2024
2411205,Santa Cruz,RN,624.356,10,out,3.0231864633433028,OK,1991,2020,30,CHIRPS_v2,UCSB-CHG/CHIRPS/DAILY,1991-2020,IBGE_2024
2402808,Coronel Ezequiel,RN,185.748,10,out,1.3849233573091324,OK,1991,2020,30,CHIRPS_v2,UCSB-CHG/CHIRPS/DAILY,1991-2020,IBGE_2024
2402105,Campo Redondo,RN,213.727,10,out,1.1037838523671313,OK,1991,2020,30,CHIRPS_v2,UCSB-CHG/CHIRPS/DAILY,1991-2020,IBGE_2024
2406809,Lajes Pintadas,RN,130.211,10,out,2.16846062177326,OK,1991,2020,30,CHIRPS_v2,UCSB-CHG/CHIRPS/DAILY,1991-2020,IBGE_2024
2413706,Sítio Novo,RN,213.456,10,out,2.37659939763765,OK,1991,2020,30,CHIRPS_v2,UCSB-CHG/CHIRPS/DAILY,1991-2020,IBGE_2024
2405801,João Câmara,RN,714.971,10,out,1.3978612476343744,OK,1991,2020,30,CHIRPS_v2,UCSB-CHG/CHIRPS/DAILY,1991-2020,IBGE_2024
2405108,Jandaíra,RN,442.754,10,out,0.43487698135662733,OK,1991,2020,30,CHIRPS_v2,UCSB-CHG/CHIRPS/DAILY,1991-2020,IBGE_2024
2404101,Galinhos,RN,340.769,10,out,0.5670852739710055,OK,1991,2020,30,CHIRPS_v2,UCSB-CHG/CHIRPS/DAILY,1991-2020,IBGE_2024
2411601,São Bento do Norte,RN,288.761,10,out,1.6320734762173188,OK,1991,2020,30,CHIRPS_v2,UCSB-CHG/CHIRPS/DAILY,1991-2020,IBGE_2024
2409704,Pedro Avelino,RN,952.754,10,out,0.3927796378964703,OK,1991,2020,30,CHIRPS_v2,UCSB-CHG/CHIRPS/DAILY,1991-2020,IBGE_2024
2409605,Pedra Preta,RN,294.985,10,out,0.430653003297985,OK,1991,2020,30,CHIRPS_v2,UCSB-CHG/CHIRPS/DAILY,1991-2020,IBGE_2024
2401859,Caiçara do Norte,RN,225.633,10,out,1.036338734165564,OK,1991,2020,30,CHIRPS_v2,UCSB-CHG/CHIRPS/DAILY,1991-2020,IBGE_2024
2409506,Pedra Grande,RN,221.167,10,out,2.5623716911839214,OK,1991,2020,30,CHIRPS_v2,UCSB-CHG/CHIRPS/DAILY,1991-2020,IBGE_2024
2408805,Parazinho,RN,231.007,10,out,2.1598733521630336,OK,1991,2020,30,CHIRPS_v2,UCSB-CHG/CHIRPS/DAILY,1991-2020,IBGE_2024
2405504,Jardim de Angicos,RN,254.012,10,out,0.7879014127167364,OK,1991,2020,30,CHIRPS_v2,UCSB-CHG/CHIRPS/DAILY,1991-2020,IBGE_2024
2412708,São Pedro,RN,195.237,10,out,5.315007102184455,OK,1991,2020,30,CHIRPS_v2,UCSB-CHG/CHIRPS/DAILY,1991-2020,IBGE_2024
2413102,Senador Elói de Souza,RN,143.574,10,out,3.6258103330437743,OK,1991,2020,30,CHIRPS_v2,UCSB-CHG/CHIRPS/DAILY,1991-2020,IBGE_2024
2412906,São Tomé,RN,862.585,10,out,2.4761560902374216,OK,1991,2020,30,CHIRPS_v2,UCSB-CHG/CHIRPS/DAILY,1991-2020,IBGE_2024
2412609,São Paulo do Potengi,RN,240.425,10,out,3.8756588221765345,OK,1991,2020,30,CHIRPS_v2,UCSB-CHG/CHIRPS/DAILY,1991-2020,IBGE_2024
2411106,Ruy Barbosa,RN,125.816,10,out,2.662179251860983,OK,1991,2020,30,CHIRPS_v2,UCSB-CHG/CHIRPS/DAILY,1991-2020,IBGE_2024
2410900,Riachuelo,RN,262.88,10,out,2.9517846244559065,OK,1991,2020,30,CHIRPS_v2,UCSB-CHG/CHIRPS/DAILY,1991-2020,IBGE_2024
2401909,Caiçara do Rio do Vento,RN,261.194,10,out,1.9848808730088225,OK,1991,2020,30,CHIRPS_v2,UCSB-CHG/CHIRPS/DAILY,1991-2020,IBGE_2024
2401503,Barcelona,RN,152.626,10,out,3.5553497135872933,OK,1991,2020,30,CHIRPS_v2,UCSB-CHG/CHIRPS/DAILY,1991-2020,IBGE_2024
2409332,Santa Maria,RN,219.57,10,out,3.1533101121680565,OK,1991,2020,30,CHIRPS_v2,UCSB-CHG/CHIRPS/DAILY,1991-2020,IBGE_2024
2406403,Lagoa de Velhos,RN,111.607,10,out,4.738646802000074,OK,1991,2020,30,CHIRPS_v2,UCSB-CHG/CHIRPS/DAILY,1991-2020,IBGE_2024
2413409,Serra Negra do Norte,RN,562.396,10,out,1.9475135030204354,OK,1991,2020,30,CHIRPS_v2,UCSB-CHG/CHIRPS/DAILY,1991-2020,IBGE_2024
2404804,Ipueira,RN,127.348,10,out,1.7787573784849915,OK,1991,2020,30,CHIRPS_v2,UCSB-CHG/CHIRPS/DAILY,1991-2020,IBGE_2024
2412104,São João do Sabugi,RN,277.011,10,out,1.707507412520937,OK,1991,2020,30,CHIRPS_v2,UCSB-CHG/CHIRPS/DAILY,1991-2020,IBGE_2024
2412401,São José do Seridó,RN,174.505,10,out,1.580462864797857,OK,1991,2020,30,CHIRPS_v2,UCSB-CHG/CHIRPS/DAILY,1991-2020,IBGE_2024
2411809,São Fernando,RN,404.427,10,out,1.7292170250573289,OK,1991,2020,30,CHIRPS_v2,UCSB-CHG/CHIRPS/DAILY,1991-2020,IBGE_2024
2403400,Equador,RN,264.985,10,out,1.1326567617756373,OK,1991,2020,30,CHIRPS_v2,UCSB-CHG/CHIRPS/DAILY,1991-2020,IBGE_2024
2403004,Cruzeta,RN,295.83,10,out,1.6195067881655254,OK,1991,2020,30,CHIRPS_v2,UCSB-CHG/CHIRPS/DAILY,1991-2020,IBGE_2024
2411429,Santana do Seridó,RN,188.403,10,out,1.133633147561068,OK,1991,2020,30,CHIRPS_v2,UCSB-CHG/CHIRPS/DAILY,1991-2020,IBGE_2024
2402006,Caicó,RN,1228.583,10,out,1.728458840860816,OK,1991,2020,30,CHIRPS_v2,UCSB-CHG/CHIRPS/DAILY,1991-2020,IBGE_2024
2408904,Parelhas,RN,513.507,10,out,1.8347706283027736,OK,1991,2020,30,CHIRPS_v2,UCSB-CHG/CHIRPS/DAILY,1991-2020,IBGE_2024
2408508,Ouro Branco,RN,253.21,10,out,1.250542413878562,OK,1991,2020,30,CHIRPS_v2,UCSB-CHG/CHIRPS/DAILY,1991-2020,IBGE_2024
2414308,Timbaúba dos Batistas,RN,135.456,10,out,2.188154662594199,OK,1991,2020,30,CHIRPS_v2,UCSB-CHG/CHIRPS/DAILY,1991-2020,IBGE_2024
2406106,Jucurutu,RN,933.73,10,out,1.5998603664458755,OK,1991,2020,30,CHIRPS_v2,UCSB-CHG/CHIRPS/DAILY,1991-2020,IBGE_2024
2405603,Jardim de Piranhas,RN,330.53,10,out,1.7208197683186819,OK,1991,2020,30,CHIRPS_v2,UCSB-CHG/CHIRPS/DAILY,1991-2020,IBGE_2024
2405702,Jardim do Seridó,RN,367.645,10,out,1.3474744027049816,OK,1991,2020,30,CHIRPS_v2,UCSB-CHG/CHIRPS/DAILY,1991-2020,IBGE_2024
2413003,São Vicente,RN,197.817,10,out,1.3257750126504722,OK,1991,2020,30,CHIRPS_v2,UCSB-CHG/CHIRPS/DAILY,1991-2020,IBGE_2024
2403806,Florânia,RN,507.892,10,out,2.3194806852460133,OK,1991,2020,30,CHIRPS_v2,UCSB-CHG/CHIRPS/DAILY,1991-2020,IBGE_2024
2403103,Currais Novos,RN,864.349,10,out,1.3932039328885584,OK,1991,2020,30,CHIRPS_v2,UCSB-CHG/CHIRPS/DAILY,1991-2020,IBGE_2024
2402402,Carnaúba dos Dantas,RN,246.308,10,out,1.5591405718014666,OK,1991,2020,30,CHIRPS_v2,UCSB-CHG/CHIRPS/DAILY,1991-2020,IBGE_2024
2402709,Cerro Corá,RN,393.573,10,out,1.2871907457480776,OK,1991,2020,30,CHIRPS_v2,UCSB-CHG/CHIRPS/DAILY,1991-2020,IBGE_2024
2401651,Bodó,RN,253.519,10,out,1.8055667890281768,OK,1991,2020,30,CHIRPS_v2,UCSB-CHG/CHIRPS/DAILY,1991-2020,IBGE_2024
2400109,Acari,RN,608.466,10,out,2.2723230402230112,OK,1991,2020,30,CHIRPS_v2,UCSB-CHG/CHIRPS/DAILY,1991-2020,IBGE_2024
2406502,Lagoa Nova,RN,176.302,10,out,1.4813686911957071,OK,1991,2020,30,CHIRPS_v2,UCSB-CHG/CHIRPS/DAILY,1991-2020,IBGE_2024
2414159,Tenente Laurentino Cruz,RN,68.556,10,out,1.4956733454645301,OK,1991,2020,30,CHIRPS_v2,UCSB-CHG/CHIRPS/DAILY,1991-2020,IBGE_2024
2408003,Mossoró,RN,2099.334,10,out,0.6726830824463524,OK,1991,2020,30,CHIRPS_v2,UCSB-CHG/CHIRPS/DAILY,1991-2020,IBGE_2024
2413359,Serra do Mel,RN,620.241,10,out,0.7419797917431722,OK,1991,2020,30,CHIRPS_v2,UCSB-CHG/CHIRPS/DAILY,1991-2020,IBGE_2024
2413607,Severiano Melo,RN,157.85,10,out,0.9591464502380891,OK,1991,2020,30,CHIRPS_v2,UCSB-CHG/CHIRPS/DAILY,1991-2020,IBGE_2024
2405207,Janduís,RN,303.448,10,out,2.9821037037253735,OK,1991,2020,30,CHIRPS_v2,UCSB-CHG/CHIRPS/DAILY,1991-2020,IBGE_2024
2404903,Itaú,RN,133.031,10,out,0.970646146830865,OK,1991,2020,30,CHIRPS_v2,UCSB-CHG/CHIRPS/DAILY,1991-2020,IBGE_2024
2404309,Governador Dix-Sept Rosado,RN,1109.36,10,out,0.9122684575827833,OK,1991,2020,30,CHIRPS_v2,UCSB-CHG/CHIRPS/DAILY,1991-2020,IBGE_2024
2404408,Grossos,RN,124.538,10,out,0.5597121964639743,OK,1991,2020,30,CHIRPS_v2,UCSB-CHG/CHIRPS/DAILY,1991-2020,IBGE_2024
2403707,Felipe Guerra,RN,292.177,10,out,0.4500531144511308,OK,1991,2020,30,CHIRPS_v2,UCSB-CHG/CHIRPS/DAILY,1991-2020,IBGE_2024
2411007,Rodolfo Fernandes,RN,154.84,10,out,1.0899989851235428,OK,1991,2020,30,CHIRPS_v2,UCSB-CHG/CHIRPS/DAILY,1991-2020,IBGE_2024
2411056,Tibau,RN,169.366,10,out,0.9942300582265569,OK,1991,2020,30,CHIRPS_v2,UCSB-CHG/CHIRPS/DAILY,1991-2020,IBGE_2024
2402303,Caraúbas,RN,1094.488,10,out,1.3401076467645814,OK,1991,2020,30,CHIRPS_v2,UCSB-CHG/CHIRPS/DAILY,1991-2020,IBGE_2024
2401453,Baraúna,RN,825.681,10,out,0.9343774186551009,OK,1991,2020,30,CHIRPS_v2,UCSB-CHG/CHIRPS/DAILY,1991-2020,IBGE_2024
2401008,Apodi,RN,1569.146,10,out,0.8215481345630821,OK,1991,2020,30,CHIRPS_v2,UCSB-CHG/CHIRPS/DAILY,1991-2020,IBGE_2024
2401305,Campo Grande,RN,890.89,10,out,1.6950785386195029,OK,1991,2020,30,CHIRPS_v2,UCSB-CHG/CHIRPS/DAILY,1991-2020,IBGE_2024
2401107,Areia Branca,RN,342.749,10,out,0.663434477323725,OK,1991,2020,30,CHIRPS_v2,UCSB-CHG/CHIRPS/DAILY,1991-2020,IBGE_2024
2407609,Messias Targino,RN,142.607,10,out,3.7088624261708483,OK,1991,2020,30,CHIRPS_v2,UCSB-CHG/CHIRPS/DAILY,1991-2020,IBGE_2024
2414605,Upanema,RN,873.14,10,out,1.1682026058477233,OK,1991,2020,30,CHIRPS_v2,UCSB-CHG/CHIRPS/DAILY,1991-2020,IBGE_2024
2414100,Tenente Ananias,RN,223.671,10,out,3.3458391419986278,OK,1991,2020,30,CHIRPS_v2,UCSB-CHG/CHIRPS/DAILY,1991-2020,IBGE_2024
2405900,João Dias,RN,88.173,10,out,2.584920615511095,OK,1991,2020,30,CHIRPS_v2,UCSB-CHG/CHIRPS/DAILY,1991-2020,IBGE_2024
2413557,Serrinha dos Pintos,RN,122.375,10,out,1.1117385314234067,OK,1991,2020,30,CHIRPS_v2,UCSB-CHG/CHIRPS/DAILY,1991-2020,IBGE_2024
2404002,Frutuoso Gomes,RN,63.279,10,out,1.8243658362319726,OK,1991,2020,30,CHIRPS_v2,UCSB-CHG/CHIRPS/DAILY,1991-2020,IBGE_2024
2412500,São Miguel,RN,166.233,10,out,1.8660290651117792,OK,1991,2020,30,CHIRPS_v2,UCSB-CHG/CHIRPS/DAILY,1991-2020,IBGE_2024
2403905,Francisco Dantas,RN,181.558,10,out,0.808598867634518,OK,1991,2020,30,CHIRPS_v2,UCSB-CHG/CHIRPS/DAILY,1991-2020,IBGE_2024
2411908,São Francisco do Oeste,RN,75.588,10,out,0.8527504006544133,OK,1991,2020,30,CHIRPS_v2,UCSB-CHG/CHIRPS/DAILY,1991-2020,IBGE_2024
2402907,Coronel João Pessoa,RN,117.139,10,out,3.507358700088804,OK,1991,2020,30,CHIRPS_v2,UCSB-CHG/CHIRPS/DAILY,1991-2020,IBGE_2024
2403301,Encanto,RN,125.749,10,out,3.3547295998407165,OK,1991,2020,30,CHIRPS_v2,UCSB-CHG/CHIRPS/DAILY,1991-2020,IBGE_2024
2403202,Doutor Severiano,RN,113.737,10,out,2.4021582626696176,OK,1991,2020,30,CHIRPS_v2,UCSB-CHG/CHIRPS/DAILY,1991-2020,IBGE_2024
2410702,Riacho da Cruz,RN,127.223,10,out,1.4391351328645512,OK,1991,2020,30,CHIRPS_v2,UCSB-CHG/CHIRPS/DAILY,1991-2020,IBGE_2024
2410801,Riacho de Santana,RN,128.106,10,out,4.820657275650886,OK,1991,2020,30,CHIRPS_v2,UCSB-CHG/CHIRPS/DAILY,1991-2020,IBGE_2024
2410603,Rafael Godeiro,RN,100.073,10,out,4.473770068385039,OK,1991,2020,30,CHIRPS_v2,UCSB-CHG/CHIRPS/DAILY,1991-2020,IBGE_2024
2410207,Portalegre,RN,110.054,10,out,0.8067936553957415,OK,1991,2020,30,CHIRPS_v2,UCSB-CHG/CHIRPS/DAILY,1991-2020,IBGE_2024
2410504,Rafael Fernandes,RN,78.231,10,out,2.295913026895368,OK,1991,2020,30,CHIRPS_v2,UCSB-CHG/CHIRPS/DAILY,1991-2020,IBGE_2024
2410009,Pilões,RN,82.69,10,out,2.1775801400992005,OK,1991,2020,30,CHIRPS_v2,UCSB-CHG/CHIRPS/DAILY,1991-2020,IBGE_2024
2400901,Antônio Martins,RN,244.897,10,out,1.8090519644517356,OK,1991,2020,30,CHIRPS_v2,UCSB-CHG/CHIRPS/DAILY,1991-2020,IBGE_2024
2409308,Patu,RN,319.136,10,out,4.492808766922784,OK,1991,2020,30,CHIRPS_v2,UCSB-CHG/CHIRPS/DAILY,1991-2020,IBGE_2024
2409407,Pau dos Ferros,RN,259.959,10,out,1.4133385528727396,OK,1991,2020,30,CHIRPS_v2,UCSB-CHG/CHIRPS/DAILY,1991-2020,IBGE_2024
2400505,Alexandria,RN,381.205,10,out,2.616617136414218,OK,1991,2020,30,CHIRPS_v2,UCSB-CHG/CHIRPS/DAILY,1991-2020,IBGE_2024
2408607,Paraná,RN,81.39,10,out,3.603070800778662,OK,1991,2020,30,CHIRPS_v2,UCSB-CHG/CHIRPS/DAILY,1991-2020,IBGE_2024
2400406,Água Nova,RN,50.684,10,out,4.084886920878414,OK,1991,2020,30,CHIRPS_v2,UCSB-CHG/CHIRPS/DAILY,1991-2020,IBGE_2024
2400604,Almino Afonso,RN,128.038,10,out,3.983764094503925,OK,1991,2020,30,CHIRPS_v2,UCSB-CHG/CHIRPS/DAILY,1991-2020,IBGE_2024
2408409,Olho d'Água do Borges,RN,136.393,10,out,2.2500461429562133,OK,1991,2020,30,CHIRPS_v2,UCSB-CHG/CHIRPS/DAILY,1991-2020,IBGE_2024
2407005,Luís Gomes,RN,166.638,10,out,5.432899418324291,OK,1991,2020,30,CHIRPS_v2,UCSB-CHG/CHIRPS/DAILY,1991-2020,IBGE_2024
2407401,Martins,RN,169.464,10,out,0.9732034550832868,OK,1991,2020,30,CHIRPS_v2,UCSB-CHG/CHIRPS/DAILY,1991-2020,IBGE_2024
2407302,Marcelino Vieira,RN,345.711,10,out,2.2799716442712548,OK,1991,2020,30,CHIRPS_v2,UCSB-CHG/CHIRPS/DAILY,1991-2020,IBGE_2024
2407252,Major Sales,RN,31.971,10,out,4.682000121134337,OK,1991,2020,30,CHIRPS_v2,UCSB-CHG/CHIRPS/DAILY,1991-2020,IBGE_2024
2414902,Viçosa,RN,37.905,10,out,1.3559106213113636,OK,1991,2020,30,CHIRPS_v2,UCSB-CHG/CHIRPS/DAILY,1991-2020,IBGE_2024
2414753,Venha-Ver,RN,71.621,10,out,3.492462029023884,OK,1991,2020,30,CHIRPS_v2,UCSB-CHG/CHIRPS/DAILY,1991-2020,IBGE_2024
2406908,Lucrécia,RN,30.931,10,out,2.2731902120456833,OK,1991,2020,30,CHIRPS_v2,UCSB-CHG/CHIRPS/DAILY,1991-2020,IBGE_2024
2406007,José da Penha,RN,117.635,10,out,4.608898382218116,OK,1991,2020,30,CHIRPS_v2,UCSB-CHG/CHIRPS/DAILY,1991-2020,IBGE_2024
2414506,Umarizal,RN,249.61,10,out,2.1738150104496405,OK,1991,2020,30,CHIRPS_v2,UCSB-CHG/CHIRPS/DAILY,1991-2020,IBGE_2024
2413805,Taboleiro Grande,RN,124.093,10,out,1.0185609999142153,OK,1991,2020,30,CHIRPS_v2,UCSB-CHG/CHIRPS/DAILY,1991-2020,IBGE_2024
2412807,São Rafael,RN,469.101,10,out,1.3243109166315452,OK,1991,2020,30,CHIRPS_v2,UCSB-CHG/CHIRPS/DAILY,1991-2020,IBGE_2024
2404507,Guamaré,RN,258.307,10,out,0.433101942508704,OK,1991,2020,30,CHIRPS_v2,UCSB-CHG/CHIRPS/DAILY,1991-2020,IBGE_2024
2404853,Itajá,RN,203.624,10,out,1.3154777921052423,OK,1991,2020,30,CHIRPS_v2,UCSB-CHG/CHIRPS/DAILY,1991-2020,IBGE_2024
2404705,Ipanguaçu,RN,374.245,10,out,1.1380566386235065,OK,1991,2020,30,CHIRPS_v2,UCSB-CHG/CHIRPS/DAILY,1991-2020,IBGE_2024
2403756,Fernando Pedroza,RN,322.628,10,out,0.89852849107187,OK,1991,2020,30,CHIRPS_v2,UCSB-CHG/CHIRPS/DAILY,1991-2020,IBGE_2024
2411403,Santana do Matos,RN,1422.268,10,out,2.4306014953384816,OK,1991,2020,30,CHIRPS_v2,UCSB-CHG/CHIRPS/DAILY,1991-2020,IBGE_2024
2402501,Carnaubais,RN,517.737,10,out,0.9476272973308403,OK,1991,2020,30,CHIRPS_v2,UCSB-CHG/CHIRPS/DAILY,1991-2020,IBGE_2024
2410256,Porto do Mangue,RN,361.237,10,out,0.7969387879613307,OK,1991,2020,30,CHIRPS_v2,UCSB-CHG/CHIRPS/DAILY,1991-2020,IBGE_2024
2409902,Pendências,RN,419.137,10,out,0.5591850660453499,OK,1991,2020,30,CHIRPS_v2,UCSB-CHG/CHIRPS/DAILY,1991-2020,IBGE_2024
2408706,Paraú,RN,383.214,10,out,1.2993681038350429,OK,1991,2020,30,CHIRPS_v2,UCSB-CHG/CHIRPS/DAILY,1991-2020,IBGE_2024
2400802,Angicos,RN,741.582,10,out,1.3843346063766426,OK,1991,2020,30,CHIRPS_v2,UCSB-CHG/CHIRPS/DAILY,1991-2020,IBGE_2024
2400703,Alto do Rodrigues,RN,191.334,10,out,0.8204198596827099,OK,1991,2020,30,CHIRPS_v2,UCSB-CHG/CHIRPS/DAILY,1991-2020,IBGE_2024
2400208,Assú,RN,1303.442,10,out,0.6790280273405458,OK,1991,2020,30,CHIRPS_v2,UCSB-CHG/CHIRPS/DAILY,1991-2020,IBGE_2024
2400307,Afonso Bezerra,RN,576.179,10,out,0.7884924290972366,OK,1991,2020,30,CHIRPS_v2,UCSB-CHG/CHIRPS/DAILY,1991-2020,IBGE_2024
2407203,Macau,RN,775.302,10,out,0.3703697517499334,OK,1991,2020,30,CHIRPS_v2,UCSB-CHG/CHIRPS/DAILY,1991-2020,IBGE_2024
2406700,Lajes,RN,676.627,10,out,0.7859889738856064,OK,1991,2020,30,CHIRPS_v2,UCSB-CHG/CHIRPS/DAILY,1991-2020,IBGE_2024
2414456,Triunfo Potiguar,RN,268.725,10,out,2.2717222267559913,OK,1991,2020,30,CHIRPS_v2,UCSB-CHG/CHIRPS/DAILY,1991-2020,IBGE_2024
2503209,Cabedelo,PB,29.873,10,out,38.04453484600093,OK,1991,2020,30,CHIRPS_v2,UCSB-CHG/CHIRPS/DAILY,1991-2020,IBGE_2024
2501807,Bayeux,PB,27.705,10,out,33.18342057721583,OK,1991,2020,30,CHIRPS_v2,UCSB-CHG/CHIRPS/DAILY,1991-2020,IBGE_2024
2508604,Lucena,PB,93.8,10,out,26.885221397836187,OK,1991,2020,30,CHIRPS_v2,UCSB-CHG/CHIRPS/DAILY,1991-2020,IBGE_2024
2507507,João Pessoa,PB,210.044,10,out,43.71249436644722,OK,1991,2020,30,CHIRPS_v2,UCSB-CHG/CHIRPS/DAILY,1991-2020,IBGE_2024
2513703,Santa Rita,PB,718.576,10,out,30.093836985338317,OK,1991,2020,30,CHIRPS_v2,UCSB-CHG/CHIRPS/DAILY,1991-2020,IBGE_2024
2504603,Conde,PB,171.267,10,out,46.807704030843404,OK,1991,2020,30,CHIRPS_v2,UCSB-CHG/CHIRPS/DAILY,1991-2020,IBGE_2024
2511509,Pilar,PB,103.306,10,out,15.435442774286567,OK,1991,2020,30,CHIRPS_v2,UCSB-CHG/CHIRPS/DAILY,1991-2020,IBGE_2024
2511905,Pitimbu,PB,135.801,10,out,52.11503881792314,OK,1991,2020,30,CHIRPS_v2,UCSB-CHG/CHIRPS/DAILY,1991-2020,IBGE_2024
2511202,Pedras de Fogo,PB,406.729,10,out,26.868053215543018,OK,1991,2020,30,CHIRPS_v2,UCSB-CHG/CHIRPS/DAILY,1991-2020,IBGE_2024
2503001,Caaporã,PB,151.018,10,out,46.68077761398947,OK,1991,2020,30,CHIRPS_v2,UCSB-CHG/CHIRPS/DAILY,1991-2020,IBGE_2024
2509107,Mari,PB,155.265,10,out,16.817973345999906,OK,1991,2020,30,CHIRPS_v2,UCSB-CHG/CHIRPS/DAILY,1991-2020,IBGE_2024
2500601,Alhandra,PB,183.974,10,out,38.219496108126734,OK,1991,2020,30,CHIRPS_v2,UCSB-CHG/CHIRPS/DAILY,1991-2020,IBGE_2024
2507903,Juripiranga,PB,78.706,10,out,20.88796883093987,OK,1991,2020,30,CHIRPS_v2,UCSB-CHG/CHIRPS/DAILY,1991-2020,IBGE_2024
2515971,Sobrado,PB,61.953,10,out,16.455164390978034,OK,1991,2020,30,CHIRPS_v2,UCSB-CHG/CHIRPS/DAILY,1991-2020,IBGE_2024
2507606,Juarez Távora,PB,75.678,10,out,15.192855763693052,OK,1991,2020,30,CHIRPS_v2,UCSB-CHG/CHIRPS/DAILY,1991-2020,IBGE_2024
2515302,Sapé,PB,313.678,10,out,18.478992384259893,OK,1991,2020,30,CHIRPS_v2,UCSB-CHG/CHIRPS/DAILY,1991-2020,IBGE_2024
2506400,Gurinhém,PB,340.408,10,out,15.196590324134565,OK,1991,2020,30,CHIRPS_v2,UCSB-CHG/CHIRPS/DAILY,1991-2020,IBGE_2024
2515005,São Miguel de Taipu,PB,92.413,10,out,17.582866531559016,OK,1991,2020,30,CHIRPS_v2,UCSB-CHG/CHIRPS/DAILY,1991-2020,IBGE_2024
2504900,Cruz do Espírito Santo,PB,192.512,10,out,26.694747413262405,OK,1991,2020,30,CHIRPS_v2,UCSB-CHG/CHIRPS/DAILY,1991-2020,IBGE_2024
2505238,Cuité de Mamanguape,PB,107.68,10,out,17.8798526316349,OK,1991,2020,30,CHIRPS_v2,UCSB-CHG/CHIRPS/DAILY,1991-2020,IBGE_2024
2512762,Riachão do Poço,PB,40.46,10,out,16.80702804090965,OK,1991,2020,30,CHIRPS_v2,UCSB-CHG/CHIRPS/DAILY,1991-2020,IBGE_2024
2503803,Caldas Brandão,PB,55.963,10,out,16.229981087736366,OK,1991,2020,30,CHIRPS_v2,UCSB-CHG/CHIRPS/DAILY,1991-2020,IBGE_2024
2511608,Pilões,PB,65.574,10,out,21.923991985526282,OK,1991,2020,30,CHIRPS_v2,UCSB-CHG/CHIRPS/DAILY,1991-2020,IBGE_2024
2511707,Pilõezinhos,PB,40.908,10,out,21.705166900750037,OK,1991,2020,30,CHIRPS_v2,UCSB-CHG/CHIRPS/DAILY,1991-2020,IBGE_2024
2503506,Cacimba de Dentro,PB,165.072,10,out,10.028581114877268,OK,1991,2020,30,CHIRPS_v2,UCSB-CHG/CHIRPS/DAILY,1991-2020,IBGE_2024
2511806,Pirpirituba,PB,80.672,10,out,19.30952923434686,OK,1991,2020,30,CHIRPS_v2,UCSB-CHG/CHIRPS/DAILY,1991-2020,IBGE_2024
2503605,Caiçara,PB,123.677,10,out,15.35373191870183,OK,1991,2020,30,CHIRPS_v2,UCSB-CHG/CHIRPS/DAILY,1991-2020,IBGE_2024
2502706,Borborema,PB,26.107,10,out,24.49895843672063,OK,1991,2020,30,CHIRPS_v2,UCSB-CHG/CHIRPS/DAILY,1991-2020,IBGE_2024
2501906,Belém,PB,99.609,10,out,18.195455937188743,OK,1991,2020,30,CHIRPS_v2,UCSB-CHG/CHIRPS/DAILY,1991-2020,IBGE_2024
2509800,Mulungu,PB,187.259,10,out,13.386185859439474,OK,1991,2020,30,CHIRPS_v2,UCSB-CHG/CHIRPS/DAILY,1991-2020,IBGE_2024
2501500,Bananeiras,PB,255.641,10,out,17.645390755259605,OK,1991,2020,30,CHIRPS_v2,UCSB-CHG/CHIRPS/DAILY,1991-2020,IBGE_2024
2500809,Araçagi,PB,232.177,10,out,16.516495075109127,OK,1991,2020,30,CHIRPS_v2,UCSB-CHG/CHIRPS/DAILY,1991-2020,IBGE_2024
2500908,Arara,PB,91.306,10,out,17.470292763702677,OK,1991,2020,30,CHIRPS_v2,UCSB-CHG/CHIRPS/DAILY,1991-2020,IBGE_2024
2501005,Araruna,PB,246.717,10,out,7.640769175840293,OK,1991,2020,30,CHIRPS_v2,UCSB-CHG/CHIRPS/DAILY,1991-2020,IBGE_2024
2508554,Logradouro,PB,42.876,10,out,13.503355031705789,OK,1991,2020,30,CHIRPS_v2,UCSB-CHG/CHIRPS/DAILY,1991-2020,IBGE_2024
2500502,Alagoinha,PB,111.361,10,out,16.493336536317713,OK,1991,2020,30,CHIRPS_v2,UCSB-CHG/CHIRPS/DAILY,1991-2020,IBGE_2024
2516409,Tacima,PB,245.237,10,out,13.651131233362957,OK,1991,2020,30,CHIRPS_v2,UCSB-CHG/CHIRPS/DAILY,1991-2020,IBGE_2024
2508208,Lagoa de Dentro,PB,83.508,10,out,17.041673579641024,OK,1991,2020,30,CHIRPS_v2,UCSB-CHG/CHIRPS/DAILY,1991-2020,IBGE_2024
2515609,Serra da Raiz,PB,31.679,10,out,17.452155575542907,OK,1991,2020,30,CHIRPS_v2,UCSB-CHG/CHIRPS/DAILY,1991-2020,IBGE_2024
2515930,Sertãozinho,PB,32.455,10,out,16.672649222648506,OK,1991,2020,30,CHIRPS_v2,UCSB-CHG/CHIRPS/DAILY,1991-2020,IBGE_2024
2516003,Solânea,PB,233.043,10,out,14.562574847267689,OK,1991,2020,30,CHIRPS_v2,UCSB-CHG/CHIRPS/DAILY,1991-2020,IBGE_2024
2515906,Serraria,PB,65.062,10,out,21.177367059756325,OK,1991,2020,30,CHIRPS_v2,UCSB-CHG/CHIRPS/DAILY,1991-2020,IBGE_2024
2505808,Duas Estradas,PB,27.012,10,out,16.49299667460169,OK,1991,2020,30,CHIRPS_v2,UCSB-CHG/CHIRPS/DAILY,1991-2020,IBGE_2024
2506301,Guarabira,PB,162.387,10,out,15.849119713215549,OK,1991,2020,30,CHIRPS_v2,UCSB-CHG/CHIRPS/DAILY,1991-2020,IBGE_2024
2505709,Dona Inês,PB,173.648,10,out,13.660501132062826,OK,1991,2020,30,CHIRPS_v2,UCSB-CHG/CHIRPS/DAILY,1991-2020,IBGE_2024
2505204,Cuitegi,PB,42.091,10,out,18.35859180908579,OK,1991,2020,30,CHIRPS_v2,UCSB-CHG/CHIRPS/DAILY,1991-2020,IBGE_2024
2512747,Riachão,PB,85.291,10,out,10.967037797317516,OK,1991,2020,30,CHIRPS_v2,UCSB-CHG/CHIRPS/DAILY,1991-2020,IBGE_2024
2504157,Casserengue,PB,202.761,10,out,10.505174249116374,OK,1991,2020,30,CHIRPS_v2,UCSB-CHG/CHIRPS/DAILY,1991-2020,IBGE_2024
2504033,Capim,PB,79.876,10,out,19.366659162856063,OK,1991,2020,30,CHIRPS_v2,UCSB-CHG/CHIRPS/DAILY,1991-2020,IBGE_2024
2501401,Baía da Traição,PB,102.756,10,out,21.100166405653052,OK,1991,2020,30,CHIRPS_v2,UCSB-CHG/CHIRPS/DAILY,1991-2020,IBGE_2024
2509057,Marcação,PB,122.665,10,out,21.92855988565864,OK,1991,2020,30,CHIRPS_v2,UCSB-CHG/CHIRPS/DAILY,1991-2020,IBGE_2024
2508901,Mamanguape,PB,337.434,10,out,18.997669786160365,OK,1991,2020,30,CHIRPS_v2,UCSB-CHG/CHIRPS/DAILY,1991-2020,IBGE_2024
2509305,Mataraca,PB,182.439,10,out,21.401347975221306,OK,1991,2020,30,CHIRPS_v2,UCSB-CHG/CHIRPS/DAILY,1991-2020,IBGE_2024
2507309,Jacaraú,PB,256.845,10,out,16.825806366779577,OK,1991,2020,30,CHIRPS_v2,UCSB-CHG/CHIRPS/DAILY,1991-2020,IBGE_2024
2507101,Itapororoca,PB,145.807,10,out,17.634338331642855,OK,1991,2020,30,CHIRPS_v2,UCSB-CHG/CHIRPS/DAILY,1991-2020,IBGE_2024
2505279,Curral de Cima,PB,86.428,10,out,18.210253813032605,OK,1991,2020,30,CHIRPS_v2,UCSB-CHG/CHIRPS/DAILY,1991-2020,IBGE_2024
2512903,Rio Tinto,PB,465.24,10,out,22.074428855578518,OK,1991,2020,30,CHIRPS_v2,UCSB-CHG/CHIRPS/DAILY,1991-2020,IBGE_2024
2512721,Pedro Régis,PB,74.216,10,out,18.715600467279017,OK,1991,2020,30,CHIRPS_v2,UCSB-CHG/CHIRPS/DAILY,1991-2020,IBGE_2024
2509909,Natuba,PB,202.173,10,out,17.38253106111675,OK,1991,2020,30,CHIRPS_v2,UCSB-CHG/CHIRPS/DAILY,1991-2020,IBGE_2024
2509404,Mogeiro,PB,214.093,10,out,16.53603622149634,OK,1991,2020,30,CHIRPS_v2,UCSB-CHG/CHIRPS/DAILY,1991-2020,IBGE_2024
2506905,Itabaiana,PB,210.572,10,out,17.41614777916592,OK,1991,2020,30,CHIRPS_v2,UCSB-CHG/CHIRPS/DAILY,1991-2020,IBGE_2024
2514453,São José dos Ramos,PB,100.642,10,out,14.467678253919972,OK,1991,2020,30,CHIRPS_v2,UCSB-CHG/CHIRPS/DAILY,1991-2020,IBGE_2024
2513109,Salgado de São Félix,PB,204.079,10,out,18.176152111106667,OK,1991,2020,30,CHIRPS_v2,UCSB-CHG/CHIRPS/DAILY,1991-2020,IBGE_2024
2504009,Campina Grande,PB,591.656,10,out,8.384095213388983,OK,1991,2020,30,CHIRPS_v2,UCSB-CHG/CHIRPS/DAILY,1991-2020,IBGE_2024
2509206,Massaranduba,PB,209.402,10,out,14.573306971756699,OK,1991,2020,30,CHIRPS_v2,UCSB-CHG/CHIRPS/DAILY,1991-2020,IBGE_2024
2508307,Lagoa Seca,PB,108.219,10,out,11.97013216220842,OK,1991,2020,30,CHIRPS_v2,UCSB-CHG/CHIRPS/DAILY,1991-2020,IBGE_2024
2512507,Queimadas,PB,402.748,10,out,9.001732480830418,OK,1991,2020,30,CHIRPS_v2,UCSB-CHG/CHIRPS/DAILY,1991-2020,IBGE_2024
2512408,Puxinanã,PB,71.118,10,out,7.360811974750533,OK,1991,2020,30,CHIRPS_v2,UCSB-CHG/CHIRPS/DAILY,1991-2020,IBGE_2024
2504074,Caraúbas,PB,486.623,10,out,2.405184557716179,OK,1991,2020,30,CHIRPS_v2,UCSB-CHG/CHIRPS/DAILY,1991-2020,IBGE_2024
2503100,Cabaceiras,PB,469.171,10,out,1.8791133664049249,OK,1991,2020,30,CHIRPS_v2,UCSB-CHG/CHIRPS/DAILY,1991-2020,IBGE_2024
2510501,Olivedos,PB,314.625,10,out,1.2120394219010568,OK,1991,2020,30,CHIRPS_v2,UCSB-CHG/CHIRPS/DAILY,1991-2020,IBGE_2024
2502508,Boqueirão,PB,373.077,10,out,4.176386081310695,OK,1991,2020,30,CHIRPS_v2,UCSB-CHG/CHIRPS/DAILY,1991-2020,IBGE_2024
2501708,Barra de São Miguel,PB,609.695,10,out,3.7164956696939897,OK,1991,2020,30,CHIRPS_v2,UCSB-CHG/CHIRPS/DAILY,1991-2020,IBGE_2024
2502151,Boa Vista,PB,468.933,10,out,2.055286464780146,OK,1991,2020,30,CHIRPS_v2,UCSB-CHG/CHIRPS/DAILY,1991-2020,IBGE_2024
2501351,Assunção,PB,132.139,10,out,1.1243722942214591,OK,1991,2020,30,CHIRPS_v2,UCSB-CHG/CHIRPS/DAILY,1991-2020,IBGE_2024
2501203,Areial,PB,35.81,10,out,8.737469875628621,OK,1991,2020,30,CHIRPS_v2,UCSB-CHG/CHIRPS/DAILY,1991-2020,IBGE_2024
2509503,Montadas,PB,31.793,10,out,7.594426153285777,OK,1991,2020,30,CHIRPS_v2,UCSB-CHG/CHIRPS/DAILY,1991-2020,IBGE_2024
2501302,Aroeiras,PB,376.118,10,out,14.342950398754622,OK,1991,2020,30,CHIRPS_v2,UCSB-CHG/CHIRPS/DAILY,1991-2020,IBGE_2024
2501575,Barra de Santana,PB,375.177,10,out,9.887795705113813,OK,1991,2020,30,CHIRPS_v2,UCSB-CHG/CHIRPS/DAILY,1991-2020,IBGE_2024
2501104,Areia,PB,269.13,10,out,22.59972344162194,OK,1991,2020,30,CHIRPS_v2,UCSB-CHG/CHIRPS/DAILY,1991-2020,IBGE_2024
2509339,Matinhas,PB,36.522,10,out,16.84883181077472,OK,1991,2020,30,CHIRPS_v2,UCSB-CHG/CHIRPS/DAILY,1991-2020,IBGE_2024
2500304,Alagoa Grande,PB,322.071,10,out,16.87979708464992,OK,1991,2020,30,CHIRPS_v2,UCSB-CHG/CHIRPS/DAILY,1991-2020,IBGE_2024
2516755,Tenório,PB,87.452,10,out,1.1610117501711994,OK,1991,2020,30,CHIRPS_v2,UCSB-CHG/CHIRPS/DAILY,1991-2020,IBGE_2024
2500403,Alagoa Nova,PB,128.23,10,out,21.92736388733264,OK,1991,2020,30,CHIRPS_v2,UCSB-CHG/CHIRPS/DAILY,1991-2020,IBGE_2024
2500577,Algodão de Jandaíra,PB,222.74,10,out,7.007547318511975,OK,1991,2020,30,CHIRPS_v2,UCSB-CHG/CHIRPS/DAILY,1991-2020,IBGE_2024
2517001,Umbuzeiro,PB,185.578,10,out,14.20513396338642,OK,1991,2020,30,CHIRPS_v2,UCSB-CHG/CHIRPS/DAILY,1991-2020,IBGE_2024
2500536,Alcantil,PB,309.896,10,out,7.382571878880368,OK,1991,2020,30,CHIRPS_v2,UCSB-CHG/CHIRPS/DAILY,1991-2020,IBGE_2024
2516102,Soledade,PB,578.178,10,out,1.5460254747952995,OK,1991,2020,30,CHIRPS_v2,UCSB-CHG/CHIRPS/DAILY,1991-2020,IBGE_2024
2516508,Taperoá,PB,628.365,10,out,1.528503925807904,OK,1991,2020,30,CHIRPS_v2,UCSB-CHG/CHIRPS/DAILY,1991-2020,IBGE_2024
2507804,Junco do Seridó,PB,180.425,10,out,1.1205341262160355,OK,1991,2020,30,CHIRPS_v2,UCSB-CHG/CHIRPS/DAILY,1991-2020,IBGE_2024
2515807,Serra Redonda,PB,55.197,10,out,14.626381506268109,OK,1991,2020,30,CHIRPS_v2,UCSB-CHG/CHIRPS/DAILY,1991-2020,IBGE_2024
2507705,Juazeirinho,PB,474.606,10,out,1.3153233194177971,OK,1991,2020,30,CHIRPS_v2,UCSB-CHG/CHIRPS/DAILY,1991-2020,IBGE_2024
2515104,São Sebastião de Lagoa de Roça,PB,46.372,10,out,13.783437059913151,OK,1991,2020,30,CHIRPS_v2,UCSB-CHG/CHIRPS/DAILY,1991-2020,IBGE_2024
2515401,São Vicente do Seridó,PB,262.751,10,out,1.697715826630854,OK,1991,2020,30,CHIRPS_v2,UCSB-CHG/CHIRPS/DAILY,1991-2020,IBGE_2024
2507200,Itatuba,PB,251.75,10,out,17.08973248481801,OK,1991,2020,30,CHIRPS_v2,UCSB-CHG/CHIRPS/DAILY,1991-2020,IBGE_2024
2506509,Gurjão,PB,344.502,10,out,1.4575077189150234,OK,1991,2020,30,CHIRPS_v2,UCSB-CHG/CHIRPS/DAILY,1991-2020,IBGE_2024
2506806,Ingá,PB,262.179,10,out,16.248277064108052,OK,1991,2020,30,CHIRPS_v2,UCSB-CHG/CHIRPS/DAILY,1991-2020,IBGE_2024
2506004,Esperança,PB,157.851,10,out,12.226298149918186,OK,1991,2020,30,CHIRPS_v2,UCSB-CHG/CHIRPS/DAILY,1991-2020,IBGE_2024
2514008,São João do Cariri,PB,612.963,10,out,1.3755178578079132,OK,1991,2020,30,CHIRPS_v2,UCSB-CHG/CHIRPS/DAILY,1991-2020,IBGE_2024
2506251,Gado Bravo,PB,192.42,10,out,13.204588980622939,OK,1991,2020,30,CHIRPS_v2,UCSB-CHG/CHIRPS/DAILY,1991-2020,IBGE_2024
2506103,Fagundes,PB,185.061,10,out,14.025281833141479,OK,1991,2020,30,CHIRPS_v2,UCSB-CHG/CHIRPS/DAILY,1991-2020,IBGE_2024
2513943,São Domingos do Cariri,PB,233.835,10,out,2.5951164597611824,OK,1991,2020,30,CHIRPS_v2,UCSB-CHG/CHIRPS/DAILY,1991-2020,IBGE_2024
2513851,Santo André,PB,197.791,10,out,1.492713372925553,OK,1991,2020,30,CHIRPS_v2,UCSB-CHG/CHIRPS/DAILY,1991-2020,IBGE_2024
2513158,Santa Cecília,PB,217.577,10,out,10.993478396573273,OK,1991,2020,30,CHIRPS_v2,UCSB-CHG/CHIRPS/DAILY,1991-2020,IBGE_2024
2505006,Cubati,PB,163.57,10,out,1.5592133492696716,OK,1991,2020,30,CHIRPS_v2,UCSB-CHG/CHIRPS/DAILY,1991-2020,IBGE_2024
2512705,Remígio,PB,183.459,10,out,14.632702050434263,OK,1991,2020,30,CHIRPS_v2,UCSB-CHG/CHIRPS/DAILY,1991-2020,IBGE_2024
2504355,Caturité,PB,117.825,10,out,5.795510217154951,OK,1991,2020,30,CHIRPS_v2,UCSB-CHG/CHIRPS/DAILY,1991-2020,IBGE_2024
2512754,Riachão do Bacamarte,PB,40.281,10,out,14.514539594978299,OK,1991,2020,30,CHIRPS_v2,UCSB-CHG/CHIRPS/DAILY,1991-2020,IBGE_2024
2512788,Riacho de Santo Antônio,PB,93.654,10,out,4.571827647102145,OK,1991,2020,30,CHIRPS_v2,UCSB-CHG/CHIRPS/DAILY,1991-2020,IBGE_2024
2512002,Pocinhos,PB,623.967,10,out,2.536337548329193,OK,1991,2020,30,CHIRPS_v2,UCSB-CHG/CHIRPS/DAILY,1991-2020,IBGE_2024
2511103,Pedra Lavrada,PB,335.615,10,out,1.6687882453448413,OK,1991,2020,30,CHIRPS_v2,UCSB-CHG/CHIRPS/DAILY,1991-2020,IBGE_2024
2511400,Picuí,PB,667.714,10,out,1.4990189419752067,OK,1991,2020,30,CHIRPS_v2,UCSB-CHG/CHIRPS/DAILY,1991-2020,IBGE_2024
2510105,Nova Floresta,PB,47.572,10,out,1.461686806152703,OK,1991,2020,30,CHIRPS_v2,UCSB-CHG/CHIRPS/DAILY,1991-2020,IBGE_2024
2510303,Nova Palmeira,PB,314.748,10,out,1.556039518151589,OK,1991,2020,30,CHIRPS_v2,UCSB-CHG/CHIRPS/DAILY,1991-2020,IBGE_2024
2501609,Barra de Santa Rosa,PB,781.187,10,out,3.8034886038474713,OK,1991,2020,30,CHIRPS_v2,UCSB-CHG/CHIRPS/DAILY,1991-2020,IBGE_2024
2501534,Baraúna,PB,50.03,10,out,1.713163491354349,OK,1991,2020,30,CHIRPS_v2,UCSB-CHG/CHIRPS/DAILY,1991-2020,IBGE_2024
2516151,Sossêgo,PB,147.264,10,out,2.2101320437100767,OK,1991,2020,30,CHIRPS_v2,UCSB-CHG/CHIRPS/DAILY,1991-2020,IBGE_2024
2506202,Frei Martinho,PB,238.658,10,out,2.2711583759065994,OK,1991,2020,30,CHIRPS_v2,UCSB-CHG/CHIRPS/DAILY,1991-2020,IBGE_2024
2505352,Damião,PB,186.198,10,out,7.4331856884329035,OK,1991,2020,30,CHIRPS_v2,UCSB-CHG/CHIRPS/DAILY,1991-2020,IBGE_2024
2505105,Cuité,PB,733.818,10,out,4.105832203076078,OK,1991,2020,30,CHIRPS_v2,UCSB-CHG/CHIRPS/DAILY,1991-2020,IBGE_2024
2512200,Prata,PB,201.788,10,out,3.7427856025205375,OK,1991,2020,30,CHIRPS_v2,UCSB-CHG/CHIRPS/DAILY,1991-2020,IBGE_2024
2510600,Ouro Velho,PB,128.11,10,out,3.3022025890856685,OK,1991,2020,30,CHIRPS_v2,UCSB-CHG/CHIRPS/DAILY,1991-2020,IBGE_2024
2509701,Monteiro,PB,992.62,10,out,7.364108870425793,OK,1991,2020,30,CHIRPS_v2,UCSB-CHG/CHIRPS/DAILY,1991-2020,IBGE_2024
2517407,Zabelê,PB,106.811,10,out,9.324976302572273,OK,1991,2020,30,CHIRPS_v2,UCSB-CHG/CHIRPS/DAILY,1991-2020,IBGE_2024
2515203,São Sebastião do Umbuzeiro,PB,464.327,10,out,8.22728101568785,OK,1991,2020,30,CHIRPS_v2,UCSB-CHG/CHIRPS/DAILY,1991-2020,IBGE_2024
2514107,São João do Tigre,PB,812.617,10,out,5.171816637220116,OK,1991,2020,30,CHIRPS_v2,UCSB-CHG/CHIRPS/DAILY,1991-2020,IBGE_2024
2503902,Camalaú,PB,541.841,10,out,3.511656178760744,OK,1991,2020,30,CHIRPS_v2,UCSB-CHG/CHIRPS/DAILY,1991-2020,IBGE_2024
2510659,Parari,PB,207.814,10,out,1.7561492516056065,OK,1991,2020,30,CHIRPS_v2,UCSB-CHG/CHIRPS/DAILY,1991-2020,IBGE_2024
2500734,Amparo,PB,122.094,10,out,2.368625848439389,OK,1991,2020,30,CHIRPS_v2,UCSB-CHG/CHIRPS/DAILY,1991-2020,IBGE_2024
2508505,Livramento,PB,266.948,10,out,2.1505458868262406,OK,1991,2020,30,CHIRPS_v2,UCSB-CHG/CHIRPS/DAILY,1991-2020,IBGE_2024
2516300,Sumé,PB,833.315,10,out,2.3062391096394452,OK,1991,2020,30,CHIRPS_v2,UCSB-CHG/CHIRPS/DAILY,1991-2020,IBGE_2024
2515500,Serra Branca,PB,698.105,10,out,1.6019416428408813,OK,1991,2020,30,CHIRPS_v2,UCSB-CHG/CHIRPS/DAILY,1991-2020,IBGE_2024
2514800,São José dos Cordeiros,PB,376.661,10,out,2.1078585259125626,OK,1991,2020,30,CHIRPS_v2,UCSB-CHG/CHIRPS/DAILY,1991-2020,IBGE_2024
2504850,Coxixola,PB,173.942,10,out,1.8788787007412342,OK,1991,2020,30,CHIRPS_v2,UCSB-CHG/CHIRPS/DAILY,1991-2020,IBGE_2024
2504702,Congo,PB,324.686,10,out,2.0948109444757175,OK,1991,2020,30,CHIRPS_v2,UCSB-CHG/CHIRPS/DAILY,1991-2020,IBGE_2024
2510808,Patos,PB,472.892,10,out,2.744862434821683,OK,1991,2020,30,CHIRPS_v2,UCSB-CHG/CHIRPS/DAILY,1991-2020,IBGE_2024
2512606,Quixaba,PB,147.158,10,out,2.6789105965094806,OK,1991,2020,30,CHIRPS_v2,UCSB-CHG/CHIRPS/DAILY,1991-2020,IBGE_2024
2503407,Cacimba de Areia,PB,213.019,10,out,3.3286031300841215,OK,1991,2020,30,CHIRPS_v2,UCSB-CHG/CHIRPS/DAILY,1991-2020,IBGE_2024
2503555,Cacimbas,PB,124.068,10,out,2.8266025138613475,OK,1991,2020,30,CHIRPS_v2,UCSB-CHG/CHIRPS/DAILY,1991-2020,IBGE_2024
2510709,Passagem,PB,123.422,10,out,2.2181998462924284,OK,1991,2020,30,CHIRPS_v2,UCSB-CHG/CHIRPS/DAILY,1991-2020,IBGE_2024
2510402,Olho d'Água,PB,580.47,10,out,7.325444589620514,OK,1991,2020,30,CHIRPS_v2,UCSB-CHG/CHIRPS/DAILY,1991-2020,IBGE_2024
2509396,Maturéia,PB,83.053,10,out,2.6660690982670294,OK,1991,2020,30,CHIRPS_v2,UCSB-CHG/CHIRPS/DAILY,1991-2020,IBGE_2024
2517100,Várzea,PB,191.282,10,out,1.4576507322687278,OK,1991,2020,30,CHIRPS_v2,UCSB-CHG/CHIRPS/DAILY,1991-2020,IBGE_2024
2501153,Areia de Baraúnas,PB,114.078,10,out,2.1932841978621997,OK,1991,2020,30,CHIRPS_v2,UCSB-CHG/CHIRPS/DAILY,1991-2020,IBGE_2024
2516706,Teixeira,PB,155.452,10,out,2.3526611810056623,OK,1991,2020,30,CHIRPS_v2,UCSB-CHG/CHIRPS/DAILY,1991-2020,IBGE_2024
2508802,Malta,PB,172.01,10,out,2.390699146776461,OK,1991,2020,30,CHIRPS_v2,UCSB-CHG/CHIRPS/DAILY,1991-2020,IBGE_2024
2508703,Mãe d'Água,PB,228.676,10,out,3.395777045259186,OK,1991,2020,30,CHIRPS_v2,UCSB-CHG/CHIRPS/DAILY,1991-2020,IBGE_2024
2500106,Água Branca,PB,241.662,10,out,7.977881360712489,OK,1991,2020,30,CHIRPS_v2,UCSB-CHG/CHIRPS/DAILY,1991-2020,IBGE_2024
2514701,São José do Sabugi,PB,213.555,10,out,1.061616413150874,OK,1991,2020,30,CHIRPS_v2,UCSB-CHG/CHIRPS/DAILY,1991-2020,IBGE_2024
2514602,São José do Bonfim,PB,153.629,10,out,2.56099732811768,OK,1991,2020,30,CHIRPS_v2,UCSB-CHG/CHIRPS/DAILY,1991-2020,IBGE_2024
2514909,São Mamede,PB,533.446,10,out,1.833490206211896,OK,1991,2020,30,CHIRPS_v2,UCSB-CHG/CHIRPS/DAILY,1991-2020,IBGE_2024
2506707,Imaculada,PB,317.804,10,out,6.03209112489283,OK,1991,2020,30,CHIRPS_v2,UCSB-CHG/CHIRPS/DAILY,1991-2020,IBGE_2024
2505907,Emas,PB,248.226,10,out,5.68058777821396,OK,1991,2020,30,CHIRPS_v2,UCSB-CHG/CHIRPS/DAILY,1991-2020,IBGE_2024
2514404,São José de Espinharas,PB,726.757,10,out,2.006692884344088,OK,1991,2020,30,CHIRPS_v2,UCSB-CHG/CHIRPS/DAILY,1991-2020,IBGE_2024
2505501,Vista Serrana,PB,60.39,10,out,1.9594700632718245,OK,1991,2020,30,CHIRPS_v2,UCSB-CHG/CHIRPS/DAILY,1991-2020,IBGE_2024
2505402,Desterro,PB,182.018,10,out,2.5108071195819313,OK,1991,2020,30,CHIRPS_v2,UCSB-CHG/CHIRPS/DAILY,1991-2020,IBGE_2024
2513802,Santa Teresinha,PB,359.442,10,out,3.732887416755712,OK,1991,2020,30,CHIRPS_v2,UCSB-CHG/CHIRPS/DAILY,1991-2020,IBGE_2024
2513000,Salgadinho,PB,179.005,10,out,1.8878350264385981,OK,1991,2020,30,CHIRPS_v2,UCSB-CHG/CHIRPS/DAILY,1991-2020,IBGE_2024
2504801,Coremas,PB,372.012,10,out,6.586089928815093,OK,1991,2020,30,CHIRPS_v2,UCSB-CHG/CHIRPS/DAILY,1991-2020,IBGE_2024
2513406,Santa Luzia,PB,440.766,10,out,0.9504834050522037,OK,1991,2020,30,CHIRPS_v2,UCSB-CHG/CHIRPS/DAILY,1991-2020,IBGE_2024
2504207,Catingueira,PB,527.424,10,out,4.686749815199173,OK,1991,2020,30,CHIRPS_v2,UCSB-CHG/CHIRPS/DAILY,1991-2020,IBGE_2024
2511004,Pedra Branca,PB,116.873,10,out,9.509383548283092,OK,1991,2020,30,CHIRPS_v2,UCSB-CHG/CHIRPS/DAILY,1991-2020,IBGE_2024
2511301,Piancó,PB,576.986,10,out,8.166001459726385,OK,1991,2020,30,CHIRPS_v2,UCSB-CHG/CHIRPS/DAILY,1991-2020,IBGE_2024
2502607,Igaracy,PB,197.058,10,out,6.463767406767531,OK,1991,2020,30,CHIRPS_v2,UCSB-CHG/CHIRPS/DAILY,1991-2020,IBGE_2024
2502102,Boa Ventura,PB,168.664,10,out,8.161165791938364,OK,1991,2020,30,CHIRPS_v2,UCSB-CHG/CHIRPS/DAILY,1991-2020,IBGE_2024
2510204,Nova Olinda,PB,81.516,10,out,11.222038975423834,OK,1991,2020,30,CHIRPS_v2,UCSB-CHG/CHIRPS/DAILY,1991-2020,IBGE_2024
2500205,Aguiar,PB,351.607,10,out,5.948046092570208,OK,1991,2020,30,CHIRPS_v2,UCSB-CHG/CHIRPS/DAILY,1991-2020,IBGE_2024
2507002,Itaporanga,PB,460.21,10,out,7.1097280955542566,OK,1991,2020,30,CHIRPS_v2,UCSB-CHG/CHIRPS/DAILY,1991-2020,IBGE_2024
2506608,Ibiara,PB,240.357,10,out,8.420326098330529,OK,1991,2020,30,CHIRPS_v2,UCSB-CHG/CHIRPS/DAILY,1991-2020,IBGE_2024
2514305,São José de Caiana,PB,183.273,10,out,8.765233850842456,OK,1991,2020,30,CHIRPS_v2,UCSB-CHG/CHIRPS/DAILY,1991-2020,IBGE_2024
2513505,Santana de Mangueira,PB,405.164,10,out,11.956267150787623,OK,1991,2020,30,CHIRPS_v2,UCSB-CHG/CHIRPS/DAILY,1991-2020,IBGE_2024
2505303,Curral Velho,PB,217.624,10,out,8.403184888622434,OK,1991,2020,30,CHIRPS_v2,UCSB-CHG/CHIRPS/DAILY,1991-2020,IBGE_2024
2513604,Santana dos Garrotes,PB,361.484,10,out,9.594788050565699,OK,1991,2020,30,CHIRPS_v2,UCSB-CHG/CHIRPS/DAILY,1991-2020,IBGE_2024
2505600,Diamante,PB,271.791,10,out,9.040903554666293,OK,1991,2020,30,CHIRPS_v2,UCSB-CHG/CHIRPS/DAILY,1991-2020,IBGE_2024
2513356,Santa Inês,PB,327.635,10,out,13.397053412599925,OK,1991,2020,30,CHIRPS_v2,UCSB-CHG/CHIRPS/DAILY,1991-2020,IBGE_2024
2504405,Conceição,PB,580.65,10,out,9.994185825526717,OK,1991,2020,30,CHIRPS_v2,UCSB-CHG/CHIRPS/DAILY,1991-2020,IBGE_2024
2502904,Brejo dos Santos,PB,93.857,10,out,2.708818671772994,OK,1991,2020,30,CHIRPS_v2,UCSB-CHG/CHIRPS/DAILY,1991-2020,IBGE_2024
2502805,Brejo do Cruz,PB,401.315,10,out,1.7662308660933677,OK,1991,2020,30,CHIRPS_v2,UCSB-CHG/CHIRPS/DAILY,1991-2020,IBGE_2024
2502300,Bom Sucesso,PB,186.059,10,out,3.1154679548635387,OK,1991,2020,30,CHIRPS_v2,UCSB-CHG/CHIRPS/DAILY,1991-2020,IBGE_2024
2502003,Belém do Brejo do Cruz,PB,601.549,10,out,1.8382436636159345,OK,1991,2020,30,CHIRPS_v2,UCSB-CHG/CHIRPS/DAILY,1991-2020,IBGE_2024
2509370,Mato Grosso,PB,85.275,10,out,2.4072415029908703,OK,1991,2020,30,CHIRPS_v2,UCSB-CHG/CHIRPS/DAILY,1991-2020,IBGE_2024
2507408,Jericó,PB,177.356,10,out,3.1075468269740703,OK,1991,2020,30,CHIRPS_v2,UCSB-CHG/CHIRPS/DAILY,1991-2020,IBGE_2024
2514651,São José do Brejo do Cruz,PB,253.787,10,out,1.5761468224943824,OK,1991,2020,30,CHIRPS_v2,UCSB-CHG/CHIRPS/DAILY,1991-2020,IBGE_2024
2513901,São Bento,PB,245.84,10,out,2.0486442263316205,OK,1991,2020,30,CHIRPS_v2,UCSB-CHG/CHIRPS/DAILY,1991-2020,IBGE_2024
2504306,Catolé do Rocha,PB,551.765,10,out,2.8717075098582647,OK,1991,2020,30,CHIRPS_v2,UCSB-CHG/CHIRPS/DAILY,1991-2020,IBGE_2024
2512804,Riacho dos Cavalos,PB,262.532,10,out,2.0772352812188566,OK,1991,2020,30,CHIRPS_v2,UCSB-CHG/CHIRPS/DAILY,1991-2020,IBGE_2024
2510907,Paulista,PB,577.379,10,out,2.1515060796122443,OK,1991,2020,30,CHIRPS_v2,UCSB-CHG/CHIRPS/DAILY,1991-2020,IBGE_2024
2508109,Lagoa,PB,176.649,10,out,3.2909574892872917,OK,1991,2020,30,CHIRPS_v2,UCSB-CHG/CHIRPS/DAILY,1991-2020,IBGE_2024
2513968,São Domingos,PB,170.361,10,out,4.224390069873683,OK,1991,2020,30,CHIRPS_v2,UCSB-CHG/CHIRPS/DAILY,1991-2020,IBGE_2024
2513927,São Bentinho,PB,199.635,10,out,3.640983325594698,OK,1991,2020,30,CHIRPS_v2,UCSB-CHG/CHIRPS/DAILY,1991-2020,IBGE_2024
2504504,Condado,PB,265.473,10,out,3.32587655047045,OK,1991,2020,30,CHIRPS_v2,UCSB-CHG/CHIRPS/DAILY,1991-2020,IBGE_2024
2512101,Pombal,PB,894.098,10,out,3.5307860191374516,OK,1991,2020,30,CHIRPS_v2,UCSB-CHG/CHIRPS/DAILY,1991-2020,IBGE_2024
2503753,Cajazeirinhas,PB,282.693,10,out,5.821553272030622,OK,1991,2020,30,CHIRPS_v2,UCSB-CHG/CHIRPS/DAILY,1991-2020,IBGE_2024
2512309,Princesa Isabel,PB,368.569,10,out,8.925304810751646,OK,1991,2020,30,CHIRPS_v2,UCSB-CHG/CHIRPS/DAILY,1991-2020,IBGE_2024
2509008,Manaíra,PB,352.025,10,out,10.437873452853239,OK,1991,2020,30,CHIRPS_v2,UCSB-CHG/CHIRPS/DAILY,1991-2020,IBGE_2024
2516607,Tavares,PB,239.507,10,out,8.730014732686668,OK,1991,2020,30,CHIRPS_v2,UCSB-CHG/CHIRPS/DAILY,1991-2020,IBGE_2024
2508000,Juru,PB,395.075,10,out,8.308811596272387,OK,1991,2020,30,CHIRPS_v2,UCSB-CHG/CHIRPS/DAILY,1991-2020,IBGE_2024
2514552,São José de Princesa,PB,158.052,10,out,9.761280489664584,OK,1991,2020,30,CHIRPS_v2,UCSB-CHG/CHIRPS/DAILY,1991-2020,IBGE_2024
2510006,Nazarezinho,PB,193.203,10,out,5.837917582727717,OK,1991,2020,30,CHIRPS_v2,UCSB-CHG/CHIRPS/DAILY,1991-2020,IBGE_2024
2502052,Bernardino Batista,PB,57.453,10,out,3.036920692734298,OK,1991,2020,30,CHIRPS_v2,UCSB-CHG/CHIRPS/DAILY,1991-2020,IBGE_2024
2517209,Vieirópolis,PB,147.098,10,out,3.582130097434921,OK,1991,2020,30,CHIRPS_v2,UCSB-CHG/CHIRPS/DAILY,1991-2020,IBGE_2024
2500775,Aparecida,PB,291.478,10,out,4.5761038692241,OK,1991,2020,30,CHIRPS_v2,UCSB-CHG/CHIRPS/DAILY,1991-2020,IBGE_2024
2509156,Marizópolis,PB,69.952,10,out,4.689127871372024,OK,1991,2020,30,CHIRPS_v2,UCSB-CHG/CHIRPS/DAILY,1991-2020,IBGE_2024
2508406,Lastro,PB,107.416,10,out,3.9105361650693204,OK,1991,2020,30,CHIRPS_v2,UCSB-CHG/CHIRPS/DAILY,1991-2020,IBGE_2024
2516904,Uiraúna,PB,293.182,10,out,3.6671949520088827,OK,1991,2020,30,CHIRPS_v2,UCSB-CHG/CHIRPS/DAILY,1991-2020,IBGE_2024
2516201,Sousa,PB,728.492,10,out,4.7999762083082835,OK,1991,2020,30,CHIRPS_v2,UCSB-CHG/CHIRPS/DAILY,1991-2020,IBGE_2024
2514206,São José da Lagoa Tapada,PB,333.724,10,out,5.737289002498399,OK,1991,2020,30,CHIRPS_v2,UCSB-CHG/CHIRPS/DAILY,1991-2020,IBGE_2024
2513653,Joca Claudino,PB,71.799,10,out,3.040105870624712,OK,1991,2020,30,CHIRPS_v2,UCSB-CHG/CHIRPS/DAILY,1991-2020,IBGE_2024
2513984,São Francisco,PB,90.724,10,out,3.9226849850324292,OK,1991,2020,30,CHIRPS_v2,UCSB-CHG/CHIRPS/DAILY,1991-2020,IBGE_2024
2513208,Santa Cruz,PB,217.677,10,out,3.5901032604947716,OK,1991,2020,30,CHIRPS_v2,UCSB-CHG/CHIRPS/DAILY,1991-2020,IBGE_2024
2512036,Poço Dantas,PB,97.758,10,out,3.5524969035931786,OK,1991,2020,30,CHIRPS_v2,UCSB-CHG/CHIRPS/DAILY,1991-2020,IBGE_2024
2504108,Carrapateira,PB,59.07,10,out,5.945672407851518,OK,1991,2020,30,CHIRPS_v2,UCSB-CHG/CHIRPS/DAILY,1991-2020,IBGE_2024
2503308,Cachoeira dos Índios,PB,193.215,10,out,6.201342890925264,OK,1991,2020,30,CHIRPS_v2,UCSB-CHG/CHIRPS/DAILY,1991-2020,IBGE_2024
2503704,Cajazeiras,PB,562.703,10,out,5.407223656134843,OK,1991,2020,30,CHIRPS_v2,UCSB-CHG/CHIRPS/DAILY,1991-2020,IBGE_2024
2502409,Bonito de Santa Fé,PB,226.798,10,out,10.551043653021646,OK,1991,2020,30,CHIRPS_v2,UCSB-CHG/CHIRPS/DAILY,1991-2020,IBGE_2024
2502201,Bom Jesus,PB,47.367,10,out,5.277731093474554,OK,1991,2020,30,CHIRPS_v2,UCSB-CHG/CHIRPS/DAILY,1991-2020,IBGE_2024
2509602,Monte Horebe,PB,116.854,10,out,7.363844565499845,OK,1991,2020,30,CHIRPS_v2,UCSB-CHG/CHIRPS/DAILY,1991-2020,IBGE_2024
2500700,São João do Rio do Peixe,PB,476.237,10,out,4.25240490380735,OK,1991,2020,30,CHIRPS_v2,UCSB-CHG/CHIRPS/DAILY,1991-2020,IBGE_2024
2516805,Triunfo,PB,224.336,10,out,3.5612387910270815,OK,1991,2020,30,CHIRPS_v2,UCSB-CHG/CHIRPS/DAILY,1991-2020,IBGE_2024
2515708,Serra Grande,PB,64.352,10,out,9.114505006834948,OK,1991,2020,30,CHIRPS_v2,UCSB-CHG/CHIRPS/DAILY,1991-2020,IBGE_2024
2514503,São José de Piranhas,PB,686.918,10,out,6.921669147595628,OK,1991,2020,30,CHIRPS_v2,UCSB-CHG/CHIRPS/DAILY,1991-2020,IBGE_2024
2513307,Santa Helena,PB,211.143,10,out,4.482773349440725,OK,1991,2020,30,CHIRPS_v2,UCSB-CHG/CHIRPS/DAILY,1991-2020,IBGE_2024
2512077,Poço de José de Moura,PB,94.646,10,out,4.148286063083624,OK,1991,2020,30,CHIRPS_v2,UCSB-CHG/CHIRPS/DAILY,1991-2020,IBGE_2024
2605459,Fernando de Noronha,PE,18.609,10,out,,SEM_DADOS,1991,2020,30,CHIRPS_v2,UCSB-CHG/CHIRPS/DAILY,1991-2020,IBGE_2024
2610707,Paulista,PE,96.932,10,out,39.35788793307366,OK,1991,2020,30,CHIRPS_v2,UCSB-CHG/CHIRPS/DAILY,1991-2020,IBGE_2024
2610608,Paudalho,PE,269.65,10,out,30.04070671729602,OK,1991,2020,30,CHIRPS_v2,UCSB-CHG/CHIRPS/DAILY,1991-2020,IBGE_2024
2609402,Moreno,PE,194.197,10,out,33.31470323578703,OK,1991,2020,30,CHIRPS_v2,UCSB-CHG/CHIRPS/DAILY,1991-2020,IBGE_2024
2601052,Araçoiaba,PE,96.36,10,out,31.809164362849287,OK,1991,2020,30,CHIRPS_v2,UCSB-CHG/CHIRPS/DAILY,1991-2020,IBGE_2024
2609600,Olinda,PE,41.3,10,out,46.1965805646755,OK,1991,2020,30,CHIRPS_v2,UCSB-CHG/CHIRPS/DAILY,1991-2020,IBGE_2024
2600054,Abreu e Lima,PE,126.384,10,out,37.01911665722328,OK,1991,2020,30,CHIRPS_v2,UCSB-CHG/CHIRPS/DAILY,1991-2020,IBGE_2024
2607901,Jaboatão dos Guararapes,PE,258.724,10,out,40.749103595808045,OK,1991,2020,30,CHIRPS_v2,UCSB-CHG/CHIRPS/DAILY,1991-2020,IBGE_2024
2607752,Itapissuma,PE,73.968,10,out,41.77346355412043,OK,1991,2020,30,CHIRPS_v2,UCSB-CHG/CHIRPS/DAILY,1991-2020,IBGE_2024
2607208,Ipojuca,PE,521.801,10,out,39.061103293967086,OK,1991,2020,30,CHIRPS_v2,UCSB-CHG/CHIRPS/DAILY,1991-2020,IBGE_2024
2607604,Ilha de Itamaracá,PE,66.146,10,out,41.57576376078226,OK,1991,2020,30,CHIRPS_v2,UCSB-CHG/CHIRPS/DAILY,1991-2020,IBGE_2024
2606804,Igarassu,PE,306.879,10,out,39.536809591576166,OK,1991,2020,30,CHIRPS_v2,UCSB-CHG/CHIRPS/DAILY,1991-2020,IBGE_2024
2613701,São Lourenço da Mata,PE,263.687,10,out,36.1346422082257,OK,1991,2020,30,CHIRPS_v2,UCSB-CHG/CHIRPS/DAILY,1991-2020,IBGE_2024
2603454,Camaragibe,PE,51.321,10,out,45.503959550413974,OK,1991,2020,30,CHIRPS_v2,UCSB-CHG/CHIRPS/DAILY,1991-2020,IBGE_2024
2611606,Recife,PE,218.843,10,out,49.49172929479236,OK,1991,2020,30,CHIRPS_v2,UCSB-CHG/CHIRPS/DAILY,1991-2020,IBGE_2024
2602902,Cabo de Santo Agostinho,PE,445.386,10,out,32.26642964647709,OK,1991,2020,30,CHIRPS_v2,UCSB-CHG/CHIRPS/DAILY,1991-2020,IBGE_2024
2600708,Aliança,PE,272.773,10,out,25.900669500696793,OK,1991,2020,30,CHIRPS_v2,UCSB-CHG/CHIRPS/DAILY,1991-2020,IBGE_2024
2609006,Macaparana,PE,108.049,10,out,16.390192612021107,OK,1991,2020,30,CHIRPS_v2,UCSB-CHG/CHIRPS/DAILY,1991-2020,IBGE_2024
2607802,Itaquitinga,PE,162.739,10,out,37.63697464841285,OK,1991,2020,30,CHIRPS_v2,UCSB-CHG/CHIRPS/DAILY,1991-2020,IBGE_2024
2616308,Vicência,PE,227.906,10,out,23.17499994210074,OK,1991,2020,30,CHIRPS_v2,UCSB-CHG/CHIRPS/DAILY,1991-2020,IBGE_2024
2607653,Itambé,PE,304.005,10,out,28.578012518742995,OK,1991,2020,30,CHIRPS_v2,UCSB-CHG/CHIRPS/DAILY,1991-2020,IBGE_2024
2615300,Timbaúba,PE,287.683,10,out,22.05782738775018,OK,1991,2020,30,CHIRPS_v2,UCSB-CHG/CHIRPS/DAILY,1991-2020,IBGE_2024
2606200,Goiana,PE,445.406,10,out,44.973188372858765,OK,1991,2020,30,CHIRPS_v2,UCSB-CHG/CHIRPS/DAILY,1991-2020,IBGE_2024
2613800,São Vicente Férrer,PE,112.472,10,out,18.30853095081652,OK,1991,2020,30,CHIRPS_v2,UCSB-CHG/CHIRPS/DAILY,1991-2020,IBGE_2024
2605509,Ferreiros,PE,92.516,10,out,25.061288232346527,OK,1991,2020,30,CHIRPS_v2,UCSB-CHG/CHIRPS/DAILY,1991-2020,IBGE_2024
2604601,Condado,PE,89.645,10,out,33.42000997274465,OK,1991,2020,30,CHIRPS_v2,UCSB-CHG/CHIRPS/DAILY,1991-2020,IBGE_2024
2603603,Camutanga,PE,39.116,10,out,22.280023238749664,OK,1991,2020,30,CHIRPS_v2,UCSB-CHG/CHIRPS/DAILY,1991-2020,IBGE_2024
2610004,Palmares,PE,339.388,10,out,29.81650682619143,OK,1991,2020,30,CHIRPS_v2,UCSB-CHG/CHIRPS/DAILY,1991-2020,IBGE_2024
2601508,Belém de Maria,PE,75.912,10,out,23.348513868469894,OK,1991,2020,30,CHIRPS_v2,UCSB-CHG/CHIRPS/DAILY,1991-2020,IBGE_2024
2609204,Maraial,PE,199.865,10,out,32.2141523643907,OK,1991,2020,30,CHIRPS_v2,UCSB-CHG/CHIRPS/DAILY,1991-2020,IBGE_2024
2608206,Joaquim Nabuco,PE,122.605,10,out,28.86376189598206,OK,1991,2020,30,CHIRPS_v2,UCSB-CHG/CHIRPS/DAILY,1991-2020,IBGE_2024
2616506,Xexéu,PE,110.814,10,out,36.25239888723682,OK,1991,2020,30,CHIRPS_v2,UCSB-CHG/CHIRPS/DAILY,1991-2020,IBGE_2024
2600401,Água Preta,PE,531.936,10,out,39.47011897962368,OK,1991,2020,30,CHIRPS_v2,UCSB-CHG/CHIRPS/DAILY,1991-2020,IBGE_2024
2607950,Jaqueira,PE,87.208,10,out,28.384385931234657,OK,1991,2020,30,CHIRPS_v2,UCSB-CHG/CHIRPS/DAILY,1991-2020,IBGE_2024
2605905,Gameleira,PE,257.781,10,out,41.382319823610864,OK,1991,2020,30,CHIRPS_v2,UCSB-CHG/CHIRPS/DAILY,1991-2020,IBGE_2024
2612901,São Benedito do Sul,PE,160.477,10,out,27.539756456926767,OK,1991,2020,30,CHIRPS_v2,UCSB-CHG/CHIRPS/DAILY,1991-2020,IBGE_2024
2604205,Catende,PE,208.594,10,out,28.221292136144164,OK,1991,2020,30,CHIRPS_v2,UCSB-CHG/CHIRPS/DAILY,1991-2020,IBGE_2024
2610509,Passira,PE,327.21,10,out,19.280766518386994,OK,1991,2020,30,CHIRPS_v2,UCSB-CHG/CHIRPS/DAILY,1991-2020,IBGE_2024
2609709,Orobó,PE,138.362,10,out,22.167697836963402,OK,1991,2020,30,CHIRPS_v2,UCSB-CHG/CHIRPS/DAILY,1991-2020,IBGE_2024
2608909,Limoeiro,PE,273.733,10,out,23.493047927793725,OK,1991,2020,30,CHIRPS_v2,UCSB-CHG/CHIRPS/DAILY,1991-2020,IBGE_2024
2609105,Machados,PE,58.32,10,out,30.21308889744575,OK,1991,2020,30,CHIRPS_v2,UCSB-CHG/CHIRPS/DAILY,1991-2020,IBGE_2024
2608107,João Alfredo,PE,134.147,10,out,23.813011190341424,OK,1991,2020,30,CHIRPS_v2,UCSB-CHG/CHIRPS/DAILY,1991-2020,IBGE_2024
2605400,Feira Nova,PE,107.726,10,out,23.520054199744422,OK,1991,2020,30,CHIRPS_v2,UCSB-CHG/CHIRPS/DAILY,1991-2020,IBGE_2024
2612109,Salgadinho,PE,87.218,10,out,21.98308411707085,OK,1991,2020,30,CHIRPS_v2,UCSB-CHG/CHIRPS/DAILY,1991-2020,IBGE_2024
2602209,Bom Jardim,PE,226.639,10,out,27.15741009742553,OK,1991,2020,30,CHIRPS_v2,UCSB-CHG/CHIRPS/DAILY,1991-2020,IBGE_2024
2616407,Vitória de Santo Antão,PE,373.3,10,out,21.95938394880458,OK,1991,2020,30,CHIRPS_v2,UCSB-CHG/CHIRPS/DAILY,1991-2020,IBGE_2024
2606101,Glória do Goitá,PE,234.486,10,out,23.318719405399634,OK,1991,2020,30,CHIRPS_v2,UCSB-CHG/CHIRPS/DAILY,1991-2020,IBGE_2024
2604403,Chã de Alegria,PE,49.328,10,out,26.01637728309013,OK,1991,2020,30,CHIRPS_v2,UCSB-CHG/CHIRPS/DAILY,1991-2020,IBGE_2024
2611309,Pombos,PE,203.105,10,out,19.526274090545392,OK,1991,2020,30,CHIRPS_v2,UCSB-CHG/CHIRPS/DAILY,1991-2020,IBGE_2024
2609501,Nazaré da Mata,PE,130.572,10,out,22.596435212790063,OK,1991,2020,30,CHIRPS_v2,UCSB-CHG/CHIRPS/DAILY,1991-2020,IBGE_2024
2608453,Lagoa do Carro,PE,69.244,10,out,23.89009827197046,OK,1991,2020,30,CHIRPS_v2,UCSB-CHG/CHIRPS/DAILY,1991-2020,IBGE_2024
2608503,Lagoa de Itaenga,PE,57.298,10,out,25.30198084343288,OK,1991,2020,30,CHIRPS_v2,UCSB-CHG/CHIRPS/DAILY,1991-2020,IBGE_2024
2615508,Tracunhaém,PE,137.321,10,out,25.587005091262313,OK,1991,2020,30,CHIRPS_v2,UCSB-CHG/CHIRPS/DAILY,1991-2020,IBGE_2024
2604007,Carpina,PE,146.494,10,out,23.652188239333594,OK,1991,2020,30,CHIRPS_v2,UCSB-CHG/CHIRPS/DAILY,1991-2020,IBGE_2024
2602704,Buenos Aires,PE,93.187,10,out,23.537093079992992,OK,1991,2020,30,CHIRPS_v2,UCSB-CHG/CHIRPS/DAILY,1991-2020,IBGE_2024
2601409,Barreiros,PE,233.432,10,out,55.88663417283082,OK,1991,2020,30,CHIRPS_v2,UCSB-CHG/CHIRPS/DAILY,1991-2020,IBGE_2024
2614857,Tamandaré,PE,213.75,10,out,57.12172901584098,OK,1991,2020,30,CHIRPS_v2,UCSB-CHG/CHIRPS/DAILY,1991-2020,IBGE_2024
2614204,Sirinhaém,PE,374.321,10,out,48.64549018718354,OK,1991,2020,30,CHIRPS_v2,UCSB-CHG/CHIRPS/DAILY,1991-2020,IBGE_2024
2613404,São José da Coroa Grande,PE,69.184,10,out,51.26928624748485,OK,1991,2020,30,CHIRPS_v2,UCSB-CHG/CHIRPS/DAILY,1991-2020,IBGE_2024
2611903,Rio Formoso,PE,227.458,10,out,53.69581578650886,OK,1991,2020,30,CHIRPS_v2,UCSB-CHG/CHIRPS/DAILY,1991-2020,IBGE_2024
2616183,Vertente do Lério,PE,73.631,10,out,14.003029170235504,OK,1991,2020,30,CHIRPS_v2,UCSB-CHG/CHIRPS/DAILY,1991-2020,IBGE_2024
2616209,Vertentes,PE,196.324,10,out,13.93499384823104,OK,1991,2020,30,CHIRPS_v2,UCSB-CHG/CHIRPS/DAILY,1991-2020,IBGE_2024
2614501,Surubim,PE,253.296,10,out,17.135040434760235,OK,1991,2020,30,CHIRPS_v2,UCSB-CHG/CHIRPS/DAILY,1991-2020,IBGE_2024
2605806,Frei Miguelinho,PE,213.735,10,out,16.332569357920878,OK,1991,2020,30,CHIRPS_v2,UCSB-CHG/CHIRPS/DAILY,1991-2020,IBGE_2024
2604155,Casinhas,PE,116.833,10,out,16.525330142204478,OK,1991,2020,30,CHIRPS_v2,UCSB-CHG/CHIRPS/DAILY,1991-2020,IBGE_2024
2612703,Santa Maria do Cambucá,PE,92.148,10,out,12.170962847173847,OK,1991,2020,30,CHIRPS_v2,UCSB-CHG/CHIRPS/DAILY,1991-2020,IBGE_2024
2604106,Caruaru,PE,919.069,10,out,9.224335105888557,OK,1991,2020,30,CHIRPS_v2,UCSB-CHG/CHIRPS/DAILY,1991-2020,IBGE_2024
2610202,Panelas,PE,380.428,10,out,13.805711196672517,OK,1991,2020,30,CHIRPS_v2,UCSB-CHG/CHIRPS/DAILY,1991-2020,IBGE_2024
2601904,Bezerros,PE,497.156,10,out,13.020414545078962,OK,1991,2020,30,CHIRPS_v2,UCSB-CHG/CHIRPS/DAILY,1991-2020,IBGE_2024
2601300,Barra de Guabiraba,PE,118.639,10,out,22.38276422668643,OK,1991,2020,30,CHIRPS_v2,UCSB-CHG/CHIRPS/DAILY,1991-2020,IBGE_2024
2600807,Altinho,PE,450.178,10,out,14.212418608180121,OK,1991,2020,30,CHIRPS_v2,UCSB-CHG/CHIRPS/DAILY,1991-2020,IBGE_2024
2608701,Lagoa dos Gatos,PE,224.948,10,out,19.657214849205673,OK,1991,2020,30,CHIRPS_v2,UCSB-CHG/CHIRPS/DAILY,1991-2020,IBGE_2024
2600302,Agrestina,PE,200.369,10,out,15.48636150002137,OK,1991,2020,30,CHIRPS_v2,UCSB-CHG/CHIRPS/DAILY,1991-2020,IBGE_2024
2608008,Jataúba,PE,714.601,10,out,7.364756570503596,OK,1991,2020,30,CHIRPS_v2,UCSB-CHG/CHIRPS/DAILY,1991-2020,IBGE_2024
2615409,Toritama,PE,25.704,10,out,13.942677068634408,OK,1991,2020,30,CHIRPS_v2,UCSB-CHG/CHIRPS/DAILY,1991-2020,IBGE_2024
2615003,Taquaritinga do Norte,PE,475.183,10,out,9.874132113847455,OK,1991,2020,30,CHIRPS_v2,UCSB-CHG/CHIRPS/DAILY,1991-2020,IBGE_2024
2606705,Ibirajuba,PE,189.596,10,out,16.69930967950775,OK,1991,2020,30,CHIRPS_v2,UCSB-CHG/CHIRPS/DAILY,1991-2020,IBGE_2024
2606408,Gravatá,PE,507.36,10,out,15.153436755989881,OK,1991,2020,30,CHIRPS_v2,UCSB-CHG/CHIRPS/DAILY,1991-2020,IBGE_2024
2605004,Cupira,PE,95.149,10,out,15.412784646874359,OK,1991,2020,30,CHIRPS_v2,UCSB-CHG/CHIRPS/DAILY,1991-2020,IBGE_2024
2613305,São Joaquim do Monte,PE,224.624,10,out,17.850096128615345,OK,1991,2020,30,CHIRPS_v2,UCSB-CHG/CHIRPS/DAILY,1991-2020,IBGE_2024
2613107,São Caitano,PE,382.483,10,out,9.293300439501948,OK,1991,2020,30,CHIRPS_v2,UCSB-CHG/CHIRPS/DAILY,1991-2020,IBGE_2024
2604908,Cumaru,PE,291.429,10,out,15.978609019910687,OK,1991,2020,30,CHIRPS_v2,UCSB-CHG/CHIRPS/DAILY,1991-2020,IBGE_2024
2612505,Santa Cruz do Capibaribe,PE,335.309,10,out,6.354007804612634,OK,1991,2020,30,CHIRPS_v2,UCSB-CHG/CHIRPS/DAILY,1991-2020,IBGE_2024
2604502,Chã Grande,PE,84.787,10,out,17.481944767340984,OK,1991,2020,30,CHIRPS_v2,UCSB-CHG/CHIRPS/DAILY,1991-2020,IBGE_2024
2612000,Sairé,PE,190.454,10,out,16.379023995747012,OK,1991,2020,30,CHIRPS_v2,UCSB-CHG/CHIRPS/DAILY,1991-2020,IBGE_2024
2603108,Cachoeirinha,PE,179.262,10,out,15.331245105966456,OK,1991,2020,30,CHIRPS_v2,UCSB-CHG/CHIRPS/DAILY,1991-2020,IBGE_2024
2611705,Riacho das Almas,PE,313.613,10,out,13.249816696459964,OK,1991,2020,30,CHIRPS_v2,UCSB-CHG/CHIRPS/DAILY,1991-2020,IBGE_2024
2603504,Camocim de São Félix,PE,72.01,10,out,15.720419058760337,OK,1991,2020,30,CHIRPS_v2,UCSB-CHG/CHIRPS/DAILY,1991-2020,IBGE_2024
2602605,Brejo da Madre de Deus,PE,761.824,10,out,10.952764589859628,OK,1991,2020,30,CHIRPS_v2,UCSB-CHG/CHIRPS/DAILY,1991-2020,IBGE_2024
2602308,Bonito,PE,392.627,10,out,23.18138699459901,OK,1991,2020,30,CHIRPS_v2,UCSB-CHG/CHIRPS/DAILY,1991-2020,IBGE_2024
2606002,Garanhuns,PE,458.964,10,out,26.620258155924333,OK,1991,2020,30,CHIRPS_v2,UCSB-CHG/CHIRPS/DAILY,1991-2020,IBGE_2024
2602407,Brejão,PE,159.786,10,out,25.814000083701387,OK,1991,2020,30,CHIRPS_v2,UCSB-CHG/CHIRPS/DAILY,1991-2020,IBGE_2024
2610103,Palmeirina,PE,169.012,10,out,27.14001899139978,OK,1991,2020,30,CHIRPS_v2,UCSB-CHG/CHIRPS/DAILY,1991-2020,IBGE_2024
2608800,Lajedo,PE,189.096,10,out,21.20468937813723,OK,1991,2020,30,CHIRPS_v2,UCSB-CHG/CHIRPS/DAILY,1991-2020,IBGE_2024
2601003,Angelim,PE,118.72,10,out,21.688792345068197,OK,1991,2020,30,CHIRPS_v2,UCSB-CHG/CHIRPS/DAILY,1991-2020,IBGE_2024
2608404,Jurema,PE,148.254,10,out,17.498873034141738,OK,1991,2020,30,CHIRPS_v2,UCSB-CHG/CHIRPS/DAILY,1991-2020,IBGE_2024
2608255,Jucati,PE,120.167,10,out,29.283298886047668,OK,1991,2020,30,CHIRPS_v2,UCSB-CHG/CHIRPS/DAILY,1991-2020,IBGE_2024
2608305,Jupi,PE,104.835,10,out,25.482084988621033,OK,1991,2020,30,CHIRPS_v2,UCSB-CHG/CHIRPS/DAILY,1991-2020,IBGE_2024
2608602,Lagoa do Ouro,PE,199.996,10,out,32.199696107780575,OK,1991,2020,30,CHIRPS_v2,UCSB-CHG/CHIRPS/DAILY,1991-2020,IBGE_2024
2600500,Águas Belas,PE,885.987,10,out,14.74306047444941,OK,1991,2020,30,CHIRPS_v2,UCSB-CHG/CHIRPS/DAILY,1991-2020,IBGE_2024
2615102,Terezinha,PE,151.625,10,out,25.121656341538205,OK,1991,2020,30,CHIRPS_v2,UCSB-CHG/CHIRPS/DAILY,1991-2020,IBGE_2024
2606507,Iati,PE,635.137,10,out,17.48610917768381,OK,1991,2020,30,CHIRPS_v2,UCSB-CHG/CHIRPS/DAILY,1991-2020,IBGE_2024
2604700,Correntes,PE,317.793,10,out,31.513162932213014,OK,1991,2020,30,CHIRPS_v2,UCSB-CHG/CHIRPS/DAILY,1991-2020,IBGE_2024
2613206,São João,PE,258.443,10,out,22.10126686107718,OK,1991,2020,30,CHIRPS_v2,UCSB-CHG/CHIRPS/DAILY,1991-2020,IBGE_2024
2612307,Saloá,PE,251.55,10,out,20.996827929148722,OK,1991,2020,30,CHIRPS_v2,UCSB-CHG/CHIRPS/DAILY,1991-2020,IBGE_2024
2603801,Capoeiras,PE,337.108,10,out,33.39563512778926,OK,1991,2020,30,CHIRPS_v2,UCSB-CHG/CHIRPS/DAILY,1991-2020,IBGE_2024
2603702,Canhotinho,PE,422.831,10,out,23.782474758229334,OK,1991,2020,30,CHIRPS_v2,UCSB-CHG/CHIRPS/DAILY,1991-2020,IBGE_2024
2603207,Caetés,PE,294.946,10,out,32.94101149404667,OK,1991,2020,30,CHIRPS_v2,UCSB-CHG/CHIRPS/DAILY,1991-2020,IBGE_2024
2611507,Quipapá,PE,230.617,10,out,24.029584244390975,OK,1991,2020,30,CHIRPS_v2,UCSB-CHG/CHIRPS/DAILY,1991-2020,IBGE_2024
2603306,Calçado,PE,121.434,10,out,23.03821295268455,OK,1991,2020,30,CHIRPS_v2,UCSB-CHG/CHIRPS/DAILY,1991-2020,IBGE_2024
2610301,Paranatama,PE,185.371,10,out,24.884680166513593,OK,1991,2020,30,CHIRPS_v2,UCSB-CHG/CHIRPS/DAILY,1991-2020,IBGE_2024
2602100,Bom Conselho,PE,790.774,10,out,23.18697647390716,OK,1991,2020,30,CHIRPS_v2,UCSB-CHG/CHIRPS/DAILY,1991-2020,IBGE_2024
2601201,Arcoverde,PE,343.923,10,out,12.93975935775639,OK,1991,2020,30,CHIRPS_v2,UCSB-CHG/CHIRPS/DAILY,1991-2020,IBGE_2024
2609154,Manari,PE,386.57,10,out,10.036193654455253,OK,1991,2020,30,CHIRPS_v2,UCSB-CHG/CHIRPS/DAILY,1991-2020,IBGE_2024
2616001,Venturosa,PE,331.552,10,out,18.983481759890307,OK,1991,2020,30,CHIRPS_v2,UCSB-CHG/CHIRPS/DAILY,1991-2020,IBGE_2024
2615805,Tupanatinga,PE,888.467,10,out,10.848637543649437,OK,1991,2020,30,CHIRPS_v2,UCSB-CHG/CHIRPS/DAILY,1991-2020,IBGE_2024
2607505,Itaíba,PE,1034.044,10,out,12.175794780064479,OK,1991,2020,30,CHIRPS_v2,UCSB-CHG/CHIRPS/DAILY,1991-2020,IBGE_2024
2607000,Inajá,PE,1240.961,10,out,7.791620703676011,OK,1991,2020,30,CHIRPS_v2,UCSB-CHG/CHIRPS/DAILY,1991-2020,IBGE_2024
2606606,Ibimirim,PE,1929.342,10,out,7.005003995250055,OK,1991,2020,30,CHIRPS_v2,UCSB-CHG/CHIRPS/DAILY,1991-2020,IBGE_2024
2614105,Sertânia,PE,2409.511,10,out,10.15951428172972,OK,1991,2020,30,CHIRPS_v2,UCSB-CHG/CHIRPS/DAILY,1991-2020,IBGE_2024
2605103,Custódia,PE,1382.059,10,out,7.674275598683054,OK,1991,2020,30,CHIRPS_v2,UCSB-CHG/CHIRPS/DAILY,1991-2020,IBGE_2024
2602803,Buíque,PE,1295.821,10,out,14.023932368392005,OK,1991,2020,30,CHIRPS_v2,UCSB-CHG/CHIRPS/DAILY,1991-2020,IBGE_2024
2610806,Pedra,PE,922.482,10,out,16.611943516001624,OK,1991,2020,30,CHIRPS_v2,UCSB-CHG/CHIRPS/DAILY,1991-2020,IBGE_2024
2601706,Belo Jardim,PE,647.445,10,out,12.231621821120653,OK,1991,2020,30,CHIRPS_v2,UCSB-CHG/CHIRPS/DAILY,1991-2020,IBGE_2024
2600609,Alagoinha,PE,208.545,10,out,16.24078582987907,OK,1991,2020,30,CHIRPS_v2,UCSB-CHG/CHIRPS/DAILY,1991-2020,IBGE_2024
2614709,Tacaimbó,PE,227.6,10,out,13.11434882728563,OK,1991,2020,30,CHIRPS_v2,UCSB-CHG/CHIRPS/DAILY,1991-2020,IBGE_2024
2613008,São Bento do Una,PE,719.193,10,out,21.191289331553268,OK,1991,2020,30,CHIRPS_v2,UCSB-CHG/CHIRPS/DAILY,1991-2020,IBGE_2024
2612406,Sanharó,PE,268.065,10,out,16.000896150105234,OK,1991,2020,30,CHIRPS_v2,UCSB-CHG/CHIRPS/DAILY,1991-2020,IBGE_2024
2610905,Pesqueira,PE,970.438,10,out,15.270142091818638,OK,1991,2020,30,CHIRPS_v2,UCSB-CHG/CHIRPS/DAILY,1991-2020,IBGE_2024
2611200,Poção,PE,205.118,10,out,9.761760847350375,OK,1991,2020,30,CHIRPS_v2,UCSB-CHG/CHIRPS/DAILY,1991-2020,IBGE_2024
2601805,Betânia,PE,1256.138,10,out,5.97313882566083,OK,1991,2020,30,CHIRPS_v2,UCSB-CHG/CHIRPS/DAILY,1991-2020,IBGE_2024
2609303,Mirandiba,PE,821.676,10,out,10.33884193397685,OK,1991,2020,30,CHIRPS_v2,UCSB-CHG/CHIRPS/DAILY,1991-2020,IBGE_2024
2608057,Jatobá,PE,277.862,10,out,6.682345703933946,OK,1991,2020,30,CHIRPS_v2,UCSB-CHG/CHIRPS/DAILY,1991-2020,IBGE_2024
2615706,Triunfo,PE,191.518,10,out,12.910292809454461,OK,1991,2020,30,CHIRPS_v2,UCSB-CHG/CHIRPS/DAILY,1991-2020,IBGE_2024
2614808,Tacaratu,PE,1264.532,10,out,7.582224529838267,OK,1991,2020,30,CHIRPS_v2,UCSB-CHG/CHIRPS/DAILY,1991-2020,IBGE_2024
2613909,Serra Talhada,PE,2980.007,10,out,8.94563490232476,OK,1991,2020,30,CHIRPS_v2,UCSB-CHG/CHIRPS/DAILY,1991-2020,IBGE_2024
2605707,Floresta,PE,3637.243,10,out,4.610006417497291,OK,1991,2020,30,CHIRPS_v2,UCSB-CHG/CHIRPS/DAILY,1991-2020,IBGE_2024
2613503,São José do Belmonte,PE,1474.086,10,out,10.129262477242214,OK,1991,2020,30,CHIRPS_v2,UCSB-CHG/CHIRPS/DAILY,1991-2020,IBGE_2024
2605608,Flores,PE,995.561,10,out,7.946023426623525,OK,1991,2020,30,CHIRPS_v2,UCSB-CHG/CHIRPS/DAILY,1991-2020,IBGE_2024
2612471,Santa Cruz da Baixa Verde,PE,114.931,10,out,12.95864391862291,OK,1991,2020,30,CHIRPS_v2,UCSB-CHG/CHIRPS/DAILY,1991-2020,IBGE_2024
2603926,Carnaubeira da Penha,PE,1004.248,10,out,7.137910743824221,OK,1991,2020,30,CHIRPS_v2,UCSB-CHG/CHIRPS/DAILY,1991-2020,IBGE_2024
2603405,Calumbi,PE,179.314,10,out,9.433342558414234,OK,1991,2020,30,CHIRPS_v2,UCSB-CHG/CHIRPS/DAILY,1991-2020,IBGE_2024
2611002,Petrolândia,PE,1056.589,10,out,3.679273525190049,OK,1991,2020,30,CHIRPS_v2,UCSB-CHG/CHIRPS/DAILY,1991-2020,IBGE_2024
2602506,Brejinho,PE,106.066,10,out,3.1842170107507206,OK,1991,2020,30,CHIRPS_v2,UCSB-CHG/CHIRPS/DAILY,1991-2020,IBGE_2024
2600104,Afogados da Ingazeira,PE,378.031,10,out,6.985572244611028,OK,1991,2020,30,CHIRPS_v2,UCSB-CHG/CHIRPS/DAILY,1991-2020,IBGE_2024
2615904,Tuparetama,PE,188.428,10,out,5.06574877252011,OK,1991,2020,30,CHIRPS_v2,UCSB-CHG/CHIRPS/DAILY,1991-2020,IBGE_2024
2607703,Itapetim,PE,411.875,10,out,2.5956174268188286,OK,1991,2020,30,CHIRPS_v2,UCSB-CHG/CHIRPS/DAILY,1991-2020,IBGE_2024
2606903,Iguaracy,PE,836.046,10,out,7.562339119414479,OK,1991,2020,30,CHIRPS_v2,UCSB-CHG/CHIRPS/DAILY,1991-2020,IBGE_2024
2607109,Ingazeira,PE,243.858,10,out,6.462179119935992,OK,1991,2020,30,CHIRPS_v2,UCSB-CHG/CHIRPS/DAILY,1991-2020,IBGE_2024
2614402,Solidão,PE,138.6,10,out,7.84175676033025,OK,1991,2020,30,CHIRPS_v2,UCSB-CHG/CHIRPS/DAILY,1991-2020,IBGE_2024
2614600,Tabira,PE,388.458,10,out,5.955698613666762,OK,1991,2020,30,CHIRPS_v2,UCSB-CHG/CHIRPS/DAILY,1991-2020,IBGE_2024
2613602,São José do Egito,PE,774.037,10,out,3.5024612073140844,OK,1991,2020,30,CHIRPS_v2,UCSB-CHG/CHIRPS/DAILY,1991-2020,IBGE_2024
2612802,Santa Terezinha,PE,200.327,10,out,4.864578346548728,OK,1991,2020,30,CHIRPS_v2,UCSB-CHG/CHIRPS/DAILY,1991-2020,IBGE_2024
2603900,Carnaíba,PE,432.134,10,out,8.505195530644047,OK,1991,2020,30,CHIRPS_v2,UCSB-CHG/CHIRPS/DAILY,1991-2020,IBGE_2024
2611533,Quixaba,PE,210.705,10,out,8.28972830239297,OK,1991,2020,30,CHIRPS_v2,UCSB-CHG/CHIRPS/DAILY,1991-2020,IBGE_2024
2611101,Petrolina,PE,4558.905,10,out,9.944838063980292,OK,1991,2020,30,CHIRPS_v2,UCSB-CHG/CHIRPS/DAILY,1991-2020,IBGE_2024
2609808,Orocó,PE,554.759,10,out,6.644271880441932,OK,1991,2020,30,CHIRPS_v2,UCSB-CHG/CHIRPS/DAILY,1991-2020,IBGE_2024
2608750,Lagoa Grande,PE,1844.506,10,out,7.708573746963117,OK,1991,2020,30,CHIRPS_v2,UCSB-CHG/CHIRPS/DAILY,1991-2020,IBGE_2024
2600203,Afrânio,PE,1491.572,10,out,14.187355340125531,OK,1991,2020,30,CHIRPS_v2,UCSB-CHG/CHIRPS/DAILY,1991-2020,IBGE_2024
2605152,Dormentes,PE,1543.723,10,out,9.819155077777848,OK,1991,2020,30,CHIRPS_v2,UCSB-CHG/CHIRPS/DAILY,1991-2020,IBGE_2024
2612604,Santa Maria da Boa Vista,PE,3000.773,10,out,7.61713587295155,OK,1991,2020,30,CHIRPS_v2,UCSB-CHG/CHIRPS/DAILY,1991-2020,IBGE_2024
2609907,Ouricuri,PE,2381.568,10,out,9.64883424862073,OK,1991,2020,30,CHIRPS_v2,UCSB-CHG/CHIRPS/DAILY,1991-2020,IBGE_2024
2602001,Bodocó,PE,1621.785,10,out,10.773419202938818,OK,1991,2020,30,CHIRPS_v2,UCSB-CHG/CHIRPS/DAILY,1991-2020,IBGE_2024
2601102,Araripina,PE,2037.394,10,out,7.850021253160873,OK,1991,2020,30,CHIRPS_v2,UCSB-CHG/CHIRPS/DAILY,1991-2020,IBGE_2024
2607307,Ipubi,PE,693.915,10,out,10.822249970478484,OK,1991,2020,30,CHIRPS_v2,UCSB-CHG/CHIRPS/DAILY,1991-2020,IBGE_2024
2615607,Trindade,PE,295.765,10,out,10.096462239846412,OK,1991,2020,30,CHIRPS_v2,UCSB-CHG/CHIRPS/DAILY,1991-2020,IBGE_2024
2606309,Granito,PE,521.69,10,out,11.31232183937834,OK,1991,2020,30,CHIRPS_v2,UCSB-CHG/CHIRPS/DAILY,1991-2020,IBGE_2024
2614303,Moreilândia,PE,404.288,10,out,12.807154539688328,OK,1991,2020,30,CHIRPS_v2,UCSB-CHG/CHIRPS/DAILY,1991-2020,IBGE_2024
2605301,Exu,PE,1336.786,10,out,13.114399504349766,OK,1991,2020,30,CHIRPS_v2,UCSB-CHG/CHIRPS/DAILY,1991-2020,IBGE_2024
2612455,Santa Cruz,PE,1246.181,10,out,8.416194236160598,OK,1991,2020,30,CHIRPS_v2,UCSB-CHG/CHIRPS/DAILY,1991-2020,IBGE_2024
2612554,Santa Filomena,PE,1004.561,10,out,7.898832955472915,OK,1991,2020,30,CHIRPS_v2,UCSB-CHG/CHIRPS/DAILY,1991-2020,IBGE_2024
2601607,Belém do São Francisco,PE,1830.828,10,out,3.96257828970365,OK,1991,2020,30,CHIRPS_v2,UCSB-CHG/CHIRPS/DAILY,1991-2020,IBGE_2024
2616100,Verdejante,PE,476.04,10,out,11.188741584609112,OK,1991,2020,30,CHIRPS_v2,UCSB-CHG/CHIRPS/DAILY,1991-2020,IBGE_2024
2607406,Itacuruba,PE,436.528,10,out,3.65398310439948,OK,1991,2020,30,CHIRPS_v2,UCSB-CHG/CHIRPS/DAILY,1991-2020,IBGE_2024
2615201,Terra Nova,PE,318.709,10,out,12.574956513671596,OK,1991,2020,30,CHIRPS_v2,UCSB-CHG/CHIRPS/DAILY,1991-2020,IBGE_2024
2614006,Serrita,PE,1535.19,10,out,11.980912868244825,OK,1991,2020,30,CHIRPS_v2,UCSB-CHG/CHIRPS/DAILY,1991-2020,IBGE_2024
2604304,Cedro,PE,148.746,10,out,13.934894383078394,OK,1991,2020,30,CHIRPS_v2,UCSB-CHG/CHIRPS/DAILY,1991-2020,IBGE_2024
2612208,Salgueiro,PE,1678.562,10,out,10.523159399876006,OK,1991,2020,30,CHIRPS_v2,UCSB-CHG/CHIRPS/DAILY,1991-2020,IBGE_2024
2603009,Cabrobó,PE,1658.617,10,out,6.275687890402392,OK,1991,2020,30,CHIRPS_v2,UCSB-CHG/CHIRPS/DAILY,1991-2020,IBGE_2024
2610400,Parnamirim,PE,2609.55,10,out,9.719897051707557,OK,1991,2020,30,CHIRPS_v2,UCSB-CHG/CHIRPS/DAILY,1991-2020,IBGE_2024
2600906,Amaraji,PE,233.239,10,out,24.98818013919758,OK,1991,2020,30,CHIRPS_v2,UCSB-CHG/CHIRPS/DAILY,1991-2020,IBGE_2024
2605202,Escada,PE,342.156,10,out,26.229386963357836,OK,1991,2020,30,CHIRPS_v2,UCSB-CHG/CHIRPS/DAILY,1991-2020,IBGE_2024
2604809,Cortês,PE,103.416,10,out,25.77992380117532,OK,1991,2020,30,CHIRPS_v2,UCSB-CHG/CHIRPS/DAILY,1991-2020,IBGE_2024
2611804,Ribeirão,PE,289.566,10,out,36.125043409959595,OK,1991,2020,30,CHIRPS_v2,UCSB-CHG/CHIRPS/DAILY,1991-2020,IBGE_2024
2611408,Primavera,PE,113.563,10,out,25.370000132144305,OK,1991,2020,30,CHIRPS_v2,UCSB-CHG/CHIRPS/DAILY,1991-2020,IBGE_2024
2704302,Maceió,AL,509.295,10,out,58.938132308781036,OK,1991,2020,30,CHIRPS_v2,UCSB-CHG/CHIRPS/DAILY,1991-2020,IBGE_2024
2702207,Coqueiro Seco,AL,39.608,10,out,55.617076211334556,OK,1991,2020,30,CHIRPS_v2,UCSB-CHG/CHIRPS/DAILY,1991-2020,IBGE_2024
2700508,Barra de Santo Antônio,AL,131.364,10,out,56.04721252543974,OK,1991,2020,30,CHIRPS_v2,UCSB-CHG/CHIRPS/DAILY,1991-2020,IBGE_2024
2708907,Satuba,AL,41.268,10,out,52.63359274453051,OK,1991,2020,30,CHIRPS_v2,UCSB-CHG/CHIRPS/DAILY,1991-2020,IBGE_2024
2707701,Rio Largo,AL,293.832,10,out,49.16775311832681,OK,1991,2020,30,CHIRPS_v2,UCSB-CHG/CHIRPS/DAILY,1991-2020,IBGE_2024
2707909,Santa Luzia do Norte,AL,28.857,10,out,53.7511480875608,OK,1991,2020,30,CHIRPS_v2,UCSB-CHG/CHIRPS/DAILY,1991-2020,IBGE_2024
2706448,Paripueira,AL,92.813,10,out,54.802034898184004,OK,1991,2020,30,CHIRPS_v2,UCSB-CHG/CHIRPS/DAILY,1991-2020,IBGE_2024
2705200,Messias,AL,114.156,10,out,48.04991403103273,OK,1991,2020,30,CHIRPS_v2,UCSB-CHG/CHIRPS/DAILY,1991-2020,IBGE_2024
2704708,Marechal Deodoro,AL,340.987,10,out,47.95515793495976,OK,1991,2020,30,CHIRPS_v2,UCSB-CHG/CHIRPS/DAILY,1991-2020,IBGE_2024
2703809,Joaquim Gomes,AL,300.865,10,out,35.84476604398193,OK,1991,2020,30,CHIRPS_v2,UCSB-CHG/CHIRPS/DAILY,1991-2020,IBGE_2024
2702801,Flexeiras,AL,333.756,10,out,43.2131128884785,OK,1991,2020,30,CHIRPS_v2,UCSB-CHG/CHIRPS/DAILY,1991-2020,IBGE_2024
2700607,Barra de São Miguel,AL,74.332,10,out,40.67360176538865,OK,1991,2020,30,CHIRPS_v2,UCSB-CHG/CHIRPS/DAILY,1991-2020,IBGE_2024
2706901,Pilar,AL,259.646,10,out,45.95903376702527,OK,1991,2020,30,CHIRPS_v2,UCSB-CHG/CHIRPS/DAILY,1991-2020,IBGE_2024
2703601,Japaratinga,AL,85.699,10,out,41.66030479204499,OK,1991,2020,30,CHIRPS_v2,UCSB-CHG/CHIRPS/DAILY,1991-2020,IBGE_2024
2703502,Jacuípe,AL,209.65,10,out,43.80929752777547,OK,1991,2020,30,CHIRPS_v2,UCSB-CHG/CHIRPS/DAILY,1991-2020,IBGE_2024
2703908,Jundiá,AL,88.772,10,out,44.155019291737986,OK,1991,2020,30,CHIRPS_v2,UCSB-CHG/CHIRPS/DAILY,1991-2020,IBGE_2024
2702108,Colônia Leopoldina,AL,201.461,10,out,34.865541114392784,OK,1991,2020,30,CHIRPS_v2,UCSB-CHG/CHIRPS/DAILY,1991-2020,IBGE_2024
2701357,Campestre,AL,65.019,10,out,41.36082319959181,OK,1991,2020,30,CHIRPS_v2,UCSB-CHG/CHIRPS/DAILY,1991-2020,IBGE_2024
2708709,São Miguel dos Milagres,AL,76.852,10,out,51.65901692571915,OK,1991,2020,30,CHIRPS_v2,UCSB-CHG/CHIRPS/DAILY,1991-2020,IBGE_2024
2708501,São Luís do Quitunde,AL,397.257,10,out,50.08699795298315,OK,1991,2020,30,CHIRPS_v2,UCSB-CHG/CHIRPS/DAILY,1991-2020,IBGE_2024
2707404,Porto de Pedras,AL,256.526,10,out,46.52110228770893,OK,1991,2020,30,CHIRPS_v2,UCSB-CHG/CHIRPS/DAILY,1991-2020,IBGE_2024
2707305,Porto Calvo,AL,313.68,10,out,42.97162471960934,OK,1991,2020,30,CHIRPS_v2,UCSB-CHG/CHIRPS/DAILY,1991-2020,IBGE_2024
2706505,Passo de Camaragibe,AL,251.169,10,out,60.457857958091836,OK,1991,2020,30,CHIRPS_v2,UCSB-CHG/CHIRPS/DAILY,1991-2020,IBGE_2024
2705606,Novo Lino,AL,219.327,10,out,39.80635944279796,OK,1991,2020,30,CHIRPS_v2,UCSB-CHG/CHIRPS/DAILY,1991-2020,IBGE_2024
2705101,Matriz de Camaragibe,AL,238.112,10,out,43.19086457312987,OK,1991,2020,30,CHIRPS_v2,UCSB-CHG/CHIRPS/DAILY,1991-2020,IBGE_2024
2704500,Maragogi,AL,333.952,10,out,45.02845530274652,OK,1991,2020,30,CHIRPS_v2,UCSB-CHG/CHIRPS/DAILY,1991-2020,IBGE_2024
2703205,Igreja Nova,AL,428.023,10,out,33.93240052237746,OK,1991,2020,30,CHIRPS_v2,UCSB-CHG/CHIRPS/DAILY,1991-2020,IBGE_2024
2702702,Feliz Deserto,AL,110.062,10,out,38.83481571580264,OK,1991,2020,30,CHIRPS_v2,UCSB-CHG/CHIRPS/DAILY,1991-2020,IBGE_2024
2702306,Coruripe,AL,897.431,10,out,37.50521087228694,OK,1991,2020,30,CHIRPS_v2,UCSB-CHG/CHIRPS/DAILY,1991-2020,IBGE_2024
2708204,São Brás,AL,138.969,10,out,30.26581991192011,OK,1991,2020,30,CHIRPS_v2,UCSB-CHG/CHIRPS/DAILY,1991-2020,IBGE_2024
2707503,Porto Real do Colégio,AL,237.017,10,out,29.608587019538938,OK,1991,2020,30,CHIRPS_v2,UCSB-CHG/CHIRPS/DAILY,1991-2020,IBGE_2024
2706703,Penedo,AL,688.713,10,out,38.29924430042299,OK,1991,2020,30,CHIRPS_v2,UCSB-CHG/CHIRPS/DAILY,1991-2020,IBGE_2024
2706802,Piaçabuçu,AL,243.686,10,out,42.757896197039116,OK,1991,2020,30,CHIRPS_v2,UCSB-CHG/CHIRPS/DAILY,1991-2020,IBGE_2024
2703759,Jequiá da Praia,AL,334.619,10,out,38.90519434070161,OK,1991,2020,30,CHIRPS_v2,UCSB-CHG/CHIRPS/DAILY,1991-2020,IBGE_2024
2701407,Campo Alegre,AL,312.726,10,out,36.343967073473856,OK,1991,2020,30,CHIRPS_v2,UCSB-CHG/CHIRPS/DAILY,1991-2020,IBGE_2024
2701001,Boca da Mata,AL,192.952,10,out,39.94258532951158,OK,1991,2020,30,CHIRPS_v2,UCSB-CHG/CHIRPS/DAILY,1991-2020,IBGE_2024
2708600,São Miguel dos Campos,AL,335.679,10,out,44.13763294967217,OK,1991,2020,30,CHIRPS_v2,UCSB-CHG/CHIRPS/DAILY,1991-2020,IBGE_2024
2700201,Anadia,AL,186.074,10,out,34.42575658242097,OK,1991,2020,30,CHIRPS_v2,UCSB-CHG/CHIRPS/DAILY,1991-2020,IBGE_2024
2707800,Roteiro,AL,128.869,10,out,39.35294633914185,OK,1991,2020,30,CHIRPS_v2,UCSB-CHG/CHIRPS/DAILY,1991-2020,IBGE_2024
2703007,Ibateguara,AL,265.313,10,out,32.14064284825019,OK,1991,2020,30,CHIRPS_v2,UCSB-CHG/CHIRPS/DAILY,1991-2020,IBGE_2024
2709301,União dos Palmares,AL,420.081,10,out,36.026818998346236,OK,1991,2020,30,CHIRPS_v2,UCSB-CHG/CHIRPS/DAILY,1991-2020,IBGE_2024
2701100,Branquinha,AL,168.343,10,out,38.83832439146842,OK,1991,2020,30,CHIRPS_v2,UCSB-CHG/CHIRPS/DAILY,1991-2020,IBGE_2024
2708105,Santana do Mundaú,AL,232.17,10,out,30.147015743443177,OK,1991,2020,30,CHIRPS_v2,UCSB-CHG/CHIRPS/DAILY,1991-2020,IBGE_2024
2708303,São José da Laje,AL,256.603,10,out,31.22568241868252,OK,1991,2020,30,CHIRPS_v2,UCSB-CHG/CHIRPS/DAILY,1991-2020,IBGE_2024
2705507,Murici,AL,418.028,10,out,43.159536372526006,OK,1991,2020,30,CHIRPS_v2,UCSB-CHG/CHIRPS/DAILY,1991-2020,IBGE_2024
2701902,Chã Preta,AL,157.831,10,out,32.56576646010143,OK,1991,2020,30,CHIRPS_v2,UCSB-CHG/CHIRPS/DAILY,1991-2020,IBGE_2024
2701704,Capela,AL,253.168,10,out,37.94308934780989,OK,1991,2020,30,CHIRPS_v2,UCSB-CHG/CHIRPS/DAILY,1991-2020,IBGE_2024
2701308,Cajueiro,AL,107.168,10,out,36.47088705310605,OK,1991,2020,30,CHIRPS_v2,UCSB-CHG/CHIRPS/DAILY,1991-2020,IBGE_2024
2709400,Viçosa,AL,365.154,10,out,34.27120851548531,OK,1991,2020,30,CHIRPS_v2,UCSB-CHG/CHIRPS/DAILY,1991-2020,IBGE_2024
2700409,Atalaia,AL,533.259,10,out,40.54134488155241,OK,1991,2020,30,CHIRPS_v2,UCSB-CHG/CHIRPS/DAILY,1991-2020,IBGE_2024
2707008,Pindoba,AL,117.576,10,out,34.668119382457114,OK,1991,2020,30,CHIRPS_v2,UCSB-CHG/CHIRPS/DAILY,1991-2020,IBGE_2024
2704906,Mar Vermelho,AL,91.741,10,out,29.819702429062836,OK,1991,2020,30,CHIRPS_v2,UCSB-CHG/CHIRPS/DAILY,1991-2020,IBGE_2024
2700300,Arapiraca,AL,346.188,10,out,24.442383099962072,OK,1991,2020,30,CHIRPS_v2,UCSB-CHG/CHIRPS/DAILY,1991-2020,IBGE_2024
2704104,Lagoa da Canoa,AL,83.621,10,out,21.88356758214097,OK,1991,2020,30,CHIRPS_v2,UCSB-CHG/CHIRPS/DAILY,1991-2020,IBGE_2024
2704005,Junqueiro,AL,246.961,10,out,29.67767948634509,OK,1991,2020,30,CHIRPS_v2,UCSB-CHG/CHIRPS/DAILY,1991-2020,IBGE_2024
2704203,Limoeiro de Anadia,AL,309.171,10,out,27.973238460058138,OK,1991,2020,30,CHIRPS_v2,UCSB-CHG/CHIRPS/DAILY,1991-2020,IBGE_2024
2703700,Jaramataia,AL,105.416,10,out,19.189765470985254,OK,1991,2020,30,CHIRPS_v2,UCSB-CHG/CHIRPS/DAILY,1991-2020,IBGE_2024
2702603,Feira Grande,AL,175.906,10,out,24.805887659534047,OK,1991,2020,30,CHIRPS_v2,UCSB-CHG/CHIRPS/DAILY,1991-2020,IBGE_2024
2702900,Girau do Ponciano,AL,517.85,10,out,18.97211670400894,OK,1991,2020,30,CHIRPS_v2,UCSB-CHG/CHIRPS/DAILY,1991-2020,IBGE_2024
2702009,Coité do Nóia,AL,88.334,10,out,25.648756774861578,OK,1991,2020,30,CHIRPS_v2,UCSB-CHG/CHIRPS/DAILY,1991-2020,IBGE_2024
2702355,Craíbas,AL,277.617,10,out,20.472299391998998,OK,1991,2020,30,CHIRPS_v2,UCSB-CHG/CHIRPS/DAILY,1991-2020,IBGE_2024
2701506,Campo Grande,AL,170.145,10,out,14.818246847882964,OK,1991,2020,30,CHIRPS_v2,UCSB-CHG/CHIRPS/DAILY,1991-2020,IBGE_2024
2709202,Traipu,AL,680.0,10,out,20.78005768374534,OK,1991,2020,30,CHIRPS_v2,UCSB-CHG/CHIRPS/DAILY,1991-2020,IBGE_2024
2709103,Taquarana,AL,153.833,10,out,27.05306836909855,OK,1991,2020,30,CHIRPS_v2,UCSB-CHG/CHIRPS/DAILY,1991-2020,IBGE_2024
2709152,Teotônio Vilela,AL,299.237,10,out,35.17980922736977,OK,1991,2020,30,CHIRPS_v2,UCSB-CHG/CHIRPS/DAILY,1991-2020,IBGE_2024
2709004,Tanque d'Arca,AL,124.616,10,out,29.71576680433196,OK,1991,2020,30,CHIRPS_v2,UCSB-CHG/CHIRPS/DAILY,1991-2020,IBGE_2024
2708808,São Sebastião,AL,312.746,10,out,30.46509336329657,OK,1991,2020,30,CHIRPS_v2,UCSB-CHG/CHIRPS/DAILY,1991-2020,IBGE_2024
2705903,Olho d'Água Grande,AL,115.509,10,out,24.750829943610814,OK,1991,2020,30,CHIRPS_v2,UCSB-CHG/CHIRPS/DAILY,1991-2020,IBGE_2024
2704807,Maribondo,AL,180.107,10,out,34.34995505268134,OK,1991,2020,30,CHIRPS_v2,UCSB-CHG/CHIRPS/DAILY,1991-2020,IBGE_2024
2704401,Major Isidoro,AL,437.602,10,out,17.393268039436503,OK,1991,2020,30,CHIRPS_v2,UCSB-CHG/CHIRPS/DAILY,1991-2020,IBGE_2024
2703106,Igaci,AL,334.342,10,out,22.700624505310607,OK,1991,2020,30,CHIRPS_v2,UCSB-CHG/CHIRPS/DAILY,1991-2020,IBGE_2024
2702553,Estrela de Alagoas,AL,260.615,10,out,21.06046733520519,OK,1991,2020,30,CHIRPS_v2,UCSB-CHG/CHIRPS/DAILY,1991-2020,IBGE_2024
2701209,Cacimbinhas,AL,282.011,10,out,18.305893461578258,OK,1991,2020,30,CHIRPS_v2,UCSB-CHG/CHIRPS/DAILY,1991-2020,IBGE_2024
2700805,Belém,AL,66.629,10,out,27.839571147429456,OK,1991,2020,30,CHIRPS_v2,UCSB-CHG/CHIRPS/DAILY,1991-2020,IBGE_2024
2707602,Quebrangulo,AL,319.829,10,out,40.72067148776534,OK,1991,2020,30,CHIRPS_v2,UCSB-CHG/CHIRPS/DAILY,1991-2020,IBGE_2024
2706604,Paulo Jacinto,AL,118.457,10,out,35.54354342166454,OK,1991,2020,30,CHIRPS_v2,UCSB-CHG/CHIRPS/DAILY,1991-2020,IBGE_2024
2706307,Palmeira dos Índios,AL,450.99,10,out,26.495558660097743,OK,1991,2020,30,CHIRPS_v2,UCSB-CHG/CHIRPS/DAILY,1991-2020,IBGE_2024
2705309,Minador do Negrão,AL,167.461,10,out,19.374083883444083,OK,1991,2020,30,CHIRPS_v2,UCSB-CHG/CHIRPS/DAILY,1991-2020,IBGE_2024
2703304,Inhapi,AL,372.019,10,out,10.76361285711785,OK,1991,2020,30,CHIRPS_v2,UCSB-CHG/CHIRPS/DAILY,1991-2020,IBGE_2024
2702405,Delmiro Gouveia,AL,628.547,10,out,7.9531626865940925,OK,1991,2020,30,CHIRPS_v2,UCSB-CHG/CHIRPS/DAILY,1991-2020,IBGE_2024
2700102,Água Branca,AL,473.845,10,out,8.436429348467119,OK,1991,2020,30,CHIRPS_v2,UCSB-CHG/CHIRPS/DAILY,1991-2020,IBGE_2024
2707107,Piranhas,AL,403.994,10,out,8.37351072849076,OK,1991,2020,30,CHIRPS_v2,UCSB-CHG/CHIRPS/DAILY,1991-2020,IBGE_2024
2706422,Pariconha,AL,254.718,10,out,7.501677725263237,OK,1991,2020,30,CHIRPS_v2,UCSB-CHG/CHIRPS/DAILY,1991-2020,IBGE_2024
2705804,Olho d'Água do Casado,AL,327.679,10,out,8.549861176932808,OK,1991,2020,30,CHIRPS_v2,UCSB-CHG/CHIRPS/DAILY,1991-2020,IBGE_2024
2705002,Mata Grande,AL,909.535,10,out,11.912229586021923,OK,1991,2020,30,CHIRPS_v2,UCSB-CHG/CHIRPS/DAILY,1991-2020,IBGE_2024
2702504,Dois Riachos,AL,142.364,10,out,15.564804827589484,OK,1991,2020,30,CHIRPS_v2,UCSB-CHG/CHIRPS/DAILY,1991-2020,IBGE_2024
2701605,Canapi,AL,600.879,10,out,11.17177476741651,OK,1991,2020,30,CHIRPS_v2,UCSB-CHG/CHIRPS/DAILY,1991-2020,IBGE_2024
2701803,Carneiros,AL,111.695,10,out,13.415621684606096,OK,1991,2020,30,CHIRPS_v2,UCSB-CHG/CHIRPS/DAILY,1991-2020,IBGE_2024
2708956,Senador Rui Palmeira,AL,338.569,10,out,9.963374491757254,OK,1991,2020,30,CHIRPS_v2,UCSB-CHG/CHIRPS/DAILY,1991-2020,IBGE_2024
2708006,Santana do Ipanema,AL,436.087,10,out,13.326609403385572,OK,1991,2020,30,CHIRPS_v2,UCSB-CHG/CHIRPS/DAILY,1991-2020,IBGE_2024
2707206,Poço das Trincheiras,AL,284.526,10,out,11.820174406375672,OK,1991,2020,30,CHIRPS_v2,UCSB-CHG/CHIRPS/DAILY,1991-2020,IBGE_2024
2706000,Olivença,AL,174.188,10,out,14.760926546454836,OK,1991,2020,30,CHIRPS_v2,UCSB-CHG/CHIRPS/DAILY,1991-2020,IBGE_2024
2706109,Ouro Branco,AL,196.349,10,out,8.614049663399836,OK,1991,2020,30,CHIRPS_v2,UCSB-CHG/CHIRPS/DAILY,1991-2020,IBGE_2024
2704609,Maravilha,AL,334.052,10,out,10.055416098374508,OK,1991,2020,30,CHIRPS_v2,UCSB-CHG/CHIRPS/DAILY,1991-2020,IBGE_2024
2703403,Jacaré dos Homens,AL,149.332,10,out,13.732386395992437,OK,1991,2020,30,CHIRPS_v2,UCSB-CHG/CHIRPS/DAILY,1991-2020,IBGE_2024
2700904,Belo Monte,AL,322.887,10,out,15.101459126379767,OK,1991,2020,30,CHIRPS_v2,UCSB-CHG/CHIRPS/DAILY,1991-2020,IBGE_2024
2700706,Batalha,AL,331.752,10,out,15.865240909329794,OK,1991,2020,30,CHIRPS_v2,UCSB-CHG/CHIRPS/DAILY,1991-2020,IBGE_2024
2708402,São José da Tapera,AL,490.88,10,out,10.69128614039592,OK,1991,2020,30,CHIRPS_v2,UCSB-CHG/CHIRPS/DAILY,1991-2020,IBGE_2024
2706208,Palestina,AL,38.189,10,out,9.90343278542006,OK,1991,2020,30,CHIRPS_v2,UCSB-CHG/CHIRPS/DAILY,1991-2020,IBGE_2024
2706406,Pão de Açúcar,AL,688.87,10,out,10.015406601991938,OK,1991,2020,30,CHIRPS_v2,UCSB-CHG/CHIRPS/DAILY,1991-2020,IBGE_2024
2705705,Olho d'Água das Flores,AL,188.398,10,out,14.156333782300779,OK,1991,2020,30,CHIRPS_v2,UCSB-CHG/CHIRPS/DAILY,1991-2020,IBGE_2024
2705408,Monteirópolis,AL,86.605,10,out,12.70496703468117,OK,1991,2020,30,CHIRPS_v2,UCSB-CHG/CHIRPS/DAILY,1991-2020,IBGE_2024
2801900,Cumbe,SE,121.959,10,out,35.29499488386095,OK,1991,2020,30,CHIRPS_v2,UCSB-CHG/CHIRPS/DAILY,1991-2020,IBGE_2024
2801306,Capela,SE,442.21,10,out,46.216926924038354,OK,1991,2020,30,CHIRPS_v2,UCSB-CHG/CHIRPS/DAILY,1991-2020,IBGE_2024
2806503,Santa Rosa de Lima,SE,67.672,10,out,51.071099241114766,OK,1991,2020,30,CHIRPS_v2,UCSB-CHG/CHIRPS/DAILY,1991-2020,IBGE_2024
2806602,Santo Amaro das Brotas,SE,236.965,10,out,54.71509419203084,OK,1991,2020,30,CHIRPS_v2,UCSB-CHG/CHIRPS/DAILY,1991-2020,IBGE_2024
2805307,Pirambu,SE,208.681,10,out,44.98503075281829,OK,1991,2020,30,CHIRPS_v2,UCSB-CHG/CHIRPS/DAILY,1991-2020,IBGE_2024
2804607,Nossa Senhora das Dores,SE,482.785,10,out,40.97479643798855,OK,1991,2020,30,CHIRPS_v2,UCSB-CHG/CHIRPS/DAILY,1991-2020,IBGE_2024
2803302,Japaratuba,SE,365.677,10,out,48.74361506892166,OK,1991,2020,30,CHIRPS_v2,UCSB-CHG/CHIRPS/DAILY,1991-2020,IBGE_2024
2803203,Itaporanga d'Ajuda,SE,739.702,10,out,47.3950061801379,OK,1991,2020,30,CHIRPS_v2,UCSB-CHG/CHIRPS/DAILY,1991-2020,IBGE_2024
2802502,General Maynard,SE,19.793,10,out,52.52192748060937,OK,1991,2020,30,CHIRPS_v2,UCSB-CHG/CHIRPS/DAILY,1991-2020,IBGE_2024
2802007,Divina Pastora,SE,90.508,10,out,57.748353133712044,OK,1991,2020,30,CHIRPS_v2,UCSB-CHG/CHIRPS/DAILY,1991-2020,IBGE_2024
2801504,Carmópolis,SE,46.395,10,out,51.417932827232946,OK,1991,2020,30,CHIRPS_v2,UCSB-CHG/CHIRPS/DAILY,1991-2020,IBGE_2024
2800308,Aracaju,SE,182.163,10,out,55.412892042729304,OK,1991,2020,30,CHIRPS_v2,UCSB-CHG/CHIRPS/DAILY,1991-2020,IBGE_2024
2800605,Barra dos Coqueiros,SE,92.268,10,out,57.900490451406505,OK,1991,2020,30,CHIRPS_v2,UCSB-CHG/CHIRPS/DAILY,1991-2020,IBGE_2024
2807204,Siriri,SE,168.343,10,out,50.309509699364554,OK,1991,2020,30,CHIRPS_v2,UCSB-CHG/CHIRPS/DAILY,1991-2020,IBGE_2024
2806701,São Cristóvão,SE,438.037,10,out,49.64714063757771,OK,1991,2020,30,CHIRPS_v2,UCSB-CHG/CHIRPS/DAILY,1991-2020,IBGE_2024
2805901,Riachuelo,SE,78.308,10,out,54.78932738424252,OK,1991,2020,30,CHIRPS_v2,UCSB-CHG/CHIRPS/DAILY,1991-2020,IBGE_2024
2806107,Rosário do Catete,SE,102.683,10,out,57.452696950345356,OK,1991,2020,30,CHIRPS_v2,UCSB-CHG/CHIRPS/DAILY,1991-2020,IBGE_2024
2804805,Nossa Senhora do Socorro,SE,155.018,10,out,56.27290989956928,OK,1991,2020,30,CHIRPS_v2,UCSB-CHG/CHIRPS/DAILY,1991-2020,IBGE_2024
2804003,Maruim,SE,95.554,10,out,60.36490494286902,OK,1991,2020,30,CHIRPS_v2,UCSB-CHG/CHIRPS/DAILY,1991-2020,IBGE_2024
2803609,Laranjeiras,SE,162.274,10,out,54.330109119388325,OK,1991,2020,30,CHIRPS_v2,UCSB-CHG/CHIRPS/DAILY,1991-2020,IBGE_2024
2802106,Estância,SE,647.344,10,out,55.44648477140266,OK,1991,2020,30,CHIRPS_v2,UCSB-CHG/CHIRPS/DAILY,1991-2020,IBGE_2024
2801702,Cristinápolis,SE,228.556,10,out,49.17341138111018,OK,1991,2020,30,CHIRPS_v2,UCSB-CHG/CHIRPS/DAILY,1991-2020,IBGE_2024
2800407,Arauá,SE,198.967,10,out,47.94979145074266,OK,1991,2020,30,CHIRPS_v2,UCSB-CHG/CHIRPS/DAILY,1991-2020,IBGE_2024
2800670,Boquim,SE,205.443,10,out,47.04153995653196,OK,1991,2020,30,CHIRPS_v2,UCSB-CHG/CHIRPS/DAILY,1991-2020,IBGE_2024
2807501,Tomar do Geru,SE,304.837,10,out,36.41873759946322,OK,1991,2020,30,CHIRPS_v2,UCSB-CHG/CHIRPS/DAILY,1991-2020,IBGE_2024
2807600,Umbaúba,SE,117.514,10,out,49.23680742725764,OK,1991,2020,30,CHIRPS_v2,UCSB-CHG/CHIRPS/DAILY,1991-2020,IBGE_2024
2806305,Santa Luzia do Itanhy,SE,325.259,10,out,52.24871159887426,OK,1991,2020,30,CHIRPS_v2,UCSB-CHG/CHIRPS/DAILY,1991-2020,IBGE_2024
2805109,Pedrinhas,SE,33.344,10,out,45.500692194296384,OK,1991,2020,30,CHIRPS_v2,UCSB-CHG/CHIRPS/DAILY,1991-2020,IBGE_2024
2803005,Itabaianinha,SE,501.794,10,out,39.27356352997644,OK,1991,2020,30,CHIRPS_v2,UCSB-CHG/CHIRPS/DAILY,1991-2020,IBGE_2024
2802809,Indiaroba,SE,316.316,10,out,55.18764471228313,OK,1991,2020,30,CHIRPS_v2,UCSB-CHG/CHIRPS/DAILY,1991-2020,IBGE_2024
2802700,Ilha das Flores,SE,52.693,10,out,39.47154399461053,OK,1991,2020,30,CHIRPS_v2,UCSB-CHG/CHIRPS/DAILY,1991-2020,IBGE_2024
2801603,Cedro de São João,SE,83.71,10,out,38.176711154403336,OK,1991,2020,30,CHIRPS_v2,UCSB-CHG/CHIRPS/DAILY,1991-2020,IBGE_2024
2801108,Canhoba,SE,171.581,10,out,32.39962203685003,OK,1991,2020,30,CHIRPS_v2,UCSB-CHG/CHIRPS/DAILY,1991-2020,IBGE_2024
2800209,Aquidabã,SE,359.543,10,out,35.24584751369123,OK,1991,2020,30,CHIRPS_v2,UCSB-CHG/CHIRPS/DAILY,1991-2020,IBGE_2024
2800704,Brejo Grande,SE,141.464,10,out,35.25361706863056,OK,1991,2020,30,CHIRPS_v2,UCSB-CHG/CHIRPS/DAILY,1991-2020,IBGE_2024
2800100,Amparo do São Francisco,SE,35.683,10,out,33.890835727332934,OK,1991,2020,30,CHIRPS_v2,UCSB-CHG/CHIRPS/DAILY,1991-2020,IBGE_2024
2806909,São Francisco,SE,83.985,10,out,39.93271450246112,OK,1991,2020,30,CHIRPS_v2,UCSB-CHG/CHIRPS/DAILY,1991-2020,IBGE_2024
2807303,Telha,SE,47.86,10,out,33.98404148043915,OK,1991,2020,30,CHIRPS_v2,UCSB-CHG/CHIRPS/DAILY,1991-2020,IBGE_2024
2806404,Santana do São Francisco,SE,44.017,10,out,39.800106908278956,OK,1991,2020,30,CHIRPS_v2,UCSB-CHG/CHIRPS/DAILY,1991-2020,IBGE_2024
2805703,Propriá,SE,96.32,10,out,35.7440000318803,OK,1991,2020,30,CHIRPS_v2,UCSB-CHG/CHIRPS/DAILY,1991-2020,IBGE_2024
2804904,Pacatuba,SE,381.428,10,out,36.77042195100343,OK,1991,2020,30,CHIRPS_v2,UCSB-CHG/CHIRPS/DAILY,1991-2020,IBGE_2024
2804300,Muribeca,SE,74.31,10,out,42.56360624141441,OK,1991,2020,30,CHIRPS_v2,UCSB-CHG/CHIRPS/DAILY,1991-2020,IBGE_2024
2804409,Neópolis,SE,271.323,10,out,39.03420797328871,OK,1991,2020,30,CHIRPS_v2,UCSB-CHG/CHIRPS/DAILY,1991-2020,IBGE_2024
2804706,Nossa Senhora de Lourdes,SE,83.767,10,out,29.054118121914573,OK,1991,2020,30,CHIRPS_v2,UCSB-CHG/CHIRPS/DAILY,1991-2020,IBGE_2024
2803807,Malhada dos Bois,SE,63.199,10,out,40.58134849042309,OK,1991,2020,30,CHIRPS_v2,UCSB-CHG/CHIRPS/DAILY,1991-2020,IBGE_2024
2803401,Japoatã,SE,402.353,10,out,40.82550991513367,OK,1991,2020,30,CHIRPS_v2,UCSB-CHG/CHIRPS/DAILY,1991-2020,IBGE_2024
2802304,Frei Paulo,SE,399.178,10,out,28.774294315010987,OK,1991,2020,30,CHIRPS_v2,UCSB-CHG/CHIRPS/DAILY,1991-2020,IBGE_2024
2801405,Carira,SE,638.875,10,out,22.04819940154662,OK,1991,2020,30,CHIRPS_v2,UCSB-CHG/CHIRPS/DAILY,1991-2020,IBGE_2024
2801009,Campo do Brito,SE,201.518,10,out,39.341835823532335,OK,1991,2020,30,CHIRPS_v2,UCSB-CHG/CHIRPS/DAILY,1991-2020,IBGE_2024
2800506,Areia Branca,SE,148.135,10,out,44.88383701202351,OK,1991,2020,30,CHIRPS_v2,UCSB-CHG/CHIRPS/DAILY,1991-2020,IBGE_2024
2807006,São Miguel do Aleixo,SE,140.041,10,out,34.46562231938213,OK,1991,2020,30,CHIRPS_v2,UCSB-CHG/CHIRPS/DAILY,1991-2020,IBGE_2024
2806800,São Domingos,SE,101.999,10,out,37.16679329175298,OK,1991,2020,30,CHIRPS_v2,UCSB-CHG/CHIRPS/DAILY,1991-2020,IBGE_2024
2806008,Ribeirópolis,SE,259.057,10,out,32.379749355512054,OK,1991,2020,30,CHIRPS_v2,UCSB-CHG/CHIRPS/DAILY,1991-2020,IBGE_2024
2805000,Pedra Mole,SE,82.184,10,out,32.851203124851644,OK,1991,2020,30,CHIRPS_v2,UCSB-CHG/CHIRPS/DAILY,1991-2020,IBGE_2024
2805208,Pinhão,SE,156.4,10,out,31.721757053818997,OK,1991,2020,30,CHIRPS_v2,UCSB-CHG/CHIRPS/DAILY,1991-2020,IBGE_2024
2804458,Nossa Senhora Aparecida,SE,340.855,10,out,27.79065143802545,OK,1991,2020,30,CHIRPS_v2,UCSB-CHG/CHIRPS/DAILY,1991-2020,IBGE_2024
2803906,Malhador,SE,101.888,10,out,44.598915251429545,OK,1991,2020,30,CHIRPS_v2,UCSB-CHG/CHIRPS/DAILY,1991-2020,IBGE_2024
2804102,Moita Bonita,SE,95.397,10,out,37.60541942216148,OK,1991,2020,30,CHIRPS_v2,UCSB-CHG/CHIRPS/DAILY,1991-2020,IBGE_2024
2803708,Macambira,SE,137.496,10,out,32.10838991907356,OK,1991,2020,30,CHIRPS_v2,UCSB-CHG/CHIRPS/DAILY,1991-2020,IBGE_2024
2802908,Itabaiana,SE,337.348,10,out,37.8957520424744,OK,1991,2020,30,CHIRPS_v2,UCSB-CHG/CHIRPS/DAILY,1991-2020,IBGE_2024
2807402,Tobias Barreto,SE,1024.645,10,out,26.069383068834703,OK,1991,2020,30,CHIRPS_v2,UCSB-CHG/CHIRPS/DAILY,1991-2020,IBGE_2024
2807105,Simão Dias,SE,560.199,10,out,31.833069074473478,OK,1991,2020,30,CHIRPS_v2,UCSB-CHG/CHIRPS/DAILY,1991-2020,IBGE_2024
2806206,Salgado,SE,247.579,10,out,47.60843107955847,OK,1991,2020,30,CHIRPS_v2,UCSB-CHG/CHIRPS/DAILY,1991-2020,IBGE_2024
2805505,Poço Verde,SE,441.326,10,out,18.38401223893191,OK,1991,2020,30,CHIRPS_v2,UCSB-CHG/CHIRPS/DAILY,1991-2020,IBGE_2024
2805802,Riachão do Dantas,SE,530.606,10,out,37.55351671925944,OK,1991,2020,30,CHIRPS_v2,UCSB-CHG/CHIRPS/DAILY,1991-2020,IBGE_2024
2803500,Lagarto,SE,968.921,10,out,40.47730817589267,OK,1991,2020,30,CHIRPS_v2,UCSB-CHG/CHIRPS/DAILY,1991-2020,IBGE_2024
2803104,Itabi,SE,183.422,10,out,27.42771141204584,OK,1991,2020,30,CHIRPS_v2,UCSB-CHG/CHIRPS/DAILY,1991-2020,IBGE_2024
2802403,Gararu,SE,661.622,10,out,22.452837391707078,OK,1991,2020,30,CHIRPS_v2,UCSB-CHG/CHIRPS/DAILY,1991-2020,IBGE_2024
2802601,Graccho Cardoso,SE,240.756,10,out,29.503348749915627,OK,1991,2020,30,CHIRPS_v2,UCSB-CHG/CHIRPS/DAILY,1991-2020,IBGE_2024
2802205,Feira Nova,SE,194.187,10,out,30.480236631452595,OK,1991,2020,30,CHIRPS_v2,UCSB-CHG/CHIRPS/DAILY,1991-2020,IBGE_2024
2801207,Canindé de São Francisco,SE,1080.009,10,out,14.308872618212648,OK,1991,2020,30,CHIRPS_v2,UCSB-CHG/CHIRPS/DAILY,1991-2020,IBGE_2024
2805406,Poço Redondo,SE,1074.584,10,out,17.111517693166167,OK,1991,2020,30,CHIRPS_v2,UCSB-CHG/CHIRPS/DAILY,1991-2020,IBGE_2024
2805604,Porto da Folha,SE,878.044,10,out,20.53429939468438,OK,1991,2020,30,CHIRPS_v2,UCSB-CHG/CHIRPS/DAILY,1991-2020,IBGE_2024
2804508,Nossa Senhora da Glória,SE,754.959,10,out,21.33928947334591,OK,1991,2020,30,CHIRPS_v2,UCSB-CHG/CHIRPS/DAILY,1991-2020,IBGE_2024
2804201,Monte Alegre de Sergipe,SE,387.352,10,out,19.958116615403597,OK,1991,2020,30,CHIRPS_v2,UCSB-CHG/CHIRPS/DAILY,1991-2020,IBGE_2024
2930709,Simões Filho,BA,201.529,10,out,71.63189721402581,OK,1991,2020,30,CHIRPS_v2,UCSB-CHG/CHIRPS/DAILY,1991-2020,IBGE_2024
2906501,Candeias,BA,251.808,10,out,74.86008516794162,OK,1991,2020,30,CHIRPS_v2,UCSB-CHG/CHIRPS/DAILY,1991-2020,IBGE_2024
2905701,Camaçari,BA,785.421,10,out,74.76173361666544,OK,1991,2020,30,CHIRPS_v2,UCSB-CHG/CHIRPS/DAILY,1991-2020,IBGE_2024
2929503,São Sebastião do Passé,BA,536.678,10,out,72.98272547933068,OK,1991,2020,30,CHIRPS_v2,UCSB-CHG/CHIRPS/DAILY,1991-2020,IBGE_2024
2929206,São Francisco do Conde,BA,269.737,10,out,74.27676285918919,OK,1991,2020,30,CHIRPS_v2,UCSB-CHG/CHIRPS/DAILY,1991-2020,IBGE_2024
2921005,Mata de São João,BA,605.169,10,out,75.26012282484247,OK,1991,2020,30,CHIRPS_v2,UCSB-CHG/CHIRPS/DAILY,1991-2020,IBGE_2024
2919926,Madre de Deus,BA,33.032,10,out,70.4318989125456,OK,1991,2020,30,CHIRPS_v2,UCSB-CHG/CHIRPS/DAILY,1991-2020,IBGE_2024
2927408,Salvador,BA,692.589,10,out,75.44199964768129,OK,1991,2020,30,CHIRPS_v2,UCSB-CHG/CHIRPS/DAILY,1991-2020,IBGE_2024
2919207,Lauro de Freitas,BA,57.942,10,out,60.18574203337077,OK,1991,2020,30,CHIRPS_v2,UCSB-CHG/CHIRPS/DAILY,1991-2020,IBGE_2024
2910057,Dias d'Ávila,BA,183.759,10,out,81.34107853297382,OK,1991,2020,30,CHIRPS_v2,UCSB-CHG/CHIRPS/DAILY,1991-2020,IBGE_2024
2931707,Terra Nova,BA,193.241,10,out,56.17587392762893,OK,1991,2020,30,CHIRPS_v2,UCSB-CHG/CHIRPS/DAILY,1991-2020,IBGE_2024
2915908,Itanagra,BA,533.632,10,out,72.76393308770267,OK,1991,2020,30,CHIRPS_v2,UCSB-CHG/CHIRPS/DAILY,1991-2020,IBGE_2024
2907509,Catu,BA,426.956,10,out,61.58067783591409,OK,1991,2020,30,CHIRPS_v2,UCSB-CHG/CHIRPS/DAILY,1991-2020,IBGE_2024
2929750,Saubara,BA,166.428,10,out,76.28871759484912,OK,1991,2020,30,CHIRPS_v2,UCSB-CHG/CHIRPS/DAILY,1991-2020,IBGE_2024
2928604,Santo Amaro,BA,494.502,10,out,60.15841079755425,OK,1991,2020,30,CHIRPS_v2,UCSB-CHG/CHIRPS/DAILY,1991-2020,IBGE_2024
2925204,Pojuca,BA,314.931,10,out,72.08730718986209,OK,1991,2020,30,CHIRPS_v2,UCSB-CHG/CHIRPS/DAILY,1991-2020,IBGE_2024
2900702,Alagoinhas,BA,707.836,10,out,48.61677692556671,OK,1991,2020,30,CHIRPS_v2,UCSB-CHG/CHIRPS/DAILY,1991-2020,IBGE_2024
2909604,Crisópolis,BA,636.609,10,out,38.59790038738842,OK,1991,2020,30,CHIRPS_v2,UCSB-CHG/CHIRPS/DAILY,1991-2020,IBGE_2024
2924108,Pedrão,BA,158.487,10,out,41.29128058184288,OK,1991,2020,30,CHIRPS_v2,UCSB-CHG/CHIRPS/DAILY,1991-2020,IBGE_2024
2916500,Itapicuru,BA,1557.688,10,out,27.71855178731705,OK,1991,2020,30,CHIRPS_v2,UCSB-CHG/CHIRPS/DAILY,1991-2020,IBGE_2024
2900306,Acajutiba,BA,181.475,10,out,48.8859896401258,OK,1991,2020,30,CHIRPS_v2,UCSB-CHG/CHIRPS/DAILY,1991-2020,IBGE_2024
2908606,Conde,BA,931.106,10,out,66.95273508807338,OK,1991,2020,30,CHIRPS_v2,UCSB-CHG/CHIRPS/DAILY,1991-2020,IBGE_2024
2931400,Teodoro Sampaio,BA,244.613,10,out,46.03024587997099,OK,1991,2020,30,CHIRPS_v2,UCSB-CHG/CHIRPS/DAILY,1991-2020,IBGE_2024
2907004,Cardeal da Silva,BA,293.456,10,out,58.67159361438692,OK,1991,2020,30,CHIRPS_v2,UCSB-CHG/CHIRPS/DAILY,1991-2020,IBGE_2024
2929701,Sátiro Dias,BA,949.223,10,out,32.70302330268466,OK,1991,2020,30,CHIRPS_v2,UCSB-CHG/CHIRPS/DAILY,1991-2020,IBGE_2024
2913705,Inhambupe,BA,1082.283,10,out,43.51797218395408,OK,1991,2020,30,CHIRPS_v2,UCSB-CHG/CHIRPS/DAILY,1991-2020,IBGE_2024
2927002,Rio Real,BA,739.776,10,out,47.96383796386072,OK,1991,2020,30,CHIRPS_v2,UCSB-CHG/CHIRPS/DAILY,1991-2020,IBGE_2024
2910503,Entre Rios,BA,1187.767,10,out,59.181766833576454,OK,1991,2020,30,CHIRPS_v2,UCSB-CHG/CHIRPS/DAILY,1991-2020,IBGE_2024
2902203,Aramari,BA,368.947,10,out,42.110280349850335,OK,1991,2020,30,CHIRPS_v2,UCSB-CHG/CHIRPS/DAILY,1991-2020,IBGE_2024
2910602,Esplanada,BA,1299.356,10,out,59.407240438900835,OK,1991,2020,30,CHIRPS_v2,UCSB-CHG/CHIRPS/DAILY,1991-2020,IBGE_2024
2902054,Araçás,BA,474.577,10,out,58.98948977134951,OK,1991,2020,30,CHIRPS_v2,UCSB-CHG/CHIRPS/DAILY,1991-2020,IBGE_2024
2901908,Aporá,BA,479.262,10,out,45.28063065510037,OK,1991,2020,30,CHIRPS_v2,UCSB-CHG/CHIRPS/DAILY,1991-2020,IBGE_2024
2917904,Jandaíra,BA,640.772,10,out,58.47003119233778,OK,1991,2020,30,CHIRPS_v2,UCSB-CHG/CHIRPS/DAILY,1991-2020,IBGE_2024
2933174,Varzedo,BA,221.399,10,out,46.830468511387714,OK,1991,2020,30,CHIRPS_v2,UCSB-CHG/CHIRPS/DAILY,1991-2020,IBGE_2024
2901007,Amargosa,BA,431.654,10,out,38.501053169273746,OK,1991,2020,30,CHIRPS_v2,UCSB-CHG/CHIRPS/DAILY,1991-2020,IBGE_2024
2932101,Ubaíra,BA,663.892,10,out,42.428087013055034,OK,1991,2020,30,CHIRPS_v2,UCSB-CHG/CHIRPS/DAILY,1991-2020,IBGE_2024
2922805,Nova Itarana,BA,475.381,10,out,26.094434751012212,OK,1991,2020,30,CHIRPS_v2,UCSB-CHG/CHIRPS/DAILY,1991-2020,IBGE_2024
2922201,Muniz Ferreira,BA,104.54,10,out,72.90322765704838,OK,1991,2020,30,CHIRPS_v2,UCSB-CHG/CHIRPS/DAILY,1991-2020,IBGE_2024
2922409,Mutuípe,BA,275.854,10,out,57.679399557295206,OK,1991,2020,30,CHIRPS_v2,UCSB-CHG/CHIRPS/DAILY,1991-2020,IBGE_2024
2929404,São Miguel das Matas,BA,230.906,10,out,54.22397563861743,OK,1991,2020,30,CHIRPS_v2,UCSB-CHG/CHIRPS/DAILY,1991-2020,IBGE_2024
2921302,Milagres,BA,420.357,10,out,25.552013284866366,OK,1991,2020,30,CHIRPS_v2,UCSB-CHG/CHIRPS/DAILY,1991-2020,IBGE_2024
2904308,Brejões,BA,518.566,10,out,30.11326477390963,OK,1991,2020,30,CHIRPS_v2,UCSB-CHG/CHIRPS/DAILY,1991-2020,IBGE_2024
2928703,Santo Antônio de Jesus,BA,261.74,10,out,65.5529994327744,OK,1991,2020,30,CHIRPS_v2,UCSB-CHG/CHIRPS/DAILY,1991-2020,IBGE_2024
2918803,Laje,BA,449.835,10,out,65.34021050066524,OK,1991,2020,30,CHIRPS_v2,UCSB-CHG/CHIRPS/DAILY,1991-2020,IBGE_2024
2918209,Jiquiriçá,BA,238.66,10,out,50.6815692094936,OK,1991,2020,30,CHIRPS_v2,UCSB-CHG/CHIRPS/DAILY,1991-2020,IBGE_2024
2910305,Elísio Medrado,BA,179.329,10,out,35.918698468847765,OK,1991,2020,30,CHIRPS_v2,UCSB-CHG/CHIRPS/DAILY,1991-2020,IBGE_2024
2910206,Dom Macedo Costa,BA,94.778,10,out,67.69445536402554,OK,1991,2020,30,CHIRPS_v2,UCSB-CHG/CHIRPS/DAILY,1991-2020,IBGE_2024
2908309,Conceição do Almeida,BA,284.837,10,out,55.861799833184996,OK,1991,2020,30,CHIRPS_v2,UCSB-CHG/CHIRPS/DAILY,1991-2020,IBGE_2024
2916856,Itatim,BA,547.509,10,out,23.38959155802498,OK,1991,2020,30,CHIRPS_v2,UCSB-CHG/CHIRPS/DAILY,1991-2020,IBGE_2024
2907301,Castro Alves,BA,713.789,10,out,32.33508560334003,OK,1991,2020,30,CHIRPS_v2,UCSB-CHG/CHIRPS/DAILY,1991-2020,IBGE_2024
2922300,Muritiba,BA,86.311,10,out,47.779260941946845,OK,1991,2020,30,CHIRPS_v2,UCSB-CHG/CHIRPS/DAILY,1991-2020,IBGE_2024
2929602,Sapeaçu,BA,131.218,10,out,49.08441493642419,OK,1991,2020,30,CHIRPS_v2,UCSB-CHG/CHIRPS/DAILY,1991-2020,IBGE_2024
2904902,Cachoeira,BA,394.893,10,out,56.60095528038067,OK,1991,2020,30,CHIRPS_v2,UCSB-CHG/CHIRPS/DAILY,1991-2020,IBGE_2024
2929107,São Felipe,BA,222.407,10,out,67.81307089877387,OK,1991,2020,30,CHIRPS_v2,UCSB-CHG/CHIRPS/DAILY,1991-2020,IBGE_2024
2904852,Cabaceiras do Paraguaçu,BA,222.027,10,out,39.46285187281315,OK,1991,2020,30,CHIRPS_v2,UCSB-CHG/CHIRPS/DAILY,1991-2020,IBGE_2024
2929008,São Félix,BA,103.226,10,out,52.093686856503915,OK,1991,2020,30,CHIRPS_v2,UCSB-CHG/CHIRPS/DAILY,1991-2020,IBGE_2024
2928505,Santa Terezinha,BA,719.258,10,out,23.71768041572993,OK,1991,2020,30,CHIRPS_v2,UCSB-CHG/CHIRPS/DAILY,1991-2020,IBGE_2024
2911600,Governador Mangabeira,BA,106.848,10,out,45.39758537333726,OK,1991,2020,30,CHIRPS_v2,UCSB-CHG/CHIRPS/DAILY,1991-2020,IBGE_2024
2909802,Cruz das Almas,BA,139.118,10,out,53.00481814530462,OK,1991,2020,30,CHIRPS_v2,UCSB-CHG/CHIRPS/DAILY,1991-2020,IBGE_2024
2932903,Valença,BA,1123.975,10,out,83.91181440846772,OK,1991,2020,30,CHIRPS_v2,UCSB-CHG/CHIRPS/DAILY,1991-2020,IBGE_2024
2917300,Ituberá,BA,415.428,10,out,92.51157778387461,OK,1991,2020,30,CHIRPS_v2,UCSB-CHG/CHIRPS/DAILY,1991-2020,IBGE_2024
2922607,Nilo Peçanha,BA,388.936,10,out,87.53060861253584,OK,1991,2020,30,CHIRPS_v2,UCSB-CHG/CHIRPS/DAILY,1991-2020,IBGE_2024
2931202,Taperoá,BA,454.081,10,out,81.60829866036042,OK,1991,2020,30,CHIRPS_v2,UCSB-CHG/CHIRPS/DAILY,1991-2020,IBGE_2024
2905800,Camamu,BA,839.702,10,out,89.17155820814891,OK,1991,2020,30,CHIRPS_v2,UCSB-CHG/CHIRPS/DAILY,1991-2020,IBGE_2024
2905404,Cairu,BA,448.846,10,out,101.03452024416154,OK,1991,2020,30,CHIRPS_v2,UCSB-CHG/CHIRPS/DAILY,1991-2020,IBGE_2024
2913457,Igrapiúna,BA,591.312,10,out,83.74247268677253,OK,1991,2020,30,CHIRPS_v2,UCSB-CHG/CHIRPS/DAILY,1991-2020,IBGE_2024
2925758,Presidente Tancredo Neves,BA,441.82,10,out,66.56006228584963,OK,1991,2020,30,CHIRPS_v2,UCSB-CHG/CHIRPS/DAILY,1991-2020,IBGE_2024
2917805,Jaguaripe,BA,863.424,10,out,87.95072819629559,OK,1991,2020,30,CHIRPS_v2,UCSB-CHG/CHIRPS/DAILY,1991-2020,IBGE_2024
2933208,Vera Cruz,BA,297.537,10,out,92.69945753813035,OK,1991,2020,30,CHIRPS_v2,UCSB-CHG/CHIRPS/DAILY,1991-2020,IBGE_2024
2916104,Itaparica,BA,121.373,10,out,79.41291955052716,OK,1991,2020,30,CHIRPS_v2,UCSB-CHG/CHIRPS/DAILY,1991-2020,IBGE_2024
2922508,Nazaré,BA,278.63,10,out,78.22974698871597,OK,1991,2020,30,CHIRPS_v2,UCSB-CHG/CHIRPS/DAILY,1991-2020,IBGE_2024
2920601,Maragogipe,BA,437.61,10,out,72.25829308541128,OK,1991,2020,30,CHIRPS_v2,UCSB-CHG/CHIRPS/DAILY,1991-2020,IBGE_2024
2927309,Salinas da Margarida,BA,150.569,10,out,79.60017808522211,OK,1991,2020,30,CHIRPS_v2,UCSB-CHG/CHIRPS/DAILY,1991-2020,IBGE_2024
2902302,Aratuípe,BA,174.012,10,out,75.2450480969747,OK,1991,2020,30,CHIRPS_v2,UCSB-CHG/CHIRPS/DAILY,1991-2020,IBGE_2024
2914802,Itabuna,BA,401.028,10,out,103.2711638615126,OK,1991,2020,30,CHIRPS_v2,UCSB-CHG/CHIRPS/DAILY,1991-2020,IBGE_2024
2913606,Ilhéus,BA,1588.556,10,out,109.72626317259791,OK,1991,2020,30,CHIRPS_v2,UCSB-CHG/CHIRPS/DAILY,1991-2020,IBGE_2024
2900900,Almadina,BA,245.236,10,out,66.04756512489291,OK,1991,2020,30,CHIRPS_v2,UCSB-CHG/CHIRPS/DAILY,1991-2020,IBGE_2024
2916609,Itapitanga,BA,420.664,10,out,62.54804539665656,OK,1991,2020,30,CHIRPS_v2,UCSB-CHG/CHIRPS/DAILY,1991-2020,IBGE_2024
2932705,Uruçuca,BA,510.097,10,out,96.36447423172397,OK,1991,2020,30,CHIRPS_v2,UCSB-CHG/CHIRPS/DAILY,1991-2020,IBGE_2024
2932200,Ubaitaba,BA,181.102,10,out,81.93731106921932,OK,1991,2020,30,CHIRPS_v2,UCSB-CHG/CHIRPS/DAILY,1991-2020,IBGE_2024
2916203,Itapé,BA,452.716,10,out,84.10353935245465,OK,1991,2020,30,CHIRPS_v2,UCSB-CHG/CHIRPS/DAILY,1991-2020,IBGE_2024
2908002,Coaraci,BA,274.501,10,out,68.09127524262716,OK,1991,2020,30,CHIRPS_v2,UCSB-CHG/CHIRPS/DAILY,1991-2020,IBGE_2024
2915403,Itaju do Colônia,BA,1226.908,10,out,67.47390825596364,OK,1991,2020,30,CHIRPS_v2,UCSB-CHG/CHIRPS/DAILY,1991-2020,IBGE_2024
2915502,Itajuípe,BA,270.752,10,out,86.98274935823315,OK,1991,2020,30,CHIRPS_v2,UCSB-CHG/CHIRPS/DAILY,1991-2020,IBGE_2024
2914901,Itacaré,BA,726.265,10,out,93.7835073946795,OK,1991,2020,30,CHIRPS_v2,UCSB-CHG/CHIRPS/DAILY,1991-2020,IBGE_2024
2929354,São José da Vitória,BA,127.925,10,out,89.84813509923612,OK,1991,2020,30,CHIRPS_v2,UCSB-CHG/CHIRPS/DAILY,1991-2020,IBGE_2024
2920700,Maraú,BA,848.885,10,out,95.67474719070954,OK,1991,2020,30,CHIRPS_v2,UCSB-CHG/CHIRPS/DAILY,1991-2020,IBGE_2024
2904704,Buerarema,BA,219.487,10,out,100.85673275497336,OK,1991,2020,30,CHIRPS_v2,UCSB-CHG/CHIRPS/DAILY,1991-2020,IBGE_2024
2912707,Ibirapitanga,BA,472.664,10,out,68.46545315801899,OK,1991,2020,30,CHIRPS_v2,UCSB-CHG/CHIRPS/DAILY,1991-2020,IBGE_2024
2927804,Santa Cruz da Vitória,BA,284.083,10,out,61.92830080571331,OK,1991,2020,30,CHIRPS_v2,UCSB-CHG/CHIRPS/DAILY,1991-2020,IBGE_2024
2912301,Ibicuí,BA,1139.378,10,out,57.8884983871208,OK,1991,2020,30,CHIRPS_v2,UCSB-CHG/CHIRPS/DAILY,1991-2020,IBGE_2024
2912103,Ibicaraí,BA,230.953,10,out,80.47667494369455,OK,1991,2020,30,CHIRPS_v2,UCSB-CHG/CHIRPS/DAILY,1991-2020,IBGE_2024
2903300,Barro Preto,BA,201.585,10,out,92.67444698703393,OK,1991,2020,30,CHIRPS_v2,UCSB-CHG/CHIRPS/DAILY,1991-2020,IBGE_2024
2911006,Floresta Azul,BA,321.013,10,out,68.43571243947176,OK,1991,2020,30,CHIRPS_v2,UCSB-CHG/CHIRPS/DAILY,1991-2020,IBGE_2024
2910909,Firmino Alves,BA,172.353,10,out,56.210134579771285,OK,1991,2020,30,CHIRPS_v2,UCSB-CHG/CHIRPS/DAILY,1991-2020,IBGE_2024
2902401,Aurelino Leal,BA,445.394,10,out,76.76257554738773,OK,1991,2020,30,CHIRPS_v2,UCSB-CHG/CHIRPS/DAILY,1991-2020,IBGE_2024
2931350,Teixeira de Freitas,BA,1165.618,10,out,90.04186582917879,OK,1991,2020,30,CHIRPS_v2,UCSB-CHG/CHIRPS/DAILY,1991-2020,IBGE_2024
2900801,Alcobaça,BA,1477.929,10,out,100.08371075791429,OK,1991,2020,30,CHIRPS_v2,UCSB-CHG/CHIRPS/DAILY,1991-2020,IBGE_2024
2933257,Vereda,BA,782.159,10,out,76.53063213707892,OK,1991,2020,30,CHIRPS_v2,UCSB-CHG/CHIRPS/DAILY,1991-2020,IBGE_2024
2916005,Itanhém,BA,1394.174,10,out,70.55390699537423,OK,1991,2020,30,CHIRPS_v2,UCSB-CHG/CHIRPS/DAILY,1991-2020,IBGE_2024
2915601,Itamaraju,BA,2360.584,10,out,74.10916802368443,OK,1991,2020,30,CHIRPS_v2,UCSB-CHG/CHIRPS/DAILY,1991-2020,IBGE_2024
2923001,Nova Viçosa,BA,1316.398,10,out,101.11491249913598,OK,1991,2020,30,CHIRPS_v2,UCSB-CHG/CHIRPS/DAILY,1991-2020,IBGE_2024
2906907,Caravelas,BA,2375.525,10,out,98.76567233942724,OK,1991,2020,30,CHIRPS_v2,UCSB-CHG/CHIRPS/DAILY,1991-2020,IBGE_2024
2922003,Mucuri,BA,1787.422,10,out,100.48893744321566,OK,1991,2020,30,CHIRPS_v2,UCSB-CHG/CHIRPS/DAILY,1991-2020,IBGE_2024
2921104,Medeiros Neto,BA,1314.108,10,out,80.0136132887469,OK,1991,2020,30,CHIRPS_v2,UCSB-CHG/CHIRPS/DAILY,1991-2020,IBGE_2024
2912806,Ibirapuã,BA,770.866,10,out,90.29538957694804,OK,1991,2020,30,CHIRPS_v2,UCSB-CHG/CHIRPS/DAILY,1991-2020,IBGE_2024
2918902,Lajedão,BA,624.77,10,out,80.51607071574712,OK,1991,2020,30,CHIRPS_v2,UCSB-CHG/CHIRPS/DAILY,1991-2020,IBGE_2024
2918456,Jucuruçu,BA,1457.656,10,out,50.64097372894929,OK,1991,2020,30,CHIRPS_v2,UCSB-CHG/CHIRPS/DAILY,1991-2020,IBGE_2024
2925501,Prado,BA,1692.1,10,out,91.0452994889531,OK,1991,2020,30,CHIRPS_v2,UCSB-CHG/CHIRPS/DAILY,1991-2020,IBGE_2024
2910727,Eunápolis,BA,1425.979,10,out,84.75741434166598,OK,1991,2020,30,CHIRPS_v2,UCSB-CHG/CHIRPS/DAILY,1991-2020,IBGE_2024
2925303,Porto Seguro,BA,2285.734,10,out,96.83264644826214,OK,1991,2020,30,CHIRPS_v2,UCSB-CHG/CHIRPS/DAILY,1991-2020,IBGE_2024
2916302,Itapebi,BA,1031.879,10,out,76.35569062033959,OK,1991,2020,30,CHIRPS_v2,UCSB-CHG/CHIRPS/DAILY,1991-2020,IBGE_2024
2915304,Itagimirim,BA,876.791,10,out,66.01520901551642,OK,1991,2020,30,CHIRPS_v2,UCSB-CHG/CHIRPS/DAILY,1991-2020,IBGE_2024
2914653,Itabela,BA,924.914,10,out,72.85546412290026,OK,1991,2020,30,CHIRPS_v2,UCSB-CHG/CHIRPS/DAILY,1991-2020,IBGE_2024
2927705,Santa Cruz Cabrália,BA,1462.958,10,out,109.52937971098856,OK,1991,2020,30,CHIRPS_v2,UCSB-CHG/CHIRPS/DAILY,1991-2020,IBGE_2024
2911808,Guaratinga,BA,2189.404,10,out,53.82123804632526,OK,1991,2020,30,CHIRPS_v2,UCSB-CHG/CHIRPS/DAILY,1991-2020,IBGE_2024
2903409,Belmonte,BA,1920.631,10,out,113.49216990179167,OK,1991,2020,30,CHIRPS_v2,UCSB-CHG/CHIRPS/DAILY,1991-2020,IBGE_2024
2932507,Una,BA,1126.733,10,out,114.04674708702782,OK,1991,2020,30,CHIRPS_v2,UCSB-CHG/CHIRPS/DAILY,1991-2020,IBGE_2024
2923902,Pau Brasil,BA,626.306,10,out,75.35683556800656,OK,1991,2020,30,CHIRPS_v2,UCSB-CHG/CHIRPS/DAILY,1991-2020,IBGE_2024
2906303,Canavieiras,BA,1334.279,10,out,119.54905533886964,OK,1991,2020,30,CHIRPS_v2,UCSB-CHG/CHIRPS/DAILY,1991-2020,IBGE_2024
2905602,Camacan,BA,584.848,10,out,81.97538823735901,OK,1991,2020,30,CHIRPS_v2,UCSB-CHG/CHIRPS/DAILY,1991-2020,IBGE_2024
2920908,Mascote,BA,742.689,10,out,79.60317109001011,OK,1991,2020,30,CHIRPS_v2,UCSB-CHG/CHIRPS/DAILY,1991-2020,IBGE_2024
2928059,Santa Luzia,BA,824.473,10,out,103.58443596316607,OK,1991,2020,30,CHIRPS_v2,UCSB-CHG/CHIRPS/DAILY,1991-2020,IBGE_2024
2918555,Jussari,BA,327.998,10,out,74.38022754005229,OK,1991,2020,30,CHIRPS_v2,UCSB-CHG/CHIRPS/DAILY,1991-2020,IBGE_2024
2902252,Arataca,BA,435.962,10,out,83.21248439027352,OK,1991,2020,30,CHIRPS_v2,UCSB-CHG/CHIRPS/DAILY,1991-2020,IBGE_2024
2933307,Vitória da Conquista,BA,3254.186,10,out,45.3682328970081,OK,1991,2020,30,CHIRPS_v2,UCSB-CHG/CHIRPS/DAILY,1991-2020,IBGE_2024
2924702,Piripá,BA,504.396,10,out,49.44378987463957,OK,1991,2020,30,CHIRPS_v2,UCSB-CHG/CHIRPS/DAILY,1991-2020,IBGE_2024
2925006,Planalto,BA,769.001,10,out,37.766344860354586,OK,1991,2020,30,CHIRPS_v2,UCSB-CHG/CHIRPS/DAILY,1991-2020,IBGE_2024
2908804,Contendas do Sincorá,BA,977.455,10,out,38.91313702814373,OK,1991,2020,30,CHIRPS_v2,UCSB-CHG/CHIRPS/DAILY,1991-2020,IBGE_2024
2925105,Poções,BA,937.856,10,out,34.27916204933454,OK,1991,2020,30,CHIRPS_v2,UCSB-CHG/CHIRPS/DAILY,1991-2020,IBGE_2024
2917201,Ituaçu,BA,1199.374,10,out,31.648672081245262,OK,1991,2020,30,CHIRPS_v2,UCSB-CHG/CHIRPS/DAILY,1991-2020,IBGE_2024
2909000,Cordeiros,BA,523.64,10,out,49.235792171655035,OK,1991,2020,30,CHIRPS_v2,UCSB-CHG/CHIRPS/DAILY,1991-2020,IBGE_2024
2908705,Condeúba,BA,1348.039,10,out,47.94963254938361,OK,1991,2020,30,CHIRPS_v2,UCSB-CHG/CHIRPS/DAILY,1991-2020,IBGE_2024
2931806,Tremedal,BA,2017.644,10,out,48.30366693343229,OK,1991,2020,30,CHIRPS_v2,UCSB-CHG/CHIRPS/DAILY,1991-2020,IBGE_2024
2915809,Itambé,BA,1534.58,10,out,54.95605461332888,OK,1991,2020,30,CHIRPS_v2,UCSB-CHG/CHIRPS/DAILY,1991-2020,IBGE_2024
2922706,Nova Canaã,BA,804.617,10,out,45.69261498261945,OK,1991,2020,30,CHIRPS_v2,UCSB-CHG/CHIRPS/DAILY,1991-2020,IBGE_2024
2931004,Tanhaçu,BA,1277.514,10,out,31.245276795227984,OK,1991,2020,30,CHIRPS_v2,UCSB-CHG/CHIRPS/DAILY,1991-2020,IBGE_2024
2906899,Caraíbas,BA,805.629,10,out,41.259228862121134,OK,1991,2020,30,CHIRPS_v2,UCSB-CHG/CHIRPS/DAILY,1991-2020,IBGE_2024
2906709,Cândido Sales,BA,1169.814,10,out,49.923269995070235,OK,1991,2020,30,CHIRPS_v2,UCSB-CHG/CHIRPS/DAILY,1991-2020,IBGE_2024
2914307,Iramaia,BA,1708.114,10,out,37.59177129185306,OK,1991,2020,30,CHIRPS_v2,UCSB-CHG/CHIRPS/DAILY,1991-2020,IBGE_2024
2913507,Iguaí,BA,860.223,10,out,48.67481487771106,OK,1991,2020,30,CHIRPS_v2,UCSB-CHG/CHIRPS/DAILY,1991-2020,IBGE_2024
2921450,Mirante,BA,1172.861,10,out,34.31327290814319,OK,1991,2020,30,CHIRPS_v2,UCSB-CHG/CHIRPS/DAILY,1991-2020,IBGE_2024
2904803,Caatiba,BA,512.436,10,out,52.33809693068859,OK,1991,2020,30,CHIRPS_v2,UCSB-CHG/CHIRPS/DAILY,1991-2020,IBGE_2024
2905156,Caetanos,BA,767.144,10,out,33.0669811087415,OK,1991,2020,30,CHIRPS_v2,UCSB-CHG/CHIRPS/DAILY,1991-2020,IBGE_2024
2919959,Maetinga,BA,614.834,10,out,41.8360941919132,OK,1991,2020,30,CHIRPS_v2,UCSB-CHG/CHIRPS/DAILY,1991-2020,IBGE_2024
2903706,Boa Nova,BA,848.857,10,out,37.979197441857934,OK,1991,2020,30,CHIRPS_v2,UCSB-CHG/CHIRPS/DAILY,1991-2020,IBGE_2024
2912202,Ibicoara,BA,817.355,10,out,47.854969054539794,OK,1991,2020,30,CHIRPS_v2,UCSB-CHG/CHIRPS/DAILY,1991-2020,IBGE_2024
2903953,Bom Jesus da Serra,BA,467.907,10,out,38.517695066129995,OK,1991,2020,30,CHIRPS_v2,UCSB-CHG/CHIRPS/DAILY,1991-2020,IBGE_2024
2903508,Belo Campo,BA,772.757,10,out,46.475209776480355,OK,1991,2020,30,CHIRPS_v2,UCSB-CHG/CHIRPS/DAILY,1991-2020,IBGE_2024
2902807,Barra da Estiva,BA,1657.414,10,out,42.96912217307985,OK,1991,2020,30,CHIRPS_v2,UCSB-CHG/CHIRPS/DAILY,1991-2020,IBGE_2024
2902906,Barra do Choça,BA,765.931,10,out,42.798680837791835,OK,1991,2020,30,CHIRPS_v2,UCSB-CHG/CHIRPS/DAILY,1991-2020,IBGE_2024
2926657,Ribeirão do Largo,BA,1363.7,10,out,48.42468024512336,OK,1991,2020,30,CHIRPS_v2,UCSB-CHG/CHIRPS/DAILY,1991-2020,IBGE_2024
2910404,Encruzilhada,BA,1890.133,10,out,48.20439909639911,OK,1991,2020,30,CHIRPS_v2,UCSB-CHG/CHIRPS/DAILY,1991-2020,IBGE_2024
2925709,Presidente Jânio Quadros,BA,1208.566,10,out,43.02022701342584,OK,1991,2020,30,CHIRPS_v2,UCSB-CHG/CHIRPS/DAILY,1991-2020,IBGE_2024
2901205,Anagé,BA,1899.685,10,out,41.10139380772771,OK,1991,2020,30,CHIRPS_v2,UCSB-CHG/CHIRPS/DAILY,1991-2020,IBGE_2024
2918001,Jequié,BA,2969.039,10,out,40.0033298878672,OK,1991,2020,30,CHIRPS_v2,UCSB-CHG/CHIRPS/DAILY,1991-2020,IBGE_2024
2900603,Aiquara,BA,167.877,10,out,54.77022559499167,OK,1991,2020,30,CHIRPS_v2,UCSB-CHG/CHIRPS/DAILY,1991-2020,IBGE_2024
2924900,Planaltino,BA,955.454,10,out,26.2469887607809,OK,1991,2020,30,CHIRPS_v2,UCSB-CHG/CHIRPS/DAILY,1991-2020,IBGE_2024
2916906,Itiruçu,BA,322.243,10,out,35.84211718968159,OK,1991,2020,30,CHIRPS_v2,UCSB-CHG/CHIRPS/DAILY,1991-2020,IBGE_2024
2916708,Itaquara,BA,344.093,10,out,41.572304325645234,OK,1991,2020,30,CHIRPS_v2,UCSB-CHG/CHIRPS/DAILY,1991-2020,IBGE_2024
2915106,Itagi,BA,310.621,10,out,39.89334706682331,OK,1991,2020,30,CHIRPS_v2,UCSB-CHG/CHIRPS/DAILY,1991-2020,IBGE_2024
2914208,Irajuba,BA,459.047,10,out,33.10021948765371,OK,1991,2020,30,CHIRPS_v2,UCSB-CHG/CHIRPS/DAILY,1991-2020,IBGE_2024
2920403,Manoel Vitorino,BA,2201.763,10,out,34.23462444714914,OK,1991,2020,30,CHIRPS_v2,UCSB-CHG/CHIRPS/DAILY,1991-2020,IBGE_2024
2920502,Maracás,BA,2413.27,10,out,31.559521475447518,OK,1991,2020,30,CHIRPS_v2,UCSB-CHG/CHIRPS/DAILY,1991-2020,IBGE_2024
2927903,Santa Inês,BA,374.526,10,out,40.04254020183706,OK,1991,2020,30,CHIRPS_v2,UCSB-CHG/CHIRPS/DAILY,1991-2020,IBGE_2024
2919058,Lajedo do Tabocal,BA,382.937,10,out,32.67235520746112,OK,1991,2020,30,CHIRPS_v2,UCSB-CHG/CHIRPS/DAILY,1991-2020,IBGE_2024
2918704,Lafaiete Coutinho,BA,498.11,10,out,37.01928178476139,OK,1991,2020,30,CHIRPS_v2,UCSB-CHG/CHIRPS/DAILY,1991-2020,IBGE_2024
2918308,Jitaúna,BA,262.05,10,out,55.72043307262455,OK,1991,2020,30,CHIRPS_v2,UCSB-CHG/CHIRPS/DAILY,1991-2020,IBGE_2024
2901957,Apuarema,BA,150.83,10,out,55.06283710882821,OK,1991,2020,30,CHIRPS_v2,UCSB-CHG/CHIRPS/DAILY,1991-2020,IBGE_2024
2917607,Jaguaquara,BA,924.512,10,out,43.871261848139284,OK,1991,2020,30,CHIRPS_v2,UCSB-CHG/CHIRPS/DAILY,1991-2020,IBGE_2024
2909505,Cravolândia,BA,182.518,10,out,43.90185489269737,OK,1991,2020,30,CHIRPS_v2,UCSB-CHG/CHIRPS/DAILY,1991-2020,IBGE_2024
2900108,Abaíra,BA,538.679,10,out,56.25658031353624,OK,1991,2020,30,CHIRPS_v2,UCSB-CHG/CHIRPS/DAILY,1991-2020,IBGE_2024
2900504,Érico Cardoso,BA,735.249,10,out,47.05787751079609,OK,1991,2020,30,CHIRPS_v2,UCSB-CHG/CHIRPS/DAILY,1991-2020,IBGE_2024
2923605,Paramirim,BA,1087.067,10,out,46.84656115206857,OK,1991,2020,30,CHIRPS_v2,UCSB-CHG/CHIRPS/DAILY,1991-2020,IBGE_2024
2907558,Caturama,BA,716.254,10,out,44.629375373369996,OK,1991,2020,30,CHIRPS_v2,UCSB-CHG/CHIRPS/DAILY,1991-2020,IBGE_2024
2920304,Malhada de Pedras,BA,550.82,10,out,44.08511671527215,OK,1991,2020,30,CHIRPS_v2,UCSB-CHG/CHIRPS/DAILY,1991-2020,IBGE_2024
2904605,Brumado,BA,2207.613,10,out,38.31767087044442,OK,1991,2020,30,CHIRPS_v2,UCSB-CHG/CHIRPS/DAILY,1991-2020,IBGE_2024
2919504,Livramento de Nossa Senhora,BA,1952.51,10,out,41.1762283249476,OK,1991,2020,30,CHIRPS_v2,UCSB-CHG/CHIRPS/DAILY,1991-2020,IBGE_2024
2918605,Jussiape,BA,589.763,10,out,47.196025970584266,OK,1991,2020,30,CHIRPS_v2,UCSB-CHG/CHIRPS/DAILY,1991-2020,IBGE_2024
2926905,Rio do Pires,BA,656.223,10,out,44.51019792338809,OK,1991,2020,30,CHIRPS_v2,UCSB-CHG/CHIRPS/DAILY,1991-2020,IBGE_2024
2926707,Rio de Contas,BA,1115.252,10,out,46.82429443330452,OK,1991,2020,30,CHIRPS_v2,UCSB-CHG/CHIRPS/DAILY,1991-2020,IBGE_2024
2902005,Aracatu,BA,1489.804,10,out,35.55453345124551,OK,1991,2020,30,CHIRPS_v2,UCSB-CHG/CHIRPS/DAILY,1991-2020,IBGE_2024
2910107,Dom Basílio,BA,689.513,10,out,33.05127755840293,OK,1991,2020,30,CHIRPS_v2,UCSB-CHG/CHIRPS/DAILY,1991-2020,IBGE_2024
2924678,Piraí do Norte,BA,193.427,10,out,66.91777656417436,OK,1991,2020,30,CHIRPS_v2,UCSB-CHG/CHIRPS/DAILY,1991-2020,IBGE_2024
2932309,Ubatã,BA,177.643,10,out,68.24235240233646,OK,1991,2020,30,CHIRPS_v2,UCSB-CHG/CHIRPS/DAILY,1991-2020,IBGE_2024
2931608,Teolândia,BA,289.782,10,out,61.27032769437162,OK,1991,2020,30,CHIRPS_v2,UCSB-CHG/CHIRPS/DAILY,1991-2020,IBGE_2024
2922755,Nova Ibiá,BA,203.2,10,out,62.0314689262713,OK,1991,2020,30,CHIRPS_v2,UCSB-CHG/CHIRPS/DAILY,1991-2020,IBGE_2024
2915700,Itamari,BA,143.479,10,out,57.28408885790381,OK,1991,2020,30,CHIRPS_v2,UCSB-CHG/CHIRPS/DAILY,1991-2020,IBGE_2024
2915205,Itagibá,BA,810.994,10,out,55.90155298419273,OK,1991,2020,30,CHIRPS_v2,UCSB-CHG/CHIRPS/DAILY,1991-2020,IBGE_2024
2913903,Ipiaú,BA,280.454,10,out,64.62074658837751,OK,1991,2020,30,CHIRPS_v2,UCSB-CHG/CHIRPS/DAILY,1991-2020,IBGE_2024
2912905,Ibirataia,BA,318.129,10,out,62.9484692805309,OK,1991,2020,30,CHIRPS_v2,UCSB-CHG/CHIRPS/DAILY,1991-2020,IBGE_2024
2911501,Gongogi,BA,202.194,10,out,71.47719001198375,OK,1991,2020,30,CHIRPS_v2,UCSB-CHG/CHIRPS/DAILY,1991-2020,IBGE_2024
2911204,Gandu,BA,229.66,10,out,62.09770186013986,OK,1991,2020,30,CHIRPS_v2,UCSB-CHG/CHIRPS/DAILY,1991-2020,IBGE_2024
2903102,Barra do Rocha,BA,214.411,10,out,68.85395757467123,OK,1991,2020,30,CHIRPS_v2,UCSB-CHG/CHIRPS/DAILY,1991-2020,IBGE_2024
2910008,Dário Meira,BA,413.637,10,out,49.972260231244796,OK,1991,2020,30,CHIRPS_v2,UCSB-CHG/CHIRPS/DAILY,1991-2020,IBGE_2024
2933505,Wenceslau Guimarães,BA,655.056,10,out,59.83435848376516,OK,1991,2020,30,CHIRPS_v2,UCSB-CHG/CHIRPS/DAILY,1991-2020,IBGE_2024
2917102,Itororó,BA,313.839,10,out,56.3101957975251,OK,1991,2020,30,CHIRPS_v2,UCSB-CHG/CHIRPS/DAILY,1991-2020,IBGE_2024
2916807,Itarantim,BA,1674.03,10,out,49.754520289075266,OK,1991,2020,30,CHIRPS_v2,UCSB-CHG/CHIRPS/DAILY,1991-2020,IBGE_2024
2916401,Itapetinga,BA,1651.158,10,out,59.144707826594036,OK,1991,2020,30,CHIRPS_v2,UCSB-CHG/CHIRPS/DAILY,1991-2020,IBGE_2024
2920007,Maiquinique,BA,588.296,10,out,49.479989849934405,OK,1991,2020,30,CHIRPS_v2,UCSB-CHG/CHIRPS/DAILY,1991-2020,IBGE_2024
2919702,Macarani,BA,1210.106,10,out,49.22674851281375,OK,1991,2020,30,CHIRPS_v2,UCSB-CHG/CHIRPS/DAILY,1991-2020,IBGE_2024
2925402,Potiraguá,BA,1111.567,10,out,63.31927945918651,OK,1991,2020,30,CHIRPS_v2,UCSB-CHG/CHIRPS/DAILY,1991-2020,IBGE_2024
2917334,Iuiu,BA,1535.229,10,out,45.62486938895907,OK,1991,2020,30,CHIRPS_v2,UCSB-CHG/CHIRPS/DAILY,1991-2020,IBGE_2024
2917409,Jacaraci,BA,1332.42,10,out,47.80627549985363,OK,1991,2020,30,CHIRPS_v2,UCSB-CHG/CHIRPS/DAILY,1991-2020,IBGE_2024
2924504,Pindaí,BA,628.469,10,out,44.64332456018723,OK,1991,2020,30,CHIRPS_v2,UCSB-CHG/CHIRPS/DAILY,1991-2020,IBGE_2024
2932606,Urandi,BA,902.402,10,out,45.67909084577782,OK,1991,2020,30,CHIRPS_v2,UCSB-CHG/CHIRPS/DAILY,1991-2020,IBGE_2024
2923407,Palmas de Monte Alto,BA,2559.973,10,out,45.11825530385963,OK,1991,2020,30,CHIRPS_v2,UCSB-CHG/CHIRPS/DAILY,1991-2020,IBGE_2024
2931053,Tanque Novo,BA,729.516,10,out,52.59460581363834,OK,1991,2020,30,CHIRPS_v2,UCSB-CHG/CHIRPS/DAILY,1991-2020,IBGE_2024
2907103,Carinhanha,BA,2525.512,10,out,48.5994840438375,OK,1991,2020,30,CHIRPS_v2,UCSB-CHG/CHIRPS/DAILY,1991-2020,IBGE_2024
2906600,Candiba,BA,433.642,10,out,48.935444136844815,OK,1991,2020,30,CHIRPS_v2,UCSB-CHG/CHIRPS/DAILY,1991-2020,IBGE_2024
2930006,Sebastião Laranjeiras,BA,1982.037,10,out,46.056038394683405,OK,1991,2020,30,CHIRPS_v2,UCSB-CHG/CHIRPS/DAILY,1991-2020,IBGE_2024
2921807,Mortugaba,BA,528.214,10,out,51.174766664224244,OK,1991,2020,30,CHIRPS_v2,UCSB-CHG/CHIRPS/DAILY,1991-2020,IBGE_2024
2921054,Matina,BA,773.852,10,out,42.32955600095555,OK,1991,2020,30,CHIRPS_v2,UCSB-CHG/CHIRPS/DAILY,1991-2020,IBGE_2024
2913408,Igaporã,BA,836.561,10,out,45.65842076623671,OK,1991,2020,30,CHIRPS_v2,UCSB-CHG/CHIRPS/DAILY,1991-2020,IBGE_2024
2905206,Caetité,BA,2651.537,10,out,50.84751139295554,OK,1991,2020,30,CHIRPS_v2,UCSB-CHG/CHIRPS/DAILY,1991-2020,IBGE_2024
2920205,Malhada,BA,1971.632,10,out,46.04042943867969,OK,1991,2020,30,CHIRPS_v2,UCSB-CHG/CHIRPS/DAILY,1991-2020,IBGE_2024
2905008,Caculé,BA,610.47,10,out,47.25431769409648,OK,1991,2020,30,CHIRPS_v2,UCSB-CHG/CHIRPS/DAILY,1991-2020,IBGE_2024
2904209,Botuporã,BA,627.613,10,out,51.43272530227814,OK,1991,2020,30,CHIRPS_v2,UCSB-CHG/CHIRPS/DAILY,1991-2020,IBGE_2024
2912004,Ibiassucê,BA,483.27,10,out,48.6112585133761,OK,1991,2020,30,CHIRPS_v2,UCSB-CHG/CHIRPS/DAILY,1991-2020,IBGE_2024
2919405,Licínio de Almeida,BA,856.626,10,out,48.534785640186996,OK,1991,2020,30,CHIRPS_v2,UCSB-CHG/CHIRPS/DAILY,1991-2020,IBGE_2024
2911709,Guanambi,BA,1272.367,10,out,45.580828691237784,OK,1991,2020,30,CHIRPS_v2,UCSB-CHG/CHIRPS/DAILY,1991-2020,IBGE_2024
2926806,Rio do Antônio,BA,779.046,10,out,41.98598027207408,OK,1991,2020,30,CHIRPS_v2,UCSB-CHG/CHIRPS/DAILY,1991-2020,IBGE_2024
2911659,Guajeru,BA,871.975,10,out,41.2740081548168,OK,1991,2020,30,CHIRPS_v2,UCSB-CHG/CHIRPS/DAILY,1991-2020,IBGE_2024
2918753,Lagoa Real,BA,912.22,10,out,47.338766859282295,OK,1991,2020,30,CHIRPS_v2,UCSB-CHG/CHIRPS/DAILY,1991-2020,IBGE_2024
2926400,Riacho de Santana,BA,3183.361,10,out,46.434985870988186,OK,1991,2020,30,CHIRPS_v2,UCSB-CHG/CHIRPS/DAILY,1991-2020,IBGE_2024
2910776,Feira da Mata,BA,1176.504,10,out,60.52454918303891,OK,1991,2020,30,CHIRPS_v2,UCSB-CHG/CHIRPS/DAILY,1991-2020,IBGE_2024
2923704,Paratinga,BA,2624.998,10,out,48.19346796268688,OK,1991,2020,30,CHIRPS_v2,UCSB-CHG/CHIRPS/DAILY,1991-2020,IBGE_2024
2930758,Sítio do Mato,BA,1627.804,10,out,47.30962095100181,OK,1991,2020,30,CHIRPS_v2,UCSB-CHG/CHIRPS/DAILY,1991-2020,IBGE_2024
2930154,Serra do Ramalho,BA,2341.701,10,out,44.16447504178493,OK,1991,2020,30,CHIRPS_v2,UCSB-CHG/CHIRPS/DAILY,1991-2020,IBGE_2024
2912509,Ibipitanga,BA,954.373,10,out,37.31667539975602,OK,1991,2020,30,CHIRPS_v2,UCSB-CHG/CHIRPS/DAILY,1991-2020,IBGE_2024
2919801,Macaúbas,BA,2459.102,10,out,52.13838480147503,OK,1991,2020,30,CHIRPS_v2,UCSB-CHG/CHIRPS/DAILY,1991-2020,IBGE_2024
2904100,Boquira,BA,1426.233,10,out,46.51686547705308,OK,1991,2020,30,CHIRPS_v2,UCSB-CHG/CHIRPS/DAILY,1991-2020,IBGE_2024
2903904,Bom Jesus da Lapa,BA,4114.493,10,out,46.192387319693985,OK,1991,2020,30,CHIRPS_v2,UCSB-CHG/CHIRPS/DAILY,1991-2020,IBGE_2024
2901403,Angical,BA,1530.643,10,out,69.68312918399994,OK,1991,2020,30,CHIRPS_v2,UCSB-CHG/CHIRPS/DAILY,1991-2020,IBGE_2024
2907400,Catolândia,BA,702.504,10,out,73.17568756044079,OK,1991,2020,30,CHIRPS_v2,UCSB-CHG/CHIRPS/DAILY,1991-2020,IBGE_2024
2930907,Tabocas do Brejo Velho,BA,1437.188,10,out,65.6688065814127,OK,1991,2020,30,CHIRPS_v2,UCSB-CHG/CHIRPS/DAILY,1991-2020,IBGE_2024
2930303,Serra Dourada,BA,1592.249,10,out,53.30398835066792,OK,1991,2020,30,CHIRPS_v2,UCSB-CHG/CHIRPS/DAILY,1991-2020,IBGE_2024
2928901,São Desidério,BA,15158.737,10,out,86.4709633817137,OK,1991,2020,30,CHIRPS_v2,UCSB-CHG/CHIRPS/DAILY,1991-2020,IBGE_2024
2928406,Santa Rita de Cássia,BA,6030.491,10,out,53.93054872873309,OK,1991,2020,30,CHIRPS_v2,UCSB-CHG/CHIRPS/DAILY,1991-2020,IBGE_2024
2928208,Santana,BA,1909.353,10,out,59.57133796060268,OK,1991,2020,30,CHIRPS_v2,UCSB-CHG/CHIRPS/DAILY,1991-2020,IBGE_2024
2920452,Mansidão,BA,3129.588,10,out,48.537484888132795,OK,1991,2020,30,CHIRPS_v2,UCSB-CHG/CHIRPS/DAILY,1991-2020,IBGE_2024
2904407,Brejolândia,BA,2247.207,10,out,51.895759998698864,OK,1991,2020,30,CHIRPS_v2,UCSB-CHG/CHIRPS/DAILY,1991-2020,IBGE_2024
2911105,Formosa do Rio Preto,BA,15634.328,10,out,75.55008344200029,OK,1991,2020,30,CHIRPS_v2,UCSB-CHG/CHIRPS/DAILY,1991-2020,IBGE_2024
2926202,Riachão das Neves,BA,5969.305,10,out,72.02359861542378,OK,1991,2020,30,CHIRPS_v2,UCSB-CHG/CHIRPS/DAILY,1991-2020,IBGE_2024
2902500,Baianópolis,BA,3321.752,10,out,73.16433660705923,OK,1991,2020,30,CHIRPS_v2,UCSB-CHG/CHIRPS/DAILY,1991-2020,IBGE_2024
2933455,Wanderley,BA,2920.579,10,out,56.08813275502954,OK,1991,2020,30,CHIRPS_v2,UCSB-CHG/CHIRPS/DAILY,1991-2020,IBGE_2024
2909406,Cotegipe,BA,4282.775,10,out,61.69009356191696,OK,1991,2020,30,CHIRPS_v2,UCSB-CHG/CHIRPS/DAILY,1991-2020,IBGE_2024
2909703,Cristópolis,BA,1052.839,10,out,66.58353188905332,OK,1991,2020,30,CHIRPS_v2,UCSB-CHG/CHIRPS/DAILY,1991-2020,IBGE_2024
2917359,Jaborandi,BA,9955.111,10,out,83.871467318634,OK,1991,2020,30,CHIRPS_v2,UCSB-CHG/CHIRPS/DAILY,1991-2020,IBGE_2024
2909109,Coribe,BA,2665.141,10,out,61.34300230494146,OK,1991,2020,30,CHIRPS_v2,UCSB-CHG/CHIRPS/DAILY,1991-2020,IBGE_2024
2908101,Cocos,BA,10138.25,10,out,80.194953303175,OK,1991,2020,30,CHIRPS_v2,UCSB-CHG/CHIRPS/DAILY,1991-2020,IBGE_2024
2906105,Canápolis,BA,460.388,10,out,71.01846144867413,OK,1991,2020,30,CHIRPS_v2,UCSB-CHG/CHIRPS/DAILY,1991-2020,IBGE_2024
2929057,São Félix do Coribe,BA,1751.671,10,out,53.86161602889381,OK,1991,2020,30,CHIRPS_v2,UCSB-CHG/CHIRPS/DAILY,1991-2020,IBGE_2024
2928109,Santa Maria da Vitória,BA,1984.91,10,out,68.00498474770038,OK,1991,2020,30,CHIRPS_v2,UCSB-CHG/CHIRPS/DAILY,1991-2020,IBGE_2024
2909307,Correntina,BA,11504.316,10,out,85.76166981326767,OK,1991,2020,30,CHIRPS_v2,UCSB-CHG/CHIRPS/DAILY,1991-2020,IBGE_2024
2932408,Uibaí,BA,545.297,10,out,28.58681478490333,OK,1991,2020,30,CHIRPS_v2,UCSB-CHG/CHIRPS/DAILY,1991-2020,IBGE_2024
2907608,Central,BA,566.975,10,out,25.889393359783913,OK,1991,2020,30,CHIRPS_v2,UCSB-CHG/CHIRPS/DAILY,1991-2020,IBGE_2024
2915353,Itaguaçu da Bahia,BA,4310.255,10,out,23.115114867189313,OK,1991,2020,30,CHIRPS_v2,UCSB-CHG/CHIRPS/DAILY,1991-2020,IBGE_2024
2914604,Irecê,BA,319.175,10,out,29.188867636427126,OK,1991,2020,30,CHIRPS_v2,UCSB-CHG/CHIRPS/DAILY,1991-2020,IBGE_2024
2906204,Canarana,BA,579.726,10,out,26.681556394358413,OK,1991,2020,30,CHIRPS_v2,UCSB-CHG/CHIRPS/DAILY,1991-2020,IBGE_2024
2921708,Morro do Chapéu,BA,5745.765,10,out,30.76292415396363,OK,1991,2020,30,CHIRPS_v2,UCSB-CHG/CHIRPS/DAILY,1991-2020,IBGE_2024
2922052,Mulungu do Morro,BA,646.621,10,out,30.847252306433173,OK,1991,2020,30,CHIRPS_v2,UCSB-CHG/CHIRPS/DAILY,1991-2020,IBGE_2024
2929255,São Gabriel,BA,1146.054,10,out,24.14285767879942,OK,1991,2020,30,CHIRPS_v2,UCSB-CHG/CHIRPS/DAILY,1991-2020,IBGE_2024
2905305,Cafarnaum,BA,643.666,10,out,25.613378784562336,OK,1991,2020,30,CHIRPS_v2,UCSB-CHG/CHIRPS/DAILY,1991-2020,IBGE_2024
2913101,Ibititá,BA,573.033,10,out,28.552890707853837,OK,1991,2020,30,CHIRPS_v2,UCSB-CHG/CHIRPS/DAILY,1991-2020,IBGE_2024
2912400,Ibipeba,BA,1382.009,10,out,33.85019688975051,OK,1991,2020,30,CHIRPS_v2,UCSB-CHG/CHIRPS/DAILY,1991-2020,IBGE_2024
2904050,Bonito,BA,791.276,10,out,38.18783196031285,OK,1991,2020,30,CHIRPS_v2,UCSB-CHG/CHIRPS/DAILY,1991-2020,IBGE_2024
2919157,Lapão,BA,642.882,10,out,26.36890310062975,OK,1991,2020,30,CHIRPS_v2,UCSB-CHG/CHIRPS/DAILY,1991-2020,IBGE_2024
2903235,Barro Alto,BA,414.506,10,out,32.20395580026509,OK,1991,2020,30,CHIRPS_v2,UCSB-CHG/CHIRPS/DAILY,1991-2020,IBGE_2024
2918506,Jussara,BA,1355.173,10,out,21.692714687593362,OK,1991,2020,30,CHIRPS_v2,UCSB-CHG/CHIRPS/DAILY,1991-2020,IBGE_2024
2903003,Barra do Mendes,BA,1436.299,10,out,39.065915190344796,OK,1991,2020,30,CHIRPS_v2,UCSB-CHG/CHIRPS/DAILY,1991-2020,IBGE_2024
2918357,João Dourado,BA,913.258,10,out,22.368739172248027,OK,1991,2020,30,CHIRPS_v2,UCSB-CHG/CHIRPS/DAILY,1991-2020,IBGE_2024
2925600,Presidente Dutra,BA,232.064,10,out,27.68216159999881,OK,1991,2020,30,CHIRPS_v2,UCSB-CHG/CHIRPS/DAILY,1991-2020,IBGE_2024
2901155,América Dourada,BA,822.373,10,out,22.99954365854469,OK,1991,2020,30,CHIRPS_v2,UCSB-CHG/CHIRPS/DAILY,1991-2020,IBGE_2024
2923209,Oliveira dos Brejinhos,BA,3313.435,10,out,39.85495614695716,OK,1991,2020,30,CHIRPS_v2,UCSB-CHG/CHIRPS/DAILY,1991-2020,IBGE_2024
2922250,Muquém do São Francisco,BA,3852.11,10,out,48.43709053155798,OK,1991,2020,30,CHIRPS_v2,UCSB-CHG/CHIRPS/DAILY,1991-2020,IBGE_2024
2921609,Morpará,BA,2093.86,10,out,38.19759205006914,OK,1991,2020,30,CHIRPS_v2,UCSB-CHG/CHIRPS/DAILY,1991-2020,IBGE_2024
2914109,Ipupiara,BA,1055.76,10,out,39.215697773369484,OK,1991,2020,30,CHIRPS_v2,UCSB-CHG/CHIRPS/DAILY,1991-2020,IBGE_2024
2904753,Buritirama,BA,4046.741,10,out,37.76271926473362,OK,1991,2020,30,CHIRPS_v2,UCSB-CHG/CHIRPS/DAILY,1991-2020,IBGE_2024
2913200,Ibotirama,BA,1740.113,10,out,43.04234547403255,OK,1991,2020,30,CHIRPS_v2,UCSB-CHG/CHIRPS/DAILY,1991-2020,IBGE_2024
2904506,Brotas de Macaúbas,BA,2520.811,10,out,37.8539794792873,OK,1991,2020,30,CHIRPS_v2,UCSB-CHG/CHIRPS/DAILY,1991-2020,IBGE_2024
2911303,Gentio do Ouro,BA,3817.946,10,out,33.20184344234764,OK,1991,2020,30,CHIRPS_v2,UCSB-CHG/CHIRPS/DAILY,1991-2020,IBGE_2024
2902708,Barra,BA,11428.112,10,out,37.566733263795484,OK,1991,2020,30,CHIRPS_v2,UCSB-CHG/CHIRPS/DAILY,1991-2020,IBGE_2024
2933604,Xique-Xique,BA,5079.659,10,out,29.145184751888436,OK,1991,2020,30,CHIRPS_v2,UCSB-CHG/CHIRPS/DAILY,1991-2020,IBGE_2024
2918407,Juazeiro,BA,6721.592,10,out,9.617152463386068,OK,1991,2020,30,CHIRPS_v2,UCSB-CHG/CHIRPS/DAILY,1991-2020,IBGE_2024
2924405,Pilão Arcado,BA,11597.932,10,out,31.578337421201187,OK,1991,2020,30,CHIRPS_v2,UCSB-CHG/CHIRPS/DAILY,1991-2020,IBGE_2024
2932002,Uauá,BA,3060.865,10,out,11.00426166476603,OK,1991,2020,30,CHIRPS_v2,UCSB-CHG/CHIRPS/DAILY,1991-2020,IBGE_2024
2930774,Sobradinho,BA,1359.08,10,out,15.1158221439396,OK,1991,2020,30,CHIRPS_v2,UCSB-CHG/CHIRPS/DAILY,1991-2020,IBGE_2024
2907202,Casa Nova,BA,9648.942,10,out,11.98938609056913,OK,1991,2020,30,CHIRPS_v2,UCSB-CHG/CHIRPS/DAILY,1991-2020,IBGE_2024
2905909,Campo Alegre de Lourdes,BA,2914.573,10,out,30.816156998348376,OK,1991,2020,30,CHIRPS_v2,UCSB-CHG/CHIRPS/DAILY,1991-2020,IBGE_2024
2930204,Sento Sé,BA,11980.158,10,out,16.359696496441305,OK,1991,2020,30,CHIRPS_v2,UCSB-CHG/CHIRPS/DAILY,1991-2020,IBGE_2024
2909901,Curaçá,BA,5950.614,10,out,7.23797950692743,OK,1991,2020,30,CHIRPS_v2,UCSB-CHG/CHIRPS/DAILY,1991-2020,IBGE_2024
2926004,Remanso,BA,4571.634,10,out,21.121772158439626,OK,1991,2020,30,CHIRPS_v2,UCSB-CHG/CHIRPS/DAILY,1991-2020,IBGE_2024
2917706,Jaguarari,BA,2466.009,10,out,14.772478806279764,OK,1991,2020,30,CHIRPS_v2,UCSB-CHG/CHIRPS/DAILY,1991-2020,IBGE_2024
2901353,Andorinha,BA,1362.386,10,out,13.551748875906936,OK,1991,2020,30,CHIRPS_v2,UCSB-CHG/CHIRPS/DAILY,1991-2020,IBGE_2024
2917003,Itiúba,BA,1650.592,10,out,17.217663558864665,OK,1991,2020,30,CHIRPS_v2,UCSB-CHG/CHIRPS/DAILY,1991-2020,IBGE_2024
2924603,Pindobaçu,BA,495.845,10,out,24.40075351761404,OK,1991,2020,30,CHIRPS_v2,UCSB-CHG/CHIRPS/DAILY,1991-2020,IBGE_2024
2930105,Senhor do Bonfim,BA,789.36,10,out,23.54554451620979,OK,1991,2020,30,CHIRPS_v2,UCSB-CHG/CHIRPS/DAILY,1991-2020,IBGE_2024
2906006,Campo Formoso,BA,7161.83,10,out,19.32026404479122,OK,1991,2020,30,CHIRPS_v2,UCSB-CHG/CHIRPS/DAILY,1991-2020,IBGE_2024
2910859,Filadélfia,BA,579.687,10,out,21.065741204868267,OK,1991,2020,30,CHIRPS_v2,UCSB-CHG/CHIRPS/DAILY,1991-2020,IBGE_2024
2901809,Antônio Gonçalves,BA,345.282,10,out,24.33314034634882,OK,1991,2020,30,CHIRPS_v2,UCSB-CHG/CHIRPS/DAILY,1991-2020,IBGE_2024
2925253,Ponto Novo,BA,530.143,10,out,21.12484449132812,OK,1991,2020,30,CHIRPS_v2,UCSB-CHG/CHIRPS/DAILY,1991-2020,IBGE_2024
2924009,Paulo Afonso,BA,1544.388,10,out,12.660886377470732,OK,1991,2020,30,CHIRPS_v2,UCSB-CHG/CHIRPS/DAILY,1991-2020,IBGE_2024
2900207,Abaré,BA,1604.923,10,out,5.92194263323212,OK,1991,2020,30,CHIRPS_v2,UCSB-CHG/CHIRPS/DAILY,1991-2020,IBGE_2024
2907707,Chorrochó,BA,3005.319,10,out,7.938042467161354,OK,1991,2020,30,CHIRPS_v2,UCSB-CHG/CHIRPS/DAILY,1991-2020,IBGE_2024
2919900,Macururé,BA,2545.857,10,out,7.692340644226504,OK,1991,2020,30,CHIRPS_v2,UCSB-CHG/CHIRPS/DAILY,1991-2020,IBGE_2024
2927606,Santa Brígida,BA,934.46,10,out,17.273138657042686,OK,1991,2020,30,CHIRPS_v2,UCSB-CHG/CHIRPS/DAILY,1991-2020,IBGE_2024
2911402,Glória,BA,1566.609,10,out,6.564262574539647,OK,1991,2020,30,CHIRPS_v2,UCSB-CHG/CHIRPS/DAILY,1991-2020,IBGE_2024
2927101,Rodelas,BA,2207.159,10,out,7.426242245322282,OK,1991,2020,30,CHIRPS_v2,UCSB-CHG/CHIRPS/DAILY,1991-2020,IBGE_2024
2931905,Tucano,BA,2198.237,10,out,14.963122430870282,OK,1991,2020,30,CHIRPS_v2,UCSB-CHG/CHIRPS/DAILY,1991-2020,IBGE_2024
2907905,Cipó,BA,168.33,10,out,25.337184693964122,OK,1991,2020,30,CHIRPS_v2,UCSB-CHG/CHIRPS/DAILY,1991-2020,IBGE_2024
2923100,Olindina,BA,637.316,10,out,33.768024138397436,OK,1991,2020,30,CHIRPS_v2,UCSB-CHG/CHIRPS/DAILY,1991-2020,IBGE_2024
2922904,Nova Soure,BA,966.993,10,out,26.27533448087502,OK,1991,2020,30,CHIRPS_v2,UCSB-CHG/CHIRPS/DAILY,1991-2020,IBGE_2024
2902658,Banzaê,BA,409.508,10,out,13.72100180499039,OK,1991,2020,30,CHIRPS_v2,UCSB-CHG/CHIRPS/DAILY,1991-2020,IBGE_2024
2926608,Ribeira do Pombal,BA,1228.125,10,out,15.888394221187088,OK,1991,2020,30,CHIRPS_v2,UCSB-CHG/CHIRPS/DAILY,1991-2020,IBGE_2024
2926509,Ribeira do Amparo,BA,666.036,10,out,22.551629706749203,OK,1991,2020,30,CHIRPS_v2,UCSB-CHG/CHIRPS/DAILY,1991-2020,IBGE_2024
2906824,Canudos,BA,3564.627,10,out,12.083736191194618,OK,1991,2020,30,CHIRPS_v2,UCSB-CHG/CHIRPS/DAILY,1991-2020,IBGE_2024
2906808,Cansanção,BA,1351.891,10,out,15.10769084993778,OK,1991,2020,30,CHIRPS_v2,UCSB-CHG/CHIRPS/DAILY,1991-2020,IBGE_2024
2921500,Monte Santo,BA,3034.196,10,out,13.636249656359762,OK,1991,2020,30,CHIRPS_v2,UCSB-CHG/CHIRPS/DAILY,1991-2020,IBGE_2024
2910701,Euclides da Cunha,BA,2025.368,10,out,14.034096729567658,OK,1991,2020,30,CHIRPS_v2,UCSB-CHG/CHIRPS/DAILY,1991-2020,IBGE_2024
2925907,Quijingue,BA,1380.798,10,out,12.835149684182555,OK,1991,2020,30,CHIRPS_v2,UCSB-CHG/CHIRPS/DAILY,1991-2020,IBGE_2024
2900355,Adustina,BA,629.1,10,out,17.02291133130661,OK,1991,2020,30,CHIRPS_v2,UCSB-CHG/CHIRPS/DAILY,1991-2020,IBGE_2024
2923803,Paripiranga,BA,442.186,10,out,23.820627191796017,OK,1991,2020,30,CHIRPS_v2,UCSB-CHG/CHIRPS/DAILY,1991-2020,IBGE_2024
2907806,Cícero Dantas,BA,817.023,10,out,17.337873516330074,OK,1991,2020,30,CHIRPS_v2,UCSB-CHG/CHIRPS/DAILY,1991-2020,IBGE_2024
2911857,Heliópolis,BA,314.669,10,out,17.375071670851778,OK,1991,2020,30,CHIRPS_v2,UCSB-CHG/CHIRPS/DAILY,1991-2020,IBGE_2024
2910750,Fátima,BA,368.342,10,out,17.750222414165613,OK,1991,2020,30,CHIRPS_v2,UCSB-CHG/CHIRPS/DAILY,1991-2020,IBGE_2024
2901601,Antas,BA,326.36,10,out,18.44527103942495,OK,1991,2020,30,CHIRPS_v2,UCSB-CHG/CHIRPS/DAILY,1991-2020,IBGE_2024
2909208,Coronel João Sá,BA,797.434,10,out,19.030092122187927,OK,1991,2020,30,CHIRPS_v2,UCSB-CHG/CHIRPS/DAILY,1991-2020,IBGE_2024
2924207,Pedro Alexandre,BA,889.572,10,out,16.17416751295831,OK,1991,2020,30,CHIRPS_v2,UCSB-CHG/CHIRPS/DAILY,1991-2020,IBGE_2024
2930766,Sítio do Quinto,BA,656.837,10,out,18.762656973474936,OK,1991,2020,30,CHIRPS_v2,UCSB-CHG/CHIRPS/DAILY,1991-2020,IBGE_2024
2923050,Novo Triunfo,BA,299.125,10,out,16.592769435361053,OK,1991,2020,30,CHIRPS_v2,UCSB-CHG/CHIRPS/DAILY,1991-2020,IBGE_2024
2918100,Jeremoabo,BA,4267.489,10,out,15.662099739267473,OK,1991,2020,30,CHIRPS_v2,UCSB-CHG/CHIRPS/DAILY,1991-2020,IBGE_2024
2910800,Feira de Santana,BA,1304.427,10,out,31.335817588721266,OK,1991,2020,30,CHIRPS_v2,UCSB-CHG/CHIRPS/DAILY,1991-2020,IBGE_2024
2924652,Pintadas,BA,647.144,10,out,26.29514831036091,OK,1991,2020,30,CHIRPS_v2,UCSB-CHG/CHIRPS/DAILY,1991-2020,IBGE_2024
2908903,Coração de Maria,BA,378.421,10,out,35.851724546861284,OK,1991,2020,30,CHIRPS_v2,UCSB-CHG/CHIRPS/DAILY,1991-2020,IBGE_2024
2908507,Conceição do Jacuípe,BA,114.869,10,out,42.540489473102525,OK,1991,2020,30,CHIRPS_v2,UCSB-CHG/CHIRPS/DAILY,1991-2020,IBGE_2024
2900405,Água Fria,BA,742.775,10,out,32.93415439812499,OK,1991,2020,30,CHIRPS_v2,UCSB-CHG/CHIRPS/DAILY,1991-2020,IBGE_2024
2924058,Pé de Serra,BA,596.772,10,out,22.122970215230986,OK,1991,2020,30,CHIRPS_v2,UCSB-CHG/CHIRPS/DAILY,1991-2020,IBGE_2024
2908200,Conceição da Feira,BA,164.799,10,out,40.80933760571959,OK,1991,2020,30,CHIRPS_v2,UCSB-CHG/CHIRPS/DAILY,1991-2020,IBGE_2024
2923308,Ouriçangas,BA,156.982,10,out,38.79732217477092,OK,1991,2020,30,CHIRPS_v2,UCSB-CHG/CHIRPS/DAILY,1991-2020,IBGE_2024
2922730,Nova Fátima,BA,346.785,10,out,20.94179207607722,OK,1991,2020,30,CHIRPS_v2,UCSB-CHG/CHIRPS/DAILY,1991-2020,IBGE_2024
2906857,Capela do Alto Alegre,BA,629.585,10,out,24.07329173820998,OK,1991,2020,30,CHIRPS_v2,UCSB-CHG/CHIRPS/DAILY,1991-2020,IBGE_2024
2931103,Tanquinho,BA,243.838,10,out,30.330532146171922,OK,1991,2020,30,CHIRPS_v2,UCSB-CHG/CHIRPS/DAILY,1991-2020,IBGE_2024
2930402,Serra Preta,BA,595.294,10,out,24.434012311611347,OK,1991,2020,30,CHIRPS_v2,UCSB-CHG/CHIRPS/DAILY,1991-2020,IBGE_2024
2922102,Mundo Novo,BA,1491.989,10,out,42.115158342627225,OK,1991,2020,30,CHIRPS_v2,UCSB-CHG/CHIRPS/DAILY,1991-2020,IBGE_2024
2914505,Irará,BA,267.88,10,out,36.138738428456016,OK,1991,2020,30,CHIRPS_v2,UCSB-CHG/CHIRPS/DAILY,1991-2020,IBGE_2024
2906402,Candeal,BA,447.577,10,out,25.650748030374324,OK,1991,2020,30,CHIRPS_v2,UCSB-CHG/CHIRPS/DAILY,1991-2020,IBGE_2024
2914000,Ipirá,BA,3105.285,10,out,24.457562243838378,OK,1991,2020,30,CHIRPS_v2,UCSB-CHG/CHIRPS/DAILY,1991-2020,IBGE_2024
2929305,São Gonçalo dos Campos,BA,294.768,10,out,36.07824008097375,OK,1991,2020,30,CHIRPS_v2,UCSB-CHG/CHIRPS/DAILY,1991-2020,IBGE_2024
2913804,Ipecaetá,BA,372.565,10,out,25.10332240511627,OK,1991,2020,30,CHIRPS_v2,UCSB-CHG/CHIRPS/DAILY,1991-2020,IBGE_2024
2928802,Santo Estêvão,BA,360.334,10,out,30.748230001772146,OK,1991,2020,30,CHIRPS_v2,UCSB-CHG/CHIRPS/DAILY,1991-2020,IBGE_2024
2913309,Ichu,BA,138.016,10,out,23.726479893168275,OK,1991,2020,30,CHIRPS_v2,UCSB-CHG/CHIRPS/DAILY,1991-2020,IBGE_2024
2928307,Santanópolis,BA,222.686,10,out,31.755256387325772,OK,1991,2020,30,CHIRPS_v2,UCSB-CHG/CHIRPS/DAILY,1991-2020,IBGE_2024
2920106,Mairi,BA,906.679,10,out,34.26521544492742,OK,1991,2020,30,CHIRPS_v2,UCSB-CHG/CHIRPS/DAILY,1991-2020,IBGE_2024
2919603,Macajuba,BA,701.17,10,out,31.47855728365599,OK,1991,2020,30,CHIRPS_v2,UCSB-CHG/CHIRPS/DAILY,1991-2020,IBGE_2024
2919108,Lamarão,BA,189.26,10,out,29.922577254585782,OK,1991,2020,30,CHIRPS_v2,UCSB-CHG/CHIRPS/DAILY,1991-2020,IBGE_2024
2927507,Santa Bárbara,BA,347.021,10,out,30.211268977853496,OK,1991,2020,30,CHIRPS_v2,UCSB-CHG/CHIRPS/DAILY,1991-2020,IBGE_2024
2902609,Baixa Grande,BA,967.515,10,out,32.84220566591593,OK,1991,2020,30,CHIRPS_v2,UCSB-CHG/CHIRPS/DAILY,1991-2020,IBGE_2024
2926301,Riachão do Jacuípe,BA,1155.417,10,out,19.993970722619036,OK,1991,2020,30,CHIRPS_v2,UCSB-CHG/CHIRPS/DAILY,1991-2020,IBGE_2024
2911253,Gavião,BA,384.592,10,out,21.150506729368637,OK,1991,2020,30,CHIRPS_v2,UCSB-CHG/CHIRPS/DAILY,1991-2020,IBGE_2024
2901700,Antônio Cardoso,BA,293.53,10,out,32.26493059272767,OK,1991,2020,30,CHIRPS_v2,UCSB-CHG/CHIRPS/DAILY,1991-2020,IBGE_2024
2925956,Rafael Jambeiro,BA,1090.552,10,out,25.371470556098718,OK,1991,2020,30,CHIRPS_v2,UCSB-CHG/CHIRPS/DAILY,1991-2020,IBGE_2024
2901106,Amélia Rodrigues,BA,166.872,10,out,51.81895161066604,OK,1991,2020,30,CHIRPS_v2,UCSB-CHG/CHIRPS/DAILY,1991-2020,IBGE_2024
2901502,Anguera,BA,187.84,10,out,32.85894040815211,OK,1991,2020,30,CHIRPS_v2,UCSB-CHG/CHIRPS/DAILY,1991-2020,IBGE_2024
2933059,Várzea da Roça,BA,468.407,10,out,26.662103019847322,OK,1991,2020,30,CHIRPS_v2,UCSB-CHG/CHIRPS/DAILY,1991-2020,IBGE_2024
2933109,Várzea do Poço,BA,206.478,10,out,31.071223665446144,OK,1991,2020,30,CHIRPS_v2,UCSB-CHG/CHIRPS/DAILY,1991-2020,IBGE_2024
2933158,Várzea Nova,BA,1225.088,10,out,23.794244292375403,OK,1991,2020,30,CHIRPS_v2,UCSB-CHG/CHIRPS/DAILY,1991-2020,IBGE_2024
2932457,Umburanas,BA,1775.633,10,out,22.449431898823693,OK,1991,2020,30,CHIRPS_v2,UCSB-CHG/CHIRPS/DAILY,1991-2020,IBGE_2024
2931301,Tapiramutá,BA,714.691,10,out,39.32054585606949,OK,1991,2020,30,CHIRPS_v2,UCSB-CHG/CHIRPS/DAILY,1991-2020,IBGE_2024
2923357,Ourolândia,BA,1544.985,10,out,19.691138907234134,OK,1991,2020,30,CHIRPS_v2,UCSB-CHG/CHIRPS/DAILY,1991-2020,IBGE_2024
2906873,Capim Grosso,BA,464.776,10,out,20.94406752364512,OK,1991,2020,30,CHIRPS_v2,UCSB-CHG/CHIRPS/DAILY,1991-2020,IBGE_2024
2930600,Serrolândia,BA,322.021,10,out,29.196119371131196,OK,1991,2020,30,CHIRPS_v2,UCSB-CHG/CHIRPS/DAILY,1991-2020,IBGE_2024
2929800,Saúde,BA,509.098,10,out,23.883082662828578,OK,1991,2020,30,CHIRPS_v2,UCSB-CHG/CHIRPS/DAILY,1991-2020,IBGE_2024
2921203,Miguel Calmon,BA,1599.673,10,out,28.45088759753001,OK,1991,2020,30,CHIRPS_v2,UCSB-CHG/CHIRPS/DAILY,1991-2020,IBGE_2024
2929370,São José do Jacuípe,BA,362.365,10,out,24.14005406403743,OK,1991,2020,30,CHIRPS_v2,UCSB-CHG/CHIRPS/DAILY,1991-2020,IBGE_2024
2921401,Mirangaba,BA,1751.777,10,out,19.122962288032515,OK,1991,2020,30,CHIRPS_v2,UCSB-CHG/CHIRPS/DAILY,1991-2020,IBGE_2024
2905503,Caldeirão Grande,BA,458.311,10,out,24.70381290539903,OK,1991,2020,30,CHIRPS_v2,UCSB-CHG/CHIRPS/DAILY,1991-2020,IBGE_2024
2905107,Caém,BA,540.909,10,out,27.31146629536911,OK,1991,2020,30,CHIRPS_v2,UCSB-CHG/CHIRPS/DAILY,1991-2020,IBGE_2024
2925931,Quixabeira,BA,366.387,10,out,23.632914222449745,OK,1991,2020,30,CHIRPS_v2,UCSB-CHG/CHIRPS/DAILY,1991-2020,IBGE_2024
2917508,Jacobina,BA,2192.906,10,out,23.972492544159334,OK,1991,2020,30,CHIRPS_v2,UCSB-CHG/CHIRPS/DAILY,1991-2020,IBGE_2024
2924801,Piritiba,BA,980.331,10,out,38.41070487327622,OK,1991,2020,30,CHIRPS_v2,UCSB-CHG/CHIRPS/DAILY,1991-2020,IBGE_2024
2932804,Utinga,BA,633.761,10,out,37.20032823091867,OK,1991,2020,30,CHIRPS_v2,UCSB-CHG/CHIRPS/DAILY,1991-2020,IBGE_2024
2915007,Itaeté,BA,1331.822,10,out,38.57414379225261,OK,1991,2020,30,CHIRPS_v2,UCSB-CHG/CHIRPS/DAILY,1991-2020,IBGE_2024
2922854,Nova Redenção,BA,565.356,10,out,38.376623583270565,OK,1991,2020,30,CHIRPS_v2,UCSB-CHG/CHIRPS/DAILY,1991-2020,IBGE_2024
2914703,Itaberaba,BA,2386.387,10,out,26.587576684942494,OK,1991,2020,30,CHIRPS_v2,UCSB-CHG/CHIRPS/DAILY,1991-2020,IBGE_2024
2920809,Marcionílio Souza,BA,1099.284,10,out,26.02800725298873,OK,1991,2020,30,CHIRPS_v2,UCSB-CHG/CHIRPS/DAILY,1991-2020,IBGE_2024
2912608,Ibiquera,BA,698.245,10,out,26.40648204882176,OK,1991,2020,30,CHIRPS_v2,UCSB-CHG/CHIRPS/DAILY,1991-2020,IBGE_2024
2903805,Boa Vista do Tupim,BA,2972.112,10,out,27.108677532696717,OK,1991,2020,30,CHIRPS_v2,UCSB-CHG/CHIRPS/DAILY,1991-2020,IBGE_2024
2911907,Iaçu,BA,2342.497,10,out,23.79309495611402,OK,1991,2020,30,CHIRPS_v2,UCSB-CHG/CHIRPS/DAILY,1991-2020,IBGE_2024
2927200,Ruy Barbosa,BA,1991.772,10,out,31.663679271667643,OK,1991,2020,30,CHIRPS_v2,UCSB-CHG/CHIRPS/DAILY,1991-2020,IBGE_2024
2919009,Lajedinho,BA,846.728,10,out,32.08424871688616,OK,1991,2020,30,CHIRPS_v2,UCSB-CHG/CHIRPS/DAILY,1991-2020,IBGE_2024
2933406,Wagner,BA,522.37,10,out,35.74798596088437,OK,1991,2020,30,CHIRPS_v2,UCSB-CHG/CHIRPS/DAILY,1991-2020,IBGE_2024
2901304,Andaraí,BA,1589.786,10,out,43.19035901672585,OK,1991,2020,30,CHIRPS_v2,UCSB-CHG/CHIRPS/DAILY,1991-2020,IBGE_2024
2908408,Conceição do Coité,BA,1015.249,10,out,19.96837430812291,OK,1991,2020,30,CHIRPS_v2,UCSB-CHG/CHIRPS/DAILY,1991-2020,IBGE_2024
2922656,Nordestina,BA,465.407,10,out,13.705403626519969,OK,1991,2020,30,CHIRPS_v2,UCSB-CHG/CHIRPS/DAILY,1991-2020,IBGE_2024
2928950,São Domingos,BA,289.963,10,out,20.996080458589628,OK,1991,2020,30,CHIRPS_v2,UCSB-CHG/CHIRPS/DAILY,1991-2020,IBGE_2024
2928000,Santaluz,BA,1623.445,10,out,17.72784959167216,OK,1991,2020,30,CHIRPS_v2,UCSB-CHG/CHIRPS/DAILY,1991-2020,IBGE_2024
2925808,Queimadas,BA,2011.06,10,out,17.30903153276777,OK,1991,2020,30,CHIRPS_v2,UCSB-CHG/CHIRPS/DAILY,1991-2020,IBGE_2024
2926103,Retirolândia,BA,242.331,10,out,18.932735083526683,OK,1991,2020,30,CHIRPS_v2,UCSB-CHG/CHIRPS/DAILY,1991-2020,IBGE_2024
2933000,Valente,BA,394.877,10,out,17.220235750730794,OK,1991,2020,30,CHIRPS_v2,UCSB-CHG/CHIRPS/DAILY,1991-2020,IBGE_2024
2931509,Teofilândia,BA,351.892,10,out,22.698328750549358,OK,1991,2020,30,CHIRPS_v2,UCSB-CHG/CHIRPS/DAILY,1991-2020,IBGE_2024
2930501,Serrinha,BA,583.311,10,out,27.703742205183538,OK,1991,2020,30,CHIRPS_v2,UCSB-CHG/CHIRPS/DAILY,1991-2020,IBGE_2024
2903276,Barrocas,BA,207.297,10,out,19.137580476907303,OK,1991,2020,30,CHIRPS_v2,UCSB-CHG/CHIRPS/DAILY,1991-2020,IBGE_2024
2903607,Biritinga,BA,553.762,10,out,28.557069564437725,OK,1991,2020,30,CHIRPS_v2,UCSB-CHG/CHIRPS/DAILY,1991-2020,IBGE_2024
2902104,Araci,BA,1496.246,10,out,19.313294113162808,OK,1991,2020,30,CHIRPS_v2,UCSB-CHG/CHIRPS/DAILY,1991-2020,IBGE_2024
2924306,Piatã,BA,1825.855,10,out,51.90796463351194,OK,1991,2020,30,CHIRPS_v2,UCSB-CHG/CHIRPS/DAILY,1991-2020,IBGE_2024
2923506,Palmeiras,BA,737.797,10,out,35.562601003095885,OK,1991,2020,30,CHIRPS_v2,UCSB-CHG/CHIRPS/DAILY,1991-2020,IBGE_2024
2930808,Souto Soares,BA,1026.638,10,out,34.153364681290824,OK,1991,2020,30,CHIRPS_v2,UCSB-CHG/CHIRPS/DAILY,1991-2020,IBGE_2024
2923035,Novo Horizonte,BA,627.5,10,out,38.01239063839611,OK,1991,2020,30,CHIRPS_v2,UCSB-CHG/CHIRPS/DAILY,1991-2020,IBGE_2024
2914406,Iraquara,BA,991.821,10,out,32.48472405458419,OK,1991,2020,30,CHIRPS_v2,UCSB-CHG/CHIRPS/DAILY,1991-2020,IBGE_2024
2929909,Seabra,BA,2402.17,10,out,30.201055967820068,OK,1991,2020,30,CHIRPS_v2,UCSB-CHG/CHIRPS/DAILY,1991-2020,IBGE_2024
2921906,Mucugê,BA,2462.689,10,out,46.225622531830695,OK,1991,2020,30,CHIRPS_v2,UCSB-CHG/CHIRPS/DAILY,1991-2020,IBGE_2024
2913002,Ibitiara,BA,1834.003,10,out,35.873028282945825,OK,1991,2020,30,CHIRPS_v2,UCSB-CHG/CHIRPS/DAILY,1991-2020,IBGE_2024
2904001,Boninal,BA,896.857,10,out,34.23396779245592,OK,1991,2020,30,CHIRPS_v2,UCSB-CHG/CHIRPS/DAILY,1991-2020,IBGE_2024
2919306,Lençóis,BA,1282.981,10,out,47.61278748524059,OK,1991,2020,30,CHIRPS_v2,UCSB-CHG/CHIRPS/DAILY,1991-2020,IBGE_2024
3136603,Nova União,MG,172.131,10,out,91.7631018507275,OK,1991,2020,30,CHIRPS_v2,UCSB-CHG/CHIRPS/DAILY,1991-2020,IBGE_2024
3168309,Taquaraçu de Minas,MG,329.287,10,out,88.87869757999098,OK,1991,2020,30,CHIRPS_v2,UCSB-CHG/CHIRPS/DAILY,1991-2020,IBGE_2024
3134608,Jaboticatubas,MG,1114.972,10,out,87.72024410135734,OK,1991,2020,30,CHIRPS_v2,UCSB-CHG/CHIRPS/DAILY,1991-2020,IBGE_2024
3126000,Florestal,MG,194.965,10,out,91.81237959983095,OK,1991,2020,30,CHIRPS_v2,UCSB-CHG/CHIRPS/DAILY,1991-2020,IBGE_2024
3142304,Moeda,MG,154.129,10,out,109.82527407737562,OK,1991,2020,30,CHIRPS_v2,UCSB-CHG/CHIRPS/DAILY,1991-2020,IBGE_2024
3140704,Mateus Leme,MG,302.312,10,out,95.10013140962585,OK,1991,2020,30,CHIRPS_v2,UCSB-CHG/CHIRPS/DAILY,1991-2020,IBGE_2024
3162955,São José da Lapa,MG,48.135,10,out,92.32629755727775,OK,1991,2020,30,CHIRPS_v2,UCSB-CHG/CHIRPS/DAILY,1991-2020,IBGE_2024
3129806,Ibirité,MG,72.389,10,out,111.42578845241556,OK,1991,2020,30,CHIRPS_v2,UCSB-CHG/CHIRPS/DAILY,1991-2020,IBGE_2024
3137601,Lagoa Santa,MG,229.741,10,out,88.14587015717058,OK,1991,2020,30,CHIRPS_v2,UCSB-CHG/CHIRPS/DAILY,1991-2020,IBGE_2024
3153905,Raposos,MG,72.228,10,out,107.01639310194086,OK,1991,2020,30,CHIRPS_v2,UCSB-CHG/CHIRPS/DAILY,1991-2020,IBGE_2024
3144805,Nova Lima,MG,430.115,10,out,112.89821430509959,OK,1991,2020,30,CHIRPS_v2,UCSB-CHG/CHIRPS/DAILY,1991-2020,IBGE_2024
3136652,Juatuba,MG,97.66,10,out,94.10454129564587,OK,1991,2020,30,CHIRPS_v2,UCSB-CHG/CHIRPS/DAILY,1991-2020,IBGE_2024
3110004,Caeté,MG,542.531,10,out,98.90723841396719,OK,1991,2020,30,CHIRPS_v2,UCSB-CHG/CHIRPS/DAILY,1991-2020,IBGE_2024
3118601,Contagem,MG,194.732,10,out,105.66948126787888,OK,1991,2020,30,CHIRPS_v2,UCSB-CHG/CHIRPS/DAILY,1991-2020,IBGE_2024
3117876,Confins,MG,42.462,10,out,88.2941164666618,OK,1991,2020,30,CHIRPS_v2,UCSB-CHG/CHIRPS/DAILY,1991-2020,IBGE_2024
3109006,Brumadinho,MG,640.63,10,out,106.44684215502443,OK,1991,2020,30,CHIRPS_v2,UCSB-CHG/CHIRPS/DAILY,1991-2020,IBGE_2024
3157807,Santa Luzia,MG,235.166,10,out,94.3769587382293,OK,1991,2020,30,CHIRPS_v2,UCSB-CHG/CHIRPS/DAILY,1991-2020,IBGE_2024
3149309,Pedro Leopoldo,MG,292.81,10,out,89.29185401081847,OK,1991,2020,30,CHIRPS_v2,UCSB-CHG/CHIRPS/DAILY,1991-2020,IBGE_2024
3165537,Sarzedo,MG,62.134,10,out,107.94575903965395,OK,1991,2020,30,CHIRPS_v2,UCSB-CHG/CHIRPS/DAILY,1991-2020,IBGE_2024
3156700,Sabará,MG,302.453,10,out,101.81744845092905,OK,1991,2020,30,CHIRPS_v2,UCSB-CHG/CHIRPS/DAILY,1991-2020,IBGE_2024
3124104,Esmeraldas,MG,909.727,10,out,91.4609669021171,OK,1991,2020,30,CHIRPS_v2,UCSB-CHG/CHIRPS/DAILY,1991-2020,IBGE_2024
3140159,Mário Campos,MG,35.196,10,out,103.05234650261461,OK,1991,2020,30,CHIRPS_v2,UCSB-CHG/CHIRPS/DAILY,1991-2020,IBGE_2024
3106705,Betim,MG,344.076,10,out,100.79854968281654,OK,1991,2020,30,CHIRPS_v2,UCSB-CHG/CHIRPS/DAILY,1991-2020,IBGE_2024
3130101,Igarapé,MG,110.894,10,out,98.16521992018613,OK,1991,2020,30,CHIRPS_v2,UCSB-CHG/CHIRPS/DAILY,1991-2020,IBGE_2024
3162922,São Joaquim de Bicas,MG,71.995,10,out,100.64090674775333,OK,1991,2020,30,CHIRPS_v2,UCSB-CHG/CHIRPS/DAILY,1991-2020,IBGE_2024
3106200,Belo Horizonte,MG,331.337,10,out,107.76175842921738,OK,1991,2020,30,CHIRPS_v2,UCSB-CHG/CHIRPS/DAILY,1991-2020,IBGE_2024
3154606,Ribeirão das Neves,MG,155.105,10,out,99.31366797305111,OK,1991,2020,30,CHIRPS_v2,UCSB-CHG/CHIRPS/DAILY,1991-2020,IBGE_2024
3171204,Vespasiano,MG,70.456,10,out,94.35873178207622,OK,1991,2020,30,CHIRPS_v2,UCSB-CHG/CHIRPS/DAILY,1991-2020,IBGE_2024
3154804,Rio Acima,MG,228.899,10,out,108.17594345158545,OK,1991,2020,30,CHIRPS_v2,UCSB-CHG/CHIRPS/DAILY,1991-2020,IBGE_2024
3153608,Prudente de Morais,MG,124.189,10,out,80.54693764681485,OK,1991,2020,30,CHIRPS_v2,UCSB-CHG/CHIRPS/DAILY,1991-2020,IBGE_2024
3167202,Sete Lagoas,MG,536.928,10,out,83.42671784261826,OK,1991,2020,30,CHIRPS_v2,UCSB-CHG/CHIRPS/DAILY,1991-2020,IBGE_2024
3131000,Inhaúma,MG,244.996,10,out,85.53539128688064,OK,1991,2020,30,CHIRPS_v2,UCSB-CHG/CHIRPS/DAILY,1991-2020,IBGE_2024
3105004,Baldim,MG,556.266,10,out,85.36817294077721,OK,1991,2020,30,CHIRPS_v2,UCSB-CHG/CHIRPS/DAILY,1991-2020,IBGE_2024
3112505,Capim Branco,MG,95.333,10,out,84.52415529135436,OK,1991,2020,30,CHIRPS_v2,UCSB-CHG/CHIRPS/DAILY,1991-2020,IBGE_2024
3135704,Jequitibá,MG,445.03,10,out,81.23601814126752,OK,1991,2020,30,CHIRPS_v2,UCSB-CHG/CHIRPS/DAILY,1991-2020,IBGE_2024
3103207,Araçaí,MG,187.53,10,out,82.28468376041621,OK,1991,2020,30,CHIRPS_v2,UCSB-CHG/CHIRPS/DAILY,1991-2020,IBGE_2024
3118908,Cordisburgo,MG,823.654,10,out,83.50758370283586,OK,1991,2020,30,CHIRPS_v2,UCSB-CHG/CHIRPS/DAILY,1991-2020,IBGE_2024
3143708,Morro do Pilar,MG,477.548,10,out,103.87996684480352,OK,1991,2020,30,CHIRPS_v2,UCSB-CHG/CHIRPS/DAILY,1991-2020,IBGE_2024
3127206,Funilândia,MG,199.797,10,out,79.76516831142709,OK,1991,2020,30,CHIRPS_v2,UCSB-CHG/CHIRPS/DAILY,1991-2020,IBGE_2024
3126406,Fortuna de Minas,MG,198.665,10,out,83.85651099493523,OK,1991,2020,30,CHIRPS_v2,UCSB-CHG/CHIRPS/DAILY,1991-2020,IBGE_2024
3109600,Cachoeira da Prata,MG,61.425,10,out,84.4698501380882,OK,1991,2020,30,CHIRPS_v2,UCSB-CHG/CHIRPS/DAILY,1991-2020,IBGE_2024
3159001,Santana do Riacho,MG,677.207,10,out,94.96272236243175,OK,1991,2020,30,CHIRPS_v2,UCSB-CHG/CHIRPS/DAILY,1991-2020,IBGE_2024
3118106,Congonhas do Norte,MG,405.671,10,out,100.90162518273388,OK,1991,2020,30,CHIRPS_v2,UCSB-CHG/CHIRPS/DAILY,1991-2020,IBGE_2024
3109907,Caetanópolis,MG,156.039,10,out,83.58238934306581,OK,1991,2020,30,CHIRPS_v2,UCSB-CHG/CHIRPS/DAILY,1991-2020,IBGE_2024
3158508,Santana de Pirapama,MG,1255.832,10,out,88.0167606056005,OK,1991,2020,30,CHIRPS_v2,UCSB-CHG/CHIRPS/DAILY,1991-2020,IBGE_2024
3117504,Conceição do Mato Dentro,MG,1720.04,10,out,105.73571636128537,OK,1991,2020,30,CHIRPS_v2,UCSB-CHG/CHIRPS/DAILY,1991-2020,IBGE_2024
3141108,Matozinhos,MG,252.453,10,out,82.96220915420348,OK,1991,2020,30,CHIRPS_v2,UCSB-CHG/CHIRPS/DAILY,1991-2020,IBGE_2024
3147402,Paraopeba,MG,625.631,10,out,82.52782571397702,OK,1991,2020,30,CHIRPS_v2,UCSB-CHG/CHIRPS/DAILY,1991-2020,IBGE_2024
3146107,Ouro Preto,MG,1246.068,10,out,103.28763695834017,OK,1991,2020,30,CHIRPS_v2,UCSB-CHG/CHIRPS/DAILY,1991-2020,IBGE_2024
3157203,Santa Bárbara,MG,684.505,10,out,101.72359984905852,OK,1991,2020,30,CHIRPS_v2,UCSB-CHG/CHIRPS/DAILY,1991-2020,IBGE_2024
3131901,Itabirito,MG,544.535,10,out,109.25246014589887,OK,1991,2020,30,CHIRPS_v2,UCSB-CHG/CHIRPS/DAILY,1991-2020,IBGE_2024
3115359,Catas Altas,MG,240.042,10,out,103.95666710495,OK,1991,2020,30,CHIRPS_v2,UCSB-CHG/CHIRPS/DAILY,1991-2020,IBGE_2024
3140001,Mariana,MG,1194.208,10,out,105.37634514937983,OK,1991,2020,30,CHIRPS_v2,UCSB-CHG/CHIRPS/DAILY,1991-2020,IBGE_2024
3105400,Barão de Cocais,MG,340.14,10,out,98.33027529748504,OK,1991,2020,30,CHIRPS_v2,UCSB-CHG/CHIRPS/DAILY,1991-2020,IBGE_2024
3120904,Curvelo,MG,3296.2,10,out,80.63263151526256,OK,1991,2020,30,CHIRPS_v2,UCSB-CHG/CHIRPS/DAILY,1991-2020,IBGE_2024
3104809,Augusto de Lima,MG,1254.832,10,out,84.81058873530701,OK,1991,2020,30,CHIRPS_v2,UCSB-CHG/CHIRPS/DAILY,1991-2020,IBGE_2024
3153202,Presidente Juscelino,MG,695.882,10,out,84.91673365906416,OK,1991,2020,30,CHIRPS_v2,UCSB-CHG/CHIRPS/DAILY,1991-2020,IBGE_2024
3160603,Santo Hipólito,MG,430.656,10,out,83.73753294272329,OK,1991,2020,30,CHIRPS_v2,UCSB-CHG/CHIRPS/DAILY,1991-2020,IBGE_2024
3119104,Corinto,MG,2525.397,10,out,82.60183795753788,OK,1991,2020,30,CHIRPS_v2,UCSB-CHG/CHIRPS/DAILY,1991-2020,IBGE_2024
3143609,Morro da Garça,MG,414.772,10,out,80.00384190838825,OK,1991,2020,30,CHIRPS_v2,UCSB-CHG/CHIRPS/DAILY,1991-2020,IBGE_2024
3142502,Monjolos,MG,650.911,10,out,92.26049421142524,OK,1991,2020,30,CHIRPS_v2,UCSB-CHG/CHIRPS/DAILY,1991-2020,IBGE_2024
3109204,Buenópolis,MG,1599.881,10,out,85.38989080316856,OK,1991,2020,30,CHIRPS_v2,UCSB-CHG/CHIRPS/DAILY,1991-2020,IBGE_2024
3131109,Inimutaba,MG,527.06,10,out,78.84150109447326,OK,1991,2020,30,CHIRPS_v2,UCSB-CHG/CHIRPS/DAILY,1991-2020,IBGE_2024
3131703,Itabira,MG,1254.607,10,out,92.76387424754189,OK,1991,2020,30,CHIRPS_v2,UCSB-CHG/CHIRPS/DAILY,1991-2020,IBGE_2024
3113800,Carmésia,MG,259.103,10,out,108.32759425643269,OK,1991,2020,30,CHIRPS_v2,UCSB-CHG/CHIRPS/DAILY,1991-2020,IBGE_2024
3160504,Santo Antônio do Rio Abaixo,MG,107.269,10,out,102.72715088343443,OK,1991,2020,30,CHIRPS_v2,UCSB-CHG/CHIRPS/DAILY,1991-2020,IBGE_2024
3125903,Ferros,MG,1088.791,10,out,99.08935421649454,OK,1991,2020,30,CHIRPS_v2,UCSB-CHG/CHIRPS/DAILY,1991-2020,IBGE_2024
3158003,Santa Maria de Itabira,MG,597.441,10,out,95.9397913034942,OK,1991,2020,30,CHIRPS_v2,UCSB-CHG/CHIRPS/DAILY,1991-2020,IBGE_2024
3132800,Itambé do Mato Dentro,MG,380.34,10,out,97.84106521931001,OK,1991,2020,30,CHIRPS_v2,UCSB-CHG/CHIRPS/DAILY,1991-2020,IBGE_2024
3164803,São Sebastião do Rio Preto,MG,128.002,10,out,100.78723816484928,OK,1991,2020,30,CHIRPS_v2,UCSB-CHG/CHIRPS/DAILY,1991-2020,IBGE_2024
3107703,Bom Jesus do Amparo,MG,195.611,10,out,94.45230187542263,OK,1991,2020,30,CHIRPS_v2,UCSB-CHG/CHIRPS/DAILY,1991-2020,IBGE_2024
3147501,Passabém,MG,94.183,10,out,98.45089875058922,OK,1991,2020,30,CHIRPS_v2,UCSB-CHG/CHIRPS/DAILY,1991-2020,IBGE_2024
3143302,Montes Claros,MG,3589.811,10,out,72.48185635204948,OK,1991,2020,30,CHIRPS_v2,UCSB-CHG/CHIRPS/DAILY,1991-2020,IBGE_2024
3129657,Ibiracatu,MG,353.257,10,out,66.19733822273828,OK,1991,2020,30,CHIRPS_v2,UCSB-CHG/CHIRPS/DAILY,1991-2020,IBGE_2024
3162401,São João da Ponte,MG,1851.102,10,out,62.54332334151444,OK,1991,2020,30,CHIRPS_v2,UCSB-CHG/CHIRPS/DAILY,1991-2020,IBGE_2024
3162252,São João da Lagoa,MG,998.015,10,out,76.48653675630501,OK,1991,2020,30,CHIRPS_v2,UCSB-CHG/CHIRPS/DAILY,1991-2020,IBGE_2024
3162658,São João do Pacuí,MG,415.922,10,out,75.89497218486406,OK,1991,2020,30,CHIRPS_v2,UCSB-CHG/CHIRPS/DAILY,1991-2020,IBGE_2024
3145455,Olhos-d'Água,MG,2092.078,10,out,83.84003979062557,OK,1991,2020,30,CHIRPS_v2,UCSB-CHG/CHIRPS/DAILY,1991-2020,IBGE_2024
3137304,Lagoa dos Patos,MG,600.547,10,out,76.84986896829699,OK,1991,2020,30,CHIRPS_v2,UCSB-CHG/CHIRPS/DAILY,1991-2020,IBGE_2024
3112703,Capitão Enéas,MG,971.576,10,out,61.467222772847165,OK,1991,2020,30,CHIRPS_v2,UCSB-CHG/CHIRPS/DAILY,1991-2020,IBGE_2024
3136801,Juramento,MG,431.63,10,out,69.25238246617003,OK,1991,2020,30,CHIRPS_v2,UCSB-CHG/CHIRPS/DAILY,1991-2020,IBGE_2024
3120300,Cristália,MG,840.702,10,out,70.34879769297518,OK,1991,2020,30,CHIRPS_v2,UCSB-CHG/CHIRPS/DAILY,1991-2020,IBGE_2024
3136579,Josenópolis,MG,541.393,10,out,60.250693041344796,OK,1991,2020,30,CHIRPS_v2,UCSB-CHG/CHIRPS/DAILY,1991-2020,IBGE_2024
3128253,Guaraciama,MG,390.263,10,out,73.72103177955856,OK,1991,2020,30,CHIRPS_v2,UCSB-CHG/CHIRPS/DAILY,1991-2020,IBGE_2024
3136405,Joaquim Felício,MG,790.935,10,out,84.89531465375627,OK,1991,2020,30,CHIRPS_v2,UCSB-CHG/CHIRPS/DAILY,1991-2020,IBGE_2024
3135605,Jequitaí,MG,1268.443,10,out,75.13774057477576,OK,1991,2020,30,CHIRPS_v2,UCSB-CHG/CHIRPS/DAILY,1991-2020,IBGE_2024
3111150,Campo Azul,MG,505.914,10,out,72.00045838724473,OK,1991,2020,30,CHIRPS_v2,UCSB-CHG/CHIRPS/DAILY,1991-2020,IBGE_2024
3127800,Grão Mogol,MG,3885.294,10,out,71.14658512076846,OK,1991,2020,30,CHIRPS_v2,UCSB-CHG/CHIRPS/DAILY,1991-2020,IBGE_2024
3118809,Coração de Jesus,MG,2225.216,10,out,76.33172914363108,OK,1991,2020,30,CHIRPS_v2,UCSB-CHG/CHIRPS/DAILY,1991-2020,IBGE_2024
3127354,Glaucilândia,MG,145.861,10,out,70.76692525860916,OK,1991,2020,30,CHIRPS_v2,UCSB-CHG/CHIRPS/DAILY,1991-2020,IBGE_2024
3135357,Japonvar,MG,375.181,10,out,71.82467989106574,OK,1991,2020,30,CHIRPS_v2,UCSB-CHG/CHIRPS/DAILY,1991-2020,IBGE_2024
3126604,Francisco Dumont,MG,1576.128,10,out,79.01043410297511,OK,1991,2020,30,CHIRPS_v2,UCSB-CHG/CHIRPS/DAILY,1991-2020,IBGE_2024
3126703,Francisco Sá,MG,2747.295,10,out,63.41567977415114,OK,1991,2020,30,CHIRPS_v2,UCSB-CHG/CHIRPS/DAILY,1991-2020,IBGE_2024
3142007,Mirabela,MG,723.278,10,out,70.98549043082127,OK,1991,2020,30,CHIRPS_v2,UCSB-CHG/CHIRPS/DAILY,1991-2020,IBGE_2024
3108602,Brasília de Minas,MG,1399.484,10,out,74.54169052158475,OK,1991,2020,30,CHIRPS_v2,UCSB-CHG/CHIRPS/DAILY,1991-2020,IBGE_2024
3108503,Botumirim,MG,1568.884,10,out,74.21255148967441,OK,1991,2020,30,CHIRPS_v2,UCSB-CHG/CHIRPS/DAILY,1991-2020,IBGE_2024
3116506,Claro dos Poções,MG,720.424,10,out,73.38607193330111,OK,1991,2020,30,CHIRPS_v2,UCSB-CHG/CHIRPS/DAILY,1991-2020,IBGE_2024
3132008,Itacambira,MG,1788.445,10,out,74.77781020120696,OK,1991,2020,30,CHIRPS_v2,UCSB-CHG/CHIRPS/DAILY,1991-2020,IBGE_2024
3123809,Engenheiro Navarro,MG,608.306,10,out,72.21918554410652,OK,1991,2020,30,CHIRPS_v2,UCSB-CHG/CHIRPS/DAILY,1991-2020,IBGE_2024
3147956,Patis,MG,444.196,10,out,69.2490273246164,OK,1991,2020,30,CHIRPS_v2,UCSB-CHG/CHIRPS/DAILY,1991-2020,IBGE_2024
3107307,Bocaiúva,MG,3206.757,10,out,75.77341354933276,OK,1991,2020,30,CHIRPS_v2,UCSB-CHG/CHIRPS/DAILY,1991-2020,IBGE_2024
3138682,Luislândia,MG,411.714,10,out,76.21751960400195,OK,1991,2020,30,CHIRPS_v2,UCSB-CHG/CHIRPS/DAILY,1991-2020,IBGE_2024
3138658,Lontra,MG,258.925,10,out,67.99134088915066,OK,1991,2020,30,CHIRPS_v2,UCSB-CHG/CHIRPS/DAILY,1991-2020,IBGE_2024
3170909,Varzelândia,MG,814.994,10,out,59.76556806965771,OK,1991,2020,30,CHIRPS_v2,UCSB-CHG/CHIRPS/DAILY,1991-2020,IBGE_2024
3145059,Nova Porteirinha,MG,120.944,10,out,48.6499535208859,OK,1991,2020,30,CHIRPS_v2,UCSB-CHG/CHIRPS/DAILY,1991-2020,IBGE_2024
3152204,Porteirinha,MG,1749.683,10,out,50.73417195585177,OK,1991,2020,30,CHIRPS_v2,UCSB-CHG/CHIRPS/DAILY,1991-2020,IBGE_2024
3135100,Janaúba,MG,2181.319,10,out,54.293926304168515,OK,1991,2020,30,CHIRPS_v2,UCSB-CHG/CHIRPS/DAILY,1991-2020,IBGE_2024
3135050,Jaíba,MG,2635.467,10,out,53.848823697155645,OK,1991,2020,30,CHIRPS_v2,UCSB-CHG/CHIRPS/DAILY,1991-2020,IBGE_2024
3166956,Serranópolis de Minas,MG,551.954,10,out,57.566197022450936,OK,1991,2020,30,CHIRPS_v2,UCSB-CHG/CHIRPS/DAILY,1991-2020,IBGE_2024
3142254,Miravânia,MG,602.128,10,out,63.53396305097363,OK,1991,2020,30,CHIRPS_v2,UCSB-CHG/CHIRPS/DAILY,1991-2020,IBGE_2024
3140852,Matias Cardoso,MG,1940.597,10,out,55.98683877348563,OK,1991,2020,30,CHIRPS_v2,UCSB-CHG/CHIRPS/DAILY,1991-2020,IBGE_2024
3139300,Manga,MG,1950.184,10,out,56.678351690881975,OK,1991,2020,30,CHIRPS_v2,UCSB-CHG/CHIRPS/DAILY,1991-2020,IBGE_2024
3146552,Pai Pedro,MG,839.805,10,out,47.44548791242758,OK,1991,2020,30,CHIRPS_v2,UCSB-CHG/CHIRPS/DAILY,1991-2020,IBGE_2024
3171030,Verdelândia,MG,1570.582,10,out,55.28096762576367,OK,1991,2020,30,CHIRPS_v2,UCSB-CHG/CHIRPS/DAILY,1991-2020,IBGE_2024
3154507,Riacho dos Machados,MG,1315.54,10,out,64.99551185491484,OK,1991,2020,30,CHIRPS_v2,UCSB-CHG/CHIRPS/DAILY,1991-2020,IBGE_2024
3146255,Padre Carvalho,MG,446.275,10,out,68.0156908429619,OK,1991,2020,30,CHIRPS_v2,UCSB-CHG/CHIRPS/DAILY,1991-2020,IBGE_2024
3170651,Vargem Grande do Rio Pardo,MG,491.512,10,out,62.325606646221715,OK,1991,2020,30,CHIRPS_v2,UCSB-CHG/CHIRPS/DAILY,1991-2020,IBGE_2024
3120870,Curral de Dentro,MG,570.95,10,out,57.33190646498353,OK,1991,2020,30,CHIRPS_v2,UCSB-CHG/CHIRPS/DAILY,1991-2020,IBGE_2024
3145372,Novorizonte,MG,271.61,10,out,65.90687930878173,OK,1991,2020,30,CHIRPS_v2,UCSB-CHG/CHIRPS/DAILY,1991-2020,IBGE_2024
3144656,Ninheira,MG,1108.27,10,out,50.79016683715032,OK,1991,2020,30,CHIRPS_v2,UCSB-CHG/CHIRPS/DAILY,1991-2020,IBGE_2024
3168002,Taiobeiras,MG,1220.045,10,out,61.93384081658664,OK,1991,2020,30,CHIRPS_v2,UCSB-CHG/CHIRPS/DAILY,1991-2020,IBGE_2024
3127073,Fruta de Leite,MG,762.837,10,out,65.42936424821671,OK,1991,2020,30,CHIRPS_v2,UCSB-CHG/CHIRPS/DAILY,1991-2020,IBGE_2024
3157377,Santa Cruz de Salinas,MG,589.607,10,out,56.4711706525821,OK,1991,2020,30,CHIRPS_v2,UCSB-CHG/CHIRPS/DAILY,1991-2020,IBGE_2024
3157005,Salinas,MG,1862.117,10,out,64.13928942529931,OK,1991,2020,30,CHIRPS_v2,UCSB-CHG/CHIRPS/DAILY,1991-2020,IBGE_2024
3156502,Rubelita,MG,1110.295,10,out,63.319119727013664,OK,1991,2020,30,CHIRPS_v2,UCSB-CHG/CHIRPS/DAILY,1991-2020,IBGE_2024
3155603,Rio Pardo de Minas,MG,3117.675,10,out,63.18550319111882,OK,1991,2020,30,CHIRPS_v2,UCSB-CHG/CHIRPS/DAILY,1991-2020,IBGE_2024
3106655,Berizal,MG,488.756,10,out,56.20463500762752,OK,1991,2020,30,CHIRPS_v2,UCSB-CHG/CHIRPS/DAILY,1991-2020,IBGE_2024
3130655,Indaiabira,MG,1004.149,10,out,61.12658638993497,OK,1991,2020,30,CHIRPS_v2,UCSB-CHG/CHIRPS/DAILY,1991-2020,IBGE_2024
3162708,São João do Paraíso,MG,1925.575,10,out,55.27130934124967,OK,1991,2020,30,CHIRPS_v2,UCSB-CHG/CHIRPS/DAILY,1991-2020,IBGE_2024
3162450,São João das Missões,MG,678.274,10,out,60.210847054091225,OK,1991,2020,30,CHIRPS_v2,UCSB-CHG/CHIRPS/DAILY,1991-2020,IBGE_2024
3136959,Juvenília,MG,1064.692,10,out,55.12599529049741,OK,1991,2020,30,CHIRPS_v2,UCSB-CHG/CHIRPS/DAILY,1991-2020,IBGE_2024
3135209,Januária,MG,6661.588,10,out,72.2374165501107,OK,1991,2020,30,CHIRPS_v2,UCSB-CHG/CHIRPS/DAILY,1991-2020,IBGE_2024
3117836,Cônego Marinho,MG,1610.469,10,out,68.16723240506352,OK,1991,2020,30,CHIRPS_v2,UCSB-CHG/CHIRPS/DAILY,1991-2020,IBGE_2024
3142700,Montalvânia,MG,1503.755,10,out,60.78382740592984,OK,1991,2020,30,CHIRPS_v2,UCSB-CHG/CHIRPS/DAILY,1991-2020,IBGE_2024
3149150,Pedras de Maria da Cruz,MG,1525.648,10,out,67.19317695929249,OK,1991,2020,30,CHIRPS_v2,UCSB-CHG/CHIRPS/DAILY,1991-2020,IBGE_2024
3132107,Itacarambi,MG,1225.273,10,out,59.81779444820348,OK,1991,2020,30,CHIRPS_v2,UCSB-CHG/CHIRPS/DAILY,1991-2020,IBGE_2024
3108255,Bonito de Minas,MG,3936.455,10,out,73.40276717019948,OK,1991,2020,30,CHIRPS_v2,UCSB-CHG/CHIRPS/DAILY,1991-2020,IBGE_2024
3151206,Pirapora,MG,549.514,10,out,90.26419633280894,OK,1991,2020,30,CHIRPS_v2,UCSB-CHG/CHIRPS/DAILY,1991-2020,IBGE_2024
3170008,Ubaí,MG,820.524,10,out,67.1886556256787,OK,1991,2020,30,CHIRPS_v2,UCSB-CHG/CHIRPS/DAILY,1991-2020,IBGE_2024
3161106,São Francisco,MG,3308.1,10,out,76.44380840442048,OK,1991,2020,30,CHIRPS_v2,UCSB-CHG/CHIRPS/DAILY,1991-2020,IBGE_2024
3130051,Icaraí de Minas,MG,625.664,10,out,66.7380405683426,OK,1991,2020,30,CHIRPS_v2,UCSB-CHG/CHIRPS/DAILY,1991-2020,IBGE_2024
3160454,Santo Antônio do Retiro,MG,796.29,10,out,57.753962919601044,OK,1991,2020,30,CHIRPS_v2,UCSB-CHG/CHIRPS/DAILY,1991-2020,IBGE_2024
3143450,Montezuma,MG,1130.419,10,out,59.21719710821601,OK,1991,2020,30,CHIRPS_v2,UCSB-CHG/CHIRPS/DAILY,1991-2020,IBGE_2024
3127339,Gameleiras,MG,1733.203,10,out,49.64604538651704,OK,1991,2020,30,CHIRPS_v2,UCSB-CHG/CHIRPS/DAILY,1991-2020,IBGE_2024
3142908,Monte Azul,MG,1001.296,10,out,47.820207270343765,OK,1991,2020,30,CHIRPS_v2,UCSB-CHG/CHIRPS/DAILY,1991-2020,IBGE_2024
3124302,Espinosa,MG,1868.97,10,out,51.01796015280272,OK,1991,2020,30,CHIRPS_v2,UCSB-CHG/CHIRPS/DAILY,1991-2020,IBGE_2024
3141009,Mato Verde,MG,472.245,10,out,46.884729843096146,OK,1991,2020,30,CHIRPS_v2,UCSB-CHG/CHIRPS/DAILY,1991-2020,IBGE_2024
3115474,Catuti,MG,287.812,10,out,47.45661391709248,OK,1991,2020,30,CHIRPS_v2,UCSB-CHG/CHIRPS/DAILY,1991-2020,IBGE_2024
3139250,Mamonas,MG,284.365,10,out,52.918784400241314,OK,1991,2020,30,CHIRPS_v2,UCSB-CHG/CHIRPS/DAILY,1991-2020,IBGE_2024
3168606,Teófilo Otoni,MG,3242.27,10,out,83.32159458502873,OK,1991,2020,30,CHIRPS_v2,UCSB-CHG/CHIRPS/DAILY,1991-2020,IBGE_2024
3146206,Ouro Verde de Minas,MG,175.482,10,out,82.75453478036546,OK,1991,2020,30,CHIRPS_v2,UCSB-CHG/CHIRPS/DAILY,1991-2020,IBGE_2024
3146305,Padre Paraíso,MG,544.375,10,out,65.11634247665165,OK,1991,2020,30,CHIRPS_v2,UCSB-CHG/CHIRPS/DAILY,1991-2020,IBGE_2024
3145307,Novo Cruzeiro,MG,1702.981,10,out,77.33677387699561,OK,1991,2020,30,CHIRPS_v2,UCSB-CHG/CHIRPS/DAILY,1991-2020,IBGE_2024
3145356,Novo Oriente de Minas,MG,755.151,10,out,69.39545440474939,OK,1991,2020,30,CHIRPS_v2,UCSB-CHG/CHIRPS/DAILY,1991-2020,IBGE_2024
3113008,Caraí,MG,1242.345,10,out,70.43501864425124,OK,1991,2020,30,CHIRPS_v2,UCSB-CHG/CHIRPS/DAILY,1991-2020,IBGE_2024
3144904,Nova Módica,MG,375.973,10,out,85.01324606011549,OK,1991,2020,30,CHIRPS_v2,UCSB-CHG/CHIRPS/DAILY,1991-2020,IBGE_2024
3104700,Ataléia,MG,1836.933,10,out,78.93571986824678,OK,1991,2020,30,CHIRPS_v2,UCSB-CHG/CHIRPS/DAILY,1991-2020,IBGE_2024
3137007,Ladainha,MG,866.29,10,out,83.47307419474909,OK,1991,2020,30,CHIRPS_v2,UCSB-CHG/CHIRPS/DAILY,1991-2020,IBGE_2024
3144300,Nanuque,MG,1518.166,10,out,77.66121602603162,OK,1991,2020,30,CHIRPS_v2,UCSB-CHG/CHIRPS/DAILY,1991-2020,IBGE_2024
3152170,Ponto dos Volantes,MG,1212.413,10,out,60.15771758005461,OK,1991,2020,30,CHIRPS_v2,UCSB-CHG/CHIRPS/DAILY,1991-2020,IBGE_2024
3152402,Poté,MG,625.111,10,out,84.6805145300725,OK,1991,2020,30,CHIRPS_v2,UCSB-CHG/CHIRPS/DAILY,1991-2020,IBGE_2024
3110806,Campanário,MG,442.398,10,out,83.07558953687389,OK,1991,2020,30,CHIRPS_v2,UCSB-CHG/CHIRPS/DAILY,1991-2020,IBGE_2024
3143153,Monte Formoso,MG,385.553,10,out,64.3477452897167,OK,1991,2020,30,CHIRPS_v2,UCSB-CHG/CHIRPS/DAILY,1991-2020,IBGE_2024
3126752,Franciscópolis,MG,717.087,10,out,82.21636293829427,OK,1991,2020,30,CHIRPS_v2,UCSB-CHG/CHIRPS/DAILY,1991-2020,IBGE_2024
3126802,Frei Gaspar,MG,626.672,10,out,82.4229224470198,OK,1991,2020,30,CHIRPS_v2,UCSB-CHG/CHIRPS/DAILY,1991-2020,IBGE_2024
3150000,Pescador,MG,317.463,10,out,82.52116884616929,OK,1991,2020,30,CHIRPS_v2,UCSB-CHG/CHIRPS/DAILY,1991-2020,IBGE_2024
3166709,Serra dos Aimorés,MG,213.574,10,out,84.85905702148796,OK,1991,2020,30,CHIRPS_v2,UCSB-CHG/CHIRPS/DAILY,1991-2020,IBGE_2024
3133303,Itaobim,MG,679.024,10,out,49.724266464484714,OK,1991,2020,30,CHIRPS_v2,UCSB-CHG/CHIRPS/DAILY,1991-2020,IBGE_2024
3132701,Itambacuri,MG,1419.209,10,out,83.56845888682086,OK,1991,2020,30,CHIRPS_v2,UCSB-CHG/CHIRPS/DAILY,1991-2020,IBGE_2024
3165552,Setubinha,MG,534.655,10,out,88.08186304249695,OK,1991,2020,30,CHIRPS_v2,UCSB-CHG/CHIRPS/DAILY,1991-2020,IBGE_2024
3148509,Pavão,MG,601.19,10,out,68.92750848637063,OK,1991,2020,30,CHIRPS_v2,UCSB-CHG/CHIRPS/DAILY,1991-2020,IBGE_2024
3132305,Itaipé,MG,480.829,10,out,77.11679826195962,OK,1991,2020,30,CHIRPS_v2,UCSB-CHG/CHIRPS/DAILY,1991-2020,IBGE_2024
3115458,Catuji,MG,419.38,10,out,76.68102484527817,OK,1991,2020,30,CHIRPS_v2,UCSB-CHG/CHIRPS/DAILY,1991-2020,IBGE_2024
3139201,Malacacheta,MG,727.886,10,out,85.56942361417632,OK,1991,2020,30,CHIRPS_v2,UCSB-CHG/CHIRPS/DAILY,1991-2020,IBGE_2024
3163300,São José do Divino,MG,328.704,10,out,82.6770548322834,OK,1991,2020,30,CHIRPS_v2,UCSB-CHG/CHIRPS/DAILY,1991-2020,IBGE_2024
3113701,Carlos Chagas,MG,3202.984,10,out,71.0717177704798,OK,1991,2020,30,CHIRPS_v2,UCSB-CHG/CHIRPS/DAILY,1991-2020,IBGE_2024
3104452,Aricanduva,MG,243.329,10,out,92.1362926072159,OK,1991,2020,30,CHIRPS_v2,UCSB-CHG/CHIRPS/DAILY,1991-2020,IBGE_2024
3169703,Turmalina,MG,1153.111,10,out,78.69233153981918,OK,1991,2020,30,CHIRPS_v2,UCSB-CHG/CHIRPS/DAILY,1991-2020,IBGE_2024
3112307,Capelinha,MG,965.292,10,out,88.81524362283605,OK,1991,2020,30,CHIRPS_v2,UCSB-CHG/CHIRPS/DAILY,1991-2020,IBGE_2024
3102852,Angelândia,MG,185.211,10,out,88.67022607352023,OK,1991,2020,30,CHIRPS_v2,UCSB-CHG/CHIRPS/DAILY,1991-2020,IBGE_2024
3141801,Minas Novas,MG,1812.398,10,out,77.64233753968576,OK,1991,2020,30,CHIRPS_v2,UCSB-CHG/CHIRPS/DAILY,1991-2020,IBGE_2024
3100609,Água Boa,MG,1320.344,10,out,86.64627879975019,OK,1991,2020,30,CHIRPS_v2,UCSB-CHG/CHIRPS/DAILY,1991-2020,IBGE_2024
3132503,Itamarandiba,MG,2735.665,10,out,91.80322504339419,OK,1991,2020,30,CHIRPS_v2,UCSB-CHG/CHIRPS/DAILY,1991-2020,IBGE_2024
3116100,Chapada do Norte,MG,830.833,10,out,69.86356738172385,OK,1991,2020,30,CHIRPS_v2,UCSB-CHG/CHIRPS/DAILY,1991-2020,IBGE_2024
3171071,Veredinha,MG,631.691,10,out,82.9806325226492,OK,1991,2020,30,CHIRPS_v2,UCSB-CHG/CHIRPS/DAILY,1991-2020,IBGE_2024
3138351,Leme do Prado,MG,280.036,10,out,73.77851916744855,OK,1991,2020,30,CHIRPS_v2,UCSB-CHG/CHIRPS/DAILY,1991-2020,IBGE_2024
3105202,Bandeira,MG,483.789,10,out,39.87560075072055,OK,1991,2020,30,CHIRPS_v2,UCSB-CHG/CHIRPS/DAILY,1991-2020,IBGE_2024
3136504,Jordânia,MG,546.705,10,out,35.484754468989294,OK,1991,2020,30,CHIRPS_v2,UCSB-CHG/CHIRPS/DAILY,1991-2020,IBGE_2024
3135803,Jequitinhonha,MG,3514.216,10,out,53.1650505189742,OK,1991,2020,30,CHIRPS_v2,UCSB-CHG/CHIRPS/DAILY,1991-2020,IBGE_2024
3160306,Santo Antônio do Jacinto,MG,503.706,10,out,32.5312183187975,OK,1991,2020,30,CHIRPS_v2,UCSB-CHG/CHIRPS/DAILY,1991-2020,IBGE_2024
3136009,Joaíma,MG,1664.19,10,out,63.152206797390164,OK,1991,2020,30,CHIRPS_v2,UCSB-CHG/CHIRPS/DAILY,1991-2020,IBGE_2024
3134707,Jacinto,MG,1393.609,10,out,43.75057642890708,OK,1991,2020,30,CHIRPS_v2,UCSB-CHG/CHIRPS/DAILY,1991-2020,IBGE_2024
3101706,Almenara,MG,2294.426,10,out,56.44626463685864,OK,1991,2020,30,CHIRPS_v2,UCSB-CHG/CHIRPS/DAILY,1991-2020,IBGE_2024
3158102,Santa Maria do Salto,MG,440.605,10,out,27.994689774338614,OK,1991,2020,30,CHIRPS_v2,UCSB-CHG/CHIRPS/DAILY,1991-2020,IBGE_2024
3125606,Felisburgo,MG,596.215,10,out,47.8353100187444,OK,1991,2020,30,CHIRPS_v2,UCSB-CHG/CHIRPS/DAILY,1991-2020,IBGE_2024
3157104,Salto da Divisa,MG,938.008,10,out,55.228056380850084,OK,1991,2020,30,CHIRPS_v2,UCSB-CHG/CHIRPS/DAILY,1991-2020,IBGE_2024
3156601,Rubim,MG,965.174,10,out,46.60924413973234,OK,1991,2020,30,CHIRPS_v2,UCSB-CHG/CHIRPS/DAILY,1991-2020,IBGE_2024
3140555,Mata Verde,MG,227.539,10,out,39.64814460786985,OK,1991,2020,30,CHIRPS_v2,UCSB-CHG/CHIRPS/DAILY,1991-2020,IBGE_2024
3155108,Rio do Prado,MG,479.815,10,out,53.23881246488738,OK,1991,2020,30,CHIRPS_v2,UCSB-CHG/CHIRPS/DAILY,1991-2020,IBGE_2024
3146750,Palmópolis,MG,433.154,10,out,53.95057478193613,OK,1991,2020,30,CHIRPS_v2,UCSB-CHG/CHIRPS/DAILY,1991-2020,IBGE_2024
3121605,Diamantina,MG,3891.659,10,out,96.26425458031187,OK,1991,2020,30,CHIRPS_v2,UCSB-CHG/CHIRPS/DAILY,1991-2020,IBGE_2024
3113503,Carbonita,MG,1456.095,10,out,85.36526895014379,OK,1991,2020,30,CHIRPS_v2,UCSB-CHG/CHIRPS/DAILY,1991-2020,IBGE_2024
3121001,Datas,MG,310.099,10,out,102.11811538973657,OK,1991,2020,30,CHIRPS_v2,UCSB-CHG/CHIRPS/DAILY,1991-2020,IBGE_2024
3153301,Presidente Kubitschek,MG,189.235,10,out,104.34944720216328,OK,1991,2020,30,CHIRPS_v2,UCSB-CHG/CHIRPS/DAILY,1991-2020,IBGE_2024
3120102,Couto de Magalhães de Minas,MG,485.654,10,out,97.60331402729149,OK,1991,2020,30,CHIRPS_v2,UCSB-CHG/CHIRPS/DAILY,1991-2020,IBGE_2024
3127602,Gouveia,MG,866.601,10,out,99.15970353067571,OK,1991,2020,30,CHIRPS_v2,UCSB-CHG/CHIRPS/DAILY,1991-2020,IBGE_2024
3160207,Santo Antônio do Itambé,MG,305.737,10,out,101.77946321417284,OK,1991,2020,30,CHIRPS_v2,UCSB-CHG/CHIRPS/DAILY,1991-2020,IBGE_2024
3102407,Alvorada de Minas,MG,374.008,10,out,106.48933750053337,OK,1991,2020,30,CHIRPS_v2,UCSB-CHG/CHIRPS/DAILY,1991-2020,IBGE_2024
3167103,Serro,MG,1217.813,10,out,103.50670389943961,OK,1991,2020,30,CHIRPS_v2,UCSB-CHG/CHIRPS/DAILY,1991-2020,IBGE_2024
3125507,São Gonçalo do Rio Preto,MG,314.458,10,out,96.0196189794588,OK,1991,2020,30,CHIRPS_v2,UCSB-CHG/CHIRPS/DAILY,1991-2020,IBGE_2024
3166501,Serra Azul de Minas,MG,218.595,10,out,101.14089358996372,OK,1991,2020,30,CHIRPS_v2,UCSB-CHG/CHIRPS/DAILY,1991-2020,IBGE_2024
3125408,Felício dos Santos,MG,357.622,10,out,97.63883259336963,OK,1991,2020,30,CHIRPS_v2,UCSB-CHG/CHIRPS/DAILY,1991-2020,IBGE_2024
3165909,Senador Modestino Gonçalves,MG,952.055,10,out,93.81169755087382,OK,1991,2020,30,CHIRPS_v2,UCSB-CHG/CHIRPS/DAILY,1991-2020,IBGE_2024
3136520,José Gonçalves de Minas,MG,381.332,10,out,69.10161554223971,OK,1991,2020,30,CHIRPS_v2,UCSB-CHG/CHIRPS/DAILY,1991-2020,IBGE_2024
3103405,Araçuaí,MG,2236.279,10,out,62.272957231127215,OK,1991,2020,30,CHIRPS_v2,UCSB-CHG/CHIRPS/DAILY,1991-2020,IBGE_2024
3119500,Coronel Murta,MG,815.413,10,out,54.18133188667711,OK,1991,2020,30,CHIRPS_v2,UCSB-CHG/CHIRPS/DAILY,1991-2020,IBGE_2024
3135456,Jenipapo de Minas,MG,284.453,10,out,68.0965522437622,OK,1991,2020,30,CHIRPS_v2,UCSB-CHG/CHIRPS/DAILY,1991-2020,IBGE_2024
3126505,Francisco Badaró,MG,461.481,10,out,59.77432412314363,OK,1991,2020,30,CHIRPS_v2,UCSB-CHG/CHIRPS/DAILY,1991-2020,IBGE_2024
3134004,Itinga,MG,1649.622,10,out,55.486565217834155,OK,1991,2020,30,CHIRPS_v2,UCSB-CHG/CHIRPS/DAILY,1991-2020,IBGE_2024
3106507,Berilo,MG,587.106,10,out,61.89014193389007,OK,1991,2020,30,CHIRPS_v2,UCSB-CHG/CHIRPS/DAILY,1991-2020,IBGE_2024
3171600,Virgem da Lapa,MG,868.914,10,out,53.94528792131111,OK,1991,2020,30,CHIRPS_v2,UCSB-CHG/CHIRPS/DAILY,1991-2020,IBGE_2024
3102704,Cachoeira de Pajeú,MG,695.672,10,out,51.33280815958998,OK,1991,2020,30,CHIRPS_v2,UCSB-CHG/CHIRPS/DAILY,1991-2020,IBGE_2024
3141405,Medina,MG,1435.903,10,out,43.12746010093024,OK,1991,2020,30,CHIRPS_v2,UCSB-CHG/CHIRPS/DAILY,1991-2020,IBGE_2024
3101003,Águas Vermelhas,MG,1256.607,10,out,52.46578077051434,OK,1991,2020,30,CHIRPS_v2,UCSB-CHG/CHIRPS/DAILY,1991-2020,IBGE_2024
3117009,Comercinho,MG,654.961,10,out,56.4262255005826,OK,1991,2020,30,CHIRPS_v2,UCSB-CHG/CHIRPS/DAILY,1991-2020,IBGE_2024
3148707,Pedra Azul,MG,1594.651,10,out,57.909680364203226,OK,1991,2020,30,CHIRPS_v2,UCSB-CHG/CHIRPS/DAILY,1991-2020,IBGE_2024
3122454,Divisópolis,MG,572.926,10,out,48.16301182711296,OK,1991,2020,30,CHIRPS_v2,UCSB-CHG/CHIRPS/DAILY,1991-2020,IBGE_2024
3122355,Divisa Alegre,MG,117.802,10,out,51.972833718749484,OK,1991,2020,30,CHIRPS_v2,UCSB-CHG/CHIRPS/DAILY,1991-2020,IBGE_2024
3170305,Umburatiba,MG,405.834,10,out,70.8392568124478,OK,1991,2020,30,CHIRPS_v2,UCSB-CHG/CHIRPS/DAILY,1991-2020,IBGE_2024
3120151,Crisólita,MG,966.202,10,out,65.42165735113912,OK,1991,2020,30,CHIRPS_v2,UCSB-CHG/CHIRPS/DAILY,1991-2020,IBGE_2024
3127057,Fronteira dos Vales,MG,320.757,10,out,67.42211611744135,OK,1991,2020,30,CHIRPS_v2,UCSB-CHG/CHIRPS/DAILY,1991-2020,IBGE_2024
3100906,Águas Formosas,MG,820.079,10,out,66.76452402099183,OK,1991,2020,30,CHIRPS_v2,UCSB-CHG/CHIRPS/DAILY,1991-2020,IBGE_2024
3157658,Santa Helena de Minas,MG,276.433,10,out,71.34464565376928,OK,1991,2020,30,CHIRPS_v2,UCSB-CHG/CHIRPS/DAILY,1991-2020,IBGE_2024
3106606,Bertópolis,MG,427.803,10,out,73.25895783309907,OK,1991,2020,30,CHIRPS_v2,UCSB-CHG/CHIRPS/DAILY,1991-2020,IBGE_2024
3138906,Machacalis,MG,332.378,10,out,68.74285748404778,OK,1991,2020,30,CHIRPS_v2,UCSB-CHG/CHIRPS/DAILY,1991-2020,IBGE_2024
3127701,Governador Valadares,MG,2342.376,10,out,79.41497899727378,OK,1991,2020,30,CHIRPS_v2,UCSB-CHG/CHIRPS/DAILY,1991-2020,IBGE_2024
3112653,Capitão Andrade,MG,279.088,10,out,79.0426355484897,OK,1991,2020,30,CHIRPS_v2,UCSB-CHG/CHIRPS/DAILY,1991-2020,IBGE_2024
3169505,Tumiritinga,MG,500.073,10,out,78.21750112693684,OK,1991,2020,30,CHIRPS_v2,UCSB-CHG/CHIRPS/DAILY,1991-2020,IBGE_2024
3161601,São Geraldo da Piedade,MG,152.336,10,out,86.26175075055126,OK,1991,2020,30,CHIRPS_v2,UCSB-CHG/CHIRPS/DAILY,1991-2020,IBGE_2024
3161650,São Geraldo do Baixio,MG,280.954,10,out,82.00528977172655,OK,1991,2020,30,CHIRPS_v2,UCSB-CHG/CHIRPS/DAILY,1991-2020,IBGE_2024
3127503,Gonzaga,MG,209.348,10,out,94.00950614499666,OK,1991,2020,30,CHIRPS_v2,UCSB-CHG/CHIRPS/DAILY,1991-2020,IBGE_2024
3119203,Coroaci,MG,576.274,10,out,90.28918886850529,OK,1991,2020,30,CHIRPS_v2,UCSB-CHG/CHIRPS/DAILY,1991-2020,IBGE_2024
3127370,Goiabeira,MG,112.443,10,out,88.38457794017376,OK,1991,2020,30,CHIRPS_v2,UCSB-CHG/CHIRPS/DAILY,1991-2020,IBGE_2024
3168408,Tarumirim,MG,731.753,10,out,87.2480849306518,OK,1991,2020,30,CHIRPS_v2,UCSB-CHG/CHIRPS/DAILY,1991-2020,IBGE_2024
3144201,Nacip Raydan,MG,233.493,10,out,91.77547327323735,OK,1991,2020,30,CHIRPS_v2,UCSB-CHG/CHIRPS/DAILY,1991-2020,IBGE_2024
3135076,Jampruca,MG,517.095,10,out,86.48938364867882,OK,1991,2020,30,CHIRPS_v2,UCSB-CHG/CHIRPS/DAILY,1991-2020,IBGE_2024
3126901,Frei Inocêncio,MG,469.557,10,out,83.05542993546358,OK,1991,2020,30,CHIRPS_v2,UCSB-CHG/CHIRPS/DAILY,1991-2020,IBGE_2024
3127305,Galiléia,MG,720.303,10,out,80.27374521826438,OK,1991,2020,30,CHIRPS_v2,UCSB-CHG/CHIRPS/DAILY,1991-2020,IBGE_2024
3118403,Conselheiro Pena,MG,1466.367,10,out,85.28371724292091,OK,1991,2020,30,CHIRPS_v2,UCSB-CHG/CHIRPS/DAILY,1991-2020,IBGE_2024
3101805,Alpercata,MG,166.972,10,out,77.15877851541119,OK,1991,2020,30,CHIRPS_v2,UCSB-CHG/CHIRPS/DAILY,1991-2020,IBGE_2024
3167707,Sobrália,MG,206.787,10,out,88.49116912028876,OK,1991,2020,30,CHIRPS_v2,UCSB-CHG/CHIRPS/DAILY,1991-2020,IBGE_2024
3125804,Fernandes Tourinho,MG,151.875,10,out,83.03681478420968,OK,1991,2020,30,CHIRPS_v2,UCSB-CHG/CHIRPS/DAILY,1991-2020,IBGE_2024
3133204,Itanhomi,MG,488.843,10,out,83.02952462435408,OK,1991,2020,30,CHIRPS_v2,UCSB-CHG/CHIRPS/DAILY,1991-2020,IBGE_2024
3165503,Sardoá,MG,141.904,10,out,91.02103198833201,OK,1991,2020,30,CHIRPS_v2,UCSB-CHG/CHIRPS/DAILY,1991-2020,IBGE_2024
3157500,Santa Efigênia de Minas,MG,131.965,10,out,89.9253685279002,OK,1991,2020,30,CHIRPS_v2,UCSB-CHG/CHIRPS/DAILY,1991-2020,IBGE_2024
3140100,Marilac,MG,158.809,10,out,86.49523968579986,OK,1991,2020,30,CHIRPS_v2,UCSB-CHG/CHIRPS/DAILY,1991-2020,IBGE_2024
3123700,Engenheiro Caldas,MG,187.058,10,out,82.24251125143124,OK,1991,2020,30,CHIRPS_v2,UCSB-CHG/CHIRPS/DAILY,1991-2020,IBGE_2024
3171501,Mathias Lobato,MG,172.297,10,out,80.17490783293907,OK,1991,2020,30,CHIRPS_v2,UCSB-CHG/CHIRPS/DAILY,1991-2020,IBGE_2024
3171907,Virgolândia,MG,281.022,10,out,94.36919556422622,OK,1991,2020,30,CHIRPS_v2,UCSB-CHG/CHIRPS/DAILY,1991-2020,IBGE_2024
3163003,São José da Safira,MG,213.881,10,out,87.21214495113087,OK,1991,2020,30,CHIRPS_v2,UCSB-CHG/CHIRPS/DAILY,1991-2020,IBGE_2024
3122108,Divino das Laranjeiras,MG,342.249,10,out,83.3163657394779,OK,1991,2020,30,CHIRPS_v2,UCSB-CHG/CHIRPS/DAILY,1991-2020,IBGE_2024
3112059,Cantagalo,MG,141.855,10,out,88.65941240636877,OK,1991,2020,30,CHIRPS_v2,UCSB-CHG/CHIRPS/DAILY,1991-2020,IBGE_2024
3128006,Guanhães,MG,1075.124,10,out,97.27878564346757,OK,1991,2020,30,CHIRPS_v2,UCSB-CHG/CHIRPS/DAILY,1991-2020,IBGE_2024
3136553,José Raydan,MG,180.822,10,out,89.85104592277769,OK,1991,2020,30,CHIRPS_v2,UCSB-CHG/CHIRPS/DAILY,1991-2020,IBGE_2024
3126950,Frei Lagonegro,MG,167.474,10,out,94.61423967954778,OK,1991,2020,30,CHIRPS_v2,UCSB-CHG/CHIRPS/DAILY,1991-2020,IBGE_2024
3158201,Santa Maria do Suaçuí,MG,624.047,10,out,87.42312279515441,OK,1991,2020,30,CHIRPS_v2,UCSB-CHG/CHIRPS/DAILY,1991-2020,IBGE_2024
3116803,Coluna,MG,347.716,10,out,91.96985003000891,OK,1991,2020,30,CHIRPS_v2,UCSB-CHG/CHIRPS/DAILY,1991-2020,IBGE_2024
3166105,Senhora do Porto,MG,381.328,10,out,104.43356381311295,OK,1991,2020,30,CHIRPS_v2,UCSB-CHG/CHIRPS/DAILY,1991-2020,IBGE_2024
3148608,Peçanha,MG,996.646,10,out,92.71379271435725,OK,1991,2020,30,CHIRPS_v2,UCSB-CHG/CHIRPS/DAILY,1991-2020,IBGE_2024
3140605,Materlândia,MG,280.53,10,out,97.74245270603753,OK,1991,2020,30,CHIRPS_v2,UCSB-CHG/CHIRPS/DAILY,1991-2020,IBGE_2024
3148400,Paulistas,MG,220.564,10,out,91.75273877786374,OK,1991,2020,30,CHIRPS_v2,UCSB-CHG/CHIRPS/DAILY,1991-2020,IBGE_2024
3156809,Sabinópolis,MG,919.811,10,out,99.84327732600927,OK,1991,2020,30,CHIRPS_v2,UCSB-CHG/CHIRPS/DAILY,1991-2020,IBGE_2024
3164506,São Sebastião do Maranhão,MG,517.83,10,out,88.41633179239099,OK,1991,2020,30,CHIRPS_v2,UCSB-CHG/CHIRPS/DAILY,1991-2020,IBGE_2024
3156007,Rio Vermelho,MG,987.246,10,out,95.71293463900341,OK,1991,2020,30,CHIRPS_v2,UCSB-CHG/CHIRPS/DAILY,1991-2020,IBGE_2024
3123106,Dores de Guanhães,MG,382.124,10,out,99.52090376636616,OK,1991,2020,30,CHIRPS_v2,UCSB-CHG/CHIRPS/DAILY,1991-2020,IBGE_2024
3164100,São Pedro do Suaçuí,MG,308.106,10,out,87.22817589282775,OK,1991,2020,30,CHIRPS_v2,UCSB-CHG/CHIRPS/DAILY,1991-2020,IBGE_2024
3171808,Virginópolis,MG,439.878,10,out,93.90794601924634,OK,1991,2020,30,CHIRPS_v2,UCSB-CHG/CHIRPS/DAILY,1991-2020,IBGE_2024
3163508,São José do Jacuri,MG,345.146,10,out,90.16630088774336,OK,1991,2020,30,CHIRPS_v2,UCSB-CHG/CHIRPS/DAILY,1991-2020,IBGE_2024
3122603,Dom Joaquim,MG,398.793,10,out,111.10154702254633,OK,1991,2020,30,CHIRPS_v2,UCSB-CHG/CHIRPS/DAILY,1991-2020,IBGE_2024
3162807,São João Evangelista,MG,478.183,10,out,88.07032243250354,OK,1991,2020,30,CHIRPS_v2,UCSB-CHG/CHIRPS/DAILY,1991-2020,IBGE_2024
3122207,Divinolândia de Minas,MG,133.12,10,out,95.01525183523712,OK,1991,2020,30,CHIRPS_v2,UCSB-CHG/CHIRPS/DAILY,1991-2020,IBGE_2024
3162575,São João do Manteninha,MG,137.928,10,out,82.789252353748,OK,1991,2020,30,CHIRPS_v2,UCSB-CHG/CHIRPS/DAILY,1991-2020,IBGE_2024
3144672,Nova Belém,MG,146.776,10,out,80.82454336560804,OK,1991,2020,30,CHIRPS_v2,UCSB-CHG/CHIRPS/DAILY,1991-2020,IBGE_2024
3161056,São Félix de Minas,MG,162.56,10,out,84.86039519219834,OK,1991,2020,30,CHIRPS_v2,UCSB-CHG/CHIRPS/DAILY,1991-2020,IBGE_2024
3141504,Mendes Pimentel,MG,305.507,10,out,83.9360396500821,OK,1991,2020,30,CHIRPS_v2,UCSB-CHG/CHIRPS/DAILY,1991-2020,IBGE_2024
3115706,Central de Minas,MG,204.328,10,out,81.74242128028617,OK,1991,2020,30,CHIRPS_v2,UCSB-CHG/CHIRPS/DAILY,1991-2020,IBGE_2024
3131802,Itabirinha,MG,209.034,10,out,83.11574681658415,OK,1991,2020,30,CHIRPS_v2,UCSB-CHG/CHIRPS/DAILY,1991-2020,IBGE_2024
3139607,Mantena,MG,685.208,10,out,81.81593695738425,OK,1991,2020,30,CHIRPS_v2,UCSB-CHG/CHIRPS/DAILY,1991-2020,IBGE_2024
3154309,Resplendor,MG,1081.796,10,out,90.58466536329408,OK,1991,2020,30,CHIRPS_v2,UCSB-CHG/CHIRPS/DAILY,1991-2020,IBGE_2024
3120839,Cuparaque,MG,226.75,10,out,89.33081307043017,OK,1991,2020,30,CHIRPS_v2,UCSB-CHG/CHIRPS/DAILY,1991-2020,IBGE_2024
3159506,Santa Rita do Itueto,MG,485.081,10,out,91.21978816890568,OK,1991,2020,30,CHIRPS_v2,UCSB-CHG/CHIRPS/DAILY,1991-2020,IBGE_2024
3134103,Itueta,MG,452.676,10,out,92.52033431855882,OK,1991,2020,30,CHIRPS_v2,UCSB-CHG/CHIRPS/DAILY,1991-2020,IBGE_2024
3101102,Aimorés,MG,1348.913,10,out,94.90984100165647,OK,1991,2020,30,CHIRPS_v2,UCSB-CHG/CHIRPS/DAILY,1991-2020,IBGE_2024
3144359,Naque,MG,127.173,10,out,91.83807990618246,OK,1991,2020,30,CHIRPS_v2,UCSB-CHG/CHIRPS/DAILY,1991-2020,IBGE_2024
3119401,Coronel Fabriciano,MG,221.881,10,out,93.70834695177537,OK,1991,2020,30,CHIRPS_v2,UCSB-CHG/CHIRPS/DAILY,1991-2020,IBGE_2024
3168705,Timóteo,MG,144.377,10,out,90.73586723266399,OK,1991,2020,30,CHIRPS_v2,UCSB-CHG/CHIRPS/DAILY,1991-2020,IBGE_2024
3135001,Jaguaraçu,MG,163.76,10,out,92.13489527303648,OK,1991,2020,30,CHIRPS_v2,UCSB-CHG/CHIRPS/DAILY,1991-2020,IBGE_2024
3158953,Santana do Paraíso,MG,275.575,10,out,93.07104713180962,OK,1991,2020,30,CHIRPS_v2,UCSB-CHG/CHIRPS/DAILY,1991-2020,IBGE_2024
3109253,Bugre,MG,161.491,10,out,92.96772660014597,OK,1991,2020,30,CHIRPS_v2,UCSB-CHG/CHIRPS/DAILY,1991-2020,IBGE_2024
3140308,Marliéria,MG,545.813,10,out,90.3041176029744,OK,1991,2020,30,CHIRPS_v2,UCSB-CHG/CHIRPS/DAILY,1991-2020,IBGE_2024
3131158,Ipaba,MG,113.246,10,out,91.13364803081292,OK,1991,2020,30,CHIRPS_v2,UCSB-CHG/CHIRPS/DAILY,1991-2020,IBGE_2024
3131307,Ipatinga,MG,164.482,10,out,93.33688312313693,OK,1991,2020,30,CHIRPS_v2,UCSB-CHG/CHIRPS/DAILY,1991-2020,IBGE_2024
3106309,Belo Oriente,MG,334.909,10,out,94.01616165006675,OK,1991,2020,30,CHIRPS_v2,UCSB-CHG/CHIRPS/DAILY,1991-2020,IBGE_2024
3162609,São João do Oriente,MG,120.122,10,out,91.75703905996976,OK,1991,2020,30,CHIRPS_v2,UCSB-CHG/CHIRPS/DAILY,1991-2020,IBGE_2024
3129301,Iapu,MG,340.994,10,out,92.67603294400385,OK,1991,2020,30,CHIRPS_v2,UCSB-CHG/CHIRPS/DAILY,1991-2020,IBGE_2024
3136108,Joanésia,MG,233.292,10,out,96.88910628380278,OK,1991,2020,30,CHIRPS_v2,UCSB-CHG/CHIRPS/DAILY,1991-2020,IBGE_2024
3103009,Antônio Dias,MG,787.061,10,out,95.06431884242521,OK,1991,2020,30,CHIRPS_v2,UCSB-CHG/CHIRPS/DAILY,1991-2020,IBGE_2024
3150539,Pingo-d'Água,MG,66.57,10,out,90.46415540760856,OK,1991,2020,30,CHIRPS_v2,UCSB-CHG/CHIRPS/DAILY,1991-2020,IBGE_2024
3149952,Periquito,MG,228.907,10,out,87.70618837682532,OK,1991,2020,30,CHIRPS_v2,UCSB-CHG/CHIRPS/DAILY,1991-2020,IBGE_2024
3141702,Mesquita,MG,274.938,10,out,97.97809595094377,OK,1991,2020,30,CHIRPS_v2,UCSB-CHG/CHIRPS/DAILY,1991-2020,IBGE_2024
3100500,Açucena,MG,815.422,10,out,92.9494877514873,OK,1991,2020,30,CHIRPS_v2,UCSB-CHG/CHIRPS/DAILY,1991-2020,IBGE_2024
3108800,Braúnas,MG,378.318,10,out,92.74683531009269,OK,1991,2020,30,CHIRPS_v2,UCSB-CHG/CHIRPS/DAILY,1991-2020,IBGE_2024
3163409,São José do Goiabal,MG,189.578,10,out,92.91790480761149,OK,1991,2020,30,CHIRPS_v2,UCSB-CHG/CHIRPS/DAILY,1991-2020,IBGE_2024
3122504,Dom Cavati,MG,59.52,10,out,90.48453580582411,OK,1991,2020,30,CHIRPS_v2,UCSB-CHG/CHIRPS/DAILY,1991-2020,IBGE_2024
3121803,Dionísio,MG,339.375,10,out,92.6294860441584,OK,1991,2020,30,CHIRPS_v2,UCSB-CHG/CHIRPS/DAILY,1991-2020,IBGE_2024
3170578,Vargem Alegre,MG,116.664,10,out,90.80273694884569,OK,1991,2020,30,CHIRPS_v2,UCSB-CHG/CHIRPS/DAILY,1991-2020,IBGE_2024
3154002,Raul Soares,MG,763.364,10,out,96.87961405116666,OK,1991,2020,30,CHIRPS_v2,UCSB-CHG/CHIRPS/DAILY,1991-2020,IBGE_2024
3113404,Caratinga,MG,1258.748,10,out,93.09376724447448,OK,1991,2020,30,CHIRPS_v2,UCSB-CHG/CHIRPS/DAILY,1991-2020,IBGE_2024
3170057,Ubaporanga,MG,189.045,10,out,91.52995469065783,OK,1991,2020,30,CHIRPS_v2,UCSB-CHG/CHIRPS/DAILY,1991-2020,IBGE_2024
3120003,Córrego Novo,MG,205.385,10,out,91.86767547753414,OK,1991,2020,30,CHIRPS_v2,UCSB-CHG/CHIRPS/DAILY,1991-2020,IBGE_2024
3160959,São Domingos das Dores,MG,60.865,10,out,89.94025384776913,OK,1991,2020,30,CHIRPS_v2,UCSB-CHG/CHIRPS/DAILY,1991-2020,IBGE_2024
3159357,Santa Rita de Minas,MG,68.153,10,out,96.09642652205102,OK,1991,2020,30,CHIRPS_v2,UCSB-CHG/CHIRPS/DAILY,1991-2020,IBGE_2024
3102209,Alvarenga,MG,295.691,10,out,90.57688408947244,OK,1991,2020,30,CHIRPS_v2,UCSB-CHG/CHIRPS/DAILY,1991-2020,IBGE_2024
3150158,Piedade de Caratinga,MG,109.345,10,out,94.21723375419981,OK,1991,2020,30,CHIRPS_v2,UCSB-CHG/CHIRPS/DAILY,1991-2020,IBGE_2024
3157252,Santa Bárbara do Leste,MG,107.402,10,out,96.80483264235112,OK,1991,2020,30,CHIRPS_v2,UCSB-CHG/CHIRPS/DAILY,1991-2020,IBGE_2024
3123858,Entre Folhas,MG,85.39,10,out,90.40002705627478,OK,1991,2020,30,CHIRPS_v2,UCSB-CHG/CHIRPS/DAILY,1991-2020,IBGE_2024
3107802,Bom Jesus do Galho,MG,592.289,10,out,91.84210576261728,OK,1991,2020,30,CHIRPS_v2,UCSB-CHG/CHIRPS/DAILY,1991-2020,IBGE_2024
3164472,São Sebastião do Anta,MG,80.618,10,out,91.01697489086483,OK,1991,2020,30,CHIRPS_v2,UCSB-CHG/CHIRPS/DAILY,1991-2020,IBGE_2024
3130556,Imbé de Minas,MG,196.735,10,out,91.87573677613257,OK,1991,2020,30,CHIRPS_v2,UCSB-CHG/CHIRPS/DAILY,1991-2020,IBGE_2024
3130903,Inhapim,MG,858.024,10,out,90.70091929875215,OK,1991,2020,30,CHIRPS_v2,UCSB-CHG/CHIRPS/DAILY,1991-2020,IBGE_2024
3171154,Vermelho Novo,MG,115.242,10,out,98.34348071780781,OK,1991,2020,30,CHIRPS_v2,UCSB-CHG/CHIRPS/DAILY,1991-2020,IBGE_2024
3161908,São Gonçalo do Rio Abaixo,MG,363.818,10,out,96.15901443789512,OK,1991,2020,30,CHIRPS_v2,UCSB-CHG/CHIRPS/DAILY,1991-2020,IBGE_2024
3136207,João Monlevade,MG,98.231,10,out,96.36839541245294,OK,1991,2020,30,CHIRPS_v2,UCSB-CHG/CHIRPS/DAILY,1991-2020,IBGE_2024
3144706,Nova Era,MG,361.852,10,out,94.37519469819482,OK,1991,2020,30,CHIRPS_v2,UCSB-CHG/CHIRPS/DAILY,1991-2020,IBGE_2024
3161007,São Domingos do Prata,MG,743.768,10,out,96.69711930262402,OK,1991,2020,30,CHIRPS_v2,UCSB-CHG/CHIRPS/DAILY,1991-2020,IBGE_2024
3155702,Rio Piracicaba,MG,373.037,10,out,96.79937952129428,OK,1991,2020,30,CHIRPS_v2,UCSB-CHG/CHIRPS/DAILY,1991-2020,IBGE_2024
3106002,Bela Vista de Minas,MG,109.25,10,out,95.06460621156191,OK,1991,2020,30,CHIRPS_v2,UCSB-CHG/CHIRPS/DAILY,1991-2020,IBGE_2024
3136702,Juiz de Fora,MG,1435.749,10,out,114.90869391214163,OK,1991,2020,30,CHIRPS_v2,UCSB-CHG/CHIRPS/DAILY,1991-2020,IBGE_2024
3167509,Simão Pereira,MG,135.689,10,out,106.58310939007171,OK,1991,2020,30,CHIRPS_v2,UCSB-CHG/CHIRPS/DAILY,1991-2020,IBGE_2024
3158607,Santana do Deserto,MG,182.655,10,out,105.45158872731564,OK,1991,2020,30,CHIRPS_v2,UCSB-CHG/CHIRPS/DAILY,1991-2020,IBGE_2024
3125002,Ewbank da Câmara,MG,103.834,10,out,120.31968974246467,OK,1991,2020,30,CHIRPS_v2,UCSB-CHG/CHIRPS/DAILY,1991-2020,IBGE_2024
3140803,Matias Barbosa,MG,157.066,10,out,109.14050760123672,OK,1991,2020,30,CHIRPS_v2,UCSB-CHG/CHIRPS/DAILY,1991-2020,IBGE_2024
3116209,Chiador,MG,252.852,10,out,98.32540021106621,OK,1991,2020,30,CHIRPS_v2,UCSB-CHG/CHIRPS/DAILY,1991-2020,IBGE_2024
3115904,Chácara,MG,152.807,10,out,113.51615304030504,OK,1991,2020,30,CHIRPS_v2,UCSB-CHG/CHIRPS/DAILY,1991-2020,IBGE_2024
3145406,Olaria,MG,178.242,10,out,135.53691446803805,OK,1991,2020,30,CHIRPS_v2,UCSB-CHG/CHIRPS/DAILY,1991-2020,IBGE_2024
3145703,Oliveira Fortes,MG,111.13,10,out,122.48832248939594,OK,1991,2020,30,CHIRPS_v2,UCSB-CHG/CHIRPS/DAILY,1991-2020,IBGE_2024
3160702,Santos Dumont,MG,637.373,10,out,121.50478970388056,OK,1991,2020,30,CHIRPS_v2,UCSB-CHG/CHIRPS/DAILY,1991-2020,IBGE_2024
3103306,Aracitaba,MG,106.608,10,out,117.62926780888544,OK,1991,2020,30,CHIRPS_v2,UCSB-CHG/CHIRPS/DAILY,1991-2020,IBGE_2024
3103603,Arantina,MG,89.42,10,out,140.6000011136078,OK,1991,2020,30,CHIRPS_v2,UCSB-CHG/CHIRPS/DAILY,1991-2020,IBGE_2024
3127388,Goianá,MG,152.039,10,out,111.74679933668,OK,1991,2020,30,CHIRPS_v2,UCSB-CHG/CHIRPS/DAILY,1991-2020,IBGE_2024
3119609,Coronel Pacheco,MG,131.511,10,out,114.99370469242561,OK,1991,2020,30,CHIRPS_v2,UCSB-CHG/CHIRPS/DAILY,1991-2020,IBGE_2024
3102803,Andrelândia,MG,1005.285,10,out,129.5864722023718,OK,1991,2020,30,CHIRPS_v2,UCSB-CHG/CHIRPS/DAILY,1991-2020,IBGE_2024
3159308,Santa Rita de Jacutinga,MG,420.94,10,out,136.30993500319136,OK,1991,2020,30,CHIRPS_v2,UCSB-CHG/CHIRPS/DAILY,1991-2020,IBGE_2024
3150109,Piau,MG,192.196,10,out,114.2764531607702,OK,1991,2020,30,CHIRPS_v2,UCSB-CHG/CHIRPS/DAILY,1991-2020,IBGE_2024
3149408,Pedro Teixeira,MG,112.959,10,out,118.07564012593733,OK,1991,2020,30,CHIRPS_v2,UCSB-CHG/CHIRPS/DAILY,1991-2020,IBGE_2024
3157278,Santa Bárbara do Monte Verde,MG,417.925,10,out,116.94303615611842,OK,1991,2020,30,CHIRPS_v2,UCSB-CHG/CHIRPS/DAILY,1991-2020,IBGE_2024
3107505,Bom Jardim de Minas,MG,412.021,10,out,144.0055121874147,OK,1991,2020,30,CHIRPS_v2,UCSB-CHG/CHIRPS/DAILY,1991-2020,IBGE_2024
3107208,Bocaina de Minas,MG,503.77,10,out,151.96000029809406,OK,1991,2020,30,CHIRPS_v2,UCSB-CHG/CHIRPS/DAILY,1991-2020,IBGE_2024
3147808,Passa Vinte,MG,246.565,10,out,143.57473430136642,OK,1991,2020,30,CHIRPS_v2,UCSB-CHG/CHIRPS/DAILY,1991-2020,IBGE_2024
3106804,Bias Fortes,MG,283.535,10,out,119.13296231312219,OK,1991,2020,30,CHIRPS_v2,UCSB-CHG/CHIRPS/DAILY,1991-2020,IBGE_2024
3155900,Rio Preto,MG,348.046,10,out,123.7298617004414,OK,1991,2020,30,CHIRPS_v2,UCSB-CHG/CHIRPS/DAILY,1991-2020,IBGE_2024
3106101,Belmiro Braga,MG,393.086,10,out,99.83411282331913,OK,1991,2020,30,CHIRPS_v2,UCSB-CHG/CHIRPS/DAILY,1991-2020,IBGE_2024
3155405,Rio Novo,MG,209.31,10,out,107.9607204749739,OK,1991,2020,30,CHIRPS_v2,UCSB-CHG/CHIRPS/DAILY,1991-2020,IBGE_2024
3138609,Lima Duarte,MG,848.564,10,out,126.22726747021564,OK,1991,2020,30,CHIRPS_v2,UCSB-CHG/CHIRPS/DAILY,1991-2020,IBGE_2024
3146602,Paiva,MG,58.419,10,out,118.07025450510936,OK,1991,2020,30,CHIRPS_v2,UCSB-CHG/CHIRPS/DAILY,1991-2020,IBGE_2024
3138500,Liberdade,MG,401.337,10,out,143.74428348861173,OK,1991,2020,30,CHIRPS_v2,UCSB-CHG/CHIRPS/DAILY,1991-2020,IBGE_2024
3154150,Reduto,MG,151.859,10,out,100.12814782574992,OK,1991,2020,30,CHIRPS_v2,UCSB-CHG/CHIRPS/DAILY,1991-2020,IBGE_2024
3137700,Lajinha,MG,431.92,10,out,100.36317678459942,OK,1991,2020,30,CHIRPS_v2,UCSB-CHG/CHIRPS/DAILY,1991-2020,IBGE_2024
3162559,São João do Manhuaçu,MG,143.096,10,out,106.8948556671847,OK,1991,2020,30,CHIRPS_v2,UCSB-CHG/CHIRPS/DAILY,1991-2020,IBGE_2024
3153509,Alto Jequitibá,MG,152.272,10,out,109.34974504885042,OK,1991,2020,30,CHIRPS_v2,UCSB-CHG/CHIRPS/DAILY,1991-2020,IBGE_2024
3112901,Caputira,MG,187.704,10,out,101.4965218026515,OK,1991,2020,30,CHIRPS_v2,UCSB-CHG/CHIRPS/DAILY,1991-2020,IBGE_2024
3112109,Caparaó,MG,130.694,10,out,110.83634406111048,OK,1991,2020,30,CHIRPS_v2,UCSB-CHG/CHIRPS/DAILY,1991-2020,IBGE_2024
3144003,Mutum,MG,1250.823,10,out,96.4095879982008,OK,1991,2020,30,CHIRPS_v2,UCSB-CHG/CHIRPS/DAILY,1991-2020,IBGE_2024
3168051,Taparuba,MG,193.082,10,out,92.68357036126864,OK,1991,2020,30,CHIRPS_v2,UCSB-CHG/CHIRPS/DAILY,1991-2020,IBGE_2024
3151909,Pocrane,MG,691.066,10,out,92.09630596281359,OK,1991,2020,30,CHIRPS_v2,UCSB-CHG/CHIRPS/DAILY,1991-2020,IBGE_2024
3167608,Simonésia,MG,486.543,10,out,97.54352118366333,OK,1991,2020,30,CHIRPS_v2,UCSB-CHG/CHIRPS/DAILY,1991-2020,IBGE_2024
3102050,Alto Caparaó,MG,103.69,10,out,112.52786637072077,OK,1991,2020,30,CHIRPS_v2,UCSB-CHG/CHIRPS/DAILY,1991-2020,IBGE_2024
3158904,Santana do Manhuaçu,MG,347.362,10,out,96.10254353046604,OK,1991,2020,30,CHIRPS_v2,UCSB-CHG/CHIRPS/DAILY,1991-2020,IBGE_2024
3117405,Conceição de Ipanema,MG,253.935,10,out,94.71024454699385,OK,1991,2020,30,CHIRPS_v2,UCSB-CHG/CHIRPS/DAILY,1991-2020,IBGE_2024
3100302,Abre Campo,MG,470.551,10,out,106.15970724126082,OK,1991,2020,30,CHIRPS_v2,UCSB-CHG/CHIRPS/DAILY,1991-2020,IBGE_2024
3157906,Santa Margarida,MG,255.73,10,out,108.8152177728895,OK,1991,2020,30,CHIRPS_v2,UCSB-CHG/CHIRPS/DAILY,1991-2020,IBGE_2024
3140902,Matipó,MG,266.99,10,out,105.5737307182984,OK,1991,2020,30,CHIRPS_v2,UCSB-CHG/CHIRPS/DAILY,1991-2020,IBGE_2024
3116001,Chalé,MG,212.674,10,out,96.18585375066954,OK,1991,2020,30,CHIRPS_v2,UCSB-CHG/CHIRPS/DAILY,1991-2020,IBGE_2024
3140530,Martins Soares,MG,113.268,10,out,101.1497939131737,OK,1991,2020,30,CHIRPS_v2,UCSB-CHG/CHIRPS/DAILY,1991-2020,IBGE_2024
3123528,Durandé,MG,217.461,10,out,98.15719489469471,OK,1991,2020,30,CHIRPS_v2,UCSB-CHG/CHIRPS/DAILY,1991-2020,IBGE_2024
3139409,Manhuaçu,MG,628.318,10,out,102.3381477170023,OK,1991,2020,30,CHIRPS_v2,UCSB-CHG/CHIRPS/DAILY,1991-2020,IBGE_2024
3131208,Ipanema,MG,456.641,10,out,92.81459034058277,OK,1991,2020,30,CHIRPS_v2,UCSB-CHG/CHIRPS/DAILY,1991-2020,IBGE_2024
3139508,Manhumirim,MG,182.9,10,out,105.25351992051269,OK,1991,2020,30,CHIRPS_v2,UCSB-CHG/CHIRPS/DAILY,1991-2020,IBGE_2024
3138674,Luisburgo,MG,145.418,10,out,108.8968341428384,OK,1991,2020,30,CHIRPS_v2,UCSB-CHG/CHIRPS/DAILY,1991-2020,IBGE_2024
3163607,São José do Mantimento,MG,54.701,10,out,95.85983469561519,OK,1991,2020,30,CHIRPS_v2,UCSB-CHG/CHIRPS/DAILY,1991-2020,IBGE_2024
3169901,Ubá,MG,407.452,10,out,105.26937031042209,OK,1991,2020,30,CHIRPS_v2,UCSB-CHG/CHIRPS/DAILY,1991-2020,IBGE_2024
3156304,Rodeiro,MG,72.673,10,out,101.98785374479989,OK,1991,2020,30,CHIRPS_v2,UCSB-CHG/CHIRPS/DAILY,1991-2020,IBGE_2024
3129004,Guiricema,MG,293.578,10,out,105.7718838080722,OK,1991,2020,30,CHIRPS_v2,UCSB-CHG/CHIRPS/DAILY,1991-2020,IBGE_2024
3128402,Guarani,MG,264.194,10,out,105.48732168835149,OK,1991,2020,30,CHIRPS_v2,UCSB-CHG/CHIRPS/DAILY,1991-2020,IBGE_2024
3128808,Guidoval,MG,158.375,10,out,103.34863978770349,OK,1991,2020,30,CHIRPS_v2,UCSB-CHG/CHIRPS/DAILY,1991-2020,IBGE_2024
3161502,São Geraldo,MG,185.578,10,out,105.49402748225378,OK,1991,2020,30,CHIRPS_v2,UCSB-CHG/CHIRPS/DAILY,1991-2020,IBGE_2024
3169000,Tocantins,MG,173.866,10,out,105.47814519701649,OK,1991,2020,30,CHIRPS_v2,UCSB-CHG/CHIRPS/DAILY,1991-2020,IBGE_2024
3167905,Tabuleiro,MG,211.084,10,out,109.60094661093679,OK,1991,2020,30,CHIRPS_v2,UCSB-CHG/CHIRPS/DAILY,1991-2020,IBGE_2024
3151305,Piraúba,MG,144.289,10,out,105.09321167215012,OK,1991,2020,30,CHIRPS_v2,UCSB-CHG/CHIRPS/DAILY,1991-2020,IBGE_2024
3167301,Silveirânia,MG,157.456,10,out,108.65025774625396,OK,1991,2020,30,CHIRPS_v2,UCSB-CHG/CHIRPS/DAILY,1991-2020,IBGE_2024
3141603,Mercês,MG,348.271,10,out,111.81587394071614,OK,1991,2020,30,CHIRPS_v2,UCSB-CHG/CHIRPS/DAILY,1991-2020,IBGE_2024
3108701,Brás Pires,MG,223.351,10,out,111.53896091026883,OK,1991,2020,30,CHIRPS_v2,UCSB-CHG/CHIRPS/DAILY,1991-2020,IBGE_2024
3165701,Senador Firmino,MG,166.495,10,out,108.81400661980634,OK,1991,2020,30,CHIRPS_v2,UCSB-CHG/CHIRPS/DAILY,1991-2020,IBGE_2024
3123304,Dores do Turvo,MG,231.169,10,out,111.41211102975609,OK,1991,2020,30,CHIRPS_v2,UCSB-CHG/CHIRPS/DAILY,1991-2020,IBGE_2024
3172004,Visconde do Rio Branco,MG,243.351,10,out,105.21963879035862,OK,1991,2020,30,CHIRPS_v2,UCSB-CHG/CHIRPS/DAILY,1991-2020,IBGE_2024
3155801,Rio Pomba,MG,252.418,10,out,107.96996216203729,OK,1991,2020,30,CHIRPS_v2,UCSB-CHG/CHIRPS/DAILY,1991-2020,IBGE_2024
3121902,Divinésia,MG,116.97,10,out,108.35414670228127,OK,1991,2020,30,CHIRPS_v2,UCSB-CHG/CHIRPS/DAILY,1991-2020,IBGE_2024
3145851,Oratórios,MG,89.068,10,out,103.93165668124509,OK,1991,2020,30,CHIRPS_v2,UCSB-CHG/CHIRPS/DAILY,1991-2020,IBGE_2024
3170503,Urucânia,MG,138.792,10,out,104.83081842499423,OK,1991,2020,30,CHIRPS_v2,UCSB-CHG/CHIRPS/DAILY,1991-2020,IBGE_2024
3105707,Barra Longa,MG,383.628,10,out,99.52773499451853,OK,1991,2020,30,CHIRPS_v2,UCSB-CHG/CHIRPS/DAILY,1991-2020,IBGE_2024
3121704,Diogo de Vasconcelos,MG,165.091,10,out,105.458022295482,OK,1991,2020,30,CHIRPS_v2,UCSB-CHG/CHIRPS/DAILY,1991-2020,IBGE_2024
3128204,Guaraciaba,MG,348.596,10,out,103.03531256139968,OK,1991,2020,30,CHIRPS_v2,UCSB-CHG/CHIRPS/DAILY,1991-2020,IBGE_2024
3152105,Ponte Nova,MG,470.643,10,out,101.92797271958935,OK,1991,2020,30,CHIRPS_v2,UCSB-CHG/CHIRPS/DAILY,1991-2020,IBGE_2024
3102506,Amparo do Serra,MG,136.186,10,out,102.16568473494769,OK,1991,2020,30,CHIRPS_v2,UCSB-CHG/CHIRPS/DAILY,1991-2020,IBGE_2024
3102308,Alvinópolis,MG,599.443,10,out,99.37038216810163,OK,1991,2020,30,CHIRPS_v2,UCSB-CHG/CHIRPS/DAILY,1991-2020,IBGE_2024
3135506,Jequeri,MG,547.897,10,out,107.36913375233131,OK,1991,2020,30,CHIRPS_v2,UCSB-CHG/CHIRPS/DAILY,1991-2020,IBGE_2024
3160108,Santo Antônio do Grama,MG,130.213,10,out,106.39867699155648,OK,1991,2020,30,CHIRPS_v2,UCSB-CHG/CHIRPS/DAILY,1991-2020,IBGE_2024
3166303,Sericita,MG,166.012,10,out,110.49861580510102,OK,1991,2020,30,CHIRPS_v2,UCSB-CHG/CHIRPS/DAILY,1991-2020,IBGE_2024
3150208,Piedade de Ponte Nova,MG,83.733,10,out,101.80086417179047,OK,1991,2020,30,CHIRPS_v2,UCSB-CHG/CHIRPS/DAILY,1991-2020,IBGE_2024
3100401,Acaiaca,MG,101.886,10,out,100.16522690147352,OK,1991,2020,30,CHIRPS_v2,UCSB-CHG/CHIRPS/DAILY,1991-2020,IBGE_2024
3165560,Sem-Peixe,MG,176.634,10,out,98.10655951302043,OK,1991,2020,30,CHIRPS_v2,UCSB-CHG/CHIRPS/DAILY,1991-2020,IBGE_2024
3157401,Santa Cruz do Escalvado,MG,258.726,10,out,100.44405890610007,OK,1991,2020,30,CHIRPS_v2,UCSB-CHG/CHIRPS/DAILY,1991-2020,IBGE_2024
3164001,São Pedro dos Ferros,MG,402.739,10,out,97.70348665337333,OK,1991,2020,30,CHIRPS_v2,UCSB-CHG/CHIRPS/DAILY,1991-2020,IBGE_2024
3122702,Dom Silvério,MG,194.972,10,out,99.66403328049103,OK,1991,2020,30,CHIRPS_v2,UCSB-CHG/CHIRPS/DAILY,1991-2020,IBGE_2024
3154903,Rio Casca,MG,384.381,10,out,99.44275712086481,OK,1991,2020,30,CHIRPS_v2,UCSB-CHG/CHIRPS/DAILY,1991-2020,IBGE_2024
3155009,Rio Doce,MG,112.094,10,out,100.0385273937854,OK,1991,2020,30,CHIRPS_v2,UCSB-CHG/CHIRPS/DAILY,1991-2020,IBGE_2024
3143906,Muriaé,MG,841.693,10,out,112.61122778368261,OK,1991,2020,30,CHIRPS_v2,UCSB-CHG/CHIRPS/DAILY,1991-2020,IBGE_2024
3161403,São Francisco do Glória,MG,164.613,10,out,109.194666213555,OK,1991,2020,30,CHIRPS_v2,UCSB-CHG/CHIRPS/DAILY,1991-2020,IBGE_2024
3103108,Antônio Prado de Minas,MG,83.802,10,out,105.11445088518812,OK,1991,2020,30,CHIRPS_v2,UCSB-CHG/CHIRPS/DAILY,1991-2020,IBGE_2024
3125952,Fervedouro,MG,357.683,10,out,112.44745704047601,OK,1991,2020,30,CHIRPS_v2,UCSB-CHG/CHIRPS/DAILY,1991-2020,IBGE_2024
3142106,Miradouro,MG,301.672,10,out,113.88149069318335,OK,1991,2020,30,CHIRPS_v2,UCSB-CHG/CHIRPS/DAILY,1991-2020,IBGE_2024
3142205,Miraí,MG,320.695,10,out,109.7142258720717,OK,1991,2020,30,CHIRPS_v2,UCSB-CHG/CHIRPS/DAILY,1991-2020,IBGE_2024
3124906,Eugenópolis,MG,309.395,10,out,108.55668479965033,OK,1991,2020,30,CHIRPS_v2,UCSB-CHG/CHIRPS/DAILY,1991-2020,IBGE_2024
3164431,São Sebastião da Vargem Alegre,MG,73.629,10,out,113.03455307125816,OK,1991,2020,30,CHIRPS_v2,UCSB-CHG/CHIRPS/DAILY,1991-2020,IBGE_2024
3156452,Rosário da Limeira,MG,111.156,10,out,114.47234767720549,OK,1991,2020,30,CHIRPS_v2,UCSB-CHG/CHIRPS/DAILY,1991-2020,IBGE_2024
3148202,Patrocínio do Muriaé,MG,108.246,10,out,108.550102513032,OK,1991,2020,30,CHIRPS_v2,UCSB-CHG/CHIRPS/DAILY,1991-2020,IBGE_2024
3171402,Vieiras,MG,112.691,10,out,110.97102534264505,OK,1991,2020,30,CHIRPS_v2,UCSB-CHG/CHIRPS/DAILY,1991-2020,IBGE_2024
3105509,Barão do Monte Alto,MG,198.313,10,out,105.82532384011196,OK,1991,2020,30,CHIRPS_v2,UCSB-CHG/CHIRPS/DAILY,1991-2020,IBGE_2024
3138005,Laranjal,MG,204.882,10,out,103.20861699580435,OK,1991,2020,30,CHIRPS_v2,UCSB-CHG/CHIRPS/DAILY,1991-2020,IBGE_2024
3154101,Recreio,MG,234.296,10,out,102.1628525392318,OK,1991,2020,30,CHIRPS_v2,UCSB-CHG/CHIRPS/DAILY,1991-2020,IBGE_2024
3104403,Argirita,MG,159.378,10,out,105.29711483639493,OK,1991,2020,30,CHIRPS_v2,UCSB-CHG/CHIRPS/DAILY,1991-2020,IBGE_2024
3104601,Astolfo Dutra,MG,158.891,10,out,105.58464246437754,OK,1991,2020,30,CHIRPS_v2,UCSB-CHG/CHIRPS/DAILY,1991-2020,IBGE_2024
3158409,Santana de Cataguases,MG,161.486,10,out,102.78970080521027,OK,1991,2020,30,CHIRPS_v2,UCSB-CHG/CHIRPS/DAILY,1991-2020,IBGE_2024
3132602,Itamarati de Minas,MG,94.568,10,out,104.21954237264713,OK,1991,2020,30,CHIRPS_v2,UCSB-CHG/CHIRPS/DAILY,1991-2020,IBGE_2024
3115300,Cataguases,MG,491.767,10,out,98.6825523861398,OK,1991,2020,30,CHIRPS_v2,UCSB-CHG/CHIRPS/DAILY,1991-2020,IBGE_2024
3122900,Dona Euzébia,MG,70.231,10,out,103.5520006259532,OK,1991,2020,30,CHIRPS_v2,UCSB-CHG/CHIRPS/DAILY,1991-2020,IBGE_2024
3146701,Palma,MG,316.476,10,out,102.6466875579869,OK,1991,2020,30,CHIRPS_v2,UCSB-CHG/CHIRPS/DAILY,1991-2020,IBGE_2024
3138401,Leopoldina,MG,943.077,10,out,102.88226203277333,OK,1991,2020,30,CHIRPS_v2,UCSB-CHG/CHIRPS/DAILY,1991-2020,IBGE_2024
3153103,Presidente Bernardes,MG,236.798,10,out,109.40842085205767,OK,1991,2020,30,CHIRPS_v2,UCSB-CHG/CHIRPS/DAILY,1991-2020,IBGE_2024
3111705,Canaã,MG,174.9,10,out,107.31055895700763,OK,1991,2020,30,CHIRPS_v2,UCSB-CHG/CHIRPS/DAILY,1991-2020,IBGE_2024
3103702,Araponga,MG,303.793,10,out,112.42562645910321,OK,1991,2020,30,CHIRPS_v2,UCSB-CHG/CHIRPS/DAILY,1991-2020,IBGE_2024
3168507,Teixeiras,MG,166.735,10,out,99.98820719414189,OK,1991,2020,30,CHIRPS_v2,UCSB-CHG/CHIRPS/DAILY,1991-2020,IBGE_2024
3152303,Porto Firme,MG,284.777,10,out,104.93874352760017,OK,1991,2020,30,CHIRPS_v2,UCSB-CHG/CHIRPS/DAILY,1991-2020,IBGE_2024
3110202,Cajuri,MG,83.038,10,out,104.41854714706926,OK,1991,2020,30,CHIRPS_v2,UCSB-CHG/CHIRPS/DAILY,1991-2020,IBGE_2024
3116704,Coimbra,MG,106.875,10,out,104.8847590048095,OK,1991,2020,30,CHIRPS_v2,UCSB-CHG/CHIRPS/DAILY,1991-2020,IBGE_2024
3124005,Ervália,MG,357.489,10,out,109.76898340971118,OK,1991,2020,30,CHIRPS_v2,UCSB-CHG/CHIRPS/DAILY,1991-2020,IBGE_2024
3148806,Pedra do Anta,MG,173.168,10,out,103.51985022374095,OK,1991,2020,30,CHIRPS_v2,UCSB-CHG/CHIRPS/DAILY,1991-2020,IBGE_2024
3148301,Paula Cândido,MG,268.321,10,out,106.92140428751135,OK,1991,2020,30,CHIRPS_v2,UCSB-CHG/CHIRPS/DAILY,1991-2020,IBGE_2024
3163805,São Miguel do Anta,MG,152.111,10,out,104.06503355314327,OK,1991,2020,30,CHIRPS_v2,UCSB-CHG/CHIRPS/DAILY,1991-2020,IBGE_2024
3171303,Viçosa,MG,299.418,10,out,102.57314498433624,OK,1991,2020,30,CHIRPS_v2,UCSB-CHG/CHIRPS/DAILY,1991-2020,IBGE_2024
3145877,Orizânia,MG,121.8,10,out,109.761450273998,OK,1991,2020,30,CHIRPS_v2,UCSB-CHG/CHIRPS/DAILY,1991-2020,IBGE_2024
3113305,Carangola,MG,353.404,10,out,108.70070379636107,OK,1991,2020,30,CHIRPS_v2,UCSB-CHG/CHIRPS/DAILY,1991-2020,IBGE_2024
3169208,Tombos,MG,285.124,10,out,102.72331086846121,OK,1991,2020,30,CHIRPS_v2,UCSB-CHG/CHIRPS/DAILY,1991-2020,IBGE_2024
3110103,Caiana,MG,106.465,10,out,105.1935853323745,OK,1991,2020,30,CHIRPS_v2,UCSB-CHG/CHIRPS/DAILY,1991-2020,IBGE_2024
3125309,Faria Lemos,MG,165.224,10,out,105.61240909764024,OK,1991,2020,30,CHIRPS_v2,UCSB-CHG/CHIRPS/DAILY,1991-2020,IBGE_2024
3149002,Pedra Dourada,MG,69.99,10,out,110.61756282392182,OK,1991,2020,30,CHIRPS_v2,UCSB-CHG/CHIRPS/DAILY,1991-2020,IBGE_2024
3124203,Espera Feliz,MG,317.638,10,out,109.21202105064538,OK,1991,2020,30,CHIRPS_v2,UCSB-CHG/CHIRPS/DAILY,1991-2020,IBGE_2024
3148756,Pedra Bonita,MG,173.928,10,out,111.62283174617102,OK,1991,2020,30,CHIRPS_v2,UCSB-CHG/CHIRPS/DAILY,1991-2020,IBGE_2024
3122009,Divino,MG,337.776,10,out,109.92370773794106,OK,1991,2020,30,CHIRPS_v2,UCSB-CHG/CHIRPS/DAILY,1991-2020,IBGE_2024
3121308,Descoberto,MG,213.168,10,out,104.49976460948433,OK,1991,2020,30,CHIRPS_v2,UCSB-CHG/CHIRPS/DAILY,1991-2020,IBGE_2024
3128501,Guarará,MG,88.655,10,out,111.72101331937756,OK,1991,2020,30,CHIRPS_v2,UCSB-CHG/CHIRPS/DAILY,1991-2020,IBGE_2024
3149507,Pequeri,MG,90.833,10,out,112.10179665523884,OK,1991,2020,30,CHIRPS_v2,UCSB-CHG/CHIRPS/DAILY,1991-2020,IBGE_2024
3165602,Senador Cortes,MG,98.336,10,out,107.94429519493092,OK,1991,2020,30,CHIRPS_v2,UCSB-CHG/CHIRPS/DAILY,1991-2020,IBGE_2024
3140209,Maripá de Minas,MG,77.338,10,out,108.25316789028751,OK,1991,2020,30,CHIRPS_v2,UCSB-CHG/CHIRPS/DAILY,1991-2020,IBGE_2024
3139805,Mar de Espanha,MG,371.6,10,out,107.41919968019099,OK,1991,2020,30,CHIRPS_v2,UCSB-CHG/CHIRPS/DAILY,1991-2020,IBGE_2024
3156205,Rochedo de Minas,MG,79.402,10,out,109.58557216014539,OK,1991,2020,30,CHIRPS_v2,UCSB-CHG/CHIRPS/DAILY,1991-2020,IBGE_2024
3106903,Bicas,MG,140.082,10,out,113.1483031319716,OK,1991,2020,30,CHIRPS_v2,UCSB-CHG/CHIRPS/DAILY,1991-2020,IBGE_2024
3162906,São João Nepomuceno,MG,407.427,10,out,107.97359151714674,OK,1991,2020,30,CHIRPS_v2,UCSB-CHG/CHIRPS/DAILY,1991-2020,IBGE_2024
3160009,Santo Antônio do Aventureiro,MG,202.032,10,out,104.08958987000905,OK,1991,2020,30,CHIRPS_v2,UCSB-CHG/CHIRPS/DAILY,1991-2020,IBGE_2024
3151107,Pirapetinga,MG,190.681,10,out,94.84358026988954,OK,1991,2020,30,CHIRPS_v2,UCSB-CHG/CHIRPS/DAILY,1991-2020,IBGE_2024
3101508,Além Paraíba,MG,510.25,10,out,96.66908041415763,OK,1991,2020,30,CHIRPS_v2,UCSB-CHG/CHIRPS/DAILY,1991-2020,IBGE_2024
3124609,Estrela Dalva,MG,131.365,10,out,92.8975510935244,OK,1991,2020,30,CHIRPS_v2,UCSB-CHG/CHIRPS/DAILY,1991-2020,IBGE_2024
3172103,Volta Grande,MG,205.552,10,out,91.58854255947675,OK,1991,2020,30,CHIRPS_v2,UCSB-CHG/CHIRPS/DAILY,1991-2020,IBGE_2024
3105608,Barbacena,MG,759.186,10,out,120.87044990019957,OK,1991,2020,30,CHIRPS_v2,UCSB-CHG/CHIRPS/DAILY,1991-2020,IBGE_2024
3102902,Antônio Carlos,MG,529.915,10,out,121.17779819965529,OK,1991,2020,30,CHIRPS_v2,UCSB-CHG/CHIRPS/DAILY,1991-2020,IBGE_2024
3101631,Alfredo Vasconcelos,MG,130.815,10,out,119.53089981702108,OK,1991,2020,30,CHIRPS_v2,UCSB-CHG/CHIRPS/DAILY,1991-2020,IBGE_2024
3154408,Ressaquinha,MG,183.062,10,out,118.89476439415458,OK,1991,2020,30,CHIRPS_v2,UCSB-CHG/CHIRPS/DAILY,1991-2020,IBGE_2024
3121506,Desterro do Melo,MG,142.279,10,out,118.98976856992881,OK,1991,2020,30,CHIRPS_v2,UCSB-CHG/CHIRPS/DAILY,1991-2020,IBGE_2024
3129400,Ibertioga,MG,346.24,10,out,128.54166981584345,OK,1991,2020,30,CHIRPS_v2,UCSB-CHG/CHIRPS/DAILY,1991-2020,IBGE_2024
3159407,Santa Rita de Ibitipoca,MG,324.234,10,out,123.13800338889789,OK,1991,2020,30,CHIRPS_v2,UCSB-CHG/CHIRPS/DAILY,1991-2020,IBGE_2024
3102100,Alto Rio Doce,MG,518.053,10,out,115.17951939678882,OK,1991,2020,30,CHIRPS_v2,UCSB-CHG/CHIRPS/DAILY,1991-2020,IBGE_2024
3158706,Santana do Garambéu,MG,203.074,10,out,127.75033900969736,OK,1991,2020,30,CHIRPS_v2,UCSB-CHG/CHIRPS/DAILY,1991-2020,IBGE_2024
3166204,Senhora dos Remédios,MG,237.815,10,out,119.55283650194451,OK,1991,2020,30,CHIRPS_v2,UCSB-CHG/CHIRPS/DAILY,1991-2020,IBGE_2024
3116308,Cipotânea,MG,153.479,10,out,112.61223679800035,OK,1991,2020,30,CHIRPS_v2,UCSB-CHG/CHIRPS/DAILY,1991-2020,IBGE_2024
3157302,Santa Bárbara do Tugúrio,MG,194.564,10,out,120.42072736454682,OK,1991,2020,30,CHIRPS_v2,UCSB-CHG/CHIRPS/DAILY,1991-2020,IBGE_2024
3123007,Dores de Campos,MG,124.842,10,out,120.38652246968928,OK,1991,2020,30,CHIRPS_v2,UCSB-CHG/CHIRPS/DAILY,1991-2020,IBGE_2024
3105905,Barroso,MG,82.07,10,out,119.80955515373645,OK,1991,2020,30,CHIRPS_v2,UCSB-CHG/CHIRPS/DAILY,1991-2020,IBGE_2024
3145901,Ouro Branco,MG,258.726,10,out,109.26550106078732,OK,1991,2020,30,CHIRPS_v2,UCSB-CHG/CHIRPS/DAILY,1991-2020,IBGE_2024
3153806,Queluzito,MG,153.56,10,out,113.10317376314788,OK,1991,2020,30,CHIRPS_v2,UCSB-CHG/CHIRPS/DAILY,1991-2020,IBGE_2024
3160900,São Brás do Suaçuí,MG,110.019,10,out,113.51770531387352,OK,1991,2020,30,CHIRPS_v2,UCSB-CHG/CHIRPS/DAILY,1991-2020,IBGE_2024
3135407,Jeceaba,MG,236.25,10,out,113.72599405906371,OK,1991,2020,30,CHIRPS_v2,UCSB-CHG/CHIRPS/DAILY,1991-2020,IBGE_2024
3118304,Conselheiro Lafaiete,MG,370.246,10,out,112.0679798416048,OK,1991,2020,30,CHIRPS_v2,UCSB-CHG/CHIRPS/DAILY,1991-2020,IBGE_2024
3118007,Congonhas,MG,304.067,10,out,108.97495967717215,OK,1991,2020,30,CHIRPS_v2,UCSB-CHG/CHIRPS/DAILY,1991-2020,IBGE_2024
3121407,Desterro de Entre Rios,MG,377.165,10,out,114.2640487793605,OK,1991,2020,30,CHIRPS_v2,UCSB-CHG/CHIRPS/DAILY,1991-2020,IBGE_2024
3113206,Carandaí,MG,487.28,10,out,117.3160509974582,OK,1991,2020,30,CHIRPS_v2,UCSB-CHG/CHIRPS/DAILY,1991-2020,IBGE_2024
3137908,Lamim,MG,118.602,10,out,114.38034928158653,OK,1991,2020,30,CHIRPS_v2,UCSB-CHG/CHIRPS/DAILY,1991-2020,IBGE_2024
3113107,Caranaíba,MG,159.95,10,out,115.4068563321298,OK,1991,2020,30,CHIRPS_v2,UCSB-CHG/CHIRPS/DAILY,1991-2020,IBGE_2024
3120409,Cristiano Otoni,MG,132.872,10,out,115.02617002295982,OK,1991,2020,30,CHIRPS_v2,UCSB-CHG/CHIRPS/DAILY,1991-2020,IBGE_2024
3112208,Capela Nova,MG,111.073,10,out,115.7099844665647,OK,1991,2020,30,CHIRPS_v2,UCSB-CHG/CHIRPS/DAILY,1991-2020,IBGE_2024
3150802,Piranga,MG,658.812,10,out,111.96557727390336,OK,1991,2020,30,CHIRPS_v2,UCSB-CHG/CHIRPS/DAILY,1991-2020,IBGE_2024
3159100,Santana dos Montes,MG,196.565,10,out,114.5375587543818,OK,1991,2020,30,CHIRPS_v2,UCSB-CHG/CHIRPS/DAILY,1991-2020,IBGE_2024
3133907,Itaverava,MG,284.22,10,out,112.7577102170467,OK,1991,2020,30,CHIRPS_v2,UCSB-CHG/CHIRPS/DAILY,1991-2020,IBGE_2024
3166006,Senhora de Oliveira,MG,170.749,10,out,114.48393294080662,OK,1991,2020,30,CHIRPS_v2,UCSB-CHG/CHIRPS/DAILY,1991-2020,IBGE_2024
3123908,Entre Rios de Minas,MG,456.796,10,out,117.15057772446315,OK,1991,2020,30,CHIRPS_v2,UCSB-CHG/CHIRPS/DAILY,1991-2020,IBGE_2024
3115409,Catas Altas da Noruega,MG,141.622,10,out,112.08891165581697,OK,1991,2020,30,CHIRPS_v2,UCSB-CHG/CHIRPS/DAILY,1991-2020,IBGE_2024
3106408,Belo Vale,MG,364.94,10,out,109.80141404547652,OK,1991,2020,30,CHIRPS_v2,UCSB-CHG/CHIRPS/DAILY,1991-2020,IBGE_2024
3114907,Casa Grande,MG,157.727,10,out,115.50135476828834,OK,1991,2020,30,CHIRPS_v2,UCSB-CHG/CHIRPS/DAILY,1991-2020,IBGE_2024
3155207,Rio Espera,MG,238.602,10,out,115.43339103721134,OK,1991,2020,30,CHIRPS_v2,UCSB-CHG/CHIRPS/DAILY,1991-2020,IBGE_2024
3162500,São João del Rei,MG,1452.002,10,out,118.34146582690657,OK,1991,2020,30,CHIRPS_v2,UCSB-CHG/CHIRPS/DAILY,1991-2020,IBGE_2024
3119708,Coronel Xavier Chaves,MG,140.954,10,out,113.89287367329403,OK,1991,2020,30,CHIRPS_v2,UCSB-CHG/CHIRPS/DAILY,1991-2020,IBGE_2024
3168804,Tiradentes,MG,83.047,10,out,114.13593191527976,OK,1991,2020,30,CHIRPS_v2,UCSB-CHG/CHIRPS/DAILY,1991-2020,IBGE_2024
3157336,Santa Cruz de Minas,MG,3.565,10,out,108.97592286771962,OK,1991,2020,30,CHIRPS_v2,UCSB-CHG/CHIRPS/DAILY,1991-2020,IBGE_2024
3154200,Resende Costa,MG,618.312,10,out,115.84678221926121,OK,1991,2020,30,CHIRPS_v2,UCSB-CHG/CHIRPS/DAILY,1991-2020,IBGE_2024
3137403,Lagoa Dourada,MG,476.693,10,out,118.89239334327569,OK,1991,2020,30,CHIRPS_v2,UCSB-CHG/CHIRPS/DAILY,1991-2020,IBGE_2024
3144508,Nazareno,MG,341.453,10,out,116.66244670214792,OK,1991,2020,30,CHIRPS_v2,UCSB-CHG/CHIRPS/DAILY,1991-2020,IBGE_2024
3152709,Prados,MG,264.115,10,out,120.08468883483549,OK,1991,2020,30,CHIRPS_v2,UCSB-CHG/CHIRPS/DAILY,1991-2020,IBGE_2024
3150307,Piedade do Rio Grande,MG,322.814,10,out,125.27361893599478,OK,1991,2020,30,CHIRPS_v2,UCSB-CHG/CHIRPS/DAILY,1991-2020,IBGE_2024
3165305,São Vicente de Minas,MG,392.651,10,out,122.18360022103566,OK,1991,2020,30,CHIRPS_v2,UCSB-CHG/CHIRPS/DAILY,1991-2020,IBGE_2024
3165008,São Tiago,MG,572.4,10,out,118.7158266619336,OK,1991,2020,30,CHIRPS_v2,UCSB-CHG/CHIRPS/DAILY,1991-2020,IBGE_2024
3115201,Conceição da Barra de Minas,MG,273.014,10,out,115.15061124189303,OK,1991,2020,30,CHIRPS_v2,UCSB-CHG/CHIRPS/DAILY,1991-2020,IBGE_2024
3156106,Ritápolis,MG,404.805,10,out,114.97943071102263,OK,1991,2020,30,CHIRPS_v2,UCSB-CHG/CHIRPS/DAILY,1991-2020,IBGE_2024
3139102,Madre de Deus de Minas,MG,492.909,10,out,119.96351442437843,OK,1991,2020,30,CHIRPS_v2,UCSB-CHG/CHIRPS/DAILY,1991-2020,IBGE_2024
3134301,Itumirim,MG,234.802,10,out,110.67939248960153,OK,1991,2020,30,CHIRPS_v2,UCSB-CHG/CHIRPS/DAILY,1991-2020,IBGE_2024
3130408,Ijaci,MG,105.246,10,out,107.03019417138076,OK,1991,2020,30,CHIRPS_v2,UCSB-CHG/CHIRPS/DAILY,1991-2020,IBGE_2024
3134509,Itutinga,MG,372.018,10,out,112.9400210679469,OK,1991,2020,30,CHIRPS_v2,UCSB-CHG/CHIRPS/DAILY,1991-2020,IBGE_2024
3108008,Bom Sucesso,MG,705.046,10,out,124.11478119175662,OK,1991,2020,30,CHIRPS_v2,UCSB-CHG/CHIRPS/DAILY,1991-2020,IBGE_2024
3114600,Carrancas,MG,727.894,10,out,115.56675719631272,OK,1991,2020,30,CHIRPS_v2,UCSB-CHG/CHIRPS/DAILY,1991-2020,IBGE_2024
3138708,Luminárias,MG,500.143,10,out,107.3001441985641,OK,1991,2020,30,CHIRPS_v2,UCSB-CHG/CHIRPS/DAILY,1991-2020,IBGE_2024
3130804,Ingaí,MG,305.591,10,out,108.49859786861437,OK,1991,2020,30,CHIRPS_v2,UCSB-CHG/CHIRPS/DAILY,1991-2020,IBGE_2024
3130002,Ibituruna,MG,153.106,10,out,116.60438679658436,OK,1991,2020,30,CHIRPS_v2,UCSB-CHG/CHIRPS/DAILY,1991-2020,IBGE_2024
3165206,São Tomé das Letras,MG,369.747,10,out,114.74310289707765,OK,1991,2020,30,CHIRPS_v2,UCSB-CHG/CHIRPS/DAILY,1991-2020,IBGE_2024
3152600,Pouso Alto,MG,263.034,10,out,122.54309636554032,OK,1991,2020,30,CHIRPS_v2,UCSB-CHG/CHIRPS/DAILY,1991-2020,IBGE_2024
3167806,Soledade de Minas,MG,196.866,10,out,122.14059950181692,OK,1991,2020,30,CHIRPS_v2,UCSB-CHG/CHIRPS/DAILY,1991-2020,IBGE_2024
3117702,Conceição do Rio Verde,MG,369.681,10,out,119.8500795381539,OK,1991,2020,30,CHIRPS_v2,UCSB-CHG/CHIRPS/DAILY,1991-2020,IBGE_2024
3101300,Alagoa,MG,161.356,10,out,146.30519941849658,OK,1991,2020,30,CHIRPS_v2,UCSB-CHG/CHIRPS/DAILY,1991-2020,IBGE_2024
3133006,Itamonte,MG,431.792,10,out,134.8290451193357,OK,1991,2020,30,CHIRPS_v2,UCSB-CHG/CHIRPS/DAILY,1991-2020,IBGE_2024
3133105,Itanhandu,MG,143.363,10,out,129.015495864546,OK,1991,2020,30,CHIRPS_v2,UCSB-CHG/CHIRPS/DAILY,1991-2020,IBGE_2024
3164902,São Sebastião do Rio Verde,MG,90.848,10,out,125.51918665860342,OK,1991,2020,30,CHIRPS_v2,UCSB-CHG/CHIRPS/DAILY,1991-2020,IBGE_2024
3147600,Passa Quatro,MG,277.221,10,out,142.32253893248415,OK,1991,2020,30,CHIRPS_v2,UCSB-CHG/CHIRPS/DAILY,1991-2020,IBGE_2024
3163706,São Lourenço,MG,58.019,10,out,121.87911782119595,OK,1991,2020,30,CHIRPS_v2,UCSB-CHG/CHIRPS/DAILY,1991-2020,IBGE_2024
3104908,Baependi,MG,750.554,10,out,125.77238191778949,OK,1991,2020,30,CHIRPS_v2,UCSB-CHG/CHIRPS/DAILY,1991-2020,IBGE_2024
3120805,Cruzília,MG,522.419,10,out,117.10583909712109,OK,1991,2020,30,CHIRPS_v2,UCSB-CHG/CHIRPS/DAILY,1991-2020,IBGE_2024
3167004,Serranos,MG,213.173,10,out,124.69267337193371,OK,1991,2020,30,CHIRPS_v2,UCSB-CHG/CHIRPS/DAILY,1991-2020,IBGE_2024
3141900,Minduri,MG,219.774,10,out,119.00068571756661,OK,1991,2020,30,CHIRPS_v2,UCSB-CHG/CHIRPS/DAILY,1991-2020,IBGE_2024
3166402,Seritinga,MG,114.769,10,out,134.8729694884082,OK,1991,2020,30,CHIRPS_v2,UCSB-CHG/CHIRPS/DAILY,1991-2020,IBGE_2024
3101201,Aiuruoca,MG,649.68,10,out,132.6811717977003,OK,1991,2020,30,CHIRPS_v2,UCSB-CHG/CHIRPS/DAILY,1991-2020,IBGE_2024
3115508,Caxambu,MG,100.483,10,out,117.19053613005963,OK,1991,2020,30,CHIRPS_v2,UCSB-CHG/CHIRPS/DAILY,1991-2020,IBGE_2024
3114808,Carvalhos,MG,282.254,10,out,141.70487592920256,OK,1991,2020,30,CHIRPS_v2,UCSB-CHG/CHIRPS/DAILY,1991-2020,IBGE_2024
3161809,São Gonçalo do Pará,MG,265.73,10,out,97.10878396275622,OK,1991,2020,30,CHIRPS_v2,UCSB-CHG/CHIRPS/DAILY,1991-2020,IBGE_2024
3133709,Itatiaiuçu,MG,294.181,10,out,100.53775901718934,OK,1991,2020,30,CHIRPS_v2,UCSB-CHG/CHIRPS/DAILY,1991-2020,IBGE_2024
3117603,Conceição do Pará,MG,250.306,10,out,88.36756965971665,OK,1991,2020,30,CHIRPS_v2,UCSB-CHG/CHIRPS/DAILY,1991-2020,IBGE_2024
3133808,Itaúna,MG,494.559,10,out,97.57625491745702,OK,1991,2020,30,CHIRPS_v2,UCSB-CHG/CHIRPS/DAILY,1991-2020,IBGE_2024
3116605,Cláudio,MG,630.706,10,out,107.2033084768653,OK,1991,2020,30,CHIRPS_v2,UCSB-CHG/CHIRPS/DAILY,1991-2020,IBGE_2024
3114204,Carmo do Cajuru,MG,455.807,10,out,102.09258329464582,OK,1991,2020,30,CHIRPS_v2,UCSB-CHG/CHIRPS/DAILY,1991-2020,IBGE_2024
3145802,Onça de Pitangui,MG,246.976,10,out,80.64352122091884,OK,1991,2020,30,CHIRPS_v2,UCSB-CHG/CHIRPS/DAILY,1991-2020,IBGE_2024
3149606,Pequi,MG,203.991,10,out,81.07275614481343,OK,1991,2020,30,CHIRPS_v2,UCSB-CHG/CHIRPS/DAILY,1991-2020,IBGE_2024
3139706,Maravilhas,MG,261.604,10,out,81.97799955206746,OK,1991,2020,30,CHIRPS_v2,UCSB-CHG/CHIRPS/DAILY,1991-2020,IBGE_2024
3146909,Papagaios,MG,553.577,10,out,82.48510492115386,OK,1991,2020,30,CHIRPS_v2,UCSB-CHG/CHIRPS/DAILY,1991-2020,IBGE_2024
3147105,Pará de Minas,MG,551.105,10,out,89.18941211145365,OK,1991,2020,30,CHIRPS_v2,UCSB-CHG/CHIRPS/DAILY,1991-2020,IBGE_2024
3163102,São José da Varginha,MG,205.501,10,out,85.813243816506,OK,1991,2020,30,CHIRPS_v2,UCSB-CHG/CHIRPS/DAILY,1991-2020,IBGE_2024
3130200,Igaratinga,MG,218.343,10,out,93.78399887087379,OK,1991,2020,30,CHIRPS_v2,UCSB-CHG/CHIRPS/DAILY,1991-2020,IBGE_2024
3145604,Oliveira,MG,897.294,10,out,112.13970829784222,OK,1991,2020,30,CHIRPS_v2,UCSB-CHG/CHIRPS/DAILY,1991-2020,IBGE_2024
3120607,Crucilândia,MG,167.164,10,out,106.05556896295984,OK,1991,2020,30,CHIRPS_v2,UCSB-CHG/CHIRPS/DAILY,1991-2020,IBGE_2024
3150604,Piracema,MG,280.335,10,out,108.20440007143105,OK,1991,2020,30,CHIRPS_v2,UCSB-CHG/CHIRPS/DAILY,1991-2020,IBGE_2024
3150406,Piedade dos Gerais,MG,259.638,10,out,108.71807850329816,OK,1991,2020,30,CHIRPS_v2,UCSB-CHG/CHIRPS/DAILY,1991-2020,IBGE_2024
3108107,Bonfim,MG,300.471,10,out,105.77790241002268,OK,1991,2020,30,CHIRPS_v2,UCSB-CHG/CHIRPS/DAILY,1991-2020,IBGE_2024
3132206,Itaguara,MG,410.468,10,out,104.90589992797078,OK,1991,2020,30,CHIRPS_v2,UCSB-CHG/CHIRPS/DAILY,1991-2020,IBGE_2024
3147709,Passa Tempo,MG,429.172,10,out,110.84533408838406,OK,1991,2020,30,CHIRPS_v2,UCSB-CHG/CHIRPS/DAILY,1991-2020,IBGE_2024
3114501,Carmópolis de Minas,MG,400.01,10,out,109.0707925017316,OK,1991,2020,30,CHIRPS_v2,UCSB-CHG/CHIRPS/DAILY,1991-2020,IBGE_2024
3155306,Rio Manso,MG,231.54,10,out,101.85044539967723,OK,1991,2020,30,CHIRPS_v2,UCSB-CHG/CHIRPS/DAILY,1991-2020,IBGE_2024
3202207,Fundão,ES,286.854,10,out,121.80459490981725,OK,1991,2020,30,CHIRPS_v2,UCSB-CHG/CHIRPS/DAILY,1991-2020,IBGE_2024
3202405,Guarapari,ES,589.826,10,out,106.26240269998371,OK,1991,2020,30,CHIRPS_v2,UCSB-CHG/CHIRPS/DAILY,1991-2020,IBGE_2024
3201308,Cariacica,ES,279.718,10,out,110.30137991545145,OK,1991,2020,30,CHIRPS_v2,UCSB-CHG/CHIRPS/DAILY,1991-2020,IBGE_2024
3205200,Vila Velha,ES,210.225,10,out,106.04632822735157,OK,1991,2020,30,CHIRPS_v2,UCSB-CHG/CHIRPS/DAILY,1991-2020,IBGE_2024
3205309,Vitória,ES,97.124,10,out,110.7268685647688,OK,1991,2020,30,CHIRPS_v2,UCSB-CHG/CHIRPS/DAILY,1991-2020,IBGE_2024
3205101,Viana,ES,312.278,10,out,107.25292686375224,OK,1991,2020,30,CHIRPS_v2,UCSB-CHG/CHIRPS/DAILY,1991-2020,IBGE_2024
3205002,Serra,ES,547.631,10,out,115.39674967101351,OK,1991,2020,30,CHIRPS_v2,UCSB-CHG/CHIRPS/DAILY,1991-2020,IBGE_2024
3200300,Alfredo Chaves,ES,615.677,10,out,117.87413501599396,OK,1991,2020,30,CHIRPS_v2,UCSB-CHG/CHIRPS/DAILY,1991-2020,IBGE_2024
3200409,Anchieta,ES,409.691,10,out,105.33849915716682,OK,1991,2020,30,CHIRPS_v2,UCSB-CHG/CHIRPS/DAILY,1991-2020,IBGE_2024
3204203,Piúma,ES,73.623,10,out,103.49985199666784,OK,1991,2020,30,CHIRPS_v2,UCSB-CHG/CHIRPS/DAILY,1991-2020,IBGE_2024
3202900,Itarana,ES,295.189,10,out,107.2728762100847,OK,1991,2020,30,CHIRPS_v2,UCSB-CHG/CHIRPS/DAILY,1991-2020,IBGE_2024
3201704,Conceição do Castelo,ES,369.778,10,out,109.08002402573696,OK,1991,2020,30,CHIRPS_v2,UCSB-CHG/CHIRPS/DAILY,1991-2020,IBGE_2024
3201902,Domingos Martins,ES,1229.21,10,out,113.81461679848019,OK,1991,2020,30,CHIRPS_v2,UCSB-CHG/CHIRPS/DAILY,1991-2020,IBGE_2024
3201159,Brejetuba,ES,354.404,10,out,106.54827002814199,OK,1991,2020,30,CHIRPS_v2,UCSB-CHG/CHIRPS/DAILY,1991-2020,IBGE_2024
3200102,Afonso Cláudio,ES,941.188,10,out,106.61905261190846,OK,1991,2020,30,CHIRPS_v2,UCSB-CHG/CHIRPS/DAILY,1991-2020,IBGE_2024
3205069,Venda Nova do Imigrante,ES,185.909,10,out,112.4410719848891,OK,1991,2020,30,CHIRPS_v2,UCSB-CHG/CHIRPS/DAILY,1991-2020,IBGE_2024
3204609,Santa Teresa,ES,683.032,10,out,118.80995247356617,OK,1991,2020,30,CHIRPS_v2,UCSB-CHG/CHIRPS/DAILY,1991-2020,IBGE_2024
3204559,Santa Maria de Jetibá,ES,735.198,10,out,112.1435912035761,OK,1991,2020,30,CHIRPS_v2,UCSB-CHG/CHIRPS/DAILY,1991-2020,IBGE_2024
3204500,Santa Leopoldina,ES,718.326,10,out,116.46149752233316,OK,1991,2020,30,CHIRPS_v2,UCSB-CHG/CHIRPS/DAILY,1991-2020,IBGE_2024
3203346,Marechal Floriano,ES,285.495,10,out,117.14397481602693,OK,1991,2020,30,CHIRPS_v2,UCSB-CHG/CHIRPS/DAILY,1991-2020,IBGE_2024
3203163,Laranja da Terra,ES,458.37,10,out,100.83557990496274,OK,1991,2020,30,CHIRPS_v2,UCSB-CHG/CHIRPS/DAILY,1991-2020,IBGE_2024
3204906,São Mateus,ES,2346.048,10,out,98.27760105797572,OK,1991,2020,30,CHIRPS_v2,UCSB-CHG/CHIRPS/DAILY,1991-2020,IBGE_2024
3203056,Jaguaré,ES,659.751,10,out,101.72234440153899,OK,1991,2020,30,CHIRPS_v2,UCSB-CHG/CHIRPS/DAILY,1991-2020,IBGE_2024
3201605,Conceição da Barra,ES,1182.587,10,out,103.42098574264217,OK,1991,2020,30,CHIRPS_v2,UCSB-CHG/CHIRPS/DAILY,1991-2020,IBGE_2024
3201001,Boa Esperança,ES,428.717,10,out,86.72359048851496,OK,1991,2020,30,CHIRPS_v2,UCSB-CHG/CHIRPS/DAILY,1991-2020,IBGE_2024
3204252,Ponto Belo,ES,360.11,10,out,82.73552288101634,OK,1991,2020,30,CHIRPS_v2,UCSB-CHG/CHIRPS/DAILY,1991-2020,IBGE_2024
3204054,Pedro Canário,ES,433.453,10,out,95.17577100609928,OK,1991,2020,30,CHIRPS_v2,UCSB-CHG/CHIRPS/DAILY,1991-2020,IBGE_2024
3204104,Pinheiros,ES,973.136,10,out,91.07305026491281,OK,1991,2020,30,CHIRPS_v2,UCSB-CHG/CHIRPS/DAILY,1991-2020,IBGE_2024
3203601,Mucurici,ES,540.529,10,out,80.64031767806354,OK,1991,2020,30,CHIRPS_v2,UCSB-CHG/CHIRPS/DAILY,1991-2020,IBGE_2024
3203502,Montanha,ES,1099.06,10,out,87.49608290932458,OK,1991,2020,30,CHIRPS_v2,UCSB-CHG/CHIRPS/DAILY,1991-2020,IBGE_2024
3203205,Linhares,ES,3496.263,10,out,110.54275294996602,OK,1991,2020,30,CHIRPS_v2,UCSB-CHG/CHIRPS/DAILY,1991-2020,IBGE_2024
3203130,João Neiva,ES,284.734,10,out,121.12742879910128,OK,1991,2020,30,CHIRPS_v2,UCSB-CHG/CHIRPS/DAILY,1991-2020,IBGE_2024
3202504,Ibiraçu,ES,201.248,10,out,121.70151275887072,OK,1991,2020,30,CHIRPS_v2,UCSB-CHG/CHIRPS/DAILY,1991-2020,IBGE_2024
3200607,Aracruz,ES,1420.286,10,out,116.8281880022011,OK,1991,2020,30,CHIRPS_v2,UCSB-CHG/CHIRPS/DAILY,1991-2020,IBGE_2024
3205010,Sooretama,ES,587.037,10,out,106.01965827313704,OK,1991,2020,30,CHIRPS_v2,UCSB-CHG/CHIRPS/DAILY,1991-2020,IBGE_2024
3204351,Rio Bananal,ES,641.929,10,out,114.33160686052038,OK,1991,2020,30,CHIRPS_v2,UCSB-CHG/CHIRPS/DAILY,1991-2020,IBGE_2024
3201506,Colatina,ES,1398.219,10,out,110.40459848751222,OK,1991,2020,30,CHIRPS_v2,UCSB-CHG/CHIRPS/DAILY,1991-2020,IBGE_2024
3202702,Itaguaçu,ES,535.021,10,out,103.96734063762918,OK,1991,2020,30,CHIRPS_v2,UCSB-CHG/CHIRPS/DAILY,1991-2020,IBGE_2024
3202256,Governador Lindenberg,ES,360.016,10,out,111.8396887966782,OK,1991,2020,30,CHIRPS_v2,UCSB-CHG/CHIRPS/DAILY,1991-2020,IBGE_2024
3200805,Baixo Guandu,ES,909.039,10,out,98.87089205342605,OK,1991,2020,30,CHIRPS_v2,UCSB-CHG/CHIRPS/DAILY,1991-2020,IBGE_2024
3200136,Águia Branca,ES,454.448,10,out,91.14209708009055,OK,1991,2020,30,CHIRPS_v2,UCSB-CHG/CHIRPS/DAILY,1991-2020,IBGE_2024
3200359,Alto Rio Novo,ES,227.617,10,out,89.8723192876759,OK,1991,2020,30,CHIRPS_v2,UCSB-CHG/CHIRPS/DAILY,1991-2020,IBGE_2024
3204708,São Gabriel da Palha,ES,434.887,10,out,96.32056792715335,OK,1991,2020,30,CHIRPS_v2,UCSB-CHG/CHIRPS/DAILY,1991-2020,IBGE_2024
3205176,Vila Valério,ES,470.342,10,out,98.36560707234503,OK,1991,2020,30,CHIRPS_v2,UCSB-CHG/CHIRPS/DAILY,1991-2020,IBGE_2024
3204955,São Roque do Canaã,ES,341.944,10,out,112.26154458493033,OK,1991,2020,30,CHIRPS_v2,UCSB-CHG/CHIRPS/DAILY,1991-2020,IBGE_2024
3204658,São Domingos do Norte,ES,298.58,10,out,104.00338817848397,OK,1991,2020,30,CHIRPS_v2,UCSB-CHG/CHIRPS/DAILY,1991-2020,IBGE_2024
3204005,Pancas,ES,837.842,10,out,96.97595778764125,OK,1991,2020,30,CHIRPS_v2,UCSB-CHG/CHIRPS/DAILY,1991-2020,IBGE_2024
3203304,Mantenópolis,ES,321.417,10,out,83.1470556212207,OK,1991,2020,30,CHIRPS_v2,UCSB-CHG/CHIRPS/DAILY,1991-2020,IBGE_2024
3203353,Marilândia,ES,327.642,10,out,116.12226159946482,OK,1991,2020,30,CHIRPS_v2,UCSB-CHG/CHIRPS/DAILY,1991-2020,IBGE_2024
3202108,Ecoporanga,ES,2285.361,10,out,80.98303466865767,OK,1991,2020,30,CHIRPS_v2,UCSB-CHG/CHIRPS/DAILY,1991-2020,IBGE_2024
3200904,Barra de São Francisco,ES,944.521,10,out,83.58207610066799,OK,1991,2020,30,CHIRPS_v2,UCSB-CHG/CHIRPS/DAILY,1991-2020,IBGE_2024
3200169,Água Doce do Norte,ES,473.728,10,out,81.47473653169693,OK,1991,2020,30,CHIRPS_v2,UCSB-CHG/CHIRPS/DAILY,1991-2020,IBGE_2024
3205150,Vila Pavão,ES,433.257,10,out,84.22645405860384,OK,1991,2020,30,CHIRPS_v2,UCSB-CHG/CHIRPS/DAILY,1991-2020,IBGE_2024
3203908,Nova Venécia,ES,1439.57,10,out,86.44198640547033,OK,1991,2020,30,CHIRPS_v2,UCSB-CHG/CHIRPS/DAILY,1991-2020,IBGE_2024
3201209,Cachoeiro de Itapemirim,ES,864.583,10,out,96.38996391361111,OK,1991,2020,30,CHIRPS_v2,UCSB-CHG/CHIRPS/DAILY,1991-2020,IBGE_2024
3203106,Jerônimo Monteiro,ES,177.342,10,out,98.84817362497454,OK,1991,2020,30,CHIRPS_v2,UCSB-CHG/CHIRPS/DAILY,1991-2020,IBGE_2024
3202603,Iconha,ES,203.528,10,out,113.5082071457117,OK,1991,2020,30,CHIRPS_v2,UCSB-CHG/CHIRPS/DAILY,1991-2020,IBGE_2024
3201407,Castelo,ES,663.515,10,out,108.91385705834645,OK,1991,2020,30,CHIRPS_v2,UCSB-CHG/CHIRPS/DAILY,1991-2020,IBGE_2024
3200706,Atílio Vivácqua,ES,232.868,10,out,96.09663585412457,OK,1991,2020,30,CHIRPS_v2,UCSB-CHG/CHIRPS/DAILY,1991-2020,IBGE_2024
3205036,Vargem Alta,ES,417.76,10,out,112.68311967836816,OK,1991,2020,30,CHIRPS_v2,UCSB-CHG/CHIRPS/DAILY,1991-2020,IBGE_2024
3204302,Presidente Kennedy,ES,594.897,10,out,82.00474740521541,OK,1991,2020,30,CHIRPS_v2,UCSB-CHG/CHIRPS/DAILY,1991-2020,IBGE_2024
3204401,Rio Novo do Sul,ES,204.464,10,out,104.50710818835529,OK,1991,2020,30,CHIRPS_v2,UCSB-CHG/CHIRPS/DAILY,1991-2020,IBGE_2024
3203809,Muqui,ES,327.268,10,out,97.77496762770248,OK,1991,2020,30,CHIRPS_v2,UCSB-CHG/CHIRPS/DAILY,1991-2020,IBGE_2024
3203320,Marataízes,ES,130.268,10,out,87.85465901496705,OK,1991,2020,30,CHIRPS_v2,UCSB-CHG/CHIRPS/DAILY,1991-2020,IBGE_2024
3203403,Mimoso do Sul,ES,869.439,10,out,91.78528406024458,OK,1991,2020,30,CHIRPS_v2,UCSB-CHG/CHIRPS/DAILY,1991-2020,IBGE_2024
3202801,Itapemirim,ES,551.133,10,out,94.1318869604116,OK,1991,2020,30,CHIRPS_v2,UCSB-CHG/CHIRPS/DAILY,1991-2020,IBGE_2024
3203007,Iúna,ES,460.586,10,out,108.96192011583953,OK,1991,2020,30,CHIRPS_v2,UCSB-CHG/CHIRPS/DAILY,1991-2020,IBGE_2024
3202306,Guaçuí,ES,468.185,10,out,106.47228337515844,OK,1991,2020,30,CHIRPS_v2,UCSB-CHG/CHIRPS/DAILY,1991-2020,IBGE_2024
3202553,Ibitirama,ES,330.874,10,out,115.46528843541414,OK,1991,2020,30,CHIRPS_v2,UCSB-CHG/CHIRPS/DAILY,1991-2020,IBGE_2024
3202454,Ibatiba,ES,240.278,10,out,104.39067943765058,OK,1991,2020,30,CHIRPS_v2,UCSB-CHG/CHIRPS/DAILY,1991-2020,IBGE_2024
3201803,Divino de São Lourenço,ES,174.039,10,out,113.78599659929091,OK,1991,2020,30,CHIRPS_v2,UCSB-CHG/CHIRPS/DAILY,1991-2020,IBGE_2024
3202009,Dores do Rio Preto,ES,159.298,10,out,110.2583950463245,OK,1991,2020,30,CHIRPS_v2,UCSB-CHG/CHIRPS/DAILY,1991-2020,IBGE_2024
3201100,Bom Jesus do Norte,ES,89.084,10,out,93.7820076193586,OK,1991,2020,30,CHIRPS_v2,UCSB-CHG/CHIRPS/DAILY,1991-2020,IBGE_2024
3200201,Alegre,ES,756.86,10,out,102.53968757887854,OK,1991,2020,30,CHIRPS_v2,UCSB-CHG/CHIRPS/DAILY,1991-2020,IBGE_2024
3200508,Apiacá,ES,193.984,10,out,92.56467540153193,OK,1991,2020,30,CHIRPS_v2,UCSB-CHG/CHIRPS/DAILY,1991-2020,IBGE_2024
3204807,São José do Calçado,ES,273.489,10,out,98.79520276719998,OK,1991,2020,30,CHIRPS_v2,UCSB-CHG/CHIRPS/DAILY,1991-2020,IBGE_2024
3203700,Muniz Freire,ES,678.804,10,out,107.14869545044243,OK,1991,2020,30,CHIRPS_v2,UCSB-CHG/CHIRPS/DAILY,1991-2020,IBGE_2024
3202652,Irupi,ES,184.807,10,out,107.27044904166452,OK,1991,2020,30,CHIRPS_v2,UCSB-CHG/CHIRPS/DAILY,1991-2020,IBGE_2024
3300456,Belford Roxo,RJ,78.985,10,out,99.9297807923737,OK,1991,2020,30,CHIRPS_v2,UCSB-CHG/CHIRPS/DAILY,1991-2020,IBGE_2024
3305752,Tanguá,RJ,143.007,10,out,104.56116529796098,OK,1991,2020,30,CHIRPS_v2,UCSB-CHG/CHIRPS/DAILY,1991-2020,IBGE_2024
3305554,Seropédica,RJ,265.189,10,out,96.79587345567217,OK,1991,2020,30,CHIRPS_v2,UCSB-CHG/CHIRPS/DAILY,1991-2020,IBGE_2024
3305109,São João de Meriti,RJ,35.216,10,out,95.35633947912909,OK,1991,2020,30,CHIRPS_v2,UCSB-CHG/CHIRPS/DAILY,1991-2020,IBGE_2024
3305505,Saquarema,RJ,352.129,10,out,99.68259826896137,OK,1991,2020,30,CHIRPS_v2,UCSB-CHG/CHIRPS/DAILY,1991-2020,IBGE_2024
3304557,Rio de Janeiro,RJ,1200.329,10,out,105.51857196716058,OK,1991,2020,30,CHIRPS_v2,UCSB-CHG/CHIRPS/DAILY,1991-2020,IBGE_2024
3304904,São Gonçalo,RJ,248.159,10,out,89.38744437941591,OK,1991,2020,30,CHIRPS_v2,UCSB-CHG/CHIRPS/DAILY,1991-2020,IBGE_2024
3304144,Queimados,RJ,75.927,10,out,95.57451521315714,OK,1991,2020,30,CHIRPS_v2,UCSB-CHG/CHIRPS/DAILY,1991-2020,IBGE_2024
3303500,Nova Iguaçu,RJ,520.581,10,out,101.945491189749,OK,1991,2020,30,CHIRPS_v2,UCSB-CHG/CHIRPS/DAILY,1991-2020,IBGE_2024
3303609,Paracambi,RJ,190.949,10,out,99.65593330501153,OK,1991,2020,30,CHIRPS_v2,UCSB-CHG/CHIRPS/DAILY,1991-2020,IBGE_2024
3303203,Nilópolis,RJ,19.393,10,out,79.37769842584899,OK,1991,2020,30,CHIRPS_v2,UCSB-CHG/CHIRPS/DAILY,1991-2020,IBGE_2024
3303302,Niterói,RJ,133.757,10,out,88.24400382756475,OK,1991,2020,30,CHIRPS_v2,UCSB-CHG/CHIRPS/DAILY,1991-2020,IBGE_2024
3302601,Mangaratiba,RJ,367.606,10,out,137.53826457497567,OK,1991,2020,30,CHIRPS_v2,UCSB-CHG/CHIRPS/DAILY,1991-2020,IBGE_2024
3302700,Maricá,RJ,361.572,10,out,94.00494645733596,OK,1991,2020,30,CHIRPS_v2,UCSB-CHG/CHIRPS/DAILY,1991-2020,IBGE_2024
3302502,Magé,RJ,390.775,10,out,116.00126916942236,OK,1991,2020,30,CHIRPS_v2,UCSB-CHG/CHIRPS/DAILY,1991-2020,IBGE_2024
3302858,Mesquita,RJ,41.169,10,out,88.21432197063004,OK,1991,2020,30,CHIRPS_v2,UCSB-CHG/CHIRPS/DAILY,1991-2020,IBGE_2024
3302007,Itaguaí,RJ,282.607,10,out,109.75347059129582,OK,1991,2020,30,CHIRPS_v2,UCSB-CHG/CHIRPS/DAILY,1991-2020,IBGE_2024
3302270,Japeri,RJ,81.697,10,out,96.87810245784114,OK,1991,2020,30,CHIRPS_v2,UCSB-CHG/CHIRPS/DAILY,1991-2020,IBGE_2024
3301702,Duque de Caxias,RJ,467.319,10,out,124.33154545562951,OK,1991,2020,30,CHIRPS_v2,UCSB-CHG/CHIRPS/DAILY,1991-2020,IBGE_2024
3301850,Guapimirim,RJ,358.443,10,out,117.60405409468527,OK,1991,2020,30,CHIRPS_v2,UCSB-CHG/CHIRPS/DAILY,1991-2020,IBGE_2024
3301900,Itaboraí,RJ,429.961,10,out,101.48434669750175,OK,1991,2020,30,CHIRPS_v2,UCSB-CHG/CHIRPS/DAILY,1991-2020,IBGE_2024
3300100,Angra dos Reis,RJ,813.419,10,out,166.11233400881272,OK,1991,2020,30,CHIRPS_v2,UCSB-CHG/CHIRPS/DAILY,1991-2020,IBGE_2024
3303807,Paraty,RJ,924.295,10,out,176.50105110432412,OK,1991,2020,30,CHIRPS_v2,UCSB-CHG/CHIRPS/DAILY,1991-2020,IBGE_2024
3300803,Cachoeiras de Macacu,RJ,954.749,10,out,119.35565667102321,OK,1991,2020,30,CHIRPS_v2,UCSB-CHG/CHIRPS/DAILY,1991-2020,IBGE_2024
3305604,Silva Jardim,RJ,937.755,10,out,122.60474765728986,OK,1991,2020,30,CHIRPS_v2,UCSB-CHG/CHIRPS/DAILY,1991-2020,IBGE_2024
3304300,Rio Bonito,RJ,459.458,10,out,112.12488702326313,OK,1991,2020,30,CHIRPS_v2,UCSB-CHG/CHIRPS/DAILY,1991-2020,IBGE_2024
3300407,Barra Mansa,RJ,547.133,10,out,112.89628593479712,OK,1991,2020,30,CHIRPS_v2,UCSB-CHG/CHIRPS/DAILY,1991-2020,IBGE_2024
3306305,Volta Redonda,RJ,182.105,10,out,108.65001981445184,OK,1991,2020,30,CHIRPS_v2,UCSB-CHG/CHIRPS/DAILY,1991-2020,IBGE_2024
3303955,Pinheiral,RJ,82.254,10,out,102.07604087155941,OK,1991,2020,30,CHIRPS_v2,UCSB-CHG/CHIRPS/DAILY,1991-2020,IBGE_2024
3300308,Barra do Piraí,RJ,584.61,10,out,106.24170239078786,OK,1991,2020,30,CHIRPS_v2,UCSB-CHG/CHIRPS/DAILY,1991-2020,IBGE_2024
3304409,Rio Claro,RJ,846.797,10,out,125.08469972232653,OK,1991,2020,30,CHIRPS_v2,UCSB-CHG/CHIRPS/DAILY,1991-2020,IBGE_2024
3304003,Piraí,RJ,490.255,10,out,101.5443686950816,OK,1991,2020,30,CHIRPS_v2,UCSB-CHG/CHIRPS/DAILY,1991-2020,IBGE_2024
3302809,Mendes,RJ,95.324,10,out,101.52410211627073,OK,1991,2020,30,CHIRPS_v2,UCSB-CHG/CHIRPS/DAILY,1991-2020,IBGE_2024
3301801,Engenheiro Paulo de Frontin,RJ,139.381,10,out,103.80512611810315,OK,1991,2020,30,CHIRPS_v2,UCSB-CHG/CHIRPS/DAILY,1991-2020,IBGE_2024
3304201,Resende,RJ,1099.336,10,out,129.32362572950566,OK,1991,2020,30,CHIRPS_v2,UCSB-CHG/CHIRPS/DAILY,1991-2020,IBGE_2024
3304128,Quatis,RJ,284.826,10,out,122.31511130812083,OK,1991,2020,30,CHIRPS_v2,UCSB-CHG/CHIRPS/DAILY,1991-2020,IBGE_2024
3304110,Porto Real,RJ,50.892,10,out,115.90629215624779,OK,1991,2020,30,CHIRPS_v2,UCSB-CHG/CHIRPS/DAILY,1991-2020,IBGE_2024
3302254,Itatiaia,RJ,241.035,10,out,138.32853600306333,OK,1991,2020,30,CHIRPS_v2,UCSB-CHG/CHIRPS/DAILY,1991-2020,IBGE_2024
3306206,Vassouras,RJ,536.073,10,out,99.03942715530286,OK,1991,2020,30,CHIRPS_v2,UCSB-CHG/CHIRPS/DAILY,1991-2020,IBGE_2024
3306107,Valença,RJ,1300.767,10,out,115.52559599959127,OK,1991,2020,30,CHIRPS_v2,UCSB-CHG/CHIRPS/DAILY,1991-2020,IBGE_2024
3304508,Rio das Flores,RJ,478.783,10,out,100.49702011849374,OK,1991,2020,30,CHIRPS_v2,UCSB-CHG/CHIRPS/DAILY,1991-2020,IBGE_2024
3303856,Paty do Alferes,RJ,314.341,10,out,110.37545421312736,OK,1991,2020,30,CHIRPS_v2,UCSB-CHG/CHIRPS/DAILY,1991-2020,IBGE_2024
3302908,Miguel Pereira,RJ,287.933,10,out,115.8355414262314,OK,1991,2020,30,CHIRPS_v2,UCSB-CHG/CHIRPS/DAILY,1991-2020,IBGE_2024
3300225,Areal,RJ,110.724,10,out,107.06848396433139,OK,1991,2020,30,CHIRPS_v2,UCSB-CHG/CHIRPS/DAILY,1991-2020,IBGE_2024
3305802,Teresópolis,RJ,773.338,10,out,123.80086636448533,OK,1991,2020,30,CHIRPS_v2,UCSB-CHG/CHIRPS/DAILY,1991-2020,IBGE_2024
3303906,Petrópolis,RJ,791.144,10,out,128.03190444383588,OK,1991,2020,30,CHIRPS_v2,UCSB-CHG/CHIRPS/DAILY,1991-2020,IBGE_2024
3305158,São José do Vale do Rio Preto,RJ,220.178,10,out,108.94796855410732,OK,1991,2020,30,CHIRPS_v2,UCSB-CHG/CHIRPS/DAILY,1991-2020,IBGE_2024
3303401,Nova Friburgo,RJ,935.429,10,out,117.63552830050352,OK,1991,2020,30,CHIRPS_v2,UCSB-CHG/CHIRPS/DAILY,1991-2020,IBGE_2024
3301207,Carmo,RJ,305.749,10,out,91.93464609735568,OK,1991,2020,30,CHIRPS_v2,UCSB-CHG/CHIRPS/DAILY,1991-2020,IBGE_2024
3300506,Bom Jardim,RJ,382.43,10,out,108.62127049783967,OK,1991,2020,30,CHIRPS_v2,UCSB-CHG/CHIRPS/DAILY,1991-2020,IBGE_2024
3305703,Sumidouro,RJ,413.407,10,out,109.00265118345476,OK,1991,2020,30,CHIRPS_v2,UCSB-CHG/CHIRPS/DAILY,1991-2020,IBGE_2024
3305901,Trajano de Moraes,RJ,591.152,10,out,113.47044996945664,OK,1991,2020,30,CHIRPS_v2,UCSB-CHG/CHIRPS/DAILY,1991-2020,IBGE_2024
3305307,São Sebastião do Alto,RJ,397.214,10,out,97.95690171172508,OK,1991,2020,30,CHIRPS_v2,UCSB-CHG/CHIRPS/DAILY,1991-2020,IBGE_2024
3304607,Santa Maria Madalena,RJ,810.962,10,out,106.02550762968683,OK,1991,2020,30,CHIRPS_v2,UCSB-CHG/CHIRPS/DAILY,1991-2020,IBGE_2024
3302452,Macuco,RJ,78.364,10,out,100.52720491174694,OK,1991,2020,30,CHIRPS_v2,UCSB-CHG/CHIRPS/DAILY,1991-2020,IBGE_2024
3301603,Duas Barras,RJ,379.619,10,out,103.16248274589204,OK,1991,2020,30,CHIRPS_v2,UCSB-CHG/CHIRPS/DAILY,1991-2020,IBGE_2024
3301504,Cordeiro,RJ,113.048,10,out,101.82523607669309,OK,1991,2020,30,CHIRPS_v2,UCSB-CHG/CHIRPS/DAILY,1991-2020,IBGE_2024
3301108,Cantagalo,RJ,747.21,10,out,97.28876577098652,OK,1991,2020,30,CHIRPS_v2,UCSB-CHG/CHIRPS/DAILY,1991-2020,IBGE_2024
3306008,Três Rios,RJ,322.843,10,out,100.07277669066701,OK,1991,2020,30,CHIRPS_v2,UCSB-CHG/CHIRPS/DAILY,1991-2020,IBGE_2024
3303708,Paraíba do Sul,RJ,571.118,10,out,101.65067137341369,OK,1991,2020,30,CHIRPS_v2,UCSB-CHG/CHIRPS/DAILY,1991-2020,IBGE_2024
3300951,Comendador Levy Gasparian,RJ,108.639,10,out,103.48268700532022,OK,1991,2020,30,CHIRPS_v2,UCSB-CHG/CHIRPS/DAILY,1991-2020,IBGE_2024
3305406,Sapucaia,RJ,540.673,10,out,100.2564511035667,OK,1991,2020,30,CHIRPS_v2,UCSB-CHG/CHIRPS/DAILY,1991-2020,IBGE_2024
3301009,Campos dos Goytacazes,RJ,4032.487,10,out,88.89009718517644,OK,1991,2020,30,CHIRPS_v2,UCSB-CHG/CHIRPS/DAILY,1991-2020,IBGE_2024
3305000,São João da Barra,RJ,452.396,10,out,91.42088283154423,OK,1991,2020,30,CHIRPS_v2,UCSB-CHG/CHIRPS/DAILY,1991-2020,IBGE_2024
3304755,São Francisco de Itabapoana,RJ,1118.037,10,out,84.31753259465069,OK,1991,2020,30,CHIRPS_v2,UCSB-CHG/CHIRPS/DAILY,1991-2020,IBGE_2024
3304805,São Fidélis,RJ,1034.833,10,out,93.08852006938763,OK,1991,2020,30,CHIRPS_v2,UCSB-CHG/CHIRPS/DAILY,1991-2020,IBGE_2024
3302056,Italva,RJ,291.193,10,out,87.91107066121069,OK,1991,2020,30,CHIRPS_v2,UCSB-CHG/CHIRPS/DAILY,1991-2020,IBGE_2024
3301157,Cardoso Moreira,RJ,522.596,10,out,86.62796502205164,OK,1991,2020,30,CHIRPS_v2,UCSB-CHG/CHIRPS/DAILY,1991-2020,IBGE_2024
3300605,Bom Jesus do Itabapoana,RJ,596.659,10,out,94.4067124663734,OK,1991,2020,30,CHIRPS_v2,UCSB-CHG/CHIRPS/DAILY,1991-2020,IBGE_2024
3306156,Varre-Sai,RJ,201.938,10,out,100.55605367121254,OK,1991,2020,30,CHIRPS_v2,UCSB-CHG/CHIRPS/DAILY,1991-2020,IBGE_2024
3305133,São José de Ubá,RJ,249.688,10,out,93.56078642637935,OK,1991,2020,30,CHIRPS_v2,UCSB-CHG/CHIRPS/DAILY,1991-2020,IBGE_2024
3304102,Porciúncula,RJ,291.847,10,out,100.23942752048413,OK,1991,2020,30,CHIRPS_v2,UCSB-CHG/CHIRPS/DAILY,1991-2020,IBGE_2024
3303104,Natividade,RJ,387.073,10,out,97.40830764519679,OK,1991,2020,30,CHIRPS_v2,UCSB-CHG/CHIRPS/DAILY,1991-2020,IBGE_2024
3302205,Itaperuna,RJ,1106.694,10,out,94.2486552787815,OK,1991,2020,30,CHIRPS_v2,UCSB-CHG/CHIRPS/DAILY,1991-2020,IBGE_2024
3302304,Laje do Muriaé,RJ,253.53,10,out,101.91794342622777,OK,1991,2020,30,CHIRPS_v2,UCSB-CHG/CHIRPS/DAILY,1991-2020,IBGE_2024
3300902,Cambuci,RJ,558.281,10,out,93.21973730035256,OK,1991,2020,30,CHIRPS_v2,UCSB-CHG/CHIRPS/DAILY,1991-2020,IBGE_2024
3300159,Aperibé,RJ,94.542,10,out,95.60155888860464,OK,1991,2020,30,CHIRPS_v2,UCSB-CHG/CHIRPS/DAILY,1991-2020,IBGE_2024
3304706,Santo Antônio de Pádua,RJ,603.633,10,out,100.38639898163864,OK,1991,2020,30,CHIRPS_v2,UCSB-CHG/CHIRPS/DAILY,1991-2020,IBGE_2024
3303005,Miracema,RJ,303.27,10,out,101.31955145685731,OK,1991,2020,30,CHIRPS_v2,UCSB-CHG/CHIRPS/DAILY,1991-2020,IBGE_2024
3302106,Itaocara,RJ,433.182,10,out,94.20493698961945,OK,1991,2020,30,CHIRPS_v2,UCSB-CHG/CHIRPS/DAILY,1991-2020,IBGE_2024
3300704,Cabo Frio,RJ,413.449,10,out,105.69766194009271,OK,1991,2020,30,CHIRPS_v2,UCSB-CHG/CHIRPS/DAILY,1991-2020,IBGE_2024
3300209,Araruama,RJ,638.276,10,out,113.1745369817056,OK,1991,2020,30,CHIRPS_v2,UCSB-CHG/CHIRPS/DAILY,1991-2020,IBGE_2024
3300258,Arraial do Cabo,RJ,152.106,10,out,79.98194373080304,OK,1991,2020,30,CHIRPS_v2,UCSB-CHG/CHIRPS/DAILY,1991-2020,IBGE_2024
3300233,Armação dos Búzios,RJ,70.977,10,out,104.27687812304113,OK,1991,2020,30,CHIRPS_v2,UCSB-CHG/CHIRPS/DAILY,1991-2020,IBGE_2024
3305208,São Pedro da Aldeia,RJ,332.488,10,out,109.33335799388688,OK,1991,2020,30,CHIRPS_v2,UCSB-CHG/CHIRPS/DAILY,1991-2020,IBGE_2024
3301876,Iguaba Grande,RJ,50.977,10,out,114.97758272449886,OK,1991,2020,30,CHIRPS_v2,UCSB-CHG/CHIRPS/DAILY,1991-2020,IBGE_2024
3301405,Conceição de Macabu,RJ,338.26,10,out,106.89969888685627,OK,1991,2020,30,CHIRPS_v2,UCSB-CHG/CHIRPS/DAILY,1991-2020,IBGE_2024
3301306,Casimiro de Abreu,RJ,462.918,10,out,117.89532390674859,OK,1991,2020,30,CHIRPS_v2,UCSB-CHG/CHIRPS/DAILY,1991-2020,IBGE_2024
3304524,Rio das Ostras,RJ,228.044,10,out,116.17162113442052,OK,1991,2020,30,CHIRPS_v2,UCSB-CHG/CHIRPS/DAILY,1991-2020,IBGE_2024
3302403,Macaé,RJ,1216.989,10,out,113.19440400910294,OK,1991,2020,30,CHIRPS_v2,UCSB-CHG/CHIRPS/DAILY,1991-2020,IBGE_2024
3300936,Carapebus,RJ,304.884,10,out,98.43832613703484,OK,1991,2020,30,CHIRPS_v2,UCSB-CHG/CHIRPS/DAILY,1991-2020,IBGE_2024
3304151,Quissamã,RJ,719.643,10,out,90.03475646192298,OK,1991,2020,30,CHIRPS_v2,UCSB-CHG/CHIRPS/DAILY,1991-2020,IBGE_2024
3555406,Ubatuba,SP,708.246,10,out,186.85714548860156,OK,1991,2020,30,CHIRPS_v2,UCSB-CHG/CHIRPS/DAILY,1991-2020,IBGE_2024
3527207,Lorena,SP,414.16,10,out,133.29434790955298,OK,1991,2020,30,CHIRPS_v2,UCSB-CHG/CHIRPS/DAILY,1991-2020,IBGE_2024
3509957,Canas,SP,53.261,10,out,131.47057136298648,OK,1991,2020,30,CHIRPS_v2,UCSB-CHG/CHIRPS/DAILY,1991-2020,IBGE_2024
3513603,Cunha,SP,1407.098,10,out,148.5041103547445,OK,1991,2020,30,CHIRPS_v2,UCSB-CHG/CHIRPS/DAILY,1991-2020,IBGE_2024
3504909,Bananal,SP,616.934,10,out,136.03552719950898,OK,1991,2020,30,CHIRPS_v2,UCSB-CHG/CHIRPS/DAILY,1991-2020,IBGE_2024
3513405,Cruzeiro,SP,305.669,10,out,140.54054057807258,OK,1991,2020,30,CHIRPS_v2,UCSB-CHG/CHIRPS/DAILY,1991-2020,IBGE_2024
3503505,Areias,SP,303.98,10,out,143.15181507576503,OK,1991,2020,30,CHIRPS_v2,UCSB-CHG/CHIRPS/DAILY,1991-2020,IBGE_2024
3552007,Silveiras,SP,415.038,10,out,136.31370893708475,OK,1991,2020,30,CHIRPS_v2,UCSB-CHG/CHIRPS/DAILY,1991-2020,IBGE_2024
3503158,Arapeí,SP,156.479,10,out,130.340458886173,OK,1991,2020,30,CHIRPS_v2,UCSB-CHG/CHIRPS/DAILY,1991-2020,IBGE_2024
3526605,Lavrinhas,SP,166.948,10,out,132.82807313518867,OK,1991,2020,30,CHIRPS_v2,UCSB-CHG/CHIRPS/DAILY,1991-2020,IBGE_2024
3541901,Queluz,SP,249.356,10,out,136.7759282700373,OK,1991,2020,30,CHIRPS_v2,UCSB-CHG/CHIRPS/DAILY,1991-2020,IBGE_2024
3508603,Cachoeira Paulista,SP,288.747,10,out,131.43483485682108,OK,1991,2020,30,CHIRPS_v2,UCSB-CHG/CHIRPS/DAILY,1991-2020,IBGE_2024
3549607,São José do Barreiro,SP,570.604,10,out,152.65385114332577,OK,1991,2020,30,CHIRPS_v2,UCSB-CHG/CHIRPS/DAILY,1991-2020,IBGE_2024
1101104,Itapuã do Oeste,RO,4081.555,10,out,166.42087408254972,OK,1991,2020,30,CHIRPS_v2,UCSB-CHG/CHIRPS/DAILY,1991-2020,IBGE_2024
1100809,Candeias do Jamari,RO,6843.666,10,out,164.57395284780802,OK,1991,2020,30,CHIRPS_v2,UCSB-CHG/CHIRPS/DAILY,1991-2020,IBGE_2024
1100338,Nova Mamoré,RO,10070.515,10,out,153.19642290942673,OK,1991,2020,30,CHIRPS_v2,UCSB-CHG/CHIRPS/DAILY,1991-2020,IBGE_2024
1100106,Guajará-Mirim,RO,24856.877,10,out,141.25571366264165,OK,1991,2020,30,CHIRPS_v2,UCSB-CHG/CHIRPS/DAILY,1991-2020,IBGE_2024
1100205,Porto Velho,RO,34090.463,10,out,158.2407626172881,OK,1991,2020,30,CHIRPS_v2,UCSB-CHG/CHIRPS/DAILY,1991-2020,IBGE_2024
1100940,Cujubim,RO,3863.948,10,out,177.83548207441504,OK,1991,2020,30,CHIRPS_v2,UCSB-CHG/CHIRPS/DAILY,1991-2020,IBGE_2024
1100601,Cacaulândia,RO,1962.032,10,out,165.63777968015017,OK,1991,2020,30,CHIRPS_v2,UCSB-CHG/CHIRPS/DAILY,1991-2020,IBGE_2024
1100403,Alto Paraíso,RO,2652.03,10,out,172.47383715229427,OK,1991,2020,30,CHIRPS_v2,UCSB-CHG/CHIRPS/DAILY,1991-2020,IBGE_2024
1100452,Buritis,RO,3265.811,10,out,161.98965360009393,OK,1991,2020,30,CHIRPS_v2,UCSB-CHG/CHIRPS/DAILY,1991-2020,IBGE_2024
1100700,Campo Novo de Rondônia,RO,3442.005,10,out,161.64630736366834,OK,1991,2020,30,CHIRPS_v2,UCSB-CHG/CHIRPS/DAILY,1991-2020,IBGE_2024
1100023,Ariquemes,RO,4426.127,10,out,178.211554076717,OK,1991,2020,30,CHIRPS_v2,UCSB-CHG/CHIRPS/DAILY,1991-2020,IBGE_2024
1100262,Rio Crespo,RO,1717.64,10,out,177.87055499997516,OK,1991,2020,30,CHIRPS_v2,UCSB-CHG/CHIRPS/DAILY,1991-2020,IBGE_2024
1101401,Monte Negro,RO,1931.404,10,out,170.52298549057383,OK,1991,2020,30,CHIRPS_v2,UCSB-CHG/CHIRPS/DAILY,1991-2020,IBGE_2024
1101757,Vale do Anari,RO,3135.107,10,out,173.8433628753006,OK,1991,2020,30,CHIRPS_v2,UCSB-CHG/CHIRPS/DAILY,1991-2020,IBGE_2024
1101005,Governador Jorge Teixeira,RO,5067.386,10,out,155.1440521899711,OK,1991,2020,30,CHIRPS_v2,UCSB-CHG/CHIRPS/DAILY,1991-2020,IBGE_2024
1100130,Machadinho D'Oeste,RO,8509.166,10,out,179.17341846237107,OK,1991,2020,30,CHIRPS_v2,UCSB-CHG/CHIRPS/DAILY,1991-2020,IBGE_2024
1100114,Jaru,RO,2944.126,10,out,154.4387364607303,OK,1991,2020,30,CHIRPS_v2,UCSB-CHG/CHIRPS/DAILY,1991-2020,IBGE_2024
1101609,Theobroma,RO,2197.412,10,out,177.9969240046983,OK,1991,2020,30,CHIRPS_v2,UCSB-CHG/CHIRPS/DAILY,1991-2020,IBGE_2024
1101708,Urupá,RO,831.855,10,out,158.28018513565635,OK,1991,2020,30,CHIRPS_v2,UCSB-CHG/CHIRPS/DAILY,1991-2020,IBGE_2024
1101302,Mirante da Serra,RO,1191.875,10,out,145.21516073566846,OK,1991,2020,30,CHIRPS_v2,UCSB-CHG/CHIRPS/DAILY,1991-2020,IBGE_2024
1100080,Costa Marques,RO,4987.159,10,out,129.2766241897516,OK,1991,2020,30,CHIRPS_v2,UCSB-CHG/CHIRPS/DAILY,1991-2020,IBGE_2024
1100254,Presidente Médici,RO,1758.464,10,out,179.01665024603872,OK,1991,2020,30,CHIRPS_v2,UCSB-CHG/CHIRPS/DAILY,1991-2020,IBGE_2024
1100346,Alvorada D'Oeste,RO,3029.193,10,out,153.01569352596545,OK,1991,2020,30,CHIRPS_v2,UCSB-CHG/CHIRPS/DAILY,1991-2020,IBGE_2024
1100320,São Miguel do Guaporé,RO,6789.605,10,out,151.42872482042216,OK,1991,2020,30,CHIRPS_v2,UCSB-CHG/CHIRPS/DAILY,1991-2020,IBGE_2024
1100155,Ouro Preto do Oeste,RO,1969.878,10,out,170.2781729992125,OK,1991,2020,30,CHIRPS_v2,UCSB-CHG/CHIRPS/DAILY,1991-2020,IBGE_2024
1100122,Ji-Paraná,RO,6896.649,10,out,175.16800499192814,OK,1991,2020,30,CHIRPS_v2,UCSB-CHG/CHIRPS/DAILY,1991-2020,IBGE_2024
1101559,Teixeirópolis,RO,459.933,10,out,168.30088155072838,OK,1991,2020,30,CHIRPS_v2,UCSB-CHG/CHIRPS/DAILY,1991-2020,IBGE_2024
1101435,Nova União,RO,807.17,10,out,149.09984755822572,OK,1991,2020,30,CHIRPS_v2,UCSB-CHG/CHIRPS/DAILY,1991-2020,IBGE_2024
1101500,Seringueiras,RO,4443.991,10,out,151.25237879889372,OK,1991,2020,30,CHIRPS_v2,UCSB-CHG/CHIRPS/DAILY,1991-2020,IBGE_2024
1101492,São Francisco do Guaporé,RO,10948.637,10,out,137.86812212080346,OK,1991,2020,30,CHIRPS_v2,UCSB-CHG/CHIRPS/DAILY,1991-2020,IBGE_2024
1101807,Vale do Paraíso,RO,965.661,10,out,171.04070937967072,OK,1991,2020,30,CHIRPS_v2,UCSB-CHG/CHIRPS/DAILY,1991-2020,IBGE_2024
1100908,Castanheiras,RO,892.841,10,out,153.45117716613692,OK,1991,2020,30,CHIRPS_v2,UCSB-CHG/CHIRPS/DAILY,1991-2020,IBGE_2024
1101203,Ministro Andreazza,RO,798.083,10,out,176.4584707613152,OK,1991,2020,30,CHIRPS_v2,UCSB-CHG/CHIRPS/DAILY,1991-2020,IBGE_2024
1100502,Novo Horizonte do Oeste,RO,843.446,10,out,137.91155517708194,OK,1991,2020,30,CHIRPS_v2,UCSB-CHG/CHIRPS/DAILY,1991-2020,IBGE_2024
1100379,Alto Alegre dos Parecis,RO,3958.273,10,out,154.37638311640504,OK,1991,2020,30,CHIRPS_v2,UCSB-CHG/CHIRPS/DAILY,1991-2020,IBGE_2024
1100015,Alta Floresta D'Oeste,RO,7067.127,10,out,143.11522813541632,OK,1991,2020,30,CHIRPS_v2,UCSB-CHG/CHIRPS/DAILY,1991-2020,IBGE_2024
1100098,Espigão D'Oeste,RO,4518.039,10,out,152.70310233047724,OK,1991,2020,30,CHIRPS_v2,UCSB-CHG/CHIRPS/DAILY,1991-2020,IBGE_2024
1100049,Cacoal,RO,3792.998,10,out,162.84630714795225,OK,1991,2020,30,CHIRPS_v2,UCSB-CHG/CHIRPS/DAILY,1991-2020,IBGE_2024
1100288,Rolim de Moura,RO,1457.811,10,out,145.65228155971442,OK,1991,2020,30,CHIRPS_v2,UCSB-CHG/CHIRPS/DAILY,1991-2020,IBGE_2024
1100296,Santa Luzia D'Oeste,RO,1197.796,10,out,144.19245528639547,OK,1991,2020,30,CHIRPS_v2,UCSB-CHG/CHIRPS/DAILY,1991-2020,IBGE_2024
1100148,Nova Brasilândia D'Oeste,RO,1703.008,10,out,147.08700167672663,OK,1991,2020,30,CHIRPS_v2,UCSB-CHG/CHIRPS/DAILY,1991-2020,IBGE_2024
1100189,Pimenta Bueno,RO,6241.017,10,out,157.68622547173942,OK,1991,2020,30,CHIRPS_v2,UCSB-CHG/CHIRPS/DAILY,1991-2020,IBGE_2024
1101484,São Felipe D'Oeste,RO,541.648,10,out,148.7119831946098,OK,1991,2020,30,CHIRPS_v2,UCSB-CHG/CHIRPS/DAILY,1991-2020,IBGE_2024
1101476,Primavera de Rondônia,RO,605.692,10,out,155.91590207982372,OK,1991,2020,30,CHIRPS_v2,UCSB-CHG/CHIRPS/DAILY,1991-2020,IBGE_2024
1101450,Parecis,RO,2548.683,10,out,154.51052298372824,OK,1991,2020,30,CHIRPS_v2,UCSB-CHG/CHIRPS/DAILY,1991-2020,IBGE_2024
1100924,Chupinguaia,RO,5117.301,10,out,153.94836629579729,OK,1991,2020,30,CHIRPS_v2,UCSB-CHG/CHIRPS/DAILY,1991-2020,IBGE_2024
1100031,Cabixi,RO,1314.352,10,out,153.67806549365625,OK,1991,2020,30,CHIRPS_v2,UCSB-CHG/CHIRPS/DAILY,1991-2020,IBGE_2024
1100072,Corumbiara,RO,3060.321,10,out,144.1623644203313,OK,1991,2020,30,CHIRPS_v2,UCSB-CHG/CHIRPS/DAILY,1991-2020,IBGE_2024
1100064,Colorado do Oeste,RO,1451.062,10,out,144.16167561938866,OK,1991,2020,30,CHIRPS_v2,UCSB-CHG/CHIRPS/DAILY,1991-2020,IBGE_2024
1100056,Cerejeiras,RO,2783.297,10,out,146.62153057434415,OK,1991,2020,30,CHIRPS_v2,UCSB-CHG/CHIRPS/DAILY,1991-2020,IBGE_2024
1100304,Vilhena,RO,11708.569,10,out,157.0115340095898,OK,1991,2020,30,CHIRPS_v2,UCSB-CHG/CHIRPS/DAILY,1991-2020,IBGE_2024
1101468,Pimenteiras do Oeste,RO,6014.733,10,out,149.3597485410743,OK,1991,2020,30,CHIRPS_v2,UCSB-CHG/CHIRPS/DAILY,1991-2020,IBGE_2024
1200013,Acrelândia,AC,1811.612,10,out,163.53629176958523,OK,1991,2020,30,CHIRPS_v2,UCSB-CHG/CHIRPS/DAILY,1991-2020,IBGE_2024
1303569,Rio Preto da Eva,AM,5812.425,10,out,137.05324347552641,OK,1991,2020,30,CHIRPS_v2,UCSB-CHG/CHIRPS/DAILY,1991-2020,IBGE_2024
1301852,Iranduba,AM,2331.676,10,out,133.22318910651592,OK,1991,2020,30,CHIRPS_v2,UCSB-CHG/CHIRPS/DAILY,1991-2020,IBGE_2024
1302603,Manaus,AM,11278.893,10,out,137.65051159094384,OK,1991,2020,30,CHIRPS_v2,UCSB-CHG/CHIRPS/DAILY,1991-2020,IBGE_2024
1303106,Nova Olinda do Norte,AM,5573.414,10,out,114.00505920522848,OK,1991,2020,30,CHIRPS_v2,UCSB-CHG/CHIRPS/DAILY,1991-2020,IBGE_2024
1302553,Manaquiri,AM,4016.877,10,out,148.05886977543636,OK,1991,2020,30,CHIRPS_v2,UCSB-CHG/CHIRPS/DAILY,1991-2020,IBGE_2024
1301100,Careiro,AM,6100.302,10,out,142.98196054432339,OK,1991,2020,30,CHIRPS_v2,UCSB-CHG/CHIRPS/DAILY,1991-2020,IBGE_2024
1301159,Careiro da Várzea,AM,2655.729,10,out,115.12052134395529,OK,1991,2020,30,CHIRPS_v2,UCSB-CHG/CHIRPS/DAILY,1991-2020,IBGE_2024
1300805,Borba,AM,44644.015,10,out,137.10741778570696,OK,1991,2020,30,CHIRPS_v2,UCSB-CHG/CHIRPS/DAILY,1991-2020,IBGE_2024
1300300,Autazes,AM,7564.727,10,out,127.26413795248486,OK,1991,2020,30,CHIRPS_v2,UCSB-CHG/CHIRPS/DAILY,1991-2020,IBGE_2024
1301209,Coari,AM,57894.132,10,out,161.7884837334954,OK,1991,2020,30,CHIRPS_v2,UCSB-CHG/CHIRPS/DAILY,1991-2020,IBGE_2024
1301308,Codajás,AM,19038.052,10,out,165.38120352287197,OK,1991,2020,30,CHIRPS_v2,UCSB-CHG/CHIRPS/DAILY,1991-2020,IBGE_2024
1300631,Beruri,AM,17415.813,10,out,166.47945006709753,OK,1991,2020,30,CHIRPS_v2,UCSB-CHG/CHIRPS/DAILY,1991-2020,IBGE_2024
1300102,Anori,AM,6084.881,10,out,164.82009467007407,OK,1991,2020,30,CHIRPS_v2,UCSB-CHG/CHIRPS/DAILY,1991-2020,IBGE_2024
1303205,Novo Airão,AM,37755.384,10,out,143.11070553421655,OK,1991,2020,30,CHIRPS_v2,UCSB-CHG/CHIRPS/DAILY,1991-2020,IBGE_2024
1302504,Manacapuru,AM,7318.909,10,out,129.78171218230298,OK,1991,2020,30,CHIRPS_v2,UCSB-CHG/CHIRPS/DAILY,1991-2020,IBGE_2024
1300839,Caapiranga,AM,9743.918,10,out,150.90462122639732,OK,1991,2020,30,CHIRPS_v2,UCSB-CHG/CHIRPS/DAILY,1991-2020,IBGE_2024
1300086,Anamã,AM,2382.521,10,out,156.4385404289788,OK,1991,2020,30,CHIRPS_v2,UCSB-CHG/CHIRPS/DAILY,1991-2020,IBGE_2024
1304260,Uarini,AM,10323.306,10,out,173.83901899758806,OK,1991,2020,30,CHIRPS_v2,UCSB-CHG/CHIRPS/DAILY,1991-2020,IBGE_2024
1304203,Tefé,AM,23835.224,10,out,180.9697461245463,OK,1991,2020,30,CHIRPS_v2,UCSB-CHG/CHIRPS/DAILY,1991-2020,IBGE_2024
1301605,Fonte Boa,AM,12163.987,10,out,170.46363232481514,OK,1991,2020,30,CHIRPS_v2,UCSB-CHG/CHIRPS/DAILY,1991-2020,IBGE_2024
1302801,Maraã,AM,16805.602,10,out,167.72777050968662,OK,1991,2020,30,CHIRPS_v2,UCSB-CHG/CHIRPS/DAILY,1991-2020,IBGE_2024
1302207,Juruá,AM,19300.464,10,out,182.43606211663547,OK,1991,2020,30,CHIRPS_v2,UCSB-CHG/CHIRPS/DAILY,1991-2020,IBGE_2024
1300029,Alvarães,AM,5964.611,10,out,179.9451750800533,OK,1991,2020,30,CHIRPS_v2,UCSB-CHG/CHIRPS/DAILY,1991-2020,IBGE_2024
1300904,Canutama,AM,33671.791,10,out,163.45164885017888,OK,1991,2020,30,CHIRPS_v2,UCSB-CHG/CHIRPS/DAILY,1991-2020,IBGE_2024
1303304,Novo Aripuanã,AM,41382.864,10,out,166.9279185796622,OK,1991,2020,30,CHIRPS_v2,UCSB-CHG/CHIRPS/DAILY,1991-2020,IBGE_2024
1302702,Manicoré,AM,48429.767,10,out,173.20833346069602,OK,1991,2020,30,CHIRPS_v2,UCSB-CHG/CHIRPS/DAILY,1991-2020,IBGE_2024
1301704,Humaitá,AM,33113.788,10,out,165.5929164964985,OK,1991,2020,30,CHIRPS_v2,UCSB-CHG/CHIRPS/DAILY,1991-2020,IBGE_2024
1300144,Apuí,AM,53617.189,10,out,174.25221611111849,OK,1991,2020,30,CHIRPS_v2,UCSB-CHG/CHIRPS/DAILY,1991-2020,IBGE_2024
1303403,Parintins,AM,6044.053,10,out,79.2753396709552,OK,1991,2020,30,CHIRPS_v2,UCSB-CHG/CHIRPS/DAILY,1991-2020,IBGE_2024
1302900,Maués,AM,39973.673,10,out,133.4683288019883,OK,1991,2020,30,CHIRPS_v2,UCSB-CHG/CHIRPS/DAILY,1991-2020,IBGE_2024
1300680,Boa Vista do Ramos,AM,2613.997,10,out,69.0440073438638,OK,1991,2020,30,CHIRPS_v2,UCSB-CHG/CHIRPS/DAILY,1991-2020,IBGE_2024
1300508,Barreirinha,AM,5658.561,10,out,82.16393982380272,OK,1991,2020,30,CHIRPS_v2,UCSB-CHG/CHIRPS/DAILY,1991-2020,IBGE_2024
1304401,Urucurituba,AM,2897.547,10,out,62.127973623122465,OK,1991,2020,30,CHIRPS_v2,UCSB-CHG/CHIRPS/DAILY,1991-2020,IBGE_2024
1304005,Silves,AM,3723.18,10,out,82.3866129510909,OK,1991,2020,30,CHIRPS_v2,UCSB-CHG/CHIRPS/DAILY,1991-2020,IBGE_2024
1303957,São Sebastião do Uatumã,AM,10712.222,10,out,95.90249226059531,OK,1991,2020,30,CHIRPS_v2,UCSB-CHG/CHIRPS/DAILY,1991-2020,IBGE_2024
1302009,Itapiranga,AM,4287.62,10,out,88.54237883398933,OK,1991,2020,30,CHIRPS_v2,UCSB-CHG/CHIRPS/DAILY,1991-2020,IBGE_2024
1301902,Itacoatiara,AM,8882.186,10,out,89.84730902115635,OK,1991,2020,30,CHIRPS_v2,UCSB-CHG/CHIRPS/DAILY,1991-2020,IBGE_2024
1502756,Concórdia do Pará,PA,700.614,10,out,90.53442701351865,OK,1991,2020,30,CHIRPS_v2,UCSB-CHG/CHIRPS/DAILY,1991-2020,IBGE_2024
1502608,Colares,PA,384.068,10,out,50.61258974512831,OK,1991,2020,30,CHIRPS_v2,UCSB-CHG/CHIRPS/DAILY,1991-2020,IBGE_2024
1501907,Bujaru,PA,994.662,10,out,94.44991116915611,OK,1991,2020,30,CHIRPS_v2,UCSB-CHG/CHIRPS/DAILY,1991-2020,IBGE_2024
1501402,Belém,PA,1059.458,10,out,91.93975271755322,OK,1991,2020,30,CHIRPS_v2,UCSB-CHG/CHIRPS/DAILY,1991-2020,IBGE_2024
1501501,Benevides,PA,187.826,10,out,112.26424421320222,OK,1991,2020,30,CHIRPS_v2,UCSB-CHG/CHIRPS/DAILY,1991-2020,IBGE_2024
1501303,Barcarena,PA,1310.338,10,out,100.70411952046636,OK,1991,2020,30,CHIRPS_v2,UCSB-CHG/CHIRPS/DAILY,1991-2020,IBGE_2024
1500800,Ananindeua,PA,190.59,10,out,107.33658407720245,OK,1991,2020,30,CHIRPS_v2,UCSB-CHG/CHIRPS/DAILY,1991-2020,IBGE_2024
1508001,Tomé-Açu,PA,5145.361,10,out,92.37848678556915,OK,1991,2020,30,CHIRPS_v2,UCSB-CHG/CHIRPS/DAILY,1991-2020,IBGE_2024
1500206,Acará,PA,4344.387,10,out,126.21192724858604,OK,1991,2020,30,CHIRPS_v2,UCSB-CHG/CHIRPS/DAILY,1991-2020,IBGE_2024
1508209,Vigia,PA,401.87,10,out,55.57206073286619,OK,1991,2020,30,CHIRPS_v2,UCSB-CHG/CHIRPS/DAILY,1991-2020,IBGE_2024
1507102,São Caetano de Odivelas,PA,463.883,10,out,41.79938895043128,OK,1991,2020,30,CHIRPS_v2,UCSB-CHG/CHIRPS/DAILY,1991-2020,IBGE_2024
1507003,Santo Antônio do Tauá,PA,537.619,10,out,80.83780179217388,OK,1991,2020,30,CHIRPS_v2,UCSB-CHG/CHIRPS/DAILY,1991-2020,IBGE_2024
1506500,Santa Izabel do Pará,PA,717.662,10,out,100.71330482098965,OK,1991,2020,30,CHIRPS_v2,UCSB-CHG/CHIRPS/DAILY,1991-2020,IBGE_2024
1506351,Santa Bárbara do Pará,PA,278.154,10,out,94.46959943147134,OK,1991,2020,30,CHIRPS_v2,UCSB-CHG/CHIRPS/DAILY,1991-2020,IBGE_2024
1504422,Marituba,PA,103.214,10,out,115.56904246741856,OK,1991,2020,30,CHIRPS_v2,UCSB-CHG/CHIRPS/DAILY,1991-2020,IBGE_2024
1502103,Cametá,PA,3082.19,10,out,79.13804839375474,OK,1991,2020,30,CHIRPS_v2,UCSB-CHG/CHIRPS/DAILY,1991-2020,IBGE_2024
1505205,Oeiras do Pará,PA,3852.291,10,out,63.27905656361223,OK,1991,2020,30,CHIRPS_v2,UCSB-CHG/CHIRPS/DAILY,1991-2020,IBGE_2024
1504604,Mocajuba,PA,871.168,10,out,85.49258019825547,OK,1991,2020,30,CHIRPS_v2,UCSB-CHG/CHIRPS/DAILY,1991-2020,IBGE_2024
1504000,Limoeiro do Ajuru,PA,1489.356,10,out,61.1238350966056,OK,1991,2020,30,CHIRPS_v2,UCSB-CHG/CHIRPS/DAILY,1991-2020,IBGE_2024
1507953,Tailândia,PA,4430.477,10,out,77.68932596529964,OK,1991,2020,30,CHIRPS_v2,UCSB-CHG/CHIRPS/DAILY,1991-2020,IBGE_2024
1500107,Abaetetuba,PA,1610.645,10,out,91.39422366934812,OK,1991,2020,30,CHIRPS_v2,UCSB-CHG/CHIRPS/DAILY,1991-2020,IBGE_2024
1504703,Moju,PA,9094.14,10,out,84.03250259569191,OK,1991,2020,30,CHIRPS_v2,UCSB-CHG/CHIRPS/DAILY,1991-2020,IBGE_2024
1503309,Igarapé-Miri,PA,1996.798,10,out,82.22168551346566,OK,1991,2020,30,CHIRPS_v2,UCSB-CHG/CHIRPS/DAILY,1991-2020,IBGE_2024
1507961,Terra Alta,PA,204.971,10,out,54.45873259842184,OK,1991,2020,30,CHIRPS_v2,UCSB-CHG/CHIRPS/DAILY,1991-2020,IBGE_2024
1507607,São Miguel do Guamá,PA,1094.57,10,out,63.79008628061304,OK,1991,2020,30,CHIRPS_v2,UCSB-CHG/CHIRPS/DAILY,1991-2020,IBGE_2024
1507409,São Francisco do Pará,PA,479.441,10,out,65.14508778009775,OK,1991,2020,30,CHIRPS_v2,UCSB-CHG/CHIRPS/DAILY,1991-2020,IBGE_2024
1507466,São João da Ponta,PA,195.918,10,out,41.22875543192715,OK,1991,2020,30,CHIRPS_v2,UCSB-CHG/CHIRPS/DAILY,1991-2020,IBGE_2024
1507201,São Domingos do Capim,PA,1686.672,10,out,76.93464580847618,OK,1991,2020,30,CHIRPS_v2,UCSB-CHG/CHIRPS/DAILY,1991-2020,IBGE_2024
1506609,Santa Maria do Pará,PA,457.724,10,out,51.90228396392366,OK,1991,2020,30,CHIRPS_v2,UCSB-CHG/CHIRPS/DAILY,1991-2020,IBGE_2024
1504406,Marapanim,PA,804.625,10,out,31.121934261845997,OK,1991,2020,30,CHIRPS_v2,UCSB-CHG/CHIRPS/DAILY,1991-2020,IBGE_2024
1504307,Maracanã,PA,807.628,10,out,22.646276643324846,OK,1991,2020,30,CHIRPS_v2,UCSB-CHG/CHIRPS/DAILY,1991-2020,IBGE_2024
1504109,Magalhães Barata,PA,323.984,10,out,26.636903606483067,OK,1991,2020,30,CHIRPS_v2,UCSB-CHG/CHIRPS/DAILY,1991-2020,IBGE_2024
1503507,Irituia,PA,1385.209,10,out,59.678337385408106,OK,1991,2020,30,CHIRPS_v2,UCSB-CHG/CHIRPS/DAILY,1991-2020,IBGE_2024
1503408,Inhangapi,PA,472.599,10,out,87.55174428906821,OK,1991,2020,30,CHIRPS_v2,UCSB-CHG/CHIRPS/DAILY,1991-2020,IBGE_2024
1502905,Curuçá,PA,676.321,10,out,27.48923245314559,OK,1991,2020,30,CHIRPS_v2,UCSB-CHG/CHIRPS/DAILY,1991-2020,IBGE_2024
1503200,Igarapé-Açu,PA,785.983,10,out,43.327557749199414,OK,1991,2020,30,CHIRPS_v2,UCSB-CHG/CHIRPS/DAILY,1991-2020,IBGE_2024
1502400,Castanhal,PA,1029.3,10,out,77.28893932515571,OK,1991,2020,30,CHIRPS_v2,UCSB-CHG/CHIRPS/DAILY,1991-2020,IBGE_2024
1501956,Cachoeira do Piriá,PA,2419.6,10,out,45.55469233238323,OK,1991,2020,30,CHIRPS_v2,UCSB-CHG/CHIRPS/DAILY,1991-2020,IBGE_2024
1501709,Bragança,PA,2124.736,10,out,17.342921642418794,OK,1991,2020,30,CHIRPS_v2,UCSB-CHG/CHIRPS/DAILY,1991-2020,IBGE_2024
1500909,Augusto Corrêa,PA,1099.58,10,out,13.120362865549051,OK,1991,2020,30,CHIRPS_v2,UCSB-CHG/CHIRPS/DAILY,1991-2020,IBGE_2024
1508035,Tracuateua,PA,868.03,10,out,15.032957538655838,OK,1991,2020,30,CHIRPS_v2,UCSB-CHG/CHIRPS/DAILY,1991-2020,IBGE_2024
1508308,Viseu,PA,4972.936,10,out,25.71552108482034,OK,1991,2020,30,CHIRPS_v2,UCSB-CHG/CHIRPS/DAILY,1991-2020,IBGE_2024
1506559,Santa Luzia do Pará,PA,1346.502,10,out,39.734329409040974,OK,1991,2020,30,CHIRPS_v2,UCSB-CHG/CHIRPS/DAILY,1991-2020,IBGE_2024
1502202,Capanema,PA,621.476,10,out,22.61301663832728,OK,1991,2020,30,CHIRPS_v2,UCSB-CHG/CHIRPS/DAILY,1991-2020,IBGE_2024
1501600,Bonito,PA,586.977,10,out,43.16859030007102,OK,1991,2020,30,CHIRPS_v2,UCSB-CHG/CHIRPS/DAILY,1991-2020,IBGE_2024
1507474,São João de Pirabas,PA,668.058,10,out,13.159273281660372,OK,1991,2020,30,CHIRPS_v2,UCSB-CHG/CHIRPS/DAILY,1991-2020,IBGE_2024
1506906,Santarém Novo,PA,229.51,10,out,22.132213672673416,OK,1991,2020,30,CHIRPS_v2,UCSB-CHG/CHIRPS/DAILY,1991-2020,IBGE_2024
1506112,Quatipuru,PA,302.586,10,out,10.314030757970615,OK,1991,2020,30,CHIRPS_v2,UCSB-CHG/CHIRPS/DAILY,1991-2020,IBGE_2024
1506104,Primavera,PA,259.331,10,out,16.748701675336815,OK,1991,2020,30,CHIRPS_v2,UCSB-CHG/CHIRPS/DAILY,1991-2020,IBGE_2024
1506203,Salinópolis,PA,226.12,10,out,13.325246846879182,OK,1991,2020,30,CHIRPS_v2,UCSB-CHG/CHIRPS/DAILY,1991-2020,IBGE_2024
1505601,Peixe-Boi,PA,450.224,10,out,27.47475741263636,OK,1991,2020,30,CHIRPS_v2,UCSB-CHG/CHIRPS/DAILY,1991-2020,IBGE_2024
1505007,Nova Timboteua,PA,489.852,10,out,34.116098992085526,OK,1991,2020,30,CHIRPS_v2,UCSB-CHG/CHIRPS/DAILY,1991-2020,IBGE_2024
1500958,Aurora do Pará,PA,1811.933,10,out,74.04467007480923,OK,1991,2020,30,CHIRPS_v2,UCSB-CHG/CHIRPS/DAILY,1991-2020,IBGE_2024
1508126,Ulianópolis,PA,5088.468,10,out,32.00355324978748,OK,1991,2020,30,CHIRPS_v2,UCSB-CHG/CHIRPS/DAILY,1991-2020,IBGE_2024
1505502,Paragominas,PA,19342.565,10,out,45.18574791862395,OK,1991,2020,30,CHIRPS_v2,UCSB-CHG/CHIRPS/DAILY,1991-2020,IBGE_2024
1504059,Mãe do Rio,PA,469.341,10,out,66.28674498742988,OK,1991,2020,30,CHIRPS_v2,UCSB-CHG/CHIRPS/DAILY,1991-2020,IBGE_2024
1503457,Ipixuna do Pará,PA,5215.555,10,out,65.02796371694326,OK,1991,2020,30,CHIRPS_v2,UCSB-CHG/CHIRPS/DAILY,1991-2020,IBGE_2024
1502939,Dom Eliseu,PA,5268.809,10,out,45.3597072601805,OK,1991,2020,30,CHIRPS_v2,UCSB-CHG/CHIRPS/DAILY,1991-2020,IBGE_2024
1505403,Ourém,PA,561.71,10,out,40.893350301761814,OK,1991,2020,30,CHIRPS_v2,UCSB-CHG/CHIRPS/DAILY,1991-2020,IBGE_2024
1504950,Nova Esperança do Piriá,PA,2808.195,10,out,43.78152326851152,OK,1991,2020,30,CHIRPS_v2,UCSB-CHG/CHIRPS/DAILY,1991-2020,IBGE_2024
1503077,Garrafão do Norte,PA,1608.014,10,out,47.257420387380094,OK,1991,2020,30,CHIRPS_v2,UCSB-CHG/CHIRPS/DAILY,1991-2020,IBGE_2024
1502301,Capitão Poço,PA,2901.026,10,out,54.196772288274246,OK,1991,2020,30,CHIRPS_v2,UCSB-CHG/CHIRPS/DAILY,1991-2020,IBGE_2024
1501758,Brejo Grande do Araguaia,PA,1288.473,10,out,84.28815231014046,OK,1991,2020,30,CHIRPS_v2,UCSB-CHG/CHIRPS/DAILY,1991-2020,IBGE_2024
1501576,Bom Jesus do Tocantins,PA,2816.608,10,out,83.1731521610903,OK,1991,2020,30,CHIRPS_v2,UCSB-CHG/CHIRPS/DAILY,1991-2020,IBGE_2024
1500131,Abel Figueiredo,PA,614.127,10,out,69.0130404144169,OK,1991,2020,30,CHIRPS_v2,UCSB-CHG/CHIRPS/DAILY,1991-2020,IBGE_2024
1507458,São Geraldo do Araguaia,PA,3168.387,10,out,107.90216883690205,OK,1991,2020,30,CHIRPS_v2,UCSB-CHG/CHIRPS/DAILY,1991-2020,IBGE_2024
1507508,São João do Araguaia,PA,1279.889,10,out,85.49891454224247,OK,1991,2020,30,CHIRPS_v2,UCSB-CHG/CHIRPS/DAILY,1991-2020,IBGE_2024
1507151,São Domingos do Araguaia,PA,1392.464,10,out,86.00121345876502,OK,1991,2020,30,CHIRPS_v2,UCSB-CHG/CHIRPS/DAILY,1991-2020,IBGE_2024
1506187,Rondon do Pará,PA,8246.394,10,out,60.69949427443889,OK,1991,2020,30,CHIRPS_v2,UCSB-CHG/CHIRPS/DAILY,1991-2020,IBGE_2024
1505494,Palestina do Pará,PA,984.362,10,out,100.5677061873607,OK,1991,2020,30,CHIRPS_v2,UCSB-CHG/CHIRPS/DAILY,1991-2020,IBGE_2024
1505635,Piçarra,PA,3312.709,10,out,116.61239659724222,OK,1991,2020,30,CHIRPS_v2,UCSB-CHG/CHIRPS/DAILY,1991-2020,IBGE_2024
1504976,Nova Ipixuna,PA,1564.182,10,out,78.82047848477781,OK,1991,2020,30,CHIRPS_v2,UCSB-CHG/CHIRPS/DAILY,1991-2020,IBGE_2024
1504208,Marabá,PA,15127.872,10,out,97.87055076184545,OK,1991,2020,30,CHIRPS_v2,UCSB-CHG/CHIRPS/DAILY,1991-2020,IBGE_2024
1503705,Itupiranga,PA,7880.303,10,out,81.67915993220859,OK,1991,2020,30,CHIRPS_v2,UCSB-CHG/CHIRPS/DAILY,1991-2020,IBGE_2024
1503804,Jacundá,PA,2008.333,10,out,66.51926441647461,OK,1991,2020,30,CHIRPS_v2,UCSB-CHG/CHIRPS/DAILY,1991-2020,IBGE_2024
1502772,Curionópolis,PA,2369.091,10,out,117.78217150901227,OK,1991,2020,30,CHIRPS_v2,UCSB-CHG/CHIRPS/DAILY,1991-2020,IBGE_2024
1502152,Canaã dos Carajás,PA,3146.748,10,out,130.9712234850776,OK,1991,2020,30,CHIRPS_v2,UCSB-CHG/CHIRPS/DAILY,1991-2020,IBGE_2024
1505536,Parauapebas,PA,6885.865,10,out,121.56642724505951,OK,1991,2020,30,CHIRPS_v2,UCSB-CHG/CHIRPS/DAILY,1991-2020,IBGE_2024
1502954,Eldorado do Carajás,PA,2956.69,10,out,110.73174026489339,OK,1991,2020,30,CHIRPS_v2,UCSB-CHG/CHIRPS/DAILY,1991-2020,IBGE_2024
1501782,Breu Branco,PA,3941.746,10,out,57.08573840068231,OK,1991,2020,30,CHIRPS_v2,UCSB-CHG/CHIRPS/DAILY,1991-2020,IBGE_2024
1501204,Baião,PA,3760.001,10,out,58.9637692310808,OK,1991,2020,30,CHIRPS_v2,UCSB-CHG/CHIRPS/DAILY,1991-2020,IBGE_2024
1508100,Tucuruí,PA,2084.276,10,out,53.14255746292948,OK,1991,2020,30,CHIRPS_v2,UCSB-CHG/CHIRPS/DAILY,1991-2020,IBGE_2024
1505486,Pacajá,PA,11832.318,10,out,46.536653890539235,OK,1991,2020,30,CHIRPS_v2,UCSB-CHG/CHIRPS/DAILY,1991-2020,IBGE_2024
1505064,Novo Repartimento,PA,15398.735,10,out,63.6364615121164,OK,1991,2020,30,CHIRPS_v2,UCSB-CHG/CHIRPS/DAILY,1991-2020,IBGE_2024
1503093,Goianésia do Pará,PA,7023.933,10,out,53.81139121987314,OK,1991,2020,30,CHIRPS_v2,UCSB-CHG/CHIRPS/DAILY,1991-2020,IBGE_2024
1502707,Conceição do Araguaia,PA,5829.482,10,out,153.46631262413482,OK,1991,2020,30,CHIRPS_v2,UCSB-CHG/CHIRPS/DAILY,1991-2020,IBGE_2024
1502764,Cumaru do Norte,PA,17085.001,10,out,177.4926645809996,OK,1991,2020,30,CHIRPS_v2,UCSB-CHG/CHIRPS/DAILY,1991-2020,IBGE_2024
1501253,Bannach,PA,2956.649,10,out,185.6510590458451,OK,1991,2020,30,CHIRPS_v2,UCSB-CHG/CHIRPS/DAILY,1991-2020,IBGE_2024
1506583,Santa Maria das Barreiras,PA,10330.214,10,out,162.53083849354763,OK,1991,2020,30,CHIRPS_v2,UCSB-CHG/CHIRPS/DAILY,1991-2020,IBGE_2024
1506708,Santana do Araguaia,PA,11591.427,10,out,159.25332533568385,OK,1991,2020,30,CHIRPS_v2,UCSB-CHG/CHIRPS/DAILY,1991-2020,IBGE_2024
1506138,Redenção,PA,3823.809,10,out,164.26006211791622,OK,1991,2020,30,CHIRPS_v2,UCSB-CHG/CHIRPS/DAILY,1991-2020,IBGE_2024
1505551,Pau D'Arco,PA,1671.418,10,out,164.05861094654685,OK,1991,2020,30,CHIRPS_v2,UCSB-CHG/CHIRPS/DAILY,1991-2020,IBGE_2024
1503044,Floresta do Araguaia,PA,3444.285,10,out,154.72322014610543,OK,1991,2020,30,CHIRPS_v2,UCSB-CHG/CHIRPS/DAILY,1991-2020,IBGE_2024
1508084,Tucumã,PA,2512.594,10,out,182.33552894071863,OK,1991,2020,30,CHIRPS_v2,UCSB-CHG/CHIRPS/DAILY,1991-2020,IBGE_2024
1507300,São Félix do Xingu,PA,84212.873,10,out,158.5115517256544,OK,1991,2020,30,CHIRPS_v2,UCSB-CHG/CHIRPS/DAILY,1991-2020,IBGE_2024
1505437,Ourilândia do Norte,PA,14410.567,10,out,186.7874629536762,OK,1991,2020,30,CHIRPS_v2,UCSB-CHG/CHIRPS/DAILY,1991-2020,IBGE_2024
1500347,Água Azul do Norte,PA,7113.956,10,out,156.90705517799182,OK,1991,2020,30,CHIRPS_v2,UCSB-CHG/CHIRPS/DAILY,1991-2020,IBGE_2024
1508407,Xinguara,PA,3779.323,10,out,137.83461145141925,OK,1991,2020,30,CHIRPS_v2,UCSB-CHG/CHIRPS/DAILY,1991-2020,IBGE_2024
1507755,Sapucaia,PA,1298.195,10,out,133.5614496250038,OK,1991,2020,30,CHIRPS_v2,UCSB-CHG/CHIRPS/DAILY,1991-2020,IBGE_2024
1506161,Rio Maria,PA,4114.652,10,out,153.50946068020883,OK,1991,2020,30,CHIRPS_v2,UCSB-CHG/CHIRPS/DAILY,1991-2020,IBGE_2024
1501451,Belterra,PA,4398.419,10,out,64.03831156858533,OK,1991,2020,30,CHIRPS_v2,UCSB-CHG/CHIRPS/DAILY,1991-2020,IBGE_2024
1506807,Santarém,PA,17900.01,10,out,49.58367323095878,OK,1991,2020,30,CHIRPS_v2,UCSB-CHG/CHIRPS/DAILY,1991-2020,IBGE_2024
1506005,Prainha,PA,14788.187,10,out,40.255248382500916,OK,1991,2020,30,CHIRPS_v2,UCSB-CHG/CHIRPS/DAILY,1991-2020,IBGE_2024
1504752,Mojuí dos Campos,PA,4988.239,10,out,49.472530564815486,OK,1991,2020,30,CHIRPS_v2,UCSB-CHG/CHIRPS/DAILY,1991-2020,IBGE_2024
1501006,Aveiro,PA,17072.657,10,out,88.9078141997954,OK,1991,2020,30,CHIRPS_v2,UCSB-CHG/CHIRPS/DAILY,1991-2020,IBGE_2024
1508050,Trairão,PA,11991.085,10,out,139.0616457874804,OK,1991,2020,30,CHIRPS_v2,UCSB-CHG/CHIRPS/DAILY,1991-2020,IBGE_2024
1506195,Rurópolis,PA,7021.322,10,out,102.42797542942239,OK,1991,2020,30,CHIRPS_v2,UCSB-CHG/CHIRPS/DAILY,1991-2020,IBGE_2024
1505650,Placas,PA,7173.2,10,out,79.69993410485988,OK,1991,2020,30,CHIRPS_v2,UCSB-CHG/CHIRPS/DAILY,1991-2020,IBGE_2024
1505031,Novo Progresso,PA,38162.004,10,out,188.7074376213883,OK,1991,2020,30,CHIRPS_v2,UCSB-CHG/CHIRPS/DAILY,1991-2020,IBGE_2024
1503754,Jacareacanga,PA,53308.337,10,out,182.78131444517615,OK,1991,2020,30,CHIRPS_v2,UCSB-CHG/CHIRPS/DAILY,1991-2020,IBGE_2024
1503606,Itaituba,PA,62042.375,10,out,150.6167632763875,OK,1991,2020,30,CHIRPS_v2,UCSB-CHG/CHIRPS/DAILY,1991-2020,IBGE_2024
1507979,Terra Santa,PA,1895.883,10,out,77.7947456182152,OK,1991,2020,30,CHIRPS_v2,UCSB-CHG/CHIRPS/DAILY,1991-2020,IBGE_2024
1503903,Juruti,PA,8305.907,10,out,67.35400081192667,OK,1991,2020,30,CHIRPS_v2,UCSB-CHG/CHIRPS/DAILY,1991-2020,IBGE_2024
1503002,Faro,PA,11771.669,10,out,99.45016797316552,OK,1991,2020,30,CHIRPS_v2,UCSB-CHG/CHIRPS/DAILY,1991-2020,IBGE_2024
1502855,Curuá,PA,1431.346,10,out,58.216866984783046,OK,1991,2020,30,CHIRPS_v2,UCSB-CHG/CHIRPS/DAILY,1991-2020,IBGE_2024
1501725,Brasil Novo,PA,6362.562,10,out,62.47065261214473,OK,1991,2020,30,CHIRPS_v2,UCSB-CHG/CHIRPS/DAILY,1991-2020,IBGE_2024
1500859,Anapu,PA,11895.27,10,out,55.73048117685325,OK,1991,2020,30,CHIRPS_v2,UCSB-CHG/CHIRPS/DAILY,1991-2020,IBGE_2024
1500602,Altamira,PA,159533.318,10,out,132.7361370377315,OK,1991,2020,30,CHIRPS_v2,UCSB-CHG/CHIRPS/DAILY,1991-2020,IBGE_2024
1508159,Uruará,PA,10791.402,10,out,75.24959676163951,OK,1991,2020,30,CHIRPS_v2,UCSB-CHG/CHIRPS/DAILY,1991-2020,IBGE_2024
1508357,Vitória do Xingu,PA,3089.537,10,out,48.76305383087186,OK,1991,2020,30,CHIRPS_v2,UCSB-CHG/CHIRPS/DAILY,1991-2020,IBGE_2024
1507805,Senador José Porfírio,PA,14419.917,10,out,63.73800716150821,OK,1991,2020,30,CHIRPS_v2,UCSB-CHG/CHIRPS/DAILY,1991-2020,IBGE_2024
1504455,Medicilândia,PA,8272.629,10,out,63.811480128210114,OK,1991,2020,30,CHIRPS_v2,UCSB-CHG/CHIRPS/DAILY,1991-2020,IBGE_2024
1505908,Porto de Moz,PA,17422.329,10,out,37.952275220588156,OK,1991,2020,30,CHIRPS_v2,UCSB-CHG/CHIRPS/DAILY,1991-2020,IBGE_2024
1501808,Breves,PA,9566.495,10,out,146.1513499401414,OK,1991,2020,30,CHIRPS_v2,UCSB-CHG/CHIRPS/DAILY,1991-2020,IBGE_2024
1501105,Bagre,PA,4397.321,10,out,58.83642545687654,OK,1991,2020,30,CHIRPS_v2,UCSB-CHG/CHIRPS/DAILY,1991-2020,IBGE_2024
1500701,Anajás,PA,6913.86,10,out,116.14008236943589,OK,1991,2020,30,CHIRPS_v2,UCSB-CHG/CHIRPS/DAILY,1991-2020,IBGE_2024
1507706,São Sebastião da Boa Vista,PA,1632.243,10,out,82.80864708605083,OK,1991,2020,30,CHIRPS_v2,UCSB-CHG/CHIRPS/DAILY,1991-2020,IBGE_2024
1505809,Portel,PA,25386.158,10,out,52.65990451884883,OK,1991,2020,30,CHIRPS_v2,UCSB-CHG/CHIRPS/DAILY,1991-2020,IBGE_2024
1504505,Melgaço,PA,6772.778,10,out,75.66139805743741,OK,1991,2020,30,CHIRPS_v2,UCSB-CHG/CHIRPS/DAILY,1991-2020,IBGE_2024
1502806,Curralinho,PA,3617.355,10,out,87.18004405852037,OK,1991,2020,30,CHIRPS_v2,UCSB-CHG/CHIRPS/DAILY,1991-2020,IBGE_2024
1503101,Gurupá,PA,8569.663,10,out,56.542120155057,OK,1991,2020,30,CHIRPS_v2,UCSB-CHG/CHIRPS/DAILY,1991-2020,IBGE_2024
1502004,Cachoeira do Arari,PA,3100.261,10,out,47.592266573526544,OK,1991,2020,30,CHIRPS_v2,UCSB-CHG/CHIRPS/DAILY,1991-2020,IBGE_2024
1507904,Soure,PA,2857.349,10,out,16.93924517208054,OK,1991,2020,30,CHIRPS_v2,UCSB-CHG/CHIRPS/DAILY,1991-2020,IBGE_2024
1506401,Santa Cruz do Arari,PA,1076.652,10,out,60.621296184195124,OK,1991,2020,30,CHIRPS_v2,UCSB-CHG/CHIRPS/DAILY,1991-2020,IBGE_2024
1506302,Salvaterra,PA,918.563,10,out,28.70323966224713,OK,1991,2020,30,CHIRPS_v2,UCSB-CHG/CHIRPS/DAILY,1991-2020,IBGE_2024
1505700,Ponta de Pedras,PA,3363.743,10,out,67.54601838266981,OK,1991,2020,30,CHIRPS_v2,UCSB-CHG/CHIRPS/DAILY,1991-2020,IBGE_2024
1504901,Muaná,PA,3763.13,10,out,70.76241240371255,OK,1991,2020,30,CHIRPS_v2,UCSB-CHG/CHIRPS/DAILY,1991-2020,IBGE_2024
1600808,Vitória do Jari,AP,2508.979,10,out,38.76104268504876,OK,1991,2020,30,CHIRPS_v2,UCSB-CHG/CHIRPS/DAILY,1991-2020,IBGE_2024
1718758,Rio Sono,TO,6346.279,10,out,114.70284992496052,OK,1991,2020,30,CHIRPS_v2,UCSB-CHG/CHIRPS/DAILY,1991-2020,IBGE_2024
1701101,Aparecida do Rio Negro,TO,1159.034,10,out,130.69039319451213,OK,1991,2020,30,CHIRPS_v2,UCSB-CHG/CHIRPS/DAILY,1991-2020,IBGE_2024
1715101,Novo Acordo,TO,2678.262,10,out,111.0063600961085,OK,1991,2020,30,CHIRPS_v2,UCSB-CHG/CHIRPS/DAILY,1991-2020,IBGE_2024
1721000,Palmas,TO,2227.329,10,out,134.00581834391363,OK,1991,2020,30,CHIRPS_v2,UCSB-CHG/CHIRPS/DAILY,1991-2020,IBGE_2024
1712405,Lizarda,TO,5716.641,10,out,112.03589354921827,OK,1991,2020,30,CHIRPS_v2,UCSB-CHG/CHIRPS/DAILY,1991-2020,IBGE_2024
1712702,Mateiros,TO,9589.273,10,out,98.71366275439495,OK,1991,2020,30,CHIRPS_v2,UCSB-CHG/CHIRPS/DAILY,1991-2020,IBGE_2024
1720150,São Félix do Tocantins,TO,1913.11,10,out,104.75221861554472,OK,1991,2020,30,CHIRPS_v2,UCSB-CHG/CHIRPS/DAILY,1991-2020,IBGE_2024
1711951,Lagoa do Tocantins,TO,917.632,10,out,114.41766645140818,OK,1991,2020,30,CHIRPS_v2,UCSB-CHG/CHIRPS/DAILY,1991-2020,IBGE_2024
1712009,Lajeado,TO,318.292,10,out,136.24372606812113,OK,1991,2020,30,CHIRPS_v2,UCSB-CHG/CHIRPS/DAILY,1991-2020,IBGE_2024
1719004,Santa Tereza do Tocantins,TO,539.511,10,out,122.80777654971342,OK,1991,2020,30,CHIRPS_v2,UCSB-CHG/CHIRPS/DAILY,1991-2020,IBGE_2024
1709807,Ipueiras,TO,821.152,10,out,125.88006455467871,OK,1991,2020,30,CHIRPS_v2,UCSB-CHG/CHIRPS/DAILY,1991-2020,IBGE_2024
1717909,Ponte Alta do Tocantins,TO,6542.838,10,out,109.03385946078276,OK,1991,2020,30,CHIRPS_v2,UCSB-CHG/CHIRPS/DAILY,1991-2020,IBGE_2024
1718204,Porto Nacional,TO,4434.68,10,out,143.52843329869881,OK,1991,2020,30,CHIRPS_v2,UCSB-CHG/CHIRPS/DAILY,1991-2020,IBGE_2024
1717008,Pindorama do Tocantins,TO,1560.551,10,out,95.65666830877326,OK,1991,2020,30,CHIRPS_v2,UCSB-CHG/CHIRPS/DAILY,1991-2020,IBGE_2024
1715507,Oliveira de Fátima,TO,209.292,10,out,157.70449142828096,OK,1991,2020,30,CHIRPS_v2,UCSB-CHG/CHIRPS/DAILY,1991-2020,IBGE_2024
1707553,Fátima,TO,380.374,10,out,151.99061955328642,OK,1991,2020,30,CHIRPS_v2,UCSB-CHG/CHIRPS/DAILY,1991-2020,IBGE_2024
1714203,Natividade,TO,3241.672,10,out,92.60097776809461,OK,1991,2020,30,CHIRPS_v2,UCSB-CHG/CHIRPS/DAILY,1991-2020,IBGE_2024
1705102,Chapada da Natividade,TO,1640.833,10,out,99.9891283164718,OK,1991,2020,30,CHIRPS_v2,UCSB-CHG/CHIRPS/DAILY,1991-2020,IBGE_2024
1713601,Monte do Carmo,TO,3601.205,10,out,121.91286160577998,OK,1991,2020,30,CHIRPS_v2,UCSB-CHG/CHIRPS/DAILY,1991-2020,IBGE_2024
1720655,Silvanópolis,TO,1258.771,10,out,110.82234508881275,OK,1991,2020,30,CHIRPS_v2,UCSB-CHG/CHIRPS/DAILY,1991-2020,IBGE_2024
1703701,Brejinho de Nazaré,TO,1722.59,10,out,139.4400606976495,OK,1991,2020,30,CHIRPS_v2,UCSB-CHG/CHIRPS/DAILY,1991-2020,IBGE_2024
1718907,Santa Rosa do Tocantins,TO,1804.686,10,out,106.6363088940607,OK,1991,2020,30,CHIRPS_v2,UCSB-CHG/CHIRPS/DAILY,1991-2020,IBGE_2024
1718899,Santa Rita do Tocantins,TO,3281.219,10,out,145.77401018147484,OK,1991,2020,30,CHIRPS_v2,UCSB-CHG/CHIRPS/DAILY,1991-2020,IBGE_2024
1718451,Pugmil,TO,401.174,10,out,162.65868280738897,OK,1991,2020,30,CHIRPS_v2,UCSB-CHG/CHIRPS/DAILY,1991-2020,IBGE_2024
1701903,Araguacema,TO,2774.505,10,out,146.4588907069683,OK,1991,2020,30,CHIRPS_v2,UCSB-CHG/CHIRPS/DAILY,1991-2020,IBGE_2024
1717503,Pium,TO,10003.549,10,out,156.19457389961647,OK,1991,2020,30,CHIRPS_v2,UCSB-CHG/CHIRPS/DAILY,1991-2020,IBGE_2024
1700251,Abreulândia,TO,1906.295,10,out,151.46904927494074,OK,1991,2020,30,CHIRPS_v2,UCSB-CHG/CHIRPS/DAILY,1991-2020,IBGE_2024
1716109,Paraíso do Tocantins,TO,1292.267,10,out,162.1934208265806,OK,1991,2020,30,CHIRPS_v2,UCSB-CHG/CHIRPS/DAILY,1991-2020,IBGE_2024
1707108,Divinópolis do Tocantins,TO,2358.282,10,out,155.23765513762316,OK,1991,2020,30,CHIRPS_v2,UCSB-CHG/CHIRPS/DAILY,1991-2020,IBGE_2024
1715002,Nova Rosalândia,TO,514.791,10,out,156.03904285993963,OK,1991,2020,30,CHIRPS_v2,UCSB-CHG/CHIRPS/DAILY,1991-2020,IBGE_2024
1706100,Cristalândia,TO,1850.75,10,out,150.51025946845766,OK,1991,2020,30,CHIRPS_v2,UCSB-CHG/CHIRPS/DAILY,1991-2020,IBGE_2024
1713700,Monte Santo do Tocantins,TO,1072.92,10,out,159.4958541761029,OK,1991,2020,30,CHIRPS_v2,UCSB-CHG/CHIRPS/DAILY,1991-2020,IBGE_2024
1704600,Chapada de Areia,TO,658.564,10,out,164.04161947788688,OK,1991,2020,30,CHIRPS_v2,UCSB-CHG/CHIRPS/DAILY,1991-2020,IBGE_2024
1712504,Marianópolis do Tocantins,TO,2089.575,10,out,160.78674803766938,OK,1991,2020,30,CHIRPS_v2,UCSB-CHG/CHIRPS/DAILY,1991-2020,IBGE_2024
1711902,Lagoa da Confusão,TO,10563.181,10,out,150.78084739798504,OK,1991,2020,30,CHIRPS_v2,UCSB-CHG/CHIRPS/DAILY,1991-2020,IBGE_2024
1703909,Caseara,TO,1680.014,10,out,155.38214989764774,OK,1991,2020,30,CHIRPS_v2,UCSB-CHG/CHIRPS/DAILY,1991-2020,IBGE_2024
1703107,Barrolândia,TO,697.759,10,out,155.30815242435438,OK,1991,2020,30,CHIRPS_v2,UCSB-CHG/CHIRPS/DAILY,1991-2020,IBGE_2024
1718709,Rio dos Bois,TO,847.255,10,out,138.53541307699444,OK,1991,2020,30,CHIRPS_v2,UCSB-CHG/CHIRPS/DAILY,1991-2020,IBGE_2024
1707207,Dois Irmãos do Tocantins,TO,3747.645,10,out,152.32304216896284,OK,1991,2020,30,CHIRPS_v2,UCSB-CHG/CHIRPS/DAILY,1991-2020,IBGE_2024
1713304,Miranorte,TO,1033.301,10,out,146.3926965576386,OK,1991,2020,30,CHIRPS_v2,UCSB-CHG/CHIRPS/DAILY,1991-2020,IBGE_2024
1721109,Tocantínia,TO,2609.775,10,out,128.47233169528567,OK,1991,2020,30,CHIRPS_v2,UCSB-CHG/CHIRPS/DAILY,1991-2020,IBGE_2024
1713205,Miracema do Tocantins,TO,2663.745,10,out,143.47728788879357,OK,1991,2020,30,CHIRPS_v2,UCSB-CHG/CHIRPS/DAILY,1991-2020,IBGE_2024
1702109,Araguaína,TO,4004.645,10,out,125.28917909448565,OK,1991,2020,30,CHIRPS_v2,UCSB-CHG/CHIRPS/DAILY,1991-2020,IBGE_2024
1702158,Araguanã,TO,834.834,10,out,107.6527765020795,OK,1991,2020,30,CHIRPS_v2,UCSB-CHG/CHIRPS/DAILY,1991-2020,IBGE_2024
1718550,Riachinho,TO,512.156,10,out,99.71444520695982,OK,1991,2020,30,CHIRPS_v2,UCSB-CHG/CHIRPS/DAILY,1991-2020,IBGE_2024
1702307,Arapoema,TO,1558.136,10,out,147.3538358375114,OK,1991,2020,30,CHIRPS_v2,UCSB-CHG/CHIRPS/DAILY,1991-2020,IBGE_2024
1701051,Angico,TO,447.547,10,out,96.22310207956795,OK,1991,2020,30,CHIRPS_v2,UCSB-CHG/CHIRPS/DAILY,1991-2020,IBGE_2024
1701002,Ananás,TO,1581.058,10,out,105.16380327135616,OK,1991,2020,30,CHIRPS_v2,UCSB-CHG/CHIRPS/DAILY,1991-2020,IBGE_2024
1701309,Aragominas,TO,1168.213,10,out,113.36899534006335,OK,1991,2020,30,CHIRPS_v2,UCSB-CHG/CHIRPS/DAILY,1991-2020,IBGE_2024
1717206,Piraquê,TO,1363.411,10,out,103.7187756534392,OK,1991,2020,30,CHIRPS_v2,UCSB-CHG/CHIRPS/DAILY,1991-2020,IBGE_2024
1709005,Goiatins,TO,6414.846,10,out,120.5923334695029,OK,1991,2020,30,CHIRPS_v2,UCSB-CHG/CHIRPS/DAILY,1991-2020,IBGE_2024
1716307,Pau D'Arco,TO,1375.551,10,out,144.07138300328415,OK,1991,2020,30,CHIRPS_v2,UCSB-CHG/CHIRPS/DAILY,1991-2020,IBGE_2024
1707702,Filadélfia,TO,1991.258,10,out,116.3994687949907,OK,1991,2020,30,CHIRPS_v2,UCSB-CHG/CHIRPS/DAILY,1991-2020,IBGE_2024
1714880,Nova Olinda,TO,1567.834,10,out,133.2248192634128,OK,1991,2020,30,CHIRPS_v2,UCSB-CHG/CHIRPS/DAILY,1991-2020,IBGE_2024
1706506,Darcinópolis,TO,1641.77,10,out,102.93122686926955,OK,1991,2020,30,CHIRPS_v2,UCSB-CHG/CHIRPS/DAILY,1991-2020,IBGE_2024
1722107,Xambioá,TO,1190.489,10,out,106.8524132977661,OK,1991,2020,30,CHIRPS_v2,UCSB-CHG/CHIRPS/DAILY,1991-2020,IBGE_2024
1722081,Wanderlândia,TO,1365.432,10,out,105.01796301258389,OK,1991,2020,30,CHIRPS_v2,UCSB-CHG/CHIRPS/DAILY,1991-2020,IBGE_2024
1713957,Muricilândia,TO,1194.368,10,out,119.75444566721173,OK,1991,2020,30,CHIRPS_v2,UCSB-CHG/CHIRPS/DAILY,1991-2020,IBGE_2024
1703883,Carmolândia,TO,339.366,10,out,105.33627722470926,OK,1991,2020,30,CHIRPS_v2,UCSB-CHG/CHIRPS/DAILY,1991-2020,IBGE_2024
1703842,Campos Lindos,TO,3234.445,10,out,111.8270274880775,OK,1991,2020,30,CHIRPS_v2,UCSB-CHG/CHIRPS/DAILY,1991-2020,IBGE_2024
1703008,Babaçulândia,TO,1790.297,10,out,106.81270081107579,OK,1991,2020,30,CHIRPS_v2,UCSB-CHG/CHIRPS/DAILY,1991-2020,IBGE_2024
1703073,Barra do Ouro,TO,1105.84,10,out,118.84230953175317,OK,1991,2020,30,CHIRPS_v2,UCSB-CHG/CHIRPS/DAILY,1991-2020,IBGE_2024
1718865,Santa Fé do Araguaia,TO,1671.239,10,out,124.205675916234,OK,1991,2020,30,CHIRPS_v2,UCSB-CHG/CHIRPS/DAILY,1991-2020,IBGE_2024
1718501,Recursolândia,TO,2215.669,10,out,124.3189245278448,OK,1991,2020,30,CHIRPS_v2,UCSB-CHG/CHIRPS/DAILY,1991-2020,IBGE_2024
1718402,Presidente Kennedy,TO,771.716,10,out,131.87174491109772,OK,1991,2020,30,CHIRPS_v2,UCSB-CHG/CHIRPS/DAILY,1991-2020,IBGE_2024
1709302,Guaraí,TO,2106.753,10,out,136.17711471382353,OK,1991,2020,30,CHIRPS_v2,UCSB-CHG/CHIRPS/DAILY,1991-2020,IBGE_2024
1708254,Tabocão,TO,624.463,10,out,145.15845940085177,OK,1991,2020,30,CHIRPS_v2,UCSB-CHG/CHIRPS/DAILY,1991-2020,IBGE_2024
1716505,Pedro Afonso,TO,2019.556,10,out,122.02601236094912,OK,1991,2020,30,CHIRPS_v2,UCSB-CHG/CHIRPS/DAILY,1991-2020,IBGE_2024
1708304,Goianorte,TO,1797.229,10,out,160.22329101358724,OK,1991,2020,30,CHIRPS_v2,UCSB-CHG/CHIRPS/DAILY,1991-2020,IBGE_2024
1716703,Colméia,TO,1161.029,10,out,153.08231099043658,OK,1991,2020,30,CHIRPS_v2,UCSB-CHG/CHIRPS/DAILY,1991-2020,IBGE_2024
1716653,Pequizeiro,TO,1206.119,10,out,149.94254632743755,OK,1991,2020,30,CHIRPS_v2,UCSB-CHG/CHIRPS/DAILY,1991-2020,IBGE_2024
1706001,Couto Magalhães,TO,1584.196,10,out,144.3177900219826,OK,1991,2020,30,CHIRPS_v2,UCSB-CHG/CHIRPS/DAILY,1991-2020,IBGE_2024
1721257,Tupirama,TO,706.883,10,out,127.36218261155389,OK,1991,2020,30,CHIRPS_v2,UCSB-CHG/CHIRPS/DAILY,1991-2020,IBGE_2024
1704105,Centenário,TO,1953.134,10,out,118.78373035184677,OK,1991,2020,30,CHIRPS_v2,UCSB-CHG/CHIRPS/DAILY,1991-2020,IBGE_2024
1703305,Bom Jesus do Tocantins,TO,1326.947,10,out,122.01837021072564,OK,1991,2020,30,CHIRPS_v2,UCSB-CHG/CHIRPS/DAILY,1991-2020,IBGE_2024
1718881,Santa Maria do Tocantins,TO,1412.318,10,out,129.69229360358838,OK,1991,2020,30,CHIRPS_v2,UCSB-CHG/CHIRPS/DAILY,1991-2020,IBGE_2024
1711100,Itaporã do Tocantins,TO,969.794,10,out,146.90322907113523,OK,1991,2020,30,CHIRPS_v2,UCSB-CHG/CHIRPS/DAILY,1991-2020,IBGE_2024
1710508,Itacajá,TO,3047.204,10,out,122.54482915715566,OK,1991,2020,30,CHIRPS_v2,UCSB-CHG/CHIRPS/DAILY,1991-2020,IBGE_2024
1715705,Palmeirante,TO,2638.465,10,out,127.4107910216092,OK,1991,2020,30,CHIRPS_v2,UCSB-CHG/CHIRPS/DAILY,1991-2020,IBGE_2024
1705508,Colinas do Tocantins,TO,842.488,10,out,142.3581466581156,OK,1991,2020,30,CHIRPS_v2,UCSB-CHG/CHIRPS/DAILY,1991-2020,IBGE_2024
1721307,Tupiratins,TO,889.126,10,out,129.086059863766,OK,1991,2020,30,CHIRPS_v2,UCSB-CHG/CHIRPS/DAILY,1991-2020,IBGE_2024
1703602,Brasilândia do Tocantins,TO,645.908,10,out,131.9984212007159,OK,1991,2020,30,CHIRPS_v2,UCSB-CHG/CHIRPS/DAILY,1991-2020,IBGE_2024
1711803,Juarina,TO,483.452,10,out,143.9340406404825,OK,1991,2020,30,CHIRPS_v2,UCSB-CHG/CHIRPS/DAILY,1991-2020,IBGE_2024
1703206,Bernardo Sayão,TO,924.045,10,out,147.2225921663856,OK,1991,2020,30,CHIRPS_v2,UCSB-CHG/CHIRPS/DAILY,1991-2020,IBGE_2024
1703057,Bandeirantes do Tocantins,TO,1540.543,10,out,150.12507801025262,OK,1991,2020,30,CHIRPS_v2,UCSB-CHG/CHIRPS/DAILY,1991-2020,IBGE_2024
1710904,Itapiratins,TO,1246.349,10,out,124.94316629985687,OK,1991,2020,30,CHIRPS_v2,UCSB-CHG/CHIRPS/DAILY,1991-2020,IBGE_2024
1700301,Aguiarnópolis,TO,236.792,10,out,78.23704439703445,OK,1991,2020,30,CHIRPS_v2,UCSB-CHG/CHIRPS/DAILY,1991-2020,IBGE_2024
1714302,Nazaré,TO,395.997,10,out,89.5310415487727,OK,1991,2020,30,CHIRPS_v2,UCSB-CHG/CHIRPS/DAILY,1991-2020,IBGE_2024
1713809,Palmeiras do Tocantins,TO,743.407,10,out,86.23981938815608,OK,1991,2020,30,CHIRPS_v2,UCSB-CHG/CHIRPS/DAILY,1991-2020,IBGE_2024
1712801,Maurilândia do Tocantins,TO,736.303,10,out,79.37235207254764,OK,1991,2020,30,CHIRPS_v2,UCSB-CHG/CHIRPS/DAILY,1991-2020,IBGE_2024
1721208,Tocantinópolis,TO,1083.6,10,out,76.15457950238537,OK,1991,2020,30,CHIRPS_v2,UCSB-CHG/CHIRPS/DAILY,1991-2020,IBGE_2024
1712454,Luzinópolis,TO,281.543,10,out,94.38005579847102,OK,1991,2020,30,CHIRPS_v2,UCSB-CHG/CHIRPS/DAILY,1991-2020,IBGE_2024
1720002,Santa Terezinha do Tocantins,TO,274.105,10,out,88.6337420032064,OK,1991,2020,30,CHIRPS_v2,UCSB-CHG/CHIRPS/DAILY,1991-2020,IBGE_2024
1703826,Cachoeirinha,TO,351.535,10,out,94.70025872926533,OK,1991,2020,30,CHIRPS_v2,UCSB-CHG/CHIRPS/DAILY,1991-2020,IBGE_2024
1702208,Araguatins,TO,2633.278,10,out,80.08802748855513,OK,1991,2020,30,CHIRPS_v2,UCSB-CHG/CHIRPS/DAILY,1991-2020,IBGE_2024
1718808,Sampaio,TO,222.436,10,out,63.77884402208747,OK,1991,2020,30,CHIRPS_v2,UCSB-CHG/CHIRPS/DAILY,1991-2020,IBGE_2024
1718303,Praia Norte,TO,300.999,10,out,60.449572701858884,OK,1991,2020,30,CHIRPS_v2,UCSB-CHG/CHIRPS/DAILY,1991-2020,IBGE_2024
1707405,Esperantina,TO,506.175,10,out,84.80581197041444,OK,1991,2020,30,CHIRPS_v2,UCSB-CHG/CHIRPS/DAILY,1991-2020,IBGE_2024
1720804,Sítio Novo do Tocantins,TO,307.095,10,out,67.12844429471005,OK,1991,2020,30,CHIRPS_v2,UCSB-CHG/CHIRPS/DAILY,1991-2020,IBGE_2024
1720101,São Bento do Tocantins,TO,1099.58,10,out,95.0183861882242,OK,1991,2020,30,CHIRPS_v2,UCSB-CHG/CHIRPS/DAILY,1991-2020,IBGE_2024
1703891,Carrasco Bonito,TO,190.352,10,out,63.66689306429903,OK,1991,2020,30,CHIRPS_v2,UCSB-CHG/CHIRPS/DAILY,1991-2020,IBGE_2024
1720309,São Sebastião do Tocantins,TO,289.597,10,out,77.83286581618887,OK,1991,2020,30,CHIRPS_v2,UCSB-CHG/CHIRPS/DAILY,1991-2020,IBGE_2024
1703800,Buriti do Tocantins,TO,252.73,10,out,65.7846414816901,OK,1991,2020,30,CHIRPS_v2,UCSB-CHG/CHIRPS/DAILY,1991-2020,IBGE_2024
1720200,São Miguel do Tocantins,TO,406.957,10,out,64.26259369928468,OK,1991,2020,30,CHIRPS_v2,UCSB-CHG/CHIRPS/DAILY,1991-2020,IBGE_2024
1702554,Augustinópolis,TO,388.809,10,out,63.18402248663708,OK,1991,2020,30,CHIRPS_v2,UCSB-CHG/CHIRPS/DAILY,1991-2020,IBGE_2024
1710706,Itaguatins,TO,730.163,10,out,71.05586133108966,OK,1991,2020,30,CHIRPS_v2,UCSB-CHG/CHIRPS/DAILY,1991-2020,IBGE_2024
1702901,Axixá do Tocantins,TO,153.539,10,out,70.53675230082723,OK,1991,2020,30,CHIRPS_v2,UCSB-CHG/CHIRPS/DAILY,1991-2020,IBGE_2024
1702000,Araguaçu,TO,5155.223,10,out,121.47098362768567,OK,1991,2020,30,CHIRPS_v2,UCSB-CHG/CHIRPS/DAILY,1991-2020,IBGE_2024
1718840,Sandolândia,TO,3535.135,10,out,123.19123335759255,OK,1991,2020,30,CHIRPS_v2,UCSB-CHG/CHIRPS/DAILY,1991-2020,IBGE_2024
1709500,Gurupi,TO,1844.164,10,out,120.40579306914198,OK,1991,2020,30,CHIRPS_v2,UCSB-CHG/CHIRPS/DAILY,1991-2020,IBGE_2024
1700707,Alvorada,TO,1207.201,10,out,115.99936658732055,OK,1991,2020,30,CHIRPS_v2,UCSB-CHG/CHIRPS/DAILY,1991-2020,IBGE_2024
1700350,Aliança do Tocantins,TO,1580.999,10,out,132.75029919216362,OK,1991,2020,30,CHIRPS_v2,UCSB-CHG/CHIRPS/DAILY,1991-2020,IBGE_2024
1708205,Formoso do Araguaia,TO,13431.861,10,out,129.1786760004461,OK,1991,2020,30,CHIRPS_v2,UCSB-CHG/CHIRPS/DAILY,1991-2020,IBGE_2024
1716604,Peixe,TO,5303.612,10,out,112.24617781356478,OK,1991,2020,30,CHIRPS_v2,UCSB-CHG/CHIRPS/DAILY,1991-2020,IBGE_2024
1707652,Figueirópolis,TO,1935.709,10,out,117.07676668255662,OK,1991,2020,30,CHIRPS_v2,UCSB-CHG/CHIRPS/DAILY,1991-2020,IBGE_2024
1716208,Paranã,TO,11217.373,10,out,108.4485673324405,OK,1991,2020,30,CHIRPS_v2,UCSB-CHG/CHIRPS/DAILY,1991-2020,IBGE_2024
1707306,Dueré,TO,3420.657,10,out,137.44670325269772,OK,1991,2020,30,CHIRPS_v2,UCSB-CHG/CHIRPS/DAILY,1991-2020,IBGE_2024
1715754,Palmeirópolis,TO,1708.981,10,out,127.06598060815921,OK,1991,2020,30,CHIRPS_v2,UCSB-CHG/CHIRPS/DAILY,1991-2020,IBGE_2024
1706258,Crixás do Tocantins,TO,983.766,10,out,144.33951027119687,OK,1991,2020,30,CHIRPS_v2,UCSB-CHG/CHIRPS/DAILY,1991-2020,IBGE_2024
1720978,Talismã,TO,2155.503,10,out,122.39449929393328,OK,1991,2020,30,CHIRPS_v2,UCSB-CHG/CHIRPS/DAILY,1991-2020,IBGE_2024
1720499,São Valério,TO,2520.465,10,out,105.4608040586138,OK,1991,2020,30,CHIRPS_v2,UCSB-CHG/CHIRPS/DAILY,1991-2020,IBGE_2024
1720853,Sucupira,TO,1018.222,10,out,110.75643122154705,OK,1991,2020,30,CHIRPS_v2,UCSB-CHG/CHIRPS/DAILY,1991-2020,IBGE_2024
1703867,Cariri do Tocantins,TO,1126.291,10,out,119.22106996071112,OK,1991,2020,30,CHIRPS_v2,UCSB-CHG/CHIRPS/DAILY,1991-2020,IBGE_2024
1720259,São Salvador do Tocantins,TO,1424.753,10,out,113.28722902295361,OK,1991,2020,30,CHIRPS_v2,UCSB-CHG/CHIRPS/DAILY,1991-2020,IBGE_2024
1711506,Jaú do Tocantins,TO,2167.201,10,out,119.27986884661027,OK,1991,2020,30,CHIRPS_v2,UCSB-CHG/CHIRPS/DAILY,1991-2020,IBGE_2024
1702406,Arraias,TO,5803.085,10,out,103.77977677605014,OK,1991,2020,30,CHIRPS_v2,UCSB-CHG/CHIRPS/DAILY,1991-2020,IBGE_2024
1718659,Rio da Conceição,TO,845.823,10,out,93.98488767587871,OK,1991,2020,30,CHIRPS_v2,UCSB-CHG/CHIRPS/DAILY,1991-2020,IBGE_2024
1718006,Porto Alegre do Tocantins,TO,506.717,10,out,93.67582469820907,OK,1991,2020,30,CHIRPS_v2,UCSB-CHG/CHIRPS/DAILY,1991-2020,IBGE_2024
1717800,Ponte Alta do Bom Jesus,TO,1718.791,10,out,99.0991589959448,OK,1991,2020,30,CHIRPS_v2,UCSB-CHG/CHIRPS/DAILY,1991-2020,IBGE_2024
1700400,Almas,TO,4007.152,10,out,93.7115464683396,OK,1991,2020,30,CHIRPS_v2,UCSB-CHG/CHIRPS/DAILY,1991-2020,IBGE_2024
1707009,Dianópolis,TO,3318.094,10,out,90.14142440187692,OK,1991,2020,30,CHIRPS_v2,UCSB-CHG/CHIRPS/DAILY,1991-2020,IBGE_2024
1715150,Novo Alegre,TO,200.411,10,out,96.01447309454521,OK,1991,2020,30,CHIRPS_v2,UCSB-CHG/CHIRPS/DAILY,1991-2020,IBGE_2024
1715259,Novo Jardim,TO,1213.893,10,out,90.2369818665595,OK,1991,2020,30,CHIRPS_v2,UCSB-CHG/CHIRPS/DAILY,1991-2020,IBGE_2024
1705557,Combinado,TO,208.791,10,out,96.40357877178033,OK,1991,2020,30,CHIRPS_v2,UCSB-CHG/CHIRPS/DAILY,1991-2020,IBGE_2024
1705607,Conceição do Tocantins,TO,2530.647,10,out,95.93538774422333,OK,1991,2020,30,CHIRPS_v2,UCSB-CHG/CHIRPS/DAILY,1991-2020,IBGE_2024
1720937,Taipas do Tocantins,TO,1105.303,10,out,96.1932613258545,OK,1991,2020,30,CHIRPS_v2,UCSB-CHG/CHIRPS/DAILY,1991-2020,IBGE_2024
1720903,Taguatinga,TO,2341.919,10,out,108.73320095677802,OK,1991,2020,30,CHIRPS_v2,UCSB-CHG/CHIRPS/DAILY,1991-2020,IBGE_2024
1712157,Lavandeira,TO,468.006,10,out,97.69482308383023,OK,1991,2020,30,CHIRPS_v2,UCSB-CHG/CHIRPS/DAILY,1991-2020,IBGE_2024
1702703,Aurora do Tocantins,TO,696.194,10,out,100.82030511746251,OK,1991,2020,30,CHIRPS_v2,UCSB-CHG/CHIRPS/DAILY,1991-2020,IBGE_2024
2109270,Presidente Sarney,MA,726.176,10,out,12.093579138166243,OK,1991,2020,30,CHIRPS_v2,UCSB-CHG/CHIRPS/DAILY,1991-2020,IBGE_2024
2108256,Pedro do Rosário,MA,1753.867,10,out,22.88705748310851,OK,1991,2020,30,CHIRPS_v2,UCSB-CHG/CHIRPS/DAILY,1991-2020,IBGE_2024
2112456,Turilândia,MA,1507.976,10,out,12.750861463434315,OK,1991,2020,30,CHIRPS_v2,UCSB-CHG/CHIRPS/DAILY,1991-2020,IBGE_2024
2112407,Turiaçu,MA,2622.281,10,out,10.335728624126268,OK,1991,2020,30,CHIRPS_v2,UCSB-CHG/CHIRPS/DAILY,1991-2020,IBGE_2024
2108306,Penalva,MA,800.916,10,out,27.7085555938549,OK,1991,2020,30,CHIRPS_v2,UCSB-CHG/CHIRPS/DAILY,1991-2020,IBGE_2024
2111029,São João do Carú,MA,910.065,10,out,29.502244218026604,OK,1991,2020,30,CHIRPS_v2,UCSB-CHG/CHIRPS/DAILY,1991-2020,IBGE_2024
2102002,Bom Jardim,MA,6579.946,10,out,24.541660871916175,OK,1991,2020,30,CHIRPS_v2,UCSB-CHG/CHIRPS/DAILY,1991-2020,IBGE_2024
2109908,Santa Inês,MA,786.689,10,out,31.424493081550885,OK,1991,2020,30,CHIRPS_v2,UCSB-CHG/CHIRPS/DAILY,1991-2020,IBGE_2024
2110005,Santa Luzia,MA,4837.168,10,out,27.497576046927104,OK,1991,2020,30,CHIRPS_v2,UCSB-CHG/CHIRPS/DAILY,1991-2020,IBGE_2024
2101772,Bela Vista do Maranhão,MA,147.949,10,out,30.986788126429758,OK,1991,2020,30,CHIRPS_v2,UCSB-CHG/CHIRPS/DAILY,1991-2020,IBGE_2024
2100873,Araguanã,MA,805.194,10,out,25.07898846520604,OK,1991,2020,30,CHIRPS_v2,UCSB-CHG/CHIRPS/DAILY,1991-2020,IBGE_2024
2100477,Alto Alegre do Pindaré,MA,1875.58,10,out,27.163061114549475,OK,1991,2020,30,CHIRPS_v2,UCSB-CHG/CHIRPS/DAILY,1991-2020,IBGE_2024
2108504,Pindaré-Mirim,MA,268.285,10,out,32.60755241687808,OK,1991,2020,30,CHIRPS_v2,UCSB-CHG/CHIRPS/DAILY,1991-2020,IBGE_2024
2107357,Nova Olinda do Maranhão,MA,2452.615,10,out,28.95887148272169,OK,1991,2020,30,CHIRPS_v2,UCSB-CHG/CHIRPS/DAILY,1991-2020,IBGE_2024
2106904,Monção,MA,1245.548,10,out,30.85110201154548,OK,1991,2020,30,CHIRPS_v2,UCSB-CHG/CHIRPS/DAILY,1991-2020,IBGE_2024
2114007,Zé Doca,MA,2140.109,10,out,31.18664784927553,OK,1991,2020,30,CHIRPS_v2,UCSB-CHG/CHIRPS/DAILY,1991-2020,IBGE_2024
2104651,Governador Newton Bello,MA,1144.146,10,out,30.467400796707715,OK,1991,2020,30,CHIRPS_v2,UCSB-CHG/CHIRPS/DAILY,1991-2020,IBGE_2024
2112274,Tufilândia,MA,270.934,10,out,32.78611089440781,OK,1991,2020,30,CHIRPS_v2,UCSB-CHG/CHIRPS/DAILY,1991-2020,IBGE_2024
2102150,Brejo de Areia,MA,986.036,10,out,26.551811609407654,OK,1991,2020,30,CHIRPS_v2,UCSB-CHG/CHIRPS/DAILY,1991-2020,IBGE_2024
2100402,Altamira do Maranhão,MA,524.374,10,out,26.504903425891996,OK,1991,2020,30,CHIRPS_v2,UCSB-CHG/CHIRPS/DAILY,1991-2020,IBGE_2024
2108108,Paulo Ramos,MA,1168.608,10,out,29.95678451526013,OK,1991,2020,30,CHIRPS_v2,UCSB-CHG/CHIRPS/DAILY,1991-2020,IBGE_2024
2107407,Olho d'Água das Cunhãs,MA,695.333,10,out,27.07205770949841,OK,1991,2020,30,CHIRPS_v2,UCSB-CHG/CHIRPS/DAILY,1991-2020,IBGE_2024
2105963,Lagoa Grande do Maranhão,MA,744.199,10,out,37.52987778747454,OK,1991,2020,30,CHIRPS_v2,UCSB-CHG/CHIRPS/DAILY,1991-2020,IBGE_2024
2106359,Marajá do Sena,MA,1402.593,10,out,36.16490886194828,OK,1991,2020,30,CHIRPS_v2,UCSB-CHG/CHIRPS/DAILY,1991-2020,IBGE_2024
2105708,Lago da Pedra,MA,1240.446,10,out,33.8360243777363,OK,1991,2020,30,CHIRPS_v2,UCSB-CHG/CHIRPS/DAILY,1991-2020,IBGE_2024
2113009,Vitorino Freire,MA,1193.386,10,out,27.7395588531338,OK,1991,2020,30,CHIRPS_v2,UCSB-CHG/CHIRPS/DAILY,1991-2020,IBGE_2024
2111722,Satubinha,MA,441.807,10,out,28.988311623105883,OK,1991,2020,30,CHIRPS_v2,UCSB-CHG/CHIRPS/DAILY,1991-2020,IBGE_2024
2102903,Carutapera,MA,1260.569,10,out,12.212758561283376,OK,1991,2020,30,CHIRPS_v2,UCSB-CHG/CHIRPS/DAILY,1991-2020,IBGE_2024
2103174,Centro Novo do Maranhão,MA,8401.002,10,out,30.698460417008786,OK,1991,2020,30,CHIRPS_v2,UCSB-CHG/CHIRPS/DAILY,1991-2020,IBGE_2024
2103158,Centro do Guilherme,MA,1134.646,10,out,34.87905585406347,OK,1991,2020,30,CHIRPS_v2,UCSB-CHG/CHIRPS/DAILY,1991-2020,IBGE_2024
2102606,Cândido Mendes,MA,1643.796,10,out,10.451412013999125,OK,1991,2020,30,CHIRPS_v2,UCSB-CHG/CHIRPS/DAILY,1991-2020,IBGE_2024
2101970,Boa Vista do Gurupi,MA,400.35,10,out,24.198415874415176,OK,1991,2020,30,CHIRPS_v2,UCSB-CHG/CHIRPS/DAILY,1991-2020,IBGE_2024
2110039,Santa Luzia do Paruá,MA,1010.483,10,out,21.950641109293603,OK,1991,2020,30,CHIRPS_v2,UCSB-CHG/CHIRPS/DAILY,1991-2020,IBGE_2024
2109239,Presidente Médici,MA,437.687,10,out,20.56593709128302,OK,1991,2020,30,CHIRPS_v2,UCSB-CHG/CHIRPS/DAILY,1991-2020,IBGE_2024
2100550,Amapá do Maranhão,MA,493.738,10,out,12.760286353163334,OK,1991,2020,30,CHIRPS_v2,UCSB-CHG/CHIRPS/DAILY,1991-2020,IBGE_2024
2106326,Maracaçumé,MA,635.758,10,out,21.181935252031433,OK,1991,2020,30,CHIRPS_v2,UCSB-CHG/CHIRPS/DAILY,1991-2020,IBGE_2024
2106375,Maranhãozinho,MA,781.676,10,out,26.624396609228942,OK,1991,2020,30,CHIRPS_v2,UCSB-CHG/CHIRPS/DAILY,1991-2020,IBGE_2024
2106201,Luís Domingues,MA,467.251,10,out,11.72650149440161,OK,1991,2020,30,CHIRPS_v2,UCSB-CHG/CHIRPS/DAILY,1991-2020,IBGE_2024
2105658,Junco do Maranhão,MA,568.499,10,out,29.00221500668945,OK,1991,2020,30,CHIRPS_v2,UCSB-CHG/CHIRPS/DAILY,1991-2020,IBGE_2024
2104677,Governador Nunes Freire,MA,1049.208,10,out,16.486124864067932,OK,1991,2020,30,CHIRPS_v2,UCSB-CHG/CHIRPS/DAILY,1991-2020,IBGE_2024
2104305,Godofredo Viana,MA,725.707,10,out,9.095010665602207,OK,1991,2020,30,CHIRPS_v2,UCSB-CHG/CHIRPS/DAILY,1991-2020,IBGE_2024
2111763,Senador La Rocque,MA,737.078,10,out,61.54307110182872,OK,1991,2020,30,CHIRPS_v2,UCSB-CHG/CHIRPS/DAILY,1991-2020,IBGE_2024
2103752,Davinópolis,MA,332.249,10,out,61.97823857421874,OK,1991,2020,30,CHIRPS_v2,UCSB-CHG/CHIRPS/DAILY,1991-2020,IBGE_2024
2111052,São João do Paraíso,MA,2052.328,10,out,86.79957012585717,OK,1991,2020,30,CHIRPS_v2,UCSB-CHG/CHIRPS/DAILY,1991-2020,IBGE_2024
2103257,Cidelândia,MA,1462.81,10,out,63.418301798428445,OK,1991,2020,30,CHIRPS_v2,UCSB-CHG/CHIRPS/DAILY,1991-2020,IBGE_2024
2111532,São Pedro da Água Branca,MA,720.461,10,out,77.04720967537239,OK,1991,2020,30,CHIRPS_v2,UCSB-CHG/CHIRPS/DAILY,1991-2020,IBGE_2024
2102556,Campestre do Maranhão,MA,613.529,10,out,69.82553827481628,OK,1991,2020,30,CHIRPS_v2,UCSB-CHG/CHIRPS/DAILY,1991-2020,IBGE_2024
2102358,Buritirana,MA,821.261,10,out,63.22556487054608,OK,1991,2020,30,CHIRPS_v2,UCSB-CHG/CHIRPS/DAILY,1991-2020,IBGE_2024
2109551,Ribamar Fiquene,MA,733.458,10,out,69.05997268374534,OK,1991,2020,30,CHIRPS_v2,UCSB-CHG/CHIRPS/DAILY,1991-2020,IBGE_2024
2109007,Porto Franco,MA,1421.011,10,out,76.63170683553744,OK,1991,2020,30,CHIRPS_v2,UCSB-CHG/CHIRPS/DAILY,1991-2020,IBGE_2024
2100600,Amarante do Maranhão,MA,7441.771,10,out,48.84173517220497,OK,1991,2020,30,CHIRPS_v2,UCSB-CHG/CHIRPS/DAILY,1991-2020,IBGE_2024
2107001,Montes Altos,MA,1489.198,10,out,70.07403697370518,OK,1991,2020,30,CHIRPS_v2,UCSB-CHG/CHIRPS/DAILY,1991-2020,IBGE_2024
2105989,Lajeado Novo,MA,1063.62,10,out,76.78608598113573,OK,1991,2020,30,CHIRPS_v2,UCSB-CHG/CHIRPS/DAILY,1991-2020,IBGE_2024
2105500,João Lisboa,MA,1135.08,10,out,57.9347580819841,OK,1991,2020,30,CHIRPS_v2,UCSB-CHG/CHIRPS/DAILY,1991-2020,IBGE_2024
2105302,Imperatriz,MA,1369.039,10,out,59.2564561101913,OK,1991,2020,30,CHIRPS_v2,UCSB-CHG/CHIRPS/DAILY,1991-2020,IBGE_2024
2104552,Governador Edison Lobão,MA,615.957,10,out,65.43659583871123,OK,1991,2020,30,CHIRPS_v2,UCSB-CHG/CHIRPS/DAILY,1991-2020,IBGE_2024
2112852,Vila Nova dos Martírios,MA,1190.008,10,out,69.64619688235467,OK,1991,2020,30,CHIRPS_v2,UCSB-CHG/CHIRPS/DAILY,1991-2020,IBGE_2024
2104057,Estreito,MA,2719.964,10,out,93.83428631636012,OK,1991,2020,30,CHIRPS_v2,UCSB-CHG/CHIRPS/DAILY,1991-2020,IBGE_2024
2111805,Sítio Novo,MA,3114.682,10,out,74.06364282661647,OK,1991,2020,30,CHIRPS_v2,UCSB-CHG/CHIRPS/DAILY,1991-2020,IBGE_2024
2111573,São Pedro dos Crentes,MA,979.559,10,out,88.52866981378659,OK,1991,2020,30,CHIRPS_v2,UCSB-CHG/CHIRPS/DAILY,1991-2020,IBGE_2024
2100956,Arame,MA,2976.039,10,out,38.07953757288191,OK,1991,2020,30,CHIRPS_v2,UCSB-CHG/CHIRPS/DAILY,1991-2020,IBGE_2024
2105476,Jenipapo dos Vieiras,MA,1962.362,10,out,34.62001390921392,OK,1991,2020,30,CHIRPS_v2,UCSB-CHG/CHIRPS/DAILY,1991-2020,IBGE_2024
2105351,Itaipava do Grajaú,MA,1244.398,10,out,35.799175588364854,OK,1991,2020,30,CHIRPS_v2,UCSB-CHG/CHIRPS/DAILY,1991-2020,IBGE_2024
2104800,Grajaú,MA,8861.696,10,out,45.29412097792866,OK,1991,2020,30,CHIRPS_v2,UCSB-CHG/CHIRPS/DAILY,1991-2020,IBGE_2024
2104099,Formosa da Serra Negra,MA,3690.633,10,out,61.288009420668764,OK,1991,2020,30,CHIRPS_v2,UCSB-CHG/CHIRPS/DAILY,1991-2020,IBGE_2024
2110856,São Francisco do Brejão,MA,745.357,10,out,60.74830450854591,OK,1991,2020,30,CHIRPS_v2,UCSB-CHG/CHIRPS/DAILY,1991-2020,IBGE_2024
2102036,Bom Jesus das Selvas,MA,2676.93,10,out,29.079511705258934,OK,1991,2020,30,CHIRPS_v2,UCSB-CHG/CHIRPS/DAILY,1991-2020,IBGE_2024
2102325,Buriticupu,MA,2553.663,10,out,28.00692576865366,OK,1991,2020,30,CHIRPS_v2,UCSB-CHG/CHIRPS/DAILY,1991-2020,IBGE_2024
2100055,Açailândia,MA,5805.158,10,out,45.15127936854892,OK,1991,2020,30,CHIRPS_v2,UCSB-CHG/CHIRPS/DAILY,1991-2020,IBGE_2024
2105427,Itinga do Maranhão,MA,3583.423,10,out,30.7127323850447,OK,1991,2020,30,CHIRPS_v2,UCSB-CHG/CHIRPS/DAILY,1991-2020,IBGE_2024
2111607,São Raimundo das Mangabeiras,MA,3523.94,10,out,70.23829719404524,OK,1991,2020,30,CHIRPS_v2,UCSB-CHG/CHIRPS/DAILY,1991-2020,IBGE_2024
2112001,Tasso Fragoso,MA,4369.318,10,out,86.51489310155154,OK,1991,2020,30,CHIRPS_v2,UCSB-CHG/CHIRPS/DAILY,1991-2020,IBGE_2024
2102804,Carolina,MA,6267.601,10,out,113.02389084465518,OK,1991,2020,30,CHIRPS_v2,UCSB-CHG/CHIRPS/DAILY,1991-2020,IBGE_2024
2109700,Sambaíba,MA,3015.086,10,out,76.56432112556503,OK,1991,2020,30,CHIRPS_v2,UCSB-CHG/CHIRPS/DAILY,1991-2020,IBGE_2024
2101400,Balsas,MA,12601.976,10,out,99.5641007110055,OK,1991,2020,30,CHIRPS_v2,UCSB-CHG/CHIRPS/DAILY,1991-2020,IBGE_2024
2109502,Riachão,MA,6402.83,10,out,101.15910488052732,OK,1991,2020,30,CHIRPS_v2,UCSB-CHG/CHIRPS/DAILY,1991-2020,IBGE_2024
2100501,Alto Parnaíba,MA,11127.384,10,out,98.80824375055705,OK,1991,2020,30,CHIRPS_v2,UCSB-CHG/CHIRPS/DAILY,1991-2020,IBGE_2024
2107258,Nova Colinas,MA,743.11,10,out,75.54262624201988,OK,1991,2020,30,CHIRPS_v2,UCSB-CHG/CHIRPS/DAILY,1991-2020,IBGE_2024
2106102,Loreto,MA,3596.74,10,out,72.28722148347035,OK,1991,2020,30,CHIRPS_v2,UCSB-CHG/CHIRPS/DAILY,1991-2020,IBGE_2024
2104107,Fortaleza dos Nogueiras,MA,1853.382,10,out,69.05946323010562,OK,1991,2020,30,CHIRPS_v2,UCSB-CHG/CHIRPS/DAILY,1991-2020,IBGE_2024
2104073,Feira Nova do Maranhão,MA,1626.052,10,out,84.39810504362329,OK,1991,2020,30,CHIRPS_v2,UCSB-CHG/CHIRPS/DAILY,1991-2020,IBGE_2024
2209203,Santa Filomena,PI,5293.693,10,out,83.14370928310856,OK,1991,2020,30,CHIRPS_v2,UCSB-CHG/CHIRPS/DAILY,1991-2020,IBGE_2024
2201309,Barreiras do Piauí,PI,2168.713,10,out,75.23230061065811,OK,1991,2020,30,CHIRPS_v2,UCSB-CHG/CHIRPS/DAILY,1991-2020,IBGE_2024
2209757,São Gonçalo do Gurguéia,PI,1385.259,10,out,64.32869755398295,OK,1991,2020,30,CHIRPS_v2,UCSB-CHG/CHIRPS/DAILY,1991-2020,IBGE_2024
2919553,Luís Eduardo Magalhães,BA,4033.04,10,out,89.04955640750117,OK,1991,2020,30,CHIRPS_v2,UCSB-CHG/CHIRPS/DAILY,1991-2020,IBGE_2024
2903201,Barreiras,BA,8059.305,10,out,82.5653342856901,OK,1991,2020,30,CHIRPS_v2,UCSB-CHG/CHIRPS/DAILY,1991-2020,IBGE_2024
3157609,Santa Fé de Minas,MG,2917.448,10,out,77.84206307463728,OK,1991,2020,30,CHIRPS_v2,UCSB-CHG/CHIRPS/DAILY,1991-2020,IBGE_2024
3150570,Pintópolis,MG,1228.736,10,out,68.34265901621234,OK,1991,2020,30,CHIRPS_v2,UCSB-CHG/CHIRPS/DAILY,1991-2020,IBGE_2024
3116159,Chapada Gaúcha,MG,3255.189,10,out,73.75603891519675,OK,1991,2020,30,CHIRPS_v2,UCSB-CHG/CHIRPS/DAILY,1991-2020,IBGE_2024
3164209,São Romão,MG,2434.004,10,out,71.2758244505249,OK,1991,2020,30,CHIRPS_v2,UCSB-CHG/CHIRPS/DAILY,1991-2020,IBGE_2024
3108552,Brasilândia de Minas,MG,2509.694,10,out,82.91226644675336,OK,1991,2020,30,CHIRPS_v2,UCSB-CHG/CHIRPS/DAILY,1991-2020,IBGE_2024
3147006,Paracatu,MG,8231.029,10,out,91.03323272611276,OK,1991,2020,30,CHIRPS_v2,UCSB-CHG/CHIRPS/DAILY,1991-2020,IBGE_2024
3170529,Urucuia,MG,2076.942,10,out,72.45184148343189,OK,1991,2020,30,CHIRPS_v2,UCSB-CHG/CHIRPS/DAILY,1991-2020,IBGE_2024
3170404,Unaí,MG,8445.432,10,out,91.83334498233194,OK,1991,2020,30,CHIRPS_v2,UCSB-CHG/CHIRPS/DAILY,1991-2020,IBGE_2024
3170479,Uruana de Minas,MG,598.221,10,out,84.16073543805268,OK,1991,2020,30,CHIRPS_v2,UCSB-CHG/CHIRPS/DAILY,1991-2020,IBGE_2024
3154457,Riachinho,MG,1719.266,10,out,79.91228079343355,OK,1991,2020,30,CHIRPS_v2,UCSB-CHG/CHIRPS/DAILY,1991-2020,IBGE_2024
3104502,Arinos,MG,5279.419,10,out,79.10057543295073,OK,1991,2020,30,CHIRPS_v2,UCSB-CHG/CHIRPS/DAILY,1991-2020,IBGE_2024
3144375,Natalândia,MG,468.66,10,out,87.72649647897236,OK,1991,2020,30,CHIRPS_v2,UCSB-CHG/CHIRPS/DAILY,1991-2020,IBGE_2024
3109451,Cabeceira Grande,MG,1033.055,10,out,93.76730817454856,OK,1991,2020,30,CHIRPS_v2,UCSB-CHG/CHIRPS/DAILY,1991-2020,IBGE_2024
3126208,Formoso,MG,3686.004,10,out,74.14239166098784,OK,1991,2020,30,CHIRPS_v2,UCSB-CHG/CHIRPS/DAILY,1991-2020,IBGE_2024
3109303,Buritis,MG,5225.186,10,out,91.92248315352934,OK,1991,2020,30,CHIRPS_v2,UCSB-CHG/CHIRPS/DAILY,1991-2020,IBGE_2024
3108206,Bonfinópolis de Minas,MG,1850.487,10,out,83.89786519619038,OK,1991,2020,30,CHIRPS_v2,UCSB-CHG/CHIRPS/DAILY,1991-2020,IBGE_2024
3122470,Dom Bosco,MG,817.383,10,out,85.88397766173047,OK,1991,2020,30,CHIRPS_v2,UCSB-CHG/CHIRPS/DAILY,1991-2020,IBGE_2024
4318101,São Francisco de Assis,RS,2534.789,10,out,205.4647961999944,OK,1991,2020,30,CHIRPS_v2,UCSB-CHG/CHIRPS/DAILY,1991-2020,IBGE_2024
4310553,Itacurubi,RS,1120.249,10,out,221.53051753672722,OK,1991,2020,30,CHIRPS_v2,UCSB-CHG/CHIRPS/DAILY,1991-2020,IBGE_2024
4301875,Barra do Quaraí,RS,1055.937,10,out,154.09942366751406,OK,1991,2020,30,CHIRPS_v2,UCSB-CHG/CHIRPS/DAILY,1991-2020,IBGE_2024
4322400,Uruguaiana,RS,5702.098,10,out,172.8283377373647,OK,1991,2020,30,CHIRPS_v2,UCSB-CHG/CHIRPS/DAILY,1991-2020,IBGE_2024
4318002,São Borja,RS,3616.674,10,out,200.41896203458725,OK,1991,2020,30,CHIRPS_v2,UCSB-CHG/CHIRPS/DAILY,1991-2020,IBGE_2024
4311718,Maçambará,RS,1682.676,10,out,197.51597854903173,OK,1991,2020,30,CHIRPS_v2,UCSB-CHG/CHIRPS/DAILY,1991-2020,IBGE_2024
4310603,Itaqui,RS,3405.999,10,out,188.10601014912643,OK,1991,2020,30,CHIRPS_v2,UCSB-CHG/CHIRPS/DAILY,1991-2020,IBGE_2024
4317707,Santo Antônio das Missões,RS,1710.466,10,out,225.55369668634268,OK,1991,2020,30,CHIRPS_v2,UCSB-CHG/CHIRPS/DAILY,1991-2020,IBGE_2024
4308656,Garruchos,RS,803.97,10,out,228.26171147795154,OK,1991,2020,30,CHIRPS_v2,UCSB-CHG/CHIRPS/DAILY,1991-2020,IBGE_2024
5007695,São Gabriel do Oeste,MS,3850.674,10,out,136.87392484469447,OK,1991,2020,30,CHIRPS_v2,UCSB-CHG/CHIRPS/DAILY,1991-2020,IBGE_2024
5003488,Dois Irmãos do Buriti,MS,2430.3,10,out,135.33731749215502,OK,1991,2020,30,CHIRPS_v2,UCSB-CHG/CHIRPS/DAILY,1991-2020,IBGE_2024
5000252,Alcinópolis,MS,4397.518,10,out,135.0156688667409,OK,1991,2020,30,CHIRPS_v2,UCSB-CHG/CHIRPS/DAILY,1991-2020,IBGE_2024
5007935,Sonora,MS,4185.542,10,out,136.8432524373685,OK,1991,2020,30,CHIRPS_v2,UCSB-CHG/CHIRPS/DAILY,1991-2020,IBGE_2024
5007406,Rio Verde de Mato Grosso,MS,8174.784,10,out,124.23070822680786,OK,1991,2020,30,CHIRPS_v2,UCSB-CHG/CHIRPS/DAILY,1991-2020,IBGE_2024
5006408,Pedro Gomes,MS,3553.782,10,out,129.91917773390577,OK,1991,2020,30,CHIRPS_v2,UCSB-CHG/CHIRPS/DAILY,1991-2020,IBGE_2024
5003900,Figueirão,MS,4880.736,10,out,134.07150076146127,OK,1991,2020,30,CHIRPS_v2,UCSB-CHG/CHIRPS/DAILY,1991-2020,IBGE_2024
5003256,Costa Rica,MS,4159.384,10,out,147.0124096163183,OK,1991,2020,30,CHIRPS_v2,UCSB-CHG/CHIRPS/DAILY,1991-2020,IBGE_2024
5003306,Coxim,MS,6390.663,10,out,130.54978947941285,OK,1991,2020,30,CHIRPS_v2,UCSB-CHG/CHIRPS/DAILY,1991-2020,IBGE_2024
5005400,Maracaju,MS,5396.905,10,out,143.36193631409654,OK,1991,2020,30,CHIRPS_v2,UCSB-CHG/CHIRPS/DAILY,1991-2020,IBGE_2024
5003702,Dourados,MS,4062.889,10,out,145.88353079975778,OK,1991,2020,30,CHIRPS_v2,UCSB-CHG/CHIRPS/DAILY,1991-2020,IBGE_2024
5000906,Antônio João,MS,1095.9,10,out,158.40641105251973,OK,1991,2020,30,CHIRPS_v2,UCSB-CHG/CHIRPS/DAILY,1991-2020,IBGE_2024
5001243,Aral Moreira,MS,1653.86,10,out,174.71365496457372,OK,1991,2020,30,CHIRPS_v2,UCSB-CHG/CHIRPS/DAILY,1991-2020,IBGE_2024
5006606,Ponta Porã,MS,5359.274,10,out,156.63312090600272,OK,1991,2020,30,CHIRPS_v2,UCSB-CHG/CHIRPS/DAILY,1991-2020,IBGE_2024
5006358,Paranhos,MS,1307.092,10,out,184.1657886739853,OK,1991,2020,30,CHIRPS_v2,UCSB-CHG/CHIRPS/DAILY,1991-2020,IBGE_2024
5003157,Coronel Sapucaia,MS,1023.727,10,out,185.7008175515618,OK,1991,2020,30,CHIRPS_v2,UCSB-CHG/CHIRPS/DAILY,1991-2020,IBGE_2024
5005202,Ladário,MS,354.255,10,out,78.49412875644994,OK,1991,2020,30,CHIRPS_v2,UCSB-CHG/CHIRPS/DAILY,1991-2020,IBGE_2024
5003207,Corumbá,MS,64431.145,10,out,94.86322565688099,OK,1991,2020,30,CHIRPS_v2,UCSB-CHG/CHIRPS/DAILY,1991-2020,IBGE_2024
5006903,Porto Murtinho,MS,17502.994,10,out,124.02904292141255,OK,1991,2020,30,CHIRPS_v2,UCSB-CHG/CHIRPS/DAILY,1991-2020,IBGE_2024
5005806,Nioaque,MS,3909.738,10,out,133.7011628517322,OK,1991,2020,30,CHIRPS_v2,UCSB-CHG/CHIRPS/DAILY,1991-2020,IBGE_2024
5005004,Jardim,MS,2130.068,10,out,141.33196663968005,OK,1991,2020,30,CHIRPS_v2,UCSB-CHG/CHIRPS/DAILY,1991-2020,IBGE_2024
5004106,Guia Lopes da Laguna,MS,1225.426,10,out,141.52557077480992,OK,1991,2020,30,CHIRPS_v2,UCSB-CHG/CHIRPS/DAILY,1991-2020,IBGE_2024
5002803,Caracol,MS,2928.706,10,out,132.83039060582595,OK,1991,2020,30,CHIRPS_v2,UCSB-CHG/CHIRPS/DAILY,1991-2020,IBGE_2024
5002209,Bonito,MS,5378.723,10,out,140.28873267901625,OK,1991,2020,30,CHIRPS_v2,UCSB-CHG/CHIRPS/DAILY,1991-2020,IBGE_2024
5002100,Bela Vista,MS,4956.473,10,out,141.69843536919987,OK,1991,2020,30,CHIRPS_v2,UCSB-CHG/CHIRPS/DAILY,1991-2020,IBGE_2024
5001102,Aquidauana,MS,17087.976,10,out,121.47291255911784,OK,1991,2020,30,CHIRPS_v2,UCSB-CHG/CHIRPS/DAILY,1991-2020,IBGE_2024
5000708,Anastácio,MS,2913.108,10,out,132.7588768857106,OK,1991,2020,30,CHIRPS_v2,UCSB-CHG/CHIRPS/DAILY,1991-2020,IBGE_2024
5005608,Miranda,MS,5470.975,10,out,122.72773472992729,OK,1991,2020,30,CHIRPS_v2,UCSB-CHG/CHIRPS/DAILY,1991-2020,IBGE_2024
5002159,Bodoquena,MS,2589.14,10,out,137.85465156709324,OK,1991,2020,30,CHIRPS_v2,UCSB-CHG/CHIRPS/DAILY,1991-2020,IBGE_2024
5106455,Planalto da Serra,MT,2437.59,10,out,136.20821461384074,OK,1991,2020,30,CHIRPS_v2,UCSB-CHG/CHIRPS/DAILY,1991-2020,IBGE_2024
5106505,Poconé,MT,17013.707,10,out,101.54778612455671,OK,1991,2020,30,CHIRPS_v2,UCSB-CHG/CHIRPS/DAILY,1991-2020,IBGE_2024
5105903,Nobres,MT,3908.739,10,out,163.19295141140887,OK,1991,2020,30,CHIRPS_v2,UCSB-CHG/CHIRPS/DAILY,1991-2020,IBGE_2024
5106208,Nova Brasilândia,MT,3289.572,10,out,131.82130279707334,OK,1991,2020,30,CHIRPS_v2,UCSB-CHG/CHIRPS/DAILY,1991-2020,IBGE_2024
5106109,Nossa Senhora do Livramento,MT,5410.138,10,out,123.76962925929485,OK,1991,2020,30,CHIRPS_v2,UCSB-CHG/CHIRPS/DAILY,1991-2020,IBGE_2024
5104906,Jangada,MT,1114.302,10,out,111.91770497090057,OK,1991,2020,30,CHIRPS_v2,UCSB-CHG/CHIRPS/DAILY,1991-2020,IBGE_2024
5103403,Cuiabá,MT,4327.22,10,out,133.89355997434873,OK,1991,2020,30,CHIRPS_v2,UCSB-CHG/CHIRPS/DAILY,1991-2020,IBGE_2024
5102678,Campo Verde,MT,4771.091,10,out,146.44127624542074,OK,1991,2020,30,CHIRPS_v2,UCSB-CHG/CHIRPS/DAILY,1991-2020,IBGE_2024
5103007,Chapada dos Guimarães,MT,6603.253,10,out,132.13956633819598,OK,1991,2020,30,CHIRPS_v2,UCSB-CHG/CHIRPS/DAILY,1991-2020,IBGE_2024
5101605,Barão de Melgaço,MT,11374.872,10,out,113.75264486808307,OK,1991,2020,30,CHIRPS_v2,UCSB-CHG/CHIRPS/DAILY,1991-2020,IBGE_2024
5108402,Várzea Grande,MT,939.887,10,out,119.07855151219638,OK,1991,2020,30,CHIRPS_v2,UCSB-CHG/CHIRPS/DAILY,1991-2020,IBGE_2024
5107800,Santo Antônio de Leverger,MT,9519.194,10,out,123.45354527875047,OK,1991,2020,30,CHIRPS_v2,UCSB-CHG/CHIRPS/DAILY,1991-2020,IBGE_2024
5100102,Acorizal,MT,850.763,10,out,115.74222710398966,OK,1991,2020,30,CHIRPS_v2,UCSB-CHG/CHIRPS/DAILY,1991-2020,IBGE_2024
5107701,Rosário Oeste,MT,7339.442,10,out,139.37909410861752,OK,1991,2020,30,CHIRPS_v2,UCSB-CHG/CHIRPS/DAILY,1991-2020,IBGE_2024
5106851,Porto Estrela,MT,2045.467,10,out,108.70658946612767,OK,1991,2020,30,CHIRPS_v2,UCSB-CHG/CHIRPS/DAILY,1991-2020,IBGE_2024
5106232,Nova Olímpia,MT,1327.266,10,out,147.73497762056402,OK,1991,2020,30,CHIRPS_v2,UCSB-CHG/CHIRPS/DAILY,1991-2020,IBGE_2024
5103452,Denise,MT,1273.178,10,out,144.57078888424937,OK,1991,2020,30,CHIRPS_v2,UCSB-CHG/CHIRPS/DAILY,1991-2020,IBGE_2024
5102637,Campo Novo do Parecis,MT,9428.585,10,out,154.68908595476879,OK,1991,2020,30,CHIRPS_v2,UCSB-CHG/CHIRPS/DAILY,1991-2020,IBGE_2024
5101704,Barra do Bugres,MT,5976.863,10,out,124.09256996202551,OK,1991,2020,30,CHIRPS_v2,UCSB-CHG/CHIRPS/DAILY,1991-2020,IBGE_2024
5101902,Brasnorte,MT,15968.355,10,out,154.15000898719853,OK,1991,2020,30,CHIRPS_v2,UCSB-CHG/CHIRPS/DAILY,1991-2020,IBGE_2024
5107958,Tangará da Serra,MT,11636.262,10,out,149.77853352166028,OK,1991,2020,30,CHIRPS_v2,UCSB-CHG/CHIRPS/DAILY,1991-2020,IBGE_2024
5107875,Sapezal,MT,13614.552,10,out,144.40268904441078,OK,1991,2020,30,CHIRPS_v2,UCSB-CHG/CHIRPS/DAILY,1991-2020,IBGE_2024
5107263,Santo Afonso,MT,1166.382,10,out,158.54600654815363,OK,1991,2020,30,CHIRPS_v2,UCSB-CHG/CHIRPS/DAILY,1991-2020,IBGE_2024
5106000,Nortelândia,MT,1336.754,10,out,165.40559843189877,OK,1991,2020,30,CHIRPS_v2,UCSB-CHG/CHIRPS/DAILY,1991-2020,IBGE_2024
5103502,Diamantino,MT,8263.397,10,out,158.62076003402004,OK,1991,2020,30,CHIRPS_v2,UCSB-CHG/CHIRPS/DAILY,1991-2020,IBGE_2024
5101308,Arenápolis,MT,417.337,10,out,163.931385801611,OK,1991,2020,30,CHIRPS_v2,UCSB-CHG/CHIRPS/DAILY,1991-2020,IBGE_2024
5108857,Nova Marilândia,MT,1905.744,10,out,166.4407623169298,OK,1991,2020,30,CHIRPS_v2,UCSB-CHG/CHIRPS/DAILY,1991-2020,IBGE_2024
5108907,Nova Maringá,MT,11553.479,10,out,144.5318515248986,OK,1991,2020,30,CHIRPS_v2,UCSB-CHG/CHIRPS/DAILY,1991-2020,IBGE_2024
5100508,Alto Paraguai,MT,1847.354,10,out,138.42790954070387,OK,1991,2020,30,CHIRPS_v2,UCSB-CHG/CHIRPS/DAILY,1991-2020,IBGE_2024
5107305,São José do Rio Claro,MT,4525.304,10,out,144.47308963974956,OK,1991,2020,30,CHIRPS_v2,UCSB-CHG/CHIRPS/DAILY,1991-2020,IBGE_2024
5107206,Rio Branco,MT,539.287,10,out,113.75425966451336,OK,1991,2020,30,CHIRPS_v2,UCSB-CHG/CHIRPS/DAILY,1991-2020,IBGE_2024
5105234,Lambari D'Oeste,MT,1810.463,10,out,110.74408788255002,OK,1991,2020,30,CHIRPS_v2,UCSB-CHG/CHIRPS/DAILY,1991-2020,IBGE_2024
5103437,Curvelândia,MT,357.212,10,out,93.9411068820417,OK,1991,2020,30,CHIRPS_v2,UCSB-CHG/CHIRPS/DAILY,1991-2020,IBGE_2024
5102504,Cáceres,MT,24499.922,10,out,94.11276191672043,OK,1991,2020,30,CHIRPS_v2,UCSB-CHG/CHIRPS/DAILY,1991-2020,IBGE_2024
5107750,Salto do Céu,MT,1753.38,10,out,127.39116067906538,OK,1991,2020,30,CHIRPS_v2,UCSB-CHG/CHIRPS/DAILY,1991-2020,IBGE_2024
5106752,Pontes e Lacerda,MT,8545.292,10,out,94.4826559228195,OK,1991,2020,30,CHIRPS_v2,UCSB-CHG/CHIRPS/DAILY,1991-2020,IBGE_2024
5106182,Nova Lacerda,MT,4780.426,10,out,120.45983536051544,OK,1991,2020,30,CHIRPS_v2,UCSB-CHG/CHIRPS/DAILY,1991-2020,IBGE_2024
5105507,Vila Bela da Santíssima Trindade,MT,13484.71,10,out,107.42346387852747,OK,1991,2020,30,CHIRPS_v2,UCSB-CHG/CHIRPS/DAILY,1991-2020,IBGE_2024
5103361,Conquista D'Oeste,MT,2684.676,10,out,106.37165799292833,OK,1991,2020,30,CHIRPS_v2,UCSB-CHG/CHIRPS/DAILY,1991-2020,IBGE_2024
5103304,Comodoro,MT,21485.018,10,out,152.5331588301397,OK,1991,2020,30,CHIRPS_v2,UCSB-CHG/CHIRPS/DAILY,1991-2020,IBGE_2024
5102686,Campos de Júlio,MT,6792.808,10,out,152.80334877177557,OK,1991,2020,30,CHIRPS_v2,UCSB-CHG/CHIRPS/DAILY,1991-2020,IBGE_2024
5108352,Vale de São Domingos,MT,1902.108,10,out,104.75515025202728,OK,1991,2020,30,CHIRPS_v2,UCSB-CHG/CHIRPS/DAILY,1991-2020,IBGE_2024
5106828,Porto Esperidião,MT,5835.276,10,out,95.94983879207669,OK,1991,2020,30,CHIRPS_v2,UCSB-CHG/CHIRPS/DAILY,1991-2020,IBGE_2024
5107156,Reserva do Cabaçal,MT,1331.677,10,out,132.19020931821308,OK,1991,2020,30,CHIRPS_v2,UCSB-CHG/CHIRPS/DAILY,1991-2020,IBGE_2024
5107107,São José dos Quatro Marcos,MT,1282.762,10,out,108.64394136307115,OK,1991,2020,30,CHIRPS_v2,UCSB-CHG/CHIRPS/DAILY,1991-2020,IBGE_2024
5105622,Mirassol d'Oeste,MT,1085.488,10,out,94.84370079111153,OK,1991,2020,30,CHIRPS_v2,UCSB-CHG/CHIRPS/DAILY,1991-2020,IBGE_2024
5105002,Jauru,MT,1345.411,10,out,90.38467055273605,OK,1991,2020,30,CHIRPS_v2,UCSB-CHG/CHIRPS/DAILY,1991-2020,IBGE_2024
5104500,Indiavaí,MT,592.495,10,out,101.41188064907021,OK,1991,2020,30,CHIRPS_v2,UCSB-CHG/CHIRPS/DAILY,1991-2020,IBGE_2024
5103809,Figueirópolis D'Oeste,MT,891.448,10,out,91.44182490286677,OK,1991,2020,30,CHIRPS_v2,UCSB-CHG/CHIRPS/DAILY,1991-2020,IBGE_2024
5103957,Glória D'Oeste,MT,833.131,10,out,94.71427694609517,OK,1991,2020,30,CHIRPS_v2,UCSB-CHG/CHIRPS/DAILY,1991-2020,IBGE_2024
5101258,Araputanga,MT,1639.731,10,out,111.25637285030689,OK,1991,2020,30,CHIRPS_v2,UCSB-CHG/CHIRPS/DAILY,1991-2020,IBGE_2024
5107248,Santa Carmem,MT,3812.09,10,out,169.86614874121324,OK,1991,2020,30,CHIRPS_v2,UCSB-CHG/CHIRPS/DAILY,1991-2020,IBGE_2024
5106216,Nova Canaã do Norte,MT,5953.099,10,out,183.69817343366432,OK,1991,2020,30,CHIRPS_v2,UCSB-CHG/CHIRPS/DAILY,1991-2020,IBGE_2024
5106190,Nova Santa Helena,MT,2385.611,10,out,173.2590752845273,OK,1991,2020,30,CHIRPS_v2,UCSB-CHG/CHIRPS/DAILY,1991-2020,IBGE_2024
5105580,Marcelândia,MT,12285.486,10,out,176.32730951953405,OK,1991,2020,30,CHIRPS_v2,UCSB-CHG/CHIRPS/DAILY,1991-2020,IBGE_2024
5104559,Itaúba,MT,4521.79,10,out,175.7896512555336,OK,1991,2020,30,CHIRPS_v2,UCSB-CHG/CHIRPS/DAILY,1991-2020,IBGE_2024
5103700,Feliz Natal,MT,11661.514,10,out,167.5145489376012,OK,1991,2020,30,CHIRPS_v2,UCSB-CHG/CHIRPS/DAILY,1991-2020,IBGE_2024
5103205,Colíder,MT,3112.091,10,out,185.47088643800922,OK,1991,2020,30,CHIRPS_v2,UCSB-CHG/CHIRPS/DAILY,1991-2020,IBGE_2024
5103056,Cláudia,MT,3843.562,10,out,184.17745316237858,OK,1991,2020,30,CHIRPS_v2,UCSB-CHG/CHIRPS/DAILY,1991-2020,IBGE_2024
5108808,Nova Guarita,MT,1121.928,10,out,212.2192558959078,OK,1991,2020,30,CHIRPS_v2,UCSB-CHG/CHIRPS/DAILY,1991-2020,IBGE_2024
5108303,União do Sul,MT,4590.628,10,out,165.64187032519246,OK,1991,2020,30,CHIRPS_v2,UCSB-CHG/CHIRPS/DAILY,1991-2020,IBGE_2024
5107909,Sinop,MT,3990.87,10,out,182.33266984410776,OK,1991,2020,30,CHIRPS_v2,UCSB-CHG/CHIRPS/DAILY,1991-2020,IBGE_2024
5108055,Terra Nova do Norte,MT,2399.737,10,out,184.56049182775013,OK,1991,2020,30,CHIRPS_v2,UCSB-CHG/CHIRPS/DAILY,1991-2020,IBGE_2024
5106240,Nova Ubiratã,MT,8720.777,10,out,140.09500565181062,OK,1991,2020,30,CHIRPS_v2,UCSB-CHG/CHIRPS/DAILY,1991-2020,IBGE_2024
5106224,Nova Mutum,MT,9536.814,10,out,153.90471341690255,OK,1991,2020,30,CHIRPS_v2,UCSB-CHG/CHIRPS/DAILY,1991-2020,IBGE_2024
5105259,Lucas do Rio Verde,MT,3674.596,10,out,159.1095031598212,OK,1991,2020,30,CHIRPS_v2,UCSB-CHG/CHIRPS/DAILY,1991-2020,IBGE_2024
5104542,Itanhangá,MT,2909.745,10,out,175.5425267716115,OK,1991,2020,30,CHIRPS_v2,UCSB-CHG/CHIRPS/DAILY,1991-2020,IBGE_2024
5104526,Ipiranga do Norte,MT,3422.016,10,out,190.1411039419284,OK,1991,2020,30,CHIRPS_v2,UCSB-CHG/CHIRPS/DAILY,1991-2020,IBGE_2024
5101837,Boa Esperança do Norte,MT,4704.488,10,out,135.65356109923508,OK,1991,2020,30,CHIRPS_v2,UCSB-CHG/CHIRPS/DAILY,1991-2020,IBGE_2024
5108501,Vera,MT,2978.675,10,out,176.3053698888634,OK,1991,2020,30,CHIRPS_v2,UCSB-CHG/CHIRPS/DAILY,1991-2020,IBGE_2024
5107925,Sorriso,MT,8454.83,10,out,167.72190287990873,OK,1991,2020,30,CHIRPS_v2,UCSB-CHG/CHIRPS/DAILY,1991-2020,IBGE_2024
5108006,Tapurah,MT,4492.539,10,out,161.4928835792074,OK,1991,2020,30,CHIRPS_v2,UCSB-CHG/CHIRPS/DAILY,1991-2020,IBGE_2024
5107768,Santa Rita do Trivelato,MT,4740.204,10,out,153.48653979756182,OK,1991,2020,30,CHIRPS_v2,UCSB-CHG/CHIRPS/DAILY,1991-2020,IBGE_2024
5105150,Juína,MT,26397.173,10,out,157.6686674737223,OK,1991,2020,30,CHIRPS_v2,UCSB-CHG/CHIRPS/DAILY,1991-2020,IBGE_2024
5105176,Juruena,MT,3207.837,10,out,167.96860454870895,OK,1991,2020,30,CHIRPS_v2,UCSB-CHG/CHIRPS/DAILY,1991-2020,IBGE_2024
5103379,Cotriguaçu,MT,9469.956,10,out,162.48615772195868,OK,1991,2020,30,CHIRPS_v2,UCSB-CHG/CHIRPS/DAILY,1991-2020,IBGE_2024
5103254,Colniza,MT,27960.244,10,out,175.07203875963978,OK,1991,2020,30,CHIRPS_v2,UCSB-CHG/CHIRPS/DAILY,1991-2020,IBGE_2024
5102850,Castanheira,MT,3713.465,10,out,170.92418150369951,OK,1991,2020,30,CHIRPS_v2,UCSB-CHG/CHIRPS/DAILY,1991-2020,IBGE_2024
5101407,Aripuanã,MT,24678.135,10,out,168.7178890522711,OK,1991,2020,30,CHIRPS_v2,UCSB-CHG/CHIRPS/DAILY,1991-2020,IBGE_2024
5107578,Rondolândia,MT,12658.341,10,out,165.1654556987747,OK,1991,2020,30,CHIRPS_v2,UCSB-CHG/CHIRPS/DAILY,1991-2020,IBGE_2024
5106299,Paranaíta,MT,4814.149,10,out,203.8869406756605,OK,1991,2020,30,CHIRPS_v2,UCSB-CHG/CHIRPS/DAILY,1991-2020,IBGE_2024
5106158,Nova Bandeirantes,MT,9556.661,10,out,173.0653700196754,OK,1991,2020,30,CHIRPS_v2,UCSB-CHG/CHIRPS/DAILY,1991-2020,IBGE_2024
5102793,Carlinda,MT,2421.788,10,out,199.64875748972275,OK,1991,2020,30,CHIRPS_v2,UCSB-CHG/CHIRPS/DAILY,1991-2020,IBGE_2024
5100805,Apiacás,MT,20488.646,10,out,173.67943845731494,OK,1991,2020,30,CHIRPS_v2,UCSB-CHG/CHIRPS/DAILY,1991-2020,IBGE_2024
5108956,Nova Monte Verde,MT,5139.307,10,out,189.91188897058686,OK,1991,2020,30,CHIRPS_v2,UCSB-CHG/CHIRPS/DAILY,1991-2020,IBGE_2024
5100250,Alta Floresta,MT,8955.409,10,out,200.20261951019782,OK,1991,2020,30,CHIRPS_v2,UCSB-CHG/CHIRPS/DAILY,1991-2020,IBGE_2024
5106422,Peixoto de Azevedo,MT,14433.774,10,out,169.3876726971956,OK,1991,2020,30,CHIRPS_v2,UCSB-CHG/CHIRPS/DAILY,1991-2020,IBGE_2024
5106265,Novo Mundo,MT,5800.758,10,out,222.2465543343269,OK,1991,2020,30,CHIRPS_v2,UCSB-CHG/CHIRPS/DAILY,1991-2020,IBGE_2024
5105606,Matupá,MT,5228.28,10,out,172.41868879040967,OK,1991,2020,30,CHIRPS_v2,UCSB-CHG/CHIRPS/DAILY,1991-2020,IBGE_2024
5104104,Guarantã do Norte,MT,4725.273,10,out,179.01208808657066,OK,1991,2020,30,CHIRPS_v2,UCSB-CHG/CHIRPS/DAILY,1991-2020,IBGE_2024
5106802,Porto dos Gaúchos,MT,6846.668,10,out,181.24929478528136,OK,1991,2020,30,CHIRPS_v2,UCSB-CHG/CHIRPS/DAILY,1991-2020,IBGE_2024
5106273,Novo Horizonte do Norte,MT,920.048,10,out,161.3693253832693,OK,1991,2020,30,CHIRPS_v2,UCSB-CHG/CHIRPS/DAILY,1991-2020,IBGE_2024
5105101,Juara,MT,22632.713,10,out,170.6777048105274,OK,1991,2020,30,CHIRPS_v2,UCSB-CHG/CHIRPS/DAILY,1991-2020,IBGE_2024
5107941,Tabaporã,MT,8439.05,10,out,179.92057540682416,OK,1991,2020,30,CHIRPS_v2,UCSB-CHG/CHIRPS/DAILY,1991-2020,IBGE_2024
5107198,Ribeirãozinho,MT,624.997,10,out,114.9814306705502,OK,1991,2020,30,CHIRPS_v2,UCSB-CHG/CHIRPS/DAILY,1991-2020,IBGE_2024
5106281,Novo São Joaquim,MT,5225.595,10,out,138.78288111623732,OK,1991,2020,30,CHIRPS_v2,UCSB-CHG/CHIRPS/DAILY,1991-2020,IBGE_2024
5106257,Nova Xavantina,MT,5492.21,10,out,126.3145286805065,OK,1991,2020,30,CHIRPS_v2,UCSB-CHG/CHIRPS/DAILY,1991-2020,IBGE_2024
5106653,Pontal do Araguaia,MT,2742.482,10,out,116.81298359131365,OK,1991,2020,30,CHIRPS_v2,UCSB-CHG/CHIRPS/DAILY,1991-2020,IBGE_2024
5106703,Ponte Branca,MT,701.138,10,out,129.63832835295898,OK,1991,2020,30,CHIRPS_v2,UCSB-CHG/CHIRPS/DAILY,1991-2020,IBGE_2024
5103908,General Carneiro,MT,4514.917,10,out,137.66972764037055,OK,1991,2020,30,CHIRPS_v2,UCSB-CHG/CHIRPS/DAILY,1991-2020,IBGE_2024
5101803,Barra do Garças,MT,8362.912,10,out,131.43359498124636,OK,1991,2020,30,CHIRPS_v2,UCSB-CHG/CHIRPS/DAILY,1991-2020,IBGE_2024
5101001,Araguaiana,MT,6380.7,10,out,127.99029144306314,OK,1991,2020,30,CHIRPS_v2,UCSB-CHG/CHIRPS/DAILY,1991-2020,IBGE_2024
5108204,Torixoréu,MT,2398.383,10,out,118.63674976863774,OK,1991,2020,30,CHIRPS_v2,UCSB-CHG/CHIRPS/DAILY,1991-2020,IBGE_2024
5106778,Porto Alegre do Norte,MT,3971.733,10,out,170.34090939147572,OK,1991,2020,30,CHIRPS_v2,UCSB-CHG/CHIRPS/DAILY,1991-2020,IBGE_2024
5106315,Novo Santo Antônio,MT,4394.78,10,out,135.81992382877476,OK,1991,2020,30,CHIRPS_v2,UCSB-CHG/CHIRPS/DAILY,1991-2020,IBGE_2024
5105309,Luciara,MT,4282.733,10,out,151.1357743793032,OK,1991,2020,30,CHIRPS_v2,UCSB-CHG/CHIRPS/DAILY,1991-2020,IBGE_2024
5103353,Confresa,MT,5802.302,10,out,170.661141842227,OK,1991,2020,30,CHIRPS_v2,UCSB-CHG/CHIRPS/DAILY,1991-2020,IBGE_2024
5102694,Canabrava do Norte,MT,3449.037,10,out,174.60187166871034,OK,1991,2020,30,CHIRPS_v2,UCSB-CHG/CHIRPS/DAILY,1991-2020,IBGE_2024
5101852,Bom Jesus do Araguaia,MT,4266.636,10,out,167.8276217844228,OK,1991,2020,30,CHIRPS_v2,UCSB-CHG/CHIRPS/DAILY,1991-2020,IBGE_2024
5108600,Vila Rica,MT,7436.42,10,out,171.91243765541523,OK,1991,2020,30,CHIRPS_v2,UCSB-CHG/CHIRPS/DAILY,1991-2020,IBGE_2024
5100359,Alto Boa Vista,MT,2248.414,10,out,174.81204897170505,OK,1991,2020,30,CHIRPS_v2,UCSB-CHG/CHIRPS/DAILY,1991-2020,IBGE_2024
5107883,Serra Nova Dourada,MT,1490.793,10,out,158.41367441938112,OK,1991,2020,30,CHIRPS_v2,UCSB-CHG/CHIRPS/DAILY,1991-2020,IBGE_2024
5107859,São Félix do Araguaia,MT,16682.473,10,out,165.81263215654627,OK,1991,2020,30,CHIRPS_v2,UCSB-CHG/CHIRPS/DAILY,1991-2020,IBGE_2024
5107354,São José do Xingu,MT,7465.563,10,out,193.82670628481014,OK,1991,2020,30,CHIRPS_v2,UCSB-CHG/CHIRPS/DAILY,1991-2020,IBGE_2024
5107776,Santa Terezinha,MT,6466.228,10,out,159.85159610867328,OK,1991,2020,30,CHIRPS_v2,UCSB-CHG/CHIRPS/DAILY,1991-2020,IBGE_2024
5107743,Santa Cruz do Xingu,MT,5623.39,10,out,180.70370694324774,OK,1991,2020,30,CHIRPS_v2,UCSB-CHG/CHIRPS/DAILY,1991-2020,IBGE_2024
5107180,Ribeirão Cascalheira,MT,11354.555,10,out,147.99131428054983,OK,1991,2020,30,CHIRPS_v2,UCSB-CHG/CHIRPS/DAILY,1991-2020,IBGE_2024
5107065,Querência,MT,17799.989,10,out,158.13211158959135,OK,1991,2020,30,CHIRPS_v2,UCSB-CHG/CHIRPS/DAILY,1991-2020,IBGE_2024
5106174,Nova Nazaré,MT,4034.539,10,out,130.59047468589714,OK,1991,2020,30,CHIRPS_v2,UCSB-CHG/CHIRPS/DAILY,1991-2020,IBGE_2024
5103858,Gaúcha do Norte,MT,16908.375,10,out,153.70313697895656,OK,1991,2020,30,CHIRPS_v2,UCSB-CHG/CHIRPS/DAILY,1991-2020,IBGE_2024
5102702,Canarana,MT,10855.181,10,out,154.81598484980202,OK,1991,2020,30,CHIRPS_v2,UCSB-CHG/CHIRPS/DAILY,1991-2020,IBGE_2024
5103106,Cocalinho,MT,16563.136,10,out,129.82804844419127,OK,1991,2020,30,CHIRPS_v2,UCSB-CHG/CHIRPS/DAILY,1991-2020,IBGE_2024
5102603,Campinápolis,MT,5978.984,10,out,138.3868158553384,OK,1991,2020,30,CHIRPS_v2,UCSB-CHG/CHIRPS/DAILY,1991-2020,IBGE_2024
5100201,Água Boa,MT,7549.308,10,out,142.23377135487522,OK,1991,2020,30,CHIRPS_v2,UCSB-CHG/CHIRPS/DAILY,1991-2020,IBGE_2024
5106372,Pedra Preta,MT,3841.672,10,out,120.68975362789563,OK,1991,2020,30,CHIRPS_v2,UCSB-CHG/CHIRPS/DAILY,1991-2020,IBGE_2024
5104203,Guiratinga,MT,5044.493,10,out,127.66456406450064,OK,1991,2020,30,CHIRPS_v2,UCSB-CHG/CHIRPS/DAILY,1991-2020,IBGE_2024
5104609,Itiquira,MT,8698.814,10,out,122.87778541093556,OK,1991,2020,30,CHIRPS_v2,UCSB-CHG/CHIRPS/DAILY,1991-2020,IBGE_2024
5101209,Araguainha,MT,675.231,10,out,137.85431242241975,OK,1991,2020,30,CHIRPS_v2,UCSB-CHG/CHIRPS/DAILY,1991-2020,IBGE_2024
5100300,Alto Araguaia,MT,5094.148,10,out,141.32892197817733,OK,1991,2020,30,CHIRPS_v2,UCSB-CHG/CHIRPS/DAILY,1991-2020,IBGE_2024
5100607,Alto Taquari,MT,1744.743,10,out,148.3024415817323,OK,1991,2020,30,CHIRPS_v2,UCSB-CHG/CHIRPS/DAILY,1991-2020,IBGE_2024
5100409,Alto Garças,MT,3857.559,10,out,130.5205836921177,OK,1991,2020,30,CHIRPS_v2,UCSB-CHG/CHIRPS/DAILY,1991-2020,IBGE_2024
5108105,Tesouro,MT,4244.073,10,out,131.6077674581751,OK,1991,2020,30,CHIRPS_v2,UCSB-CHG/CHIRPS/DAILY,1991-2020,IBGE_2024
5107297,São José do Povo,MT,489.737,10,out,130.9069008381655,OK,1991,2020,30,CHIRPS_v2,UCSB-CHG/CHIRPS/DAILY,1991-2020,IBGE_2024
5107602,Rondonópolis,MT,4824.505,10,out,129.36586528828587,OK,1991,2020,30,CHIRPS_v2,UCSB-CHG/CHIRPS/DAILY,1991-2020,IBGE_2024
5107008,Poxoréu,MT,6915.298,10,out,154.53486777351443,OK,1991,2020,30,CHIRPS_v2,UCSB-CHG/CHIRPS/DAILY,1991-2020,IBGE_2024
5107040,Primavera do Leste,MT,5470.383,10,out,143.34678020676068,OK,1991,2020,30,CHIRPS_v2,UCSB-CHG/CHIRPS/DAILY,1991-2020,IBGE_2024
5106307,Paranatinga,MT,24127.429,10,out,144.56797501822112,OK,1991,2020,30,CHIRPS_v2,UCSB-CHG/CHIRPS/DAILY,1991-2020,IBGE_2024
5107792,Santo Antônio do Leste,MT,3403.593,10,out,138.40884743128817,OK,1991,2020,30,CHIRPS_v2,UCSB-CHG/CHIRPS/DAILY,1991-2020,IBGE_2024
5104807,Jaciara,MT,2429.678,10,out,161.17796402211704,OK,1991,2020,30,CHIRPS_v2,UCSB-CHG/CHIRPS/DAILY,1991-2020,IBGE_2024
5105200,Juscimeira,MT,2291.301,10,out,152.0515220551704,OK,1991,2020,30,CHIRPS_v2,UCSB-CHG/CHIRPS/DAILY,1991-2020,IBGE_2024
5103601,Dom Aquino,MT,2183.603,10,out,165.07727386843965,OK,1991,2020,30,CHIRPS_v2,UCSB-CHG/CHIRPS/DAILY,1991-2020,IBGE_2024
5107404,São Pedro da Cipa,MT,344.33,10,out,174.13593231289366,OK,1991,2020,30,CHIRPS_v2,UCSB-CHG/CHIRPS/DAILY,1991-2020,IBGE_2024
5205208,Caturaí,GO,205.065,10,out,123.87474915081263,OK,1991,2020,30,CHIRPS_v2,UCSB-CHG/CHIRPS/DAILY,1991-2020,IBGE_2024
5221908,Varjão,GO,517.402,10,out,114.24457713357391,OK,1991,2020,30,CHIRPS_v2,UCSB-CHG/CHIRPS/DAILY,1991-2020,IBGE_2024
5204557,Caldazinha,GO,251.72,10,out,138.35140955586488,OK,1991,2020,30,CHIRPS_v2,UCSB-CHG/CHIRPS/DAILY,1991-2020,IBGE_2024
5221403,Trindade,GO,712.69,10,out,121.94349691137222,OK,1991,2020,30,CHIRPS_v2,UCSB-CHG/CHIRPS/DAILY,1991-2020,IBGE_2024
5221197,Terezópolis de Goiás,GO,107.407,10,out,143.01258642099307,OK,1991,2020,30,CHIRPS_v2,UCSB-CHG/CHIRPS/DAILY,1991-2020,IBGE_2024
5220454,Senador Canedo,GO,247.005,10,out,142.0754792542821,OK,1991,2020,30,CHIRPS_v2,UCSB-CHG/CHIRPS/DAILY,1991-2020,IBGE_2024
5203559,Bonfinópolis,GO,121.915,10,out,143.6527203640876,OK,1991,2020,30,CHIRPS_v2,UCSB-CHG/CHIRPS/DAILY,1991-2020,IBGE_2024
5203609,Brazabrantes,GO,125.326,10,out,132.13057801985727,OK,1991,2020,30,CHIRPS_v2,UCSB-CHG/CHIRPS/DAILY,1991-2020,IBGE_2024
5219738,Santo Antônio de Goiás,GO,135.022,10,out,134.6075372643956,OK,1991,2020,30,CHIRPS_v2,UCSB-CHG/CHIRPS/DAILY,1991-2020,IBGE_2024
5203302,Bela Vista de Goiás,GO,1274.034,10,out,126.5361785702352,OK,1991,2020,30,CHIRPS_v2,UCSB-CHG/CHIRPS/DAILY,1991-2020,IBGE_2024
5209705,Hidrolândia,GO,952.122,10,out,123.10495617897872,OK,1991,2020,30,CHIRPS_v2,UCSB-CHG/CHIRPS/DAILY,1991-2020,IBGE_2024
5201801,Aragoiânia,GO,218.125,10,out,120.60660617982097,OK,1991,2020,30,CHIRPS_v2,UCSB-CHG/CHIRPS/DAILY,1991-2020,IBGE_2024
5209200,Guapó,GO,514.178,10,out,115.7498036477363,OK,1991,2020,30,CHIRPS_v2,UCSB-CHG/CHIRPS/DAILY,1991-2020,IBGE_2024
5201405,Aparecida de Goiânia,GO,279.954,10,out,133.04579024088267,OK,1991,2020,30,CHIRPS_v2,UCSB-CHG/CHIRPS/DAILY,1991-2020,IBGE_2024
5208806,Goianira,GO,213.772,10,out,128.1275043920407,OK,1991,2020,30,CHIRPS_v2,UCSB-CHG/CHIRPS/DAILY,1991-2020,IBGE_2024
5208707,Goiânia,GO,729.296,10,out,137.20916501906348,OK,1991,2020,30,CHIRPS_v2,UCSB-CHG/CHIRPS/DAILY,1991-2020,IBGE_2024
5200050,Abadia de Goiás,GO,143.357,10,out,125.73597210593917,OK,1991,2020,30,CHIRPS_v2,UCSB-CHG/CHIRPS/DAILY,1991-2020,IBGE_2024
5215009,Nova Veneza,GO,122.354,10,out,133.5999321196938,OK,1991,2020,30,CHIRPS_v2,UCSB-CHG/CHIRPS/DAILY,1991-2020,IBGE_2024
5214507,Nerópolis,GO,204.713,10,out,139.0715802512789,OK,1991,2020,30,CHIRPS_v2,UCSB-CHG/CHIRPS/DAILY,1991-2020,IBGE_2024
5205802,Corumbá de Goiás,GO,1064.833,10,out,141.09247094736355,OK,1991,2020,30,CHIRPS_v2,UCSB-CHG/CHIRPS/DAILY,1991-2020,IBGE_2024
5220603,Silvânia,GO,2349.924,10,out,131.33893502813473,OK,1991,2020,30,CHIRPS_v2,UCSB-CHG/CHIRPS/DAILY,1991-2020,IBGE_2024
5204854,Campo Limpo de Goiás,GO,156.113,10,out,141.8518909359513,OK,1991,2020,30,CHIRPS_v2,UCSB-CHG/CHIRPS/DAILY,1991-2020,IBGE_2024
5212303,Leopoldo de Bulhões,GO,476.138,10,out,144.54019607856767,OK,1991,2020,30,CHIRPS_v2,UCSB-CHG/CHIRPS/DAILY,1991-2020,IBGE_2024
5211800,Jaraguá,GO,1848.947,10,out,134.43716818798336,OK,1991,2020,30,CHIRPS_v2,UCSB-CHG/CHIRPS/DAILY,1991-2020,IBGE_2024
5220264,São Miguel do Passa Quatro,GO,537.347,10,out,120.98245963015867,OK,1991,2020,30,CHIRPS_v2,UCSB-CHG/CHIRPS/DAILY,1991-2020,IBGE_2024
5212055,Jesúpolis,GO,115.211,10,out,140.2460527850244,OK,1991,2020,30,CHIRPS_v2,UCSB-CHG/CHIRPS/DAILY,1991-2020,IBGE_2024
5219506,Santa Rosa de Goiás,GO,166.44,10,out,137.68597080085462,OK,1991,2020,30,CHIRPS_v2,UCSB-CHG/CHIRPS/DAILY,1991-2020,IBGE_2024
5219902,São Francisco de Goiás,GO,416.535,10,out,138.26372646907546,OK,1991,2020,30,CHIRPS_v2,UCSB-CHG/CHIRPS/DAILY,1991-2020,IBGE_2024
5201108,Anápolis,GO,935.671,10,out,142.86030396076316,OK,1991,2020,30,CHIRPS_v2,UCSB-CHG/CHIRPS/DAILY,1991-2020,IBGE_2024
5217302,Pirenópolis,GO,2200.369,10,out,138.18033165808572,OK,1991,2020,30,CHIRPS_v2,UCSB-CHG/CHIRPS/DAILY,1991-2020,IBGE_2024
5200100,Abadiânia,GO,1044.555,10,out,138.05714975629598,OK,1991,2020,30,CHIRPS_v2,UCSB-CHG/CHIRPS/DAILY,1991-2020,IBGE_2024
5208152,Gameleira de Goiás,GO,588.328,10,out,133.18866266374374,OK,1991,2020,30,CHIRPS_v2,UCSB-CHG/CHIRPS/DAILY,1991-2020,IBGE_2024
5216809,Petrolina de Goiás,GO,530.49,10,out,139.36545572607164,OK,1991,2020,30,CHIRPS_v2,UCSB-CHG/CHIRPS/DAILY,1991-2020,IBGE_2024
5208400,Goianápolis,GO,166.642,10,out,143.44013402292467,OK,1991,2020,30,CHIRPS_v2,UCSB-CHG/CHIRPS/DAILY,1991-2020,IBGE_2024
5200308,Alexânia,GO,846.876,10,out,133.4382206809909,OK,1991,2020,30,CHIRPS_v2,UCSB-CHG/CHIRPS/DAILY,1991-2020,IBGE_2024
5215405,Ouro Verde de Goiás,GO,208.804,10,out,135.56378508920656,OK,1991,2020,30,CHIRPS_v2,UCSB-CHG/CHIRPS/DAILY,1991-2020,IBGE_2024
5222005,Vianópolis,GO,954.115,10,out,124.64255127513745,OK,1991,2020,30,CHIRPS_v2,UCSB-CHG/CHIRPS/DAILY,1991-2020,IBGE_2024
5221007,Taquaral de Goiás,GO,205.665,10,out,138.46275710942336,OK,1991,2020,30,CHIRPS_v2,UCSB-CHG/CHIRPS/DAILY,1991-2020,IBGE_2024
5211404,Itauçu,GO,383.064,10,out,131.65447493916616,OK,1991,2020,30,CHIRPS_v2,UCSB-CHG/CHIRPS/DAILY,1991-2020,IBGE_2024
5202809,Avelinópolis,GO,170.228,10,out,122.57012585385915,OK,1991,2020,30,CHIRPS_v2,UCSB-CHG/CHIRPS/DAILY,1991-2020,IBGE_2024
5210406,Itaberaí,GO,1461.916,10,out,134.43178784254246,OK,1991,2020,30,CHIRPS_v2,UCSB-CHG/CHIRPS/DAILY,1991-2020,IBGE_2024
5210604,Itaguaru,GO,241.029,10,out,140.0220532518299,OK,1991,2020,30,CHIRPS_v2,UCSB-CHG/CHIRPS/DAILY,1991-2020,IBGE_2024
5210562,Itaguari,GO,142.652,10,out,138.5722741318623,OK,1991,2020,30,CHIRPS_v2,UCSB-CHG/CHIRPS/DAILY,1991-2020,IBGE_2024
5201603,Araçu,GO,149.776,10,out,127.10687540943499,OK,1991,2020,30,CHIRPS_v2,UCSB-CHG/CHIRPS/DAILY,1991-2020,IBGE_2024
5210000,Inhumas,GO,614.889,10,out,129.15254874134635,OK,1991,2020,30,CHIRPS_v2,UCSB-CHG/CHIRPS/DAILY,1991-2020,IBGE_2024
5209606,Heitoraí,GO,228.615,10,out,138.21423444143412,OK,1991,2020,30,CHIRPS_v2,UCSB-CHG/CHIRPS/DAILY,1991-2020,IBGE_2024
5201306,Anicuns,GO,976.038,10,out,127.93548446780763,OK,1991,2020,30,CHIRPS_v2,UCSB-CHG/CHIRPS/DAILY,1991-2020,IBGE_2024
5200852,Americano do Brasil,GO,133.834,10,out,133.43903555826356,OK,1991,2020,30,CHIRPS_v2,UCSB-CHG/CHIRPS/DAILY,1991-2020,IBGE_2024
5200159,Adelândia,GO,115.385,10,out,122.23368375446837,OK,1991,2020,30,CHIRPS_v2,UCSB-CHG/CHIRPS/DAILY,1991-2020,IBGE_2024
5206800,Damolândia,GO,86.057,10,out,134.37553959288033,OK,1991,2020,30,CHIRPS_v2,UCSB-CHG/CHIRPS/DAILY,1991-2020,IBGE_2024
5210109,Ipameri,GO,4382.863,10,out,103.30288828519767,OK,1991,2020,30,CHIRPS_v2,UCSB-CHG/CHIRPS/DAILY,1991-2020,IBGE_2024
5212956,Matrinchã,GO,1150.502,10,out,123.24578895503805,OK,1991,2020,30,CHIRPS_v2,UCSB-CHG/CHIRPS/DAILY,1991-2020,IBGE_2024
5212204,Jussara,GO,4092.339,10,out,121.56337757256125,OK,1991,2020,30,CHIRPS_v2,UCSB-CHG/CHIRPS/DAILY,1991-2020,IBGE_2024
5203807,Britânia,GO,1458.459,10,out,118.7408624617,OK,1991,2020,30,CHIRPS_v2,UCSB-CHG/CHIRPS/DAILY,1991-2020,IBGE_2024
5219258,Santa Fé de Goiás,GO,1164.186,10,out,119.35886699296509,OK,1991,2020,30,CHIRPS_v2,UCSB-CHG/CHIRPS/DAILY,1991-2020,IBGE_2024
5211206,Itapuranga,GO,1281.404,10,out,141.2386620256925,OK,1991,2020,30,CHIRPS_v2,UCSB-CHG/CHIRPS/DAILY,1991-2020,IBGE_2024
5211008,Itapirapuã,GO,2047.873,10,out,123.7095312627562,OK,1991,2020,30,CHIRPS_v2,UCSB-CHG/CHIRPS/DAILY,1991-2020,IBGE_2024
5202155,Araguapaz,GO,2188.1,10,out,130.95272297655637,OK,1991,2020,30,CHIRPS_v2,UCSB-CHG/CHIRPS/DAILY,1991-2020,IBGE_2024
5202502,Aruanã,GO,3054.773,10,out,123.03880771098395,OK,1991,2020,30,CHIRPS_v2,UCSB-CHG/CHIRPS/DAILY,1991-2020,IBGE_2024
5209291,Guaraíta,GO,205.533,10,out,142.07791675764653,OK,1991,2020,30,CHIRPS_v2,UCSB-CHG/CHIRPS/DAILY,1991-2020,IBGE_2024
5208905,Goiás,GO,3108.423,10,out,134.12249358113363,OK,1991,2020,30,CHIRPS_v2,UCSB-CHG/CHIRPS/DAILY,1991-2020,IBGE_2024
5207535,Faina,GO,1949.685,10,out,132.94760976540613,OK,1991,2020,30,CHIRPS_v2,UCSB-CHG/CHIRPS/DAILY,1991-2020,IBGE_2024
5214838,Nova Crixás,GO,7308.682,10,out,128.2727265069737,OK,1991,2020,30,CHIRPS_v2,UCSB-CHG/CHIRPS/DAILY,1991-2020,IBGE_2024
5215207,Novo Brasil,GO,649.35,10,out,121.938387830808,OK,1991,2020,30,CHIRPS_v2,UCSB-CHG/CHIRPS/DAILY,1991-2020,IBGE_2024
5213905,Mossâmedes,GO,684.882,10,out,129.70209336782017,OK,1991,2020,30,CHIRPS_v2,UCSB-CHG/CHIRPS/DAILY,1991-2020,IBGE_2024
5214002,Mozarlândia,GO,1738.516,10,out,127.63766153890867,OK,1991,2020,30,CHIRPS_v2,UCSB-CHG/CHIRPS/DAILY,1991-2020,IBGE_2024
5219209,Santa Cruz de Goiás,GO,1109.007,10,out,113.8209983869781,OK,1991,2020,30,CHIRPS_v2,UCSB-CHG/CHIRPS/DAILY,1991-2020,IBGE_2024
5217401,Pires do Rio,GO,1077.641,10,out,111.3045808560204,OK,1991,2020,30,CHIRPS_v2,UCSB-CHG/CHIRPS/DAILY,1991-2020,IBGE_2024
5215306,Orizona,GO,1971.265,10,out,112.96408120668451,OK,1991,2020,30,CHIRPS_v2,UCSB-CHG/CHIRPS/DAILY,1991-2020,IBGE_2024
5215801,Palmelo,GO,59.809,10,out,110.0020429170565,OK,1991,2020,30,CHIRPS_v2,UCSB-CHG/CHIRPS/DAILY,1991-2020,IBGE_2024
5213806,Morrinhos,GO,2846.299,10,out,116.03925168855487,OK,1991,2020,30,CHIRPS_v2,UCSB-CHG/CHIRPS/DAILY,1991-2020,IBGE_2024
5212600,Mairipotaba,GO,468.029,10,out,114.0466580102122,OK,1991,2020,30,CHIRPS_v2,UCSB-CHG/CHIRPS/DAILY,1991-2020,IBGE_2024
5218391,Professor Jamil,GO,356.292,10,out,116.679592524501,OK,1991,2020,30,CHIRPS_v2,UCSB-CHG/CHIRPS/DAILY,1991-2020,IBGE_2024
5217708,Pontalina,GO,1434.289,10,out,112.93015287401802,OK,1991,2020,30,CHIRPS_v2,UCSB-CHG/CHIRPS/DAILY,1991-2020,IBGE_2024
5217104,Piracanjuba,GO,2374.232,10,out,117.34896244889018,OK,1991,2020,30,CHIRPS_v2,UCSB-CHG/CHIRPS/DAILY,1991-2020,IBGE_2024
5207352,Edealina,GO,598.218,10,out,110.02165445514055,OK,1991,2020,30,CHIRPS_v2,UCSB-CHG/CHIRPS/DAILY,1991-2020,IBGE_2024
5206305,Cristianópolis,GO,221.624,10,out,115.32646795814344,OK,1991,2020,30,CHIRPS_v2,UCSB-CHG/CHIRPS/DAILY,1991-2020,IBGE_2024
5206503,Cromínia,GO,364.918,10,out,117.0762858382934,OK,1991,2020,30,CHIRPS_v2,UCSB-CHG/CHIRPS/DAILY,1991-2020,IBGE_2024
5222054,Vicentinópolis,GO,733.794,10,out,117.23880004234132,OK,1991,2020,30,CHIRPS_v2,UCSB-CHG/CHIRPS/DAILY,1991-2020,IBGE_2024
5221551,Turvelândia,GO,935.659,10,out,117.96152238350416,OK,1991,2020,30,CHIRPS_v2,UCSB-CHG/CHIRPS/DAILY,1991-2020,IBGE_2024
5213756,Montividiu,GO,1869.581,10,out,118.04669106138657,OK,1991,2020,30,CHIRPS_v2,UCSB-CHG/CHIRPS/DAILY,1991-2020,IBGE_2024
5219712,Santo Antônio da Barra,GO,450.336,10,out,118.70095597807143,OK,1991,2020,30,CHIRPS_v2,UCSB-CHG/CHIRPS/DAILY,1991-2020,IBGE_2024
5219308,Santa Helena de Goiás,GO,1142.337,10,out,121.97718947735903,OK,1991,2020,30,CHIRPS_v2,UCSB-CHG/CHIRPS/DAILY,1991-2020,IBGE_2024
5218805,Rio Verde,GO,8374.254,10,out,128.285902568576,OK,1991,2020,30,CHIRPS_v2,UCSB-CHG/CHIRPS/DAILY,1991-2020,IBGE_2024
5205471,Chapadão do Céu,GO,2184.077,10,out,140.58969812731144,OK,1991,2020,30,CHIRPS_v2,UCSB-CHG/CHIRPS/DAILY,1991-2020,IBGE_2024
5213103,Mineiros,GO,9042.844,10,out,132.44926864555453,OK,1991,2020,30,CHIRPS_v2,UCSB-CHG/CHIRPS/DAILY,1991-2020,IBGE_2024
5220504,Serranópolis,GO,5521.775,10,out,130.65957485236987,OK,1991,2020,30,CHIRPS_v2,UCSB-CHG/CHIRPS/DAILY,1991-2020,IBGE_2024
5211909,Jataí,GO,7178.792,10,out,133.4612065094471,OK,1991,2020,30,CHIRPS_v2,UCSB-CHG/CHIRPS/DAILY,1991-2020,IBGE_2024
5204409,Caiapônia,GO,8627.961,10,out,116.69424398625529,OK,1991,2020,30,CHIRPS_v2,UCSB-CHG/CHIRPS/DAILY,1991-2020,IBGE_2024
5219407,Santa Rita do Araguaia,GO,1357.197,10,out,136.4375138480916,OK,1991,2020,30,CHIRPS_v2,UCSB-CHG/CHIRPS/DAILY,1991-2020,IBGE_2024
5218102,Portelândia,GO,553.411,10,out,131.92560849763734,OK,1991,2020,30,CHIRPS_v2,UCSB-CHG/CHIRPS/DAILY,1991-2020,IBGE_2024
5216452,Perolândia,GO,1033.657,10,out,128.42444865778594,OK,1991,2020,30,CHIRPS_v2,UCSB-CHG/CHIRPS/DAILY,1991-2020,IBGE_2024
5207253,Doverlândia,GO,3227.558,10,out,117.87583638557004,OK,1991,2020,30,CHIRPS_v2,UCSB-CHG/CHIRPS/DAILY,1991-2020,IBGE_2024
5205703,Córrego do Ouro,GO,458.077,10,out,117.83423766596982,OK,1991,2020,30,CHIRPS_v2,UCSB-CHG/CHIRPS/DAILY,1991-2020,IBGE_2024
5213400,Moiporá,GO,452.314,10,out,115.34483436578316,OK,1991,2020,30,CHIRPS_v2,UCSB-CHG/CHIRPS/DAILY,1991-2020,IBGE_2024
5204201,Cachoeira de Goiás,GO,424.49,10,out,117.73038570999027,OK,1991,2020,30,CHIRPS_v2,UCSB-CHG/CHIRPS/DAILY,1991-2020,IBGE_2024
5220108,São Luís de Montes Belos,GO,829.62,10,out,119.2859814216162,OK,1991,2020,30,CHIRPS_v2,UCSB-CHG/CHIRPS/DAILY,1991-2020,IBGE_2024
5203939,Buriti de Goiás,GO,202.576,10,out,120.80991537962767,OK,1991,2020,30,CHIRPS_v2,UCSB-CHG/CHIRPS/DAILY,1991-2020,IBGE_2024
5211602,Ivolândia,GO,1260.841,10,out,116.15145501700141,OK,1991,2020,30,CHIRPS_v2,UCSB-CHG/CHIRPS/DAILY,1991-2020,IBGE_2024
5219001,Sanclerlândia,GO,509.402,10,out,118.55045523427826,OK,1991,2020,30,CHIRPS_v2,UCSB-CHG/CHIRPS/DAILY,1991-2020,IBGE_2024
5202601,Aurilândia,GO,565.514,10,out,118.48559815594415,OK,1991,2020,30,CHIRPS_v2,UCSB-CHG/CHIRPS/DAILY,1991-2020,IBGE_2024
5207600,Fazenda Nova,GO,1279.107,10,out,118.88073342830337,OK,1991,2020,30,CHIRPS_v2,UCSB-CHG/CHIRPS/DAILY,1991-2020,IBGE_2024
5213707,Montes Claros de Goiás,GO,2900.397,10,out,123.88990828724528,OK,1991,2020,30,CHIRPS_v2,UCSB-CHG/CHIRPS/DAILY,1991-2020,IBGE_2024
5212006,Jaupaci,GO,528.783,10,out,117.84848731844176,OK,1991,2020,30,CHIRPS_v2,UCSB-CHG/CHIRPS/DAILY,1991-2020,IBGE_2024
5203104,Baliza,GO,1780.173,10,out,110.47325127864384,OK,1991,2020,30,CHIRPS_v2,UCSB-CHG/CHIRPS/DAILY,1991-2020,IBGE_2024
5203401,Bom Jardim de Goiás,GO,1901.141,10,out,114.37487437837115,OK,1991,2020,30,CHIRPS_v2,UCSB-CHG/CHIRPS/DAILY,1991-2020,IBGE_2024
5210208,Iporá,GO,1027.249,10,out,120.46851587480151,OK,1991,2020,30,CHIRPS_v2,UCSB-CHG/CHIRPS/DAILY,1991-2020,IBGE_2024
5210307,Israelândia,GO,579.19,10,out,117.88094647811278,OK,1991,2020,30,CHIRPS_v2,UCSB-CHG/CHIRPS/DAILY,1991-2020,IBGE_2024
5202353,Arenópolis,GO,1075.535,10,out,113.96877826274995,OK,1991,2020,30,CHIRPS_v2,UCSB-CHG/CHIRPS/DAILY,1991-2020,IBGE_2024
5201702,Aragarças,GO,661.673,10,out,120.50655669338946,OK,1991,2020,30,CHIRPS_v2,UCSB-CHG/CHIRPS/DAILY,1991-2020,IBGE_2024
5200902,Amorinópolis,GO,406.93,10,out,116.84556804401333,OK,1991,2020,30,CHIRPS_v2,UCSB-CHG/CHIRPS/DAILY,1991-2020,IBGE_2024
5217203,Piranhas,GO,2045.088,10,out,111.03207427255288,OK,1991,2020,30,CHIRPS_v2,UCSB-CHG/CHIRPS/DAILY,1991-2020,IBGE_2024
5215652,Palestina de Goiás,GO,1318.047,10,out,116.16218737247507,OK,1991,2020,30,CHIRPS_v2,UCSB-CHG/CHIRPS/DAILY,1991-2020,IBGE_2024
5207105,Diorama,GO,685.382,10,out,120.40291584733345,OK,1991,2020,30,CHIRPS_v2,UCSB-CHG/CHIRPS/DAILY,1991-2020,IBGE_2024
5221502,Turvânia,GO,482.317,10,out,124.88886046869784,OK,1991,2020,30,CHIRPS_v2,UCSB-CHG/CHIRPS/DAILY,1991-2020,IBGE_2024
5205455,Cezarina,GO,417.08,10,out,114.38942832829066,OK,1991,2020,30,CHIRPS_v2,UCSB-CHG/CHIRPS/DAILY,1991-2020,IBGE_2024
5204607,Campestre de Goiás,GO,272.734,10,out,115.29054554342963,OK,1991,2020,30,CHIRPS_v2,UCSB-CHG/CHIRPS/DAILY,1991-2020,IBGE_2024
5220058,São João da Paraúna,GO,286.979,10,out,121.17057216094574,OK,1991,2020,30,CHIRPS_v2,UCSB-CHG/CHIRPS/DAILY,1991-2020,IBGE_2024
5211701,Jandaia,GO,863.087,10,out,122.04941502541642,OK,1991,2020,30,CHIRPS_v2,UCSB-CHG/CHIRPS/DAILY,1991-2020,IBGE_2024
5219100,Santa Bárbara de Goiás,GO,140.957,10,out,118.15453550303431,OK,1991,2020,30,CHIRPS_v2,UCSB-CHG/CHIRPS/DAILY,1991-2020,IBGE_2024
5209952,Indiara,GO,955.419,10,out,118.320435297134,OK,1991,2020,30,CHIRPS_v2,UCSB-CHG/CHIRPS/DAILY,1991-2020,IBGE_2024
5200134,Acreúna,GO,1566.742,10,out,116.4861000601683,OK,1991,2020,30,CHIRPS_v2,UCSB-CHG/CHIRPS/DAILY,1991-2020,IBGE_2024
5216403,Paraúna,GO,3786.578,10,out,120.22765495218245,OK,1991,2020,30,CHIRPS_v2,UCSB-CHG/CHIRPS/DAILY,1991-2020,IBGE_2024
5207808,Firminópolis,GO,422.34,10,out,119.7239343106337,OK,1991,2020,30,CHIRPS_v2,UCSB-CHG/CHIRPS/DAILY,1991-2020,IBGE_2024
5215900,Palminópolis,GO,393.326,10,out,123.52134014983034,OK,1991,2020,30,CHIRPS_v2,UCSB-CHG/CHIRPS/DAILY,1991-2020,IBGE_2024
5215702,Palmeiras de Goiás,GO,1537.199,10,out,121.2643848113679,OK,1991,2020,30,CHIRPS_v2,UCSB-CHG/CHIRPS/DAILY,1991-2020,IBGE_2024
5207402,Edéia,GO,1469.099,10,out,113.25201015834128,OK,1991,2020,30,CHIRPS_v2,UCSB-CHG/CHIRPS/DAILY,1991-2020,IBGE_2024
5214408,Nazário,GO,281.144,10,out,118.73772975619531,OK,1991,2020,30,CHIRPS_v2,UCSB-CHG/CHIRPS/DAILY,1991-2020,IBGE_2024
5214051,Mundo Novo,GO,2141.534,10,out,128.38423986140705,OK,1991,2020,30,CHIRPS_v2,UCSB-CHG/CHIRPS/DAILY,1991-2020,IBGE_2024
5214101,Mutunópolis,GO,955.069,10,out,132.93169120160644,OK,1991,2020,30,CHIRPS_v2,UCSB-CHG/CHIRPS/DAILY,1991-2020,IBGE_2024
5221452,Trombas,GO,802.905,10,out,127.38909598955503,OK,1991,2020,30,CHIRPS_v2,UCSB-CHG/CHIRPS/DAILY,1991-2020,IBGE_2024
5204656,Campinaçu,GO,1978.386,10,out,118.86588848228875,OK,1991,2020,30,CHIRPS_v2,UCSB-CHG/CHIRPS/DAILY,1991-2020,IBGE_2024
5213087,Minaçu,GO,2854.137,10,out,129.34252305019916,OK,1991,2020,30,CHIRPS_v2,UCSB-CHG/CHIRPS/DAILY,1991-2020,IBGE_2024
5203575,Bonópolis,GO,1635.319,10,out,127.6439733489735,OK,1991,2020,30,CHIRPS_v2,UCSB-CHG/CHIRPS/DAILY,1991-2020,IBGE_2024
5220207,São Miguel do Araguaia,GO,6150.179,10,out,129.4329270887474,OK,1991,2020,30,CHIRPS_v2,UCSB-CHG/CHIRPS/DAILY,1991-2020,IBGE_2024
5219605,Santa Tereza de Goiás,GO,789.544,10,out,126.78396197139296,OK,1991,2020,30,CHIRPS_v2,UCSB-CHG/CHIRPS/DAILY,1991-2020,IBGE_2024
5218003,Porangatu,GO,4825.287,10,out,124.15460584305518,OK,1991,2020,30,CHIRPS_v2,UCSB-CHG/CHIRPS/DAILY,1991-2020,IBGE_2024
5208103,Formoso,GO,843.42,10,out,123.56642901908849,OK,1991,2020,30,CHIRPS_v2,UCSB-CHG/CHIRPS/DAILY,1991-2020,IBGE_2024
5207501,Estrela do Norte,GO,301.139,10,out,127.02109288279335,OK,1991,2020,30,CHIRPS_v2,UCSB-CHG/CHIRPS/DAILY,1991-2020,IBGE_2024
5215256,Novo Planalto,GO,1254.491,10,out,123.08688985637083,OK,1991,2020,30,CHIRPS_v2,UCSB-CHG/CHIRPS/DAILY,1991-2020,IBGE_2024
5213772,Montividiu do Norte,GO,1337.232,10,out,125.58191839742351,OK,1991,2020,30,CHIRPS_v2,UCSB-CHG/CHIRPS/DAILY,1991-2020,IBGE_2024
5221601,Uruaçu,GO,2142.498,10,out,125.88919329124786,OK,1991,2020,30,CHIRPS_v2,UCSB-CHG/CHIRPS/DAILY,1991-2020,IBGE_2024
5205521,Colinas do Sul,GO,1707.52,10,out,111.64925391820992,OK,1991,2020,30,CHIRPS_v2,UCSB-CHG/CHIRPS/DAILY,1991-2020,IBGE_2024
5204706,Campinorte,GO,1064.527,10,out,121.84452741525408,OK,1991,2020,30,CHIRPS_v2,UCSB-CHG/CHIRPS/DAILY,1991-2020,IBGE_2024
5212808,Mara Rosa,GO,1695.463,10,out,124.10071457192176,OK,1991,2020,30,CHIRPS_v2,UCSB-CHG/CHIRPS/DAILY,1991-2020,IBGE_2024
5220157,São Luiz do Norte,GO,583.832,10,out,129.0936313784544,OK,1991,2020,30,CHIRPS_v2,UCSB-CHG/CHIRPS/DAILY,1991-2020,IBGE_2024
5209804,Hidrolina,GO,583.756,10,out,127.6194169209688,OK,1991,2020,30,CHIRPS_v2,UCSB-CHG/CHIRPS/DAILY,1991-2020,IBGE_2024
5200555,Alto Horizonte,GO,500.342,10,out,123.59990889890805,OK,1991,2020,30,CHIRPS_v2,UCSB-CHG/CHIRPS/DAILY,1991-2020,IBGE_2024
5200829,Amaralina,GO,1343.742,10,out,127.56121977142193,OK,1991,2020,30,CHIRPS_v2,UCSB-CHG/CHIRPS/DAILY,1991-2020,IBGE_2024
5214879,Nova Iguaçu de Goiás,GO,625.625,10,out,124.81696757503472,OK,1991,2020,30,CHIRPS_v2,UCSB-CHG/CHIRPS/DAILY,1991-2020,IBGE_2024
5214606,Niquelândia,GO,9846.293,10,out,118.37351454797341,OK,1991,2020,30,CHIRPS_v2,UCSB-CHG/CHIRPS/DAILY,1991-2020,IBGE_2024
5213855,Morro Agudo de Goiás,GO,282.333,10,out,138.91098900354228,OK,1991,2020,30,CHIRPS_v2,UCSB-CHG/CHIRPS/DAILY,1991-2020,IBGE_2024
5222302,Vila Propício,GO,2181.593,10,out,131.51352401730188,OK,1991,2020,30,CHIRPS_v2,UCSB-CHG/CHIRPS/DAILY,1991-2020,IBGE_2024
5221577,Uirapuru,GO,1154.305,10,out,129.42237857547659,OK,1991,2020,30,CHIRPS_v2,UCSB-CHG/CHIRPS/DAILY,1991-2020,IBGE_2024
5221700,Uruana,GO,522.904,10,out,137.01853002558062,OK,1991,2020,30,CHIRPS_v2,UCSB-CHG/CHIRPS/DAILY,1991-2020,IBGE_2024
5205406,Ceres,GO,213.07,10,out,132.20474585087257,OK,1991,2020,30,CHIRPS_v2,UCSB-CHG/CHIRPS/DAILY,1991-2020,IBGE_2024
5204953,Campos Verdes,GO,443.125,10,out,124.1995964299444,OK,1991,2020,30,CHIRPS_v2,UCSB-CHG/CHIRPS/DAILY,1991-2020,IBGE_2024
5205000,Carmo do Rio Verde,GO,419.821,10,out,134.3037790971824,OK,1991,2020,30,CHIRPS_v2,UCSB-CHG/CHIRPS/DAILY,1991-2020,IBGE_2024
5220280,São Patrício,GO,172.763,10,out,136.4964685900788,OK,1991,2020,30,CHIRPS_v2,UCSB-CHG/CHIRPS/DAILY,1991-2020,IBGE_2024
5219456,Santa Rita do Novo Destino,GO,970.448,10,out,125.74330956730496,OK,1991,2020,30,CHIRPS_v2,UCSB-CHG/CHIRPS/DAILY,1991-2020,IBGE_2024
5203203,Barro Alto,GO,1080.268,10,out,122.09916219414681,OK,1991,2020,30,CHIRPS_v2,UCSB-CHG/CHIRPS/DAILY,1991-2020,IBGE_2024
5219704,Santa Terezinha de Goiás,GO,1206.601,10,out,124.49720453479696,OK,1991,2020,30,CHIRPS_v2,UCSB-CHG/CHIRPS/DAILY,1991-2020,IBGE_2024
5218904,Rubiataba,GO,750.659,10,out,130.2532100356038,OK,1991,2020,30,CHIRPS_v2,UCSB-CHG/CHIRPS/DAILY,1991-2020,IBGE_2024
5210901,Itapaci,GO,952.998,10,out,128.76784288830245,OK,1991,2020,30,CHIRPS_v2,UCSB-CHG/CHIRPS/DAILY,1991-2020,IBGE_2024
5219357,Santa Isabel,GO,812.756,10,out,133.7268727771489,OK,1991,2020,30,CHIRPS_v2,UCSB-CHG/CHIRPS/DAILY,1991-2020,IBGE_2024
5218607,Rialma,GO,268.291,10,out,133.00985694448997,OK,1991,2020,30,CHIRPS_v2,UCSB-CHG/CHIRPS/DAILY,1991-2020,IBGE_2024
5218706,Rianápolis,GO,157.379,10,out,132.4798627087701,OK,1991,2020,30,CHIRPS_v2,UCSB-CHG/CHIRPS/DAILY,1991-2020,IBGE_2024
5210158,Ipiranga de Goiás,GO,244.209,10,out,129.4676860466288,OK,1991,2020,30,CHIRPS_v2,UCSB-CHG/CHIRPS/DAILY,1991-2020,IBGE_2024
5209457,Guarinos,GO,593.188,10,out,118.58548007444996,OK,1991,2020,30,CHIRPS_v2,UCSB-CHG/CHIRPS/DAILY,1991-2020,IBGE_2024
5216908,Pilar de Goiás,GO,906.047,10,out,124.88989608543771,OK,1991,2020,30,CHIRPS_v2,UCSB-CHG/CHIRPS/DAILY,1991-2020,IBGE_2024
5208608,Goianésia,GO,1547.319,10,out,132.38374765815374,OK,1991,2020,30,CHIRPS_v2,UCSB-CHG/CHIRPS/DAILY,1991-2020,IBGE_2024
5214861,Nova Glória,GO,411.753,10,out,134.68219882146138,OK,1991,2020,30,CHIRPS_v2,UCSB-CHG/CHIRPS/DAILY,1991-2020,IBGE_2024
5214705,Nova América,GO,209.432,10,out,126.97745312345647,OK,1991,2020,30,CHIRPS_v2,UCSB-CHG/CHIRPS/DAILY,1991-2020,IBGE_2024
5206404,Crixás,GO,4673.037,10,out,126.17766660584296,OK,1991,2020,30,CHIRPS_v2,UCSB-CHG/CHIRPS/DAILY,1991-2020,IBGE_2024
5221858,Valparaíso de Goiás,GO,61.488,10,out,115.00263623275097,OK,1991,2020,30,CHIRPS_v2,UCSB-CHG/CHIRPS/DAILY,1991-2020,IBGE_2024
5205497,Cidade Ocidental,GO,389.985,10,out,107.60155221175653,OK,1991,2020,30,CHIRPS_v2,UCSB-CHG/CHIRPS/DAILY,1991-2020,IBGE_2024
5212501,Luziânia,GO,3962.107,10,out,116.28224087498832,OK,1991,2020,30,CHIRPS_v2,UCSB-CHG/CHIRPS/DAILY,1991-2020,IBGE_2024
5219753,Santo Antônio do Descoberto,GO,943.948,10,out,124.31816260938875,OK,1991,2020,30,CHIRPS_v2,UCSB-CHG/CHIRPS/DAILY,1991-2020,IBGE_2024
5215231,Novo Gama,GO,192.285,10,out,117.35993667476278,OK,1991,2020,30,CHIRPS_v2,UCSB-CHG/CHIRPS/DAILY,1991-2020,IBGE_2024
5206206,Cristalina,GO,6153.921,10,out,103.63476723563383,OK,1991,2020,30,CHIRPS_v2,UCSB-CHG/CHIRPS/DAILY,1991-2020,IBGE_2024
5205513,Cocalzinho de Goiás,GO,1785.339,10,out,129.9316731043233,OK,1991,2020,30,CHIRPS_v2,UCSB-CHG/CHIRPS/DAILY,1991-2020,IBGE_2024
5213053,Mimoso de Goiás,GO,1380.701,10,out,122.97070658990438,OK,1991,2020,30,CHIRPS_v2,UCSB-CHG/CHIRPS/DAILY,1991-2020,IBGE_2024
5204003,Cabeceiras,GO,1126.434,10,out,90.15264090309732,OK,1991,2020,30,CHIRPS_v2,UCSB-CHG/CHIRPS/DAILY,1991-2020,IBGE_2024
5217609,Planaltina,GO,2558.922,10,out,117.92981716581372,OK,1991,2020,30,CHIRPS_v2,UCSB-CHG/CHIRPS/DAILY,1991-2020,IBGE_2024
5200258,Águas Lindas de Goiás,GO,191.817,10,out,130.19480344220355,OK,1991,2020,30,CHIRPS_v2,UCSB-CHG/CHIRPS/DAILY,1991-2020,IBGE_2024
5208004,Formosa,GO,5804.292,10,out,104.24403262174472,OK,1991,2020,30,CHIRPS_v2,UCSB-CHG/CHIRPS/DAILY,1991-2020,IBGE_2024
5215603,Padre Bernardo,GO,3142.615,10,out,127.890929598791,OK,1991,2020,30,CHIRPS_v2,UCSB-CHG/CHIRPS/DAILY,1991-2020,IBGE_2024
5213509,Monte Alegre de Goiás,GO,3119.86,10,out,102.2252234974718,OK,1991,2020,30,CHIRPS_v2,UCSB-CHG/CHIRPS/DAILY,1991-2020,IBGE_2024
5204904,Campos Belos,GO,735.128,10,out,93.66068588675778,OK,1991,2020,30,CHIRPS_v2,UCSB-CHG/CHIRPS/DAILY,1991-2020,IBGE_2024
5212709,Mambaí,GO,858.27,10,out,98.50134969605668,OK,1991,2020,30,CHIRPS_v2,UCSB-CHG/CHIRPS/DAILY,1991-2020,IBGE_2024
5220702,Sítio d'Abadia,GO,1611.851,10,out,80.28584704164822,OK,1991,2020,30,CHIRPS_v2,UCSB-CHG/CHIRPS/DAILY,1991-2020,IBGE_2024
5220686,Simolândia,GO,346.811,10,out,113.04742174634534,OK,1991,2020,30,CHIRPS_v2,UCSB-CHG/CHIRPS/DAILY,1991-2020,IBGE_2024
5203962,Buritinópolis,GO,246.075,10,out,104.99864652480267,OK,1991,2020,30,CHIRPS_v2,UCSB-CHG/CHIRPS/DAILY,1991-2020,IBGE_2024
5219803,São Domingos,GO,3335.999,10,out,91.54462869319609,OK,1991,2020,30,CHIRPS_v2,UCSB-CHG/CHIRPS/DAILY,1991-2020,IBGE_2024
5209903,Iaciara,GO,1547.183,10,out,110.13381944060995,OK,1991,2020,30,CHIRPS_v2,UCSB-CHG/CHIRPS/DAILY,1991-2020,IBGE_2024
5218300,Posse,GO,2076.99,10,out,110.4316480101428,OK,1991,2020,30,CHIRPS_v2,UCSB-CHG/CHIRPS/DAILY,1991-2020,IBGE_2024
5209408,Guarani de Goiás,GO,1221.054,10,out,94.66181199464599,OK,1991,2020,30,CHIRPS_v2,UCSB-CHG/CHIRPS/DAILY,1991-2020,IBGE_2024
5200803,Alvorada do Norte,GO,1268.347,10,out,106.97077823002434,OK,1991,2020,30,CHIRPS_v2,UCSB-CHG/CHIRPS/DAILY,1991-2020,IBGE_2024
5208301,Divinópolis de Goiás,GO,828.874,10,out,88.52637851343415,OK,1991,2020,30,CHIRPS_v2,UCSB-CHG/CHIRPS/DAILY,1991-2020,IBGE_2024
5214903,Nova Roma,GO,2136.725,10,out,107.82978153569846,OK,1991,2020,30,CHIRPS_v2,UCSB-CHG/CHIRPS/DAILY,1991-2020,IBGE_2024
5206701,Damianópolis,GO,417.625,10,out,95.09235009458092,OK,1991,2020,30,CHIRPS_v2,UCSB-CHG/CHIRPS/DAILY,1991-2020,IBGE_2024
5205307,Cavalcante,GO,6948.78,10,out,118.85219494988675,OK,1991,2020,30,CHIRPS_v2,UCSB-CHG/CHIRPS/DAILY,1991-2020,IBGE_2024
5221080,Teresina de Goiás,GO,784.793,10,out,115.14047472481349,OK,1991,2020,30,CHIRPS_v2,UCSB-CHG/CHIRPS/DAILY,1991-2020,IBGE_2024
5220009,São João d'Aliança,GO,3334.455,10,out,113.22592063041755,OK,1991,2020,30,CHIRPS_v2,UCSB-CHG/CHIRPS/DAILY,1991-2020,IBGE_2024
5200605,Alto Paraíso de Goiás,GO,2594.998,10,out,115.25535923259231,OK,1991,2020,30,CHIRPS_v2,UCSB-CHG/CHIRPS/DAILY,1991-2020,IBGE_2024
5200175,Água Fria de Goiás,GO,2023.636,10,out,119.24135253982678,OK,1991,2020,30,CHIRPS_v2,UCSB-CHG/CHIRPS/DAILY,1991-2020,IBGE_2024
5207907,Flores de Goiás,GO,3695.106,10,out,109.78626847268224,OK,1991,2020,30,CHIRPS_v2,UCSB-CHG/CHIRPS/DAILY,1991-2020,IBGE_2024
5222203,Vila Boa,GO,1052.593,10,out,108.69234117828186,OK,1991,2020,30,CHIRPS_v2,UCSB-CHG/CHIRPS/DAILY,1991-2020,IBGE_2024
5300108,Brasília,DF,5760.785,10,out,123.07083537213512,OK,1991,2020,30,CHIRPS_v2,UCSB-CHG/CHIRPS/DAILY,1991-2020,IBGE_2024
4300001,"Área Operacional ""Lagoa Mirim""",RS,2884.34,10,out,111.43124400795837,OK,1991,2020,30,CHIRPS_v2,UCSB-CHG/CHIRPS/DAILY,1991-2020,IBGE_2024
4300002,"Área Operacional ""Lagoa dos Patos""",RS,10199.391,10,out,123.15140666805479,OK,1991,2020,30,CHIRPS_v2,UCSB-CHG/CHIRPS/DAILY,1991-2020,IBGE_2024
3169356,Três Marias,MG,2678.254,10,out,85.46078498368104,OK,1991,2020,30,CHIRPS_v2,UCSB-CHG/CHIRPS/DAILY,1991-2020,IBGE_2024
3125705,Felixlândia,MG,1554.627,10,out,82.40157033995699,OK,1991,2020,30,CHIRPS_v2,UCSB-CHG/CHIRPS/DAILY,1991-2020,IBGE_2024
3129608,Ibiaí,MG,874.76,10,out,74.50970079791121,OK,1991,2020,30,CHIRPS_v2,UCSB-CHG/CHIRPS/DAILY,1991-2020,IBGE_2024
3138104,Lassance,MG,3204.217,10,out,86.7198020608592,OK,1991,2020,30,CHIRPS_v2,UCSB-CHG/CHIRPS/DAILY,1991-2020,IBGE_2024
3170800,Várzea da Palma,MG,2220.279,10,out,84.95853543745466,OK,1991,2020,30,CHIRPS_v2,UCSB-CHG/CHIRPS/DAILY,1991-2020,IBGE_2024
3152131,Ponto Chique,MG,602.799,10,out,71.29875539437634,OK,1991,2020,30,CHIRPS_v2,UCSB-CHG/CHIRPS/DAILY,1991-2020,IBGE_2024
3109402,Buritizeiro,MG,7218.401,10,out,83.8348763098801,OK,1991,2020,30,CHIRPS_v2,UCSB-CHG/CHIRPS/DAILY,1991-2020,IBGE_2024
3170701,Varginha,MG,395.396,10,out,102.41943284512645,OK,1991,2020,30,CHIRPS_v2,UCSB-CHG/CHIRPS/DAILY,1991-2020,IBGE_2024
3162005,São Gonçalo do Sapucaí,MG,516.683,10,out,122.12533858065159,OK,1991,2020,30,CHIRPS_v2,UCSB-CHG/CHIRPS/DAILY,1991-2020,IBGE_2024
3119005,Cordislândia,MG,179.543,10,out,118.08407156178457,OK,1991,2020,30,CHIRPS_v2,UCSB-CHG/CHIRPS/DAILY,1991-2020,IBGE_2024
3142601,Monsenhor Paulo,MG,216.54,10,out,110.6880550964094,OK,1991,2020,30,CHIRPS_v2,UCSB-CHG/CHIRPS/DAILY,1991-2020,IBGE_2024
3123601,Elói Mendes,MG,499.537,10,out,106.77438343289924,OK,1991,2020,30,CHIRPS_v2,UCSB-CHG/CHIRPS/DAILY,1991-2020,IBGE_2024
3126307,Fortaleza de Minas,MG,218.792,10,out,130.6685840341267,OK,1991,2020,30,CHIRPS_v2,UCSB-CHG/CHIRPS/DAILY,1991-2020,IBGE_2024
3116407,Claraval,MG,227.627,10,out,137.77866597860452,OK,1991,2020,30,CHIRPS_v2,UCSB-CHG/CHIRPS/DAILY,1991-2020,IBGE_2024
3147907,Passos,MG,1338.07,10,out,124.1518035497266,OK,1991,2020,30,CHIRPS_v2,UCSB-CHG/CHIRPS/DAILY,1991-2020,IBGE_2024
3162203,São João Batista do Glória,MG,547.908,10,out,127.87270905778675,OK,1991,2020,30,CHIRPS_v2,UCSB-CHG/CHIRPS/DAILY,1991-2020,IBGE_2024
3129707,Ibiraci,MG,562.095,10,out,136.02457945999242,OK,1991,2020,30,CHIRPS_v2,UCSB-CHG/CHIRPS/DAILY,1991-2020,IBGE_2024
3121209,Delfinópolis,MG,1378.423,10,out,129.6865362087642,OK,1991,2020,30,CHIRPS_v2,UCSB-CHG/CHIRPS/DAILY,1991-2020,IBGE_2024
3112406,Capetinga,MG,297.937,10,out,133.60541285153323,OK,1991,2020,30,CHIRPS_v2,UCSB-CHG/CHIRPS/DAILY,1991-2020,IBGE_2024
3128105,Guapé,MG,934.345,10,out,115.26063158168535,OK,1991,2020,30,CHIRPS_v2,UCSB-CHG/CHIRPS/DAILY,1991-2020,IBGE_2024
3152907,Pratápolis,MG,215.516,10,out,129.266560158259,OK,1991,2020,30,CHIRPS_v2,UCSB-CHG/CHIRPS/DAILY,1991-2020,IBGE_2024
3101904,Alpinópolis,MG,460.685,10,out,122.16259392997968,OK,1991,2020,30,CHIRPS_v2,UCSB-CHG/CHIRPS/DAILY,1991-2020,IBGE_2024
3133758,Itaú de Minas,MG,153.421,10,out,126.12874023840989,OK,1991,2020,30,CHIRPS_v2,UCSB-CHG/CHIRPS/DAILY,1991-2020,IBGE_2024
3107604,Bom Jesus da Penha,MG,208.349,10,out,124.55375346387976,OK,1991,2020,30,CHIRPS_v2,UCSB-CHG/CHIRPS/DAILY,1991-2020,IBGE_2024
3115102,Cássia,MG,665.802,10,out,130.31806880957,OK,1991,2020,30,CHIRPS_v2,UCSB-CHG/CHIRPS/DAILY,1991-2020,IBGE_2024
3162948,São José da Barra,MG,308.319,10,out,121.95906928207276,OK,1991,2020,30,CHIRPS_v2,UCSB-CHG/CHIRPS/DAILY,1991-2020,IBGE_2024
3114402,Carmo do Rio Claro,MG,1065.685,10,out,118.43649959355379,OK,1991,2020,30,CHIRPS_v2,UCSB-CHG/CHIRPS/DAILY,1991-2020,IBGE_2024
3104304,Areado,MG,283.124,10,out,120.76683518653704,OK,1991,2020,30,CHIRPS_v2,UCSB-CHG/CHIRPS/DAILY,1991-2020,IBGE_2024
3111606,Campos Gerais,MG,769.504,10,out,106.76195707994287,OK,1991,2020,30,CHIRPS_v2,UCSB-CHG/CHIRPS/DAILY,1991-2020,IBGE_2024
3111309,Campo do Meio,MG,275.426,10,out,107.71085717696425,OK,1991,2020,30,CHIRPS_v2,UCSB-CHG/CHIRPS/DAILY,1991-2020,IBGE_2024
3151701,Poço Fundo,MG,474.244,10,out,124.78738440164426,OK,1991,2020,30,CHIRPS_v2,UCSB-CHG/CHIRPS/DAILY,1991-2020,IBGE_2024
3102001,Alterosa,MG,362.01,10,out,120.4519733841446,OK,1991,2020,30,CHIRPS_v2,UCSB-CHG/CHIRPS/DAILY,1991-2020,IBGE_2024
3166907,Serrania,MG,209.27,10,out,118.90835326987826,OK,1991,2020,30,CHIRPS_v2,UCSB-CHG/CHIRPS/DAILY,1991-2020,IBGE_2024
3101607,Alfenas,MG,850.446,10,out,112.99183074900203,OK,1991,2020,30,CHIRPS_v2,UCSB-CHG/CHIRPS/DAILY,1991-2020,IBGE_2024
3125200,Fama,MG,86.024,10,out,108.30575874024771,OK,1991,2020,30,CHIRPS_v2,UCSB-CHG/CHIRPS/DAILY,1991-2020,IBGE_2024
3117108,Conceição da Aparecida,MG,352.521,10,out,122.11649077097469,OK,1991,2020,30,CHIRPS_v2,UCSB-CHG/CHIRPS/DAILY,1991-2020,IBGE_2024
3114709,Carvalhópolis,MG,81.101,10,out,120.18150138841784,OK,1991,2020,30,CHIRPS_v2,UCSB-CHG/CHIRPS/DAILY,1991-2020,IBGE_2024
3122405,Divisa Nova,MG,216.955,10,out,119.62514233720968,OK,1991,2020,30,CHIRPS_v2,UCSB-CHG/CHIRPS/DAILY,1991-2020,IBGE_2024
3147204,Paraguaçu,MG,424.296,10,out,110.04216825325521,OK,1991,2020,30,CHIRPS_v2,UCSB-CHG/CHIRPS/DAILY,1991-2020,IBGE_2024
3139003,Machado,MG,585.958,10,out,121.88623578820582,OK,1991,2020,30,CHIRPS_v2,UCSB-CHG/CHIRPS/DAILY,1991-2020,IBGE_2024
3154705,Ribeirão Vermelho,MG,49.251,10,out,111.18884362853788,OK,1991,2020,30,CHIRPS_v2,UCSB-CHG/CHIRPS/DAILY,1991-2020,IBGE_2024
3138203,Lavras,MG,564.744,10,out,107.58731209289775,OK,1991,2020,30,CHIRPS_v2,UCSB-CHG/CHIRPS/DAILY,1991-2020,IBGE_2024
3144607,Nepomuceno,MG,582.553,10,out,108.52433542521784,OK,1991,2020,30,CHIRPS_v2,UCSB-CHG/CHIRPS/DAILY,1991-2020,IBGE_2024
3111903,Cana Verde,MG,212.721,10,out,111.7054958559166,OK,1991,2020,30,CHIRPS_v2,UCSB-CHG/CHIRPS/DAILY,1991-2020,IBGE_2024
3159902,Santo Antônio do Amparo,MG,488.885,10,out,114.44394958980251,OK,1991,2020,30,CHIRPS_v2,UCSB-CHG/CHIRPS/DAILY,1991-2020,IBGE_2024
3149903,Perdões,MG,270.657,10,out,112.36755483511128,OK,1991,2020,30,CHIRPS_v2,UCSB-CHG/CHIRPS/DAILY,1991-2020,IBGE_2024
3136900,Juruaia,MG,220.353,10,out,124.59281766191907,OK,1991,2020,30,CHIRPS_v2,UCSB-CHG/CHIRPS/DAILY,1991-2020,IBGE_2024
3128709,Guaxupé,MG,286.398,10,out,129.32959042222325,OK,1991,2020,30,CHIRPS_v2,UCSB-CHG/CHIRPS/DAILY,1991-2020,IBGE_2024
3145109,Nova Resende,MG,390.152,10,out,126.15174956024835,OK,1991,2020,30,CHIRPS_v2,UCSB-CHG/CHIRPS/DAILY,1991-2020,IBGE_2024
3104106,Arceburgo,MG,162.875,10,out,126.93942679524574,OK,1991,2020,30,CHIRPS_v2,UCSB-CHG/CHIRPS/DAILY,1991-2020,IBGE_2024
3128303,Guaranésia,MG,294.828,10,out,129.05814392134718,OK,1991,2020,30,CHIRPS_v2,UCSB-CHG/CHIRPS/DAILY,1991-2020,IBGE_2024
3144102,Muzambinho,MG,409.948,10,out,125.00082907870922,OK,1991,2020,30,CHIRPS_v2,UCSB-CHG/CHIRPS/DAILY,1991-2020,IBGE_2024
3143005,Monte Belo,MG,421.283,10,out,122.04926968096004,OK,1991,2020,30,CHIRPS_v2,UCSB-CHG/CHIRPS/DAILY,1991-2020,IBGE_2024
3109501,Cabo Verde,MG,368.206,10,out,124.81670617055363,OK,1991,2020,30,CHIRPS_v2,UCSB-CHG/CHIRPS/DAILY,1991-2020,IBGE_2024
3163904,São Pedro da União,MG,260.827,10,out,126.79860470484851,OK,1991,2020,30,CHIRPS_v2,UCSB-CHG/CHIRPS/DAILY,1991-2020,IBGE_2024
3113909,Carmo da Cachoeira,MG,506.333,10,out,105.56845968315011,OK,1991,2020,30,CHIRPS_v2,UCSB-CHG/CHIRPS/DAILY,1991-2020,IBGE_2024
3160801,São Bento Abade,MG,80.403,10,out,106.84960939758653,OK,1991,2020,30,CHIRPS_v2,UCSB-CHG/CHIRPS/DAILY,1991-2020,IBGE_2024
3169307,Três Corações,MG,828.038,10,out,106.25068097107949,OK,1991,2020,30,CHIRPS_v2,UCSB-CHG/CHIRPS/DAILY,1991-2020,IBGE_2024
3110707,Cambuquira,MG,246.38,10,out,113.57542150249911,OK,1991,2020,30,CHIRPS_v2,UCSB-CHG/CHIRPS/DAILY,1991-2020,IBGE_2024
3110905,Campanha,MG,335.587,10,out,115.92090965835443,OK,1991,2020,30,CHIRPS_v2,UCSB-CHG/CHIRPS/DAILY,1991-2020,IBGE_2024
3169406,Três Pontas,MG,689.794,10,out,106.50923024076027,OK,1991,2020,30,CHIRPS_v2,UCSB-CHG/CHIRPS/DAILY,1991-2020,IBGE_2024
3118700,Coqueiral,MG,296.163,10,out,108.25419358655584,OK,1991,2020,30,CHIRPS_v2,UCSB-CHG/CHIRPS/DAILY,1991-2020,IBGE_2024
3158300,Santana da Vargem,MG,172.444,10,out,107.04189376511205,OK,1991,2020,30,CHIRPS_v2,UCSB-CHG/CHIRPS/DAILY,1991-2020,IBGE_2024
3107109,Boa Esperança,MG,860.669,10,out,109.30780065846274,OK,1991,2020,30,CHIRPS_v2,UCSB-CHG/CHIRPS/DAILY,1991-2020,IBGE_2024
3130507,Ilicínea,MG,376.341,10,out,114.55605507980555,OK,1991,2020,30,CHIRPS_v2,UCSB-CHG/CHIRPS/DAILY,1991-2020,IBGE_2024
3143203,Monte Santo de Minas,MG,594.632,10,out,131.5874191157379,OK,1991,2020,30,CHIRPS_v2,UCSB-CHG/CHIRPS/DAILY,1991-2020,IBGE_2024
3134806,Jacuí,MG,409.229,10,out,128.5040837890107,OK,1991,2020,30,CHIRPS_v2,UCSB-CHG/CHIRPS/DAILY,1991-2020,IBGE_2024
3132909,Itamogi,MG,243.714,10,out,133.0772065256439,OK,1991,2020,30,CHIRPS_v2,UCSB-CHG/CHIRPS/DAILY,1991-2020,IBGE_2024
3165107,São Tomás de Aquino,MG,277.928,10,out,135.81782613123528,OK,1991,2020,30,CHIRPS_v2,UCSB-CHG/CHIRPS/DAILY,1991-2020,IBGE_2024
3164704,São Sebastião do Paraíso,MG,814.925,10,out,133.22852539784594,OK,1991,2020,30,CHIRPS_v2,UCSB-CHG/CHIRPS/DAILY,1991-2020,IBGE_2024
3120201,Cristais,MG,628.434,10,out,109.6511956334872,OK,1991,2020,30,CHIRPS_v2,UCSB-CHG/CHIRPS/DAILY,1991-2020,IBGE_2024
3112000,Candeias,MG,720.512,10,out,114.73293550636899,OK,1991,2020,30,CHIRPS_v2,UCSB-CHG/CHIRPS/DAILY,1991-2020,IBGE_2024
3111200,Campo Belo,MG,528.225,10,out,112.53612992376321,OK,1991,2020,30,CHIRPS_v2,UCSB-CHG/CHIRPS/DAILY,1991-2020,IBGE_2024
3158805,Santana do Jacaré,MG,106.169,10,out,114.46006517461129,OK,1991,2020,30,CHIRPS_v2,UCSB-CHG/CHIRPS/DAILY,1991-2020,IBGE_2024
3100807,Aguanil,MG,232.091,10,out,110.04434029843485,OK,1991,2020,30,CHIRPS_v2,UCSB-CHG/CHIRPS/DAILY,1991-2020,IBGE_2024
3170602,Vargem Bonita,MG,409.888,10,out,133.99244748808246,OK,1991,2020,30,CHIRPS_v2,UCSB-CHG/CHIRPS/DAILY,1991-2020,IBGE_2024
3112802,Capitólio,MG,521.802,10,out,125.19825974578316,OK,1991,2020,30,CHIRPS_v2,UCSB-CHG/CHIRPS/DAILY,1991-2020,IBGE_2024
3151503,Piumhi,MG,902.468,10,out,123.49301599814345,OK,1991,2020,30,CHIRPS_v2,UCSB-CHG/CHIRPS/DAILY,1991-2020,IBGE_2024
3123403,Doresópolis,MG,152.912,10,out,121.12750544499492,OK,1991,2020,30,CHIRPS_v2,UCSB-CHG/CHIRPS/DAILY,1991-2020,IBGE_2024
3164308,São Roque de Minas,MG,2098.867,10,out,136.16697230397753,OK,1991,2020,30,CHIRPS_v2,UCSB-CHG/CHIRPS/DAILY,1991-2020,IBGE_2024
3152501,Pouso Alegre,MG,542.797,10,out,128.68297435303137,OK,1991,2020,30,CHIRPS_v2,UCSB-CHG/CHIRPS/DAILY,1991-2020,IBGE_2024
3146008,Ouro Fino,MG,533.714,10,out,133.6093631714706,OK,1991,2020,30,CHIRPS_v2,UCSB-CHG/CHIRPS/DAILY,1991-2020,IBGE_2024
3162302,São João da Mata,MG,120.536,10,out,121.08402152996759,OK,1991,2020,30,CHIRPS_v2,UCSB-CHG/CHIRPS/DAILY,1991-2020,IBGE_2024
3129202,Heliodora,MG,153.95,10,out,125.88342360860804,OK,1991,2020,30,CHIRPS_v2,UCSB-CHG/CHIRPS/DAILY,1991-2020,IBGE_2024
3169802,Turvolândia,MG,221.0,10,out,120.99478882607099,OK,1991,2020,30,CHIRPS_v2,UCSB-CHG/CHIRPS/DAILY,1991-2020,IBGE_2024
3144409,Natércia,MG,188.719,10,out,131.6112855773915,OK,1991,2020,30,CHIRPS_v2,UCSB-CHG/CHIRPS/DAILY,1991-2020,IBGE_2024
3119906,Córrego do Bom Jesus,MG,123.651,10,out,133.4504518279535,OK,1991,2020,30,CHIRPS_v2,UCSB-CHG/CHIRPS/DAILY,1991-2020,IBGE_2024
3169059,Tocos do Moji,MG,114.705,10,out,134.72870802641035,OK,1991,2020,30,CHIRPS_v2,UCSB-CHG/CHIRPS/DAILY,1991-2020,IBGE_2024
3169109,Toledo,MG,136.776,10,out,138.69108887583144,OK,1991,2020,30,CHIRPS_v2,UCSB-CHG/CHIRPS/DAILY,1991-2020,IBGE_2024
3143807,Munhoz,MG,191.599,10,out,143.54659996130303,OK,1991,2020,30,CHIRPS_v2,UCSB-CHG/CHIRPS/DAILY,1991-2020,IBGE_2024
3143401,Monte Sião,MG,291.594,10,out,131.55035775785473,OK,1991,2020,30,CHIRPS_v2,UCSB-CHG/CHIRPS/DAILY,1991-2020,IBGE_2024
3110608,Cambuí,MG,244.567,10,out,136.5347915944169,OK,1991,2020,30,CHIRPS_v2,UCSB-CHG/CHIRPS/DAILY,1991-2020,IBGE_2024
3110509,Camanducaia,MG,528.688,10,out,138.1075716259267,OK,1991,2020,30,CHIRPS_v2,UCSB-CHG/CHIRPS/DAILY,1991-2020,IBGE_2024
3167400,Silvianópolis,MG,312.166,10,out,120.54974656851232,OK,1991,2020,30,CHIRPS_v2,UCSB-CHG/CHIRPS/DAILY,1991-2020,IBGE_2024
3159605,Santa Rita do Sapucaí,MG,352.969,10,out,133.54934430038406,OK,1991,2020,30,CHIRPS_v2,UCSB-CHG/CHIRPS/DAILY,1991-2020,IBGE_2024
3134905,Jacutinga,MG,347.667,10,out,133.2910008980278,OK,1991,2020,30,CHIRPS_v2,UCSB-CHG/CHIRPS/DAILY,1991-2020,IBGE_2024
3118502,Consolação,MG,89.122,10,out,131.97035214359173,OK,1991,2020,30,CHIRPS_v2,UCSB-CHG/CHIRPS/DAILY,1991-2020,IBGE_2024
3117801,Conceição dos Ouros,MG,180.236,10,out,131.85285378255475,OK,1991,2020,30,CHIRPS_v2,UCSB-CHG/CHIRPS/DAILY,1991-2020,IBGE_2024
3101409,Albertina,MG,58.01,10,out,138.08317026808905,OK,1991,2020,30,CHIRPS_v2,UCSB-CHG/CHIRPS/DAILY,1991-2020,IBGE_2024
3117900,Congonhal,MG,205.125,10,out,129.21635834441332,OK,1991,2020,30,CHIRPS_v2,UCSB-CHG/CHIRPS/DAILY,1991-2020,IBGE_2024
3109709,Cachoeira de Minas,MG,304.243,10,out,132.45752562733003,OK,1991,2020,30,CHIRPS_v2,UCSB-CHG/CHIRPS/DAILY,1991-2020,IBGE_2024
3109105,Bueno Brandão,MG,356.15,10,out,133.95997142538147,OK,1991,2020,30,CHIRPS_v2,UCSB-CHG/CHIRPS/DAILY,1991-2020,IBGE_2024
3133600,Itapeva,MG,177.312,10,out,141.7463046320635,OK,1991,2020,30,CHIRPS_v2,UCSB-CHG/CHIRPS/DAILY,1991-2020,IBGE_2024
3165800,Senador José Bento,MG,93.892,10,out,133.41273806448856,OK,1991,2020,30,CHIRPS_v2,UCSB-CHG/CHIRPS/DAILY,1991-2020,IBGE_2024
3125101,Extrema,MG,244.575,10,out,134.17780800699254,OK,1991,2020,30,CHIRPS_v2,UCSB-CHG/CHIRPS/DAILY,1991-2020,IBGE_2024
3124500,Estiva,MG,243.872,10,out,132.1818843975795,OK,1991,2020,30,CHIRPS_v2,UCSB-CHG/CHIRPS/DAILY,1991-2020,IBGE_2024
3124401,Espírito Santo do Dourado,MG,263.879,10,out,124.8238158840038,OK,1991,2020,30,CHIRPS_v2,UCSB-CHG/CHIRPS/DAILY,1991-2020,IBGE_2024
3108305,Borda da Mata,MG,301.108,10,out,133.8888508387965,OK,1991,2020,30,CHIRPS_v2,UCSB-CHG/CHIRPS/DAILY,1991-2020,IBGE_2024
3165578,Senador Amaral,MG,151.097,10,out,143.53129298171237,OK,1991,2020,30,CHIRPS_v2,UCSB-CHG/CHIRPS/DAILY,1991-2020,IBGE_2024
3107901,Bom Repouso,MG,229.845,10,out,138.41323631955675,OK,1991,2020,30,CHIRPS_v2,UCSB-CHG/CHIRPS/DAILY,1991-2020,IBGE_2024
3164407,São Sebastião da Bela Vista,MG,167.428,10,out,126.41172960954314,OK,1991,2020,30,CHIRPS_v2,UCSB-CHG/CHIRPS/DAILY,1991-2020,IBGE_2024
3131505,Ipuiúna,MG,298.195,10,out,131.37700748777445,OK,1991,2020,30,CHIRPS_v2,UCSB-CHG/CHIRPS/DAILY,1991-2020,IBGE_2024
3130606,Inconfidentes,MG,149.611,10,out,132.20247012630242,OK,1991,2020,30,CHIRPS_v2,UCSB-CHG/CHIRPS/DAILY,1991-2020,IBGE_2024
3113602,Careaçu,MG,181.009,10,out,127.53023721574047,OK,1991,2020,30,CHIRPS_v2,UCSB-CHG/CHIRPS/DAILY,1991-2020,IBGE_2024
3151800,Poços de Caldas,MG,546.958,10,out,137.51108021971885,OK,1991,2020,30,CHIRPS_v2,UCSB-CHG/CHIRPS/DAILY,1991-2020,IBGE_2024
3129905,Ibitiúra de Minas,MG,68.316,10,out,138.5032121453139,OK,1991,2020,30,CHIRPS_v2,UCSB-CHG/CHIRPS/DAILY,1991-2020,IBGE_2024
3105301,Bandeira do Sul,MG,47.266,10,out,125.72677331694945,OK,1991,2020,30,CHIRPS_v2,UCSB-CHG/CHIRPS/DAILY,1991-2020,IBGE_2024
3111002,Campestre,MG,577.843,10,out,128.77389930689992,OK,1991,2020,30,CHIRPS_v2,UCSB-CHG/CHIRPS/DAILY,1991-2020,IBGE_2024
3102605,Andradas,MG,469.396,10,out,139.7384634176577,OK,1991,2020,30,CHIRPS_v2,UCSB-CHG/CHIRPS/DAILY,1991-2020,IBGE_2024
3159209,Santa Rita de Caldas,MG,503.011,10,out,137.44681288606537,OK,1991,2020,30,CHIRPS_v2,UCSB-CHG/CHIRPS/DAILY,1991-2020,IBGE_2024
3110301,Caldas,MG,711.414,10,out,137.0432108177487,OK,1991,2020,30,CHIRPS_v2,UCSB-CHG/CHIRPS/DAILY,1991-2020,IBGE_2024
3108404,Botelhos,MG,334.089,10,out,125.27062174743311,OK,1991,2020,30,CHIRPS_v2,UCSB-CHG/CHIRPS/DAILY,1991-2020,IBGE_2024
3151008,Piranguinho,MG,124.803,10,out,135.16723595032002,OK,1991,2020,30,CHIRPS_v2,UCSB-CHG/CHIRPS/DAILY,1991-2020,IBGE_2024
3150901,Piranguçu,MG,203.619,10,out,143.92221200909435,OK,1991,2020,30,CHIRPS_v2,UCSB-CHG/CHIRPS/DAILY,1991-2020,IBGE_2024
3132404,Itajubá,MG,294.835,10,out,136.30313815494475,OK,1991,2020,30,CHIRPS_v2,UCSB-CHG/CHIRPS/DAILY,1991-2020,IBGE_2024
3172202,Wenceslau Braz,MG,102.487,10,out,149.4507951765189,OK,1991,2020,30,CHIRPS_v2,UCSB-CHG/CHIRPS/DAILY,1991-2020,IBGE_2024
3163201,São José do Alegre,MG,88.794,10,out,130.12329830018982,OK,1991,2020,30,CHIRPS_v2,UCSB-CHG/CHIRPS/DAILY,1991-2020,IBGE_2024
3121100,Delfim Moreira,MG,408.473,10,out,152.47974356259772,OK,1991,2020,30,CHIRPS_v2,UCSB-CHG/CHIRPS/DAILY,1991-2020,IBGE_2024
3127404,Gonçalves,MG,187.353,10,out,140.75514431456983,OK,1991,2020,30,CHIRPS_v2,UCSB-CHG/CHIRPS/DAILY,1991-2020,IBGE_2024
3117207,Conceição das Pedras,MG,102.206,10,out,133.5506322493452,OK,1991,2020,30,CHIRPS_v2,UCSB-CHG/CHIRPS/DAILY,1991-2020,IBGE_2024
3108909,Brazópolis,MG,367.688,10,out,137.7863853571413,OK,1991,2020,30,CHIRPS_v2,UCSB-CHG/CHIRPS/DAILY,1991-2020,IBGE_2024
3165404,Sapucaí-Mirim,MG,285.073,10,out,144.17134442626863,OK,1991,2020,30,CHIRPS_v2,UCSB-CHG/CHIRPS/DAILY,1991-2020,IBGE_2024
3149101,Pedralva,MG,217.99,10,out,122.56404094652777,OK,1991,2020,30,CHIRPS_v2,UCSB-CHG/CHIRPS/DAILY,1991-2020,IBGE_2024
3140407,Marmelópolis,MG,107.902,10,out,150.17587783651678,OK,1991,2020,30,CHIRPS_v2,UCSB-CHG/CHIRPS/DAILY,1991-2020,IBGE_2024
3139904,Maria da Fé,MG,202.898,10,out,136.07647216079667,OK,1991,2020,30,CHIRPS_v2,UCSB-CHG/CHIRPS/DAILY,1991-2020,IBGE_2024
3147303,Paraisópolis,MG,331.238,10,out,133.9022845836568,OK,1991,2020,30,CHIRPS_v2,UCSB-CHG/CHIRPS/DAILY,1991-2020,IBGE_2024
3137809,Lambari,MG,213.11,10,out,127.69247509564664,OK,1991,2020,30,CHIRPS_v2,UCSB-CHG/CHIRPS/DAILY,1991-2020,IBGE_2024
3145505,Olímpio Noronha,MG,54.633,10,out,138.04558731685708,OK,1991,2020,30,CHIRPS_v2,UCSB-CHG/CHIRPS/DAILY,1991-2020,IBGE_2024
3120508,Cristina,MG,311.33,10,out,137.67073857453997,OK,1991,2020,30,CHIRPS_v2,UCSB-CHG/CHIRPS/DAILY,1991-2020,IBGE_2024
3135902,Jesuânia,MG,153.852,10,out,129.2130910364334,OK,1991,2020,30,CHIRPS_v2,UCSB-CHG/CHIRPS/DAILY,1991-2020,IBGE_2024
3122801,Dom Viçoso,MG,113.921,10,out,137.966814410903,OK,1991,2020,30,CHIRPS_v2,UCSB-CHG/CHIRPS/DAILY,1991-2020,IBGE_2024
3114105,Carmo de Minas,MG,322.285,10,out,132.16117517647268,OK,1991,2020,30,CHIRPS_v2,UCSB-CHG/CHIRPS/DAILY,1991-2020,IBGE_2024
3171709,Virgínia,MG,326.515,10,out,138.82725140275338,OK,1991,2020,30,CHIRPS_v2,UCSB-CHG/CHIRPS/DAILY,1991-2020,IBGE_2024
3170107,Uberaba,MG,4523.957,10,out,124.61820802885109,OK,1991,2020,30,CHIRPS_v2,UCSB-CHG/CHIRPS/DAILY,1991-2020,IBGE_2024
3121258,Delta,MG,102.784,10,out,127.71565258897641,OK,1991,2020,30,CHIRPS_v2,UCSB-CHG/CHIRPS/DAILY,1991-2020,IBGE_2024
3145000,Nova Ponte,MG,1111.011,10,out,112.52408498286773,OK,1991,2020,30,CHIRPS_v2,UCSB-CHG/CHIRPS/DAILY,1991-2020,IBGE_2024
3111408,Campo Florido,MG,1264.245,10,out,116.95141748993724,OK,1991,2020,30,CHIRPS_v2,UCSB-CHG/CHIRPS/DAILY,1991-2020,IBGE_2024
3118205,Conquista,MG,618.363,10,out,126.06833945992206,OK,1991,2020,30,CHIRPS_v2,UCSB-CHG/CHIRPS/DAILY,1991-2020,IBGE_2024
3117306,Conceição das Alagoas,MG,1340.25,10,out,114.25800584733574,OK,1991,2020,30,CHIRPS_v2,UCSB-CHG/CHIRPS/DAILY,1991-2020,IBGE_2024
3157708,Santa Juliana,MG,723.784,10,out,113.45796700706381,OK,1991,2020,30,CHIRPS_v2,UCSB-CHG/CHIRPS/DAILY,1991-2020,IBGE_2024
3100708,Água Comprida,MG,492.167,10,out,119.26355685624014,OK,1991,2020,30,CHIRPS_v2,UCSB-CHG/CHIRPS/DAILY,1991-2020,IBGE_2024
3156908,Sacramento,MG,3073.268,10,out,130.26037409452587,OK,1991,2020,30,CHIRPS_v2,UCSB-CHG/CHIRPS/DAILY,1991-2020,IBGE_2024
3171105,Veríssimo,MG,1031.823,10,out,120.36047335958109,OK,1991,2020,30,CHIRPS_v2,UCSB-CHG/CHIRPS/DAILY,1991-2020,IBGE_2024
3129509,Ibiá,MG,2704.132,10,out,121.69217666970538,OK,1991,2020,30,CHIRPS_v2,UCSB-CHG/CHIRPS/DAILY,1991-2020,IBGE_2024
3153004,Pratinha,MG,622.478,10,out,128.24345038397786,OK,1991,2020,30,CHIRPS_v2,UCSB-CHG/CHIRPS/DAILY,1991-2020,IBGE_2024
3104007,Araxá,MG,1164.062,10,out,127.71651297100969,OK,1991,2020,30,CHIRPS_v2,UCSB-CHG/CHIRPS/DAILY,1991-2020,IBGE_2024
3111507,Campos Altos,MG,710.645,10,out,121.92375696138542,OK,1991,2020,30,CHIRPS_v2,UCSB-CHG/CHIRPS/DAILY,1991-2020,IBGE_2024
3159704,Santa Rosa da Serra,MG,284.334,10,out,122.92461941515467,OK,1991,2020,30,CHIRPS_v2,UCSB-CHG/CHIRPS/DAILY,1991-2020,IBGE_2024
3168101,Tapira,MG,1179.248,10,out,137.70997642896342,OK,1991,2020,30,CHIRPS_v2,UCSB-CHG/CHIRPS/DAILY,1991-2020,IBGE_2024
3149804,Perdizes,MG,2451.112,10,out,115.57636880503337,OK,1991,2020,30,CHIRPS_v2,UCSB-CHG/CHIRPS/DAILY,1991-2020,IBGE_2024
3149200,Pedrinópolis,MG,357.891,10,out,109.85186137892941,OK,1991,2020,30,CHIRPS_v2,UCSB-CHG/CHIRPS/DAILY,1991-2020,IBGE_2024
3127008,Fronteira,MG,199.987,10,out,102.95590725457883,OK,1991,2020,30,CHIRPS_v2,UCSB-CHG/CHIRPS/DAILY,1991-2020,IBGE_2024
3127107,Frutal,MG,2426.965,10,out,111.05394685905176,OK,1991,2020,30,CHIRPS_v2,UCSB-CHG/CHIRPS/DAILY,1991-2020,IBGE_2024
3151602,Planura,MG,317.52,10,out,110.97851828078468,OK,1991,2020,30,CHIRPS_v2,UCSB-CHG/CHIRPS/DAILY,1991-2020,IBGE_2024
3150703,Pirajuba,MG,337.98,10,out,114.0732880018507,OK,1991,2020,30,CHIRPS_v2,UCSB-CHG/CHIRPS/DAILY,1991-2020,IBGE_2024
3133402,Itapagipe,MG,1802.438,10,out,101.56320369956507,OK,1991,2020,30,CHIRPS_v2,UCSB-CHG/CHIRPS/DAILY,1991-2020,IBGE_2024
3116902,Comendador Gomes,MG,1041.047,10,out,114.82344638774778,OK,1991,2020,30,CHIRPS_v2,UCSB-CHG/CHIRPS/DAILY,1991-2020,IBGE_2024
3170438,União de Minas,MG,1147.407,10,out,98.67248986857821,OK,1991,2020,30,CHIRPS_v2,UCSB-CHG/CHIRPS/DAILY,1991-2020,IBGE_2024
3161304,São Francisco de Sales,MG,1128.864,10,out,96.82606217660339,OK,1991,2020,30,CHIRPS_v2,UCSB-CHG/CHIRPS/DAILY,1991-2020,IBGE_2024
3134400,Iturama,MG,1404.663,10,out,92.61243887781413,OK,1991,2020,30,CHIRPS_v2,UCSB-CHG/CHIRPS/DAILY,1991-2020,IBGE_2024
3114550,Carneirinho,MG,2063.462,10,out,96.95251544440417,OK,1991,2020,30,CHIRPS_v2,UCSB-CHG/CHIRPS/DAILY,1991-2020,IBGE_2024
3138625,Limeira do Oeste,MG,1317.153,10,out,97.83528300765005,OK,1991,2020,30,CHIRPS_v2,UCSB-CHG/CHIRPS/DAILY,1991-2020,IBGE_2024
3170206,Uberlândia,MG,4115.206,10,out,112.87304448901817,OK,1991,2020,30,CHIRPS_v2,UCSB-CHG/CHIRPS/DAILY,1991-2020,IBGE_2024
3103504,Araguari,MG,2729.777,10,out,105.09831817343664,OK,1991,2020,30,CHIRPS_v2,UCSB-CHG/CHIRPS/DAILY,1991-2020,IBGE_2024
3169604,Tupaciguara,MG,1822.53,10,out,102.03326834597635,OK,1991,2020,30,CHIRPS_v2,UCSB-CHG/CHIRPS/DAILY,1991-2020,IBGE_2024
3152808,Prata,MG,4847.544,10,out,115.19741948500193,OK,1991,2020,30,CHIRPS_v2,UCSB-CHG/CHIRPS/DAILY,1991-2020,IBGE_2024
3111804,Canápolis,MG,843.599,10,out,113.08071679762317,OK,1991,2020,30,CHIRPS_v2,UCSB-CHG/CHIRPS/DAILY,1991-2020,IBGE_2024
3103751,Araporã,MG,294.354,10,out,102.18256465290744,OK,1991,2020,30,CHIRPS_v2,UCSB-CHG/CHIRPS/DAILY,1991-2020,IBGE_2024
3111101,Campina Verde,MG,3650.749,10,out,104.21378814410765,OK,1991,2020,30,CHIRPS_v2,UCSB-CHG/CHIRPS/DAILY,1991-2020,IBGE_2024
3142809,Monte Alegre de Minas,MG,2595.957,10,out,108.41036001423481,OK,1991,2020,30,CHIRPS_v2,UCSB-CHG/CHIRPS/DAILY,1991-2020,IBGE_2024
3115805,Centralina,MG,322.385,10,out,105.65485645974694,OK,1991,2020,30,CHIRPS_v2,UCSB-CHG/CHIRPS/DAILY,1991-2020,IBGE_2024
3115003,Cascalho Rico,MG,367.308,10,out,107.00945047873591,OK,1991,2020,30,CHIRPS_v2,UCSB-CHG/CHIRPS/DAILY,1991-2020,IBGE_2024
3130705,Indianópolis,MG,830.03,10,out,107.25162960058292,OK,1991,2020,30,CHIRPS_v2,UCSB-CHG/CHIRPS/DAILY,1991-2020,IBGE_2024
3129103,Gurinhatã,MG,1849.137,10,out,105.89701953983678,OK,1991,2020,30,CHIRPS_v2,UCSB-CHG/CHIRPS/DAILY,1991-2020,IBGE_2024
3112604,Capinópolis,MG,620.716,10,out,126.55480361723221,OK,1991,2020,30,CHIRPS_v2,UCSB-CHG/CHIRPS/DAILY,1991-2020,IBGE_2024
3159803,Santa Vitória,MG,2998.364,10,out,102.84996032848312,OK,1991,2020,30,CHIRPS_v2,UCSB-CHG/CHIRPS/DAILY,1991-2020,IBGE_2024
3134202,Ituiutaba,MG,2598.046,10,out,113.87621851069575,OK,1991,2020,30,CHIRPS_v2,UCSB-CHG/CHIRPS/DAILY,1991-2020,IBGE_2024
3109808,Cachoeira Dourada,MG,203.07,10,out,122.61418837941069,OK,1991,2020,30,CHIRPS_v2,UCSB-CHG/CHIRPS/DAILY,1991-2020,IBGE_2024
3131406,Ipiaçu,MG,466.02,10,out,111.70244979357845,OK,1991,2020,30,CHIRPS_v2,UCSB-CHG/CHIRPS/DAILY,1991-2020,IBGE_2024
3127909,Grupiara,MG,193.141,10,out,107.40117354294354,OK,1991,2020,30,CHIRPS_v2,UCSB-CHG/CHIRPS/DAILY,1991-2020,IBGE_2024
3143104,Monte Carmelo,MG,1343.035,10,out,107.02286866088964,OK,1991,2020,30,CHIRPS_v2,UCSB-CHG/CHIRPS/DAILY,1991-2020,IBGE_2024
3124807,Estrela do Sul,MG,822.454,10,out,110.48874490332337,OK,1991,2020,30,CHIRPS_v2,UCSB-CHG/CHIRPS/DAILY,1991-2020,IBGE_2024
3100104,Abadia dos Dourados,MG,880.461,10,out,101.90332623894412,OK,1991,2020,30,CHIRPS_v2,UCSB-CHG/CHIRPS/DAILY,1991-2020,IBGE_2024
3131604,Iraí de Minas,MG,356.264,10,out,106.24575239808296,OK,1991,2020,30,CHIRPS_v2,UCSB-CHG/CHIRPS/DAILY,1991-2020,IBGE_2024
3123502,Douradoquara,MG,312.878,10,out,104.61178010490191,OK,1991,2020,30,CHIRPS_v2,UCSB-CHG/CHIRPS/DAILY,1991-2020,IBGE_2024
3156403,Romaria,MG,407.557,10,out,108.33021501433092,OK,1991,2020,30,CHIRPS_v2,UCSB-CHG/CHIRPS/DAILY,1991-2020,IBGE_2024
3148004,Patos de Minas,MG,3190.456,10,out,104.61294495254577,OK,1991,2020,30,CHIRPS_v2,UCSB-CHG/CHIRPS/DAILY,1991-2020,IBGE_2024
3170750,Varjão de Minas,MG,651.505,10,out,96.72292986501887,OK,1991,2020,30,CHIRPS_v2,UCSB-CHG/CHIRPS/DAILY,1991-2020,IBGE_2024
3137106,Lagamar,MG,1474.562,10,out,89.0277037657853,OK,1991,2020,30,CHIRPS_v2,UCSB-CHG/CHIRPS/DAILY,1991-2020,IBGE_2024
3161700,São Gonçalo do Abaeté,MG,2692.545,10,out,90.70156721291211,OK,1991,2020,30,CHIRPS_v2,UCSB-CHG/CHIRPS/DAILY,1991-2020,IBGE_2024
3137536,Lagoa Grande,MG,1236.301,10,out,89.65402662394575,OK,1991,2020,30,CHIRPS_v2,UCSB-CHG/CHIRPS/DAILY,1991-2020,IBGE_2024
3137502,Lagoa Formosa,MG,840.92,10,out,109.13692026024515,OK,1991,2020,30,CHIRPS_v2,UCSB-CHG/CHIRPS/DAILY,1991-2020,IBGE_2024
3162104,São Gotardo,MG,866.087,10,out,119.38206165679038,OK,1991,2020,30,CHIRPS_v2,UCSB-CHG/CHIRPS/DAILY,1991-2020,IBGE_2024
3128600,Guarda-Mor,MG,2068.808,10,out,91.06125782612779,OK,1991,2020,30,CHIRPS_v2,UCSB-CHG/CHIRPS/DAILY,1991-2020,IBGE_2024
3153400,Presidente Olegário,MG,3503.848,10,out,97.48877382281445,OK,1991,2020,30,CHIRPS_v2,UCSB-CHG/CHIRPS/DAILY,1991-2020,IBGE_2024
3136306,João Pinheiro,MG,10727.097,10,out,95.36556092608127,OK,1991,2020,30,CHIRPS_v2,UCSB-CHG/CHIRPS/DAILY,1991-2020,IBGE_2024
3168903,Tiros,MG,2091.774,10,out,103.06269049163171,OK,1991,2020,30,CHIRPS_v2,UCSB-CHG/CHIRPS/DAILY,1991-2020,IBGE_2024
3103801,Arapuá,MG,173.894,10,out,110.13719387932139,OK,1991,2020,30,CHIRPS_v2,UCSB-CHG/CHIRPS/DAILY,1991-2020,IBGE_2024
3141207,Matutina,MG,260.957,10,out,113.87098846641639,OK,1991,2020,30,CHIRPS_v2,UCSB-CHG/CHIRPS/DAILY,1991-2020,IBGE_2024
3114303,Carmo do Paranaíba,MG,1307.862,10,out,107.1254558404775,OK,1991,2020,30,CHIRPS_v2,UCSB-CHG/CHIRPS/DAILY,1991-2020,IBGE_2024
3155504,Rio Paranaíba,MG,1352.353,10,out,113.0271861259382,OK,1991,2020,30,CHIRPS_v2,UCSB-CHG/CHIRPS/DAILY,1991-2020,IBGE_2024
3171006,Vazante,MG,1913.396,10,out,87.79012246486441,OK,1991,2020,30,CHIRPS_v2,UCSB-CHG/CHIRPS/DAILY,1991-2020,IBGE_2024
3128907,Guimarânia,MG,366.833,10,out,110.29629251672887,OK,1991,2020,30,CHIRPS_v2,UCSB-CHG/CHIRPS/DAILY,1991-2020,IBGE_2024
3120706,Cruzeiro da Fortaleza,MG,187.446,10,out,112.96255552575062,OK,1991,2020,30,CHIRPS_v2,UCSB-CHG/CHIRPS/DAILY,1991-2020,IBGE_2024
3119302,Coromandel,MG,3313.313,10,out,102.18763282217003,OK,1991,2020,30,CHIRPS_v2,UCSB-CHG/CHIRPS/DAILY,1991-2020,IBGE_2024
3166808,Serra do Salitre,MG,1295.272,10,out,113.31341914251942,OK,1991,2020,30,CHIRPS_v2,UCSB-CHG/CHIRPS/DAILY,1991-2020,IBGE_2024
3148103,Patrocínio,MG,2874.344,10,out,109.81473902130152,OK,1991,2020,30,CHIRPS_v2,UCSB-CHG/CHIRPS/DAILY,1991-2020,IBGE_2024
3122306,Divinópolis,MG,708.115,10,out,105.69214816040761,OK,1991,2020,30,CHIRPS_v2,UCSB-CHG/CHIRPS/DAILY,1991-2020,IBGE_2024
3114006,Carmo da Mata,MG,357.178,10,out,111.0966046684788,OK,1991,2020,30,CHIRPS_v2,UCSB-CHG/CHIRPS/DAILY,1991-2020,IBGE_2024
3137205,Lagoa da Prata,MG,439.984,10,out,116.2398445446533,OK,1991,2020,30,CHIRPS_v2,UCSB-CHG/CHIRPS/DAILY,1991-2020,IBGE_2024
3145208,Nova Serrana,MG,282.472,10,out,97.49685723642946,OK,1991,2020,30,CHIRPS_v2,UCSB-CHG/CHIRPS/DAILY,1991-2020,IBGE_2024
3103900,Araújos,MG,245.522,10,out,110.60968221178555,OK,1991,2020,30,CHIRPS_v2,UCSB-CHG/CHIRPS/DAILY,1991-2020,IBGE_2024
3160405,Santo Antônio do Monte,MG,1125.78,10,out,116.4205227252799,OK,1991,2020,30,CHIRPS_v2,UCSB-CHG/CHIRPS/DAILY,1991-2020,IBGE_2024
3135308,Japaraíba,MG,172.141,10,out,118.45526683799775,OK,1991,2020,30,CHIRPS_v2,UCSB-CHG/CHIRPS/DAILY,1991-2020,IBGE_2024
3151404,Pitangui,MG,569.636,10,out,84.29709590229866,OK,1991,2020,30,CHIRPS_v2,UCSB-CHG/CHIRPS/DAILY,1991-2020,IBGE_2024
3110400,Camacho,MG,223.001,10,out,117.07713582272234,OK,1991,2020,30,CHIRPS_v2,UCSB-CHG/CHIRPS/DAILY,1991-2020,IBGE_2024
3133501,Itapecerica,MG,1040.519,10,out,112.56712851274273,OK,1991,2020,30,CHIRPS_v2,UCSB-CHG/CHIRPS/DAILY,1991-2020,IBGE_2024
3149705,Perdigão,MG,249.322,10,out,105.9368312672597,OK,1991,2020,30,CHIRPS_v2,UCSB-CHG/CHIRPS/DAILY,1991-2020,IBGE_2024
3148905,Pedra do Indaiá,MG,347.92,10,out,116.102821647101,OK,1991,2020,30,CHIRPS_v2,UCSB-CHG/CHIRPS/DAILY,1991-2020,IBGE_2024
3164605,São Sebastião do Oeste,MG,408.09,10,out,111.93819256148451,OK,1991,2020,30,CHIRPS_v2,UCSB-CHG/CHIRPS/DAILY,1991-2020,IBGE_2024
3138302,Leandro Ferreira,MG,352.005,10,out,96.73943577584683,OK,1991,2020,30,CHIRPS_v2,UCSB-CHG/CHIRPS/DAILY,1991-2020,IBGE_2024
3105103,Bambuí,MG,1455.819,10,out,120.50001352161338,OK,1991,2020,30,CHIRPS_v2,UCSB-CHG/CHIRPS/DAILY,1991-2020,IBGE_2024
3104205,Arcos,MG,509.873,10,out,118.80455345936308,OK,1991,2020,30,CHIRPS_v2,UCSB-CHG/CHIRPS/DAILY,1991-2020,IBGE_2024
3119807,Córrego Danta,MG,657.425,10,out,119.96221786642732,OK,1991,2020,30,CHIRPS_v2,UCSB-CHG/CHIRPS/DAILY,1991-2020,IBGE_2024
3119955,Córrego Fundo,MG,101.112,10,out,115.67300341920034,OK,1991,2020,30,CHIRPS_v2,UCSB-CHG/CHIRPS/DAILY,1991-2020,IBGE_2024
3168200,Tapiraí,MG,407.92,10,out,125.06201578858835,OK,1991,2020,30,CHIRPS_v2,UCSB-CHG/CHIRPS/DAILY,1991-2020,IBGE_2024
3150505,Pimenta,MG,414.969,10,out,118.21963534691298,OK,1991,2020,30,CHIRPS_v2,UCSB-CHG/CHIRPS/DAILY,1991-2020,IBGE_2024
3126109,Formiga,MG,1501.915,10,out,113.36721973045724,OK,1991,2020,30,CHIRPS_v2,UCSB-CHG/CHIRPS/DAILY,1991-2020,IBGE_2024
3141306,Medeiros,MG,946.437,10,out,133.26927748912274,OK,1991,2020,30,CHIRPS_v2,UCSB-CHG/CHIRPS/DAILY,1991-2020,IBGE_2024
3146503,Pains,MG,421.862,10,out,115.82443684020518,OK,1991,2020,30,CHIRPS_v2,UCSB-CHG/CHIRPS/DAILY,1991-2020,IBGE_2024
3130309,Iguatama,MG,628.2,10,out,119.34632448419788,OK,1991,2020,30,CHIRPS_v2,UCSB-CHG/CHIRPS/DAILY,1991-2020,IBGE_2024
3153707,Quartel Geral,MG,556.436,10,out,109.57232083903935,OK,1991,2020,30,CHIRPS_v2,UCSB-CHG/CHIRPS/DAILY,1991-2020,IBGE_2024
3152006,Pompéu,MG,2551.074,10,out,80.36468171214327,OK,1991,2020,30,CHIRPS_v2,UCSB-CHG/CHIRPS/DAILY,1991-2020,IBGE_2024
3142403,Moema,MG,202.705,10,out,111.93396248668891,OK,1991,2020,30,CHIRPS_v2,UCSB-CHG/CHIRPS/DAILY,1991-2020,IBGE_2024
3166600,Serra da Saudade,MG,335.659,10,out,116.94157292550551,OK,1991,2020,30,CHIRPS_v2,UCSB-CHG/CHIRPS/DAILY,1991-2020,IBGE_2024
3124708,Estrela do Indaiá,MG,635.981,10,out,119.77404580686131,OK,1991,2020,30,CHIRPS_v2,UCSB-CHG/CHIRPS/DAILY,1991-2020,IBGE_2024
3107406,Bom Despacho,MG,1213.546,10,out,107.5012772472301,OK,1991,2020,30,CHIRPS_v2,UCSB-CHG/CHIRPS/DAILY,1991-2020,IBGE_2024
3140506,Martinho Campos,MG,1058.418,10,out,98.01992830216703,OK,1991,2020,30,CHIRPS_v2,UCSB-CHG/CHIRPS/DAILY,1991-2020,IBGE_2024
3123205,Dores do Indaiá,MG,1111.202,10,out,113.04422036169146,OK,1991,2020,30,CHIRPS_v2,UCSB-CHG/CHIRPS/DAILY,1991-2020,IBGE_2024
3138807,Luz,MG,1171.659,10,out,116.76825075184468,OK,1991,2020,30,CHIRPS_v2,UCSB-CHG/CHIRPS/DAILY,1991-2020,IBGE_2024
3161205,São Francisco de Paula,MG,316.822,10,out,115.78465463935798,OK,1991,2020,30,CHIRPS_v2,UCSB-CHG/CHIRPS/DAILY,1991-2020,IBGE_2024
3143500,Morada Nova de Minas,MG,2084.275,10,out,88.70179601106439,OK,1991,2020,30,CHIRPS_v2,UCSB-CHG/CHIRPS/DAILY,1991-2020,IBGE_2024
3100203,Abaeté,MG,1817.067,10,out,96.501494324516,OK,1991,2020,30,CHIRPS_v2,UCSB-CHG/CHIRPS/DAILY,1991-2020,IBGE_2024
3115607,Cedro do Abaeté,MG,283.211,10,out,107.95947294794225,OK,1991,2020,30,CHIRPS_v2,UCSB-CHG/CHIRPS/DAILY,1991-2020,IBGE_2024
3107000,Biquinhas,MG,458.948,10,out,94.29739473172452,OK,1991,2020,30,CHIRPS_v2,UCSB-CHG/CHIRPS/DAILY,1991-2020,IBGE_2024
3146404,Paineiras,MG,637.309,10,out,97.0007683352847,OK,1991,2020,30,CHIRPS_v2,UCSB-CHG/CHIRPS/DAILY,1991-2020,IBGE_2024
3518305,Guararema,SP,270.816,10,out,126.20483639408674,OK,1991,2020,30,CHIRPS_v2,UCSB-CHG/CHIRPS/DAILY,1991-2020,IBGE_2024
3526209,Juquitiba,SP,523.074,10,out,139.87783338244327,OK,1991,2020,30,CHIRPS_v2,UCSB-CHG/CHIRPS/DAILY,1991-2020,IBGE_2024
3513801,Diadema,SP,30.806,10,out,139.26235910086405,OK,1991,2020,30,CHIRPS_v2,UCSB-CHG/CHIRPS/DAILY,1991-2020,IBGE_2024
3505708,Barueri,SP,66.364,10,out,132.38256543934418,OK,1991,2020,30,CHIRPS_v2,UCSB-CHG/CHIRPS/DAILY,1991-2020,IBGE_2024
3529401,Mauá,SP,62.034,10,out,131.2631960087995,OK,1991,2020,30,CHIRPS_v2,UCSB-CHG/CHIRPS/DAILY,1991-2020,IBGE_2024
3513009,Cotia,SP,324.0,10,out,139.95269370723813,OK,1991,2020,30,CHIRPS_v2,UCSB-CHG/CHIRPS/DAILY,1991-2020,IBGE_2024
3528502,Mairiporã,SP,320.492,10,out,123.37254403386666,OK,1991,2020,30,CHIRPS_v2,UCSB-CHG/CHIRPS/DAILY,1991-2020,IBGE_2024
3503901,Arujá,SP,96.369,10,out,125.36316725495138,OK,1991,2020,30,CHIRPS_v2,UCSB-CHG/CHIRPS/DAILY,1991-2020,IBGE_2024
3545001,Salesópolis,SP,424.997,10,out,146.9778405664554,OK,1991,2020,30,CHIRPS_v2,UCSB-CHG/CHIRPS/DAILY,1991-2020,IBGE_2024
3552502,Suzano,SP,206.236,10,out,154.98225269829987,OK,1991,2020,30,CHIRPS_v2,UCSB-CHG/CHIRPS/DAILY,1991-2020,IBGE_2024
3552809,Taboão da Serra,SP,20.371,10,out,129.6899110175765,OK,1991,2020,30,CHIRPS_v2,UCSB-CHG/CHIRPS/DAILY,1991-2020,IBGE_2024
3544103,Rio Grande da Serra,SP,36.341,10,out,192.6908606774681,OK,1991,2020,30,CHIRPS_v2,UCSB-CHG/CHIRPS/DAILY,1991-2020,IBGE_2024
3543303,Ribeirão Pires,SP,98.972,10,out,163.4695069932247,OK,1991,2020,30,CHIRPS_v2,UCSB-CHG/CHIRPS/DAILY,1991-2020,IBGE_2024
3518800,Guarulhos,SP,318.838,10,out,127.594014369265,OK,1991,2020,30,CHIRPS_v2,UCSB-CHG/CHIRPS/DAILY,1991-2020,IBGE_2024
3510609,Carapicuíba,SP,34.234,10,out,129.02711479778463,OK,1991,2020,30,CHIRPS_v2,UCSB-CHG/CHIRPS/DAILY,1991-2020,IBGE_2024
3550308,São Paulo,SP,1522.683,10,out,140.97863379292602,OK,1991,2020,30,CHIRPS_v2,UCSB-CHG/CHIRPS/DAILY,1991-2020,IBGE_2024
3534401,Osasco,SP,64.999,10,out,133.78255820015363,OK,1991,2020,30,CHIRPS_v2,UCSB-CHG/CHIRPS/DAILY,1991-2020,IBGE_2024
3549953,São Lourenço da Serra,SP,186.353,10,out,180.0155641735576,OK,1991,2020,30,CHIRPS_v2,UCSB-CHG/CHIRPS/DAILY,1991-2020,IBGE_2024
3509007,Caieiras,SP,97.745,10,out,129.7202194274528,OK,1991,2020,30,CHIRPS_v2,UCSB-CHG/CHIRPS/DAILY,1991-2020,IBGE_2024
3509205,Cajamar,SP,131.521,10,out,127.63215832671231,OK,1991,2020,30,CHIRPS_v2,UCSB-CHG/CHIRPS/DAILY,1991-2020,IBGE_2024
3525003,Jandira,SP,17.122,10,out,126.46525391497852,OK,1991,2020,30,CHIRPS_v2,UCSB-CHG/CHIRPS/DAILY,1991-2020,IBGE_2024
3516408,Franco da Rocha,SP,132.775,10,out,124.42864905190505,OK,1991,2020,30,CHIRPS_v2,UCSB-CHG/CHIRPS/DAILY,1991-2020,IBGE_2024
3548807,São Caetano do Sul,SP,15.421,10,out,117.10503870049669,OK,1991,2020,30,CHIRPS_v2,UCSB-CHG/CHIRPS/DAILY,1991-2020,IBGE_2024
3516309,Francisco Morato,SP,49.001,10,out,125.8904889473518,OK,1991,2020,30,CHIRPS_v2,UCSB-CHG/CHIRPS/DAILY,1991-2020,IBGE_2024
3515707,Ferraz de Vasconcelos,SP,29.58,10,out,138.96052516793353,OK,1991,2020,30,CHIRPS_v2,UCSB-CHG/CHIRPS/DAILY,1991-2020,IBGE_2024
3556453,Vargem Grande Paulista,SP,42.489,10,out,131.0767098087962,OK,1991,2020,30,CHIRPS_v2,UCSB-CHG/CHIRPS/DAILY,1991-2020,IBGE_2024
3548708,São Bernardo do Campo,SP,408.234,10,out,186.65154634855605,OK,1991,2020,30,CHIRPS_v2,UCSB-CHG/CHIRPS/DAILY,1991-2020,IBGE_2024
3515103,Embu-Guaçu,SP,155.285,10,out,144.44909212777796,OK,1991,2020,30,CHIRPS_v2,UCSB-CHG/CHIRPS/DAILY,1991-2020,IBGE_2024
3515004,Embu das Artes,SP,70.264,10,out,122.19726716285015,OK,1991,2020,30,CHIRPS_v2,UCSB-CHG/CHIRPS/DAILY,1991-2020,IBGE_2024
3547809,Santo André,SP,175.801,10,out,170.43581162688255,OK,1991,2020,30,CHIRPS_v2,UCSB-CHG/CHIRPS/DAILY,1991-2020,IBGE_2024
3539806,Poá,SP,17.264,10,out,137.5431693991837,OK,1991,2020,30,CHIRPS_v2,UCSB-CHG/CHIRPS/DAILY,1991-2020,IBGE_2024
3539103,Pirapora do Bom Jesus,SP,108.304,10,out,128.92582568345478,OK,1991,2020,30,CHIRPS_v2,UCSB-CHG/CHIRPS/DAILY,1991-2020,IBGE_2024
3547304,Santana de Parnaíba,SP,179.89,10,out,132.38428565400048,OK,1991,2020,30,CHIRPS_v2,UCSB-CHG/CHIRPS/DAILY,1991-2020,IBGE_2024
3523107,Itaquaquecetuba,SP,82.575,10,out,128.98027716301058,OK,1991,2020,30,CHIRPS_v2,UCSB-CHG/CHIRPS/DAILY,1991-2020,IBGE_2024
3506607,Biritiba Mirim,SP,317.406,10,out,162.38317683837064,OK,1991,2020,30,CHIRPS_v2,UCSB-CHG/CHIRPS/DAILY,1991-2020,IBGE_2024
3522208,Itapecerica da Serra,SP,151.012,10,out,136.89081785846864,OK,1991,2020,30,CHIRPS_v2,UCSB-CHG/CHIRPS/DAILY,1991-2020,IBGE_2024
3546801,Santa Isabel,SP,362.875,10,out,125.46565578354772,OK,1991,2020,30,CHIRPS_v2,UCSB-CHG/CHIRPS/DAILY,1991-2020,IBGE_2024
3522505,Itapevi,SP,82.583,10,out,128.35254904074182,OK,1991,2020,30,CHIRPS_v2,UCSB-CHG/CHIRPS/DAILY,1991-2020,IBGE_2024
3530607,Mogi das Cruzes,SP,712.532,10,out,152.82309713860474,OK,1991,2020,30,CHIRPS_v2,UCSB-CHG/CHIRPS/DAILY,1991-2020,IBGE_2024
3522109,Itanhaém,SP,601.018,10,out,162.66434960434967,OK,1991,2020,30,CHIRPS_v2,UCSB-CHG/CHIRPS/DAILY,1991-2020,IBGE_2024
3518701,Guarujá,SP,144.794,10,out,226.72568043782812,OK,1991,2020,30,CHIRPS_v2,UCSB-CHG/CHIRPS/DAILY,1991-2020,IBGE_2024
3551009,São Vicente,SP,147.774,10,out,237.20051906522968,OK,1991,2020,30,CHIRPS_v2,UCSB-CHG/CHIRPS/DAILY,1991-2020,IBGE_2024
3541000,Praia Grande,SP,149.652,10,out,222.47833486194787,OK,1991,2020,30,CHIRPS_v2,UCSB-CHG/CHIRPS/DAILY,1991-2020,IBGE_2024
3548500,Santos,SP,281.033,10,out,227.19163540193233,OK,1991,2020,30,CHIRPS_v2,UCSB-CHG/CHIRPS/DAILY,1991-2020,IBGE_2024
3531100,Mongaguá,SP,142.521,10,out,193.48933632507496,OK,1991,2020,30,CHIRPS_v2,UCSB-CHG/CHIRPS/DAILY,1991-2020,IBGE_2024
3513504,Cubatão,SP,143.649,10,out,253.98394293871647,OK,1991,2020,30,CHIRPS_v2,UCSB-CHG/CHIRPS/DAILY,1991-2020,IBGE_2024
3537602,Peruíbe,SP,323.331,10,out,160.24680781642354,OK,1991,2020,30,CHIRPS_v2,UCSB-CHG/CHIRPS/DAILY,1991-2020,IBGE_2024
3537206,Pedro de Toledo,SP,672.83,10,out,143.17692092956116,OK,1991,2020,30,CHIRPS_v2,UCSB-CHG/CHIRPS/DAILY,1991-2020,IBGE_2024
3523305,Itariri,SP,273.956,10,out,151.98596372722142,OK,1991,2020,30,CHIRPS_v2,UCSB-CHG/CHIRPS/DAILY,1991-2020,IBGE_2024
3506359,Bertioga,SP,491.546,10,out,219.22128791071472,OK,1991,2020,30,CHIRPS_v2,UCSB-CHG/CHIRPS/DAILY,1991-2020,IBGE_2024
3545308,Salto de Pirapora,SP,280.412,10,out,115.01318647363081,OK,1991,2020,30,CHIRPS_v2,UCSB-CHG/CHIRPS/DAILY,1991-2020,IBGE_2024
3545209,Salto,SP,133.057,10,out,121.4070640519228,OK,1991,2020,30,CHIRPS_v2,UCSB-CHG/CHIRPS/DAILY,1991-2020,IBGE_2024
3528403,Mairinque,SP,210.149,10,out,125.60376094357825,OK,1991,2020,30,CHIRPS_v2,UCSB-CHG/CHIRPS/DAILY,1991-2020,IBGE_2024
3502903,Araçoiaba da Serra,SP,255.305,10,out,116.98447179079787,OK,1991,2020,30,CHIRPS_v2,UCSB-CHG/CHIRPS/DAILY,1991-2020,IBGE_2024
3552205,Sorocaba,SP,449.872,10,out,118.06865261268965,OK,1991,2020,30,CHIRPS_v2,UCSB-CHG/CHIRPS/DAILY,1991-2020,IBGE_2024
3501152,Alumínio,SP,83.619,10,out,123.82216119259643,OK,1991,2020,30,CHIRPS_v2,UCSB-CHG/CHIRPS/DAILY,1991-2020,IBGE_2024
3550605,São Roque,SP,306.899,10,out,122.7393489709056,OK,1991,2020,30,CHIRPS_v2,UCSB-CHG/CHIRPS/DAILY,1991-2020,IBGE_2024
3557006,Votorantim,SP,184.186,10,out,112.71266012775416,OK,1991,2020,30,CHIRPS_v2,UCSB-CHG/CHIRPS/DAILY,1991-2020,IBGE_2024
3523909,Itu,SP,640.719,10,out,123.9471451941635,OK,1991,2020,30,CHIRPS_v2,UCSB-CHG/CHIRPS/DAILY,1991-2020,IBGE_2024
3537909,Pilar do Sul,SP,681.248,10,out,135.39134957056672,OK,1991,2020,30,CHIRPS_v2,UCSB-CHG/CHIRPS/DAILY,1991-2020,IBGE_2024
3537800,Piedade,SP,746.903,10,out,129.39428354997065,OK,1991,2020,30,CHIRPS_v2,UCSB-CHG/CHIRPS/DAILY,1991-2020,IBGE_2024
3553500,Tapiraí,SP,754.421,10,out,157.06217147891692,OK,1991,2020,30,CHIRPS_v2,UCSB-CHG/CHIRPS/DAILY,1991-2020,IBGE_2024
3521002,Iperó,SP,170.289,10,out,116.70809654584443,OK,1991,2020,30,CHIRPS_v2,UCSB-CHG/CHIRPS/DAILY,1991-2020,IBGE_2024
3519709,Ibiúna,SP,1058.01,10,out,137.2186393801188,OK,1991,2020,30,CHIRPS_v2,UCSB-CHG/CHIRPS/DAILY,1991-2020,IBGE_2024
3511508,Cerquilho,SP,127.803,10,out,118.72965824983079,OK,1991,2020,30,CHIRPS_v2,UCSB-CHG/CHIRPS/DAILY,1991-2020,IBGE_2024
3502754,Araçariguama,SP,145.247,10,out,126.35579291006549,OK,1991,2020,30,CHIRPS_v2,UCSB-CHG/CHIRPS/DAILY,1991-2020,IBGE_2024
3510302,Capela do Alto,SP,169.89,10,out,114.28690403438718,OK,1991,2020,30,CHIRPS_v2,UCSB-CHG/CHIRPS/DAILY,1991-2020,IBGE_2024
3551108,Sarapuí,SP,352.592,10,out,123.89860824077498,OK,1991,2020,30,CHIRPS_v2,UCSB-CHG/CHIRPS/DAILY,1991-2020,IBGE_2024
3525854,Jumirim,SP,56.685,10,out,116.51407332760967,OK,1991,2020,30,CHIRPS_v2,UCSB-CHG/CHIRPS/DAILY,1991-2020,IBGE_2024
3540606,Porto Feliz,SP,556.706,10,out,117.5492365676677,OK,1991,2020,30,CHIRPS_v2,UCSB-CHG/CHIRPS/DAILY,1991-2020,IBGE_2024
3507001,Boituva,SP,248.954,10,out,114.31799804935237,OK,1991,2020,30,CHIRPS_v2,UCSB-CHG/CHIRPS/DAILY,1991-2020,IBGE_2024
3554508,Tietê,SP,405.034,10,out,112.85739899991403,OK,1991,2020,30,CHIRPS_v2,UCSB-CHG/CHIRPS/DAILY,1991-2020,IBGE_2024
3505005,Barão de Antonina,SP,153.142,10,out,143.4240042120475,OK,1991,2020,30,CHIRPS_v2,UCSB-CHG/CHIRPS/DAILY,1991-2020,IBGE_2024
3553856,Taquarivaí,SP,231.792,10,out,136.5833937023959,OK,1991,2020,30,CHIRPS_v2,UCSB-CHG/CHIRPS/DAILY,1991-2020,IBGE_2024
3502705,Apiaí,SP,974.322,10,out,140.9190099510007,OK,1991,2020,30,CHIRPS_v2,UCSB-CHG/CHIRPS/DAILY,1991-2020,IBGE_2024
3543253,Ribeirão Grande,SP,333.363,10,out,141.48834553112908,OK,1991,2020,30,CHIRPS_v2,UCSB-CHG/CHIRPS/DAILY,1991-2020,IBGE_2024
3543501,Riversul,SP,385.878,10,out,138.98112150936151,OK,1991,2020,30,CHIRPS_v2,UCSB-CHG/CHIRPS/DAILY,1991-2020,IBGE_2024
3542800,Ribeira,SP,335.759,10,out,147.11674954694251,OK,1991,2020,30,CHIRPS_v2,UCSB-CHG/CHIRPS/DAILY,1991-2020,IBGE_2024
3543006,Ribeirão Branco,SP,697.5,10,out,134.5247464034078,OK,1991,2020,30,CHIRPS_v2,UCSB-CHG/CHIRPS/DAILY,1991-2020,IBGE_2024
3510203,Capão Bonito,SP,1640.229,10,out,139.15628617799274,OK,1991,2020,30,CHIRPS_v2,UCSB-CHG/CHIRPS/DAILY,1991-2020,IBGE_2024
3517604,Guapiara,SP,408.292,10,out,137.53725696598292,OK,1991,2020,30,CHIRPS_v2,UCSB-CHG/CHIRPS/DAILY,1991-2020,IBGE_2024
3508009,Buri,SP,1196.463,10,out,134.39606691139318,OK,1991,2020,30,CHIRPS_v2,UCSB-CHG/CHIRPS/DAILY,1991-2020,IBGE_2024
3532827,Nova Campina,SP,385.375,10,out,140.27426605523658,OK,1991,2020,30,CHIRPS_v2,UCSB-CHG/CHIRPS/DAILY,1991-2020,IBGE_2024
3523206,Itararé,SP,1003.86,10,out,139.48503190135023,OK,1991,2020,30,CHIRPS_v2,UCSB-CHG/CHIRPS/DAILY,1991-2020,IBGE_2024
3507159,Bom Sucesso de Itararé,SP,133.578,10,out,142.91489904974148,OK,1991,2020,30,CHIRPS_v2,UCSB-CHG/CHIRPS/DAILY,1991-2020,IBGE_2024
3522802,Itaporanga,SP,507.997,10,out,139.12486408884448,OK,1991,2020,30,CHIRPS_v2,UCSB-CHG/CHIRPS/DAILY,1991-2020,IBGE_2024
3522653,Itapirapuã Paulista,SP,406.478,10,out,147.5635918201503,OK,1991,2020,30,CHIRPS_v2,UCSB-CHG/CHIRPS/DAILY,1991-2020,IBGE_2024
3522158,Itaoca,SP,183.015,10,out,143.657702363075,OK,1991,2020,30,CHIRPS_v2,UCSB-CHG/CHIRPS/DAILY,1991-2020,IBGE_2024
3522406,Itapeva,SP,1826.258,10,out,138.159557601829,OK,1991,2020,30,CHIRPS_v2,UCSB-CHG/CHIRPS/DAILY,1991-2020,IBGE_2024
3521705,Itaberá,SP,1100.247,10,out,138.95655158317493,OK,1991,2020,30,CHIRPS_v2,UCSB-CHG/CHIRPS/DAILY,1991-2020,IBGE_2024
3505351,Barra do Chapéu,SP,405.681,10,out,143.3419976346002,OK,1991,2020,30,CHIRPS_v2,UCSB-CHG/CHIRPS/DAILY,1991-2020,IBGE_2024
3521200,Iporanga,SP,1152.059,10,out,146.05168833514597,OK,1991,2020,30,CHIRPS_v2,UCSB-CHG/CHIRPS/DAILY,1991-2020,IBGE_2024
3520301,Iguape,SP,1978.329,10,out,163.22197275299408,OK,1991,2020,30,CHIRPS_v2,UCSB-CHG/CHIRPS/DAILY,1991-2020,IBGE_2024
3520426,Ilha Comprida,SP,196.567,10,out,183.09259901379187,OK,1991,2020,30,CHIRPS_v2,UCSB-CHG/CHIRPS/DAILY,1991-2020,IBGE_2024
3536208,Pariquera-Açu,SP,359.414,10,out,139.77863258482222,OK,1991,2020,30,CHIRPS_v2,UCSB-CHG/CHIRPS/DAILY,1991-2020,IBGE_2024
3551801,Sete Barras,SP,1062.699,10,out,167.88008600144107,OK,1991,2020,30,CHIRPS_v2,UCSB-CHG/CHIRPS/DAILY,1991-2020,IBGE_2024
3509908,Cananéia,SP,1237.354,10,out,176.20212458603206,OK,1991,2020,30,CHIRPS_v2,UCSB-CHG/CHIRPS/DAILY,1991-2020,IBGE_2024
3542602,Registro,SP,722.201,10,out,143.71065658327544,OK,1991,2020,30,CHIRPS_v2,UCSB-CHG/CHIRPS/DAILY,1991-2020,IBGE_2024
3526100,Juquiá,SP,812.799,10,out,152.61057154683553,OK,1991,2020,30,CHIRPS_v2,UCSB-CHG/CHIRPS/DAILY,1991-2020,IBGE_2024
3509254,Cajati,SP,454.489,10,out,143.055206779881,OK,1991,2020,30,CHIRPS_v2,UCSB-CHG/CHIRPS/DAILY,1991-2020,IBGE_2024
3524600,Jacupiranga,SP,704.136,10,out,144.26164125736526,OK,1991,2020,30,CHIRPS_v2,UCSB-CHG/CHIRPS/DAILY,1991-2020,IBGE_2024
3514809,Eldorado,SP,1654.256,10,out,149.33117537493789,OK,1991,2020,30,CHIRPS_v2,UCSB-CHG/CHIRPS/DAILY,1991-2020,IBGE_2024
3505401,Barra do Turvo,SP,1007.684,10,out,144.01878433387083,OK,1991,2020,30,CHIRPS_v2,UCSB-CHG/CHIRPS/DAILY,1991-2020,IBGE_2024
3529906,Miracatu,SP,1002.2,10,out,145.7717702899615,OK,1991,2020,30,CHIRPS_v2,UCSB-CHG/CHIRPS/DAILY,1991-2020,IBGE_2024
3500758,Alambari,SP,159.6,10,out,118.20023902594578,OK,1991,2020,30,CHIRPS_v2,UCSB-CHG/CHIRPS/DAILY,1991-2020,IBGE_2024
3522307,Itapetininga,SP,1789.35,10,out,130.70797507739604,OK,1991,2020,30,CHIRPS_v2,UCSB-CHG/CHIRPS/DAILY,1991-2020,IBGE_2024
3502200,Angatuba,SP,1028.104,10,out,131.96615897708307,OK,1991,2020,30,CHIRPS_v2,UCSB-CHG/CHIRPS/DAILY,1991-2020,IBGE_2024
3518503,Guareí,SP,567.719,10,out,130.3604978859562,OK,1991,2020,30,CHIRPS_v2,UCSB-CHG/CHIRPS/DAILY,1991-2020,IBGE_2024
3509452,Campina do Monte Alegre,SP,184.479,10,out,133.85196367169144,OK,1991,2020,30,CHIRPS_v2,UCSB-CHG/CHIRPS/DAILY,1991-2020,IBGE_2024
3550209,São Miguel Arcanjo,SP,930.339,10,out,139.74086268816924,OK,1991,2020,30,CHIRPS_v2,UCSB-CHG/CHIRPS/DAILY,1991-2020,IBGE_2024
3512605,Coronel Macedo,SP,303.83,10,out,141.37795539135485,OK,1991,2020,30,CHIRPS_v2,UCSB-CHG/CHIRPS/DAILY,1991-2020,IBGE_2024
3553807,Taquarituba,SP,448.515,10,out,148.50557269766756,OK,1991,2020,30,CHIRPS_v2,UCSB-CHG/CHIRPS/DAILY,1991-2020,IBGE_2024
3504503,Avaré,SP,1213.055,10,out,142.38059947055643,OK,1991,2020,30,CHIRPS_v2,UCSB-CHG/CHIRPS/DAILY,1991-2020,IBGE_2024
3553005,Taguaí,SP,145.332,10,out,152.01252504897352,OK,1991,2020,30,CHIRPS_v2,UCSB-CHG/CHIRPS/DAILY,1991-2020,IBGE_2024
3528601,Manduri,SP,229.046,10,out,146.96456423911644,OK,1991,2020,30,CHIRPS_v2,UCSB-CHG/CHIRPS/DAILY,1991-2020,IBGE_2024
3511409,Cerqueira César,SP,511.621,10,out,146.91304650978552,OK,1991,2020,30,CHIRPS_v2,UCSB-CHG/CHIRPS/DAILY,1991-2020,IBGE_2024
3519253,Iaras,SP,401.381,10,out,138.75647054616456,OK,1991,2020,30,CHIRPS_v2,UCSB-CHG/CHIRPS/DAILY,1991-2020,IBGE_2024
3535804,Paranapanema,SP,1018.724,10,out,141.31594709813032,OK,1991,2020,30,CHIRPS_v2,UCSB-CHG/CHIRPS/DAILY,1991-2020,IBGE_2024
3503109,Arandu,SP,285.908,10,out,148.32410305026104,OK,1991,2020,30,CHIRPS_v2,UCSB-CHG/CHIRPS/DAILY,1991-2020,IBGE_2024
3533809,Óleo,SP,198.938,10,out,146.92308291679328,OK,1991,2020,30,CHIRPS_v2,UCSB-CHG/CHIRPS/DAILY,1991-2020,IBGE_2024
3500550,Águas de Santa Bárbara,SP,404.463,10,out,143.38300601434076,OK,1991,2020,30,CHIRPS_v2,UCSB-CHG/CHIRPS/DAILY,1991-2020,IBGE_2024
3521804,Itaí,SP,1092.884,10,out,147.21150977134442,OK,1991,2020,30,CHIRPS_v2,UCSB-CHG/CHIRPS/DAILY,1991-2020,IBGE_2024
3554003,Tatuí,SP,523.749,10,out,120.08989375743423,OK,1991,2020,30,CHIRPS_v2,UCSB-CHG/CHIRPS/DAILY,1991-2020,IBGE_2024
3554656,Torre de Pedra,SP,71.506,10,out,128.09284937195397,OK,1991,2020,30,CHIRPS_v2,UCSB-CHG/CHIRPS/DAILY,1991-2020,IBGE_2024
3537503,Pereiras,SP,223.136,10,out,122.93585053858776,OK,1991,2020,30,CHIRPS_v2,UCSB-CHG/CHIRPS/DAILY,1991-2020,IBGE_2024
3511607,Cesário Lange,SP,190.392,10,out,123.3761646700313,OK,1991,2020,30,CHIRPS_v2,UCSB-CHG/CHIRPS/DAILY,1991-2020,IBGE_2024
3541653,Quadra,SP,205.672,10,out,126.60807562968996,OK,1991,2020,30,CHIRPS_v2,UCSB-CHG/CHIRPS/DAILY,1991-2020,IBGE_2024
3540507,Porangaba,SP,265.968,10,out,124.4972101327889,OK,1991,2020,30,CHIRPS_v2,UCSB-CHG/CHIRPS/DAILY,1991-2020,IBGE_2024
3539400,Piratininga,SP,402.409,10,out,122.26639797546555,OK,1991,2020,30,CHIRPS_v2,UCSB-CHG/CHIRPS/DAILY,1991-2020,IBGE_2024
3506003,Bauru,SP,667.684,10,out,119.17804041774967,OK,1991,2020,30,CHIRPS_v2,UCSB-CHG/CHIRPS/DAILY,1991-2020,IBGE_2024
3504305,Avaí,SP,540.689,10,out,120.33964052241079,OK,1991,2020,30,CHIRPS_v2,UCSB-CHG/CHIRPS/DAILY,1991-2020,IBGE_2024
3504701,Balbinos,SP,91.635,10,out,113.87735066147849,OK,1991,2020,30,CHIRPS_v2,UCSB-CHG/CHIRPS/DAILY,1991-2020,IBGE_2024
3536703,Pederneiras,SP,727.482,10,out,122.4371691527142,OK,1991,2020,30,CHIRPS_v2,UCSB-CHG/CHIRPS/DAILY,1991-2020,IBGE_2024
3536570,Paulistânia,SP,256.178,10,out,127.42367023254212,OK,1991,2020,30,CHIRPS_v2,UCSB-CHG/CHIRPS/DAILY,1991-2020,IBGE_2024
3503406,Arealva,SP,506.226,10,out,120.50783678492151,OK,1991,2020,30,CHIRPS_v2,UCSB-CHG/CHIRPS/DAILY,1991-2020,IBGE_2024
3528007,Macatuba,SP,224.514,10,out,123.6026083709302,OK,1991,2020,30,CHIRPS_v2,UCSB-CHG/CHIRPS/DAILY,1991-2020,IBGE_2024
3519105,Iacanga,SP,547.393,10,out,115.07669296064391,OK,1991,2020,30,CHIRPS_v2,UCSB-CHG/CHIRPS/DAILY,1991-2020,IBGE_2024
3527504,Lucianópolis,SP,189.536,10,out,126.73543889713318,OK,1991,2020,30,CHIRPS_v2,UCSB-CHG/CHIRPS/DAILY,1991-2020,IBGE_2024
3526803,Lençóis Paulista,SP,809.541,10,out,127.4960081044045,OK,1991,2020,30,CHIRPS_v2,UCSB-CHG/CHIRPS/DAILY,1991-2020,IBGE_2024
3542503,Reginópolis,SP,410.406,10,out,110.1876107022794,OK,1991,2020,30,CHIRPS_v2,UCSB-CHG/CHIRPS/DAILY,1991-2020,IBGE_2024
3500709,Agudos,SP,966.708,10,out,128.12488118594814,OK,1991,2020,30,CHIRPS_v2,UCSB-CHG/CHIRPS/DAILY,1991-2020,IBGE_2024
3508306,Cabrália Paulista,SP,239.974,10,out,122.79340576904391,OK,1991,2020,30,CHIRPS_v2,UCSB-CHG/CHIRPS/DAILY,1991-2020,IBGE_2024
3541109,Presidente Alves,SP,286.642,10,out,120.47912696196671,OK,1991,2020,30,CHIRPS_v2,UCSB-CHG/CHIRPS/DAILY,1991-2020,IBGE_2024
3507456,Borebi,SP,347.989,10,out,130.358732446683,OK,1991,2020,30,CHIRPS_v2,UCSB-CHG/CHIRPS/DAILY,1991-2020,IBGE_2024
3514502,Duartina,SP,264.557,10,out,121.03320495465515,OK,1991,2020,30,CHIRPS_v2,UCSB-CHG/CHIRPS/DAILY,1991-2020,IBGE_2024
3555505,Ubirajara,SP,282.179,10,out,131.70791343233805,OK,1991,2020,30,CHIRPS_v2,UCSB-CHG/CHIRPS/DAILY,1991-2020,IBGE_2024
3538907,Pirajuí,SP,823.758,10,out,114.48568598252807,OK,1991,2020,30,CHIRPS_v2,UCSB-CHG/CHIRPS/DAILY,1991-2020,IBGE_2024
3525300,Jaú,SP,687.103,10,out,121.48069570711937,OK,1991,2020,30,CHIRPS_v2,UCSB-CHG/CHIRPS/DAILY,1991-2020,IBGE_2024
3505302,Barra Bonita,SP,150.121,10,out,128.56901538326787,OK,1991,2020,30,CHIRPS_v2,UCSB-CHG/CHIRPS/DAILY,1991-2020,IBGE_2024
3554706,Torrinha,SP,315.267,10,out,125.3316081675234,OK,1991,2020,30,CHIRPS_v2,UCSB-CHG/CHIRPS/DAILY,1991-2020,IBGE_2024
3505203,Bariri,SP,444.405,10,out,118.26189453644818,OK,1991,2020,30,CHIRPS_v2,UCSB-CHG/CHIRPS/DAILY,1991-2020,IBGE_2024
3520004,Igaraçu do Tietê,SP,97.747,10,out,127.59153919666475,OK,1991,2020,30,CHIRPS_v2,UCSB-CHG/CHIRPS/DAILY,1991-2020,IBGE_2024
3507902,Brotas,SP,1101.373,10,out,126.0340542764545,OK,1991,2020,30,CHIRPS_v2,UCSB-CHG/CHIRPS/DAILY,1991-2020,IBGE_2024
3507308,Boracéia,SP,122.11,10,out,120.27209315615123,OK,1991,2020,30,CHIRPS_v2,UCSB-CHG/CHIRPS/DAILY,1991-2020,IBGE_2024
3506805,Bocaina,SP,363.926,10,out,120.20672973536956,OK,1991,2020,30,CHIRPS_v2,UCSB-CHG/CHIRPS/DAILY,1991-2020,IBGE_2024
3522901,Itapuí,SP,140.023,10,out,119.97024793788701,OK,1991,2020,30,CHIRPS_v2,UCSB-CHG/CHIRPS/DAILY,1991-2020,IBGE_2024
3514106,Dois Córregos,SP,632.972,10,out,125.9025465279639,OK,1991,2020,30,CHIRPS_v2,UCSB-CHG/CHIRPS/DAILY,1991-2020,IBGE_2024
3529807,Mineiros do Tietê,SP,213.242,10,out,127.86993513074941,OK,1991,2020,30,CHIRPS_v2,UCSB-CHG/CHIRPS/DAILY,1991-2020,IBGE_2024
3522000,Itaju,SP,230.355,10,out,118.45511031785298,OK,1991,2020,30,CHIRPS_v2,UCSB-CHG/CHIRPS/DAILY,1991-2020,IBGE_2024
3507506,Botucatu,SP,1481.772,10,out,129.83577550957366,OK,1991,2020,30,CHIRPS_v2,UCSB-CHG/CHIRPS/DAILY,1991-2020,IBGE_2024
3512308,Conchas,SP,467.327,10,out,121.75694477161001,OK,1991,2020,30,CHIRPS_v2,UCSB-CHG/CHIRPS/DAILY,1991-2020,IBGE_2024
3536109,Pardinho,SP,208.223,10,out,127.7671355574751,OK,1991,2020,30,CHIRPS_v2,UCSB-CHG/CHIRPS/DAILY,1991-2020,IBGE_2024
3503604,Areiópolis,SP,85.907,10,out,126.08816019139934,OK,1991,2020,30,CHIRPS_v2,UCSB-CHG/CHIRPS/DAILY,1991-2020,IBGE_2024
3502309,Anhembi,SP,736.09,10,out,120.87845081510271,OK,1991,2020,30,CHIRPS_v2,UCSB-CHG/CHIRPS/DAILY,1991-2020,IBGE_2024
3550100,São Manuel,SP,650.734,10,out,130.70136770609497,OK,1991,2020,30,CHIRPS_v2,UCSB-CHG/CHIRPS/DAILY,1991-2020,IBGE_2024
3541059,Pratânia,SP,175.1,10,out,131.49213259631142,OK,1991,2020,30,CHIRPS_v2,UCSB-CHG/CHIRPS/DAILY,1991-2020,IBGE_2024
3506904,Bofete,SP,654.546,10,out,126.79378996023766,OK,1991,2020,30,CHIRPS_v2,UCSB-CHG/CHIRPS/DAILY,1991-2020,IBGE_2024
3523503,Itatinga,SP,979.526,10,out,134.12015692806932,OK,1991,2020,30,CHIRPS_v2,UCSB-CHG/CHIRPS/DAILY,1991-2020,IBGE_2024
3544608,Sabino,SP,305.285,10,out,105.07633036845068,OK,1991,2020,30,CHIRPS_v2,UCSB-CHG/CHIRPS/DAILY,1991-2020,IBGE_2024
3527108,Lins,SP,570.058,10,out,111.76892952622713,OK,1991,2020,30,CHIRPS_v2,UCSB-CHG/CHIRPS/DAILY,1991-2020,IBGE_2024
3518107,Guarantã,SP,461.746,10,out,115.5865352832612,OK,1991,2020,30,CHIRPS_v2,UCSB-CHG/CHIRPS/DAILY,1991-2020,IBGE_2024
3517208,Guaiçara,SP,277.154,10,out,112.33112118625455,OK,1991,2020,30,CHIRPS_v2,UCSB-CHG/CHIRPS/DAILY,1991-2020,IBGE_2024
3541604,Promissão,SP,779.2,10,out,113.82453886023046,OK,1991,2020,30,CHIRPS_v2,UCSB-CHG/CHIRPS/DAILY,1991-2020,IBGE_2024
3508801,Cafelândia,SP,920.28,10,out,109.60536389449483,OK,1991,2020,30,CHIRPS_v2,UCSB-CHG/CHIRPS/DAILY,1991-2020,IBGE_2024
3540101,Pongaí,SP,183.399,10,out,107.88334034074066,OK,1991,2020,30,CHIRPS_v2,UCSB-CHG/CHIRPS/DAILY,1991-2020,IBGE_2024
3555901,Uru,SP,146.901,10,out,108.61679118377783,OK,1991,2020,30,CHIRPS_v2,UCSB-CHG/CHIRPS/DAILY,1991-2020,IBGE_2024
3529005,Marília,SP,1170.515,10,out,122.60005007661714,OK,1991,2020,30,CHIRPS_v2,UCSB-CHG/CHIRPS/DAILY,1991-2020,IBGE_2024
3534104,Oriente,SP,218.668,10,out,123.90196244610482,OK,1991,2020,30,CHIRPS_v2,UCSB-CHG/CHIRPS/DAILY,1991-2020,IBGE_2024
3556602,Vera Cruz,SP,247.716,10,out,128.41554937105818,OK,1991,2020,30,CHIRPS_v2,UCSB-CHG/CHIRPS/DAILY,1991-2020,IBGE_2024
3527801,Lupércio,SP,155.171,10,out,129.06091714751904,OK,1991,2020,30,CHIRPS_v2,UCSB-CHG/CHIRPS/DAILY,1991-2020,IBGE_2024
3534500,Oscar Bressane,SP,222.13,10,out,121.93918742113655,OK,1991,2020,30,CHIRPS_v2,UCSB-CHG/CHIRPS/DAILY,1991-2020,IBGE_2024
3525805,Júlio Mesquita,SP,128.183,10,out,112.43207370667557,OK,1991,2020,30,CHIRPS_v2,UCSB-CHG/CHIRPS/DAILY,1991-2020,IBGE_2024
3509809,Campos Novos Paulista,SP,484.199,10,out,133.39621776491177,OK,1991,2020,30,CHIRPS_v2,UCSB-CHG/CHIRPS/DAILY,1991-2020,IBGE_2024
3501400,Álvaro de Carvalho,SP,153.662,10,out,119.81604980711533,OK,1991,2020,30,CHIRPS_v2,UCSB-CHG/CHIRPS/DAILY,1991-2020,IBGE_2024
3501509,Alvinlândia,SP,84.879,10,out,130.39590315523904,OK,1991,2020,30,CHIRPS_v2,UCSB-CHG/CHIRPS/DAILY,1991-2020,IBGE_2024
3517000,Getulina,SP,676.755,10,out,111.06492899443775,OK,1991,2020,30,CHIRPS_v2,UCSB-CHG/CHIRPS/DAILY,1991-2020,IBGE_2024
3533700,Ocauçu,SP,301.036,10,out,127.71353211546251,OK,1991,2020,30,CHIRPS_v2,UCSB-CHG/CHIRPS/DAILY,1991-2020,IBGE_2024
3542008,Quintana,SP,318.937,10,out,116.34720897997488,OK,1991,2020,30,CHIRPS_v2,UCSB-CHG/CHIRPS/DAILY,1991-2020,IBGE_2024
3517307,Guaimbê,SP,217.811,10,out,115.22216059996416,OK,1991,2020,30,CHIRPS_v2,UCSB-CHG/CHIRPS/DAILY,1991-2020,IBGE_2024
3516705,Garça,SP,555.807,10,out,128.16313179426282,OK,1991,2020,30,CHIRPS_v2,UCSB-CHG/CHIRPS/DAILY,1991-2020,IBGE_2024
3516606,Gália,SP,355.914,10,out,128.66038962920504,OK,1991,2020,30,CHIRPS_v2,UCSB-CHG/CHIRPS/DAILY,1991-2020,IBGE_2024
3515657,Fernão,SP,100.504,10,out,125.73187549009302,OK,1991,2020,30,CHIRPS_v2,UCSB-CHG/CHIRPS/DAILY,1991-2020,IBGE_2024
3540002,Pompéia,SP,784.674,10,out,114.0150299985906,OK,1991,2020,30,CHIRPS_v2,UCSB-CHG/CHIRPS/DAILY,1991-2020,IBGE_2024
3514700,Echaporã,SP,515.258,10,out,128.34800348518894,OK,1991,2020,30,CHIRPS_v2,UCSB-CHG/CHIRPS/DAILY,1991-2020,IBGE_2024
3553955,Tarumã,SP,302.913,10,out,136.1091907553686,OK,1991,2020,30,CHIRPS_v2,UCSB-CHG/CHIRPS/DAILY,1991-2020,IBGE_2024
3513306,Cruzália,SP,149.33,10,out,137.1623800247885,OK,1991,2020,30,CHIRPS_v2,UCSB-CHG/CHIRPS/DAILY,1991-2020,IBGE_2024
3537156,Pedrinhas Paulista,SP,152.309,10,out,139.55797457740942,OK,1991,2020,30,CHIRPS_v2,UCSB-CHG/CHIRPS/DAILY,1991-2020,IBGE_2024
3528809,Maracaí,SP,533.498,10,out,134.21855644297227,OK,1991,2020,30,CHIRPS_v2,UCSB-CHG/CHIRPS/DAILY,1991-2020,IBGE_2024
3527900,Lutécia,SP,475.226,10,out,125.63428865192238,OK,1991,2020,30,CHIRPS_v2,UCSB-CHG/CHIRPS/DAILY,1991-2020,IBGE_2024
3504008,Assis,SP,460.609,10,out,134.74554497666247,OK,1991,2020,30,CHIRPS_v2,UCSB-CHG/CHIRPS/DAILY,1991-2020,IBGE_2024
3535507,Paraguaçu Paulista,SP,1001.492,10,out,129.04986188107895,OK,1991,2020,30,CHIRPS_v2,UCSB-CHG/CHIRPS/DAILY,1991-2020,IBGE_2024
3535309,Palmital,SP,548.407,10,out,139.29095760983034,OK,1991,2020,30,CHIRPS_v2,UCSB-CHG/CHIRPS/DAILY,1991-2020,IBGE_2024
3510005,Cândido Mota,SP,595.811,10,out,138.9574288448123,OK,1991,2020,30,CHIRPS_v2,UCSB-CHG/CHIRPS/DAILY,1991-2020,IBGE_2024
3516101,Florínea,SP,225.886,10,out,141.2684056684648,OK,1991,2020,30,CHIRPS_v2,UCSB-CHG/CHIRPS/DAILY,1991-2020,IBGE_2024
3539707,Platina,SP,327.48,10,out,135.7246801924855,OK,1991,2020,30,CHIRPS_v2,UCSB-CHG/CHIRPS/DAILY,1991-2020,IBGE_2024
3507209,Borá,SP,118.951,10,out,124.27088421462392,OK,1991,2020,30,CHIRPS_v2,UCSB-CHG/CHIRPS/DAILY,1991-2020,IBGE_2024
3534708,Ourinhos,SP,295.818,10,out,142.37973142985138,OK,1991,2020,30,CHIRPS_v2,UCSB-CHG/CHIRPS/DAILY,1991-2020,IBGE_2024
3510153,Canitar,SP,57.459,10,out,143.48659665773155,OK,1991,2020,30,CHIRPS_v2,UCSB-CHG/CHIRPS/DAILY,1991-2020,IBGE_2024
3545407,Salto Grande,SP,188.441,10,out,141.95604036743,OK,1991,2020,30,CHIRPS_v2,UCSB-CHG/CHIRPS/DAILY,1991-2020,IBGE_2024
3520905,Ipaussu,SP,209.554,10,out,153.44074258405135,OK,1991,2020,30,CHIRPS_v2,UCSB-CHG/CHIRPS/DAILY,1991-2020,IBGE_2024
3519501,Ibirarema,SP,228.23,10,out,138.6883173753379,OK,1991,2020,30,CHIRPS_v2,UCSB-CHG/CHIRPS/DAILY,1991-2020,IBGE_2024
3543204,Ribeirão do Sul,SP,203.208,10,out,136.73716199324954,OK,1991,2020,30,CHIRPS_v2,UCSB-CHG/CHIRPS/DAILY,1991-2020,IBGE_2024
3550506,São Pedro do Turvo,SP,731.221,10,out,135.24215576865788,OK,1991,2020,30,CHIRPS_v2,UCSB-CHG/CHIRPS/DAILY,1991-2020,IBGE_2024
3557204,Chavantes,SP,188.727,10,out,147.93335079955065,OK,1991,2020,30,CHIRPS_v2,UCSB-CHG/CHIRPS/DAILY,1991-2020,IBGE_2024
3515194,Espírito Santo do Turvo,SP,193.666,10,out,134.14709795469264,OK,1991,2020,30,CHIRPS_v2,UCSB-CHG/CHIRPS/DAILY,1991-2020,IBGE_2024
3506300,Bernardino de Campos,SP,244.158,10,out,154.0931229966349,OK,1991,2020,30,CHIRPS_v2,UCSB-CHG/CHIRPS/DAILY,1991-2020,IBGE_2024
3546405,Santa Cruz do Rio Pardo,SP,1114.747,10,out,141.03466962620766,OK,1991,2020,30,CHIRPS_v2,UCSB-CHG/CHIRPS/DAILY,1991-2020,IBGE_2024
3536000,Parapuã,SP,366.676,10,out,121.3990941900815,OK,1991,2020,30,CHIRPS_v2,UCSB-CHG/CHIRPS/DAILY,1991-2020,IBGE_2024
3503356,Arco-Íris,SP,264.904,10,out,113.06182802407498,OK,1991,2020,30,CHIRPS_v2,UCSB-CHG/CHIRPS/DAILY,1991-2020,IBGE_2024
3519204,Iacri,SP,321.948,10,out,116.50239485611797,OK,1991,2020,30,CHIRPS_v2,UCSB-CHG/CHIRPS/DAILY,1991-2020,IBGE_2024
3543808,Rinópolis,SP,358.481,10,out,116.90524607415018,OK,1991,2020,30,CHIRPS_v2,UCSB-CHG/CHIRPS/DAILY,1991-2020,IBGE_2024
3519006,Herculândia,SP,364.252,10,out,115.85745096905612,OK,1991,2020,30,CHIRPS_v2,UCSB-CHG/CHIRPS/DAILY,1991-2020,IBGE_2024
3541802,Queiroz,SP,234.914,10,out,105.87370702055495,OK,1991,2020,30,CHIRPS_v2,UCSB-CHG/CHIRPS/DAILY,1991-2020,IBGE_2024
3555000,Tupã,SP,627.986,10,out,118.07157659496616,OK,1991,2020,30,CHIRPS_v2,UCSB-CHG/CHIRPS/DAILY,1991-2020,IBGE_2024
3505807,Bastos,SP,170.912,10,out,121.15387889237981,OK,1991,2020,30,CHIRPS_v2,UCSB-CHG/CHIRPS/DAILY,1991-2020,IBGE_2024
3554201,Tejupá,SP,296.189,10,out,140.69662138633612,OK,1991,2020,30,CHIRPS_v2,UCSB-CHG/CHIRPS/DAILY,1991-2020,IBGE_2024
3551207,Sarutaiá,SP,141.608,10,out,149.58337612252146,OK,1991,2020,30,CHIRPS_v2,UCSB-CHG/CHIRPS/DAILY,1991-2020,IBGE_2024
3515400,Fartura,SP,429.171,10,out,162.98089992725556,OK,1991,2020,30,CHIRPS_v2,UCSB-CHG/CHIRPS/DAILY,1991-2020,IBGE_2024
3538808,Piraju,SP,504.591,10,out,147.95689426771062,OK,1991,2020,30,CHIRPS_v2,UCSB-CHG/CHIRPS/DAILY,1991-2020,IBGE_2024
3554607,Timburi,SP,196.79,10,out,151.2255876723247,OK,1991,2020,30,CHIRPS_v2,UCSB-CHG/CHIRPS/DAILY,1991-2020,IBGE_2024
3554300,Teodoro Sampaio,SP,1559.776,10,out,131.6154532698754,OK,1991,2020,30,CHIRPS_v2,UCSB-CHG/CHIRPS/DAILY,1991-2020,IBGE_2024
3529203,Martinópolis,SP,1251.492,10,out,122.99703222488426,OK,1991,2020,30,CHIRPS_v2,UCSB-CHG/CHIRPS/DAILY,1991-2020,IBGE_2024
3545506,Sandovalina,SP,455.856,10,out,133.1322561248586,OK,1991,2020,30,CHIRPS_v2,UCSB-CHG/CHIRPS/DAILY,1991-2020,IBGE_2024
3544251,Rosana,SP,742.762,10,out,135.17077672285765,OK,1991,2020,30,CHIRPS_v2,UCSB-CHG/CHIRPS/DAILY,1991-2020,IBGE_2024
3519907,Iepê,SP,594.985,10,out,144.96781069055518,OK,1991,2020,30,CHIRPS_v2,UCSB-CHG/CHIRPS/DAILY,1991-2020,IBGE_2024
3543238,Ribeirão dos Índios,SP,196.467,10,out,118.56799880962852,OK,1991,2020,30,CHIRPS_v2,UCSB-CHG/CHIRPS/DAILY,1991-2020,IBGE_2024
3542206,Rancharia,SP,1591.148,10,out,126.03804816728554,OK,1991,2020,30,CHIRPS_v2,UCSB-CHG/CHIRPS/DAILY,1991-2020,IBGE_2024
3541703,Quatá,SP,651.341,10,out,122.53413567093718,OK,1991,2020,30,CHIRPS_v2,UCSB-CHG/CHIRPS/DAILY,1991-2020,IBGE_2024
3525607,João Ramalho,SP,415.452,10,out,124.46146401414889,OK,1991,2020,30,CHIRPS_v2,UCSB-CHG/CHIRPS/DAILY,1991-2020,IBGE_2024
3532157,Nantes,SP,286.444,10,out,136.81749102860104,OK,1991,2020,30,CHIRPS_v2,UCSB-CHG/CHIRPS/DAILY,1991-2020,IBGE_2024
3515350,Euclides da Cunha Paulista,SP,571.169,10,out,136.5925834097474,OK,1991,2020,30,CHIRPS_v2,UCSB-CHG/CHIRPS/DAILY,1991-2020,IBGE_2024
3547700,Santo Anastácio,SP,552.876,10,out,121.25166883901258,OK,1991,2020,30,CHIRPS_v2,UCSB-CHG/CHIRPS/DAILY,1991-2020,IBGE_2024
3530201,Mirante do Paranapanema,SP,1238.931,10,out,130.04290022194638,OK,1991,2020,30,CHIRPS_v2,UCSB-CHG/CHIRPS/DAILY,1991-2020,IBGE_2024
3553906,Tarabai,SP,201.385,10,out,129.18330467767933,OK,1991,2020,30,CHIRPS_v2,UCSB-CHG/CHIRPS/DAILY,1991-2020,IBGE_2024
3520608,Indiana,SP,129.019,10,out,120.86866860583834,OK,1991,2020,30,CHIRPS_v2,UCSB-CHG/CHIRPS/DAILY,1991-2020,IBGE_2024
3552908,Taciba,SP,606.755,10,out,132.82782702143305,OK,1991,2020,30,CHIRPS_v2,UCSB-CHG/CHIRPS/DAILY,1991-2020,IBGE_2024
3502408,Anhumas,SP,320.84,10,out,128.1849648818599,OK,1991,2020,30,CHIRPS_v2,UCSB-CHG/CHIRPS/DAILY,1991-2020,IBGE_2024
3501301,Álvares Machado,SP,347.647,10,out,124.67741574113289,OK,1991,2020,30,CHIRPS_v2,UCSB-CHG/CHIRPS/DAILY,1991-2020,IBGE_2024
3542404,Regente Feijó,SP,263.426,10,out,121.73896260523702,OK,1991,2020,30,CHIRPS_v2,UCSB-CHG/CHIRPS/DAILY,1991-2020,IBGE_2024
3508900,Caiabu,SP,252.704,10,out,121.78519438966713,OK,1991,2020,30,CHIRPS_v2,UCSB-CHG/CHIRPS/DAILY,1991-2020,IBGE_2024
3500808,Alfredo Marcondes,SP,118.915,10,out,121.71027061270239,OK,1991,2020,30,CHIRPS_v2,UCSB-CHG/CHIRPS/DAILY,1991-2020,IBGE_2024
3541208,Presidente Bernardes,SP,749.234,10,out,123.5946934625142,OK,1991,2020,30,CHIRPS_v2,UCSB-CHG/CHIRPS/DAILY,1991-2020,IBGE_2024
3541406,Presidente Prudente,SP,560.637,10,out,121.33927979829137,OK,1991,2020,30,CHIRPS_v2,UCSB-CHG/CHIRPS/DAILY,1991-2020,IBGE_2024
3548302,Santo Expedito,SP,94.465,10,out,119.19733195914158,OK,1991,2020,30,CHIRPS_v2,UCSB-CHG/CHIRPS/DAILY,1991-2020,IBGE_2024
3532207,Narandiba,SP,357.325,10,out,134.61942804095878,OK,1991,2020,30,CHIRPS_v2,UCSB-CHG/CHIRPS/DAILY,1991-2020,IBGE_2024
3515129,Emilianópolis,SP,225.177,10,out,118.1721734648444,OK,1991,2020,30,CHIRPS_v2,UCSB-CHG/CHIRPS/DAILY,1991-2020,IBGE_2024
3539202,Pirapozinho,SP,477.673,10,out,131.46193431973936,OK,1991,2020,30,CHIRPS_v2,UCSB-CHG/CHIRPS/DAILY,1991-2020,IBGE_2024
3515301,Estrela do Norte,SP,264.987,10,out,129.61862883283587,OK,1991,2020,30,CHIRPS_v2,UCSB-CHG/CHIRPS/DAILY,1991-2020,IBGE_2024
3528908,Mariápolis,SP,186.432,10,out,115.37005789749797,OK,1991,2020,30,CHIRPS_v2,UCSB-CHG/CHIRPS/DAILY,1991-2020,IBGE_2024
3520806,Inúbia Paulista,SP,87.119,10,out,120.58778621199593,OK,1991,2020,30,CHIRPS_v2,UCSB-CHG/CHIRPS/DAILY,1991-2020,IBGE_2024
3544707,Sagres,SP,147.923,10,out,120.56482384515468,OK,1991,2020,30,CHIRPS_v2,UCSB-CHG/CHIRPS/DAILY,1991-2020,IBGE_2024
3545100,Salmourão,SP,172.934,10,out,114.73363305366931,OK,1991,2020,30,CHIRPS_v2,UCSB-CHG/CHIRPS/DAILY,1991-2020,IBGE_2024
3527405,Lucélia,SP,314.81,10,out,118.34256469841891,OK,1991,2020,30,CHIRPS_v2,UCSB-CHG/CHIRPS/DAILY,1991-2020,IBGE_2024
3534609,Osvaldo Cruz,SP,248.038,10,out,116.75613637447425,OK,1991,2020,30,CHIRPS_v2,UCSB-CHG/CHIRPS/DAILY,1991-2020,IBGE_2024
3534906,Pacaembu,SP,339.375,10,out,112.29469192033832,OK,1991,2020,30,CHIRPS_v2,UCSB-CHG/CHIRPS/DAILY,1991-2020,IBGE_2024
3500105,Adamantina,SP,411.987,10,out,115.50321595673671,OK,1991,2020,30,CHIRPS_v2,UCSB-CHG/CHIRPS/DAILY,1991-2020,IBGE_2024
3516002,Flórida Paulista,SP,524.138,10,out,113.16733387495098,OK,1991,2020,30,CHIRPS_v2,UCSB-CHG/CHIRPS/DAILY,1991-2020,IBGE_2024
3540853,Pracinha,SP,63.141,10,out,119.53373637075049,OK,1991,2020,30,CHIRPS_v2,UCSB-CHG/CHIRPS/DAILY,1991-2020,IBGE_2024
3521606,Irapuru,SP,214.078,10,out,112.8117415725444,OK,1991,2020,30,CHIRPS_v2,UCSB-CHG/CHIRPS/DAILY,1991-2020,IBGE_2024
3536406,Paulicéia,SP,374.091,10,out,111.56467481928406,OK,1991,2020,30,CHIRPS_v2,UCSB-CHG/CHIRPS/DAILY,1991-2020,IBGE_2024
3535408,Panorama,SP,356.05,10,out,108.77568042417876,OK,1991,2020,30,CHIRPS_v2,UCSB-CHG/CHIRPS/DAILY,1991-2020,IBGE_2024
3534807,Ouro Verde,SP,266.778,10,out,113.62735495982159,OK,1991,2020,30,CHIRPS_v2,UCSB-CHG/CHIRPS/DAILY,1991-2020,IBGE_2024
3526001,Junqueirópolis,SP,583.273,10,out,113.5522182662647,OK,1991,2020,30,CHIRPS_v2,UCSB-CHG/CHIRPS/DAILY,1991-2020,IBGE_2024
3533106,Nova Guataporanga,SP,34.675,10,out,111.2621875526957,OK,1991,2020,30,CHIRPS_v2,UCSB-CHG/CHIRPS/DAILY,1991-2020,IBGE_2024
3549300,São João do Pau d'Alho,SP,117.514,10,out,112.72231688808095,OK,1991,2020,30,CHIRPS_v2,UCSB-CHG/CHIRPS/DAILY,1991-2020,IBGE_2024
3515806,Flora Rica,SP,224.619,10,out,116.51676328692888,OK,1991,2020,30,CHIRPS_v2,UCSB-CHG/CHIRPS/DAILY,1991-2020,IBGE_2024
3531605,Monte Castelo,SP,233.289,10,out,110.60920853114266,OK,1991,2020,30,CHIRPS_v2,UCSB-CHG/CHIRPS/DAILY,1991-2020,IBGE_2024
3555109,Tupi Paulista,SP,244.663,10,out,112.03746730945446,OK,1991,2020,30,CHIRPS_v2,UCSB-CHG/CHIRPS/DAILY,1991-2020,IBGE_2024
3514403,Dracena,SP,487.271,10,out,115.8263980691796,OK,1991,2020,30,CHIRPS_v2,UCSB-CHG/CHIRPS/DAILY,1991-2020,IBGE_2024
3547106,Santa Mercedes,SP,166.884,10,out,108.45991778268947,OK,1991,2020,30,CHIRPS_v2,UCSB-CHG/CHIRPS/DAILY,1991-2020,IBGE_2024
3538303,Piquerobi,SP,482.769,10,out,117.90300370726115,OK,1991,2020,30,CHIRPS_v2,UCSB-CHG/CHIRPS/DAILY,1991-2020,IBGE_2024
3528700,Marabá Paulista,SP,919.519,10,out,124.33467373402185,OK,1991,2020,30,CHIRPS_v2,UCSB-CHG/CHIRPS/DAILY,1991-2020,IBGE_2024
3509106,Caiuá,SP,551.159,10,out,113.90000178242207,OK,1991,2020,30,CHIRPS_v2,UCSB-CHG/CHIRPS/DAILY,1991-2020,IBGE_2024
3541307,Presidente Epitácio,SP,1260.281,10,out,117.1673844347972,OK,1991,2020,30,CHIRPS_v2,UCSB-CHG/CHIRPS/DAILY,1991-2020,IBGE_2024
3541505,Presidente Venceslau,SP,755.203,10,out,114.42932064451868,OK,1991,2020,30,CHIRPS_v2,UCSB-CHG/CHIRPS/DAILY,1991-2020,IBGE_2024
3502804,Araçatuba,SP,1167.126,10,out,113.34189158192169,OK,1991,2020,30,CHIRPS_v2,UCSB-CHG/CHIRPS/DAILY,1991-2020,IBGE_2024
3504206,Auriflama,SP,434.117,10,out,100.2164902598538,OK,1991,2020,30,CHIRPS_v2,UCSB-CHG/CHIRPS/DAILY,1991-2020,IBGE_2024
3528304,Magda,SP,312.282,10,out,101.06312805829444,OK,1991,2020,30,CHIRPS_v2,UCSB-CHG/CHIRPS/DAILY,1991-2020,IBGE_2024
3544400,Rubiácea,SP,236.484,10,out,117.7835833734597,OK,1991,2020,30,CHIRPS_v2,UCSB-CHG/CHIRPS/DAILY,1991-2020,IBGE_2024
3518909,Guzolândia,SP,252.722,10,out,101.21376747009239,OK,1991,2020,30,CHIRPS_v2,UCSB-CHG/CHIRPS/DAILY,1991-2020,IBGE_2024
3518206,Guararapes,SP,955.637,10,out,116.82674380595309,OK,1991,2020,30,CHIRPS_v2,UCSB-CHG/CHIRPS/DAILY,1991-2020,IBGE_2024
3533304,Nova Luzitânia,SP,73.69,10,out,102.78556016615248,OK,1991,2020,30,CHIRPS_v2,UCSB-CHG/CHIRPS/DAILY,1991-2020,IBGE_2024
3516903,General Salgado,SP,493.88,10,out,99.38360966206488,OK,1991,2020,30,CHIRPS_v2,UCSB-CHG/CHIRPS/DAILY,1991-2020,IBGE_2024
3516804,Gastão Vidigal,SP,180.569,10,out,101.54268743407937,OK,1991,2020,30,CHIRPS_v2,UCSB-CHG/CHIRPS/DAILY,1991-2020,IBGE_2024
3532868,Nova Castilho,SP,183.396,10,out,101.47884872070979,OK,1991,2020,30,CHIRPS_v2,UCSB-CHG/CHIRPS/DAILY,1991-2020,IBGE_2024
3556305,Valparaíso,SP,857.661,10,out,119.23201339871287,OK,1991,2020,30,CHIRPS_v2,UCSB-CHG/CHIRPS/DAILY,1991-2020,IBGE_2024
3531001,Monções,SP,104.352,10,out,102.04685967174002,OK,1991,2020,30,CHIRPS_v2,UCSB-CHG/CHIRPS/DAILY,1991-2020,IBGE_2024
3548054,Santo Antônio do Aracanguá,SP,1308.889,10,out,103.79823336678044,OK,1991,2020,30,CHIRPS_v2,UCSB-CHG/CHIRPS/DAILY,1991-2020,IBGE_2024
3506201,Bento de Abreu,SP,301.687,10,out,117.79208495293965,OK,1991,2020,30,CHIRPS_v2,UCSB-CHG/CHIRPS/DAILY,1991-2020,IBGE_2024
3512506,Coroados,SP,246.826,10,out,115.28797420370478,OK,1991,2020,30,CHIRPS_v2,UCSB-CHG/CHIRPS/DAILY,1991-2020,IBGE_2024
3507704,Braúna,SP,195.176,10,out,115.7474313060655,OK,1991,2020,30,CHIRPS_v2,UCSB-CHG/CHIRPS/DAILY,1991-2020,IBGE_2024
3507753,Brejo Alegre,SP,105.689,10,out,114.21776689493169,OK,1991,2020,30,CHIRPS_v2,UCSB-CHG/CHIRPS/DAILY,1991-2020,IBGE_2024
3506508,Birigui,SP,530.031,10,out,112.99176492188411,OK,1991,2020,30,CHIRPS_v2,UCSB-CHG/CHIRPS/DAILY,1991-2020,IBGE_2024
3537701,Piacatu,SP,232.488,10,out,115.1085138188842,OK,1991,2020,30,CHIRPS_v2,UCSB-CHG/CHIRPS/DAILY,1991-2020,IBGE_2024
3505104,Barbosa,SP,205.212,10,out,112.31737653195745,OK,1991,2020,30,CHIRPS_v2,UCSB-CHG/CHIRPS/DAILY,1991-2020,IBGE_2024
3504404,Avanhandava,SP,338.37,10,out,114.92800748821267,OK,1991,2020,30,CHIRPS_v2,UCSB-CHG/CHIRPS/DAILY,1991-2020,IBGE_2024
3537305,Penápolis,SP,711.315,10,out,116.49344101263628,OK,1991,2020,30,CHIRPS_v2,UCSB-CHG/CHIRPS/DAILY,1991-2020,IBGE_2024
3511904,Clementina,SP,168.59,10,out,116.09358491281233,OK,1991,2020,30,CHIRPS_v2,UCSB-CHG/CHIRPS/DAILY,1991-2020,IBGE_2024
3527256,Lourdes,SP,113.808,10,out,102.21998142804587,OK,1991,2020,30,CHIRPS_v2,UCSB-CHG/CHIRPS/DAILY,1991-2020,IBGE_2024
3527702,Luiziânia,SP,166.576,10,out,112.92168278357566,OK,1991,2020,30,CHIRPS_v2,UCSB-CHG/CHIRPS/DAILY,1991-2020,IBGE_2024
3517109,Glicério,SP,272.8,10,out,115.6311175444055,OK,1991,2020,30,CHIRPS_v2,UCSB-CHG/CHIRPS/DAILY,1991-2020,IBGE_2024
3501103,Alto Alegre,SP,318.574,10,out,114.34904841353301,OK,1991,2020,30,CHIRPS_v2,UCSB-CHG/CHIRPS/DAILY,1991-2020,IBGE_2024
3516507,Gabriel Monteiro,SP,138.681,10,out,116.44058507366935,OK,1991,2020,30,CHIRPS_v2,UCSB-CHG/CHIRPS/DAILY,1991-2020,IBGE_2024
3557154,Zacarias,SP,319.056,10,out,113.09940387909775,OK,1991,2020,30,CHIRPS_v2,UCSB-CHG/CHIRPS/DAILY,1991-2020,IBGE_2024
3508108,Buritama,SP,327.344,10,out,107.9944059213618,OK,1991,2020,30,CHIRPS_v2,UCSB-CHG/CHIRPS/DAILY,1991-2020,IBGE_2024
3548401,Santópolis do Aguapeí,SP,128.026,10,out,114.31690470395634,OK,1991,2020,30,CHIRPS_v2,UCSB-CHG/CHIRPS/DAILY,1991-2020,IBGE_2024
3506409,Bilac,SP,158.025,10,out,118.18067795206483,OK,1991,2020,30,CHIRPS_v2,UCSB-CHG/CHIRPS/DAILY,1991-2020,IBGE_2024
3555208,Turiúba,SP,153.492,10,out,103.27944349883688,OK,1991,2020,30,CHIRPS_v2,UCSB-CHG/CHIRPS/DAILY,1991-2020,IBGE_2024
3530102,Mirandópolis,SP,917.692,10,out,111.80458640135609,OK,1991,2020,30,CHIRPS_v2,UCSB-CHG/CHIRPS/DAILY,1991-2020,IBGE_2024
3537404,Pereira Barreto,SP,974.248,10,out,108.51529219155131,OK,1991,2020,30,CHIRPS_v2,UCSB-CHG/CHIRPS/DAILY,1991-2020,IBGE_2024
3520442,Ilha Solteira,SP,652.641,10,out,105.87399591768458,OK,1991,2020,30,CHIRPS_v2,UCSB-CHG/CHIRPS/DAILY,1991-2020,IBGE_2024
3511003,Castilho,SP,1065.318,10,out,113.22987531523161,OK,1991,2020,30,CHIRPS_v2,UCSB-CHG/CHIRPS/DAILY,1991-2020,IBGE_2024
3552304,Sud Mennucci,SP,594.543,10,out,105.38459310508108,OK,1991,2020,30,CHIRPS_v2,UCSB-CHG/CHIRPS/DAILY,1991-2020,IBGE_2024
3526506,Lavínia,SP,537.675,10,out,118.3769432907979,OK,1991,2020,30,CHIRPS_v2,UCSB-CHG/CHIRPS/DAILY,1991-2020,IBGE_2024
3502101,Andradina,SP,964.226,10,out,110.41898174835627,OK,1991,2020,30,CHIRPS_v2,UCSB-CHG/CHIRPS/DAILY,1991-2020,IBGE_2024
3517802,Guaraçaí,SP,569.222,10,out,112.38463205827023,OK,1991,2020,30,CHIRPS_v2,UCSB-CHG/CHIRPS/DAILY,1991-2020,IBGE_2024
3533205,Nova Independência,SP,265.028,10,out,111.89673391768252,OK,1991,2020,30,CHIRPS_v2,UCSB-CHG/CHIRPS/DAILY,1991-2020,IBGE_2024
3532108,Murutinga do Sul,SP,250.873,10,out,112.77148550720618,OK,1991,2020,30,CHIRPS_v2,UCSB-CHG/CHIRPS/DAILY,1991-2020,IBGE_2024
3523008,Itapura,SP,301.653,10,out,107.40367519316789,OK,1991,2020,30,CHIRPS_v2,UCSB-CHG/CHIRPS/DAILY,1991-2020,IBGE_2024
3529500,Mendonça,SP,195.151,10,out,98.87534588200597,OK,1991,2020,30,CHIRPS_v2,UCSB-CHG/CHIRPS/DAILY,1991-2020,IBGE_2024
3521507,Irapuã,SP,257.611,10,out,100.62578698581798,OK,1991,2020,30,CHIRPS_v2,UCSB-CHG/CHIRPS/DAILY,1991-2020,IBGE_2024
3553401,Tanabi,SP,747.218,10,out,100.75395093160557,OK,1991,2020,30,CHIRPS_v2,UCSB-CHG/CHIRPS/DAILY,1991-2020,IBGE_2024
3536604,Paulo de Faria,SP,737.986,10,out,99.4488814672737,OK,1991,2020,30,CHIRPS_v2,UCSB-CHG/CHIRPS/DAILY,1991-2020,IBGE_2024
3544806,Sales,SP,308.555,10,out,101.56295529937371,OK,1991,2020,30,CHIRPS_v2,UCSB-CHG/CHIRPS/DAILY,1991-2020,IBGE_2024
3519808,Icém,SP,362.355,10,out,99.65897352793837,OK,1991,2020,30,CHIRPS_v2,UCSB-CHG/CHIRPS/DAILY,1991-2020,IBGE_2024
3528106,Macaubal,SP,248.087,10,out,100.17324031951729,OK,1991,2020,30,CHIRPS_v2,UCSB-CHG/CHIRPS/DAILY,1991-2020,IBGE_2024
3519402,Ibirá,SP,268.9,10,out,97.8631296943441,OK,1991,2020,30,CHIRPS_v2,UCSB-CHG/CHIRPS/DAILY,1991-2020,IBGE_2024
3535002,Palestina,SP,697.701,10,out,102.69083597745697,OK,1991,2020,30,CHIRPS_v2,UCSB-CHG/CHIRPS/DAILY,1991-2020,IBGE_2024
3525706,José Bonifácio,SP,860.2,10,out,105.19881103339983,OK,1991,2020,30,CHIRPS_v2,UCSB-CHG/CHIRPS/DAILY,1991-2020,IBGE_2024
3534005,Onda Verde,SP,242.946,10,out,92.78565278463705,OK,1991,2020,30,CHIRPS_v2,UCSB-CHG/CHIRPS/DAILY,1991-2020,IBGE_2024
3534203,Orindiúva,SP,247.378,10,out,101.32754243164678,OK,1991,2020,30,CHIRPS_v2,UCSB-CHG/CHIRPS/DAILY,1991-2020,IBGE_2024
3533502,Novo Horizonte,SP,931.743,10,out,98.3577870577918,OK,1991,2020,30,CHIRPS_v2,UCSB-CHG/CHIRPS/DAILY,1991-2020,IBGE_2024
3533007,Nova Granada,SP,531.796,10,out,100.9720790668054,OK,1991,2020,30,CHIRPS_v2,UCSB-CHG/CHIRPS/DAILY,1991-2020,IBGE_2024
3500907,Altair,SP,313.007,10,out,94.44668754051288,OK,1991,2020,30,CHIRPS_v2,UCSB-CHG/CHIRPS/DAILY,1991-2020,IBGE_2024
3500204,Adolfo,SP,211.055,10,out,107.15229706647615,OK,1991,2020,30,CHIRPS_v2,UCSB-CHG/CHIRPS/DAILY,1991-2020,IBGE_2024
3540804,Potirendaba,SP,342.492,10,out,99.5337288636375,OK,1991,2020,30,CHIRPS_v2,UCSB-CHG/CHIRPS/DAILY,1991-2020,IBGE_2024
3532702,Nipoã,SP,137.609,10,out,93.84165076491438,OK,1991,2020,30,CHIRPS_v2,UCSB-CHG/CHIRPS/DAILY,1991-2020,IBGE_2024
3539608,Planalto,SP,289.825,10,out,103.60004440564812,OK,1991,2020,30,CHIRPS_v2,UCSB-CHG/CHIRPS/DAILY,1991-2020,IBGE_2024
3531407,Monte Aprazível,SP,495.559,10,out,96.85310571551834,OK,1991,2020,30,CHIRPS_v2,UCSB-CHG/CHIRPS/DAILY,1991-2020,IBGE_2024
3556008,Urupês,SP,323.916,10,out,101.43121735565823,OK,1991,2020,30,CHIRPS_v2,UCSB-CHG/CHIRPS/DAILY,1991-2020,IBGE_2024
3539905,Poloni,SP,135.119,10,out,97.19770590338277,OK,1991,2020,30,CHIRPS_v2,UCSB-CHG/CHIRPS/DAILY,1991-2020,IBGE_2024
3555703,União Paulista,SP,79.056,10,out,97.9583813970146,OK,1991,2020,30,CHIRPS_v2,UCSB-CHG/CHIRPS/DAILY,1991-2020,IBGE_2024
3555356,Ubarana,SP,209.861,10,out,111.36462391691522,OK,1991,2020,30,CHIRPS_v2,UCSB-CHG/CHIRPS/DAILY,1991-2020,IBGE_2024
3521150,Ipiguá,SP,136.028,10,out,95.2950146483789,OK,1991,2020,30,CHIRPS_v2,UCSB-CHG/CHIRPS/DAILY,1991-2020,IBGE_2024
3504800,Bálsamo,SP,149.881,10,out,96.47834891162962,OK,1991,2020,30,CHIRPS_v2,UCSB-CHG/CHIRPS/DAILY,1991-2020,IBGE_2024
3504602,Bady Bassitt,SP,110.372,10,out,94.66712914441622,OK,1991,2020,30,CHIRPS_v2,UCSB-CHG/CHIRPS/DAILY,1991-2020,IBGE_2024
3511300,Cedral,SP,197.099,10,out,93.78292377276625,OK,1991,2020,30,CHIRPS_v2,UCSB-CHG/CHIRPS/DAILY,1991-2020,IBGE_2024
3549805,São José do Rio Preto,SP,431.944,10,out,92.1327559391015,OK,1991,2020,30,CHIRPS_v2,UCSB-CHG/CHIRPS/DAILY,1991-2020,IBGE_2024
3517505,Guapiaçu,SP,324.752,10,out,95.09486415005306,OK,1991,2020,30,CHIRPS_v2,UCSB-CHG/CHIRPS/DAILY,1991-2020,IBGE_2024
3532504,Neves Paulista,SP,219.05,10,out,93.7137995282357,OK,1991,2020,30,CHIRPS_v2,UCSB-CHG/CHIRPS/DAILY,1991-2020,IBGE_2024
3532801,Nova Aliança,SP,217.515,10,out,99.74415947033346,OK,1991,2020,30,CHIRPS_v2,UCSB-CHG/CHIRPS/DAILY,1991-2020,IBGE_2024
3524501,Jaci,SP,145.133,10,out,95.4852408238932,OK,1991,2020,30,CHIRPS_v2,UCSB-CHG/CHIRPS/DAILY,1991-2020,IBGE_2024
3555604,Uchoa,SP,256.982,10,out,96.40434459630058,OK,1991,2020,30,CHIRPS_v2,UCSB-CHG/CHIRPS/DAILY,1991-2020,IBGE_2024
3530409,Mirassolândia,SP,166.125,10,out,97.95092257300615,OK,1991,2020,30,CHIRPS_v2,UCSB-CHG/CHIRPS/DAILY,1991-2020,IBGE_2024
3530300,Mirassol,SP,243.228,10,out,91.83398020274505,OK,1991,2020,30,CHIRPS_v2,UCSB-CHG/CHIRPS/DAILY,1991-2020,IBGE_2024
3528858,Marapoama,SP,111.267,10,out,98.94954219249534,OK,1991,2020,30,CHIRPS_v2,UCSB-CHG/CHIRPS/DAILY,1991-2020,IBGE_2024
3511102,Catanduva,SP,291.926,10,out,101.65579367357051,OK,1991,2020,30,CHIRPS_v2,UCSB-CHG/CHIRPS/DAILY,1991-2020,IBGE_2024
3511201,Catiguá,SP,146.568,10,out,103.29844599914652,OK,1991,2020,30,CHIRPS_v2,UCSB-CHG/CHIRPS/DAILY,1991-2020,IBGE_2024
3533254,Novais,SP,117.772,10,out,103.165166185662,OK,1991,2020,30,CHIRPS_v2,UCSB-CHG/CHIRPS/DAILY,1991-2020,IBGE_2024
3514957,Embaúba,SP,83.129,10,out,100.39648824021268,OK,1991,2020,30,CHIRPS_v2,UCSB-CHG/CHIRPS/DAILY,1991-2020,IBGE_2024
3514924,Elisiário,SP,93.314,10,out,97.6905717037173,OK,1991,2020,30,CHIRPS_v2,UCSB-CHG/CHIRPS/DAILY,1991-2020,IBGE_2024
3538105,Pindorama,SP,184.825,10,out,98.93863880777187,OK,1991,2020,30,CHIRPS_v2,UCSB-CHG/CHIRPS/DAILY,1991-2020,IBGE_2024
3521903,Itajobi,SP,502.066,10,out,100.27237318877556,OK,1991,2020,30,CHIRPS_v2,UCSB-CHG/CHIRPS/DAILY,1991-2020,IBGE_2024
3545605,Santa Adélia,SP,330.269,10,out,103.050090992886,OK,1991,2020,30,CHIRPS_v2,UCSB-CHG/CHIRPS/DAILY,1991-2020,IBGE_2024
3503703,Ariranha,SP,132.624,10,out,101.46879914542988,OK,1991,2020,30,CHIRPS_v2,UCSB-CHG/CHIRPS/DAILY,1991-2020,IBGE_2024
3552601,Tabapuã,SP,346.692,10,out,99.31565183475249,OK,1991,2020,30,CHIRPS_v2,UCSB-CHG/CHIRPS/DAILY,1991-2020,IBGE_2024
3535705,Paraíso,SP,155.186,10,out,99.77577289292397,OK,1991,2020,30,CHIRPS_v2,UCSB-CHG/CHIRPS/DAILY,1991-2020,IBGE_2024
3535101,Palmares Paulista,SP,82.125,10,out,101.8840533987005,OK,1991,2020,30,CHIRPS_v2,UCSB-CHG/CHIRPS/DAILY,1991-2020,IBGE_2024
3515608,Fernando Prestes,SP,169.99,10,out,103.95960644409783,OK,1991,2020,30,CHIRPS_v2,UCSB-CHG/CHIRPS/DAILY,1991-2020,IBGE_2024
3556909,Vista Alegre do Alto,SP,95.429,10,out,101.64285155387974,OK,1991,2020,30,CHIRPS_v2,UCSB-CHG/CHIRPS/DAILY,1991-2020,IBGE_2024
3539004,Pirangi,SP,215.809,10,out,100.86000509516786,OK,1991,2020,30,CHIRPS_v2,UCSB-CHG/CHIRPS/DAILY,1991-2020,IBGE_2024
3512902,Cosmorama,SP,441.68,10,out,99.7339355555475,OK,1991,2020,30,CHIRPS_v2,UCSB-CHG/CHIRPS/DAILY,1991-2020,IBGE_2024
3544202,Riolândia,SP,631.897,10,out,96.26211275317004,OK,1991,2020,30,CHIRPS_v2,UCSB-CHG/CHIRPS/DAILY,1991-2020,IBGE_2024
3536257,Parisi,SP,84.737,10,out,98.15977918785742,OK,1991,2020,30,CHIRPS_v2,UCSB-CHG/CHIRPS/DAILY,1991-2020,IBGE_2024
3551306,Sebastianópolis do Sul,SP,167.848,10,out,99.49641558857299,OK,1991,2020,30,CHIRPS_v2,UCSB-CHG/CHIRPS/DAILY,1991-2020,IBGE_2024
3510708,Cardoso,SP,639.248,10,out,92.45382000099703,OK,1991,2020,30,CHIRPS_v2,UCSB-CHG/CHIRPS/DAILY,1991-2020,IBGE_2024
3501806,Américo de Campos,SP,252.876,10,out,99.52713685978132,OK,1991,2020,30,CHIRPS_v2,UCSB-CHG/CHIRPS/DAILY,1991-2020,IBGE_2024
3501202,Álvares Florence,SP,362.411,10,out,97.35160758606297,OK,1991,2020,30,CHIRPS_v2,UCSB-CHG/CHIRPS/DAILY,1991-2020,IBGE_2024
3532603,Nhandeara,SP,436.159,10,out,102.02712889086759,OK,1991,2020,30,CHIRPS_v2,UCSB-CHG/CHIRPS/DAILY,1991-2020,IBGE_2024
3557105,Votuporanga,SP,420.703,10,out,102.08848912434739,OK,1991,2020,30,CHIRPS_v2,UCSB-CHG/CHIRPS/DAILY,1991-2020,IBGE_2024
3515905,Floreal,SP,204.236,10,out,102.0952580635535,OK,1991,2020,30,CHIRPS_v2,UCSB-CHG/CHIRPS/DAILY,1991-2020,IBGE_2024
3540309,Pontes Gestal,SP,217.505,10,out,96.14184039530011,OK,1991,2020,30,CHIRPS_v2,UCSB-CHG/CHIRPS/DAILY,1991-2020,IBGE_2024
3556107,Valentim Gentil,SP,149.741,10,out,104.63360965826429,OK,1991,2020,30,CHIRPS_v2,UCSB-CHG/CHIRPS/DAILY,1991-2020,IBGE_2024
3545704,Santa Albertina,SP,272.692,10,out,94.09493979385576,OK,1991,2020,30,CHIRPS_v2,UCSB-CHG/CHIRPS/DAILY,1991-2020,IBGE_2024
3529658,Mesópolis,SP,148.636,10,out,92.74472808247101,OK,1991,2020,30,CHIRPS_v2,UCSB-CHG/CHIRPS/DAILY,1991-2020,IBGE_2024
3529104,Marinópolis,SP,77.827,10,out,101.20913454156083,OK,1991,2020,30,CHIRPS_v2,UCSB-CHG/CHIRPS/DAILY,1991-2020,IBGE_2024
3503950,Aspásia,SP,69.373,10,out,100.15352841676803,OK,1991,2020,30,CHIRPS_v2,UCSB-CHG/CHIRPS/DAILY,1991-2020,IBGE_2024
3552551,Suzanápolis,SP,330.587,10,out,105.99415710947369,OK,1991,2020,30,CHIRPS_v2,UCSB-CHG/CHIRPS/DAILY,1991-2020,IBGE_2024
3535903,Paranapuã,SP,140.354,10,out,97.24058007984199,OK,1991,2020,30,CHIRPS_v2,UCSB-CHG/CHIRPS/DAILY,1991-2020,IBGE_2024
3535200,Palmeira d'Oeste,SP,318.696,10,out,101.07890809675501,OK,1991,2020,30,CHIRPS_v2,UCSB-CHG/CHIRPS/DAILY,1991-2020,IBGE_2024
3502606,Aparecida d'Oeste,SP,179.004,10,out,103.34572932699746,OK,1991,2020,30,CHIRPS_v2,UCSB-CHG/CHIRPS/DAILY,1991-2020,IBGE_2024
3524808,Jales,SP,368.574,10,out,108.40178922253546,OK,1991,2020,30,CHIRPS_v2,UCSB-CHG/CHIRPS/DAILY,1991-2020,IBGE_2024
3556958,Vitória Brasil,SP,49.832,10,out,103.36506609155269,OK,1991,2020,30,CHIRPS_v2,UCSB-CHG/CHIRPS/DAILY,1991-2020,IBGE_2024
3549003,São Francisco,SP,75.579,10,out,103.53328765709524,OK,1991,2020,30,CHIRPS_v2,UCSB-CHG/CHIRPS/DAILY,1991-2020,IBGE_2024
3540259,Pontalinda,SP,209.504,10,out,100.15734598646098,OK,1991,2020,30,CHIRPS_v2,UCSB-CHG/CHIRPS/DAILY,1991-2020,IBGE_2024
3540408,Populina,SP,315.938,10,out,91.20197223018761,OK,1991,2020,30,CHIRPS_v2,UCSB-CHG/CHIRPS/DAILY,1991-2020,IBGE_2024
3547650,Santa Salete,SP,79.192,10,out,103.96755420548259,OK,1991,2020,30,CHIRPS_v2,UCSB-CHG/CHIRPS/DAILY,1991-2020,IBGE_2024
3555802,Urânia,SP,209.262,10,out,108.25712763365419,OK,1991,2020,30,CHIRPS_v2,UCSB-CHG/CHIRPS/DAILY,1991-2020,IBGE_2024
3555307,Turmalina,SP,147.797,10,out,94.95846848799782,OK,1991,2020,30,CHIRPS_v2,UCSB-CHG/CHIRPS/DAILY,1991-2020,IBGE_2024
3514205,Dolcinópolis,SP,77.939,10,out,99.8387082219703,OK,1991,2020,30,CHIRPS_v2,UCSB-CHG/CHIRPS/DAILY,1991-2020,IBGE_2024
3513850,Dirce Reis,SP,88.152,10,out,100.45994366410537,OK,1991,2020,30,CHIRPS_v2,UCSB-CHG/CHIRPS/DAILY,1991-2020,IBGE_2024
3529609,Meridiano,SP,228.199,10,out,101.803891506616,OK,1991,2020,30,CHIRPS_v2,UCSB-CHG/CHIRPS/DAILY,1991-2020,IBGE_2024
3520707,Indiaporã,SP,279.606,10,out,90.52528851188352,OK,1991,2020,30,CHIRPS_v2,UCSB-CHG/CHIRPS/DAILY,1991-2020,IBGE_2024
3536901,Pedranópolis,SP,260.101,10,out,95.78195679070927,OK,1991,2020,30,CHIRPS_v2,UCSB-CHG/CHIRPS/DAILY,1991-2020,IBGE_2024
3528205,Macedônia,SP,327.567,10,out,91.23806805313482,OK,1991,2020,30,CHIRPS_v2,UCSB-CHG/CHIRPS/DAILY,1991-2020,IBGE_2024
3534757,Ouroeste,SP,288.648,10,out,90.47659514061503,OK,1991,2020,30,CHIRPS_v2,UCSB-CHG/CHIRPS/DAILY,1991-2020,IBGE_2024
3518008,Guarani d'Oeste,SP,85.7,10,out,93.26436212902436,OK,1991,2020,30,CHIRPS_v2,UCSB-CHG/CHIRPS/DAILY,1991-2020,IBGE_2024
3549250,São João de Iracema,SP,178.396,10,out,99.2958194561231,OK,1991,2020,30,CHIRPS_v2,UCSB-CHG/CHIRPS/DAILY,1991-2020,IBGE_2024
3549201,São João das Duas Pontes,SP,129.462,10,out,100.758517991323,OK,1991,2020,30,CHIRPS_v2,UCSB-CHG/CHIRPS/DAILY,1991-2020,IBGE_2024
3515509,Fernandópolis,SP,549.797,10,out,99.6301845210821,OK,1991,2020,30,CHIRPS_v2,UCSB-CHG/CHIRPS/DAILY,1991-2020,IBGE_2024
3515202,Estrela d'Oeste,SP,296.281,10,out,100.8161305723779,OK,1991,2020,30,CHIRPS_v2,UCSB-CHG/CHIRPS/DAILY,1991-2020,IBGE_2024
3530003,Mira Estrela,SP,216.825,10,out,89.91489899785232,OK,1991,2020,30,CHIRPS_v2,UCSB-CHG/CHIRPS/DAILY,1991-2020,IBGE_2024
3546603,Santa Fé do Sul,SP,206.537,10,out,92.722998761815,OK,1991,2020,30,CHIRPS_v2,UCSB-CHG/CHIRPS/DAILY,1991-2020,IBGE_2024
3546108,Santa Clara d'Oeste,SP,183.458,10,out,92.2127064881238,OK,1991,2020,30,CHIRPS_v2,UCSB-CHG/CHIRPS/DAILY,1991-2020,IBGE_2024
3544509,Rubinéia,SP,242.877,10,out,97.3426081806772,OK,1991,2020,30,CHIRPS_v2,UCSB-CHG/CHIRPS/DAILY,1991-2020,IBGE_2024
3532843,Nova Canaã Paulista,SP,124.473,10,out,99.51812346323737,OK,1991,2020,30,CHIRPS_v2,UCSB-CHG/CHIRPS/DAILY,1991-2020,IBGE_2024
3547403,Santa Rita d'Oeste,SP,209.8,10,out,91.82993936674696,OK,1991,2020,30,CHIRPS_v2,UCSB-CHG/CHIRPS/DAILY,1991-2020,IBGE_2024
3554904,Três Fronteiras,SP,151.594,10,out,92.85708745337892,OK,1991,2020,30,CHIRPS_v2,UCSB-CHG/CHIRPS/DAILY,1991-2020,IBGE_2024
3547205,Santana da Ponte Pensa,SP,129.888,10,out,96.09006891883597,OK,1991,2020,30,CHIRPS_v2,UCSB-CHG/CHIRPS/DAILY,1991-2020,IBGE_2024
3546256,Santa Cruz da Esperança,SP,148.062,10,out,126.15393498241632,OK,1991,2020,30,CHIRPS_v2,UCSB-CHG/CHIRPS/DAILY,1991-2020,IBGE_2024
3513108,Cravinhos,SP,311.423,10,out,125.60513209437391,OK,1991,2020,30,CHIRPS_v2,UCSB-CHG/CHIRPS/DAILY,1991-2020,IBGE_2024
3551504,Serrana,SP,126.046,10,out,128.72523350107127,OK,1991,2020,30,CHIRPS_v2,UCSB-CHG/CHIRPS/DAILY,1991-2020,IBGE_2024
3551405,Serra Azul,SP,283.144,10,out,127.8104690160741,OK,1991,2020,30,CHIRPS_v2,UCSB-CHG/CHIRPS/DAILY,1991-2020,IBGE_2024
3551702,Sertãozinho,SP,403.089,10,out,116.56622233107059,OK,1991,2020,30,CHIRPS_v2,UCSB-CHG/CHIRPS/DAILY,1991-2020,IBGE_2024
3543402,Ribeirão Preto,SP,650.916,10,out,122.39564036314522,OK,1991,2020,30,CHIRPS_v2,UCSB-CHG/CHIRPS/DAILY,1991-2020,IBGE_2024
3525102,Jardinópolis,SP,501.87,10,out,123.31345176152628,OK,1991,2020,30,CHIRPS_v2,UCSB-CHG/CHIRPS/DAILY,1991-2020,IBGE_2024
3507803,Brodowski,SP,278.458,10,out,130.23046847880525,OK,1991,2020,30,CHIRPS_v2,UCSB-CHG/CHIRPS/DAILY,1991-2020,IBGE_2024
3505609,Barrinha,SP,148.756,10,out,114.35136854699877,OK,1991,2020,30,CHIRPS_v2,UCSB-CHG/CHIRPS/DAILY,1991-2020,IBGE_2024
3546504,Santa Ernestina,SP,134.421,10,out,114.20947644561001,OK,1991,2020,30,CHIRPS_v2,UCSB-CHG/CHIRPS/DAILY,1991-2020,IBGE_2024
3510906,Cássia dos Coqueiros,SP,191.683,10,out,133.2659716954458,OK,1991,2020,30,CHIRPS_v2,UCSB-CHG/CHIRPS/DAILY,1991-2020,IBGE_2024
3527603,Luís Antônio,SP,598.257,10,out,119.84300402094411,OK,1991,2020,30,CHIRPS_v2,UCSB-CHG/CHIRPS/DAILY,1991-2020,IBGE_2024
3518602,Guariba,SP,270.408,10,out,113.54514258809931,OK,1991,2020,30,CHIRPS_v2,UCSB-CHG/CHIRPS/DAILY,1991-2020,IBGE_2024
3518859,Guatapará,SP,413.653,10,out,117.9733407459264,OK,1991,2020,30,CHIRPS_v2,UCSB-CHG/CHIRPS/DAILY,1991-2020,IBGE_2024
3550902,São Simão,SP,617.252,10,out,127.93091367962003,OK,1991,2020,30,CHIRPS_v2,UCSB-CHG/CHIRPS/DAILY,1991-2020,IBGE_2024
3509403,Cajuru,SP,660.088,10,out,127.30949557064066,OK,1991,2020,30,CHIRPS_v2,UCSB-CHG/CHIRPS/DAILY,1991-2020,IBGE_2024
3501004,Altinópolis,SP,928.956,10,out,134.0721743867887,OK,1991,2020,30,CHIRPS_v2,UCSB-CHG/CHIRPS/DAILY,1991-2020,IBGE_2024
3524303,Jaboticabal,SP,706.722,10,out,111.58610721560699,OK,1991,2020,30,CHIRPS_v2,UCSB-CHG/CHIRPS/DAILY,1991-2020,IBGE_2024
3540200,Pontal,SP,356.371,10,out,115.5284801757997,OK,1991,2020,30,CHIRPS_v2,UCSB-CHG/CHIRPS/DAILY,1991-2020,IBGE_2024
3540903,Pradópolis,SP,164.386,10,out,114.1906971360134,OK,1991,2020,30,CHIRPS_v2,UCSB-CHG/CHIRPS/DAILY,1991-2020,IBGE_2024
3547908,Santo Antônio da Alegria,SP,310.311,10,out,132.34981249809675,OK,1991,2020,30,CHIRPS_v2,UCSB-CHG/CHIRPS/DAILY,1991-2020,IBGE_2024
3514601,Dumont,SP,111.361,10,out,115.6495658033309,OK,1991,2020,30,CHIRPS_v2,UCSB-CHG/CHIRPS/DAILY,1991-2020,IBGE_2024
3539509,Pitangueiras,SP,430.638,10,out,112.72155786006464,OK,1991,2020,30,CHIRPS_v2,UCSB-CHG/CHIRPS/DAILY,1991-2020,IBGE_2024
3531308,Monte Alto,SP,346.95,10,out,104.25633485807285,OK,1991,2020,30,CHIRPS_v2,UCSB-CHG/CHIRPS/DAILY,1991-2020,IBGE_2024
3547601,Santa Rosa de Viterbo,SP,288.576,10,out,130.30312816089088,OK,1991,2020,30,CHIRPS_v2,UCSB-CHG/CHIRPS/DAILY,1991-2020,IBGE_2024
3505906,Batatais,SP,849.526,10,out,132.60947889198656,OK,1991,2020,30,CHIRPS_v2,UCSB-CHG/CHIRPS/DAILY,1991-2020,IBGE_2024
3505500,Barretos,SP,1566.161,10,out,101.65047907333556,OK,1991,2020,30,CHIRPS_v2,UCSB-CHG/CHIRPS/DAILY,1991-2020,IBGE_2024
3553658,Taquaral,SP,53.892,10,out,105.31684912629498,OK,1991,2020,30,CHIRPS_v2,UCSB-CHG/CHIRPS/DAILY,1991-2020,IBGE_2024
3512100,Colômbia,SP,728.648,10,out,105.92549921819086,OK,1991,2020,30,CHIRPS_v2,UCSB-CHG/CHIRPS/DAILY,1991-2020,IBGE_2024
3512001,Colina,SP,422.303,10,out,100.46155893372136,OK,1991,2020,30,CHIRPS_v2,UCSB-CHG/CHIRPS/DAILY,1991-2020,IBGE_2024
3553104,Taiaçu,SP,107.059,10,out,101.69456051949541,OK,1991,2020,30,CHIRPS_v2,UCSB-CHG/CHIRPS/DAILY,1991-2020,IBGE_2024
3553203,Taiúva,SP,132.459,10,out,104.42544885963268,OK,1991,2020,30,CHIRPS_v2,UCSB-CHG/CHIRPS/DAILY,1991-2020,IBGE_2024
3551900,Severínia,SP,140.46,10,out,98.95486467933672,OK,1991,2020,30,CHIRPS_v2,UCSB-CHG/CHIRPS/DAILY,1991-2020,IBGE_2024
3533908,Olímpia,SP,802.393,10,out,97.61836862779927,OK,1991,2020,30,CHIRPS_v2,UCSB-CHG/CHIRPS/DAILY,1991-2020,IBGE_2024
3517901,Guaraci,SP,641.501,10,out,100.26241319495878,OK,1991,2020,30,CHIRPS_v2,UCSB-CHG/CHIRPS/DAILY,1991-2020,IBGE_2024
3517406,Guaíra,SP,1258.465,10,out,106.16577156755336,OK,1991,2020,30,CHIRPS_v2,UCSB-CHG/CHIRPS/DAILY,1991-2020,IBGE_2024
3509304,Cajobi,SP,176.929,10,out,99.13183132709447,OK,1991,2020,30,CHIRPS_v2,UCSB-CHG/CHIRPS/DAILY,1991-2020,IBGE_2024
3524204,Jaborandi,SP,273.438,10,out,104.76840421347134,OK,1991,2020,30,CHIRPS_v2,UCSB-CHG/CHIRPS/DAILY,1991-2020,IBGE_2024
3531506,Monte Azul Paulista,SP,263.463,10,out,100.77989790565222,OK,1991,2020,30,CHIRPS_v2,UCSB-CHG/CHIRPS/DAILY,1991-2020,IBGE_2024
3556800,Viradouro,SP,217.726,10,out,106.89846637738644,OK,1991,2020,30,CHIRPS_v2,UCSB-CHG/CHIRPS/DAILY,1991-2020,IBGE_2024
3506102,Bebedouro,SP,683.192,10,out,102.60164560204406,OK,1991,2020,30,CHIRPS_v2,UCSB-CHG/CHIRPS/DAILY,1991-2020,IBGE_2024
3554409,Terra Roxa,SP,221.54,10,out,105.45034728822449,OK,1991,2020,30,CHIRPS_v2,UCSB-CHG/CHIRPS/DAILY,1991-2020,IBGE_2024
3513207,Cristais Paulista,SP,385.23,10,out,142.19184004541387,OK,1991,2020,30,CHIRPS_v2,UCSB-CHG/CHIRPS/DAILY,1991-2020,IBGE_2024
3536307,Patrocínio Paulista,SP,602.848,10,out,136.38812302669484,OK,1991,2020,30,CHIRPS_v2,UCSB-CHG/CHIRPS/DAILY,1991-2020,IBGE_2024
3542701,Restinga,SP,245.746,10,out,138.42030305479625,OK,1991,2020,30,CHIRPS_v2,UCSB-CHG/CHIRPS/DAILY,1991-2020,IBGE_2024
3543105,Ribeirão Corrente,SP,148.332,10,out,138.51771924080427,OK,1991,2020,30,CHIRPS_v2,UCSB-CHG/CHIRPS/DAILY,1991-2020,IBGE_2024
3516200,Franca,SP,605.679,10,out,144.442558401875,OK,1991,2020,30,CHIRPS_v2,UCSB-CHG/CHIRPS/DAILY,1991-2020,IBGE_2024
3523701,Itirapuã,SP,161.118,10,out,135.08588656584595,OK,1991,2020,30,CHIRPS_v2,UCSB-CHG/CHIRPS/DAILY,1991-2020,IBGE_2024
3537008,Pedregulho,SP,712.604,10,out,136.6725121268083,OK,1991,2020,30,CHIRPS_v2,UCSB-CHG/CHIRPS/DAILY,1991-2020,IBGE_2024
3543600,Rifaina,SP,162.508,10,out,126.76448606536792,OK,1991,2020,30,CHIRPS_v2,UCSB-CHG/CHIRPS/DAILY,1991-2020,IBGE_2024
3525409,Jeriquara,SP,141.971,10,out,138.57573679424706,OK,1991,2020,30,CHIRPS_v2,UCSB-CHG/CHIRPS/DAILY,1991-2020,IBGE_2024
3549508,São José da Bela Vista,SP,276.952,10,out,129.66198956304385,OK,1991,2020,30,CHIRPS_v2,UCSB-CHG/CHIRPS/DAILY,1991-2020,IBGE_2024
3521309,Ipuã,SP,466.461,10,out,115.74754855713772,OK,1991,2020,30,CHIRPS_v2,UCSB-CHG/CHIRPS/DAILY,1991-2020,IBGE_2024
3544905,Sales Oliveira,SP,305.776,10,out,126.90811072145326,OK,1991,2020,30,CHIRPS_v2,UCSB-CHG/CHIRPS/DAILY,1991-2020,IBGE_2024
3534302,Orlândia,SP,291.765,10,out,124.52696537627149,OK,1991,2020,30,CHIRPS_v2,UCSB-CHG/CHIRPS/DAILY,1991-2020,IBGE_2024
3533601,Nuporanga,SP,348.265,10,out,128.9306810546771,OK,1991,2020,30,CHIRPS_v2,UCSB-CHG/CHIRPS/DAILY,1991-2020,IBGE_2024
3549409,São Joaquim da Barra,SP,410.863,10,out,119.84710642802749,OK,1991,2020,30,CHIRPS_v2,UCSB-CHG/CHIRPS/DAILY,1991-2020,IBGE_2024
3531902,Morro Agudo,SP,1388.127,10,out,110.70993773082597,OK,1991,2020,30,CHIRPS_v2,UCSB-CHG/CHIRPS/DAILY,1991-2020,IBGE_2024
3529708,Miguelópolis,SP,820.849,10,out,116.13046695751324,OK,1991,2020,30,CHIRPS_v2,UCSB-CHG/CHIRPS/DAILY,1991-2020,IBGE_2024
3520103,Igarapava,SP,468.355,10,out,126.90589648593856,OK,1991,2020,30,CHIRPS_v2,UCSB-CHG/CHIRPS/DAILY,1991-2020,IBGE_2024
3503000,Aramina,SP,202.829,10,out,126.67901282049002,OK,1991,2020,30,CHIRPS_v2,UCSB-CHG/CHIRPS/DAILY,1991-2020,IBGE_2024
3517703,Guará,SP,362.183,10,out,124.7028957553732,OK,1991,2020,30,CHIRPS_v2,UCSB-CHG/CHIRPS/DAILY,1991-2020,IBGE_2024
3508207,Buritizal,SP,266.42,10,out,131.01133097456142,OK,1991,2020,30,CHIRPS_v2,UCSB-CHG/CHIRPS/DAILY,1991-2020,IBGE_2024
3524105,Ituverava,SP,704.659,10,out,126.0936489096919,OK,1991,2020,30,CHIRPS_v2,UCSB-CHG/CHIRPS/DAILY,1991-2020,IBGE_2024
3503208,Araraquara,SP,1003.626,10,out,118.62163650743673,OK,1991,2020,30,CHIRPS_v2,UCSB-CHG/CHIRPS/DAILY,1991-2020,IBGE_2024
3543709,Rincão,SP,316.639,10,out,118.75625473693184,OK,1991,2020,30,CHIRPS_v2,UCSB-CHG/CHIRPS/DAILY,1991-2020,IBGE_2024
3501707,Américo Brasiliense,SP,122.958,10,out,119.61394522886809,OK,1991,2020,30,CHIRPS_v2,UCSB-CHG/CHIRPS/DAILY,1991-2020,IBGE_2024
3516853,Gavião Peixoto,SP,243.766,10,out,116.35278156536917,OK,1991,2020,30,CHIRPS_v2,UCSB-CHG/CHIRPS/DAILY,1991-2020,IBGE_2024
3546900,Santa Lúcia,SP,153.86,10,out,119.7957861939035,OK,1991,2020,30,CHIRPS_v2,UCSB-CHG/CHIRPS/DAILY,1991-2020,IBGE_2024
3554755,Trabiju,SP,63.421,10,out,119.58849580761209,OK,1991,2020,30,CHIRPS_v2,UCSB-CHG/CHIRPS/DAILY,1991-2020,IBGE_2024
3529302,Matão,SP,524.899,10,out,114.32050960650164,OK,1991,2020,30,CHIRPS_v2,UCSB-CHG/CHIRPS/DAILY,1991-2020,IBGE_2024
3553708,Taquaritinga,SP,594.335,10,out,107.65604380080268,OK,1991,2020,30,CHIRPS_v2,UCSB-CHG/CHIRPS/DAILY,1991-2020,IBGE_2024
3519600,Ibitinga,SP,689.391,10,out,111.71426847689152,OK,1991,2020,30,CHIRPS_v2,UCSB-CHG/CHIRPS/DAILY,1991-2020,IBGE_2024
3552700,Tabatinga,SP,368.604,10,out,114.00336038436495,OK,1991,2020,30,CHIRPS_v2,UCSB-CHG/CHIRPS/DAILY,1991-2020,IBGE_2024
3510104,Cândido Rodrigues,SP,70.892,10,out,104.93949876198938,OK,1991,2020,30,CHIRPS_v2,UCSB-CHG/CHIRPS/DAILY,1991-2020,IBGE_2024
3532900,Nova Europa,SP,160.25,10,out,114.1370283753458,OK,1991,2020,30,CHIRPS_v2,UCSB-CHG/CHIRPS/DAILY,1991-2020,IBGE_2024
3532058,Motuca,SP,228.651,10,out,116.85122700661132,OK,1991,2020,30,CHIRPS_v2,UCSB-CHG/CHIRPS/DAILY,1991-2020,IBGE_2024
3507407,Borborema,SP,552.256,10,out,103.13716163485799,OK,1991,2020,30,CHIRPS_v2,UCSB-CHG/CHIRPS/DAILY,1991-2020,IBGE_2024
3522703,Itápolis,SP,996.747,10,out,106.81153801185233,OK,1991,2020,30,CHIRPS_v2,UCSB-CHG/CHIRPS/DAILY,1991-2020,IBGE_2024
3506706,Boa Esperança do Sul,SP,690.748,10,out,116.73484103833962,OK,1991,2020,30,CHIRPS_v2,UCSB-CHG/CHIRPS/DAILY,1991-2020,IBGE_2024
3514007,Dobrada,SP,149.729,10,out,115.62268239542435,OK,1991,2020,30,CHIRPS_v2,UCSB-CHG/CHIRPS/DAILY,1991-2020,IBGE_2024
3519303,Ibaté,SP,290.977,10,out,118.39762828433982,OK,1991,2020,30,CHIRPS_v2,UCSB-CHG/CHIRPS/DAILY,1991-2020,IBGE_2024
3548906,São Carlos,SP,1136.907,10,out,123.55898336819932,OK,1991,2020,30,CHIRPS_v2,UCSB-CHG/CHIRPS/DAILY,1991-2020,IBGE_2024
3513702,Descalvado,SP,753.926,10,out,121.10563340474421,OK,1991,2020,30,CHIRPS_v2,UCSB-CHG/CHIRPS/DAILY,1991-2020,IBGE_2024
3542909,Ribeirão Bonito,SP,471.553,10,out,120.1986164882857,OK,1991,2020,30,CHIRPS_v2,UCSB-CHG/CHIRPS/DAILY,1991-2020,IBGE_2024
3540705,Porto Ferreira,SP,245.327,10,out,124.33321972683716,OK,1991,2020,30,CHIRPS_v2,UCSB-CHG/CHIRPS/DAILY,1991-2020,IBGE_2024
3523602,Itirapina,SP,564.603,10,out,126.13813862729658,OK,1991,2020,30,CHIRPS_v2,UCSB-CHG/CHIRPS/DAILY,1991-2020,IBGE_2024
3539301,Pirassununga,SP,727.714,10,out,120.91099638330358,OK,1991,2020,30,CHIRPS_v2,UCSB-CHG/CHIRPS/DAILY,1991-2020,IBGE_2024
3547502,Santa Rita do Passa Quatro,SP,752.911,10,out,126.49220736503345,OK,1991,2020,30,CHIRPS_v2,UCSB-CHG/CHIRPS/DAILY,1991-2020,IBGE_2024
3514304,Dourado,SP,205.874,10,out,124.69621339217997,OK,1991,2020,30,CHIRPS_v2,UCSB-CHG/CHIRPS/DAILY,1991-2020,IBGE_2024
3545803,Santa Bárbara d'Oeste,SP,271.03,10,out,122.41920163157972,OK,1991,2020,30,CHIRPS_v2,UCSB-CHG/CHIRPS/DAILY,1991-2020,IBGE_2024
3512803,Cosmópolis,SP,151.645,10,out,119.04673280976812,OK,1991,2020,30,CHIRPS_v2,UCSB-CHG/CHIRPS/DAILY,1991-2020,IBGE_2024
3536505,Paulínia,SP,138.777,10,out,124.7512885826717,OK,1991,2020,30,CHIRPS_v2,UCSB-CHG/CHIRPS/DAILY,1991-2020,IBGE_2024
3520509,Indaiatuba,SP,311.545,10,out,120.8874137064531,OK,1991,2020,30,CHIRPS_v2,UCSB-CHG/CHIRPS/DAILY,1991-2020,IBGE_2024
3552403,Sumaré,SP,153.465,10,out,121.6761239359731,OK,1991,2020,30,CHIRPS_v2,UCSB-CHG/CHIRPS/DAILY,1991-2020,IBGE_2024
3519071,Hortolândia,SP,62.416,10,out,120.59290043883448,OK,1991,2020,30,CHIRPS_v2,UCSB-CHG/CHIRPS/DAILY,1991-2020,IBGE_2024
3509502,Campinas,SP,794.57,10,out,122.72452530397162,OK,1991,2020,30,CHIRPS_v2,UCSB-CHG/CHIRPS/DAILY,1991-2020,IBGE_2024
3501608,Americana,SP,133.912,10,out,123.68631062048698,OK,1991,2020,30,CHIRPS_v2,UCSB-CHG/CHIRPS/DAILY,1991-2020,IBGE_2024
3533403,Nova Odessa,SP,73.788,10,out,124.05853057540934,OK,1991,2020,30,CHIRPS_v2,UCSB-CHG/CHIRPS/DAILY,1991-2020,IBGE_2024
3556701,Vinhedo,SP,80.208,10,out,117.34956398408303,OK,1991,2020,30,CHIRPS_v2,UCSB-CHG/CHIRPS/DAILY,1991-2020,IBGE_2024
3531803,Monte Mor,SP,240.566,10,out,113.09296978836704,OK,1991,2020,30,CHIRPS_v2,UCSB-CHG/CHIRPS/DAILY,1991-2020,IBGE_2024
3556206,Valinhos,SP,148.72,10,out,119.84068325042601,OK,1991,2020,30,CHIRPS_v2,UCSB-CHG/CHIRPS/DAILY,1991-2020,IBGE_2024
3537107,Pedreira,SP,108.817,10,out,124.82255470276634,OK,1991,2020,30,CHIRPS_v2,UCSB-CHG/CHIRPS/DAILY,1991-2020,IBGE_2024
3503802,Artur Nogueira,SP,181.786,10,out,120.70447855017217,OK,1991,2020,30,CHIRPS_v2,UCSB-CHG/CHIRPS/DAILY,1991-2020,IBGE_2024
3519055,Holambra,SP,65.337,10,out,120.9958575308729,OK,1991,2020,30,CHIRPS_v2,UCSB-CHG/CHIRPS/DAILY,1991-2020,IBGE_2024
3524709,Jaguariúna,SP,141.391,10,out,123.52808160804547,OK,1991,2020,30,CHIRPS_v2,UCSB-CHG/CHIRPS/DAILY,1991-2020,IBGE_2024
3548005,Santo Antônio de Posse,SP,154.133,10,out,118.19284394993348,OK,1991,2020,30,CHIRPS_v2,UCSB-CHG/CHIRPS/DAILY,1991-2020,IBGE_2024
3514908,Elias Fausto,SP,202.36,10,out,113.45437196089331,OK,1991,2020,30,CHIRPS_v2,UCSB-CHG/CHIRPS/DAILY,1991-2020,IBGE_2024
3527306,Louveira,SP,55.989,10,out,116.52281978124067,OK,1991,2020,30,CHIRPS_v2,UCSB-CHG/CHIRPS/DAILY,1991-2020,IBGE_2024
3525904,Jundiaí,SP,431.162,10,out,119.89182926171935,OK,1991,2020,30,CHIRPS_v2,UCSB-CHG/CHIRPS/DAILY,1991-2020,IBGE_2024
3509601,Campo Limpo Paulista,SP,79.504,10,out,127.87093717856486,OK,1991,2020,30,CHIRPS_v2,UCSB-CHG/CHIRPS/DAILY,1991-2020,IBGE_2024
3525201,Jarinu,SP,207.549,10,out,139.43932276500917,OK,1991,2020,30,CHIRPS_v2,UCSB-CHG/CHIRPS/DAILY,1991-2020,IBGE_2024
3508405,Cabreúva,SP,260.234,10,out,124.56955167247665,OK,1991,2020,30,CHIRPS_v2,UCSB-CHG/CHIRPS/DAILY,1991-2020,IBGE_2024
3556503,Várzea Paulista,SP,35.048,10,out,120.62995393125163,OK,1991,2020,30,CHIRPS_v2,UCSB-CHG/CHIRPS/DAILY,1991-2020,IBGE_2024
3524006,Itupeva,SP,201.214,10,out,123.76821773397488,OK,1991,2020,30,CHIRPS_v2,UCSB-CHG/CHIRPS/DAILY,1991-2020,IBGE_2024
3523404,Itatiba,SP,322.253,10,out,130.01472137955972,OK,1991,2020,30,CHIRPS_v2,UCSB-CHG/CHIRPS/DAILY,1991-2020,IBGE_2024
3532009,Morungaba,SP,146.752,10,out,128.7954909599429,OK,1991,2020,30,CHIRPS_v2,UCSB-CHG/CHIRPS/DAILY,1991-2020,IBGE_2024
3545159,Saltinho,SP,99.924,10,out,120.27690909723196,OK,1991,2020,30,CHIRPS_v2,UCSB-CHG/CHIRPS/DAILY,1991-2020,IBGE_2024
3511706,Charqueada,SP,175.846,10,out,124.28555704094222,OK,1991,2020,30,CHIRPS_v2,UCSB-CHG/CHIRPS/DAILY,1991-2020,IBGE_2024
3544004,Rio das Pedras,SP,226.729,10,out,120.79404310406018,OK,1991,2020,30,CHIRPS_v2,UCSB-CHG/CHIRPS/DAILY,1991-2020,IBGE_2024
3538709,Piracicaba,SP,1377.173,10,out,121.88994842581646,OK,1991,2020,30,CHIRPS_v2,UCSB-CHG/CHIRPS/DAILY,1991-2020,IBGE_2024
3510401,Capivari,SP,322.878,10,out,113.1295329461913,OK,1991,2020,30,CHIRPS_v2,UCSB-CHG/CHIRPS/DAILY,1991-2020,IBGE_2024
3526407,Laranjal Paulista,SP,384.274,10,out,117.93279803038634,OK,1991,2020,30,CHIRPS_v2,UCSB-CHG/CHIRPS/DAILY,1991-2020,IBGE_2024
3550407,São Pedro,SP,611.51,10,out,124.00093250309891,OK,1991,2020,30,CHIRPS_v2,UCSB-CHG/CHIRPS/DAILY,1991-2020,IBGE_2024
3542107,Rafard,SP,121.645,10,out,112.56972134398235,OK,1991,2020,30,CHIRPS_v2,UCSB-CHG/CHIRPS/DAILY,1991-2020,IBGE_2024
3500600,Águas de São Pedro,SP,3.38,10,out,125.35322739204663,OK,1991,2020,30,CHIRPS_v2,UCSB-CHG/CHIRPS/DAILY,1991-2020,IBGE_2024
3530904,Mombuca,SP,133.698,10,out,113.65992265640865,OK,1991,2020,30,CHIRPS_v2,UCSB-CHG/CHIRPS/DAILY,1991-2020,IBGE_2024
3547007,Santa Maria da Serra,SP,252.621,10,out,123.30712666560336,OK,1991,2020,30,CHIRPS_v2,UCSB-CHG/CHIRPS/DAILY,1991-2020,IBGE_2024
3504107,Atibaia,SP,478.52,10,out,129.85204793628628,OK,1991,2020,30,CHIRPS_v2,UCSB-CHG/CHIRPS/DAILY,1991-2020,IBGE_2024
3507605,Bragança Paulista,SP,512.584,10,out,132.95239196523076,OK,1991,2020,30,CHIRPS_v2,UCSB-CHG/CHIRPS/DAILY,1991-2020,IBGE_2024
3507100,Bom Jesus dos Perdões,SP,108.366,10,out,123.00249757423174,OK,1991,2020,30,CHIRPS_v2,UCSB-CHG/CHIRPS/DAILY,1991-2020,IBGE_2024
3536802,Pedra Bela,SP,158.588,10,out,135.09834756153768,OK,1991,2020,30,CHIRPS_v2,UCSB-CHG/CHIRPS/DAILY,1991-2020,IBGE_2024
3552106,Socorro,SP,448.894,10,out,131.1893061419823,OK,1991,2020,30,CHIRPS_v2,UCSB-CHG/CHIRPS/DAILY,1991-2020,IBGE_2024
3525508,Joanópolis,SP,374.346,10,out,134.7942569860212,OK,1991,2020,30,CHIRPS_v2,UCSB-CHG/CHIRPS/DAILY,1991-2020,IBGE_2024
3532405,Nazaré Paulista,SP,326.392,10,out,128.06543265167164,OK,1991,2020,30,CHIRPS_v2,UCSB-CHG/CHIRPS/DAILY,1991-2020,IBGE_2024
3556354,Vargem,SP,142.595,10,out,131.8580771450616,OK,1991,2020,30,CHIRPS_v2,UCSB-CHG/CHIRPS/DAILY,1991-2020,IBGE_2024
3538600,Piracaia,SP,385.64,10,out,134.1338458270001,OK,1991,2020,30,CHIRPS_v2,UCSB-CHG/CHIRPS/DAILY,1991-2020,IBGE_2024
3554953,Tuiuti,SP,126.731,10,out,128.36849476433312,OK,1991,2020,30,CHIRPS_v2,UCSB-CHG/CHIRPS/DAILY,1991-2020,IBGE_2024
3538204,Pinhalzinho,SP,154.529,10,out,131.230420767175,OK,1991,2020,30,CHIRPS_v2,UCSB-CHG/CHIRPS/DAILY,1991-2020,IBGE_2024
3521408,Iracemápolis,SP,115.31,10,out,125.96468291754208,OK,1991,2020,30,CHIRPS_v2,UCSB-CHG/CHIRPS/DAILY,1991-2020,IBGE_2024
3526902,Limeira,SP,580.577,10,out,124.42022515057018,OK,1991,2020,30,CHIRPS_v2,UCSB-CHG/CHIRPS/DAILY,1991-2020,IBGE_2024
3512407,Cordeirópolis,SP,137.678,10,out,123.37315213445734,OK,1991,2020,30,CHIRPS_v2,UCSB-CHG/CHIRPS/DAILY,1991-2020,IBGE_2024
3515152,Engenheiro Coelho,SP,109.574,10,out,122.83784375271019,OK,1991,2020,30,CHIRPS_v2,UCSB-CHG/CHIRPS/DAILY,1991-2020,IBGE_2024
3557303,Estiva Gerbi,SP,74.144,10,out,122.34671276684522,OK,1991,2020,30,CHIRPS_v2,UCSB-CHG/CHIRPS/DAILY,1991-2020,IBGE_2024
3530706,Mogi Guaçu,SP,812.753,10,out,122.9035000388067,OK,1991,2020,30,CHIRPS_v2,UCSB-CHG/CHIRPS/DAILY,1991-2020,IBGE_2024
3530805,Mogi Mirim,SP,497.709,10,out,117.41181319454441,OK,1991,2020,30,CHIRPS_v2,UCSB-CHG/CHIRPS/DAILY,1991-2020,IBGE_2024
3522604,Itapira,SP,518.431,10,out,123.01137003898401,OK,1991,2020,30,CHIRPS_v2,UCSB-CHG/CHIRPS/DAILY,1991-2020,IBGE_2024
3553302,Tambaú,SP,561.788,10,out,129.13952775643347,OK,1991,2020,30,CHIRPS_v2,UCSB-CHG/CHIRPS/DAILY,1991-2020,IBGE_2024
3510807,Casa Branca,SP,864.225,10,out,128.76038059021653,OK,1991,2020,30,CHIRPS_v2,UCSB-CHG/CHIRPS/DAILY,1991-2020,IBGE_2024
3500303,Aguaí,SP,474.554,10,out,124.59060686217367,OK,1991,2020,30,CHIRPS_v2,UCSB-CHG/CHIRPS/DAILY,1991-2020,IBGE_2024
3500402,Águas da Prata,SP,142.673,10,out,139.1045326986232,OK,1991,2020,30,CHIRPS_v2,UCSB-CHG/CHIRPS/DAILY,1991-2020,IBGE_2024
3549102,São João da Boa Vista,SP,516.399,10,out,130.76354915140774,OK,1991,2020,30,CHIRPS_v2,UCSB-CHG/CHIRPS/DAILY,1991-2020,IBGE_2024
3515186,Espírito Santo do Pinhal,SP,389.235,10,out,130.75972576885235,OK,1991,2020,30,CHIRPS_v2,UCSB-CHG/CHIRPS/DAILY,1991-2020,IBGE_2024
3548104,Santo Antônio do Jardim,SP,109.956,10,out,134.27267493491536,OK,1991,2020,30,CHIRPS_v2,UCSB-CHG/CHIRPS/DAILY,1991-2020,IBGE_2024
3556404,Vargem Grande do Sul,SP,267.178,10,out,132.2748951331675,OK,1991,2020,30,CHIRPS_v2,UCSB-CHG/CHIRPS/DAILY,1991-2020,IBGE_2024
3546306,Santa Cruz das Palmeiras,SP,295.33,10,out,121.74487950206938,OK,1991,2020,30,CHIRPS_v2,UCSB-CHG/CHIRPS/DAILY,1991-2020,IBGE_2024
3503307,Araras,SP,644.805,10,out,119.63785672538171,OK,1991,2020,30,CHIRPS_v2,UCSB-CHG/CHIRPS/DAILY,1991-2020,IBGE_2024
3512209,Conchal,SP,182.793,10,out,117.1048371617982,OK,1991,2020,30,CHIRPS_v2,UCSB-CHG/CHIRPS/DAILY,1991-2020,IBGE_2024
3526704,Leme,SP,402.871,10,out,118.49771819809715,OK,1991,2020,30,CHIRPS_v2,UCSB-CHG/CHIRPS/DAILY,1991-2020,IBGE_2024
3546207,Santa Cruz da Conceição,SP,150.13,10,out,118.13041585687019,OK,1991,2020,30,CHIRPS_v2,UCSB-CHG/CHIRPS/DAILY,1991-2020,IBGE_2024
3521101,Ipeúna,SP,190.01,10,out,125.24185211085754,OK,1991,2020,30,CHIRPS_v2,UCSB-CHG/CHIRPS/DAILY,1991-2020,IBGE_2024
3543907,Rio Claro,SP,498.403,10,out,120.24189472724568,OK,1991,2020,30,CHIRPS_v2,UCSB-CHG/CHIRPS/DAILY,1991-2020,IBGE_2024
3546702,Santa Gertrudes,SP,98.045,10,out,123.94527552006741,OK,1991,2020,30,CHIRPS_v2,UCSB-CHG/CHIRPS/DAILY,1991-2020,IBGE_2024
3512704,Corumbataí,SP,278.622,10,out,117.7837284007951,OK,1991,2020,30,CHIRPS_v2,UCSB-CHG/CHIRPS/DAILY,1991-2020,IBGE_2024
3502002,Analândia,SP,325.953,10,out,123.44453285975843,OK,1991,2020,30,CHIRPS_v2,UCSB-CHG/CHIRPS/DAILY,1991-2020,IBGE_2024
3513900,Divinolândia,SP,223.749,10,out,134.81904887003608,OK,1991,2020,30,CHIRPS_v2,UCSB-CHG/CHIRPS/DAILY,1991-2020,IBGE_2024
3553609,Tapiratiba,SP,220.518,10,out,128.58865456294157,OK,1991,2020,30,CHIRPS_v2,UCSB-CHG/CHIRPS/DAILY,1991-2020,IBGE_2024
3550803,São Sebastião da Grama,SP,252.41,10,out,137.43346104685057,OK,1991,2020,30,CHIRPS_v2,UCSB-CHG/CHIRPS/DAILY,1991-2020,IBGE_2024
3508702,Caconde,SP,468.998,10,out,126.62320057176774,OK,1991,2020,30,CHIRPS_v2,UCSB-CHG/CHIRPS/DAILY,1991-2020,IBGE_2024
3549706,São José do Rio Pardo,SP,419.729,10,out,128.16101343760275,OK,1991,2020,30,CHIRPS_v2,UCSB-CHG/CHIRPS/DAILY,1991-2020,IBGE_2024
3523800,Itobi,SP,138.986,10,out,132.14699605073304,OK,1991,2020,30,CHIRPS_v2,UCSB-CHG/CHIRPS/DAILY,1991-2020,IBGE_2024
3530508,Mococa,SP,855.701,10,out,128.62513084302836,OK,1991,2020,30,CHIRPS_v2,UCSB-CHG/CHIRPS/DAILY,1991-2020,IBGE_2024
3527009,Lindóia,SP,48.321,10,out,124.9039892532092,OK,1991,2020,30,CHIRPS_v2,UCSB-CHG/CHIRPS/DAILY,1991-2020,IBGE_2024
3551603,Serra Negra,SP,204.542,10,out,126.14139528102005,OK,1991,2020,30,CHIRPS_v2,UCSB-CHG/CHIRPS/DAILY,1991-2020,IBGE_2024
3501905,Amparo,SP,445.323,10,out,124.1620246606866,OK,1991,2020,30,CHIRPS_v2,UCSB-CHG/CHIRPS/DAILY,1991-2020,IBGE_2024
3500501,Águas de Lindóia,SP,59.872,10,out,128.0424749736869,OK,1991,2020,30,CHIRPS_v2,UCSB-CHG/CHIRPS/DAILY,1991-2020,IBGE_2024
3531209,Monte Alegre do Sul,SP,110.308,10,out,127.99118760776753,OK,1991,2020,30,CHIRPS_v2,UCSB-CHG/CHIRPS/DAILY,1991-2020,IBGE_2024
3520202,Igaratá,SP,293.002,10,out,132.90331611374398,OK,1991,2020,30,CHIRPS_v2,UCSB-CHG/CHIRPS/DAILY,1991-2020,IBGE_2024
3535606,Paraibuna,SP,809.576,10,out,129.62565005293663,OK,1991,2020,30,CHIRPS_v2,UCSB-CHG/CHIRPS/DAILY,1991-2020,IBGE_2024
3546009,Santa Branca,SP,272.238,10,out,117.39342549459286,OK,1991,2020,30,CHIRPS_v2,UCSB-CHG/CHIRPS/DAILY,1991-2020,IBGE_2024
3549904,São José dos Campos,SP,1099.494,10,out,122.72795210269976,OK,1991,2020,30,CHIRPS_v2,UCSB-CHG/CHIRPS/DAILY,1991-2020,IBGE_2024
3524907,Jambeiro,SP,184.413,10,out,109.93817872949809,OK,1991,2020,30,CHIRPS_v2,UCSB-CHG/CHIRPS/DAILY,1991-2020,IBGE_2024
3508504,Caçapava,SP,369.558,10,out,121.55837634417034,OK,1991,2020,30,CHIRPS_v2,UCSB-CHG/CHIRPS/DAILY,1991-2020,IBGE_2024
3524402,Jacareí,SP,464.252,10,out,120.2033986151949,OK,1991,2020,30,CHIRPS_v2,UCSB-CHG/CHIRPS/DAILY,1991-2020,IBGE_2024
3531704,Monteiro Lobato,SP,332.408,10,out,150.95560147664239,OK,1991,2020,30,CHIRPS_v2,UCSB-CHG/CHIRPS/DAILY,1991-2020,IBGE_2024
3526308,Lagoinha,SP,254.454,10,out,121.77792874303516,OK,1991,2020,30,CHIRPS_v2,UCSB-CHG/CHIRPS/DAILY,1991-2020,IBGE_2024
3509700,Campos do Jordão,SP,289.981,10,out,152.70313954899035,OK,1991,2020,30,CHIRPS_v2,UCSB-CHG/CHIRPS/DAILY,1991-2020,IBGE_2024
3550001,São Luiz do Paraitinga,SP,618.126,10,out,138.93726927953819,OK,1991,2020,30,CHIRPS_v2,UCSB-CHG/CHIRPS/DAILY,1991-2020,IBGE_2024
3532306,Natividade da Serra,SP,834.281,10,out,144.29729973550525,OK,1991,2020,30,CHIRPS_v2,UCSB-CHG/CHIRPS/DAILY,1991-2020,IBGE_2024
3548609,São Bento do Sapucaí,SP,252.579,10,out,141.68897650435798,OK,1991,2020,30,CHIRPS_v2,UCSB-CHG/CHIRPS/DAILY,1991-2020,IBGE_2024
3548203,Santo Antônio do Pinhal,SP,132.966,10,out,157.2990175382509,OK,1991,2020,30,CHIRPS_v2,UCSB-CHG/CHIRPS/DAILY,1991-2020,IBGE_2024
3554805,Tremembé,SP,190.93,10,out,127.71023941974325,OK,1991,2020,30,CHIRPS_v2,UCSB-CHG/CHIRPS/DAILY,1991-2020,IBGE_2024
3554102,Taubaté,SP,624.924,10,out,118.0713183633311,OK,1991,2020,30,CHIRPS_v2,UCSB-CHG/CHIRPS/DAILY,1991-2020,IBGE_2024
3542305,Redenção da Serra,SP,309.322,10,out,121.88665963883363,OK,1991,2020,30,CHIRPS_v2,UCSB-CHG/CHIRPS/DAILY,1991-2020,IBGE_2024
3538006,Pindamonhangaba,SP,731.356,10,out,130.57325037428822,OK,1991,2020,30,CHIRPS_v2,UCSB-CHG/CHIRPS/DAILY,1991-2020,IBGE_2024
3520400,Ilhabela,SP,346.389,10,out,155.4552679907588,OK,1991,2020,30,CHIRPS_v2,UCSB-CHG/CHIRPS/DAILY,1991-2020,IBGE_2024
3510500,Caraguatatuba,SP,484.947,10,out,168.53898707361597,OK,1991,2020,30,CHIRPS_v2,UCSB-CHG/CHIRPS/DAILY,1991-2020,IBGE_2024
3550704,São Sebastião,SP,402.395,10,out,172.74772721531428,OK,1991,2020,30,CHIRPS_v2,UCSB-CHG/CHIRPS/DAILY,1991-2020,IBGE_2024
3544301,Roseira,SP,129.847,10,out,118.03273061852065,OK,1991,2020,30,CHIRPS_v2,UCSB-CHG/CHIRPS/DAILY,1991-2020,IBGE_2024
3502507,Aparecida,SP,120.89,10,out,120.76910232963006,OK,1991,2020,30,CHIRPS_v2,UCSB-CHG/CHIRPS/DAILY,1991-2020,IBGE_2024
3518404,Guaratinguetá,SP,752.636,10,out,137.16370262441455,OK,1991,2020,30,CHIRPS_v2,UCSB-CHG/CHIRPS/DAILY,1991-2020,IBGE_2024
3540754,Potim,SP,44.644,10,out,124.37145552573406,OK,1991,2020,30,CHIRPS_v2,UCSB-CHG/CHIRPS/DAILY,1991-2020,IBGE_2024
3538501,Piquete,SP,175.996,10,out,152.51285571219768,OK,1991,2020,30,CHIRPS_v2,UCSB-CHG/CHIRPS/DAILY,1991-2020,IBGE_2024
4122305,Rio Negro,PR,604.477,10,out,161.37985403986255,OK,1991,2020,30,CHIRPS_v2,UCSB-CHG/CHIRPS/DAILY,1991-2020,IBGE_2024
4113205,Lapa,PR,2100.392,10,out,163.0664329962574,OK,1991,2020,30,CHIRPS_v2,UCSB-CHG/CHIRPS/DAILY,1991-2020,IBGE_2024
4121208,Quitandinha,PR,446.597,10,out,154.52959225607225,OK,1991,2020,30,CHIRPS_v2,UCSB-CHG/CHIRPS/DAILY,1991-2020,IBGE_2024
4105201,Cerro Azul,PR,1353.255,10,out,148.08658307516308,OK,1991,2020,30,CHIRPS_v2,UCSB-CHG/CHIRPS/DAILY,1991-2020,IBGE_2024
4128633,Doutor Ulysses,PR,779.628,10,out,150.2789239978358,OK,1991,2020,30,CHIRPS_v2,UCSB-CHG/CHIRPS/DAILY,1991-2020,IBGE_2024
4104105,Campo do Tenente,PR,303.956,10,out,159.23636404475533,OK,1991,2020,30,CHIRPS_v2,UCSB-CHG/CHIRPS/DAILY,1991-2020,IBGE_2024
4127882,Tunas do Paraná,PR,670.899,10,out,140.74495495146172,OK,1991,2020,30,CHIRPS_v2,UCSB-CHG/CHIRPS/DAILY,1991-2020,IBGE_2024
4127601,Tijucas do Sul,PR,672.599,10,out,163.21809347134842,OK,1991,2020,30,CHIRPS_v2,UCSB-CHG/CHIRPS/DAILY,1991-2020,IBGE_2024
4119103,Piên,PR,256.501,10,out,158.25078322340318,OK,1991,2020,30,CHIRPS_v2,UCSB-CHG/CHIRPS/DAILY,1991-2020,IBGE_2024
4100301,Agudos do Sul,PR,191.336,10,out,160.37007026244322,OK,1991,2020,30,CHIRPS_v2,UCSB-CHG/CHIRPS/DAILY,1991-2020,IBGE_2024
4100202,Adrianópolis,PR,1343.898,10,out,140.2688546554354,OK,1991,2020,30,CHIRPS_v2,UCSB-CHG/CHIRPS/DAILY,1991-2020,IBGE_2024
4122206,Rio Branco do Sul,PR,820.071,10,out,164.54710181495048,OK,1991,2020,30,CHIRPS_v2,UCSB-CHG/CHIRPS/DAILY,1991-2020,IBGE_2024
4105805,Colombo,PR,197.369,10,out,153.75628409523554,OK,1991,2020,30,CHIRPS_v2,UCSB-CHG/CHIRPS/DAILY,1991-2020,IBGE_2024
4106209,Contenda,PR,296.488,10,out,153.07544134259024,OK,1991,2020,30,CHIRPS_v2,UCSB-CHG/CHIRPS/DAILY,1991-2020,IBGE_2024
4114302,Mandirituba,PR,378.818,10,out,144.2530326308124,OK,1991,2020,30,CHIRPS_v2,UCSB-CHG/CHIRPS/DAILY,1991-2020,IBGE_2024
4120804,Quatro Barras,PR,181.565,10,out,166.96480447936736,OK,1991,2020,30,CHIRPS_v2,UCSB-CHG/CHIRPS/DAILY,1991-2020,IBGE_2024
4104006,Campina Grande do Sul,PR,542.239,10,out,152.53690581926918,OK,1991,2020,30,CHIRPS_v2,UCSB-CHG/CHIRPS/DAILY,1991-2020,IBGE_2024
4104253,Campo Magro,PR,275.423,10,out,173.47554405841646,OK,1991,2020,30,CHIRPS_v2,UCSB-CHG/CHIRPS/DAILY,1991-2020,IBGE_2024
4104204,Campo Largo,PR,1239.801,10,out,158.29304889321423,OK,1991,2020,30,CHIRPS_v2,UCSB-CHG/CHIRPS/DAILY,1991-2020,IBGE_2024
4119152,Pinhais,PR,61.008,10,out,152.08726676434657,OK,1991,2020,30,CHIRPS_v2,UCSB-CHG/CHIRPS/DAILY,1991-2020,IBGE_2024
4119509,Piraquara,PR,225.065,10,out,172.03286670044264,OK,1991,2020,30,CHIRPS_v2,UCSB-CHG/CHIRPS/DAILY,1991-2020,IBGE_2024
4103107,Bocaiúva do Sul,PR,809.682,10,out,145.86635550417893,OK,1991,2020,30,CHIRPS_v2,UCSB-CHG/CHIRPS/DAILY,1991-2020,IBGE_2024
4111258,Itaperuçu,PR,322.553,10,out,181.9112509111656,OK,1991,2020,30,CHIRPS_v2,UCSB-CHG/CHIRPS/DAILY,1991-2020,IBGE_2024
4102307,Balsa Nova,PR,347.588,10,out,156.4134575063467,OK,1991,2020,30,CHIRPS_v2,UCSB-CHG/CHIRPS/DAILY,1991-2020,IBGE_2024
4101804,Araucária,PR,469.549,10,out,149.29523115544362,OK,1991,2020,30,CHIRPS_v2,UCSB-CHG/CHIRPS/DAILY,1991-2020,IBGE_2024
4125506,São José dos Pinhais,PR,945.509,10,out,157.4872047065663,OK,1991,2020,30,CHIRPS_v2,UCSB-CHG/CHIRPS/DAILY,1991-2020,IBGE_2024
4100400,Almirante Tamandaré,PR,193.736,10,out,161.8739486833874,OK,1991,2020,30,CHIRPS_v2,UCSB-CHG/CHIRPS/DAILY,1991-2020,IBGE_2024
4107652,Fazenda Rio Grande,PR,116.41,10,out,145.12071663023974,OK,1991,2020,30,CHIRPS_v2,UCSB-CHG/CHIRPS/DAILY,1991-2020,IBGE_2024
4106902,Curitiba,PR,435.406,10,out,153.75627631205776,OK,1991,2020,30,CHIRPS_v2,UCSB-CHG/CHIRPS/DAILY,1991-2020,IBGE_2024
4118204,Paranaguá,PR,821.427,10,out,170.10429213488476,OK,1991,2020,30,CHIRPS_v2,UCSB-CHG/CHIRPS/DAILY,1991-2020,IBGE_2024
4119954,Pontal do Paraná,PR,202.242,10,out,168.75747521384608,OK,1991,2020,30,CHIRPS_v2,UCSB-CHG/CHIRPS/DAILY,1991-2020,IBGE_2024
4109609,Guaratuba,PR,1320.951,10,out,173.55824564371432,OK,1991,2020,30,CHIRPS_v2,UCSB-CHG/CHIRPS/DAILY,1991-2020,IBGE_2024
4101200,Antonina,PR,890.065,10,out,177.31815344289473,OK,1991,2020,30,CHIRPS_v2,UCSB-CHG/CHIRPS/DAILY,1991-2020,IBGE_2024
4109500,Guaraqueçaba,PR,2011.256,10,out,174.31355361031814,OK,1991,2020,30,CHIRPS_v2,UCSB-CHG/CHIRPS/DAILY,1991-2020,IBGE_2024
4116208,Morretes,PR,686.489,10,out,180.43424940227536,OK,1991,2020,30,CHIRPS_v2,UCSB-CHG/CHIRPS/DAILY,1991-2020,IBGE_2024
4115705,Matinhos,PR,117.479,10,out,172.0599051712399,OK,1991,2020,30,CHIRPS_v2,UCSB-CHG/CHIRPS/DAILY,1991-2020,IBGE_2024
4106803,Cruz Machado,PR,1474.202,10,out,211.3319545510917,OK,1991,2020,30,CHIRPS_v2,UCSB-CHG/CHIRPS/DAILY,1991-2020,IBGE_2024
4120309,Porto Vitória,PR,210.236,10,out,202.12592077416355,OK,1991,2020,30,CHIRPS_v2,UCSB-CHG/CHIRPS/DAILY,1991-2020,IBGE_2024
4128203,União da Vitória,PR,727.443,10,out,200.57184888776123,OK,1991,2020,30,CHIRPS_v2,UCSB-CHG/CHIRPS/DAILY,1991-2020,IBGE_2024
4102901,Bituruna,PR,1280.76,10,out,220.88819437989463,OK,1991,2020,30,CHIRPS_v2,UCSB-CHG/CHIRPS/DAILY,1991-2020,IBGE_2024
4118600,Paula Freitas,PR,417.829,10,out,190.43183218850996,OK,1991,2020,30,CHIRPS_v2,UCSB-CHG/CHIRPS/DAILY,1991-2020,IBGE_2024
4118709,Paulo Frontin,PR,363.169,10,out,189.61974616739076,OK,1991,2020,30,CHIRPS_v2,UCSB-CHG/CHIRPS/DAILY,1991-2020,IBGE_2024
4101309,Antônio Olinto,PR,463.694,10,out,169.28294110905915,OK,1991,2020,30,CHIRPS_v2,UCSB-CHG/CHIRPS/DAILY,1991-2020,IBGE_2024
4125605,São Mateus do Sul,PR,1344.742,10,out,175.38483703798232,OK,1991,2020,30,CHIRPS_v2,UCSB-CHG/CHIRPS/DAILY,1991-2020,IBGE_2024
4108502,General Carneiro,PR,1068.369,10,out,203.94369016462926,OK,1991,2020,30,CHIRPS_v2,UCSB-CHG/CHIRPS/DAILY,1991-2020,IBGE_2024
4109401,Guarapuava,PR,3163.893,10,out,209.41538096826022,OK,1991,2020,30,CHIRPS_v2,UCSB-CHG/CHIRPS/DAILY,1991-2020,IBGE_2024
4121752,Reserva do Iguaçu,PR,833.085,10,out,241.06900348299757,OK,1991,2020,30,CHIRPS_v2,UCSB-CHG/CHIRPS/DAILY,1991-2020,IBGE_2024
4104451,Cantagalo,PR,568.929,10,out,234.33168791886993,OK,1991,2020,30,CHIRPS_v2,UCSB-CHG/CHIRPS/DAILY,1991-2020,IBGE_2024
4104428,Candói,PR,1509.719,10,out,230.78834621553287,OK,1991,2020,30,CHIRPS_v2,UCSB-CHG/CHIRPS/DAILY,1991-2020,IBGE_2024
4103958,Campina do Simão,PR,448.033,10,out,214.46103987624377,OK,1991,2020,30,CHIRPS_v2,UCSB-CHG/CHIRPS/DAILY,1991-2020,IBGE_2024
4120606,Prudentópolis,PR,2257.861,10,out,199.14102585428816,OK,1991,2020,30,CHIRPS_v2,UCSB-CHG/CHIRPS/DAILY,1991-2020,IBGE_2024
4127965,Turvo,PR,936.038,10,out,201.3699046959959,OK,1991,2020,30,CHIRPS_v2,UCSB-CHG/CHIRPS/DAILY,1991-2020,IBGE_2024
4119301,Pinhão,PR,2003.799,10,out,226.57957019203704,OK,1991,2020,30,CHIRPS_v2,UCSB-CHG/CHIRPS/DAILY,1991-2020,IBGE_2024
4110201,Inácio Martins,PR,938.126,10,out,212.2682840472829,OK,1991,2020,30,CHIRPS_v2,UCSB-CHG/CHIRPS/DAILY,1991-2020,IBGE_2024
4108957,Guamiranga,PR,244.592,10,out,193.11815269777995,OK,1991,2020,30,CHIRPS_v2,UCSB-CHG/CHIRPS/DAILY,1991-2020,IBGE_2024
4108452,Foz do Jordão,PR,230.716,10,out,238.7420267644709,OK,1991,2020,30,CHIRPS_v2,UCSB-CHG/CHIRPS/DAILY,1991-2020,IBGE_2024
4108650,Goioxim,PR,702.284,10,out,225.89175126106292,OK,1991,2020,30,CHIRPS_v2,UCSB-CHG/CHIRPS/DAILY,1991-2020,IBGE_2024
4113254,Laranjal,PR,559.439,10,out,228.688520227077,OK,1991,2020,30,CHIRPS_v2,UCSB-CHG/CHIRPS/DAILY,1991-2020,IBGE_2024
4119608,Pitanga,PR,1687.454,10,out,216.9941232779672,OK,1991,2020,30,CHIRPS_v2,UCSB-CHG/CHIRPS/DAILY,1991-2020,IBGE_2024
4103040,Boa Ventura de São Roque,PR,606.94,10,out,207.83456164050799,OK,1991,2020,30,CHIRPS_v2,UCSB-CHG/CHIRPS/DAILY,1991-2020,IBGE_2024
4117800,Palmital,PR,821.733,10,out,231.51625240878158,OK,1991,2020,30,CHIRPS_v2,UCSB-CHG/CHIRPS/DAILY,1991-2020,IBGE_2024
4117271,Nova Tebas,PR,545.662,10,out,197.3506872916162,OK,1991,2020,30,CHIRPS_v2,UCSB-CHG/CHIRPS/DAILY,1991-2020,IBGE_2024
4123857,Santa Maria do Oeste,PR,815.151,10,out,219.6499533481119,OK,1991,2020,30,CHIRPS_v2,UCSB-CHG/CHIRPS/DAILY,1991-2020,IBGE_2024
4115739,Mato Rico,PR,402.533,10,out,234.44834892666313,OK,1991,2020,30,CHIRPS_v2,UCSB-CHG/CHIRPS/DAILY,1991-2020,IBGE_2024
4104808,Cascavel,PR,2094.263,10,out,239.13291128376864,OK,1991,2020,30,CHIRPS_v2,UCSB-CHG/CHIRPS/DAILY,1991-2020,IBGE_2024
4124020,Santa Tereza do Oeste,PR,327.737,10,out,240.21488473715766,OK,1991,2020,30,CHIRPS_v2,UCSB-CHG/CHIRPS/DAILY,1991-2020,IBGE_2024
4107124,Diamante do Sul,PR,347.233,10,out,235.83168050018213,OK,1991,2020,30,CHIRPS_v2,UCSB-CHG/CHIRPS/DAILY,1991-2020,IBGE_2024
4107157,Diamante D'Oeste,PR,310.624,10,out,233.52276581595171,OK,1991,2020,30,CHIRPS_v2,UCSB-CHG/CHIRPS/DAILY,1991-2020,IBGE_2024
4106308,Corbélia,PR,527.607,10,out,237.31216015557084,OK,1991,2020,30,CHIRPS_v2,UCSB-CHG/CHIRPS/DAILY,1991-2020,IBGE_2024
4105300,Céu Azul,PR,1176.523,10,out,257.66738933759564,OK,1991,2020,30,CHIRPS_v2,UCSB-CHG/CHIRPS/DAILY,1991-2020,IBGE_2024
4105003,Catanduvas,PR,578.494,10,out,247.14922619091823,OK,1991,2020,30,CHIRPS_v2,UCSB-CHG/CHIRPS/DAILY,1991-2020,IBGE_2024
4121257,Ramilândia,PR,235.418,10,out,240.02755612841733,OK,1991,2020,30,CHIRPS_v2,UCSB-CHG/CHIRPS/DAILY,1991-2020,IBGE_2024
4113452,Lindoeste,PR,344.691,10,out,252.2723951717556,OK,1991,2020,30,CHIRPS_v2,UCSB-CHG/CHIRPS/DAILY,1991-2020,IBGE_2024
4104600,Capitão Leônidas Marques,PR,280.109,10,out,249.75561204890013,OK,1991,2020,30,CHIRPS_v2,UCSB-CHG/CHIRPS/DAILY,1991-2020,IBGE_2024
4128559,Vera Cruz do Oeste,PR,330.602,10,out,246.3943077375457,OK,1991,2020,30,CHIRPS_v2,UCSB-CHG/CHIRPS/DAILY,1991-2020,IBGE_2024
4104055,Campo Bonito,PR,434.124,10,out,235.75695747158545,OK,1991,2020,30,CHIRPS_v2,UCSB-CHG/CHIRPS/DAILY,1991-2020,IBGE_2024
4127858,Três Barras do Paraná,PR,506.963,10,out,249.8453310736581,OK,1991,2020,30,CHIRPS_v2,UCSB-CHG/CHIRPS/DAILY,1991-2020,IBGE_2024
4103453,Cafelândia,PR,275.17,10,out,223.95857900467348,OK,1991,2020,30,CHIRPS_v2,UCSB-CHG/CHIRPS/DAILY,1991-2020,IBGE_2024
4103354,Braganey,PR,343.26,10,out,232.31066660581232,OK,1991,2020,30,CHIRPS_v2,UCSB-CHG/CHIRPS/DAILY,1991-2020,IBGE_2024
4103057,Boa Vista da Aparecida,PR,265.636,10,out,250.16382488379165,OK,1991,2020,30,CHIRPS_v2,UCSB-CHG/CHIRPS/DAILY,1991-2020,IBGE_2024
4110052,Iguatu,PR,106.937,10,out,220.73840841672268,OK,1991,2020,30,CHIRPS_v2,UCSB-CHG/CHIRPS/DAILY,1991-2020,IBGE_2024
4109757,Ibema,PR,146.547,10,out,247.25029159157097,OK,1991,2020,30,CHIRPS_v2,UCSB-CHG/CHIRPS/DAILY,1991-2020,IBGE_2024
4109302,Guaraniaçu,PR,1237.77,10,out,243.58640274329838,OK,1991,2020,30,CHIRPS_v2,UCSB-CHG/CHIRPS/DAILY,1991-2020,IBGE_2024
4101051,Anahy,PR,104.09,10,out,217.51051304671364,OK,1991,2020,30,CHIRPS_v2,UCSB-CHG/CHIRPS/DAILY,1991-2020,IBGE_2024
4116703,Nova Aurora,PR,471.176,10,out,207.7269457373413,OK,1991,2020,30,CHIRPS_v2,UCSB-CHG/CHIRPS/DAILY,1991-2020,IBGE_2024
4123824,Santa Lúcia,PR,126.813,10,out,252.90757400271266,OK,1991,2020,30,CHIRPS_v2,UCSB-CHG/CHIRPS/DAILY,1991-2020,IBGE_2024
4115606,Matelândia,PR,642.123,10,out,249.30489127248833,OK,1991,2020,30,CHIRPS_v2,UCSB-CHG/CHIRPS/DAILY,1991-2020,IBGE_2024
4108304,Foz do Iguaçu,PR,606.501,10,out,220.85159979468338,OK,1991,2020,30,CHIRPS_v2,UCSB-CHG/CHIRPS/DAILY,1991-2020,IBGE_2024
4124053,Santa Terezinha de Itaipu,PR,270.949,10,out,225.8682962748868,OK,1991,2020,30,CHIRPS_v2,UCSB-CHG/CHIRPS/DAILY,1991-2020,IBGE_2024
4110953,Itaipulândia,PR,328.207,10,out,225.9352452316612,OK,1991,2020,30,CHIRPS_v2,UCSB-CHG/CHIRPS/DAILY,1991-2020,IBGE_2024
4126355,Serranópolis do Iguaçu,PR,482.987,10,out,246.6702861025538,OK,1991,2020,30,CHIRPS_v2,UCSB-CHG/CHIRPS/DAILY,1991-2020,IBGE_2024
4125704,São Miguel do Iguaçu,PR,852.133,10,out,246.93474138904273,OK,1991,2020,30,CHIRPS_v2,UCSB-CHG/CHIRPS/DAILY,1991-2020,IBGE_2024
4116059,Missal,PR,326.214,10,out,230.5672576183561,OK,1991,2020,30,CHIRPS_v2,UCSB-CHG/CHIRPS/DAILY,1991-2020,IBGE_2024
4115804,Medianeira,PR,326.67,10,out,254.94018701121303,OK,1991,2020,30,CHIRPS_v2,UCSB-CHG/CHIRPS/DAILY,1991-2020,IBGE_2024
4127700,Toledo,PR,1197.223,10,out,213.72041461458565,OK,1991,2020,30,CHIRPS_v2,UCSB-CHG/CHIRPS/DAILY,1991-2020,IBGE_2024
4117453,Ouro Verde do Oeste,PR,293.042,10,out,222.9744024207348,OK,1991,2020,30,CHIRPS_v2,UCSB-CHG/CHIRPS/DAILY,1991-2020,IBGE_2024
4123501,Santa Helena,PR,753.997,10,out,230.8379161294162,OK,1991,2020,30,CHIRPS_v2,UCSB-CHG/CHIRPS/DAILY,1991-2020,IBGE_2024
4115358,Maripá,PR,283.794,10,out,202.8727748822707,OK,1991,2020,30,CHIRPS_v2,UCSB-CHG/CHIRPS/DAILY,1991-2020,IBGE_2024
4112751,Jesuítas,PR,246.606,10,out,202.19432140005287,OK,1991,2020,30,CHIRPS_v2,UCSB-CHG/CHIRPS/DAILY,1991-2020,IBGE_2024
4127957,Tupãssi,PR,299.093,10,out,216.91305814567966,OK,1991,2020,30,CHIRPS_v2,UCSB-CHG/CHIRPS/DAILY,1991-2020,IBGE_2024
4127403,Terra Roxa,PR,801.135,10,out,183.9281545317768,OK,1991,2020,30,CHIRPS_v2,UCSB-CHG/CHIRPS/DAILY,1991-2020,IBGE_2024
4110656,Iracema do Oeste,PR,81.538,10,out,203.68232490889406,OK,1991,2020,30,CHIRPS_v2,UCSB-CHG/CHIRPS/DAILY,1991-2020,IBGE_2024
4102000,Assis Chateaubriand,PR,980.816,10,out,203.005969250954,OK,1991,2020,30,CHIRPS_v2,UCSB-CHG/CHIRPS/DAILY,1991-2020,IBGE_2024
4117909,Palotina,PR,651.237,10,out,193.8459416491611,OK,1991,2020,30,CHIRPS_v2,UCSB-CHG/CHIRPS/DAILY,1991-2020,IBGE_2024
4125456,São José das Palmeiras,PR,182.627,10,out,225.44427137077034,OK,1991,2020,30,CHIRPS_v2,UCSB-CHG/CHIRPS/DAILY,1991-2020,IBGE_2024
4125753,São Pedro do Iguaçu,PR,309.1,10,out,232.75006952137286,OK,1991,2020,30,CHIRPS_v2,UCSB-CHG/CHIRPS/DAILY,1991-2020,IBGE_2024
4108809,Guaíra,PR,563.414,10,out,194.8661174344866,OK,1991,2020,30,CHIRPS_v2,UCSB-CHG/CHIRPS/DAILY,1991-2020,IBGE_2024
4108205,Formosa do Oeste,PR,275.651,10,out,198.79634159993532,OK,1991,2020,30,CHIRPS_v2,UCSB-CHG/CHIRPS/DAILY,1991-2020,IBGE_2024
4115408,Marmeleiro,PR,388.538,10,out,256.3260051130483,OK,1991,2020,30,CHIRPS_v2,UCSB-CHG/CHIRPS/DAILY,1991-2020,IBGE_2024
4122800,Salgado Filho,PR,182.616,10,out,262.43701663805734,OK,1991,2020,30,CHIRPS_v2,UCSB-CHG/CHIRPS/DAILY,1991-2020,IBGE_2024
4114351,Manfrinópolis,PR,214.758,10,out,262.593704007672,OK,1991,2020,30,CHIRPS_v2,UCSB-CHG/CHIRPS/DAILY,1991-2020,IBGE_2024
4121406,Realeza,PR,353.922,10,out,254.99359163108494,OK,1991,2020,30,CHIRPS_v2,UCSB-CHG/CHIRPS/DAILY,1991-2020,IBGE_2024
4121604,Renascença,PR,425.947,10,out,252.04293611582284,OK,1991,2020,30,CHIRPS_v2,UCSB-CHG/CHIRPS/DAILY,1991-2020,IBGE_2024
4104501,Capanema,PR,415.961,10,out,238.81648971260412,OK,1991,2020,30,CHIRPS_v2,UCSB-CHG/CHIRPS/DAILY,1991-2020,IBGE_2024
4120358,Pranchita,PR,226.089,10,out,257.4412718989373,OK,1991,2020,30,CHIRPS_v2,UCSB-CHG/CHIRPS/DAILY,1991-2020,IBGE_2024
4128609,Verê,PR,312.744,10,out,251.9716405957246,OK,1991,2020,30,CHIRPS_v2,UCSB-CHG/CHIRPS/DAILY,1991-2020,IBGE_2024
4119806,Planalto,PR,347.974,10,out,244.70821251106008,OK,1991,2020,30,CHIRPS_v2,UCSB-CHG/CHIRPS/DAILY,1991-2020,IBGE_2024
4119251,Pinhal de São Bento,PR,98.062,10,out,259.1686412907801,OK,1991,2020,30,CHIRPS_v2,UCSB-CHG/CHIRPS/DAILY,1991-2020,IBGE_2024
4102752,Bela Vista da Caroba,PR,148.859,10,out,254.19964458712994,OK,1991,2020,30,CHIRPS_v2,UCSB-CHG/CHIRPS/DAILY,1991-2020,IBGE_2024
4103156,Bom Jesus do Sul,PR,175.536,10,out,256.77948546109104,OK,1991,2020,30,CHIRPS_v2,UCSB-CHG/CHIRPS/DAILY,1991-2020,IBGE_2024
4119004,Pérola d'Oeste,PR,204.331,10,out,251.76699038717788,OK,1991,2020,30,CHIRPS_v2,UCSB-CHG/CHIRPS/DAILY,1991-2020,IBGE_2024
4102604,Barracão,PR,161.806,10,out,253.20238373051887,OK,1991,2020,30,CHIRPS_v2,UCSB-CHG/CHIRPS/DAILY,1991-2020,IBGE_2024
4101002,Ampére,PR,297.174,10,out,256.6524869273022,OK,1991,2020,30,CHIRPS_v2,UCSB-CHG/CHIRPS/DAILY,1991-2020,IBGE_2024
4108403,Francisco Beltrão,PR,731.379,10,out,258.617936214436,OK,1991,2020,30,CHIRPS_v2,UCSB-CHG/CHIRPS/DAILY,1991-2020,IBGE_2024
4116950,Nova Esperança do Sudoeste,PR,207.849,10,out,259.0943847652951,OK,1991,2020,30,CHIRPS_v2,UCSB-CHG/CHIRPS/DAILY,1991-2020,IBGE_2024
4124400,Santo Antônio do Sudoeste,PR,327.008,10,out,254.1776933515938,OK,1991,2020,30,CHIRPS_v2,UCSB-CHG/CHIRPS/DAILY,1991-2020,IBGE_2024
4107850,Flor da Serra do Sul,PR,256.157,10,out,261.57944978885666,OK,1991,2020,30,CHIRPS_v2,UCSB-CHG/CHIRPS/DAILY,1991-2020,IBGE_2024
4123808,Santa Izabel do Oeste,PR,321.003,10,out,262.3613811440751,OK,1991,2020,30,CHIRPS_v2,UCSB-CHG/CHIRPS/DAILY,1991-2020,IBGE_2024
4107405,Enéas Marques,PR,196.238,10,out,257.9647221220025,OK,1991,2020,30,CHIRPS_v2,UCSB-CHG/CHIRPS/DAILY,1991-2020,IBGE_2024
4115309,Mariópolis,PR,229.894,10,out,234.2464948861476,OK,1991,2020,30,CHIRPS_v2,UCSB-CHG/CHIRPS/DAILY,1991-2020,IBGE_2024
4106456,Coronel Domingos Soares,PR,1511.972,10,out,237.36116610300044,OK,1991,2020,30,CHIRPS_v2,UCSB-CHG/CHIRPS/DAILY,1991-2020,IBGE_2024
4106506,Coronel Vivida,PR,683.799,10,out,235.96576795562984,OK,1991,2020,30,CHIRPS_v2,UCSB-CHG/CHIRPS/DAILY,1991-2020,IBGE_2024
4114401,Mangueirinha,PR,1058.357,10,out,238.8399772709469,OK,1991,2020,30,CHIRPS_v2,UCSB-CHG/CHIRPS/DAILY,1991-2020,IBGE_2024
4105409,Chopinzinho,PR,961.682,10,out,243.4534559237631,OK,1991,2020,30,CHIRPS_v2,UCSB-CHG/CHIRPS/DAILY,1991-2020,IBGE_2024
4105706,Clevelândia,PR,703.973,10,out,234.05446308891112,OK,1991,2020,30,CHIRPS_v2,UCSB-CHG/CHIRPS/DAILY,1991-2020,IBGE_2024
4128708,Vitorino,PR,308.08,10,out,250.74308048707144,OK,1991,2020,30,CHIRPS_v2,UCSB-CHG/CHIRPS/DAILY,1991-2020,IBGE_2024
4103222,Bom Sucesso do Sul,PR,198.58,10,out,246.2554875937184,OK,1991,2020,30,CHIRPS_v2,UCSB-CHG/CHIRPS/DAILY,1991-2020,IBGE_2024
4111209,Itapejara d'Oeste,PR,251.364,10,out,247.04294610308656,OK,1991,2020,30,CHIRPS_v2,UCSB-CHG/CHIRPS/DAILY,1991-2020,IBGE_2024
4118501,Pato Branco,PR,539.154,10,out,238.94192707262712,OK,1991,2020,30,CHIRPS_v2,UCSB-CHG/CHIRPS/DAILY,1991-2020,IBGE_2024
4126652,Sulina,PR,170.759,10,out,253.14286268027405,OK,1991,2020,30,CHIRPS_v2,UCSB-CHG/CHIRPS/DAILY,1991-2020,IBGE_2024
4117602,Palmas,PR,1561.474,10,out,218.91847631642548,OK,1991,2020,30,CHIRPS_v2,UCSB-CHG/CHIRPS/DAILY,1991-2020,IBGE_2024
4126272,Saudade do Iguaçu,PR,152.084,10,out,249.49110624089684,OK,1991,2020,30,CHIRPS_v2,UCSB-CHG/CHIRPS/DAILY,1991-2020,IBGE_2024
4109658,Honório Serpa,PR,503.896,10,out,236.4877013317326,OK,1991,2020,30,CHIRPS_v2,UCSB-CHG/CHIRPS/DAILY,1991-2020,IBGE_2024
4124806,São João,PR,387.15,10,out,252.493310165587,OK,1991,2020,30,CHIRPS_v2,UCSB-CHG/CHIRPS/DAILY,1991-2020,IBGE_2024
4122156,Rio Bonito do Iguaçu,PR,684.695,10,out,248.49955747338413,OK,1991,2020,30,CHIRPS_v2,UCSB-CHG/CHIRPS/DAILY,1991-2020,IBGE_2024
4113304,Laranjeiras do Sul,PR,677.933,10,out,233.23411240114896,OK,1991,2020,30,CHIRPS_v2,UCSB-CHG/CHIRPS/DAILY,1991-2020,IBGE_2024
4120903,Quedas do Iguaçu,PR,822.345,10,out,252.18813760760915,OK,1991,2020,30,CHIRPS_v2,UCSB-CHG/CHIRPS/DAILY,1991-2020,IBGE_2024
4120150,Porto Barreiro,PR,363.547,10,out,238.97341600619757,OK,1991,2020,30,CHIRPS_v2,UCSB-CHG/CHIRPS/DAILY,1991-2020,IBGE_2024
4128658,Virmond,PR,248.583,10,out,235.0508120059798,OK,1991,2020,30,CHIRPS_v2,UCSB-CHG/CHIRPS/DAILY,1991-2020,IBGE_2024
4117057,Nova Laranjeiras,PR,1201.246,10,out,243.57465700067377,OK,1991,2020,30,CHIRPS_v2,UCSB-CHG/CHIRPS/DAILY,1991-2020,IBGE_2024
4107546,Espigão Alto do Iguaçu,PR,325.584,10,out,250.64748173077967,OK,1991,2020,30,CHIRPS_v2,UCSB-CHG/CHIRPS/DAILY,1991-2020,IBGE_2024
4115457,Marquinho,PR,518.147,10,out,234.16773633616904,OK,1991,2020,30,CHIRPS_v2,UCSB-CHG/CHIRPS/DAILY,1991-2020,IBGE_2024
4107207,Dois Vizinhos,PR,418.162,10,out,255.7411004950556,OK,1991,2020,30,CHIRPS_v2,UCSB-CHG/CHIRPS/DAILY,1991-2020,IBGE_2024
4123006,Salto do Lontra,PR,311.974,10,out,260.9980245551425,OK,1991,2020,30,CHIRPS_v2,UCSB-CHG/CHIRPS/DAILY,1991-2020,IBGE_2024
4106571,Cruzeiro do Iguaçu,PR,161.293,10,out,261.4393073881659,OK,1991,2020,30,CHIRPS_v2,UCSB-CHG/CHIRPS/DAILY,1991-2020,IBGE_2024
4103024,Boa Esperança do Iguaçu,PR,152.252,10,out,253.398178399083,OK,1991,2020,30,CHIRPS_v2,UCSB-CHG/CHIRPS/DAILY,1991-2020,IBGE_2024
4117255,Nova Prata do Iguaçu,PR,352.055,10,out,248.52129292473754,OK,1991,2020,30,CHIRPS_v2,UCSB-CHG/CHIRPS/DAILY,1991-2020,IBGE_2024
4125209,São Jorge d'Oeste,PR,379.442,10,out,255.3239878394974,OK,1991,2020,30,CHIRPS_v2,UCSB-CHG/CHIRPS/DAILY,1991-2020,IBGE_2024
4114609,Marechal Cândido Rondon,PR,743.593,10,out,223.51659164783615,OK,1991,2020,30,CHIRPS_v2,UCSB-CHG/CHIRPS/DAILY,1991-2020,IBGE_2024
4120853,Quatro Pontes,PR,115.665,10,out,241.19818987786033,OK,1991,2020,30,CHIRPS_v2,UCSB-CHG/CHIRPS/DAILY,1991-2020,IBGE_2024
4118451,Pato Bragado,PR,136.483,10,out,213.9396639746944,OK,1991,2020,30,CHIRPS_v2,UCSB-CHG/CHIRPS/DAILY,1991-2020,IBGE_2024
4117222,Nova Santa Rosa,PR,204.665,10,out,211.75818127990604,OK,1991,2020,30,CHIRPS_v2,UCSB-CHG/CHIRPS/DAILY,1991-2020,IBGE_2024
4107538,Entre Rios do Oeste,PR,120.294,10,out,218.4600275302197,OK,1991,2020,30,CHIRPS_v2,UCSB-CHG/CHIRPS/DAILY,1991-2020,IBGE_2024
4115853,Mercedes,PR,197.136,10,out,206.60066808632436,OK,1991,2020,30,CHIRPS_v2,UCSB-CHG/CHIRPS/DAILY,1991-2020,IBGE_2024
4107306,Doutor Camargo,PR,118.286,10,out,162.4042670967358,OK,1991,2020,30,CHIRPS_v2,UCSB-CHG/CHIRPS/DAILY,1991-2020,IBGE_2024
4114203,Mandaguari,PR,335.912,10,out,171.07695740036698,OK,1991,2020,30,CHIRPS_v2,UCSB-CHG/CHIRPS/DAILY,1991-2020,IBGE_2024
4111605,Ivatuba,PR,96.427,10,out,160.84860871887128,OK,1991,2020,30,CHIRPS_v2,UCSB-CHG/CHIRPS/DAILY,1991-2020,IBGE_2024
4128302,Uniflor,PR,95.731,10,out,144.005315923444,OK,1991,2020,30,CHIRPS_v2,UCSB-CHG/CHIRPS/DAILY,1991-2020,IBGE_2024
4102109,Astorga,PR,435.21,10,out,161.73558054037514,OK,1991,2020,30,CHIRPS_v2,UCSB-CHG/CHIRPS/DAILY,1991-2020,IBGE_2024
4102208,Atalaia,PR,137.075,10,out,149.7089762281596,OK,1991,2020,30,CHIRPS_v2,UCSB-CHG/CHIRPS/DAILY,1991-2020,IBGE_2024
4125308,São Jorge do Ivaí,PR,315.088,10,out,160.40422293891942,OK,1991,2020,30,CHIRPS_v2,UCSB-CHG/CHIRPS/DAILY,1991-2020,IBGE_2024
4101150,Ângulo,PR,106.021,10,out,168.15087267537683,OK,1991,2020,30,CHIRPS_v2,UCSB-CHG/CHIRPS/DAILY,1991-2020,IBGE_2024
4116901,Nova Esperança,PR,402.051,10,out,151.96998062890293,OK,1991,2020,30,CHIRPS_v2,UCSB-CHG/CHIRPS/DAILY,1991-2020,IBGE_2024
4116307,Munhoz de Melo,PR,137.03,10,out,155.7503478464273,OK,1991,2020,30,CHIRPS_v2,UCSB-CHG/CHIRPS/DAILY,1991-2020,IBGE_2024
4108106,Flórida,PR,83.046,10,out,150.69952835855048,OK,1991,2020,30,CHIRPS_v2,UCSB-CHG/CHIRPS/DAILY,1991-2020,IBGE_2024
4107801,Floraí,PR,190.812,10,out,156.8701375372629,OK,1991,2020,30,CHIRPS_v2,UCSB-CHG/CHIRPS/DAILY,1991-2020,IBGE_2024
4123402,Santa Fé,PR,276.262,10,out,154.18716322812148,OK,1991,2020,30,CHIRPS_v2,UCSB-CHG/CHIRPS/DAILY,1991-2020,IBGE_2024
4114807,Marialva,PR,474.954,10,out,162.56769210600532,OK,1991,2020,30,CHIRPS_v2,UCSB-CHG/CHIRPS/DAILY,1991-2020,IBGE_2024
4114104,Mandaguaçu,PR,293.792,10,out,160.6768234776936,OK,1991,2020,30,CHIRPS_v2,UCSB-CHG/CHIRPS/DAILY,1991-2020,IBGE_2024
4120408,Presidente Castelo Branco,PR,155.631,10,out,157.622648762244,OK,1991,2020,30,CHIRPS_v2,UCSB-CHG/CHIRPS/DAILY,1991-2020,IBGE_2024
4111100,Itambé,PR,244.495,10,out,164.08785673663198,OK,1991,2020,30,CHIRPS_v2,UCSB-CHG/CHIRPS/DAILY,1991-2020,IBGE_2024
4110003,Iguaraçu,PR,164.54,10,out,168.80404661711475,OK,1991,2020,30,CHIRPS_v2,UCSB-CHG/CHIRPS/DAILY,1991-2020,IBGE_2024
4126256,Sarandi,PR,103.942,10,out,154.41203489411583,OK,1991,2020,30,CHIRPS_v2,UCSB-CHG/CHIRPS/DAILY,1991-2020,IBGE_2024
4117503,Paiçandu,PR,170.824,10,out,159.09581192402896,OK,1991,2020,30,CHIRPS_v2,UCSB-CHG/CHIRPS/DAILY,1991-2020,IBGE_2024
4117404,Ourizona,PR,176.457,10,out,160.20072116057398,OK,1991,2020,30,CHIRPS_v2,UCSB-CHG/CHIRPS/DAILY,1991-2020,IBGE_2024
4107900,Floresta,PR,158.334,10,out,160.30235399514396,OK,1991,2020,30,CHIRPS_v2,UCSB-CHG/CHIRPS/DAILY,1991-2020,IBGE_2024
4115200,Maringá,PR,487.912,10,out,155.1501052010319,OK,1991,2020,30,CHIRPS_v2,UCSB-CHG/CHIRPS/DAILY,1991-2020,IBGE_2024
4106555,Corumbataí do Sul,PR,167.921,10,out,188.6807313060615,OK,1991,2020,30,CHIRPS_v2,UCSB-CHG/CHIRPS/DAILY,1991-2020,IBGE_2024
4114005,Mamborê,PR,787.33,10,out,213.05798294637148,OK,1991,2020,30,CHIRPS_v2,UCSB-CHG/CHIRPS/DAILY,1991-2020,IBGE_2024
4122503,Roncador,PR,741.709,10,out,214.3979522034035,OK,1991,2020,30,CHIRPS_v2,UCSB-CHG/CHIRPS/DAILY,1991-2020,IBGE_2024
4113734,Luiziana,PR,915.604,10,out,202.73866081748352,OK,1991,2020,30,CHIRPS_v2,UCSB-CHG/CHIRPS/DAILY,1991-2020,IBGE_2024
4121356,Rancho Alegre D'Oeste,PR,241.185,10,out,201.41945815844662,OK,1991,2020,30,CHIRPS_v2,UCSB-CHG/CHIRPS/DAILY,1991-2020,IBGE_2024
4120655,Quarto Centenário,PR,320.779,10,out,199.48533366936684,OK,1991,2020,30,CHIRPS_v2,UCSB-CHG/CHIRPS/DAILY,1991-2020,IBGE_2024
4104303,Campo Mourão,PR,748.054,10,out,192.25639851785584,OK,1991,2020,30,CHIRPS_v2,UCSB-CHG/CHIRPS/DAILY,1991-2020,IBGE_2024
4112959,Juranda,PR,354.522,10,out,208.8175125850359,OK,1991,2020,30,CHIRPS_v2,UCSB-CHG/CHIRPS/DAILY,1991-2020,IBGE_2024
4121109,Quinta do Sol,PR,326.137,10,out,170.607090101599,OK,1991,2020,30,CHIRPS_v2,UCSB-CHG/CHIRPS/DAILY,1991-2020,IBGE_2024
4103909,Campina da Lagoa,PR,798.991,10,out,218.85375869349426,OK,1991,2020,30,CHIRPS_v2,UCSB-CHG/CHIRPS/DAILY,1991-2020,IBGE_2024
4112207,Janiópolis,PR,337.91,10,out,191.36103958551305,OK,1991,2020,30,CHIRPS_v2,UCSB-CHG/CHIRPS/DAILY,1991-2020,IBGE_2024
4128005,Ubiratã,PR,653.097,10,out,214.62578806149105,OK,1991,2020,30,CHIRPS_v2,UCSB-CHG/CHIRPS/DAILY,1991-2020,IBGE_2024
4103008,Boa Esperança,PR,301.131,10,out,201.50020905478092,OK,1991,2020,30,CHIRPS_v2,UCSB-CHG/CHIRPS/DAILY,1991-2020,IBGE_2024
4118808,Peabiru,PR,467.542,10,out,180.45175583099072,OK,1991,2020,30,CHIRPS_v2,UCSB-CHG/CHIRPS/DAILY,1991-2020,IBGE_2024
4110805,Iretama,PR,570.716,10,out,183.83756553756754,OK,1991,2020,30,CHIRPS_v2,UCSB-CHG/CHIRPS/DAILY,1991-2020,IBGE_2024
4102505,Barbosa Ferraz,PR,536.101,10,out,182.2915259975785,OK,1991,2020,30,CHIRPS_v2,UCSB-CHG/CHIRPS/DAILY,1991-2020,IBGE_2024
4101705,Araruna,PR,492.521,10,out,182.98013857774842,OK,1991,2020,30,CHIRPS_v2,UCSB-CHG/CHIRPS/DAILY,1991-2020,IBGE_2024
4116802,Nova Cantu,PR,552.873,10,out,220.90000324161102,OK,1991,2020,30,CHIRPS_v2,UCSB-CHG/CHIRPS/DAILY,1991-2020,IBGE_2024
4108601,Goioerê,PR,563.954,10,out,195.85288282991235,OK,1991,2020,30,CHIRPS_v2,UCSB-CHG/CHIRPS/DAILY,1991-2020,IBGE_2024
4100459,Altamira do Paraná,PR,386.952,10,out,224.66563937794885,OK,1991,2020,30,CHIRPS_v2,UCSB-CHG/CHIRPS/DAILY,1991-2020,IBGE_2024
4116109,Moreira Sales,PR,356.711,10,out,184.94635144630823,OK,1991,2020,30,CHIRPS_v2,UCSB-CHG/CHIRPS/DAILY,1991-2020,IBGE_2024
4107504,Engenheiro Beltrão,PR,470.825,10,out,169.94752291214473,OK,1991,2020,30,CHIRPS_v2,UCSB-CHG/CHIRPS/DAILY,1991-2020,IBGE_2024
4107553,Farol,PR,289.232,10,out,197.08725622805377,OK,1991,2020,30,CHIRPS_v2,UCSB-CHG/CHIRPS/DAILY,1991-2020,IBGE_2024
4107702,Fênix,PR,232.209,10,out,177.32713877479424,OK,1991,2020,30,CHIRPS_v2,UCSB-CHG/CHIRPS/DAILY,1991-2020,IBGE_2024
4114708,Maria Helena,PR,486.539,10,out,177.5736345685197,OK,1991,2020,30,CHIRPS_v2,UCSB-CHG/CHIRPS/DAILY,1991-2020,IBGE_2024
4128104,Umuarama,PR,1233.997,10,out,177.8680539571636,OK,1991,2020,30,CHIRPS_v2,UCSB-CHG/CHIRPS/DAILY,1991-2020,IBGE_2024
4107256,Douradina,PR,420.525,10,out,165.04007474992156,OK,1991,2020,30,CHIRPS_v2,UCSB-CHG/CHIRPS/DAILY,1991-2020,IBGE_2024
4106605,Cruzeiro do Oeste,PR,776.101,10,out,175.70265662964766,OK,1991,2020,30,CHIRPS_v2,UCSB-CHG/CHIRPS/DAILY,1991-2020,IBGE_2024
4105607,Cidade Gaúcha,PR,402.241,10,out,163.9583205486608,OK,1991,2020,30,CHIRPS_v2,UCSB-CHG/CHIRPS/DAILY,1991-2020,IBGE_2024
4128807,Xambrê,PR,360.044,10,out,177.00927834654271,OK,1991,2020,30,CHIRPS_v2,UCSB-CHG/CHIRPS/DAILY,1991-2020,IBGE_2024
4128625,Alto Paraíso,PR,967.763,10,out,171.58282534287824,OK,1991,2020,30,CHIRPS_v2,UCSB-CHG/CHIRPS/DAILY,1991-2020,IBGE_2024
4103370,Brasilândia do Sul,PR,291.036,10,out,197.6269404745638,OK,1991,2020,30,CHIRPS_v2,UCSB-CHG/CHIRPS/DAILY,1991-2020,IBGE_2024
4103479,Cafezal do Sul,PR,335.728,10,out,192.28578523524203,OK,1991,2020,30,CHIRPS_v2,UCSB-CHG/CHIRPS/DAILY,1991-2020,IBGE_2024
4111555,Ivaté,PR,410.221,10,out,166.79177798654814,OK,1991,2020,30,CHIRPS_v2,UCSB-CHG/CHIRPS/DAILY,1991-2020,IBGE_2024
4110607,Iporã,PR,648.624,10,out,195.15528975604383,OK,1991,2020,30,CHIRPS_v2,UCSB-CHG/CHIRPS/DAILY,1991-2020,IBGE_2024
4126900,Tapira,PR,434.371,10,out,163.34140658535932,OK,1991,2020,30,CHIRPS_v2,UCSB-CHG/CHIRPS/DAILY,1991-2020,IBGE_2024
4118907,Pérola,PR,236.07,10,out,181.06845737022383,OK,1991,2020,30,CHIRPS_v2,UCSB-CHG/CHIRPS/DAILY,1991-2020,IBGE_2024
4118857,Perobal,PR,409.062,10,out,187.23169974473456,OK,1991,2020,30,CHIRPS_v2,UCSB-CHG/CHIRPS/DAILY,1991-2020,IBGE_2024
4109906,Icaraíma,PR,675.24,10,out,169.69738814163244,OK,1991,2020,30,CHIRPS_v2,UCSB-CHG/CHIRPS/DAILY,1991-2020,IBGE_2024
4117206,Nova Olímpia,PR,136.347,10,out,166.69986221769886,OK,1991,2020,30,CHIRPS_v2,UCSB-CHG/CHIRPS/DAILY,1991-2020,IBGE_2024
4100707,Alto Piquiri,PR,448.373,10,out,189.29923651516154,OK,1991,2020,30,CHIRPS_v2,UCSB-CHG/CHIRPS/DAILY,1991-2020,IBGE_2024
4125357,São Jorge do Patrocínio,PR,404.018,10,out,174.2698803612322,OK,1991,2020,30,CHIRPS_v2,UCSB-CHG/CHIRPS/DAILY,1991-2020,IBGE_2024
4100509,Altônia,PR,663.955,10,out,181.8975140623404,OK,1991,2020,30,CHIRPS_v2,UCSB-CHG/CHIRPS/DAILY,1991-2020,IBGE_2024
4108320,Francisco Alves,PR,320.119,10,out,190.62528119581808,OK,1991,2020,30,CHIRPS_v2,UCSB-CHG/CHIRPS/DAILY,1991-2020,IBGE_2024
4107520,Esperança Nova,PR,141.317,10,out,174.6397394926428,OK,1991,2020,30,CHIRPS_v2,UCSB-CHG/CHIRPS/DAILY,1991-2020,IBGE_2024
4115101,Mariluz,PR,430.432,10,out,187.0347359071736,OK,1991,2020,30,CHIRPS_v2,UCSB-CHG/CHIRPS/DAILY,1991-2020,IBGE_2024
4107108,Diamante do Norte,PR,242.887,10,out,138.58365180008016,OK,1991,2020,30,CHIRPS_v2,UCSB-CHG/CHIRPS/DAILY,1991-2020,IBGE_2024
4115002,Marilena,PR,231.349,10,out,140.89725262331928,OK,1991,2020,30,CHIRPS_v2,UCSB-CHG/CHIRPS/DAILY,1991-2020,IBGE_2024
4119707,Planaltina do Paraná,PR,356.276,10,out,157.12546814493427,OK,1991,2020,30,CHIRPS_v2,UCSB-CHG/CHIRPS/DAILY,1991-2020,IBGE_2024
4127304,Terra Rica,PR,698.25,10,out,139.7242354481915,OK,1991,2020,30,CHIRPS_v2,UCSB-CHG/CHIRPS/DAILY,1991-2020,IBGE_2024
4111308,Itaúna do Sul,PR,127.002,10,out,142.4002452719862,OK,1991,2020,30,CHIRPS_v2,UCSB-CHG/CHIRPS/DAILY,1991-2020,IBGE_2024
4126702,Tamboara,PR,193.316,10,out,152.9449204594015,OK,1991,2020,30,CHIRPS_v2,UCSB-CHG/CHIRPS/DAILY,1991-2020,IBGE_2024
4118402,Paranavaí,PR,1197.394,10,out,144.69749727290514,OK,1991,2020,30,CHIRPS_v2,UCSB-CHG/CHIRPS/DAILY,1991-2020,IBGE_2024
4118006,Paraíso do Norte,PR,205.222,10,out,159.8617036627793,OK,1991,2020,30,CHIRPS_v2,UCSB-CHG/CHIRPS/DAILY,1991-2020,IBGE_2024
4100905,Amaporã,PR,384.91,10,out,155.14333377854803,OK,1991,2020,30,CHIRPS_v2,UCSB-CHG/CHIRPS/DAILY,1991-2020,IBGE_2024
4117107,Nova Londrina,PR,272.27,10,out,145.60961830260536,OK,1991,2020,30,CHIRPS_v2,UCSB-CHG/CHIRPS/DAILY,1991-2020,IBGE_2024
4108908,Guairaçá,PR,496.289,10,out,150.00311897912198,OK,1991,2020,30,CHIRPS_v2,UCSB-CHG/CHIRPS/DAILY,1991-2020,IBGE_2024
4124905,São João do Caiuá,PR,305.388,10,out,140.05668604872994,OK,1991,2020,30,CHIRPS_v2,UCSB-CHG/CHIRPS/DAILY,1991-2020,IBGE_2024
4100608,Alto Paraná,PR,409.014,10,out,147.76389361890818,OK,1991,2020,30,CHIRPS_v2,UCSB-CHG/CHIRPS/DAILY,1991-2020,IBGE_2024
4116505,Nova Aliança do Ivaí,PR,130.614,10,out,153.5090689080245,OK,1991,2020,30,CHIRPS_v2,UCSB-CHG/CHIRPS/DAILY,1991-2020,IBGE_2024
4124608,São Carlos do Ivaí,PR,225.079,10,out,159.40010208110292,OK,1991,2020,30,CHIRPS_v2,UCSB-CHG/CHIRPS/DAILY,1991-2020,IBGE_2024
4124202,Santo Antônio do Caiuá,PR,221.391,10,out,136.27994427076743,OK,1991,2020,30,CHIRPS_v2,UCSB-CHG/CHIRPS/DAILY,1991-2020,IBGE_2024
4115903,Mirador,PR,222.016,10,out,155.56569927903507,OK,1991,2020,30,CHIRPS_v2,UCSB-CHG/CHIRPS/DAILY,1991-2020,IBGE_2024
4122602,Rondon,PR,557.257,10,out,167.90361129784597,OK,1991,2020,30,CHIRPS_v2,UCSB-CHG/CHIRPS/DAILY,1991-2020,IBGE_2024
4105508,Cianorte,PR,807.796,10,out,172.05534843345376,OK,1991,2020,30,CHIRPS_v2,UCSB-CHG/CHIRPS/DAILY,1991-2020,IBGE_2024
4113007,Jussara,PR,207.013,10,out,170.76488745298025,OK,1991,2020,30,CHIRPS_v2,UCSB-CHG/CHIRPS/DAILY,1991-2020,IBGE_2024
4112405,Japurá,PR,165.185,10,out,164.45552053669664,OK,1991,2020,30,CHIRPS_v2,UCSB-CHG/CHIRPS/DAILY,1991-2020,IBGE_2024
4127908,Tuneiras do Oeste,PR,705.229,10,out,168.23052994756938,OK,1991,2020,30,CHIRPS_v2,UCSB-CHG/CHIRPS/DAILY,1991-2020,IBGE_2024
4126801,Tapejara,PR,590.927,10,out,168.74573832235345,OK,1991,2020,30,CHIRPS_v2,UCSB-CHG/CHIRPS/DAILY,1991-2020,IBGE_2024
4110409,Indianópolis,PR,122.392,10,out,170.17495602652298,OK,1991,2020,30,CHIRPS_v2,UCSB-CHG/CHIRPS/DAILY,1991-2020,IBGE_2024
4127205,Terra Boa,PR,323.63,10,out,170.518319276345,OK,1991,2020,30,CHIRPS_v2,UCSB-CHG/CHIRPS/DAILY,1991-2020,IBGE_2024
4126108,São Tomé,PR,218.623,10,out,167.32570636329427,OK,1991,2020,30,CHIRPS_v2,UCSB-CHG/CHIRPS/DAILY,1991-2020,IBGE_2024
4109104,Guaporema,PR,200.407,10,out,161.95244207282485,OK,1991,2020,30,CHIRPS_v2,UCSB-CHG/CHIRPS/DAILY,1991-2020,IBGE_2024
4125555,São Manoel do Paraná,PR,95.381,10,out,167.91346731913302,OK,1991,2020,30,CHIRPS_v2,UCSB-CHG/CHIRPS/DAILY,1991-2020,IBGE_2024
4123600,Santa Inês,PR,156.422,10,out,140.69703632345198,OK,1991,2020,30,CHIRPS_v2,UCSB-CHG/CHIRPS/DAILY,1991-2020,IBGE_2024
4106704,Cruzeiro do Sul,PR,259.115,10,out,142.78338902148542,OK,1991,2020,30,CHIRPS_v2,UCSB-CHG/CHIRPS/DAILY,1991-2020,IBGE_2024
4105904,Colorado,PR,408.533,10,out,139.8617708217112,OK,1991,2020,30,CHIRPS_v2,UCSB-CHG/CHIRPS/DAILY,1991-2020,IBGE_2024
4113601,Lobato,PR,240.904,10,out,142.47189632159427,OK,1991,2020,30,CHIRPS_v2,UCSB-CHG/CHIRPS/DAILY,1991-2020,IBGE_2024
4112603,Jardim Olinda,PR,128.515,10,out,133.71331384750135,OK,1991,2020,30,CHIRPS_v2,UCSB-CHG/CHIRPS/DAILY,1991-2020,IBGE_2024
4110904,Itaguajé,PR,195.493,10,out,139.50311859875592,OK,1991,2020,30,CHIRPS_v2,UCSB-CHG/CHIRPS/DAILY,1991-2020,IBGE_2024
4118303,Paranapoema,PR,175.875,10,out,136.96702239988,OK,1991,2020,30,CHIRPS_v2,UCSB-CHG/CHIRPS/DAILY,1991-2020,IBGE_2024
4118105,Paranacity,PR,348.152,10,out,139.77373241078692,OK,1991,2020,30,CHIRPS_v2,UCSB-CHG/CHIRPS/DAILY,1991-2020,IBGE_2024
4110300,Inajá,PR,194.704,10,out,134.49818149540602,OK,1991,2020,30,CHIRPS_v2,UCSB-CHG/CHIRPS/DAILY,1991-2020,IBGE_2024
4124509,Santo Inácio,PR,278.541,10,out,139.50493245828298,OK,1991,2020,30,CHIRPS_v2,UCSB-CHG/CHIRPS/DAILY,1991-2020,IBGE_2024
4116406,Nossa Senhora das Graças,PR,186.259,10,out,149.30429930570602,OK,1991,2020,30,CHIRPS_v2,UCSB-CHG/CHIRPS/DAILY,1991-2020,IBGE_2024
4123709,Santa Isabel do Ivaí,PR,349.425,10,out,159.20720385555882,OK,1991,2020,30,CHIRPS_v2,UCSB-CHG/CHIRPS/DAILY,1991-2020,IBGE_2024
4113502,Loanda,PR,722.091,10,out,153.59064285009634,OK,1991,2020,30,CHIRPS_v2,UCSB-CHG/CHIRPS/DAILY,1991-2020,IBGE_2024
4121000,Querência do Norte,PR,911.72,10,out,156.15459776159742,OK,1991,2020,30,CHIRPS_v2,UCSB-CHG/CHIRPS/DAILY,1991-2020,IBGE_2024
4120200,Porto Rico,PR,219.242,10,out,145.56684940311638,OK,1991,2020,30,CHIRPS_v2,UCSB-CHG/CHIRPS/DAILY,1991-2020,IBGE_2024
4125902,São Pedro do Paraná,PR,248.865,10,out,142.8268619705432,OK,1991,2020,30,CHIRPS_v2,UCSB-CHG/CHIRPS/DAILY,1991-2020,IBGE_2024
4123956,Santa Mônica,PR,260.488,10,out,161.1505037438523,OK,1991,2020,30,CHIRPS_v2,UCSB-CHG/CHIRPS/DAILY,1991-2020,IBGE_2024
4123303,Santa Cruz de Monte Castelo,PR,444.966,10,out,156.20908124467599,OK,1991,2020,30,CHIRPS_v2,UCSB-CHG/CHIRPS/DAILY,1991-2020,IBGE_2024
4113700,Londrina,PR,1647.796,10,out,161.19852893955044,OK,1991,2020,30,CHIRPS_v2,UCSB-CHG/CHIRPS/DAILY,1991-2020,IBGE_2024
4112702,Jataizinho,PR,161.132,10,out,153.93544327960285,OK,1991,2020,30,CHIRPS_v2,UCSB-CHG/CHIRPS/DAILY,1991-2020,IBGE_2024
4103701,Cambé,PR,499.583,10,out,153.19747367055015,OK,1991,2020,30,CHIRPS_v2,UCSB-CHG/CHIRPS/DAILY,1991-2020,IBGE_2024
4109807,Ibiporã,PR,298.998,10,out,152.7551043682096,OK,1991,2020,30,CHIRPS_v2,UCSB-CHG/CHIRPS/DAILY,1991-2020,IBGE_2024
4101507,Arapongas,PR,383.37,10,out,173.39474181874323,OK,1991,2020,30,CHIRPS_v2,UCSB-CHG/CHIRPS/DAILY,1991-2020,IBGE_2024
4122701,Sabáudia,PR,191.252,10,out,166.319182329848,OK,1991,2020,30,CHIRPS_v2,UCSB-CHG/CHIRPS/DAILY,1991-2020,IBGE_2024
4122404,Rolândia,PR,456.228,10,out,161.6780617346322,OK,1991,2020,30,CHIRPS_v2,UCSB-CHG/CHIRPS/DAILY,1991-2020,IBGE_2024
4113809,Lupionópolis,PR,121.661,10,out,139.07320699711332,OK,1991,2020,30,CHIRPS_v2,UCSB-CHG/CHIRPS/DAILY,1991-2020,IBGE_2024
4105102,Centenário do Sul,PR,370.629,10,out,142.71583823331392,OK,1991,2020,30,CHIRPS_v2,UCSB-CHG/CHIRPS/DAILY,1991-2020,IBGE_2024
4120333,Prado Ferreira,PR,152.876,10,out,147.65602650673364,OK,1991,2020,30,CHIRPS_v2,UCSB-CHG/CHIRPS/DAILY,1991-2020,IBGE_2024
4120507,Primeiro de Maio,PR,410.378,10,out,142.02432667799783,OK,1991,2020,30,CHIRPS_v2,UCSB-CHG/CHIRPS/DAILY,1991-2020,IBGE_2024
4103404,Cafeara,PR,184.255,10,out,142.56382683980328,OK,1991,2020,30,CHIRPS_v2,UCSB-CHG/CHIRPS/DAILY,1991-2020,IBGE_2024
4119657,Pitangueiras,PR,123.081,10,out,156.3118559499978,OK,1991,2020,30,CHIRPS_v2,UCSB-CHG/CHIRPS/DAILY,1991-2020,IBGE_2024
4111902,Jaguapitã,PR,475.004,10,out,151.62087396876444,OK,1991,2020,30,CHIRPS_v2,UCSB-CHG/CHIRPS/DAILY,1991-2020,IBGE_2024
4120002,Porecatu,PR,291.663,10,out,144.4619098152184,OK,1991,2020,30,CHIRPS_v2,UCSB-CHG/CHIRPS/DAILY,1991-2020,IBGE_2024
4102802,Bela Vista do Paraíso,PR,246.225,10,out,145.05083264895202,OK,1991,2020,30,CHIRPS_v2,UCSB-CHG/CHIRPS/DAILY,1991-2020,IBGE_2024
4126504,Sertanópolis,PR,505.489,10,out,145.99152541384666,OK,1991,2020,30,CHIRPS_v2,UCSB-CHG/CHIRPS/DAILY,1991-2020,IBGE_2024
4101903,Assaí,PR,440.347,10,out,153.42372044061338,OK,1991,2020,30,CHIRPS_v2,UCSB-CHG/CHIRPS/DAILY,1991-2020,IBGE_2024
4126678,Tamarana,PR,473.283,10,out,170.67259446121489,OK,1991,2020,30,CHIRPS_v2,UCSB-CHG/CHIRPS/DAILY,1991-2020,IBGE_2024
4100806,Alvorada do Sul,PR,424.25,10,out,143.48802710687025,OK,1991,2020,30,CHIRPS_v2,UCSB-CHG/CHIRPS/DAILY,1991-2020,IBGE_2024
4109203,Guaraci,PR,213.067,10,out,153.8743874515086,OK,1991,2020,30,CHIRPS_v2,UCSB-CHG/CHIRPS/DAILY,1991-2020,IBGE_2024
4108007,Florestópolis,PR,246.853,10,out,145.35866085694465,OK,1991,2020,30,CHIRPS_v2,UCSB-CHG/CHIRPS/DAILY,1991-2020,IBGE_2024
4116000,Miraselva,PR,90.572,10,out,148.04325270223438,OK,1991,2020,30,CHIRPS_v2,UCSB-CHG/CHIRPS/DAILY,1991-2020,IBGE_2024
4122909,Salto do Itararé,PR,200.897,10,out,142.08784900360996,OK,1991,2020,30,CHIRPS_v2,UCSB-CHG/CHIRPS/DAILY,1991-2020,IBGE_2024
4121802,Ribeirão Claro,PR,625.874,10,out,148.7011083176982,OK,1991,2020,30,CHIRPS_v2,UCSB-CHG/CHIRPS/DAILY,1991-2020,IBGE_2024
4121901,Ribeirão do Pinhal,PR,374.754,10,out,143.94741736610146,OK,1991,2020,30,CHIRPS_v2,UCSB-CHG/CHIRPS/DAILY,1991-2020,IBGE_2024
4120705,Quatiguá,PR,112.567,10,out,152.91715610061902,OK,1991,2020,30,CHIRPS_v2,UCSB-CHG/CHIRPS/DAILY,1991-2020,IBGE_2024
4112900,Jundiaí do Sul,PR,316.748,10,out,143.69743075758086,OK,1991,2020,30,CHIRPS_v2,UCSB-CHG/CHIRPS/DAILY,1991-2020,IBGE_2024
4104709,Carlópolis,PR,454.169,10,out,148.40029428917893,OK,1991,2020,30,CHIRPS_v2,UCSB-CHG/CHIRPS/DAILY,1991-2020,IBGE_2024
4112801,Joaquim Távora,PR,288.922,10,out,152.25816316555276,OK,1991,2020,30,CHIRPS_v2,UCSB-CHG/CHIRPS/DAILY,1991-2020,IBGE_2024
4128500,Wenceslau Braz,PR,397.685,10,out,141.0443085211216,OK,1991,2020,30,CHIRPS_v2,UCSB-CHG/CHIRPS/DAILY,1991-2020,IBGE_2024
4111803,Jacarezinho,PR,603.383,10,out,149.56976413062856,OK,1991,2020,30,CHIRPS_v2,UCSB-CHG/CHIRPS/DAILY,1991-2020,IBGE_2024
4103602,Cambará,PR,367.462,10,out,147.83154162370536,OK,1991,2020,30,CHIRPS_v2,UCSB-CHG/CHIRPS/DAILY,1991-2020,IBGE_2024
4127809,Tomazina,PR,591.939,10,out,148.96270565960657,OK,1991,2020,30,CHIRPS_v2,UCSB-CHG/CHIRPS/DAILY,1991-2020,IBGE_2024
4102703,Barra do Jacaré,PR,115.855,10,out,134.9946948531427,OK,1991,2020,30,CHIRPS_v2,UCSB-CHG/CHIRPS/DAILY,1991-2020,IBGE_2024
4126603,Siqueira Campos,PR,277.112,10,out,144.01433827276063,OK,1991,2020,30,CHIRPS_v2,UCSB-CHG/CHIRPS/DAILY,1991-2020,IBGE_2024
4125407,São José da Boa Vista,PR,399.886,10,out,141.445140075081,OK,1991,2020,30,CHIRPS_v2,UCSB-CHG/CHIRPS/DAILY,1991-2020,IBGE_2024
4109005,Guapirama,PR,189.372,10,out,148.3639241778754,OK,1991,2020,30,CHIRPS_v2,UCSB-CHG/CHIRPS/DAILY,1991-2020,IBGE_2024
4101101,Andirá,PR,234.635,10,out,136.5338147280767,OK,1991,2020,30,CHIRPS_v2,UCSB-CHG/CHIRPS/DAILY,1991-2020,IBGE_2024
4100103,Abatiá,PR,227.923,10,out,144.3137120163736,OK,1991,2020,30,CHIRPS_v2,UCSB-CHG/CHIRPS/DAILY,1991-2020,IBGE_2024
4124103,Santo Antônio da Platina,PR,720.385,10,out,146.48093570561278,OK,1991,2020,30,CHIRPS_v2,UCSB-CHG/CHIRPS/DAILY,1991-2020,IBGE_2024
4124004,Santana do Itararé,PR,251.831,10,out,142.05420462781055,OK,1991,2020,30,CHIRPS_v2,UCSB-CHG/CHIRPS/DAILY,1991-2020,IBGE_2024
4101408,Apucarana,PR,556.771,10,out,174.0060593249492,OK,1991,2020,30,CHIRPS_v2,UCSB-CHG/CHIRPS/DAILY,1991-2020,IBGE_2024
4115507,Marumbi,PR,207.687,10,out,174.57616605723427,OK,1991,2020,30,CHIRPS_v2,UCSB-CHG/CHIRPS/DAILY,1991-2020,IBGE_2024
4114906,Marilândia do Sul,PR,384.42,10,out,173.2877242831811,OK,1991,2020,30,CHIRPS_v2,UCSB-CHG/CHIRPS/DAILY,1991-2020,IBGE_2024
4122107,Rio Bom,PR,177.836,10,out,177.0724603602809,OK,1991,2020,30,CHIRPS_v2,UCSB-CHG/CHIRPS/DAILY,1991-2020,IBGE_2024
4113106,Kaloré,PR,194.081,10,out,175.48796746559967,OK,1991,2020,30,CHIRPS_v2,UCSB-CHG/CHIRPS/DAILY,1991-2020,IBGE_2024
4112108,Jandaia do Sul,PR,188.103,10,out,173.101200024446,OK,1991,2020,30,CHIRPS_v2,UCSB-CHG/CHIRPS/DAILY,1991-2020,IBGE_2024
4103800,Cambira,PR,166.274,10,out,174.8103183079605,OK,1991,2020,30,CHIRPS_v2,UCSB-CHG/CHIRPS/DAILY,1991-2020,IBGE_2024
4103305,Borrazópolis,PR,338.354,10,out,179.22545775370043,OK,1991,2020,30,CHIRPS_v2,UCSB-CHG/CHIRPS/DAILY,1991-2020,IBGE_2024
4103503,Califórnia,PR,141.817,10,out,173.3143383081745,OK,1991,2020,30,CHIRPS_v2,UCSB-CHG/CHIRPS/DAILY,1991-2020,IBGE_2024
4103206,Bom Sucesso,PR,321.56,10,out,168.2261179120295,OK,1991,2020,30,CHIRPS_v2,UCSB-CHG/CHIRPS/DAILY,1991-2020,IBGE_2024
4125803,São Pedro do Ivaí,PR,323.213,10,out,174.32772020781653,OK,1991,2020,30,CHIRPS_v2,UCSB-CHG/CHIRPS/DAILY,1991-2020,IBGE_2024
4117297,Novo Itacolomi,PR,159.639,10,out,176.64420492629887,OK,1991,2020,30,CHIRPS_v2,UCSB-CHG/CHIRPS/DAILY,1991-2020,IBGE_2024
4115754,Mauá da Serra,PR,107.535,10,out,179.59154915470123,OK,1991,2020,30,CHIRPS_v2,UCSB-CHG/CHIRPS/DAILY,1991-2020,IBGE_2024
4106407,Cornélio Procópio,PR,636.59,10,out,145.7327923895904,OK,1991,2020,30,CHIRPS_v2,UCSB-CHG/CHIRPS/DAILY,1991-2020,IBGE_2024
4123105,Santa Amélia,PR,77.849,10,out,140.2565071222209,OK,1991,2020,30,CHIRPS_v2,UCSB-CHG/CHIRPS/DAILY,1991-2020,IBGE_2024
4123204,Santa Cecília do Pavão,PR,105.076,10,out,155.258643328375,OK,1991,2020,30,CHIRPS_v2,UCSB-CHG/CHIRPS/DAILY,1991-2020,IBGE_2024
4106001,Congonhinhas,PR,535.963,10,out,149.2018361091046,OK,1991,2020,30,CHIRPS_v2,UCSB-CHG/CHIRPS/DAILY,1991-2020,IBGE_2024
4121307,Rancho Alegre,PR,167.646,10,out,144.9889944636375,OK,1991,2020,30,CHIRPS_v2,UCSB-CHG/CHIRPS/DAILY,1991-2020,IBGE_2024
4113403,Leópolis,PR,344.918,10,out,144.14760340307936,OK,1991,2020,30,CHIRPS_v2,UCSB-CHG/CHIRPS/DAILY,1991-2020,IBGE_2024
4128401,Uraí,PR,235.855,10,out,148.8602777286993,OK,1991,2020,30,CHIRPS_v2,UCSB-CHG/CHIRPS/DAILY,1991-2020,IBGE_2024
4111001,Itambaracá,PR,207.342,10,out,139.99210599816388,OK,1991,2020,30,CHIRPS_v2,UCSB-CHG/CHIRPS/DAILY,1991-2020,IBGE_2024
4102406,Bandeirantes,PR,445.192,10,out,135.58512674153616,OK,1991,2020,30,CHIRPS_v2,UCSB-CHG/CHIRPS/DAILY,1991-2020,IBGE_2024
4126405,Sertaneja,PR,444.492,10,out,142.1031177995019,OK,1991,2020,30,CHIRPS_v2,UCSB-CHG/CHIRPS/DAILY,1991-2020,IBGE_2024
4126009,São Sebastião da Amoreira,PR,226.872,10,out,152.9742127130269,OK,1991,2020,30,CHIRPS_v2,UCSB-CHG/CHIRPS/DAILY,1991-2020,IBGE_2024
4126207,Sapopema,PR,677.588,10,out,154.75133027408708,OK,1991,2020,30,CHIRPS_v2,UCSB-CHG/CHIRPS/DAILY,1991-2020,IBGE_2024
4117214,Nova Santa Bárbara,PR,80.783,10,out,152.4275159765478,OK,1991,2020,30,CHIRPS_v2,UCSB-CHG/CHIRPS/DAILY,1991-2020,IBGE_2024
4116604,Nova América da Colina,PR,129.476,10,out,149.41959467976983,OK,1991,2020,30,CHIRPS_v2,UCSB-CHG/CHIRPS/DAILY,1991-2020,IBGE_2024
4117008,Nova Fátima,PR,283.423,10,out,152.8384188453973,OK,1991,2020,30,CHIRPS_v2,UCSB-CHG/CHIRPS/DAILY,1991-2020,IBGE_2024
4124301,Santo Antônio do Paraíso,PR,162.647,10,out,152.82560747398665,OK,1991,2020,30,CHIRPS_v2,UCSB-CHG/CHIRPS/DAILY,1991-2020,IBGE_2024
4124707,São Jerônimo da Serra,PR,824.268,10,out,152.17606815809643,OK,1991,2020,30,CHIRPS_v2,UCSB-CHG/CHIRPS/DAILY,1991-2020,IBGE_2024
4123907,Santa Mariana,PR,425.703,10,out,137.58866645419772,OK,1991,2020,30,CHIRPS_v2,UCSB-CHG/CHIRPS/DAILY,1991-2020,IBGE_2024
4114500,Manoel Ribas,PR,571.451,10,out,208.9496522540563,OK,1991,2020,30,CHIRPS_v2,UCSB-CHG/CHIRPS/DAILY,1991-2020,IBGE_2024
4122651,Rosário do Ivaí,PR,377.625,10,out,187.08413725990602,OK,1991,2020,30,CHIRPS_v2,UCSB-CHG/CHIRPS/DAILY,1991-2020,IBGE_2024
4122172,Rio Branco do Ivaí,PR,378.04,10,out,190.35661246055855,OK,1991,2020,30,CHIRPS_v2,UCSB-CHG/CHIRPS/DAILY,1991-2020,IBGE_2024
4113759,Lunardelli,PR,191.062,10,out,177.23653466804456,OK,1991,2020,30,CHIRPS_v2,UCSB-CHG/CHIRPS/DAILY,1991-2020,IBGE_2024
4113429,Lidianópolis,PR,151.779,10,out,177.4745229983084,OK,1991,2020,30,CHIRPS_v2,UCSB-CHG/CHIRPS/DAILY,1991-2020,IBGE_2024
4104402,Cândido de Abreu,PR,1506.15,10,out,198.51853412267727,OK,1991,2020,30,CHIRPS_v2,UCSB-CHG/CHIRPS/DAILY,1991-2020,IBGE_2024
4112504,Jardim Alegre,PR,425.371,10,out,184.89400240988337,OK,1991,2020,30,CHIRPS_v2,UCSB-CHG/CHIRPS/DAILY,1991-2020,IBGE_2024
4111506,Ivaiporã,PR,436.378,10,out,189.2850070119474,OK,1991,2020,30,CHIRPS_v2,UCSB-CHG/CHIRPS/DAILY,1991-2020,IBGE_2024
4101853,Ariranha do Ivaí,PR,236.039,10,out,195.77558337509254,OK,1991,2020,30,CHIRPS_v2,UCSB-CHG/CHIRPS/DAILY,1991-2020,IBGE_2024
4101655,Arapuã,PR,217.599,10,out,192.76467025307147,OK,1991,2020,30,CHIRPS_v2,UCSB-CHG/CHIRPS/DAILY,1991-2020,IBGE_2024
4108551,Godoy Moreira,PR,126.956,10,out,183.87181092809485,OK,1991,2020,30,CHIRPS_v2,UCSB-CHG/CHIRPS/DAILY,1991-2020,IBGE_2024
4125001,São João do Ivaí,PR,351.885,10,out,176.44222391515783,OK,1991,2020,30,CHIRPS_v2,UCSB-CHG/CHIRPS/DAILY,1991-2020,IBGE_2024
4108700,Grandes Rios,PR,311.512,10,out,186.13522213306845,OK,1991,2020,30,CHIRPS_v2,UCSB-CHG/CHIRPS/DAILY,1991-2020,IBGE_2024
4107603,Faxinal,PR,716.804,10,out,182.6867233263078,OK,1991,2020,30,CHIRPS_v2,UCSB-CHG/CHIRPS/DAILY,1991-2020,IBGE_2024
4106852,Cruzmaltina,PR,306.237,10,out,181.06770674365555,OK,1991,2020,30,CHIRPS_v2,UCSB-CHG/CHIRPS/DAILY,1991-2020,IBGE_2024
4106100,Conselheiro Mairinck,PR,204.443,10,out,147.1398554581013,OK,1991,2020,30,CHIRPS_v2,UCSB-CHG/CHIRPS/DAILY,1991-2020,IBGE_2024
4112306,Japira,PR,189.291,10,out,145.32298014137876,OK,1991,2020,30,CHIRPS_v2,UCSB-CHG/CHIRPS/DAILY,1991-2020,IBGE_2024
4111704,Jaboti,PR,139.217,10,out,148.15376523376244,OK,1991,2020,30,CHIRPS_v2,UCSB-CHG/CHIRPS/DAILY,1991-2020,IBGE_2024
4119202,Pinhalão,PR,220.049,10,out,145.037125567507,OK,1991,2020,30,CHIRPS_v2,UCSB-CHG/CHIRPS/DAILY,1991-2020,IBGE_2024
4109708,Ibaiti,PR,902.797,10,out,146.73808198606469,OK,1991,2020,30,CHIRPS_v2,UCSB-CHG/CHIRPS/DAILY,1991-2020,IBGE_2024
4107751,Figueira,PR,129.769,10,out,150.8501451899798,OK,1991,2020,30,CHIRPS_v2,UCSB-CHG/CHIRPS/DAILY,1991-2020,IBGE_2024
4104659,Carambeí,PR,647.021,10,out,172.59323102178988,OK,1991,2020,30,CHIRPS_v2,UCSB-CHG/CHIRPS/DAILY,1991-2020,IBGE_2024
4119905,Ponta Grossa,PR,2044.902,10,out,169.60999103147375,OK,1991,2020,30,CHIRPS_v2,UCSB-CHG/CHIRPS/DAILY,1991-2020,IBGE_2024
4104907,Castro,PR,2526.498,10,out,162.0153351858439,OK,1991,2020,30,CHIRPS_v2,UCSB-CHG/CHIRPS/DAILY,1991-2020,IBGE_2024
4112009,Jaguariaíva,PR,1443.264,10,out,145.36872009759233,OK,1991,2020,30,CHIRPS_v2,UCSB-CHG/CHIRPS/DAILY,1991-2020,IBGE_2024
4120101,Porto Amazonas,PR,186.581,10,out,167.94951280457684,OK,1991,2020,30,CHIRPS_v2,UCSB-CHG/CHIRPS/DAILY,1991-2020,IBGE_2024
4111407,Ivaí,PR,600.209,10,out,192.38569181685546,OK,1991,2020,30,CHIRPS_v2,UCSB-CHG/CHIRPS/DAILY,1991-2020,IBGE_2024
4119400,Piraí do Sul,PR,1349.154,10,out,156.51463987783137,OK,1991,2020,30,CHIRPS_v2,UCSB-CHG/CHIRPS/DAILY,1991-2020,IBGE_2024
4110508,Ipiranga,PR,902.385,10,out,181.65116850364893,OK,1991,2020,30,CHIRPS_v2,UCSB-CHG/CHIRPS/DAILY,1991-2020,IBGE_2024
4126306,Sengés,PR,1438.17,10,out,142.6712554646869,OK,1991,2020,30,CHIRPS_v2,UCSB-CHG/CHIRPS/DAILY,1991-2020,IBGE_2024
4117701,Palmeira,PR,1473.233,10,out,171.50582462319903,OK,1991,2020,30,CHIRPS_v2,UCSB-CHG/CHIRPS/DAILY,1991-2020,IBGE_2024
4101606,Arapoti,PR,1363.843,10,out,148.24771392396127,OK,1991,2020,30,CHIRPS_v2,UCSB-CHG/CHIRPS/DAILY,1991-2020,IBGE_2024
4125100,São João do Triunfo,PR,718.68,10,out,173.37373893553897,OK,1991,2020,30,CHIRPS_v2,UCSB-CHG/CHIRPS/DAILY,1991-2020,IBGE_2024
4121703,Reserva,PR,1646.103,10,out,192.2931236715956,OK,1991,2020,30,CHIRPS_v2,UCSB-CHG/CHIRPS/DAILY,1991-2020,IBGE_2024
4128534,Ventania,PR,819.334,10,out,156.01973620310287,OK,1991,2020,30,CHIRPS_v2,UCSB-CHG/CHIRPS/DAILY,1991-2020,IBGE_2024
4127502,Tibagi,PR,2996.47,10,out,178.2864853065617,OK,1991,2020,30,CHIRPS_v2,UCSB-CHG/CHIRPS/DAILY,1991-2020,IBGE_2024
4127106,Telêmaco Borba,PR,1379.02,10,out,164.16549511523866,OK,1991,2020,30,CHIRPS_v2,UCSB-CHG/CHIRPS/DAILY,1991-2020,IBGE_2024
4110078,Imbaú,PR,331.94,10,out,180.68914454248468,OK,1991,2020,30,CHIRPS_v2,UCSB-CHG/CHIRPS/DAILY,1991-2020,IBGE_2024
4117305,Ortigueira,PR,2431.67,10,out,179.4276612564878,OK,1991,2020,30,CHIRPS_v2,UCSB-CHG/CHIRPS/DAILY,1991-2020,IBGE_2024
4107009,Curiúva,PR,576.263,10,out,153.13784405068952,OK,1991,2020,30,CHIRPS_v2,UCSB-CHG/CHIRPS/DAILY,1991-2020,IBGE_2024
4113908,Mallet,PR,758.509,10,out,191.49421224909375,OK,1991,2020,30,CHIRPS_v2,UCSB-CHG/CHIRPS/DAILY,1991-2020,IBGE_2024
4122008,Rio Azul,PR,596.17,10,out,189.99939514608974,OK,1991,2020,30,CHIRPS_v2,UCSB-CHG/CHIRPS/DAILY,1991-2020,IBGE_2024
4121505,Rebouças,PR,485.184,10,out,185.21255076744498,OK,1991,2020,30,CHIRPS_v2,UCSB-CHG/CHIRPS/DAILY,1991-2020,IBGE_2024
4127007,Teixeira Soares,PR,902.334,10,out,179.2969968639058,OK,1991,2020,30,CHIRPS_v2,UCSB-CHG/CHIRPS/DAILY,1991-2020,IBGE_2024
4110706,Irati,PR,1000.188,10,out,196.58999341147126,OK,1991,2020,30,CHIRPS_v2,UCSB-CHG/CHIRPS/DAILY,1991-2020,IBGE_2024
4110102,Imbituva,PR,758.099,10,out,184.99914880738916,OK,1991,2020,30,CHIRPS_v2,UCSB-CHG/CHIRPS/DAILY,1991-2020,IBGE_2024
4107736,Fernandes Pinheiro,PR,405.489,10,out,187.77819666564486,OK,1991,2020,30,CHIRPS_v2,UCSB-CHG/CHIRPS/DAILY,1991-2020,IBGE_2024
4201109,Anitápolis,SC,540.636,10,out,147.8118927802713,OK,1991,2020,30,CHIRPS_v2,UCSB-CHG/CHIRPS/DAILY,1991-2020,IBGE_2024
4200705,Alfredo Wagner,SC,733.489,10,out,152.4952788955536,OK,1991,2020,30,CHIRPS_v2,UCSB-CHG/CHIRPS/DAILY,1991-2020,IBGE_2024
4200903,Angelina,SC,499.998,10,out,152.9832329391349,OK,1991,2020,30,CHIRPS_v2,UCSB-CHG/CHIRPS/DAILY,1991-2020,IBGE_2024
4215901,São Bonifácio,SC,461.438,10,out,142.41700612432234,OK,1991,2020,30,CHIRPS_v2,UCSB-CHG/CHIRPS/DAILY,1991-2020,IBGE_2024
4207304,Imbituba,SC,181.577,10,out,131.6515463321121,OK,1991,2020,30,CHIRPS_v2,UCSB-CHG/CHIRPS/DAILY,1991-2020,IBGE_2024
4205704,Garopaba,SC,114.773,10,out,135.38596663857453,OK,1991,2020,30,CHIRPS_v2,UCSB-CHG/CHIRPS/DAILY,1991-2020,IBGE_2024
4214300,Rancho Queimado,SC,286.461,10,out,152.36492622348038,OK,1991,2020,30,CHIRPS_v2,UCSB-CHG/CHIRPS/DAILY,1991-2020,IBGE_2024
4205407,Florianópolis,SC,674.844,10,out,144.68560937892167,OK,1991,2020,30,CHIRPS_v2,UCSB-CHG/CHIRPS/DAILY,1991-2020,IBGE_2024
4212304,Paulo Lopes,SC,446.165,10,out,137.74029189291642,OK,1991,2020,30,CHIRPS_v2,UCSB-CHG/CHIRPS/DAILY,1991-2020,IBGE_2024
4211900,Palhoça,SC,394.85,10,out,140.2332181592485,OK,1991,2020,30,CHIRPS_v2,UCSB-CHG/CHIRPS/DAILY,1991-2020,IBGE_2024
4202305,Biguaçu,SC,365.755,10,out,150.26060633181544,OK,1991,2020,30,CHIRPS_v2,UCSB-CHG/CHIRPS/DAILY,1991-2020,IBGE_2024
4201208,Antônio Carlos,SC,234.422,10,out,149.7333017440662,OK,1991,2020,30,CHIRPS_v2,UCSB-CHG/CHIRPS/DAILY,1991-2020,IBGE_2024
4200606,Águas Mornas,SC,326.66,10,out,149.07815781387362,OK,1991,2020,30,CHIRPS_v2,UCSB-CHG/CHIRPS/DAILY,1991-2020,IBGE_2024
4217253,São Pedro de Alcântara,SC,139.196,10,out,149.11204657535802,OK,1991,2020,30,CHIRPS_v2,UCSB-CHG/CHIRPS/DAILY,1991-2020,IBGE_2024
4216602,São José,SC,150.499,10,out,145.62872983242391,OK,1991,2020,30,CHIRPS_v2,UCSB-CHG/CHIRPS/DAILY,1991-2020,IBGE_2024
4215703,Santo Amaro da Imperatriz,SC,344.236,10,out,142.94118070639811,OK,1991,2020,30,CHIRPS_v2,UCSB-CHG/CHIRPS/DAILY,1991-2020,IBGE_2024
4206009,Governador Celso Ramos,SC,127.556,10,out,152.49360864671314,OK,1991,2020,30,CHIRPS_v2,UCSB-CHG/CHIRPS/DAILY,1991-2020,IBGE_2024
4211702,Orleans,SC,549.859,10,out,139.94250626721927,OK,1991,2020,30,CHIRPS_v2,UCSB-CHG/CHIRPS/DAILY,1991-2020,IBGE_2024
4209607,Lauro Müller,SC,271.852,10,out,143.77713845969885,OK,1991,2020,30,CHIRPS_v2,UCSB-CHG/CHIRPS/DAILY,1991-2020,IBGE_2024
4205456,Forquilhinha,SC,183.351,10,out,135.29515353408237,OK,1991,2020,30,CHIRPS_v2,UCSB-CHG/CHIRPS/DAILY,1991-2020,IBGE_2024
4204251,Cocal do Sul,SC,70.965,10,out,132.57822151616114,OK,1991,2020,30,CHIRPS_v2,UCSB-CHG/CHIRPS/DAILY,1991-2020,IBGE_2024
4204608,Criciúma,SC,234.794,10,out,136.04708808342323,OK,1991,2020,30,CHIRPS_v2,UCSB-CHG/CHIRPS/DAILY,1991-2020,IBGE_2024
4220000,Balneário Rincão,SC,63.512,10,out,134.86319666068323,OK,1991,2020,30,CHIRPS_v2,UCSB-CHG/CHIRPS/DAILY,1991-2020,IBGE_2024
4211603,Nova Veneza,SC,295.063,10,out,149.85506858421843,OK,1991,2020,30,CHIRPS_v2,UCSB-CHG/CHIRPS/DAILY,1991-2020,IBGE_2024
4219002,Urussanga,SC,254.954,10,out,129.52405386869785,OK,1991,2020,30,CHIRPS_v2,UCSB-CHG/CHIRPS/DAILY,1991-2020,IBGE_2024
4211256,Morro Grande,SC,260.143,10,out,162.46988506091049,OK,1991,2020,30,CHIRPS_v2,UCSB-CHG/CHIRPS/DAILY,1991-2020,IBGE_2024
4211207,Morro da Fumaça,SC,82.878,10,out,132.9756555965791,OK,1991,2020,30,CHIRPS_v2,UCSB-CHG/CHIRPS/DAILY,1991-2020,IBGE_2024
4218350,Treviso,SC,156.61,10,out,146.64881591481884,OK,1991,2020,30,CHIRPS_v2,UCSB-CHG/CHIRPS/DAILY,1991-2020,IBGE_2024
4217600,Siderópolis,SC,262.002,10,out,151.45427911531604,OK,1991,2020,30,CHIRPS_v2,UCSB-CHG/CHIRPS/DAILY,1991-2020,IBGE_2024
4207007,Içara,SC,230.487,10,out,135.5108077181515,OK,1991,2020,30,CHIRPS_v2,UCSB-CHG/CHIRPS/DAILY,1991-2020,IBGE_2024
4212650,Pescaria Brava,SC,106.853,10,out,133.58377458928732,OK,1991,2020,30,CHIRPS_v2,UCSB-CHG/CHIRPS/DAILY,1991-2020,IBGE_2024
4203956,Capivari de Baixo,SC,53.222,10,out,134.8472570504956,OK,1991,2020,30,CHIRPS_v2,UCSB-CHG/CHIRPS/DAILY,1991-2020,IBGE_2024
4218707,Tubarão,SC,301.485,10,out,134.70323953077295,OK,1991,2020,30,CHIRPS_v2,UCSB-CHG/CHIRPS/DAILY,1991-2020,IBGE_2024
4209409,Laguna,SC,333.259,10,out,133.929560425136,OK,1991,2020,30,CHIRPS_v2,UCSB-CHG/CHIRPS/DAILY,1991-2020,IBGE_2024
4206207,Gravatal,SC,165.718,10,out,132.81198968150247,OK,1991,2020,30,CHIRPS_v2,UCSB-CHG/CHIRPS/DAILY,1991-2020,IBGE_2024
4212403,Pedras Grandes,SC,159.892,10,out,128.99283892487603,OK,1991,2020,30,CHIRPS_v2,UCSB-CHG/CHIRPS/DAILY,1991-2020,IBGE_2024
4202800,Braço do Norte,SC,212.045,10,out,133.39816478883924,OK,1991,2020,30,CHIRPS_v2,UCSB-CHG/CHIRPS/DAILY,1991-2020,IBGE_2024
4218400,Treze de Maio,SC,159.833,10,out,133.01948527017595,OK,1991,2020,30,CHIRPS_v2,UCSB-CHG/CHIRPS/DAILY,1991-2020,IBGE_2024
4201505,Armazém,SC,173.958,10,out,132.1835572514275,OK,1991,2020,30,CHIRPS_v2,UCSB-CHG/CHIRPS/DAILY,1991-2020,IBGE_2024
4217105,São Martinho,SC,224.566,10,out,135.5684633692672,OK,1991,2020,30,CHIRPS_v2,UCSB-CHG/CHIRPS/DAILY,1991-2020,IBGE_2024
4217006,São Ludgero,SC,106.765,10,out,131.2404977437549,OK,1991,2020,30,CHIRPS_v2,UCSB-CHG/CHIRPS/DAILY,1991-2020,IBGE_2024
4208807,Jaguaruna,SC,326.362,10,out,134.41574689281694,OK,1991,2020,30,CHIRPS_v2,UCSB-CHG/CHIRPS/DAILY,1991-2020,IBGE_2024
4215604,Santa Rosa de Lima,SC,203.218,10,out,145.16410928007036,OK,1991,2020,30,CHIRPS_v2,UCSB-CHG/CHIRPS/DAILY,1991-2020,IBGE_2024
4207205,Imaruí,SC,542.238,10,out,132.3636772095581,OK,1991,2020,30,CHIRPS_v2,UCSB-CHG/CHIRPS/DAILY,1991-2020,IBGE_2024
4215455,Sangão,SC,82.984,10,out,134.77902100449532,OK,1991,2020,30,CHIRPS_v2,UCSB-CHG/CHIRPS/DAILY,1991-2020,IBGE_2024
4214904,Rio Fortuna,SC,302.39,10,out,140.92930903145324,OK,1991,2020,30,CHIRPS_v2,UCSB-CHG/CHIRPS/DAILY,1991-2020,IBGE_2024
4206108,Grão-Pará,SC,334.362,10,out,141.7412734139771,OK,1991,2020,30,CHIRPS_v2,UCSB-CHG/CHIRPS/DAILY,1991-2020,IBGE_2024
4212254,Passo de Torres,SC,92.638,10,out,138.4512290067395,OK,1991,2020,30,CHIRPS_v2,UCSB-CHG/CHIRPS/DAILY,1991-2020,IBGE_2024
4210803,Meleiro,SC,186.439,10,out,140.0526162280856,OK,1991,2020,30,CHIRPS_v2,UCSB-CHG/CHIRPS/DAILY,1991-2020,IBGE_2024
4210407,Maracajá,SC,62.901,10,out,126.08099766767435,OK,1991,2020,30,CHIRPS_v2,UCSB-CHG/CHIRPS/DAILY,1991-2020,IBGE_2024
4202073,Balneário Gaivota,SC,146.486,10,out,139.45483281334774,OK,1991,2020,30,CHIRPS_v2,UCSB-CHG/CHIRPS/DAILY,1991-2020,IBGE_2024
4218806,Turvo,SC,235.104,10,out,148.6314033894737,OK,1991,2020,30,CHIRPS_v2,UCSB-CHG/CHIRPS/DAILY,1991-2020,IBGE_2024
4218103,Timbé do Sul,SC,328.507,10,out,171.54453225866513,OK,1991,2020,30,CHIRPS_v2,UCSB-CHG/CHIRPS/DAILY,1991-2020,IBGE_2024
4201950,Balneário Arroio do Silva,SC,94.662,10,out,132.2369654941825,OK,1991,2020,30,CHIRPS_v2,UCSB-CHG/CHIRPS/DAILY,1991-2020,IBGE_2024
4217709,Sombrio,SC,143.428,10,out,145.52224573316147,OK,1991,2020,30,CHIRPS_v2,UCSB-CHG/CHIRPS/DAILY,1991-2020,IBGE_2024
4201406,Araranguá,SC,302.003,10,out,130.72097834014642,OK,1991,2020,30,CHIRPS_v2,UCSB-CHG/CHIRPS/DAILY,1991-2020,IBGE_2024
4216404,São João do Sul,SC,184.375,10,out,144.0042482166852,OK,1991,2020,30,CHIRPS_v2,UCSB-CHG/CHIRPS/DAILY,1991-2020,IBGE_2024
4208708,Jacinto Machado,SC,430.704,10,out,162.1351882874606,OK,1991,2020,30,CHIRPS_v2,UCSB-CHG/CHIRPS/DAILY,1991-2020,IBGE_2024
4215653,Santa Rosa do Sul,SC,150.299,10,out,146.4409322195886,OK,1991,2020,30,CHIRPS_v2,UCSB-CHG/CHIRPS/DAILY,1991-2020,IBGE_2024
4205191,Ermo,SC,65.144,10,out,145.38618467348545,OK,1991,2020,30,CHIRPS_v2,UCSB-CHG/CHIRPS/DAILY,1991-2020,IBGE_2024
4213807,Praia Grande,SC,284.36,10,out,166.34714595784786,OK,1991,2020,30,CHIRPS_v2,UCSB-CHG/CHIRPS/DAILY,1991-2020,IBGE_2024
4209300,Lages,SC,2637.66,10,out,187.5893620204958,OK,1991,2020,30,CHIRPS_v2,UCSB-CHG/CHIRPS/DAILY,1991-2020,IBGE_2024
4213302,Ponte Alta,SC,575.17,10,out,187.004311591879,OK,1991,2020,30,CHIRPS_v2,UCSB-CHG/CHIRPS/DAILY,1991-2020,IBGE_2024
4204178,Cerro Negro,SC,418.544,10,out,204.09178200249553,OK,1991,2020,30,CHIRPS_v2,UCSB-CHG/CHIRPS/DAILY,1991-2020,IBGE_2024
4204558,Correia Pinto,SC,647.388,10,out,192.41708709784064,OK,1991,2020,30,CHIRPS_v2,UCSB-CHG/CHIRPS/DAILY,1991-2020,IBGE_2024
4211892,Painel,SC,738.331,10,out,186.86438083448854,OK,1991,2020,30,CHIRPS_v2,UCSB-CHG/CHIRPS/DAILY,1991-2020,IBGE_2024
4212056,Palmeira,SC,289.097,10,out,185.9592549502997,OK,1991,2020,30,CHIRPS_v2,UCSB-CHG/CHIRPS/DAILY,1991-2020,IBGE_2024
4203253,Capão Alto,SC,1331.962,10,out,193.63842258788432,OK,1991,2020,30,CHIRPS_v2,UCSB-CHG/CHIRPS/DAILY,1991-2020,IBGE_2024
4211751,Otacílio Costa,SC,847.253,10,out,172.3726581158521,OK,1991,2020,30,CHIRPS_v2,UCSB-CHG/CHIRPS/DAILY,1991-2020,IBGE_2024
4203402,Campo Belo do Sul,SC,1025.638,10,out,199.58184258188024,OK,1991,2020,30,CHIRPS_v2,UCSB-CHG/CHIRPS/DAILY,1991-2020,IBGE_2024
4218954,Urupema,SC,350.472,10,out,183.14995142880133,OK,1991,2020,30,CHIRPS_v2,UCSB-CHG/CHIRPS/DAILY,1991-2020,IBGE_2024
4202602,Bom Retiro,SC,1057.034,10,out,157.70802088012815,OK,1991,2020,30,CHIRPS_v2,UCSB-CHG/CHIRPS/DAILY,1991-2020,IBGE_2024
4218905,Urubici,SC,1021.371,10,out,162.1421302623736,OK,1991,2020,30,CHIRPS_v2,UCSB-CHG/CHIRPS/DAILY,1991-2020,IBGE_2024
4202503,Bom Jardim da Serra,SC,938.524,10,out,165.54567794126677,OK,1991,2020,30,CHIRPS_v2,UCSB-CHG/CHIRPS/DAILY,1991-2020,IBGE_2024
4202438,Bocaina do Sul,SC,510.673,10,out,178.254058084822,OK,1991,2020,30,CHIRPS_v2,UCSB-CHG/CHIRPS/DAILY,1991-2020,IBGE_2024
4201000,Anita Garibaldi,SC,589.812,10,out,206.14359754909782,OK,1991,2020,30,CHIRPS_v2,UCSB-CHG/CHIRPS/DAILY,1991-2020,IBGE_2024
4216503,São Joaquim,SC,1888.627,10,out,178.67727810087405,OK,1991,2020,30,CHIRPS_v2,UCSB-CHG/CHIRPS/DAILY,1991-2020,IBGE_2024
4216800,São José do Cerrito,SC,948.714,10,out,197.3359655410279,OK,1991,2020,30,CHIRPS_v2,UCSB-CHG/CHIRPS/DAILY,1991-2020,IBGE_2024
4215059,Rio Rufino,SC,282.571,10,out,173.3983672753814,OK,1991,2020,30,CHIRPS_v2,UCSB-CHG/CHIRPS/DAILY,1991-2020,IBGE_2024
4204806,Curitibanos,SC,949.994,10,out,193.712095402608,OK,1991,2020,30,CHIRPS_v2,UCSB-CHG/CHIRPS/DAILY,1991-2020,IBGE_2024
4202875,Brunópolis,SC,336.439,10,out,198.38167624956398,OK,1991,2020,30,CHIRPS_v2,UCSB-CHG/CHIRPS/DAILY,1991-2020,IBGE_2024
4216057,São Cristóvão do Sul,SC,345.902,10,out,188.947170540679,OK,1991,2020,30,CHIRPS_v2,UCSB-CHG/CHIRPS/DAILY,1991-2020,IBGE_2024
4215505,Santa Cecília,SC,1145.716,10,out,186.03955591333462,OK,1991,2020,30,CHIRPS_v2,UCSB-CHG/CHIRPS/DAILY,1991-2020,IBGE_2024
4213351,Ponte Alta do Norte,SC,396.882,10,out,189.4594299856949,OK,1991,2020,30,CHIRPS_v2,UCSB-CHG/CHIRPS/DAILY,1991-2020,IBGE_2024
4205555,Frei Rogério,SC,158.775,10,out,196.72022396205222,OK,1991,2020,30,CHIRPS_v2,UCSB-CHG/CHIRPS/DAILY,1991-2020,IBGE_2024
4204350,Cordilheira Alta,SC,85.276,10,out,242.93431062607604,OK,1991,2020,30,CHIRPS_v2,UCSB-CHG/CHIRPS/DAILY,1991-2020,IBGE_2024
4204202,Chapecó,SC,624.673,10,out,235.35574406710614,OK,1991,2020,30,CHIRPS_v2,UCSB-CHG/CHIRPS/DAILY,1991-2020,IBGE_2024
4206652,Guatambú,SC,206.196,10,out,237.45503435483545,OK,1991,2020,30,CHIRPS_v2,UCSB-CHG/CHIRPS/DAILY,1991-2020,IBGE_2024
4205431,Formosa do Sul,SC,100.408,10,out,250.8138973264973,OK,1991,2020,30,CHIRPS_v2,UCSB-CHG/CHIRPS/DAILY,1991-2020,IBGE_2024
4204756,Cunhataí,SC,54.811,10,out,235.20635402017408,OK,1991,2020,30,CHIRPS_v2,UCSB-CHG/CHIRPS/DAILY,1991-2020,IBGE_2024
4212908,Pinhalzinho,SC,128.726,10,out,245.55085293683743,OK,1991,2020,30,CHIRPS_v2,UCSB-CHG/CHIRPS/DAILY,1991-2020,IBGE_2024
4213153,Planalto Alegre,SC,63.1,10,out,235.99155928003992,OK,1991,2020,30,CHIRPS_v2,UCSB-CHG/CHIRPS/DAILY,1991-2020,IBGE_2024
4204103,Caxambu do Sul,SC,140.873,10,out,235.30404379967644,OK,1991,2020,30,CHIRPS_v2,UCSB-CHG/CHIRPS/DAILY,1991-2020,IBGE_2024
4204400,Coronel Freitas,SC,232.47,10,out,244.44209003180077,OK,1991,2020,30,CHIRPS_v2,UCSB-CHG/CHIRPS/DAILY,1991-2020,IBGE_2024
4211876,Paial,SC,86.049,10,out,235.01114160632108,OK,1991,2020,30,CHIRPS_v2,UCSB-CHG/CHIRPS/DAILY,1991-2020,IBGE_2024
4212106,Palmitos,SC,351.051,10,out,230.30367311559363,OK,1991,2020,30,CHIRPS_v2,UCSB-CHG/CHIRPS/DAILY,1991-2020,IBGE_2024
4211454,Nova Itaberaba,SC,137.069,10,out,238.76144643799452,OK,1991,2020,30,CHIRPS_v2,UCSB-CHG/CHIRPS/DAILY,1991-2020,IBGE_2024
4211405,Nova Erechim,SC,65.087,10,out,240.7585313875104,OK,1991,2020,30,CHIRPS_v2,UCSB-CHG/CHIRPS/DAILY,1991-2020,IBGE_2024
4219705,Xaxim,SC,293.628,10,out,251.82950915741355,OK,1991,2020,30,CHIRPS_v2,UCSB-CHG/CHIRPS/DAILY,1991-2020,IBGE_2024
4203105,Caibi,SC,173.079,10,out,236.20112178123367,OK,1991,2020,30,CHIRPS_v2,UCSB-CHG/CHIRPS/DAILY,1991-2020,IBGE_2024
4210902,Modelo,SC,92.346,10,out,248.92214274487446,OK,1991,2020,30,CHIRPS_v2,UCSB-CHG/CHIRPS/DAILY,1991-2020,IBGE_2024
4211009,Mondaí,SC,200.275,10,out,239.03411595993816,OK,1991,2020,30,CHIRPS_v2,UCSB-CHG/CHIRPS/DAILY,1991-2020,IBGE_2024
4218855,União do Oeste,SC,92.857,10,out,247.62707339624797,OK,1991,2020,30,CHIRPS_v2,UCSB-CHG/CHIRPS/DAILY,1991-2020,IBGE_2024
4210555,Marema,SC,104.184,10,out,250.25445588461506,OK,1991,2020,30,CHIRPS_v2,UCSB-CHG/CHIRPS/DAILY,1991-2020,IBGE_2024
4201653,Arvoredo,SC,90.503,10,out,248.67149823100252,OK,1991,2020,30,CHIRPS_v2,UCSB-CHG/CHIRPS/DAILY,1991-2020,IBGE_2024
4217550,Serra Alta,SC,90.564,10,out,251.49699663846798,OK,1991,2020,30,CHIRPS_v2,UCSB-CHG/CHIRPS/DAILY,1991-2020,IBGE_2024
4209458,Lajeado Grande,SC,65.348,10,out,258.4745495398907,OK,1991,2020,30,CHIRPS_v2,UCSB-CHG/CHIRPS/DAILY,1991-2020,IBGE_2024
4217758,Sul Brasil,SC,113.125,10,out,250.53637148589937,OK,1991,2020,30,CHIRPS_v2,UCSB-CHG/CHIRPS/DAILY,1991-2020,IBGE_2024
4208955,Jardinópolis,SC,68.499,10,out,248.99988017453992,OK,1991,2020,30,CHIRPS_v2,UCSB-CHG/CHIRPS/DAILY,1991-2020,IBGE_2024
4200556,Águas Frias,SC,76.631,10,out,244.85362418297655,OK,1991,2020,30,CHIRPS_v2,UCSB-CHG/CHIRPS/DAILY,1991-2020,IBGE_2024
4217303,Saudades,SC,205.78,10,out,239.80531431677468,OK,1991,2020,30,CHIRPS_v2,UCSB-CHG/CHIRPS/DAILY,1991-2020,IBGE_2024
4200507,Águas de Chapecó,SC,139.511,10,out,234.86229006435568,OK,1991,2020,30,CHIRPS_v2,UCSB-CHG/CHIRPS/DAILY,1991-2020,IBGE_2024
4207858,Irati,SC,77.912,10,out,252.11761591933788,OK,1991,2020,30,CHIRPS_v2,UCSB-CHG/CHIRPS/DAILY,1991-2020,IBGE_2024
4216008,São Carlos,SC,162.12,10,out,234.47290740343743,OK,1991,2020,30,CHIRPS_v2,UCSB-CHG/CHIRPS/DAILY,1991-2020,IBGE_2024
4215695,Santiago do Sul,SC,73.335,10,out,250.81538230225726,OK,1991,2020,30,CHIRPS_v2,UCSB-CHG/CHIRPS/DAILY,1991-2020,IBGE_2024
4215075,Riqueza,SC,191.061,10,out,240.9105468247985,OK,1991,2020,30,CHIRPS_v2,UCSB-CHG/CHIRPS/DAILY,1991-2020,IBGE_2024
4214201,Quilombo,SC,278.983,10,out,247.86090401344822,OK,1991,2020,30,CHIRPS_v2,UCSB-CHG/CHIRPS/DAILY,1991-2020,IBGE_2024
4204152,Celso Ramos,SC,208.391,10,out,209.751905751934,OK,1991,2020,30,CHIRPS_v2,UCSB-CHG/CHIRPS/DAILY,1991-2020,IBGE_2024
4211801,Ouro,SC,213.543,10,out,203.69792851172298,OK,1991,2020,30,CHIRPS_v2,UCSB-CHG/CHIRPS/DAILY,1991-2020,IBGE_2024
4203600,Campos Novos,SC,1717.579,10,out,206.82860260322087,OK,1991,2020,30,CHIRPS_v2,UCSB-CHG/CHIRPS/DAILY,1991-2020,IBGE_2024
4204004,Catanduvas,SC,199.166,10,out,219.26029282921445,OK,1991,2020,30,CHIRPS_v2,UCSB-CHG/CHIRPS/DAILY,1991-2020,IBGE_2024
4203907,Capinzal,SC,244.326,10,out,197.12382631052634,OK,1991,2020,30,CHIRPS_v2,UCSB-CHG/CHIRPS/DAILY,1991-2020,IBGE_2024
4219853,Zortéa,SC,190.028,10,out,202.1278644828469,OK,1991,2020,30,CHIRPS_v2,UCSB-CHG/CHIRPS/DAILY,1991-2020,IBGE_2024
4219176,Vargem Bonita,SC,299.807,10,out,223.6758650883169,OK,1991,2020,30,CHIRPS_v2,UCSB-CHG/CHIRPS/DAILY,1991-2020,IBGE_2024
4219150,Vargem,SC,350.606,10,out,201.968889631984,OK,1991,2020,30,CHIRPS_v2,UCSB-CHG/CHIRPS/DAILY,1991-2020,IBGE_2024
4218509,Treze Tílias,SC,176.922,10,out,214.21825914554387,OK,1991,2020,30,CHIRPS_v2,UCSB-CHG/CHIRPS/DAILY,1991-2020,IBGE_2024
4210035,Luzerna,SC,117.099,10,out,211.78369769868644,OK,1991,2020,30,CHIRPS_v2,UCSB-CHG/CHIRPS/DAILY,1991-2020,IBGE_2024
4209201,Lacerdópolis,SC,69.036,10,out,199.44017494614582,OK,1991,2020,30,CHIRPS_v2,UCSB-CHG/CHIRPS/DAILY,1991-2020,IBGE_2024
4209003,Joaçaba,SC,241.637,10,out,209.97304475434433,OK,1991,2020,30,CHIRPS_v2,UCSB-CHG/CHIRPS/DAILY,1991-2020,IBGE_2024
4200051,Abdon Batista,SC,237.517,10,out,205.73170754498813,OK,1991,2020,30,CHIRPS_v2,UCSB-CHG/CHIRPS/DAILY,1991-2020,IBGE_2024
4208609,Jaborá,SC,182.483,10,out,219.6971760129194,OK,1991,2020,30,CHIRPS_v2,UCSB-CHG/CHIRPS/DAILY,1991-2020,IBGE_2024
4200408,Água Doce,SC,1327.921,10,out,216.27222296131507,OK,1991,2020,30,CHIRPS_v2,UCSB-CHG/CHIRPS/DAILY,1991-2020,IBGE_2024
4206801,Ibicaré,SC,156.226,10,out,214.21322850922022,OK,1991,2020,30,CHIRPS_v2,UCSB-CHG/CHIRPS/DAILY,1991-2020,IBGE_2024
4206702,Herval d'Oeste,SC,216.581,10,out,210.2990114858015,OK,1991,2020,30,CHIRPS_v2,UCSB-CHG/CHIRPS/DAILY,1991-2020,IBGE_2024
4205209,Erval Velho,SC,208.841,10,out,205.54129602606426,OK,1991,2020,30,CHIRPS_v2,UCSB-CHG/CHIRPS/DAILY,1991-2020,IBGE_2024
4205001,Dionísio Cerqueira,SC,378.843,10,out,258.7488047125471,OK,1991,2020,30,CHIRPS_v2,UCSB-CHG/CHIRPS/DAILY,1991-2020,IBGE_2024
4204905,Descanso,SC,287.057,10,out,255.7051658510419,OK,1991,2020,30,CHIRPS_v2,UCSB-CHG/CHIRPS/DAILY,1991-2020,IBGE_2024
4212007,Palma Sola,SC,330.878,10,out,265.4684897003196,OK,1991,2020,30,CHIRPS_v2,UCSB-CHG/CHIRPS/DAILY,1991-2020,IBGE_2024
4212239,Paraíso,SC,180.338,10,out,261.5019007304983,OK,1991,2020,30,CHIRPS_v2,UCSB-CHG/CHIRPS/DAILY,1991-2020,IBGE_2024
4202099,Barra Bonita,SC,92.934,10,out,266.05730995707773,OK,1991,2020,30,CHIRPS_v2,UCSB-CHG/CHIRPS/DAILY,1991-2020,IBGE_2024
4202081,Bandeirante,SC,148.074,10,out,257.7334462706091,OK,1991,2020,30,CHIRPS_v2,UCSB-CHG/CHIRPS/DAILY,1991-2020,IBGE_2024
4202156,Belmonte,SC,93.852,10,out,255.56363986919973,OK,1991,2020,30,CHIRPS_v2,UCSB-CHG/CHIRPS/DAILY,1991-2020,IBGE_2024
4218756,Tunápolis,SC,132.939,10,out,249.19733257985024,OK,1991,2020,30,CHIRPS_v2,UCSB-CHG/CHIRPS/DAILY,1991-2020,IBGE_2024
4217204,São Miguel do Oeste,SC,233.83,10,out,263.2286443350059,OK,1991,2020,30,CHIRPS_v2,UCSB-CHG/CHIRPS/DAILY,1991-2020,IBGE_2024
4200804,Anchieta,SC,232.348,10,out,268.683338816957,OK,1991,2020,30,CHIRPS_v2,UCSB-CHG/CHIRPS/DAILY,1991-2020,IBGE_2024
4208401,Itapiranga,SC,281.782,10,out,246.44421719112808,OK,1991,2020,30,CHIRPS_v2,UCSB-CHG/CHIRPS/DAILY,1991-2020,IBGE_2024
4216701,São José do Cedro,SC,280.76,10,out,269.38376650971475,OK,1991,2020,30,CHIRPS_v2,UCSB-CHG/CHIRPS/DAILY,1991-2020,IBGE_2024
4216255,São João do Oeste,SC,163.589,10,out,245.21353475282632,OK,1991,2020,30,CHIRPS_v2,UCSB-CHG/CHIRPS/DAILY,1991-2020,IBGE_2024
4215554,Santa Helena,SC,81.004,10,out,251.3393421058393,OK,1991,2020,30,CHIRPS_v2,UCSB-CHG/CHIRPS/DAILY,1991-2020,IBGE_2024
4207650,Iporã do Oeste,SC,201.118,10,out,246.85745661669574,OK,1991,2020,30,CHIRPS_v2,UCSB-CHG/CHIRPS/DAILY,1991-2020,IBGE_2024
4215208,Romelândia,SC,223.333,10,out,262.01649118867664,OK,1991,2020,30,CHIRPS_v2,UCSB-CHG/CHIRPS/DAILY,1991-2020,IBGE_2024
4206405,Guaraciaba,SC,331.766,10,out,269.4758009740685,OK,1991,2020,30,CHIRPS_v2,UCSB-CHG/CHIRPS/DAILY,1991-2020,IBGE_2024
4206603,Guarujá do Sul,SC,100.63,10,out,266.5155124524211,OK,1991,2020,30,CHIRPS_v2,UCSB-CHG/CHIRPS/DAILY,1991-2020,IBGE_2024
4214151,Princesa,SC,85.598,10,out,266.39404261712644,OK,1991,2020,30,CHIRPS_v2,UCSB-CHG/CHIRPS/DAILY,1991-2020,IBGE_2024
4205357,Flor do Sertão,SC,58.457,10,out,254.91281539439527,OK,1991,2020,30,CHIRPS_v2,UCSB-CHG/CHIRPS/DAILY,1991-2020,IBGE_2024
4213104,Piratuba,SC,146.088,10,out,210.20176919094843,OK,1991,2020,30,CHIRPS_v2,UCSB-CHG/CHIRPS/DAILY,1991-2020,IBGE_2024
4204301,Concórdia,SC,799.195,10,out,228.20972298985936,OK,1991,2020,30,CHIRPS_v2,UCSB-CHG/CHIRPS/DAILY,1991-2020,IBGE_2024
4212601,Peritiba,SC,95.632,10,out,218.1474077945641,OK,1991,2020,30,CHIRPS_v2,UCSB-CHG/CHIRPS/DAILY,1991-2020,IBGE_2024
4209854,Lindóia do Sul,SC,190.171,10,out,234.64030683529393,OK,1991,2020,30,CHIRPS_v2,UCSB-CHG/CHIRPS/DAILY,1991-2020,IBGE_2024
4201273,Arabutã,SC,132.585,10,out,240.52702733378183,OK,1991,2020,30,CHIRPS_v2,UCSB-CHG/CHIRPS/DAILY,1991-2020,IBGE_2024
4217501,Seara,SC,309.627,10,out,244.0614931535893,OK,1991,2020,30,CHIRPS_v2,UCSB-CHG/CHIRPS/DAILY,1991-2020,IBGE_2024
4200754,Alto Bela Vista,SC,103.433,10,out,218.67409151981138,OK,1991,2020,30,CHIRPS_v2,UCSB-CHG/CHIRPS/DAILY,1991-2020,IBGE_2024
4207700,Ipumirim,SC,246.115,10,out,244.36419685070956,OK,1991,2020,30,CHIRPS_v2,UCSB-CHG/CHIRPS/DAILY,1991-2020,IBGE_2024
4207809,Irani,SC,325.862,10,out,228.0709547236278,OK,1991,2020,30,CHIRPS_v2,UCSB-CHG/CHIRPS/DAILY,1991-2020,IBGE_2024
4208005,Itá,SC,166.265,10,out,236.95723687410091,OK,1991,2020,30,CHIRPS_v2,UCSB-CHG/CHIRPS/DAILY,1991-2020,IBGE_2024
4207601,Ipira,SC,156.187,10,out,212.12374230536813,OK,1991,2020,30,CHIRPS_v2,UCSB-CHG/CHIRPS/DAILY,1991-2020,IBGE_2024
4213906,Presidente Castello Branco,SC,65.433,10,out,215.60429060687423,OK,1991,2020,30,CHIRPS_v2,UCSB-CHG/CHIRPS/DAILY,1991-2020,IBGE_2024
4204459,Coronel Martins,SC,107.502,10,out,252.0605641795516,OK,1991,2020,30,CHIRPS_v2,UCSB-CHG/CHIRPS/DAILY,1991-2020,IBGE_2024
4211850,Ouro Verde,SC,188.568,10,out,251.45573751453023,OK,1991,2020,30,CHIRPS_v2,UCSB-CHG/CHIRPS/DAILY,1991-2020,IBGE_2024
4212270,Passos Maia,SC,617.092,10,out,228.98465831647775,OK,1991,2020,30,CHIRPS_v2,UCSB-CHG/CHIRPS/DAILY,1991-2020,IBGE_2024
4219606,Xavantina,SC,218.032,10,out,261.7322132201485,OK,1991,2020,30,CHIRPS_v2,UCSB-CHG/CHIRPS/DAILY,1991-2020,IBGE_2024
4219507,Xanxerê,SC,377.426,10,out,283.2211030924757,OK,1991,2020,30,CHIRPS_v2,UCSB-CHG/CHIRPS/DAILY,1991-2020,IBGE_2024
4219101,Vargeão,SC,166.685,10,out,240.29164577396807,OK,1991,2020,30,CHIRPS_v2,UCSB-CHG/CHIRPS/DAILY,1991-2020,IBGE_2024
4202537,Bom Jesus,SC,63.883,10,out,265.26571638818154,OK,1991,2020,30,CHIRPS_v2,UCSB-CHG/CHIRPS/DAILY,1991-2020,IBGE_2024
4200101,Abelardo Luz,SC,953.991,10,out,239.37782148862024,OK,1991,2020,30,CHIRPS_v2,UCSB-CHG/CHIRPS/DAILY,1991-2020,IBGE_2024
4216107,São Domingos,SC,367.525,10,out,240.6019464635426,OK,1991,2020,30,CHIRPS_v2,UCSB-CHG/CHIRPS/DAILY,1991-2020,IBGE_2024
4207684,Ipuaçu,SC,261.13,10,out,250.6950505839671,OK,1991,2020,30,CHIRPS_v2,UCSB-CHG/CHIRPS/DAILY,1991-2020,IBGE_2024
4205308,Faxinal dos Guedes,SC,340.07,10,out,262.9289274009925,OK,1991,2020,30,CHIRPS_v2,UCSB-CHG/CHIRPS/DAILY,1991-2020,IBGE_2024
4205175,Entre Rios,SC,103.838,10,out,251.01016442400552,OK,1991,2020,30,CHIRPS_v2,UCSB-CHG/CHIRPS/DAILY,1991-2020,IBGE_2024
4213401,Ponte Serrada,SC,560.731,10,out,231.78110772331053,OK,1991,2020,30,CHIRPS_v2,UCSB-CHG/CHIRPS/DAILY,1991-2020,IBGE_2024
4204707,Cunha Porã,SC,220.099,10,out,244.00490729458775,OK,1991,2020,30,CHIRPS_v2,UCSB-CHG/CHIRPS/DAILY,1991-2020,IBGE_2024
4202578,Bom Jesus do Oeste,SC,67.777,10,out,253.3164802844097,OK,1991,2020,30,CHIRPS_v2,UCSB-CHG/CHIRPS/DAILY,1991-2020,IBGE_2024
4210506,Maravilha,SC,170.339,10,out,252.6198977950468,OK,1991,2020,30,CHIRPS_v2,UCSB-CHG/CHIRPS/DAILY,1991-2020,IBGE_2024
4217956,Tigrinhos,SC,56.962,10,out,256.7296450867911,OK,1991,2020,30,CHIRPS_v2,UCSB-CHG/CHIRPS/DAILY,1991-2020,IBGE_2024
4217154,São Miguel da Boa Vista,SC,72.755,10,out,257.37708677944573,OK,1991,2020,30,CHIRPS_v2,UCSB-CHG/CHIRPS/DAILY,1991-2020,IBGE_2024
4207759,Iraceminha,SC,165.147,10,out,251.10018477811283,OK,1991,2020,30,CHIRPS_v2,UCSB-CHG/CHIRPS/DAILY,1991-2020,IBGE_2024
4215687,Santa Terezinha do Progresso,SC,119.653,10,out,262.2118986246669,OK,1991,2020,30,CHIRPS_v2,UCSB-CHG/CHIRPS/DAILY,1991-2020,IBGE_2024
4215356,Saltinho,SC,156.568,10,out,256.941293002694,OK,1991,2020,30,CHIRPS_v2,UCSB-CHG/CHIRPS/DAILY,1991-2020,IBGE_2024
4205605,Galvão,SC,139.836,10,out,246.24096388830992,OK,1991,2020,30,CHIRPS_v2,UCSB-CHG/CHIRPS/DAILY,1991-2020,IBGE_2024
4203501,Campo Erê,SC,479.161,10,out,262.2686278028616,OK,1991,2020,30,CHIRPS_v2,UCSB-CHG/CHIRPS/DAILY,1991-2020,IBGE_2024
4211652,Novo Horizonte,SC,151.722,10,out,256.89613429861674,OK,1991,2020,30,CHIRPS_v2,UCSB-CHG/CHIRPS/DAILY,1991-2020,IBGE_2024
4216909,São Lourenço do Oeste,SC,356.193,10,out,255.95305807513827,OK,1991,2020,30,CHIRPS_v2,UCSB-CHG/CHIRPS/DAILY,1991-2020,IBGE_2024
4209177,Jupiá,SC,91.448,10,out,252.80793955037637,OK,1991,2020,30,CHIRPS_v2,UCSB-CHG/CHIRPS/DAILY,1991-2020,IBGE_2024
4215752,São Bernardino,SC,149.891,10,out,259.7740265089245,OK,1991,2020,30,CHIRPS_v2,UCSB-CHG/CHIRPS/DAILY,1991-2020,IBGE_2024
4203154,Calmon,SC,636.208,10,out,192.72174222179743,OK,1991,2020,30,CHIRPS_v2,UCSB-CHG/CHIRPS/DAILY,1991-2020,IBGE_2024
4203006,Caçador,SC,983.424,10,out,199.8325832617143,OK,1991,2020,30,CHIRPS_v2,UCSB-CHG/CHIRPS/DAILY,1991-2020,IBGE_2024
4210704,Matos Costa,SC,435.391,10,out,194.3699494090179,OK,1991,2020,30,CHIRPS_v2,UCSB-CHG/CHIRPS/DAILY,1991-2020,IBGE_2024
4210050,Macieira,SC,261.208,10,out,206.76701383469438,OK,1991,2020,30,CHIRPS_v2,UCSB-CHG/CHIRPS/DAILY,1991-2020,IBGE_2024
4218251,Timbó Grande,SC,596.343,10,out,190.2695808757882,OK,1991,2020,30,CHIRPS_v2,UCSB-CHG/CHIRPS/DAILY,1991-2020,IBGE_2024
4209706,Lebon Régis,SC,941.641,10,out,193.39131694414195,OK,1991,2020,30,CHIRPS_v2,UCSB-CHG/CHIRPS/DAILY,1991-2020,IBGE_2024
4205506,Fraiburgo,SC,549.188,10,out,199.09929792814563,OK,1991,2020,30,CHIRPS_v2,UCSB-CHG/CHIRPS/DAILY,1991-2020,IBGE_2024
4213005,Pinheiro Preto,SC,61.012,10,out,211.3517907261623,OK,1991,2020,30,CHIRPS_v2,UCSB-CHG/CHIRPS/DAILY,1991-2020,IBGE_2024
4211058,Monte Carlo,SC,191.278,10,out,201.99592881700616,OK,1991,2020,30,CHIRPS_v2,UCSB-CHG/CHIRPS/DAILY,1991-2020,IBGE_2024
4219309,Videira,SC,384.127,10,out,206.38252837379676,OK,1991,2020,30,CHIRPS_v2,UCSB-CHG/CHIRPS/DAILY,1991-2020,IBGE_2024
4201604,Arroio Trinta,SC,93.53,10,out,209.89047357779071,OK,1991,2020,30,CHIRPS_v2,UCSB-CHG/CHIRPS/DAILY,1991-2020,IBGE_2024
4217907,Tangará,SC,390.044,10,out,209.0540230708965,OK,1991,2020,30,CHIRPS_v2,UCSB-CHG/CHIRPS/DAILY,1991-2020,IBGE_2024
4215406,Salto Veloso,SC,104.974,10,out,211.30117308016963,OK,1991,2020,30,CHIRPS_v2,UCSB-CHG/CHIRPS/DAILY,1991-2020,IBGE_2024
4207577,Iomerê,SC,113.986,10,out,210.76164263212627,OK,1991,2020,30,CHIRPS_v2,UCSB-CHG/CHIRPS/DAILY,1991-2020,IBGE_2024
4206751,Ibiam,SC,146.009,10,out,209.7980552613824,OK,1991,2020,30,CHIRPS_v2,UCSB-CHG/CHIRPS/DAILY,1991-2020,IBGE_2024
4214409,Rio das Antas,SC,314.913,10,out,203.55291643063856,OK,1991,2020,30,CHIRPS_v2,UCSB-CHG/CHIRPS/DAILY,1991-2020,IBGE_2024
4204509,Corupá,SC,405.761,10,out,180.6866809934664,OK,1991,2020,30,CHIRPS_v2,UCSB-CHG/CHIRPS/DAILY,1991-2020,IBGE_2024
4201307,Araquari,SC,386.693,10,out,172.97743238780177,OK,1991,2020,30,CHIRPS_v2,UCSB-CHG/CHIRPS/DAILY,1991-2020,IBGE_2024
4208906,Jaraguá do Sul,SC,530.825,10,out,184.29374872349018,OK,1991,2020,30,CHIRPS_v2,UCSB-CHG/CHIRPS/DAILY,1991-2020,IBGE_2024
4209102,Joinville,SC,1127.837,10,out,188.80955275021708,OK,1991,2020,30,CHIRPS_v2,UCSB-CHG/CHIRPS/DAILY,1991-2020,IBGE_2024
4217402,Schroeder,SC,165.237,10,out,191.53712648420364,OK,1991,2020,30,CHIRPS_v2,UCSB-CHG/CHIRPS/DAILY,1991-2020,IBGE_2024
4206504,Guaramirim,SC,267.514,10,out,181.34422845588776,OK,1991,2020,30,CHIRPS_v2,UCSB-CHG/CHIRPS/DAILY,1991-2020,IBGE_2024
4202057,Balneário Barra do Sul,SC,108.914,10,out,169.60583499829062,OK,1991,2020,30,CHIRPS_v2,UCSB-CHG/CHIRPS/DAILY,1991-2020,IBGE_2024
4210605,Massaranduba,SC,374.452,10,out,171.9803896488996,OK,1991,2020,30,CHIRPS_v2,UCSB-CHG/CHIRPS/DAILY,1991-2020,IBGE_2024
4208450,Itapoá,SC,245.529,10,out,183.20434241462783,OK,1991,2020,30,CHIRPS_v2,UCSB-CHG/CHIRPS/DAILY,1991-2020,IBGE_2024
4216354,São João do Itaperiú,SC,151.885,10,out,166.88638851839966,OK,1991,2020,30,CHIRPS_v2,UCSB-CHG/CHIRPS/DAILY,1991-2020,IBGE_2024
4216206,São Francisco do Sul,SC,493.266,10,out,180.06895932413482,OK,1991,2020,30,CHIRPS_v2,UCSB-CHG/CHIRPS/DAILY,1991-2020,IBGE_2024
4205803,Garuva,SC,508.635,10,out,185.3687188260934,OK,1991,2020,30,CHIRPS_v2,UCSB-CHG/CHIRPS/DAILY,1991-2020,IBGE_2024
4213609,Porto União,SC,849.014,10,out,194.00415044470506,OK,1991,2020,30,CHIRPS_v2,UCSB-CHG/CHIRPS/DAILY,1991-2020,IBGE_2024
4203808,Canoinhas,SC,1148.036,10,out,185.88745995671778,OK,1991,2020,30,CHIRPS_v2,UCSB-CHG/CHIRPS/DAILY,1991-2020,IBGE_2024
4212205,Papanduva,SC,764.737,10,out,184.2402132189092,OK,1991,2020,30,CHIRPS_v2,UCSB-CHG/CHIRPS/DAILY,1991-2020,IBGE_2024
4211108,Monte Castelo,SC,560.743,10,out,184.53444731626706,OK,1991,2020,30,CHIRPS_v2,UCSB-CHG/CHIRPS/DAILY,1991-2020,IBGE_2024
4210308,Major Vieira,SC,520.816,10,out,187.62839872262336,OK,1991,2020,30,CHIRPS_v2,UCSB-CHG/CHIRPS/DAILY,1991-2020,IBGE_2024
4202131,Bela Vista do Toldo,SC,535.682,10,out,187.55625882363384,OK,1991,2020,30,CHIRPS_v2,UCSB-CHG/CHIRPS/DAILY,1991-2020,IBGE_2024
4218301,Três Barras,SC,436.496,10,out,180.38181994628258,OK,1991,2020,30,CHIRPS_v2,UCSB-CHG/CHIRPS/DAILY,1991-2020,IBGE_2024
4210100,Mafra,SC,1404.084,10,out,168.43502266909545,OK,1991,2020,30,CHIRPS_v2,UCSB-CHG/CHIRPS/DAILY,1991-2020,IBGE_2024
4207908,Irineópolis,SC,589.698,10,out,187.09782702149246,OK,1991,2020,30,CHIRPS_v2,UCSB-CHG/CHIRPS/DAILY,1991-2020,IBGE_2024
4208104,Itaiópolis,SC,1297.543,10,out,175.58663177737344,OK,1991,2020,30,CHIRPS_v2,UCSB-CHG/CHIRPS/DAILY,1991-2020,IBGE_2024
4215802,São Bento do Sul,SC,495.001,10,out,173.32924078593288,OK,1991,2020,30,CHIRPS_v2,UCSB-CHG/CHIRPS/DAILY,1991-2020,IBGE_2024
4215000,Rio Negrinho,SC,907.42,10,out,169.20024123717636,OK,1991,2020,30,CHIRPS_v2,UCSB-CHG/CHIRPS/DAILY,1991-2020,IBGE_2024
4203303,Campo Alegre,SC,500.174,10,out,170.38813473492024,OK,1991,2020,30,CHIRPS_v2,UCSB-CHG/CHIRPS/DAILY,1991-2020,IBGE_2024
4202404,Blumenau,SC,518.635,10,out,164.57111694440349,OK,1991,2020,30,CHIRPS_v2,UCSB-CHG/CHIRPS/DAILY,1991-2020,IBGE_2024
4207502,Indaial,SC,430.799,10,out,165.64680091679853,OK,1991,2020,30,CHIRPS_v2,UCSB-CHG/CHIRPS/DAILY,1991-2020,IBGE_2024
4207106,Ilhota,SC,253.024,10,out,159.07209051584786,OK,1991,2020,30,CHIRPS_v2,UCSB-CHG/CHIRPS/DAILY,1991-2020,IBGE_2024
4205902,Gaspar,SC,386.599,10,out,157.74263098715798,OK,1991,2020,30,CHIRPS_v2,UCSB-CHG/CHIRPS/DAILY,1991-2020,IBGE_2024
4213203,Pomerode,SC,214.299,10,out,174.95869999977864,OK,1991,2020,30,CHIRPS_v2,UCSB-CHG/CHIRPS/DAILY,1991-2020,IBGE_2024
4202206,Benedito Novo,SC,388.291,10,out,168.82610572602658,OK,1991,2020,30,CHIRPS_v2,UCSB-CHG/CHIRPS/DAILY,1991-2020,IBGE_2024
4201703,Ascurra,SC,112.884,10,out,167.49355052944856,OK,1991,2020,30,CHIRPS_v2,UCSB-CHG/CHIRPS/DAILY,1991-2020,IBGE_2024
4218202,Timbó,SC,128.313,10,out,173.1289437975487,OK,1991,2020,30,CHIRPS_v2,UCSB-CHG/CHIRPS/DAILY,1991-2020,IBGE_2024
4201257,Apiúna,SC,493.49,10,out,160.55327213272423,OK,1991,2020,30,CHIRPS_v2,UCSB-CHG/CHIRPS/DAILY,1991-2020,IBGE_2024
4215109,Rodeio,SC,129.001,10,out,169.0441800448259,OK,1991,2020,30,CHIRPS_v2,UCSB-CHG/CHIRPS/DAILY,1991-2020,IBGE_2024
4214706,Rio dos Cedros,SC,555.473,10,out,176.8824953987101,OK,1991,2020,30,CHIRPS_v2,UCSB-CHG/CHIRPS/DAILY,1991-2020,IBGE_2024
4205159,Doutor Pedrinho,SC,374.205,10,out,171.01236979200542,OK,1991,2020,30,CHIRPS_v2,UCSB-CHG/CHIRPS/DAILY,1991-2020,IBGE_2024
4212809,Balneário Piçarras,SC,99.11,10,out,156.48345078773175,OK,1991,2020,30,CHIRPS_v2,UCSB-CHG/CHIRPS/DAILY,1991-2020,IBGE_2024
4212502,Penha,SC,57.997,10,out,154.55816791703023,OK,1991,2020,30,CHIRPS_v2,UCSB-CHG/CHIRPS/DAILY,1991-2020,IBGE_2024
4211306,Navegantes,SC,111.377,10,out,155.45737871983735,OK,1991,2020,30,CHIRPS_v2,UCSB-CHG/CHIRPS/DAILY,1991-2020,IBGE_2024
4203204,Camboriú,SC,210.568,10,out,150.51041184349234,OK,1991,2020,30,CHIRPS_v2,UCSB-CHG/CHIRPS/DAILY,1991-2020,IBGE_2024
4202107,Barra Velha,SC,138.947,10,out,161.9443200020127,OK,1991,2020,30,CHIRPS_v2,UCSB-CHG/CHIRPS/DAILY,1991-2020,IBGE_2024
4202008,Balneário Camboriú,SC,45.214,10,out,145.6498385610032,OK,1991,2020,30,CHIRPS_v2,UCSB-CHG/CHIRPS/DAILY,1991-2020,IBGE_2024
4208203,Itajaí,SC,289.215,10,out,155.09840359122666,OK,1991,2020,30,CHIRPS_v2,UCSB-CHG/CHIRPS/DAILY,1991-2020,IBGE_2024
4202453,Bombinhas,SC,35.143,10,out,149.65304871646347,OK,1991,2020,30,CHIRPS_v2,UCSB-CHG/CHIRPS/DAILY,1991-2020,IBGE_2024
4218004,Tijucas,SC,279.262,10,out,152.3640936882729,OK,1991,2020,30,CHIRPS_v2,UCSB-CHG/CHIRPS/DAILY,1991-2020,IBGE_2024
4210001,Luiz Alves,SC,260.106,10,out,164.05072941867815,OK,1991,2020,30,CHIRPS_v2,UCSB-CHG/CHIRPS/DAILY,1991-2020,IBGE_2024
4208302,Itapema,SC,58.21,10,out,145.5601126091276,OK,1991,2020,30,CHIRPS_v2,UCSB-CHG/CHIRPS/DAILY,1991-2020,IBGE_2024
4213500,Porto Belo,SC,93.674,10,out,149.5884566302239,OK,1991,2020,30,CHIRPS_v2,UCSB-CHG/CHIRPS/DAILY,1991-2020,IBGE_2024
4202701,Botuverá,SC,296.256,10,out,153.8079611097717,OK,1991,2020,30,CHIRPS_v2,UCSB-CHG/CHIRPS/DAILY,1991-2020,IBGE_2024
4202909,Brusque,SC,284.675,10,out,167.76086889407495,OK,1991,2020,30,CHIRPS_v2,UCSB-CHG/CHIRPS/DAILY,1991-2020,IBGE_2024
4206306,Guabiruba,SC,172.173,10,out,159.3419945472904,OK,1991,2020,30,CHIRPS_v2,UCSB-CHG/CHIRPS/DAILY,1991-2020,IBGE_2024
4203709,Canelinha,SC,150.904,10,out,157.97744515898214,OK,1991,2020,30,CHIRPS_v2,UCSB-CHG/CHIRPS/DAILY,1991-2020,IBGE_2024
4211504,Nova Trento,SC,402.852,10,out,153.46204525740865,OK,1991,2020,30,CHIRPS_v2,UCSB-CHG/CHIRPS/DAILY,1991-2020,IBGE_2024
4210209,Major Gercino,SC,306.058,10,out,151.72674447116287,OK,1991,2020,30,CHIRPS_v2,UCSB-CHG/CHIRPS/DAILY,1991-2020,IBGE_2024
4216305,São João Batista,SC,200.765,10,out,153.95393435024891,OK,1991,2020,30,CHIRPS_v2,UCSB-CHG/CHIRPS/DAILY,1991-2020,IBGE_2024
4210852,Mirim Doce,SC,337.991,10,out,181.34169425542441,OK,1991,2020,30,CHIRPS_v2,UCSB-CHG/CHIRPS/DAILY,1991-2020,IBGE_2024
4202859,Braço do Trombudo,SC,89.411,10,out,168.84711957634602,OK,1991,2020,30,CHIRPS_v2,UCSB-CHG/CHIRPS/DAILY,1991-2020,IBGE_2024
4218608,Trombudo Central,SC,109.648,10,out,166.55489594638348,OK,1991,2020,30,CHIRPS_v2,UCSB-CHG/CHIRPS/DAILY,1991-2020,IBGE_2024
4209904,Lontras,SC,197.586,10,out,161.988323081516,OK,1991,2020,30,CHIRPS_v2,UCSB-CHG/CHIRPS/DAILY,1991-2020,IBGE_2024
4201802,Atalanta,SC,94.383,10,out,163.6664181975466,OK,1991,2020,30,CHIRPS_v2,UCSB-CHG/CHIRPS/DAILY,1991-2020,IBGE_2024
4201901,Aurora,SC,207.045,10,out,159.6951753289151,OK,1991,2020,30,CHIRPS_v2,UCSB-CHG/CHIRPS/DAILY,1991-2020,IBGE_2024
4217808,Taió,SC,693.847,10,out,175.76459691270952,OK,1991,2020,30,CHIRPS_v2,UCSB-CHG/CHIRPS/DAILY,1991-2020,IBGE_2024
4209508,Laurentino,SC,79.333,10,out,165.76512235044538,OK,1991,2020,30,CHIRPS_v2,UCSB-CHG/CHIRPS/DAILY,1991-2020,IBGE_2024
4200200,Agrolândia,SC,206.815,10,out,166.00300338495074,OK,1991,2020,30,CHIRPS_v2,UCSB-CHG/CHIRPS/DAILY,1991-2020,IBGE_2024
4200309,Agronômica,SC,129.774,10,out,163.6950464817633,OK,1991,2020,30,CHIRPS_v2,UCSB-CHG/CHIRPS/DAILY,1991-2020,IBGE_2024
4215679,Santa Terezinha,SC,715.551,10,out,180.4726344623074,OK,1991,2020,30,CHIRPS_v2,UCSB-CHG/CHIRPS/DAILY,1991-2020,IBGE_2024
4215307,Salete,SC,177.887,10,out,172.95537613443727,OK,1991,2020,30,CHIRPS_v2,UCSB-CHG/CHIRPS/DAILY,1991-2020,IBGE_2024
4214508,Rio do Campo,SC,502.095,10,out,176.79374771958146,OK,1991,2020,30,CHIRPS_v2,UCSB-CHG/CHIRPS/DAILY,1991-2020,IBGE_2024
4214805,Rio do Sul,SC,260.817,10,out,164.2611387228631,OK,1991,2020,30,CHIRPS_v2,UCSB-CHG/CHIRPS/DAILY,1991-2020,IBGE_2024
4214607,Rio do Oeste,SC,245.057,10,out,168.71563778960885,OK,1991,2020,30,CHIRPS_v2,UCSB-CHG/CHIRPS/DAILY,1991-2020,IBGE_2024
4214102,Presidente Nereu,SC,224.748,10,out,154.21876292032707,OK,1991,2020,30,CHIRPS_v2,UCSB-CHG/CHIRPS/DAILY,1991-2020,IBGE_2024
4213708,Pouso Redondo,SC,356.539,10,out,172.40262242108406,OK,1991,2020,30,CHIRPS_v2,UCSB-CHG/CHIRPS/DAILY,1991-2020,IBGE_2024
4205100,Dona Emma,SC,178.157,10,out,168.42352745308776,OK,1991,2020,30,CHIRPS_v2,UCSB-CHG/CHIRPS/DAILY,1991-2020,IBGE_2024
4219358,Vitor Meireles,SC,370.414,10,out,173.24919957103293,OK,1991,2020,30,CHIRPS_v2,UCSB-CHG/CHIRPS/DAILY,1991-2020,IBGE_2024
4219408,Witmarsum,SC,153.776,10,out,171.22331129560385,OK,1991,2020,30,CHIRPS_v2,UCSB-CHG/CHIRPS/DAILY,1991-2020,IBGE_2024
4209151,José Boiteux,SC,405.552,10,out,169.73693556933128,OK,1991,2020,30,CHIRPS_v2,UCSB-CHG/CHIRPS/DAILY,1991-2020,IBGE_2024
4206900,Ibirama,SC,247.102,10,out,166.86163467503536,OK,1991,2020,30,CHIRPS_v2,UCSB-CHG/CHIRPS/DAILY,1991-2020,IBGE_2024
4214003,Presidente Getúlio,SC,297.16,10,out,166.98719021256946,OK,1991,2020,30,CHIRPS_v2,UCSB-CHG/CHIRPS/DAILY,1991-2020,IBGE_2024
4204194,Chapadão do Lageado,SC,124.866,10,out,155.45379080984844,OK,1991,2020,30,CHIRPS_v2,UCSB-CHG/CHIRPS/DAILY,1991-2020,IBGE_2024
4212700,Petrolândia,SC,306.76,10,out,160.46663209398528,OK,1991,2020,30,CHIRPS_v2,UCSB-CHG/CHIRPS/DAILY,1991-2020,IBGE_2024
4219200,Vidal Ramos,SC,346.932,10,out,153.75175022744713,OK,1991,2020,30,CHIRPS_v2,UCSB-CHG/CHIRPS/DAILY,1991-2020,IBGE_2024
4209805,Leoberto Leal,SC,293.6,10,out,153.71339708485425,OK,1991,2020,30,CHIRPS_v2,UCSB-CHG/CHIRPS/DAILY,1991-2020,IBGE_2024
4208500,Ituporanga,SC,336.588,10,out,155.7558540383668,OK,1991,2020,30,CHIRPS_v2,UCSB-CHG/CHIRPS/DAILY,1991-2020,IBGE_2024
4207403,Imbuia,SC,119.113,10,out,153.46586970097061,OK,1991,2020,30,CHIRPS_v2,UCSB-CHG/CHIRPS/DAILY,1991-2020,IBGE_2024
4301909,Barra do Ribeiro,RS,729.316,10,out,146.47122064108035,OK,1991,2020,30,CHIRPS_v2,UCSB-CHG/CHIRPS/DAILY,1991-2020,IBGE_2024
4301750,Barão do Triunfo,RS,436.101,10,out,161.31932698715337,OK,1991,2020,30,CHIRPS_v2,UCSB-CHG/CHIRPS/DAILY,1991-2020,IBGE_2024
4301107,Arroio dos Ratos,RS,425.791,10,out,157.22213665498992,OK,1991,2020,30,CHIRPS_v2,UCSB-CHG/CHIRPS/DAILY,1991-2020,IBGE_2024
4317608,Santo Antônio da Patrulha,RS,1049.583,10,out,151.3540162304347,OK,1991,2020,30,CHIRPS_v2,UCSB-CHG/CHIRPS/DAILY,1991-2020,IBGE_2024
4321352,Tavares,RS,610.107,10,out,137.2989557350664,OK,1991,2020,30,CHIRPS_v2,UCSB-CHG/CHIRPS/DAILY,1991-2020,IBGE_2024
4313656,Palmares do Sul,RS,949.201,10,out,135.18934705709086,OK,1991,2020,30,CHIRPS_v2,UCSB-CHG/CHIRPS/DAILY,1991-2020,IBGE_2024
4304671,Capivari do Sul,RS,412.889,10,out,140.37567670065525,OK,1991,2020,30,CHIRPS_v2,UCSB-CHG/CHIRPS/DAILY,1991-2020,IBGE_2024
4304713,Caraá,RS,294.606,10,out,161.45988747481283,OK,1991,2020,30,CHIRPS_v2,UCSB-CHG/CHIRPS/DAILY,1991-2020,IBGE_2024
4320552,Sertão Santana,RS,252.013,10,out,153.7607629128425,OK,1991,2020,30,CHIRPS_v2,UCSB-CHG/CHIRPS/DAILY,1991-2020,IBGE_2024
4312500,Mostardas,RS,1977.442,10,out,133.33319208485045,OK,1991,2020,30,CHIRPS_v2,UCSB-CHG/CHIRPS/DAILY,1991-2020,IBGE_2024
4311981,Mariana Pimentel,RS,338.45,10,out,154.41990454908728,OK,1991,2020,30,CHIRPS_v2,UCSB-CHG/CHIRPS/DAILY,1991-2020,IBGE_2024
4309209,Gravataí,RS,468.288,10,out,155.62464417574333,OK,1991,2020,30,CHIRPS_v2,UCSB-CHG/CHIRPS/DAILY,1991-2020,IBGE_2024
4309308,Guaíba,RS,377.664,10,out,153.35851775066308,OK,1991,2020,30,CHIRPS_v2,UCSB-CHG/CHIRPS/DAILY,1991-2020,IBGE_2024
4300604,Alvorada,RS,71.702,10,out,147.637741521593,OK,1991,2020,30,CHIRPS_v2,UCSB-CHG/CHIRPS/DAILY,1991-2020,IBGE_2024
4309050,Glorinha,RS,323.955,10,out,155.9381342414737,OK,1991,2020,30,CHIRPS_v2,UCSB-CHG/CHIRPS/DAILY,1991-2020,IBGE_2024
4307708,Esteio,RS,27.676,10,out,152.1435138033329,OK,1991,2020,30,CHIRPS_v2,UCSB-CHG/CHIRPS/DAILY,1991-2020,IBGE_2024
4314902,Porto Alegre,RS,495.977,10,out,144.21953093234765,OK,1991,2020,30,CHIRPS_v2,UCSB-CHG/CHIRPS/DAILY,1991-2020,IBGE_2024
4323002,Viamão,RS,1496.019,10,out,146.97623140839332,OK,1991,2020,30,CHIRPS_v2,UCSB-CHG/CHIRPS/DAILY,1991-2020,IBGE_2024
4306767,Eldorado do Sul,RS,509.632,10,out,153.84662280051464,OK,1991,2020,30,CHIRPS_v2,UCSB-CHG/CHIRPS/DAILY,1991-2020,IBGE_2024
4313375,Nova Santa Rita,RS,217.636,10,out,155.75753142116173,OK,1991,2020,30,CHIRPS_v2,UCSB-CHG/CHIRPS/DAILY,1991-2020,IBGE_2024
4304606,Canoas,RS,130.774,10,out,147.40013649251316,OK,1991,2020,30,CHIRPS_v2,UCSB-CHG/CHIRPS/DAILY,1991-2020,IBGE_2024
4320008,Sapucaia do Sul,RS,58.247,10,out,154.4589857905972,OK,1991,2020,30,CHIRPS_v2,UCSB-CHG/CHIRPS/DAILY,1991-2020,IBGE_2024
4303103,Cachoeirinha,RS,43.76,10,out,147.43277504801557,OK,1991,2020,30,CHIRPS_v2,UCSB-CHG/CHIRPS/DAILY,1991-2020,IBGE_2024
4302352,Bom Princípio,RS,90.023,10,out,173.7340472511895,OK,1991,2020,30,CHIRPS_v2,UCSB-CHG/CHIRPS/DAILY,1991-2020,IBGE_2024
4309555,Harmonia,RS,48.547,10,out,169.79704262433788,OK,1991,2020,30,CHIRPS_v2,UCSB-CHG/CHIRPS/DAILY,1991-2020,IBGE_2024
4316956,Santa Maria do Herval,RS,140.442,10,out,188.46585858092226,OK,1991,2020,30,CHIRPS_v2,UCSB-CHG/CHIRPS/DAILY,1991-2020,IBGE_2024
4322251,Tupandi,RS,59.406,10,out,175.93141503889652,OK,1991,2020,30,CHIRPS_v2,UCSB-CHG/CHIRPS/DAILY,1991-2020,IBGE_2024
4311643,Linha Nova,RS,63.46,10,out,176.33575671221885,OK,1991,2020,30,CHIRPS_v2,UCSB-CHG/CHIRPS/DAILY,1991-2020,IBGE_2024
4319752,São Vendelino,RS,31.899,10,out,191.83036698827254,OK,1991,2020,30,CHIRPS_v2,UCSB-CHG/CHIRPS/DAILY,1991-2020,IBGE_2024
4318481,São José do Hortêncio,RS,63.705,10,out,170.00947727384576,OK,1991,2020,30,CHIRPS_v2,UCSB-CHG/CHIRPS/DAILY,1991-2020,IBGE_2024
4318705,São Leopoldo,RS,103.009,10,out,158.84155449542416,OK,1991,2020,30,CHIRPS_v2,UCSB-CHG/CHIRPS/DAILY,1991-2020,IBGE_2024
4300877,Araricá,RS,35.195,10,out,161.4878325718769,OK,1991,2020,30,CHIRPS_v2,UCSB-CHG/CHIRPS/DAILY,1991-2020,IBGE_2024
4307609,Estância Velha,RS,51.779,10,out,166.72558632128155,OK,1991,2020,30,CHIRPS_v2,UCSB-CHG/CHIRPS/DAILY,1991-2020,IBGE_2024
4314803,Portão,RS,159.307,10,out,164.104571144022,OK,1991,2020,30,CHIRPS_v2,UCSB-CHG/CHIRPS/DAILY,1991-2020,IBGE_2024
4315149,Presidente Lucena,RS,49.625,10,out,171.48371533640034,OK,1991,2020,30,CHIRPS_v2,UCSB-CHG/CHIRPS/DAILY,1991-2020,IBGE_2024
4306403,Dois Irmãos,RS,67.509,10,out,167.9067898713089,OK,1991,2020,30,CHIRPS_v2,UCSB-CHG/CHIRPS/DAILY,1991-2020,IBGE_2024
4313409,Novo Hamburgo,RS,222.548,10,out,158.83162142021507,OK,1991,2020,30,CHIRPS_v2,UCSB-CHG/CHIRPS/DAILY,1991-2020,IBGE_2024
4304689,Capela de Santana,RS,182.672,10,out,162.0689513050359,OK,1991,2020,30,CHIRPS_v2,UCSB-CHG/CHIRPS/DAILY,1991-2020,IBGE_2024
4313060,Nova Hartz,RS,62.088,10,out,169.14957645248816,OK,1991,2020,30,CHIRPS_v2,UCSB-CHG/CHIRPS/DAILY,1991-2020,IBGE_2024
4312476,Morro Reuter,RS,87.032,10,out,183.40609323149278,OK,1991,2020,30,CHIRPS_v2,UCSB-CHG/CHIRPS/DAILY,1991-2020,IBGE_2024
4311627,Lindolfo Collor,RS,33.348,10,out,166.83134601165108,OK,1991,2020,30,CHIRPS_v2,UCSB-CHG/CHIRPS/DAILY,1991-2020,IBGE_2024
4319901,Sapiranga,RS,137.759,10,out,167.33846712702035,OK,1991,2020,30,CHIRPS_v2,UCSB-CHG/CHIRPS/DAILY,1991-2020,IBGE_2024
4303905,Campo Bom,RS,60.562,10,out,159.94730036852772,OK,1991,2020,30,CHIRPS_v2,UCSB-CHG/CHIRPS/DAILY,1991-2020,IBGE_2024
4319505,São Sebastião do Caí,RS,113.067,10,out,166.4153488417036,OK,1991,2020,30,CHIRPS_v2,UCSB-CHG/CHIRPS/DAILY,1991-2020,IBGE_2024
4310801,Ivoti,RS,63.092,10,out,168.07199201194825,OK,1991,2020,30,CHIRPS_v2,UCSB-CHG/CHIRPS/DAILY,1991-2020,IBGE_2024
4310330,Imbé,RS,39.766,10,out,139.56133765537663,OK,1991,2020,30,CHIRPS_v2,UCSB-CHG/CHIRPS/DAILY,1991-2020,IBGE_2024
4321600,Tramandaí,RS,142.878,10,out,141.18735897564247,OK,1991,2020,30,CHIRPS_v2,UCSB-CHG/CHIRPS/DAILY,1991-2020,IBGE_2024
4313508,Osório,RS,663.878,10,out,147.62766313359097,OK,1991,2020,30,CHIRPS_v2,UCSB-CHG/CHIRPS/DAILY,1991-2020,IBGE_2024
4301636,Balneário Pinhal,RS,102.387,10,out,137.19511126104206,OK,1991,2020,30,CHIRPS_v2,UCSB-CHG/CHIRPS/DAILY,1991-2020,IBGE_2024
4323804,Xangri-lá,RS,60.756,10,out,142.9176486111604,OK,1991,2020,30,CHIRPS_v2,UCSB-CHG/CHIRPS/DAILY,1991-2020,IBGE_2024
4321436,Terra de Areia,RS,142.304,10,out,157.24289807919212,OK,1991,2020,30,CHIRPS_v2,UCSB-CHG/CHIRPS/DAILY,1991-2020,IBGE_2024
4305454,Cidreira,RS,243.419,10,out,139.13219163434312,OK,1991,2020,30,CHIRPS_v2,UCSB-CHG/CHIRPS/DAILY,1991-2020,IBGE_2024
4304630,Capão da Canoa,RS,98.383,10,out,143.21596465370385,OK,1991,2020,30,CHIRPS_v2,UCSB-CHG/CHIRPS/DAILY,1991-2020,IBGE_2024
4311775,Maquiné,RS,613.58,10,out,167.6830125546797,OK,1991,2020,30,CHIRPS_v2,UCSB-CHG/CHIRPS/DAILY,1991-2020,IBGE_2024
4310652,Itati,RS,205.06,10,out,182.3455882039688,OK,1991,2020,30,CHIRPS_v2,UCSB-CHG/CHIRPS/DAILY,1991-2020,IBGE_2024
4310108,Igrejinha,RS,138.116,10,out,168.8252545483856,OK,1991,2020,30,CHIRPS_v2,UCSB-CHG/CHIRPS/DAILY,1991-2020,IBGE_2024
4314050,Parobé,RS,108.56,10,out,156.64063938768007,OK,1991,2020,30,CHIRPS_v2,UCSB-CHG/CHIRPS/DAILY,1991-2020,IBGE_2024
4321709,Três Coroas,RS,168.124,10,out,176.27224824537592,OK,1991,2020,30,CHIRPS_v2,UCSB-CHG/CHIRPS/DAILY,1991-2020,IBGE_2024
4321204,Taquara,RS,450.195,10,out,159.56815342632498,OK,1991,2020,30,CHIRPS_v2,UCSB-CHG/CHIRPS/DAILY,1991-2020,IBGE_2024
4315750,Riozinho,RS,239.09,10,out,175.66777925299016,OK,1991,2020,30,CHIRPS_v2,UCSB-CHG/CHIRPS/DAILY,1991-2020,IBGE_2024
4316006,Rolante,RS,296.09,10,out,164.41060368374843,OK,1991,2020,30,CHIRPS_v2,UCSB-CHG/CHIRPS/DAILY,1991-2020,IBGE_2024
4300851,Arambaré,RS,518.193,10,out,148.38139150420844,OK,1991,2020,30,CHIRPS_v2,UCSB-CHG/CHIRPS/DAILY,1991-2020,IBGE_2024
4300638,Amaral Ferrador,RS,506.071,10,out,157.2635847054206,OK,1991,2020,30,CHIRPS_v2,UCSB-CHG/CHIRPS/DAILY,1991-2020,IBGE_2024
4306056,Cristal,RS,679.743,10,out,155.1836899884309,OK,1991,2020,30,CHIRPS_v2,UCSB-CHG/CHIRPS/DAILY,1991-2020,IBGE_2024
4306502,Dom Feliciano,RS,1355.195,10,out,158.88381931456573,OK,1991,2020,30,CHIRPS_v2,UCSB-CHG/CHIRPS/DAILY,1991-2020,IBGE_2024
4305173,Cerro Grande do Sul,RS,324.908,10,out,155.1196618418034,OK,1991,2020,30,CHIRPS_v2,UCSB-CHG/CHIRPS/DAILY,1991-2020,IBGE_2024
4305447,Chuvisca,RS,220.471,10,out,155.83380205668297,OK,1991,2020,30,CHIRPS_v2,UCSB-CHG/CHIRPS/DAILY,1991-2020,IBGE_2024
4321105,Tapes,RS,805.452,10,out,146.05060504026258,OK,1991,2020,30,CHIRPS_v2,UCSB-CHG/CHIRPS/DAILY,1991-2020,IBGE_2024
4320354,Sentinela do Sul,RS,282.13,10,out,150.52008242104918,OK,1991,2020,30,CHIRPS_v2,UCSB-CHG/CHIRPS/DAILY,1991-2020,IBGE_2024
4303509,Camaquã,RS,1678.991,10,out,151.19053519774081,OK,1991,2020,30,CHIRPS_v2,UCSB-CHG/CHIRPS/DAILY,1991-2020,IBGE_2024
4302709,Butiá,RS,752.187,10,out,158.95328075918172,OK,1991,2020,30,CHIRPS_v2,UCSB-CHG/CHIRPS/DAILY,1991-2020,IBGE_2024
4318408,São Jerônimo,RS,935.595,10,out,160.8816190504264,OK,1991,2020,30,CHIRPS_v2,UCSB-CHG/CHIRPS/DAILY,1991-2020,IBGE_2024
4308805,General Câmara,RS,510.01,10,out,161.29069107040448,OK,1991,2020,30,CHIRPS_v2,UCSB-CHG/CHIRPS/DAILY,1991-2020,IBGE_2024
4322004,Triunfo,RS,818.221,10,out,158.51439602869382,OK,1991,2020,30,CHIRPS_v2,UCSB-CHG/CHIRPS/DAILY,1991-2020,IBGE_2024
4305355,Charqueadas,RS,217.362,10,out,155.25726737844596,OK,1991,2020,30,CHIRPS_v2,UCSB-CHG/CHIRPS/DAILY,1991-2020,IBGE_2024
4312252,Minas do Leão,RS,424.339,10,out,158.01843777884798,OK,1991,2020,30,CHIRPS_v2,UCSB-CHG/CHIRPS/DAILY,1991-2020,IBGE_2024
4318614,São José do Sul,RS,54.764,10,out,169.58216765178156,OK,1991,2020,30,CHIRPS_v2,UCSB-CHG/CHIRPS/DAILY,1991-2020,IBGE_2024
4316501,Salvador do Sul,RS,99.026,10,out,177.5158395137472,OK,1991,2020,30,CHIRPS_v2,UCSB-CHG/CHIRPS/DAILY,1991-2020,IBGE_2024
4314035,Pareci Novo,RS,57.5,10,out,166.22433713182122,OK,1991,2020,30,CHIRPS_v2,UCSB-CHG/CHIRPS/DAILY,1991-2020,IBGE_2024
4312401,Montenegro,RS,425.159,10,out,164.775557008164,OK,1991,2020,30,CHIRPS_v2,UCSB-CHG/CHIRPS/DAILY,1991-2020,IBGE_2024
4311791,Maratá,RS,82.063,10,out,170.079961865093,OK,1991,2020,30,CHIRPS_v2,UCSB-CHG/CHIRPS/DAILY,1991-2020,IBGE_2024
4319356,São Pedro da Serra,RS,37.631,10,out,184.49716577497665,OK,1991,2020,30,CHIRPS_v2,UCSB-CHG/CHIRPS/DAILY,1991-2020,IBGE_2024
4302659,Brochier,RS,105.353,10,out,173.48085737742895,OK,1991,2020,30,CHIRPS_v2,UCSB-CHG/CHIRPS/DAILY,1991-2020,IBGE_2024
4301057,Arroio do Sal,RS,119.161,10,out,143.86277794901923,OK,1991,2020,30,CHIRPS_v2,UCSB-CHG/CHIRPS/DAILY,1991-2020,IBGE_2024
4306551,Dom Pedro de Alcântara,RS,78.216,10,out,144.52551369130862,OK,1991,2020,30,CHIRPS_v2,UCSB-CHG/CHIRPS/DAILY,1991-2020,IBGE_2024
4321501,Torres,RS,161.63,10,out,141.93307401519112,OK,1991,2020,30,CHIRPS_v2,UCSB-CHG/CHIRPS/DAILY,1991-2020,IBGE_2024
4321832,Três Forquilhas,RS,217.386,10,out,168.560523986107,OK,1991,2020,30,CHIRPS_v2,UCSB-CHG/CHIRPS/DAILY,1991-2020,IBGE_2024
4321667,Três Cachoeiras,RS,251.483,10,out,153.6417682278253,OK,1991,2020,30,CHIRPS_v2,UCSB-CHG/CHIRPS/DAILY,1991-2020,IBGE_2024
4312443,Morrinhos do Sul,RS,166.224,10,out,162.37650321912182,OK,1991,2020,30,CHIRPS_v2,UCSB-CHG/CHIRPS/DAILY,1991-2020,IBGE_2024
4311734,Mampituba,RS,156.653,10,out,163.4435102913192,OK,1991,2020,30,CHIRPS_v2,UCSB-CHG/CHIRPS/DAILY,1991-2020,IBGE_2024
4301073,Arroio do Padre,RS,124.693,10,out,150.45342311666138,OK,1991,2020,30,CHIRPS_v2,UCSB-CHG/CHIRPS/DAILY,1991-2020,IBGE_2024
4315602,Rio Grande,RS,2682.85,10,out,127.04909922905766,OK,1991,2020,30,CHIRPS_v2,UCSB-CHG/CHIRPS/DAILY,1991-2020,IBGE_2024
4314407,Pelotas,RS,1608.78,10,out,144.7933769515141,OK,1991,2020,30,CHIRPS_v2,UCSB-CHG/CHIRPS/DAILY,1991-2020,IBGE_2024
4304663,Capão do Leão,RS,783.197,10,out,142.3667473836134,OK,1991,2020,30,CHIRPS_v2,UCSB-CHG/CHIRPS/DAILY,1991-2020,IBGE_2024
4311007,Jaguarão,RS,2051.845,10,out,122.80672025142555,OK,1991,2020,30,CHIRPS_v2,UCSB-CHG/CHIRPS/DAILY,1991-2020,IBGE_2024
4318507,São José do Norte,RS,1072.338,10,out,129.60310321808683,OK,1991,2020,30,CHIRPS_v2,UCSB-CHG/CHIRPS/DAILY,1991-2020,IBGE_2024
4317301,Santa Vitória do Palmar,RS,5206.977,10,out,105.86558802461282,OK,1991,2020,30,CHIRPS_v2,UCSB-CHG/CHIRPS/DAILY,1991-2020,IBGE_2024
4301305,Arroio Grande,RS,2508.557,10,out,128.14252705150926,OK,1991,2020,30,CHIRPS_v2,UCSB-CHG/CHIRPS/DAILY,1991-2020,IBGE_2024
4307104,Herval,RS,1759.717,10,out,136.91822272208353,OK,1991,2020,30,CHIRPS_v2,UCSB-CHG/CHIRPS/DAILY,1991-2020,IBGE_2024
4314209,Pedro Osório,RS,603.757,10,out,135.09640931152776,OK,1991,2020,30,CHIRPS_v2,UCSB-CHG/CHIRPS/DAILY,1991-2020,IBGE_2024
4314605,Piratini,RS,3539.343,10,out,155.07880699567522,OK,1991,2020,30,CHIRPS_v2,UCSB-CHG/CHIRPS/DAILY,1991-2020,IBGE_2024
4322327,Turuçu,RS,253.635,10,out,145.51505913942083,OK,1991,2020,30,CHIRPS_v2,UCSB-CHG/CHIRPS/DAILY,1991-2020,IBGE_2024
4305124,Cerrito,RS,451.699,10,out,143.25201037270648,OK,1991,2020,30,CHIRPS_v2,UCSB-CHG/CHIRPS/DAILY,1991-2020,IBGE_2024
4305439,Chuí,RS,202.387,10,out,100.64658563249542,OK,1991,2020,30,CHIRPS_v2,UCSB-CHG/CHIRPS/DAILY,1991-2020,IBGE_2024
4304507,Canguçu,RS,3527.541,10,out,159.47099243725387,OK,1991,2020,30,CHIRPS_v2,UCSB-CHG/CHIRPS/DAILY,1991-2020,IBGE_2024
4312450,Morro Redondo,RS,244.644,10,out,145.10519471910507,OK,1991,2020,30,CHIRPS_v2,UCSB-CHG/CHIRPS/DAILY,1991-2020,IBGE_2024
4318804,São Lourenço do Sul,RS,2039.434,10,out,153.59074335731538,OK,1991,2020,30,CHIRPS_v2,UCSB-CHG/CHIRPS/DAILY,1991-2020,IBGE_2024
4301602,Bagé,RS,4091.554,10,out,160.10411673062995,OK,1991,2020,30,CHIRPS_v2,UCSB-CHG/CHIRPS/DAILY,1991-2020,IBGE_2024
4309654,Hulha Negra,RS,822.608,10,out,155.08708335094144,OK,1991,2020,30,CHIRPS_v2,UCSB-CHG/CHIRPS/DAILY,1991-2020,IBGE_2024
4300034,Aceguá,RS,1551.339,10,out,144.33440554306844,OK,1991,2020,30,CHIRPS_v2,UCSB-CHG/CHIRPS/DAILY,1991-2020,IBGE_2024
4304358,Candiota,RS,933.628,10,out,150.80281560988684,OK,1991,2020,30,CHIRPS_v2,UCSB-CHG/CHIRPS/DAILY,1991-2020,IBGE_2024
4306601,Dom Pedrito,RS,5194.051,10,out,157.37959141220216,OK,1991,2020,30,CHIRPS_v2,UCSB-CHG/CHIRPS/DAILY,1991-2020,IBGE_2024
4314506,Pinheiro Machado,RS,2249.324,10,out,155.60753670094047,OK,1991,2020,30,CHIRPS_v2,UCSB-CHG/CHIRPS/DAILY,1991-2020,IBGE_2024
4314175,Pedras Altas,RS,1373.985,10,out,142.72854739813422,OK,1991,2020,30,CHIRPS_v2,UCSB-CHG/CHIRPS/DAILY,1991-2020,IBGE_2024
4310538,Itaara,RS,172.801,10,out,212.66878009630472,OK,1991,2020,30,CHIRPS_v2,UCSB-CHG/CHIRPS/DAILY,1991-2020,IBGE_2024
4316907,Santa Maria,RS,1780.194,10,out,191.18330162391604,OK,1991,2020,30,CHIRPS_v2,UCSB-CHG/CHIRPS/DAILY,1991-2020,IBGE_2024
4311106,Jaguari,RS,675.108,10,out,219.26214160343295,OK,1991,2020,30,CHIRPS_v2,UCSB-CHG/CHIRPS/DAILY,1991-2020,IBGE_2024
4302907,Cacequi,RS,2373.513,10,out,192.93655740924652,OK,1991,2020,30,CHIRPS_v2,UCSB-CHG/CHIRPS/DAILY,1991-2020,IBGE_2024
4319125,São Martinho da Serra,RS,669.547,10,out,218.16921051903444,OK,1991,2020,30,CHIRPS_v2,UCSB-CHG/CHIRPS/DAILY,1991-2020,IBGE_2024
4318432,São João do Polêsine,RS,78.32,10,out,200.9172438030802,OK,1991,2020,30,CHIRPS_v2,UCSB-CHG/CHIRPS/DAILY,1991-2020,IBGE_2024
4300109,Agudo,RS,534.624,10,out,198.3204221017783,OK,1991,2020,30,CHIRPS_v2,UCSB-CHG/CHIRPS/DAILY,1991-2020,IBGE_2024
4308409,Formigueiro,RS,578.875,10,out,185.82717654958702,OK,1991,2020,30,CHIRPS_v2,UCSB-CHG/CHIRPS/DAILY,1991-2020,IBGE_2024
4308003,Faxinal do Soturno,RS,169.514,10,out,202.83826370897827,OK,1991,2020,30,CHIRPS_v2,UCSB-CHG/CHIRPS/DAILY,1991-2020,IBGE_2024
4315321,Quevedos,RS,543.359,10,out,223.58352628411626,OK,1991,2020,30,CHIRPS_v2,UCSB-CHG/CHIRPS/DAILY,1991-2020,IBGE_2024
4315503,Restinga Sêca,RS,968.62,10,out,188.1294531347856,OK,1991,2020,30,CHIRPS_v2,UCSB-CHG/CHIRPS/DAILY,1991-2020,IBGE_2024
4306700,Dona Francisca,RS,114.149,10,out,202.03133159989338,OK,1991,2020,30,CHIRPS_v2,UCSB-CHG/CHIRPS/DAILY,1991-2020,IBGE_2024
4306379,Dilermando de Aguiar,RS,600.518,10,out,194.9762430498822,OK,1991,2020,30,CHIRPS_v2,UCSB-CHG/CHIRPS/DAILY,1991-2020,IBGE_2024
4314472,Pinhal Grande,RS,478.11,10,out,206.47282378073479,OK,1991,2020,30,CHIRPS_v2,UCSB-CHG/CHIRPS/DAILY,1991-2020,IBGE_2024
4321493,Toropi,RS,198.316,10,out,217.75027044411706,OK,1991,2020,30,CHIRPS_v2,UCSB-CHG/CHIRPS/DAILY,1991-2020,IBGE_2024
4313102,Nova Palma,RS,314.613,10,out,207.21513783103956,OK,1991,2020,30,CHIRPS_v2,UCSB-CHG/CHIRPS/DAILY,1991-2020,IBGE_2024
4320651,Silveira Martins,RS,119.285,10,out,202.85868207135425,OK,1991,2020,30,CHIRPS_v2,UCSB-CHG/CHIRPS/DAILY,1991-2020,IBGE_2024
4312104,Mata,RS,316.121,10,out,212.51964493511207,OK,1991,2020,30,CHIRPS_v2,UCSB-CHG/CHIRPS/DAILY,1991-2020,IBGE_2024
4311130,Jari,RS,853.08,10,out,229.15686860251955,OK,1991,2020,30,CHIRPS_v2,UCSB-CHG/CHIRPS/DAILY,1991-2020,IBGE_2024
4319406,São Pedro do Sul,RS,873.394,10,out,204.98271672964597,OK,1991,2020,30,CHIRPS_v2,UCSB-CHG/CHIRPS/DAILY,1991-2020,IBGE_2024
4311205,Júlio de Castilhos,RS,1929.544,10,out,216.7621366741365,OK,1991,2020,30,CHIRPS_v2,UCSB-CHG/CHIRPS/DAILY,1991-2020,IBGE_2024
4319802,São Vicente do Sul,RS,1174.225,10,out,199.53800634914813,OK,1991,2020,30,CHIRPS_v2,UCSB-CHG/CHIRPS/DAILY,1991-2020,IBGE_2024
4319604,São Sepé,RS,2204.779,10,out,183.76725624615426,OK,1991,2020,30,CHIRPS_v2,UCSB-CHG/CHIRPS/DAILY,1991-2020,IBGE_2024
4310751,Ivorá,RS,122.93,10,out,210.51758029846695,OK,1991,2020,30,CHIRPS_v2,UCSB-CHG/CHIRPS/DAILY,1991-2020,IBGE_2024
4302808,Caçapava do Sul,RS,3046.787,10,out,177.14802431501488,OK,1991,2020,30,CHIRPS_v2,UCSB-CHG/CHIRPS/DAILY,1991-2020,IBGE_2024
4318309,São Gabriel,RS,5053.459,10,out,179.30326741099702,OK,1991,2020,30,CHIRPS_v2,UCSB-CHG/CHIRPS/DAILY,1991-2020,IBGE_2024
4316972,Santa Margarida do Sul,RS,955.299,10,out,175.53532057577408,OK,1991,2020,30,CHIRPS_v2,UCSB-CHG/CHIRPS/DAILY,1991-2020,IBGE_2024
4317004,Santana da Boa Vista,RS,1418.758,10,out,170.57235518620456,OK,1991,2020,30,CHIRPS_v2,UCSB-CHG/CHIRPS/DAILY,1991-2020,IBGE_2024
4323457,Vila Nova do Sul,RS,508.278,10,out,181.27582656186374,OK,1991,2020,30,CHIRPS_v2,UCSB-CHG/CHIRPS/DAILY,1991-2020,IBGE_2024
4311502,Lavras do Sul,RS,2600.991,10,out,169.23078679289924,OK,1991,2020,30,CHIRPS_v2,UCSB-CHG/CHIRPS/DAILY,1991-2020,IBGE_2024
4314027,Paraíso do Sul,RS,337.534,10,out,194.9284487121509,OK,1991,2020,30,CHIRPS_v2,UCSB-CHG/CHIRPS/DAILY,1991-2020,IBGE_2024
4305132,Cerro Branco,RS,158.025,10,out,201.8159792008857,OK,1991,2020,30,CHIRPS_v2,UCSB-CHG/CHIRPS/DAILY,1991-2020,IBGE_2024
4313391,Novo Cabrais,RS,192.998,10,out,189.25833637374686,OK,1991,2020,30,CHIRPS_v2,UCSB-CHG/CHIRPS/DAILY,1991-2020,IBGE_2024
4303004,Cachoeira do Sul,RS,3736.064,10,out,178.32408543970934,OK,1991,2020,30,CHIRPS_v2,UCSB-CHG/CHIRPS/DAILY,1991-2020,IBGE_2024
4317400,Santiago,RS,2413.419,10,out,233.70709087248056,OK,1991,2020,30,CHIRPS_v2,UCSB-CHG/CHIRPS/DAILY,1991-2020,IBGE_2024
4322376,Unistalda,RS,602.26,10,out,226.21725070776546,OK,1991,2020,30,CHIRPS_v2,UCSB-CHG/CHIRPS/DAILY,1991-2020,IBGE_2024
4304655,Capão do Cipó,RS,1007.796,10,out,236.58786788149558,OK,1991,2020,30,CHIRPS_v2,UCSB-CHG/CHIRPS/DAILY,1991-2020,IBGE_2024
4313037,Nova Esperança do Sul,RS,191.772,10,out,228.86853280352466,OK,1991,2020,30,CHIRPS_v2,UCSB-CHG/CHIRPS/DAILY,1991-2020,IBGE_2024
4300406,Alegrete,RS,7800.552,10,out,180.42789147307738,OK,1991,2020,30,CHIRPS_v2,UCSB-CHG/CHIRPS/DAILY,1991-2020,IBGE_2024
4311759,Manoel Viana,RS,1365.086,10,out,186.58061808022657,OK,1991,2020,30,CHIRPS_v2,UCSB-CHG/CHIRPS/DAILY,1991-2020,IBGE_2024
4317103,Sant'Ana do Livramento,RS,6946.407,10,out,162.64311363350623,OK,1991,2020,30,CHIRPS_v2,UCSB-CHG/CHIRPS/DAILY,1991-2020,IBGE_2024
4316402,Rosário do Sul,RS,4343.651,10,out,175.31048397836412,OK,1991,2020,30,CHIRPS_v2,UCSB-CHG/CHIRPS/DAILY,1991-2020,IBGE_2024
4315305,Quaraí,RS,3139.995,10,out,164.40383372185454,OK,1991,2020,30,CHIRPS_v2,UCSB-CHG/CHIRPS/DAILY,1991-2020,IBGE_2024
4310207,Ijuí,RS,688.982,10,out,237.7802930043851,OK,1991,2020,30,CHIRPS_v2,UCSB-CHG/CHIRPS/DAILY,1991-2020,IBGE_2024
4310413,Inhacorá,RS,113.703,10,out,246.53760926413932,OK,1991,2020,30,CHIRPS_v2,UCSB-CHG/CHIRPS/DAILY,1991-2020,IBGE_2024
4317806,Santo Augusto,RS,467.775,10,out,245.28904610967928,OK,1991,2020,30,CHIRPS_v2,UCSB-CHG/CHIRPS/DAILY,1991-2020,IBGE_2024
4301503,Augusto Pestana,RS,348.219,10,out,237.29813274377534,OK,1991,2020,30,CHIRPS_v2,UCSB-CHG/CHIRPS/DAILY,1991-2020,IBGE_2024
4300208,Ajuricaba,RS,322.674,10,out,237.24395522739957,OK,1991,2020,30,CHIRPS_v2,UCSB-CHG/CHIRPS/DAILY,1991-2020,IBGE_2024
4314308,Pejuçara,RS,414.106,10,out,235.12732411622352,OK,1991,2020,30,CHIRPS_v2,UCSB-CHG/CHIRPS/DAILY,1991-2020,IBGE_2024
4313904,Panambi,RS,491.57,10,out,233.2054002955878,OK,1991,2020,30,CHIRPS_v2,UCSB-CHG/CHIRPS/DAILY,1991-2020,IBGE_2024
4305702,Condor,RS,463.568,10,out,237.37856122405663,OK,1991,2020,30,CHIRPS_v2,UCSB-CHG/CHIRPS/DAILY,1991-2020,IBGE_2024
4305900,Coronel Bicaco,RS,492.303,10,out,244.04102270137267,OK,1991,2020,30,CHIRPS_v2,UCSB-CHG/CHIRPS/DAILY,1991-2020,IBGE_2024
4305871,Coronel Barros,RS,163.716,10,out,240.18126126740063,OK,1991,2020,30,CHIRPS_v2,UCSB-CHG/CHIRPS/DAILY,1991-2020,IBGE_2024
4313334,Nova Ramada,RS,255.264,10,out,243.3902410649501,OK,1991,2020,30,CHIRPS_v2,UCSB-CHG/CHIRPS/DAILY,1991-2020,IBGE_2024
4305009,Catuípe,RS,583.18,10,out,244.42184493259188,OK,1991,2020,30,CHIRPS_v2,UCSB-CHG/CHIRPS/DAILY,1991-2020,IBGE_2024
4305405,Chiapetta,RS,397.179,10,out,245.31353491746518,OK,1991,2020,30,CHIRPS_v2,UCSB-CHG/CHIRPS/DAILY,1991-2020,IBGE_2024
4311155,Jóia,RS,1238.709,10,out,238.8628071239275,OK,1991,2020,30,CHIRPS_v2,UCSB-CHG/CHIRPS/DAILY,1991-2020,IBGE_2024
4319737,São Valério do Sul,RS,107.402,10,out,243.2000018907166,OK,1991,2020,30,CHIRPS_v2,UCSB-CHG/CHIRPS/DAILY,1991-2020,IBGE_2024
4302584,Bozano,RS,200.497,10,out,234.9451771671751,OK,1991,2020,30,CHIRPS_v2,UCSB-CHG/CHIRPS/DAILY,1991-2020,IBGE_2024
4317905,Santo Cristo,RS,367.069,10,out,236.90152898496225,OK,1991,2020,30,CHIRPS_v2,UCSB-CHG/CHIRPS/DAILY,1991-2020,IBGE_2024
4317202,Santa Rosa,RS,489.303,10,out,240.68781134578958,OK,1991,2020,30,CHIRPS_v2,UCSB-CHG/CHIRPS/DAILY,1991-2020,IBGE_2024
4300307,Alecrim,RS,316.394,10,out,231.39273564217243,OK,1991,2020,30,CHIRPS_v2,UCSB-CHG/CHIRPS/DAILY,1991-2020,IBGE_2024
4315008,Porto Lucena,RS,250.809,10,out,230.88120034169506,OK,1991,2020,30,CHIRPS_v2,UCSB-CHG/CHIRPS/DAILY,1991-2020,IBGE_2024
4315073,Porto Vera Cruz,RS,114.349,10,out,229.5197920569112,OK,1991,2020,30,CHIRPS_v2,UCSB-CHG/CHIRPS/DAILY,1991-2020,IBGE_2024
4315057,Porto Mauá,RS,105.811,10,out,229.70874380623604,OK,1991,2020,30,CHIRPS_v2,UCSB-CHG/CHIRPS/DAILY,1991-2020,IBGE_2024
4322103,Tucunduva,RS,181.198,10,out,235.10363019878577,OK,1991,2020,30,CHIRPS_v2,UCSB-CHG/CHIRPS/DAILY,1991-2020,IBGE_2024
4322301,Tuparendi,RS,307.71,10,out,234.6461836229947,OK,1991,2020,30,CHIRPS_v2,UCSB-CHG/CHIRPS/DAILY,1991-2020,IBGE_2024
4313425,Novo Machado,RS,218.836,10,out,232.5355916314142,OK,1991,2020,30,CHIRPS_v2,UCSB-CHG/CHIRPS/DAILY,1991-2020,IBGE_2024
4304309,Cândido Godói,RS,247.196,10,out,240.27946367057234,OK,1991,2020,30,CHIRPS_v2,UCSB-CHG/CHIRPS/DAILY,1991-2020,IBGE_2024
4320321,Senador Salgado Filho,RS,147.086,10,out,245.79843584702968,OK,1991,2020,30,CHIRPS_v2,UCSB-CHG/CHIRPS/DAILY,1991-2020,IBGE_2024
4303707,Campina das Missões,RS,224.792,10,out,235.2232611354823,OK,1991,2020,30,CHIRPS_v2,UCSB-CHG/CHIRPS/DAILY,1991-2020,IBGE_2024
4319158,São Miguel das Missões,RS,1228.91,10,out,237.62374315764373,OK,1991,2020,30,CHIRPS_v2,UCSB-CHG/CHIRPS/DAILY,1991-2020,IBGE_2024
4317509,Santo Ângelo,RS,678.501,10,out,245.26153562469574,OK,1991,2020,30,CHIRPS_v2,UCSB-CHG/CHIRPS/DAILY,1991-2020,IBGE_2024
4309506,Guarani das Missões,RS,289.515,10,out,245.85785331876232,OK,1991,2020,30,CHIRPS_v2,UCSB-CHG/CHIRPS/DAILY,1991-2020,IBGE_2024
4309001,Giruá,RS,855.56,10,out,247.49622905126864,OK,1991,2020,30,CHIRPS_v2,UCSB-CHG/CHIRPS/DAILY,1991-2020,IBGE_2024
4307831,Eugênio de Castro,RS,417.821,10,out,241.2568157017917,OK,1991,2020,30,CHIRPS_v2,UCSB-CHG/CHIRPS/DAILY,1991-2020,IBGE_2024
4323754,Vitória das Missões,RS,258.454,10,out,240.69790888275318,OK,1991,2020,30,CHIRPS_v2,UCSB-CHG/CHIRPS/DAILY,1991-2020,IBGE_2024
4306932,Entre-Ijuís,RS,553.915,10,out,242.00375971405907,OK,1991,2020,30,CHIRPS_v2,UCSB-CHG/CHIRPS/DAILY,1991-2020,IBGE_2024
4320578,Sete de Setembro,RS,131.66,10,out,247.11915751949712,OK,1991,2020,30,CHIRPS_v2,UCSB-CHG/CHIRPS/DAILY,1991-2020,IBGE_2024
4319109,São Martinho,RS,171.245,10,out,243.29334261207845,OK,1991,2020,30,CHIRPS_v2,UCSB-CHG/CHIRPS/DAILY,1991-2020,IBGE_2024
4302378,Bom Progresso,RS,89.206,10,out,241.21672858487108,OK,1991,2020,30,CHIRPS_v2,UCSB-CHG/CHIRPS/DAILY,1991-2020,IBGE_2024
4309704,Humaitá,RS,135.01,10,out,241.9423115646564,OK,1991,2020,30,CHIRPS_v2,UCSB-CHG/CHIRPS/DAILY,1991-2020,IBGE_2024
4301859,Barra do Guarita,RS,62.801,10,out,244.18626909543545,OK,1991,2020,30,CHIRPS_v2,UCSB-CHG/CHIRPS/DAILY,1991-2020,IBGE_2024
4315404,Redentora,RS,303.705,10,out,241.7037323973448,OK,1991,2020,30,CHIRPS_v2,UCSB-CHG/CHIRPS/DAILY,1991-2020,IBGE_2024
4307450,Esperança do Sul,RS,148.909,10,out,241.14482819526435,OK,1991,2020,30,CHIRPS_v2,UCSB-CHG/CHIRPS/DAILY,1991-2020,IBGE_2024
4323705,Vista Gaúcha,RS,90.022,10,out,240.55942566193227,OK,1991,2020,30,CHIRPS_v2,UCSB-CHG/CHIRPS/DAILY,1991-2020,IBGE_2024
4306007,Crissiumal,RS,362.032,10,out,236.18674323463017,OK,1991,2020,30,CHIRPS_v2,UCSB-CHG/CHIRPS/DAILY,1991-2020,IBGE_2024
4306320,Derrubadas,RS,360.851,10,out,244.95465965839674,OK,1991,2020,30,CHIRPS_v2,UCSB-CHG/CHIRPS/DAILY,1991-2020,IBGE_2024
4321907,Três Passos,RS,268.902,10,out,240.66809298097448,OK,1991,2020,30,CHIRPS_v2,UCSB-CHG/CHIRPS/DAILY,1991-2020,IBGE_2024
4321402,Tenente Portela,RS,337.495,10,out,240.756019716786,OK,1991,2020,30,CHIRPS_v2,UCSB-CHG/CHIRPS/DAILY,1991-2020,IBGE_2024
4321477,Tiradentes do Sul,RS,236.653,10,out,236.67130295419443,OK,1991,2020,30,CHIRPS_v2,UCSB-CHG/CHIRPS/DAILY,1991-2020,IBGE_2024
4312302,Miraguaí,RS,131.236,10,out,240.05973278014585,OK,1991,2020,30,CHIRPS_v2,UCSB-CHG/CHIRPS/DAILY,1991-2020,IBGE_2024
4304002,Campo Novo,RS,220.719,10,out,243.20962672087018,OK,1991,2020,30,CHIRPS_v2,UCSB-CHG/CHIRPS/DAILY,1991-2020,IBGE_2024
4320230,Sede Nova,RS,119.312,10,out,243.1384269377311,OK,1991,2020,30,CHIRPS_v2,UCSB-CHG/CHIRPS/DAILY,1991-2020,IBGE_2024
4302600,Braga,RS,132.044,10,out,241.04632174603697,OK,1991,2020,30,CHIRPS_v2,UCSB-CHG/CHIRPS/DAILY,1991-2020,IBGE_2024
4302501,Bossoroca,RS,1610.056,10,out,235.65084669674542,OK,1991,2020,30,CHIRPS_v2,UCSB-CHG/CHIRPS/DAILY,1991-2020,IBGE_2024
4319208,São Nicolau,RS,497.446,10,out,232.11620893361655,OK,1991,2020,30,CHIRPS_v2,UCSB-CHG/CHIRPS/DAILY,1991-2020,IBGE_2024
4315958,Rolador,RS,295.201,10,out,244.06707970955816,OK,1991,2020,30,CHIRPS_v2,UCSB-CHG/CHIRPS/DAILY,1991-2020,IBGE_2024
4314555,Pirapó,RS,281.794,10,out,230.35220783950678,OK,1991,2020,30,CHIRPS_v2,UCSB-CHG/CHIRPS/DAILY,1991-2020,IBGE_2024
4306353,Dezesseis de Novembro,RS,216.341,10,out,240.92917895242152,OK,1991,2020,30,CHIRPS_v2,UCSB-CHG/CHIRPS/DAILY,1991-2020,IBGE_2024
4303301,Caibaté,RS,261.28,10,out,241.19114258861097,OK,1991,2020,30,CHIRPS_v2,UCSB-CHG/CHIRPS/DAILY,1991-2020,IBGE_2024
4318903,São Luiz Gonzaga,RS,1296.773,10,out,244.3394167095619,OK,1991,2020,30,CHIRPS_v2,UCSB-CHG/CHIRPS/DAILY,1991-2020,IBGE_2024
4318499,São José do Inhacorá,RS,77.743,10,out,240.54094214810775,OK,1991,2020,30,CHIRPS_v2,UCSB-CHG/CHIRPS/DAILY,1991-2020,IBGE_2024
4310405,Independência,RS,358.397,10,out,244.69812051200302,OK,1991,2020,30,CHIRPS_v2,UCSB-CHG/CHIRPS/DAILY,1991-2020,IBGE_2024
4302204,Boa Vista do Buricá,RS,109.498,10,out,240.6481609441701,OK,1991,2020,30,CHIRPS_v2,UCSB-CHG/CHIRPS/DAILY,1991-2020,IBGE_2024
4309605,Horizontina,RS,229.798,10,out,236.99176659823647,OK,1991,2020,30,CHIRPS_v2,UCSB-CHG/CHIRPS/DAILY,1991-2020,IBGE_2024
4300455,Alegria,RS,172.686,10,out,243.19815410692104,OK,1991,2020,30,CHIRPS_v2,UCSB-CHG/CHIRPS/DAILY,1991-2020,IBGE_2024
4306734,Doutor Maurício Cardoso,RS,255.799,10,out,232.28479028437064,OK,1991,2020,30,CHIRPS_v2,UCSB-CHG/CHIRPS/DAILY,1991-2020,IBGE_2024
4321808,Três de Maio,RS,421.604,10,out,239.16551014742126,OK,1991,2020,30,CHIRPS_v2,UCSB-CHG/CHIRPS/DAILY,1991-2020,IBGE_2024
4313011,Nova Candelária,RS,97.5,10,out,238.4280549311315,OK,1991,2020,30,CHIRPS_v2,UCSB-CHG/CHIRPS/DAILY,1991-2020,IBGE_2024
4316477,Salvador das Missões,RS,95.952,10,out,240.27357346126868,OK,1991,2020,30,CHIRPS_v2,UCSB-CHG/CHIRPS/DAILY,1991-2020,IBGE_2024
4316303,Roque Gonzales,RS,349.084,10,out,232.61101864448415,OK,1991,2020,30,CHIRPS_v2,UCSB-CHG/CHIRPS/DAILY,1991-2020,IBGE_2024
4315107,Porto Xavier,RS,281.497,10,out,229.69160128931964,OK,1991,2020,30,CHIRPS_v2,UCSB-CHG/CHIRPS/DAILY,1991-2020,IBGE_2024
4322343,Ubiretama,RS,125.95,10,out,243.59062901793504,OK,1991,2020,30,CHIRPS_v2,UCSB-CHG/CHIRPS/DAILY,1991-2020,IBGE_2024
4305207,Cerro Largo,RS,176.742,10,out,242.3851726435804,OK,1991,2020,30,CHIRPS_v2,UCSB-CHG/CHIRPS/DAILY,1991-2020,IBGE_2024
4312179,Mato Queimado,RS,114.653,10,out,241.8171748423203,OK,1991,2020,30,CHIRPS_v2,UCSB-CHG/CHIRPS/DAILY,1991-2020,IBGE_2024
4319307,São Paulo das Missões,RS,222.504,10,out,237.55715983863738,OK,1991,2020,30,CHIRPS_v2,UCSB-CHG/CHIRPS/DAILY,1991-2020,IBGE_2024
4319372,São Pedro do Butiá,RS,107.394,10,out,239.93996407207527,OK,1991,2020,30,CHIRPS_v2,UCSB-CHG/CHIRPS/DAILY,1991-2020,IBGE_2024
4314100,Passo Fundo,RS,784.406,10,out,224.20655263323792,OK,1991,2020,30,CHIRPS_v2,UCSB-CHG/CHIRPS/DAILY,1991-2020,IBGE_2024
4300554,Alto Alegre,RS,115.335,10,out,217.0931615921149,OK,1991,2020,30,CHIRPS_v2,UCSB-CHG/CHIRPS/DAILY,1991-2020,IBGE_2024
4316105,Ronda Alta,RS,418.675,10,out,230.13910094606476,OK,1991,2020,30,CHIRPS_v2,UCSB-CHG/CHIRPS/DAILY,1991-2020,IBGE_2024
4307054,Ernestina,RS,238.558,10,out,221.99142577040246,OK,1991,2020,30,CHIRPS_v2,UCSB-CHG/CHIRPS/DAILY,1991-2020,IBGE_2024
4307500,Espumoso,RS,783.642,10,out,217.27409715868157,OK,1991,2020,30,CHIRPS_v2,UCSB-CHG/CHIRPS/DAILY,1991-2020,IBGE_2024
4314779,Pontão,RS,502.709,10,out,229.18927400464582,OK,1991,2020,30,CHIRPS_v2,UCSB-CHG/CHIRPS/DAILY,1991-2020,IBGE_2024
4323200,Victor Graeff,RS,238.133,10,out,220.5882311585356,OK,1991,2020,30,CHIRPS_v2,UCSB-CHG/CHIRPS/DAILY,1991-2020,IBGE_2024
4305975,Coxilha,RS,422.101,10,out,227.30760459884226,OK,1991,2020,30,CHIRPS_v2,UCSB-CHG/CHIRPS/DAILY,1991-2020,IBGE_2024
4321469,Tio Hugo,RS,113.944,10,out,217.17564856270602,OK,1991,2020,30,CHIRPS_v2,UCSB-CHG/CHIRPS/DAILY,1991-2020,IBGE_2024
4321857,Três Palmeiras,RS,180.599,10,out,234.68940981430285,OK,1991,2020,30,CHIRPS_v2,UCSB-CHG/CHIRPS/DAILY,1991-2020,IBGE_2024
4321006,Tapera,RS,179.935,10,out,219.71054065261308,OK,1991,2020,30,CHIRPS_v2,UCSB-CHG/CHIRPS/DAILY,1991-2020,IBGE_2024
4312674,Nicolau Vergueiro,RS,154.995,10,out,216.08514836678336,OK,1991,2020,30,CHIRPS_v2,UCSB-CHG/CHIRPS/DAILY,1991-2020,IBGE_2024
4320503,Sertão,RS,440.631,10,out,229.70841220122188,OK,1991,2020,30,CHIRPS_v2,UCSB-CHG/CHIRPS/DAILY,1991-2020,IBGE_2024
4304101,Campos Borges,RS,226.202,10,out,209.95455919177468,OK,1991,2020,30,CHIRPS_v2,UCSB-CHG/CHIRPS/DAILY,1991-2020,IBGE_2024
4312138,Mato Castelhano,RS,238.268,10,out,225.4270773309018,OK,1991,2020,30,CHIRPS_v2,UCSB-CHG/CHIRPS/DAILY,1991-2020,IBGE_2024
4311270,Lagoa dos Três Cantos,RS,138.602,10,out,223.05282049032223,OK,1991,2020,30,CHIRPS_v2,UCSB-CHG/CHIRPS/DAILY,1991-2020,IBGE_2024
4310702,Itatiba do Sul,RS,212.669,10,out,232.91335235026955,OK,1991,2020,30,CHIRPS_v2,UCSB-CHG/CHIRPS/DAILY,1991-2020,IBGE_2024
4310900,Jacutinga,RS,178.009,10,out,227.8399726423429,OK,1991,2020,30,CHIRPS_v2,UCSB-CHG/CHIRPS/DAILY,1991-2020,IBGE_2024
4302055,Benjamin Constant do Sul,RS,132.351,10,out,234.3452684018689,OK,1991,2020,30,CHIRPS_v2,UCSB-CHG/CHIRPS/DAILY,1991-2020,IBGE_2024
4301925,Barra do Rio Azul,RS,146.995,10,out,230.05889886241908,OK,1991,2020,30,CHIRPS_v2,UCSB-CHG/CHIRPS/DAILY,1991-2020,IBGE_2024
4310462,Ipiranga do Sul,RS,158.71,10,out,230.81230983740275,OK,1991,2020,30,CHIRPS_v2,UCSB-CHG/CHIRPS/DAILY,1991-2020,IBGE_2024
4301552,Áurea,RS,156.727,10,out,218.78639535818834,OK,1991,2020,30,CHIRPS_v2,UCSB-CHG/CHIRPS/DAILY,1991-2020,IBGE_2024
4301701,Barão de Cotegipe,RS,260.505,10,out,227.7773312469846,OK,1991,2020,30,CHIRPS_v2,UCSB-CHG/CHIRPS/DAILY,1991-2020,IBGE_2024
4300901,Aratiba,RS,342.279,10,out,229.02665498184297,OK,1991,2020,30,CHIRPS_v2,UCSB-CHG/CHIRPS/DAILY,1991-2020,IBGE_2024
4308706,Gaurama,RS,204.428,10,out,218.8310848431623,OK,1991,2020,30,CHIRPS_v2,UCSB-CHG/CHIRPS/DAILY,1991-2020,IBGE_2024
4308904,Getúlio Vargas,RS,287.466,10,out,226.33756318411125,OK,1991,2020,30,CHIRPS_v2,UCSB-CHG/CHIRPS/DAILY,1991-2020,IBGE_2024
4308250,Floriano Peixoto,RS,168.521,10,out,223.7999500576007,OK,1991,2020,30,CHIRPS_v2,UCSB-CHG/CHIRPS/DAILY,1991-2020,IBGE_2024
4308052,Faxinalzinho,RS,143.321,10,out,235.5928163931121,OK,1991,2020,30,CHIRPS_v2,UCSB-CHG/CHIRPS/DAILY,1991-2020,IBGE_2024
4307559,Estação,RS,99.757,10,out,230.32287253103294,OK,1991,2020,30,CHIRPS_v2,UCSB-CHG/CHIRPS/DAILY,1991-2020,IBGE_2024
4307203,Erval Grande,RS,285.677,10,out,234.51635012689832,OK,1991,2020,30,CHIRPS_v2,UCSB-CHG/CHIRPS/DAILY,1991-2020,IBGE_2024
4315313,Quatro Irmãos,RS,268.971,10,out,228.1733922907991,OK,1991,2020,30,CHIRPS_v2,UCSB-CHG/CHIRPS/DAILY,1991-2020,IBGE_2024
4322905,Viadutos,RS,266.67,10,out,218.67061603935403,OK,1991,2020,30,CHIRPS_v2,UCSB-CHG/CHIRPS/DAILY,1991-2020,IBGE_2024
4314787,Ponte Preta,RS,99.504,10,out,228.57113080941153,OK,1991,2020,30,CHIRPS_v2,UCSB-CHG/CHIRPS/DAILY,1991-2020,IBGE_2024
4307005,Erechim,RS,429.164,10,out,222.6702596819357,OK,1991,2020,30,CHIRPS_v2,UCSB-CHG/CHIRPS/DAILY,1991-2020,IBGE_2024
4306973,Erebango,RS,152.793,10,out,227.9549433944195,OK,1991,2020,30,CHIRPS_v2,UCSB-CHG/CHIRPS/DAILY,1991-2020,IBGE_2024
4306957,Entre Rios do Sul,RS,119.912,10,out,234.27747898069236,OK,1991,2020,30,CHIRPS_v2,UCSB-CHG/CHIRPS/DAILY,1991-2020,IBGE_2024
4306130,Cruzaltense,RS,166.883,10,out,229.57904126685372,OK,1991,2020,30,CHIRPS_v2,UCSB-CHG/CHIRPS/DAILY,1991-2020,IBGE_2024
4314134,Paulo Bento,RS,149.669,10,out,225.0281514066987,OK,1991,2020,30,CHIRPS_v2,UCSB-CHG/CHIRPS/DAILY,1991-2020,IBGE_2024
4305116,Centenário,RS,134.78,10,out,219.82847848161467,OK,1991,2020,30,CHIRPS_v2,UCSB-CHG/CHIRPS/DAILY,1991-2020,IBGE_2024
4321634,Três Arroios,RS,148.601,10,out,222.2060528301343,OK,1991,2020,30,CHIRPS_v2,UCSB-CHG/CHIRPS/DAILY,1991-2020,IBGE_2024
4304853,Carlos Gomes,RS,83.196,10,out,215.70813084630967,OK,1991,2020,30,CHIRPS_v2,UCSB-CHG/CHIRPS/DAILY,1991-2020,IBGE_2024
4320602,Severiano de Almeida,RS,167.598,10,out,224.0631440225888,OK,1991,2020,30,CHIRPS_v2,UCSB-CHG/CHIRPS/DAILY,1991-2020,IBGE_2024
4311908,Marcelino Ramos,RS,229.551,10,out,219.09085741691155,OK,1991,2020,30,CHIRPS_v2,UCSB-CHG/CHIRPS/DAILY,1991-2020,IBGE_2024
4312005,Mariano Moro,RS,98.727,10,out,228.64757143876045,OK,1991,2020,30,CHIRPS_v2,UCSB-CHG/CHIRPS/DAILY,1991-2020,IBGE_2024
4303806,Campinas do Sul,RS,276.162,10,out,227.86387703076247,OK,1991,2020,30,CHIRPS_v2,UCSB-CHG/CHIRPS/DAILY,1991-2020,IBGE_2024
4319703,São Valentim,RS,154.45,10,out,231.87375624783297,OK,1991,2020,30,CHIRPS_v2,UCSB-CHG/CHIRPS/DAILY,1991-2020,IBGE_2024
4310876,Jacuizinho,RS,339.399,10,out,205.3177104815368,OK,1991,2020,30,CHIRPS_v2,UCSB-CHG/CHIRPS/DAILY,1991-2020,IBGE_2024
4302238,Boa Vista do Incra,RS,504.114,10,out,218.74880073193913,OK,1991,2020,30,CHIRPS_v2,UCSB-CHG/CHIRPS/DAILY,1991-2020,IBGE_2024
4302220,Boa Vista do Cadeado,RS,701.221,10,out,231.45412823549785,OK,1991,2020,30,CHIRPS_v2,UCSB-CHG/CHIRPS/DAILY,1991-2020,IBGE_2024
4310009,Ibirubá,RS,607.185,10,out,221.84999419067515,OK,1991,2020,30,CHIRPS_v2,UCSB-CHG/CHIRPS/DAILY,1991-2020,IBGE_2024
4316451,Salto do Jacuí,RS,507.698,10,out,204.4662800888379,OK,1991,2020,30,CHIRPS_v2,UCSB-CHG/CHIRPS/DAILY,1991-2020,IBGE_2024
4308458,Fortaleza dos Valos,RS,650.512,10,out,212.1509081427686,OK,1991,2020,30,CHIRPS_v2,UCSB-CHG/CHIRPS/DAILY,1991-2020,IBGE_2024
4316709,Santa Bárbara do Sul,RS,975.799,10,out,228.7912503358614,OK,1991,2020,30,CHIRPS_v2,UCSB-CHG/CHIRPS/DAILY,1991-2020,IBGE_2024
4315354,Quinze de Novembro,RS,223.072,10,out,214.9669166882473,OK,1991,2020,30,CHIRPS_v2,UCSB-CHG/CHIRPS/DAILY,1991-2020,IBGE_2024
4306106,Cruz Alta,RS,1360.548,10,out,232.41467917372682,OK,1991,2020,30,CHIRPS_v2,UCSB-CHG/CHIRPS/DAILY,1991-2020,IBGE_2024
4322202,Tupanciretã,RS,2253.234,10,out,231.25625895380077,OK,1991,2020,30,CHIRPS_v2,UCSB-CHG/CHIRPS/DAILY,1991-2020,IBGE_2024
4320305,Selbach,RS,176.47,10,out,216.82494964520458,OK,1991,2020,30,CHIRPS_v2,UCSB-CHG/CHIRPS/DAILY,1991-2020,IBGE_2024
4301958,Barra Funda,RS,60.437,10,out,230.26616448019107,OK,1991,2020,30,CHIRPS_v2,UCSB-CHG/CHIRPS/DAILY,1991-2020,IBGE_2024
4317756,Santo Antônio do Planalto,RS,203.44,10,out,224.51303692785712,OK,1991,2020,30,CHIRPS_v2,UCSB-CHG/CHIRPS/DAILY,1991-2020,IBGE_2024
4300471,Almirante Tamandaré do Sul,RS,265.042,10,out,227.52666748016924,OK,1991,2020,30,CHIRPS_v2,UCSB-CHG/CHIRPS/DAILY,1991-2020,IBGE_2024
4316436,Saldanha Marinho,RS,221.554,10,out,224.21595152327396,OK,1991,2020,30,CHIRPS_v2,UCSB-CHG/CHIRPS/DAILY,1991-2020,IBGE_2024
4316204,Rondinha,RS,252.454,10,out,231.70240439739672,OK,1991,2020,30,CHIRPS_v2,UCSB-CHG/CHIRPS/DAILY,1991-2020,IBGE_2024
4306924,Engenho Velho,RS,71.191,10,out,234.16043789516436,OK,1991,2020,30,CHIRPS_v2,UCSB-CHG/CHIRPS/DAILY,1991-2020,IBGE_2024
4305603,Colorado,RS,286.295,10,out,221.76559641379882,OK,1991,2020,30,CHIRPS_v2,UCSB-CHG/CHIRPS/DAILY,1991-2020,IBGE_2024
4305850,Coqueiros do Sul,RS,277.147,10,out,229.14909772567214,OK,1991,2020,30,CHIRPS_v2,UCSB-CHG/CHIRPS/DAILY,1991-2020,IBGE_2024
4305801,Constantina,RS,203.614,10,out,233.08215055596668,OK,1991,2020,30,CHIRPS_v2,UCSB-CHG/CHIRPS/DAILY,1991-2020,IBGE_2024
4313466,Novo Xingu,RS,79.851,10,out,231.04264405698027,OK,1991,2020,30,CHIRPS_v2,UCSB-CHG/CHIRPS/DAILY,1991-2020,IBGE_2024
4305306,Chapada,RS,684.247,10,out,231.83084217049966,OK,1991,2020,30,CHIRPS_v2,UCSB-CHG/CHIRPS/DAILY,1991-2020,IBGE_2024
4304705,Carazinho,RS,666.694,10,out,226.51792744470495,OK,1991,2020,30,CHIRPS_v2,UCSB-CHG/CHIRPS/DAILY,1991-2020,IBGE_2024
4312658,Não-Me-Toque,RS,361.689,10,out,224.7555166448565,OK,1991,2020,30,CHIRPS_v2,UCSB-CHG/CHIRPS/DAILY,1991-2020,IBGE_2024
4312955,Nova Boa Vista,RS,93.733,10,out,230.9149229029638,OK,1991,2020,30,CHIRPS_v2,UCSB-CHG/CHIRPS/DAILY,1991-2020,IBGE_2024
4320107,Sarandi,RS,351.718,10,out,231.17185070909312,OK,1991,2020,30,CHIRPS_v2,UCSB-CHG/CHIRPS/DAILY,1991-2020,IBGE_2024
4310504,Iraí,RS,181.85,10,out,224.67581407509655,OK,1991,2020,30,CHIRPS_v2,UCSB-CHG/CHIRPS/DAILY,1991-2020,IBGE_2024
4302154,Boa Vista das Missões,RS,196.064,10,out,237.27916388025866,OK,1991,2020,30,CHIRPS_v2,UCSB-CHG/CHIRPS/DAILY,1991-2020,IBGE_2024
4300646,Ametista do Sul,RS,93.605,10,out,232.00216851941857,OK,1991,2020,30,CHIRPS_v2,UCSB-CHG/CHIRPS/DAILY,1991-2020,IBGE_2024
4308508,Frederico Westphalen,RS,264.876,10,out,232.82983913852055,OK,1991,2020,30,CHIRPS_v2,UCSB-CHG/CHIRPS/DAILY,1991-2020,IBGE_2024
4315909,Rodeio Bonito,RS,83.278,10,out,233.19403218601417,OK,1991,2020,30,CHIRPS_v2,UCSB-CHG/CHIRPS/DAILY,1991-2020,IBGE_2024
4323507,Vista Alegre,RS,77.656,10,out,235.73685830273624,OK,1991,2020,30,CHIRPS_v2,UCSB-CHG/CHIRPS/DAILY,1991-2020,IBGE_2024
4307302,Erval Seco,RS,357.181,10,out,238.12882824125683,OK,1991,2020,30,CHIRPS_v2,UCSB-CHG/CHIRPS/DAILY,1991-2020,IBGE_2024
4323101,Vicente Dutra,RS,193.023,10,out,231.2818758314675,OK,1991,2020,30,CHIRPS_v2,UCSB-CHG/CHIRPS/DAILY,1991-2020,IBGE_2024
4306072,Cristal do Sul,RS,97.073,10,out,233.0080045893207,OK,1991,2020,30,CHIRPS_v2,UCSB-CHG/CHIRPS/DAILY,1991-2020,IBGE_2024
4314498,Pinheirinho do Vale,RS,105.385,10,out,235.417743247545,OK,1991,2020,30,CHIRPS_v2,UCSB-CHG/CHIRPS/DAILY,1991-2020,IBGE_2024
4314456,Pinhal,RS,68.222,10,out,233.83987900358295,OK,1991,2020,30,CHIRPS_v2,UCSB-CHG/CHIRPS/DAILY,1991-2020,IBGE_2024
4313805,Palmitinho,RS,144.181,10,out,235.37348456924101,OK,1991,2020,30,CHIRPS_v2,UCSB-CHG/CHIRPS/DAILY,1991-2020,IBGE_2024
4313441,Novo Tiradentes,RS,75.428,10,out,234.58528809043236,OK,1991,2020,30,CHIRPS_v2,UCSB-CHG/CHIRPS/DAILY,1991-2020,IBGE_2024
4321329,Taquaruçu do Sul,RS,76.917,10,out,235.608261532419,OK,1991,2020,30,CHIRPS_v2,UCSB-CHG/CHIRPS/DAILY,1991-2020,IBGE_2024
4320206,Seberi,RS,301.032,10,out,234.32830134643388,OK,1991,2020,30,CHIRPS_v2,UCSB-CHG/CHIRPS/DAILY,1991-2020,IBGE_2024
4311601,Liberato Salzano,RS,245.627,10,out,233.94733982474565,OK,1991,2020,30,CHIRPS_v2,UCSB-CHG/CHIRPS/DAILY,1991-2020,IBGE_2024
4303400,Caiçara,RS,189.071,10,out,233.77075012203844,OK,1991,2020,30,CHIRPS_v2,UCSB-CHG/CHIRPS/DAILY,1991-2020,IBGE_2024
4310850,Jaboticaba,RS,127.589,10,out,235.08541558649029,OK,1991,2020,30,CHIRPS_v2,UCSB-CHG/CHIRPS/DAILY,1991-2020,IBGE_2024
4318051,São Domingos do Sul,RS,78.67,10,out,210.61228686108666,OK,1991,2020,30,CHIRPS_v2,UCSB-CHG/CHIRPS/DAILY,1991-2020,IBGE_2024
4317558,Santo Antônio do Palma,RS,126.094,10,out,215.62002623031665,OK,1991,2020,30,CHIRPS_v2,UCSB-CHG/CHIRPS/DAILY,1991-2020,IBGE_2024
4308854,Gentil,RS,184.715,10,out,223.22895610040914,OK,1991,2020,30,CHIRPS_v2,UCSB-CHG/CHIRPS/DAILY,1991-2020,IBGE_2024
4323408,Vila Maria,RS,181.061,10,out,211.33349066076394,OK,1991,2020,30,CHIRPS_v2,UCSB-CHG/CHIRPS/DAILY,1991-2020,IBGE_2024
4322558,Vanini,RS,64.905,10,out,213.0327485997778,OK,1991,2020,30,CHIRPS_v2,UCSB-CHG/CHIRPS/DAILY,1991-2020,IBGE_2024
4306304,David Canabarro,RS,174.172,10,out,218.31514060843884,OK,1991,2020,30,CHIRPS_v2,UCSB-CHG/CHIRPS/DAILY,1991-2020,IBGE_2024
4305504,Ciríaco,RS,274.35,10,out,222.40767200499883,OK,1991,2020,30,CHIRPS_v2,UCSB-CHG/CHIRPS/DAILY,1991-2020,IBGE_2024
4312757,Nova Alvorada,RS,148.861,10,out,208.18296925860187,OK,1991,2020,30,CHIRPS_v2,UCSB-CHG/CHIRPS/DAILY,1991-2020,IBGE_2024
4304903,Casca,RS,272.041,10,out,208.48300819865153,OK,1991,2020,30,CHIRPS_v2,UCSB-CHG/CHIRPS/DAILY,1991-2020,IBGE_2024
4312625,Muliterno,RS,110.969,10,out,221.76199564646356,OK,1991,2020,30,CHIRPS_v2,UCSB-CHG/CHIRPS/DAILY,1991-2020,IBGE_2024
4311809,Marau,RS,649.77,10,out,218.93886507226702,OK,1991,2020,30,CHIRPS_v2,UCSB-CHG/CHIRPS/DAILY,1991-2020,IBGE_2024
4303558,Camargo,RS,138.069,10,out,211.74466938444638,OK,1991,2020,30,CHIRPS_v2,UCSB-CHG/CHIRPS/DAILY,1991-2020,IBGE_2024
4318465,São José do Herval,RS,102.912,10,out,203.27859291252867,OK,1991,2020,30,CHIRPS_v2,UCSB-CHG/CHIRPS/DAILY,1991-2020,IBGE_2024
4302006,Barros Cassal,RS,647.994,10,out,210.78446886333097,OK,1991,2020,30,CHIRPS_v2,UCSB-CHG/CHIRPS/DAILY,1991-2020,IBGE_2024
4310579,Itapuca,RS,184.673,10,out,208.7868973352197,OK,1991,2020,30,CHIRPS_v2,UCSB-CHG/CHIRPS/DAILY,1991-2020,IBGE_2024
4301404,Arvorezinha,RS,269.31,10,out,204.2058918599282,OK,1991,2020,30,CHIRPS_v2,UCSB-CHG/CHIRPS/DAILY,1991-2020,IBGE_2024
4309951,Ibirapuitã,RS,307.164,10,out,215.71288161047298,OK,1991,2020,30,CHIRPS_v2,UCSB-CHG/CHIRPS/DAILY,1991-2020,IBGE_2024
4308300,Fontoura Xavier,RS,583.239,10,out,205.26356146741193,OK,1991,2020,30,CHIRPS_v2,UCSB-CHG/CHIRPS/DAILY,1991-2020,IBGE_2024
4320800,Soledade,RS,1215.056,10,out,212.79548259236208,OK,1991,2020,30,CHIRPS_v2,UCSB-CHG/CHIRPS/DAILY,1991-2020,IBGE_2024
4312427,Mormaço,RS,146.191,10,out,214.85745268545483,OK,1991,2020,30,CHIRPS_v2,UCSB-CHG/CHIRPS/DAILY,1991-2020,IBGE_2024
4318424,São João da Urtiga,RS,171.504,10,out,215.3917712409581,OK,1991,2020,30,CHIRPS_v2,UCSB-CHG/CHIRPS/DAILY,1991-2020,IBGE_2024
4317954,Santo Expedito do Sul,RS,125.334,10,out,212.83992544806537,OK,1991,2020,30,CHIRPS_v2,UCSB-CHG/CHIRPS/DAILY,1991-2020,IBGE_2024
4309803,Ibiaçá,RS,348.778,10,out,219.66262084432267,OK,1991,2020,30,CHIRPS_v2,UCSB-CHG/CHIRPS/DAILY,1991-2020,IBGE_2024
4300059,Água Santa,RS,291.526,10,out,226.11747033466335,OK,1991,2020,30,CHIRPS_v2,UCSB-CHG/CHIRPS/DAILY,1991-2020,IBGE_2024
4316733,Santa Cecília do Sul,RS,200.056,10,out,222.59238688765504,OK,1991,2020,30,CHIRPS_v2,UCSB-CHG/CHIRPS/DAILY,1991-2020,IBGE_2024
4316600,Sananduva,RS,504.499,10,out,218.1650589911656,OK,1991,2020,30,CHIRPS_v2,UCSB-CHG/CHIRPS/DAILY,1991-2020,IBGE_2024
4323358,Vila Lângaro,RS,151.673,10,out,227.14454053974444,OK,1991,2020,30,CHIRPS_v2,UCSB-CHG/CHIRPS/DAILY,1991-2020,IBGE_2024
4305371,Charrua,RS,198.748,10,out,225.24639516126223,OK,1991,2020,30,CHIRPS_v2,UCSB-CHG/CHIRPS/DAILY,1991-2020,IBGE_2024
4313607,Paim Filho,RS,181.998,10,out,212.97419930050563,OK,1991,2020,30,CHIRPS_v2,UCSB-CHG/CHIRPS/DAILY,1991-2020,IBGE_2024
4320909,Tapejara,RS,238.082,10,out,225.8002020609635,OK,1991,2020,30,CHIRPS_v2,UCSB-CHG/CHIRPS/DAILY,1991-2020,IBGE_2024
4312203,Maximiliano de Almeida,RS,208.955,10,out,214.09799411303158,OK,1991,2020,30,CHIRPS_v2,UCSB-CHG/CHIRPS/DAILY,1991-2020,IBGE_2024
4318606,São José do Ouro,RS,335.215,10,out,211.16940420893422,OK,1991,2020,30,CHIRPS_v2,UCSB-CHG/CHIRPS/DAILY,1991-2020,IBGE_2024
4301800,Barracão,RS,515.469,10,out,209.24346398971505,OK,1991,2020,30,CHIRPS_v2,UCSB-CHG/CHIRPS/DAILY,1991-2020,IBGE_2024
4309902,Ibiraiaras,RS,280.816,10,out,214.02517475329753,OK,1991,2020,30,CHIRPS_v2,UCSB-CHG/CHIRPS/DAILY,1991-2020,IBGE_2024
4322186,Tupanci do Sul,RS,135.664,10,out,213.20489339882025,OK,1991,2020,30,CHIRPS_v2,UCSB-CHG/CHIRPS/DAILY,1991-2020,IBGE_2024
4304622,Capão Bonito do Sul,RS,526.85,10,out,209.93997084800267,OK,1991,2020,30,CHIRPS_v2,UCSB-CHG/CHIRPS/DAILY,1991-2020,IBGE_2024
4304952,Caseiros,RS,235.649,10,out,220.53806781709818,OK,1991,2020,30,CHIRPS_v2,UCSB-CHG/CHIRPS/DAILY,1991-2020,IBGE_2024
4311700,Machadinho,RS,335.344,10,out,209.34712810715087,OK,1991,2020,30,CHIRPS_v2,UCSB-CHG/CHIRPS/DAILY,1991-2020,IBGE_2024
4311304,Lagoa Vermelha,RS,1272.725,10,out,210.44726645781333,OK,1991,2020,30,CHIRPS_v2,UCSB-CHG/CHIRPS/DAILY,1991-2020,IBGE_2024
4303202,Cacique Doble,RS,203.582,10,out,214.595818102338,OK,1991,2020,30,CHIRPS_v2,UCSB-CHG/CHIRPS/DAILY,1991-2020,IBGE_2024
4318457,São José das Missões,RS,98.125,10,out,233.14752856983927,OK,1991,2020,30,CHIRPS_v2,UCSB-CHG/CHIRPS/DAILY,1991-2020,IBGE_2024
4316428,Sagrada Família,RS,77.889,10,out,232.71310866851707,OK,1991,2020,30,CHIRPS_v2,UCSB-CHG/CHIRPS/DAILY,1991-2020,IBGE_2024
4306429,Dois Irmãos das Missões,RS,226.072,10,out,240.88589682667663,OK,1991,2020,30,CHIRPS_v2,UCSB-CHG/CHIRPS/DAILY,1991-2020,IBGE_2024
4313706,Palmeira das Missões,RS,1421.101,10,out,241.31804577317052,OK,1991,2020,30,CHIRPS_v2,UCSB-CHG/CHIRPS/DAILY,1991-2020,IBGE_2024
4305157,Cerro Grande,RS,73.438,10,out,234.83183137520825,OK,1991,2020,30,CHIRPS_v2,UCSB-CHG/CHIRPS/DAILY,1991-2020,IBGE_2024
4313490,Novo Barreiro,RS,123.344,10,out,232.11910235246324,OK,1991,2020,30,CHIRPS_v2,UCSB-CHG/CHIRPS/DAILY,1991-2020,IBGE_2024
4319364,São Pedro das Missões,RS,79.894,10,out,236.0893397201451,OK,1991,2020,30,CHIRPS_v2,UCSB-CHG/CHIRPS/DAILY,1991-2020,IBGE_2024
4311429,Lajeado do Bugre,RS,67.947,10,out,234.16136032791883,OK,1991,2020,30,CHIRPS_v2,UCSB-CHG/CHIRPS/DAILY,1991-2020,IBGE_2024
4309126,Gramado dos Loureiros,RS,131.396,10,out,238.16198085660875,OK,1991,2020,30,CHIRPS_v2,UCSB-CHG/CHIRPS/DAILY,1991-2020,IBGE_2024
4300505,Alpestre,RS,325.979,10,out,230.63289081404125,OK,1991,2020,30,CHIRPS_v2,UCSB-CHG/CHIRPS/DAILY,1991-2020,IBGE_2024
4315552,Rio dos Índios,RS,235.854,10,out,236.53295561798475,OK,1991,2020,30,CHIRPS_v2,UCSB-CHG/CHIRPS/DAILY,1991-2020,IBGE_2024
4314704,Planalto,RS,228.552,10,out,234.08250306948975,OK,1991,2020,30,CHIRPS_v2,UCSB-CHG/CHIRPS/DAILY,1991-2020,IBGE_2024
4321956,Trindade do Sul,RS,268.417,10,out,236.10359882917942,OK,1991,2020,30,CHIRPS_v2,UCSB-CHG/CHIRPS/DAILY,1991-2020,IBGE_2024
4312708,Nonoai,RS,468.962,10,out,238.16206416211955,OK,1991,2020,30,CHIRPS_v2,UCSB-CHG/CHIRPS/DAILY,1991-2020,IBGE_2024
4307906,Farroupilha,RS,361.338,10,out,200.43447980527597,OK,1991,2020,30,CHIRPS_v2,UCSB-CHG/CHIRPS/DAILY,1991-2020,IBGE_2024
4322541,Vale Real,RS,44.688,10,out,188.91518818902057,OK,1991,2020,30,CHIRPS_v2,UCSB-CHG/CHIRPS/DAILY,1991-2020,IBGE_2024
4305108,Caxias do Sul,RS,1651.336,10,out,197.72160792302202,OK,1991,2020,30,CHIRPS_v2,UCSB-CHG/CHIRPS/DAILY,1991-2020,IBGE_2024
4310439,Ipê,RS,599.032,10,out,197.4990543255397,OK,1991,2020,30,CHIRPS_v2,UCSB-CHG/CHIRPS/DAILY,1991-2020,IBGE_2024
4318200,São Francisco de Paula,RS,3317.825,10,out,196.35765370768334,OK,1991,2020,30,CHIRPS_v2,UCSB-CHG/CHIRPS/DAILY,1991-2020,IBGE_2024
4309100,Gramado,RS,239.433,10,out,189.39046937999396,OK,1991,2020,30,CHIRPS_v2,UCSB-CHG/CHIRPS/DAILY,1991-2020,IBGE_2024
4300570,Alto Feliz,RS,78.17,10,out,189.04703010702707,OK,1991,2020,30,CHIRPS_v2,UCSB-CHG/CHIRPS/DAILY,1991-2020,IBGE_2024
4300802,Antônio Prado,RS,347.507,10,out,195.08831899646657,OK,1991,2020,30,CHIRPS_v2,UCSB-CHG/CHIRPS/DAILY,1991-2020,IBGE_2024
4308201,Flores da Cunha,RS,276.255,10,out,202.62122691812155,OK,1991,2020,30,CHIRPS_v2,UCSB-CHG/CHIRPS/DAILY,1991-2020,IBGE_2024
4308102,Feliz,RS,94.96,10,out,172.9288228830544,OK,1991,2020,30,CHIRPS_v2,UCSB-CHG/CHIRPS/DAILY,1991-2020,IBGE_2024
4313359,Nova Roma do Sul,RS,149.753,10,out,192.83152690100616,OK,1991,2020,30,CHIRPS_v2,UCSB-CHG/CHIRPS/DAILY,1991-2020,IBGE_2024
4313201,Nova Petrópolis,RS,291.538,10,out,186.969318783721,OK,1991,2020,30,CHIRPS_v2,UCSB-CHG/CHIRPS/DAILY,1991-2020,IBGE_2024
4313086,Nova Pádua,RS,102.648,10,out,195.83169171391165,OK,1991,2020,30,CHIRPS_v2,UCSB-CHG/CHIRPS/DAILY,1991-2020,IBGE_2024
4304408,Canela,RS,253.05,10,out,188.02219382763064,OK,1991,2020,30,CHIRPS_v2,UCSB-CHG/CHIRPS/DAILY,1991-2020,IBGE_2024
4303608,Cambará do Sul,RS,1182.679,10,out,183.32883734786307,OK,1991,2020,30,CHIRPS_v2,UCSB-CHG/CHIRPS/DAILY,1991-2020,IBGE_2024
4303673,Campestre da Serra,RS,538.436,10,out,195.57153467321564,OK,1991,2020,30,CHIRPS_v2,UCSB-CHG/CHIRPS/DAILY,1991-2020,IBGE_2024
4319000,São Marcos,RS,256.225,10,out,194.54918216082956,OK,1991,2020,30,CHIRPS_v2,UCSB-CHG/CHIRPS/DAILY,1991-2020,IBGE_2024
4314423,Picada Café,RS,84.322,10,out,178.27117938381053,OK,1991,2020,30,CHIRPS_v2,UCSB-CHG/CHIRPS/DAILY,1991-2020,IBGE_2024
4302105,Bento Gonçalves,RS,272.217,10,out,188.7115633242847,OK,1991,2020,30,CHIRPS_v2,UCSB-CHG/CHIRPS/DAILY,1991-2020,IBGE_2024
4308607,Garibaldi,RS,168.492,10,out,191.87771996526658,OK,1991,2020,30,CHIRPS_v2,UCSB-CHG/CHIRPS/DAILY,1991-2020,IBGE_2024
4314548,Pinto Bandeira,RS,104.802,10,out,193.24768421180036,OK,1991,2020,30,CHIRPS_v2,UCSB-CHG/CHIRPS/DAILY,1991-2020,IBGE_2024
4304804,Carlos Barbosa,RS,230.061,10,out,194.62983787779743,OK,1991,2020,30,CHIRPS_v2,UCSB-CHG/CHIRPS/DAILY,1991-2020,IBGE_2024
4312385,Monte Belo do Sul,RS,69.763,10,out,180.68800235173086,OK,1991,2020,30,CHIRPS_v2,UCSB-CHG/CHIRPS/DAILY,1991-2020,IBGE_2024
4302253,Boa Vista do Sul,RS,93.108,10,out,185.0211631284851,OK,1991,2020,30,CHIRPS_v2,UCSB-CHG/CHIRPS/DAILY,1991-2020,IBGE_2024
4301651,Barão,RS,122.567,10,out,192.22273254969033,OK,1991,2020,30,CHIRPS_v2,UCSB-CHG/CHIRPS/DAILY,1991-2020,IBGE_2024
4317251,Santa Tereza,RS,73.677,10,out,176.35282659295387,OK,1991,2020,30,CHIRPS_v2,UCSB-CHG/CHIRPS/DAILY,1991-2020,IBGE_2024
4307864,Fagundes Varela,RS,134.476,10,out,188.0461628199251,OK,1991,2020,30,CHIRPS_v2,UCSB-CHG/CHIRPS/DAILY,1991-2020,IBGE_2024
4323309,Vila Flores,RS,107.704,10,out,197.5682608791686,OK,1991,2020,30,CHIRPS_v2,UCSB-CHG/CHIRPS/DAILY,1991-2020,IBGE_2024
4322806,Veranópolis,RS,289.361,10,out,191.92436906895753,OK,1991,2020,30,CHIRPS_v2,UCSB-CHG/CHIRPS/DAILY,1991-2020,IBGE_2024
4305959,Cotiporã,RS,173.262,10,out,181.41362124446042,OK,1991,2020,30,CHIRPS_v2,UCSB-CHG/CHIRPS/DAILY,1991-2020,IBGE_2024
4305934,Coronel Pilar,RS,105.668,10,out,183.3061603105747,OK,1991,2020,30,CHIRPS_v2,UCSB-CHG/CHIRPS/DAILY,1991-2020,IBGE_2024
4319711,São Valentim do Sul,RS,91.899,10,out,179.51596383351776,OK,1991,2020,30,CHIRPS_v2,UCSB-CHG/CHIRPS/DAILY,1991-2020,IBGE_2024
4318440,São Jorge,RS,125.731,10,out,212.20494458500866,OK,1991,2020,30,CHIRPS_v2,UCSB-CHG/CHIRPS/DAILY,1991-2020,IBGE_2024
4309258,Guabiju,RS,146.925,10,out,209.72261474612074,OK,1991,2020,30,CHIRPS_v2,UCSB-CHG/CHIRPS/DAILY,1991-2020,IBGE_2024
4309407,Guaporé,RS,297.743,10,out,191.4186665870102,OK,1991,2020,30,CHIRPS_v2,UCSB-CHG/CHIRPS/DAILY,1991-2020,IBGE_2024
4300661,André da Rocha,RS,331.208,10,out,204.17886962390318,OK,1991,2020,30,CHIRPS_v2,UCSB-CHG/CHIRPS/DAILY,1991-2020,IBGE_2024
4323606,Vista Alegre do Prata,RS,120.234,10,out,192.81174798902146,OK,1991,2020,30,CHIRPS_v2,UCSB-CHG/CHIRPS/DAILY,1991-2020,IBGE_2024
4315172,Protásio Alves,RS,171.994,10,out,198.1692830168567,OK,1991,2020,30,CHIRPS_v2,UCSB-CHG/CHIRPS/DAILY,1991-2020,IBGE_2024
4306452,Dois Lajeados,RS,133.535,10,out,174.27678992296654,OK,1991,2020,30,CHIRPS_v2,UCSB-CHG/CHIRPS/DAILY,1991-2020,IBGE_2024
4322350,União da Serra,RS,131.154,10,out,200.71503243655954,OK,1991,2020,30,CHIRPS_v2,UCSB-CHG/CHIRPS/DAILY,1991-2020,IBGE_2024
4314001,Paraí,RS,121.745,10,out,206.15967545833172,OK,1991,2020,30,CHIRPS_v2,UCSB-CHG/CHIRPS/DAILY,1991-2020,IBGE_2024
4313300,Nova Prata,RS,259.237,10,out,201.14890636493516,OK,1991,2020,30,CHIRPS_v2,UCSB-CHG/CHIRPS/DAILY,1991-2020,IBGE_2024
4312807,Nova Araçá,RS,74.623,10,out,202.95445196793773,OK,1991,2020,30,CHIRPS_v2,UCSB-CHG/CHIRPS/DAILY,1991-2020,IBGE_2024
4312906,Nova Bassano,RS,211.727,10,out,200.13973487083828,OK,1991,2020,30,CHIRPS_v2,UCSB-CHG/CHIRPS/DAILY,1991-2020,IBGE_2024
4312351,Montauri,RS,82.23,10,out,204.40174834977637,OK,1991,2020,30,CHIRPS_v2,UCSB-CHG/CHIRPS/DAILY,1991-2020,IBGE_2024
4320404,Serafina Corrêa,RS,163.503,10,out,202.75719519096938,OK,1991,2020,30,CHIRPS_v2,UCSB-CHG/CHIRPS/DAILY,1991-2020,IBGE_2024
4302303,Bom Jesus,RS,2622.847,10,out,179.7052633579635,OK,1991,2020,30,CHIRPS_v2,UCSB-CHG/CHIRPS/DAILY,1991-2020,IBGE_2024
4318622,São José dos Ausentes,RS,1173.047,10,out,182.78957714612645,OK,1991,2020,30,CHIRPS_v2,UCSB-CHG/CHIRPS/DAILY,1991-2020,IBGE_2024
4307401,Esmeralda,RS,829.587,10,out,206.214805069669,OK,1991,2020,30,CHIRPS_v2,UCSB-CHG/CHIRPS/DAILY,1991-2020,IBGE_2024
4322509,Vacaria,RS,2124.492,10,out,196.05744108322426,OK,1991,2020,30,CHIRPS_v2,UCSB-CHG/CHIRPS/DAILY,1991-2020,IBGE_2024
4314464,Pinhal da Serra,RS,438.11,10,out,207.7774483479063,OK,1991,2020,30,CHIRPS_v2,UCSB-CHG/CHIRPS/DAILY,1991-2020,IBGE_2024
4312377,Monte Alegre dos Campos,RS,549.031,10,out,185.77913885633467,OK,1991,2020,30,CHIRPS_v2,UCSB-CHG/CHIRPS/DAILY,1991-2020,IBGE_2024
4312617,Muitos Capões,RS,1193.23,10,out,201.21057493622513,OK,1991,2020,30,CHIRPS_v2,UCSB-CHG/CHIRPS/DAILY,1991-2020,IBGE_2024
4311122,Jaquirana,RS,908.842,10,out,178.91949555022376,OK,1991,2020,30,CHIRPS_v2,UCSB-CHG/CHIRPS/DAILY,1991-2020,IBGE_2024
4316808,Santa Cruz do Sul,RS,734.516,10,out,189.89402354557242,OK,1991,2020,30,CHIRPS_v2,UCSB-CHG/CHIRPS/DAILY,1991-2020,IBGE_2024
4322707,Vera Cruz,RS,309.994,10,out,185.23447778702794,OK,1991,2020,30,CHIRPS_v2,UCSB-CHG/CHIRPS/DAILY,1991-2020,IBGE_2024
4309159,Gramado Xavier,RS,216.79,10,out,207.75236442809265,OK,1991,2020,30,CHIRPS_v2,UCSB-CHG/CHIRPS/DAILY,1991-2020,IBGE_2024
4309571,Herveiras,RS,117.981,10,out,207.95589148369203,OK,1991,2020,30,CHIRPS_v2,UCSB-CHG/CHIRPS/DAILY,1991-2020,IBGE_2024
4315701,Rio Pardo,RS,2051.112,10,out,170.0878103455198,OK,1991,2020,30,CHIRPS_v2,UCSB-CHG/CHIRPS/DAILY,1991-2020,IBGE_2024
4306908,Encruzilhada do Sul,RS,3345.675,10,out,165.5419015187798,OK,1991,2020,30,CHIRPS_v2,UCSB-CHG/CHIRPS/DAILY,1991-2020,IBGE_2024
4322533,Vale do Sol,RS,329.389,10,out,196.0192312895456,OK,1991,2020,30,CHIRPS_v2,UCSB-CHG/CHIRPS/DAILY,1991-2020,IBGE_2024
4322525,Vale Verde,RS,329.727,10,out,168.40419874174114,OK,1991,2020,30,CHIRPS_v2,UCSB-CHG/CHIRPS/DAILY,1991-2020,IBGE_2024
4322608,Venâncio Aires,RS,772.701,10,out,184.19353753578918,OK,1991,2020,30,CHIRPS_v2,UCSB-CHG/CHIRPS/DAILY,1991-2020,IBGE_2024
4314076,Passo do Sobrado,RS,265.133,10,out,176.61600243347272,OK,1991,2020,30,CHIRPS_v2,UCSB-CHG/CHIRPS/DAILY,1991-2020,IBGE_2024
4313953,Pantano Grande,RS,841.225,10,out,162.93931246392992,OK,1991,2020,30,CHIRPS_v2,UCSB-CHG/CHIRPS/DAILY,1991-2020,IBGE_2024
4312153,Mato Leitão,RS,46.799,10,out,179.635724160724,OK,1991,2020,30,CHIRPS_v2,UCSB-CHG/CHIRPS/DAILY,1991-2020,IBGE_2024
4304200,Candelária,RS,944.735,10,out,191.26639905289377,OK,1991,2020,30,CHIRPS_v2,UCSB-CHG/CHIRPS/DAILY,1991-2020,IBGE_2024
4320677,Sinimbu,RS,509.778,10,out,201.18631903203013,OK,1991,2020,30,CHIRPS_v2,UCSB-CHG/CHIRPS/DAILY,1991-2020,IBGE_2024
4302402,Bom Retiro do Sul,RS,102.54,10,out,171.56740760029007,OK,1991,2020,30,CHIRPS_v2,UCSB-CHG/CHIRPS/DAILY,1991-2020,IBGE_2024
4301008,Arroio do Meio,RS,157.087,10,out,180.20471590290586,OK,1991,2020,30,CHIRPS_v2,UCSB-CHG/CHIRPS/DAILY,1991-2020,IBGE_2024
4316758,Santa Clara do Sul,RS,86.491,10,out,186.28391743756666,OK,1991,2020,30,CHIRPS_v2,UCSB-CHG/CHIRPS/DAILY,1991-2020,IBGE_2024
4308078,Fazenda Vilanova,RS,84.794,10,out,175.0465942043131,OK,1991,2020,30,CHIRPS_v2,UCSB-CHG/CHIRPS/DAILY,1991-2020,IBGE_2024
4308433,Forquetinha,RS,93.278,10,out,188.48443301554013,OK,1991,2020,30,CHIRPS_v2,UCSB-CHG/CHIRPS/DAILY,1991-2020,IBGE_2024
4307807,Estrela,RS,185.032,10,out,174.91947448132314,OK,1991,2020,30,CHIRPS_v2,UCSB-CHG/CHIRPS/DAILY,1991-2020,IBGE_2024
4306205,Cruzeiro do Sul,RS,155.482,10,out,177.00024799917492,OK,1991,2020,30,CHIRPS_v2,UCSB-CHG/CHIRPS/DAILY,1991-2020,IBGE_2024
4311403,Lajeado,RS,90.801,10,out,180.05742305527602,OK,1991,2020,30,CHIRPS_v2,UCSB-CHG/CHIRPS/DAILY,1991-2020,IBGE_2024
4310363,Imigrante,RS,71.718,10,out,178.597091277264,OK,1991,2020,30,CHIRPS_v2,UCSB-CHG/CHIRPS/DAILY,1991-2020,IBGE_2024
4323770,Westfália,RS,66.875,10,out,178.1908961396763,OK,1991,2020,30,CHIRPS_v2,UCSB-CHG/CHIRPS/DAILY,1991-2020,IBGE_2024
4314753,Poço das Antas,RS,67.618,10,out,174.61413633482246,OK,1991,2020,30,CHIRPS_v2,UCSB-CHG/CHIRPS/DAILY,1991-2020,IBGE_2024
4315131,Pouso Novo,RS,105.338,10,out,195.78448919864528,OK,1991,2020,30,CHIRPS_v2,UCSB-CHG/CHIRPS/DAILY,1991-2020,IBGE_2024
4315156,Progresso,RS,256.039,10,out,200.5358836351751,OK,1991,2020,30,CHIRPS_v2,UCSB-CHG/CHIRPS/DAILY,1991-2020,IBGE_2024
4305587,Colinas,RS,60.732,10,out,174.55058025031184,OK,1991,2020,30,CHIRPS_v2,UCSB-CHG/CHIRPS/DAILY,1991-2020,IBGE_2024
4314159,Paverama,RS,171.863,10,out,171.58601330780604,OK,1991,2020,30,CHIRPS_v2,UCSB-CHG/CHIRPS/DAILY,1991-2020,IBGE_2024
4305835,Coqueiro Baixo,RS,112.638,10,out,188.68182442560655,OK,1991,2020,30,CHIRPS_v2,UCSB-CHG/CHIRPS/DAILY,1991-2020,IBGE_2024
4321451,Teutônia,RS,175.875,10,out,173.329507018466,OK,1991,2020,30,CHIRPS_v2,UCSB-CHG/CHIRPS/DAILY,1991-2020,IBGE_2024
4321626,Travesseiro,RS,80.681,10,out,182.18553088917687,OK,1991,2020,30,CHIRPS_v2,UCSB-CHG/CHIRPS/DAILY,1991-2020,IBGE_2024
4304614,Canudos do Vale,RS,82.943,10,out,198.91097276986036,OK,1991,2020,30,CHIRPS_v2,UCSB-CHG/CHIRPS/DAILY,1991-2020,IBGE_2024
4304697,Capitão,RS,73.967,10,out,185.34920335457008,OK,1991,2020,30,CHIRPS_v2,UCSB-CHG/CHIRPS/DAILY,1991-2020,IBGE_2024
4320859,Tabaí,RS,94.754,10,out,170.35563919261824,OK,1991,2020,30,CHIRPS_v2,UCSB-CHG/CHIRPS/DAILY,1991-2020,IBGE_2024
4321303,Taquari,RS,349.967,10,out,168.38218409151992,OK,1991,2020,30,CHIRPS_v2,UCSB-CHG/CHIRPS/DAILY,1991-2020,IBGE_2024
4320453,Sério,RS,105.428,10,out,204.101191689433,OK,1991,2020,30,CHIRPS_v2,UCSB-CHG/CHIRPS/DAILY,1991-2020,IBGE_2024
4312054,Marques de Souza,RS,125.714,10,out,186.0005592847968,OK,1991,2020,30,CHIRPS_v2,UCSB-CHG/CHIRPS/DAILY,1991-2020,IBGE_2024
4302451,Boqueirão do Leão,RS,257.789,10,out,209.17728721821345,OK,1991,2020,30,CHIRPS_v2,UCSB-CHG/CHIRPS/DAILY,1991-2020,IBGE_2024
4309753,Ibarama,RS,195.426,10,out,201.81519576710207,OK,1991,2020,30,CHIRPS_v2,UCSB-CHG/CHIRPS/DAILY,1991-2020,IBGE_2024
4301206,Arroio do Tigre,RS,315.132,10,out,198.12960886081316,OK,1991,2020,30,CHIRPS_v2,UCSB-CHG/CHIRPS/DAILY,1991-2020,IBGE_2024
4307815,Estrela Velha,RS,281.613,10,out,199.85404009491236,OK,1991,2020,30,CHIRPS_v2,UCSB-CHG/CHIRPS/DAILY,1991-2020,IBGE_2024
4314068,Passa Sete,RS,304.299,10,out,207.8307099853178,OK,1991,2020,30,CHIRPS_v2,UCSB-CHG/CHIRPS/DAILY,1991-2020,IBGE_2024
4322152,Tunas,RS,217.302,10,out,206.02324504641223,OK,1991,2020,30,CHIRPS_v2,UCSB-CHG/CHIRPS/DAILY,1991-2020,IBGE_2024
4320701,Sobradinho,RS,128.823,10,out,202.6476297539823,OK,1991,2020,30,CHIRPS_v2,UCSB-CHG/CHIRPS/DAILY,1991-2020,IBGE_2024
4320263,Segredo,RS,245.17,10,out,203.42839113924848,OK,1991,2020,30,CHIRPS_v2,UCSB-CHG/CHIRPS/DAILY,1991-2020,IBGE_2024
4311254,Lagoão,RS,387.453,10,out,208.9381216656188,OK,1991,2020,30,CHIRPS_v2,UCSB-CHG/CHIRPS/DAILY,1991-2020,IBGE_2024
4311239,Lagoa Bonita do Sul,RS,109.758,10,out,205.86157049350177,OK,1991,2020,30,CHIRPS_v2,UCSB-CHG/CHIRPS/DAILY,1991-2020,IBGE_2024
4310306,Ilópolis,RS,123.602,10,out,200.64829560095927,OK,1991,2020,30,CHIRPS_v2,UCSB-CHG/CHIRPS/DAILY,1991-2020,IBGE_2024
4300703,Anta Gorda,RS,242.1,10,out,189.78348256555122,OK,1991,2020,30,CHIRPS_v2,UCSB-CHG/CHIRPS/DAILY,1991-2020,IBGE_2024
4315800,Roca Sales,RS,208.108,10,out,174.933583237155,OK,1991,2020,30,CHIRPS_v2,UCSB-CHG/CHIRPS/DAILY,1991-2020,IBGE_2024
4315453,Relvado,RS,108.188,10,out,193.2683659421796,OK,1991,2020,30,CHIRPS_v2,UCSB-CHG/CHIRPS/DAILY,1991-2020,IBGE_2024
4315206,Putinga,RS,216.159,10,out,197.9240982014713,OK,1991,2020,30,CHIRPS_v2,UCSB-CHG/CHIRPS/DAILY,1991-2020,IBGE_2024
4306809,Encantado,RS,140.006,10,out,178.37043603243728,OK,1991,2020,30,CHIRPS_v2,UCSB-CHG/CHIRPS/DAILY,1991-2020,IBGE_2024
4306759,Doutor Ricardo,RS,107.96,10,out,182.89350508170807,OK,1991,2020,30,CHIRPS_v2,UCSB-CHG/CHIRPS/DAILY,1991-2020,IBGE_2024
4322855,Vespasiano Corrêa,RS,113.622,10,out,173.88664004421642,OK,1991,2020,30,CHIRPS_v2,UCSB-CHG/CHIRPS/DAILY,1991-2020,IBGE_2024
4313003,Nova Bréscia,RS,102.994,10,out,184.49282518678677,OK,1991,2020,30,CHIRPS_v2,UCSB-CHG/CHIRPS/DAILY,1991-2020,IBGE_2024
4312609,Muçum,RS,111.247,10,out,173.60897903489465,OK,1991,2020,30,CHIRPS_v2,UCSB-CHG/CHIRPS/DAILY,1991-2020,IBGE_2024
5002704,Campo Grande,MS,8082.327,10,out,138.7749804568122,OK,1991,2020,30,CHIRPS_v2,UCSB-CHG/CHIRPS/DAILY,1991-2020,IBGE_2024
5008008,Terenos,MS,2845.653,10,out,135.4154681623481,OK,1991,2020,30,CHIRPS_v2,UCSB-CHG/CHIRPS/DAILY,1991-2020,IBGE_2024
5007505,Rochedo,MS,1304.755,10,out,134.36591165841517,OK,1991,2020,30,CHIRPS_v2,UCSB-CHG/CHIRPS/DAILY,1991-2020,IBGE_2024
5007901,Sidrolândia,MS,5265.695,10,out,137.39645008483137,OK,1991,2020,30,CHIRPS_v2,UCSB-CHG/CHIRPS/DAILY,1991-2020,IBGE_2024
5007109,Ribas do Rio Pardo,MS,17315.212,10,out,138.83607945635873,OK,1991,2020,30,CHIRPS_v2,UCSB-CHG/CHIRPS/DAILY,1991-2020,IBGE_2024
5007307,Rio Negro,MS,1828.8,10,out,133.55411733266922,OK,1991,2020,30,CHIRPS_v2,UCSB-CHG/CHIRPS/DAILY,1991-2020,IBGE_2024
5006002,Nova Alvorada do Sul,MS,4027.647,10,out,136.43161693846133,OK,1991,2020,30,CHIRPS_v2,UCSB-CHG/CHIRPS/DAILY,1991-2020,IBGE_2024
5004908,Jaraguari,MS,2913.558,10,out,143.03931659344605,OK,1991,2020,30,CHIRPS_v2,UCSB-CHG/CHIRPS/DAILY,1991-2020,IBGE_2024
5003108,Corguinho,MS,2638.923,10,out,131.98295506459942,OK,1991,2020,30,CHIRPS_v2,UCSB-CHG/CHIRPS/DAILY,1991-2020,IBGE_2024
5002605,Camapuã,MS,6238.127,10,out,138.55885384571354,OK,1991,2020,30,CHIRPS_v2,UCSB-CHG/CHIRPS/DAILY,1991-2020,IBGE_2024
5001508,Bandeirantes,MS,3363.487,10,out,144.03779555322714,OK,1991,2020,30,CHIRPS_v2,UCSB-CHG/CHIRPS/DAILY,1991-2020,IBGE_2024
5008305,Três Lagoas,MS,10217.071,10,out,117.06996014507139,OK,1991,2020,30,CHIRPS_v2,UCSB-CHG/CHIRPS/DAILY,1991-2020,IBGE_2024
5000203,Água Clara,MS,7781.558,10,out,133.53636912638487,OK,1991,2020,30,CHIRPS_v2,UCSB-CHG/CHIRPS/DAILY,1991-2020,IBGE_2024
5007554,Santa Rita do Pardo,MS,6142.001,10,out,124.94257527868474,OK,1991,2020,30,CHIRPS_v2,UCSB-CHG/CHIRPS/DAILY,1991-2020,IBGE_2024
5007802,Selvíria,MS,3254.917,10,out,111.57580388252431,OK,1991,2020,30,CHIRPS_v2,UCSB-CHG/CHIRPS/DAILY,1991-2020,IBGE_2024
5001904,Bataguassu,MS,2392.476,10,out,119.0917982765784,OK,1991,2020,30,CHIRPS_v2,UCSB-CHG/CHIRPS/DAILY,1991-2020,IBGE_2024
5002308,Brasilândia,MS,5803.542,10,out,122.18541292657129,OK,1991,2020,30,CHIRPS_v2,UCSB-CHG/CHIRPS/DAILY,1991-2020,IBGE_2024
5001003,Aparecida do Taboado,MS,2751.485,10,out,103.29041551150684,OK,1991,2020,30,CHIRPS_v2,UCSB-CHG/CHIRPS/DAILY,1991-2020,IBGE_2024
5006309,Paranaíba,MS,5352.02,10,out,112.0922266987001,OK,1991,2020,30,CHIRPS_v2,UCSB-CHG/CHIRPS/DAILY,1991-2020,IBGE_2024
5006275,Paraíso das Águas,MS,5061.433,10,out,148.03429714641646,OK,1991,2020,30,CHIRPS_v2,UCSB-CHG/CHIRPS/DAILY,1991-2020,IBGE_2024
5004403,Inocência,MS,5761.186,10,out,123.40026017600891,OK,1991,2020,30,CHIRPS_v2,UCSB-CHG/CHIRPS/DAILY,1991-2020,IBGE_2024
5002951,Chapadão do Sul,MS,3252.327,10,out,146.77648614768037,OK,1991,2020,30,CHIRPS_v2,UCSB-CHG/CHIRPS/DAILY,1991-2020,IBGE_2024
5002902,Cassilândia,MS,3711.715,10,out,133.868413035565,OK,1991,2020,30,CHIRPS_v2,UCSB-CHG/CHIRPS/DAILY,1991-2020,IBGE_2024
5008404,Vicentina,MS,302.542,10,out,142.72491690627416,OK,1991,2020,30,CHIRPS_v2,UCSB-CHG/CHIRPS/DAILY,1991-2020,IBGE_2024
5007208,Rio Brilhante,MS,3983.507,10,out,139.21302107160108,OK,1991,2020,30,CHIRPS_v2,UCSB-CHG/CHIRPS/DAILY,1991-2020,IBGE_2024
5005103,Jateí,MS,1933.316,10,out,151.010743172848,OK,1991,2020,30,CHIRPS_v2,UCSB-CHG/CHIRPS/DAILY,1991-2020,IBGE_2024
5005152,Juti,MS,1569.176,10,out,150.33940977047212,OK,1991,2020,30,CHIRPS_v2,UCSB-CHG/CHIRPS/DAILY,1991-2020,IBGE_2024
5005251,Laguna Carapã,MS,1725.78,10,out,157.34290073415966,OK,1991,2020,30,CHIRPS_v2,UCSB-CHG/CHIRPS/DAILY,1991-2020,IBGE_2024
5004502,Itaporã,MS,1342.389,10,out,142.44306668923517,OK,1991,2020,30,CHIRPS_v2,UCSB-CHG/CHIRPS/DAILY,1991-2020,IBGE_2024
5004007,Glória de Dourados,MS,493.105,10,out,152.3239058071616,OK,1991,2020,30,CHIRPS_v2,UCSB-CHG/CHIRPS/DAILY,1991-2020,IBGE_2024
5003504,Douradina,MS,280.235,10,out,143.28800186163437,OK,1991,2020,30,CHIRPS_v2,UCSB-CHG/CHIRPS/DAILY,1991-2020,IBGE_2024
5003454,Deodápolis,MS,828.45,10,out,154.4352016993008,OK,1991,2020,30,CHIRPS_v2,UCSB-CHG/CHIRPS/DAILY,1991-2020,IBGE_2024
5003801,Fátima do Sul,MS,325.631,10,out,143.65136540368584,OK,1991,2020,30,CHIRPS_v2,UCSB-CHG/CHIRPS/DAILY,1991-2020,IBGE_2024
5002407,Caarapó,MS,2115.73,10,out,149.28825287564592,OK,1991,2020,30,CHIRPS_v2,UCSB-CHG/CHIRPS/DAILY,1991-2020,IBGE_2024
5005681,Mundo Novo,MS,478.38,10,out,197.8752522329168,OK,1991,2020,30,CHIRPS_v2,UCSB-CHG/CHIRPS/DAILY,1991-2020,IBGE_2024
5005707,Naviraí,MS,3189.667,10,out,157.91512430038065,OK,1991,2020,30,CHIRPS_v2,UCSB-CHG/CHIRPS/DAILY,1991-2020,IBGE_2024
5004601,Itaquiraí,MS,2063.717,10,out,167.5197073864059,OK,1991,2020,30,CHIRPS_v2,UCSB-CHG/CHIRPS/DAILY,1991-2020,IBGE_2024
5004809,Japorã,MS,416.605,10,out,188.5875420656769,OK,1991,2020,30,CHIRPS_v2,UCSB-CHG/CHIRPS/DAILY,1991-2020,IBGE_2024
5004304,Iguatemi,MS,2957.41,10,out,176.21013830961016,OK,1991,2020,30,CHIRPS_v2,UCSB-CHG/CHIRPS/DAILY,1991-2020,IBGE_2024
5003751,Eldorado,MS,1012.796,10,out,184.20859037343564,OK,1991,2020,30,CHIRPS_v2,UCSB-CHG/CHIRPS/DAILY,1991-2020,IBGE_2024
5000807,Anaurilândia,MS,3415.657,10,out,129.52121332912665,OK,1991,2020,30,CHIRPS_v2,UCSB-CHG/CHIRPS/DAILY,1991-2020,IBGE_2024
5000856,Angélica,MS,1283.629,10,out,151.5111550058287,OK,1991,2020,30,CHIRPS_v2,UCSB-CHG/CHIRPS/DAILY,1991-2020,IBGE_2024
5007976,Taquarussu,MS,1052.232,10,out,144.28549622133247,OK,1991,2020,30,CHIRPS_v2,UCSB-CHG/CHIRPS/DAILY,1991-2020,IBGE_2024
5006200,Nova Andradina,MS,4768.118,10,out,130.29357870172169,OK,1991,2020,30,CHIRPS_v2,UCSB-CHG/CHIRPS/DAILY,1991-2020,IBGE_2024
5006259,Novo Horizonte do Sul,MS,849.19,10,out,155.4905051253721,OK,1991,2020,30,CHIRPS_v2,UCSB-CHG/CHIRPS/DAILY,1991-2020,IBGE_2024
5004700,Ivinhema,MS,2003.43,10,out,171.29906800661684,OK,1991,2020,30,CHIRPS_v2,UCSB-CHG/CHIRPS/DAILY,1991-2020,IBGE_2024
5002001,Batayporã,MS,1826.578,10,out,134.91133210096422,OK,1991,2020,30,CHIRPS_v2,UCSB-CHG/CHIRPS/DAILY,1991-2020,IBGE_2024
5000609,Amambai,MS,4193.742,10,out,175.358676582271,OK,1991,2020,30,CHIRPS_v2,UCSB-CHG/CHIRPS/DAILY,1991-2020,IBGE_2024
5007950,Tacuru,MS,1784.207,10,out,184.67668697707128,OK,1991,2020,30,CHIRPS_v2,UCSB-CHG/CHIRPS/DAILY,1991-2020,IBGE_2024
5007703,Sete Quedas,MS,839.117,10,out,184.1282184133469,OK,1991,2020,30,CHIRPS_v2,UCSB-CHG/CHIRPS/DAILY,1991-2020,IBGE_2024
5205109,Catalão,GO,3826.37,10,out,105.65144057131559,OK,1991,2020,30,CHIRPS_v2,UCSB-CHG/CHIRPS/DAILY,1991-2020,IBGE_2024
5221304,Três Ranchos,GO,284.034,10,out,106.38911228470552,OK,1991,2020,30,CHIRPS_v2,UCSB-CHG/CHIRPS/DAILY,1991-2020,IBGE_2024
5208509,Goiandira,GO,569.917,10,out,110.31988263218125,OK,1991,2020,30,CHIRPS_v2,UCSB-CHG/CHIRPS/DAILY,1991-2020,IBGE_2024
5215504,Ouvidor,GO,411.318,10,out,108.03730993960654,OK,1991,2020,30,CHIRPS_v2,UCSB-CHG/CHIRPS/DAILY,1991-2020,IBGE_2024
5204805,Campo Alegre de Goiás,GO,2450.111,10,out,102.37060898289886,OK,1991,2020,30,CHIRPS_v2,UCSB-CHG/CHIRPS/DAILY,1991-2020,IBGE_2024
5201207,Anhanguera,GO,55.569,10,out,103.27918901817203,OK,1991,2020,30,CHIRPS_v2,UCSB-CHG/CHIRPS/DAILY,1991-2020,IBGE_2024
5214804,Nova Aurora,GO,307.335,10,out,105.54223652755213,OK,1991,2020,30,CHIRPS_v2,UCSB-CHG/CHIRPS/DAILY,1991-2020,IBGE_2024
5206602,Cumari,GO,568.365,10,out,105.60758108597338,OK,1991,2020,30,CHIRPS_v2,UCSB-CHG/CHIRPS/DAILY,1991-2020,IBGE_2024
5206909,Davinópolis,GO,482.857,10,out,102.30753649627032,OK,1991,2020,30,CHIRPS_v2,UCSB-CHG/CHIRPS/DAILY,1991-2020,IBGE_2024
5221809,Urutaí,GO,623.821,10,out,106.14829020256866,OK,1991,2020,30,CHIRPS_v2,UCSB-CHG/CHIRPS/DAILY,1991-2020,IBGE_2024
5204250,Cachoeira Dourada,GO,528.281,10,out,118.13993954099516,OK,1991,2020,30,CHIRPS_v2,UCSB-CHG/CHIRPS/DAILY,1991-2020,IBGE_2024
5212105,Joviânia,GO,446.258,10,out,115.06864774909589,OK,1991,2020,30,CHIRPS_v2,UCSB-CHG/CHIRPS/DAILY,1991-2020,IBGE_2024
5203906,Buriti Alegre,GO,901.932,10,out,105.54028278773849,OK,1991,2020,30,CHIRPS_v2,UCSB-CHG/CHIRPS/DAILY,1991-2020,IBGE_2024
5203500,Bom Jesus de Goiás,GO,1405.605,10,out,110.35389222210839,OK,1991,2020,30,CHIRPS_v2,UCSB-CHG/CHIRPS/DAILY,1991-2020,IBGE_2024
5211503,Itumbiara,GO,2447.014,10,out,106.57538960098904,OK,1991,2020,30,CHIRPS_v2,UCSB-CHG/CHIRPS/DAILY,1991-2020,IBGE_2024
5200506,Aloândia,GO,102.094,10,out,114.73838005271907,OK,1991,2020,30,CHIRPS_v2,UCSB-CHG/CHIRPS/DAILY,1991-2020,IBGE_2024
5209101,Goiatuba,GO,2479.58,10,out,111.5114100175433,OK,1991,2020,30,CHIRPS_v2,UCSB-CHG/CHIRPS/DAILY,1991-2020,IBGE_2024
5216007,Panamá,GO,432.204,10,out,102.92984263761606,OK,1991,2020,30,CHIRPS_v2,UCSB-CHG/CHIRPS/DAILY,1991-2020,IBGE_2024
5205901,Corumbaíba,GO,1864.277,10,out,103.33367051724503,OK,1991,2020,30,CHIRPS_v2,UCSB-CHG/CHIRPS/DAILY,1991-2020,IBGE_2024
5212907,Marzagão,GO,225.518,10,out,110.31215758857232,OK,1991,2020,30,CHIRPS_v2,UCSB-CHG/CHIRPS/DAILY,1991-2020,IBGE_2024
5204508,Caldas Novas,GO,1608.523,10,out,111.81976672660781,OK,1991,2020,30,CHIRPS_v2,UCSB-CHG/CHIRPS/DAILY,1991-2020,IBGE_2024
5218789,Rio Quente,GO,244.655,10,out,112.43462392096397,OK,1991,2020,30,CHIRPS_v2,UCSB-CHG/CHIRPS/DAILY,1991-2020,IBGE_2024
5200209,Água Limpa,GO,458.836,10,out,107.12156359536536,OK,1991,2020,30,CHIRPS_v2,UCSB-CHG/CHIRPS/DAILY,1991-2020,IBGE_2024
5213004,Maurilândia,GO,389.959,10,out,115.4068860175219,OK,1991,2020,30,CHIRPS_v2,UCSB-CHG/CHIRPS/DAILY,1991-2020,IBGE_2024
5205059,Castelândia,GO,299.228,10,out,116.6033309141875,OK,1991,2020,30,CHIRPS_v2,UCSB-CHG/CHIRPS/DAILY,1991-2020,IBGE_2024
5212253,Lagoa Santa,GO,463.289,10,out,117.41546087218528,OK,1991,2020,30,CHIRPS_v2,UCSB-CHG/CHIRPS/DAILY,1991-2020,IBGE_2024
5204102,Cachoeira Alta,GO,1657.226,10,out,125.85183893615388,OK,1991,2020,30,CHIRPS_v2,UCSB-CHG/CHIRPS/DAILY,1991-2020,IBGE_2024
5204300,Caçu,GO,2254.34,10,out,122.75104772980683,OK,1991,2020,30,CHIRPS_v2,UCSB-CHG/CHIRPS/DAILY,1991-2020,IBGE_2024
5211305,Itarumã,GO,3437.367,10,out,120.40830618646125,OK,1991,2020,30,CHIRPS_v2,UCSB-CHG/CHIRPS/DAILY,1991-2020,IBGE_2024
5210802,Itajá,GO,2082.737,10,out,116.92319635905797,OK,1991,2020,30,CHIRPS_v2,UCSB-CHG/CHIRPS/DAILY,1991-2020,IBGE_2024
5218052,Porteirão,GO,606.273,10,out,117.71094801562805,OK,1991,2020,30,CHIRPS_v2,UCSB-CHG/CHIRPS/DAILY,1991-2020,IBGE_2024
5201454,Aparecida do Rio Doce,GO,603.254,10,out,141.8134652467647,OK,1991,2020,30,CHIRPS_v2,UCSB-CHG/CHIRPS/DAILY,1991-2020,IBGE_2024
5201504,Aporé,GO,2899.237,10,out,132.36872268333053,OK,1991,2020,30,CHIRPS_v2,UCSB-CHG/CHIRPS/DAILY,1991-2020,IBGE_2024
5220405,São Simão,GO,415.015,10,out,105.2598613995621,OK,1991,2020,30,CHIRPS_v2,UCSB-CHG/CHIRPS/DAILY,1991-2020,IBGE_2024
5218508,Quirinópolis,GO,3786.026,10,out,117.70959644387753,OK,1991,2020,30,CHIRPS_v2,UCSB-CHG/CHIRPS/DAILY,1991-2020,IBGE_2024
5209937,Inaciolândia,GO,689.201,10,out,114.16753544628602,OK,1991,2020,30,CHIRPS_v2,UCSB-CHG/CHIRPS/DAILY,1991-2020,IBGE_2024
5209150,Gouvelândia,GO,827.373,10,out,111.5332511726537,OK,1991,2020,30,CHIRPS_v2,UCSB-CHG/CHIRPS/DAILY,1991-2020,IBGE_2024
5216304,Paranaiguara,GO,1153.415,10,out,112.20148843037794,OK,1991,2020,30,CHIRPS_v2,UCSB-CHG/CHIRPS/DAILY,1991-2020,IBGE_2024
