cd_mun,nm_mun,sigla_uf,area_km2,mes,nome_mes,normal_mm,status_dados,ano_inicial,ano_final,numero_anos,fonte,colecao_gee,periodo_referencia,malha_municipal
1200401,Rio Branco,AC,8834.832,1,jan,261.4671331014354,OK,1991,2020,30,CHIRPS_v2,UCSB-CHG/CHIRPS/DAILY,1991-2020,IBGE_2024
1200807,Porto Acre,AC,2603.942,1,jan,298.1940823190882,OK,1991,2020,30,CHIRPS_v2,UCSB-CHG/CHIRPS/DAILY,1991-2020,IBGE_2024
1200385,Plácido de Castro,AC,1952.531,1,jan,276.9114007406055,OK,1991,2020,30,CHIRPS_v2,UCSB-CHG/CHIRPS/DAILY,1991-2020,IBGE_2024
1200450,Senador Guiomard,AC,2320.956,1,jan,294.4389543101897,OK,1991,2020,30,CHIRPS_v2,UCSB-CHG/CHIRPS/DAILY,1991-2020,IBGE_2024
1200179,Capixaba,AC,1705.236,1,jan,257.26607681331996,OK,1991,2020,30,CHIRPS_v2,UCSB-CHG/CHIRPS/DAILY,1991-2020,IBGE_2024
1200138,Bujari,AC,3035.547,1,jan,262.0032936266286,OK,1991,2020,30,CHIRPS_v2,UCSB-CHG/CHIRPS/DAILY,1991-2020,IBGE_2024
1200054,Assis Brasil,AC,4968.527,1,jan,244.80762384635543,OK,1991,2020,30,CHIRPS_v2,UCSB-CHG/CHIRPS/DAILY,1991-2020,IBGE_2024
1200252,Epitaciolândia,AC,1652.715,1,jan,259.2245918623316,OK,1991,2020,30,CHIRPS_v2,UCSB-CHG/CHIRPS/DAILY,1991-2020,IBGE_2024
1200708,Xapuri,AC,5350.3,1,jan,250.8493927833469,OK,1991,2020,30,CHIRPS_v2,UCSB-CHG/CHIRPS/DAILY,1991-2020,IBGE_2024
1200104,Brasiléia,AC,3928.821,1,jan,256.0230962158057,OK,1991,2020,30,CHIRPS_v2,UCSB-CHG/CHIRPS/DAILY,1991-2020,IBGE_2024
1200435,Santa Rosa do Purus,AC,6144.95,1,jan,267.66570159117197,OK,1991,2020,30,CHIRPS_v2,UCSB-CHG/CHIRPS/DAILY,1991-2020,IBGE_2024
1200500,Sena Madureira,AC,23748.843,1,jan,264.9219807526812,OK,1991,2020,30,CHIRPS_v2,UCSB-CHG/CHIRPS/DAILY,1991-2020,IBGE_2024
1200344,Manoel Urbano,AC,10615.134,1,jan,271.7978551421729,OK,1991,2020,30,CHIRPS_v2,UCSB-CHG/CHIRPS/DAILY,1991-2020,IBGE_2024
1200351,Marechal Thaumaturgo,AC,8185.635,1,jan,250.21031547651944,OK,1991,2020,30,CHIRPS_v2,UCSB-CHG/CHIRPS/DAILY,1991-2020,IBGE_2024
1200336,Mâncio Lima,AC,5414.073,1,jan,243.58879511282893,OK,1991,2020,30,CHIRPS_v2,UCSB-CHG/CHIRPS/DAILY,1991-2020,IBGE_2024
1200427,Rodrigues Alves,AC,3082.396,1,jan,252.05703921730796,OK,1991,2020,30,CHIRPS_v2,UCSB-CHG/CHIRPS/DAILY,1991-2020,IBGE_2024
1200393,Porto Walter,AC,6452.756,1,jan,248.19240405263298,OK,1991,2020,30,CHIRPS_v2,UCSB-CHG/CHIRPS/DAILY,1991-2020,IBGE_2024
1200203,Cruzeiro do Sul,AC,8793.341,1,jan,253.11829696360218,OK,1991,2020,30,CHIRPS_v2,UCSB-CHG/CHIRPS/DAILY,1991-2020,IBGE_2024
1200328,Jordão,AC,5346.443,1,jan,270.1864456216667,OK,1991,2020,30,CHIRPS_v2,UCSB-CHG/CHIRPS/DAILY,1991-2020,IBGE_2024
1200302,Feijó,AC,27946.684,1,jan,287.03408983900425,OK,1991,2020,30,CHIRPS_v2,UCSB-CHG/CHIRPS/DAILY,1991-2020,IBGE_2024
1200609,Tarauacá,AC,20169.487,1,jan,282.4821416680662,OK,1991,2020,30,CHIRPS_v2,UCSB-CHG/CHIRPS/DAILY,1991-2020,IBGE_2024
1303536,Presidente Figueiredo,AM,25027.907,1,jan,217.73543264350758,OK,1991,2020,30,CHIRPS_v2,UCSB-CHG/CHIRPS/DAILY,1991-2020,IBGE_2024
1303809,São Gabriel da Cachoeira,AM,108700.19,1,jan,269.02037393320296,OK,1991,2020,30,CHIRPS_v2,UCSB-CHG/CHIRPS/DAILY,1991-2020,IBGE_2024
1303601,Santa Isabel do Rio Negro,AM,62470.219,1,jan,191.18366188363098,OK,1991,2020,30,CHIRPS_v2,UCSB-CHG/CHIRPS/DAILY,1991-2020,IBGE_2024
1300409,Barcelos,AM,122453.454,1,jan,177.00918411459273,OK,1991,2020,30,CHIRPS_v2,UCSB-CHG/CHIRPS/DAILY,1991-2020,IBGE_2024
1302306,Jutaí,AM,68971.126,1,jan,316.3114990066451,OK,1991,2020,30,CHIRPS_v2,UCSB-CHG/CHIRPS/DAILY,1991-2020,IBGE_2024
1302108,Japurá,AM,55964.231,1,jan,296.7754031265737,OK,1991,2020,30,CHIRPS_v2,UCSB-CHG/CHIRPS/DAILY,1991-2020,IBGE_2024
1301001,Carauari,AM,25771.943,1,jan,300.33638290184825,OK,1991,2020,30,CHIRPS_v2,UCSB-CHG/CHIRPS/DAILY,1991-2020,IBGE_2024
1303700,Santo Antônio do Içá,AM,12482.067,1,jan,279.33723304584277,OK,1991,2020,30,CHIRPS_v2,UCSB-CHG/CHIRPS/DAILY,1991-2020,IBGE_2024
1304062,Tabatinga,AM,3279.046,1,jan,314.8768155752764,OK,1991,2020,30,CHIRPS_v2,UCSB-CHG/CHIRPS/DAILY,1991-2020,IBGE_2024
1303908,São Paulo de Olivença,AM,19615.643,1,jan,304.5487964597711,OK,1991,2020,30,CHIRPS_v2,UCSB-CHG/CHIRPS/DAILY,1991-2020,IBGE_2024
1304237,Tonantins,AM,6336.62,1,jan,284.54817417978677,OK,1991,2020,30,CHIRPS_v2,UCSB-CHG/CHIRPS/DAILY,1991-2020,IBGE_2024
1300607,Benjamin Constant,AM,9100.432,1,jan,307.114368870771,OK,1991,2020,30,CHIRPS_v2,UCSB-CHG/CHIRPS/DAILY,1991-2020,IBGE_2024
1300201,Atalaia do Norte,AM,76313.455,1,jan,284.03467616374905,OK,1991,2020,30,CHIRPS_v2,UCSB-CHG/CHIRPS/DAILY,1991-2020,IBGE_2024
1300060,Amaturá,AM,4658.391,1,jan,272.3307417578044,OK,1991,2020,30,CHIRPS_v2,UCSB-CHG/CHIRPS/DAILY,1991-2020,IBGE_2024
1301803,Ipixuna,AM,12437.643,1,jan,296.4298776476613,OK,1991,2020,30,CHIRPS_v2,UCSB-CHG/CHIRPS/DAILY,1991-2020,IBGE_2024
1301654,Guajará,AM,7427.071,1,jan,266.8621851027506,OK,1991,2020,30,CHIRPS_v2,UCSB-CHG/CHIRPS/DAILY,1991-2020,IBGE_2024
1301951,Itamarati,AM,25509.236,1,jan,340.2515131465654,OK,1991,2020,30,CHIRPS_v2,UCSB-CHG/CHIRPS/DAILY,1991-2020,IBGE_2024
1301506,Envira,AM,7419.658,1,jan,312.65386287153797,OK,1991,2020,30,CHIRPS_v2,UCSB-CHG/CHIRPS/DAILY,1991-2020,IBGE_2024
1301407,Eirunepé,AM,15189.428,1,jan,329.39036168008323,OK,1991,2020,30,CHIRPS_v2,UCSB-CHG/CHIRPS/DAILY,1991-2020,IBGE_2024
1304104,Tapauá,AM,84697.765,1,jan,308.6812497418801,OK,1991,2020,30,CHIRPS_v2,UCSB-CHG/CHIRPS/DAILY,1991-2020,IBGE_2024
1303502,Pauini,AM,41637.294,1,jan,329.32074889592843,OK,1991,2020,30,CHIRPS_v2,UCSB-CHG/CHIRPS/DAILY,1991-2020,IBGE_2024
1300706,Boca do Acre,AM,21949.686,1,jan,286.9740071765128,OK,1991,2020,30,CHIRPS_v2,UCSB-CHG/CHIRPS/DAILY,1991-2020,IBGE_2024
1302405,Lábrea,AM,68349.909,1,jan,293.5173381760087,OK,1991,2020,30,CHIRPS_v2,UCSB-CHG/CHIRPS/DAILY,1991-2020,IBGE_2024
1303007,Nhamundá,AM,14077.252,1,jan,270.2154709131943,OK,1991,2020,30,CHIRPS_v2,UCSB-CHG/CHIRPS/DAILY,1991-2020,IBGE_2024
1304302,Urucará,AM,27851.365,1,jan,194.74615478501224,OK,1991,2020,30,CHIRPS_v2,UCSB-CHG/CHIRPS/DAILY,1991-2020,IBGE_2024
1400100,Boa Vista,RR,5687.037,1,jan,24.251976893026463,OK,1991,2020,30,CHIRPS_v2,UCSB-CHG/CHIRPS/DAILY,1991-2020,IBGE_2024
1400050,Alto Alegre,RR,25424.287,1,jan,90.31747791249971,OK,1991,2020,30,CHIRPS_v2,UCSB-CHG/CHIRPS/DAILY,1991-2020,IBGE_2024
1400308,Mucajaí,RR,12337.85,1,jan,59.507295783606224,OK,1991,2020,30,CHIRPS_v2,UCSB-CHG/CHIRPS/DAILY,1991-2020,IBGE_2024
1400175,Cantá,RR,7664.831,1,jan,37.77186327783048,OK,1991,2020,30,CHIRPS_v2,UCSB-CHG/CHIRPS/DAILY,1991-2020,IBGE_2024
1400159,Bonfim,RR,8079.84,1,jan,33.638972342344196,OK,1991,2020,30,CHIRPS_v2,UCSB-CHG/CHIRPS/DAILY,1991-2020,IBGE_2024
1400407,Normandia,RR,6959.982,1,jan,11.563785271217215,OK,1991,2020,30,CHIRPS_v2,UCSB-CHG/CHIRPS/DAILY,1991-2020,IBGE_2024
1400456,Pacaraima,RR,8019.088,1,jan,36.637550260165256,OK,1991,2020,30,CHIRPS_v2,UCSB-CHG/CHIRPS/DAILY,1991-2020,IBGE_2024
1400704,Uiramutã,RR,8102.219,1,jan,46.13763523357001,OK,1991,2020,30,CHIRPS_v2,UCSB-CHG/CHIRPS/DAILY,1991-2020,IBGE_2024
1400027,Amajari,RR,28370.592,1,jan,94.68271966530587,OK,1991,2020,30,CHIRPS_v2,UCSB-CHG/CHIRPS/DAILY,1991-2020,IBGE_2024
1400605,São Luiz do Anauá,RR,1526.9,1,jan,93.9876407228449,OK,1991,2020,30,CHIRPS_v2,UCSB-CHG/CHIRPS/DAILY,1991-2020,IBGE_2024
1400506,São João da Baliza,RR,4284.503,1,jan,106.3057949296546,OK,1991,2020,30,CHIRPS_v2,UCSB-CHG/CHIRPS/DAILY,1991-2020,IBGE_2024
1400472,Rorainópolis,RR,33579.445,1,jan,136.94773722186233,OK,1991,2020,30,CHIRPS_v2,UCSB-CHG/CHIRPS/DAILY,1991-2020,IBGE_2024
1400233,Caroebe,RR,12064.399,1,jan,92.39445290632467,OK,1991,2020,30,CHIRPS_v2,UCSB-CHG/CHIRPS/DAILY,1991-2020,IBGE_2024
1400282,Iracema,RR,14018.766,1,jan,74.39037712356344,OK,1991,2020,30,CHIRPS_v2,UCSB-CHG/CHIRPS/DAILY,1991-2020,IBGE_2024
1400209,Caracaraí,RR,47385.318,1,jan,99.27115268131836,OK,1991,2020,30,CHIRPS_v2,UCSB-CHG/CHIRPS/DAILY,1991-2020,IBGE_2024
1500404,Alenquer,PA,23644.384,1,jan,203.9334722367677,OK,1991,2020,30,CHIRPS_v2,UCSB-CHG/CHIRPS/DAILY,1991-2020,IBGE_2024
1504802,Monte Alegre,PA,18151.323,1,jan,173.62578263426187,OK,1991,2020,30,CHIRPS_v2,UCSB-CHG/CHIRPS/DAILY,1991-2020,IBGE_2024
1505304,Oriximiná,PA,107560.161,1,jan,181.20979655790518,OK,1991,2020,30,CHIRPS_v2,UCSB-CHG/CHIRPS/DAILY,1991-2020,IBGE_2024
1505106,Óbidos,PA,28009.656,1,jan,215.50922951155084,OK,1991,2020,30,CHIRPS_v2,UCSB-CHG/CHIRPS/DAILY,1991-2020,IBGE_2024
1500503,Almeirim,PA,72968.578,1,jan,166.04055364419438,OK,1991,2020,30,CHIRPS_v2,UCSB-CHG/CHIRPS/DAILY,1991-2020,IBGE_2024
1500305,Afuá,PA,8338.438,1,jan,288.8580959248099,OK,1991,2020,30,CHIRPS_v2,UCSB-CHG/CHIRPS/DAILY,1991-2020,IBGE_2024
1502509,Chaves,PA,12534.995,1,jan,302.0442006776197,OK,1991,2020,30,CHIRPS_v2,UCSB-CHG/CHIRPS/DAILY,1991-2020,IBGE_2024
1600303,Macapá,AP,6563.849,1,jan,277.3562860265789,OK,1991,2020,30,CHIRPS_v2,UCSB-CHG/CHIRPS/DAILY,1991-2020,IBGE_2024
1600600,Santana,AP,1541.225,1,jan,264.21306220063053,OK,1991,2020,30,CHIRPS_v2,UCSB-CHG/CHIRPS/DAILY,1991-2020,IBGE_2024
1600253,Itaubal,AP,1622.867,1,jan,282.9468734103343,OK,1991,2020,30,CHIRPS_v2,UCSB-CHG/CHIRPS/DAILY,1991-2020,IBGE_2024
1600402,Mazagão,AP,13294.778,1,jan,240.91345242415574,OK,1991,2020,30,CHIRPS_v2,UCSB-CHG/CHIRPS/DAILY,1991-2020,IBGE_2024
1600279,Laranjal do Jari,AP,30542.284,1,jan,182.46757503105468,OK,1991,2020,30,CHIRPS_v2,UCSB-CHG/CHIRPS/DAILY,1991-2020,IBGE_2024
1600212,Cutias,AP,2179.114,1,jan,296.7599891206699,OK,1991,2020,30,CHIRPS_v2,UCSB-CHG/CHIRPS/DAILY,1991-2020,IBGE_2024
1600204,Calçoene,AP,14117.297,1,jan,368.3622130431176,OK,1991,2020,30,CHIRPS_v2,UCSB-CHG/CHIRPS/DAILY,1991-2020,IBGE_2024
1600105,Amapá,AP,8454.846,1,jan,357.9098950230232,OK,1991,2020,30,CHIRPS_v2,UCSB-CHG/CHIRPS/DAILY,1991-2020,IBGE_2024
1600501,Oiapoque,AP,23058.224,1,jan,342.01592379708336,OK,1991,2020,30,CHIRPS_v2,UCSB-CHG/CHIRPS/DAILY,1991-2020,IBGE_2024
1600550,Pracuúba,AP,4948.508,1,jan,360.7153929649936,OK,1991,2020,30,CHIRPS_v2,UCSB-CHG/CHIRPS/DAILY,1991-2020,IBGE_2024
1600709,Tartarugalzinho,AP,6684.705,1,jan,351.968457623159,OK,1991,2020,30,CHIRPS_v2,UCSB-CHG/CHIRPS/DAILY,1991-2020,IBGE_2024
1600238,Ferreira Gomes,AP,4973.855,1,jan,291.6834635802008,OK,1991,2020,30,CHIRPS_v2,UCSB-CHG/CHIRPS/DAILY,1991-2020,IBGE_2024
1600154,Pedra Branca do Amapari,AP,9622.29,1,jan,221.36133771224974,OK,1991,2020,30,CHIRPS_v2,UCSB-CHG/CHIRPS/DAILY,1991-2020,IBGE_2024
1600535,Porto Grande,AP,4428.013,1,jan,261.48672549430387,OK,1991,2020,30,CHIRPS_v2,UCSB-CHG/CHIRPS/DAILY,1991-2020,IBGE_2024
1600055,Serra do Navio,AP,7713.046,1,jan,270.7292494397127,OK,1991,2020,30,CHIRPS_v2,UCSB-CHG/CHIRPS/DAILY,1991-2020,IBGE_2024
2111201,São José de Ribamar,MA,180.266,1,jan,255.8037580217556,OK,1991,2020,30,CHIRPS_v2,UCSB-CHG/CHIRPS/DAILY,1991-2020,IBGE_2024
2111300,São Luís,MA,583.063,1,jan,253.11463120650555,OK,1991,2020,30,CHIRPS_v2,UCSB-CHG/CHIRPS/DAILY,1991-2020,IBGE_2024
2109452,Raposa,MA,79.213,1,jan,238.3790155301246,OK,1991,2020,30,CHIRPS_v2,UCSB-CHG/CHIRPS/DAILY,1991-2020,IBGE_2024
2107506,Paço do Lumiar,MA,127.275,1,jan,246.60583231462516,OK,1991,2020,30,CHIRPS_v2,UCSB-CHG/CHIRPS/DAILY,1991-2020,IBGE_2024
2102374,Cachoeira Grande,MA,707.236,1,jan,271.7165441023632,OK,1991,2020,30,CHIRPS_v2,UCSB-CHG/CHIRPS/DAILY,1991-2020,IBGE_2024
2110203,Santa Rita,MA,756.797,1,jan,265.0232705366435,OK,1991,2020,30,CHIRPS_v2,UCSB-CHG/CHIRPS/DAILY,1991-2020,IBGE_2024
2109601,Rosário,MA,647.998,1,jan,259.3289082125707,OK,1991,2020,30,CHIRPS_v2,UCSB-CHG/CHIRPS/DAILY,1991-2020,IBGE_2024
2109205,Presidente Juscelino,MA,355.568,1,jan,270.9992548510804,OK,1991,2020,30,CHIRPS_v2,UCSB-CHG/CHIRPS/DAILY,1991-2020,IBGE_2024
2101251,Bacabeira,MA,542.961,1,jan,252.90809317616015,OK,1991,2020,30,CHIRPS_v2,UCSB-CHG/CHIRPS/DAILY,1991-2020,IBGE_2024
2101103,Axixá,MA,160.462,1,jan,260.05378505821784,OK,1991,2020,30,CHIRPS_v2,UCSB-CHG/CHIRPS/DAILY,1991-2020,IBGE_2024
2100204,Alcântara,MA,1167.964,1,jan,219.3707863150974,OK,1991,2020,30,CHIRPS_v2,UCSB-CHG/CHIRPS/DAILY,1991-2020,IBGE_2024
2107100,Morros,MA,1712.121,1,jan,264.538686706013,OK,1991,2020,30,CHIRPS_v2,UCSB-CHG/CHIRPS/DAILY,1991-2020,IBGE_2024
2105104,Icatu,MA,1124.446,1,jan,247.30838317571596,OK,1991,2020,30,CHIRPS_v2,UCSB-CHG/CHIRPS/DAILY,1991-2020,IBGE_2024
2101905,Bequimão,MA,790.222,1,jan,216.43477082446728,OK,1991,2020,30,CHIRPS_v2,UCSB-CHG/CHIRPS/DAILY,1991-2020,IBGE_2024
2110500,São Bento,MA,456.998,1,jan,217.38895253545132,OK,1991,2020,30,CHIRPS_v2,UCSB-CHG/CHIRPS/DAILY,1991-2020,IBGE_2024
2101350,Bacurituba,MA,413.651,1,jan,192.4713705475246,OK,1991,2020,30,CHIRPS_v2,UCSB-CHG/CHIRPS/DAILY,1991-2020,IBGE_2024
2109809,Santa Helena,MA,2191.164,1,jan,220.4656575782402,OK,1991,2020,30,CHIRPS_v2,UCSB-CHG/CHIRPS/DAILY,1991-2020,IBGE_2024
2108603,Pinheiro,MA,1512.969,1,jan,213.84879945712288,OK,1991,2020,30,CHIRPS_v2,UCSB-CHG/CHIRPS/DAILY,1991-2020,IBGE_2024
2108405,Peri Mirim,MA,397.993,1,jan,205.819858015831,OK,1991,2020,30,CHIRPS_v2,UCSB-CHG/CHIRPS/DAILY,1991-2020,IBGE_2024
2107605,Palmeirândia,MA,532.161,1,jan,210.95628416830377,OK,1991,2020,30,CHIRPS_v2,UCSB-CHG/CHIRPS/DAILY,1991-2020,IBGE_2024
2103208,Chapadinha,MA,3248.774,1,jan,278.7570111288304,OK,1991,2020,30,CHIRPS_v2,UCSB-CHG/CHIRPS/DAILY,1991-2020,IBGE_2024
2110104,Santa Quitéria do Maranhão,MA,1430.329,1,jan,197.60082149938944,OK,1991,2020,30,CHIRPS_v2,UCSB-CHG/CHIRPS/DAILY,1991-2020,IBGE_2024
2102101,Brejo,MA,1073.257,1,jan,186.06254428347756,OK,1991,2020,30,CHIRPS_v2,UCSB-CHG/CHIRPS/DAILY,1991-2020,IBGE_2024
2110401,São Benedito do Rio Preto,MA,931.484,1,jan,285.0597808450079,OK,1991,2020,30,CHIRPS_v2,UCSB-CHG/CHIRPS/DAILY,1991-2020,IBGE_2024
2102200,Buriti,MA,1475.78,1,jan,200.5429991122153,OK,1991,2020,30,CHIRPS_v2,UCSB-CHG/CHIRPS/DAILY,1991-2020,IBGE_2024
2101731,Belágua,MA,569.606,1,jan,252.42376984213107,OK,1991,2020,30,CHIRPS_v2,UCSB-CHG/CHIRPS/DAILY,1991-2020,IBGE_2024
2100808,Anapurus,MA,608.903,1,jan,199.29173072054354,OK,1991,2020,30,CHIRPS_v2,UCSB-CHG/CHIRPS/DAILY,1991-2020,IBGE_2024
2106672,Milagres do Maranhão,MA,634.818,1,jan,192.2241758734809,OK,1991,2020,30,CHIRPS_v2,UCSB-CHG/CHIRPS/DAILY,1991-2020,IBGE_2024
2106409,Mata Roma,MA,548.581,1,jan,219.28561343630412,OK,1991,2020,30,CHIRPS_v2,UCSB-CHG/CHIRPS/DAILY,1991-2020,IBGE_2024
2112605,Urbano Santos,MA,1706.196,1,jan,239.4408314871466,OK,1991,2020,30,CHIRPS_v2,UCSB-CHG/CHIRPS/DAILY,1991-2020,IBGE_2024
2102705,Cantanhede,MA,773.009,1,jan,287.3054964603179,OK,1991,2020,30,CHIRPS_v2,UCSB-CHG/CHIRPS/DAILY,1991-2020,IBGE_2024
2109304,Presidente Vargas,MA,460.004,1,jan,276.7575972761162,OK,1991,2020,30,CHIRPS_v2,UCSB-CHG/CHIRPS/DAILY,1991-2020,IBGE_2024
2100709,Anajatuba,MA,940.489,1,jan,259.4639366447592,OK,1991,2020,30,CHIRPS_v2,UCSB-CHG/CHIRPS/DAILY,1991-2020,IBGE_2024
2108801,Pirapemas,MA,688.761,1,jan,296.3721029216953,OK,1991,2020,30,CHIRPS_v2,UCSB-CHG/CHIRPS/DAILY,1991-2020,IBGE_2024
2107209,Nina Rodrigues,MA,570.938,1,jan,279.3457073034334,OK,1991,2020,30,CHIRPS_v2,UCSB-CHG/CHIRPS/DAILY,1991-2020,IBGE_2024
2106631,Matões do Norte,MA,794.454,1,jan,287.10183892035377,OK,1991,2020,30,CHIRPS_v2,UCSB-CHG/CHIRPS/DAILY,1991-2020,IBGE_2024
2106755,Miranda do Norte,MA,341.107,1,jan,276.60251440995296,OK,1991,2020,30,CHIRPS_v2,UCSB-CHG/CHIRPS/DAILY,1991-2020,IBGE_2024
2105401,Itapecuru Mirim,MA,1480.641,1,jan,275.02921391749163,OK,1991,2020,30,CHIRPS_v2,UCSB-CHG/CHIRPS/DAILY,1991-2020,IBGE_2024
2112704,Vargem Grande,MA,1958.702,1,jan,299.2374582160411,OK,1991,2020,30,CHIRPS_v2,UCSB-CHG/CHIRPS/DAILY,1991-2020,IBGE_2024
2102507,Cajari,MA,662.066,1,jan,243.04464391688097,OK,1991,2020,30,CHIRPS_v2,UCSB-CHG/CHIRPS/DAILY,1991-2020,IBGE_2024
2102408,Cajapió,MA,545.244,1,jan,230.12392975126855,OK,1991,2020,30,CHIRPS_v2,UCSB-CHG/CHIRPS/DAILY,1991-2020,IBGE_2024
2111003,São João Batista,MA,649.957,1,jan,233.62950457245125,OK,1991,2020,30,CHIRPS_v2,UCSB-CHG/CHIRPS/DAILY,1991-2020,IBGE_2024
2101004,Arari,MA,1099.81,1,jan,262.32422126444266,OK,1991,2020,30,CHIRPS_v2,UCSB-CHG/CHIRPS/DAILY,1991-2020,IBGE_2024
2107456,Olinda Nova do Maranhão,MA,199.879,1,jan,235.80702969888165,OK,1991,2020,30,CHIRPS_v2,UCSB-CHG/CHIRPS/DAILY,1991-2020,IBGE_2024
2106508,Matinha,MA,410.633,1,jan,241.023561088245,OK,1991,2020,30,CHIRPS_v2,UCSB-CHG/CHIRPS/DAILY,1991-2020,IBGE_2024
2112803,Viana,MA,1166.745,1,jan,244.59616508675623,OK,1991,2020,30,CHIRPS_v2,UCSB-CHG/CHIRPS/DAILY,1991-2020,IBGE_2024
2112902,Vitória do Mearim,MA,715.625,1,jan,247.37135143620702,OK,1991,2020,30,CHIRPS_v2,UCSB-CHG/CHIRPS/DAILY,1991-2020,IBGE_2024
2111706,São Vicente Ferrer,MA,393.927,1,jan,222.79943632164776,OK,1991,2020,30,CHIRPS_v2,UCSB-CHG/CHIRPS/DAILY,1991-2020,IBGE_2024
2110278,Santo Amaro do Maranhão,MA,1582.806,1,jan,194.21340358982613,OK,1991,2020,30,CHIRPS_v2,UCSB-CHG/CHIRPS/DAILY,1991-2020,IBGE_2024
2101707,Barreirinhas,MA,3046.308,1,jan,181.9746438331523,OK,1991,2020,30,CHIRPS_v2,UCSB-CHG/CHIRPS/DAILY,1991-2020,IBGE_2024
2109403,Primeira Cruz,MA,1337.161,1,jan,218.89358655271374,OK,1991,2020,30,CHIRPS_v2,UCSB-CHG/CHIRPS/DAILY,1991-2020,IBGE_2024
2105005,Humberto de Campos,MA,1714.625,1,jan,236.71685693653478,OK,1991,2020,30,CHIRPS_v2,UCSB-CHG/CHIRPS/DAILY,1991-2020,IBGE_2024
2110609,São Bernardo,MA,1005.823,1,jan,204.232576629068,OK,1991,2020,30,CHIRPS_v2,UCSB-CHG/CHIRPS/DAILY,1991-2020,IBGE_2024
2110237,Santana do Maranhão,MA,932.032,1,jan,181.9995582579198,OK,1991,2020,30,CHIRPS_v2,UCSB-CHG/CHIRPS/DAILY,1991-2020,IBGE_2024
2100907,Araioses,MA,1789.73,1,jan,157.2394403381366,OK,1991,2020,30,CHIRPS_v2,UCSB-CHG/CHIRPS/DAILY,1991-2020,IBGE_2024
2108058,Paulino Neves,MA,979.482,1,jan,158.52997806210544,OK,1991,2020,30,CHIRPS_v2,UCSB-CHG/CHIRPS/DAILY,1991-2020,IBGE_2024
2100154,Água Doce do Maranhão,MA,442.292,1,jan,168.80074718374706,OK,1991,2020,30,CHIRPS_v2,UCSB-CHG/CHIRPS/DAILY,1991-2020,IBGE_2024
2106300,Magalhães de Almeida,MA,434.433,1,jan,183.66391880590072,OK,1991,2020,30,CHIRPS_v2,UCSB-CHG/CHIRPS/DAILY,1991-2020,IBGE_2024
2112506,Tutóia,MA,1566.081,1,jan,168.46297217182683,OK,1991,2020,30,CHIRPS_v2,UCSB-CHG/CHIRPS/DAILY,1991-2020,IBGE_2024
2111789,Serrano do Maranhão,MA,1185.31,1,jan,202.16709211835328,OK,1991,2020,30,CHIRPS_v2,UCSB-CHG/CHIRPS/DAILY,1991-2020,IBGE_2024
2103703,Cururupu,MA,1255.667,1,jan,187.80354284392428,OK,1991,2020,30,CHIRPS_v2,UCSB-CHG/CHIRPS/DAILY,1991-2020,IBGE_2024
2103109,Cedral,MA,285.211,1,jan,179.05684420314833,OK,1991,2020,30,CHIRPS_v2,UCSB-CHG/CHIRPS/DAILY,1991-2020,IBGE_2024
2103125,Central do Maranhão,MA,319.538,1,jan,204.43079275425407,OK,1991,2020,30,CHIRPS_v2,UCSB-CHG/CHIRPS/DAILY,1991-2020,IBGE_2024
2109056,Porto Rico do Maranhão,MA,244.979,1,jan,179.04113035245896,OK,1991,2020,30,CHIRPS_v2,UCSB-CHG/CHIRPS/DAILY,1991-2020,IBGE_2024
2100832,Apicum-Açu,MA,341.12,1,jan,194.179912042314,OK,1991,2020,30,CHIRPS_v2,UCSB-CHG/CHIRPS/DAILY,1991-2020,IBGE_2024
2101301,Bacuri,MA,832.084,1,jan,202.48078645335968,OK,1991,2020,30,CHIRPS_v2,UCSB-CHG/CHIRPS/DAILY,1991-2020,IBGE_2024
2106805,Mirinzal,MA,686.944,1,jan,187.383719480966,OK,1991,2020,30,CHIRPS_v2,UCSB-CHG/CHIRPS/DAILY,1991-2020,IBGE_2024
2104909,Guimarães,MA,478.857,1,jan,180.06185832112263,OK,1991,2020,30,CHIRPS_v2,UCSB-CHG/CHIRPS/DAILY,1991-2020,IBGE_2024
2108702,Pio XII,MA,545.221,1,jan,237.99000123894993,OK,1991,2020,30,CHIRPS_v2,UCSB-CHG/CHIRPS/DAILY,1991-2020,IBGE_2024
2105153,Igarapé do Meio,MA,368.703,1,jan,239.67040824532907,OK,1991,2020,30,CHIRPS_v2,UCSB-CHG/CHIRPS/DAILY,1991-2020,IBGE_2024
2101202,Bacabal,MA,1656.736,1,jan,261.0261341970734,OK,1991,2020,30,CHIRPS_v2,UCSB-CHG/CHIRPS/DAILY,1991-2020,IBGE_2024
2111508,São Mateus do Maranhão,MA,800.045,1,jan,283.39136351903215,OK,1991,2020,30,CHIRPS_v2,UCSB-CHG/CHIRPS/DAILY,1991-2020,IBGE_2024
2111409,São Luís Gonzaga do Maranhão,MA,909.164,1,jan,264.9263202686651,OK,1991,2020,30,CHIRPS_v2,UCSB-CHG/CHIRPS/DAILY,1991-2020,IBGE_2024
2102077,Bom Lugar,MA,445.171,1,jan,226.74219797388488,OK,1991,2020,30,CHIRPS_v2,UCSB-CHG/CHIRPS/DAILY,1991-2020,IBGE_2024
2100436,Alto Alegre do Maranhão,MA,392.751,1,jan,283.8542610077787,OK,1991,2020,30,CHIRPS_v2,UCSB-CHG/CHIRPS/DAILY,1991-2020,IBGE_2024
2105906,Lago Verde,MA,631.455,1,jan,257.4897183823465,OK,1991,2020,30,CHIRPS_v2,UCSB-CHG/CHIRPS/DAILY,1991-2020,IBGE_2024
2103554,Conceição do Lago-Açu,MA,727.133,1,jan,254.52325191236088,OK,1991,2020,30,CHIRPS_v2,UCSB-CHG/CHIRPS/DAILY,1991-2020,IBGE_2024
2111672,São Roberto,MA,226.811,1,jan,191.72428853040864,OK,1991,2020,30,CHIRPS_v2,UCSB-CHG/CHIRPS/DAILY,1991-2020,IBGE_2024
2111631,São Raimundo do Doca Bezerra,MA,419.55,1,jan,185.4381073248507,OK,1991,2020,30,CHIRPS_v2,UCSB-CHG/CHIRPS/DAILY,1991-2020,IBGE_2024
2102754,Capinzal do Norte,MA,590.271,1,jan,267.22891790608713,OK,1991,2020,30,CHIRPS_v2,UCSB-CHG/CHIRPS/DAILY,1991-2020,IBGE_2024
2101939,Bernardo do Mearim,MA,247.189,1,jan,220.6538765180508,OK,1991,2020,30,CHIRPS_v2,UCSB-CHG/CHIRPS/DAILY,1991-2020,IBGE_2024
2110302,Santo Antônio dos Lopes,MA,770.923,1,jan,232.9510048360113,OK,1991,2020,30,CHIRPS_v2,UCSB-CHG/CHIRPS/DAILY,1991-2020,IBGE_2024
2108900,Poção de Pedras,MA,990.66,1,jan,199.2915626386785,OK,1991,2020,30,CHIRPS_v2,UCSB-CHG/CHIRPS/DAILY,1991-2020,IBGE_2024
2108207,Pedreiras,MA,261.814,1,jan,256.72875139720577,OK,1991,2020,30,CHIRPS_v2,UCSB-CHG/CHIRPS/DAILY,1991-2020,IBGE_2024
2105948,Lago dos Rodrigues,MA,220.776,1,jan,204.61407722893534,OK,1991,2020,30,CHIRPS_v2,UCSB-CHG/CHIRPS/DAILY,1991-2020,IBGE_2024
2106003,Lima Campos,MA,321.932,1,jan,277.831062466756,OK,1991,2020,30,CHIRPS_v2,UCSB-CHG/CHIRPS/DAILY,1991-2020,IBGE_2024
2105609,Joselândia,MA,703.094,1,jan,198.21342340247023,OK,1991,2020,30,CHIRPS_v2,UCSB-CHG/CHIRPS/DAILY,1991-2020,IBGE_2024
2105807,Lago do Junco,MA,328.525,1,jan,211.63102458592883,OK,1991,2020,30,CHIRPS_v2,UCSB-CHG/CHIRPS/DAILY,1991-2020,IBGE_2024
2105203,Igarapé Grande,MA,346.218,1,jan,206.30411316658152,OK,1991,2020,30,CHIRPS_v2,UCSB-CHG/CHIRPS/DAILY,1991-2020,IBGE_2024
2112233,Trizidela do Vale,MA,291.61,1,jan,238.62142793622223,OK,1991,2020,30,CHIRPS_v2,UCSB-CHG/CHIRPS/DAILY,1991-2020,IBGE_2024
2104008,Esperantinópolis,MA,452.402,1,jan,195.5952713904308,OK,1991,2020,30,CHIRPS_v2,UCSB-CHG/CHIRPS/DAILY,1991-2020,IBGE_2024
2103000,Caxias,MA,5200.625,1,jan,194.47333340613477,OK,1991,2020,30,CHIRPS_v2,UCSB-CHG/CHIRPS/DAILY,1991-2020,IBGE_2024
2103406,Coelho Neto,MA,976.653,1,jan,209.99618436797158,OK,1991,2020,30,CHIRPS_v2,UCSB-CHG/CHIRPS/DAILY,1991-2020,IBGE_2024
2111078,São João do Soter,MA,1438.066,1,jan,189.21478716547304,OK,1991,2020,30,CHIRPS_v2,UCSB-CHG/CHIRPS/DAILY,1991-2020,IBGE_2024
2100303,Aldeias Altas,MA,1943.413,1,jan,208.57432677120673,OK,1991,2020,30,CHIRPS_v2,UCSB-CHG/CHIRPS/DAILY,1991-2020,IBGE_2024
2100105,Afonso Cunha,MA,371.767,1,jan,231.2940238348045,OK,1991,2020,30,CHIRPS_v2,UCSB-CHG/CHIRPS/DAILY,1991-2020,IBGE_2024
2103901,Duque Bacelar,MA,317.494,1,jan,201.9225156842254,OK,1991,2020,30,CHIRPS_v2,UCSB-CHG/CHIRPS/DAILY,1991-2020,IBGE_2024
2112209,Timon,MA,1763.219,1,jan,192.30392770582966,OK,1991,2020,30,CHIRPS_v2,UCSB-CHG/CHIRPS/DAILY,1991-2020,IBGE_2024
2102309,Buriti Bravo,MA,1581.721,1,jan,217.77610041470456,OK,1991,2020,30,CHIRPS_v2,UCSB-CHG/CHIRPS/DAILY,1991-2020,IBGE_2024
2107803,Parnarama,MA,3246.503,1,jan,201.24266486003035,OK,1991,2020,30,CHIRPS_v2,UCSB-CHG/CHIRPS/DAILY,1991-2020,IBGE_2024
2106607,Matões,MA,2108.672,1,jan,191.5847807896326,OK,1991,2020,30,CHIRPS_v2,UCSB-CHG/CHIRPS/DAILY,1991-2020,IBGE_2024
2103307,Codó,MA,4361.6,1,jan,250.27128836338576,OK,1991,2020,30,CHIRPS_v2,UCSB-CHG/CHIRPS/DAILY,1991-2020,IBGE_2024
2103604,Coroatá,MA,2263.692,1,jan,291.2210816444085,OK,1991,2020,30,CHIRPS_v2,UCSB-CHG/CHIRPS/DAILY,1991-2020,IBGE_2024
2108454,Peritoró,MA,824.72,1,jan,286.7515881265437,OK,1991,2020,30,CHIRPS_v2,UCSB-CHG/CHIRPS/DAILY,1991-2020,IBGE_2024
2112100,Timbiras,MA,1486.582,1,jan,305.34143886604,OK,1991,2020,30,CHIRPS_v2,UCSB-CHG/CHIRPS/DAILY,1991-2020,IBGE_2024
2103802,Dom Pedro,MA,358.493,1,jan,215.45592032071139,OK,1991,2020,30,CHIRPS_v2,UCSB-CHG/CHIRPS/DAILY,1991-2020,IBGE_2024
2111250,São José dos Basílios,MA,353.72,1,jan,193.9598013458251,OK,1991,2020,30,CHIRPS_v2,UCSB-CHG/CHIRPS/DAILY,1991-2020,IBGE_2024
2110708,São Domingos do Maranhão,MA,1151.978,1,jan,206.43174568188542,OK,1991,2020,30,CHIRPS_v2,UCSB-CHG/CHIRPS/DAILY,1991-2020,IBGE_2024
2109759,Santa Filomena do Maranhão,MA,623.213,1,jan,195.87107578003562,OK,1991,2020,30,CHIRPS_v2,UCSB-CHG/CHIRPS/DAILY,1991-2020,IBGE_2024
2109106,Presidente Dutra,MA,771.574,1,jan,163.77627900863044,OK,1991,2020,30,CHIRPS_v2,UCSB-CHG/CHIRPS/DAILY,1991-2020,IBGE_2024
2104628,Governador Luiz Rocha,MA,401.587,1,jan,218.85078205975776,OK,1991,2020,30,CHIRPS_v2,UCSB-CHG/CHIRPS/DAILY,1991-2020,IBGE_2024
2104602,Governador Eugênio Barros,MA,647.015,1,jan,205.87297312503648,OK,1991,2020,30,CHIRPS_v2,UCSB-CHG/CHIRPS/DAILY,1991-2020,IBGE_2024
2104404,Gonçalves Dias,MA,883.588,1,jan,208.51892182990287,OK,1991,2020,30,CHIRPS_v2,UCSB-CHG/CHIRPS/DAILY,1991-2020,IBGE_2024
2104503,Governador Archer,MA,445.857,1,jan,215.18125918142673,OK,1991,2020,30,CHIRPS_v2,UCSB-CHG/CHIRPS/DAILY,1991-2020,IBGE_2024
2104701,Graça Aranha,MA,271.445,1,jan,200.51041415509442,OK,1991,2020,30,CHIRPS_v2,UCSB-CHG/CHIRPS/DAILY,1991-2020,IBGE_2024
2112308,Tuntum,MA,3369.119,1,jan,194.1269633463837,OK,1991,2020,30,CHIRPS_v2,UCSB-CHG/CHIRPS/DAILY,1991-2020,IBGE_2024
2111748,Senador Alexandre Costa,MA,426.431,1,jan,193.35495623743518,OK,1991,2020,30,CHIRPS_v2,UCSB-CHG/CHIRPS/DAILY,1991-2020,IBGE_2024
2104206,Fortuna,MA,835.668,1,jan,213.3103401357853,OK,1991,2020,30,CHIRPS_v2,UCSB-CHG/CHIRPS/DAILY,1991-2020,IBGE_2024
2111953,Sucupira do Riachão,MA,862.226,1,jan,217.17855965323884,OK,1991,2020,30,CHIRPS_v2,UCSB-CHG/CHIRPS/DAILY,1991-2020,IBGE_2024
2111102,São João dos Patos,MA,1483.255,1,jan,207.72896807486092,OK,1991,2020,30,CHIRPS_v2,UCSB-CHG/CHIRPS/DAILY,1991-2020,IBGE_2024
2110658,São Domingos do Azeitão,MA,961.153,1,jan,193.62245413221146,OK,1991,2020,30,CHIRPS_v2,UCSB-CHG/CHIRPS/DAILY,1991-2020,IBGE_2024
2110906,São Francisco do Maranhão,MA,2284.217,1,jan,191.7764459460975,OK,1991,2020,30,CHIRPS_v2,UCSB-CHG/CHIRPS/DAILY,1991-2020,IBGE_2024
2101509,Barão de Grajaú,MA,2209.414,1,jan,185.93392533637862,OK,1991,2020,30,CHIRPS_v2,UCSB-CHG/CHIRPS/DAILY,1991-2020,IBGE_2024
2101806,Benedito Leite,MA,1784.64,1,jan,197.7855115563371,OK,1991,2020,30,CHIRPS_v2,UCSB-CHG/CHIRPS/DAILY,1991-2020,IBGE_2024
2108009,Pastos Bons,MA,1635.178,1,jan,192.36623791352105,OK,1991,2020,30,CHIRPS_v2,UCSB-CHG/CHIRPS/DAILY,1991-2020,IBGE_2024
2107704,Paraibano,MA,530.517,1,jan,213.20641478703845,OK,1991,2020,30,CHIRPS_v2,UCSB-CHG/CHIRPS/DAILY,1991-2020,IBGE_2024
2107902,Passagem Franca,MA,1358.327,1,jan,225.01611937767836,OK,1991,2020,30,CHIRPS_v2,UCSB-CHG/CHIRPS/DAILY,1991-2020,IBGE_2024
2107308,Nova Iorque,MA,978.342,1,jan,180.78259763929037,OK,1991,2020,30,CHIRPS_v2,UCSB-CHG/CHIRPS/DAILY,1991-2020,IBGE_2024
2105922,Lagoa do Mato,MA,1512.985,1,jan,212.65479249234272,OK,1991,2020,30,CHIRPS_v2,UCSB-CHG/CHIRPS/DAILY,1991-2020,IBGE_2024
2103505,Colinas,MA,1978.668,1,jan,220.04291863836286,OK,1991,2020,30,CHIRPS_v2,UCSB-CHG/CHIRPS/DAILY,1991-2020,IBGE_2024
2111904,Sucupira do Norte,MA,1074.435,1,jan,202.63903889160338,OK,1991,2020,30,CHIRPS_v2,UCSB-CHG/CHIRPS/DAILY,1991-2020,IBGE_2024
2106706,Mirador,MA,8522.882,1,jan,203.9444144208749,OK,1991,2020,30,CHIRPS_v2,UCSB-CHG/CHIRPS/DAILY,1991-2020,IBGE_2024
2105450,Jatobá,MA,591.637,1,jan,221.90548955801376,OK,1991,2020,30,CHIRPS_v2,UCSB-CHG/CHIRPS/DAILY,1991-2020,IBGE_2024
2101608,Barra do Corda,MA,5187.673,1,jan,185.7271977871384,OK,1991,2020,30,CHIRPS_v2,UCSB-CHG/CHIRPS/DAILY,1991-2020,IBGE_2024
2104081,Fernando Falcão,MA,5086.59,1,jan,197.41174351221244,OK,1991,2020,30,CHIRPS_v2,UCSB-CHG/CHIRPS/DAILY,1991-2020,IBGE_2024
2110807,São Félix de Balsas,MA,2033.29,1,jan,203.9196932637611,OK,1991,2020,30,CHIRPS_v2,UCSB-CHG/CHIRPS/DAILY,1991-2020,IBGE_2024
2211001,Teresina,PI,1387.466,1,jan,199.11274249933663,OK,1991,2020,30,CHIRPS_v2,UCSB-CHG/CHIRPS/DAILY,1991-2020,IBGE_2024
2200301,Alto Longá,PI,1743.331,1,jan,175.01819608822439,OK,1991,2020,30,CHIRPS_v2,UCSB-CHG/CHIRPS/DAILY,1991-2020,IBGE_2024
2200400,Altos,PI,957.226,1,jan,199.77714951190455,OK,1991,2020,30,CHIRPS_v2,UCSB-CHG/CHIRPS/DAILY,1991-2020,IBGE_2024
2207793,Pau D'Arco do Piauí,PI,430.024,1,jan,193.62558231701468,OK,1991,2020,30,CHIRPS_v2,UCSB-CHG/CHIRPS/DAILY,1991-2020,IBGE_2024
2206951,Novo Santo Antônio,PI,443.873,1,jan,169.4756531798082,OK,1991,2020,30,CHIRPS_v2,UCSB-CHG/CHIRPS/DAILY,1991-2020,IBGE_2024
2206407,Monsenhor Gil,PI,552.427,1,jan,195.2221086906128,OK,1991,2020,30,CHIRPS_v2,UCSB-CHG/CHIRPS/DAILY,1991-2020,IBGE_2024
2206720,Nazária,PI,362.376,1,jan,182.61977758383682,OK,1991,2020,30,CHIRPS_v2,UCSB-CHG/CHIRPS/DAILY,1991-2020,IBGE_2024
2206209,Miguel Alves,PI,1392.122,1,jan,207.29511487636955,OK,1991,2020,30,CHIRPS_v2,UCSB-CHG/CHIRPS/DAILY,1991-2020,IBGE_2024
2205508,José de Freitas,PI,1538.175,1,jan,193.60284002646682,OK,1991,2020,30,CHIRPS_v2,UCSB-CHG/CHIRPS/DAILY,1991-2020,IBGE_2024
2205557,Lagoa Alegre,PI,394.207,1,jan,204.2851805955308,OK,1991,2020,30,CHIRPS_v2,UCSB-CHG/CHIRPS/DAILY,1991-2020,IBGE_2024
2205581,Lagoa do Piauí,PI,435.871,1,jan,187.8748954541268,OK,1991,2020,30,CHIRPS_v2,UCSB-CHG/CHIRPS/DAILY,1991-2020,IBGE_2024
2203255,Curralinhos,PI,344.123,1,jan,187.7810117725801,OK,1991,2020,30,CHIRPS_v2,UCSB-CHG/CHIRPS/DAILY,1991-2020,IBGE_2024
2203305,Demerval Lobão,PI,220.047,1,jan,191.70010171229163,OK,1991,2020,30,CHIRPS_v2,UCSB-CHG/CHIRPS/DAILY,1991-2020,IBGE_2024
2211100,União,PI,1170.754,1,jan,203.33212208032802,OK,1991,2020,30,CHIRPS_v2,UCSB-CHG/CHIRPS/DAILY,1991-2020,IBGE_2024
2202737,Coivaras,PI,484.465,1,jan,195.92051636651934,OK,1991,2020,30,CHIRPS_v2,UCSB-CHG/CHIRPS/DAILY,1991-2020,IBGE_2024
2201606,Beneditinos,PI,937.443,1,jan,190.2833975269561,OK,1991,2020,30,CHIRPS_v2,UCSB-CHG/CHIRPS/DAILY,1991-2020,IBGE_2024
2209609,São Félix do Piauí,PI,627.034,1,jan,201.24275904899383,OK,1991,2020,30,CHIRPS_v2,UCSB-CHG/CHIRPS/DAILY,1991-2020,IBGE_2024
2200202,Água Branca,PI,96.843,1,jan,190.56339725260383,OK,1991,2020,30,CHIRPS_v2,UCSB-CHG/CHIRPS/DAILY,1991-2020,IBGE_2024
2208809,Regeneração,PI,1247.509,1,jan,187.37458874885948,OK,1991,2020,30,CHIRPS_v2,UCSB-CHG/CHIRPS/DAILY,1991-2020,IBGE_2024
2200608,Angical do Piauí,PI,222.023,1,jan,192.89248109299356,OK,1991,2020,30,CHIRPS_v2,UCSB-CHG/CHIRPS/DAILY,1991-2020,IBGE_2024
2208601,Prata do Piauí,PI,196.786,1,jan,186.2755281389241,OK,1991,2020,30,CHIRPS_v2,UCSB-CHG/CHIRPS/DAILY,1991-2020,IBGE_2024
2200509,Amarante,PI,1180.193,1,jan,180.1940869454057,OK,1991,2020,30,CHIRPS_v2,UCSB-CHG/CHIRPS/DAILY,1991-2020,IBGE_2024
2200103,Agricolândia,PI,112.392,1,jan,196.94937255258336,OK,1991,2020,30,CHIRPS_v2,UCSB-CHG/CHIRPS/DAILY,1991-2020,IBGE_2024
2207504,Palmeirais,PI,1493.766,1,jan,190.48120755303881,OK,1991,2020,30,CHIRPS_v2,UCSB-CHG/CHIRPS/DAILY,1991-2020,IBGE_2024
2207751,Passagem Franca do Piauí,PI,643.209,1,jan,198.45004485378874,OK,1991,2020,30,CHIRPS_v2,UCSB-CHG/CHIRPS/DAILY,1991-2020,IBGE_2024
2207108,Olho D'Água do Piauí,PI,183.605,1,jan,194.54042836317686,OK,1991,2020,30,CHIRPS_v2,UCSB-CHG/CHIRPS/DAILY,1991-2020,IBGE_2024
2206308,Miguel Leão,PI,102.761,1,jan,196.4379746813778,OK,1991,2020,30,CHIRPS_v2,UCSB-CHG/CHIRPS/DAILY,1991-2020,IBGE_2024
2205540,Lagoinha do Piauí,PI,67.649,1,jan,196.3836951938262,OK,1991,2020,30,CHIRPS_v2,UCSB-CHG/CHIRPS/DAILY,1991-2020,IBGE_2024
2205250,Jardim do Mulato,PI,511.42,1,jan,196.63838227022742,OK,1991,2020,30,CHIRPS_v2,UCSB-CHG/CHIRPS/DAILY,1991-2020,IBGE_2024
2204600,Hugo Napoleão,PI,224.573,1,jan,194.54488200889347,OK,1991,2020,30,CHIRPS_v2,UCSB-CHG/CHIRPS/DAILY,1991-2020,IBGE_2024
2204006,Francinópolis,PI,268.704,1,jan,195.8461999110566,OK,1991,2020,30,CHIRPS_v2,UCSB-CHG/CHIRPS/DAILY,1991-2020,IBGE_2024
2211407,Várzea Grande,PI,236.453,1,jan,188.05781708446978,OK,1991,2020,30,CHIRPS_v2,UCSB-CHG/CHIRPS/DAILY,1991-2020,IBGE_2024
2203503,Elesbão Veloso,PI,1383.976,1,jan,189.88130336750072,OK,1991,2020,30,CHIRPS_v2,UCSB-CHG/CHIRPS/DAILY,1991-2020,IBGE_2024
2210508,São Pedro do Piauí,PI,518.285,1,jan,195.40571923657527,OK,1991,2020,30,CHIRPS_v2,UCSB-CHG/CHIRPS/DAILY,1991-2020,IBGE_2024
2210383,São Miguel da Baixa Grande,PI,444.528,1,jan,195.22712254775772,OK,1991,2020,30,CHIRPS_v2,UCSB-CHG/CHIRPS/DAILY,1991-2020,IBGE_2024
2201408,Barro Duro,PI,159.436,1,jan,197.10591902665178,OK,1991,2020,30,CHIRPS_v2,UCSB-CHG/CHIRPS/DAILY,1991-2020,IBGE_2024
2209450,Santo Antônio dos Milagres,PI,34.444,1,jan,193.49815767014832,OK,1991,2020,30,CHIRPS_v2,UCSB-CHG/CHIRPS/DAILY,1991-2020,IBGE_2024
2209807,São Gonçalo do Piauí,PI,148.484,1,jan,193.24810873811305,OK,1991,2020,30,CHIRPS_v2,UCSB-CHG/CHIRPS/DAILY,1991-2020,IBGE_2024
2201051,Assunção do Piauí,PI,1690.698,1,jan,114.30680389367917,OK,1991,2020,30,CHIRPS_v2,UCSB-CHG/CHIRPS/DAILY,1991-2020,IBGE_2024
2206753,Nossa Senhora de Nazaré,PI,356.872,1,jan,208.17113572151032,OK,1991,2020,30,CHIRPS_v2,UCSB-CHG/CHIRPS/DAILY,1991-2020,IBGE_2024
2205276,Jatobá do Piauí,PI,651.747,1,jan,190.68013285679658,OK,1991,2020,30,CHIRPS_v2,UCSB-CHG/CHIRPS/DAILY,1991-2020,IBGE_2024
2205516,Juazeiro do Piauí,PI,935.404,1,jan,168.33951953025965,OK,1991,2020,30,CHIRPS_v2,UCSB-CHG/CHIRPS/DAILY,1991-2020,IBGE_2024
2202711,Cocal de Telha,PI,310.254,1,jan,196.56629263436696,OK,1991,2020,30,CHIRPS_v2,UCSB-CHG/CHIRPS/DAILY,1991-2020,IBGE_2024
2210409,São Miguel do Tapuio,PI,4988.973,1,jan,139.9676520791491,OK,1991,2020,30,CHIRPS_v2,UCSB-CHG/CHIRPS/DAILY,1991-2020,IBGE_2024
2202208,Campo Maior,PI,1680.863,1,jan,200.09828768806182,OK,1991,2020,30,CHIRPS_v2,UCSB-CHG/CHIRPS/DAILY,1991-2020,IBGE_2024
2202604,Castelo do Piauí,PI,2378.846,1,jan,160.16014781521594,OK,1991,2020,30,CHIRPS_v2,UCSB-CHG/CHIRPS/DAILY,1991-2020,IBGE_2024
2210656,Sigefredo Pacheco,PI,1031.102,1,jan,176.60050697670718,OK,1991,2020,30,CHIRPS_v2,UCSB-CHG/CHIRPS/DAILY,1991-2020,IBGE_2024
2209906,São João da Serra,PI,994.224,1,jan,161.1279346375163,OK,1991,2020,30,CHIRPS_v2,UCSB-CHG/CHIRPS/DAILY,1991-2020,IBGE_2024
2201945,Boqueirão do Piauí,PI,271.024,1,jan,201.09714577669112,OK,1991,2020,30,CHIRPS_v2,UCSB-CHG/CHIRPS/DAILY,1991-2020,IBGE_2024
2202026,Buriti dos Montes,PI,2437.329,1,jan,134.6499736383132,OK,1991,2020,30,CHIRPS_v2,UCSB-CHG/CHIRPS/DAILY,1991-2020,IBGE_2024
2209153,Santa Cruz dos Milagres,PI,978.546,1,jan,175.24477324773747,OK,1991,2020,30,CHIRPS_v2,UCSB-CHG/CHIRPS/DAILY,1991-2020,IBGE_2024
2200905,Aroazes,PI,821.211,1,jan,177.7735364369354,OK,1991,2020,30,CHIRPS_v2,UCSB-CHG/CHIRPS/DAILY,1991-2020,IBGE_2024
2208106,Pimenteiras,PI,4555.95,1,jan,129.2644020866414,OK,1991,2020,30,CHIRPS_v2,UCSB-CHG/CHIRPS/DAILY,1991-2020,IBGE_2024
2206902,Novo Oriente do Piauí,PI,525.906,1,jan,189.37950368793136,OK,1991,2020,30,CHIRPS_v2,UCSB-CHG/CHIRPS/DAILY,1991-2020,IBGE_2024
2205599,Lagoa do Sítio,PI,805.018,1,jan,147.979945412881,OK,1991,2020,30,CHIRPS_v2,UCSB-CHG/CHIRPS/DAILY,1991-2020,IBGE_2024
2204808,Ipiranga do Piauí,PI,529.417,1,jan,166.8232713119139,OK,1991,2020,30,CHIRPS_v2,UCSB-CHG/CHIRPS/DAILY,1991-2020,IBGE_2024
2204709,Inhuma,PI,978.222,1,jan,164.6568155253539,OK,1991,2020,30,CHIRPS_v2,UCSB-CHG/CHIRPS/DAILY,1991-2020,IBGE_2024
2211308,Valença do Piauí,PI,1333.722,1,jan,169.41419310288236,OK,1991,2020,30,CHIRPS_v2,UCSB-CHG/CHIRPS/DAILY,1991-2020,IBGE_2024
2201176,Barra D'Alcântara,PI,263.943,1,jan,193.3224715086601,OK,1991,2020,30,CHIRPS_v2,UCSB-CHG/CHIRPS/DAILY,1991-2020,IBGE_2024
2208502,Porto,PI,253.114,1,jan,215.31221676451196,OK,1991,2020,30,CHIRPS_v2,UCSB-CHG/CHIRPS/DAILY,1991-2020,IBGE_2024
2206803,Nossa Senhora dos Remédios,PI,357.896,1,jan,217.65174803283796,OK,1991,2020,30,CHIRPS_v2,UCSB-CHG/CHIRPS/DAILY,1991-2020,IBGE_2024
2201770,Boa Hora,PI,339.902,1,jan,205.76002310585878,OK,1991,2020,30,CHIRPS_v2,UCSB-CHG/CHIRPS/DAILY,1991-2020,IBGE_2024
2202059,Cabeceiras do Piauí,PI,608.744,1,jan,208.10942885209806,OK,1991,2020,30,CHIRPS_v2,UCSB-CHG/CHIRPS/DAILY,1991-2020,IBGE_2024
2202174,Campo Largo do Piauí,PI,478.079,1,jan,213.9367459009525,OK,1991,2020,30,CHIRPS_v2,UCSB-CHG/CHIRPS/DAILY,1991-2020,IBGE_2024
2201200,Barras,PI,1722.506,1,jan,216.44362940396022,OK,1991,2020,30,CHIRPS_v2,UCSB-CHG/CHIRPS/DAILY,1991-2020,IBGE_2024
2207702,Parnaíba,PI,436.907,1,jan,139.3676627761297,OK,1991,2020,30,CHIRPS_v2,UCSB-CHG/CHIRPS/DAILY,1991-2020,IBGE_2024
2206696,Murici dos Portelas,PI,475.72,1,jan,183.11858031576728,OK,1991,2020,30,CHIRPS_v2,UCSB-CHG/CHIRPS/DAILY,1991-2020,IBGE_2024
2205706,Luís Correia,PI,1074.133,1,jan,146.32326180273165,OK,1991,2020,30,CHIRPS_v2,UCSB-CHG/CHIRPS/DAILY,1991-2020,IBGE_2024
2204659,Ilha Grande,PI,129.696,1,jan,121.18172326254603,OK,1991,2020,30,CHIRPS_v2,UCSB-CHG/CHIRPS/DAILY,1991-2020,IBGE_2024
2202729,Cocal dos Alves,PI,324.856,1,jan,162.47992472232363,OK,1991,2020,30,CHIRPS_v2,UCSB-CHG/CHIRPS/DAILY,1991-2020,IBGE_2024
2202703,Cocal,PI,1294.131,1,jan,161.07751781424213,OK,1991,2020,30,CHIRPS_v2,UCSB-CHG/CHIRPS/DAILY,1991-2020,IBGE_2024
2202653,Caxingó,PI,491.093,1,jan,166.67488274194986,OK,1991,2020,30,CHIRPS_v2,UCSB-CHG/CHIRPS/DAILY,1991-2020,IBGE_2024
2202539,Caraúbas do Piauí,PI,463.184,1,jan,173.67678936084997,OK,1991,2020,30,CHIRPS_v2,UCSB-CHG/CHIRPS/DAILY,1991-2020,IBGE_2024
2201919,Bom Princípio do Piauí,PI,523.143,1,jan,154.21466710699974,OK,1991,2020,30,CHIRPS_v2,UCSB-CHG/CHIRPS/DAILY,1991-2020,IBGE_2024
2202083,Cajueiro da Praia,PI,271.165,1,jan,138.48947166928352,OK,1991,2020,30,CHIRPS_v2,UCSB-CHG/CHIRPS/DAILY,1991-2020,IBGE_2024
2202000,Buriti dos Lopes,PI,690.539,1,jan,157.47491774975637,OK,1991,2020,30,CHIRPS_v2,UCSB-CHG/CHIRPS/DAILY,1991-2020,IBGE_2024
2208403,Piripiri,PI,1406.925,1,jan,205.9141332810499,OK,1991,2020,30,CHIRPS_v2,UCSB-CHG/CHIRPS/DAILY,1991-2020,IBGE_2024
2207900,Pedro II,PI,1544.373,1,jan,167.37641682494348,OK,1991,2020,30,CHIRPS_v2,UCSB-CHG/CHIRPS/DAILY,1991-2020,IBGE_2024
2208304,Piracuruca,PI,2309.93,1,jan,171.00133969673547,OK,1991,2020,30,CHIRPS_v2,UCSB-CHG/CHIRPS/DAILY,1991-2020,IBGE_2024
2206357,Milton Brandão,PI,1310.728,1,jan,171.23361749966827,OK,1991,2020,30,CHIRPS_v2,UCSB-CHG/CHIRPS/DAILY,1991-2020,IBGE_2024
2205573,Lagoa de São Francisco,PI,155.86,1,jan,196.35712860658515,OK,1991,2020,30,CHIRPS_v2,UCSB-CHG/CHIRPS/DAILY,1991-2020,IBGE_2024
2203420,Domingos Mourão,PI,848.705,1,jan,156.44474910687813,OK,1991,2020,30,CHIRPS_v2,UCSB-CHG/CHIRPS/DAILY,1991-2020,IBGE_2024
2202406,Capitão de Campos,PI,564.858,1,jan,197.14302740813136,OK,1991,2020,30,CHIRPS_v2,UCSB-CHG/CHIRPS/DAILY,1991-2020,IBGE_2024
2210052,São José do Divino,PI,391.157,1,jan,185.67381122491966,OK,1991,2020,30,CHIRPS_v2,UCSB-CHG/CHIRPS/DAILY,1991-2020,IBGE_2024
2209872,São João da Fronteira,PI,817.115,1,jan,151.02568128065653,OK,1991,2020,30,CHIRPS_v2,UCSB-CHG/CHIRPS/DAILY,1991-2020,IBGE_2024
2201960,Brasileira,PI,880.836,1,jan,187.6922313152534,OK,1991,2020,30,CHIRPS_v2,UCSB-CHG/CHIRPS/DAILY,1991-2020,IBGE_2024
2201507,Batalha,PI,1584.255,1,jan,214.63997080909786,OK,1991,2020,30,CHIRPS_v2,UCSB-CHG/CHIRPS/DAILY,1991-2020,IBGE_2024
2206670,Morro do Chapéu do Piauí,PI,314.436,1,jan,214.0259517940143,OK,1991,2020,30,CHIRPS_v2,UCSB-CHG/CHIRPS/DAILY,1991-2020,IBGE_2024
2205805,Luzilândia,PI,699.182,1,jan,210.4935877751657,OK,1991,2020,30,CHIRPS_v2,UCSB-CHG/CHIRPS/DAILY,1991-2020,IBGE_2024
2205854,Madeiro,PI,178.843,1,jan,208.24544037709015,OK,1991,2020,30,CHIRPS_v2,UCSB-CHG/CHIRPS/DAILY,1991-2020,IBGE_2024
2206100,Matias Olímpio,PI,226.785,1,jan,207.29495313546272,OK,1991,2020,30,CHIRPS_v2,UCSB-CHG/CHIRPS/DAILY,1991-2020,IBGE_2024
2205409,Joaquim Pires,PI,756.188,1,jan,198.23702433817778,OK,1991,2020,30,CHIRPS_v2,UCSB-CHG/CHIRPS/DAILY,1991-2020,IBGE_2024
2205458,Joca Marques,PI,169.005,1,jan,219.85247251297758,OK,1991,2020,30,CHIRPS_v2,UCSB-CHG/CHIRPS/DAILY,1991-2020,IBGE_2024
2203701,Esperantina,PI,911.736,1,jan,212.12003064751363,OK,1991,2020,30,CHIRPS_v2,UCSB-CHG/CHIRPS/DAILY,1991-2020,IBGE_2024
2209971,São João do Arraial,PI,215.149,1,jan,218.2352788030957,OK,1991,2020,30,CHIRPS_v2,UCSB-CHG/CHIRPS/DAILY,1991-2020,IBGE_2024
2200954,Aroeiras do Itaim,PI,316.235,1,jan,143.2749956366222,OK,1991,2020,30,CHIRPS_v2,UCSB-CHG/CHIRPS/DAILY,1991-2020,IBGE_2024
2209104,Santa Cruz do Piauí,PI,562.402,1,jan,147.4252715654497,OK,1991,2020,30,CHIRPS_v2,UCSB-CHG/CHIRPS/DAILY,1991-2020,IBGE_2024
2200277,Alegrete do Piauí,PI,243.732,1,jan,128.0892518183263,OK,1991,2020,30,CHIRPS_v2,UCSB-CHG/CHIRPS/DAILY,1991-2020,IBGE_2024
2200251,Alagoinha do Piauí,PI,535.89,1,jan,120.40475139167003,OK,1991,2020,30,CHIRPS_v2,UCSB-CHG/CHIRPS/DAILY,1991-2020,IBGE_2024
2208007,Picos,PI,577.284,1,jan,147.2189434083408,OK,1991,2020,30,CHIRPS_v2,UCSB-CHG/CHIRPS/DAILY,1991-2020,IBGE_2024
2208205,Pio IX,PI,1948.141,1,jan,107.99432103976551,OK,1991,2020,30,CHIRPS_v2,UCSB-CHG/CHIRPS/DAILY,1991-2020,IBGE_2024
2207553,Paquetá,PI,432.572,1,jan,157.09152009356274,OK,1991,2020,30,CHIRPS_v2,UCSB-CHG/CHIRPS/DAILY,1991-2020,IBGE_2024
2207207,Padre Marcos,PI,278.696,1,jan,129.46127425040618,OK,1991,2020,30,CHIRPS_v2,UCSB-CHG/CHIRPS/DAILY,1991-2020,IBGE_2024
2206506,Monsenhor Hipólito,PI,401.568,1,jan,126.93723078259626,OK,1991,2020,30,CHIRPS_v2,UCSB-CHG/CHIRPS/DAILY,1991-2020,IBGE_2024
2205953,Marcolândia,PI,136.786,1,jan,116.13305434710013,OK,1991,2020,30,CHIRPS_v2,UCSB-CHG/CHIRPS/DAILY,1991-2020,IBGE_2024
2206050,Massapê do Piauí,PI,530.169,1,jan,109.42903364890722,OK,1991,2020,30,CHIRPS_v2,UCSB-CHG/CHIRPS/DAILY,1991-2020,IBGE_2024
2204907,Isaías Coelho,PI,800.687,1,jan,112.63632630238995,OK,1991,2020,30,CHIRPS_v2,UCSB-CHG/CHIRPS/DAILY,1991-2020,IBGE_2024
2205201,Jaicós,PI,866.788,1,jan,112.84733968929089,OK,1991,2020,30,CHIRPS_v2,UCSB-CHG/CHIRPS/DAILY,1991-2020,IBGE_2024
2205003,Itainópolis,PI,827.62,1,jan,127.32937338574426,OK,1991,2020,30,CHIRPS_v2,UCSB-CHG/CHIRPS/DAILY,1991-2020,IBGE_2024
2204352,Geminiano,PI,440.606,1,jan,130.62707173206311,OK,1991,2020,30,CHIRPS_v2,UCSB-CHG/CHIRPS/DAILY,1991-2020,IBGE_2024
2204303,Fronteiras,PI,777.179,1,jan,106.14409578787088,OK,1991,2020,30,CHIRPS_v2,UCSB-CHG/CHIRPS/DAILY,1991-2020,IBGE_2024
2204154,Francisco Macedo,PI,179.245,1,jan,119.94681835613564,OK,1991,2020,30,CHIRPS_v2,UCSB-CHG/CHIRPS/DAILY,1991-2020,IBGE_2024
2204204,Francisco Santos,PI,492.191,1,jan,125.68197709952595,OK,1991,2020,30,CHIRPS_v2,UCSB-CHG/CHIRPS/DAILY,1991-2020,IBGE_2024
2211605,Vila Nova do Piauí,PI,221.627,1,jan,133.61615342424184,OK,1991,2020,30,CHIRPS_v2,UCSB-CHG/CHIRPS/DAILY,1991-2020,IBGE_2024
2203404,Dom Expedito Lopes,PI,218.808,1,jan,165.45996501796324,OK,1991,2020,30,CHIRPS_v2,UCSB-CHG/CHIRPS/DAILY,1991-2020,IBGE_2024
2211506,Vera Mendes,PI,341.975,1,jan,109.4478292004556,OK,1991,2020,30,CHIRPS_v2,UCSB-CHG/CHIRPS/DAILY,1991-2020,IBGE_2024
2211704,Wall Ferraz,PI,317.278,1,jan,143.50807837274337,OK,1991,2020,30,CHIRPS_v2,UCSB-CHG/CHIRPS/DAILY,1991-2020,IBGE_2024
2210938,Sussuapara,PI,205.194,1,jan,129.4862307776192,OK,1991,2020,30,CHIRPS_v2,UCSB-CHG/CHIRPS/DAILY,1991-2020,IBGE_2024
2210375,São Luis do Piauí,PI,238.099,1,jan,126.95180454054965,OK,1991,2020,30,CHIRPS_v2,UCSB-CHG/CHIRPS/DAILY,1991-2020,IBGE_2024
2201804,Bocaina,PI,261.49,1,jan,130.81186192534562,OK,1991,2020,30,CHIRPS_v2,UCSB-CHG/CHIRPS/DAILY,1991-2020,IBGE_2024
2210300,São Julião,PI,291.089,1,jan,125.32725338897406,OK,1991,2020,30,CHIRPS_v2,UCSB-CHG/CHIRPS/DAILY,1991-2020,IBGE_2024
2202091,Caldeirão Grande do Piauí,PI,467.082,1,jan,111.52946833798141,OK,1991,2020,30,CHIRPS_v2,UCSB-CHG/CHIRPS/DAILY,1991-2020,IBGE_2024
2202133,Campo Grande do Piauí,PI,311.682,1,jan,123.37582426369038,OK,1991,2020,30,CHIRPS_v2,UCSB-CHG/CHIRPS/DAILY,1991-2020,IBGE_2024
2210201,São José do Piauí,PI,373.347,1,jan,146.00258791689282,OK,1991,2020,30,CHIRPS_v2,UCSB-CHG/CHIRPS/DAILY,1991-2020,IBGE_2024
2209401,Santo Antônio de Lisboa,PI,376.353,1,jan,129.07863028411003,OK,1991,2020,30,CHIRPS_v2,UCSB-CHG/CHIRPS/DAILY,1991-2020,IBGE_2024
2209351,Santana do Piauí,PI,112.189,1,jan,143.49471854826686,OK,1991,2020,30,CHIRPS_v2,UCSB-CHG/CHIRPS/DAILY,1991-2020,IBGE_2024
2201572,Belém do Piauí,PI,243.234,1,jan,119.52812099934124,OK,1991,2020,30,CHIRPS_v2,UCSB-CHG/CHIRPS/DAILY,1991-2020,IBGE_2024
2209856,São João da Canabrava,PI,476.094,1,jan,132.81688969540056,OK,1991,2020,30,CHIRPS_v2,UCSB-CHG/CHIRPS/DAILY,1991-2020,IBGE_2024
2208650,Queimada Nova,PI,1283.369,1,jan,88.77372142169382,OK,1991,2020,30,CHIRPS_v2,UCSB-CHG/CHIRPS/DAILY,1991-2020,IBGE_2024
2200053,Acauã,PI,1196.75,1,jan,93.32291570539115,OK,1991,2020,30,CHIRPS_v2,UCSB-CHG/CHIRPS/DAILY,1991-2020,IBGE_2024
2207801,Paulistana,PI,1937.343,1,jan,99.66758438280424,OK,1991,2020,30,CHIRPS_v2,UCSB-CHG/CHIRPS/DAILY,1991-2020,IBGE_2024
2207777,Patos do Piauí,PI,801.403,1,jan,102.93584420687893,OK,1991,2020,30,CHIRPS_v2,UCSB-CHG/CHIRPS/DAILY,1991-2020,IBGE_2024
2205151,Jacobina do Piauí,PI,1333.796,1,jan,99.11154857082975,OK,1991,2020,30,CHIRPS_v2,UCSB-CHG/CHIRPS/DAILY,1991-2020,IBGE_2024
2203271,Curral Novo do Piauí,PI,755.252,1,jan,104.8372119075601,OK,1991,2020,30,CHIRPS_v2,UCSB-CHG/CHIRPS/DAILY,1991-2020,IBGE_2024
2202554,Caridade do Piauí,PI,498.793,1,jan,106.38776083780375,OK,1991,2020,30,CHIRPS_v2,UCSB-CHG/CHIRPS/DAILY,1991-2020,IBGE_2024
2210706,Simões,PI,1076.055,1,jan,113.26141305615887,OK,1991,2020,30,CHIRPS_v2,UCSB-CHG/CHIRPS/DAILY,1991-2020,IBGE_2024
2201739,Betânia do Piauí,PI,667.433,1,jan,92.58916026469939,OK,1991,2020,30,CHIRPS_v2,UCSB-CHG/CHIRPS/DAILY,1991-2020,IBGE_2024
2207009,Oeiras,PI,2696.724,1,jan,161.96856263963056,OK,1991,2020,30,CHIRPS_v2,UCSB-CHG/CHIRPS/DAILY,1991-2020,IBGE_2024
2203859,Floresta do Piauí,PI,221.519,1,jan,124.43638489676972,OK,1991,2020,30,CHIRPS_v2,UCSB-CHG/CHIRPS/DAILY,1991-2020,IBGE_2024
2210979,Tanque do Piauí,PI,408.985,1,jan,173.95029068424972,OK,1991,2020,30,CHIRPS_v2,UCSB-CHG/CHIRPS/DAILY,1991-2020,IBGE_2024
2202778,Colônia do Piauí,PI,938.303,1,jan,147.18160426434068,OK,1991,2020,30,CHIRPS_v2,UCSB-CHG/CHIRPS/DAILY,1991-2020,IBGE_2024
2210391,São Miguel do Fidalgo,PI,813.444,1,jan,140.70722437832893,OK,1991,2020,30,CHIRPS_v2,UCSB-CHG/CHIRPS/DAILY,1991-2020,IBGE_2024
2209955,São João da Varjota,PI,394.457,1,jan,163.41912422728078,OK,1991,2020,30,CHIRPS_v2,UCSB-CHG/CHIRPS/DAILY,1991-2020,IBGE_2024
2202075,Cajazeiras do Piauí,PI,515.427,1,jan,164.58292851942892,OK,1991,2020,30,CHIRPS_v2,UCSB-CHG/CHIRPS/DAILY,1991-2020,IBGE_2024
2209500,Santo Inácio do Piauí,PI,845.492,1,jan,128.6474321081597,OK,1991,2020,30,CHIRPS_v2,UCSB-CHG/CHIRPS/DAILY,1991-2020,IBGE_2024
2209377,Santa Rosa do Piauí,PI,338.339,1,jan,165.58241742086673,OK,1991,2020,30,CHIRPS_v2,UCSB-CHG/CHIRPS/DAILY,1991-2020,IBGE_2024
2207306,Paes Landim,PI,401.379,1,jan,133.6408477404683,OK,1991,2020,30,CHIRPS_v2,UCSB-CHG/CHIRPS/DAILY,1991-2020,IBGE_2024
2210904,Socorro do Piauí,PI,761.854,1,jan,137.57877215055382,OK,1991,2020,30,CHIRPS_v2,UCSB-CHG/CHIRPS/DAILY,1991-2020,IBGE_2024
2202802,Conceição do Canindé,PI,824.729,1,jan,100.29624113218021,OK,1991,2020,30,CHIRPS_v2,UCSB-CHG/CHIRPS/DAILY,1991-2020,IBGE_2024
2210805,Simplício Mendes,PI,1360.04,1,jan,124.42977143671229,OK,1991,2020,30,CHIRPS_v2,UCSB-CHG/CHIRPS/DAILY,1991-2020,IBGE_2024
2202109,Campinas do Piauí,PI,783.843,1,jan,119.5401595303744,OK,1991,2020,30,CHIRPS_v2,UCSB-CHG/CHIRPS/DAILY,1991-2020,IBGE_2024
2201556,Bela Vista do Piauí,PI,499.092,1,jan,117.7407896011513,OK,1991,2020,30,CHIRPS_v2,UCSB-CHG/CHIRPS/DAILY,1991-2020,IBGE_2024
2209658,São Francisco de Assis do Piauí,PI,1072.311,1,jan,95.84066104520807,OK,1991,2020,30,CHIRPS_v2,UCSB-CHG/CHIRPS/DAILY,1991-2020,IBGE_2024
2200707,Anísio de Abreu,PI,337.876,1,jan,125.77717384112155,OK,1991,2020,30,CHIRPS_v2,UCSB-CHG/CHIRPS/DAILY,1991-2020,IBGE_2024
2205532,Jurema,PI,1271.881,1,jan,142.54805832981006,OK,1991,2020,30,CHIRPS_v2,UCSB-CHG/CHIRPS/DAILY,1991-2020,IBGE_2024
2204550,Guaribas,PI,3118.231,1,jan,166.3155221975004,OK,1991,2020,30,CHIRPS_v2,UCSB-CHG/CHIRPS/DAILY,1991-2020,IBGE_2024
2203750,Fartura do Piauí,PI,713.047,1,jan,120.9335402246009,OK,1991,2020,30,CHIRPS_v2,UCSB-CHG/CHIRPS/DAILY,1991-2020,IBGE_2024
2203354,Dirceu Arcoverde,PI,1005.572,1,jan,123.50495995831555,OK,1991,2020,30,CHIRPS_v2,UCSB-CHG/CHIRPS/DAILY,1991-2020,IBGE_2024
2203453,Dom Inocêncio,PI,3871.83,1,jan,110.51426770139531,OK,1991,2020,30,CHIRPS_v2,UCSB-CHG/CHIRPS/DAILY,1991-2020,IBGE_2024
2202851,Coronel José Dias,PI,1926.095,1,jan,118.72653318930274,OK,1991,2020,30,CHIRPS_v2,UCSB-CHG/CHIRPS/DAILY,1991-2020,IBGE_2024
2211357,Várzea Branca,PI,450.429,1,jan,124.41964537438912,OK,1991,2020,30,CHIRPS_v2,UCSB-CHG/CHIRPS/DAILY,1991-2020,IBGE_2024
2210607,São Raimundo Nonato,PI,2415.29,1,jan,119.80791178399897,OK,1991,2020,30,CHIRPS_v2,UCSB-CHG/CHIRPS/DAILY,1991-2020,IBGE_2024
2202505,Caracol,PI,1610.959,1,jan,148.92479552324195,OK,1991,2020,30,CHIRPS_v2,UCSB-CHG/CHIRPS/DAILY,1991-2020,IBGE_2024
2210359,São Lourenço do Piauí,PI,673.821,1,jan,117.93441336952988,OK,1991,2020,30,CHIRPS_v2,UCSB-CHG/CHIRPS/DAILY,1991-2020,IBGE_2024
2201929,Bonfim do Piauí,PI,289.149,1,jan,121.97487013912013,OK,1991,2020,30,CHIRPS_v2,UCSB-CHG/CHIRPS/DAILY,1991-2020,IBGE_2024
2209559,São Braz do Piauí,PI,656.042,1,jan,133.1966239074499,OK,1991,2020,30,CHIRPS_v2,UCSB-CHG/CHIRPS/DAILY,1991-2020,IBGE_2024
2208874,Ribeira do Piauí,PI,1012.479,1,jan,138.84528248639208,OK,1991,2020,30,CHIRPS_v2,UCSB-CHG/CHIRPS/DAILY,1991-2020,IBGE_2024
2207959,Nova Santa Rita,PI,909.734,1,jan,117.7677803457866,OK,1991,2020,30,CHIRPS_v2,UCSB-CHG/CHIRPS/DAILY,1991-2020,IBGE_2024
2207934,Pedro Laurentino,PI,870.613,1,jan,120.5610252550085,OK,1991,2020,30,CHIRPS_v2,UCSB-CHG/CHIRPS/DAILY,1991-2020,IBGE_2024
2205359,João Costa,PI,1800.237,1,jan,126.13281908799024,OK,1991,2020,30,CHIRPS_v2,UCSB-CHG/CHIRPS/DAILY,1991-2020,IBGE_2024
2205565,Lagoa do Barro do Piauí,PI,1331.025,1,jan,96.28758063063167,OK,1991,2020,30,CHIRPS_v2,UCSB-CHG/CHIRPS/DAILY,1991-2020,IBGE_2024
2202455,Capitão Gervásio Oliveira,PI,1132.996,1,jan,107.24400940485985,OK,1991,2020,30,CHIRPS_v2,UCSB-CHG/CHIRPS/DAILY,1991-2020,IBGE_2024
2210003,São João do Piauí,PI,1527.488,1,jan,117.3196041045907,OK,1991,2020,30,CHIRPS_v2,UCSB-CHG/CHIRPS/DAILY,1991-2020,IBGE_2024
2202117,Campo Alegre do Fidalgo,PI,657.797,1,jan,104.12904992586193,OK,1991,2020,30,CHIRPS_v2,UCSB-CHG/CHIRPS/DAILY,1991-2020,IBGE_2024
2208858,Riacho Frio,PI,2220.597,1,jan,170.87656771703075,OK,1991,2020,30,CHIRPS_v2,UCSB-CHG/CHIRPS/DAILY,1991-2020,IBGE_2024
2201101,Avelino Lopes,PI,1220.369,1,jan,141.92352557544186,OK,1991,2020,30,CHIRPS_v2,UCSB-CHG/CHIRPS/DAILY,1991-2020,IBGE_2024
2207603,Parnaguá,PI,3428.811,1,jan,156.12426826872962,OK,1991,2020,30,CHIRPS_v2,UCSB-CHG/CHIRPS/DAILY,1991-2020,IBGE_2024
2206654,Morro Cabeça no Tempo,PI,2207.658,1,jan,144.7767252013267,OK,1991,2020,30,CHIRPS_v2,UCSB-CHG/CHIRPS/DAILY,1991-2020,IBGE_2024
2206605,Monte Alegre do Piauí,PI,2417.394,1,jan,188.45326442217632,OK,1991,2020,30,CHIRPS_v2,UCSB-CHG/CHIRPS/DAILY,1991-2020,IBGE_2024
2205524,Júlio Borges,PI,1283.918,1,jan,152.04964114656732,OK,1991,2020,30,CHIRPS_v2,UCSB-CHG/CHIRPS/DAILY,1991-2020,IBGE_2024
2204402,Gilbués,PI,3495.692,1,jan,213.871910602633,OK,1991,2020,30,CHIRPS_v2,UCSB-CHG/CHIRPS/DAILY,1991-2020,IBGE_2024
2202901,Corrente,PI,3048.746,1,jan,175.26261739367436,OK,1991,2020,30,CHIRPS_v2,UCSB-CHG/CHIRPS/DAILY,1991-2020,IBGE_2024
2203206,Curimatá,PI,2344.949,1,jan,149.59477696381816,OK,1991,2020,30,CHIRPS_v2,UCSB-CHG/CHIRPS/DAILY,1991-2020,IBGE_2024
2203008,Cristalândia do Piauí,PI,1202.898,1,jan,193.46155976290467,OK,1991,2020,30,CHIRPS_v2,UCSB-CHG/CHIRPS/DAILY,1991-2020,IBGE_2024
2210623,Sebastião Barros,PI,893.489,1,jan,176.0842942018425,OK,1991,2020,30,CHIRPS_v2,UCSB-CHG/CHIRPS/DAILY,1991-2020,IBGE_2024
2209302,Santa Luz,PI,1185.404,1,jan,172.94105205461864,OK,1991,2020,30,CHIRPS_v2,UCSB-CHG/CHIRPS/DAILY,1991-2020,IBGE_2024
2208700,Redenção do Gurguéia,PI,2470.575,1,jan,169.6934183900209,OK,1991,2020,30,CHIRPS_v2,UCSB-CHG/CHIRPS/DAILY,1991-2020,IBGE_2024
2200459,Alvorada do Gurguéia,PI,2131.517,1,jan,162.14535569876927,OK,1991,2020,30,CHIRPS_v2,UCSB-CHG/CHIRPS/DAILY,1991-2020,IBGE_2024
2207405,Palmeira do Piauí,PI,2023.971,1,jan,184.57347565959452,OK,1991,2020,30,CHIRPS_v2,UCSB-CHG/CHIRPS/DAILY,1991-2020,IBGE_2024
2203230,Currais,PI,3156.695,1,jan,186.1227264982114,OK,1991,2020,30,CHIRPS_v2,UCSB-CHG/CHIRPS/DAILY,1991-2020,IBGE_2024
2202752,Colônia do Gurguéia,PI,429.582,1,jan,159.80790604332353,OK,1991,2020,30,CHIRPS_v2,UCSB-CHG/CHIRPS/DAILY,1991-2020,IBGE_2024
2203107,Cristino Castro,PI,1845.69,1,jan,174.52504422118076,OK,1991,2020,30,CHIRPS_v2,UCSB-CHG/CHIRPS/DAILY,1991-2020,IBGE_2024
2201903,Bom Jesus,PI,5470.984,1,jan,183.72569103357816,OK,1991,2020,30,CHIRPS_v2,UCSB-CHG/CHIRPS/DAILY,1991-2020,IBGE_2024
2209708,São Francisco do Piauí,PI,1341.44,1,jan,164.71613163348772,OK,1991,2020,30,CHIRPS_v2,UCSB-CHG/CHIRPS/DAILY,1991-2020,IBGE_2024
2201002,Arraial,PI,619.21,1,jan,164.75014648264892,OK,1991,2020,30,CHIRPS_v2,UCSB-CHG/CHIRPS/DAILY,1991-2020,IBGE_2024
2208551,Porto Alegre do Piauí,PI,1168.044,1,jan,175.10143892530203,OK,1991,2020,30,CHIRPS_v2,UCSB-CHG/CHIRPS/DAILY,1991-2020,IBGE_2024
2206704,Nazaré do Piauí,PI,1316.762,1,jan,169.6296005908546,OK,1991,2020,30,CHIRPS_v2,UCSB-CHG/CHIRPS/DAILY,1991-2020,IBGE_2024
2206001,Marcos Parente,PI,677.416,1,jan,194.70445243126898,OK,1991,2020,30,CHIRPS_v2,UCSB-CHG/CHIRPS/DAILY,1991-2020,IBGE_2024
2205300,Jerumenha,PI,1865.94,1,jan,155.04521719000232,OK,1991,2020,30,CHIRPS_v2,UCSB-CHG/CHIRPS/DAILY,1991-2020,IBGE_2024
2205607,Landri Sales,PI,1088.583,1,jan,184.06735680575582,OK,1991,2020,30,CHIRPS_v2,UCSB-CHG/CHIRPS/DAILY,1991-2020,IBGE_2024
2205102,Itaueira,PI,2554.178,1,jan,171.9178077468689,OK,1991,2020,30,CHIRPS_v2,UCSB-CHG/CHIRPS/DAILY,1991-2020,IBGE_2024
2204501,Guadalupe,PI,1026.538,1,jan,175.97096614040174,OK,1991,2020,30,CHIRPS_v2,UCSB-CHG/CHIRPS/DAILY,1991-2020,IBGE_2024
2203909,Floriano,PI,3407.978,1,jan,162.8519172072904,OK,1991,2020,30,CHIRPS_v2,UCSB-CHG/CHIRPS/DAILY,1991-2020,IBGE_2024
2204105,Francisco Ayres,PI,682.514,1,jan,171.62768670461483,OK,1991,2020,30,CHIRPS_v2,UCSB-CHG/CHIRPS/DAILY,1991-2020,IBGE_2024
2202251,Canavieira,PI,2165.2,1,jan,172.37402709412524,OK,1991,2020,30,CHIRPS_v2,UCSB-CHG/CHIRPS/DAILY,1991-2020,IBGE_2024
2210102,São José do Peixe,PI,1287.174,1,jan,158.07207842695803,OK,1991,2020,30,CHIRPS_v2,UCSB-CHG/CHIRPS/DAILY,1991-2020,IBGE_2024
2200806,Antônio Almeida,PI,644.801,1,jan,187.660637983585,OK,1991,2020,30,CHIRPS_v2,UCSB-CHG/CHIRPS/DAILY,1991-2020,IBGE_2024
2208908,Ribeiro Gonçalves,PI,3987.142,1,jan,207.78703829508646,OK,1991,2020,30,CHIRPS_v2,UCSB-CHG/CHIRPS/DAILY,1991-2020,IBGE_2024
2201150,Baixa Grande do Ribeiro,PI,7808.913,1,jan,195.0579679789271,OK,1991,2020,30,CHIRPS_v2,UCSB-CHG/CHIRPS/DAILY,1991-2020,IBGE_2024
2205904,Manoel Emídio,PI,1620.412,1,jan,168.1326145350098,OK,1991,2020,30,CHIRPS_v2,UCSB-CHG/CHIRPS/DAILY,1991-2020,IBGE_2024
2211209,Uruçuí,PI,8413.009,1,jan,204.24284647324066,OK,1991,2020,30,CHIRPS_v2,UCSB-CHG/CHIRPS/DAILY,1991-2020,IBGE_2024
2210631,Sebastião Leal,PI,3148.866,1,jan,183.39224598251928,OK,1991,2020,30,CHIRPS_v2,UCSB-CHG/CHIRPS/DAILY,1991-2020,IBGE_2024
2201705,Bertolínia,PI,1216.116,1,jan,163.66936948031105,OK,1991,2020,30,CHIRPS_v2,UCSB-CHG/CHIRPS/DAILY,1991-2020,IBGE_2024
2209005,Rio Grande do Piauí,PI,635.953,1,jan,164.6884734161007,OK,1991,2020,30,CHIRPS_v2,UCSB-CHG/CHIRPS/DAILY,1991-2020,IBGE_2024
2207850,Pavussu,PI,1090.697,1,jan,182.8180201463464,OK,1991,2020,30,CHIRPS_v2,UCSB-CHG/CHIRPS/DAILY,1991-2020,IBGE_2024
2207355,Pajeú do Piauí,PI,986.961,1,jan,156.6276033530375,OK,1991,2020,30,CHIRPS_v2,UCSB-CHG/CHIRPS/DAILY,1991-2020,IBGE_2024
2203800,Flores do Piauí,PI,946.72,1,jan,170.4614431213145,OK,1991,2020,30,CHIRPS_v2,UCSB-CHG/CHIRPS/DAILY,1991-2020,IBGE_2024
2203602,Eliseu Martins,PI,1097.866,1,jan,161.3036298289843,OK,1991,2020,30,CHIRPS_v2,UCSB-CHG/CHIRPS/DAILY,1991-2020,IBGE_2024
2210953,Tamboril do Piauí,PI,1587.296,1,jan,157.00706547576578,OK,1991,2020,30,CHIRPS_v2,UCSB-CHG/CHIRPS/DAILY,1991-2020,IBGE_2024
2202307,Canto do Buriti,PI,4325.643,1,jan,170.71633926090962,OK,1991,2020,30,CHIRPS_v2,UCSB-CHG/CHIRPS/DAILY,1991-2020,IBGE_2024
2201988,Brejo do Piauí,PI,2267.326,1,jan,138.46038174852615,OK,1991,2020,30,CHIRPS_v2,UCSB-CHG/CHIRPS/DAILY,1991-2020,IBGE_2024
2307700,Maranguape,CE,583.506,1,jan,109.21646589027971,OK,1991,2020,30,CHIRPS_v2,UCSB-CHG/CHIRPS/DAILY,1991-2020,IBGE_2024
2307650,Maracanaú,CE,105.084,1,jan,123.67350680446908,OK,1991,2020,30,CHIRPS_v2,UCSB-CHG/CHIRPS/DAILY,1991-2020,IBGE_2024
2306256,Itaitinga,CE,153.686,1,jan,120.17575085668146,OK,1991,2020,30,CHIRPS_v2,UCSB-CHG/CHIRPS/DAILY,1991-2020,IBGE_2024
2304285,Eusébio,CE,78.818,1,jan,113.47547811111727,OK,1991,2020,30,CHIRPS_v2,UCSB-CHG/CHIRPS/DAILY,1991-2020,IBGE_2024
2304400,Fortaleza,CE,312.353,1,jan,115.09126813033774,OK,1991,2020,30,CHIRPS_v2,UCSB-CHG/CHIRPS/DAILY,1991-2020,IBGE_2024
2303709,Caucaia,CE,1223.199,1,jan,85.58961404224634,OK,1991,2020,30,CHIRPS_v2,UCSB-CHG/CHIRPS/DAILY,1991-2020,IBGE_2024
2309706,Pacatuba,CE,133.223,1,jan,120.80196534876455,OK,1991,2020,30,CHIRPS_v2,UCSB-CHG/CHIRPS/DAILY,1991-2020,IBGE_2024
2301000,Aquiraz,CE,480.236,1,jan,114.54186497691786,OK,1991,2020,30,CHIRPS_v2,UCSB-CHG/CHIRPS/DAILY,1991-2020,IBGE_2024
2305233,Horizonte,CE,160.556,1,jan,116.51875909449981,OK,1991,2020,30,CHIRPS_v2,UCSB-CHG/CHIRPS/DAILY,1991-2020,IBGE_2024
2304954,Guaiúba,CE,256.053,1,jan,117.09818020940881,OK,1991,2020,30,CHIRPS_v2,UCSB-CHG/CHIRPS/DAILY,1991-2020,IBGE_2024
2312403,São Gonçalo do Amarante,CE,842.679,1,jan,65.7493748765604,OK,1991,2020,30,CHIRPS_v2,UCSB-CHG/CHIRPS/DAILY,1991-2020,IBGE_2024
2312601,São Luís do Curu,CE,122.865,1,jan,71.41212719831394,OK,1991,2020,30,CHIRPS_v2,UCSB-CHG/CHIRPS/DAILY,1991-2020,IBGE_2024
2303956,Chorozinho,CE,296.431,1,jan,89.1587538783193,OK,1991,2020,30,CHIRPS_v2,UCSB-CHG/CHIRPS/DAILY,1991-2020,IBGE_2024
2303501,Cascavel,CE,838.115,1,jan,109.71535458053941,OK,1991,2020,30,CHIRPS_v2,UCSB-CHG/CHIRPS/DAILY,1991-2020,IBGE_2024
2310852,Pindoretama,CE,74.033,1,jan,129.13961392380537,OK,1991,2020,30,CHIRPS_v2,UCSB-CHG/CHIRPS/DAILY,1991-2020,IBGE_2024
2302206,Beberibe,CE,1596.75,1,jan,99.63194900001626,OK,1991,2020,30,CHIRPS_v2,UCSB-CHG/CHIRPS/DAILY,1991-2020,IBGE_2024
2310258,Paraipaba,CE,289.231,1,jan,51.419004927811095,OK,1991,2020,30,CHIRPS_v2,UCSB-CHG/CHIRPS/DAILY,1991-2020,IBGE_2024
2310100,Palmácia,CE,128.896,1,jan,131.47624063519365,OK,1991,2020,30,CHIRPS_v2,UCSB-CHG/CHIRPS/DAILY,1991-2020,IBGE_2024
2310209,Paracuru,CE,304.734,1,jan,46.74243999907688,OK,1991,2020,30,CHIRPS_v2,UCSB-CHG/CHIRPS/DAILY,1991-2020,IBGE_2024
2309607,Pacajus,CE,250.305,1,jan,103.93237157123849,OK,1991,2020,30,CHIRPS_v2,UCSB-CHG/CHIRPS/DAILY,1991-2020,IBGE_2024
2306405,Itapipoca,CE,1596.225,1,jan,89.63762708748635,OK,1991,2020,30,CHIRPS_v2,UCSB-CHG/CHIRPS/DAILY,1991-2020,IBGE_2024
2313807,Uruburetama,CE,103.478,1,jan,75.63193602873244,OK,1991,2020,30,CHIRPS_v2,UCSB-CHG/CHIRPS/DAILY,1991-2020,IBGE_2024
2313500,Trairi,CE,928.726,1,jan,39.751323643042824,OK,1991,2020,30,CHIRPS_v2,UCSB-CHG/CHIRPS/DAILY,1991-2020,IBGE_2024
2313757,Umirim,CE,315.647,1,jan,73.49550616482233,OK,1991,2020,30,CHIRPS_v2,UCSB-CHG/CHIRPS/DAILY,1991-2020,IBGE_2024
2313559,Tururu,CE,197.193,1,jan,79.43207784879172,OK,1991,2020,30,CHIRPS_v2,UCSB-CHG/CHIRPS/DAILY,1991-2020,IBGE_2024
2300754,Amontada,CE,1175.044,1,jan,93.26792488255623,OK,1991,2020,30,CHIRPS_v2,UCSB-CHG/CHIRPS/DAILY,1991-2020,IBGE_2024
2308377,Miraíma,CE,708.678,1,jan,81.37409205132116,OK,1991,2020,30,CHIRPS_v2,UCSB-CHG/CHIRPS/DAILY,1991-2020,IBGE_2024
2306504,Itapiúna,CE,593.232,1,jan,86.52080759954943,OK,1991,2020,30,CHIRPS_v2,UCSB-CHG/CHIRPS/DAILY,1991-2020,IBGE_2024
2305100,Guaramiranga,CE,90.817,1,jan,126.7355488690543,OK,1991,2020,30,CHIRPS_v2,UCSB-CHG/CHIRPS/DAILY,1991-2020,IBGE_2024
2311603,Redenção,CE,247.989,1,jan,111.15276848375748,OK,1991,2020,30,CHIRPS_v2,UCSB-CHG/CHIRPS/DAILY,1991-2020,IBGE_2024
2302909,Capistrano,CE,226.549,1,jan,99.60584028099203,OK,1991,2020,30,CHIRPS_v2,UCSB-CHG/CHIRPS/DAILY,1991-2020,IBGE_2024
2302107,Baturité,CE,314.075,1,jan,106.80234576446028,OK,1991,2020,30,CHIRPS_v2,UCSB-CHG/CHIRPS/DAILY,1991-2020,IBGE_2024
2309805,Pacoti,CE,112.433,1,jan,146.4777764708875,OK,1991,2020,30,CHIRPS_v2,UCSB-CHG/CHIRPS/DAILY,1991-2020,IBGE_2024
2301950,Barreira,CE,260.237,1,jan,100.64061214218637,OK,1991,2020,30,CHIRPS_v2,UCSB-CHG/CHIRPS/DAILY,1991-2020,IBGE_2024
2301208,Aracoiaba,CE,643.988,1,jan,91.99534661701547,OK,1991,2020,30,CHIRPS_v2,UCSB-CHG/CHIRPS/DAILY,1991-2020,IBGE_2024
2301406,Aratuba,CE,119.758,1,jan,103.69447517547873,OK,1991,2020,30,CHIRPS_v2,UCSB-CHG/CHIRPS/DAILY,1991-2020,IBGE_2024
2309458,Ocara,CE,763.075,1,jan,88.49601044636336,OK,1991,2020,30,CHIRPS_v2,UCSB-CHG/CHIRPS/DAILY,1991-2020,IBGE_2024
2309102,Mulungu,CE,97.951,1,jan,117.8779484999737,OK,1991,2020,30,CHIRPS_v2,UCSB-CHG/CHIRPS/DAILY,1991-2020,IBGE_2024
2300150,Acarape,CE,129.767,1,jan,110.53892823554214,OK,1991,2020,30,CHIRPS_v2,UCSB-CHG/CHIRPS/DAILY,1991-2020,IBGE_2024
2307635,Madalena,CE,998.195,1,jan,68.6890640124956,OK,1991,2020,30,CHIRPS_v2,UCSB-CHG/CHIRPS/DAILY,1991-2020,IBGE_2024
2306603,Itatira,CE,829.211,1,jan,66.19933100527115,OK,1991,2020,30,CHIRPS_v2,UCSB-CHG/CHIRPS/DAILY,1991-2020,IBGE_2024
2303006,Caridade,CE,926.271,1,jan,88.45668215201536,OK,1991,2020,30,CHIRPS_v2,UCSB-CHG/CHIRPS/DAILY,1991-2020,IBGE_2024
2302800,Canindé,CE,3032.39,1,jan,83.57830073058564,OK,1991,2020,30,CHIRPS_v2,UCSB-CHG/CHIRPS/DAILY,1991-2020,IBGE_2024
2310407,Paramoti,CE,539.238,1,jan,83.00485035481611,OK,1991,2020,30,CHIRPS_v2,UCSB-CHG/CHIRPS/DAILY,1991-2020,IBGE_2024
2302404,Boa Viagem,CE,2835.037,1,jan,72.10391229452301,OK,1991,2020,30,CHIRPS_v2,UCSB-CHG/CHIRPS/DAILY,1991-2020,IBGE_2024
2306306,Itapajé,CE,436.32,1,jan,78.3728606145661,OK,1991,2020,30,CHIRPS_v2,UCSB-CHG/CHIRPS/DAILY,1991-2020,IBGE_2024
2306108,Irauçuba,CE,1466.413,1,jan,74.00005625436117,OK,1991,2020,30,CHIRPS_v2,UCSB-CHG/CHIRPS/DAILY,1991-2020,IBGE_2024
2313351,Tejuçuoca,CE,758.706,1,jan,82.46253229136387,OK,1991,2020,30,CHIRPS_v2,UCSB-CHG/CHIRPS/DAILY,1991-2020,IBGE_2024
2304608,General Sampaio,CE,230.371,1,jan,82.45500615234252,OK,1991,2020,30,CHIRPS_v2,UCSB-CHG/CHIRPS/DAILY,1991-2020,IBGE_2024
2310704,Pentecoste,CE,1379.836,1,jan,84.78521649115082,OK,1991,2020,30,CHIRPS_v2,UCSB-CHG/CHIRPS/DAILY,1991-2020,IBGE_2024
2300903,Apuiarés,CE,543.98,1,jan,84.36815945501115,OK,1991,2020,30,CHIRPS_v2,UCSB-CHG/CHIRPS/DAILY,1991-2020,IBGE_2024
2305266,Ibaretama,CE,879.253,1,jan,84.10259888552997,OK,1991,2020,30,CHIRPS_v2,UCSB-CHG/CHIRPS/DAILY,1991-2020,IBGE_2024
2305332,Ibicuitinga,CE,423.856,1,jan,83.57293272760603,OK,1991,2020,30,CHIRPS_v2,UCSB-CHG/CHIRPS/DAILY,1991-2020,IBGE_2024
2313005,Solonópole,CE,1535.856,1,jan,86.71986270329221,OK,1991,2020,30,CHIRPS_v2,UCSB-CHG/CHIRPS/DAILY,1991-2020,IBGE_2024
2304269,Deputado Irapuan Pinheiro,CE,471.134,1,jan,85.85425000958247,OK,1991,2020,30,CHIRPS_v2,UCSB-CHG/CHIRPS/DAILY,1991-2020,IBGE_2024
2312700,Senador Pompeu,CE,963.256,1,jan,80.5215167543261,OK,1991,2020,30,CHIRPS_v2,UCSB-CHG/CHIRPS/DAILY,1991-2020,IBGE_2024
2303931,Choró,CE,815.268,1,jan,78.88812066664013,OK,1991,2020,30,CHIRPS_v2,UCSB-CHG/CHIRPS/DAILY,1991-2020,IBGE_2024
2311405,Quixeramobim,CE,3302.144,1,jan,74.14502192312683,OK,1991,2020,30,CHIRPS_v2,UCSB-CHG/CHIRPS/DAILY,1991-2020,IBGE_2024
2311306,Quixadá,CE,2020.587,1,jan,76.02423682500334,OK,1991,2020,30,CHIRPS_v2,UCSB-CHG/CHIRPS/DAILY,1991-2020,IBGE_2024
2310506,Pedra Branca,CE,1328.779,1,jan,71.76116441120766,OK,1991,2020,30,CHIRPS_v2,UCSB-CHG/CHIRPS/DAILY,1991-2020,IBGE_2024
2301851,Banabuiú,CE,1080.983,1,jan,76.90783568492719,OK,1991,2020,30,CHIRPS_v2,UCSB-CHG/CHIRPS/DAILY,1991-2020,IBGE_2024
2308351,Milhã,CE,502.136,1,jan,79.3755503699399,OK,1991,2020,30,CHIRPS_v2,UCSB-CHG/CHIRPS/DAILY,1991-2020,IBGE_2024
2307601,Limoeiro do Norte,CE,794.688,1,jan,88.04862424632933,OK,1991,2020,30,CHIRPS_v2,UCSB-CHG/CHIRPS/DAILY,1991-2020,IBGE_2024
2306801,Jaguaribara,CE,622.963,1,jan,79.81000712727831,OK,1991,2020,30,CHIRPS_v2,UCSB-CHG/CHIRPS/DAILY,1991-2020,IBGE_2024
2306702,Jaguaretama,CE,1826.829,1,jan,79.75738927747621,OK,1991,2020,30,CHIRPS_v2,UCSB-CHG/CHIRPS/DAILY,1991-2020,IBGE_2024
2306900,Jaguaribe,CE,1877.062,1,jan,91.68762154622804,OK,1991,2020,30,CHIRPS_v2,UCSB-CHG/CHIRPS/DAILY,1991-2020,IBGE_2024
2306009,Iracema,CE,839.174,1,jan,94.90699787485842,OK,1991,2020,30,CHIRPS_v2,UCSB-CHG/CHIRPS/DAILY,1991-2020,IBGE_2024
2313104,Tabuleiro do Norte,CE,1047.637,1,jan,84.87003039997057,OK,1991,2020,30,CHIRPS_v2,UCSB-CHG/CHIRPS/DAILY,1991-2020,IBGE_2024
2312502,São João do Jaguaribe,CE,279.451,1,jan,84.90124767133265,OK,1991,2020,30,CHIRPS_v2,UCSB-CHG/CHIRPS/DAILY,1991-2020,IBGE_2024
2304277,Ereré,CE,349.034,1,jan,106.20692366576998,OK,1991,2020,30,CHIRPS_v2,UCSB-CHG/CHIRPS/DAILY,1991-2020,IBGE_2024
2311801,Russas,CE,1505.726,1,jan,82.8520106690484,OK,1991,2020,30,CHIRPS_v2,UCSB-CHG/CHIRPS/DAILY,1991-2020,IBGE_2024
2311504,Quixeré,CE,609.438,1,jan,87.51674497714637,OK,1991,2020,30,CHIRPS_v2,UCSB-CHG/CHIRPS/DAILY,1991-2020,IBGE_2024
2310803,Pereiro,CE,449.74,1,jan,102.6914272276283,OK,1991,2020,30,CHIRPS_v2,UCSB-CHG/CHIRPS/DAILY,1991-2020,IBGE_2024
2311231,Potiretama,CE,409.137,1,jan,84.16636362388178,OK,1991,2020,30,CHIRPS_v2,UCSB-CHG/CHIRPS/DAILY,1991-2020,IBGE_2024
2310001,Palhano,CE,436.98,1,jan,79.93650373510732,OK,1991,2020,30,CHIRPS_v2,UCSB-CHG/CHIRPS/DAILY,1991-2020,IBGE_2024
2300705,Alto Santo,CE,1147.209,1,jan,82.53726427927084,OK,1991,2020,30,CHIRPS_v2,UCSB-CHG/CHIRPS/DAILY,1991-2020,IBGE_2024
2308708,Morada Nova,CE,2822.836,1,jan,83.81957322981393,OK,1991,2020,30,CHIRPS_v2,UCSB-CHG/CHIRPS/DAILY,1991-2020,IBGE_2024
2307007,Jaguaruana,CE,854.36,1,jan,74.01254144766563,OK,1991,2020,30,CHIRPS_v2,UCSB-CHG/CHIRPS/DAILY,1991-2020,IBGE_2024
2306207,Itaiçaba,CE,213.604,1,jan,70.79209812163994,OK,1991,2020,30,CHIRPS_v2,UCSB-CHG/CHIRPS/DAILY,1991-2020,IBGE_2024
2305357,Icapuí,CE,421.441,1,jan,78.32801365191204,OK,1991,2020,30,CHIRPS_v2,UCSB-CHG/CHIRPS/DAILY,1991-2020,IBGE_2024
2304459,Fortim,CE,285.024,1,jan,90.05828445361598,OK,1991,2020,30,CHIRPS_v2,UCSB-CHG/CHIRPS/DAILY,1991-2020,IBGE_2024
2301109,Aracati,CE,1227.196,1,jan,84.4886714157391,OK,1991,2020,30,CHIRPS_v2,UCSB-CHG/CHIRPS/DAILY,1991-2020,IBGE_2024
2308500,Mombaça,CE,2105.518,1,jan,85.75973361003942,OK,1991,2020,30,CHIRPS_v2,UCSB-CHG/CHIRPS/DAILY,1991-2020,IBGE_2024
2300309,Acopiara,CE,2254.279,1,jan,98.49961938843319,OK,1991,2020,30,CHIRPS_v2,UCSB-CHG/CHIRPS/DAILY,1991-2020,IBGE_2024
2307403,Jucás,CE,940.336,1,jan,110.17918809860188,OK,1991,2020,30,CHIRPS_v2,UCSB-CHG/CHIRPS/DAILY,1991-2020,IBGE_2024
2305506,Iguatu,CE,977.311,1,jan,121.34421401778192,OK,1991,2020,30,CHIRPS_v2,UCSB-CHG/CHIRPS/DAILY,1991-2020,IBGE_2024
2311900,Saboeiro,CE,1381.274,1,jan,95.00968573407546,OK,1991,2020,30,CHIRPS_v2,UCSB-CHG/CHIRPS/DAILY,1991-2020,IBGE_2024
2303808,Cedro,CE,729.97,1,jan,141.89897932627673,OK,1991,2020,30,CHIRPS_v2,UCSB-CHG/CHIRPS/DAILY,1991-2020,IBGE_2024
2303600,Catarina,CE,488.153,1,jan,88.24009783187877,OK,1991,2020,30,CHIRPS_v2,UCSB-CHG/CHIRPS/DAILY,1991-2020,IBGE_2024
2311355,Quixelô,CE,620.242,1,jan,96.97410643469408,OK,1991,2020,30,CHIRPS_v2,UCSB-CHG/CHIRPS/DAILY,1991-2020,IBGE_2024
2303303,Cariús,CE,1036.417,1,jan,137.54182803744297,OK,1991,2020,30,CHIRPS_v2,UCSB-CHG/CHIRPS/DAILY,1991-2020,IBGE_2024
2310902,Piquet Carneiro,CE,589.601,1,jan,86.61153866712246,OK,1991,2020,30,CHIRPS_v2,UCSB-CHG/CHIRPS/DAILY,1991-2020,IBGE_2024
2305704,Ipaumirim,CE,276.508,1,jan,140.59557497920295,OK,1991,2020,30,CHIRPS_v2,UCSB-CHG/CHIRPS/DAILY,1991-2020,IBGE_2024
2313708,Umari,CE,263.185,1,jan,128.03245279569484,OK,1991,2020,30,CHIRPS_v2,UCSB-CHG/CHIRPS/DAILY,1991-2020,IBGE_2024
2305407,Icó,CE,1865.86,1,jan,111.79925216957159,OK,1991,2020,30,CHIRPS_v2,UCSB-CHG/CHIRPS/DAILY,1991-2020,IBGE_2024
2301802,Baixio,CE,145.556,1,jan,136.92468081167823,OK,1991,2020,30,CHIRPS_v2,UCSB-CHG/CHIRPS/DAILY,1991-2020,IBGE_2024
2309508,Orós,CE,577.526,1,jan,104.58217004858291,OK,1991,2020,30,CHIRPS_v2,UCSB-CHG/CHIRPS/DAILY,1991-2020,IBGE_2024
2307304,Juazeiro do Norte,CE,258.788,1,jan,179.34166884863464,OK,1991,2020,30,CHIRPS_v2,UCSB-CHG/CHIRPS/DAILY,1991-2020,IBGE_2024
2304202,Crato,CE,1138.15,1,jan,154.6779403702635,OK,1991,2020,30,CHIRPS_v2,UCSB-CHG/CHIRPS/DAILY,1991-2020,IBGE_2024
2301901,Barbalha,CE,608.142,1,jan,158.9392980603804,OK,1991,2020,30,CHIRPS_v2,UCSB-CHG/CHIRPS/DAILY,1991-2020,IBGE_2024
2307502,Lavras da Mangabeira,CE,945.263,1,jan,149.54605502779157,OK,1991,2020,30,CHIRPS_v2,UCSB-CHG/CHIRPS/DAILY,1991-2020,IBGE_2024
2307106,Jardim,CE,544.995,1,jan,127.72736400720602,OK,1991,2020,30,CHIRPS_v2,UCSB-CHG/CHIRPS/DAILY,1991-2020,IBGE_2024
2314003,Várzea Alegre,CE,829.977,1,jan,156.31138574104756,OK,1991,2020,30,CHIRPS_v2,UCSB-CHG/CHIRPS/DAILY,1991-2020,IBGE_2024
2304806,Granjeiro,CE,111.528,1,jan,158.63484754606318,OK,1991,2020,30,CHIRPS_v2,UCSB-CHG/CHIRPS/DAILY,1991-2020,IBGE_2024
2313252,Tarrafas,CE,412.719,1,jan,103.21015675126705,OK,1991,2020,30,CHIRPS_v2,UCSB-CHG/CHIRPS/DAILY,1991-2020,IBGE_2024
2304301,Farias Brito,CE,530.54,1,jan,126.43273693739815,OK,1991,2020,30,CHIRPS_v2,UCSB-CHG/CHIRPS/DAILY,1991-2020,IBGE_2024
2311959,Salitre,CE,806.254,1,jan,107.4002473464021,OK,1991,2020,30,CHIRPS_v2,UCSB-CHG/CHIRPS/DAILY,1991-2020,IBGE_2024
2312106,Santana do Cariri,CE,855.159,1,jan,139.87290913857433,OK,1991,2020,30,CHIRPS_v2,UCSB-CHG/CHIRPS/DAILY,1991-2020,IBGE_2024
2303204,Caririaçu,CE,634.179,1,jan,163.41376159333953,OK,1991,2020,30,CHIRPS_v2,UCSB-CHG/CHIRPS/DAILY,1991-2020,IBGE_2024
2302701,Campos Sales,CE,1082.581,1,jan,100.63050314058427,OK,1991,2020,30,CHIRPS_v2,UCSB-CHG/CHIRPS/DAILY,1991-2020,IBGE_2024
2311207,Potengi,CE,343.264,1,jan,111.35130024691598,OK,1991,2020,30,CHIRPS_v2,UCSB-CHG/CHIRPS/DAILY,1991-2020,IBGE_2024
2301703,Aurora,CE,885.87,1,jan,151.9602358888342,OK,1991,2020,30,CHIRPS_v2,UCSB-CHG/CHIRPS/DAILY,1991-2020,IBGE_2024
2301604,Assaré,CE,1155.124,1,jan,113.99298806751722,OK,1991,2020,30,CHIRPS_v2,UCSB-CHG/CHIRPS/DAILY,1991-2020,IBGE_2024
2309201,Nova Olinda,CE,282.584,1,jan,146.63032647357295,OK,1991,2020,30,CHIRPS_v2,UCSB-CHG/CHIRPS/DAILY,1991-2020,IBGE_2024
2301307,Araripe,CE,1097.345,1,jan,115.4141434491131,OK,1991,2020,30,CHIRPS_v2,UCSB-CHG/CHIRPS/DAILY,1991-2020,IBGE_2024
2300606,Altaneira,CE,72.675,1,jan,130.8208945521686,OK,1991,2020,30,CHIRPS_v2,UCSB-CHG/CHIRPS/DAILY,1991-2020,IBGE_2024
2300804,Antonina do Norte,CE,259.706,1,jan,102.55587393459531,OK,1991,2020,30,CHIRPS_v2,UCSB-CHG/CHIRPS/DAILY,1991-2020,IBGE_2024
2308401,Missão Velha,CE,613.317,1,jan,152.97460171683068,OK,1991,2020,30,CHIRPS_v2,UCSB-CHG/CHIRPS/DAILY,1991-2020,IBGE_2024
2300408,Aiuaba,CE,2438.563,1,jan,95.0049288847775,OK,1991,2020,30,CHIRPS_v2,UCSB-CHG/CHIRPS/DAILY,1991-2020,IBGE_2024
2308104,Mauriti,CE,1079.01,1,jan,135.766709360105,OK,1991,2020,30,CHIRPS_v2,UCSB-CHG/CHIRPS/DAILY,1991-2020,IBGE_2024
2307205,Jati,CE,368.357,1,jan,116.98597637232726,OK,1991,2020,30,CHIRPS_v2,UCSB-CHG/CHIRPS/DAILY,1991-2020,IBGE_2024
2311108,Porteiras,CE,224.86,1,jan,129.64383448393252,OK,1991,2020,30,CHIRPS_v2,UCSB-CHG/CHIRPS/DAILY,1991-2020,IBGE_2024
2310605,Penaforte,CE,150.536,1,jan,110.23712035903576,OK,1991,2020,30,CHIRPS_v2,UCSB-CHG/CHIRPS/DAILY,1991-2020,IBGE_2024
2302503,Brejo Santo,CE,654.658,1,jan,134.4333354009559,OK,1991,2020,30,CHIRPS_v2,UCSB-CHG/CHIRPS/DAILY,1991-2020,IBGE_2024
2302008,Barro,CE,711.346,1,jan,134.87957089792198,OK,1991,2020,30,CHIRPS_v2,UCSB-CHG/CHIRPS/DAILY,1991-2020,IBGE_2024
2308302,Milagres,CE,579.097,1,jan,148.36034053528633,OK,1991,2020,30,CHIRPS_v2,UCSB-CHG/CHIRPS/DAILY,1991-2020,IBGE_2024
2300101,Abaiara,CE,180.833,1,jan,151.45187271020558,OK,1991,2020,30,CHIRPS_v2,UCSB-CHG/CHIRPS/DAILY,1991-2020,IBGE_2024
2305654,Ipaporanga,CE,704.773,1,jan,111.29297995273471,OK,1991,2020,30,CHIRPS_v2,UCSB-CHG/CHIRPS/DAILY,1991-2020,IBGE_2024
2305605,Independência,CE,3237.132,1,jan,80.09620956834456,OK,1991,2020,30,CHIRPS_v2,UCSB-CHG/CHIRPS/DAILY,1991-2020,IBGE_2024
2313203,Tamboril,CE,2011.781,1,jan,85.12906786343645,OK,1991,2020,30,CHIRPS_v2,UCSB-CHG/CHIRPS/DAILY,1991-2020,IBGE_2024
2304103,Crateús,CE,2981.462,1,jan,107.48218051974463,OK,1991,2020,30,CHIRPS_v2,UCSB-CHG/CHIRPS/DAILY,1991-2020,IBGE_2024
2311264,Quiterianópolis,CE,1022.896,1,jan,103.7317104686612,OK,1991,2020,30,CHIRPS_v2,UCSB-CHG/CHIRPS/DAILY,1991-2020,IBGE_2024
2311009,Poranga,CE,1310.768,1,jan,126.8829078491324,OK,1991,2020,30,CHIRPS_v2,UCSB-CHG/CHIRPS/DAILY,1991-2020,IBGE_2024
2309409,Novo Oriente,CE,954.384,1,jan,103.406811076837,OK,1991,2020,30,CHIRPS_v2,UCSB-CHG/CHIRPS/DAILY,1991-2020,IBGE_2024
2309300,Nova Russas,CE,736.911,1,jan,105.17995071635552,OK,1991,2020,30,CHIRPS_v2,UCSB-CHG/CHIRPS/DAILY,1991-2020,IBGE_2024
2301257,Ararendá,CE,342.302,1,jan,113.68589263799679,OK,1991,2020,30,CHIRPS_v2,UCSB-CHG/CHIRPS/DAILY,1991-2020,IBGE_2024
2308609,Monsenhor Tabosa,CE,892.538,1,jan,72.1003013259359,OK,1991,2020,30,CHIRPS_v2,UCSB-CHG/CHIRPS/DAILY,1991-2020,IBGE_2024
2313302,Tauá,CE,4010.609,1,jan,81.37362091179533,OK,1991,2020,30,CHIRPS_v2,UCSB-CHG/CHIRPS/DAILY,1991-2020,IBGE_2024
2310308,Parambu,CE,2313.868,1,jan,113.83906792302098,OK,1991,2020,30,CHIRPS_v2,UCSB-CHG/CHIRPS/DAILY,1991-2020,IBGE_2024
2301505,Arneiroz,CE,1068.447,1,jan,87.29895285101044,OK,1991,2020,30,CHIRPS_v2,UCSB-CHG/CHIRPS/DAILY,1991-2020,IBGE_2024
2312908,Sobral,CE,2068.474,1,jan,94.49964268634359,OK,1991,2020,30,CHIRPS_v2,UCSB-CHG/CHIRPS/DAILY,1991-2020,IBGE_2024
2304350,Forquilha,CE,568.778,1,jan,95.21761364047904,OK,1991,2020,30,CHIRPS_v2,UCSB-CHG/CHIRPS/DAILY,1991-2020,IBGE_2024
2307908,Martinópole,CE,303.445,1,jan,124.95695452823952,OK,1991,2020,30,CHIRPS_v2,UCSB-CHG/CHIRPS/DAILY,1991-2020,IBGE_2024
2308005,Massapê,CE,567.78,1,jan,139.55056377443256,OK,1991,2020,30,CHIRPS_v2,UCSB-CHG/CHIRPS/DAILY,1991-2020,IBGE_2024
2313955,Varjota,CE,179.239,1,jan,111.16885164521989,OK,1991,2020,30,CHIRPS_v2,UCSB-CHG/CHIRPS/DAILY,1991-2020,IBGE_2024
2313906,Uruoca,CE,697.683,1,jan,136.39393323135138,OK,1991,2020,30,CHIRPS_v2,UCSB-CHG/CHIRPS/DAILY,1991-2020,IBGE_2024
2305209,Hidrolândia,CE,926.592,1,jan,110.89027350600581,OK,1991,2020,30,CHIRPS_v2,UCSB-CHG/CHIRPS/DAILY,1991-2020,IBGE_2024
2312809,Senador Sá,CE,424.642,1,jan,127.23438490619213,OK,1991,2020,30,CHIRPS_v2,UCSB-CHG/CHIRPS/DAILY,1991-2020,IBGE_2024
2304657,Graça,CE,258.943,1,jan,180.477493658447,OK,1991,2020,30,CHIRPS_v2,UCSB-CHG/CHIRPS/DAILY,1991-2020,IBGE_2024
2304905,Groaíras,CE,155.68,1,jan,108.4075896333371,OK,1991,2020,30,CHIRPS_v2,UCSB-CHG/CHIRPS/DAILY,1991-2020,IBGE_2024
2304509,Frecheirinha,CE,210.284,1,jan,152.3989424585999,OK,1991,2020,30,CHIRPS_v2,UCSB-CHG/CHIRPS/DAILY,1991-2020,IBGE_2024
2303659,Catunda,CE,784.022,1,jan,92.01239537220675,OK,1991,2020,30,CHIRPS_v2,UCSB-CHG/CHIRPS/DAILY,1991-2020,IBGE_2024
2304004,Coreaú,CE,750.333,1,jan,134.19714852666243,OK,1991,2020,30,CHIRPS_v2,UCSB-CHG/CHIRPS/DAILY,1991-2020,IBGE_2024
2312205,Santa Quitéria,CE,4262.293,1,jan,89.38009383078453,OK,1991,2020,30,CHIRPS_v2,UCSB-CHG/CHIRPS/DAILY,1991-2020,IBGE_2024
2312007,Santana do Acaraú,CE,972.551,1,jan,103.09083295744546,OK,1991,2020,30,CHIRPS_v2,UCSB-CHG/CHIRPS/DAILY,1991-2020,IBGE_2024
2303105,Cariré,CE,755.597,1,jan,118.59766020049564,OK,1991,2020,30,CHIRPS_v2,UCSB-CHG/CHIRPS/DAILY,1991-2020,IBGE_2024
2311702,Reriutaba,CE,372.949,1,jan,143.00080766506522,OK,1991,2020,30,CHIRPS_v2,UCSB-CHG/CHIRPS/DAILY,1991-2020,IBGE_2024
2309904,Pacujá,CE,88.355,1,jan,166.20376893503817,OK,1991,2020,30,CHIRPS_v2,UCSB-CHG/CHIRPS/DAILY,1991-2020,IBGE_2024
2308807,Moraújo,CE,414.445,1,jan,130.52535225186432,OK,1991,2020,30,CHIRPS_v2,UCSB-CHG/CHIRPS/DAILY,1991-2020,IBGE_2024
2308906,Morrinhos,CE,411.608,1,jan,101.44366875603414,OK,1991,2020,30,CHIRPS_v2,UCSB-CHG/CHIRPS/DAILY,1991-2020,IBGE_2024
2300507,Alcântaras,CE,135.76,1,jan,118.34626358247435,OK,1991,2020,30,CHIRPS_v2,UCSB-CHG/CHIRPS/DAILY,1991-2020,IBGE_2024
2309003,Mucambo,CE,192.19,1,jan,166.79080099363995,OK,1991,2020,30,CHIRPS_v2,UCSB-CHG/CHIRPS/DAILY,1991-2020,IBGE_2024
2308203,Meruoca,CE,151.651,1,jan,131.42480978574082,OK,1991,2020,30,CHIRPS_v2,UCSB-CHG/CHIRPS/DAILY,1991-2020,IBGE_2024
2305803,Ipu,CE,626.049,1,jan,124.34901017507096,OK,1991,2020,30,CHIRPS_v2,UCSB-CHG/CHIRPS/DAILY,1991-2020,IBGE_2024
2314102,Viçosa do Ceará,CE,1310.91,1,jan,167.71970393399735,OK,1991,2020,30,CHIRPS_v2,UCSB-CHG/CHIRPS/DAILY,1991-2020,IBGE_2024
2305902,Ipueiras,CE,1483.262,1,jan,114.60630546845141,OK,1991,2020,30,CHIRPS_v2,UCSB-CHG/CHIRPS/DAILY,1991-2020,IBGE_2024
2305308,Ibiapina,CE,414.092,1,jan,156.1600869019038,OK,1991,2020,30,CHIRPS_v2,UCSB-CHG/CHIRPS/DAILY,1991-2020,IBGE_2024
2313401,Tianguá,CE,909.853,1,jan,156.69346236749294,OK,1991,2020,30,CHIRPS_v2,UCSB-CHG/CHIRPS/DAILY,1991-2020,IBGE_2024
2313609,Ubajara,CE,423.673,1,jan,158.683203524223,OK,1991,2020,30,CHIRPS_v2,UCSB-CHG/CHIRPS/DAILY,1991-2020,IBGE_2024
2305001,Guaraciaba do Norte,CE,624.61,1,jan,131.0571786399885,OK,1991,2020,30,CHIRPS_v2,UCSB-CHG/CHIRPS/DAILY,1991-2020,IBGE_2024
2304236,Croatá,CE,696.351,1,jan,118.4454659828193,OK,1991,2020,30,CHIRPS_v2,UCSB-CHG/CHIRPS/DAILY,1991-2020,IBGE_2024
2312304,São Benedito,CE,350.847,1,jan,153.59961096617343,OK,1991,2020,30,CHIRPS_v2,UCSB-CHG/CHIRPS/DAILY,1991-2020,IBGE_2024
2303402,Carnaubal,CE,363.212,1,jan,137.92376116098265,OK,1991,2020,30,CHIRPS_v2,UCSB-CHG/CHIRPS/DAILY,1991-2020,IBGE_2024
2310951,Pires Ferreira,CE,244.464,1,jan,124.15423288226162,OK,1991,2020,30,CHIRPS_v2,UCSB-CHG/CHIRPS/DAILY,1991-2020,IBGE_2024
2307809,Marco,CE,573.611,1,jan,103.83742198938863,OK,1991,2020,30,CHIRPS_v2,UCSB-CHG/CHIRPS/DAILY,1991-2020,IBGE_2024
2307254,Jijoca de Jericoacoara,CE,209.029,1,jan,92.10289425803062,OK,1991,2020,30,CHIRPS_v2,UCSB-CHG/CHIRPS/DAILY,1991-2020,IBGE_2024
2306553,Itarema,CE,714.833,1,jan,96.06362934922166,OK,1991,2020,30,CHIRPS_v2,UCSB-CHG/CHIRPS/DAILY,1991-2020,IBGE_2024
2304251,Cruz,CE,335.921,1,jan,93.53694387313274,OK,1991,2020,30,CHIRPS_v2,UCSB-CHG/CHIRPS/DAILY,1991-2020,IBGE_2024
2302305,Bela Cruz,CE,842.106,1,jan,97.07674564255731,OK,1991,2020,30,CHIRPS_v2,UCSB-CHG/CHIRPS/DAILY,1991-2020,IBGE_2024
2300200,Acaraú,CE,842.469,1,jan,100.53309593388309,OK,1991,2020,30,CHIRPS_v2,UCSB-CHG/CHIRPS/DAILY,1991-2020,IBGE_2024
2304707,Granja,CE,2663.178,1,jan,151.32001780435755,OK,1991,2020,30,CHIRPS_v2,UCSB-CHG/CHIRPS/DAILY,1991-2020,IBGE_2024
2303907,Chaval,CE,237.239,1,jan,143.5276997086142,OK,1991,2020,30,CHIRPS_v2,UCSB-CHG/CHIRPS/DAILY,1991-2020,IBGE_2024
2302602,Camocim,CE,1120.449,1,jan,118.96809632922275,OK,1991,2020,30,CHIRPS_v2,UCSB-CHG/CHIRPS/DAILY,1991-2020,IBGE_2024
2302057,Barroquinha,CE,385.59,1,jan,133.56862660521392,OK,1991,2020,30,CHIRPS_v2,UCSB-CHG/CHIRPS/DAILY,1991-2020,IBGE_2024
2403608,Extremoz,RN,140.639,1,jan,72.8253004621091,OK,1991,2020,30,CHIRPS_v2,UCSB-CHG/CHIRPS/DAILY,1991-2020,IBGE_2024
2412005,São Gonçalo do Amarante,RN,249.8,1,jan,63.833342724839845,OK,1991,2020,30,CHIRPS_v2,UCSB-CHG/CHIRPS/DAILY,1991-2020,IBGE_2024
2403251,Parnamirim,RN,124.006,1,jan,63.53860854307232,OK,1991,2020,30,CHIRPS_v2,UCSB-CHG/CHIRPS/DAILY,1991-2020,IBGE_2024
2408102,Natal,RN,167.401,1,jan,67.05495719114367,OK,1991,2020,30,CHIRPS_v2,UCSB-CHG/CHIRPS/DAILY,1991-2020,IBGE_2024
2407104,Macaíba,RN,510.092,1,jan,56.132271939138064,OK,1991,2020,30,CHIRPS_v2,UCSB-CHG/CHIRPS/DAILY,1991-2020,IBGE_2024
2413904,Taipu,RN,352.818,1,jan,56.18840722160145,OK,1991,2020,30,CHIRPS_v2,UCSB-CHG/CHIRPS/DAILY,1991-2020,IBGE_2024
2413201,Senador Georgino Avelino,RN,26.1,1,jan,70.9034791814211,OK,1991,2020,30,CHIRPS_v2,UCSB-CHG/CHIRPS/DAILY,1991-2020,IBGE_2024
2404606,Ielmo Marinho,RN,312.028,1,jan,52.75086716756001,OK,1991,2020,30,CHIRPS_v2,UCSB-CHG/CHIRPS/DAILY,1991-2020,IBGE_2024
2412203,São José de Mipibu,RN,289.987,1,jan,61.98490320187988,OK,1991,2020,30,CHIRPS_v2,UCSB-CHG/CHIRPS/DAILY,1991-2020,IBGE_2024
2412559,São Miguel do Gostoso,RN,431.445,1,jan,50.69797946151707,OK,1991,2020,30,CHIRPS_v2,UCSB-CHG/CHIRPS/DAILY,1991-2020,IBGE_2024
2402600,Ceará-Mirim,RN,724.838,1,jan,63.9021502452139,OK,1991,2020,30,CHIRPS_v2,UCSB-CHG/CHIRPS/DAILY,1991-2020,IBGE_2024
2410108,Poço Branco,RN,230.401,1,jan,52.578417012932135,OK,1991,2020,30,CHIRPS_v2,UCSB-CHG/CHIRPS/DAILY,1991-2020,IBGE_2024
2410405,Pureza,RN,504.294,1,jan,55.706212276628534,OK,1991,2020,30,CHIRPS_v2,UCSB-CHG/CHIRPS/DAILY,1991-2020,IBGE_2024
2401602,Bento Fernandes,RN,301.069,1,jan,50.506076845327776,OK,1991,2020,30,CHIRPS_v2,UCSB-CHG/CHIRPS/DAILY,1991-2020,IBGE_2024
2401800,Brejinho,RN,61.559,1,jan,43.11087653134224,OK,1991,2020,30,CHIRPS_v2,UCSB-CHG/CHIRPS/DAILY,1991-2020,IBGE_2024
2401701,Bom Jesus,RN,122.035,1,jan,42.71845346820454,OK,1991,2020,30,CHIRPS_v2,UCSB-CHG/CHIRPS/DAILY,1991-2020,IBGE_2024
2408953,Rio do Fogo,RN,151.097,1,jan,60.209494595334064,OK,1991,2020,30,CHIRPS_v2,UCSB-CHG/CHIRPS/DAILY,1991-2020,IBGE_2024
2408201,Nísia Floresta,RN,307.719,1,jan,72.41412298835226,OK,1991,2020,30,CHIRPS_v2,UCSB-CHG/CHIRPS/DAILY,1991-2020,IBGE_2024
2407500,Maxaranguape,RN,132.129,1,jan,64.38315244373848,OK,1991,2020,30,CHIRPS_v2,UCSB-CHG/CHIRPS/DAILY,1991-2020,IBGE_2024
2407807,Monte Alegre,RN,211.259,1,jan,51.28877780035547,OK,1991,2020,30,CHIRPS_v2,UCSB-CHG/CHIRPS/DAILY,1991-2020,IBGE_2024
2414803,Vera Cruz,RN,84.127,1,jan,52.071565859955136,OK,1991,2020,30,CHIRPS_v2,UCSB-CHG/CHIRPS/DAILY,1991-2020,IBGE_2024
2406601,Lagoa Salgada,RN,79.128,1,jan,43.69256603540679,OK,1991,2020,30,CHIRPS_v2,UCSB-CHG/CHIRPS/DAILY,1991-2020,IBGE_2024
2406155,Jundiá,RN,44.641,1,jan,51.52651288437908,OK,1991,2020,30,CHIRPS_v2,UCSB-CHG/CHIRPS/DAILY,1991-2020,IBGE_2024
2414407,Touros,RN,753.961,1,jan,55.314565077346195,OK,1991,2020,30,CHIRPS_v2,UCSB-CHG/CHIRPS/DAILY,1991-2020,IBGE_2024
2413300,Serra de São Bento,RN,96.585,1,jan,48.401879202469466,OK,1991,2020,30,CHIRPS_v2,UCSB-CHG/CHIRPS/DAILY,1991-2020,IBGE_2024
2413508,Serrinha,RN,193.351,1,jan,40.58938141449957,OK,1991,2020,30,CHIRPS_v2,UCSB-CHG/CHIRPS/DAILY,1991-2020,IBGE_2024
2405306,Januário Cicco,RN,167.042,1,jan,41.11207896742993,OK,1991,2020,30,CHIRPS_v2,UCSB-CHG/CHIRPS/DAILY,1991-2020,IBGE_2024
2412302,São José do Campestre,RN,341.115,1,jan,42.467701286472646,OK,1991,2020,30,CHIRPS_v2,UCSB-CHG/CHIRPS/DAILY,1991-2020,IBGE_2024
2411502,Santo Antônio,RN,301.082,1,jan,44.11986365328205,OK,1991,2020,30,CHIRPS_v2,UCSB-CHG/CHIRPS/DAILY,1991-2020,IBGE_2024
2410306,Serra Caiada,RN,230.036,1,jan,41.55733501736304,OK,1991,2020,30,CHIRPS_v2,UCSB-CHG/CHIRPS/DAILY,1991-2020,IBGE_2024
2409209,Passagem,RN,41.215,1,jan,40.18911505176253,OK,1991,2020,30,CHIRPS_v2,UCSB-CHG/CHIRPS/DAILY,1991-2020,IBGE_2024
2409100,Passa e Fica,RN,44.105,1,jan,50.404351954301305,OK,1991,2020,30,CHIRPS_v2,UCSB-CHG/CHIRPS/DAILY,1991-2020,IBGE_2024
2408300,Nova Cruz,RN,277.319,1,jan,51.41540069594633,OK,1991,2020,30,CHIRPS_v2,UCSB-CHG/CHIRPS/DAILY,1991-2020,IBGE_2024
2407906,Monte das Gameleiras,RN,71.946,1,jan,45.277874535110996,OK,1991,2020,30,CHIRPS_v2,UCSB-CHG/CHIRPS/DAILY,1991-2020,IBGE_2024
2414704,Várzea,RN,72.684,1,jan,46.19337436778931,OK,1991,2020,30,CHIRPS_v2,UCSB-CHG/CHIRPS/DAILY,1991-2020,IBGE_2024
2406205,Lagoa d'Anta,RN,104.065,1,jan,49.07063392650176,OK,1991,2020,30,CHIRPS_v2,UCSB-CHG/CHIRPS/DAILY,1991-2020,IBGE_2024
2406304,Lagoa de Pedras,RN,117.971,1,jan,40.986201993656636,OK,1991,2020,30,CHIRPS_v2,UCSB-CHG/CHIRPS/DAILY,1991-2020,IBGE_2024
2404200,Goianinha,RN,192.279,1,jan,61.73509511485374,OK,1991,2020,30,CHIRPS_v2,UCSB-CHG/CHIRPS/DAILY,1991-2020,IBGE_2024
2403509,Espírito Santo,RN,135.837,1,jan,53.921908859001846,OK,1991,2020,30,CHIRPS_v2,UCSB-CHG/CHIRPS/DAILY,1991-2020,IBGE_2024
2402204,Canguaretama,RN,245.485,1,jan,65.30652330062776,OK,1991,2020,30,CHIRPS_v2,UCSB-CHG/CHIRPS/DAILY,1991-2020,IBGE_2024
2401404,Baía Formosa,RN,247.484,1,jan,67.60291857586742,OK,1991,2020,30,CHIRPS_v2,UCSB-CHG/CHIRPS/DAILY,1991-2020,IBGE_2024
2409803,Pedro Velho,RN,192.708,1,jan,61.84825526824367,OK,1991,2020,30,CHIRPS_v2,UCSB-CHG/CHIRPS/DAILY,1991-2020,IBGE_2024
2401206,Arez,RN,115.407,1,jan,65.28705753956078,OK,1991,2020,30,CHIRPS_v2,UCSB-CHG/CHIRPS/DAILY,1991-2020,IBGE_2024
2407708,Montanhas,RN,82.214,1,jan,59.938193980092244,OK,1991,2020,30,CHIRPS_v2,UCSB-CHG/CHIRPS/DAILY,1991-2020,IBGE_2024
2415008,Vila Flor,RN,47.656,1,jan,70.1180105947969,OK,1991,2020,30,CHIRPS_v2,UCSB-CHG/CHIRPS/DAILY,1991-2020,IBGE_2024
2414209,Tibau do Sul,RN,102.68,1,jan,69.11851023417825,OK,1991,2020,30,CHIRPS_v2,UCSB-CHG/CHIRPS/DAILY,1991-2020,IBGE_2024
2414001,Tangará,RN,339.484,1,jan,43.538335593631174,OK,1991,2020,30,CHIRPS_v2,UCSB-CHG/CHIRPS/DAILY,1991-2020,IBGE_2024
2405009,Jaçanã,RN,54.56,1,jan,48.58039209443748,OK,1991,2020,30,CHIRPS_v2,UCSB-CHG/CHIRPS/DAILY,1991-2020,IBGE_2024
2405405,Japi,RN,188.99,1,jan,45.80753282588652,OK,1991,2020,30,CHIRPS_v2,UCSB-CHG/CHIRPS/DAILY,1991-2020,IBGE_2024
2411700,São Bento do Trairí,RN,190.818,1,jan,52.45211940323229,OK,1991,2020,30,CHIRPS_v2,UCSB-CHG/CHIRPS/DAILY,1991-2020,IBGE_2024
2411205,Santa Cruz,RN,624.356,1,jan,48.81224124067664,OK,1991,2020,30,CHIRPS_v2,UCSB-CHG/CHIRPS/DAILY,1991-2020,IBGE_2024
2402808,Coronel Ezequiel,RN,185.748,1,jan,49.59661825105132,OK,1991,2020,30,CHIRPS_v2,UCSB-CHG/CHIRPS/DAILY,1991-2020,IBGE_2024
2402105,Campo Redondo,RN,213.727,1,jan,46.51835755394158,OK,1991,2020,30,CHIRPS_v2,UCSB-CHG/CHIRPS/DAILY,1991-2020,IBGE_2024
2406809,Lajes Pintadas,RN,130.211,1,jan,46.36224677313156,OK,1991,2020,30,CHIRPS_v2,UCSB-CHG/CHIRPS/DAILY,1991-2020,IBGE_2024
2413706,Sítio Novo,RN,213.456,1,jan,48.26183720702771,OK,1991,2020,30,CHIRPS_v2,UCSB-CHG/CHIRPS/DAILY,1991-2020,IBGE_2024
2405801,João Câmara,RN,714.971,1,jan,49.86803840090127,OK,1991,2020,30,CHIRPS_v2,UCSB-CHG/CHIRPS/DAILY,1991-2020,IBGE_2024
2405108,Jandaíra,RN,442.754,1,jan,49.729874678756175,OK,1991,2020,30,CHIRPS_v2,UCSB-CHG/CHIRPS/DAILY,1991-2020,IBGE_2024
2404101,Galinhos,RN,340.769,1,jan,52.474913547985025,OK,1991,2020,30,CHIRPS_v2,UCSB-CHG/CHIRPS/DAILY,1991-2020,IBGE_2024
2411601,São Bento do Norte,RN,288.761,1,jan,49.39401189515008,OK,1991,2020,30,CHIRPS_v2,UCSB-CHG/CHIRPS/DAILY,1991-2020,IBGE_2024
2409704,Pedro Avelino,RN,952.754,1,jan,50.28884725051362,OK,1991,2020,30,CHIRPS_v2,UCSB-CHG/CHIRPS/DAILY,1991-2020,IBGE_2024
2409605,Pedra Preta,RN,294.985,1,jan,45.81286105926543,OK,1991,2020,30,CHIRPS_v2,UCSB-CHG/CHIRPS/DAILY,1991-2020,IBGE_2024
2401859,Caiçara do Norte,RN,225.633,1,jan,51.13963820685494,OK,1991,2020,30,CHIRPS_v2,UCSB-CHG/CHIRPS/DAILY,1991-2020,IBGE_2024
2409506,Pedra Grande,RN,221.167,1,jan,47.934181596743805,OK,1991,2020,30,CHIRPS_v2,UCSB-CHG/CHIRPS/DAILY,1991-2020,IBGE_2024
2408805,Parazinho,RN,231.007,1,jan,48.025782804201235,OK,1991,2020,30,CHIRPS_v2,UCSB-CHG/CHIRPS/DAILY,1991-2020,IBGE_2024
2405504,Jardim de Angicos,RN,254.012,1,jan,46.12303115979494,OK,1991,2020,30,CHIRPS_v2,UCSB-CHG/CHIRPS/DAILY,1991-2020,IBGE_2024
2412708,São Pedro,RN,195.237,1,jan,46.51955520498296,OK,1991,2020,30,CHIRPS_v2,UCSB-CHG/CHIRPS/DAILY,1991-2020,IBGE_2024
2413102,Senador Elói de Souza,RN,143.574,1,jan,39.73577956007626,OK,1991,2020,30,CHIRPS_v2,UCSB-CHG/CHIRPS/DAILY,1991-2020,IBGE_2024
2412906,São Tomé,RN,862.585,1,jan,47.89956347775189,OK,1991,2020,30,CHIRPS_v2,UCSB-CHG/CHIRPS/DAILY,1991-2020,IBGE_2024
2412609,São Paulo do Potengi,RN,240.425,1,jan,45.343903467044754,OK,1991,2020,30,CHIRPS_v2,UCSB-CHG/CHIRPS/DAILY,1991-2020,IBGE_2024
2411106,Ruy Barbosa,RN,125.816,1,jan,44.74822576256744,OK,1991,2020,30,CHIRPS_v2,UCSB-CHG/CHIRPS/DAILY,1991-2020,IBGE_2024
2410900,Riachuelo,RN,262.88,1,jan,48.144833284026966,OK,1991,2020,30,CHIRPS_v2,UCSB-CHG/CHIRPS/DAILY,1991-2020,IBGE_2024
2401909,Caiçara do Rio do Vento,RN,261.194,1,jan,51.24176983449742,OK,1991,2020,30,CHIRPS_v2,UCSB-CHG/CHIRPS/DAILY,1991-2020,IBGE_2024
2401503,Barcelona,RN,152.626,1,jan,45.355770135792056,OK,1991,2020,30,CHIRPS_v2,UCSB-CHG/CHIRPS/DAILY,1991-2020,IBGE_2024
2409332,Santa Maria,RN,219.57,1,jan,46.60406213665548,OK,1991,2020,30,CHIRPS_v2,UCSB-CHG/CHIRPS/DAILY,1991-2020,IBGE_2024
2406403,Lagoa de Velhos,RN,111.607,1,jan,48.55708557991204,OK,1991,2020,30,CHIRPS_v2,UCSB-CHG/CHIRPS/DAILY,1991-2020,IBGE_2024
2413409,Serra Negra do Norte,RN,562.396,1,jan,86.50022953477475,OK,1991,2020,30,CHIRPS_v2,UCSB-CHG/CHIRPS/DAILY,1991-2020,IBGE_2024
2404804,Ipueira,RN,127.348,1,jan,75.83816053815424,OK,1991,2020,30,CHIRPS_v2,UCSB-CHG/CHIRPS/DAILY,1991-2020,IBGE_2024
2412104,São João do Sabugi,RN,277.011,1,jan,75.55436704974137,OK,1991,2020,30,CHIRPS_v2,UCSB-CHG/CHIRPS/DAILY,1991-2020,IBGE_2024
2412401,São José do Seridó,RN,174.505,1,jan,66.40967547216559,OK,1991,2020,30,CHIRPS_v2,UCSB-CHG/CHIRPS/DAILY,1991-2020,IBGE_2024
2411809,São Fernando,RN,404.427,1,jan,71.43909705774296,OK,1991,2020,30,CHIRPS_v2,UCSB-CHG/CHIRPS/DAILY,1991-2020,IBGE_2024
2403400,Equador,RN,264.985,1,jan,52.82838763729862,OK,1991,2020,30,CHIRPS_v2,UCSB-CHG/CHIRPS/DAILY,1991-2020,IBGE_2024
2403004,Cruzeta,RN,295.83,1,jan,66.78446999974588,OK,1991,2020,30,CHIRPS_v2,UCSB-CHG/CHIRPS/DAILY,1991-2020,IBGE_2024
2411429,Santana do Seridó,RN,188.403,1,jan,54.313537145112726,OK,1991,2020,30,CHIRPS_v2,UCSB-CHG/CHIRPS/DAILY,1991-2020,IBGE_2024
2402006,Caicó,RN,1228.583,1,jan,70.40575322725628,OK,1991,2020,30,CHIRPS_v2,UCSB-CHG/CHIRPS/DAILY,1991-2020,IBGE_2024
2408904,Parelhas,RN,513.507,1,jan,54.579091551240815,OK,1991,2020,30,CHIRPS_v2,UCSB-CHG/CHIRPS/DAILY,1991-2020,IBGE_2024
2408508,Ouro Branco,RN,253.21,1,jan,64.67603099806708,OK,1991,2020,30,CHIRPS_v2,UCSB-CHG/CHIRPS/DAILY,1991-2020,IBGE_2024
2414308,Timbaúba dos Batistas,RN,135.456,1,jan,77.5631568622205,OK,1991,2020,30,CHIRPS_v2,UCSB-CHG/CHIRPS/DAILY,1991-2020,IBGE_2024
2406106,Jucurutu,RN,933.73,1,jan,75.83131689671326,OK,1991,2020,30,CHIRPS_v2,UCSB-CHG/CHIRPS/DAILY,1991-2020,IBGE_2024
2405603,Jardim de Piranhas,RN,330.53,1,jan,74.651033486313,OK,1991,2020,30,CHIRPS_v2,UCSB-CHG/CHIRPS/DAILY,1991-2020,IBGE_2024
2405702,Jardim do Seridó,RN,367.645,1,jan,62.180066394776965,OK,1991,2020,30,CHIRPS_v2,UCSB-CHG/CHIRPS/DAILY,1991-2020,IBGE_2024
2413003,São Vicente,RN,197.817,1,jan,59.40547215330823,OK,1991,2020,30,CHIRPS_v2,UCSB-CHG/CHIRPS/DAILY,1991-2020,IBGE_2024
2403806,Florânia,RN,507.892,1,jan,69.06305392815266,OK,1991,2020,30,CHIRPS_v2,UCSB-CHG/CHIRPS/DAILY,1991-2020,IBGE_2024
2403103,Currais Novos,RN,864.349,1,jan,49.48452241851562,OK,1991,2020,30,CHIRPS_v2,UCSB-CHG/CHIRPS/DAILY,1991-2020,IBGE_2024
2402402,Carnaúba dos Dantas,RN,246.308,1,jan,53.50363246157397,OK,1991,2020,30,CHIRPS_v2,UCSB-CHG/CHIRPS/DAILY,1991-2020,IBGE_2024
2402709,Cerro Corá,RN,393.573,1,jan,56.99221518717635,OK,1991,2020,30,CHIRPS_v2,UCSB-CHG/CHIRPS/DAILY,1991-2020,IBGE_2024
2401651,Bodó,RN,253.519,1,jan,59.618777339840136,OK,1991,2020,30,CHIRPS_v2,UCSB-CHG/CHIRPS/DAILY,1991-2020,IBGE_2024
2400109,Acari,RN,608.466,1,jan,59.17864906906987,OK,1991,2020,30,CHIRPS_v2,UCSB-CHG/CHIRPS/DAILY,1991-2020,IBGE_2024
2406502,Lagoa Nova,RN,176.302,1,jan,56.95026579758772,OK,1991,2020,30,CHIRPS_v2,UCSB-CHG/CHIRPS/DAILY,1991-2020,IBGE_2024
2414159,Tenente Laurentino Cruz,RN,68.556,1,jan,63.375543230824654,OK,1991,2020,30,CHIRPS_v2,UCSB-CHG/CHIRPS/DAILY,1991-2020,IBGE_2024
2408003,Mossoró,RN,2099.334,1,jan,71.54345494870978,OK,1991,2020,30,CHIRPS_v2,UCSB-CHG/CHIRPS/DAILY,1991-2020,IBGE_2024
2413359,Serra do Mel,RN,620.241,1,jan,65.95308803790961,OK,1991,2020,30,CHIRPS_v2,UCSB-CHG/CHIRPS/DAILY,1991-2020,IBGE_2024
2413607,Severiano Melo,RN,157.85,1,jan,76.66017231766902,OK,1991,2020,30,CHIRPS_v2,UCSB-CHG/CHIRPS/DAILY,1991-2020,IBGE_2024
2405207,Janduís,RN,303.448,1,jan,77.99555328786728,OK,1991,2020,30,CHIRPS_v2,UCSB-CHG/CHIRPS/DAILY,1991-2020,IBGE_2024
2404903,Itaú,RN,133.031,1,jan,80.85558619975647,OK,1991,2020,30,CHIRPS_v2,UCSB-CHG/CHIRPS/DAILY,1991-2020,IBGE_2024
2404309,Governador Dix-Sept Rosado,RN,1109.36,1,jan,73.45363255759283,OK,1991,2020,30,CHIRPS_v2,UCSB-CHG/CHIRPS/DAILY,1991-2020,IBGE_2024
2404408,Grossos,RN,124.538,1,jan,66.1422508933829,OK,1991,2020,30,CHIRPS_v2,UCSB-CHG/CHIRPS/DAILY,1991-2020,IBGE_2024
2403707,Felipe Guerra,RN,292.177,1,jan,60.65465365179498,OK,1991,2020,30,CHIRPS_v2,UCSB-CHG/CHIRPS/DAILY,1991-2020,IBGE_2024
2411007,Rodolfo Fernandes,RN,154.84,1,jan,89.35371567269823,OK,1991,2020,30,CHIRPS_v2,UCSB-CHG/CHIRPS/DAILY,1991-2020,IBGE_2024
2411056,Tibau,RN,169.366,1,jan,72.37482216263268,OK,1991,2020,30,CHIRPS_v2,UCSB-CHG/CHIRPS/DAILY,1991-2020,IBGE_2024
2402303,Caraúbas,RN,1094.488,1,jan,75.68349874849797,OK,1991,2020,30,CHIRPS_v2,UCSB-CHG/CHIRPS/DAILY,1991-2020,IBGE_2024
2401453,Baraúna,RN,825.681,1,jan,78.63053837078135,OK,1991,2020,30,CHIRPS_v2,UCSB-CHG/CHIRPS/DAILY,1991-2020,IBGE_2024
2401008,Apodi,RN,1569.146,1,jan,78.13267361030123,OK,1991,2020,30,CHIRPS_v2,UCSB-CHG/CHIRPS/DAILY,1991-2020,IBGE_2024
2401305,Campo Grande,RN,890.89,1,jan,78.11750363860017,OK,1991,2020,30,CHIRPS_v2,UCSB-CHG/CHIRPS/DAILY,1991-2020,IBGE_2024
2401107,Areia Branca,RN,342.749,1,jan,62.848247135473436,OK,1991,2020,30,CHIRPS_v2,UCSB-CHG/CHIRPS/DAILY,1991-2020,IBGE_2024
2407609,Messias Targino,RN,142.607,1,jan,78.87026004704714,OK,1991,2020,30,CHIRPS_v2,UCSB-CHG/CHIRPS/DAILY,1991-2020,IBGE_2024
2414605,Upanema,RN,873.14,1,jan,72.95992698160015,OK,1991,2020,30,CHIRPS_v2,UCSB-CHG/CHIRPS/DAILY,1991-2020,IBGE_2024
2414100,Tenente Ananias,RN,223.671,1,jan,113.73929941310814,OK,1991,2020,30,CHIRPS_v2,UCSB-CHG/CHIRPS/DAILY,1991-2020,IBGE_2024
2405900,João Dias,RN,88.173,1,jan,89.78419241765623,OK,1991,2020,30,CHIRPS_v2,UCSB-CHG/CHIRPS/DAILY,1991-2020,IBGE_2024
2413557,Serrinha dos Pintos,RN,122.375,1,jan,95.96919241333978,OK,1991,2020,30,CHIRPS_v2,UCSB-CHG/CHIRPS/DAILY,1991-2020,IBGE_2024
2404002,Frutuoso Gomes,RN,63.279,1,jan,95.1108138235883,OK,1991,2020,30,CHIRPS_v2,UCSB-CHG/CHIRPS/DAILY,1991-2020,IBGE_2024
2412500,São Miguel,RN,166.233,1,jan,102.07966486200294,OK,1991,2020,30,CHIRPS_v2,UCSB-CHG/CHIRPS/DAILY,1991-2020,IBGE_2024
2403905,Francisco Dantas,RN,181.558,1,jan,92.09074228376859,OK,1991,2020,30,CHIRPS_v2,UCSB-CHG/CHIRPS/DAILY,1991-2020,IBGE_2024
2411908,São Francisco do Oeste,RN,75.588,1,jan,95.2896398719683,OK,1991,2020,30,CHIRPS_v2,UCSB-CHG/CHIRPS/DAILY,1991-2020,IBGE_2024
2402907,Coronel João Pessoa,RN,117.139,1,jan,108.96524183696356,OK,1991,2020,30,CHIRPS_v2,UCSB-CHG/CHIRPS/DAILY,1991-2020,IBGE_2024
2403301,Encanto,RN,125.749,1,jan,105.25192636940568,OK,1991,2020,30,CHIRPS_v2,UCSB-CHG/CHIRPS/DAILY,1991-2020,IBGE_2024
2403202,Doutor Severiano,RN,113.737,1,jan,105.33418115293851,OK,1991,2020,30,CHIRPS_v2,UCSB-CHG/CHIRPS/DAILY,1991-2020,IBGE_2024
2410702,Riacho da Cruz,RN,127.223,1,jan,98.17620710232424,OK,1991,2020,30,CHIRPS_v2,UCSB-CHG/CHIRPS/DAILY,1991-2020,IBGE_2024
2410801,Riacho de Santana,RN,128.106,1,jan,110.29238038413023,OK,1991,2020,30,CHIRPS_v2,UCSB-CHG/CHIRPS/DAILY,1991-2020,IBGE_2024
2410603,Rafael Godeiro,RN,100.073,1,jan,86.374420570598,OK,1991,2020,30,CHIRPS_v2,UCSB-CHG/CHIRPS/DAILY,1991-2020,IBGE_2024
2410207,Portalegre,RN,110.054,1,jan,99.69158759915278,OK,1991,2020,30,CHIRPS_v2,UCSB-CHG/CHIRPS/DAILY,1991-2020,IBGE_2024
2410504,Rafael Fernandes,RN,78.231,1,jan,101.8610815420388,OK,1991,2020,30,CHIRPS_v2,UCSB-CHG/CHIRPS/DAILY,1991-2020,IBGE_2024
2410009,Pilões,RN,82.69,1,jan,103.7571633136517,OK,1991,2020,30,CHIRPS_v2,UCSB-CHG/CHIRPS/DAILY,1991-2020,IBGE_2024
2400901,Antônio Martins,RN,244.897,1,jan,91.13645273075137,OK,1991,2020,30,CHIRPS_v2,UCSB-CHG/CHIRPS/DAILY,1991-2020,IBGE_2024
2409308,Patu,RN,319.136,1,jan,86.8409681327519,OK,1991,2020,30,CHIRPS_v2,UCSB-CHG/CHIRPS/DAILY,1991-2020,IBGE_2024
2409407,Pau dos Ferros,RN,259.959,1,jan,96.27541848187819,OK,1991,2020,30,CHIRPS_v2,UCSB-CHG/CHIRPS/DAILY,1991-2020,IBGE_2024
2400505,Alexandria,RN,381.205,1,jan,98.01069108625775,OK,1991,2020,30,CHIRPS_v2,UCSB-CHG/CHIRPS/DAILY,1991-2020,IBGE_2024
2408607,Paraná,RN,81.39,1,jan,109.79810428657524,OK,1991,2020,30,CHIRPS_v2,UCSB-CHG/CHIRPS/DAILY,1991-2020,IBGE_2024
2400406,Água Nova,RN,50.684,1,jan,107.08802964373243,OK,1991,2020,30,CHIRPS_v2,UCSB-CHG/CHIRPS/DAILY,1991-2020,IBGE_2024
2400604,Almino Afonso,RN,128.038,1,jan,91.06054248153065,OK,1991,2020,30,CHIRPS_v2,UCSB-CHG/CHIRPS/DAILY,1991-2020,IBGE_2024
2408409,Olho d'Água do Borges,RN,136.393,1,jan,87.24453308054258,OK,1991,2020,30,CHIRPS_v2,UCSB-CHG/CHIRPS/DAILY,1991-2020,IBGE_2024
2407005,Luís Gomes,RN,166.638,1,jan,109.57926627806873,OK,1991,2020,30,CHIRPS_v2,UCSB-CHG/CHIRPS/DAILY,1991-2020,IBGE_2024
2407401,Martins,RN,169.464,1,jan,114.67116763806912,OK,1991,2020,30,CHIRPS_v2,UCSB-CHG/CHIRPS/DAILY,1991-2020,IBGE_2024
2407302,Marcelino Vieira,RN,345.711,1,jan,106.57887082049882,OK,1991,2020,30,CHIRPS_v2,UCSB-CHG/CHIRPS/DAILY,1991-2020,IBGE_2024
2407252,Major Sales,RN,31.971,1,jan,106.06742663927766,OK,1991,2020,30,CHIRPS_v2,UCSB-CHG/CHIRPS/DAILY,1991-2020,IBGE_2024
2414902,Viçosa,RN,37.905,1,jan,112.41416420932225,OK,1991,2020,30,CHIRPS_v2,UCSB-CHG/CHIRPS/DAILY,1991-2020,IBGE_2024
2414753,Venha-Ver,RN,71.621,1,jan,109.4427065583596,OK,1991,2020,30,CHIRPS_v2,UCSB-CHG/CHIRPS/DAILY,1991-2020,IBGE_2024
2406908,Lucrécia,RN,30.931,1,jan,101.09258434347404,OK,1991,2020,30,CHIRPS_v2,UCSB-CHG/CHIRPS/DAILY,1991-2020,IBGE_2024
2406007,José da Penha,RN,117.635,1,jan,109.22714964985948,OK,1991,2020,30,CHIRPS_v2,UCSB-CHG/CHIRPS/DAILY,1991-2020,IBGE_2024
2414506,Umarizal,RN,249.61,1,jan,107.0651443572311,OK,1991,2020,30,CHIRPS_v2,UCSB-CHG/CHIRPS/DAILY,1991-2020,IBGE_2024
2413805,Taboleiro Grande,RN,124.093,1,jan,95.58452128142004,OK,1991,2020,30,CHIRPS_v2,UCSB-CHG/CHIRPS/DAILY,1991-2020,IBGE_2024
2412807,São Rafael,RN,469.101,1,jan,74.05354624143355,OK,1991,2020,30,CHIRPS_v2,UCSB-CHG/CHIRPS/DAILY,1991-2020,IBGE_2024
2404507,Guamaré,RN,258.307,1,jan,54.92652686028996,OK,1991,2020,30,CHIRPS_v2,UCSB-CHG/CHIRPS/DAILY,1991-2020,IBGE_2024
2404853,Itajá,RN,203.624,1,jan,73.51889865631182,OK,1991,2020,30,CHIRPS_v2,UCSB-CHG/CHIRPS/DAILY,1991-2020,IBGE_2024
2404705,Ipanguaçu,RN,374.245,1,jan,74.96413903251559,OK,1991,2020,30,CHIRPS_v2,UCSB-CHG/CHIRPS/DAILY,1991-2020,IBGE_2024
2403756,Fernando Pedroza,RN,322.628,1,jan,51.778442746269555,OK,1991,2020,30,CHIRPS_v2,UCSB-CHG/CHIRPS/DAILY,1991-2020,IBGE_2024
2411403,Santana do Matos,RN,1422.268,1,jan,64.82490650627653,OK,1991,2020,30,CHIRPS_v2,UCSB-CHG/CHIRPS/DAILY,1991-2020,IBGE_2024
2402501,Carnaubais,RN,517.737,1,jan,62.25909387373111,OK,1991,2020,30,CHIRPS_v2,UCSB-CHG/CHIRPS/DAILY,1991-2020,IBGE_2024
2410256,Porto do Mangue,RN,361.237,1,jan,60.14000891699435,OK,1991,2020,30,CHIRPS_v2,UCSB-CHG/CHIRPS/DAILY,1991-2020,IBGE_2024
2409902,Pendências,RN,419.137,1,jan,55.95388755209009,OK,1991,2020,30,CHIRPS_v2,UCSB-CHG/CHIRPS/DAILY,1991-2020,IBGE_2024
2408706,Paraú,RN,383.214,1,jan,71.57861277465565,OK,1991,2020,30,CHIRPS_v2,UCSB-CHG/CHIRPS/DAILY,1991-2020,IBGE_2024
2400802,Angicos,RN,741.582,1,jan,61.59534846478237,OK,1991,2020,30,CHIRPS_v2,UCSB-CHG/CHIRPS/DAILY,1991-2020,IBGE_2024
2400703,Alto do Rodrigues,RN,191.334,1,jan,62.51659440074061,OK,1991,2020,30,CHIRPS_v2,UCSB-CHG/CHIRPS/DAILY,1991-2020,IBGE_2024
2400208,Assú,RN,1303.442,1,jan,66.3416760424872,OK,1991,2020,30,CHIRPS_v2,UCSB-CHG/CHIRPS/DAILY,1991-2020,IBGE_2024
2400307,Afonso Bezerra,RN,576.179,1,jan,62.051089977127695,OK,1991,2020,30,CHIRPS_v2,UCSB-CHG/CHIRPS/DAILY,1991-2020,IBGE_2024
2407203,Macau,RN,775.302,1,jan,52.42829263994531,OK,1991,2020,30,CHIRPS_v2,UCSB-CHG/CHIRPS/DAILY,1991-2020,IBGE_2024
2406700,Lajes,RN,676.627,1,jan,44.34765494359509,OK,1991,2020,30,CHIRPS_v2,UCSB-CHG/CHIRPS/DAILY,1991-2020,IBGE_2024
2414456,Triunfo Potiguar,RN,268.725,1,jan,79.30056137678824,OK,1991,2020,30,CHIRPS_v2,UCSB-CHG/CHIRPS/DAILY,1991-2020,IBGE_2024
2503209,Cabedelo,PB,29.873,1,jan,84.84717570710345,OK,1991,2020,30,CHIRPS_v2,UCSB-CHG/CHIRPS/DAILY,1991-2020,IBGE_2024
2501807,Bayeux,PB,27.705,1,jan,84.92344595910505,OK,1991,2020,30,CHIRPS_v2,UCSB-CHG/CHIRPS/DAILY,1991-2020,IBGE_2024
2508604,Lucena,PB,93.8,1,jan,86.09599603952296,OK,1991,2020,30,CHIRPS_v2,UCSB-CHG/CHIRPS/DAILY,1991-2020,IBGE_2024
2507507,João Pessoa,PB,210.044,1,jan,79.0742434399954,OK,1991,2020,30,CHIRPS_v2,UCSB-CHG/CHIRPS/DAILY,1991-2020,IBGE_2024
2513703,Santa Rita,PB,718.576,1,jan,82.03813431965565,OK,1991,2020,30,CHIRPS_v2,UCSB-CHG/CHIRPS/DAILY,1991-2020,IBGE_2024
2504603,Conde,PB,171.267,1,jan,78.74079617567186,OK,1991,2020,30,CHIRPS_v2,UCSB-CHG/CHIRPS/DAILY,1991-2020,IBGE_2024
2511509,Pilar,PB,103.306,1,jan,52.49375746730919,OK,1991,2020,30,CHIRPS_v2,UCSB-CHG/CHIRPS/DAILY,1991-2020,IBGE_2024
2511905,Pitimbu,PB,135.801,1,jan,83.11225882389822,OK,1991,2020,30,CHIRPS_v2,UCSB-CHG/CHIRPS/DAILY,1991-2020,IBGE_2024
2511202,Pedras de Fogo,PB,406.729,1,jan,66.06330214432748,OK,1991,2020,30,CHIRPS_v2,UCSB-CHG/CHIRPS/DAILY,1991-2020,IBGE_2024
2503001,Caaporã,PB,151.018,1,jan,82.15492452039204,OK,1991,2020,30,CHIRPS_v2,UCSB-CHG/CHIRPS/DAILY,1991-2020,IBGE_2024
2509107,Mari,PB,155.265,1,jan,53.88537981238522,OK,1991,2020,30,CHIRPS_v2,UCSB-CHG/CHIRPS/DAILY,1991-2020,IBGE_2024
2500601,Alhandra,PB,183.974,1,jan,83.01245336235155,OK,1991,2020,30,CHIRPS_v2,UCSB-CHG/CHIRPS/DAILY,1991-2020,IBGE_2024
2507903,Juripiranga,PB,78.706,1,jan,59.29586223703017,OK,1991,2020,30,CHIRPS_v2,UCSB-CHG/CHIRPS/DAILY,1991-2020,IBGE_2024
2515971,Sobrado,PB,61.953,1,jan,54.30140783193849,OK,1991,2020,30,CHIRPS_v2,UCSB-CHG/CHIRPS/DAILY,1991-2020,IBGE_2024
2507606,Juarez Távora,PB,75.678,1,jan,50.096893321810775,OK,1991,2020,30,CHIRPS_v2,UCSB-CHG/CHIRPS/DAILY,1991-2020,IBGE_2024
2515302,Sapé,PB,313.678,1,jan,58.90749986998397,OK,1991,2020,30,CHIRPS_v2,UCSB-CHG/CHIRPS/DAILY,1991-2020,IBGE_2024
2506400,Gurinhém,PB,340.408,1,jan,48.13347911738964,OK,1991,2020,30,CHIRPS_v2,UCSB-CHG/CHIRPS/DAILY,1991-2020,IBGE_2024
2515005,São Miguel de Taipu,PB,92.413,1,jan,57.46843647819933,OK,1991,2020,30,CHIRPS_v2,UCSB-CHG/CHIRPS/DAILY,1991-2020,IBGE_2024
2504900,Cruz do Espírito Santo,PB,192.512,1,jan,71.00010177704382,OK,1991,2020,30,CHIRPS_v2,UCSB-CHG/CHIRPS/DAILY,1991-2020,IBGE_2024
2505238,Cuité de Mamanguape,PB,107.68,1,jan,58.618061407879445,OK,1991,2020,30,CHIRPS_v2,UCSB-CHG/CHIRPS/DAILY,1991-2020,IBGE_2024
2512762,Riachão do Poço,PB,40.46,1,jan,52.68038626776406,OK,1991,2020,30,CHIRPS_v2,UCSB-CHG/CHIRPS/DAILY,1991-2020,IBGE_2024
2503803,Caldas Brandão,PB,55.963,1,jan,52.05247641350439,OK,1991,2020,30,CHIRPS_v2,UCSB-CHG/CHIRPS/DAILY,1991-2020,IBGE_2024
2511608,Pilões,PB,65.574,1,jan,72.63339202221353,OK,1991,2020,30,CHIRPS_v2,UCSB-CHG/CHIRPS/DAILY,1991-2020,IBGE_2024
2511707,Pilõezinhos,PB,40.908,1,jan,72.37219004241811,OK,1991,2020,30,CHIRPS_v2,UCSB-CHG/CHIRPS/DAILY,1991-2020,IBGE_2024
2503506,Cacimba de Dentro,PB,165.072,1,jan,48.73223464501183,OK,1991,2020,30,CHIRPS_v2,UCSB-CHG/CHIRPS/DAILY,1991-2020,IBGE_2024
2511806,Pirpirituba,PB,80.672,1,jan,70.53324330403937,OK,1991,2020,30,CHIRPS_v2,UCSB-CHG/CHIRPS/DAILY,1991-2020,IBGE_2024
2503605,Caiçara,PB,123.677,1,jan,62.36444958767119,OK,1991,2020,30,CHIRPS_v2,UCSB-CHG/CHIRPS/DAILY,1991-2020,IBGE_2024
2502706,Borborema,PB,26.107,1,jan,74.02142106564986,OK,1991,2020,30,CHIRPS_v2,UCSB-CHG/CHIRPS/DAILY,1991-2020,IBGE_2024
2501906,Belém,PB,99.609,1,jan,70.0951423923608,OK,1991,2020,30,CHIRPS_v2,UCSB-CHG/CHIRPS/DAILY,1991-2020,IBGE_2024
2509800,Mulungu,PB,187.259,1,jan,49.025463615583874,OK,1991,2020,30,CHIRPS_v2,UCSB-CHG/CHIRPS/DAILY,1991-2020,IBGE_2024
2501500,Bananeiras,PB,255.641,1,jan,65.45657236638507,OK,1991,2020,30,CHIRPS_v2,UCSB-CHG/CHIRPS/DAILY,1991-2020,IBGE_2024
2500809,Araçagi,PB,232.177,1,jan,60.072143975847446,OK,1991,2020,30,CHIRPS_v2,UCSB-CHG/CHIRPS/DAILY,1991-2020,IBGE_2024
2500908,Arara,PB,91.306,1,jan,64.703828278285,OK,1991,2020,30,CHIRPS_v2,UCSB-CHG/CHIRPS/DAILY,1991-2020,IBGE_2024
2501005,Araruna,PB,246.717,1,jan,48.103449379778795,OK,1991,2020,30,CHIRPS_v2,UCSB-CHG/CHIRPS/DAILY,1991-2020,IBGE_2024
2508554,Logradouro,PB,42.876,1,jan,57.00480019851393,OK,1991,2020,30,CHIRPS_v2,UCSB-CHG/CHIRPS/DAILY,1991-2020,IBGE_2024
2500502,Alagoinha,PB,111.361,1,jan,58.611492982913894,OK,1991,2020,30,CHIRPS_v2,UCSB-CHG/CHIRPS/DAILY,1991-2020,IBGE_2024
2516409,Tacima,PB,245.237,1,jan,56.7715169603006,OK,1991,2020,30,CHIRPS_v2,UCSB-CHG/CHIRPS/DAILY,1991-2020,IBGE_2024
2508208,Lagoa de Dentro,PB,83.508,1,jan,65.14777128365256,OK,1991,2020,30,CHIRPS_v2,UCSB-CHG/CHIRPS/DAILY,1991-2020,IBGE_2024
2515609,Serra da Raiz,PB,31.679,1,jan,68.25387236550733,OK,1991,2020,30,CHIRPS_v2,UCSB-CHG/CHIRPS/DAILY,1991-2020,IBGE_2024
2515930,Sertãozinho,PB,32.455,1,jan,66.17506180837844,OK,1991,2020,30,CHIRPS_v2,UCSB-CHG/CHIRPS/DAILY,1991-2020,IBGE_2024
2516003,Solânea,PB,233.043,1,jan,57.40887113558325,OK,1991,2020,30,CHIRPS_v2,UCSB-CHG/CHIRPS/DAILY,1991-2020,IBGE_2024
2515906,Serraria,PB,65.062,1,jan,70.3768365814677,OK,1991,2020,30,CHIRPS_v2,UCSB-CHG/CHIRPS/DAILY,1991-2020,IBGE_2024
2505808,Duas Estradas,PB,27.012,1,jan,65.22324250646837,OK,1991,2020,30,CHIRPS_v2,UCSB-CHG/CHIRPS/DAILY,1991-2020,IBGE_2024
2506301,Guarabira,PB,162.387,1,jan,62.139291180692915,OK,1991,2020,30,CHIRPS_v2,UCSB-CHG/CHIRPS/DAILY,1991-2020,IBGE_2024
2505709,Dona Inês,PB,173.648,1,jan,52.17895276267121,OK,1991,2020,30,CHIRPS_v2,UCSB-CHG/CHIRPS/DAILY,1991-2020,IBGE_2024
2505204,Cuitegi,PB,42.091,1,jan,66.04557448124153,OK,1991,2020,30,CHIRPS_v2,UCSB-CHG/CHIRPS/DAILY,1991-2020,IBGE_2024
2512747,Riachão,PB,85.291,1,jan,50.1637786017205,OK,1991,2020,30,CHIRPS_v2,UCSB-CHG/CHIRPS/DAILY,1991-2020,IBGE_2024
2504157,Casserengue,PB,202.761,1,jan,51.32946435729216,OK,1991,2020,30,CHIRPS_v2,UCSB-CHG/CHIRPS/DAILY,1991-2020,IBGE_2024
2504033,Capim,PB,79.876,1,jan,64.37641576324165,OK,1991,2020,30,CHIRPS_v2,UCSB-CHG/CHIRPS/DAILY,1991-2020,IBGE_2024
2501401,Baía da Traição,PB,102.756,1,jan,77.76457872670028,OK,1991,2020,30,CHIRPS_v2,UCSB-CHG/CHIRPS/DAILY,1991-2020,IBGE_2024
2509057,Marcação,PB,122.665,1,jan,84.43592561875326,OK,1991,2020,30,CHIRPS_v2,UCSB-CHG/CHIRPS/DAILY,1991-2020,IBGE_2024
2508901,Mamanguape,PB,337.434,1,jan,70.31857684247856,OK,1991,2020,30,CHIRPS_v2,UCSB-CHG/CHIRPS/DAILY,1991-2020,IBGE_2024
2509305,Mataraca,PB,182.439,1,jan,70.61647206270592,OK,1991,2020,30,CHIRPS_v2,UCSB-CHG/CHIRPS/DAILY,1991-2020,IBGE_2024
2507309,Jacaraú,PB,256.845,1,jan,62.887664619701404,OK,1991,2020,30,CHIRPS_v2,UCSB-CHG/CHIRPS/DAILY,1991-2020,IBGE_2024
2507101,Itapororoca,PB,145.807,1,jan,66.08731858245008,OK,1991,2020,30,CHIRPS_v2,UCSB-CHG/CHIRPS/DAILY,1991-2020,IBGE_2024
2505279,Curral de Cima,PB,86.428,1,jan,68.99765686928868,OK,1991,2020,30,CHIRPS_v2,UCSB-CHG/CHIRPS/DAILY,1991-2020,IBGE_2024
2512903,Rio Tinto,PB,465.24,1,jan,80.46924690124847,OK,1991,2020,30,CHIRPS_v2,UCSB-CHG/CHIRPS/DAILY,1991-2020,IBGE_2024
2512721,Pedro Régis,PB,74.216,1,jan,65.17385140431205,OK,1991,2020,30,CHIRPS_v2,UCSB-CHG/CHIRPS/DAILY,1991-2020,IBGE_2024
2509909,Natuba,PB,202.173,1,jan,49.913622935174736,OK,1991,2020,30,CHIRPS_v2,UCSB-CHG/CHIRPS/DAILY,1991-2020,IBGE_2024
2509404,Mogeiro,PB,214.093,1,jan,43.04006771650954,OK,1991,2020,30,CHIRPS_v2,UCSB-CHG/CHIRPS/DAILY,1991-2020,IBGE_2024
2506905,Itabaiana,PB,210.572,1,jan,49.710795592269434,OK,1991,2020,30,CHIRPS_v2,UCSB-CHG/CHIRPS/DAILY,1991-2020,IBGE_2024
2514453,São José dos Ramos,PB,100.642,1,jan,43.70120593183933,OK,1991,2020,30,CHIRPS_v2,UCSB-CHG/CHIRPS/DAILY,1991-2020,IBGE_2024
2513109,Salgado de São Félix,PB,204.079,1,jan,49.02114223962787,OK,1991,2020,30,CHIRPS_v2,UCSB-CHG/CHIRPS/DAILY,1991-2020,IBGE_2024
2504009,Campina Grande,PB,591.656,1,jan,39.47893677669496,OK,1991,2020,30,CHIRPS_v2,UCSB-CHG/CHIRPS/DAILY,1991-2020,IBGE_2024
2509206,Massaranduba,PB,209.402,1,jan,49.45376398541499,OK,1991,2020,30,CHIRPS_v2,UCSB-CHG/CHIRPS/DAILY,1991-2020,IBGE_2024
2508307,Lagoa Seca,PB,108.219,1,jan,44.8263584365147,OK,1991,2020,30,CHIRPS_v2,UCSB-CHG/CHIRPS/DAILY,1991-2020,IBGE_2024
2512507,Queimadas,PB,402.748,1,jan,35.614046891502205,OK,1991,2020,30,CHIRPS_v2,UCSB-CHG/CHIRPS/DAILY,1991-2020,IBGE_2024
2512408,Puxinanã,PB,71.118,1,jan,40.727879044005114,OK,1991,2020,30,CHIRPS_v2,UCSB-CHG/CHIRPS/DAILY,1991-2020,IBGE_2024
2504074,Caraúbas,PB,486.623,1,jan,45.189007507219074,OK,1991,2020,30,CHIRPS_v2,UCSB-CHG/CHIRPS/DAILY,1991-2020,IBGE_2024
2503100,Cabaceiras,PB,469.171,1,jan,33.46690575382634,OK,1991,2020,30,CHIRPS_v2,UCSB-CHG/CHIRPS/DAILY,1991-2020,IBGE_2024
2510501,Olivedos,PB,314.625,1,jan,39.11279905735161,OK,1991,2020,30,CHIRPS_v2,UCSB-CHG/CHIRPS/DAILY,1991-2020,IBGE_2024
2502508,Boqueirão,PB,373.077,1,jan,34.32572140784995,OK,1991,2020,30,CHIRPS_v2,UCSB-CHG/CHIRPS/DAILY,1991-2020,IBGE_2024
2501708,Barra de São Miguel,PB,609.695,1,jan,40.521099270290456,OK,1991,2020,30,CHIRPS_v2,UCSB-CHG/CHIRPS/DAILY,1991-2020,IBGE_2024
2502151,Boa Vista,PB,468.933,1,jan,33.500413155669314,OK,1991,2020,30,CHIRPS_v2,UCSB-CHG/CHIRPS/DAILY,1991-2020,IBGE_2024
2501351,Assunção,PB,132.139,1,jan,53.17509835650156,OK,1991,2020,30,CHIRPS_v2,UCSB-CHG/CHIRPS/DAILY,1991-2020,IBGE_2024
2501203,Areial,PB,35.81,1,jan,44.026437865403196,OK,1991,2020,30,CHIRPS_v2,UCSB-CHG/CHIRPS/DAILY,1991-2020,IBGE_2024
2509503,Montadas,PB,31.793,1,jan,41.38416809656404,OK,1991,2020,30,CHIRPS_v2,UCSB-CHG/CHIRPS/DAILY,1991-2020,IBGE_2024
2501302,Aroeiras,PB,376.118,1,jan,45.07128847914044,OK,1991,2020,30,CHIRPS_v2,UCSB-CHG/CHIRPS/DAILY,1991-2020,IBGE_2024
2501575,Barra de Santana,PB,375.177,1,jan,34.96786247892535,OK,1991,2020,30,CHIRPS_v2,UCSB-CHG/CHIRPS/DAILY,1991-2020,IBGE_2024
2501104,Areia,PB,269.13,1,jan,75.42187196132285,OK,1991,2020,30,CHIRPS_v2,UCSB-CHG/CHIRPS/DAILY,1991-2020,IBGE_2024
2509339,Matinhas,PB,36.522,1,jan,59.63343717653252,OK,1991,2020,30,CHIRPS_v2,UCSB-CHG/CHIRPS/DAILY,1991-2020,IBGE_2024
2500304,Alagoa Grande,PB,322.071,1,jan,62.198210709500856,OK,1991,2020,30,CHIRPS_v2,UCSB-CHG/CHIRPS/DAILY,1991-2020,IBGE_2024
2516755,Tenório,PB,87.452,1,jan,51.80158113350786,OK,1991,2020,30,CHIRPS_v2,UCSB-CHG/CHIRPS/DAILY,1991-2020,IBGE_2024
2500403,Alagoa Nova,PB,128.23,1,jan,77.94019533321098,OK,1991,2020,30,CHIRPS_v2,UCSB-CHG/CHIRPS/DAILY,1991-2020,IBGE_2024
2500577,Algodão de Jandaíra,PB,222.74,1,jan,45.51888369452165,OK,1991,2020,30,CHIRPS_v2,UCSB-CHG/CHIRPS/DAILY,1991-2020,IBGE_2024
2517001,Umbuzeiro,PB,185.578,1,jan,45.13301692038184,OK,1991,2020,30,CHIRPS_v2,UCSB-CHG/CHIRPS/DAILY,1991-2020,IBGE_2024
2500536,Alcantil,PB,309.896,1,jan,39.54080336346851,OK,1991,2020,30,CHIRPS_v2,UCSB-CHG/CHIRPS/DAILY,1991-2020,IBGE_2024
2516102,Soledade,PB,578.178,1,jan,36.648079635378025,OK,1991,2020,30,CHIRPS_v2,UCSB-CHG/CHIRPS/DAILY,1991-2020,IBGE_2024
2516508,Taperoá,PB,628.365,1,jan,54.68391136835045,OK,1991,2020,30,CHIRPS_v2,UCSB-CHG/CHIRPS/DAILY,1991-2020,IBGE_2024
2507804,Junco do Seridó,PB,180.425,1,jan,58.27370229765482,OK,1991,2020,30,CHIRPS_v2,UCSB-CHG/CHIRPS/DAILY,1991-2020,IBGE_2024
2515807,Serra Redonda,PB,55.197,1,jan,52.80160508564773,OK,1991,2020,30,CHIRPS_v2,UCSB-CHG/CHIRPS/DAILY,1991-2020,IBGE_2024
2507705,Juazeirinho,PB,474.606,1,jan,47.269499648553214,OK,1991,2020,30,CHIRPS_v2,UCSB-CHG/CHIRPS/DAILY,1991-2020,IBGE_2024
2515104,São Sebastião de Lagoa de Roça,PB,46.372,1,jan,54.54502653097574,OK,1991,2020,30,CHIRPS_v2,UCSB-CHG/CHIRPS/DAILY,1991-2020,IBGE_2024
2515401,São Vicente do Seridó,PB,262.751,1,jan,45.60821308531834,OK,1991,2020,30,CHIRPS_v2,UCSB-CHG/CHIRPS/DAILY,1991-2020,IBGE_2024
2507200,Itatuba,PB,251.75,1,jan,47.09808081061663,OK,1991,2020,30,CHIRPS_v2,UCSB-CHG/CHIRPS/DAILY,1991-2020,IBGE_2024
2506509,Gurjão,PB,344.502,1,jan,35.94160519819196,OK,1991,2020,30,CHIRPS_v2,UCSB-CHG/CHIRPS/DAILY,1991-2020,IBGE_2024
2506806,Ingá,PB,262.179,1,jan,46.904808819214765,OK,1991,2020,30,CHIRPS_v2,UCSB-CHG/CHIRPS/DAILY,1991-2020,IBGE_2024
2506004,Esperança,PB,157.851,1,jan,52.06812446316007,OK,1991,2020,30,CHIRPS_v2,UCSB-CHG/CHIRPS/DAILY,1991-2020,IBGE_2024
2514008,São João do Cariri,PB,612.963,1,jan,38.36807090736582,OK,1991,2020,30,CHIRPS_v2,UCSB-CHG/CHIRPS/DAILY,1991-2020,IBGE_2024
2506251,Gado Bravo,PB,192.42,1,jan,41.297133616280426,OK,1991,2020,30,CHIRPS_v2,UCSB-CHG/CHIRPS/DAILY,1991-2020,IBGE_2024
2506103,Fagundes,PB,185.061,1,jan,42.84227474678459,OK,1991,2020,30,CHIRPS_v2,UCSB-CHG/CHIRPS/DAILY,1991-2020,IBGE_2024
2513943,São Domingos do Cariri,PB,233.835,1,jan,40.824458263434735,OK,1991,2020,30,CHIRPS_v2,UCSB-CHG/CHIRPS/DAILY,1991-2020,IBGE_2024
2513851,Santo André,PB,197.791,1,jan,43.02505379735819,OK,1991,2020,30,CHIRPS_v2,UCSB-CHG/CHIRPS/DAILY,1991-2020,IBGE_2024
2513158,Santa Cecília,PB,217.577,1,jan,40.834285836747235,OK,1991,2020,30,CHIRPS_v2,UCSB-CHG/CHIRPS/DAILY,1991-2020,IBGE_2024
2505006,Cubati,PB,163.57,1,jan,44.0061298691729,OK,1991,2020,30,CHIRPS_v2,UCSB-CHG/CHIRPS/DAILY,1991-2020,IBGE_2024
2512705,Remígio,PB,183.459,1,jan,58.31444135821603,OK,1991,2020,30,CHIRPS_v2,UCSB-CHG/CHIRPS/DAILY,1991-2020,IBGE_2024
2504355,Caturité,PB,117.825,1,jan,35.98616719521094,OK,1991,2020,30,CHIRPS_v2,UCSB-CHG/CHIRPS/DAILY,1991-2020,IBGE_2024
2512754,Riachão do Bacamarte,PB,40.281,1,jan,49.86864253458282,OK,1991,2020,30,CHIRPS_v2,UCSB-CHG/CHIRPS/DAILY,1991-2020,IBGE_2024
2512788,Riacho de Santo Antônio,PB,93.654,1,jan,39.267462152379856,OK,1991,2020,30,CHIRPS_v2,UCSB-CHG/CHIRPS/DAILY,1991-2020,IBGE_2024
2512002,Pocinhos,PB,623.967,1,jan,34.75987718697461,OK,1991,2020,30,CHIRPS_v2,UCSB-CHG/CHIRPS/DAILY,1991-2020,IBGE_2024
2511103,Pedra Lavrada,PB,335.615,1,jan,43.719202341235935,OK,1991,2020,30,CHIRPS_v2,UCSB-CHG/CHIRPS/DAILY,1991-2020,IBGE_2024
2511400,Picuí,PB,667.714,1,jan,45.49027255194244,OK,1991,2020,30,CHIRPS_v2,UCSB-CHG/CHIRPS/DAILY,1991-2020,IBGE_2024
2510105,Nova Floresta,PB,47.572,1,jan,47.47600591667713,OK,1991,2020,30,CHIRPS_v2,UCSB-CHG/CHIRPS/DAILY,1991-2020,IBGE_2024
2510303,Nova Palmeira,PB,314.748,1,jan,41.71754497355773,OK,1991,2020,30,CHIRPS_v2,UCSB-CHG/CHIRPS/DAILY,1991-2020,IBGE_2024
2501609,Barra de Santa Rosa,PB,781.187,1,jan,48.00638784319882,OK,1991,2020,30,CHIRPS_v2,UCSB-CHG/CHIRPS/DAILY,1991-2020,IBGE_2024
2501534,Baraúna,PB,50.03,1,jan,46.31800769123909,OK,1991,2020,30,CHIRPS_v2,UCSB-CHG/CHIRPS/DAILY,1991-2020,IBGE_2024
2516151,Sossêgo,PB,147.264,1,jan,48.54574839374488,OK,1991,2020,30,CHIRPS_v2,UCSB-CHG/CHIRPS/DAILY,1991-2020,IBGE_2024
2506202,Frei Martinho,PB,238.658,1,jan,51.64775866179819,OK,1991,2020,30,CHIRPS_v2,UCSB-CHG/CHIRPS/DAILY,1991-2020,IBGE_2024
2505352,Damião,PB,186.198,1,jan,48.78191987282179,OK,1991,2020,30,CHIRPS_v2,UCSB-CHG/CHIRPS/DAILY,1991-2020,IBGE_2024
2505105,Cuité,PB,733.818,1,jan,48.854589695905844,OK,1991,2020,30,CHIRPS_v2,UCSB-CHG/CHIRPS/DAILY,1991-2020,IBGE_2024
2512200,Prata,PB,201.788,1,jan,68.78179681779254,OK,1991,2020,30,CHIRPS_v2,UCSB-CHG/CHIRPS/DAILY,1991-2020,IBGE_2024
2510600,Ouro Velho,PB,128.11,1,jan,71.27421910840775,OK,1991,2020,30,CHIRPS_v2,UCSB-CHG/CHIRPS/DAILY,1991-2020,IBGE_2024
2509701,Monteiro,PB,992.62,1,jan,68.7005025195338,OK,1991,2020,30,CHIRPS_v2,UCSB-CHG/CHIRPS/DAILY,1991-2020,IBGE_2024
2517407,Zabelê,PB,106.811,1,jan,65.8605312029229,OK,1991,2020,30,CHIRPS_v2,UCSB-CHG/CHIRPS/DAILY,1991-2020,IBGE_2024
2515203,São Sebastião do Umbuzeiro,PB,464.327,1,jan,62.50204353982482,OK,1991,2020,30,CHIRPS_v2,UCSB-CHG/CHIRPS/DAILY,1991-2020,IBGE_2024
2514107,São João do Tigre,PB,812.617,1,jan,52.37414872397364,OK,1991,2020,30,CHIRPS_v2,UCSB-CHG/CHIRPS/DAILY,1991-2020,IBGE_2024
2503902,Camalaú,PB,541.841,1,jan,51.74846546163269,OK,1991,2020,30,CHIRPS_v2,UCSB-CHG/CHIRPS/DAILY,1991-2020,IBGE_2024
2510659,Parari,PB,207.814,1,jan,45.99786784846138,OK,1991,2020,30,CHIRPS_v2,UCSB-CHG/CHIRPS/DAILY,1991-2020,IBGE_2024
2500734,Amparo,PB,122.094,1,jan,67.93042478815339,OK,1991,2020,30,CHIRPS_v2,UCSB-CHG/CHIRPS/DAILY,1991-2020,IBGE_2024
2508505,Livramento,PB,266.948,1,jan,61.791145597239996,OK,1991,2020,30,CHIRPS_v2,UCSB-CHG/CHIRPS/DAILY,1991-2020,IBGE_2024
2516300,Sumé,PB,833.315,1,jan,60.06831869711015,OK,1991,2020,30,CHIRPS_v2,UCSB-CHG/CHIRPS/DAILY,1991-2020,IBGE_2024
2515500,Serra Branca,PB,698.105,1,jan,51.84524902311523,OK,1991,2020,30,CHIRPS_v2,UCSB-CHG/CHIRPS/DAILY,1991-2020,IBGE_2024
2514800,São José dos Cordeiros,PB,376.661,1,jan,61.63152107455591,OK,1991,2020,30,CHIRPS_v2,UCSB-CHG/CHIRPS/DAILY,1991-2020,IBGE_2024
2504850,Coxixola,PB,173.942,1,jan,49.18869240690998,OK,1991,2020,30,CHIRPS_v2,UCSB-CHG/CHIRPS/DAILY,1991-2020,IBGE_2024
2504702,Congo,PB,324.686,1,jan,47.32057046035335,OK,1991,2020,30,CHIRPS_v2,UCSB-CHG/CHIRPS/DAILY,1991-2020,IBGE_2024
2510808,Patos,PB,472.892,1,jan,89.98392498434443,OK,1991,2020,30,CHIRPS_v2,UCSB-CHG/CHIRPS/DAILY,1991-2020,IBGE_2024
2512606,Quixaba,PB,147.158,1,jan,75.44430091333025,OK,1991,2020,30,CHIRPS_v2,UCSB-CHG/CHIRPS/DAILY,1991-2020,IBGE_2024
2503407,Cacimba de Areia,PB,213.019,1,jan,76.3228778952953,OK,1991,2020,30,CHIRPS_v2,UCSB-CHG/CHIRPS/DAILY,1991-2020,IBGE_2024
2503555,Cacimbas,PB,124.068,1,jan,62.86592808608569,OK,1991,2020,30,CHIRPS_v2,UCSB-CHG/CHIRPS/DAILY,1991-2020,IBGE_2024
2510709,Passagem,PB,123.422,1,jan,69.03232909139106,OK,1991,2020,30,CHIRPS_v2,UCSB-CHG/CHIRPS/DAILY,1991-2020,IBGE_2024
2510402,Olho d'Água,PB,580.47,1,jan,108.49087900855469,OK,1991,2020,30,CHIRPS_v2,UCSB-CHG/CHIRPS/DAILY,1991-2020,IBGE_2024
2509396,Maturéia,PB,83.053,1,jan,92.17892173746179,OK,1991,2020,30,CHIRPS_v2,UCSB-CHG/CHIRPS/DAILY,1991-2020,IBGE_2024
2517100,Várzea,PB,191.282,1,jan,68.25430842713615,OK,1991,2020,30,CHIRPS_v2,UCSB-CHG/CHIRPS/DAILY,1991-2020,IBGE_2024
2501153,Areia de Baraúnas,PB,114.078,1,jan,66.88612632233472,OK,1991,2020,30,CHIRPS_v2,UCSB-CHG/CHIRPS/DAILY,1991-2020,IBGE_2024
2516706,Teixeira,PB,155.452,1,jan,81.6020697904477,OK,1991,2020,30,CHIRPS_v2,UCSB-CHG/CHIRPS/DAILY,1991-2020,IBGE_2024
2508802,Malta,PB,172.01,1,jan,101.52134616684464,OK,1991,2020,30,CHIRPS_v2,UCSB-CHG/CHIRPS/DAILY,1991-2020,IBGE_2024
2508703,Mãe d'Água,PB,228.676,1,jan,96.56898584162379,OK,1991,2020,30,CHIRPS_v2,UCSB-CHG/CHIRPS/DAILY,1991-2020,IBGE_2024
2500106,Água Branca,PB,241.662,1,jan,97.84415838585271,OK,1991,2020,30,CHIRPS_v2,UCSB-CHG/CHIRPS/DAILY,1991-2020,IBGE_2024
2514701,São José do Sabugi,PB,213.555,1,jan,56.48374889641355,OK,1991,2020,30,CHIRPS_v2,UCSB-CHG/CHIRPS/DAILY,1991-2020,IBGE_2024
2514602,São José do Bonfim,PB,153.629,1,jan,84.75853998842038,OK,1991,2020,30,CHIRPS_v2,UCSB-CHG/CHIRPS/DAILY,1991-2020,IBGE_2024
2514909,São Mamede,PB,533.446,1,jan,73.43901725702172,OK,1991,2020,30,CHIRPS_v2,UCSB-CHG/CHIRPS/DAILY,1991-2020,IBGE_2024
2506707,Imaculada,PB,317.804,1,jan,91.66305389025153,OK,1991,2020,30,CHIRPS_v2,UCSB-CHG/CHIRPS/DAILY,1991-2020,IBGE_2024
2505907,Emas,PB,248.226,1,jan,111.63993694662283,OK,1991,2020,30,CHIRPS_v2,UCSB-CHG/CHIRPS/DAILY,1991-2020,IBGE_2024
2514404,São José de Espinharas,PB,726.757,1,jan,90.29491487014312,OK,1991,2020,30,CHIRPS_v2,UCSB-CHG/CHIRPS/DAILY,1991-2020,IBGE_2024
2505501,Vista Serrana,PB,60.39,1,jan,92.88054817658546,OK,1991,2020,30,CHIRPS_v2,UCSB-CHG/CHIRPS/DAILY,1991-2020,IBGE_2024
2505402,Desterro,PB,182.018,1,jan,65.85991402770804,OK,1991,2020,30,CHIRPS_v2,UCSB-CHG/CHIRPS/DAILY,1991-2020,IBGE_2024
2513802,Santa Teresinha,PB,359.442,1,jan,99.88884132251857,OK,1991,2020,30,CHIRPS_v2,UCSB-CHG/CHIRPS/DAILY,1991-2020,IBGE_2024
2513000,Salgadinho,PB,179.005,1,jan,58.049531566681196,OK,1991,2020,30,CHIRPS_v2,UCSB-CHG/CHIRPS/DAILY,1991-2020,IBGE_2024
2504801,Coremas,PB,372.012,1,jan,115.29818384239546,OK,1991,2020,30,CHIRPS_v2,UCSB-CHG/CHIRPS/DAILY,1991-2020,IBGE_2024
2513406,Santa Luzia,PB,440.766,1,jan,62.20106701810157,OK,1991,2020,30,CHIRPS_v2,UCSB-CHG/CHIRPS/DAILY,1991-2020,IBGE_2024
2504207,Catingueira,PB,527.424,1,jan,113.86897681976122,OK,1991,2020,30,CHIRPS_v2,UCSB-CHG/CHIRPS/DAILY,1991-2020,IBGE_2024
2511004,Pedra Branca,PB,116.873,1,jan,122.72050205906518,OK,1991,2020,30,CHIRPS_v2,UCSB-CHG/CHIRPS/DAILY,1991-2020,IBGE_2024
2511301,Piancó,PB,576.986,1,jan,115.62506973403936,OK,1991,2020,30,CHIRPS_v2,UCSB-CHG/CHIRPS/DAILY,1991-2020,IBGE_2024
2502607,Igaracy,PB,197.058,1,jan,118.41138396297451,OK,1991,2020,30,CHIRPS_v2,UCSB-CHG/CHIRPS/DAILY,1991-2020,IBGE_2024
2502102,Boa Ventura,PB,168.664,1,jan,113.79016767781118,OK,1991,2020,30,CHIRPS_v2,UCSB-CHG/CHIRPS/DAILY,1991-2020,IBGE_2024
2510204,Nova Olinda,PB,81.516,1,jan,133.29062655313427,OK,1991,2020,30,CHIRPS_v2,UCSB-CHG/CHIRPS/DAILY,1991-2020,IBGE_2024
2500205,Aguiar,PB,351.607,1,jan,126.14482567576604,OK,1991,2020,30,CHIRPS_v2,UCSB-CHG/CHIRPS/DAILY,1991-2020,IBGE_2024
2507002,Itaporanga,PB,460.21,1,jan,116.29526979671381,OK,1991,2020,30,CHIRPS_v2,UCSB-CHG/CHIRPS/DAILY,1991-2020,IBGE_2024
2506608,Ibiara,PB,240.357,1,jan,114.67346544165616,OK,1991,2020,30,CHIRPS_v2,UCSB-CHG/CHIRPS/DAILY,1991-2020,IBGE_2024
2514305,São José de Caiana,PB,183.273,1,jan,126.4284093959289,OK,1991,2020,30,CHIRPS_v2,UCSB-CHG/CHIRPS/DAILY,1991-2020,IBGE_2024
2513505,Santana de Mangueira,PB,405.164,1,jan,115.8104800613667,OK,1991,2020,30,CHIRPS_v2,UCSB-CHG/CHIRPS/DAILY,1991-2020,IBGE_2024
2505303,Curral Velho,PB,217.624,1,jan,114.46405232221959,OK,1991,2020,30,CHIRPS_v2,UCSB-CHG/CHIRPS/DAILY,1991-2020,IBGE_2024
2513604,Santana dos Garrotes,PB,361.484,1,jan,128.63872213414666,OK,1991,2020,30,CHIRPS_v2,UCSB-CHG/CHIRPS/DAILY,1991-2020,IBGE_2024
2505600,Diamante,PB,271.791,1,jan,118.13438660123039,OK,1991,2020,30,CHIRPS_v2,UCSB-CHG/CHIRPS/DAILY,1991-2020,IBGE_2024
2513356,Santa Inês,PB,327.635,1,jan,113.69393612865485,OK,1991,2020,30,CHIRPS_v2,UCSB-CHG/CHIRPS/DAILY,1991-2020,IBGE_2024
2504405,Conceição,PB,580.65,1,jan,118.02615897935237,OK,1991,2020,30,CHIRPS_v2,UCSB-CHG/CHIRPS/DAILY,1991-2020,IBGE_2024
2502904,Brejo dos Santos,PB,93.857,1,jan,87.88197328033776,OK,1991,2020,30,CHIRPS_v2,UCSB-CHG/CHIRPS/DAILY,1991-2020,IBGE_2024
2502805,Brejo do Cruz,PB,401.315,1,jan,75.72405042809234,OK,1991,2020,30,CHIRPS_v2,UCSB-CHG/CHIRPS/DAILY,1991-2020,IBGE_2024
2502300,Bom Sucesso,PB,186.059,1,jan,92.1826640382188,OK,1991,2020,30,CHIRPS_v2,UCSB-CHG/CHIRPS/DAILY,1991-2020,IBGE_2024
2502003,Belém do Brejo do Cruz,PB,601.549,1,jan,75.8421860835267,OK,1991,2020,30,CHIRPS_v2,UCSB-CHG/CHIRPS/DAILY,1991-2020,IBGE_2024
2509370,Mato Grosso,PB,85.275,1,jan,85.46663570635619,OK,1991,2020,30,CHIRPS_v2,UCSB-CHG/CHIRPS/DAILY,1991-2020,IBGE_2024
2507408,Jericó,PB,177.356,1,jan,86.89836380580192,OK,1991,2020,30,CHIRPS_v2,UCSB-CHG/CHIRPS/DAILY,1991-2020,IBGE_2024
2514651,São José do Brejo do Cruz,PB,253.787,1,jan,77.74005706632741,OK,1991,2020,30,CHIRPS_v2,UCSB-CHG/CHIRPS/DAILY,1991-2020,IBGE_2024
2513901,São Bento,PB,245.84,1,jan,77.43483804216572,OK,1991,2020,30,CHIRPS_v2,UCSB-CHG/CHIRPS/DAILY,1991-2020,IBGE_2024
2504306,Catolé do Rocha,PB,551.765,1,jan,87.83453826473163,OK,1991,2020,30,CHIRPS_v2,UCSB-CHG/CHIRPS/DAILY,1991-2020,IBGE_2024
2512804,Riacho dos Cavalos,PB,262.532,1,jan,79.17182590699944,OK,1991,2020,30,CHIRPS_v2,UCSB-CHG/CHIRPS/DAILY,1991-2020,IBGE_2024
2510907,Paulista,PB,577.379,1,jan,84.82109795836696,OK,1991,2020,30,CHIRPS_v2,UCSB-CHG/CHIRPS/DAILY,1991-2020,IBGE_2024
2508109,Lagoa,PB,176.649,1,jan,93.90536346348938,OK,1991,2020,30,CHIRPS_v2,UCSB-CHG/CHIRPS/DAILY,1991-2020,IBGE_2024
2513968,São Domingos,PB,170.361,1,jan,99.61801353045144,OK,1991,2020,30,CHIRPS_v2,UCSB-CHG/CHIRPS/DAILY,1991-2020,IBGE_2024
2513927,São Bentinho,PB,199.635,1,jan,107.18206564566871,OK,1991,2020,30,CHIRPS_v2,UCSB-CHG/CHIRPS/DAILY,1991-2020,IBGE_2024
2504504,Condado,PB,265.473,1,jan,109.10638830699526,OK,1991,2020,30,CHIRPS_v2,UCSB-CHG/CHIRPS/DAILY,1991-2020,IBGE_2024
2512101,Pombal,PB,894.098,1,jan,97.20276592412887,OK,1991,2020,30,CHIRPS_v2,UCSB-CHG/CHIRPS/DAILY,1991-2020,IBGE_2024
2503753,Cajazeirinhas,PB,282.693,1,jan,109.72954302977834,OK,1991,2020,30,CHIRPS_v2,UCSB-CHG/CHIRPS/DAILY,1991-2020,IBGE_2024
2512309,Princesa Isabel,PB,368.569,1,jan,110.65655243432637,OK,1991,2020,30,CHIRPS_v2,UCSB-CHG/CHIRPS/DAILY,1991-2020,IBGE_2024
2509008,Manaíra,PB,352.025,1,jan,119.84969826629074,OK,1991,2020,30,CHIRPS_v2,UCSB-CHG/CHIRPS/DAILY,1991-2020,IBGE_2024
2516607,Tavares,PB,239.507,1,jan,110.80020693053856,OK,1991,2020,30,CHIRPS_v2,UCSB-CHG/CHIRPS/DAILY,1991-2020,IBGE_2024
2508000,Juru,PB,395.075,1,jan,110.57406995529573,OK,1991,2020,30,CHIRPS_v2,UCSB-CHG/CHIRPS/DAILY,1991-2020,IBGE_2024
2514552,São José de Princesa,PB,158.052,1,jan,120.86436787313635,OK,1991,2020,30,CHIRPS_v2,UCSB-CHG/CHIRPS/DAILY,1991-2020,IBGE_2024
2510006,Nazarezinho,PB,193.203,1,jan,137.07861390115272,OK,1991,2020,30,CHIRPS_v2,UCSB-CHG/CHIRPS/DAILY,1991-2020,IBGE_2024
2502052,Bernardino Batista,PB,57.453,1,jan,105.63470727015303,OK,1991,2020,30,CHIRPS_v2,UCSB-CHG/CHIRPS/DAILY,1991-2020,IBGE_2024
2517209,Vieirópolis,PB,147.098,1,jan,115.41325762161571,OK,1991,2020,30,CHIRPS_v2,UCSB-CHG/CHIRPS/DAILY,1991-2020,IBGE_2024
2500775,Aparecida,PB,291.478,1,jan,107.29569361658933,OK,1991,2020,30,CHIRPS_v2,UCSB-CHG/CHIRPS/DAILY,1991-2020,IBGE_2024
2509156,Marizópolis,PB,69.952,1,jan,126.55619489207632,OK,1991,2020,30,CHIRPS_v2,UCSB-CHG/CHIRPS/DAILY,1991-2020,IBGE_2024
2508406,Lastro,PB,107.416,1,jan,111.42133872736323,OK,1991,2020,30,CHIRPS_v2,UCSB-CHG/CHIRPS/DAILY,1991-2020,IBGE_2024
2516904,Uiraúna,PB,293.182,1,jan,113.68340420817835,OK,1991,2020,30,CHIRPS_v2,UCSB-CHG/CHIRPS/DAILY,1991-2020,IBGE_2024
2516201,Sousa,PB,728.492,1,jan,117.95371506399702,OK,1991,2020,30,CHIRPS_v2,UCSB-CHG/CHIRPS/DAILY,1991-2020,IBGE_2024
2514206,São José da Lagoa Tapada,PB,333.724,1,jan,117.68808266962247,OK,1991,2020,30,CHIRPS_v2,UCSB-CHG/CHIRPS/DAILY,1991-2020,IBGE_2024
2513653,Joca Claudino,PB,71.799,1,jan,108.44360813346196,OK,1991,2020,30,CHIRPS_v2,UCSB-CHG/CHIRPS/DAILY,1991-2020,IBGE_2024
2513984,São Francisco,PB,90.724,1,jan,106.81302197140805,OK,1991,2020,30,CHIRPS_v2,UCSB-CHG/CHIRPS/DAILY,1991-2020,IBGE_2024
2513208,Santa Cruz,PB,217.677,1,jan,102.07874099651376,OK,1991,2020,30,CHIRPS_v2,UCSB-CHG/CHIRPS/DAILY,1991-2020,IBGE_2024
2512036,Poço Dantas,PB,97.758,1,jan,108.82400061265928,OK,1991,2020,30,CHIRPS_v2,UCSB-CHG/CHIRPS/DAILY,1991-2020,IBGE_2024
2504108,Carrapateira,PB,59.07,1,jan,134.557034015616,OK,1991,2020,30,CHIRPS_v2,UCSB-CHG/CHIRPS/DAILY,1991-2020,IBGE_2024
2503308,Cachoeira dos Índios,PB,193.215,1,jan,133.92525769442685,OK,1991,2020,30,CHIRPS_v2,UCSB-CHG/CHIRPS/DAILY,1991-2020,IBGE_2024
2503704,Cajazeiras,PB,562.703,1,jan,139.84434357934748,OK,1991,2020,30,CHIRPS_v2,UCSB-CHG/CHIRPS/DAILY,1991-2020,IBGE_2024
2502409,Bonito de Santa Fé,PB,226.798,1,jan,132.84002877391634,OK,1991,2020,30,CHIRPS_v2,UCSB-CHG/CHIRPS/DAILY,1991-2020,IBGE_2024
2502201,Bom Jesus,PB,47.367,1,jan,133.40656758983573,OK,1991,2020,30,CHIRPS_v2,UCSB-CHG/CHIRPS/DAILY,1991-2020,IBGE_2024
2509602,Monte Horebe,PB,116.854,1,jan,128.33374746109877,OK,1991,2020,30,CHIRPS_v2,UCSB-CHG/CHIRPS/DAILY,1991-2020,IBGE_2024
2500700,São João do Rio do Peixe,PB,476.237,1,jan,125.5680915626744,OK,1991,2020,30,CHIRPS_v2,UCSB-CHG/CHIRPS/DAILY,1991-2020,IBGE_2024
2516805,Triunfo,PB,224.336,1,jan,115.6379205490407,OK,1991,2020,30,CHIRPS_v2,UCSB-CHG/CHIRPS/DAILY,1991-2020,IBGE_2024
2515708,Serra Grande,PB,64.352,1,jan,131.07411342639008,OK,1991,2020,30,CHIRPS_v2,UCSB-CHG/CHIRPS/DAILY,1991-2020,IBGE_2024
2514503,São José de Piranhas,PB,686.918,1,jan,134.48885327569775,OK,1991,2020,30,CHIRPS_v2,UCSB-CHG/CHIRPS/DAILY,1991-2020,IBGE_2024
2513307,Santa Helena,PB,211.143,1,jan,127.94892799023705,OK,1991,2020,30,CHIRPS_v2,UCSB-CHG/CHIRPS/DAILY,1991-2020,IBGE_2024
2512077,Poço de José de Moura,PB,94.646,1,jan,116.28856866833183,OK,1991,2020,30,CHIRPS_v2,UCSB-CHG/CHIRPS/DAILY,1991-2020,IBGE_2024
2605459,Fernando de Noronha,PE,18.609,1,jan,,SEM_DADOS,1991,2020,30,CHIRPS_v2,UCSB-CHG/CHIRPS/DAILY,1991-2020,IBGE_2024
2610707,Paulista,PE,96.932,1,jan,69.59793104329707,OK,1991,2020,30,CHIRPS_v2,UCSB-CHG/CHIRPS/DAILY,1991-2020,IBGE_2024
2610608,Paudalho,PE,269.65,1,jan,56.67550281843221,OK,1991,2020,30,CHIRPS_v2,UCSB-CHG/CHIRPS/DAILY,1991-2020,IBGE_2024
2609402,Moreno,PE,194.197,1,jan,59.30526814412463,OK,1991,2020,30,CHIRPS_v2,UCSB-CHG/CHIRPS/DAILY,1991-2020,IBGE_2024
2601052,Araçoiaba,PE,96.36,1,jan,62.27835069547839,OK,1991,2020,30,CHIRPS_v2,UCSB-CHG/CHIRPS/DAILY,1991-2020,IBGE_2024
2609600,Olinda,PE,41.3,1,jan,85.96163294373741,OK,1991,2020,30,CHIRPS_v2,UCSB-CHG/CHIRPS/DAILY,1991-2020,IBGE_2024
2600054,Abreu e Lima,PE,126.384,1,jan,64.94437400698851,OK,1991,2020,30,CHIRPS_v2,UCSB-CHG/CHIRPS/DAILY,1991-2020,IBGE_2024
2607901,Jaboatão dos Guararapes,PE,258.724,1,jan,73.93796547708425,OK,1991,2020,30,CHIRPS_v2,UCSB-CHG/CHIRPS/DAILY,1991-2020,IBGE_2024
2607752,Itapissuma,PE,73.968,1,jan,74.63639822371178,OK,1991,2020,30,CHIRPS_v2,UCSB-CHG/CHIRPS/DAILY,1991-2020,IBGE_2024
2607208,Ipojuca,PE,521.801,1,jan,64.53232066310625,OK,1991,2020,30,CHIRPS_v2,UCSB-CHG/CHIRPS/DAILY,1991-2020,IBGE_2024
2607604,Ilha de Itamaracá,PE,66.146,1,jan,74.2889642385127,OK,1991,2020,30,CHIRPS_v2,UCSB-CHG/CHIRPS/DAILY,1991-2020,IBGE_2024
2606804,Igarassu,PE,306.879,1,jan,69.04541403903194,OK,1991,2020,30,CHIRPS_v2,UCSB-CHG/CHIRPS/DAILY,1991-2020,IBGE_2024
2613701,São Lourenço da Mata,PE,263.687,1,jan,62.49391847093416,OK,1991,2020,30,CHIRPS_v2,UCSB-CHG/CHIRPS/DAILY,1991-2020,IBGE_2024
2603454,Camaragibe,PE,51.321,1,jan,73.92412210142889,OK,1991,2020,30,CHIRPS_v2,UCSB-CHG/CHIRPS/DAILY,1991-2020,IBGE_2024
2611606,Recife,PE,218.843,1,jan,86.21995154426509,OK,1991,2020,30,CHIRPS_v2,UCSB-CHG/CHIRPS/DAILY,1991-2020,IBGE_2024
2602902,Cabo de Santo Agostinho,PE,445.386,1,jan,59.217047196143604,OK,1991,2020,30,CHIRPS_v2,UCSB-CHG/CHIRPS/DAILY,1991-2020,IBGE_2024
2600708,Aliança,PE,272.773,1,jan,61.3008668578623,OK,1991,2020,30,CHIRPS_v2,UCSB-CHG/CHIRPS/DAILY,1991-2020,IBGE_2024
2609006,Macaparana,PE,108.049,1,jan,54.80836303766158,OK,1991,2020,30,CHIRPS_v2,UCSB-CHG/CHIRPS/DAILY,1991-2020,IBGE_2024
2607802,Itaquitinga,PE,162.739,1,jan,68.78179105942118,OK,1991,2020,30,CHIRPS_v2,UCSB-CHG/CHIRPS/DAILY,1991-2020,IBGE_2024
2616308,Vicência,PE,227.906,1,jan,58.816398756397156,OK,1991,2020,30,CHIRPS_v2,UCSB-CHG/CHIRPS/DAILY,1991-2020,IBGE_2024
2607653,Itambé,PE,304.005,1,jan,63.20035583143497,OK,1991,2020,30,CHIRPS_v2,UCSB-CHG/CHIRPS/DAILY,1991-2020,IBGE_2024
2615300,Timbaúba,PE,287.683,1,jan,58.770765782041465,OK,1991,2020,30,CHIRPS_v2,UCSB-CHG/CHIRPS/DAILY,1991-2020,IBGE_2024
2606200,Goiana,PE,445.406,1,jan,76.40228913888313,OK,1991,2020,30,CHIRPS_v2,UCSB-CHG/CHIRPS/DAILY,1991-2020,IBGE_2024
2613800,São Vicente Férrer,PE,112.472,1,jan,54.04769648153372,OK,1991,2020,30,CHIRPS_v2,UCSB-CHG/CHIRPS/DAILY,1991-2020,IBGE_2024
2605509,Ferreiros,PE,92.516,1,jan,60.526389401139454,OK,1991,2020,30,CHIRPS_v2,UCSB-CHG/CHIRPS/DAILY,1991-2020,IBGE_2024
2604601,Condado,PE,89.645,1,jan,63.87112210978389,OK,1991,2020,30,CHIRPS_v2,UCSB-CHG/CHIRPS/DAILY,1991-2020,IBGE_2024
2603603,Camutanga,PE,39.116,1,jan,57.333856752563904,OK,1991,2020,30,CHIRPS_v2,UCSB-CHG/CHIRPS/DAILY,1991-2020,IBGE_2024
2610004,Palmares,PE,339.388,1,jan,56.88318898024646,OK,1991,2020,30,CHIRPS_v2,UCSB-CHG/CHIRPS/DAILY,1991-2020,IBGE_2024
2601508,Belém de Maria,PE,75.912,1,jan,50.5500090693614,OK,1991,2020,30,CHIRPS_v2,UCSB-CHG/CHIRPS/DAILY,1991-2020,IBGE_2024
2609204,Maraial,PE,199.865,1,jan,43.76835690521424,OK,1991,2020,30,CHIRPS_v2,UCSB-CHG/CHIRPS/DAILY,1991-2020,IBGE_2024
2608206,Joaquim Nabuco,PE,122.605,1,jan,60.66113391727335,OK,1991,2020,30,CHIRPS_v2,UCSB-CHG/CHIRPS/DAILY,1991-2020,IBGE_2024
2616506,Xexéu,PE,110.814,1,jan,40.10379849610324,OK,1991,2020,30,CHIRPS_v2,UCSB-CHG/CHIRPS/DAILY,1991-2020,IBGE_2024
2600401,Água Preta,PE,531.936,1,jan,66.24240849136245,OK,1991,2020,30,CHIRPS_v2,UCSB-CHG/CHIRPS/DAILY,1991-2020,IBGE_2024
2607950,Jaqueira,PE,87.208,1,jan,48.91053323315704,OK,1991,2020,30,CHIRPS_v2,UCSB-CHG/CHIRPS/DAILY,1991-2020,IBGE_2024
2605905,Gameleira,PE,257.781,1,jan,68.00965608264318,OK,1991,2020,30,CHIRPS_v2,UCSB-CHG/CHIRPS/DAILY,1991-2020,IBGE_2024
2612901,São Benedito do Sul,PE,160.477,1,jan,48.43362965897215,OK,1991,2020,30,CHIRPS_v2,UCSB-CHG/CHIRPS/DAILY,1991-2020,IBGE_2024
2604205,Catende,PE,208.594,1,jan,51.441498041734036,OK,1991,2020,30,CHIRPS_v2,UCSB-CHG/CHIRPS/DAILY,1991-2020,IBGE_2024
2610509,Passira,PE,327.21,1,jan,45.43468685824825,OK,1991,2020,30,CHIRPS_v2,UCSB-CHG/CHIRPS/DAILY,1991-2020,IBGE_2024
2609709,Orobó,PE,138.362,1,jan,49.654694040940555,OK,1991,2020,30,CHIRPS_v2,UCSB-CHG/CHIRPS/DAILY,1991-2020,IBGE_2024
2608909,Limoeiro,PE,273.733,1,jan,50.508073928883704,OK,1991,2020,30,CHIRPS_v2,UCSB-CHG/CHIRPS/DAILY,1991-2020,IBGE_2024
2609105,Machados,PE,58.32,1,jan,57.05091908630412,OK,1991,2020,30,CHIRPS_v2,UCSB-CHG/CHIRPS/DAILY,1991-2020,IBGE_2024
2608107,João Alfredo,PE,134.147,1,jan,47.111539064471245,OK,1991,2020,30,CHIRPS_v2,UCSB-CHG/CHIRPS/DAILY,1991-2020,IBGE_2024
2605400,Feira Nova,PE,107.726,1,jan,47.960369775044406,OK,1991,2020,30,CHIRPS_v2,UCSB-CHG/CHIRPS/DAILY,1991-2020,IBGE_2024
2612109,Salgadinho,PE,87.218,1,jan,45.799190002204305,OK,1991,2020,30,CHIRPS_v2,UCSB-CHG/CHIRPS/DAILY,1991-2020,IBGE_2024
2602209,Bom Jardim,PE,226.639,1,jan,51.258660109697814,OK,1991,2020,30,CHIRPS_v2,UCSB-CHG/CHIRPS/DAILY,1991-2020,IBGE_2024
2616407,Vitória de Santo Antão,PE,373.3,1,jan,51.64039774363255,OK,1991,2020,30,CHIRPS_v2,UCSB-CHG/CHIRPS/DAILY,1991-2020,IBGE_2024
2606101,Glória do Goitá,PE,234.486,1,jan,48.452957075990234,OK,1991,2020,30,CHIRPS_v2,UCSB-CHG/CHIRPS/DAILY,1991-2020,IBGE_2024
2604403,Chã de Alegria,PE,49.328,1,jan,53.13624891206102,OK,1991,2020,30,CHIRPS_v2,UCSB-CHG/CHIRPS/DAILY,1991-2020,IBGE_2024
2611309,Pombos,PE,203.105,1,jan,49.91665842552373,OK,1991,2020,30,CHIRPS_v2,UCSB-CHG/CHIRPS/DAILY,1991-2020,IBGE_2024
2609501,Nazaré da Mata,PE,130.572,1,jan,56.75287318256927,OK,1991,2020,30,CHIRPS_v2,UCSB-CHG/CHIRPS/DAILY,1991-2020,IBGE_2024
2608453,Lagoa do Carro,PE,69.244,1,jan,51.50297102326951,OK,1991,2020,30,CHIRPS_v2,UCSB-CHG/CHIRPS/DAILY,1991-2020,IBGE_2024
2608503,Lagoa de Itaenga,PE,57.298,1,jan,51.80477323640706,OK,1991,2020,30,CHIRPS_v2,UCSB-CHG/CHIRPS/DAILY,1991-2020,IBGE_2024
2615508,Tracunhaém,PE,137.321,1,jan,56.41843744014111,OK,1991,2020,30,CHIRPS_v2,UCSB-CHG/CHIRPS/DAILY,1991-2020,IBGE_2024
2604007,Carpina,PE,146.494,1,jan,51.88536358514313,OK,1991,2020,30,CHIRPS_v2,UCSB-CHG/CHIRPS/DAILY,1991-2020,IBGE_2024
2602704,Buenos Aires,PE,93.187,1,jan,54.757975325960096,OK,1991,2020,30,CHIRPS_v2,UCSB-CHG/CHIRPS/DAILY,1991-2020,IBGE_2024
2601409,Barreiros,PE,233.432,1,jan,90.93658995003577,OK,1991,2020,30,CHIRPS_v2,UCSB-CHG/CHIRPS/DAILY,1991-2020,IBGE_2024
2614857,Tamandaré,PE,213.75,1,jan,91.28511340304917,OK,1991,2020,30,CHIRPS_v2,UCSB-CHG/CHIRPS/DAILY,1991-2020,IBGE_2024
2614204,Sirinhaém,PE,374.321,1,jan,84.89715480329438,OK,1991,2020,30,CHIRPS_v2,UCSB-CHG/CHIRPS/DAILY,1991-2020,IBGE_2024
2613404,São José da Coroa Grande,PE,69.184,1,jan,90.30175608066784,OK,1991,2020,30,CHIRPS_v2,UCSB-CHG/CHIRPS/DAILY,1991-2020,IBGE_2024
2611903,Rio Formoso,PE,227.458,1,jan,88.82790267050775,OK,1991,2020,30,CHIRPS_v2,UCSB-CHG/CHIRPS/DAILY,1991-2020,IBGE_2024
2616183,Vertente do Lério,PE,73.631,1,jan,42.346307803169516,OK,1991,2020,30,CHIRPS_v2,UCSB-CHG/CHIRPS/DAILY,1991-2020,IBGE_2024
2616209,Vertentes,PE,196.324,1,jan,42.55587208935116,OK,1991,2020,30,CHIRPS_v2,UCSB-CHG/CHIRPS/DAILY,1991-2020,IBGE_2024
2614501,Surubim,PE,253.296,1,jan,42.089031893827574,OK,1991,2020,30,CHIRPS_v2,UCSB-CHG/CHIRPS/DAILY,1991-2020,IBGE_2024
2605806,Frei Miguelinho,PE,213.735,1,jan,39.54448773526443,OK,1991,2020,30,CHIRPS_v2,UCSB-CHG/CHIRPS/DAILY,1991-2020,IBGE_2024
2604155,Casinhas,PE,116.833,1,jan,44.45383728307284,OK,1991,2020,30,CHIRPS_v2,UCSB-CHG/CHIRPS/DAILY,1991-2020,IBGE_2024
2612703,Santa Maria do Cambucá,PE,92.148,1,jan,38.80842242311531,OK,1991,2020,30,CHIRPS_v2,UCSB-CHG/CHIRPS/DAILY,1991-2020,IBGE_2024
2604106,Caruaru,PE,919.069,1,jan,39.98494119978891,OK,1991,2020,30,CHIRPS_v2,UCSB-CHG/CHIRPS/DAILY,1991-2020,IBGE_2024
2610202,Panelas,PE,380.428,1,jan,43.07246485615208,OK,1991,2020,30,CHIRPS_v2,UCSB-CHG/CHIRPS/DAILY,1991-2020,IBGE_2024
2601904,Bezerros,PE,497.156,1,jan,41.57247397562027,OK,1991,2020,30,CHIRPS_v2,UCSB-CHG/CHIRPS/DAILY,1991-2020,IBGE_2024
2601300,Barra de Guabiraba,PE,118.639,1,jan,52.831101459745014,OK,1991,2020,30,CHIRPS_v2,UCSB-CHG/CHIRPS/DAILY,1991-2020,IBGE_2024
2600807,Altinho,PE,450.178,1,jan,43.66567434263802,OK,1991,2020,30,CHIRPS_v2,UCSB-CHG/CHIRPS/DAILY,1991-2020,IBGE_2024
2608701,Lagoa dos Gatos,PE,224.948,1,jan,44.971769393161836,OK,1991,2020,30,CHIRPS_v2,UCSB-CHG/CHIRPS/DAILY,1991-2020,IBGE_2024
2600302,Agrestina,PE,200.369,1,jan,41.130370416189535,OK,1991,2020,30,CHIRPS_v2,UCSB-CHG/CHIRPS/DAILY,1991-2020,IBGE_2024
2608008,Jataúba,PE,714.601,1,jan,50.430236063402255,OK,1991,2020,30,CHIRPS_v2,UCSB-CHG/CHIRPS/DAILY,1991-2020,IBGE_2024
2615409,Toritama,PE,25.704,1,jan,44.205474493985676,OK,1991,2020,30,CHIRPS_v2,UCSB-CHG/CHIRPS/DAILY,1991-2020,IBGE_2024
2615003,Taquaritinga do Norte,PE,475.183,1,jan,43.17103713613236,OK,1991,2020,30,CHIRPS_v2,UCSB-CHG/CHIRPS/DAILY,1991-2020,IBGE_2024
2606705,Ibirajuba,PE,189.596,1,jan,47.222197309137016,OK,1991,2020,30,CHIRPS_v2,UCSB-CHG/CHIRPS/DAILY,1991-2020,IBGE_2024
2606408,Gravatá,PE,507.36,1,jan,44.49764918858836,OK,1991,2020,30,CHIRPS_v2,UCSB-CHG/CHIRPS/DAILY,1991-2020,IBGE_2024
2605004,Cupira,PE,95.149,1,jan,41.7392097454152,OK,1991,2020,30,CHIRPS_v2,UCSB-CHG/CHIRPS/DAILY,1991-2020,IBGE_2024
2613305,São Joaquim do Monte,PE,224.624,1,jan,43.23402691238705,OK,1991,2020,30,CHIRPS_v2,UCSB-CHG/CHIRPS/DAILY,1991-2020,IBGE_2024
2613107,São Caitano,PE,382.483,1,jan,40.092646027941356,OK,1991,2020,30,CHIRPS_v2,UCSB-CHG/CHIRPS/DAILY,1991-2020,IBGE_2024
2604908,Cumaru,PE,291.429,1,jan,42.59060365061945,OK,1991,2020,30,CHIRPS_v2,UCSB-CHG/CHIRPS/DAILY,1991-2020,IBGE_2024
2612505,Santa Cruz do Capibaribe,PE,335.309,1,jan,44.76214217447302,OK,1991,2020,30,CHIRPS_v2,UCSB-CHG/CHIRPS/DAILY,1991-2020,IBGE_2024
2604502,Chã Grande,PE,84.787,1,jan,48.45121697330587,OK,1991,2020,30,CHIRPS_v2,UCSB-CHG/CHIRPS/DAILY,1991-2020,IBGE_2024
2612000,Sairé,PE,190.454,1,jan,46.17969351507765,OK,1991,2020,30,CHIRPS_v2,UCSB-CHG/CHIRPS/DAILY,1991-2020,IBGE_2024
2603108,Cachoeirinha,PE,179.262,1,jan,49.19571898689358,OK,1991,2020,30,CHIRPS_v2,UCSB-CHG/CHIRPS/DAILY,1991-2020,IBGE_2024
2611705,Riacho das Almas,PE,313.613,1,jan,41.4214718262551,OK,1991,2020,30,CHIRPS_v2,UCSB-CHG/CHIRPS/DAILY,1991-2020,IBGE_2024
2603504,Camocim de São Félix,PE,72.01,1,jan,41.867317774177586,OK,1991,2020,30,CHIRPS_v2,UCSB-CHG/CHIRPS/DAILY,1991-2020,IBGE_2024
2602605,Brejo da Madre de Deus,PE,761.824,1,jan,49.12319944941813,OK,1991,2020,30,CHIRPS_v2,UCSB-CHG/CHIRPS/DAILY,1991-2020,IBGE_2024
2602308,Bonito,PE,392.627,1,jan,50.300176894018435,OK,1991,2020,30,CHIRPS_v2,UCSB-CHG/CHIRPS/DAILY,1991-2020,IBGE_2024
2606002,Garanhuns,PE,458.964,1,jan,47.043725677210254,OK,1991,2020,30,CHIRPS_v2,UCSB-CHG/CHIRPS/DAILY,1991-2020,IBGE_2024
2602407,Brejão,PE,159.786,1,jan,44.93344174433521,OK,1991,2020,30,CHIRPS_v2,UCSB-CHG/CHIRPS/DAILY,1991-2020,IBGE_2024
2610103,Palmeirina,PE,169.012,1,jan,46.69508613249776,OK,1991,2020,30,CHIRPS_v2,UCSB-CHG/CHIRPS/DAILY,1991-2020,IBGE_2024
2608800,Lajedo,PE,189.096,1,jan,48.558001484482354,OK,1991,2020,30,CHIRPS_v2,UCSB-CHG/CHIRPS/DAILY,1991-2020,IBGE_2024
2601003,Angelim,PE,118.72,1,jan,50.95836267266739,OK,1991,2020,30,CHIRPS_v2,UCSB-CHG/CHIRPS/DAILY,1991-2020,IBGE_2024
2608404,Jurema,PE,148.254,1,jan,48.031121665990796,OK,1991,2020,30,CHIRPS_v2,UCSB-CHG/CHIRPS/DAILY,1991-2020,IBGE_2024
2608255,Jucati,PE,120.167,1,jan,50.42995028496382,OK,1991,2020,30,CHIRPS_v2,UCSB-CHG/CHIRPS/DAILY,1991-2020,IBGE_2024
2608305,Jupi,PE,104.835,1,jan,49.78931857489727,OK,1991,2020,30,CHIRPS_v2,UCSB-CHG/CHIRPS/DAILY,1991-2020,IBGE_2024
2608602,Lagoa do Ouro,PE,199.996,1,jan,47.81122257680899,OK,1991,2020,30,CHIRPS_v2,UCSB-CHG/CHIRPS/DAILY,1991-2020,IBGE_2024
2600500,Águas Belas,PE,885.987,1,jan,44.07445752095227,OK,1991,2020,30,CHIRPS_v2,UCSB-CHG/CHIRPS/DAILY,1991-2020,IBGE_2024
2615102,Terezinha,PE,151.625,1,jan,44.72885274196054,OK,1991,2020,30,CHIRPS_v2,UCSB-CHG/CHIRPS/DAILY,1991-2020,IBGE_2024
2606507,Iati,PE,635.137,1,jan,40.96656869038029,OK,1991,2020,30,CHIRPS_v2,UCSB-CHG/CHIRPS/DAILY,1991-2020,IBGE_2024
2604700,Correntes,PE,317.793,1,jan,45.392369409694865,OK,1991,2020,30,CHIRPS_v2,UCSB-CHG/CHIRPS/DAILY,1991-2020,IBGE_2024
2613206,São João,PE,258.443,1,jan,50.25469359826911,OK,1991,2020,30,CHIRPS_v2,UCSB-CHG/CHIRPS/DAILY,1991-2020,IBGE_2024
2612307,Saloá,PE,251.55,1,jan,43.70017860533651,OK,1991,2020,30,CHIRPS_v2,UCSB-CHG/CHIRPS/DAILY,1991-2020,IBGE_2024
2603801,Capoeiras,PE,337.108,1,jan,48.41301937637989,OK,1991,2020,30,CHIRPS_v2,UCSB-CHG/CHIRPS/DAILY,1991-2020,IBGE_2024
2603702,Canhotinho,PE,422.831,1,jan,50.41069962508082,OK,1991,2020,30,CHIRPS_v2,UCSB-CHG/CHIRPS/DAILY,1991-2020,IBGE_2024
2603207,Caetés,PE,294.946,1,jan,46.894343942497926,OK,1991,2020,30,CHIRPS_v2,UCSB-CHG/CHIRPS/DAILY,1991-2020,IBGE_2024
2611507,Quipapá,PE,230.617,1,jan,49.11224252454844,OK,1991,2020,30,CHIRPS_v2,UCSB-CHG/CHIRPS/DAILY,1991-2020,IBGE_2024
2603306,Calçado,PE,121.434,1,jan,50.09257607514885,OK,1991,2020,30,CHIRPS_v2,UCSB-CHG/CHIRPS/DAILY,1991-2020,IBGE_2024
2610301,Paranatama,PE,185.371,1,jan,45.33989896742107,OK,1991,2020,30,CHIRPS_v2,UCSB-CHG/CHIRPS/DAILY,1991-2020,IBGE_2024
2602100,Bom Conselho,PE,790.774,1,jan,41.622196833029584,OK,1991,2020,30,CHIRPS_v2,UCSB-CHG/CHIRPS/DAILY,1991-2020,IBGE_2024
2601201,Arcoverde,PE,343.923,1,jan,58.97657309572353,OK,1991,2020,30,CHIRPS_v2,UCSB-CHG/CHIRPS/DAILY,1991-2020,IBGE_2024
2609154,Manari,PE,386.57,1,jan,51.580514000319724,OK,1991,2020,30,CHIRPS_v2,UCSB-CHG/CHIRPS/DAILY,1991-2020,IBGE_2024
2616001,Venturosa,PE,331.552,1,jan,50.04355523838298,OK,1991,2020,30,CHIRPS_v2,UCSB-CHG/CHIRPS/DAILY,1991-2020,IBGE_2024
2615805,Tupanatinga,PE,888.467,1,jan,57.409297485959144,OK,1991,2020,30,CHIRPS_v2,UCSB-CHG/CHIRPS/DAILY,1991-2020,IBGE_2024
2607505,Itaíba,PE,1034.044,1,jan,46.445506251445856,OK,1991,2020,30,CHIRPS_v2,UCSB-CHG/CHIRPS/DAILY,1991-2020,IBGE_2024
2607000,Inajá,PE,1240.961,1,jan,55.87979108686168,OK,1991,2020,30,CHIRPS_v2,UCSB-CHG/CHIRPS/DAILY,1991-2020,IBGE_2024
2606606,Ibimirim,PE,1929.342,1,jan,63.68999936896169,OK,1991,2020,30,CHIRPS_v2,UCSB-CHG/CHIRPS/DAILY,1991-2020,IBGE_2024
2614105,Sertânia,PE,2409.511,1,jan,70.02805244094753,OK,1991,2020,30,CHIRPS_v2,UCSB-CHG/CHIRPS/DAILY,1991-2020,IBGE_2024
2605103,Custódia,PE,1382.059,1,jan,76.79565617438841,OK,1991,2020,30,CHIRPS_v2,UCSB-CHG/CHIRPS/DAILY,1991-2020,IBGE_2024
2602803,Buíque,PE,1295.821,1,jan,61.164403495229145,OK,1991,2020,30,CHIRPS_v2,UCSB-CHG/CHIRPS/DAILY,1991-2020,IBGE_2024
2610806,Pedra,PE,922.482,1,jan,53.45612835830153,OK,1991,2020,30,CHIRPS_v2,UCSB-CHG/CHIRPS/DAILY,1991-2020,IBGE_2024
2601706,Belo Jardim,PE,647.445,1,jan,48.404136030122785,OK,1991,2020,30,CHIRPS_v2,UCSB-CHG/CHIRPS/DAILY,1991-2020,IBGE_2024
2600609,Alagoinha,PE,208.545,1,jan,50.59626100957681,OK,1991,2020,30,CHIRPS_v2,UCSB-CHG/CHIRPS/DAILY,1991-2020,IBGE_2024
2614709,Tacaimbó,PE,227.6,1,jan,45.50549490718679,OK,1991,2020,30,CHIRPS_v2,UCSB-CHG/CHIRPS/DAILY,1991-2020,IBGE_2024
2613008,São Bento do Una,PE,719.193,1,jan,50.46795195683329,OK,1991,2020,30,CHIRPS_v2,UCSB-CHG/CHIRPS/DAILY,1991-2020,IBGE_2024
2612406,Sanharó,PE,268.065,1,jan,49.21049374997195,OK,1991,2020,30,CHIRPS_v2,UCSB-CHG/CHIRPS/DAILY,1991-2020,IBGE_2024
2610905,Pesqueira,PE,970.438,1,jan,49.69741579177009,OK,1991,2020,30,CHIRPS_v2,UCSB-CHG/CHIRPS/DAILY,1991-2020,IBGE_2024
2611200,Poção,PE,205.118,1,jan,49.990151971867554,OK,1991,2020,30,CHIRPS_v2,UCSB-CHG/CHIRPS/DAILY,1991-2020,IBGE_2024
2601805,Betânia,PE,1256.138,1,jan,86.94987789856117,OK,1991,2020,30,CHIRPS_v2,UCSB-CHG/CHIRPS/DAILY,1991-2020,IBGE_2024
2609303,Mirandiba,PE,821.676,1,jan,94.59677964214394,OK,1991,2020,30,CHIRPS_v2,UCSB-CHG/CHIRPS/DAILY,1991-2020,IBGE_2024
2608057,Jatobá,PE,277.862,1,jan,45.303747051229905,OK,1991,2020,30,CHIRPS_v2,UCSB-CHG/CHIRPS/DAILY,1991-2020,IBGE_2024
2615706,Triunfo,PE,191.518,1,jan,122.13635893213561,OK,1991,2020,30,CHIRPS_v2,UCSB-CHG/CHIRPS/DAILY,1991-2020,IBGE_2024
2614808,Tacaratu,PE,1264.532,1,jan,56.142467795347535,OK,1991,2020,30,CHIRPS_v2,UCSB-CHG/CHIRPS/DAILY,1991-2020,IBGE_2024
2613909,Serra Talhada,PE,2980.007,1,jan,105.73875204318699,OK,1991,2020,30,CHIRPS_v2,UCSB-CHG/CHIRPS/DAILY,1991-2020,IBGE_2024
2605707,Floresta,PE,3637.243,1,jan,77.62373666581433,OK,1991,2020,30,CHIRPS_v2,UCSB-CHG/CHIRPS/DAILY,1991-2020,IBGE_2024
2613503,São José do Belmonte,PE,1474.086,1,jan,117.48396453568951,OK,1991,2020,30,CHIRPS_v2,UCSB-CHG/CHIRPS/DAILY,1991-2020,IBGE_2024
2605608,Flores,PE,995.561,1,jan,94.40745411560138,OK,1991,2020,30,CHIRPS_v2,UCSB-CHG/CHIRPS/DAILY,1991-2020,IBGE_2024
2612471,Santa Cruz da Baixa Verde,PE,114.931,1,jan,123.08475252566194,OK,1991,2020,30,CHIRPS_v2,UCSB-CHG/CHIRPS/DAILY,1991-2020,IBGE_2024
2603926,Carnaubeira da Penha,PE,1004.248,1,jan,86.19045218210556,OK,1991,2020,30,CHIRPS_v2,UCSB-CHG/CHIRPS/DAILY,1991-2020,IBGE_2024
2603405,Calumbi,PE,179.314,1,jan,105.22127481516988,OK,1991,2020,30,CHIRPS_v2,UCSB-CHG/CHIRPS/DAILY,1991-2020,IBGE_2024
2611002,Petrolândia,PE,1056.589,1,jan,57.79128895727494,OK,1991,2020,30,CHIRPS_v2,UCSB-CHG/CHIRPS/DAILY,1991-2020,IBGE_2024
2602506,Brejinho,PE,106.066,1,jan,87.073354461003,OK,1991,2020,30,CHIRPS_v2,UCSB-CHG/CHIRPS/DAILY,1991-2020,IBGE_2024
2600104,Afogados da Ingazeira,PE,378.031,1,jan,75.76950086265992,OK,1991,2020,30,CHIRPS_v2,UCSB-CHG/CHIRPS/DAILY,1991-2020,IBGE_2024
2615904,Tuparetama,PE,188.428,1,jan,66.03911243830758,OK,1991,2020,30,CHIRPS_v2,UCSB-CHG/CHIRPS/DAILY,1991-2020,IBGE_2024
2607703,Itapetim,PE,411.875,1,jan,78.11244374011656,OK,1991,2020,30,CHIRPS_v2,UCSB-CHG/CHIRPS/DAILY,1991-2020,IBGE_2024
2606903,Iguaracy,PE,836.046,1,jan,70.74141767675789,OK,1991,2020,30,CHIRPS_v2,UCSB-CHG/CHIRPS/DAILY,1991-2020,IBGE_2024
2607109,Ingazeira,PE,243.858,1,jan,59.01120162084091,OK,1991,2020,30,CHIRPS_v2,UCSB-CHG/CHIRPS/DAILY,1991-2020,IBGE_2024
2614402,Solidão,PE,138.6,1,jan,94.23401665948494,OK,1991,2020,30,CHIRPS_v2,UCSB-CHG/CHIRPS/DAILY,1991-2020,IBGE_2024
2614600,Tabira,PE,388.458,1,jan,71.57404327733751,OK,1991,2020,30,CHIRPS_v2,UCSB-CHG/CHIRPS/DAILY,1991-2020,IBGE_2024
2613602,São José do Egito,PE,774.037,1,jan,75.45996544412647,OK,1991,2020,30,CHIRPS_v2,UCSB-CHG/CHIRPS/DAILY,1991-2020,IBGE_2024
2612802,Santa Terezinha,PE,200.327,1,jan,83.86991443101397,OK,1991,2020,30,CHIRPS_v2,UCSB-CHG/CHIRPS/DAILY,1991-2020,IBGE_2024
2603900,Carnaíba,PE,432.134,1,jan,85.4187744126047,OK,1991,2020,30,CHIRPS_v2,UCSB-CHG/CHIRPS/DAILY,1991-2020,IBGE_2024
2611533,Quixaba,PE,210.705,1,jan,96.38420190225436,OK,1991,2020,30,CHIRPS_v2,UCSB-CHG/CHIRPS/DAILY,1991-2020,IBGE_2024
2611101,Petrolina,PE,4558.905,1,jan,79.06245248260022,OK,1991,2020,30,CHIRPS_v2,UCSB-CHG/CHIRPS/DAILY,1991-2020,IBGE_2024
2609808,Orocó,PE,554.759,1,jan,88.049101383276,OK,1991,2020,30,CHIRPS_v2,UCSB-CHG/CHIRPS/DAILY,1991-2020,IBGE_2024
2608750,Lagoa Grande,PE,1844.506,1,jan,77.28520813129518,OK,1991,2020,30,CHIRPS_v2,UCSB-CHG/CHIRPS/DAILY,1991-2020,IBGE_2024
2600203,Afrânio,PE,1491.572,1,jan,86.26100117909937,OK,1991,2020,30,CHIRPS_v2,UCSB-CHG/CHIRPS/DAILY,1991-2020,IBGE_2024
2605152,Dormentes,PE,1543.723,1,jan,74.38018930760686,OK,1991,2020,30,CHIRPS_v2,UCSB-CHG/CHIRPS/DAILY,1991-2020,IBGE_2024
2612604,Santa Maria da Boa Vista,PE,3000.773,1,jan,84.37943777471493,OK,1991,2020,30,CHIRPS_v2,UCSB-CHG/CHIRPS/DAILY,1991-2020,IBGE_2024
2609907,Ouricuri,PE,2381.568,1,jan,114.447881147177,OK,1991,2020,30,CHIRPS_v2,UCSB-CHG/CHIRPS/DAILY,1991-2020,IBGE_2024
2602001,Bodocó,PE,1621.785,1,jan,141.04438156462942,OK,1991,2020,30,CHIRPS_v2,UCSB-CHG/CHIRPS/DAILY,1991-2020,IBGE_2024
2601102,Araripina,PE,2037.394,1,jan,116.67772498013626,OK,1991,2020,30,CHIRPS_v2,UCSB-CHG/CHIRPS/DAILY,1991-2020,IBGE_2024
2607307,Ipubi,PE,693.915,1,jan,119.84665254770768,OK,1991,2020,30,CHIRPS_v2,UCSB-CHG/CHIRPS/DAILY,1991-2020,IBGE_2024
2615607,Trindade,PE,295.765,1,jan,109.57236357508754,OK,1991,2020,30,CHIRPS_v2,UCSB-CHG/CHIRPS/DAILY,1991-2020,IBGE_2024
2606309,Granito,PE,521.69,1,jan,136.93333385021708,OK,1991,2020,30,CHIRPS_v2,UCSB-CHG/CHIRPS/DAILY,1991-2020,IBGE_2024
2614303,Moreilândia,PE,404.288,1,jan,126.17252937740027,OK,1991,2020,30,CHIRPS_v2,UCSB-CHG/CHIRPS/DAILY,1991-2020,IBGE_2024
2605301,Exu,PE,1336.786,1,jan,147.2204504762445,OK,1991,2020,30,CHIRPS_v2,UCSB-CHG/CHIRPS/DAILY,1991-2020,IBGE_2024
2612455,Santa Cruz,PE,1246.181,1,jan,83.75794854024261,OK,1991,2020,30,CHIRPS_v2,UCSB-CHG/CHIRPS/DAILY,1991-2020,IBGE_2024
2612554,Santa Filomena,PE,1004.561,1,jan,84.90682132622548,OK,1991,2020,30,CHIRPS_v2,UCSB-CHG/CHIRPS/DAILY,1991-2020,IBGE_2024
2601607,Belém do São Francisco,PE,1830.828,1,jan,81.37880667282117,OK,1991,2020,30,CHIRPS_v2,UCSB-CHG/CHIRPS/DAILY,1991-2020,IBGE_2024
2616100,Verdejante,PE,476.04,1,jan,102.36731006418498,OK,1991,2020,30,CHIRPS_v2,UCSB-CHG/CHIRPS/DAILY,1991-2020,IBGE_2024
2607406,Itacuruba,PE,436.528,1,jan,67.4272820362671,OK,1991,2020,30,CHIRPS_v2,UCSB-CHG/CHIRPS/DAILY,1991-2020,IBGE_2024
2615201,Terra Nova,PE,318.709,1,jan,96.51714142214307,OK,1991,2020,30,CHIRPS_v2,UCSB-CHG/CHIRPS/DAILY,1991-2020,IBGE_2024
2614006,Serrita,PE,1535.19,1,jan,115.27939621924483,OK,1991,2020,30,CHIRPS_v2,UCSB-CHG/CHIRPS/DAILY,1991-2020,IBGE_2024
2604304,Cedro,PE,148.746,1,jan,116.05657616980612,OK,1991,2020,30,CHIRPS_v2,UCSB-CHG/CHIRPS/DAILY,1991-2020,IBGE_2024
2612208,Salgueiro,PE,1678.562,1,jan,96.5344882352321,OK,1991,2020,30,CHIRPS_v2,UCSB-CHG/CHIRPS/DAILY,1991-2020,IBGE_2024
2603009,Cabrobó,PE,1658.617,1,jan,87.73110363425414,OK,1991,2020,30,CHIRPS_v2,UCSB-CHG/CHIRPS/DAILY,1991-2020,IBGE_2024
2610400,Parnamirim,PE,2609.55,1,jan,98.77996485267204,OK,1991,2020,30,CHIRPS_v2,UCSB-CHG/CHIRPS/DAILY,1991-2020,IBGE_2024
2600906,Amaraji,PE,233.239,1,jan,53.12715955763059,OK,1991,2020,30,CHIRPS_v2,UCSB-CHG/CHIRPS/DAILY,1991-2020,IBGE_2024
2605202,Escada,PE,342.156,1,jan,48.89108413482687,OK,1991,2020,30,CHIRPS_v2,UCSB-CHG/CHIRPS/DAILY,1991-2020,IBGE_2024
2604809,Cortês,PE,103.416,1,jan,55.44923353404694,OK,1991,2020,30,CHIRPS_v2,UCSB-CHG/CHIRPS/DAILY,1991-2020,IBGE_2024
2611804,Ribeirão,PE,289.566,1,jan,61.58780708110867,OK,1991,2020,30,CHIRPS_v2,UCSB-CHG/CHIRPS/DAILY,1991-2020,IBGE_2024
2611408,Primavera,PE,113.563,1,jan,52.633245682929406,OK,1991,2020,30,CHIRPS_v2,UCSB-CHG/CHIRPS/DAILY,1991-2020,IBGE_2024
2704302,Maceió,AL,509.295,1,jan,76.29065252200833,OK,1991,2020,30,CHIRPS_v2,UCSB-CHG/CHIRPS/DAILY,1991-2020,IBGE_2024
2702207,Coqueiro Seco,AL,39.608,1,jan,63.73429817654054,OK,1991,2020,30,CHIRPS_v2,UCSB-CHG/CHIRPS/DAILY,1991-2020,IBGE_2024
2700508,Barra de Santo Antônio,AL,131.364,1,jan,69.4893296322993,OK,1991,2020,30,CHIRPS_v2,UCSB-CHG/CHIRPS/DAILY,1991-2020,IBGE_2024
2708907,Satuba,AL,41.268,1,jan,55.52098145989096,OK,1991,2020,30,CHIRPS_v2,UCSB-CHG/CHIRPS/DAILY,1991-2020,IBGE_2024
2707701,Rio Largo,AL,293.832,1,jan,53.86374782403586,OK,1991,2020,30,CHIRPS_v2,UCSB-CHG/CHIRPS/DAILY,1991-2020,IBGE_2024
2707909,Santa Luzia do Norte,AL,28.857,1,jan,59.430362248302856,OK,1991,2020,30,CHIRPS_v2,UCSB-CHG/CHIRPS/DAILY,1991-2020,IBGE_2024
2706448,Paripueira,AL,92.813,1,jan,72.48084921794462,OK,1991,2020,30,CHIRPS_v2,UCSB-CHG/CHIRPS/DAILY,1991-2020,IBGE_2024
2705200,Messias,AL,114.156,1,jan,58.33535732712124,OK,1991,2020,30,CHIRPS_v2,UCSB-CHG/CHIRPS/DAILY,1991-2020,IBGE_2024
2704708,Marechal Deodoro,AL,340.987,1,jan,55.6033291265746,OK,1991,2020,30,CHIRPS_v2,UCSB-CHG/CHIRPS/DAILY,1991-2020,IBGE_2024
2703809,Joaquim Gomes,AL,300.865,1,jan,62.874991368333184,OK,1991,2020,30,CHIRPS_v2,UCSB-CHG/CHIRPS/DAILY,1991-2020,IBGE_2024
2702801,Flexeiras,AL,333.756,1,jan,60.677244607239345,OK,1991,2020,30,CHIRPS_v2,UCSB-CHG/CHIRPS/DAILY,1991-2020,IBGE_2024
2700607,Barra de São Miguel,AL,74.332,1,jan,51.816515469444994,OK,1991,2020,30,CHIRPS_v2,UCSB-CHG/CHIRPS/DAILY,1991-2020,IBGE_2024
2706901,Pilar,AL,259.646,1,jan,47.87663758636525,OK,1991,2020,30,CHIRPS_v2,UCSB-CHG/CHIRPS/DAILY,1991-2020,IBGE_2024
2703601,Japaratinga,AL,85.699,1,jan,84.46599122078835,OK,1991,2020,30,CHIRPS_v2,UCSB-CHG/CHIRPS/DAILY,1991-2020,IBGE_2024
2703502,Jacuípe,AL,209.65,1,jan,67.89494986109324,OK,1991,2020,30,CHIRPS_v2,UCSB-CHG/CHIRPS/DAILY,1991-2020,IBGE_2024
2703908,Jundiá,AL,88.772,1,jan,62.887195231562984,OK,1991,2020,30,CHIRPS_v2,UCSB-CHG/CHIRPS/DAILY,1991-2020,IBGE_2024
2702108,Colônia Leopoldina,AL,201.461,1,jan,49.050889666007,OK,1991,2020,30,CHIRPS_v2,UCSB-CHG/CHIRPS/DAILY,1991-2020,IBGE_2024
2701357,Campestre,AL,65.019,1,jan,58.27614594065548,OK,1991,2020,30,CHIRPS_v2,UCSB-CHG/CHIRPS/DAILY,1991-2020,IBGE_2024
2708709,São Miguel dos Milagres,AL,76.852,1,jan,76.32857093049473,OK,1991,2020,30,CHIRPS_v2,UCSB-CHG/CHIRPS/DAILY,1991-2020,IBGE_2024
2708501,São Luís do Quitunde,AL,397.257,1,jan,70.69342712236124,OK,1991,2020,30,CHIRPS_v2,UCSB-CHG/CHIRPS/DAILY,1991-2020,IBGE_2024
2707404,Porto de Pedras,AL,256.526,1,jan,77.11014091612603,OK,1991,2020,30,CHIRPS_v2,UCSB-CHG/CHIRPS/DAILY,1991-2020,IBGE_2024
2707305,Porto Calvo,AL,313.68,1,jan,71.35874842677995,OK,1991,2020,30,CHIRPS_v2,UCSB-CHG/CHIRPS/DAILY,1991-2020,IBGE_2024
2706505,Passo de Camaragibe,AL,251.169,1,jan,71.39723212122537,OK,1991,2020,30,CHIRPS_v2,UCSB-CHG/CHIRPS/DAILY,1991-2020,IBGE_2024
2705606,Novo Lino,AL,219.327,1,jan,57.26721167754146,OK,1991,2020,30,CHIRPS_v2,UCSB-CHG/CHIRPS/DAILY,1991-2020,IBGE_2024
2705101,Matriz de Camaragibe,AL,238.112,1,jan,73.42610055235987,OK,1991,2020,30,CHIRPS_v2,UCSB-CHG/CHIRPS/DAILY,1991-2020,IBGE_2024
2704500,Maragogi,AL,333.952,1,jan,80.15282196002775,OK,1991,2020,30,CHIRPS_v2,UCSB-CHG/CHIRPS/DAILY,1991-2020,IBGE_2024
2703205,Igreja Nova,AL,428.023,1,jan,33.96509947114007,OK,1991,2020,30,CHIRPS_v2,UCSB-CHG/CHIRPS/DAILY,1991-2020,IBGE_2024
2702702,Feliz Deserto,AL,110.062,1,jan,41.93082065875424,OK,1991,2020,30,CHIRPS_v2,UCSB-CHG/CHIRPS/DAILY,1991-2020,IBGE_2024
2702306,Coruripe,AL,897.431,1,jan,42.09933294936761,OK,1991,2020,30,CHIRPS_v2,UCSB-CHG/CHIRPS/DAILY,1991-2020,IBGE_2024
2708204,São Brás,AL,138.969,1,jan,30.010636278065512,OK,1991,2020,30,CHIRPS_v2,UCSB-CHG/CHIRPS/DAILY,1991-2020,IBGE_2024
2707503,Porto Real do Colégio,AL,237.017,1,jan,31.312937201079386,OK,1991,2020,30,CHIRPS_v2,UCSB-CHG/CHIRPS/DAILY,1991-2020,IBGE_2024
2706703,Penedo,AL,688.713,1,jan,39.22754683316154,OK,1991,2020,30,CHIRPS_v2,UCSB-CHG/CHIRPS/DAILY,1991-2020,IBGE_2024
2706802,Piaçabuçu,AL,243.686,1,jan,37.741354676471836,OK,1991,2020,30,CHIRPS_v2,UCSB-CHG/CHIRPS/DAILY,1991-2020,IBGE_2024
2703759,Jequiá da Praia,AL,334.619,1,jan,47.02899169178493,OK,1991,2020,30,CHIRPS_v2,UCSB-CHG/CHIRPS/DAILY,1991-2020,IBGE_2024
2701407,Campo Alegre,AL,312.726,1,jan,38.53489253383897,OK,1991,2020,30,CHIRPS_v2,UCSB-CHG/CHIRPS/DAILY,1991-2020,IBGE_2024
2701001,Boca da Mata,AL,192.952,1,jan,40.848226211690644,OK,1991,2020,30,CHIRPS_v2,UCSB-CHG/CHIRPS/DAILY,1991-2020,IBGE_2024
2708600,São Miguel dos Campos,AL,335.679,1,jan,45.68374390426067,OK,1991,2020,30,CHIRPS_v2,UCSB-CHG/CHIRPS/DAILY,1991-2020,IBGE_2024
2700201,Anadia,AL,186.074,1,jan,36.13533219007538,OK,1991,2020,30,CHIRPS_v2,UCSB-CHG/CHIRPS/DAILY,1991-2020,IBGE_2024
2707800,Roteiro,AL,128.869,1,jan,50.13804993756453,OK,1991,2020,30,CHIRPS_v2,UCSB-CHG/CHIRPS/DAILY,1991-2020,IBGE_2024
2703007,Ibateguara,AL,265.313,1,jan,48.35137203684215,OK,1991,2020,30,CHIRPS_v2,UCSB-CHG/CHIRPS/DAILY,1991-2020,IBGE_2024
2709301,União dos Palmares,AL,420.081,1,jan,43.683253317002794,OK,1991,2020,30,CHIRPS_v2,UCSB-CHG/CHIRPS/DAILY,1991-2020,IBGE_2024
2701100,Branquinha,AL,168.343,1,jan,45.96193001399806,OK,1991,2020,30,CHIRPS_v2,UCSB-CHG/CHIRPS/DAILY,1991-2020,IBGE_2024
2708105,Santana do Mundaú,AL,232.17,1,jan,47.941177110587724,OK,1991,2020,30,CHIRPS_v2,UCSB-CHG/CHIRPS/DAILY,1991-2020,IBGE_2024
2708303,São José da Laje,AL,256.603,1,jan,48.04842538509847,OK,1991,2020,30,CHIRPS_v2,UCSB-CHG/CHIRPS/DAILY,1991-2020,IBGE_2024
2705507,Murici,AL,418.028,1,jan,50.17534831384731,OK,1991,2020,30,CHIRPS_v2,UCSB-CHG/CHIRPS/DAILY,1991-2020,IBGE_2024
2701902,Chã Preta,AL,157.831,1,jan,46.823967820296254,OK,1991,2020,30,CHIRPS_v2,UCSB-CHG/CHIRPS/DAILY,1991-2020,IBGE_2024
2701704,Capela,AL,253.168,1,jan,45.836383309053296,OK,1991,2020,30,CHIRPS_v2,UCSB-CHG/CHIRPS/DAILY,1991-2020,IBGE_2024
2701308,Cajueiro,AL,107.168,1,jan,45.09796193508533,OK,1991,2020,30,CHIRPS_v2,UCSB-CHG/CHIRPS/DAILY,1991-2020,IBGE_2024
2709400,Viçosa,AL,365.154,1,jan,45.63915782856678,OK,1991,2020,30,CHIRPS_v2,UCSB-CHG/CHIRPS/DAILY,1991-2020,IBGE_2024
2700409,Atalaia,AL,533.259,1,jan,43.06405106562124,OK,1991,2020,30,CHIRPS_v2,UCSB-CHG/CHIRPS/DAILY,1991-2020,IBGE_2024
2707008,Pindoba,AL,117.576,1,jan,39.90017828473758,OK,1991,2020,30,CHIRPS_v2,UCSB-CHG/CHIRPS/DAILY,1991-2020,IBGE_2024
2704906,Mar Vermelho,AL,91.741,1,jan,38.731954844147225,OK,1991,2020,30,CHIRPS_v2,UCSB-CHG/CHIRPS/DAILY,1991-2020,IBGE_2024
2700300,Arapiraca,AL,346.188,1,jan,31.51981542938717,OK,1991,2020,30,CHIRPS_v2,UCSB-CHG/CHIRPS/DAILY,1991-2020,IBGE_2024
2704104,Lagoa da Canoa,AL,83.621,1,jan,29.65415677470487,OK,1991,2020,30,CHIRPS_v2,UCSB-CHG/CHIRPS/DAILY,1991-2020,IBGE_2024
2704005,Junqueiro,AL,246.961,1,jan,30.90913254244118,OK,1991,2020,30,CHIRPS_v2,UCSB-CHG/CHIRPS/DAILY,1991-2020,IBGE_2024
2704203,Limoeiro de Anadia,AL,309.171,1,jan,30.271821007024677,OK,1991,2020,30,CHIRPS_v2,UCSB-CHG/CHIRPS/DAILY,1991-2020,IBGE_2024
2703700,Jaramataia,AL,105.416,1,jan,33.26501236864253,OK,1991,2020,30,CHIRPS_v2,UCSB-CHG/CHIRPS/DAILY,1991-2020,IBGE_2024
2702603,Feira Grande,AL,175.906,1,jan,28.55771486575415,OK,1991,2020,30,CHIRPS_v2,UCSB-CHG/CHIRPS/DAILY,1991-2020,IBGE_2024
2702900,Girau do Ponciano,AL,517.85,1,jan,31.20333999852123,OK,1991,2020,30,CHIRPS_v2,UCSB-CHG/CHIRPS/DAILY,1991-2020,IBGE_2024
2702009,Coité do Nóia,AL,88.334,1,jan,34.119442742301885,OK,1991,2020,30,CHIRPS_v2,UCSB-CHG/CHIRPS/DAILY,1991-2020,IBGE_2024
2702355,Craíbas,AL,277.617,1,jan,33.16454728237048,OK,1991,2020,30,CHIRPS_v2,UCSB-CHG/CHIRPS/DAILY,1991-2020,IBGE_2024
2701506,Campo Grande,AL,170.145,1,jan,23.53594613981535,OK,1991,2020,30,CHIRPS_v2,UCSB-CHG/CHIRPS/DAILY,1991-2020,IBGE_2024
2709202,Traipu,AL,680.0,1,jan,30.987604538081566,OK,1991,2020,30,CHIRPS_v2,UCSB-CHG/CHIRPS/DAILY,1991-2020,IBGE_2024
2709103,Taquarana,AL,153.833,1,jan,32.58952467917447,OK,1991,2020,30,CHIRPS_v2,UCSB-CHG/CHIRPS/DAILY,1991-2020,IBGE_2024
2709152,Teotônio Vilela,AL,299.237,1,jan,36.09575370145581,OK,1991,2020,30,CHIRPS_v2,UCSB-CHG/CHIRPS/DAILY,1991-2020,IBGE_2024
2709004,Tanque d'Arca,AL,124.616,1,jan,36.338264227703824,OK,1991,2020,30,CHIRPS_v2,UCSB-CHG/CHIRPS/DAILY,1991-2020,IBGE_2024
2708808,São Sebastião,AL,312.746,1,jan,30.894095156197054,OK,1991,2020,30,CHIRPS_v2,UCSB-CHG/CHIRPS/DAILY,1991-2020,IBGE_2024
2705903,Olho d'Água Grande,AL,115.509,1,jan,27.95477336544044,OK,1991,2020,30,CHIRPS_v2,UCSB-CHG/CHIRPS/DAILY,1991-2020,IBGE_2024
2704807,Maribondo,AL,180.107,1,jan,36.183838053646404,OK,1991,2020,30,CHIRPS_v2,UCSB-CHG/CHIRPS/DAILY,1991-2020,IBGE_2024
2704401,Major Isidoro,AL,437.602,1,jan,34.46534628650856,OK,1991,2020,30,CHIRPS_v2,UCSB-CHG/CHIRPS/DAILY,1991-2020,IBGE_2024
2703106,Igaci,AL,334.342,1,jan,34.59595347883512,OK,1991,2020,30,CHIRPS_v2,UCSB-CHG/CHIRPS/DAILY,1991-2020,IBGE_2024
2702553,Estrela de Alagoas,AL,260.615,1,jan,35.97617166825819,OK,1991,2020,30,CHIRPS_v2,UCSB-CHG/CHIRPS/DAILY,1991-2020,IBGE_2024
2701209,Cacimbinhas,AL,282.011,1,jan,35.30625604548426,OK,1991,2020,30,CHIRPS_v2,UCSB-CHG/CHIRPS/DAILY,1991-2020,IBGE_2024
2700805,Belém,AL,66.629,1,jan,34.987969625279014,OK,1991,2020,30,CHIRPS_v2,UCSB-CHG/CHIRPS/DAILY,1991-2020,IBGE_2024
2707602,Quebrangulo,AL,319.829,1,jan,51.675561223135034,OK,1991,2020,30,CHIRPS_v2,UCSB-CHG/CHIRPS/DAILY,1991-2020,IBGE_2024
2706604,Paulo Jacinto,AL,118.457,1,jan,46.112314339615835,OK,1991,2020,30,CHIRPS_v2,UCSB-CHG/CHIRPS/DAILY,1991-2020,IBGE_2024
2706307,Palmeira dos Índios,AL,450.99,1,jan,37.68173796181599,OK,1991,2020,30,CHIRPS_v2,UCSB-CHG/CHIRPS/DAILY,1991-2020,IBGE_2024
2705309,Minador do Negrão,AL,167.461,1,jan,36.239100864307325,OK,1991,2020,30,CHIRPS_v2,UCSB-CHG/CHIRPS/DAILY,1991-2020,IBGE_2024
2703304,Inhapi,AL,372.019,1,jan,44.515243059181714,OK,1991,2020,30,CHIRPS_v2,UCSB-CHG/CHIRPS/DAILY,1991-2020,IBGE_2024
2702405,Delmiro Gouveia,AL,628.547,1,jan,46.54270644611822,OK,1991,2020,30,CHIRPS_v2,UCSB-CHG/CHIRPS/DAILY,1991-2020,IBGE_2024
2700102,Água Branca,AL,473.845,1,jan,48.296849458288854,OK,1991,2020,30,CHIRPS_v2,UCSB-CHG/CHIRPS/DAILY,1991-2020,IBGE_2024
2707107,Piranhas,AL,403.994,1,jan,38.55356660432596,OK,1991,2020,30,CHIRPS_v2,UCSB-CHG/CHIRPS/DAILY,1991-2020,IBGE_2024
2706422,Pariconha,AL,254.718,1,jan,48.00946288416924,OK,1991,2020,30,CHIRPS_v2,UCSB-CHG/CHIRPS/DAILY,1991-2020,IBGE_2024
2705804,Olho d'Água do Casado,AL,327.679,1,jan,43.162667112842556,OK,1991,2020,30,CHIRPS_v2,UCSB-CHG/CHIRPS/DAILY,1991-2020,IBGE_2024
2705002,Mata Grande,AL,909.535,1,jan,54.794996847070934,OK,1991,2020,30,CHIRPS_v2,UCSB-CHG/CHIRPS/DAILY,1991-2020,IBGE_2024
2702504,Dois Riachos,AL,142.364,1,jan,36.44986439997606,OK,1991,2020,30,CHIRPS_v2,UCSB-CHG/CHIRPS/DAILY,1991-2020,IBGE_2024
2701605,Canapi,AL,600.879,1,jan,44.85410312288321,OK,1991,2020,30,CHIRPS_v2,UCSB-CHG/CHIRPS/DAILY,1991-2020,IBGE_2024
2701803,Carneiros,AL,111.695,1,jan,38.2260951231296,OK,1991,2020,30,CHIRPS_v2,UCSB-CHG/CHIRPS/DAILY,1991-2020,IBGE_2024
2708956,Senador Rui Palmeira,AL,338.569,1,jan,37.84131201574642,OK,1991,2020,30,CHIRPS_v2,UCSB-CHG/CHIRPS/DAILY,1991-2020,IBGE_2024
2708006,Santana do Ipanema,AL,436.087,1,jan,37.84077764764017,OK,1991,2020,30,CHIRPS_v2,UCSB-CHG/CHIRPS/DAILY,1991-2020,IBGE_2024
2707206,Poço das Trincheiras,AL,284.526,1,jan,39.89465089724704,OK,1991,2020,30,CHIRPS_v2,UCSB-CHG/CHIRPS/DAILY,1991-2020,IBGE_2024
2706000,Olivença,AL,174.188,1,jan,35.57587944150012,OK,1991,2020,30,CHIRPS_v2,UCSB-CHG/CHIRPS/DAILY,1991-2020,IBGE_2024
2706109,Ouro Branco,AL,196.349,1,jan,42.99804831060944,OK,1991,2020,30,CHIRPS_v2,UCSB-CHG/CHIRPS/DAILY,1991-2020,IBGE_2024
2704609,Maravilha,AL,334.052,1,jan,41.83224674619835,OK,1991,2020,30,CHIRPS_v2,UCSB-CHG/CHIRPS/DAILY,1991-2020,IBGE_2024
2703403,Jacaré dos Homens,AL,149.332,1,jan,33.2054882211574,OK,1991,2020,30,CHIRPS_v2,UCSB-CHG/CHIRPS/DAILY,1991-2020,IBGE_2024
2700904,Belo Monte,AL,322.887,1,jan,27.54128183606817,OK,1991,2020,30,CHIRPS_v2,UCSB-CHG/CHIRPS/DAILY,1991-2020,IBGE_2024
2700706,Batalha,AL,331.752,1,jan,32.31372047635502,OK,1991,2020,30,CHIRPS_v2,UCSB-CHG/CHIRPS/DAILY,1991-2020,IBGE_2024
2708402,São José da Tapera,AL,490.88,1,jan,34.876936545998355,OK,1991,2020,30,CHIRPS_v2,UCSB-CHG/CHIRPS/DAILY,1991-2020,IBGE_2024
2706208,Palestina,AL,38.189,1,jan,30.80331406790608,OK,1991,2020,30,CHIRPS_v2,UCSB-CHG/CHIRPS/DAILY,1991-2020,IBGE_2024
2706406,Pão de Açúcar,AL,688.87,1,jan,31.454258758474065,OK,1991,2020,30,CHIRPS_v2,UCSB-CHG/CHIRPS/DAILY,1991-2020,IBGE_2024
2705705,Olho d'Água das Flores,AL,188.398,1,jan,35.71980123844636,OK,1991,2020,30,CHIRPS_v2,UCSB-CHG/CHIRPS/DAILY,1991-2020,IBGE_2024
2705408,Monteirópolis,AL,86.605,1,jan,33.420474371043625,OK,1991,2020,30,CHIRPS_v2,UCSB-CHG/CHIRPS/DAILY,1991-2020,IBGE_2024
2801900,Cumbe,SE,121.959,1,jan,38.134078181654935,OK,1991,2020,30,CHIRPS_v2,UCSB-CHG/CHIRPS/DAILY,1991-2020,IBGE_2024
2801306,Capela,SE,442.21,1,jan,40.71806593552362,OK,1991,2020,30,CHIRPS_v2,UCSB-CHG/CHIRPS/DAILY,1991-2020,IBGE_2024
2806503,Santa Rosa de Lima,SE,67.672,1,jan,40.92616873194758,OK,1991,2020,30,CHIRPS_v2,UCSB-CHG/CHIRPS/DAILY,1991-2020,IBGE_2024
2806602,Santo Amaro das Brotas,SE,236.965,1,jan,45.05561817438432,OK,1991,2020,30,CHIRPS_v2,UCSB-CHG/CHIRPS/DAILY,1991-2020,IBGE_2024
2805307,Pirambu,SE,208.681,1,jan,46.523834916226406,OK,1991,2020,30,CHIRPS_v2,UCSB-CHG/CHIRPS/DAILY,1991-2020,IBGE_2024
2804607,Nossa Senhora das Dores,SE,482.785,1,jan,38.252146495873546,OK,1991,2020,30,CHIRPS_v2,UCSB-CHG/CHIRPS/DAILY,1991-2020,IBGE_2024
2803302,Japaratuba,SE,365.677,1,jan,41.45390066880502,OK,1991,2020,30,CHIRPS_v2,UCSB-CHG/CHIRPS/DAILY,1991-2020,IBGE_2024
2803203,Itaporanga d'Ajuda,SE,739.702,1,jan,49.556039564153366,OK,1991,2020,30,CHIRPS_v2,UCSB-CHG/CHIRPS/DAILY,1991-2020,IBGE_2024
2802502,General Maynard,SE,19.793,1,jan,43.71106180281965,OK,1991,2020,30,CHIRPS_v2,UCSB-CHG/CHIRPS/DAILY,1991-2020,IBGE_2024
2802007,Divina Pastora,SE,90.508,1,jan,40.12773822295077,OK,1991,2020,30,CHIRPS_v2,UCSB-CHG/CHIRPS/DAILY,1991-2020,IBGE_2024
2801504,Carmópolis,SE,46.395,1,jan,43.096200321259595,OK,1991,2020,30,CHIRPS_v2,UCSB-CHG/CHIRPS/DAILY,1991-2020,IBGE_2024
2800308,Aracaju,SE,182.163,1,jan,44.96820228911636,OK,1991,2020,30,CHIRPS_v2,UCSB-CHG/CHIRPS/DAILY,1991-2020,IBGE_2024
2800605,Barra dos Coqueiros,SE,92.268,1,jan,48.179115877413096,OK,1991,2020,30,CHIRPS_v2,UCSB-CHG/CHIRPS/DAILY,1991-2020,IBGE_2024
2807204,Siriri,SE,168.343,1,jan,41.32159376148756,OK,1991,2020,30,CHIRPS_v2,UCSB-CHG/CHIRPS/DAILY,1991-2020,IBGE_2024
2806701,São Cristóvão,SE,438.037,1,jan,50.029652583157954,OK,1991,2020,30,CHIRPS_v2,UCSB-CHG/CHIRPS/DAILY,1991-2020,IBGE_2024
2805901,Riachuelo,SE,78.308,1,jan,42.15554927470257,OK,1991,2020,30,CHIRPS_v2,UCSB-CHG/CHIRPS/DAILY,1991-2020,IBGE_2024
2806107,Rosário do Catete,SE,102.683,1,jan,42.469853261370766,OK,1991,2020,30,CHIRPS_v2,UCSB-CHG/CHIRPS/DAILY,1991-2020,IBGE_2024
2804805,Nossa Senhora do Socorro,SE,155.018,1,jan,47.27186578376018,OK,1991,2020,30,CHIRPS_v2,UCSB-CHG/CHIRPS/DAILY,1991-2020,IBGE_2024
2804003,Maruim,SE,95.554,1,jan,39.39427856500676,OK,1991,2020,30,CHIRPS_v2,UCSB-CHG/CHIRPS/DAILY,1991-2020,IBGE_2024
2803609,Laranjeiras,SE,162.274,1,jan,43.831021699042964,OK,1991,2020,30,CHIRPS_v2,UCSB-CHG/CHIRPS/DAILY,1991-2020,IBGE_2024
2802106,Estância,SE,647.344,1,jan,51.564867137967205,OK,1991,2020,30,CHIRPS_v2,UCSB-CHG/CHIRPS/DAILY,1991-2020,IBGE_2024
2801702,Cristinápolis,SE,228.556,1,jan,48.117717262274944,OK,1991,2020,30,CHIRPS_v2,UCSB-CHG/CHIRPS/DAILY,1991-2020,IBGE_2024
2800407,Arauá,SE,198.967,1,jan,44.32611503708511,OK,1991,2020,30,CHIRPS_v2,UCSB-CHG/CHIRPS/DAILY,1991-2020,IBGE_2024
2800670,Boquim,SE,205.443,1,jan,42.63060789427558,OK,1991,2020,30,CHIRPS_v2,UCSB-CHG/CHIRPS/DAILY,1991-2020,IBGE_2024
2807501,Tomar do Geru,SE,304.837,1,jan,45.09092883776161,OK,1991,2020,30,CHIRPS_v2,UCSB-CHG/CHIRPS/DAILY,1991-2020,IBGE_2024
2807600,Umbaúba,SE,117.514,1,jan,46.3835949229541,OK,1991,2020,30,CHIRPS_v2,UCSB-CHG/CHIRPS/DAILY,1991-2020,IBGE_2024
2806305,Santa Luzia do Itanhy,SE,325.259,1,jan,47.25487530189274,OK,1991,2020,30,CHIRPS_v2,UCSB-CHG/CHIRPS/DAILY,1991-2020,IBGE_2024
2805109,Pedrinhas,SE,33.344,1,jan,41.21022646295529,OK,1991,2020,30,CHIRPS_v2,UCSB-CHG/CHIRPS/DAILY,1991-2020,IBGE_2024
2803005,Itabaianinha,SE,501.794,1,jan,42.43130380845011,OK,1991,2020,30,CHIRPS_v2,UCSB-CHG/CHIRPS/DAILY,1991-2020,IBGE_2024
2802809,Indiaroba,SE,316.316,1,jan,47.0714498559878,OK,1991,2020,30,CHIRPS_v2,UCSB-CHG/CHIRPS/DAILY,1991-2020,IBGE_2024
2802700,Ilha das Flores,SE,52.693,1,jan,41.34395406630631,OK,1991,2020,30,CHIRPS_v2,UCSB-CHG/CHIRPS/DAILY,1991-2020,IBGE_2024
2801603,Cedro de São João,SE,83.71,1,jan,37.2852571255245,OK,1991,2020,30,CHIRPS_v2,UCSB-CHG/CHIRPS/DAILY,1991-2020,IBGE_2024
2801108,Canhoba,SE,171.581,1,jan,34.13354774233367,OK,1991,2020,30,CHIRPS_v2,UCSB-CHG/CHIRPS/DAILY,1991-2020,IBGE_2024
2800209,Aquidabã,SE,359.543,1,jan,38.53842401245144,OK,1991,2020,30,CHIRPS_v2,UCSB-CHG/CHIRPS/DAILY,1991-2020,IBGE_2024
2800704,Brejo Grande,SE,141.464,1,jan,40.721717028981686,OK,1991,2020,30,CHIRPS_v2,UCSB-CHG/CHIRPS/DAILY,1991-2020,IBGE_2024
2800100,Amparo do São Francisco,SE,35.683,1,jan,32.45614789819896,OK,1991,2020,30,CHIRPS_v2,UCSB-CHG/CHIRPS/DAILY,1991-2020,IBGE_2024
2806909,São Francisco,SE,83.985,1,jan,39.191515221763446,OK,1991,2020,30,CHIRPS_v2,UCSB-CHG/CHIRPS/DAILY,1991-2020,IBGE_2024
2807303,Telha,SE,47.86,1,jan,31.392452924601134,OK,1991,2020,30,CHIRPS_v2,UCSB-CHG/CHIRPS/DAILY,1991-2020,IBGE_2024
2806404,Santana do São Francisco,SE,44.017,1,jan,37.47715326126899,OK,1991,2020,30,CHIRPS_v2,UCSB-CHG/CHIRPS/DAILY,1991-2020,IBGE_2024
2805703,Propriá,SE,96.32,1,jan,34.52237880548241,OK,1991,2020,30,CHIRPS_v2,UCSB-CHG/CHIRPS/DAILY,1991-2020,IBGE_2024
2804904,Pacatuba,SE,381.428,1,jan,44.622318439682324,OK,1991,2020,30,CHIRPS_v2,UCSB-CHG/CHIRPS/DAILY,1991-2020,IBGE_2024
2804300,Muribeca,SE,74.31,1,jan,41.093832594392374,OK,1991,2020,30,CHIRPS_v2,UCSB-CHG/CHIRPS/DAILY,1991-2020,IBGE_2024
2804409,Neópolis,SE,271.323,1,jan,38.87519115274354,OK,1991,2020,30,CHIRPS_v2,UCSB-CHG/CHIRPS/DAILY,1991-2020,IBGE_2024
2804706,Nossa Senhora de Lourdes,SE,83.767,1,jan,33.39489878145933,OK,1991,2020,30,CHIRPS_v2,UCSB-CHG/CHIRPS/DAILY,1991-2020,IBGE_2024
2803807,Malhada dos Bois,SE,63.199,1,jan,40.38223180370229,OK,1991,2020,30,CHIRPS_v2,UCSB-CHG/CHIRPS/DAILY,1991-2020,IBGE_2024
2803401,Japoatã,SE,402.353,1,jan,41.08324071909661,OK,1991,2020,30,CHIRPS_v2,UCSB-CHG/CHIRPS/DAILY,1991-2020,IBGE_2024
2802304,Frei Paulo,SE,399.178,1,jan,38.636613665610334,OK,1991,2020,30,CHIRPS_v2,UCSB-CHG/CHIRPS/DAILY,1991-2020,IBGE_2024
2801405,Carira,SE,638.875,1,jan,40.413407798292155,OK,1991,2020,30,CHIRPS_v2,UCSB-CHG/CHIRPS/DAILY,1991-2020,IBGE_2024
2801009,Campo do Brito,SE,201.518,1,jan,40.871421418975025,OK,1991,2020,30,CHIRPS_v2,UCSB-CHG/CHIRPS/DAILY,1991-2020,IBGE_2024
2800506,Areia Branca,SE,148.135,1,jan,47.42888924529394,OK,1991,2020,30,CHIRPS_v2,UCSB-CHG/CHIRPS/DAILY,1991-2020,IBGE_2024
2807006,São Miguel do Aleixo,SE,140.041,1,jan,38.86939908716849,OK,1991,2020,30,CHIRPS_v2,UCSB-CHG/CHIRPS/DAILY,1991-2020,IBGE_2024
2806800,São Domingos,SE,101.999,1,jan,41.32717250472784,OK,1991,2020,30,CHIRPS_v2,UCSB-CHG/CHIRPS/DAILY,1991-2020,IBGE_2024
2806008,Ribeirópolis,SE,259.057,1,jan,37.10986061661259,OK,1991,2020,30,CHIRPS_v2,UCSB-CHG/CHIRPS/DAILY,1991-2020,IBGE_2024
2805000,Pedra Mole,SE,82.184,1,jan,45.06168952179361,OK,1991,2020,30,CHIRPS_v2,UCSB-CHG/CHIRPS/DAILY,1991-2020,IBGE_2024
2805208,Pinhão,SE,156.4,1,jan,45.74993483612956,OK,1991,2020,30,CHIRPS_v2,UCSB-CHG/CHIRPS/DAILY,1991-2020,IBGE_2024
2804458,Nossa Senhora Aparecida,SE,340.855,1,jan,38.130616497664676,OK,1991,2020,30,CHIRPS_v2,UCSB-CHG/CHIRPS/DAILY,1991-2020,IBGE_2024
2803906,Malhador,SE,101.888,1,jan,39.013584626665185,OK,1991,2020,30,CHIRPS_v2,UCSB-CHG/CHIRPS/DAILY,1991-2020,IBGE_2024
2804102,Moita Bonita,SE,95.397,1,jan,33.64135382058741,OK,1991,2020,30,CHIRPS_v2,UCSB-CHG/CHIRPS/DAILY,1991-2020,IBGE_2024
2803708,Macambira,SE,137.496,1,jan,41.34847906422543,OK,1991,2020,30,CHIRPS_v2,UCSB-CHG/CHIRPS/DAILY,1991-2020,IBGE_2024
2802908,Itabaiana,SE,337.348,1,jan,38.66913525886597,OK,1991,2020,30,CHIRPS_v2,UCSB-CHG/CHIRPS/DAILY,1991-2020,IBGE_2024
2807402,Tobias Barreto,SE,1024.645,1,jan,36.92526923134961,OK,1991,2020,30,CHIRPS_v2,UCSB-CHG/CHIRPS/DAILY,1991-2020,IBGE_2024
2807105,Simão Dias,SE,560.199,1,jan,44.49546117910901,OK,1991,2020,30,CHIRPS_v2,UCSB-CHG/CHIRPS/DAILY,1991-2020,IBGE_2024
2806206,Salgado,SE,247.579,1,jan,45.22033390420883,OK,1991,2020,30,CHIRPS_v2,UCSB-CHG/CHIRPS/DAILY,1991-2020,IBGE_2024
2805505,Poço Verde,SE,441.326,1,jan,36.85528812902006,OK,1991,2020,30,CHIRPS_v2,UCSB-CHG/CHIRPS/DAILY,1991-2020,IBGE_2024
2805802,Riachão do Dantas,SE,530.606,1,jan,36.07997443955124,OK,1991,2020,30,CHIRPS_v2,UCSB-CHG/CHIRPS/DAILY,1991-2020,IBGE_2024
2803500,Lagarto,SE,968.921,1,jan,42.926037451936686,OK,1991,2020,30,CHIRPS_v2,UCSB-CHG/CHIRPS/DAILY,1991-2020,IBGE_2024
2803104,Itabi,SE,183.422,1,jan,34.50485255030436,OK,1991,2020,30,CHIRPS_v2,UCSB-CHG/CHIRPS/DAILY,1991-2020,IBGE_2024
2802403,Gararu,SE,661.622,1,jan,32.56978571750818,OK,1991,2020,30,CHIRPS_v2,UCSB-CHG/CHIRPS/DAILY,1991-2020,IBGE_2024
2802601,Graccho Cardoso,SE,240.756,1,jan,36.215897319461604,OK,1991,2020,30,CHIRPS_v2,UCSB-CHG/CHIRPS/DAILY,1991-2020,IBGE_2024
2802205,Feira Nova,SE,194.187,1,jan,36.80440459845775,OK,1991,2020,30,CHIRPS_v2,UCSB-CHG/CHIRPS/DAILY,1991-2020,IBGE_2024
2801207,Canindé de São Francisco,SE,1080.009,1,jan,42.28884057231891,OK,1991,2020,30,CHIRPS_v2,UCSB-CHG/CHIRPS/DAILY,1991-2020,IBGE_2024
2805406,Poço Redondo,SE,1074.584,1,jan,37.374518560732945,OK,1991,2020,30,CHIRPS_v2,UCSB-CHG/CHIRPS/DAILY,1991-2020,IBGE_2024
2805604,Porto da Folha,SE,878.044,1,jan,32.1765357558581,OK,1991,2020,30,CHIRPS_v2,UCSB-CHG/CHIRPS/DAILY,1991-2020,IBGE_2024
2804508,Nossa Senhora da Glória,SE,754.959,1,jan,36.835245326876745,OK,1991,2020,30,CHIRPS_v2,UCSB-CHG/CHIRPS/DAILY,1991-2020,IBGE_2024
2804201,Monte Alegre de Sergipe,SE,387.352,1,jan,35.69018961801505,OK,1991,2020,30,CHIRPS_v2,UCSB-CHG/CHIRPS/DAILY,1991-2020,IBGE_2024
2930709,Simões Filho,BA,201.529,1,jan,57.354083786220244,OK,1991,2020,30,CHIRPS_v2,UCSB-CHG/CHIRPS/DAILY,1991-2020,IBGE_2024
2906501,Candeias,BA,251.808,1,jan,59.28302398882375,OK,1991,2020,30,CHIRPS_v2,UCSB-CHG/CHIRPS/DAILY,1991-2020,IBGE_2024
2905701,Camaçari,BA,785.421,1,jan,62.83870393315166,OK,1991,2020,30,CHIRPS_v2,UCSB-CHG/CHIRPS/DAILY,1991-2020,IBGE_2024
2929503,São Sebastião do Passé,BA,536.678,1,jan,68.10621838822789,OK,1991,2020,30,CHIRPS_v2,UCSB-CHG/CHIRPS/DAILY,1991-2020,IBGE_2024
2929206,São Francisco do Conde,BA,269.737,1,jan,60.081375385261055,OK,1991,2020,30,CHIRPS_v2,UCSB-CHG/CHIRPS/DAILY,1991-2020,IBGE_2024
2921005,Mata de São João,BA,605.169,1,jan,63.23436920728812,OK,1991,2020,30,CHIRPS_v2,UCSB-CHG/CHIRPS/DAILY,1991-2020,IBGE_2024
2919926,Madre de Deus,BA,33.032,1,jan,54.007367887578376,OK,1991,2020,30,CHIRPS_v2,UCSB-CHG/CHIRPS/DAILY,1991-2020,IBGE_2024
2927408,Salvador,BA,692.589,1,jan,66.25564292906448,OK,1991,2020,30,CHIRPS_v2,UCSB-CHG/CHIRPS/DAILY,1991-2020,IBGE_2024
2919207,Lauro de Freitas,BA,57.942,1,jan,53.08593869443666,OK,1991,2020,30,CHIRPS_v2,UCSB-CHG/CHIRPS/DAILY,1991-2020,IBGE_2024
2910057,Dias d'Ávila,BA,183.759,1,jan,68.9034942531193,OK,1991,2020,30,CHIRPS_v2,UCSB-CHG/CHIRPS/DAILY,1991-2020,IBGE_2024
2931707,Terra Nova,BA,193.241,1,jan,65.53305211253146,OK,1991,2020,30,CHIRPS_v2,UCSB-CHG/CHIRPS/DAILY,1991-2020,IBGE_2024
2915908,Itanagra,BA,533.632,1,jan,60.485903894791214,OK,1991,2020,30,CHIRPS_v2,UCSB-CHG/CHIRPS/DAILY,1991-2020,IBGE_2024
2907509,Catu,BA,426.956,1,jan,62.54020854886517,OK,1991,2020,30,CHIRPS_v2,UCSB-CHG/CHIRPS/DAILY,1991-2020,IBGE_2024
2929750,Saubara,BA,166.428,1,jan,56.231426977497165,OK,1991,2020,30,CHIRPS_v2,UCSB-CHG/CHIRPS/DAILY,1991-2020,IBGE_2024
2928604,Santo Amaro,BA,494.502,1,jan,57.222368005358355,OK,1991,2020,30,CHIRPS_v2,UCSB-CHG/CHIRPS/DAILY,1991-2020,IBGE_2024
2925204,Pojuca,BA,314.931,1,jan,60.71624160515567,OK,1991,2020,30,CHIRPS_v2,UCSB-CHG/CHIRPS/DAILY,1991-2020,IBGE_2024
2900702,Alagoinhas,BA,707.836,1,jan,59.06835591346542,OK,1991,2020,30,CHIRPS_v2,UCSB-CHG/CHIRPS/DAILY,1991-2020,IBGE_2024
2909604,Crisópolis,BA,636.609,1,jan,46.77418445176014,OK,1991,2020,30,CHIRPS_v2,UCSB-CHG/CHIRPS/DAILY,1991-2020,IBGE_2024
2924108,Pedrão,BA,158.487,1,jan,62.98432863906752,OK,1991,2020,30,CHIRPS_v2,UCSB-CHG/CHIRPS/DAILY,1991-2020,IBGE_2024
2916500,Itapicuru,BA,1557.688,1,jan,40.19995241649856,OK,1991,2020,30,CHIRPS_v2,UCSB-CHG/CHIRPS/DAILY,1991-2020,IBGE_2024
2900306,Acajutiba,BA,181.475,1,jan,54.15477317205081,OK,1991,2020,30,CHIRPS_v2,UCSB-CHG/CHIRPS/DAILY,1991-2020,IBGE_2024
2908606,Conde,BA,931.106,1,jan,54.16048783264103,OK,1991,2020,30,CHIRPS_v2,UCSB-CHG/CHIRPS/DAILY,1991-2020,IBGE_2024
2931400,Teodoro Sampaio,BA,244.613,1,jan,61.96449962551757,OK,1991,2020,30,CHIRPS_v2,UCSB-CHG/CHIRPS/DAILY,1991-2020,IBGE_2024
2907004,Cardeal da Silva,BA,293.456,1,jan,55.91678648388761,OK,1991,2020,30,CHIRPS_v2,UCSB-CHG/CHIRPS/DAILY,1991-2020,IBGE_2024
2929701,Sátiro Dias,BA,949.223,1,jan,53.1462043228549,OK,1991,2020,30,CHIRPS_v2,UCSB-CHG/CHIRPS/DAILY,1991-2020,IBGE_2024
2913705,Inhambupe,BA,1082.283,1,jan,55.131375108715844,OK,1991,2020,30,CHIRPS_v2,UCSB-CHG/CHIRPS/DAILY,1991-2020,IBGE_2024
2927002,Rio Real,BA,739.776,1,jan,49.47561221306643,OK,1991,2020,30,CHIRPS_v2,UCSB-CHG/CHIRPS/DAILY,1991-2020,IBGE_2024
2910503,Entre Rios,BA,1187.767,1,jan,56.765911641609996,OK,1991,2020,30,CHIRPS_v2,UCSB-CHG/CHIRPS/DAILY,1991-2020,IBGE_2024
2902203,Aramari,BA,368.947,1,jan,62.693189237912165,OK,1991,2020,30,CHIRPS_v2,UCSB-CHG/CHIRPS/DAILY,1991-2020,IBGE_2024
2910602,Esplanada,BA,1299.356,1,jan,55.937901824830405,OK,1991,2020,30,CHIRPS_v2,UCSB-CHG/CHIRPS/DAILY,1991-2020,IBGE_2024
2902054,Araçás,BA,474.577,1,jan,56.71761788334768,OK,1991,2020,30,CHIRPS_v2,UCSB-CHG/CHIRPS/DAILY,1991-2020,IBGE_2024
2901908,Aporá,BA,479.262,1,jan,49.3846750937393,OK,1991,2020,30,CHIRPS_v2,UCSB-CHG/CHIRPS/DAILY,1991-2020,IBGE_2024
2917904,Jandaíra,BA,640.772,1,jan,49.66797750061216,OK,1991,2020,30,CHIRPS_v2,UCSB-CHG/CHIRPS/DAILY,1991-2020,IBGE_2024
2933174,Varzedo,BA,221.399,1,jan,79.32301867728393,OK,1991,2020,30,CHIRPS_v2,UCSB-CHG/CHIRPS/DAILY,1991-2020,IBGE_2024
2901007,Amargosa,BA,431.654,1,jan,77.58963638575774,OK,1991,2020,30,CHIRPS_v2,UCSB-CHG/CHIRPS/DAILY,1991-2020,IBGE_2024
2932101,Ubaíra,BA,663.892,1,jan,80.89820959022703,OK,1991,2020,30,CHIRPS_v2,UCSB-CHG/CHIRPS/DAILY,1991-2020,IBGE_2024
2922805,Nova Itarana,BA,475.381,1,jan,73.46383790514923,OK,1991,2020,30,CHIRPS_v2,UCSB-CHG/CHIRPS/DAILY,1991-2020,IBGE_2024
2922201,Muniz Ferreira,BA,104.54,1,jan,80.89638273772245,OK,1991,2020,30,CHIRPS_v2,UCSB-CHG/CHIRPS/DAILY,1991-2020,IBGE_2024
2922409,Mutuípe,BA,275.854,1,jan,88.42728003689021,OK,1991,2020,30,CHIRPS_v2,UCSB-CHG/CHIRPS/DAILY,1991-2020,IBGE_2024
2929404,São Miguel das Matas,BA,230.906,1,jan,83.75866945000772,OK,1991,2020,30,CHIRPS_v2,UCSB-CHG/CHIRPS/DAILY,1991-2020,IBGE_2024
2921302,Milagres,BA,420.357,1,jan,68.85083458597582,OK,1991,2020,30,CHIRPS_v2,UCSB-CHG/CHIRPS/DAILY,1991-2020,IBGE_2024
2904308,Brejões,BA,518.566,1,jan,72.55415168723115,OK,1991,2020,30,CHIRPS_v2,UCSB-CHG/CHIRPS/DAILY,1991-2020,IBGE_2024
2928703,Santo Antônio de Jesus,BA,261.74,1,jan,86.14235068636016,OK,1991,2020,30,CHIRPS_v2,UCSB-CHG/CHIRPS/DAILY,1991-2020,IBGE_2024
2918803,Laje,BA,449.835,1,jan,87.68595015969146,OK,1991,2020,30,CHIRPS_v2,UCSB-CHG/CHIRPS/DAILY,1991-2020,IBGE_2024
2918209,Jiquiriçá,BA,238.66,1,jan,86.15390142564897,OK,1991,2020,30,CHIRPS_v2,UCSB-CHG/CHIRPS/DAILY,1991-2020,IBGE_2024
2910305,Elísio Medrado,BA,179.329,1,jan,74.31246146324098,OK,1991,2020,30,CHIRPS_v2,UCSB-CHG/CHIRPS/DAILY,1991-2020,IBGE_2024
2910206,Dom Macedo Costa,BA,94.778,1,jan,83.66063452448022,OK,1991,2020,30,CHIRPS_v2,UCSB-CHG/CHIRPS/DAILY,1991-2020,IBGE_2024
2908309,Conceição do Almeida,BA,284.837,1,jan,79.66277823663063,OK,1991,2020,30,CHIRPS_v2,UCSB-CHG/CHIRPS/DAILY,1991-2020,IBGE_2024
2916856,Itatim,BA,547.509,1,jan,65.309719703548,OK,1991,2020,30,CHIRPS_v2,UCSB-CHG/CHIRPS/DAILY,1991-2020,IBGE_2024
2907301,Castro Alves,BA,713.789,1,jan,70.41906429675292,OK,1991,2020,30,CHIRPS_v2,UCSB-CHG/CHIRPS/DAILY,1991-2020,IBGE_2024
2922300,Muritiba,BA,86.311,1,jan,59.528699880548324,OK,1991,2020,30,CHIRPS_v2,UCSB-CHG/CHIRPS/DAILY,1991-2020,IBGE_2024
2929602,Sapeaçu,BA,131.218,1,jan,69.26354731798011,OK,1991,2020,30,CHIRPS_v2,UCSB-CHG/CHIRPS/DAILY,1991-2020,IBGE_2024
2904902,Cachoeira,BA,394.893,1,jan,51.721135264724396,OK,1991,2020,30,CHIRPS_v2,UCSB-CHG/CHIRPS/DAILY,1991-2020,IBGE_2024
2929107,São Felipe,BA,222.407,1,jan,71.2024410430523,OK,1991,2020,30,CHIRPS_v2,UCSB-CHG/CHIRPS/DAILY,1991-2020,IBGE_2024
2904852,Cabaceiras do Paraguaçu,BA,222.027,1,jan,64.12258088702816,OK,1991,2020,30,CHIRPS_v2,UCSB-CHG/CHIRPS/DAILY,1991-2020,IBGE_2024
2929008,São Félix,BA,103.226,1,jan,55.18306420902933,OK,1991,2020,30,CHIRPS_v2,UCSB-CHG/CHIRPS/DAILY,1991-2020,IBGE_2024
2928505,Santa Terezinha,BA,719.258,1,jan,68.16882148431979,OK,1991,2020,30,CHIRPS_v2,UCSB-CHG/CHIRPS/DAILY,1991-2020,IBGE_2024
2911600,Governador Mangabeira,BA,106.848,1,jan,59.44807383099642,OK,1991,2020,30,CHIRPS_v2,UCSB-CHG/CHIRPS/DAILY,1991-2020,IBGE_2024
2909802,Cruz das Almas,BA,139.118,1,jan,63.72574628471246,OK,1991,2020,30,CHIRPS_v2,UCSB-CHG/CHIRPS/DAILY,1991-2020,IBGE_2024
2932903,Valença,BA,1123.975,1,jan,95.11692893022754,OK,1991,2020,30,CHIRPS_v2,UCSB-CHG/CHIRPS/DAILY,1991-2020,IBGE_2024
2917300,Ituberá,BA,415.428,1,jan,109.62588408270912,OK,1991,2020,30,CHIRPS_v2,UCSB-CHG/CHIRPS/DAILY,1991-2020,IBGE_2024
2922607,Nilo Peçanha,BA,388.936,1,jan,105.51574196701942,OK,1991,2020,30,CHIRPS_v2,UCSB-CHG/CHIRPS/DAILY,1991-2020,IBGE_2024
2931202,Taperoá,BA,454.081,1,jan,104.45208620763111,OK,1991,2020,30,CHIRPS_v2,UCSB-CHG/CHIRPS/DAILY,1991-2020,IBGE_2024
2905800,Camamu,BA,839.702,1,jan,104.7095328581253,OK,1991,2020,30,CHIRPS_v2,UCSB-CHG/CHIRPS/DAILY,1991-2020,IBGE_2024
2905404,Cairu,BA,448.846,1,jan,103.29008884510742,OK,1991,2020,30,CHIRPS_v2,UCSB-CHG/CHIRPS/DAILY,1991-2020,IBGE_2024
2913457,Igrapiúna,BA,591.312,1,jan,105.60320798141615,OK,1991,2020,30,CHIRPS_v2,UCSB-CHG/CHIRPS/DAILY,1991-2020,IBGE_2024
2925758,Presidente Tancredo Neves,BA,441.82,1,jan,93.56427749274559,OK,1991,2020,30,CHIRPS_v2,UCSB-CHG/CHIRPS/DAILY,1991-2020,IBGE_2024
2917805,Jaguaripe,BA,863.424,1,jan,80.75389720027668,OK,1991,2020,30,CHIRPS_v2,UCSB-CHG/CHIRPS/DAILY,1991-2020,IBGE_2024
2933208,Vera Cruz,BA,297.537,1,jan,71.27631331330106,OK,1991,2020,30,CHIRPS_v2,UCSB-CHG/CHIRPS/DAILY,1991-2020,IBGE_2024
2916104,Itaparica,BA,121.373,1,jan,65.5633170841386,OK,1991,2020,30,CHIRPS_v2,UCSB-CHG/CHIRPS/DAILY,1991-2020,IBGE_2024
2922508,Nazaré,BA,278.63,1,jan,72.38735888265067,OK,1991,2020,30,CHIRPS_v2,UCSB-CHG/CHIRPS/DAILY,1991-2020,IBGE_2024
2920601,Maragogipe,BA,437.61,1,jan,63.649062806226816,OK,1991,2020,30,CHIRPS_v2,UCSB-CHG/CHIRPS/DAILY,1991-2020,IBGE_2024
2927309,Salinas da Margarida,BA,150.569,1,jan,62.901619728365894,OK,1991,2020,30,CHIRPS_v2,UCSB-CHG/CHIRPS/DAILY,1991-2020,IBGE_2024
2902302,Aratuípe,BA,174.012,1,jan,81.06902406664297,OK,1991,2020,30,CHIRPS_v2,UCSB-CHG/CHIRPS/DAILY,1991-2020,IBGE_2024
2914802,Itabuna,BA,401.028,1,jan,108.70311019105681,OK,1991,2020,30,CHIRPS_v2,UCSB-CHG/CHIRPS/DAILY,1991-2020,IBGE_2024
2913606,Ilhéus,BA,1588.556,1,jan,115.56115431929099,OK,1991,2020,30,CHIRPS_v2,UCSB-CHG/CHIRPS/DAILY,1991-2020,IBGE_2024
2900900,Almadina,BA,245.236,1,jan,96.9085016448193,OK,1991,2020,30,CHIRPS_v2,UCSB-CHG/CHIRPS/DAILY,1991-2020,IBGE_2024
2916609,Itapitanga,BA,420.664,1,jan,89.19460145684961,OK,1991,2020,30,CHIRPS_v2,UCSB-CHG/CHIRPS/DAILY,1991-2020,IBGE_2024
2932705,Uruçuca,BA,510.097,1,jan,106.28713917553242,OK,1991,2020,30,CHIRPS_v2,UCSB-CHG/CHIRPS/DAILY,1991-2020,IBGE_2024
2932200,Ubaitaba,BA,181.102,1,jan,93.54144704323187,OK,1991,2020,30,CHIRPS_v2,UCSB-CHG/CHIRPS/DAILY,1991-2020,IBGE_2024
2916203,Itapé,BA,452.716,1,jan,93.8198094155903,OK,1991,2020,30,CHIRPS_v2,UCSB-CHG/CHIRPS/DAILY,1991-2020,IBGE_2024
2908002,Coaraci,BA,274.501,1,jan,100.21832397844233,OK,1991,2020,30,CHIRPS_v2,UCSB-CHG/CHIRPS/DAILY,1991-2020,IBGE_2024
2915403,Itaju do Colônia,BA,1226.908,1,jan,78.42209027813357,OK,1991,2020,30,CHIRPS_v2,UCSB-CHG/CHIRPS/DAILY,1991-2020,IBGE_2024
2915502,Itajuípe,BA,270.752,1,jan,108.30733429146888,OK,1991,2020,30,CHIRPS_v2,UCSB-CHG/CHIRPS/DAILY,1991-2020,IBGE_2024
2914901,Itacaré,BA,726.265,1,jan,100.65610368049659,OK,1991,2020,30,CHIRPS_v2,UCSB-CHG/CHIRPS/DAILY,1991-2020,IBGE_2024
2929354,São José da Vitória,BA,127.925,1,jan,105.8234450918434,OK,1991,2020,30,CHIRPS_v2,UCSB-CHG/CHIRPS/DAILY,1991-2020,IBGE_2024
2920700,Maraú,BA,848.885,1,jan,101.60124700296309,OK,1991,2020,30,CHIRPS_v2,UCSB-CHG/CHIRPS/DAILY,1991-2020,IBGE_2024
2904704,Buerarema,BA,219.487,1,jan,108.98294726438007,OK,1991,2020,30,CHIRPS_v2,UCSB-CHG/CHIRPS/DAILY,1991-2020,IBGE_2024
2912707,Ibirapitanga,BA,472.664,1,jan,94.03621560286489,OK,1991,2020,30,CHIRPS_v2,UCSB-CHG/CHIRPS/DAILY,1991-2020,IBGE_2024
2927804,Santa Cruz da Vitória,BA,284.083,1,jan,83.42806866652205,OK,1991,2020,30,CHIRPS_v2,UCSB-CHG/CHIRPS/DAILY,1991-2020,IBGE_2024
2912301,Ibicuí,BA,1139.378,1,jan,83.43417852889087,OK,1991,2020,30,CHIRPS_v2,UCSB-CHG/CHIRPS/DAILY,1991-2020,IBGE_2024
2912103,Ibicaraí,BA,230.953,1,jan,93.322626604293,OK,1991,2020,30,CHIRPS_v2,UCSB-CHG/CHIRPS/DAILY,1991-2020,IBGE_2024
2903300,Barro Preto,BA,201.585,1,jan,105.84290693211713,OK,1991,2020,30,CHIRPS_v2,UCSB-CHG/CHIRPS/DAILY,1991-2020,IBGE_2024
2911006,Floresta Azul,BA,321.013,1,jan,86.18414728717592,OK,1991,2020,30,CHIRPS_v2,UCSB-CHG/CHIRPS/DAILY,1991-2020,IBGE_2024
2910909,Firmino Alves,BA,172.353,1,jan,86.4538407514932,OK,1991,2020,30,CHIRPS_v2,UCSB-CHG/CHIRPS/DAILY,1991-2020,IBGE_2024
2902401,Aurelino Leal,BA,445.394,1,jan,93.12270586108575,OK,1991,2020,30,CHIRPS_v2,UCSB-CHG/CHIRPS/DAILY,1991-2020,IBGE_2024
2931350,Teixeira de Freitas,BA,1165.618,1,jan,91.81952076851023,OK,1991,2020,30,CHIRPS_v2,UCSB-CHG/CHIRPS/DAILY,1991-2020,IBGE_2024
2900801,Alcobaça,BA,1477.929,1,jan,98.87501173943642,OK,1991,2020,30,CHIRPS_v2,UCSB-CHG/CHIRPS/DAILY,1991-2020,IBGE_2024
2933257,Vereda,BA,782.159,1,jan,95.46860560311124,OK,1991,2020,30,CHIRPS_v2,UCSB-CHG/CHIRPS/DAILY,1991-2020,IBGE_2024
2916005,Itanhém,BA,1394.174,1,jan,98.26548240508619,OK,1991,2020,30,CHIRPS_v2,UCSB-CHG/CHIRPS/DAILY,1991-2020,IBGE_2024
2915601,Itamaraju,BA,2360.584,1,jan,95.21788476816457,OK,1991,2020,30,CHIRPS_v2,UCSB-CHG/CHIRPS/DAILY,1991-2020,IBGE_2024
2923001,Nova Viçosa,BA,1316.398,1,jan,106.50265304637415,OK,1991,2020,30,CHIRPS_v2,UCSB-CHG/CHIRPS/DAILY,1991-2020,IBGE_2024
2906907,Caravelas,BA,2375.525,1,jan,101.23914679174098,OK,1991,2020,30,CHIRPS_v2,UCSB-CHG/CHIRPS/DAILY,1991-2020,IBGE_2024
2922003,Mucuri,BA,1787.422,1,jan,109.89972505313582,OK,1991,2020,30,CHIRPS_v2,UCSB-CHG/CHIRPS/DAILY,1991-2020,IBGE_2024
2921104,Medeiros Neto,BA,1314.108,1,jan,95.55722007917403,OK,1991,2020,30,CHIRPS_v2,UCSB-CHG/CHIRPS/DAILY,1991-2020,IBGE_2024
2912806,Ibirapuã,BA,770.866,1,jan,103.58411277741985,OK,1991,2020,30,CHIRPS_v2,UCSB-CHG/CHIRPS/DAILY,1991-2020,IBGE_2024
2918902,Lajedão,BA,624.77,1,jan,100.66175109048629,OK,1991,2020,30,CHIRPS_v2,UCSB-CHG/CHIRPS/DAILY,1991-2020,IBGE_2024
2918456,Jucuruçu,BA,1457.656,1,jan,103.55141107300419,OK,1991,2020,30,CHIRPS_v2,UCSB-CHG/CHIRPS/DAILY,1991-2020,IBGE_2024
2925501,Prado,BA,1692.1,1,jan,98.65946083730594,OK,1991,2020,30,CHIRPS_v2,UCSB-CHG/CHIRPS/DAILY,1991-2020,IBGE_2024
2910727,Eunápolis,BA,1425.979,1,jan,89.0559486303458,OK,1991,2020,30,CHIRPS_v2,UCSB-CHG/CHIRPS/DAILY,1991-2020,IBGE_2024
2925303,Porto Seguro,BA,2285.734,1,jan,98.92727680312562,OK,1991,2020,30,CHIRPS_v2,UCSB-CHG/CHIRPS/DAILY,1991-2020,IBGE_2024
2916302,Itapebi,BA,1031.879,1,jan,76.87036808924894,OK,1991,2020,30,CHIRPS_v2,UCSB-CHG/CHIRPS/DAILY,1991-2020,IBGE_2024
2915304,Itagimirim,BA,876.791,1,jan,77.68586375040583,OK,1991,2020,30,CHIRPS_v2,UCSB-CHG/CHIRPS/DAILY,1991-2020,IBGE_2024
2914653,Itabela,BA,924.914,1,jan,96.14547653361168,OK,1991,2020,30,CHIRPS_v2,UCSB-CHG/CHIRPS/DAILY,1991-2020,IBGE_2024
2927705,Santa Cruz Cabrália,BA,1462.958,1,jan,103.3275279683051,OK,1991,2020,30,CHIRPS_v2,UCSB-CHG/CHIRPS/DAILY,1991-2020,IBGE_2024
2911808,Guaratinga,BA,2189.404,1,jan,101.64795169150489,OK,1991,2020,30,CHIRPS_v2,UCSB-CHG/CHIRPS/DAILY,1991-2020,IBGE_2024
2903409,Belmonte,BA,1920.631,1,jan,110.83850861232851,OK,1991,2020,30,CHIRPS_v2,UCSB-CHG/CHIRPS/DAILY,1991-2020,IBGE_2024
2932507,Una,BA,1126.733,1,jan,109.30994025680994,OK,1991,2020,30,CHIRPS_v2,UCSB-CHG/CHIRPS/DAILY,1991-2020,IBGE_2024
2923902,Pau Brasil,BA,626.306,1,jan,81.39915754861174,OK,1991,2020,30,CHIRPS_v2,UCSB-CHG/CHIRPS/DAILY,1991-2020,IBGE_2024
2906303,Canavieiras,BA,1334.279,1,jan,115.17819981738697,OK,1991,2020,30,CHIRPS_v2,UCSB-CHG/CHIRPS/DAILY,1991-2020,IBGE_2024
2905602,Camacan,BA,584.848,1,jan,94.49709331640138,OK,1991,2020,30,CHIRPS_v2,UCSB-CHG/CHIRPS/DAILY,1991-2020,IBGE_2024
2920908,Mascote,BA,742.689,1,jan,93.98599690172443,OK,1991,2020,30,CHIRPS_v2,UCSB-CHG/CHIRPS/DAILY,1991-2020,IBGE_2024
2928059,Santa Luzia,BA,824.473,1,jan,103.19207758320762,OK,1991,2020,30,CHIRPS_v2,UCSB-CHG/CHIRPS/DAILY,1991-2020,IBGE_2024
2918555,Jussari,BA,327.998,1,jan,94.80054342580824,OK,1991,2020,30,CHIRPS_v2,UCSB-CHG/CHIRPS/DAILY,1991-2020,IBGE_2024
2902252,Arataca,BA,435.962,1,jan,101.41329633011763,OK,1991,2020,30,CHIRPS_v2,UCSB-CHG/CHIRPS/DAILY,1991-2020,IBGE_2024
2933307,Vitória da Conquista,BA,3254.186,1,jan,90.73644319292738,OK,1991,2020,30,CHIRPS_v2,UCSB-CHG/CHIRPS/DAILY,1991-2020,IBGE_2024
2924702,Piripá,BA,504.396,1,jan,110.32934542218491,OK,1991,2020,30,CHIRPS_v2,UCSB-CHG/CHIRPS/DAILY,1991-2020,IBGE_2024
2925006,Planalto,BA,769.001,1,jan,83.11276352386817,OK,1991,2020,30,CHIRPS_v2,UCSB-CHG/CHIRPS/DAILY,1991-2020,IBGE_2024
2908804,Contendas do Sincorá,BA,977.455,1,jan,78.4388100342964,OK,1991,2020,30,CHIRPS_v2,UCSB-CHG/CHIRPS/DAILY,1991-2020,IBGE_2024
2925105,Poções,BA,937.856,1,jan,70.78674166297186,OK,1991,2020,30,CHIRPS_v2,UCSB-CHG/CHIRPS/DAILY,1991-2020,IBGE_2024
2917201,Ituaçu,BA,1199.374,1,jan,80.95213805949383,OK,1991,2020,30,CHIRPS_v2,UCSB-CHG/CHIRPS/DAILY,1991-2020,IBGE_2024
2909000,Cordeiros,BA,523.64,1,jan,114.49128060883811,OK,1991,2020,30,CHIRPS_v2,UCSB-CHG/CHIRPS/DAILY,1991-2020,IBGE_2024
2908705,Condeúba,BA,1348.039,1,jan,116.87188967646304,OK,1991,2020,30,CHIRPS_v2,UCSB-CHG/CHIRPS/DAILY,1991-2020,IBGE_2024
2931806,Tremedal,BA,2017.644,1,jan,103.83251864504282,OK,1991,2020,30,CHIRPS_v2,UCSB-CHG/CHIRPS/DAILY,1991-2020,IBGE_2024
2915809,Itambé,BA,1534.58,1,jan,86.19021904043288,OK,1991,2020,30,CHIRPS_v2,UCSB-CHG/CHIRPS/DAILY,1991-2020,IBGE_2024
2922706,Nova Canaã,BA,804.617,1,jan,85.65742590214153,OK,1991,2020,30,CHIRPS_v2,UCSB-CHG/CHIRPS/DAILY,1991-2020,IBGE_2024
2931004,Tanhaçu,BA,1277.514,1,jan,77.67580079517042,OK,1991,2020,30,CHIRPS_v2,UCSB-CHG/CHIRPS/DAILY,1991-2020,IBGE_2024
2906899,Caraíbas,BA,805.629,1,jan,90.05713861018266,OK,1991,2020,30,CHIRPS_v2,UCSB-CHG/CHIRPS/DAILY,1991-2020,IBGE_2024
2906709,Cândido Sales,BA,1169.814,1,jan,101.90639330712932,OK,1991,2020,30,CHIRPS_v2,UCSB-CHG/CHIRPS/DAILY,1991-2020,IBGE_2024
2914307,Iramaia,BA,1708.114,1,jan,86.25428248403415,OK,1991,2020,30,CHIRPS_v2,UCSB-CHG/CHIRPS/DAILY,1991-2020,IBGE_2024
2913507,Iguaí,BA,860.223,1,jan,82.57384142371097,OK,1991,2020,30,CHIRPS_v2,UCSB-CHG/CHIRPS/DAILY,1991-2020,IBGE_2024
2921450,Mirante,BA,1172.861,1,jan,71.7414694667636,OK,1991,2020,30,CHIRPS_v2,UCSB-CHG/CHIRPS/DAILY,1991-2020,IBGE_2024
2904803,Caatiba,BA,512.436,1,jan,85.40652796531676,OK,1991,2020,30,CHIRPS_v2,UCSB-CHG/CHIRPS/DAILY,1991-2020,IBGE_2024
2905156,Caetanos,BA,767.144,1,jan,74.88011617745691,OK,1991,2020,30,CHIRPS_v2,UCSB-CHG/CHIRPS/DAILY,1991-2020,IBGE_2024
2919959,Maetinga,BA,614.834,1,jan,94.95188780785504,OK,1991,2020,30,CHIRPS_v2,UCSB-CHG/CHIRPS/DAILY,1991-2020,IBGE_2024
2903706,Boa Nova,BA,848.857,1,jan,70.28735539853501,OK,1991,2020,30,CHIRPS_v2,UCSB-CHG/CHIRPS/DAILY,1991-2020,IBGE_2024
2912202,Ibicoara,BA,817.355,1,jan,108.15923818586379,OK,1991,2020,30,CHIRPS_v2,UCSB-CHG/CHIRPS/DAILY,1991-2020,IBGE_2024
2903953,Bom Jesus da Serra,BA,467.907,1,jan,71.41787277616773,OK,1991,2020,30,CHIRPS_v2,UCSB-CHG/CHIRPS/DAILY,1991-2020,IBGE_2024
2903508,Belo Campo,BA,772.757,1,jan,96.07458781771203,OK,1991,2020,30,CHIRPS_v2,UCSB-CHG/CHIRPS/DAILY,1991-2020,IBGE_2024
2902807,Barra da Estiva,BA,1657.414,1,jan,81.43975542532073,OK,1991,2020,30,CHIRPS_v2,UCSB-CHG/CHIRPS/DAILY,1991-2020,IBGE_2024
2902906,Barra do Choça,BA,765.931,1,jan,87.26000617135713,OK,1991,2020,30,CHIRPS_v2,UCSB-CHG/CHIRPS/DAILY,1991-2020,IBGE_2024
2926657,Ribeirão do Largo,BA,1363.7,1,jan,100.39358915788493,OK,1991,2020,30,CHIRPS_v2,UCSB-CHG/CHIRPS/DAILY,1991-2020,IBGE_2024
2910404,Encruzilhada,BA,1890.133,1,jan,106.1244893392416,OK,1991,2020,30,CHIRPS_v2,UCSB-CHG/CHIRPS/DAILY,1991-2020,IBGE_2024
2925709,Presidente Jânio Quadros,BA,1208.566,1,jan,101.47492479353265,OK,1991,2020,30,CHIRPS_v2,UCSB-CHG/CHIRPS/DAILY,1991-2020,IBGE_2024
2901205,Anagé,BA,1899.685,1,jan,79.87029919760776,OK,1991,2020,30,CHIRPS_v2,UCSB-CHG/CHIRPS/DAILY,1991-2020,IBGE_2024
2918001,Jequié,BA,2969.039,1,jan,66.02526658518505,OK,1991,2020,30,CHIRPS_v2,UCSB-CHG/CHIRPS/DAILY,1991-2020,IBGE_2024
2900603,Aiquara,BA,167.877,1,jan,78.15704581726673,OK,1991,2020,30,CHIRPS_v2,UCSB-CHG/CHIRPS/DAILY,1991-2020,IBGE_2024
2924900,Planaltino,BA,955.454,1,jan,78.1303505208302,OK,1991,2020,30,CHIRPS_v2,UCSB-CHG/CHIRPS/DAILY,1991-2020,IBGE_2024
2916906,Itiruçu,BA,322.243,1,jan,72.66586593086029,OK,1991,2020,30,CHIRPS_v2,UCSB-CHG/CHIRPS/DAILY,1991-2020,IBGE_2024
2916708,Itaquara,BA,344.093,1,jan,75.86279684133281,OK,1991,2020,30,CHIRPS_v2,UCSB-CHG/CHIRPS/DAILY,1991-2020,IBGE_2024
2915106,Itagi,BA,310.621,1,jan,79.07342116466073,OK,1991,2020,30,CHIRPS_v2,UCSB-CHG/CHIRPS/DAILY,1991-2020,IBGE_2024
2914208,Irajuba,BA,459.047,1,jan,73.15937737657922,OK,1991,2020,30,CHIRPS_v2,UCSB-CHG/CHIRPS/DAILY,1991-2020,IBGE_2024
2920403,Manoel Vitorino,BA,2201.763,1,jan,68.03102098785645,OK,1991,2020,30,CHIRPS_v2,UCSB-CHG/CHIRPS/DAILY,1991-2020,IBGE_2024
2920502,Maracás,BA,2413.27,1,jan,76.1550684682336,OK,1991,2020,30,CHIRPS_v2,UCSB-CHG/CHIRPS/DAILY,1991-2020,IBGE_2024
2927903,Santa Inês,BA,374.526,1,jan,74.29675281363642,OK,1991,2020,30,CHIRPS_v2,UCSB-CHG/CHIRPS/DAILY,1991-2020,IBGE_2024
2919058,Lajedo do Tabocal,BA,382.937,1,jan,76.01110642037487,OK,1991,2020,30,CHIRPS_v2,UCSB-CHG/CHIRPS/DAILY,1991-2020,IBGE_2024
2918704,Lafaiete Coutinho,BA,498.11,1,jan,69.72750427771913,OK,1991,2020,30,CHIRPS_v2,UCSB-CHG/CHIRPS/DAILY,1991-2020,IBGE_2024
2918308,Jitaúna,BA,262.05,1,jan,76.14424973994684,OK,1991,2020,30,CHIRPS_v2,UCSB-CHG/CHIRPS/DAILY,1991-2020,IBGE_2024
2901957,Apuarema,BA,150.83,1,jan,83.26506569611655,OK,1991,2020,30,CHIRPS_v2,UCSB-CHG/CHIRPS/DAILY,1991-2020,IBGE_2024
2917607,Jaguaquara,BA,924.512,1,jan,76.55127402485512,OK,1991,2020,30,CHIRPS_v2,UCSB-CHG/CHIRPS/DAILY,1991-2020,IBGE_2024
2909505,Cravolândia,BA,182.518,1,jan,79.22980072686289,OK,1991,2020,30,CHIRPS_v2,UCSB-CHG/CHIRPS/DAILY,1991-2020,IBGE_2024
2900108,Abaíra,BA,538.679,1,jan,141.5325572766643,OK,1991,2020,30,CHIRPS_v2,UCSB-CHG/CHIRPS/DAILY,1991-2020,IBGE_2024
2900504,Érico Cardoso,BA,735.249,1,jan,134.5649865415753,OK,1991,2020,30,CHIRPS_v2,UCSB-CHG/CHIRPS/DAILY,1991-2020,IBGE_2024
2923605,Paramirim,BA,1087.067,1,jan,119.64617794198625,OK,1991,2020,30,CHIRPS_v2,UCSB-CHG/CHIRPS/DAILY,1991-2020,IBGE_2024
2907558,Caturama,BA,716.254,1,jan,122.35425236137378,OK,1991,2020,30,CHIRPS_v2,UCSB-CHG/CHIRPS/DAILY,1991-2020,IBGE_2024
2920304,Malhada de Pedras,BA,550.82,1,jan,91.40283495268292,OK,1991,2020,30,CHIRPS_v2,UCSB-CHG/CHIRPS/DAILY,1991-2020,IBGE_2024
2904605,Brumado,BA,2207.613,1,jan,83.3500325512864,OK,1991,2020,30,CHIRPS_v2,UCSB-CHG/CHIRPS/DAILY,1991-2020,IBGE_2024
2919504,Livramento de Nossa Senhora,BA,1952.51,1,jan,98.6650309094872,OK,1991,2020,30,CHIRPS_v2,UCSB-CHG/CHIRPS/DAILY,1991-2020,IBGE_2024
2918605,Jussiape,BA,589.763,1,jan,109.57203926038514,OK,1991,2020,30,CHIRPS_v2,UCSB-CHG/CHIRPS/DAILY,1991-2020,IBGE_2024
2926905,Rio do Pires,BA,656.223,1,jan,138.12868586450674,OK,1991,2020,30,CHIRPS_v2,UCSB-CHG/CHIRPS/DAILY,1991-2020,IBGE_2024
2926707,Rio de Contas,BA,1115.252,1,jan,114.3067528644639,OK,1991,2020,30,CHIRPS_v2,UCSB-CHG/CHIRPS/DAILY,1991-2020,IBGE_2024
2902005,Aracatu,BA,1489.804,1,jan,87.1339212150435,OK,1991,2020,30,CHIRPS_v2,UCSB-CHG/CHIRPS/DAILY,1991-2020,IBGE_2024
2910107,Dom Basílio,BA,689.513,1,jan,85.57396676736806,OK,1991,2020,30,CHIRPS_v2,UCSB-CHG/CHIRPS/DAILY,1991-2020,IBGE_2024
2924678,Piraí do Norte,BA,193.427,1,jan,95.25969520503996,OK,1991,2020,30,CHIRPS_v2,UCSB-CHG/CHIRPS/DAILY,1991-2020,IBGE_2024
2932309,Ubatã,BA,177.643,1,jan,90.38718653771483,OK,1991,2020,30,CHIRPS_v2,UCSB-CHG/CHIRPS/DAILY,1991-2020,IBGE_2024
2931608,Teolândia,BA,289.782,1,jan,90.3008713915912,OK,1991,2020,30,CHIRPS_v2,UCSB-CHG/CHIRPS/DAILY,1991-2020,IBGE_2024
2922755,Nova Ibiá,BA,203.2,1,jan,89.53679874382053,OK,1991,2020,30,CHIRPS_v2,UCSB-CHG/CHIRPS/DAILY,1991-2020,IBGE_2024
2915700,Itamari,BA,143.479,1,jan,85.40674994317862,OK,1991,2020,30,CHIRPS_v2,UCSB-CHG/CHIRPS/DAILY,1991-2020,IBGE_2024
2915205,Itagibá,BA,810.994,1,jan,80.79169393692437,OK,1991,2020,30,CHIRPS_v2,UCSB-CHG/CHIRPS/DAILY,1991-2020,IBGE_2024
2913903,Ipiaú,BA,280.454,1,jan,81.16676419996186,OK,1991,2020,30,CHIRPS_v2,UCSB-CHG/CHIRPS/DAILY,1991-2020,IBGE_2024
2912905,Ibirataia,BA,318.129,1,jan,86.66822353723146,OK,1991,2020,30,CHIRPS_v2,UCSB-CHG/CHIRPS/DAILY,1991-2020,IBGE_2024
2911501,Gongogi,BA,202.194,1,jan,87.65788579569767,OK,1991,2020,30,CHIRPS_v2,UCSB-CHG/CHIRPS/DAILY,1991-2020,IBGE_2024
2911204,Gandu,BA,229.66,1,jan,91.70119145669393,OK,1991,2020,30,CHIRPS_v2,UCSB-CHG/CHIRPS/DAILY,1991-2020,IBGE_2024
2903102,Barra do Rocha,BA,214.411,1,jan,86.6568793017899,OK,1991,2020,30,CHIRPS_v2,UCSB-CHG/CHIRPS/DAILY,1991-2020,IBGE_2024
2910008,Dário Meira,BA,413.637,1,jan,81.98545435268662,OK,1991,2020,30,CHIRPS_v2,UCSB-CHG/CHIRPS/DAILY,1991-2020,IBGE_2024
2933505,Wenceslau Guimarães,BA,655.056,1,jan,87.41334290559833,OK,1991,2020,30,CHIRPS_v2,UCSB-CHG/CHIRPS/DAILY,1991-2020,IBGE_2024
2917102,Itororó,BA,313.839,1,jan,85.22381049963805,OK,1991,2020,30,CHIRPS_v2,UCSB-CHG/CHIRPS/DAILY,1991-2020,IBGE_2024
2916807,Itarantim,BA,1674.03,1,jan,76.63947575759002,OK,1991,2020,30,CHIRPS_v2,UCSB-CHG/CHIRPS/DAILY,1991-2020,IBGE_2024
2916401,Itapetinga,BA,1651.158,1,jan,80.18821189403546,OK,1991,2020,30,CHIRPS_v2,UCSB-CHG/CHIRPS/DAILY,1991-2020,IBGE_2024
2920007,Maiquinique,BA,588.296,1,jan,94.49667683707014,OK,1991,2020,30,CHIRPS_v2,UCSB-CHG/CHIRPS/DAILY,1991-2020,IBGE_2024
2919702,Macarani,BA,1210.106,1,jan,97.19782579350677,OK,1991,2020,30,CHIRPS_v2,UCSB-CHG/CHIRPS/DAILY,1991-2020,IBGE_2024
2925402,Potiraguá,BA,1111.567,1,jan,76.84593427214482,OK,1991,2020,30,CHIRPS_v2,UCSB-CHG/CHIRPS/DAILY,1991-2020,IBGE_2024
2917334,Iuiu,BA,1535.229,1,jan,121.83838874795808,OK,1991,2020,30,CHIRPS_v2,UCSB-CHG/CHIRPS/DAILY,1991-2020,IBGE_2024
2917409,Jacaraci,BA,1332.42,1,jan,115.74581333640164,OK,1991,2020,30,CHIRPS_v2,UCSB-CHG/CHIRPS/DAILY,1991-2020,IBGE_2024
2924504,Pindaí,BA,628.469,1,jan,107.03271955702049,OK,1991,2020,30,CHIRPS_v2,UCSB-CHG/CHIRPS/DAILY,1991-2020,IBGE_2024
2932606,Urandi,BA,902.402,1,jan,110.93282088926127,OK,1991,2020,30,CHIRPS_v2,UCSB-CHG/CHIRPS/DAILY,1991-2020,IBGE_2024
2923407,Palmas de Monte Alto,BA,2559.973,1,jan,121.16629402150953,OK,1991,2020,30,CHIRPS_v2,UCSB-CHG/CHIRPS/DAILY,1991-2020,IBGE_2024
2931053,Tanque Novo,BA,729.516,1,jan,127.11855934041364,OK,1991,2020,30,CHIRPS_v2,UCSB-CHG/CHIRPS/DAILY,1991-2020,IBGE_2024
2907103,Carinhanha,BA,2525.512,1,jan,130.79888392527513,OK,1991,2020,30,CHIRPS_v2,UCSB-CHG/CHIRPS/DAILY,1991-2020,IBGE_2024
2906600,Candiba,BA,433.642,1,jan,118.27203133937674,OK,1991,2020,30,CHIRPS_v2,UCSB-CHG/CHIRPS/DAILY,1991-2020,IBGE_2024
2930006,Sebastião Laranjeiras,BA,1982.037,1,jan,119.28403723235942,OK,1991,2020,30,CHIRPS_v2,UCSB-CHG/CHIRPS/DAILY,1991-2020,IBGE_2024
2921807,Mortugaba,BA,528.214,1,jan,118.67603904030777,OK,1991,2020,30,CHIRPS_v2,UCSB-CHG/CHIRPS/DAILY,1991-2020,IBGE_2024
2921054,Matina,BA,773.852,1,jan,119.75824222955993,OK,1991,2020,30,CHIRPS_v2,UCSB-CHG/CHIRPS/DAILY,1991-2020,IBGE_2024
2913408,Igaporã,BA,836.561,1,jan,124.1807940726631,OK,1991,2020,30,CHIRPS_v2,UCSB-CHG/CHIRPS/DAILY,1991-2020,IBGE_2024
2905206,Caetité,BA,2651.537,1,jan,119.78813631084451,OK,1991,2020,30,CHIRPS_v2,UCSB-CHG/CHIRPS/DAILY,1991-2020,IBGE_2024
2920205,Malhada,BA,1971.632,1,jan,121.39798839636656,OK,1991,2020,30,CHIRPS_v2,UCSB-CHG/CHIRPS/DAILY,1991-2020,IBGE_2024
2905008,Caculé,BA,610.47,1,jan,107.19548546301034,OK,1991,2020,30,CHIRPS_v2,UCSB-CHG/CHIRPS/DAILY,1991-2020,IBGE_2024
2904209,Botuporã,BA,627.613,1,jan,118.38773285859303,OK,1991,2020,30,CHIRPS_v2,UCSB-CHG/CHIRPS/DAILY,1991-2020,IBGE_2024
2912004,Ibiassucê,BA,483.27,1,jan,109.5222744143884,OK,1991,2020,30,CHIRPS_v2,UCSB-CHG/CHIRPS/DAILY,1991-2020,IBGE_2024
2919405,Licínio de Almeida,BA,856.626,1,jan,112.60610686527552,OK,1991,2020,30,CHIRPS_v2,UCSB-CHG/CHIRPS/DAILY,1991-2020,IBGE_2024
2911709,Guanambi,BA,1272.367,1,jan,122.0274326783014,OK,1991,2020,30,CHIRPS_v2,UCSB-CHG/CHIRPS/DAILY,1991-2020,IBGE_2024
2926806,Rio do Antônio,BA,779.046,1,jan,98.08387286204888,OK,1991,2020,30,CHIRPS_v2,UCSB-CHG/CHIRPS/DAILY,1991-2020,IBGE_2024
2911659,Guajeru,BA,871.975,1,jan,102.06907389376178,OK,1991,2020,30,CHIRPS_v2,UCSB-CHG/CHIRPS/DAILY,1991-2020,IBGE_2024
2918753,Lagoa Real,BA,912.22,1,jan,106.72491135654356,OK,1991,2020,30,CHIRPS_v2,UCSB-CHG/CHIRPS/DAILY,1991-2020,IBGE_2024
2926400,Riacho de Santana,BA,3183.361,1,jan,125.33505639021084,OK,1991,2020,30,CHIRPS_v2,UCSB-CHG/CHIRPS/DAILY,1991-2020,IBGE_2024
2910776,Feira da Mata,BA,1176.504,1,jan,148.6119025838965,OK,1991,2020,30,CHIRPS_v2,UCSB-CHG/CHIRPS/DAILY,1991-2020,IBGE_2024
2923704,Paratinga,BA,2624.998,1,jan,135.589600299047,OK,1991,2020,30,CHIRPS_v2,UCSB-CHG/CHIRPS/DAILY,1991-2020,IBGE_2024
2930758,Sítio do Mato,BA,1627.804,1,jan,127.95543311390087,OK,1991,2020,30,CHIRPS_v2,UCSB-CHG/CHIRPS/DAILY,1991-2020,IBGE_2024
2930154,Serra do Ramalho,BA,2341.701,1,jan,127.88160123582279,OK,1991,2020,30,CHIRPS_v2,UCSB-CHG/CHIRPS/DAILY,1991-2020,IBGE_2024
2912509,Ibipitanga,BA,954.373,1,jan,114.98334929510429,OK,1991,2020,30,CHIRPS_v2,UCSB-CHG/CHIRPS/DAILY,1991-2020,IBGE_2024
2919801,Macaúbas,BA,2459.102,1,jan,125.73048407798827,OK,1991,2020,30,CHIRPS_v2,UCSB-CHG/CHIRPS/DAILY,1991-2020,IBGE_2024
2904100,Boquira,BA,1426.233,1,jan,125.92277717132548,OK,1991,2020,30,CHIRPS_v2,UCSB-CHG/CHIRPS/DAILY,1991-2020,IBGE_2024
2903904,Bom Jesus da Lapa,BA,4114.493,1,jan,124.81083035152463,OK,1991,2020,30,CHIRPS_v2,UCSB-CHG/CHIRPS/DAILY,1991-2020,IBGE_2024
2901403,Angical,BA,1530.643,1,jan,182.4867174595015,OK,1991,2020,30,CHIRPS_v2,UCSB-CHG/CHIRPS/DAILY,1991-2020,IBGE_2024
2907400,Catolândia,BA,702.504,1,jan,183.38175942228736,OK,1991,2020,30,CHIRPS_v2,UCSB-CHG/CHIRPS/DAILY,1991-2020,IBGE_2024
2930907,Tabocas do Brejo Velho,BA,1437.188,1,jan,147.3764192502384,OK,1991,2020,30,CHIRPS_v2,UCSB-CHG/CHIRPS/DAILY,1991-2020,IBGE_2024
2930303,Serra Dourada,BA,1592.249,1,jan,130.73190252573968,OK,1991,2020,30,CHIRPS_v2,UCSB-CHG/CHIRPS/DAILY,1991-2020,IBGE_2024
2928901,São Desidério,BA,15158.737,1,jan,175.202877570001,OK,1991,2020,30,CHIRPS_v2,UCSB-CHG/CHIRPS/DAILY,1991-2020,IBGE_2024
2928406,Santa Rita de Cássia,BA,6030.491,1,jan,164.73676047281378,OK,1991,2020,30,CHIRPS_v2,UCSB-CHG/CHIRPS/DAILY,1991-2020,IBGE_2024
2928208,Santana,BA,1909.353,1,jan,137.15002275547207,OK,1991,2020,30,CHIRPS_v2,UCSB-CHG/CHIRPS/DAILY,1991-2020,IBGE_2024
2920452,Mansidão,BA,3129.588,1,jan,159.3984356566582,OK,1991,2020,30,CHIRPS_v2,UCSB-CHG/CHIRPS/DAILY,1991-2020,IBGE_2024
2904407,Brejolândia,BA,2247.207,1,jan,141.6204816081259,OK,1991,2020,30,CHIRPS_v2,UCSB-CHG/CHIRPS/DAILY,1991-2020,IBGE_2024
2911105,Formosa do Rio Preto,BA,15634.328,1,jan,198.25015184259874,OK,1991,2020,30,CHIRPS_v2,UCSB-CHG/CHIRPS/DAILY,1991-2020,IBGE_2024
2926202,Riachão das Neves,BA,5969.305,1,jan,174.66191203882642,OK,1991,2020,30,CHIRPS_v2,UCSB-CHG/CHIRPS/DAILY,1991-2020,IBGE_2024
2902500,Baianópolis,BA,3321.752,1,jan,151.75752026091882,OK,1991,2020,30,CHIRPS_v2,UCSB-CHG/CHIRPS/DAILY,1991-2020,IBGE_2024
2933455,Wanderley,BA,2920.579,1,jan,166.07846123363208,OK,1991,2020,30,CHIRPS_v2,UCSB-CHG/CHIRPS/DAILY,1991-2020,IBGE_2024
2909406,Cotegipe,BA,4282.775,1,jan,166.62894424046405,OK,1991,2020,30,CHIRPS_v2,UCSB-CHG/CHIRPS/DAILY,1991-2020,IBGE_2024
2909703,Cristópolis,BA,1052.839,1,jan,164.0857630483096,OK,1991,2020,30,CHIRPS_v2,UCSB-CHG/CHIRPS/DAILY,1991-2020,IBGE_2024
2917359,Jaborandi,BA,9955.111,1,jan,166.06873079378886,OK,1991,2020,30,CHIRPS_v2,UCSB-CHG/CHIRPS/DAILY,1991-2020,IBGE_2024
2909109,Coribe,BA,2665.141,1,jan,144.17526657391443,OK,1991,2020,30,CHIRPS_v2,UCSB-CHG/CHIRPS/DAILY,1991-2020,IBGE_2024
2908101,Cocos,BA,10138.25,1,jan,173.91284478184033,OK,1991,2020,30,CHIRPS_v2,UCSB-CHG/CHIRPS/DAILY,1991-2020,IBGE_2024
2906105,Canápolis,BA,460.388,1,jan,149.10695127257137,OK,1991,2020,30,CHIRPS_v2,UCSB-CHG/CHIRPS/DAILY,1991-2020,IBGE_2024
2929057,São Félix do Coribe,BA,1751.671,1,jan,147.4300446730987,OK,1991,2020,30,CHIRPS_v2,UCSB-CHG/CHIRPS/DAILY,1991-2020,IBGE_2024
2928109,Santa Maria da Vitória,BA,1984.91,1,jan,158.25609922893207,OK,1991,2020,30,CHIRPS_v2,UCSB-CHG/CHIRPS/DAILY,1991-2020,IBGE_2024
2909307,Correntina,BA,11504.316,1,jan,173.26602157851687,OK,1991,2020,30,CHIRPS_v2,UCSB-CHG/CHIRPS/DAILY,1991-2020,IBGE_2024
2932408,Uibaí,BA,545.297,1,jan,110.23659240169431,OK,1991,2020,30,CHIRPS_v2,UCSB-CHG/CHIRPS/DAILY,1991-2020,IBGE_2024
2907608,Central,BA,566.975,1,jan,105.38522420362054,OK,1991,2020,30,CHIRPS_v2,UCSB-CHG/CHIRPS/DAILY,1991-2020,IBGE_2024
2915353,Itaguaçu da Bahia,BA,4310.255,1,jan,109.78279051731455,OK,1991,2020,30,CHIRPS_v2,UCSB-CHG/CHIRPS/DAILY,1991-2020,IBGE_2024
2914604,Irecê,BA,319.175,1,jan,103.20598113063069,OK,1991,2020,30,CHIRPS_v2,UCSB-CHG/CHIRPS/DAILY,1991-2020,IBGE_2024
2906204,Canarana,BA,579.726,1,jan,84.60569569020417,OK,1991,2020,30,CHIRPS_v2,UCSB-CHG/CHIRPS/DAILY,1991-2020,IBGE_2024
2921708,Morro do Chapéu,BA,5745.765,1,jan,91.19370786207432,OK,1991,2020,30,CHIRPS_v2,UCSB-CHG/CHIRPS/DAILY,1991-2020,IBGE_2024
2922052,Mulungu do Morro,BA,646.621,1,jan,88.34646876725948,OK,1991,2020,30,CHIRPS_v2,UCSB-CHG/CHIRPS/DAILY,1991-2020,IBGE_2024
2929255,São Gabriel,BA,1146.054,1,jan,98.53969609984004,OK,1991,2020,30,CHIRPS_v2,UCSB-CHG/CHIRPS/DAILY,1991-2020,IBGE_2024
2905305,Cafarnaum,BA,643.666,1,jan,82.00979665703903,OK,1991,2020,30,CHIRPS_v2,UCSB-CHG/CHIRPS/DAILY,1991-2020,IBGE_2024
2913101,Ibititá,BA,573.033,1,jan,96.40259842181445,OK,1991,2020,30,CHIRPS_v2,UCSB-CHG/CHIRPS/DAILY,1991-2020,IBGE_2024
2912400,Ibipeba,BA,1382.009,1,jan,114.87400463252885,OK,1991,2020,30,CHIRPS_v2,UCSB-CHG/CHIRPS/DAILY,1991-2020,IBGE_2024
2904050,Bonito,BA,791.276,1,jan,92.17656086684299,OK,1991,2020,30,CHIRPS_v2,UCSB-CHG/CHIRPS/DAILY,1991-2020,IBGE_2024
2919157,Lapão,BA,642.882,1,jan,92.39353086989735,OK,1991,2020,30,CHIRPS_v2,UCSB-CHG/CHIRPS/DAILY,1991-2020,IBGE_2024
2903235,Barro Alto,BA,414.506,1,jan,96.58252134360231,OK,1991,2020,30,CHIRPS_v2,UCSB-CHG/CHIRPS/DAILY,1991-2020,IBGE_2024
2918506,Jussara,BA,1355.173,1,jan,98.28124933185883,OK,1991,2020,30,CHIRPS_v2,UCSB-CHG/CHIRPS/DAILY,1991-2020,IBGE_2024
2903003,Barra do Mendes,BA,1436.299,1,jan,119.58698773192376,OK,1991,2020,30,CHIRPS_v2,UCSB-CHG/CHIRPS/DAILY,1991-2020,IBGE_2024
2918357,João Dourado,BA,913.258,1,jan,89.75625858708305,OK,1991,2020,30,CHIRPS_v2,UCSB-CHG/CHIRPS/DAILY,1991-2020,IBGE_2024
2925600,Presidente Dutra,BA,232.064,1,jan,101.1328428876518,OK,1991,2020,30,CHIRPS_v2,UCSB-CHG/CHIRPS/DAILY,1991-2020,IBGE_2024
2901155,América Dourada,BA,822.373,1,jan,86.34548480223211,OK,1991,2020,30,CHIRPS_v2,UCSB-CHG/CHIRPS/DAILY,1991-2020,IBGE_2024
2923209,Oliveira dos Brejinhos,BA,3313.435,1,jan,122.18486225267043,OK,1991,2020,30,CHIRPS_v2,UCSB-CHG/CHIRPS/DAILY,1991-2020,IBGE_2024
2922250,Muquém do São Francisco,BA,3852.11,1,jan,142.38500202042283,OK,1991,2020,30,CHIRPS_v2,UCSB-CHG/CHIRPS/DAILY,1991-2020,IBGE_2024
2921609,Morpará,BA,2093.86,1,jan,133.51121835818822,OK,1991,2020,30,CHIRPS_v2,UCSB-CHG/CHIRPS/DAILY,1991-2020,IBGE_2024
2914109,Ipupiara,BA,1055.76,1,jan,118.80915834488817,OK,1991,2020,30,CHIRPS_v2,UCSB-CHG/CHIRPS/DAILY,1991-2020,IBGE_2024
2904753,Buritirama,BA,4046.741,1,jan,141.28737648896256,OK,1991,2020,30,CHIRPS_v2,UCSB-CHG/CHIRPS/DAILY,1991-2020,IBGE_2024
2913200,Ibotirama,BA,1740.113,1,jan,138.66621976811533,OK,1991,2020,30,CHIRPS_v2,UCSB-CHG/CHIRPS/DAILY,1991-2020,IBGE_2024
2904506,Brotas de Macaúbas,BA,2520.811,1,jan,126.27132265932555,OK,1991,2020,30,CHIRPS_v2,UCSB-CHG/CHIRPS/DAILY,1991-2020,IBGE_2024
2911303,Gentio do Ouro,BA,3817.946,1,jan,131.6518519574236,OK,1991,2020,30,CHIRPS_v2,UCSB-CHG/CHIRPS/DAILY,1991-2020,IBGE_2024
2902708,Barra,BA,11428.112,1,jan,139.56884412330263,OK,1991,2020,30,CHIRPS_v2,UCSB-CHG/CHIRPS/DAILY,1991-2020,IBGE_2024
2933604,Xique-Xique,BA,5079.659,1,jan,126.9631933222633,OK,1991,2020,30,CHIRPS_v2,UCSB-CHG/CHIRPS/DAILY,1991-2020,IBGE_2024
2918407,Juazeiro,BA,6721.592,1,jan,80.63829527835114,OK,1991,2020,30,CHIRPS_v2,UCSB-CHG/CHIRPS/DAILY,1991-2020,IBGE_2024
2924405,Pilão Arcado,BA,11597.932,1,jan,125.83864486077718,OK,1991,2020,30,CHIRPS_v2,UCSB-CHG/CHIRPS/DAILY,1991-2020,IBGE_2024
2932002,Uauá,BA,3060.865,1,jan,66.69454979428312,OK,1991,2020,30,CHIRPS_v2,UCSB-CHG/CHIRPS/DAILY,1991-2020,IBGE_2024
2930774,Sobradinho,BA,1359.08,1,jan,84.54139298571228,OK,1991,2020,30,CHIRPS_v2,UCSB-CHG/CHIRPS/DAILY,1991-2020,IBGE_2024
2907202,Casa Nova,BA,9648.942,1,jan,95.17205270963453,OK,1991,2020,30,CHIRPS_v2,UCSB-CHG/CHIRPS/DAILY,1991-2020,IBGE_2024
2905909,Campo Alegre de Lourdes,BA,2914.573,1,jan,127.13046310113985,OK,1991,2020,30,CHIRPS_v2,UCSB-CHG/CHIRPS/DAILY,1991-2020,IBGE_2024
2930204,Sento Sé,BA,11980.158,1,jan,101.3188937727935,OK,1991,2020,30,CHIRPS_v2,UCSB-CHG/CHIRPS/DAILY,1991-2020,IBGE_2024
2909901,Curaçá,BA,5950.614,1,jan,81.12015814450471,OK,1991,2020,30,CHIRPS_v2,UCSB-CHG/CHIRPS/DAILY,1991-2020,IBGE_2024
2926004,Remanso,BA,4571.634,1,jan,118.47840500598642,OK,1991,2020,30,CHIRPS_v2,UCSB-CHG/CHIRPS/DAILY,1991-2020,IBGE_2024
2917706,Jaguarari,BA,2466.009,1,jan,74.67794724026163,OK,1991,2020,30,CHIRPS_v2,UCSB-CHG/CHIRPS/DAILY,1991-2020,IBGE_2024
2901353,Andorinha,BA,1362.386,1,jan,65.64787745042176,OK,1991,2020,30,CHIRPS_v2,UCSB-CHG/CHIRPS/DAILY,1991-2020,IBGE_2024
2917003,Itiúba,BA,1650.592,1,jan,65.36913034659656,OK,1991,2020,30,CHIRPS_v2,UCSB-CHG/CHIRPS/DAILY,1991-2020,IBGE_2024
2924603,Pindobaçu,BA,495.845,1,jan,82.99691609249285,OK,1991,2020,30,CHIRPS_v2,UCSB-CHG/CHIRPS/DAILY,1991-2020,IBGE_2024
2930105,Senhor do Bonfim,BA,789.36,1,jan,77.58740930520462,OK,1991,2020,30,CHIRPS_v2,UCSB-CHG/CHIRPS/DAILY,1991-2020,IBGE_2024
2906006,Campo Formoso,BA,7161.83,1,jan,81.0955704022058,OK,1991,2020,30,CHIRPS_v2,UCSB-CHG/CHIRPS/DAILY,1991-2020,IBGE_2024
2910859,Filadélfia,BA,579.687,1,jan,73.50362904219638,OK,1991,2020,30,CHIRPS_v2,UCSB-CHG/CHIRPS/DAILY,1991-2020,IBGE_2024
2901809,Antônio Gonçalves,BA,345.282,1,jan,80.44570369111517,OK,1991,2020,30,CHIRPS_v2,UCSB-CHG/CHIRPS/DAILY,1991-2020,IBGE_2024
2925253,Ponto Novo,BA,530.143,1,jan,78.29750225339298,OK,1991,2020,30,CHIRPS_v2,UCSB-CHG/CHIRPS/DAILY,1991-2020,IBGE_2024
2924009,Paulo Afonso,BA,1544.388,1,jan,53.33889373251875,OK,1991,2020,30,CHIRPS_v2,UCSB-CHG/CHIRPS/DAILY,1991-2020,IBGE_2024
2900207,Abaré,BA,1604.923,1,jan,86.9453766421246,OK,1991,2020,30,CHIRPS_v2,UCSB-CHG/CHIRPS/DAILY,1991-2020,IBGE_2024
2907707,Chorrochó,BA,3005.319,1,jan,70.96489437685618,OK,1991,2020,30,CHIRPS_v2,UCSB-CHG/CHIRPS/DAILY,1991-2020,IBGE_2024
2919900,Macururé,BA,2545.857,1,jan,65.45151713837016,OK,1991,2020,30,CHIRPS_v2,UCSB-CHG/CHIRPS/DAILY,1991-2020,IBGE_2024
2927606,Santa Brígida,BA,934.46,1,jan,49.74590555969454,OK,1991,2020,30,CHIRPS_v2,UCSB-CHG/CHIRPS/DAILY,1991-2020,IBGE_2024
2911402,Glória,BA,1566.609,1,jan,56.1685623583351,OK,1991,2020,30,CHIRPS_v2,UCSB-CHG/CHIRPS/DAILY,1991-2020,IBGE_2024
2927101,Rodelas,BA,2207.159,1,jan,63.720457649891834,OK,1991,2020,30,CHIRPS_v2,UCSB-CHG/CHIRPS/DAILY,1991-2020,IBGE_2024
2931905,Tucano,BA,2198.237,1,jan,41.34174163386169,OK,1991,2020,30,CHIRPS_v2,UCSB-CHG/CHIRPS/DAILY,1991-2020,IBGE_2024
2907905,Cipó,BA,168.33,1,jan,49.940026247245136,OK,1991,2020,30,CHIRPS_v2,UCSB-CHG/CHIRPS/DAILY,1991-2020,IBGE_2024
2923100,Olindina,BA,637.316,1,jan,44.7031622524329,OK,1991,2020,30,CHIRPS_v2,UCSB-CHG/CHIRPS/DAILY,1991-2020,IBGE_2024
2922904,Nova Soure,BA,966.993,1,jan,46.30678711176076,OK,1991,2020,30,CHIRPS_v2,UCSB-CHG/CHIRPS/DAILY,1991-2020,IBGE_2024
2902658,Banzaê,BA,409.508,1,jan,38.12685685843495,OK,1991,2020,30,CHIRPS_v2,UCSB-CHG/CHIRPS/DAILY,1991-2020,IBGE_2024
2926608,Ribeira do Pombal,BA,1228.125,1,jan,39.30425982165179,OK,1991,2020,30,CHIRPS_v2,UCSB-CHG/CHIRPS/DAILY,1991-2020,IBGE_2024
2926509,Ribeira do Amparo,BA,666.036,1,jan,45.68148584581201,OK,1991,2020,30,CHIRPS_v2,UCSB-CHG/CHIRPS/DAILY,1991-2020,IBGE_2024
2906824,Canudos,BA,3564.627,1,jan,59.60500135490675,OK,1991,2020,30,CHIRPS_v2,UCSB-CHG/CHIRPS/DAILY,1991-2020,IBGE_2024
2906808,Cansanção,BA,1351.891,1,jan,56.21171054303197,OK,1991,2020,30,CHIRPS_v2,UCSB-CHG/CHIRPS/DAILY,1991-2020,IBGE_2024
2921500,Monte Santo,BA,3034.196,1,jan,54.05112106067722,OK,1991,2020,30,CHIRPS_v2,UCSB-CHG/CHIRPS/DAILY,1991-2020,IBGE_2024
2910701,Euclides da Cunha,BA,2025.368,1,jan,42.19966174838731,OK,1991,2020,30,CHIRPS_v2,UCSB-CHG/CHIRPS/DAILY,1991-2020,IBGE_2024
2925907,Quijingue,BA,1380.798,1,jan,36.96382610692079,OK,1991,2020,30,CHIRPS_v2,UCSB-CHG/CHIRPS/DAILY,1991-2020,IBGE_2024
2900355,Adustina,BA,629.1,1,jan,40.258005202402074,OK,1991,2020,30,CHIRPS_v2,UCSB-CHG/CHIRPS/DAILY,1991-2020,IBGE_2024
2923803,Paripiranga,BA,442.186,1,jan,42.890843204397896,OK,1991,2020,30,CHIRPS_v2,UCSB-CHG/CHIRPS/DAILY,1991-2020,IBGE_2024
2907806,Cícero Dantas,BA,817.023,1,jan,40.84197151764204,OK,1991,2020,30,CHIRPS_v2,UCSB-CHG/CHIRPS/DAILY,1991-2020,IBGE_2024
2911857,Heliópolis,BA,314.669,1,jan,37.46239444286854,OK,1991,2020,30,CHIRPS_v2,UCSB-CHG/CHIRPS/DAILY,1991-2020,IBGE_2024
2910750,Fátima,BA,368.342,1,jan,37.15729957588273,OK,1991,2020,30,CHIRPS_v2,UCSB-CHG/CHIRPS/DAILY,1991-2020,IBGE_2024
2901601,Antas,BA,326.36,1,jan,46.6430757610306,OK,1991,2020,30,CHIRPS_v2,UCSB-CHG/CHIRPS/DAILY,1991-2020,IBGE_2024
2909208,Coronel João Sá,BA,797.434,1,jan,43.452537272557784,OK,1991,2020,30,CHIRPS_v2,UCSB-CHG/CHIRPS/DAILY,1991-2020,IBGE_2024
2924207,Pedro Alexandre,BA,889.572,1,jan,41.662121769221734,OK,1991,2020,30,CHIRPS_v2,UCSB-CHG/CHIRPS/DAILY,1991-2020,IBGE_2024
2930766,Sítio do Quinto,BA,656.837,1,jan,45.38821247951414,OK,1991,2020,30,CHIRPS_v2,UCSB-CHG/CHIRPS/DAILY,1991-2020,IBGE_2024
2923050,Novo Triunfo,BA,299.125,1,jan,49.70625501597175,OK,1991,2020,30,CHIRPS_v2,UCSB-CHG/CHIRPS/DAILY,1991-2020,IBGE_2024
2918100,Jeremoabo,BA,4267.489,1,jan,56.45114096512751,OK,1991,2020,30,CHIRPS_v2,UCSB-CHG/CHIRPS/DAILY,1991-2020,IBGE_2024
2910800,Feira de Santana,BA,1304.427,1,jan,61.19150995137721,OK,1991,2020,30,CHIRPS_v2,UCSB-CHG/CHIRPS/DAILY,1991-2020,IBGE_2024
2924652,Pintadas,BA,647.144,1,jan,69.35552136382779,OK,1991,2020,30,CHIRPS_v2,UCSB-CHG/CHIRPS/DAILY,1991-2020,IBGE_2024
2908903,Coração de Maria,BA,378.421,1,jan,61.92656121826588,OK,1991,2020,30,CHIRPS_v2,UCSB-CHG/CHIRPS/DAILY,1991-2020,IBGE_2024
2908507,Conceição do Jacuípe,BA,114.869,1,jan,60.965349759411104,OK,1991,2020,30,CHIRPS_v2,UCSB-CHG/CHIRPS/DAILY,1991-2020,IBGE_2024
2900405,Água Fria,BA,742.775,1,jan,65.89618848455802,OK,1991,2020,30,CHIRPS_v2,UCSB-CHG/CHIRPS/DAILY,1991-2020,IBGE_2024
2924058,Pé de Serra,BA,596.772,1,jan,61.14637200735272,OK,1991,2020,30,CHIRPS_v2,UCSB-CHG/CHIRPS/DAILY,1991-2020,IBGE_2024
2908200,Conceição da Feira,BA,164.799,1,jan,53.49686713803919,OK,1991,2020,30,CHIRPS_v2,UCSB-CHG/CHIRPS/DAILY,1991-2020,IBGE_2024
2923308,Ouriçangas,BA,156.982,1,jan,74.62347752698899,OK,1991,2020,30,CHIRPS_v2,UCSB-CHG/CHIRPS/DAILY,1991-2020,IBGE_2024
2922730,Nova Fátima,BA,346.785,1,jan,63.99660138621154,OK,1991,2020,30,CHIRPS_v2,UCSB-CHG/CHIRPS/DAILY,1991-2020,IBGE_2024
2906857,Capela do Alto Alegre,BA,629.585,1,jan,69.41094399699345,OK,1991,2020,30,CHIRPS_v2,UCSB-CHG/CHIRPS/DAILY,1991-2020,IBGE_2024
2931103,Tanquinho,BA,243.838,1,jan,63.19964506968117,OK,1991,2020,30,CHIRPS_v2,UCSB-CHG/CHIRPS/DAILY,1991-2020,IBGE_2024
2930402,Serra Preta,BA,595.294,1,jan,59.19073081064633,OK,1991,2020,30,CHIRPS_v2,UCSB-CHG/CHIRPS/DAILY,1991-2020,IBGE_2024
2922102,Mundo Novo,BA,1491.989,1,jan,94.33984841057942,OK,1991,2020,30,CHIRPS_v2,UCSB-CHG/CHIRPS/DAILY,1991-2020,IBGE_2024
2914505,Irará,BA,267.88,1,jan,70.95396183941013,OK,1991,2020,30,CHIRPS_v2,UCSB-CHG/CHIRPS/DAILY,1991-2020,IBGE_2024
2906402,Candeal,BA,447.577,1,jan,58.26675184730738,OK,1991,2020,30,CHIRPS_v2,UCSB-CHG/CHIRPS/DAILY,1991-2020,IBGE_2024
2914000,Ipirá,BA,3105.285,1,jan,61.53873002000357,OK,1991,2020,30,CHIRPS_v2,UCSB-CHG/CHIRPS/DAILY,1991-2020,IBGE_2024
2929305,São Gonçalo dos Campos,BA,294.768,1,jan,55.22975450838892,OK,1991,2020,30,CHIRPS_v2,UCSB-CHG/CHIRPS/DAILY,1991-2020,IBGE_2024
2913804,Ipecaetá,BA,372.565,1,jan,57.587296624124264,OK,1991,2020,30,CHIRPS_v2,UCSB-CHG/CHIRPS/DAILY,1991-2020,IBGE_2024
2928802,Santo Estêvão,BA,360.334,1,jan,60.068143550244464,OK,1991,2020,30,CHIRPS_v2,UCSB-CHG/CHIRPS/DAILY,1991-2020,IBGE_2024
2913309,Ichu,BA,138.016,1,jan,56.70215862338324,OK,1991,2020,30,CHIRPS_v2,UCSB-CHG/CHIRPS/DAILY,1991-2020,IBGE_2024
2928307,Santanópolis,BA,222.686,1,jan,65.26221298524547,OK,1991,2020,30,CHIRPS_v2,UCSB-CHG/CHIRPS/DAILY,1991-2020,IBGE_2024
2920106,Mairi,BA,906.679,1,jan,89.37228245344367,OK,1991,2020,30,CHIRPS_v2,UCSB-CHG/CHIRPS/DAILY,1991-2020,IBGE_2024
2919603,Macajuba,BA,701.17,1,jan,78.2625760305303,OK,1991,2020,30,CHIRPS_v2,UCSB-CHG/CHIRPS/DAILY,1991-2020,IBGE_2024
2919108,Lamarão,BA,189.26,1,jan,61.57477587809847,OK,1991,2020,30,CHIRPS_v2,UCSB-CHG/CHIRPS/DAILY,1991-2020,IBGE_2024
2927507,Santa Bárbara,BA,347.021,1,jan,64.7908718591163,OK,1991,2020,30,CHIRPS_v2,UCSB-CHG/CHIRPS/DAILY,1991-2020,IBGE_2024
2902609,Baixa Grande,BA,967.515,1,jan,79.96501869150197,OK,1991,2020,30,CHIRPS_v2,UCSB-CHG/CHIRPS/DAILY,1991-2020,IBGE_2024
2926301,Riachão do Jacuípe,BA,1155.417,1,jan,55.50507691441337,OK,1991,2020,30,CHIRPS_v2,UCSB-CHG/CHIRPS/DAILY,1991-2020,IBGE_2024
2911253,Gavião,BA,384.592,1,jan,65.43556746000968,OK,1991,2020,30,CHIRPS_v2,UCSB-CHG/CHIRPS/DAILY,1991-2020,IBGE_2024
2901700,Antônio Cardoso,BA,293.53,1,jan,57.45820767711548,OK,1991,2020,30,CHIRPS_v2,UCSB-CHG/CHIRPS/DAILY,1991-2020,IBGE_2024
2925956,Rafael Jambeiro,BA,1090.552,1,jan,62.26090938160447,OK,1991,2020,30,CHIRPS_v2,UCSB-CHG/CHIRPS/DAILY,1991-2020,IBGE_2024
2901106,Amélia Rodrigues,BA,166.872,1,jan,61.77915025743286,OK,1991,2020,30,CHIRPS_v2,UCSB-CHG/CHIRPS/DAILY,1991-2020,IBGE_2024
2901502,Anguera,BA,187.84,1,jan,60.182563160043564,OK,1991,2020,30,CHIRPS_v2,UCSB-CHG/CHIRPS/DAILY,1991-2020,IBGE_2024
2933059,Várzea da Roça,BA,468.407,1,jan,83.71909153049427,OK,1991,2020,30,CHIRPS_v2,UCSB-CHG/CHIRPS/DAILY,1991-2020,IBGE_2024
2933109,Várzea do Poço,BA,206.478,1,jan,92.59180671250654,OK,1991,2020,30,CHIRPS_v2,UCSB-CHG/CHIRPS/DAILY,1991-2020,IBGE_2024
2933158,Várzea Nova,BA,1225.088,1,jan,89.83105967850713,OK,1991,2020,30,CHIRPS_v2,UCSB-CHG/CHIRPS/DAILY,1991-2020,IBGE_2024
2932457,Umburanas,BA,1775.633,1,jan,84.96056785126389,OK,1991,2020,30,CHIRPS_v2,UCSB-CHG/CHIRPS/DAILY,1991-2020,IBGE_2024
2931301,Tapiramutá,BA,714.691,1,jan,89.16653225205737,OK,1991,2020,30,CHIRPS_v2,UCSB-CHG/CHIRPS/DAILY,1991-2020,IBGE_2024
2923357,Ourolândia,BA,1544.985,1,jan,81.66494458255,OK,1991,2020,30,CHIRPS_v2,UCSB-CHG/CHIRPS/DAILY,1991-2020,IBGE_2024
2906873,Capim Grosso,BA,464.776,1,jan,77.10355577511986,OK,1991,2020,30,CHIRPS_v2,UCSB-CHG/CHIRPS/DAILY,1991-2020,IBGE_2024
2930600,Serrolândia,BA,322.021,1,jan,94.17919310689443,OK,1991,2020,30,CHIRPS_v2,UCSB-CHG/CHIRPS/DAILY,1991-2020,IBGE_2024
2929800,Saúde,BA,509.098,1,jan,98.67986464394086,OK,1991,2020,30,CHIRPS_v2,UCSB-CHG/CHIRPS/DAILY,1991-2020,IBGE_2024
2921203,Miguel Calmon,BA,1599.673,1,jan,93.59163974167554,OK,1991,2020,30,CHIRPS_v2,UCSB-CHG/CHIRPS/DAILY,1991-2020,IBGE_2024
2929370,São José do Jacuípe,BA,362.365,1,jan,72.07961003674886,OK,1991,2020,30,CHIRPS_v2,UCSB-CHG/CHIRPS/DAILY,1991-2020,IBGE_2024
2921401,Mirangaba,BA,1751.777,1,jan,79.80465374720684,OK,1991,2020,30,CHIRPS_v2,UCSB-CHG/CHIRPS/DAILY,1991-2020,IBGE_2024
2905503,Caldeirão Grande,BA,458.311,1,jan,93.91483234762347,OK,1991,2020,30,CHIRPS_v2,UCSB-CHG/CHIRPS/DAILY,1991-2020,IBGE_2024
2905107,Caém,BA,540.909,1,jan,102.89967496440518,OK,1991,2020,30,CHIRPS_v2,UCSB-CHG/CHIRPS/DAILY,1991-2020,IBGE_2024
2925931,Quixabeira,BA,366.387,1,jan,83.28194462555864,OK,1991,2020,30,CHIRPS_v2,UCSB-CHG/CHIRPS/DAILY,1991-2020,IBGE_2024
2917508,Jacobina,BA,2192.906,1,jan,94.2348776825749,OK,1991,2020,30,CHIRPS_v2,UCSB-CHG/CHIRPS/DAILY,1991-2020,IBGE_2024
2924801,Piritiba,BA,980.331,1,jan,96.84998896760767,OK,1991,2020,30,CHIRPS_v2,UCSB-CHG/CHIRPS/DAILY,1991-2020,IBGE_2024
2932804,Utinga,BA,633.761,1,jan,83.25279704060806,OK,1991,2020,30,CHIRPS_v2,UCSB-CHG/CHIRPS/DAILY,1991-2020,IBGE_2024
2915007,Itaeté,BA,1331.822,1,jan,100.89604130155062,OK,1991,2020,30,CHIRPS_v2,UCSB-CHG/CHIRPS/DAILY,1991-2020,IBGE_2024
2922854,Nova Redenção,BA,565.356,1,jan,96.1502931140454,OK,1991,2020,30,CHIRPS_v2,UCSB-CHG/CHIRPS/DAILY,1991-2020,IBGE_2024
2914703,Itaberaba,BA,2386.387,1,jan,79.10670263681777,OK,1991,2020,30,CHIRPS_v2,UCSB-CHG/CHIRPS/DAILY,1991-2020,IBGE_2024
2920809,Marcionílio Souza,BA,1099.284,1,jan,90.50592814272056,OK,1991,2020,30,CHIRPS_v2,UCSB-CHG/CHIRPS/DAILY,1991-2020,IBGE_2024
2912608,Ibiquera,BA,698.245,1,jan,87.26384248486453,OK,1991,2020,30,CHIRPS_v2,UCSB-CHG/CHIRPS/DAILY,1991-2020,IBGE_2024
2903805,Boa Vista do Tupim,BA,2972.112,1,jan,85.56411412088936,OK,1991,2020,30,CHIRPS_v2,UCSB-CHG/CHIRPS/DAILY,1991-2020,IBGE_2024
2911907,Iaçu,BA,2342.497,1,jan,70.20380809215986,OK,1991,2020,30,CHIRPS_v2,UCSB-CHG/CHIRPS/DAILY,1991-2020,IBGE_2024
2927200,Ruy Barbosa,BA,1991.772,1,jan,79.7802330533458,OK,1991,2020,30,CHIRPS_v2,UCSB-CHG/CHIRPS/DAILY,1991-2020,IBGE_2024
2919009,Lajedinho,BA,846.728,1,jan,82.46509778381946,OK,1991,2020,30,CHIRPS_v2,UCSB-CHG/CHIRPS/DAILY,1991-2020,IBGE_2024
2933406,Wagner,BA,522.37,1,jan,87.57535288426803,OK,1991,2020,30,CHIRPS_v2,UCSB-CHG/CHIRPS/DAILY,1991-2020,IBGE_2024
2901304,Andaraí,BA,1589.786,1,jan,108.28303162015158,OK,1991,2020,30,CHIRPS_v2,UCSB-CHG/CHIRPS/DAILY,1991-2020,IBGE_2024
2908408,Conceição do Coité,BA,1015.249,1,jan,56.27344394491027,OK,1991,2020,30,CHIRPS_v2,UCSB-CHG/CHIRPS/DAILY,1991-2020,IBGE_2024
2922656,Nordestina,BA,465.407,1,jan,59.41285188858236,OK,1991,2020,30,CHIRPS_v2,UCSB-CHG/CHIRPS/DAILY,1991-2020,IBGE_2024
2928950,São Domingos,BA,289.963,1,jan,60.96065917799905,OK,1991,2020,30,CHIRPS_v2,UCSB-CHG/CHIRPS/DAILY,1991-2020,IBGE_2024
2928000,Santaluz,BA,1623.445,1,jan,60.8166121424954,OK,1991,2020,30,CHIRPS_v2,UCSB-CHG/CHIRPS/DAILY,1991-2020,IBGE_2024
2925808,Queimadas,BA,2011.06,1,jan,66.64247476625599,OK,1991,2020,30,CHIRPS_v2,UCSB-CHG/CHIRPS/DAILY,1991-2020,IBGE_2024
2926103,Retirolândia,BA,242.331,1,jan,59.32363093478156,OK,1991,2020,30,CHIRPS_v2,UCSB-CHG/CHIRPS/DAILY,1991-2020,IBGE_2024
2933000,Valente,BA,394.877,1,jan,61.087231880341704,OK,1991,2020,30,CHIRPS_v2,UCSB-CHG/CHIRPS/DAILY,1991-2020,IBGE_2024
2931509,Teofilândia,BA,351.892,1,jan,52.47387105276088,OK,1991,2020,30,CHIRPS_v2,UCSB-CHG/CHIRPS/DAILY,1991-2020,IBGE_2024
2930501,Serrinha,BA,583.311,1,jan,58.10310568225947,OK,1991,2020,30,CHIRPS_v2,UCSB-CHG/CHIRPS/DAILY,1991-2020,IBGE_2024
2903276,Barrocas,BA,207.297,1,jan,53.50812661064091,OK,1991,2020,30,CHIRPS_v2,UCSB-CHG/CHIRPS/DAILY,1991-2020,IBGE_2024
2903607,Biritinga,BA,553.762,1,jan,55.52288185481549,OK,1991,2020,30,CHIRPS_v2,UCSB-CHG/CHIRPS/DAILY,1991-2020,IBGE_2024
2902104,Araci,BA,1496.246,1,jan,50.540874326634935,OK,1991,2020,30,CHIRPS_v2,UCSB-CHG/CHIRPS/DAILY,1991-2020,IBGE_2024
2924306,Piatã,BA,1825.855,1,jan,148.05361748122615,OK,1991,2020,30,CHIRPS_v2,UCSB-CHG/CHIRPS/DAILY,1991-2020,IBGE_2024
2923506,Palmeiras,BA,737.797,1,jan,115.83053253014016,OK,1991,2020,30,CHIRPS_v2,UCSB-CHG/CHIRPS/DAILY,1991-2020,IBGE_2024
2930808,Souto Soares,BA,1026.638,1,jan,100.39378685218011,OK,1991,2020,30,CHIRPS_v2,UCSB-CHG/CHIRPS/DAILY,1991-2020,IBGE_2024
2923035,Novo Horizonte,BA,627.5,1,jan,131.50939025482586,OK,1991,2020,30,CHIRPS_v2,UCSB-CHG/CHIRPS/DAILY,1991-2020,IBGE_2024
2914406,Iraquara,BA,991.821,1,jan,100.65253526761938,OK,1991,2020,30,CHIRPS_v2,UCSB-CHG/CHIRPS/DAILY,1991-2020,IBGE_2024
2929909,Seabra,BA,2402.17,1,jan,110.25539853126723,OK,1991,2020,30,CHIRPS_v2,UCSB-CHG/CHIRPS/DAILY,1991-2020,IBGE_2024
2921906,Mucugê,BA,2462.689,1,jan,122.07980465090291,OK,1991,2020,30,CHIRPS_v2,UCSB-CHG/CHIRPS/DAILY,1991-2020,IBGE_2024
2913002,Ibitiara,BA,1834.003,1,jan,114.42674166466499,OK,1991,2020,30,CHIRPS_v2,UCSB-CHG/CHIRPS/DAILY,1991-2020,IBGE_2024
2904001,Boninal,BA,896.857,1,jan,124.50206426516813,OK,1991,2020,30,CHIRPS_v2,UCSB-CHG/CHIRPS/DAILY,1991-2020,IBGE_2024
2919306,Lençóis,BA,1282.981,1,jan,114.03036162073407,OK,1991,2020,30,CHIRPS_v2,UCSB-CHG/CHIRPS/DAILY,1991-2020,IBGE_2024
3136603,Nova União,MG,172.131,1,jan,254.31480693139707,OK,1991,2020,30,CHIRPS_v2,UCSB-CHG/CHIRPS/DAILY,1991-2020,IBGE_2024
3168309,Taquaraçu de Minas,MG,329.287,1,jan,253.11565708494425,OK,1991,2020,30,CHIRPS_v2,UCSB-CHG/CHIRPS/DAILY,1991-2020,IBGE_2024
3134608,Jaboticatubas,MG,1114.972,1,jan,241.83864555434425,OK,1991,2020,30,CHIRPS_v2,UCSB-CHG/CHIRPS/DAILY,1991-2020,IBGE_2024
3126000,Florestal,MG,194.965,1,jan,271.17456117635004,OK,1991,2020,30,CHIRPS_v2,UCSB-CHG/CHIRPS/DAILY,1991-2020,IBGE_2024
3142304,Moeda,MG,154.129,1,jan,286.7522071299212,OK,1991,2020,30,CHIRPS_v2,UCSB-CHG/CHIRPS/DAILY,1991-2020,IBGE_2024
3140704,Mateus Leme,MG,302.312,1,jan,283.4370225358262,OK,1991,2020,30,CHIRPS_v2,UCSB-CHG/CHIRPS/DAILY,1991-2020,IBGE_2024
3162955,São José da Lapa,MG,48.135,1,jan,262.47100331871917,OK,1991,2020,30,CHIRPS_v2,UCSB-CHG/CHIRPS/DAILY,1991-2020,IBGE_2024
3129806,Ibirité,MG,72.389,1,jan,301.7160396855462,OK,1991,2020,30,CHIRPS_v2,UCSB-CHG/CHIRPS/DAILY,1991-2020,IBGE_2024
3137601,Lagoa Santa,MG,229.741,1,jan,255.62873252889818,OK,1991,2020,30,CHIRPS_v2,UCSB-CHG/CHIRPS/DAILY,1991-2020,IBGE_2024
3153905,Raposos,MG,72.228,1,jan,299.91374188947236,OK,1991,2020,30,CHIRPS_v2,UCSB-CHG/CHIRPS/DAILY,1991-2020,IBGE_2024
3144805,Nova Lima,MG,430.115,1,jan,305.21669415640457,OK,1991,2020,30,CHIRPS_v2,UCSB-CHG/CHIRPS/DAILY,1991-2020,IBGE_2024
3136652,Juatuba,MG,97.66,1,jan,280.6901886392791,OK,1991,2020,30,CHIRPS_v2,UCSB-CHG/CHIRPS/DAILY,1991-2020,IBGE_2024
3110004,Caeté,MG,542.531,1,jan,282.1114707431698,OK,1991,2020,30,CHIRPS_v2,UCSB-CHG/CHIRPS/DAILY,1991-2020,IBGE_2024
3118601,Contagem,MG,194.732,1,jan,288.2272349621505,OK,1991,2020,30,CHIRPS_v2,UCSB-CHG/CHIRPS/DAILY,1991-2020,IBGE_2024
3117876,Confins,MG,42.462,1,jan,254.0227788254079,OK,1991,2020,30,CHIRPS_v2,UCSB-CHG/CHIRPS/DAILY,1991-2020,IBGE_2024
3109006,Brumadinho,MG,640.63,1,jan,297.82588974102947,OK,1991,2020,30,CHIRPS_v2,UCSB-CHG/CHIRPS/DAILY,1991-2020,IBGE_2024
3157807,Santa Luzia,MG,235.166,1,jan,271.0990732446779,OK,1991,2020,30,CHIRPS_v2,UCSB-CHG/CHIRPS/DAILY,1991-2020,IBGE_2024
3149309,Pedro Leopoldo,MG,292.81,1,jan,252.86507384415273,OK,1991,2020,30,CHIRPS_v2,UCSB-CHG/CHIRPS/DAILY,1991-2020,IBGE_2024
3165537,Sarzedo,MG,62.134,1,jan,300.47251415363917,OK,1991,2020,30,CHIRPS_v2,UCSB-CHG/CHIRPS/DAILY,1991-2020,IBGE_2024
3156700,Sabará,MG,302.453,1,jan,284.81797614318975,OK,1991,2020,30,CHIRPS_v2,UCSB-CHG/CHIRPS/DAILY,1991-2020,IBGE_2024
3124104,Esmeraldas,MG,909.727,1,jan,259.81407384886666,OK,1991,2020,30,CHIRPS_v2,UCSB-CHG/CHIRPS/DAILY,1991-2020,IBGE_2024
3140159,Mário Campos,MG,35.196,1,jan,297.7600223697674,OK,1991,2020,30,CHIRPS_v2,UCSB-CHG/CHIRPS/DAILY,1991-2020,IBGE_2024
3106705,Betim,MG,344.076,1,jan,287.54420476994034,OK,1991,2020,30,CHIRPS_v2,UCSB-CHG/CHIRPS/DAILY,1991-2020,IBGE_2024
3130101,Igarapé,MG,110.894,1,jan,285.8653036291478,OK,1991,2020,30,CHIRPS_v2,UCSB-CHG/CHIRPS/DAILY,1991-2020,IBGE_2024
3162922,São Joaquim de Bicas,MG,71.995,1,jan,290.33172157560904,OK,1991,2020,30,CHIRPS_v2,UCSB-CHG/CHIRPS/DAILY,1991-2020,IBGE_2024
3106200,Belo Horizonte,MG,331.337,1,jan,295.6388336638041,OK,1991,2020,30,CHIRPS_v2,UCSB-CHG/CHIRPS/DAILY,1991-2020,IBGE_2024
3154606,Ribeirão das Neves,MG,155.105,1,jan,273.8820978416133,OK,1991,2020,30,CHIRPS_v2,UCSB-CHG/CHIRPS/DAILY,1991-2020,IBGE_2024
3171204,Vespasiano,MG,70.456,1,jan,267.9056948885338,OK,1991,2020,30,CHIRPS_v2,UCSB-CHG/CHIRPS/DAILY,1991-2020,IBGE_2024
3154804,Rio Acima,MG,228.899,1,jan,299.68292653249466,OK,1991,2020,30,CHIRPS_v2,UCSB-CHG/CHIRPS/DAILY,1991-2020,IBGE_2024
3153608,Prudente de Morais,MG,124.189,1,jan,244.17306465894683,OK,1991,2020,30,CHIRPS_v2,UCSB-CHG/CHIRPS/DAILY,1991-2020,IBGE_2024
3167202,Sete Lagoas,MG,536.928,1,jan,245.2276083644319,OK,1991,2020,30,CHIRPS_v2,UCSB-CHG/CHIRPS/DAILY,1991-2020,IBGE_2024
3131000,Inhaúma,MG,244.996,1,jan,242.58860470405216,OK,1991,2020,30,CHIRPS_v2,UCSB-CHG/CHIRPS/DAILY,1991-2020,IBGE_2024
3105004,Baldim,MG,556.266,1,jan,231.28363578591868,OK,1991,2020,30,CHIRPS_v2,UCSB-CHG/CHIRPS/DAILY,1991-2020,IBGE_2024
3112505,Capim Branco,MG,95.333,1,jan,245.28174478143592,OK,1991,2020,30,CHIRPS_v2,UCSB-CHG/CHIRPS/DAILY,1991-2020,IBGE_2024
3135704,Jequitibá,MG,445.03,1,jan,226.00862152024465,OK,1991,2020,30,CHIRPS_v2,UCSB-CHG/CHIRPS/DAILY,1991-2020,IBGE_2024
3103207,Araçaí,MG,187.53,1,jan,231.6397318154202,OK,1991,2020,30,CHIRPS_v2,UCSB-CHG/CHIRPS/DAILY,1991-2020,IBGE_2024
3118908,Cordisburgo,MG,823.654,1,jan,220.6297524113697,OK,1991,2020,30,CHIRPS_v2,UCSB-CHG/CHIRPS/DAILY,1991-2020,IBGE_2024
3143708,Morro do Pilar,MG,477.548,1,jan,242.20071042518586,OK,1991,2020,30,CHIRPS_v2,UCSB-CHG/CHIRPS/DAILY,1991-2020,IBGE_2024
3127206,Funilândia,MG,199.797,1,jan,235.72986838235818,OK,1991,2020,30,CHIRPS_v2,UCSB-CHG/CHIRPS/DAILY,1991-2020,IBGE_2024
3126406,Fortuna de Minas,MG,198.665,1,jan,241.52232933303037,OK,1991,2020,30,CHIRPS_v2,UCSB-CHG/CHIRPS/DAILY,1991-2020,IBGE_2024
3109600,Cachoeira da Prata,MG,61.425,1,jan,241.38390360097054,OK,1991,2020,30,CHIRPS_v2,UCSB-CHG/CHIRPS/DAILY,1991-2020,IBGE_2024
3159001,Santana do Riacho,MG,677.207,1,jan,234.93578352200532,OK,1991,2020,30,CHIRPS_v2,UCSB-CHG/CHIRPS/DAILY,1991-2020,IBGE_2024
3118106,Congonhas do Norte,MG,405.671,1,jan,218.20739661908206,OK,1991,2020,30,CHIRPS_v2,UCSB-CHG/CHIRPS/DAILY,1991-2020,IBGE_2024
3109907,Caetanópolis,MG,156.039,1,jan,237.9512722354481,OK,1991,2020,30,CHIRPS_v2,UCSB-CHG/CHIRPS/DAILY,1991-2020,IBGE_2024
3158508,Santana de Pirapama,MG,1255.832,1,jan,213.77164711483852,OK,1991,2020,30,CHIRPS_v2,UCSB-CHG/CHIRPS/DAILY,1991-2020,IBGE_2024
3117504,Conceição do Mato Dentro,MG,1720.04,1,jan,228.9944087547829,OK,1991,2020,30,CHIRPS_v2,UCSB-CHG/CHIRPS/DAILY,1991-2020,IBGE_2024
3141108,Matozinhos,MG,252.453,1,jan,242.37120797043153,OK,1991,2020,30,CHIRPS_v2,UCSB-CHG/CHIRPS/DAILY,1991-2020,IBGE_2024
3147402,Paraopeba,MG,625.631,1,jan,232.14890342955167,OK,1991,2020,30,CHIRPS_v2,UCSB-CHG/CHIRPS/DAILY,1991-2020,IBGE_2024
3146107,Ouro Preto,MG,1246.068,1,jan,288.7913557518695,OK,1991,2020,30,CHIRPS_v2,UCSB-CHG/CHIRPS/DAILY,1991-2020,IBGE_2024
3157203,Santa Bárbara,MG,684.505,1,jan,287.85125343346715,OK,1991,2020,30,CHIRPS_v2,UCSB-CHG/CHIRPS/DAILY,1991-2020,IBGE_2024
3131901,Itabirito,MG,544.535,1,jan,289.81136360421647,OK,1991,2020,30,CHIRPS_v2,UCSB-CHG/CHIRPS/DAILY,1991-2020,IBGE_2024
3115359,Catas Altas,MG,240.042,1,jan,296.0547903726724,OK,1991,2020,30,CHIRPS_v2,UCSB-CHG/CHIRPS/DAILY,1991-2020,IBGE_2024
3140001,Mariana,MG,1194.208,1,jan,288.5504487693676,OK,1991,2020,30,CHIRPS_v2,UCSB-CHG/CHIRPS/DAILY,1991-2020,IBGE_2024
3105400,Barão de Cocais,MG,340.14,1,jan,286.4101366623945,OK,1991,2020,30,CHIRPS_v2,UCSB-CHG/CHIRPS/DAILY,1991-2020,IBGE_2024
3120904,Curvelo,MG,3296.2,1,jan,207.71169033501548,OK,1991,2020,30,CHIRPS_v2,UCSB-CHG/CHIRPS/DAILY,1991-2020,IBGE_2024
3104809,Augusto de Lima,MG,1254.832,1,jan,207.15255711869503,OK,1991,2020,30,CHIRPS_v2,UCSB-CHG/CHIRPS/DAILY,1991-2020,IBGE_2024
3153202,Presidente Juscelino,MG,695.882,1,jan,205.99422454785616,OK,1991,2020,30,CHIRPS_v2,UCSB-CHG/CHIRPS/DAILY,1991-2020,IBGE_2024
3160603,Santo Hipólito,MG,430.656,1,jan,207.24253018608238,OK,1991,2020,30,CHIRPS_v2,UCSB-CHG/CHIRPS/DAILY,1991-2020,IBGE_2024
3119104,Corinto,MG,2525.397,1,jan,209.97011746476952,OK,1991,2020,30,CHIRPS_v2,UCSB-CHG/CHIRPS/DAILY,1991-2020,IBGE_2024
3143609,Morro da Garça,MG,414.772,1,jan,208.44404334831083,OK,1991,2020,30,CHIRPS_v2,UCSB-CHG/CHIRPS/DAILY,1991-2020,IBGE_2024
3142502,Monjolos,MG,650.911,1,jan,213.72028763074857,OK,1991,2020,30,CHIRPS_v2,UCSB-CHG/CHIRPS/DAILY,1991-2020,IBGE_2024
3109204,Buenópolis,MG,1599.881,1,jan,205.04673494139098,OK,1991,2020,30,CHIRPS_v2,UCSB-CHG/CHIRPS/DAILY,1991-2020,IBGE_2024
3131109,Inimutaba,MG,527.06,1,jan,202.90652306889922,OK,1991,2020,30,CHIRPS_v2,UCSB-CHG/CHIRPS/DAILY,1991-2020,IBGE_2024
3131703,Itabira,MG,1254.607,1,jan,237.8604496120108,OK,1991,2020,30,CHIRPS_v2,UCSB-CHG/CHIRPS/DAILY,1991-2020,IBGE_2024
3113800,Carmésia,MG,259.103,1,jan,224.0485865200926,OK,1991,2020,30,CHIRPS_v2,UCSB-CHG/CHIRPS/DAILY,1991-2020,IBGE_2024
3160504,Santo Antônio do Rio Abaixo,MG,107.269,1,jan,238.62657327048106,OK,1991,2020,30,CHIRPS_v2,UCSB-CHG/CHIRPS/DAILY,1991-2020,IBGE_2024
3125903,Ferros,MG,1088.791,1,jan,207.7307131918788,OK,1991,2020,30,CHIRPS_v2,UCSB-CHG/CHIRPS/DAILY,1991-2020,IBGE_2024
3158003,Santa Maria de Itabira,MG,597.441,1,jan,214.97632709893222,OK,1991,2020,30,CHIRPS_v2,UCSB-CHG/CHIRPS/DAILY,1991-2020,IBGE_2024
3132800,Itambé do Mato Dentro,MG,380.34,1,jan,240.76339107609823,OK,1991,2020,30,CHIRPS_v2,UCSB-CHG/CHIRPS/DAILY,1991-2020,IBGE_2024
3164803,São Sebastião do Rio Preto,MG,128.002,1,jan,235.09125065192876,OK,1991,2020,30,CHIRPS_v2,UCSB-CHG/CHIRPS/DAILY,1991-2020,IBGE_2024
3107703,Bom Jesus do Amparo,MG,195.611,1,jan,266.7275510552531,OK,1991,2020,30,CHIRPS_v2,UCSB-CHG/CHIRPS/DAILY,1991-2020,IBGE_2024
3147501,Passabém,MG,94.183,1,jan,225.30187753213679,OK,1991,2020,30,CHIRPS_v2,UCSB-CHG/CHIRPS/DAILY,1991-2020,IBGE_2024
3143302,Montes Claros,MG,3589.811,1,jan,174.78505790300494,OK,1991,2020,30,CHIRPS_v2,UCSB-CHG/CHIRPS/DAILY,1991-2020,IBGE_2024
3129657,Ibiracatu,MG,353.257,1,jan,159.5801098790291,OK,1991,2020,30,CHIRPS_v2,UCSB-CHG/CHIRPS/DAILY,1991-2020,IBGE_2024
3162401,São João da Ponte,MG,1851.102,1,jan,161.63452716638,OK,1991,2020,30,CHIRPS_v2,UCSB-CHG/CHIRPS/DAILY,1991-2020,IBGE_2024
3162252,São João da Lagoa,MG,998.015,1,jan,194.47502995098495,OK,1991,2020,30,CHIRPS_v2,UCSB-CHG/CHIRPS/DAILY,1991-2020,IBGE_2024
3162658,São João do Pacuí,MG,415.922,1,jan,190.39603984409013,OK,1991,2020,30,CHIRPS_v2,UCSB-CHG/CHIRPS/DAILY,1991-2020,IBGE_2024
3145455,Olhos-d'Água,MG,2092.078,1,jan,185.70954087811083,OK,1991,2020,30,CHIRPS_v2,UCSB-CHG/CHIRPS/DAILY,1991-2020,IBGE_2024
3137304,Lagoa dos Patos,MG,600.547,1,jan,195.15575519096535,OK,1991,2020,30,CHIRPS_v2,UCSB-CHG/CHIRPS/DAILY,1991-2020,IBGE_2024
3112703,Capitão Enéas,MG,971.576,1,jan,157.12328571800697,OK,1991,2020,30,CHIRPS_v2,UCSB-CHG/CHIRPS/DAILY,1991-2020,IBGE_2024
3136801,Juramento,MG,431.63,1,jan,172.70245280019844,OK,1991,2020,30,CHIRPS_v2,UCSB-CHG/CHIRPS/DAILY,1991-2020,IBGE_2024
3120300,Cristália,MG,840.702,1,jan,140.09236851339014,OK,1991,2020,30,CHIRPS_v2,UCSB-CHG/CHIRPS/DAILY,1991-2020,IBGE_2024
3136579,Josenópolis,MG,541.393,1,jan,128.01620808750738,OK,1991,2020,30,CHIRPS_v2,UCSB-CHG/CHIRPS/DAILY,1991-2020,IBGE_2024
3128253,Guaraciama,MG,390.263,1,jan,180.45417010568295,OK,1991,2020,30,CHIRPS_v2,UCSB-CHG/CHIRPS/DAILY,1991-2020,IBGE_2024
3136405,Joaquim Felício,MG,790.935,1,jan,200.37928501770676,OK,1991,2020,30,CHIRPS_v2,UCSB-CHG/CHIRPS/DAILY,1991-2020,IBGE_2024
3135605,Jequitaí,MG,1268.443,1,jan,193.7499862339823,OK,1991,2020,30,CHIRPS_v2,UCSB-CHG/CHIRPS/DAILY,1991-2020,IBGE_2024
3111150,Campo Azul,MG,505.914,1,jan,185.35549173119094,OK,1991,2020,30,CHIRPS_v2,UCSB-CHG/CHIRPS/DAILY,1991-2020,IBGE_2024
3127800,Grão Mogol,MG,3885.294,1,jan,148.7308425083521,OK,1991,2020,30,CHIRPS_v2,UCSB-CHG/CHIRPS/DAILY,1991-2020,IBGE_2024
3118809,Coração de Jesus,MG,2225.216,1,jan,188.38196383166184,OK,1991,2020,30,CHIRPS_v2,UCSB-CHG/CHIRPS/DAILY,1991-2020,IBGE_2024
3127354,Glaucilândia,MG,145.861,1,jan,177.0292650285391,OK,1991,2020,30,CHIRPS_v2,UCSB-CHG/CHIRPS/DAILY,1991-2020,IBGE_2024
3135357,Japonvar,MG,375.181,1,jan,161.34017969927783,OK,1991,2020,30,CHIRPS_v2,UCSB-CHG/CHIRPS/DAILY,1991-2020,IBGE_2024
3126604,Francisco Dumont,MG,1576.128,1,jan,196.4145749987938,OK,1991,2020,30,CHIRPS_v2,UCSB-CHG/CHIRPS/DAILY,1991-2020,IBGE_2024
3126703,Francisco Sá,MG,2747.295,1,jan,157.40981826455817,OK,1991,2020,30,CHIRPS_v2,UCSB-CHG/CHIRPS/DAILY,1991-2020,IBGE_2024
3142007,Mirabela,MG,723.278,1,jan,169.9421995295115,OK,1991,2020,30,CHIRPS_v2,UCSB-CHG/CHIRPS/DAILY,1991-2020,IBGE_2024
3108602,Brasília de Minas,MG,1399.484,1,jan,175.30874669931288,OK,1991,2020,30,CHIRPS_v2,UCSB-CHG/CHIRPS/DAILY,1991-2020,IBGE_2024
3108503,Botumirim,MG,1568.884,1,jan,151.45401769512213,OK,1991,2020,30,CHIRPS_v2,UCSB-CHG/CHIRPS/DAILY,1991-2020,IBGE_2024
3116506,Claro dos Poções,MG,720.424,1,jan,193.57966739741826,OK,1991,2020,30,CHIRPS_v2,UCSB-CHG/CHIRPS/DAILY,1991-2020,IBGE_2024
3132008,Itacambira,MG,1788.445,1,jan,164.9230024877942,OK,1991,2020,30,CHIRPS_v2,UCSB-CHG/CHIRPS/DAILY,1991-2020,IBGE_2024
3123809,Engenheiro Navarro,MG,608.306,1,jan,188.08283047104436,OK,1991,2020,30,CHIRPS_v2,UCSB-CHG/CHIRPS/DAILY,1991-2020,IBGE_2024
3147956,Patis,MG,444.196,1,jan,168.05550497930352,OK,1991,2020,30,CHIRPS_v2,UCSB-CHG/CHIRPS/DAILY,1991-2020,IBGE_2024
3107307,Bocaiúva,MG,3206.757,1,jan,178.9044748139793,OK,1991,2020,30,CHIRPS_v2,UCSB-CHG/CHIRPS/DAILY,1991-2020,IBGE_2024
3138682,Luislândia,MG,411.714,1,jan,174.65292285831984,OK,1991,2020,30,CHIRPS_v2,UCSB-CHG/CHIRPS/DAILY,1991-2020,IBGE_2024
3138658,Lontra,MG,258.925,1,jan,161.61123492442564,OK,1991,2020,30,CHIRPS_v2,UCSB-CHG/CHIRPS/DAILY,1991-2020,IBGE_2024
3170909,Varzelândia,MG,814.994,1,jan,157.67381883579912,OK,1991,2020,30,CHIRPS_v2,UCSB-CHG/CHIRPS/DAILY,1991-2020,IBGE_2024
3145059,Nova Porteirinha,MG,120.944,1,jan,131.52010153374906,OK,1991,2020,30,CHIRPS_v2,UCSB-CHG/CHIRPS/DAILY,1991-2020,IBGE_2024
3152204,Porteirinha,MG,1749.683,1,jan,127.66271944135444,OK,1991,2020,30,CHIRPS_v2,UCSB-CHG/CHIRPS/DAILY,1991-2020,IBGE_2024
3135100,Janaúba,MG,2181.319,1,jan,143.16303413822016,OK,1991,2020,30,CHIRPS_v2,UCSB-CHG/CHIRPS/DAILY,1991-2020,IBGE_2024
3135050,Jaíba,MG,2635.467,1,jan,130.01323019640256,OK,1991,2020,30,CHIRPS_v2,UCSB-CHG/CHIRPS/DAILY,1991-2020,IBGE_2024
3166956,Serranópolis de Minas,MG,551.954,1,jan,133.5352403212338,OK,1991,2020,30,CHIRPS_v2,UCSB-CHG/CHIRPS/DAILY,1991-2020,IBGE_2024
3142254,Miravânia,MG,602.128,1,jan,159.97794251132729,OK,1991,2020,30,CHIRPS_v2,UCSB-CHG/CHIRPS/DAILY,1991-2020,IBGE_2024
3140852,Matias Cardoso,MG,1940.597,1,jan,123.62915581939144,OK,1991,2020,30,CHIRPS_v2,UCSB-CHG/CHIRPS/DAILY,1991-2020,IBGE_2024
3139300,Manga,MG,1950.184,1,jan,136.7383847728398,OK,1991,2020,30,CHIRPS_v2,UCSB-CHG/CHIRPS/DAILY,1991-2020,IBGE_2024
3146552,Pai Pedro,MG,839.805,1,jan,125.23507828087406,OK,1991,2020,30,CHIRPS_v2,UCSB-CHG/CHIRPS/DAILY,1991-2020,IBGE_2024
3171030,Verdelândia,MG,1570.582,1,jan,144.94017232290565,OK,1991,2020,30,CHIRPS_v2,UCSB-CHG/CHIRPS/DAILY,1991-2020,IBGE_2024
3154507,Riacho dos Machados,MG,1315.54,1,jan,149.6390789020731,OK,1991,2020,30,CHIRPS_v2,UCSB-CHG/CHIRPS/DAILY,1991-2020,IBGE_2024
3146255,Padre Carvalho,MG,446.275,1,jan,142.4167855468501,OK,1991,2020,30,CHIRPS_v2,UCSB-CHG/CHIRPS/DAILY,1991-2020,IBGE_2024
3170651,Vargem Grande do Rio Pardo,MG,491.512,1,jan,123.39945785954964,OK,1991,2020,30,CHIRPS_v2,UCSB-CHG/CHIRPS/DAILY,1991-2020,IBGE_2024
3120870,Curral de Dentro,MG,570.95,1,jan,126.92581975356777,OK,1991,2020,30,CHIRPS_v2,UCSB-CHG/CHIRPS/DAILY,1991-2020,IBGE_2024
3145372,Novorizonte,MG,271.61,1,jan,134.09352720787396,OK,1991,2020,30,CHIRPS_v2,UCSB-CHG/CHIRPS/DAILY,1991-2020,IBGE_2024
3144656,Ninheira,MG,1108.27,1,jan,114.70231786223944,OK,1991,2020,30,CHIRPS_v2,UCSB-CHG/CHIRPS/DAILY,1991-2020,IBGE_2024
3168002,Taiobeiras,MG,1220.045,1,jan,125.08743136089039,OK,1991,2020,30,CHIRPS_v2,UCSB-CHG/CHIRPS/DAILY,1991-2020,IBGE_2024
3127073,Fruta de Leite,MG,762.837,1,jan,138.4898738782228,OK,1991,2020,30,CHIRPS_v2,UCSB-CHG/CHIRPS/DAILY,1991-2020,IBGE_2024
3157377,Santa Cruz de Salinas,MG,589.607,1,jan,128.9583302805431,OK,1991,2020,30,CHIRPS_v2,UCSB-CHG/CHIRPS/DAILY,1991-2020,IBGE_2024
3157005,Salinas,MG,1862.117,1,jan,127.90414001083217,OK,1991,2020,30,CHIRPS_v2,UCSB-CHG/CHIRPS/DAILY,1991-2020,IBGE_2024
3156502,Rubelita,MG,1110.295,1,jan,120.4377488251278,OK,1991,2020,30,CHIRPS_v2,UCSB-CHG/CHIRPS/DAILY,1991-2020,IBGE_2024
3155603,Rio Pardo de Minas,MG,3117.675,1,jan,134.70374155235925,OK,1991,2020,30,CHIRPS_v2,UCSB-CHG/CHIRPS/DAILY,1991-2020,IBGE_2024
3106655,Berizal,MG,488.756,1,jan,122.30542016131656,OK,1991,2020,30,CHIRPS_v2,UCSB-CHG/CHIRPS/DAILY,1991-2020,IBGE_2024
3130655,Indaiabira,MG,1004.149,1,jan,123.19322461370342,OK,1991,2020,30,CHIRPS_v2,UCSB-CHG/CHIRPS/DAILY,1991-2020,IBGE_2024
3162708,São João do Paraíso,MG,1925.575,1,jan,119.59782401752885,OK,1991,2020,30,CHIRPS_v2,UCSB-CHG/CHIRPS/DAILY,1991-2020,IBGE_2024
3162450,São João das Missões,MG,678.274,1,jan,148.68921121658764,OK,1991,2020,30,CHIRPS_v2,UCSB-CHG/CHIRPS/DAILY,1991-2020,IBGE_2024
3136959,Juvenília,MG,1064.692,1,jan,137.30976353038585,OK,1991,2020,30,CHIRPS_v2,UCSB-CHG/CHIRPS/DAILY,1991-2020,IBGE_2024
3135209,Januária,MG,6661.588,1,jan,167.83969183184308,OK,1991,2020,30,CHIRPS_v2,UCSB-CHG/CHIRPS/DAILY,1991-2020,IBGE_2024
3117836,Cônego Marinho,MG,1610.469,1,jan,171.59194423628108,OK,1991,2020,30,CHIRPS_v2,UCSB-CHG/CHIRPS/DAILY,1991-2020,IBGE_2024
3142700,Montalvânia,MG,1503.755,1,jan,151.31033689015996,OK,1991,2020,30,CHIRPS_v2,UCSB-CHG/CHIRPS/DAILY,1991-2020,IBGE_2024
3149150,Pedras de Maria da Cruz,MG,1525.648,1,jan,152.99999850520894,OK,1991,2020,30,CHIRPS_v2,UCSB-CHG/CHIRPS/DAILY,1991-2020,IBGE_2024
3132107,Itacarambi,MG,1225.273,1,jan,145.67881839570066,OK,1991,2020,30,CHIRPS_v2,UCSB-CHG/CHIRPS/DAILY,1991-2020,IBGE_2024
3108255,Bonito de Minas,MG,3936.455,1,jan,178.26587644606266,OK,1991,2020,30,CHIRPS_v2,UCSB-CHG/CHIRPS/DAILY,1991-2020,IBGE_2024
3151206,Pirapora,MG,549.514,1,jan,208.174747708646,OK,1991,2020,30,CHIRPS_v2,UCSB-CHG/CHIRPS/DAILY,1991-2020,IBGE_2024
3170008,Ubaí,MG,820.524,1,jan,173.27221449164958,OK,1991,2020,30,CHIRPS_v2,UCSB-CHG/CHIRPS/DAILY,1991-2020,IBGE_2024
3161106,São Francisco,MG,3308.1,1,jan,173.66887291157252,OK,1991,2020,30,CHIRPS_v2,UCSB-CHG/CHIRPS/DAILY,1991-2020,IBGE_2024
3130051,Icaraí de Minas,MG,625.664,1,jan,166.92312309984288,OK,1991,2020,30,CHIRPS_v2,UCSB-CHG/CHIRPS/DAILY,1991-2020,IBGE_2024
3160454,Santo Antônio do Retiro,MG,796.29,1,jan,127.19923881924716,OK,1991,2020,30,CHIRPS_v2,UCSB-CHG/CHIRPS/DAILY,1991-2020,IBGE_2024
3143450,Montezuma,MG,1130.419,1,jan,125.55733875080006,OK,1991,2020,30,CHIRPS_v2,UCSB-CHG/CHIRPS/DAILY,1991-2020,IBGE_2024
3127339,Gameleiras,MG,1733.203,1,jan,124.81364733105262,OK,1991,2020,30,CHIRPS_v2,UCSB-CHG/CHIRPS/DAILY,1991-2020,IBGE_2024
3142908,Monte Azul,MG,1001.296,1,jan,122.86968390334016,OK,1991,2020,30,CHIRPS_v2,UCSB-CHG/CHIRPS/DAILY,1991-2020,IBGE_2024
3124302,Espinosa,MG,1868.97,1,jan,121.80804755809984,OK,1991,2020,30,CHIRPS_v2,UCSB-CHG/CHIRPS/DAILY,1991-2020,IBGE_2024
3141009,Mato Verde,MG,472.245,1,jan,117.48492841821414,OK,1991,2020,30,CHIRPS_v2,UCSB-CHG/CHIRPS/DAILY,1991-2020,IBGE_2024
3115474,Catuti,MG,287.812,1,jan,122.78492007178004,OK,1991,2020,30,CHIRPS_v2,UCSB-CHG/CHIRPS/DAILY,1991-2020,IBGE_2024
3139250,Mamonas,MG,284.365,1,jan,126.65030886294329,OK,1991,2020,30,CHIRPS_v2,UCSB-CHG/CHIRPS/DAILY,1991-2020,IBGE_2024
3168606,Teófilo Otoni,MG,3242.27,1,jan,143.1162656011007,OK,1991,2020,30,CHIRPS_v2,UCSB-CHG/CHIRPS/DAILY,1991-2020,IBGE_2024
3146206,Ouro Verde de Minas,MG,175.482,1,jan,145.29216834260575,OK,1991,2020,30,CHIRPS_v2,UCSB-CHG/CHIRPS/DAILY,1991-2020,IBGE_2024
3146305,Padre Paraíso,MG,544.375,1,jan,140.32737025086652,OK,1991,2020,30,CHIRPS_v2,UCSB-CHG/CHIRPS/DAILY,1991-2020,IBGE_2024
3145307,Novo Cruzeiro,MG,1702.981,1,jan,147.07768207110766,OK,1991,2020,30,CHIRPS_v2,UCSB-CHG/CHIRPS/DAILY,1991-2020,IBGE_2024
3145356,Novo Oriente de Minas,MG,755.151,1,jan,132.8963022509943,OK,1991,2020,30,CHIRPS_v2,UCSB-CHG/CHIRPS/DAILY,1991-2020,IBGE_2024
3113008,Caraí,MG,1242.345,1,jan,141.8221772968696,OK,1991,2020,30,CHIRPS_v2,UCSB-CHG/CHIRPS/DAILY,1991-2020,IBGE_2024
3144904,Nova Módica,MG,375.973,1,jan,155.3690047002018,OK,1991,2020,30,CHIRPS_v2,UCSB-CHG/CHIRPS/DAILY,1991-2020,IBGE_2024
3104700,Ataléia,MG,1836.933,1,jan,141.80189536743512,OK,1991,2020,30,CHIRPS_v2,UCSB-CHG/CHIRPS/DAILY,1991-2020,IBGE_2024
3137007,Ladainha,MG,866.29,1,jan,150.67870607774836,OK,1991,2020,30,CHIRPS_v2,UCSB-CHG/CHIRPS/DAILY,1991-2020,IBGE_2024
3144300,Nanuque,MG,1518.166,1,jan,112.9336713133348,OK,1991,2020,30,CHIRPS_v2,UCSB-CHG/CHIRPS/DAILY,1991-2020,IBGE_2024
3152170,Ponto dos Volantes,MG,1212.413,1,jan,133.94085176675227,OK,1991,2020,30,CHIRPS_v2,UCSB-CHG/CHIRPS/DAILY,1991-2020,IBGE_2024
3152402,Poté,MG,625.111,1,jan,152.5393325758013,OK,1991,2020,30,CHIRPS_v2,UCSB-CHG/CHIRPS/DAILY,1991-2020,IBGE_2024
3110806,Campanário,MG,442.398,1,jan,157.30947886633163,OK,1991,2020,30,CHIRPS_v2,UCSB-CHG/CHIRPS/DAILY,1991-2020,IBGE_2024
3143153,Monte Formoso,MG,385.553,1,jan,137.32185082344498,OK,1991,2020,30,CHIRPS_v2,UCSB-CHG/CHIRPS/DAILY,1991-2020,IBGE_2024
3126752,Franciscópolis,MG,717.087,1,jan,161.12576937498594,OK,1991,2020,30,CHIRPS_v2,UCSB-CHG/CHIRPS/DAILY,1991-2020,IBGE_2024
3126802,Frei Gaspar,MG,626.672,1,jan,153.0959372508305,OK,1991,2020,30,CHIRPS_v2,UCSB-CHG/CHIRPS/DAILY,1991-2020,IBGE_2024
3150000,Pescador,MG,317.463,1,jan,154.4074488377637,OK,1991,2020,30,CHIRPS_v2,UCSB-CHG/CHIRPS/DAILY,1991-2020,IBGE_2024
3166709,Serra dos Aimorés,MG,213.574,1,jan,107.61702163546325,OK,1991,2020,30,CHIRPS_v2,UCSB-CHG/CHIRPS/DAILY,1991-2020,IBGE_2024
3133303,Itaobim,MG,679.024,1,jan,125.21441693755158,OK,1991,2020,30,CHIRPS_v2,UCSB-CHG/CHIRPS/DAILY,1991-2020,IBGE_2024
3132701,Itambacuri,MG,1419.209,1,jan,160.7590573138247,OK,1991,2020,30,CHIRPS_v2,UCSB-CHG/CHIRPS/DAILY,1991-2020,IBGE_2024
3165552,Setubinha,MG,534.655,1,jan,159.93377853432304,OK,1991,2020,30,CHIRPS_v2,UCSB-CHG/CHIRPS/DAILY,1991-2020,IBGE_2024
3148509,Pavão,MG,601.19,1,jan,129.43471094124254,OK,1991,2020,30,CHIRPS_v2,UCSB-CHG/CHIRPS/DAILY,1991-2020,IBGE_2024
3132305,Itaipé,MG,480.829,1,jan,148.72400341912007,OK,1991,2020,30,CHIRPS_v2,UCSB-CHG/CHIRPS/DAILY,1991-2020,IBGE_2024
3115458,Catuji,MG,419.38,1,jan,145.71592453421206,OK,1991,2020,30,CHIRPS_v2,UCSB-CHG/CHIRPS/DAILY,1991-2020,IBGE_2024
3139201,Malacacheta,MG,727.886,1,jan,158.23193849528548,OK,1991,2020,30,CHIRPS_v2,UCSB-CHG/CHIRPS/DAILY,1991-2020,IBGE_2024
3163300,São José do Divino,MG,328.704,1,jan,152.5993849068294,OK,1991,2020,30,CHIRPS_v2,UCSB-CHG/CHIRPS/DAILY,1991-2020,IBGE_2024
3113701,Carlos Chagas,MG,3202.984,1,jan,122.33873396276535,OK,1991,2020,30,CHIRPS_v2,UCSB-CHG/CHIRPS/DAILY,1991-2020,IBGE_2024
3104452,Aricanduva,MG,243.329,1,jan,176.58514797236992,OK,1991,2020,30,CHIRPS_v2,UCSB-CHG/CHIRPS/DAILY,1991-2020,IBGE_2024
3169703,Turmalina,MG,1153.111,1,jan,154.0108197012713,OK,1991,2020,30,CHIRPS_v2,UCSB-CHG/CHIRPS/DAILY,1991-2020,IBGE_2024
3112307,Capelinha,MG,965.292,1,jan,168.3910410439475,OK,1991,2020,30,CHIRPS_v2,UCSB-CHG/CHIRPS/DAILY,1991-2020,IBGE_2024
3102852,Angelândia,MG,185.211,1,jan,165.93227906799433,OK,1991,2020,30,CHIRPS_v2,UCSB-CHG/CHIRPS/DAILY,1991-2020,IBGE_2024
3141801,Minas Novas,MG,1812.398,1,jan,156.21047511643374,OK,1991,2020,30,CHIRPS_v2,UCSB-CHG/CHIRPS/DAILY,1991-2020,IBGE_2024
3100609,Água Boa,MG,1320.344,1,jan,167.6057234443621,OK,1991,2020,30,CHIRPS_v2,UCSB-CHG/CHIRPS/DAILY,1991-2020,IBGE_2024
3132503,Itamarandiba,MG,2735.665,1,jan,172.63052828153496,OK,1991,2020,30,CHIRPS_v2,UCSB-CHG/CHIRPS/DAILY,1991-2020,IBGE_2024
3116100,Chapada do Norte,MG,830.833,1,jan,145.52122617825992,OK,1991,2020,30,CHIRPS_v2,UCSB-CHG/CHIRPS/DAILY,1991-2020,IBGE_2024
3171071,Veredinha,MG,631.691,1,jan,160.41109891696377,OK,1991,2020,30,CHIRPS_v2,UCSB-CHG/CHIRPS/DAILY,1991-2020,IBGE_2024
3138351,Leme do Prado,MG,280.036,1,jan,148.19678565907648,OK,1991,2020,30,CHIRPS_v2,UCSB-CHG/CHIRPS/DAILY,1991-2020,IBGE_2024
3105202,Bandeira,MG,483.789,1,jan,108.9854986155785,OK,1991,2020,30,CHIRPS_v2,UCSB-CHG/CHIRPS/DAILY,1991-2020,IBGE_2024
3136504,Jordânia,MG,546.705,1,jan,97.53867856048792,OK,1991,2020,30,CHIRPS_v2,UCSB-CHG/CHIRPS/DAILY,1991-2020,IBGE_2024
3135803,Jequitinhonha,MG,3514.216,1,jan,121.12493129492468,OK,1991,2020,30,CHIRPS_v2,UCSB-CHG/CHIRPS/DAILY,1991-2020,IBGE_2024
3160306,Santo Antônio do Jacinto,MG,503.706,1,jan,107.0179048155818,OK,1991,2020,30,CHIRPS_v2,UCSB-CHG/CHIRPS/DAILY,1991-2020,IBGE_2024
3136009,Joaíma,MG,1664.19,1,jan,127.57200443603497,OK,1991,2020,30,CHIRPS_v2,UCSB-CHG/CHIRPS/DAILY,1991-2020,IBGE_2024
3134707,Jacinto,MG,1393.609,1,jan,96.9559168606333,OK,1991,2020,30,CHIRPS_v2,UCSB-CHG/CHIRPS/DAILY,1991-2020,IBGE_2024
3101706,Almenara,MG,2294.426,1,jan,113.62905282502403,OK,1991,2020,30,CHIRPS_v2,UCSB-CHG/CHIRPS/DAILY,1991-2020,IBGE_2024
3158102,Santa Maria do Salto,MG,440.605,1,jan,97.72837584209267,OK,1991,2020,30,CHIRPS_v2,UCSB-CHG/CHIRPS/DAILY,1991-2020,IBGE_2024
3125606,Felisburgo,MG,596.215,1,jan,119.77083658566939,OK,1991,2020,30,CHIRPS_v2,UCSB-CHG/CHIRPS/DAILY,1991-2020,IBGE_2024
3157104,Salto da Divisa,MG,938.008,1,jan,80.26765036109012,OK,1991,2020,30,CHIRPS_v2,UCSB-CHG/CHIRPS/DAILY,1991-2020,IBGE_2024
3156601,Rubim,MG,965.174,1,jan,110.12703660058433,OK,1991,2020,30,CHIRPS_v2,UCSB-CHG/CHIRPS/DAILY,1991-2020,IBGE_2024
3140555,Mata Verde,MG,227.539,1,jan,110.77994747853998,OK,1991,2020,30,CHIRPS_v2,UCSB-CHG/CHIRPS/DAILY,1991-2020,IBGE_2024
3155108,Rio do Prado,MG,479.815,1,jan,115.5966077464455,OK,1991,2020,30,CHIRPS_v2,UCSB-CHG/CHIRPS/DAILY,1991-2020,IBGE_2024
3146750,Palmópolis,MG,433.154,1,jan,108.68937535002873,OK,1991,2020,30,CHIRPS_v2,UCSB-CHG/CHIRPS/DAILY,1991-2020,IBGE_2024
3121605,Diamantina,MG,3891.659,1,jan,208.07343169938193,OK,1991,2020,30,CHIRPS_v2,UCSB-CHG/CHIRPS/DAILY,1991-2020,IBGE_2024
3113503,Carbonita,MG,1456.095,1,jan,165.9376523441965,OK,1991,2020,30,CHIRPS_v2,UCSB-CHG/CHIRPS/DAILY,1991-2020,IBGE_2024
3121001,Datas,MG,310.099,1,jan,213.88724439621222,OK,1991,2020,30,CHIRPS_v2,UCSB-CHG/CHIRPS/DAILY,1991-2020,IBGE_2024
3153301,Presidente Kubitschek,MG,189.235,1,jan,209.8412631961145,OK,1991,2020,30,CHIRPS_v2,UCSB-CHG/CHIRPS/DAILY,1991-2020,IBGE_2024
3120102,Couto de Magalhães de Minas,MG,485.654,1,jan,208.71642510561554,OK,1991,2020,30,CHIRPS_v2,UCSB-CHG/CHIRPS/DAILY,1991-2020,IBGE_2024
3127602,Gouveia,MG,866.601,1,jan,211.26752593491318,OK,1991,2020,30,CHIRPS_v2,UCSB-CHG/CHIRPS/DAILY,1991-2020,IBGE_2024
3160207,Santo Antônio do Itambé,MG,305.737,1,jan,199.04142844848647,OK,1991,2020,30,CHIRPS_v2,UCSB-CHG/CHIRPS/DAILY,1991-2020,IBGE_2024
3102407,Alvorada de Minas,MG,374.008,1,jan,213.63546541069832,OK,1991,2020,30,CHIRPS_v2,UCSB-CHG/CHIRPS/DAILY,1991-2020,IBGE_2024
3167103,Serro,MG,1217.813,1,jan,203.82558697479374,OK,1991,2020,30,CHIRPS_v2,UCSB-CHG/CHIRPS/DAILY,1991-2020,IBGE_2024
3125507,São Gonçalo do Rio Preto,MG,314.458,1,jan,201.05521179428266,OK,1991,2020,30,CHIRPS_v2,UCSB-CHG/CHIRPS/DAILY,1991-2020,IBGE_2024
3166501,Serra Azul de Minas,MG,218.595,1,jan,195.65811940671594,OK,1991,2020,30,CHIRPS_v2,UCSB-CHG/CHIRPS/DAILY,1991-2020,IBGE_2024
3125408,Felício dos Santos,MG,357.622,1,jan,194.04429863528574,OK,1991,2020,30,CHIRPS_v2,UCSB-CHG/CHIRPS/DAILY,1991-2020,IBGE_2024
3165909,Senador Modestino Gonçalves,MG,952.055,1,jan,186.47708566045105,OK,1991,2020,30,CHIRPS_v2,UCSB-CHG/CHIRPS/DAILY,1991-2020,IBGE_2024
3136520,José Gonçalves de Minas,MG,381.332,1,jan,138.66453227015353,OK,1991,2020,30,CHIRPS_v2,UCSB-CHG/CHIRPS/DAILY,1991-2020,IBGE_2024
3103405,Araçuaí,MG,2236.279,1,jan,124.94594562083039,OK,1991,2020,30,CHIRPS_v2,UCSB-CHG/CHIRPS/DAILY,1991-2020,IBGE_2024
3119500,Coronel Murta,MG,815.413,1,jan,123.05133445871307,OK,1991,2020,30,CHIRPS_v2,UCSB-CHG/CHIRPS/DAILY,1991-2020,IBGE_2024
3135456,Jenipapo de Minas,MG,284.453,1,jan,144.60702494370264,OK,1991,2020,30,CHIRPS_v2,UCSB-CHG/CHIRPS/DAILY,1991-2020,IBGE_2024
3126505,Francisco Badaró,MG,461.481,1,jan,141.33906340400654,OK,1991,2020,30,CHIRPS_v2,UCSB-CHG/CHIRPS/DAILY,1991-2020,IBGE_2024
3134004,Itinga,MG,1649.622,1,jan,118.89493064851833,OK,1991,2020,30,CHIRPS_v2,UCSB-CHG/CHIRPS/DAILY,1991-2020,IBGE_2024
3106507,Berilo,MG,587.106,1,jan,139.78467483369795,OK,1991,2020,30,CHIRPS_v2,UCSB-CHG/CHIRPS/DAILY,1991-2020,IBGE_2024
3171600,Virgem da Lapa,MG,868.914,1,jan,151.1276547708777,OK,1991,2020,30,CHIRPS_v2,UCSB-CHG/CHIRPS/DAILY,1991-2020,IBGE_2024
3102704,Cachoeira de Pajeú,MG,695.672,1,jan,123.45436534781388,OK,1991,2020,30,CHIRPS_v2,UCSB-CHG/CHIRPS/DAILY,1991-2020,IBGE_2024
3141405,Medina,MG,1435.903,1,jan,118.89867574266393,OK,1991,2020,30,CHIRPS_v2,UCSB-CHG/CHIRPS/DAILY,1991-2020,IBGE_2024
3101003,Águas Vermelhas,MG,1256.607,1,jan,119.37902549133008,OK,1991,2020,30,CHIRPS_v2,UCSB-CHG/CHIRPS/DAILY,1991-2020,IBGE_2024
3117009,Comercinho,MG,654.961,1,jan,121.55274609360102,OK,1991,2020,30,CHIRPS_v2,UCSB-CHG/CHIRPS/DAILY,1991-2020,IBGE_2024
3148707,Pedra Azul,MG,1594.651,1,jan,120.74122586075961,OK,1991,2020,30,CHIRPS_v2,UCSB-CHG/CHIRPS/DAILY,1991-2020,IBGE_2024
3122454,Divisópolis,MG,572.926,1,jan,111.844645268429,OK,1991,2020,30,CHIRPS_v2,UCSB-CHG/CHIRPS/DAILY,1991-2020,IBGE_2024
3122355,Divisa Alegre,MG,117.802,1,jan,115.86717748636751,OK,1991,2020,30,CHIRPS_v2,UCSB-CHG/CHIRPS/DAILY,1991-2020,IBGE_2024
3170305,Umburatiba,MG,405.834,1,jan,110.34215232875644,OK,1991,2020,30,CHIRPS_v2,UCSB-CHG/CHIRPS/DAILY,1991-2020,IBGE_2024
3120151,Crisólita,MG,966.202,1,jan,123.90506268656748,OK,1991,2020,30,CHIRPS_v2,UCSB-CHG/CHIRPS/DAILY,1991-2020,IBGE_2024
3127057,Fronteira dos Vales,MG,320.757,1,jan,118.45759742591545,OK,1991,2020,30,CHIRPS_v2,UCSB-CHG/CHIRPS/DAILY,1991-2020,IBGE_2024
3100906,Águas Formosas,MG,820.079,1,jan,126.25385719934759,OK,1991,2020,30,CHIRPS_v2,UCSB-CHG/CHIRPS/DAILY,1991-2020,IBGE_2024
3157658,Santa Helena de Minas,MG,276.433,1,jan,111.76771778356158,OK,1991,2020,30,CHIRPS_v2,UCSB-CHG/CHIRPS/DAILY,1991-2020,IBGE_2024
3106606,Bertópolis,MG,427.803,1,jan,107.86682305529995,OK,1991,2020,30,CHIRPS_v2,UCSB-CHG/CHIRPS/DAILY,1991-2020,IBGE_2024
3138906,Machacalis,MG,332.378,1,jan,114.30996113985684,OK,1991,2020,30,CHIRPS_v2,UCSB-CHG/CHIRPS/DAILY,1991-2020,IBGE_2024
3127701,Governador Valadares,MG,2342.376,1,jan,165.9127563026749,OK,1991,2020,30,CHIRPS_v2,UCSB-CHG/CHIRPS/DAILY,1991-2020,IBGE_2024
3112653,Capitão Andrade,MG,279.088,1,jan,160.36675169735466,OK,1991,2020,30,CHIRPS_v2,UCSB-CHG/CHIRPS/DAILY,1991-2020,IBGE_2024
3169505,Tumiritinga,MG,500.073,1,jan,158.70656931414513,OK,1991,2020,30,CHIRPS_v2,UCSB-CHG/CHIRPS/DAILY,1991-2020,IBGE_2024
3161601,São Geraldo da Piedade,MG,152.336,1,jan,177.54999044773902,OK,1991,2020,30,CHIRPS_v2,UCSB-CHG/CHIRPS/DAILY,1991-2020,IBGE_2024
3161650,São Geraldo do Baixio,MG,280.954,1,jan,155.49199914883087,OK,1991,2020,30,CHIRPS_v2,UCSB-CHG/CHIRPS/DAILY,1991-2020,IBGE_2024
3127503,Gonzaga,MG,209.348,1,jan,188.41034589244458,OK,1991,2020,30,CHIRPS_v2,UCSB-CHG/CHIRPS/DAILY,1991-2020,IBGE_2024
3119203,Coroaci,MG,576.274,1,jan,169.85524288104858,OK,1991,2020,30,CHIRPS_v2,UCSB-CHG/CHIRPS/DAILY,1991-2020,IBGE_2024
3127370,Goiabeira,MG,112.443,1,jan,151.55669586852304,OK,1991,2020,30,CHIRPS_v2,UCSB-CHG/CHIRPS/DAILY,1991-2020,IBGE_2024
3168408,Tarumirim,MG,731.753,1,jan,174.4063880284295,OK,1991,2020,30,CHIRPS_v2,UCSB-CHG/CHIRPS/DAILY,1991-2020,IBGE_2024
3144201,Nacip Raydan,MG,233.493,1,jan,173.9795379066389,OK,1991,2020,30,CHIRPS_v2,UCSB-CHG/CHIRPS/DAILY,1991-2020,IBGE_2024
3135076,Jampruca,MG,517.095,1,jan,160.70698990036283,OK,1991,2020,30,CHIRPS_v2,UCSB-CHG/CHIRPS/DAILY,1991-2020,IBGE_2024
3126901,Frei Inocêncio,MG,469.557,1,jan,163.75017940668945,OK,1991,2020,30,CHIRPS_v2,UCSB-CHG/CHIRPS/DAILY,1991-2020,IBGE_2024
3127305,Galiléia,MG,720.303,1,jan,159.39515526883395,OK,1991,2020,30,CHIRPS_v2,UCSB-CHG/CHIRPS/DAILY,1991-2020,IBGE_2024
3118403,Conselheiro Pena,MG,1466.367,1,jan,157.93741076270717,OK,1991,2020,30,CHIRPS_v2,UCSB-CHG/CHIRPS/DAILY,1991-2020,IBGE_2024
3101805,Alpercata,MG,166.972,1,jan,163.39328157969643,OK,1991,2020,30,CHIRPS_v2,UCSB-CHG/CHIRPS/DAILY,1991-2020,IBGE_2024
3167707,Sobrália,MG,206.787,1,jan,179.27322881786097,OK,1991,2020,30,CHIRPS_v2,UCSB-CHG/CHIRPS/DAILY,1991-2020,IBGE_2024
3125804,Fernandes Tourinho,MG,151.875,1,jan,166.01212903180513,OK,1991,2020,30,CHIRPS_v2,UCSB-CHG/CHIRPS/DAILY,1991-2020,IBGE_2024
3133204,Itanhomi,MG,488.843,1,jan,164.16309327880307,OK,1991,2020,30,CHIRPS_v2,UCSB-CHG/CHIRPS/DAILY,1991-2020,IBGE_2024
3165503,Sardoá,MG,141.904,1,jan,180.8732828474287,OK,1991,2020,30,CHIRPS_v2,UCSB-CHG/CHIRPS/DAILY,1991-2020,IBGE_2024
3157500,Santa Efigênia de Minas,MG,131.965,1,jan,180.87694660237867,OK,1991,2020,30,CHIRPS_v2,UCSB-CHG/CHIRPS/DAILY,1991-2020,IBGE_2024
3140100,Marilac,MG,158.809,1,jan,168.30515823403562,OK,1991,2020,30,CHIRPS_v2,UCSB-CHG/CHIRPS/DAILY,1991-2020,IBGE_2024
3123700,Engenheiro Caldas,MG,187.058,1,jan,168.61124981686442,OK,1991,2020,30,CHIRPS_v2,UCSB-CHG/CHIRPS/DAILY,1991-2020,IBGE_2024
3171501,Mathias Lobato,MG,172.297,1,jan,165.98088811986398,OK,1991,2020,30,CHIRPS_v2,UCSB-CHG/CHIRPS/DAILY,1991-2020,IBGE_2024
3171907,Virgolândia,MG,281.022,1,jan,176.03238191502504,OK,1991,2020,30,CHIRPS_v2,UCSB-CHG/CHIRPS/DAILY,1991-2020,IBGE_2024
3163003,São José da Safira,MG,213.881,1,jan,169.37442009919434,OK,1991,2020,30,CHIRPS_v2,UCSB-CHG/CHIRPS/DAILY,1991-2020,IBGE_2024
3122108,Divino das Laranjeiras,MG,342.249,1,jan,162.10011320139162,OK,1991,2020,30,CHIRPS_v2,UCSB-CHG/CHIRPS/DAILY,1991-2020,IBGE_2024
3112059,Cantagalo,MG,141.855,1,jan,175.05501635328193,OK,1991,2020,30,CHIRPS_v2,UCSB-CHG/CHIRPS/DAILY,1991-2020,IBGE_2024
3128006,Guanhães,MG,1075.124,1,jan,193.4676594708929,OK,1991,2020,30,CHIRPS_v2,UCSB-CHG/CHIRPS/DAILY,1991-2020,IBGE_2024
3136553,José Raydan,MG,180.822,1,jan,173.42526374804817,OK,1991,2020,30,CHIRPS_v2,UCSB-CHG/CHIRPS/DAILY,1991-2020,IBGE_2024
3126950,Frei Lagonegro,MG,167.474,1,jan,181.10191193496456,OK,1991,2020,30,CHIRPS_v2,UCSB-CHG/CHIRPS/DAILY,1991-2020,IBGE_2024
3158201,Santa Maria do Suaçuí,MG,624.047,1,jan,173.4222282033196,OK,1991,2020,30,CHIRPS_v2,UCSB-CHG/CHIRPS/DAILY,1991-2020,IBGE_2024
3116803,Coluna,MG,347.716,1,jan,180.04274803384533,OK,1991,2020,30,CHIRPS_v2,UCSB-CHG/CHIRPS/DAILY,1991-2020,IBGE_2024
3166105,Senhora do Porto,MG,381.328,1,jan,204.76608768257205,OK,1991,2020,30,CHIRPS_v2,UCSB-CHG/CHIRPS/DAILY,1991-2020,IBGE_2024
3148608,Peçanha,MG,996.646,1,jan,175.94060916102114,OK,1991,2020,30,CHIRPS_v2,UCSB-CHG/CHIRPS/DAILY,1991-2020,IBGE_2024
3140605,Materlândia,MG,280.53,1,jan,192.61146189173553,OK,1991,2020,30,CHIRPS_v2,UCSB-CHG/CHIRPS/DAILY,1991-2020,IBGE_2024
3148400,Paulistas,MG,220.564,1,jan,186.25047152521955,OK,1991,2020,30,CHIRPS_v2,UCSB-CHG/CHIRPS/DAILY,1991-2020,IBGE_2024
3156809,Sabinópolis,MG,919.811,1,jan,195.1099553741709,OK,1991,2020,30,CHIRPS_v2,UCSB-CHG/CHIRPS/DAILY,1991-2020,IBGE_2024
3164506,São Sebastião do Maranhão,MG,517.83,1,jan,179.31247067644787,OK,1991,2020,30,CHIRPS_v2,UCSB-CHG/CHIRPS/DAILY,1991-2020,IBGE_2024
3156007,Rio Vermelho,MG,987.246,1,jan,189.59426430521708,OK,1991,2020,30,CHIRPS_v2,UCSB-CHG/CHIRPS/DAILY,1991-2020,IBGE_2024
3123106,Dores de Guanhães,MG,382.124,1,jan,199.97118258689375,OK,1991,2020,30,CHIRPS_v2,UCSB-CHG/CHIRPS/DAILY,1991-2020,IBGE_2024
3164100,São Pedro do Suaçuí,MG,308.106,1,jan,171.8498389931659,OK,1991,2020,30,CHIRPS_v2,UCSB-CHG/CHIRPS/DAILY,1991-2020,IBGE_2024
3171808,Virginópolis,MG,439.878,1,jan,187.23009933989692,OK,1991,2020,30,CHIRPS_v2,UCSB-CHG/CHIRPS/DAILY,1991-2020,IBGE_2024
3163508,São José do Jacuri,MG,345.146,1,jan,178.32975336574756,OK,1991,2020,30,CHIRPS_v2,UCSB-CHG/CHIRPS/DAILY,1991-2020,IBGE_2024
3122603,Dom Joaquim,MG,398.793,1,jan,221.40156572923289,OK,1991,2020,30,CHIRPS_v2,UCSB-CHG/CHIRPS/DAILY,1991-2020,IBGE_2024
3162807,São João Evangelista,MG,478.183,1,jan,178.82897672678533,OK,1991,2020,30,CHIRPS_v2,UCSB-CHG/CHIRPS/DAILY,1991-2020,IBGE_2024
3122207,Divinolândia de Minas,MG,133.12,1,jan,184.58394372627146,OK,1991,2020,30,CHIRPS_v2,UCSB-CHG/CHIRPS/DAILY,1991-2020,IBGE_2024
3162575,São João do Manteninha,MG,137.928,1,jan,149.03767263364458,OK,1991,2020,30,CHIRPS_v2,UCSB-CHG/CHIRPS/DAILY,1991-2020,IBGE_2024
3144672,Nova Belém,MG,146.776,1,jan,146.84799352555132,OK,1991,2020,30,CHIRPS_v2,UCSB-CHG/CHIRPS/DAILY,1991-2020,IBGE_2024
3161056,São Félix de Minas,MG,162.56,1,jan,157.5951378529431,OK,1991,2020,30,CHIRPS_v2,UCSB-CHG/CHIRPS/DAILY,1991-2020,IBGE_2024
3141504,Mendes Pimentel,MG,305.507,1,jan,157.9258969386538,OK,1991,2020,30,CHIRPS_v2,UCSB-CHG/CHIRPS/DAILY,1991-2020,IBGE_2024
3115706,Central de Minas,MG,204.328,1,jan,155.74127676800205,OK,1991,2020,30,CHIRPS_v2,UCSB-CHG/CHIRPS/DAILY,1991-2020,IBGE_2024
3131802,Itabirinha,MG,209.034,1,jan,154.1109523738672,OK,1991,2020,30,CHIRPS_v2,UCSB-CHG/CHIRPS/DAILY,1991-2020,IBGE_2024
3139607,Mantena,MG,685.208,1,jan,147.4854251062583,OK,1991,2020,30,CHIRPS_v2,UCSB-CHG/CHIRPS/DAILY,1991-2020,IBGE_2024
3154309,Resplendor,MG,1081.796,1,jan,155.2245126755077,OK,1991,2020,30,CHIRPS_v2,UCSB-CHG/CHIRPS/DAILY,1991-2020,IBGE_2024
3120839,Cuparaque,MG,226.75,1,jan,148.9890295443644,OK,1991,2020,30,CHIRPS_v2,UCSB-CHG/CHIRPS/DAILY,1991-2020,IBGE_2024
3159506,Santa Rita do Itueto,MG,485.081,1,jan,166.21608855762994,OK,1991,2020,30,CHIRPS_v2,UCSB-CHG/CHIRPS/DAILY,1991-2020,IBGE_2024
3134103,Itueta,MG,452.676,1,jan,154.85749048957604,OK,1991,2020,30,CHIRPS_v2,UCSB-CHG/CHIRPS/DAILY,1991-2020,IBGE_2024
3101102,Aimorés,MG,1348.913,1,jan,156.5528335585952,OK,1991,2020,30,CHIRPS_v2,UCSB-CHG/CHIRPS/DAILY,1991-2020,IBGE_2024
3144359,Naque,MG,127.173,1,jan,186.21044265455524,OK,1991,2020,30,CHIRPS_v2,UCSB-CHG/CHIRPS/DAILY,1991-2020,IBGE_2024
3119401,Coronel Fabriciano,MG,221.881,1,jan,217.12092088786412,OK,1991,2020,30,CHIRPS_v2,UCSB-CHG/CHIRPS/DAILY,1991-2020,IBGE_2024
3168705,Timóteo,MG,144.377,1,jan,216.7032027402165,OK,1991,2020,30,CHIRPS_v2,UCSB-CHG/CHIRPS/DAILY,1991-2020,IBGE_2024
3135001,Jaguaraçu,MG,163.76,1,jan,219.45979599195275,OK,1991,2020,30,CHIRPS_v2,UCSB-CHG/CHIRPS/DAILY,1991-2020,IBGE_2024
3158953,Santana do Paraíso,MG,275.575,1,jan,209.5255822307433,OK,1991,2020,30,CHIRPS_v2,UCSB-CHG/CHIRPS/DAILY,1991-2020,IBGE_2024
3109253,Bugre,MG,161.491,1,jan,194.05709105260397,OK,1991,2020,30,CHIRPS_v2,UCSB-CHG/CHIRPS/DAILY,1991-2020,IBGE_2024
3140308,Marliéria,MG,545.813,1,jan,217.36817348180497,OK,1991,2020,30,CHIRPS_v2,UCSB-CHG/CHIRPS/DAILY,1991-2020,IBGE_2024
3131158,Ipaba,MG,113.246,1,jan,197.61755694124275,OK,1991,2020,30,CHIRPS_v2,UCSB-CHG/CHIRPS/DAILY,1991-2020,IBGE_2024
3131307,Ipatinga,MG,164.482,1,jan,216.11835297167576,OK,1991,2020,30,CHIRPS_v2,UCSB-CHG/CHIRPS/DAILY,1991-2020,IBGE_2024
3106309,Belo Oriente,MG,334.909,1,jan,201.1689535492163,OK,1991,2020,30,CHIRPS_v2,UCSB-CHG/CHIRPS/DAILY,1991-2020,IBGE_2024
3162609,São João do Oriente,MG,120.122,1,jan,186.91026045180607,OK,1991,2020,30,CHIRPS_v2,UCSB-CHG/CHIRPS/DAILY,1991-2020,IBGE_2024
3129301,Iapu,MG,340.994,1,jan,188.94838659623935,OK,1991,2020,30,CHIRPS_v2,UCSB-CHG/CHIRPS/DAILY,1991-2020,IBGE_2024
3136108,Joanésia,MG,233.292,1,jan,209.85327805505185,OK,1991,2020,30,CHIRPS_v2,UCSB-CHG/CHIRPS/DAILY,1991-2020,IBGE_2024
3103009,Antônio Dias,MG,787.061,1,jan,221.47469811880538,OK,1991,2020,30,CHIRPS_v2,UCSB-CHG/CHIRPS/DAILY,1991-2020,IBGE_2024
3150539,Pingo-d'Água,MG,66.57,1,jan,202.36110089758768,OK,1991,2020,30,CHIRPS_v2,UCSB-CHG/CHIRPS/DAILY,1991-2020,IBGE_2024
3149952,Periquito,MG,228.907,1,jan,175.92568897178168,OK,1991,2020,30,CHIRPS_v2,UCSB-CHG/CHIRPS/DAILY,1991-2020,IBGE_2024
3141702,Mesquita,MG,274.938,1,jan,209.7679616111555,OK,1991,2020,30,CHIRPS_v2,UCSB-CHG/CHIRPS/DAILY,1991-2020,IBGE_2024
3100500,Açucena,MG,815.422,1,jan,192.7904921504795,OK,1991,2020,30,CHIRPS_v2,UCSB-CHG/CHIRPS/DAILY,1991-2020,IBGE_2024
3108800,Braúnas,MG,378.318,1,jan,200.86147413523193,OK,1991,2020,30,CHIRPS_v2,UCSB-CHG/CHIRPS/DAILY,1991-2020,IBGE_2024
3163409,São José do Goiabal,MG,189.578,1,jan,225.02800089669668,OK,1991,2020,30,CHIRPS_v2,UCSB-CHG/CHIRPS/DAILY,1991-2020,IBGE_2024
3122504,Dom Cavati,MG,59.52,1,jan,182.68759444217466,OK,1991,2020,30,CHIRPS_v2,UCSB-CHG/CHIRPS/DAILY,1991-2020,IBGE_2024
3121803,Dionísio,MG,339.375,1,jan,225.09368176092698,OK,1991,2020,30,CHIRPS_v2,UCSB-CHG/CHIRPS/DAILY,1991-2020,IBGE_2024
3170578,Vargem Alegre,MG,116.664,1,jan,193.0292886321146,OK,1991,2020,30,CHIRPS_v2,UCSB-CHG/CHIRPS/DAILY,1991-2020,IBGE_2024
3154002,Raul Soares,MG,763.364,1,jan,208.7998667577309,OK,1991,2020,30,CHIRPS_v2,UCSB-CHG/CHIRPS/DAILY,1991-2020,IBGE_2024
3113404,Caratinga,MG,1258.748,1,jan,192.79267510946286,OK,1991,2020,30,CHIRPS_v2,UCSB-CHG/CHIRPS/DAILY,1991-2020,IBGE_2024
3170057,Ubaporanga,MG,189.045,1,jan,183.17131095056507,OK,1991,2020,30,CHIRPS_v2,UCSB-CHG/CHIRPS/DAILY,1991-2020,IBGE_2024
3120003,Córrego Novo,MG,205.385,1,jan,205.75643154244324,OK,1991,2020,30,CHIRPS_v2,UCSB-CHG/CHIRPS/DAILY,1991-2020,IBGE_2024
3160959,São Domingos das Dores,MG,60.865,1,jan,183.70334903380686,OK,1991,2020,30,CHIRPS_v2,UCSB-CHG/CHIRPS/DAILY,1991-2020,IBGE_2024
3159357,Santa Rita de Minas,MG,68.153,1,jan,190.9449567964806,OK,1991,2020,30,CHIRPS_v2,UCSB-CHG/CHIRPS/DAILY,1991-2020,IBGE_2024
3102209,Alvarenga,MG,295.691,1,jan,175.20967431673344,OK,1991,2020,30,CHIRPS_v2,UCSB-CHG/CHIRPS/DAILY,1991-2020,IBGE_2024
3150158,Piedade de Caratinga,MG,109.345,1,jan,185.76284868514588,OK,1991,2020,30,CHIRPS_v2,UCSB-CHG/CHIRPS/DAILY,1991-2020,IBGE_2024
3157252,Santa Bárbara do Leste,MG,107.402,1,jan,199.570866386772,OK,1991,2020,30,CHIRPS_v2,UCSB-CHG/CHIRPS/DAILY,1991-2020,IBGE_2024
3123858,Entre Folhas,MG,85.39,1,jan,188.41941555948006,OK,1991,2020,30,CHIRPS_v2,UCSB-CHG/CHIRPS/DAILY,1991-2020,IBGE_2024
3107802,Bom Jesus do Galho,MG,592.289,1,jan,198.73197081384143,OK,1991,2020,30,CHIRPS_v2,UCSB-CHG/CHIRPS/DAILY,1991-2020,IBGE_2024
3164472,São Sebastião do Anta,MG,80.618,1,jan,185.95642876430628,OK,1991,2020,30,CHIRPS_v2,UCSB-CHG/CHIRPS/DAILY,1991-2020,IBGE_2024
3130556,Imbé de Minas,MG,196.735,1,jan,188.11451373605723,OK,1991,2020,30,CHIRPS_v2,UCSB-CHG/CHIRPS/DAILY,1991-2020,IBGE_2024
3130903,Inhapim,MG,858.024,1,jan,184.6757791408128,OK,1991,2020,30,CHIRPS_v2,UCSB-CHG/CHIRPS/DAILY,1991-2020,IBGE_2024
3171154,Vermelho Novo,MG,115.242,1,jan,206.33244751227866,OK,1991,2020,30,CHIRPS_v2,UCSB-CHG/CHIRPS/DAILY,1991-2020,IBGE_2024
3161908,São Gonçalo do Rio Abaixo,MG,363.818,1,jan,266.46324248528583,OK,1991,2020,30,CHIRPS_v2,UCSB-CHG/CHIRPS/DAILY,1991-2020,IBGE_2024
3136207,João Monlevade,MG,98.231,1,jan,253.29857649722047,OK,1991,2020,30,CHIRPS_v2,UCSB-CHG/CHIRPS/DAILY,1991-2020,IBGE_2024
3144706,Nova Era,MG,361.852,1,jan,235.5938706137552,OK,1991,2020,30,CHIRPS_v2,UCSB-CHG/CHIRPS/DAILY,1991-2020,IBGE_2024
3161007,São Domingos do Prata,MG,743.768,1,jan,241.38034061417753,OK,1991,2020,30,CHIRPS_v2,UCSB-CHG/CHIRPS/DAILY,1991-2020,IBGE_2024
3155702,Rio Piracicaba,MG,373.037,1,jan,263.3966208034235,OK,1991,2020,30,CHIRPS_v2,UCSB-CHG/CHIRPS/DAILY,1991-2020,IBGE_2024
3106002,Bela Vista de Minas,MG,109.25,1,jan,246.45340866472245,OK,1991,2020,30,CHIRPS_v2,UCSB-CHG/CHIRPS/DAILY,1991-2020,IBGE_2024
3136702,Juiz de Fora,MG,1435.749,1,jan,293.0824546018228,OK,1991,2020,30,CHIRPS_v2,UCSB-CHG/CHIRPS/DAILY,1991-2020,IBGE_2024
3167509,Simão Pereira,MG,135.689,1,jan,255.61754665560127,OK,1991,2020,30,CHIRPS_v2,UCSB-CHG/CHIRPS/DAILY,1991-2020,IBGE_2024
3158607,Santana do Deserto,MG,182.655,1,jan,254.87506846850152,OK,1991,2020,30,CHIRPS_v2,UCSB-CHG/CHIRPS/DAILY,1991-2020,IBGE_2024
3125002,Ewbank da Câmara,MG,103.834,1,jan,302.0964070762116,OK,1991,2020,30,CHIRPS_v2,UCSB-CHG/CHIRPS/DAILY,1991-2020,IBGE_2024
3140803,Matias Barbosa,MG,157.066,1,jan,269.3044582700365,OK,1991,2020,30,CHIRPS_v2,UCSB-CHG/CHIRPS/DAILY,1991-2020,IBGE_2024
3116209,Chiador,MG,252.852,1,jan,237.79252358510266,OK,1991,2020,30,CHIRPS_v2,UCSB-CHG/CHIRPS/DAILY,1991-2020,IBGE_2024
3115904,Chácara,MG,152.807,1,jan,298.31816837077554,OK,1991,2020,30,CHIRPS_v2,UCSB-CHG/CHIRPS/DAILY,1991-2020,IBGE_2024
3145406,Olaria,MG,178.242,1,jan,329.64126366220887,OK,1991,2020,30,CHIRPS_v2,UCSB-CHG/CHIRPS/DAILY,1991-2020,IBGE_2024
3145703,Oliveira Fortes,MG,111.13,1,jan,314.85148362163375,OK,1991,2020,30,CHIRPS_v2,UCSB-CHG/CHIRPS/DAILY,1991-2020,IBGE_2024
3160702,Santos Dumont,MG,637.373,1,jan,305.68347633727745,OK,1991,2020,30,CHIRPS_v2,UCSB-CHG/CHIRPS/DAILY,1991-2020,IBGE_2024
3103306,Aracitaba,MG,106.608,1,jan,311.72959807377305,OK,1991,2020,30,CHIRPS_v2,UCSB-CHG/CHIRPS/DAILY,1991-2020,IBGE_2024
3103603,Arantina,MG,89.42,1,jan,331.2322204778529,OK,1991,2020,30,CHIRPS_v2,UCSB-CHG/CHIRPS/DAILY,1991-2020,IBGE_2024
3127388,Goianá,MG,152.039,1,jan,315.9865277171047,OK,1991,2020,30,CHIRPS_v2,UCSB-CHG/CHIRPS/DAILY,1991-2020,IBGE_2024
3119609,Coronel Pacheco,MG,131.511,1,jan,312.7239727068125,OK,1991,2020,30,CHIRPS_v2,UCSB-CHG/CHIRPS/DAILY,1991-2020,IBGE_2024
3102803,Andrelândia,MG,1005.285,1,jan,315.28725938219026,OK,1991,2020,30,CHIRPS_v2,UCSB-CHG/CHIRPS/DAILY,1991-2020,IBGE_2024
3159308,Santa Rita de Jacutinga,MG,420.94,1,jan,310.2502467984748,OK,1991,2020,30,CHIRPS_v2,UCSB-CHG/CHIRPS/DAILY,1991-2020,IBGE_2024
3150109,Piau,MG,192.196,1,jan,312.55287522529267,OK,1991,2020,30,CHIRPS_v2,UCSB-CHG/CHIRPS/DAILY,1991-2020,IBGE_2024
3149408,Pedro Teixeira,MG,112.959,1,jan,302.06025445216864,OK,1991,2020,30,CHIRPS_v2,UCSB-CHG/CHIRPS/DAILY,1991-2020,IBGE_2024
3157278,Santa Bárbara do Monte Verde,MG,417.925,1,jan,292.4617112433956,OK,1991,2020,30,CHIRPS_v2,UCSB-CHG/CHIRPS/DAILY,1991-2020,IBGE_2024
3107505,Bom Jardim de Minas,MG,412.021,1,jan,335.6760983938581,OK,1991,2020,30,CHIRPS_v2,UCSB-CHG/CHIRPS/DAILY,1991-2020,IBGE_2024
3107208,Bocaina de Minas,MG,503.77,1,jan,367.10237074075565,OK,1991,2020,30,CHIRPS_v2,UCSB-CHG/CHIRPS/DAILY,1991-2020,IBGE_2024
3147808,Passa Vinte,MG,246.565,1,jan,337.6235326709842,OK,1991,2020,30,CHIRPS_v2,UCSB-CHG/CHIRPS/DAILY,1991-2020,IBGE_2024
3106804,Bias Fortes,MG,283.535,1,jan,310.949112487309,OK,1991,2020,30,CHIRPS_v2,UCSB-CHG/CHIRPS/DAILY,1991-2020,IBGE_2024
3155900,Rio Preto,MG,348.046,1,jan,309.5833909231413,OK,1991,2020,30,CHIRPS_v2,UCSB-CHG/CHIRPS/DAILY,1991-2020,IBGE_2024
3106101,Belmiro Braga,MG,393.086,1,jan,227.5131947440547,OK,1991,2020,30,CHIRPS_v2,UCSB-CHG/CHIRPS/DAILY,1991-2020,IBGE_2024
3155405,Rio Novo,MG,209.31,1,jan,287.0703533762674,OK,1991,2020,30,CHIRPS_v2,UCSB-CHG/CHIRPS/DAILY,1991-2020,IBGE_2024
3138609,Lima Duarte,MG,848.564,1,jan,315.6547691224516,OK,1991,2020,30,CHIRPS_v2,UCSB-CHG/CHIRPS/DAILY,1991-2020,IBGE_2024
3146602,Paiva,MG,58.419,1,jan,314.49517254777567,OK,1991,2020,30,CHIRPS_v2,UCSB-CHG/CHIRPS/DAILY,1991-2020,IBGE_2024
3138500,Liberdade,MG,401.337,1,jan,339.35090568738656,OK,1991,2020,30,CHIRPS_v2,UCSB-CHG/CHIRPS/DAILY,1991-2020,IBGE_2024
3154150,Reduto,MG,151.859,1,jan,215.33010242278243,OK,1991,2020,30,CHIRPS_v2,UCSB-CHG/CHIRPS/DAILY,1991-2020,IBGE_2024
3137700,Lajinha,MG,431.92,1,jan,191.44290241452524,OK,1991,2020,30,CHIRPS_v2,UCSB-CHG/CHIRPS/DAILY,1991-2020,IBGE_2024
3162559,São João do Manhuaçu,MG,143.096,1,jan,223.05074410124678,OK,1991,2020,30,CHIRPS_v2,UCSB-CHG/CHIRPS/DAILY,1991-2020,IBGE_2024
3153509,Alto Jequitibá,MG,152.272,1,jan,233.1472673443511,OK,1991,2020,30,CHIRPS_v2,UCSB-CHG/CHIRPS/DAILY,1991-2020,IBGE_2024
3112901,Caputira,MG,187.704,1,jan,210.91957733416268,OK,1991,2020,30,CHIRPS_v2,UCSB-CHG/CHIRPS/DAILY,1991-2020,IBGE_2024
3112109,Caparaó,MG,130.694,1,jan,221.096724078864,OK,1991,2020,30,CHIRPS_v2,UCSB-CHG/CHIRPS/DAILY,1991-2020,IBGE_2024
3144003,Mutum,MG,1250.823,1,jan,178.966375891478,OK,1991,2020,30,CHIRPS_v2,UCSB-CHG/CHIRPS/DAILY,1991-2020,IBGE_2024
3168051,Taparuba,MG,193.082,1,jan,179.9212467649534,OK,1991,2020,30,CHIRPS_v2,UCSB-CHG/CHIRPS/DAILY,1991-2020,IBGE_2024
3151909,Pocrane,MG,691.066,1,jan,174.1288802493582,OK,1991,2020,30,CHIRPS_v2,UCSB-CHG/CHIRPS/DAILY,1991-2020,IBGE_2024
3167608,Simonésia,MG,486.543,1,jan,207.68720430711798,OK,1991,2020,30,CHIRPS_v2,UCSB-CHG/CHIRPS/DAILY,1991-2020,IBGE_2024
3102050,Alto Caparaó,MG,103.69,1,jan,227.81896906676653,OK,1991,2020,30,CHIRPS_v2,UCSB-CHG/CHIRPS/DAILY,1991-2020,IBGE_2024
3158904,Santana do Manhuaçu,MG,347.362,1,jan,202.2089582914836,OK,1991,2020,30,CHIRPS_v2,UCSB-CHG/CHIRPS/DAILY,1991-2020,IBGE_2024
3117405,Conceição de Ipanema,MG,253.935,1,jan,186.7282041670388,OK,1991,2020,30,CHIRPS_v2,UCSB-CHG/CHIRPS/DAILY,1991-2020,IBGE_2024
3100302,Abre Campo,MG,470.551,1,jan,224.69902955287185,OK,1991,2020,30,CHIRPS_v2,UCSB-CHG/CHIRPS/DAILY,1991-2020,IBGE_2024
3157906,Santa Margarida,MG,255.73,1,jan,228.56389166389982,OK,1991,2020,30,CHIRPS_v2,UCSB-CHG/CHIRPS/DAILY,1991-2020,IBGE_2024
3140902,Matipó,MG,266.99,1,jan,222.20088452338925,OK,1991,2020,30,CHIRPS_v2,UCSB-CHG/CHIRPS/DAILY,1991-2020,IBGE_2024
3116001,Chalé,MG,212.674,1,jan,192.7785168980174,OK,1991,2020,30,CHIRPS_v2,UCSB-CHG/CHIRPS/DAILY,1991-2020,IBGE_2024
3140530,Martins Soares,MG,113.268,1,jan,216.96647127091887,OK,1991,2020,30,CHIRPS_v2,UCSB-CHG/CHIRPS/DAILY,1991-2020,IBGE_2024
3123528,Durandé,MG,217.461,1,jan,205.87293828191758,OK,1991,2020,30,CHIRPS_v2,UCSB-CHG/CHIRPS/DAILY,1991-2020,IBGE_2024
3139409,Manhuaçu,MG,628.318,1,jan,216.1544189383762,OK,1991,2020,30,CHIRPS_v2,UCSB-CHG/CHIRPS/DAILY,1991-2020,IBGE_2024
3131208,Ipanema,MG,456.641,1,jan,187.62312843970142,OK,1991,2020,30,CHIRPS_v2,UCSB-CHG/CHIRPS/DAILY,1991-2020,IBGE_2024
3139508,Manhumirim,MG,182.9,1,jan,226.06535242298685,OK,1991,2020,30,CHIRPS_v2,UCSB-CHG/CHIRPS/DAILY,1991-2020,IBGE_2024
3138674,Luisburgo,MG,145.418,1,jan,230.97307239129185,OK,1991,2020,30,CHIRPS_v2,UCSB-CHG/CHIRPS/DAILY,1991-2020,IBGE_2024
3163607,São José do Mantimento,MG,54.701,1,jan,198.095660456594,OK,1991,2020,30,CHIRPS_v2,UCSB-CHG/CHIRPS/DAILY,1991-2020,IBGE_2024
3169901,Ubá,MG,407.452,1,jan,237.93967863909526,OK,1991,2020,30,CHIRPS_v2,UCSB-CHG/CHIRPS/DAILY,1991-2020,IBGE_2024
3156304,Rodeiro,MG,72.673,1,jan,236.4658095795537,OK,1991,2020,30,CHIRPS_v2,UCSB-CHG/CHIRPS/DAILY,1991-2020,IBGE_2024
3129004,Guiricema,MG,293.578,1,jan,230.20904824894785,OK,1991,2020,30,CHIRPS_v2,UCSB-CHG/CHIRPS/DAILY,1991-2020,IBGE_2024
3128402,Guarani,MG,264.194,1,jan,272.6688215805661,OK,1991,2020,30,CHIRPS_v2,UCSB-CHG/CHIRPS/DAILY,1991-2020,IBGE_2024
3128808,Guidoval,MG,158.375,1,jan,236.63075129103692,OK,1991,2020,30,CHIRPS_v2,UCSB-CHG/CHIRPS/DAILY,1991-2020,IBGE_2024
3161502,São Geraldo,MG,185.578,1,jan,229.17175923132115,OK,1991,2020,30,CHIRPS_v2,UCSB-CHG/CHIRPS/DAILY,1991-2020,IBGE_2024
3169000,Tocantins,MG,173.866,1,jan,251.79142635920496,OK,1991,2020,30,CHIRPS_v2,UCSB-CHG/CHIRPS/DAILY,1991-2020,IBGE_2024
3167905,Tabuleiro,MG,211.084,1,jan,299.88700171001886,OK,1991,2020,30,CHIRPS_v2,UCSB-CHG/CHIRPS/DAILY,1991-2020,IBGE_2024
3151305,Piraúba,MG,144.289,1,jan,259.4111521226218,OK,1991,2020,30,CHIRPS_v2,UCSB-CHG/CHIRPS/DAILY,1991-2020,IBGE_2024
3167301,Silveirânia,MG,157.456,1,jan,286.2001244107712,OK,1991,2020,30,CHIRPS_v2,UCSB-CHG/CHIRPS/DAILY,1991-2020,IBGE_2024
3141603,Mercês,MG,348.271,1,jan,302.6680905861084,OK,1991,2020,30,CHIRPS_v2,UCSB-CHG/CHIRPS/DAILY,1991-2020,IBGE_2024
3108701,Brás Pires,MG,223.351,1,jan,282.34282544498745,OK,1991,2020,30,CHIRPS_v2,UCSB-CHG/CHIRPS/DAILY,1991-2020,IBGE_2024
3165701,Senador Firmino,MG,166.495,1,jan,267.4345360031891,OK,1991,2020,30,CHIRPS_v2,UCSB-CHG/CHIRPS/DAILY,1991-2020,IBGE_2024
3123304,Dores do Turvo,MG,231.169,1,jan,286.2901992407427,OK,1991,2020,30,CHIRPS_v2,UCSB-CHG/CHIRPS/DAILY,1991-2020,IBGE_2024
3172004,Visconde do Rio Branco,MG,243.351,1,jan,223.56490874117134,OK,1991,2020,30,CHIRPS_v2,UCSB-CHG/CHIRPS/DAILY,1991-2020,IBGE_2024
3155801,Rio Pomba,MG,252.418,1,jan,278.9786195633748,OK,1991,2020,30,CHIRPS_v2,UCSB-CHG/CHIRPS/DAILY,1991-2020,IBGE_2024
3121902,Divinésia,MG,116.97,1,jan,253.7763656828552,OK,1991,2020,30,CHIRPS_v2,UCSB-CHG/CHIRPS/DAILY,1991-2020,IBGE_2024
3145851,Oratórios,MG,89.068,1,jan,228.5041223551474,OK,1991,2020,30,CHIRPS_v2,UCSB-CHG/CHIRPS/DAILY,1991-2020,IBGE_2024
3170503,Urucânia,MG,138.792,1,jan,228.04827899080635,OK,1991,2020,30,CHIRPS_v2,UCSB-CHG/CHIRPS/DAILY,1991-2020,IBGE_2024
3105707,Barra Longa,MG,383.628,1,jan,254.855563079821,OK,1991,2020,30,CHIRPS_v2,UCSB-CHG/CHIRPS/DAILY,1991-2020,IBGE_2024
3121704,Diogo de Vasconcelos,MG,165.091,1,jan,267.63023812545833,OK,1991,2020,30,CHIRPS_v2,UCSB-CHG/CHIRPS/DAILY,1991-2020,IBGE_2024
3128204,Guaraciaba,MG,348.596,1,jan,251.52208604036008,OK,1991,2020,30,CHIRPS_v2,UCSB-CHG/CHIRPS/DAILY,1991-2020,IBGE_2024
3152105,Ponte Nova,MG,470.643,1,jan,240.03152199419247,OK,1991,2020,30,CHIRPS_v2,UCSB-CHG/CHIRPS/DAILY,1991-2020,IBGE_2024
3102506,Amparo do Serra,MG,136.186,1,jan,226.37341378752888,OK,1991,2020,30,CHIRPS_v2,UCSB-CHG/CHIRPS/DAILY,1991-2020,IBGE_2024
3102308,Alvinópolis,MG,599.443,1,jan,269.4459197504305,OK,1991,2020,30,CHIRPS_v2,UCSB-CHG/CHIRPS/DAILY,1991-2020,IBGE_2024
3135506,Jequeri,MG,547.897,1,jan,222.6191442427798,OK,1991,2020,30,CHIRPS_v2,UCSB-CHG/CHIRPS/DAILY,1991-2020,IBGE_2024
3160108,Santo Antônio do Grama,MG,130.213,1,jan,224.15031652700304,OK,1991,2020,30,CHIRPS_v2,UCSB-CHG/CHIRPS/DAILY,1991-2020,IBGE_2024
3166303,Sericita,MG,166.012,1,jan,231.58438451593176,OK,1991,2020,30,CHIRPS_v2,UCSB-CHG/CHIRPS/DAILY,1991-2020,IBGE_2024
3150208,Piedade de Ponte Nova,MG,83.733,1,jan,227.6882516851978,OK,1991,2020,30,CHIRPS_v2,UCSB-CHG/CHIRPS/DAILY,1991-2020,IBGE_2024
3100401,Acaiaca,MG,101.886,1,jan,258.40617649166757,OK,1991,2020,30,CHIRPS_v2,UCSB-CHG/CHIRPS/DAILY,1991-2020,IBGE_2024
3165560,Sem-Peixe,MG,176.634,1,jan,235.71443616783898,OK,1991,2020,30,CHIRPS_v2,UCSB-CHG/CHIRPS/DAILY,1991-2020,IBGE_2024
3157401,Santa Cruz do Escalvado,MG,258.726,1,jan,232.75567382942657,OK,1991,2020,30,CHIRPS_v2,UCSB-CHG/CHIRPS/DAILY,1991-2020,IBGE_2024
3164001,São Pedro dos Ferros,MG,402.739,1,jan,218.34555653975673,OK,1991,2020,30,CHIRPS_v2,UCSB-CHG/CHIRPS/DAILY,1991-2020,IBGE_2024
3122702,Dom Silvério,MG,194.972,1,jan,246.0861676813049,OK,1991,2020,30,CHIRPS_v2,UCSB-CHG/CHIRPS/DAILY,1991-2020,IBGE_2024
3154903,Rio Casca,MG,384.381,1,jan,225.24628032622047,OK,1991,2020,30,CHIRPS_v2,UCSB-CHG/CHIRPS/DAILY,1991-2020,IBGE_2024
3155009,Rio Doce,MG,112.094,1,jan,240.99891190330595,OK,1991,2020,30,CHIRPS_v2,UCSB-CHG/CHIRPS/DAILY,1991-2020,IBGE_2024
3143906,Muriaé,MG,841.693,1,jan,251.97620287507752,OK,1991,2020,30,CHIRPS_v2,UCSB-CHG/CHIRPS/DAILY,1991-2020,IBGE_2024
3161403,São Francisco do Glória,MG,164.613,1,jan,238.5891907450755,OK,1991,2020,30,CHIRPS_v2,UCSB-CHG/CHIRPS/DAILY,1991-2020,IBGE_2024
3103108,Antônio Prado de Minas,MG,83.802,1,jan,224.69941933315295,OK,1991,2020,30,CHIRPS_v2,UCSB-CHG/CHIRPS/DAILY,1991-2020,IBGE_2024
3125952,Fervedouro,MG,357.683,1,jan,247.43476929858326,OK,1991,2020,30,CHIRPS_v2,UCSB-CHG/CHIRPS/DAILY,1991-2020,IBGE_2024
3142106,Miradouro,MG,301.672,1,jan,260.24235872677485,OK,1991,2020,30,CHIRPS_v2,UCSB-CHG/CHIRPS/DAILY,1991-2020,IBGE_2024
3142205,Miraí,MG,320.695,1,jan,259.2013408061228,OK,1991,2020,30,CHIRPS_v2,UCSB-CHG/CHIRPS/DAILY,1991-2020,IBGE_2024
3124906,Eugenópolis,MG,309.395,1,jan,237.22603040103127,OK,1991,2020,30,CHIRPS_v2,UCSB-CHG/CHIRPS/DAILY,1991-2020,IBGE_2024
3164431,São Sebastião da Vargem Alegre,MG,73.629,1,jan,257.94960121209004,OK,1991,2020,30,CHIRPS_v2,UCSB-CHG/CHIRPS/DAILY,1991-2020,IBGE_2024
3156452,Rosário da Limeira,MG,111.156,1,jan,263.79041305144136,OK,1991,2020,30,CHIRPS_v2,UCSB-CHG/CHIRPS/DAILY,1991-2020,IBGE_2024
3148202,Patrocínio do Muriaé,MG,108.246,1,jan,242.97753703892963,OK,1991,2020,30,CHIRPS_v2,UCSB-CHG/CHIRPS/DAILY,1991-2020,IBGE_2024
3171402,Vieiras,MG,112.691,1,jan,240.5112673974547,OK,1991,2020,30,CHIRPS_v2,UCSB-CHG/CHIRPS/DAILY,1991-2020,IBGE_2024
3105509,Barão do Monte Alto,MG,198.313,1,jan,255.10671706802376,OK,1991,2020,30,CHIRPS_v2,UCSB-CHG/CHIRPS/DAILY,1991-2020,IBGE_2024
3138005,Laranjal,MG,204.882,1,jan,235.06880470966146,OK,1991,2020,30,CHIRPS_v2,UCSB-CHG/CHIRPS/DAILY,1991-2020,IBGE_2024
3154101,Recreio,MG,234.296,1,jan,235.22144976345075,OK,1991,2020,30,CHIRPS_v2,UCSB-CHG/CHIRPS/DAILY,1991-2020,IBGE_2024
3104403,Argirita,MG,159.378,1,jan,261.6230952264085,OK,1991,2020,30,CHIRPS_v2,UCSB-CHG/CHIRPS/DAILY,1991-2020,IBGE_2024
3104601,Astolfo Dutra,MG,158.891,1,jan,262.4270020928493,OK,1991,2020,30,CHIRPS_v2,UCSB-CHG/CHIRPS/DAILY,1991-2020,IBGE_2024
3158409,Santana de Cataguases,MG,161.486,1,jan,243.36498134425668,OK,1991,2020,30,CHIRPS_v2,UCSB-CHG/CHIRPS/DAILY,1991-2020,IBGE_2024
3132602,Itamarati de Minas,MG,94.568,1,jan,264.54544513112023,OK,1991,2020,30,CHIRPS_v2,UCSB-CHG/CHIRPS/DAILY,1991-2020,IBGE_2024
3115300,Cataguases,MG,491.767,1,jan,253.00004031746545,OK,1991,2020,30,CHIRPS_v2,UCSB-CHG/CHIRPS/DAILY,1991-2020,IBGE_2024
3122900,Dona Euzébia,MG,70.231,1,jan,265.6375130829587,OK,1991,2020,30,CHIRPS_v2,UCSB-CHG/CHIRPS/DAILY,1991-2020,IBGE_2024
3146701,Palma,MG,316.476,1,jan,230.4619012625806,OK,1991,2020,30,CHIRPS_v2,UCSB-CHG/CHIRPS/DAILY,1991-2020,IBGE_2024
3138401,Leopoldina,MG,943.077,1,jan,244.708135061112,OK,1991,2020,30,CHIRPS_v2,UCSB-CHG/CHIRPS/DAILY,1991-2020,IBGE_2024
3153103,Presidente Bernardes,MG,236.798,1,jan,268.1889930288111,OK,1991,2020,30,CHIRPS_v2,UCSB-CHG/CHIRPS/DAILY,1991-2020,IBGE_2024
3111705,Canaã,MG,174.9,1,jan,225.26269219925203,OK,1991,2020,30,CHIRPS_v2,UCSB-CHG/CHIRPS/DAILY,1991-2020,IBGE_2024
3103702,Araponga,MG,303.793,1,jan,244.56386088228453,OK,1991,2020,30,CHIRPS_v2,UCSB-CHG/CHIRPS/DAILY,1991-2020,IBGE_2024
3168507,Teixeiras,MG,166.735,1,jan,220.59035585131093,OK,1991,2020,30,CHIRPS_v2,UCSB-CHG/CHIRPS/DAILY,1991-2020,IBGE_2024
3152303,Porto Firme,MG,284.777,1,jan,257.227432962887,OK,1991,2020,30,CHIRPS_v2,UCSB-CHG/CHIRPS/DAILY,1991-2020,IBGE_2024
3110202,Cajuri,MG,83.038,1,jan,219.97121896265094,OK,1991,2020,30,CHIRPS_v2,UCSB-CHG/CHIRPS/DAILY,1991-2020,IBGE_2024
3116704,Coimbra,MG,106.875,1,jan,226.14380800212354,OK,1991,2020,30,CHIRPS_v2,UCSB-CHG/CHIRPS/DAILY,1991-2020,IBGE_2024
3124005,Ervália,MG,357.489,1,jan,243.57053157323432,OK,1991,2020,30,CHIRPS_v2,UCSB-CHG/CHIRPS/DAILY,1991-2020,IBGE_2024
3148806,Pedra do Anta,MG,173.168,1,jan,219.4961786709945,OK,1991,2020,30,CHIRPS_v2,UCSB-CHG/CHIRPS/DAILY,1991-2020,IBGE_2024
3148301,Paula Cândido,MG,268.321,1,jan,247.02438215049096,OK,1991,2020,30,CHIRPS_v2,UCSB-CHG/CHIRPS/DAILY,1991-2020,IBGE_2024
3163805,São Miguel do Anta,MG,152.111,1,jan,222.39117419491825,OK,1991,2020,30,CHIRPS_v2,UCSB-CHG/CHIRPS/DAILY,1991-2020,IBGE_2024
3171303,Viçosa,MG,299.418,1,jan,220.29185626989923,OK,1991,2020,30,CHIRPS_v2,UCSB-CHG/CHIRPS/DAILY,1991-2020,IBGE_2024
3145877,Orizânia,MG,121.8,1,jan,229.7486866592368,OK,1991,2020,30,CHIRPS_v2,UCSB-CHG/CHIRPS/DAILY,1991-2020,IBGE_2024
3113305,Carangola,MG,353.404,1,jan,221.53142012020396,OK,1991,2020,30,CHIRPS_v2,UCSB-CHG/CHIRPS/DAILY,1991-2020,IBGE_2024
3169208,Tombos,MG,285.124,1,jan,218.76226637561766,OK,1991,2020,30,CHIRPS_v2,UCSB-CHG/CHIRPS/DAILY,1991-2020,IBGE_2024
3110103,Caiana,MG,106.465,1,jan,211.07312390462846,OK,1991,2020,30,CHIRPS_v2,UCSB-CHG/CHIRPS/DAILY,1991-2020,IBGE_2024
3125309,Faria Lemos,MG,165.224,1,jan,217.03759079850624,OK,1991,2020,30,CHIRPS_v2,UCSB-CHG/CHIRPS/DAILY,1991-2020,IBGE_2024
3149002,Pedra Dourada,MG,69.99,1,jan,240.24847967251452,OK,1991,2020,30,CHIRPS_v2,UCSB-CHG/CHIRPS/DAILY,1991-2020,IBGE_2024
3124203,Espera Feliz,MG,317.638,1,jan,215.89966327226708,OK,1991,2020,30,CHIRPS_v2,UCSB-CHG/CHIRPS/DAILY,1991-2020,IBGE_2024
3148756,Pedra Bonita,MG,173.928,1,jan,239.8391326228207,OK,1991,2020,30,CHIRPS_v2,UCSB-CHG/CHIRPS/DAILY,1991-2020,IBGE_2024
3122009,Divino,MG,337.776,1,jan,225.60464011766578,OK,1991,2020,30,CHIRPS_v2,UCSB-CHG/CHIRPS/DAILY,1991-2020,IBGE_2024
3121308,Descoberto,MG,213.168,1,jan,266.51135365091847,OK,1991,2020,30,CHIRPS_v2,UCSB-CHG/CHIRPS/DAILY,1991-2020,IBGE_2024
3128501,Guarará,MG,88.655,1,jan,265.46484770789885,OK,1991,2020,30,CHIRPS_v2,UCSB-CHG/CHIRPS/DAILY,1991-2020,IBGE_2024
3149507,Pequeri,MG,90.833,1,jan,276.9060681787851,OK,1991,2020,30,CHIRPS_v2,UCSB-CHG/CHIRPS/DAILY,1991-2020,IBGE_2024
3165602,Senador Cortes,MG,98.336,1,jan,261.38261166958296,OK,1991,2020,30,CHIRPS_v2,UCSB-CHG/CHIRPS/DAILY,1991-2020,IBGE_2024
3140209,Maripá de Minas,MG,77.338,1,jan,265.62195753948964,OK,1991,2020,30,CHIRPS_v2,UCSB-CHG/CHIRPS/DAILY,1991-2020,IBGE_2024
3139805,Mar de Espanha,MG,371.6,1,jan,258.70316875413965,OK,1991,2020,30,CHIRPS_v2,UCSB-CHG/CHIRPS/DAILY,1991-2020,IBGE_2024
3156205,Rochedo de Minas,MG,79.402,1,jan,264.90742753050154,OK,1991,2020,30,CHIRPS_v2,UCSB-CHG/CHIRPS/DAILY,1991-2020,IBGE_2024
3106903,Bicas,MG,140.082,1,jan,275.9038480020764,OK,1991,2020,30,CHIRPS_v2,UCSB-CHG/CHIRPS/DAILY,1991-2020,IBGE_2024
3162906,São João Nepomuceno,MG,407.427,1,jan,273.8953666785344,OK,1991,2020,30,CHIRPS_v2,UCSB-CHG/CHIRPS/DAILY,1991-2020,IBGE_2024
3160009,Santo Antônio do Aventureiro,MG,202.032,1,jan,255.26919149432993,OK,1991,2020,30,CHIRPS_v2,UCSB-CHG/CHIRPS/DAILY,1991-2020,IBGE_2024
3151107,Pirapetinga,MG,190.681,1,jan,221.8576592734349,OK,1991,2020,30,CHIRPS_v2,UCSB-CHG/CHIRPS/DAILY,1991-2020,IBGE_2024
3101508,Além Paraíba,MG,510.25,1,jan,234.80402492259248,OK,1991,2020,30,CHIRPS_v2,UCSB-CHG/CHIRPS/DAILY,1991-2020,IBGE_2024
3124609,Estrela Dalva,MG,131.365,1,jan,227.35241759060523,OK,1991,2020,30,CHIRPS_v2,UCSB-CHG/CHIRPS/DAILY,1991-2020,IBGE_2024
3172103,Volta Grande,MG,205.552,1,jan,220.26037801740944,OK,1991,2020,30,CHIRPS_v2,UCSB-CHG/CHIRPS/DAILY,1991-2020,IBGE_2024
3105608,Barbacena,MG,759.186,1,jan,295.0315727810676,OK,1991,2020,30,CHIRPS_v2,UCSB-CHG/CHIRPS/DAILY,1991-2020,IBGE_2024
3102902,Antônio Carlos,MG,529.915,1,jan,301.09579187879274,OK,1991,2020,30,CHIRPS_v2,UCSB-CHG/CHIRPS/DAILY,1991-2020,IBGE_2024
3101631,Alfredo Vasconcelos,MG,130.815,1,jan,294.44912920225426,OK,1991,2020,30,CHIRPS_v2,UCSB-CHG/CHIRPS/DAILY,1991-2020,IBGE_2024
3154408,Ressaquinha,MG,183.062,1,jan,297.24418148350946,OK,1991,2020,30,CHIRPS_v2,UCSB-CHG/CHIRPS/DAILY,1991-2020,IBGE_2024
3121506,Desterro do Melo,MG,142.279,1,jan,317.63191422647066,OK,1991,2020,30,CHIRPS_v2,UCSB-CHG/CHIRPS/DAILY,1991-2020,IBGE_2024
3129400,Ibertioga,MG,346.24,1,jan,306.6095079065548,OK,1991,2020,30,CHIRPS_v2,UCSB-CHG/CHIRPS/DAILY,1991-2020,IBGE_2024
3159407,Santa Rita de Ibitipoca,MG,324.234,1,jan,309.10817064517335,OK,1991,2020,30,CHIRPS_v2,UCSB-CHG/CHIRPS/DAILY,1991-2020,IBGE_2024
3102100,Alto Rio Doce,MG,518.053,1,jan,308.83208336484813,OK,1991,2020,30,CHIRPS_v2,UCSB-CHG/CHIRPS/DAILY,1991-2020,IBGE_2024
3158706,Santana do Garambéu,MG,203.074,1,jan,313.269321172022,OK,1991,2020,30,CHIRPS_v2,UCSB-CHG/CHIRPS/DAILY,1991-2020,IBGE_2024
3166204,Senhora dos Remédios,MG,237.815,1,jan,312.69602112887395,OK,1991,2020,30,CHIRPS_v2,UCSB-CHG/CHIRPS/DAILY,1991-2020,IBGE_2024
3116308,Cipotânea,MG,153.479,1,jan,300.7464978197098,OK,1991,2020,30,CHIRPS_v2,UCSB-CHG/CHIRPS/DAILY,1991-2020,IBGE_2024
3157302,Santa Bárbara do Tugúrio,MG,194.564,1,jan,314.5663119734377,OK,1991,2020,30,CHIRPS_v2,UCSB-CHG/CHIRPS/DAILY,1991-2020,IBGE_2024
3123007,Dores de Campos,MG,124.842,1,jan,296.30469520492954,OK,1991,2020,30,CHIRPS_v2,UCSB-CHG/CHIRPS/DAILY,1991-2020,IBGE_2024
3105905,Barroso,MG,82.07,1,jan,292.45013430214857,OK,1991,2020,30,CHIRPS_v2,UCSB-CHG/CHIRPS/DAILY,1991-2020,IBGE_2024
3145901,Ouro Branco,MG,258.726,1,jan,283.891590777159,OK,1991,2020,30,CHIRPS_v2,UCSB-CHG/CHIRPS/DAILY,1991-2020,IBGE_2024
3153806,Queluzito,MG,153.56,1,jan,288.6430322928365,OK,1991,2020,30,CHIRPS_v2,UCSB-CHG/CHIRPS/DAILY,1991-2020,IBGE_2024
3160900,São Brás do Suaçuí,MG,110.019,1,jan,285.0420028948792,OK,1991,2020,30,CHIRPS_v2,UCSB-CHG/CHIRPS/DAILY,1991-2020,IBGE_2024
3135407,Jeceaba,MG,236.25,1,jan,286.1713505301483,OK,1991,2020,30,CHIRPS_v2,UCSB-CHG/CHIRPS/DAILY,1991-2020,IBGE_2024
3118304,Conselheiro Lafaiete,MG,370.246,1,jan,279.8599302686186,OK,1991,2020,30,CHIRPS_v2,UCSB-CHG/CHIRPS/DAILY,1991-2020,IBGE_2024
3118007,Congonhas,MG,304.067,1,jan,279.6771189598429,OK,1991,2020,30,CHIRPS_v2,UCSB-CHG/CHIRPS/DAILY,1991-2020,IBGE_2024
3121407,Desterro de Entre Rios,MG,377.165,1,jan,291.68494277307803,OK,1991,2020,30,CHIRPS_v2,UCSB-CHG/CHIRPS/DAILY,1991-2020,IBGE_2024
3113206,Carandaí,MG,487.28,1,jan,299.92849940950845,OK,1991,2020,30,CHIRPS_v2,UCSB-CHG/CHIRPS/DAILY,1991-2020,IBGE_2024
3137908,Lamim,MG,118.602,1,jan,291.47162228675796,OK,1991,2020,30,CHIRPS_v2,UCSB-CHG/CHIRPS/DAILY,1991-2020,IBGE_2024
3113107,Caranaíba,MG,159.95,1,jan,295.2673421546143,OK,1991,2020,30,CHIRPS_v2,UCSB-CHG/CHIRPS/DAILY,1991-2020,IBGE_2024
3120409,Cristiano Otoni,MG,132.872,1,jan,290.4866306575031,OK,1991,2020,30,CHIRPS_v2,UCSB-CHG/CHIRPS/DAILY,1991-2020,IBGE_2024
3112208,Capela Nova,MG,111.073,1,jan,297.4922126578912,OK,1991,2020,30,CHIRPS_v2,UCSB-CHG/CHIRPS/DAILY,1991-2020,IBGE_2024
3150802,Piranga,MG,658.812,1,jan,282.0803655271454,OK,1991,2020,30,CHIRPS_v2,UCSB-CHG/CHIRPS/DAILY,1991-2020,IBGE_2024
3159100,Santana dos Montes,MG,196.565,1,jan,290.4199858089323,OK,1991,2020,30,CHIRPS_v2,UCSB-CHG/CHIRPS/DAILY,1991-2020,IBGE_2024
3133907,Itaverava,MG,284.22,1,jan,284.22292245332875,OK,1991,2020,30,CHIRPS_v2,UCSB-CHG/CHIRPS/DAILY,1991-2020,IBGE_2024
3166006,Senhora de Oliveira,MG,170.749,1,jan,290.3280290377284,OK,1991,2020,30,CHIRPS_v2,UCSB-CHG/CHIRPS/DAILY,1991-2020,IBGE_2024
3123908,Entre Rios de Minas,MG,456.796,1,jan,296.0864351984877,OK,1991,2020,30,CHIRPS_v2,UCSB-CHG/CHIRPS/DAILY,1991-2020,IBGE_2024
3115409,Catas Altas da Noruega,MG,141.622,1,jan,287.1373262305299,OK,1991,2020,30,CHIRPS_v2,UCSB-CHG/CHIRPS/DAILY,1991-2020,IBGE_2024
3106408,Belo Vale,MG,364.94,1,jan,283.30763646864403,OK,1991,2020,30,CHIRPS_v2,UCSB-CHG/CHIRPS/DAILY,1991-2020,IBGE_2024
3114907,Casa Grande,MG,157.727,1,jan,295.0206995670845,OK,1991,2020,30,CHIRPS_v2,UCSB-CHG/CHIRPS/DAILY,1991-2020,IBGE_2024
3155207,Rio Espera,MG,238.602,1,jan,298.0349184824192,OK,1991,2020,30,CHIRPS_v2,UCSB-CHG/CHIRPS/DAILY,1991-2020,IBGE_2024
3162500,São João del Rei,MG,1452.002,1,jan,297.5968733281676,OK,1991,2020,30,CHIRPS_v2,UCSB-CHG/CHIRPS/DAILY,1991-2020,IBGE_2024
3119708,Coronel Xavier Chaves,MG,140.954,1,jan,294.5321280037845,OK,1991,2020,30,CHIRPS_v2,UCSB-CHG/CHIRPS/DAILY,1991-2020,IBGE_2024
3168804,Tiradentes,MG,83.047,1,jan,282.96244521782097,OK,1991,2020,30,CHIRPS_v2,UCSB-CHG/CHIRPS/DAILY,1991-2020,IBGE_2024
3157336,Santa Cruz de Minas,MG,3.565,1,jan,274.26552942684714,OK,1991,2020,30,CHIRPS_v2,UCSB-CHG/CHIRPS/DAILY,1991-2020,IBGE_2024
3154200,Resende Costa,MG,618.312,1,jan,307.6480671030681,OK,1991,2020,30,CHIRPS_v2,UCSB-CHG/CHIRPS/DAILY,1991-2020,IBGE_2024
3137403,Lagoa Dourada,MG,476.693,1,jan,303.16112268993965,OK,1991,2020,30,CHIRPS_v2,UCSB-CHG/CHIRPS/DAILY,1991-2020,IBGE_2024
3144508,Nazareno,MG,341.453,1,jan,306.69904558209583,OK,1991,2020,30,CHIRPS_v2,UCSB-CHG/CHIRPS/DAILY,1991-2020,IBGE_2024
3152709,Prados,MG,264.115,1,jan,296.0597271174554,OK,1991,2020,30,CHIRPS_v2,UCSB-CHG/CHIRPS/DAILY,1991-2020,IBGE_2024
3150307,Piedade do Rio Grande,MG,322.814,1,jan,303.4731299724257,OK,1991,2020,30,CHIRPS_v2,UCSB-CHG/CHIRPS/DAILY,1991-2020,IBGE_2024
3165305,São Vicente de Minas,MG,392.651,1,jan,305.9872287190184,OK,1991,2020,30,CHIRPS_v2,UCSB-CHG/CHIRPS/DAILY,1991-2020,IBGE_2024
3165008,São Tiago,MG,572.4,1,jan,313.95310757022236,OK,1991,2020,30,CHIRPS_v2,UCSB-CHG/CHIRPS/DAILY,1991-2020,IBGE_2024
3115201,Conceição da Barra de Minas,MG,273.014,1,jan,306.3106582576727,OK,1991,2020,30,CHIRPS_v2,UCSB-CHG/CHIRPS/DAILY,1991-2020,IBGE_2024
3156106,Ritápolis,MG,404.805,1,jan,307.25462748540707,OK,1991,2020,30,CHIRPS_v2,UCSB-CHG/CHIRPS/DAILY,1991-2020,IBGE_2024
3139102,Madre de Deus de Minas,MG,492.909,1,jan,296.3475952682274,OK,1991,2020,30,CHIRPS_v2,UCSB-CHG/CHIRPS/DAILY,1991-2020,IBGE_2024
3134301,Itumirim,MG,234.802,1,jan,292.317907275006,OK,1991,2020,30,CHIRPS_v2,UCSB-CHG/CHIRPS/DAILY,1991-2020,IBGE_2024
3130408,Ijaci,MG,105.246,1,jan,291.22423608714763,OK,1991,2020,30,CHIRPS_v2,UCSB-CHG/CHIRPS/DAILY,1991-2020,IBGE_2024
3134509,Itutinga,MG,372.018,1,jan,293.01668675315494,OK,1991,2020,30,CHIRPS_v2,UCSB-CHG/CHIRPS/DAILY,1991-2020,IBGE_2024
3108008,Bom Sucesso,MG,705.046,1,jan,320.4940403720373,OK,1991,2020,30,CHIRPS_v2,UCSB-CHG/CHIRPS/DAILY,1991-2020,IBGE_2024
3114600,Carrancas,MG,727.894,1,jan,300.03800771608763,OK,1991,2020,30,CHIRPS_v2,UCSB-CHG/CHIRPS/DAILY,1991-2020,IBGE_2024
3138708,Luminárias,MG,500.143,1,jan,289.4445144735799,OK,1991,2020,30,CHIRPS_v2,UCSB-CHG/CHIRPS/DAILY,1991-2020,IBGE_2024
3130804,Ingaí,MG,305.591,1,jan,293.1256854169525,OK,1991,2020,30,CHIRPS_v2,UCSB-CHG/CHIRPS/DAILY,1991-2020,IBGE_2024
3130002,Ibituruna,MG,153.106,1,jan,305.3293754608781,OK,1991,2020,30,CHIRPS_v2,UCSB-CHG/CHIRPS/DAILY,1991-2020,IBGE_2024
3165206,São Tomé das Letras,MG,369.747,1,jan,301.0360663984698,OK,1991,2020,30,CHIRPS_v2,UCSB-CHG/CHIRPS/DAILY,1991-2020,IBGE_2024
3152600,Pouso Alto,MG,263.034,1,jan,311.779823271046,OK,1991,2020,30,CHIRPS_v2,UCSB-CHG/CHIRPS/DAILY,1991-2020,IBGE_2024
3167806,Soledade de Minas,MG,196.866,1,jan,305.531865767445,OK,1991,2020,30,CHIRPS_v2,UCSB-CHG/CHIRPS/DAILY,1991-2020,IBGE_2024
3117702,Conceição do Rio Verde,MG,369.681,1,jan,298.2465980889847,OK,1991,2020,30,CHIRPS_v2,UCSB-CHG/CHIRPS/DAILY,1991-2020,IBGE_2024
3101300,Alagoa,MG,161.356,1,jan,362.36501253109907,OK,1991,2020,30,CHIRPS_v2,UCSB-CHG/CHIRPS/DAILY,1991-2020,IBGE_2024
3133006,Itamonte,MG,431.792,1,jan,334.15433339708085,OK,1991,2020,30,CHIRPS_v2,UCSB-CHG/CHIRPS/DAILY,1991-2020,IBGE_2024
3133105,Itanhandu,MG,143.363,1,jan,310.6757019948319,OK,1991,2020,30,CHIRPS_v2,UCSB-CHG/CHIRPS/DAILY,1991-2020,IBGE_2024
3164902,São Sebastião do Rio Verde,MG,90.848,1,jan,305.97676120519935,OK,1991,2020,30,CHIRPS_v2,UCSB-CHG/CHIRPS/DAILY,1991-2020,IBGE_2024
3147600,Passa Quatro,MG,277.221,1,jan,341.51612480552075,OK,1991,2020,30,CHIRPS_v2,UCSB-CHG/CHIRPS/DAILY,1991-2020,IBGE_2024
3163706,São Lourenço,MG,58.019,1,jan,312.06534376278404,OK,1991,2020,30,CHIRPS_v2,UCSB-CHG/CHIRPS/DAILY,1991-2020,IBGE_2024
3104908,Baependi,MG,750.554,1,jan,320.21804519377173,OK,1991,2020,30,CHIRPS_v2,UCSB-CHG/CHIRPS/DAILY,1991-2020,IBGE_2024
3120805,Cruzília,MG,522.419,1,jan,309.0887154654794,OK,1991,2020,30,CHIRPS_v2,UCSB-CHG/CHIRPS/DAILY,1991-2020,IBGE_2024
3167004,Serranos,MG,213.173,1,jan,313.8898178807404,OK,1991,2020,30,CHIRPS_v2,UCSB-CHG/CHIRPS/DAILY,1991-2020,IBGE_2024
3141900,Minduri,MG,219.774,1,jan,306.7893654170627,OK,1991,2020,30,CHIRPS_v2,UCSB-CHG/CHIRPS/DAILY,1991-2020,IBGE_2024
3166402,Seritinga,MG,114.769,1,jan,324.0851163694303,OK,1991,2020,30,CHIRPS_v2,UCSB-CHG/CHIRPS/DAILY,1991-2020,IBGE_2024
3101201,Aiuruoca,MG,649.68,1,jan,336.8111770097099,OK,1991,2020,30,CHIRPS_v2,UCSB-CHG/CHIRPS/DAILY,1991-2020,IBGE_2024
3115508,Caxambu,MG,100.483,1,jan,296.79431415780203,OK,1991,2020,30,CHIRPS_v2,UCSB-CHG/CHIRPS/DAILY,1991-2020,IBGE_2024
3114808,Carvalhos,MG,282.254,1,jan,344.3771401637593,OK,1991,2020,30,CHIRPS_v2,UCSB-CHG/CHIRPS/DAILY,1991-2020,IBGE_2024
3161809,São Gonçalo do Pará,MG,265.73,1,jan,263.53553071376683,OK,1991,2020,30,CHIRPS_v2,UCSB-CHG/CHIRPS/DAILY,1991-2020,IBGE_2024
3133709,Itatiaiuçu,MG,294.181,1,jan,292.8255144559368,OK,1991,2020,30,CHIRPS_v2,UCSB-CHG/CHIRPS/DAILY,1991-2020,IBGE_2024
3117603,Conceição do Pará,MG,250.306,1,jan,250.42489389928625,OK,1991,2020,30,CHIRPS_v2,UCSB-CHG/CHIRPS/DAILY,1991-2020,IBGE_2024
3133808,Itaúna,MG,494.559,1,jan,278.1191076687925,OK,1991,2020,30,CHIRPS_v2,UCSB-CHG/CHIRPS/DAILY,1991-2020,IBGE_2024
3116605,Cláudio,MG,630.706,1,jan,288.2252624368097,OK,1991,2020,30,CHIRPS_v2,UCSB-CHG/CHIRPS/DAILY,1991-2020,IBGE_2024
3114204,Carmo do Cajuru,MG,455.807,1,jan,278.9039812678736,OK,1991,2020,30,CHIRPS_v2,UCSB-CHG/CHIRPS/DAILY,1991-2020,IBGE_2024
3145802,Onça de Pitangui,MG,246.976,1,jan,239.65741399398192,OK,1991,2020,30,CHIRPS_v2,UCSB-CHG/CHIRPS/DAILY,1991-2020,IBGE_2024
3149606,Pequi,MG,203.991,1,jan,235.8917729751442,OK,1991,2020,30,CHIRPS_v2,UCSB-CHG/CHIRPS/DAILY,1991-2020,IBGE_2024
3139706,Maravilhas,MG,261.604,1,jan,232.58981503828403,OK,1991,2020,30,CHIRPS_v2,UCSB-CHG/CHIRPS/DAILY,1991-2020,IBGE_2024
3146909,Papagaios,MG,553.577,1,jan,232.42970312028794,OK,1991,2020,30,CHIRPS_v2,UCSB-CHG/CHIRPS/DAILY,1991-2020,IBGE_2024
3147105,Pará de Minas,MG,551.105,1,jan,259.1406835897209,OK,1991,2020,30,CHIRPS_v2,UCSB-CHG/CHIRPS/DAILY,1991-2020,IBGE_2024
3163102,São José da Varginha,MG,205.501,1,jan,248.29781318796844,OK,1991,2020,30,CHIRPS_v2,UCSB-CHG/CHIRPS/DAILY,1991-2020,IBGE_2024
3130200,Igaratinga,MG,218.343,1,jan,265.3230750843696,OK,1991,2020,30,CHIRPS_v2,UCSB-CHG/CHIRPS/DAILY,1991-2020,IBGE_2024
3145604,Oliveira,MG,897.294,1,jan,294.84473761640345,OK,1991,2020,30,CHIRPS_v2,UCSB-CHG/CHIRPS/DAILY,1991-2020,IBGE_2024
3120607,Crucilândia,MG,167.164,1,jan,290.15972208385426,OK,1991,2020,30,CHIRPS_v2,UCSB-CHG/CHIRPS/DAILY,1991-2020,IBGE_2024
3150604,Piracema,MG,280.335,1,jan,288.5425010774826,OK,1991,2020,30,CHIRPS_v2,UCSB-CHG/CHIRPS/DAILY,1991-2020,IBGE_2024
3150406,Piedade dos Gerais,MG,259.638,1,jan,286.5347256728938,OK,1991,2020,30,CHIRPS_v2,UCSB-CHG/CHIRPS/DAILY,1991-2020,IBGE_2024
3108107,Bonfim,MG,300.471,1,jan,292.1524056262732,OK,1991,2020,30,CHIRPS_v2,UCSB-CHG/CHIRPS/DAILY,1991-2020,IBGE_2024
3132206,Itaguara,MG,410.468,1,jan,288.9773074016163,OK,1991,2020,30,CHIRPS_v2,UCSB-CHG/CHIRPS/DAILY,1991-2020,IBGE_2024
3147709,Passa Tempo,MG,429.172,1,jan,296.11065150924463,OK,1991,2020,30,CHIRPS_v2,UCSB-CHG/CHIRPS/DAILY,1991-2020,IBGE_2024
3114501,Carmópolis de Minas,MG,400.01,1,jan,294.1454318974944,OK,1991,2020,30,CHIRPS_v2,UCSB-CHG/CHIRPS/DAILY,1991-2020,IBGE_2024
3155306,Rio Manso,MG,231.54,1,jan,293.01839974763703,OK,1991,2020,30,CHIRPS_v2,UCSB-CHG/CHIRPS/DAILY,1991-2020,IBGE_2024
3202207,Fundão,ES,286.854,1,jan,139.4688109882063,OK,1991,2020,30,CHIRPS_v2,UCSB-CHG/CHIRPS/DAILY,1991-2020,IBGE_2024
3202405,Guarapari,ES,589.826,1,jan,138.11025084017427,OK,1991,2020,30,CHIRPS_v2,UCSB-CHG/CHIRPS/DAILY,1991-2020,IBGE_2024
3201308,Cariacica,ES,279.718,1,jan,141.68799165357046,OK,1991,2020,30,CHIRPS_v2,UCSB-CHG/CHIRPS/DAILY,1991-2020,IBGE_2024
3205200,Vila Velha,ES,210.225,1,jan,122.93522528499993,OK,1991,2020,30,CHIRPS_v2,UCSB-CHG/CHIRPS/DAILY,1991-2020,IBGE_2024
3205309,Vitória,ES,97.124,1,jan,124.02734583798826,OK,1991,2020,30,CHIRPS_v2,UCSB-CHG/CHIRPS/DAILY,1991-2020,IBGE_2024
3205101,Viana,ES,312.278,1,jan,137.85544353636192,OK,1991,2020,30,CHIRPS_v2,UCSB-CHG/CHIRPS/DAILY,1991-2020,IBGE_2024
3205002,Serra,ES,547.631,1,jan,125.21812126368285,OK,1991,2020,30,CHIRPS_v2,UCSB-CHG/CHIRPS/DAILY,1991-2020,IBGE_2024
3200300,Alfredo Chaves,ES,615.677,1,jan,172.04193215710185,OK,1991,2020,30,CHIRPS_v2,UCSB-CHG/CHIRPS/DAILY,1991-2020,IBGE_2024
3200409,Anchieta,ES,409.691,1,jan,130.9726805268626,OK,1991,2020,30,CHIRPS_v2,UCSB-CHG/CHIRPS/DAILY,1991-2020,IBGE_2024
3204203,Piúma,ES,73.623,1,jan,118.74470825673374,OK,1991,2020,30,CHIRPS_v2,UCSB-CHG/CHIRPS/DAILY,1991-2020,IBGE_2024
3202900,Itarana,ES,295.189,1,jan,162.2812802125615,OK,1991,2020,30,CHIRPS_v2,UCSB-CHG/CHIRPS/DAILY,1991-2020,IBGE_2024
3201704,Conceição do Castelo,ES,369.778,1,jan,186.44169291789285,OK,1991,2020,30,CHIRPS_v2,UCSB-CHG/CHIRPS/DAILY,1991-2020,IBGE_2024
3201902,Domingos Martins,ES,1229.21,1,jan,170.26184835454237,OK,1991,2020,30,CHIRPS_v2,UCSB-CHG/CHIRPS/DAILY,1991-2020,IBGE_2024
3201159,Brejetuba,ES,354.404,1,jan,186.23157486385733,OK,1991,2020,30,CHIRPS_v2,UCSB-CHG/CHIRPS/DAILY,1991-2020,IBGE_2024
3200102,Afonso Cláudio,ES,941.188,1,jan,172.44063674540038,OK,1991,2020,30,CHIRPS_v2,UCSB-CHG/CHIRPS/DAILY,1991-2020,IBGE_2024
3205069,Venda Nova do Imigrante,ES,185.909,1,jan,182.5441628386133,OK,1991,2020,30,CHIRPS_v2,UCSB-CHG/CHIRPS/DAILY,1991-2020,IBGE_2024
3204609,Santa Teresa,ES,683.032,1,jan,169.16500872765124,OK,1991,2020,30,CHIRPS_v2,UCSB-CHG/CHIRPS/DAILY,1991-2020,IBGE_2024
3204559,Santa Maria de Jetibá,ES,735.198,1,jan,167.89250351660715,OK,1991,2020,30,CHIRPS_v2,UCSB-CHG/CHIRPS/DAILY,1991-2020,IBGE_2024
3204500,Santa Leopoldina,ES,718.326,1,jan,156.70482170697295,OK,1991,2020,30,CHIRPS_v2,UCSB-CHG/CHIRPS/DAILY,1991-2020,IBGE_2024
3203346,Marechal Floriano,ES,285.495,1,jan,171.64344702649214,OK,1991,2020,30,CHIRPS_v2,UCSB-CHG/CHIRPS/DAILY,1991-2020,IBGE_2024
3203163,Laranja da Terra,ES,458.37,1,jan,159.34615911403998,OK,1991,2020,30,CHIRPS_v2,UCSB-CHG/CHIRPS/DAILY,1991-2020,IBGE_2024
3204906,São Mateus,ES,2346.048,1,jan,126.91520169073753,OK,1991,2020,30,CHIRPS_v2,UCSB-CHG/CHIRPS/DAILY,1991-2020,IBGE_2024
3203056,Jaguaré,ES,659.751,1,jan,142.79591893523119,OK,1991,2020,30,CHIRPS_v2,UCSB-CHG/CHIRPS/DAILY,1991-2020,IBGE_2024
3201605,Conceição da Barra,ES,1182.587,1,jan,112.70428832472464,OK,1991,2020,30,CHIRPS_v2,UCSB-CHG/CHIRPS/DAILY,1991-2020,IBGE_2024
3201001,Boa Esperança,ES,428.717,1,jan,128.7867324333827,OK,1991,2020,30,CHIRPS_v2,UCSB-CHG/CHIRPS/DAILY,1991-2020,IBGE_2024
3204252,Ponto Belo,ES,360.11,1,jan,132.7245783286494,OK,1991,2020,30,CHIRPS_v2,UCSB-CHG/CHIRPS/DAILY,1991-2020,IBGE_2024
3204054,Pedro Canário,ES,433.453,1,jan,111.79514742758755,OK,1991,2020,30,CHIRPS_v2,UCSB-CHG/CHIRPS/DAILY,1991-2020,IBGE_2024
3204104,Pinheiros,ES,973.136,1,jan,122.08076024334589,OK,1991,2020,30,CHIRPS_v2,UCSB-CHG/CHIRPS/DAILY,1991-2020,IBGE_2024
3203601,Mucurici,ES,540.529,1,jan,119.93715038859058,OK,1991,2020,30,CHIRPS_v2,UCSB-CHG/CHIRPS/DAILY,1991-2020,IBGE_2024
3203502,Montanha,ES,1099.06,1,jan,117.30040526530249,OK,1991,2020,30,CHIRPS_v2,UCSB-CHG/CHIRPS/DAILY,1991-2020,IBGE_2024
3203205,Linhares,ES,3496.263,1,jan,126.16096614433832,OK,1991,2020,30,CHIRPS_v2,UCSB-CHG/CHIRPS/DAILY,1991-2020,IBGE_2024
3203130,João Neiva,ES,284.734,1,jan,152.2907303793192,OK,1991,2020,30,CHIRPS_v2,UCSB-CHG/CHIRPS/DAILY,1991-2020,IBGE_2024
3202504,Ibiraçu,ES,201.248,1,jan,163.51154763773945,OK,1991,2020,30,CHIRPS_v2,UCSB-CHG/CHIRPS/DAILY,1991-2020,IBGE_2024
3200607,Aracruz,ES,1420.286,1,jan,123.1763475610184,OK,1991,2020,30,CHIRPS_v2,UCSB-CHG/CHIRPS/DAILY,1991-2020,IBGE_2024
3205010,Sooretama,ES,587.037,1,jan,148.38888113923275,OK,1991,2020,30,CHIRPS_v2,UCSB-CHG/CHIRPS/DAILY,1991-2020,IBGE_2024
3204351,Rio Bananal,ES,641.929,1,jan,152.01648568291623,OK,1991,2020,30,CHIRPS_v2,UCSB-CHG/CHIRPS/DAILY,1991-2020,IBGE_2024
3201506,Colatina,ES,1398.219,1,jan,142.07589444023074,OK,1991,2020,30,CHIRPS_v2,UCSB-CHG/CHIRPS/DAILY,1991-2020,IBGE_2024
3202702,Itaguaçu,ES,535.021,1,jan,147.06733799988774,OK,1991,2020,30,CHIRPS_v2,UCSB-CHG/CHIRPS/DAILY,1991-2020,IBGE_2024
3202256,Governador Lindenberg,ES,360.016,1,jan,153.26699762064047,OK,1991,2020,30,CHIRPS_v2,UCSB-CHG/CHIRPS/DAILY,1991-2020,IBGE_2024
3200805,Baixo Guandu,ES,909.039,1,jan,145.90242624678015,OK,1991,2020,30,CHIRPS_v2,UCSB-CHG/CHIRPS/DAILY,1991-2020,IBGE_2024
3200136,Águia Branca,ES,454.448,1,jan,147.8130549174623,OK,1991,2020,30,CHIRPS_v2,UCSB-CHG/CHIRPS/DAILY,1991-2020,IBGE_2024
3200359,Alto Rio Novo,ES,227.617,1,jan,149.2123939467679,OK,1991,2020,30,CHIRPS_v2,UCSB-CHG/CHIRPS/DAILY,1991-2020,IBGE_2024
3204708,São Gabriel da Palha,ES,434.887,1,jan,145.20004740298214,OK,1991,2020,30,CHIRPS_v2,UCSB-CHG/CHIRPS/DAILY,1991-2020,IBGE_2024
3205176,Vila Valério,ES,470.342,1,jan,147.61115819267525,OK,1991,2020,30,CHIRPS_v2,UCSB-CHG/CHIRPS/DAILY,1991-2020,IBGE_2024
3204955,São Roque do Canaã,ES,341.944,1,jan,148.40398363693765,OK,1991,2020,30,CHIRPS_v2,UCSB-CHG/CHIRPS/DAILY,1991-2020,IBGE_2024
3204658,São Domingos do Norte,ES,298.58,1,jan,148.1575153137538,OK,1991,2020,30,CHIRPS_v2,UCSB-CHG/CHIRPS/DAILY,1991-2020,IBGE_2024
3204005,Pancas,ES,837.842,1,jan,150.97205163809178,OK,1991,2020,30,CHIRPS_v2,UCSB-CHG/CHIRPS/DAILY,1991-2020,IBGE_2024
3203304,Mantenópolis,ES,321.417,1,jan,151.46214703940942,OK,1991,2020,30,CHIRPS_v2,UCSB-CHG/CHIRPS/DAILY,1991-2020,IBGE_2024
3203353,Marilândia,ES,327.642,1,jan,141.2093945024079,OK,1991,2020,30,CHIRPS_v2,UCSB-CHG/CHIRPS/DAILY,1991-2020,IBGE_2024
3202108,Ecoporanga,ES,2285.361,1,jan,139.31080425535404,OK,1991,2020,30,CHIRPS_v2,UCSB-CHG/CHIRPS/DAILY,1991-2020,IBGE_2024
3200904,Barra de São Francisco,ES,944.521,1,jan,144.14965177473704,OK,1991,2020,30,CHIRPS_v2,UCSB-CHG/CHIRPS/DAILY,1991-2020,IBGE_2024
3200169,Água Doce do Norte,ES,473.728,1,jan,145.77198298113305,OK,1991,2020,30,CHIRPS_v2,UCSB-CHG/CHIRPS/DAILY,1991-2020,IBGE_2024
3205150,Vila Pavão,ES,433.257,1,jan,138.23091573765566,OK,1991,2020,30,CHIRPS_v2,UCSB-CHG/CHIRPS/DAILY,1991-2020,IBGE_2024
3203908,Nova Venécia,ES,1439.57,1,jan,137.50825967124857,OK,1991,2020,30,CHIRPS_v2,UCSB-CHG/CHIRPS/DAILY,1991-2020,IBGE_2024
3201209,Cachoeiro de Itapemirim,ES,864.583,1,jan,148.90790741484267,OK,1991,2020,30,CHIRPS_v2,UCSB-CHG/CHIRPS/DAILY,1991-2020,IBGE_2024
3203106,Jerônimo Monteiro,ES,177.342,1,jan,176.34031407367897,OK,1991,2020,30,CHIRPS_v2,UCSB-CHG/CHIRPS/DAILY,1991-2020,IBGE_2024
3202603,Iconha,ES,203.528,1,jan,149.62044156139768,OK,1991,2020,30,CHIRPS_v2,UCSB-CHG/CHIRPS/DAILY,1991-2020,IBGE_2024
3201407,Castelo,ES,663.515,1,jan,179.68665137517172,OK,1991,2020,30,CHIRPS_v2,UCSB-CHG/CHIRPS/DAILY,1991-2020,IBGE_2024
3200706,Atílio Vivácqua,ES,232.868,1,jan,151.65767325285273,OK,1991,2020,30,CHIRPS_v2,UCSB-CHG/CHIRPS/DAILY,1991-2020,IBGE_2024
3205036,Vargem Alta,ES,417.76,1,jan,169.6631515465149,OK,1991,2020,30,CHIRPS_v2,UCSB-CHG/CHIRPS/DAILY,1991-2020,IBGE_2024
3204302,Presidente Kennedy,ES,594.897,1,jan,111.41543530323639,OK,1991,2020,30,CHIRPS_v2,UCSB-CHG/CHIRPS/DAILY,1991-2020,IBGE_2024
3204401,Rio Novo do Sul,ES,204.464,1,jan,135.68325548005032,OK,1991,2020,30,CHIRPS_v2,UCSB-CHG/CHIRPS/DAILY,1991-2020,IBGE_2024
3203809,Muqui,ES,327.268,1,jan,173.04172946346944,OK,1991,2020,30,CHIRPS_v2,UCSB-CHG/CHIRPS/DAILY,1991-2020,IBGE_2024
3203320,Marataízes,ES,130.268,1,jan,95.41677999896415,OK,1991,2020,30,CHIRPS_v2,UCSB-CHG/CHIRPS/DAILY,1991-2020,IBGE_2024
3203403,Mimoso do Sul,ES,869.439,1,jan,160.00581827608025,OK,1991,2020,30,CHIRPS_v2,UCSB-CHG/CHIRPS/DAILY,1991-2020,IBGE_2024
3202801,Itapemirim,ES,551.133,1,jan,112.75899430725931,OK,1991,2020,30,CHIRPS_v2,UCSB-CHG/CHIRPS/DAILY,1991-2020,IBGE_2024
3203007,Iúna,ES,460.586,1,jan,209.97128122958455,OK,1991,2020,30,CHIRPS_v2,UCSB-CHG/CHIRPS/DAILY,1991-2020,IBGE_2024
3202306,Guaçuí,ES,468.185,1,jan,212.1258602244638,OK,1991,2020,30,CHIRPS_v2,UCSB-CHG/CHIRPS/DAILY,1991-2020,IBGE_2024
3202553,Ibitirama,ES,330.874,1,jan,229.18376158571812,OK,1991,2020,30,CHIRPS_v2,UCSB-CHG/CHIRPS/DAILY,1991-2020,IBGE_2024
3202454,Ibatiba,ES,240.278,1,jan,194.61726713422877,OK,1991,2020,30,CHIRPS_v2,UCSB-CHG/CHIRPS/DAILY,1991-2020,IBGE_2024
3201803,Divino de São Lourenço,ES,174.039,1,jan,218.24414258298788,OK,1991,2020,30,CHIRPS_v2,UCSB-CHG/CHIRPS/DAILY,1991-2020,IBGE_2024
3202009,Dores do Rio Preto,ES,159.298,1,jan,215.78109440784056,OK,1991,2020,30,CHIRPS_v2,UCSB-CHG/CHIRPS/DAILY,1991-2020,IBGE_2024
3201100,Bom Jesus do Norte,ES,89.084,1,jan,174.35097442093985,OK,1991,2020,30,CHIRPS_v2,UCSB-CHG/CHIRPS/DAILY,1991-2020,IBGE_2024
3200201,Alegre,ES,756.86,1,jan,189.50553875874755,OK,1991,2020,30,CHIRPS_v2,UCSB-CHG/CHIRPS/DAILY,1991-2020,IBGE_2024
3200508,Apiacá,ES,193.984,1,jan,166.77726691191486,OK,1991,2020,30,CHIRPS_v2,UCSB-CHG/CHIRPS/DAILY,1991-2020,IBGE_2024
3204807,São José do Calçado,ES,273.489,1,jan,187.56749598826391,OK,1991,2020,30,CHIRPS_v2,UCSB-CHG/CHIRPS/DAILY,1991-2020,IBGE_2024
3203700,Muniz Freire,ES,678.804,1,jan,189.1196807020895,OK,1991,2020,30,CHIRPS_v2,UCSB-CHG/CHIRPS/DAILY,1991-2020,IBGE_2024
3202652,Irupi,ES,184.807,1,jan,208.3666071064696,OK,1991,2020,30,CHIRPS_v2,UCSB-CHG/CHIRPS/DAILY,1991-2020,IBGE_2024
3300456,Belford Roxo,RJ,78.985,1,jan,197.79467742724742,OK,1991,2020,30,CHIRPS_v2,UCSB-CHG/CHIRPS/DAILY,1991-2020,IBGE_2024
3305752,Tanguá,RJ,143.007,1,jan,195.87407434538625,OK,1991,2020,30,CHIRPS_v2,UCSB-CHG/CHIRPS/DAILY,1991-2020,IBGE_2024
3305554,Seropédica,RJ,265.189,1,jan,210.9024858365749,OK,1991,2020,30,CHIRPS_v2,UCSB-CHG/CHIRPS/DAILY,1991-2020,IBGE_2024
3305109,São João de Meriti,RJ,35.216,1,jan,191.37858993388843,OK,1991,2020,30,CHIRPS_v2,UCSB-CHG/CHIRPS/DAILY,1991-2020,IBGE_2024
3305505,Saquarema,RJ,352.129,1,jan,195.4331678555521,OK,1991,2020,30,CHIRPS_v2,UCSB-CHG/CHIRPS/DAILY,1991-2020,IBGE_2024
3304557,Rio de Janeiro,RJ,1200.329,1,jan,203.94204572554435,OK,1991,2020,30,CHIRPS_v2,UCSB-CHG/CHIRPS/DAILY,1991-2020,IBGE_2024
3304904,São Gonçalo,RJ,248.159,1,jan,187.53400825653154,OK,1991,2020,30,CHIRPS_v2,UCSB-CHG/CHIRPS/DAILY,1991-2020,IBGE_2024
3304144,Queimados,RJ,75.927,1,jan,208.8134931543796,OK,1991,2020,30,CHIRPS_v2,UCSB-CHG/CHIRPS/DAILY,1991-2020,IBGE_2024
3303500,Nova Iguaçu,RJ,520.581,1,jan,232.4396549816702,OK,1991,2020,30,CHIRPS_v2,UCSB-CHG/CHIRPS/DAILY,1991-2020,IBGE_2024
3303609,Paracambi,RJ,190.949,1,jan,226.88724595456708,OK,1991,2020,30,CHIRPS_v2,UCSB-CHG/CHIRPS/DAILY,1991-2020,IBGE_2024
3303203,Nilópolis,RJ,19.393,1,jan,195.5616516012092,OK,1991,2020,30,CHIRPS_v2,UCSB-CHG/CHIRPS/DAILY,1991-2020,IBGE_2024
3303302,Niterói,RJ,133.757,1,jan,196.88749948328885,OK,1991,2020,30,CHIRPS_v2,UCSB-CHG/CHIRPS/DAILY,1991-2020,IBGE_2024
3302601,Mangaratiba,RJ,367.606,1,jan,263.6096270209821,OK,1991,2020,30,CHIRPS_v2,UCSB-CHG/CHIRPS/DAILY,1991-2020,IBGE_2024
3302700,Maricá,RJ,361.572,1,jan,196.50459766833902,OK,1991,2020,30,CHIRPS_v2,UCSB-CHG/CHIRPS/DAILY,1991-2020,IBGE_2024
3302502,Magé,RJ,390.775,1,jan,239.43875620964775,OK,1991,2020,30,CHIRPS_v2,UCSB-CHG/CHIRPS/DAILY,1991-2020,IBGE_2024
3302858,Mesquita,RJ,41.169,1,jan,223.13287807486373,OK,1991,2020,30,CHIRPS_v2,UCSB-CHG/CHIRPS/DAILY,1991-2020,IBGE_2024
3302007,Itaguaí,RJ,282.607,1,jan,213.97345740141034,OK,1991,2020,30,CHIRPS_v2,UCSB-CHG/CHIRPS/DAILY,1991-2020,IBGE_2024
3302270,Japeri,RJ,81.697,1,jan,213.73027107980514,OK,1991,2020,30,CHIRPS_v2,UCSB-CHG/CHIRPS/DAILY,1991-2020,IBGE_2024
3301702,Duque de Caxias,RJ,467.319,1,jan,239.24151824084575,OK,1991,2020,30,CHIRPS_v2,UCSB-CHG/CHIRPS/DAILY,1991-2020,IBGE_2024
3301850,Guapimirim,RJ,358.443,1,jan,259.4007735581797,OK,1991,2020,30,CHIRPS_v2,UCSB-CHG/CHIRPS/DAILY,1991-2020,IBGE_2024
3301900,Itaboraí,RJ,429.961,1,jan,193.61694687415732,OK,1991,2020,30,CHIRPS_v2,UCSB-CHG/CHIRPS/DAILY,1991-2020,IBGE_2024
3300100,Angra dos Reis,RJ,813.419,1,jan,302.42686574822415,OK,1991,2020,30,CHIRPS_v2,UCSB-CHG/CHIRPS/DAILY,1991-2020,IBGE_2024
3303807,Paraty,RJ,924.295,1,jan,300.4755729852984,OK,1991,2020,30,CHIRPS_v2,UCSB-CHG/CHIRPS/DAILY,1991-2020,IBGE_2024
3300803,Cachoeiras de Macacu,RJ,954.749,1,jan,259.99971211589383,OK,1991,2020,30,CHIRPS_v2,UCSB-CHG/CHIRPS/DAILY,1991-2020,IBGE_2024
3305604,Silva Jardim,RJ,937.755,1,jan,246.26858219812698,OK,1991,2020,30,CHIRPS_v2,UCSB-CHG/CHIRPS/DAILY,1991-2020,IBGE_2024
3304300,Rio Bonito,RJ,459.458,1,jan,211.63106867567208,OK,1991,2020,30,CHIRPS_v2,UCSB-CHG/CHIRPS/DAILY,1991-2020,IBGE_2024
3300407,Barra Mansa,RJ,547.133,1,jan,267.8908893163156,OK,1991,2020,30,CHIRPS_v2,UCSB-CHG/CHIRPS/DAILY,1991-2020,IBGE_2024
3306305,Volta Redonda,RJ,182.105,1,jan,251.5447654624804,OK,1991,2020,30,CHIRPS_v2,UCSB-CHG/CHIRPS/DAILY,1991-2020,IBGE_2024
3303955,Pinheiral,RJ,82.254,1,jan,247.1657931699907,OK,1991,2020,30,CHIRPS_v2,UCSB-CHG/CHIRPS/DAILY,1991-2020,IBGE_2024
3300308,Barra do Piraí,RJ,584.61,1,jan,255.61125159579012,OK,1991,2020,30,CHIRPS_v2,UCSB-CHG/CHIRPS/DAILY,1991-2020,IBGE_2024
3304409,Rio Claro,RJ,846.797,1,jan,286.41311198713186,OK,1991,2020,30,CHIRPS_v2,UCSB-CHG/CHIRPS/DAILY,1991-2020,IBGE_2024
3304003,Piraí,RJ,490.255,1,jan,249.64138386668137,OK,1991,2020,30,CHIRPS_v2,UCSB-CHG/CHIRPS/DAILY,1991-2020,IBGE_2024
3302809,Mendes,RJ,95.324,1,jan,246.09153870779951,OK,1991,2020,30,CHIRPS_v2,UCSB-CHG/CHIRPS/DAILY,1991-2020,IBGE_2024
3301801,Engenheiro Paulo de Frontin,RJ,139.381,1,jan,251.89265035074484,OK,1991,2020,30,CHIRPS_v2,UCSB-CHG/CHIRPS/DAILY,1991-2020,IBGE_2024
3304201,Resende,RJ,1099.336,1,jan,303.75105340862456,OK,1991,2020,30,CHIRPS_v2,UCSB-CHG/CHIRPS/DAILY,1991-2020,IBGE_2024
3304128,Quatis,RJ,284.826,1,jan,279.61908512888914,OK,1991,2020,30,CHIRPS_v2,UCSB-CHG/CHIRPS/DAILY,1991-2020,IBGE_2024
3304110,Porto Real,RJ,50.892,1,jan,272.47658716863486,OK,1991,2020,30,CHIRPS_v2,UCSB-CHG/CHIRPS/DAILY,1991-2020,IBGE_2024
3302254,Itatiaia,RJ,241.035,1,jan,332.62241474268046,OK,1991,2020,30,CHIRPS_v2,UCSB-CHG/CHIRPS/DAILY,1991-2020,IBGE_2024
3306206,Vassouras,RJ,536.073,1,jan,240.76665853744367,OK,1991,2020,30,CHIRPS_v2,UCSB-CHG/CHIRPS/DAILY,1991-2020,IBGE_2024
3306107,Valença,RJ,1300.767,1,jan,281.26651679116765,OK,1991,2020,30,CHIRPS_v2,UCSB-CHG/CHIRPS/DAILY,1991-2020,IBGE_2024
3304508,Rio das Flores,RJ,478.783,1,jan,241.7368440578101,OK,1991,2020,30,CHIRPS_v2,UCSB-CHG/CHIRPS/DAILY,1991-2020,IBGE_2024
3303856,Paty do Alferes,RJ,314.341,1,jan,262.78435416057624,OK,1991,2020,30,CHIRPS_v2,UCSB-CHG/CHIRPS/DAILY,1991-2020,IBGE_2024
3302908,Miguel Pereira,RJ,287.933,1,jan,283.28031957768,OK,1991,2020,30,CHIRPS_v2,UCSB-CHG/CHIRPS/DAILY,1991-2020,IBGE_2024
3300225,Areal,RJ,110.724,1,jan,260.4877422811211,OK,1991,2020,30,CHIRPS_v2,UCSB-CHG/CHIRPS/DAILY,1991-2020,IBGE_2024
3305802,Teresópolis,RJ,773.338,1,jan,321.89079402039147,OK,1991,2020,30,CHIRPS_v2,UCSB-CHG/CHIRPS/DAILY,1991-2020,IBGE_2024
3303906,Petrópolis,RJ,791.144,1,jan,311.546017550014,OK,1991,2020,30,CHIRPS_v2,UCSB-CHG/CHIRPS/DAILY,1991-2020,IBGE_2024
3305158,São José do Vale do Rio Preto,RJ,220.178,1,jan,280.42406731928764,OK,1991,2020,30,CHIRPS_v2,UCSB-CHG/CHIRPS/DAILY,1991-2020,IBGE_2024
3303401,Nova Friburgo,RJ,935.429,1,jan,319.91392175827826,OK,1991,2020,30,CHIRPS_v2,UCSB-CHG/CHIRPS/DAILY,1991-2020,IBGE_2024
3301207,Carmo,RJ,305.749,1,jan,221.29463967216805,OK,1991,2020,30,CHIRPS_v2,UCSB-CHG/CHIRPS/DAILY,1991-2020,IBGE_2024
3300506,Bom Jardim,RJ,382.43,1,jan,282.2331946888919,OK,1991,2020,30,CHIRPS_v2,UCSB-CHG/CHIRPS/DAILY,1991-2020,IBGE_2024
3305703,Sumidouro,RJ,413.407,1,jan,271.81236576946776,OK,1991,2020,30,CHIRPS_v2,UCSB-CHG/CHIRPS/DAILY,1991-2020,IBGE_2024
3305901,Trajano de Moraes,RJ,591.152,1,jan,270.0174258868636,OK,1991,2020,30,CHIRPS_v2,UCSB-CHG/CHIRPS/DAILY,1991-2020,IBGE_2024
3305307,São Sebastião do Alto,RJ,397.214,1,jan,208.2041132246133,OK,1991,2020,30,CHIRPS_v2,UCSB-CHG/CHIRPS/DAILY,1991-2020,IBGE_2024
3304607,Santa Maria Madalena,RJ,810.962,1,jan,232.80247260360855,OK,1991,2020,30,CHIRPS_v2,UCSB-CHG/CHIRPS/DAILY,1991-2020,IBGE_2024
3302452,Macuco,RJ,78.364,1,jan,232.53095724380563,OK,1991,2020,30,CHIRPS_v2,UCSB-CHG/CHIRPS/DAILY,1991-2020,IBGE_2024
3301603,Duas Barras,RJ,379.619,1,jan,258.0857335040211,OK,1991,2020,30,CHIRPS_v2,UCSB-CHG/CHIRPS/DAILY,1991-2020,IBGE_2024
3301504,Cordeiro,RJ,113.048,1,jan,245.5185921099372,OK,1991,2020,30,CHIRPS_v2,UCSB-CHG/CHIRPS/DAILY,1991-2020,IBGE_2024
3301108,Cantagalo,RJ,747.21,1,jan,232.91630512134694,OK,1991,2020,30,CHIRPS_v2,UCSB-CHG/CHIRPS/DAILY,1991-2020,IBGE_2024
3306008,Três Rios,RJ,322.843,1,jan,235.35910336524128,OK,1991,2020,30,CHIRPS_v2,UCSB-CHG/CHIRPS/DAILY,1991-2020,IBGE_2024
3303708,Paraíba do Sul,RJ,571.118,1,jan,236.887146770621,OK,1991,2020,30,CHIRPS_v2,UCSB-CHG/CHIRPS/DAILY,1991-2020,IBGE_2024
3300951,Comendador Levy Gasparian,RJ,108.639,1,jan,244.30416741220017,OK,1991,2020,30,CHIRPS_v2,UCSB-CHG/CHIRPS/DAILY,1991-2020,IBGE_2024
3305406,Sapucaia,RJ,540.673,1,jan,252.71550938146862,OK,1991,2020,30,CHIRPS_v2,UCSB-CHG/CHIRPS/DAILY,1991-2020,IBGE_2024
3301009,Campos dos Goytacazes,RJ,4032.487,1,jan,146.93712566403008,OK,1991,2020,30,CHIRPS_v2,UCSB-CHG/CHIRPS/DAILY,1991-2020,IBGE_2024
3305000,São João da Barra,RJ,452.396,1,jan,105.88550861009831,OK,1991,2020,30,CHIRPS_v2,UCSB-CHG/CHIRPS/DAILY,1991-2020,IBGE_2024
3304755,São Francisco de Itabapoana,RJ,1118.037,1,jan,111.78978596355272,OK,1991,2020,30,CHIRPS_v2,UCSB-CHG/CHIRPS/DAILY,1991-2020,IBGE_2024
3304805,São Fidélis,RJ,1034.833,1,jan,184.5180843608449,OK,1991,2020,30,CHIRPS_v2,UCSB-CHG/CHIRPS/DAILY,1991-2020,IBGE_2024
3302056,Italva,RJ,291.193,1,jan,168.35593980929391,OK,1991,2020,30,CHIRPS_v2,UCSB-CHG/CHIRPS/DAILY,1991-2020,IBGE_2024
3301157,Cardoso Moreira,RJ,522.596,1,jan,147.83165819418392,OK,1991,2020,30,CHIRPS_v2,UCSB-CHG/CHIRPS/DAILY,1991-2020,IBGE_2024
3300605,Bom Jesus do Itabapoana,RJ,596.659,1,jan,185.2772209700263,OK,1991,2020,30,CHIRPS_v2,UCSB-CHG/CHIRPS/DAILY,1991-2020,IBGE_2024
3306156,Varre-Sai,RJ,201.938,1,jan,210.52855735169507,OK,1991,2020,30,CHIRPS_v2,UCSB-CHG/CHIRPS/DAILY,1991-2020,IBGE_2024
3305133,São José de Ubá,RJ,249.688,1,jan,204.59884786372237,OK,1991,2020,30,CHIRPS_v2,UCSB-CHG/CHIRPS/DAILY,1991-2020,IBGE_2024
3304102,Porciúncula,RJ,291.847,1,jan,211.23045378177918,OK,1991,2020,30,CHIRPS_v2,UCSB-CHG/CHIRPS/DAILY,1991-2020,IBGE_2024
3303104,Natividade,RJ,387.073,1,jan,200.73336779112768,OK,1991,2020,30,CHIRPS_v2,UCSB-CHG/CHIRPS/DAILY,1991-2020,IBGE_2024
3302205,Itaperuna,RJ,1106.694,1,jan,200.70311335749736,OK,1991,2020,30,CHIRPS_v2,UCSB-CHG/CHIRPS/DAILY,1991-2020,IBGE_2024
3302304,Laje do Muriaé,RJ,253.53,1,jan,236.13847816309323,OK,1991,2020,30,CHIRPS_v2,UCSB-CHG/CHIRPS/DAILY,1991-2020,IBGE_2024
3300902,Cambuci,RJ,558.281,1,jan,196.5757494821657,OK,1991,2020,30,CHIRPS_v2,UCSB-CHG/CHIRPS/DAILY,1991-2020,IBGE_2024
3300159,Aperibé,RJ,94.542,1,jan,199.4757489701372,OK,1991,2020,30,CHIRPS_v2,UCSB-CHG/CHIRPS/DAILY,1991-2020,IBGE_2024
3304706,Santo Antônio de Pádua,RJ,603.633,1,jan,207.07583173139435,OK,1991,2020,30,CHIRPS_v2,UCSB-CHG/CHIRPS/DAILY,1991-2020,IBGE_2024
3303005,Miracema,RJ,303.27,1,jan,208.42411659420148,OK,1991,2020,30,CHIRPS_v2,UCSB-CHG/CHIRPS/DAILY,1991-2020,IBGE_2024
3302106,Itaocara,RJ,433.182,1,jan,194.0463925668953,OK,1991,2020,30,CHIRPS_v2,UCSB-CHG/CHIRPS/DAILY,1991-2020,IBGE_2024
3300704,Cabo Frio,RJ,413.449,1,jan,158.91860199741842,OK,1991,2020,30,CHIRPS_v2,UCSB-CHG/CHIRPS/DAILY,1991-2020,IBGE_2024
3300209,Araruama,RJ,638.276,1,jan,183.12472341888878,OK,1991,2020,30,CHIRPS_v2,UCSB-CHG/CHIRPS/DAILY,1991-2020,IBGE_2024
3300258,Arraial do Cabo,RJ,152.106,1,jan,160.65752548838063,OK,1991,2020,30,CHIRPS_v2,UCSB-CHG/CHIRPS/DAILY,1991-2020,IBGE_2024
3300233,Armação dos Búzios,RJ,70.977,1,jan,131.30344338492424,OK,1991,2020,30,CHIRPS_v2,UCSB-CHG/CHIRPS/DAILY,1991-2020,IBGE_2024
3305208,São Pedro da Aldeia,RJ,332.488,1,jan,168.12739798814312,OK,1991,2020,30,CHIRPS_v2,UCSB-CHG/CHIRPS/DAILY,1991-2020,IBGE_2024
3301876,Iguaba Grande,RJ,50.977,1,jan,189.08556172109354,OK,1991,2020,30,CHIRPS_v2,UCSB-CHG/CHIRPS/DAILY,1991-2020,IBGE_2024
3301405,Conceição de Macabu,RJ,338.26,1,jan,214.96654104982332,OK,1991,2020,30,CHIRPS_v2,UCSB-CHG/CHIRPS/DAILY,1991-2020,IBGE_2024
3301306,Casimiro de Abreu,RJ,462.918,1,jan,229.2713187706343,OK,1991,2020,30,CHIRPS_v2,UCSB-CHG/CHIRPS/DAILY,1991-2020,IBGE_2024
3304524,Rio das Ostras,RJ,228.044,1,jan,196.53915256135483,OK,1991,2020,30,CHIRPS_v2,UCSB-CHG/CHIRPS/DAILY,1991-2020,IBGE_2024
3302403,Macaé,RJ,1216.989,1,jan,228.36969245217048,OK,1991,2020,30,CHIRPS_v2,UCSB-CHG/CHIRPS/DAILY,1991-2020,IBGE_2024
3300936,Carapebus,RJ,304.884,1,jan,149.2871553230823,OK,1991,2020,30,CHIRPS_v2,UCSB-CHG/CHIRPS/DAILY,1991-2020,IBGE_2024
3304151,Quissamã,RJ,719.643,1,jan,126.44149034409166,OK,1991,2020,30,CHIRPS_v2,UCSB-CHG/CHIRPS/DAILY,1991-2020,IBGE_2024
3555406,Ubatuba,SP,708.246,1,jan,283.83156470059413,OK,1991,2020,30,CHIRPS_v2,UCSB-CHG/CHIRPS/DAILY,1991-2020,IBGE_2024
3527207,Lorena,SP,414.16,1,jan,268.6645576380085,OK,1991,2020,30,CHIRPS_v2,UCSB-CHG/CHIRPS/DAILY,1991-2020,IBGE_2024
3509957,Canas,SP,53.261,1,jan,259.2121437162578,OK,1991,2020,30,CHIRPS_v2,UCSB-CHG/CHIRPS/DAILY,1991-2020,IBGE_2024
3513603,Cunha,SP,1407.098,1,jan,277.1477846733546,OK,1991,2020,30,CHIRPS_v2,UCSB-CHG/CHIRPS/DAILY,1991-2020,IBGE_2024
3504909,Bananal,SP,616.934,1,jan,314.8847973573475,OK,1991,2020,30,CHIRPS_v2,UCSB-CHG/CHIRPS/DAILY,1991-2020,IBGE_2024
3513405,Cruzeiro,SP,305.669,1,jan,296.1332483812846,OK,1991,2020,30,CHIRPS_v2,UCSB-CHG/CHIRPS/DAILY,1991-2020,IBGE_2024
3503505,Areias,SP,303.98,1,jan,301.6885774426531,OK,1991,2020,30,CHIRPS_v2,UCSB-CHG/CHIRPS/DAILY,1991-2020,IBGE_2024
3552007,Silveiras,SP,415.038,1,jan,278.8299782503765,OK,1991,2020,30,CHIRPS_v2,UCSB-CHG/CHIRPS/DAILY,1991-2020,IBGE_2024
3503158,Arapeí,SP,156.479,1,jan,311.77388427024437,OK,1991,2020,30,CHIRPS_v2,UCSB-CHG/CHIRPS/DAILY,1991-2020,IBGE_2024
3526605,Lavrinhas,SP,166.948,1,jan,292.15560710728624,OK,1991,2020,30,CHIRPS_v2,UCSB-CHG/CHIRPS/DAILY,1991-2020,IBGE_2024
3541901,Queluz,SP,249.356,1,jan,304.03036094071444,OK,1991,2020,30,CHIRPS_v2,UCSB-CHG/CHIRPS/DAILY,1991-2020,IBGE_2024
3508603,Cachoeira Paulista,SP,288.747,1,jan,260.31397742200465,OK,1991,2020,30,CHIRPS_v2,UCSB-CHG/CHIRPS/DAILY,1991-2020,IBGE_2024
3549607,São José do Barreiro,SP,570.604,1,jan,328.7770664435556,OK,1991,2020,30,CHIRPS_v2,UCSB-CHG/CHIRPS/DAILY,1991-2020,IBGE_2024
1101104,Itapuã do Oeste,RO,4081.555,1,jan,316.81517157122596,OK,1991,2020,30,CHIRPS_v2,UCSB-CHG/CHIRPS/DAILY,1991-2020,IBGE_2024
1100809,Candeias do Jamari,RO,6843.666,1,jan,318.45514801752256,OK,1991,2020,30,CHIRPS_v2,UCSB-CHG/CHIRPS/DAILY,1991-2020,IBGE_2024
1100338,Nova Mamoré,RO,10070.515,1,jan,284.1071294323819,OK,1991,2020,30,CHIRPS_v2,UCSB-CHG/CHIRPS/DAILY,1991-2020,IBGE_2024
1100106,Guajará-Mirim,RO,24856.877,1,jan,280.6669031049924,OK,1991,2020,30,CHIRPS_v2,UCSB-CHG/CHIRPS/DAILY,1991-2020,IBGE_2024
1100205,Porto Velho,RO,34090.463,1,jan,297.0957880807164,OK,1991,2020,30,CHIRPS_v2,UCSB-CHG/CHIRPS/DAILY,1991-2020,IBGE_2024
1100940,Cujubim,RO,3863.948,1,jan,330.3238891719842,OK,1991,2020,30,CHIRPS_v2,UCSB-CHG/CHIRPS/DAILY,1991-2020,IBGE_2024
1100601,Cacaulândia,RO,1962.032,1,jan,305.3206362125361,OK,1991,2020,30,CHIRPS_v2,UCSB-CHG/CHIRPS/DAILY,1991-2020,IBGE_2024
1100403,Alto Paraíso,RO,2652.03,1,jan,307.57854420203955,OK,1991,2020,30,CHIRPS_v2,UCSB-CHG/CHIRPS/DAILY,1991-2020,IBGE_2024
1100452,Buritis,RO,3265.811,1,jan,299.506730059894,OK,1991,2020,30,CHIRPS_v2,UCSB-CHG/CHIRPS/DAILY,1991-2020,IBGE_2024
1100700,Campo Novo de Rondônia,RO,3442.005,1,jan,310.112393142958,OK,1991,2020,30,CHIRPS_v2,UCSB-CHG/CHIRPS/DAILY,1991-2020,IBGE_2024
1100023,Ariquemes,RO,4426.127,1,jan,312.0238519164799,OK,1991,2020,30,CHIRPS_v2,UCSB-CHG/CHIRPS/DAILY,1991-2020,IBGE_2024
1100262,Rio Crespo,RO,1717.64,1,jan,323.3989286234313,OK,1991,2020,30,CHIRPS_v2,UCSB-CHG/CHIRPS/DAILY,1991-2020,IBGE_2024
1101401,Monte Negro,RO,1931.404,1,jan,302.8475218659162,OK,1991,2020,30,CHIRPS_v2,UCSB-CHG/CHIRPS/DAILY,1991-2020,IBGE_2024
1101757,Vale do Anari,RO,3135.107,1,jan,334.1260311373915,OK,1991,2020,30,CHIRPS_v2,UCSB-CHG/CHIRPS/DAILY,1991-2020,IBGE_2024
1101005,Governador Jorge Teixeira,RO,5067.386,1,jan,296.7099167915224,OK,1991,2020,30,CHIRPS_v2,UCSB-CHG/CHIRPS/DAILY,1991-2020,IBGE_2024
1100130,Machadinho D'Oeste,RO,8509.166,1,jan,338.0257594799316,OK,1991,2020,30,CHIRPS_v2,UCSB-CHG/CHIRPS/DAILY,1991-2020,IBGE_2024
1100114,Jaru,RO,2944.126,1,jan,302.3013773571729,OK,1991,2020,30,CHIRPS_v2,UCSB-CHG/CHIRPS/DAILY,1991-2020,IBGE_2024
1101609,Theobroma,RO,2197.412,1,jan,318.5172780985294,OK,1991,2020,30,CHIRPS_v2,UCSB-CHG/CHIRPS/DAILY,1991-2020,IBGE_2024
1101708,Urupá,RO,831.855,1,jan,312.43150508671613,OK,1991,2020,30,CHIRPS_v2,UCSB-CHG/CHIRPS/DAILY,1991-2020,IBGE_2024
1101302,Mirante da Serra,RO,1191.875,1,jan,282.1709895566289,OK,1991,2020,30,CHIRPS_v2,UCSB-CHG/CHIRPS/DAILY,1991-2020,IBGE_2024
1100080,Costa Marques,RO,4987.159,1,jan,280.62389859745997,OK,1991,2020,30,CHIRPS_v2,UCSB-CHG/CHIRPS/DAILY,1991-2020,IBGE_2024
1100254,Presidente Médici,RO,1758.464,1,jan,353.8324455877978,OK,1991,2020,30,CHIRPS_v2,UCSB-CHG/CHIRPS/DAILY,1991-2020,IBGE_2024
1100346,Alvorada D'Oeste,RO,3029.193,1,jan,302.20094098894464,OK,1991,2020,30,CHIRPS_v2,UCSB-CHG/CHIRPS/DAILY,1991-2020,IBGE_2024
1100320,São Miguel do Guaporé,RO,6789.605,1,jan,294.8016063325317,OK,1991,2020,30,CHIRPS_v2,UCSB-CHG/CHIRPS/DAILY,1991-2020,IBGE_2024
1100155,Ouro Preto do Oeste,RO,1969.878,1,jan,325.00089870741033,OK,1991,2020,30,CHIRPS_v2,UCSB-CHG/CHIRPS/DAILY,1991-2020,IBGE_2024
1100122,Ji-Paraná,RO,6896.649,1,jan,347.88568150259795,OK,1991,2020,30,CHIRPS_v2,UCSB-CHG/CHIRPS/DAILY,1991-2020,IBGE_2024
1101559,Teixeirópolis,RO,459.933,1,jan,329.73847221864526,OK,1991,2020,30,CHIRPS_v2,UCSB-CHG/CHIRPS/DAILY,1991-2020,IBGE_2024
1101435,Nova União,RO,807.17,1,jan,299.29349498821915,OK,1991,2020,30,CHIRPS_v2,UCSB-CHG/CHIRPS/DAILY,1991-2020,IBGE_2024
1101500,Seringueiras,RO,4443.991,1,jan,295.34430721255353,OK,1991,2020,30,CHIRPS_v2,UCSB-CHG/CHIRPS/DAILY,1991-2020,IBGE_2024
1101492,São Francisco do Guaporé,RO,10948.637,1,jan,292.1367856969128,OK,1991,2020,30,CHIRPS_v2,UCSB-CHG/CHIRPS/DAILY,1991-2020,IBGE_2024
1101807,Vale do Paraíso,RO,965.661,1,jan,321.205120222499,OK,1991,2020,30,CHIRPS_v2,UCSB-CHG/CHIRPS/DAILY,1991-2020,IBGE_2024
1100908,Castanheiras,RO,892.841,1,jan,329.66063173012685,OK,1991,2020,30,CHIRPS_v2,UCSB-CHG/CHIRPS/DAILY,1991-2020,IBGE_2024
1101203,Ministro Andreazza,RO,798.083,1,jan,352.7293230438482,OK,1991,2020,30,CHIRPS_v2,UCSB-CHG/CHIRPS/DAILY,1991-2020,IBGE_2024
1100502,Novo Horizonte do Oeste,RO,843.446,1,jan,309.075368664645,OK,1991,2020,30,CHIRPS_v2,UCSB-CHG/CHIRPS/DAILY,1991-2020,IBGE_2024
1100379,Alto Alegre dos Parecis,RO,3958.273,1,jan,308.8016420991659,OK,1991,2020,30,CHIRPS_v2,UCSB-CHG/CHIRPS/DAILY,1991-2020,IBGE_2024
1100015,Alta Floresta D'Oeste,RO,7067.127,1,jan,298.0602217192344,OK,1991,2020,30,CHIRPS_v2,UCSB-CHG/CHIRPS/DAILY,1991-2020,IBGE_2024
1100098,Espigão D'Oeste,RO,4518.039,1,jan,340.073083006581,OK,1991,2020,30,CHIRPS_v2,UCSB-CHG/CHIRPS/DAILY,1991-2020,IBGE_2024
1100049,Cacoal,RO,3792.998,1,jan,344.4309905886764,OK,1991,2020,30,CHIRPS_v2,UCSB-CHG/CHIRPS/DAILY,1991-2020,IBGE_2024
1100288,Rolim de Moura,RO,1457.811,1,jan,318.37834489542854,OK,1991,2020,30,CHIRPS_v2,UCSB-CHG/CHIRPS/DAILY,1991-2020,IBGE_2024
1100296,Santa Luzia D'Oeste,RO,1197.796,1,jan,319.0827493017501,OK,1991,2020,30,CHIRPS_v2,UCSB-CHG/CHIRPS/DAILY,1991-2020,IBGE_2024
1100148,Nova Brasilândia D'Oeste,RO,1703.008,1,jan,303.8644649177741,OK,1991,2020,30,CHIRPS_v2,UCSB-CHG/CHIRPS/DAILY,1991-2020,IBGE_2024
1100189,Pimenta Bueno,RO,6241.017,1,jan,334.23343736222085,OK,1991,2020,30,CHIRPS_v2,UCSB-CHG/CHIRPS/DAILY,1991-2020,IBGE_2024
1101484,São Felipe D'Oeste,RO,541.648,1,jan,329.9695743707555,OK,1991,2020,30,CHIRPS_v2,UCSB-CHG/CHIRPS/DAILY,1991-2020,IBGE_2024
1101476,Primavera de Rondônia,RO,605.692,1,jan,333.7913406013879,OK,1991,2020,30,CHIRPS_v2,UCSB-CHG/CHIRPS/DAILY,1991-2020,IBGE_2024
1101450,Parecis,RO,2548.683,1,jan,328.73451869422286,OK,1991,2020,30,CHIRPS_v2,UCSB-CHG/CHIRPS/DAILY,1991-2020,IBGE_2024
1100924,Chupinguaia,RO,5117.301,1,jan,332.3433449186028,OK,1991,2020,30,CHIRPS_v2,UCSB-CHG/CHIRPS/DAILY,1991-2020,IBGE_2024
1100031,Cabixi,RO,1314.352,1,jan,300.27548990037917,OK,1991,2020,30,CHIRPS_v2,UCSB-CHG/CHIRPS/DAILY,1991-2020,IBGE_2024
1100072,Corumbiara,RO,3060.321,1,jan,331.5481658999278,OK,1991,2020,30,CHIRPS_v2,UCSB-CHG/CHIRPS/DAILY,1991-2020,IBGE_2024
1100064,Colorado do Oeste,RO,1451.062,1,jan,335.26132270412234,OK,1991,2020,30,CHIRPS_v2,UCSB-CHG/CHIRPS/DAILY,1991-2020,IBGE_2024
1100056,Cerejeiras,RO,2783.297,1,jan,308.3096279668303,OK,1991,2020,30,CHIRPS_v2,UCSB-CHG/CHIRPS/DAILY,1991-2020,IBGE_2024
1100304,Vilhena,RO,11708.569,1,jan,332.67100537771324,OK,1991,2020,30,CHIRPS_v2,UCSB-CHG/CHIRPS/DAILY,1991-2020,IBGE_2024
1101468,Pimenteiras do Oeste,RO,6014.733,1,jan,309.36069157107175,OK,1991,2020,30,CHIRPS_v2,UCSB-CHG/CHIRPS/DAILY,1991-2020,IBGE_2024
1200013,Acrelândia,AC,1811.612,1,jan,310.5848264138333,OK,1991,2020,30,CHIRPS_v2,UCSB-CHG/CHIRPS/DAILY,1991-2020,IBGE_2024
1303569,Rio Preto da Eva,AM,5812.425,1,jan,297.9292985336944,OK,1991,2020,30,CHIRPS_v2,UCSB-CHG/CHIRPS/DAILY,1991-2020,IBGE_2024
1301852,Iranduba,AM,2331.676,1,jan,281.1536116942626,OK,1991,2020,30,CHIRPS_v2,UCSB-CHG/CHIRPS/DAILY,1991-2020,IBGE_2024
1302603,Manaus,AM,11278.893,1,jan,295.4789675157007,OK,1991,2020,30,CHIRPS_v2,UCSB-CHG/CHIRPS/DAILY,1991-2020,IBGE_2024
1303106,Nova Olinda do Norte,AM,5573.414,1,jan,304.44451714270684,OK,1991,2020,30,CHIRPS_v2,UCSB-CHG/CHIRPS/DAILY,1991-2020,IBGE_2024
1302553,Manaquiri,AM,4016.877,1,jan,290.91538491514314,OK,1991,2020,30,CHIRPS_v2,UCSB-CHG/CHIRPS/DAILY,1991-2020,IBGE_2024
1301100,Careiro,AM,6100.302,1,jan,291.869768216712,OK,1991,2020,30,CHIRPS_v2,UCSB-CHG/CHIRPS/DAILY,1991-2020,IBGE_2024
1301159,Careiro da Várzea,AM,2655.729,1,jan,269.16157688395225,OK,1991,2020,30,CHIRPS_v2,UCSB-CHG/CHIRPS/DAILY,1991-2020,IBGE_2024
1300805,Borba,AM,44644.015,1,jan,310.7842584571958,OK,1991,2020,30,CHIRPS_v2,UCSB-CHG/CHIRPS/DAILY,1991-2020,IBGE_2024
1300300,Autazes,AM,7564.727,1,jan,265.67174304294537,OK,1991,2020,30,CHIRPS_v2,UCSB-CHG/CHIRPS/DAILY,1991-2020,IBGE_2024
1301209,Coari,AM,57894.132,1,jan,273.4220121985342,OK,1991,2020,30,CHIRPS_v2,UCSB-CHG/CHIRPS/DAILY,1991-2020,IBGE_2024
1301308,Codajás,AM,19038.052,1,jan,255.97396086805102,OK,1991,2020,30,CHIRPS_v2,UCSB-CHG/CHIRPS/DAILY,1991-2020,IBGE_2024
1300631,Beruri,AM,17415.813,1,jan,289.5045159465646,OK,1991,2020,30,CHIRPS_v2,UCSB-CHG/CHIRPS/DAILY,1991-2020,IBGE_2024
1300102,Anori,AM,6084.881,1,jan,263.1829051731819,OK,1991,2020,30,CHIRPS_v2,UCSB-CHG/CHIRPS/DAILY,1991-2020,IBGE_2024
1303205,Novo Airão,AM,37755.384,1,jan,240.44224367704305,OK,1991,2020,30,CHIRPS_v2,UCSB-CHG/CHIRPS/DAILY,1991-2020,IBGE_2024
1302504,Manacapuru,AM,7318.909,1,jan,272.8194044544614,OK,1991,2020,30,CHIRPS_v2,UCSB-CHG/CHIRPS/DAILY,1991-2020,IBGE_2024
1300839,Caapiranga,AM,9743.918,1,jan,264.78126364613536,OK,1991,2020,30,CHIRPS_v2,UCSB-CHG/CHIRPS/DAILY,1991-2020,IBGE_2024
1300086,Anamã,AM,2382.521,1,jan,278.8781977019875,OK,1991,2020,30,CHIRPS_v2,UCSB-CHG/CHIRPS/DAILY,1991-2020,IBGE_2024
1304260,Uarini,AM,10323.306,1,jan,278.892648151951,OK,1991,2020,30,CHIRPS_v2,UCSB-CHG/CHIRPS/DAILY,1991-2020,IBGE_2024
1304203,Tefé,AM,23835.224,1,jan,306.3189588507819,OK,1991,2020,30,CHIRPS_v2,UCSB-CHG/CHIRPS/DAILY,1991-2020,IBGE_2024
1301605,Fonte Boa,AM,12163.987,1,jan,276.087656977754,OK,1991,2020,30,CHIRPS_v2,UCSB-CHG/CHIRPS/DAILY,1991-2020,IBGE_2024
1302801,Maraã,AM,16805.602,1,jan,257.49047803694873,OK,1991,2020,30,CHIRPS_v2,UCSB-CHG/CHIRPS/DAILY,1991-2020,IBGE_2024
1302207,Juruá,AM,19300.464,1,jan,288.3115677515246,OK,1991,2020,30,CHIRPS_v2,UCSB-CHG/CHIRPS/DAILY,1991-2020,IBGE_2024
1300029,Alvarães,AM,5964.611,1,jan,307.1706782164747,OK,1991,2020,30,CHIRPS_v2,UCSB-CHG/CHIRPS/DAILY,1991-2020,IBGE_2024
1300904,Canutama,AM,33671.791,1,jan,309.6008013840572,OK,1991,2020,30,CHIRPS_v2,UCSB-CHG/CHIRPS/DAILY,1991-2020,IBGE_2024
1303304,Novo Aripuanã,AM,41382.864,1,jan,342.01467569164026,OK,1991,2020,30,CHIRPS_v2,UCSB-CHG/CHIRPS/DAILY,1991-2020,IBGE_2024
1302702,Manicoré,AM,48429.767,1,jan,320.84086552208595,OK,1991,2020,30,CHIRPS_v2,UCSB-CHG/CHIRPS/DAILY,1991-2020,IBGE_2024
1301704,Humaitá,AM,33113.788,1,jan,296.6953892645469,OK,1991,2020,30,CHIRPS_v2,UCSB-CHG/CHIRPS/DAILY,1991-2020,IBGE_2024
1300144,Apuí,AM,53617.189,1,jan,342.8201849400462,OK,1991,2020,30,CHIRPS_v2,UCSB-CHG/CHIRPS/DAILY,1991-2020,IBGE_2024
1303403,Parintins,AM,6044.053,1,jan,265.51315261281337,OK,1991,2020,30,CHIRPS_v2,UCSB-CHG/CHIRPS/DAILY,1991-2020,IBGE_2024
1302900,Maués,AM,39973.673,1,jan,309.00046445841735,OK,1991,2020,30,CHIRPS_v2,UCSB-CHG/CHIRPS/DAILY,1991-2020,IBGE_2024
1300680,Boa Vista do Ramos,AM,2613.997,1,jan,274.78285340538986,OK,1991,2020,30,CHIRPS_v2,UCSB-CHG/CHIRPS/DAILY,1991-2020,IBGE_2024
1300508,Barreirinha,AM,5658.561,1,jan,282.43040908284024,OK,1991,2020,30,CHIRPS_v2,UCSB-CHG/CHIRPS/DAILY,1991-2020,IBGE_2024
1304401,Urucurituba,AM,2897.547,1,jan,278.84273236462917,OK,1991,2020,30,CHIRPS_v2,UCSB-CHG/CHIRPS/DAILY,1991-2020,IBGE_2024
1304005,Silves,AM,3723.18,1,jan,316.52573811128417,OK,1991,2020,30,CHIRPS_v2,UCSB-CHG/CHIRPS/DAILY,1991-2020,IBGE_2024
1303957,São Sebastião do Uatumã,AM,10712.222,1,jan,265.42964528136685,OK,1991,2020,30,CHIRPS_v2,UCSB-CHG/CHIRPS/DAILY,1991-2020,IBGE_2024
1302009,Itapiranga,AM,4287.62,1,jan,294.3041051356111,OK,1991,2020,30,CHIRPS_v2,UCSB-CHG/CHIRPS/DAILY,1991-2020,IBGE_2024
1301902,Itacoatiara,AM,8882.186,1,jan,291.25384825735887,OK,1991,2020,30,CHIRPS_v2,UCSB-CHG/CHIRPS/DAILY,1991-2020,IBGE_2024
1502756,Concórdia do Pará,PA,700.614,1,jan,354.0773975958216,OK,1991,2020,30,CHIRPS_v2,UCSB-CHG/CHIRPS/DAILY,1991-2020,IBGE_2024
1502608,Colares,PA,384.068,1,jan,348.99222058030966,OK,1991,2020,30,CHIRPS_v2,UCSB-CHG/CHIRPS/DAILY,1991-2020,IBGE_2024
1501907,Bujaru,PA,994.662,1,jan,362.35840746745305,OK,1991,2020,30,CHIRPS_v2,UCSB-CHG/CHIRPS/DAILY,1991-2020,IBGE_2024
1501402,Belém,PA,1059.458,1,jan,335.84361716896814,OK,1991,2020,30,CHIRPS_v2,UCSB-CHG/CHIRPS/DAILY,1991-2020,IBGE_2024
1501501,Benevides,PA,187.826,1,jan,371.35895813151524,OK,1991,2020,30,CHIRPS_v2,UCSB-CHG/CHIRPS/DAILY,1991-2020,IBGE_2024
1501303,Barcarena,PA,1310.338,1,jan,324.00164043307996,OK,1991,2020,30,CHIRPS_v2,UCSB-CHG/CHIRPS/DAILY,1991-2020,IBGE_2024
1500800,Ananindeua,PA,190.59,1,jan,348.2561938657054,OK,1991,2020,30,CHIRPS_v2,UCSB-CHG/CHIRPS/DAILY,1991-2020,IBGE_2024
1508001,Tomé-Açu,PA,5145.361,1,jan,350.1140069816722,OK,1991,2020,30,CHIRPS_v2,UCSB-CHG/CHIRPS/DAILY,1991-2020,IBGE_2024
1500206,Acará,PA,4344.387,1,jan,351.9895867635697,OK,1991,2020,30,CHIRPS_v2,UCSB-CHG/CHIRPS/DAILY,1991-2020,IBGE_2024
1508209,Vigia,PA,401.87,1,jan,354.4963569206152,OK,1991,2020,30,CHIRPS_v2,UCSB-CHG/CHIRPS/DAILY,1991-2020,IBGE_2024
1507102,São Caetano de Odivelas,PA,463.883,1,jan,347.5777674715918,OK,1991,2020,30,CHIRPS_v2,UCSB-CHG/CHIRPS/DAILY,1991-2020,IBGE_2024
1507003,Santo Antônio do Tauá,PA,537.619,1,jan,356.2756971014016,OK,1991,2020,30,CHIRPS_v2,UCSB-CHG/CHIRPS/DAILY,1991-2020,IBGE_2024
1506500,Santa Izabel do Pará,PA,717.662,1,jan,361.6780014015588,OK,1991,2020,30,CHIRPS_v2,UCSB-CHG/CHIRPS/DAILY,1991-2020,IBGE_2024
1506351,Santa Bárbara do Pará,PA,278.154,1,jan,362.0180425277972,OK,1991,2020,30,CHIRPS_v2,UCSB-CHG/CHIRPS/DAILY,1991-2020,IBGE_2024
1504422,Marituba,PA,103.214,1,jan,361.8892463230581,OK,1991,2020,30,CHIRPS_v2,UCSB-CHG/CHIRPS/DAILY,1991-2020,IBGE_2024
1502103,Cametá,PA,3082.19,1,jan,349.4735178704424,OK,1991,2020,30,CHIRPS_v2,UCSB-CHG/CHIRPS/DAILY,1991-2020,IBGE_2024
1505205,Oeiras do Pará,PA,3852.291,1,jan,359.28446182204027,OK,1991,2020,30,CHIRPS_v2,UCSB-CHG/CHIRPS/DAILY,1991-2020,IBGE_2024
1504604,Mocajuba,PA,871.168,1,jan,363.3315119078187,OK,1991,2020,30,CHIRPS_v2,UCSB-CHG/CHIRPS/DAILY,1991-2020,IBGE_2024
1504000,Limoeiro do Ajuru,PA,1489.356,1,jan,328.3579469827105,OK,1991,2020,30,CHIRPS_v2,UCSB-CHG/CHIRPS/DAILY,1991-2020,IBGE_2024
1507953,Tailândia,PA,4430.477,1,jan,331.8319385892615,OK,1991,2020,30,CHIRPS_v2,UCSB-CHG/CHIRPS/DAILY,1991-2020,IBGE_2024
1500107,Abaetetuba,PA,1610.645,1,jan,321.73526589269306,OK,1991,2020,30,CHIRPS_v2,UCSB-CHG/CHIRPS/DAILY,1991-2020,IBGE_2024
1504703,Moju,PA,9094.14,1,jan,339.0696468914893,OK,1991,2020,30,CHIRPS_v2,UCSB-CHG/CHIRPS/DAILY,1991-2020,IBGE_2024
1503309,Igarapé-Miri,PA,1996.798,1,jan,333.49102488022345,OK,1991,2020,30,CHIRPS_v2,UCSB-CHG/CHIRPS/DAILY,1991-2020,IBGE_2024
1507961,Terra Alta,PA,204.971,1,jan,325.5588090443672,OK,1991,2020,30,CHIRPS_v2,UCSB-CHG/CHIRPS/DAILY,1991-2020,IBGE_2024
1507607,São Miguel do Guamá,PA,1094.57,1,jan,313.3437626493484,OK,1991,2020,30,CHIRPS_v2,UCSB-CHG/CHIRPS/DAILY,1991-2020,IBGE_2024
1507409,São Francisco do Pará,PA,479.441,1,jan,325.52753507883926,OK,1991,2020,30,CHIRPS_v2,UCSB-CHG/CHIRPS/DAILY,1991-2020,IBGE_2024
1507466,São João da Ponta,PA,195.918,1,jan,343.7549930950214,OK,1991,2020,30,CHIRPS_v2,UCSB-CHG/CHIRPS/DAILY,1991-2020,IBGE_2024
1507201,São Domingos do Capim,PA,1686.672,1,jan,342.9005550391977,OK,1991,2020,30,CHIRPS_v2,UCSB-CHG/CHIRPS/DAILY,1991-2020,IBGE_2024
1506609,Santa Maria do Pará,PA,457.724,1,jan,310.91237379828266,OK,1991,2020,30,CHIRPS_v2,UCSB-CHG/CHIRPS/DAILY,1991-2020,IBGE_2024
1504406,Marapanim,PA,804.625,1,jan,318.1111386406633,OK,1991,2020,30,CHIRPS_v2,UCSB-CHG/CHIRPS/DAILY,1991-2020,IBGE_2024
1504307,Maracanã,PA,807.628,1,jan,320.65241090759645,OK,1991,2020,30,CHIRPS_v2,UCSB-CHG/CHIRPS/DAILY,1991-2020,IBGE_2024
1504109,Magalhães Barata,PA,323.984,1,jan,321.05000392153784,OK,1991,2020,30,CHIRPS_v2,UCSB-CHG/CHIRPS/DAILY,1991-2020,IBGE_2024
1503507,Irituia,PA,1385.209,1,jan,327.40592003956493,OK,1991,2020,30,CHIRPS_v2,UCSB-CHG/CHIRPS/DAILY,1991-2020,IBGE_2024
1503408,Inhangapi,PA,472.599,1,jan,334.91422350488483,OK,1991,2020,30,CHIRPS_v2,UCSB-CHG/CHIRPS/DAILY,1991-2020,IBGE_2024
1502905,Curuçá,PA,676.321,1,jan,327.87649580248836,OK,1991,2020,30,CHIRPS_v2,UCSB-CHG/CHIRPS/DAILY,1991-2020,IBGE_2024
1503200,Igarapé-Açu,PA,785.983,1,jan,314.6703963440501,OK,1991,2020,30,CHIRPS_v2,UCSB-CHG/CHIRPS/DAILY,1991-2020,IBGE_2024
1502400,Castanhal,PA,1029.3,1,jan,334.6828377889385,OK,1991,2020,30,CHIRPS_v2,UCSB-CHG/CHIRPS/DAILY,1991-2020,IBGE_2024
1501956,Cachoeira do Piriá,PA,2419.6,1,jan,286.86819533662106,OK,1991,2020,30,CHIRPS_v2,UCSB-CHG/CHIRPS/DAILY,1991-2020,IBGE_2024
1501709,Bragança,PA,2124.736,1,jan,246.42514261529058,OK,1991,2020,30,CHIRPS_v2,UCSB-CHG/CHIRPS/DAILY,1991-2020,IBGE_2024
1500909,Augusto Corrêa,PA,1099.58,1,jan,218.94472871721007,OK,1991,2020,30,CHIRPS_v2,UCSB-CHG/CHIRPS/DAILY,1991-2020,IBGE_2024
1508035,Tracuateua,PA,868.03,1,jan,256.0963239615713,OK,1991,2020,30,CHIRPS_v2,UCSB-CHG/CHIRPS/DAILY,1991-2020,IBGE_2024
1508308,Viseu,PA,4972.936,1,jan,254.9482351426079,OK,1991,2020,30,CHIRPS_v2,UCSB-CHG/CHIRPS/DAILY,1991-2020,IBGE_2024
1506559,Santa Luzia do Pará,PA,1346.502,1,jan,287.65347049964106,OK,1991,2020,30,CHIRPS_v2,UCSB-CHG/CHIRPS/DAILY,1991-2020,IBGE_2024
1502202,Capanema,PA,621.476,1,jan,288.66124190982373,OK,1991,2020,30,CHIRPS_v2,UCSB-CHG/CHIRPS/DAILY,1991-2020,IBGE_2024
1501600,Bonito,PA,586.977,1,jan,293.9672734989486,OK,1991,2020,30,CHIRPS_v2,UCSB-CHG/CHIRPS/DAILY,1991-2020,IBGE_2024
1507474,São João de Pirabas,PA,668.058,1,jan,306.90782277112845,OK,1991,2020,30,CHIRPS_v2,UCSB-CHG/CHIRPS/DAILY,1991-2020,IBGE_2024
1506906,Santarém Novo,PA,229.51,1,jan,321.6825338561393,OK,1991,2020,30,CHIRPS_v2,UCSB-CHG/CHIRPS/DAILY,1991-2020,IBGE_2024
1506112,Quatipuru,PA,302.586,1,jan,262.06913845348976,OK,1991,2020,30,CHIRPS_v2,UCSB-CHG/CHIRPS/DAILY,1991-2020,IBGE_2024
1506104,Primavera,PA,259.331,1,jan,295.7049776760928,OK,1991,2020,30,CHIRPS_v2,UCSB-CHG/CHIRPS/DAILY,1991-2020,IBGE_2024
1506203,Salinópolis,PA,226.12,1,jan,326.0770369118336,OK,1991,2020,30,CHIRPS_v2,UCSB-CHG/CHIRPS/DAILY,1991-2020,IBGE_2024
1505601,Peixe-Boi,PA,450.224,1,jan,304.7428580997765,OK,1991,2020,30,CHIRPS_v2,UCSB-CHG/CHIRPS/DAILY,1991-2020,IBGE_2024
1505007,Nova Timboteua,PA,489.852,1,jan,309.84808249216366,OK,1991,2020,30,CHIRPS_v2,UCSB-CHG/CHIRPS/DAILY,1991-2020,IBGE_2024
1500958,Aurora do Pará,PA,1811.933,1,jan,346.86477059783476,OK,1991,2020,30,CHIRPS_v2,UCSB-CHG/CHIRPS/DAILY,1991-2020,IBGE_2024
1508126,Ulianópolis,PA,5088.468,1,jan,264.80241435192687,OK,1991,2020,30,CHIRPS_v2,UCSB-CHG/CHIRPS/DAILY,1991-2020,IBGE_2024
1505502,Paragominas,PA,19342.565,1,jan,287.7709201081009,OK,1991,2020,30,CHIRPS_v2,UCSB-CHG/CHIRPS/DAILY,1991-2020,IBGE_2024
1504059,Mãe do Rio,PA,469.341,1,jan,340.5516984106229,OK,1991,2020,30,CHIRPS_v2,UCSB-CHG/CHIRPS/DAILY,1991-2020,IBGE_2024
1503457,Ipixuna do Pará,PA,5215.555,1,jan,335.85326609380706,OK,1991,2020,30,CHIRPS_v2,UCSB-CHG/CHIRPS/DAILY,1991-2020,IBGE_2024
1502939,Dom Eliseu,PA,5268.809,1,jan,283.9590763845026,OK,1991,2020,30,CHIRPS_v2,UCSB-CHG/CHIRPS/DAILY,1991-2020,IBGE_2024
1505403,Ourém,PA,561.71,1,jan,286.61586013644586,OK,1991,2020,30,CHIRPS_v2,UCSB-CHG/CHIRPS/DAILY,1991-2020,IBGE_2024
1504950,Nova Esperança do Piriá,PA,2808.195,1,jan,295.35042514585854,OK,1991,2020,30,CHIRPS_v2,UCSB-CHG/CHIRPS/DAILY,1991-2020,IBGE_2024
1503077,Garrafão do Norte,PA,1608.014,1,jan,306.2124930854491,OK,1991,2020,30,CHIRPS_v2,UCSB-CHG/CHIRPS/DAILY,1991-2020,IBGE_2024
1502301,Capitão Poço,PA,2901.026,1,jan,319.5076268665802,OK,1991,2020,30,CHIRPS_v2,UCSB-CHG/CHIRPS/DAILY,1991-2020,IBGE_2024
1501758,Brejo Grande do Araguaia,PA,1288.473,1,jan,268.73697755618076,OK,1991,2020,30,CHIRPS_v2,UCSB-CHG/CHIRPS/DAILY,1991-2020,IBGE_2024
1501576,Bom Jesus do Tocantins,PA,2816.608,1,jan,294.0992992888886,OK,1991,2020,30,CHIRPS_v2,UCSB-CHG/CHIRPS/DAILY,1991-2020,IBGE_2024
1500131,Abel Figueiredo,PA,614.127,1,jan,295.2763612644698,OK,1991,2020,30,CHIRPS_v2,UCSB-CHG/CHIRPS/DAILY,1991-2020,IBGE_2024
1507458,São Geraldo do Araguaia,PA,3168.387,1,jan,255.61550245232982,OK,1991,2020,30,CHIRPS_v2,UCSB-CHG/CHIRPS/DAILY,1991-2020,IBGE_2024
1507508,São João do Araguaia,PA,1279.889,1,jan,271.2310320125322,OK,1991,2020,30,CHIRPS_v2,UCSB-CHG/CHIRPS/DAILY,1991-2020,IBGE_2024
1507151,São Domingos do Araguaia,PA,1392.464,1,jan,268.7161025097407,OK,1991,2020,30,CHIRPS_v2,UCSB-CHG/CHIRPS/DAILY,1991-2020,IBGE_2024
1506187,Rondon do Pará,PA,8246.394,1,jan,323.1714807860621,OK,1991,2020,30,CHIRPS_v2,UCSB-CHG/CHIRPS/DAILY,1991-2020,IBGE_2024
1505494,Palestina do Pará,PA,984.362,1,jan,267.61254248094195,OK,1991,2020,30,CHIRPS_v2,UCSB-CHG/CHIRPS/DAILY,1991-2020,IBGE_2024
1505635,Piçarra,PA,3312.709,1,jan,248.25334382452536,OK,1991,2020,30,CHIRPS_v2,UCSB-CHG/CHIRPS/DAILY,1991-2020,IBGE_2024
1504976,Nova Ipixuna,PA,1564.182,1,jan,291.99695717316536,OK,1991,2020,30,CHIRPS_v2,UCSB-CHG/CHIRPS/DAILY,1991-2020,IBGE_2024
1504208,Marabá,PA,15127.872,1,jan,277.87958081518593,OK,1991,2020,30,CHIRPS_v2,UCSB-CHG/CHIRPS/DAILY,1991-2020,IBGE_2024
1503705,Itupiranga,PA,7880.303,1,jan,278.7060362941763,OK,1991,2020,30,CHIRPS_v2,UCSB-CHG/CHIRPS/DAILY,1991-2020,IBGE_2024
1503804,Jacundá,PA,2008.333,1,jan,320.66686878370916,OK,1991,2020,30,CHIRPS_v2,UCSB-CHG/CHIRPS/DAILY,1991-2020,IBGE_2024
1502772,Curionópolis,PA,2369.091,1,jan,263.3826986104327,OK,1991,2020,30,CHIRPS_v2,UCSB-CHG/CHIRPS/DAILY,1991-2020,IBGE_2024
1502152,Canaã dos Carajás,PA,3146.748,1,jan,267.3686322752811,OK,1991,2020,30,CHIRPS_v2,UCSB-CHG/CHIRPS/DAILY,1991-2020,IBGE_2024
1505536,Parauapebas,PA,6885.865,1,jan,270.83120086947105,OK,1991,2020,30,CHIRPS_v2,UCSB-CHG/CHIRPS/DAILY,1991-2020,IBGE_2024
1502954,Eldorado do Carajás,PA,2956.69,1,jan,255.096138357568,OK,1991,2020,30,CHIRPS_v2,UCSB-CHG/CHIRPS/DAILY,1991-2020,IBGE_2024
1501782,Breu Branco,PA,3941.746,1,jan,320.85751854880255,OK,1991,2020,30,CHIRPS_v2,UCSB-CHG/CHIRPS/DAILY,1991-2020,IBGE_2024
1501204,Baião,PA,3760.001,1,jan,352.9988381651007,OK,1991,2020,30,CHIRPS_v2,UCSB-CHG/CHIRPS/DAILY,1991-2020,IBGE_2024
1508100,Tucuruí,PA,2084.276,1,jan,309.1276635829095,OK,1991,2020,30,CHIRPS_v2,UCSB-CHG/CHIRPS/DAILY,1991-2020,IBGE_2024
1505486,Pacajá,PA,11832.318,1,jan,319.32045400559053,OK,1991,2020,30,CHIRPS_v2,UCSB-CHG/CHIRPS/DAILY,1991-2020,IBGE_2024
1505064,Novo Repartimento,PA,15398.735,1,jan,302.49603387896684,OK,1991,2020,30,CHIRPS_v2,UCSB-CHG/CHIRPS/DAILY,1991-2020,IBGE_2024
1503093,Goianésia do Pará,PA,7023.933,1,jan,329.1458205065587,OK,1991,2020,30,CHIRPS_v2,UCSB-CHG/CHIRPS/DAILY,1991-2020,IBGE_2024
1502707,Conceição do Araguaia,PA,5829.482,1,jan,269.4693057116735,OK,1991,2020,30,CHIRPS_v2,UCSB-CHG/CHIRPS/DAILY,1991-2020,IBGE_2024
1502764,Cumaru do Norte,PA,17085.001,1,jan,306.2881028608436,OK,1991,2020,30,CHIRPS_v2,UCSB-CHG/CHIRPS/DAILY,1991-2020,IBGE_2024
1501253,Bannach,PA,2956.649,1,jan,286.0826365855348,OK,1991,2020,30,CHIRPS_v2,UCSB-CHG/CHIRPS/DAILY,1991-2020,IBGE_2024
1506583,Santa Maria das Barreiras,PA,10330.214,1,jan,287.8724240984589,OK,1991,2020,30,CHIRPS_v2,UCSB-CHG/CHIRPS/DAILY,1991-2020,IBGE_2024
1506708,Santana do Araguaia,PA,11591.427,1,jan,294.69819152533563,OK,1991,2020,30,CHIRPS_v2,UCSB-CHG/CHIRPS/DAILY,1991-2020,IBGE_2024
1506138,Redenção,PA,3823.809,1,jan,289.673039269261,OK,1991,2020,30,CHIRPS_v2,UCSB-CHG/CHIRPS/DAILY,1991-2020,IBGE_2024
1505551,Pau D'Arco,PA,1671.418,1,jan,283.8650491526446,OK,1991,2020,30,CHIRPS_v2,UCSB-CHG/CHIRPS/DAILY,1991-2020,IBGE_2024
1503044,Floresta do Araguaia,PA,3444.285,1,jan,263.20250148228934,OK,1991,2020,30,CHIRPS_v2,UCSB-CHG/CHIRPS/DAILY,1991-2020,IBGE_2024
1508084,Tucumã,PA,2512.594,1,jan,297.2008257482436,OK,1991,2020,30,CHIRPS_v2,UCSB-CHG/CHIRPS/DAILY,1991-2020,IBGE_2024
1507300,São Félix do Xingu,PA,84212.873,1,jan,312.65248679157844,OK,1991,2020,30,CHIRPS_v2,UCSB-CHG/CHIRPS/DAILY,1991-2020,IBGE_2024
1505437,Ourilândia do Norte,PA,14410.567,1,jan,306.5892019480685,OK,1991,2020,30,CHIRPS_v2,UCSB-CHG/CHIRPS/DAILY,1991-2020,IBGE_2024
1500347,Água Azul do Norte,PA,7113.956,1,jan,278.43968093676415,OK,1991,2020,30,CHIRPS_v2,UCSB-CHG/CHIRPS/DAILY,1991-2020,IBGE_2024
1508407,Xinguara,PA,3779.323,1,jan,257.6642771635017,OK,1991,2020,30,CHIRPS_v2,UCSB-CHG/CHIRPS/DAILY,1991-2020,IBGE_2024
1507755,Sapucaia,PA,1298.195,1,jan,254.00355945757312,OK,1991,2020,30,CHIRPS_v2,UCSB-CHG/CHIRPS/DAILY,1991-2020,IBGE_2024
1506161,Rio Maria,PA,4114.652,1,jan,267.5643986376077,OK,1991,2020,30,CHIRPS_v2,UCSB-CHG/CHIRPS/DAILY,1991-2020,IBGE_2024
1501451,Belterra,PA,4398.419,1,jan,227.80941910557394,OK,1991,2020,30,CHIRPS_v2,UCSB-CHG/CHIRPS/DAILY,1991-2020,IBGE_2024
1506807,Santarém,PA,17900.01,1,jan,245.44074922536402,OK,1991,2020,30,CHIRPS_v2,UCSB-CHG/CHIRPS/DAILY,1991-2020,IBGE_2024
1506005,Prainha,PA,14788.187,1,jan,176.1062011370276,OK,1991,2020,30,CHIRPS_v2,UCSB-CHG/CHIRPS/DAILY,1991-2020,IBGE_2024
1504752,Mojuí dos Campos,PA,4988.239,1,jan,236.65265979936692,OK,1991,2020,30,CHIRPS_v2,UCSB-CHG/CHIRPS/DAILY,1991-2020,IBGE_2024
1501006,Aveiro,PA,17072.657,1,jan,267.0966480157753,OK,1991,2020,30,CHIRPS_v2,UCSB-CHG/CHIRPS/DAILY,1991-2020,IBGE_2024
1508050,Trairão,PA,11991.085,1,jan,299.35128280657864,OK,1991,2020,30,CHIRPS_v2,UCSB-CHG/CHIRPS/DAILY,1991-2020,IBGE_2024
1506195,Rurópolis,PA,7021.322,1,jan,252.27938868173098,OK,1991,2020,30,CHIRPS_v2,UCSB-CHG/CHIRPS/DAILY,1991-2020,IBGE_2024
1505650,Placas,PA,7173.2,1,jan,234.1529727234274,OK,1991,2020,30,CHIRPS_v2,UCSB-CHG/CHIRPS/DAILY,1991-2020,IBGE_2024
1505031,Novo Progresso,PA,38162.004,1,jan,354.4073003298514,OK,1991,2020,30,CHIRPS_v2,UCSB-CHG/CHIRPS/DAILY,1991-2020,IBGE_2024
1503754,Jacareacanga,PA,53308.337,1,jan,349.3618569623686,OK,1991,2020,30,CHIRPS_v2,UCSB-CHG/CHIRPS/DAILY,1991-2020,IBGE_2024
1503606,Itaituba,PA,62042.375,1,jan,330.7203059635493,OK,1991,2020,30,CHIRPS_v2,UCSB-CHG/CHIRPS/DAILY,1991-2020,IBGE_2024
1507979,Terra Santa,PA,1895.883,1,jan,287.97972678550457,OK,1991,2020,30,CHIRPS_v2,UCSB-CHG/CHIRPS/DAILY,1991-2020,IBGE_2024
1503903,Juruti,PA,8305.907,1,jan,274.4606058847546,OK,1991,2020,30,CHIRPS_v2,UCSB-CHG/CHIRPS/DAILY,1991-2020,IBGE_2024
1503002,Faro,PA,11771.669,1,jan,237.476764220193,OK,1991,2020,30,CHIRPS_v2,UCSB-CHG/CHIRPS/DAILY,1991-2020,IBGE_2024
1502855,Curuá,PA,1431.346,1,jan,252.37891548878193,OK,1991,2020,30,CHIRPS_v2,UCSB-CHG/CHIRPS/DAILY,1991-2020,IBGE_2024
1501725,Brasil Novo,PA,6362.562,1,jan,276.01389812184834,OK,1991,2020,30,CHIRPS_v2,UCSB-CHG/CHIRPS/DAILY,1991-2020,IBGE_2024
1500859,Anapu,PA,11895.27,1,jan,308.5070428755174,OK,1991,2020,30,CHIRPS_v2,UCSB-CHG/CHIRPS/DAILY,1991-2020,IBGE_2024
1500602,Altamira,PA,159533.318,1,jan,310.47133244096955,OK,1991,2020,30,CHIRPS_v2,UCSB-CHG/CHIRPS/DAILY,1991-2020,IBGE_2024
1508159,Uruará,PA,10791.402,1,jan,230.2618493377191,OK,1991,2020,30,CHIRPS_v2,UCSB-CHG/CHIRPS/DAILY,1991-2020,IBGE_2024
1508357,Vitória do Xingu,PA,3089.537,1,jan,301.7571966857421,OK,1991,2020,30,CHIRPS_v2,UCSB-CHG/CHIRPS/DAILY,1991-2020,IBGE_2024
1507805,Senador José Porfírio,PA,14419.917,1,jan,307.6196941594258,OK,1991,2020,30,CHIRPS_v2,UCSB-CHG/CHIRPS/DAILY,1991-2020,IBGE_2024
1504455,Medicilândia,PA,8272.629,1,jan,229.96116362924283,OK,1991,2020,30,CHIRPS_v2,UCSB-CHG/CHIRPS/DAILY,1991-2020,IBGE_2024
1505908,Porto de Moz,PA,17422.329,1,jan,245.29539177141785,OK,1991,2020,30,CHIRPS_v2,UCSB-CHG/CHIRPS/DAILY,1991-2020,IBGE_2024
1501808,Breves,PA,9566.495,1,jan,302.89801859615307,OK,1991,2020,30,CHIRPS_v2,UCSB-CHG/CHIRPS/DAILY,1991-2020,IBGE_2024
1501105,Bagre,PA,4397.321,1,jan,370.3638797104307,OK,1991,2020,30,CHIRPS_v2,UCSB-CHG/CHIRPS/DAILY,1991-2020,IBGE_2024
1500701,Anajás,PA,6913.86,1,jan,346.6996779023817,OK,1991,2020,30,CHIRPS_v2,UCSB-CHG/CHIRPS/DAILY,1991-2020,IBGE_2024
1507706,São Sebastião da Boa Vista,PA,1632.243,1,jan,313.24281478305136,OK,1991,2020,30,CHIRPS_v2,UCSB-CHG/CHIRPS/DAILY,1991-2020,IBGE_2024
1505809,Portel,PA,25386.158,1,jan,349.2751512203296,OK,1991,2020,30,CHIRPS_v2,UCSB-CHG/CHIRPS/DAILY,1991-2020,IBGE_2024
1504505,Melgaço,PA,6772.778,1,jan,312.0063404135358,OK,1991,2020,30,CHIRPS_v2,UCSB-CHG/CHIRPS/DAILY,1991-2020,IBGE_2024
1502806,Curralinho,PA,3617.355,1,jan,305.30693486638717,OK,1991,2020,30,CHIRPS_v2,UCSB-CHG/CHIRPS/DAILY,1991-2020,IBGE_2024
1503101,Gurupá,PA,8569.663,1,jan,273.45837878624525,OK,1991,2020,30,CHIRPS_v2,UCSB-CHG/CHIRPS/DAILY,1991-2020,IBGE_2024
1502004,Cachoeira do Arari,PA,3100.261,1,jan,344.13423786529626,OK,1991,2020,30,CHIRPS_v2,UCSB-CHG/CHIRPS/DAILY,1991-2020,IBGE_2024
1507904,Soure,PA,2857.349,1,jan,316.3680628687288,OK,1991,2020,30,CHIRPS_v2,UCSB-CHG/CHIRPS/DAILY,1991-2020,IBGE_2024
1506401,Santa Cruz do Arari,PA,1076.652,1,jan,336.79586507243675,OK,1991,2020,30,CHIRPS_v2,UCSB-CHG/CHIRPS/DAILY,1991-2020,IBGE_2024
1506302,Salvaterra,PA,918.563,1,jan,359.19597380374125,OK,1991,2020,30,CHIRPS_v2,UCSB-CHG/CHIRPS/DAILY,1991-2020,IBGE_2024
1505700,Ponta de Pedras,PA,3363.743,1,jan,333.9181706529462,OK,1991,2020,30,CHIRPS_v2,UCSB-CHG/CHIRPS/DAILY,1991-2020,IBGE_2024
1504901,Muaná,PA,3763.13,1,jan,321.373145378836,OK,1991,2020,30,CHIRPS_v2,UCSB-CHG/CHIRPS/DAILY,1991-2020,IBGE_2024
1600808,Vitória do Jari,AP,2508.979,1,jan,237.94741748553548,OK,1991,2020,30,CHIRPS_v2,UCSB-CHG/CHIRPS/DAILY,1991-2020,IBGE_2024
1718758,Rio Sono,TO,6346.279,1,jan,280.102557635991,OK,1991,2020,30,CHIRPS_v2,UCSB-CHG/CHIRPS/DAILY,1991-2020,IBGE_2024
1701101,Aparecida do Rio Negro,TO,1159.034,1,jan,276.6957103785476,OK,1991,2020,30,CHIRPS_v2,UCSB-CHG/CHIRPS/DAILY,1991-2020,IBGE_2024
1715101,Novo Acordo,TO,2678.262,1,jan,272.0584314845149,OK,1991,2020,30,CHIRPS_v2,UCSB-CHG/CHIRPS/DAILY,1991-2020,IBGE_2024
1721000,Palmas,TO,2227.329,1,jan,270.9711655269872,OK,1991,2020,30,CHIRPS_v2,UCSB-CHG/CHIRPS/DAILY,1991-2020,IBGE_2024
1712405,Lizarda,TO,5716.641,1,jan,261.4569113866469,OK,1991,2020,30,CHIRPS_v2,UCSB-CHG/CHIRPS/DAILY,1991-2020,IBGE_2024
1712702,Mateiros,TO,9589.273,1,jan,257.5439577739465,OK,1991,2020,30,CHIRPS_v2,UCSB-CHG/CHIRPS/DAILY,1991-2020,IBGE_2024
1720150,São Félix do Tocantins,TO,1913.11,1,jan,270.777254776989,OK,1991,2020,30,CHIRPS_v2,UCSB-CHG/CHIRPS/DAILY,1991-2020,IBGE_2024
1711951,Lagoa do Tocantins,TO,917.632,1,jan,258.7817805592043,OK,1991,2020,30,CHIRPS_v2,UCSB-CHG/CHIRPS/DAILY,1991-2020,IBGE_2024
1712009,Lajeado,TO,318.292,1,jan,280.8081124617738,OK,1991,2020,30,CHIRPS_v2,UCSB-CHG/CHIRPS/DAILY,1991-2020,IBGE_2024
1719004,Santa Tereza do Tocantins,TO,539.511,1,jan,261.6250059646135,OK,1991,2020,30,CHIRPS_v2,UCSB-CHG/CHIRPS/DAILY,1991-2020,IBGE_2024
1709807,Ipueiras,TO,821.152,1,jan,277.52903604861694,OK,1991,2020,30,CHIRPS_v2,UCSB-CHG/CHIRPS/DAILY,1991-2020,IBGE_2024
1717909,Ponte Alta do Tocantins,TO,6542.838,1,jan,263.07748586823607,OK,1991,2020,30,CHIRPS_v2,UCSB-CHG/CHIRPS/DAILY,1991-2020,IBGE_2024
1718204,Porto Nacional,TO,4434.68,1,jan,267.82790575934916,OK,1991,2020,30,CHIRPS_v2,UCSB-CHG/CHIRPS/DAILY,1991-2020,IBGE_2024
1717008,Pindorama do Tocantins,TO,1560.551,1,jan,271.3590821150419,OK,1991,2020,30,CHIRPS_v2,UCSB-CHG/CHIRPS/DAILY,1991-2020,IBGE_2024
1715507,Oliveira de Fátima,TO,209.292,1,jan,294.57950096905967,OK,1991,2020,30,CHIRPS_v2,UCSB-CHG/CHIRPS/DAILY,1991-2020,IBGE_2024
1707553,Fátima,TO,380.374,1,jan,301.77210728951144,OK,1991,2020,30,CHIRPS_v2,UCSB-CHG/CHIRPS/DAILY,1991-2020,IBGE_2024
1714203,Natividade,TO,3241.672,1,jan,258.61111332682054,OK,1991,2020,30,CHIRPS_v2,UCSB-CHG/CHIRPS/DAILY,1991-2020,IBGE_2024
1705102,Chapada da Natividade,TO,1640.833,1,jan,272.8933785402338,OK,1991,2020,30,CHIRPS_v2,UCSB-CHG/CHIRPS/DAILY,1991-2020,IBGE_2024
1713601,Monte do Carmo,TO,3601.205,1,jan,269.71403797120786,OK,1991,2020,30,CHIRPS_v2,UCSB-CHG/CHIRPS/DAILY,1991-2020,IBGE_2024
1720655,Silvanópolis,TO,1258.771,1,jan,279.81332885314305,OK,1991,2020,30,CHIRPS_v2,UCSB-CHG/CHIRPS/DAILY,1991-2020,IBGE_2024
1703701,Brejinho de Nazaré,TO,1722.59,1,jan,283.1577363147836,OK,1991,2020,30,CHIRPS_v2,UCSB-CHG/CHIRPS/DAILY,1991-2020,IBGE_2024
1718907,Santa Rosa do Tocantins,TO,1804.686,1,jan,278.4685340868497,OK,1991,2020,30,CHIRPS_v2,UCSB-CHG/CHIRPS/DAILY,1991-2020,IBGE_2024
1718899,Santa Rita do Tocantins,TO,3281.219,1,jan,313.8220558183642,OK,1991,2020,30,CHIRPS_v2,UCSB-CHG/CHIRPS/DAILY,1991-2020,IBGE_2024
1718451,Pugmil,TO,401.174,1,jan,283.8323523023451,OK,1991,2020,30,CHIRPS_v2,UCSB-CHG/CHIRPS/DAILY,1991-2020,IBGE_2024
1701903,Araguacema,TO,2774.505,1,jan,285.0706776120058,OK,1991,2020,30,CHIRPS_v2,UCSB-CHG/CHIRPS/DAILY,1991-2020,IBGE_2024
1717503,Pium,TO,10003.549,1,jan,295.02639408296886,OK,1991,2020,30,CHIRPS_v2,UCSB-CHG/CHIRPS/DAILY,1991-2020,IBGE_2024
1700251,Abreulândia,TO,1906.295,1,jan,298.46022925184866,OK,1991,2020,30,CHIRPS_v2,UCSB-CHG/CHIRPS/DAILY,1991-2020,IBGE_2024
1716109,Paraíso do Tocantins,TO,1292.267,1,jan,290.48130192753945,OK,1991,2020,30,CHIRPS_v2,UCSB-CHG/CHIRPS/DAILY,1991-2020,IBGE_2024
1707108,Divinópolis do Tocantins,TO,2358.282,1,jan,297.6264489047424,OK,1991,2020,30,CHIRPS_v2,UCSB-CHG/CHIRPS/DAILY,1991-2020,IBGE_2024
1715002,Nova Rosalândia,TO,514.791,1,jan,297.5684968239487,OK,1991,2020,30,CHIRPS_v2,UCSB-CHG/CHIRPS/DAILY,1991-2020,IBGE_2024
1706100,Cristalândia,TO,1850.75,1,jan,323.331651055722,OK,1991,2020,30,CHIRPS_v2,UCSB-CHG/CHIRPS/DAILY,1991-2020,IBGE_2024
1713700,Monte Santo do Tocantins,TO,1072.92,1,jan,308.1025693021245,OK,1991,2020,30,CHIRPS_v2,UCSB-CHG/CHIRPS/DAILY,1991-2020,IBGE_2024
1704600,Chapada de Areia,TO,658.564,1,jan,308.28101256881024,OK,1991,2020,30,CHIRPS_v2,UCSB-CHG/CHIRPS/DAILY,1991-2020,IBGE_2024
1712504,Marianópolis do Tocantins,TO,2089.575,1,jan,284.4472672152955,OK,1991,2020,30,CHIRPS_v2,UCSB-CHG/CHIRPS/DAILY,1991-2020,IBGE_2024
1711902,Lagoa da Confusão,TO,10563.181,1,jan,303.62286499325734,OK,1991,2020,30,CHIRPS_v2,UCSB-CHG/CHIRPS/DAILY,1991-2020,IBGE_2024
1703909,Caseara,TO,1680.014,1,jan,276.51060297470696,OK,1991,2020,30,CHIRPS_v2,UCSB-CHG/CHIRPS/DAILY,1991-2020,IBGE_2024
1703107,Barrolândia,TO,697.759,1,jan,299.02007484704404,OK,1991,2020,30,CHIRPS_v2,UCSB-CHG/CHIRPS/DAILY,1991-2020,IBGE_2024
1718709,Rio dos Bois,TO,847.255,1,jan,290.6483994287813,OK,1991,2020,30,CHIRPS_v2,UCSB-CHG/CHIRPS/DAILY,1991-2020,IBGE_2024
1707207,Dois Irmãos do Tocantins,TO,3747.645,1,jan,302.0124611929872,OK,1991,2020,30,CHIRPS_v2,UCSB-CHG/CHIRPS/DAILY,1991-2020,IBGE_2024
1713304,Miranorte,TO,1033.301,1,jan,305.5005141050703,OK,1991,2020,30,CHIRPS_v2,UCSB-CHG/CHIRPS/DAILY,1991-2020,IBGE_2024
1721109,Tocantínia,TO,2609.775,1,jan,280.4949219983301,OK,1991,2020,30,CHIRPS_v2,UCSB-CHG/CHIRPS/DAILY,1991-2020,IBGE_2024
1713205,Miracema do Tocantins,TO,2663.745,1,jan,294.4576675250735,OK,1991,2020,30,CHIRPS_v2,UCSB-CHG/CHIRPS/DAILY,1991-2020,IBGE_2024
1702109,Araguaína,TO,4004.645,1,jan,260.829213221738,OK,1991,2020,30,CHIRPS_v2,UCSB-CHG/CHIRPS/DAILY,1991-2020,IBGE_2024
1702158,Araguanã,TO,834.834,1,jan,252.1725319705077,OK,1991,2020,30,CHIRPS_v2,UCSB-CHG/CHIRPS/DAILY,1991-2020,IBGE_2024
1718550,Riachinho,TO,512.156,1,jan,255.41926926457572,OK,1991,2020,30,CHIRPS_v2,UCSB-CHG/CHIRPS/DAILY,1991-2020,IBGE_2024
1702307,Arapoema,TO,1558.136,1,jan,263.37274127947506,OK,1991,2020,30,CHIRPS_v2,UCSB-CHG/CHIRPS/DAILY,1991-2020,IBGE_2024
1701051,Angico,TO,447.547,1,jan,252.3301043925686,OK,1991,2020,30,CHIRPS_v2,UCSB-CHG/CHIRPS/DAILY,1991-2020,IBGE_2024
1701002,Ananás,TO,1581.058,1,jan,258.34651504444133,OK,1991,2020,30,CHIRPS_v2,UCSB-CHG/CHIRPS/DAILY,1991-2020,IBGE_2024
1701309,Aragominas,TO,1168.213,1,jan,252.2672752058783,OK,1991,2020,30,CHIRPS_v2,UCSB-CHG/CHIRPS/DAILY,1991-2020,IBGE_2024
1717206,Piraquê,TO,1363.411,1,jan,258.8192810033452,OK,1991,2020,30,CHIRPS_v2,UCSB-CHG/CHIRPS/DAILY,1991-2020,IBGE_2024
1709005,Goiatins,TO,6414.846,1,jan,273.1443191555069,OK,1991,2020,30,CHIRPS_v2,UCSB-CHG/CHIRPS/DAILY,1991-2020,IBGE_2024
1716307,Pau D'Arco,TO,1375.551,1,jan,264.3673392812102,OK,1991,2020,30,CHIRPS_v2,UCSB-CHG/CHIRPS/DAILY,1991-2020,IBGE_2024
1707702,Filadélfia,TO,1991.258,1,jan,263.1440682401383,OK,1991,2020,30,CHIRPS_v2,UCSB-CHG/CHIRPS/DAILY,1991-2020,IBGE_2024
1714880,Nova Olinda,TO,1567.834,1,jan,261.05658566318704,OK,1991,2020,30,CHIRPS_v2,UCSB-CHG/CHIRPS/DAILY,1991-2020,IBGE_2024
1706506,Darcinópolis,TO,1641.77,1,jan,254.30433812076407,OK,1991,2020,30,CHIRPS_v2,UCSB-CHG/CHIRPS/DAILY,1991-2020,IBGE_2024
1722107,Xambioá,TO,1190.489,1,jan,256.9545864876463,OK,1991,2020,30,CHIRPS_v2,UCSB-CHG/CHIRPS/DAILY,1991-2020,IBGE_2024
1722081,Wanderlândia,TO,1365.432,1,jan,260.92760331313866,OK,1991,2020,30,CHIRPS_v2,UCSB-CHG/CHIRPS/DAILY,1991-2020,IBGE_2024
1713957,Muricilândia,TO,1194.368,1,jan,247.85530351846634,OK,1991,2020,30,CHIRPS_v2,UCSB-CHG/CHIRPS/DAILY,1991-2020,IBGE_2024
1703883,Carmolândia,TO,339.366,1,jan,254.67880065079294,OK,1991,2020,30,CHIRPS_v2,UCSB-CHG/CHIRPS/DAILY,1991-2020,IBGE_2024
1703842,Campos Lindos,TO,3234.445,1,jan,255.6977401372025,OK,1991,2020,30,CHIRPS_v2,UCSB-CHG/CHIRPS/DAILY,1991-2020,IBGE_2024
1703008,Babaçulândia,TO,1790.297,1,jan,268.25484213828486,OK,1991,2020,30,CHIRPS_v2,UCSB-CHG/CHIRPS/DAILY,1991-2020,IBGE_2024
1703073,Barra do Ouro,TO,1105.84,1,jan,264.82523619296717,OK,1991,2020,30,CHIRPS_v2,UCSB-CHG/CHIRPS/DAILY,1991-2020,IBGE_2024
1718865,Santa Fé do Araguaia,TO,1671.239,1,jan,247.61702206203128,OK,1991,2020,30,CHIRPS_v2,UCSB-CHG/CHIRPS/DAILY,1991-2020,IBGE_2024
1718501,Recursolândia,TO,2215.669,1,jan,261.4571168083489,OK,1991,2020,30,CHIRPS_v2,UCSB-CHG/CHIRPS/DAILY,1991-2020,IBGE_2024
1718402,Presidente Kennedy,TO,771.716,1,jan,279.7633420943494,OK,1991,2020,30,CHIRPS_v2,UCSB-CHG/CHIRPS/DAILY,1991-2020,IBGE_2024
1709302,Guaraí,TO,2106.753,1,jan,291.10035575074994,OK,1991,2020,30,CHIRPS_v2,UCSB-CHG/CHIRPS/DAILY,1991-2020,IBGE_2024
1708254,Tabocão,TO,624.463,1,jan,297.03405906873957,OK,1991,2020,30,CHIRPS_v2,UCSB-CHG/CHIRPS/DAILY,1991-2020,IBGE_2024
1716505,Pedro Afonso,TO,2019.556,1,jan,281.74272862335755,OK,1991,2020,30,CHIRPS_v2,UCSB-CHG/CHIRPS/DAILY,1991-2020,IBGE_2024
1708304,Goianorte,TO,1797.229,1,jan,296.0490894557277,OK,1991,2020,30,CHIRPS_v2,UCSB-CHG/CHIRPS/DAILY,1991-2020,IBGE_2024
1716703,Colméia,TO,1161.029,1,jan,298.602595606662,OK,1991,2020,30,CHIRPS_v2,UCSB-CHG/CHIRPS/DAILY,1991-2020,IBGE_2024
1716653,Pequizeiro,TO,1206.119,1,jan,275.25661542319045,OK,1991,2020,30,CHIRPS_v2,UCSB-CHG/CHIRPS/DAILY,1991-2020,IBGE_2024
1706001,Couto Magalhães,TO,1584.196,1,jan,267.6165371670466,OK,1991,2020,30,CHIRPS_v2,UCSB-CHG/CHIRPS/DAILY,1991-2020,IBGE_2024
1721257,Tupirama,TO,706.883,1,jan,286.31743238859593,OK,1991,2020,30,CHIRPS_v2,UCSB-CHG/CHIRPS/DAILY,1991-2020,IBGE_2024
1704105,Centenário,TO,1953.134,1,jan,275.0482096289083,OK,1991,2020,30,CHIRPS_v2,UCSB-CHG/CHIRPS/DAILY,1991-2020,IBGE_2024
1703305,Bom Jesus do Tocantins,TO,1326.947,1,jan,283.8948380886979,OK,1991,2020,30,CHIRPS_v2,UCSB-CHG/CHIRPS/DAILY,1991-2020,IBGE_2024
1718881,Santa Maria do Tocantins,TO,1412.318,1,jan,290.5445470901114,OK,1991,2020,30,CHIRPS_v2,UCSB-CHG/CHIRPS/DAILY,1991-2020,IBGE_2024
1711100,Itaporã do Tocantins,TO,969.794,1,jan,281.71837454579355,OK,1991,2020,30,CHIRPS_v2,UCSB-CHG/CHIRPS/DAILY,1991-2020,IBGE_2024
1710508,Itacajá,TO,3047.204,1,jan,288.1149563243365,OK,1991,2020,30,CHIRPS_v2,UCSB-CHG/CHIRPS/DAILY,1991-2020,IBGE_2024
1715705,Palmeirante,TO,2638.465,1,jan,261.5573084373928,OK,1991,2020,30,CHIRPS_v2,UCSB-CHG/CHIRPS/DAILY,1991-2020,IBGE_2024
1705508,Colinas do Tocantins,TO,842.488,1,jan,266.53336407902447,OK,1991,2020,30,CHIRPS_v2,UCSB-CHG/CHIRPS/DAILY,1991-2020,IBGE_2024
1721307,Tupiratins,TO,889.126,1,jan,277.8773503171809,OK,1991,2020,30,CHIRPS_v2,UCSB-CHG/CHIRPS/DAILY,1991-2020,IBGE_2024
1703602,Brasilândia do Tocantins,TO,645.908,1,jan,275.6507398686667,OK,1991,2020,30,CHIRPS_v2,UCSB-CHG/CHIRPS/DAILY,1991-2020,IBGE_2024
1711803,Juarina,TO,483.452,1,jan,248.2569024897894,OK,1991,2020,30,CHIRPS_v2,UCSB-CHG/CHIRPS/DAILY,1991-2020,IBGE_2024
1703206,Bernardo Sayão,TO,924.045,1,jan,259.4209755415221,OK,1991,2020,30,CHIRPS_v2,UCSB-CHG/CHIRPS/DAILY,1991-2020,IBGE_2024
1703057,Bandeirantes do Tocantins,TO,1540.543,1,jan,266.5304642935367,OK,1991,2020,30,CHIRPS_v2,UCSB-CHG/CHIRPS/DAILY,1991-2020,IBGE_2024
1710904,Itapiratins,TO,1246.349,1,jan,278.569496310819,OK,1991,2020,30,CHIRPS_v2,UCSB-CHG/CHIRPS/DAILY,1991-2020,IBGE_2024
1700301,Aguiarnópolis,TO,236.792,1,jan,250.8936078228966,OK,1991,2020,30,CHIRPS_v2,UCSB-CHG/CHIRPS/DAILY,1991-2020,IBGE_2024
1714302,Nazaré,TO,395.997,1,jan,252.79528431248457,OK,1991,2020,30,CHIRPS_v2,UCSB-CHG/CHIRPS/DAILY,1991-2020,IBGE_2024
1713809,Palmeiras do Tocantins,TO,743.407,1,jan,249.45433019200618,OK,1991,2020,30,CHIRPS_v2,UCSB-CHG/CHIRPS/DAILY,1991-2020,IBGE_2024
1712801,Maurilândia do Tocantins,TO,736.303,1,jan,253.19261367522105,OK,1991,2020,30,CHIRPS_v2,UCSB-CHG/CHIRPS/DAILY,1991-2020,IBGE_2024
1721208,Tocantinópolis,TO,1083.6,1,jan,256.48667216115587,OK,1991,2020,30,CHIRPS_v2,UCSB-CHG/CHIRPS/DAILY,1991-2020,IBGE_2024
1712454,Luzinópolis,TO,281.543,1,jan,254.91074909357587,OK,1991,2020,30,CHIRPS_v2,UCSB-CHG/CHIRPS/DAILY,1991-2020,IBGE_2024
1720002,Santa Terezinha do Tocantins,TO,274.105,1,jan,248.84102708700723,OK,1991,2020,30,CHIRPS_v2,UCSB-CHG/CHIRPS/DAILY,1991-2020,IBGE_2024
1703826,Cachoeirinha,TO,351.535,1,jan,260.34740881278054,OK,1991,2020,30,CHIRPS_v2,UCSB-CHG/CHIRPS/DAILY,1991-2020,IBGE_2024
1702208,Araguatins,TO,2633.278,1,jan,267.9810875514905,OK,1991,2020,30,CHIRPS_v2,UCSB-CHG/CHIRPS/DAILY,1991-2020,IBGE_2024
1718808,Sampaio,TO,222.436,1,jan,256.4708500020105,OK,1991,2020,30,CHIRPS_v2,UCSB-CHG/CHIRPS/DAILY,1991-2020,IBGE_2024
1718303,Praia Norte,TO,300.999,1,jan,243.2727216312256,OK,1991,2020,30,CHIRPS_v2,UCSB-CHG/CHIRPS/DAILY,1991-2020,IBGE_2024
1707405,Esperantina,TO,506.175,1,jan,272.24076707644036,OK,1991,2020,30,CHIRPS_v2,UCSB-CHG/CHIRPS/DAILY,1991-2020,IBGE_2024
1720804,Sítio Novo do Tocantins,TO,307.095,1,jan,240.4996436981264,OK,1991,2020,30,CHIRPS_v2,UCSB-CHG/CHIRPS/DAILY,1991-2020,IBGE_2024
1720101,São Bento do Tocantins,TO,1099.58,1,jan,265.86849318171363,OK,1991,2020,30,CHIRPS_v2,UCSB-CHG/CHIRPS/DAILY,1991-2020,IBGE_2024
1703891,Carrasco Bonito,TO,190.352,1,jan,254.22698920622517,OK,1991,2020,30,CHIRPS_v2,UCSB-CHG/CHIRPS/DAILY,1991-2020,IBGE_2024
1720309,São Sebastião do Tocantins,TO,289.597,1,jan,271.9925404901671,OK,1991,2020,30,CHIRPS_v2,UCSB-CHG/CHIRPS/DAILY,1991-2020,IBGE_2024
1703800,Buriti do Tocantins,TO,252.73,1,jan,254.10044301462455,OK,1991,2020,30,CHIRPS_v2,UCSB-CHG/CHIRPS/DAILY,1991-2020,IBGE_2024
1720200,São Miguel do Tocantins,TO,406.957,1,jan,228.90204856295003,OK,1991,2020,30,CHIRPS_v2,UCSB-CHG/CHIRPS/DAILY,1991-2020,IBGE_2024
1702554,Augustinópolis,TO,388.809,1,jan,252.20409130958848,OK,1991,2020,30,CHIRPS_v2,UCSB-CHG/CHIRPS/DAILY,1991-2020,IBGE_2024
1710706,Itaguatins,TO,730.163,1,jan,245.29048199689754,OK,1991,2020,30,CHIRPS_v2,UCSB-CHG/CHIRPS/DAILY,1991-2020,IBGE_2024
1702901,Axixá do Tocantins,TO,153.539,1,jan,250.36281526192727,OK,1991,2020,30,CHIRPS_v2,UCSB-CHG/CHIRPS/DAILY,1991-2020,IBGE_2024
1702000,Araguaçu,TO,5155.223,1,jan,291.06897842988496,OK,1991,2020,30,CHIRPS_v2,UCSB-CHG/CHIRPS/DAILY,1991-2020,IBGE_2024
1718840,Sandolândia,TO,3535.135,1,jan,289.66677322272534,OK,1991,2020,30,CHIRPS_v2,UCSB-CHG/CHIRPS/DAILY,1991-2020,IBGE_2024
1709500,Gurupi,TO,1844.164,1,jan,291.43586903154267,OK,1991,2020,30,CHIRPS_v2,UCSB-CHG/CHIRPS/DAILY,1991-2020,IBGE_2024
1700707,Alvorada,TO,1207.201,1,jan,275.6999008392364,OK,1991,2020,30,CHIRPS_v2,UCSB-CHG/CHIRPS/DAILY,1991-2020,IBGE_2024
1700350,Aliança do Tocantins,TO,1580.999,1,jan,298.4943620884863,OK,1991,2020,30,CHIRPS_v2,UCSB-CHG/CHIRPS/DAILY,1991-2020,IBGE_2024
1708205,Formoso do Araguaia,TO,13431.861,1,jan,277.47938117744246,OK,1991,2020,30,CHIRPS_v2,UCSB-CHG/CHIRPS/DAILY,1991-2020,IBGE_2024
1716604,Peixe,TO,5303.612,1,jan,290.57871630875667,OK,1991,2020,30,CHIRPS_v2,UCSB-CHG/CHIRPS/DAILY,1991-2020,IBGE_2024
1707652,Figueirópolis,TO,1935.709,1,jan,277.4300877548606,OK,1991,2020,30,CHIRPS_v2,UCSB-CHG/CHIRPS/DAILY,1991-2020,IBGE_2024
1716208,Paranã,TO,11217.373,1,jan,247.33207543996278,OK,1991,2020,30,CHIRPS_v2,UCSB-CHG/CHIRPS/DAILY,1991-2020,IBGE_2024
1707306,Dueré,TO,3420.657,1,jan,284.67837624929103,OK,1991,2020,30,CHIRPS_v2,UCSB-CHG/CHIRPS/DAILY,1991-2020,IBGE_2024
1715754,Palmeirópolis,TO,1708.981,1,jan,275.4897788767667,OK,1991,2020,30,CHIRPS_v2,UCSB-CHG/CHIRPS/DAILY,1991-2020,IBGE_2024
1706258,Crixás do Tocantins,TO,983.766,1,jan,306.76723650417506,OK,1991,2020,30,CHIRPS_v2,UCSB-CHG/CHIRPS/DAILY,1991-2020,IBGE_2024
1720978,Talismã,TO,2155.503,1,jan,291.59945308442127,OK,1991,2020,30,CHIRPS_v2,UCSB-CHG/CHIRPS/DAILY,1991-2020,IBGE_2024
1720499,São Valério,TO,2520.465,1,jan,281.3033007542185,OK,1991,2020,30,CHIRPS_v2,UCSB-CHG/CHIRPS/DAILY,1991-2020,IBGE_2024
1720853,Sucupira,TO,1018.222,1,jan,286.5091569809725,OK,1991,2020,30,CHIRPS_v2,UCSB-CHG/CHIRPS/DAILY,1991-2020,IBGE_2024
1703867,Cariri do Tocantins,TO,1126.291,1,jan,277.5896313050691,OK,1991,2020,30,CHIRPS_v2,UCSB-CHG/CHIRPS/DAILY,1991-2020,IBGE_2024
1720259,São Salvador do Tocantins,TO,1424.753,1,jan,258.8049665156904,OK,1991,2020,30,CHIRPS_v2,UCSB-CHG/CHIRPS/DAILY,1991-2020,IBGE_2024
1711506,Jaú do Tocantins,TO,2167.201,1,jan,292.72944639787227,OK,1991,2020,30,CHIRPS_v2,UCSB-CHG/CHIRPS/DAILY,1991-2020,IBGE_2024
1702406,Arraias,TO,5803.085,1,jan,231.1974924955832,OK,1991,2020,30,CHIRPS_v2,UCSB-CHG/CHIRPS/DAILY,1991-2020,IBGE_2024
1718659,Rio da Conceição,TO,845.823,1,jan,271.41118042440286,OK,1991,2020,30,CHIRPS_v2,UCSB-CHG/CHIRPS/DAILY,1991-2020,IBGE_2024
1718006,Porto Alegre do Tocantins,TO,506.717,1,jan,265.26937707291864,OK,1991,2020,30,CHIRPS_v2,UCSB-CHG/CHIRPS/DAILY,1991-2020,IBGE_2024
1717800,Ponte Alta do Bom Jesus,TO,1718.791,1,jan,280.71683279953345,OK,1991,2020,30,CHIRPS_v2,UCSB-CHG/CHIRPS/DAILY,1991-2020,IBGE_2024
1700400,Almas,TO,4007.152,1,jan,262.87247527655904,OK,1991,2020,30,CHIRPS_v2,UCSB-CHG/CHIRPS/DAILY,1991-2020,IBGE_2024
1707009,Dianópolis,TO,3318.094,1,jan,266.5389399175858,OK,1991,2020,30,CHIRPS_v2,UCSB-CHG/CHIRPS/DAILY,1991-2020,IBGE_2024
1715150,Novo Alegre,TO,200.411,1,jan,210.98436768728632,OK,1991,2020,30,CHIRPS_v2,UCSB-CHG/CHIRPS/DAILY,1991-2020,IBGE_2024
1715259,Novo Jardim,TO,1213.893,1,jan,266.8771647437773,OK,1991,2020,30,CHIRPS_v2,UCSB-CHG/CHIRPS/DAILY,1991-2020,IBGE_2024
1705557,Combinado,TO,208.791,1,jan,212.7642325042845,OK,1991,2020,30,CHIRPS_v2,UCSB-CHG/CHIRPS/DAILY,1991-2020,IBGE_2024
1705607,Conceição do Tocantins,TO,2530.647,1,jan,230.94856186642554,OK,1991,2020,30,CHIRPS_v2,UCSB-CHG/CHIRPS/DAILY,1991-2020,IBGE_2024
1720937,Taipas do Tocantins,TO,1105.303,1,jan,246.42456479230566,OK,1991,2020,30,CHIRPS_v2,UCSB-CHG/CHIRPS/DAILY,1991-2020,IBGE_2024
1720903,Taguatinga,TO,2341.919,1,jan,277.1184303729433,OK,1991,2020,30,CHIRPS_v2,UCSB-CHG/CHIRPS/DAILY,1991-2020,IBGE_2024
1712157,Lavandeira,TO,468.006,1,jan,214.01508607410418,OK,1991,2020,30,CHIRPS_v2,UCSB-CHG/CHIRPS/DAILY,1991-2020,IBGE_2024
1702703,Aurora do Tocantins,TO,696.194,1,jan,234.18465478842214,OK,1991,2020,30,CHIRPS_v2,UCSB-CHG/CHIRPS/DAILY,1991-2020,IBGE_2024
2109270,Presidente Sarney,MA,726.176,1,jan,226.45924895961295,OK,1991,2020,30,CHIRPS_v2,UCSB-CHG/CHIRPS/DAILY,1991-2020,IBGE_2024
2108256,Pedro do Rosário,MA,1753.867,1,jan,245.018715460609,OK,1991,2020,30,CHIRPS_v2,UCSB-CHG/CHIRPS/DAILY,1991-2020,IBGE_2024
2112456,Turilândia,MA,1507.976,1,jan,211.25068487227202,OK,1991,2020,30,CHIRPS_v2,UCSB-CHG/CHIRPS/DAILY,1991-2020,IBGE_2024
2112407,Turiaçu,MA,2622.281,1,jan,198.1823049620756,OK,1991,2020,30,CHIRPS_v2,UCSB-CHG/CHIRPS/DAILY,1991-2020,IBGE_2024
2108306,Penalva,MA,800.916,1,jan,248.9545427628559,OK,1991,2020,30,CHIRPS_v2,UCSB-CHG/CHIRPS/DAILY,1991-2020,IBGE_2024
2111029,São João do Carú,MA,910.065,1,jan,225.7945740766393,OK,1991,2020,30,CHIRPS_v2,UCSB-CHG/CHIRPS/DAILY,1991-2020,IBGE_2024
2102002,Bom Jardim,MA,6579.946,1,jan,214.06823449101503,OK,1991,2020,30,CHIRPS_v2,UCSB-CHG/CHIRPS/DAILY,1991-2020,IBGE_2024
2109908,Santa Inês,MA,786.689,1,jan,243.50258229699998,OK,1991,2020,30,CHIRPS_v2,UCSB-CHG/CHIRPS/DAILY,1991-2020,IBGE_2024
2110005,Santa Luzia,MA,4837.168,1,jan,208.01780456823488,OK,1991,2020,30,CHIRPS_v2,UCSB-CHG/CHIRPS/DAILY,1991-2020,IBGE_2024
2101772,Bela Vista do Maranhão,MA,147.949,1,jan,244.92038362680964,OK,1991,2020,30,CHIRPS_v2,UCSB-CHG/CHIRPS/DAILY,1991-2020,IBGE_2024
2100873,Araguanã,MA,805.194,1,jan,259.37355039063567,OK,1991,2020,30,CHIRPS_v2,UCSB-CHG/CHIRPS/DAILY,1991-2020,IBGE_2024
2100477,Alto Alegre do Pindaré,MA,1875.58,1,jan,218.80299979121187,OK,1991,2020,30,CHIRPS_v2,UCSB-CHG/CHIRPS/DAILY,1991-2020,IBGE_2024
2108504,Pindaré-Mirim,MA,268.285,1,jan,248.36137187981754,OK,1991,2020,30,CHIRPS_v2,UCSB-CHG/CHIRPS/DAILY,1991-2020,IBGE_2024
2107357,Nova Olinda do Maranhão,MA,2452.615,1,jan,254.85992993676794,OK,1991,2020,30,CHIRPS_v2,UCSB-CHG/CHIRPS/DAILY,1991-2020,IBGE_2024
2106904,Monção,MA,1245.548,1,jan,243.6383491915776,OK,1991,2020,30,CHIRPS_v2,UCSB-CHG/CHIRPS/DAILY,1991-2020,IBGE_2024
2114007,Zé Doca,MA,2140.109,1,jan,256.47298109337476,OK,1991,2020,30,CHIRPS_v2,UCSB-CHG/CHIRPS/DAILY,1991-2020,IBGE_2024
2104651,Governador Newton Bello,MA,1144.146,1,jan,253.4980909389858,OK,1991,2020,30,CHIRPS_v2,UCSB-CHG/CHIRPS/DAILY,1991-2020,IBGE_2024
2112274,Tufilândia,MA,270.934,1,jan,248.23704800200622,OK,1991,2020,30,CHIRPS_v2,UCSB-CHG/CHIRPS/DAILY,1991-2020,IBGE_2024
2102150,Brejo de Areia,MA,986.036,1,jan,207.9890713713277,OK,1991,2020,30,CHIRPS_v2,UCSB-CHG/CHIRPS/DAILY,1991-2020,IBGE_2024
2100402,Altamira do Maranhão,MA,524.374,1,jan,229.1687161770918,OK,1991,2020,30,CHIRPS_v2,UCSB-CHG/CHIRPS/DAILY,1991-2020,IBGE_2024
2108108,Paulo Ramos,MA,1168.608,1,jan,201.872353157461,OK,1991,2020,30,CHIRPS_v2,UCSB-CHG/CHIRPS/DAILY,1991-2020,IBGE_2024
2107407,Olho d'Água das Cunhãs,MA,695.333,1,jan,238.8876709916819,OK,1991,2020,30,CHIRPS_v2,UCSB-CHG/CHIRPS/DAILY,1991-2020,IBGE_2024
2105963,Lagoa Grande do Maranhão,MA,744.199,1,jan,190.71014739512654,OK,1991,2020,30,CHIRPS_v2,UCSB-CHG/CHIRPS/DAILY,1991-2020,IBGE_2024
2106359,Marajá do Sena,MA,1402.593,1,jan,199.05591562699684,OK,1991,2020,30,CHIRPS_v2,UCSB-CHG/CHIRPS/DAILY,1991-2020,IBGE_2024
2105708,Lago da Pedra,MA,1240.446,1,jan,198.31785195710705,OK,1991,2020,30,CHIRPS_v2,UCSB-CHG/CHIRPS/DAILY,1991-2020,IBGE_2024
2113009,Vitorino Freire,MA,1193.386,1,jan,225.64144275103874,OK,1991,2020,30,CHIRPS_v2,UCSB-CHG/CHIRPS/DAILY,1991-2020,IBGE_2024
2111722,Satubinha,MA,441.807,1,jan,241.0675878868869,OK,1991,2020,30,CHIRPS_v2,UCSB-CHG/CHIRPS/DAILY,1991-2020,IBGE_2024
2102903,Carutapera,MA,1260.569,1,jan,223.5349227533546,OK,1991,2020,30,CHIRPS_v2,UCSB-CHG/CHIRPS/DAILY,1991-2020,IBGE_2024
2103174,Centro Novo do Maranhão,MA,8401.002,1,jan,238.1982119686741,OK,1991,2020,30,CHIRPS_v2,UCSB-CHG/CHIRPS/DAILY,1991-2020,IBGE_2024
2103158,Centro do Guilherme,MA,1134.646,1,jan,269.61157621928055,OK,1991,2020,30,CHIRPS_v2,UCSB-CHG/CHIRPS/DAILY,1991-2020,IBGE_2024
2102606,Cândido Mendes,MA,1643.796,1,jan,211.29649991579578,OK,1991,2020,30,CHIRPS_v2,UCSB-CHG/CHIRPS/DAILY,1991-2020,IBGE_2024
2101970,Boa Vista do Gurupi,MA,400.35,1,jan,265.7965430229669,OK,1991,2020,30,CHIRPS_v2,UCSB-CHG/CHIRPS/DAILY,1991-2020,IBGE_2024
2110039,Santa Luzia do Paruá,MA,1010.483,1,jan,248.45475639687209,OK,1991,2020,30,CHIRPS_v2,UCSB-CHG/CHIRPS/DAILY,1991-2020,IBGE_2024
2109239,Presidente Médici,MA,437.687,1,jan,239.75606487339087,OK,1991,2020,30,CHIRPS_v2,UCSB-CHG/CHIRPS/DAILY,1991-2020,IBGE_2024
2100550,Amapá do Maranhão,MA,493.738,1,jan,238.9368630201688,OK,1991,2020,30,CHIRPS_v2,UCSB-CHG/CHIRPS/DAILY,1991-2020,IBGE_2024
2106326,Maracaçumé,MA,635.758,1,jan,259.91652657149183,OK,1991,2020,30,CHIRPS_v2,UCSB-CHG/CHIRPS/DAILY,1991-2020,IBGE_2024
2106375,Maranhãozinho,MA,781.676,1,jan,255.33767640111802,OK,1991,2020,30,CHIRPS_v2,UCSB-CHG/CHIRPS/DAILY,1991-2020,IBGE_2024
2106201,Luís Domingues,MA,467.251,1,jan,214.9777738771449,OK,1991,2020,30,CHIRPS_v2,UCSB-CHG/CHIRPS/DAILY,1991-2020,IBGE_2024
2105658,Junco do Maranhão,MA,568.499,1,jan,267.1910346191995,OK,1991,2020,30,CHIRPS_v2,UCSB-CHG/CHIRPS/DAILY,1991-2020,IBGE_2024
2104677,Governador Nunes Freire,MA,1049.208,1,jan,239.20549328512885,OK,1991,2020,30,CHIRPS_v2,UCSB-CHG/CHIRPS/DAILY,1991-2020,IBGE_2024
2104305,Godofredo Viana,MA,725.707,1,jan,202.67700160738383,OK,1991,2020,30,CHIRPS_v2,UCSB-CHG/CHIRPS/DAILY,1991-2020,IBGE_2024
2111763,Senador La Rocque,MA,737.078,1,jan,229.89188424470416,OK,1991,2020,30,CHIRPS_v2,UCSB-CHG/CHIRPS/DAILY,1991-2020,IBGE_2024
2103752,Davinópolis,MA,332.249,1,jan,233.57603044177444,OK,1991,2020,30,CHIRPS_v2,UCSB-CHG/CHIRPS/DAILY,1991-2020,IBGE_2024
2111052,São João do Paraíso,MA,2052.328,1,jan,216.4342253992878,OK,1991,2020,30,CHIRPS_v2,UCSB-CHG/CHIRPS/DAILY,1991-2020,IBGE_2024
2103257,Cidelândia,MA,1462.81,1,jan,266.4491453692507,OK,1991,2020,30,CHIRPS_v2,UCSB-CHG/CHIRPS/DAILY,1991-2020,IBGE_2024
2111532,São Pedro da Água Branca,MA,720.461,1,jan,277.7012926993417,OK,1991,2020,30,CHIRPS_v2,UCSB-CHG/CHIRPS/DAILY,1991-2020,IBGE_2024
2102556,Campestre do Maranhão,MA,613.529,1,jan,248.72068088412152,OK,1991,2020,30,CHIRPS_v2,UCSB-CHG/CHIRPS/DAILY,1991-2020,IBGE_2024
2102358,Buritirana,MA,821.261,1,jan,229.4107240695628,OK,1991,2020,30,CHIRPS_v2,UCSB-CHG/CHIRPS/DAILY,1991-2020,IBGE_2024
2109551,Ribamar Fiquene,MA,733.458,1,jan,242.39305034581804,OK,1991,2020,30,CHIRPS_v2,UCSB-CHG/CHIRPS/DAILY,1991-2020,IBGE_2024
2109007,Porto Franco,MA,1421.011,1,jan,237.8269404956242,OK,1991,2020,30,CHIRPS_v2,UCSB-CHG/CHIRPS/DAILY,1991-2020,IBGE_2024
2100600,Amarante do Maranhão,MA,7441.771,1,jan,202.80028310679995,OK,1991,2020,30,CHIRPS_v2,UCSB-CHG/CHIRPS/DAILY,1991-2020,IBGE_2024
2107001,Montes Altos,MA,1489.198,1,jan,227.13219734009945,OK,1991,2020,30,CHIRPS_v2,UCSB-CHG/CHIRPS/DAILY,1991-2020,IBGE_2024
2105989,Lajeado Novo,MA,1063.62,1,jan,216.60809299679903,OK,1991,2020,30,CHIRPS_v2,UCSB-CHG/CHIRPS/DAILY,1991-2020,IBGE_2024
2105500,João Lisboa,MA,1135.08,1,jan,234.7631646655302,OK,1991,2020,30,CHIRPS_v2,UCSB-CHG/CHIRPS/DAILY,1991-2020,IBGE_2024
2105302,Imperatriz,MA,1369.039,1,jan,243.2077376608128,OK,1991,2020,30,CHIRPS_v2,UCSB-CHG/CHIRPS/DAILY,1991-2020,IBGE_2024
2104552,Governador Edison Lobão,MA,615.957,1,jan,237.10498046397367,OK,1991,2020,30,CHIRPS_v2,UCSB-CHG/CHIRPS/DAILY,1991-2020,IBGE_2024
2112852,Vila Nova dos Martírios,MA,1190.008,1,jan,272.8824980149517,OK,1991,2020,30,CHIRPS_v2,UCSB-CHG/CHIRPS/DAILY,1991-2020,IBGE_2024
2104057,Estreito,MA,2719.964,1,jan,246.2920775098134,OK,1991,2020,30,CHIRPS_v2,UCSB-CHG/CHIRPS/DAILY,1991-2020,IBGE_2024
2111805,Sítio Novo,MA,3114.682,1,jan,200.36936217607015,OK,1991,2020,30,CHIRPS_v2,UCSB-CHG/CHIRPS/DAILY,1991-2020,IBGE_2024
2111573,São Pedro dos Crentes,MA,979.559,1,jan,213.54391811578915,OK,1991,2020,30,CHIRPS_v2,UCSB-CHG/CHIRPS/DAILY,1991-2020,IBGE_2024
2100956,Arame,MA,2976.039,1,jan,189.5636666235215,OK,1991,2020,30,CHIRPS_v2,UCSB-CHG/CHIRPS/DAILY,1991-2020,IBGE_2024
2105476,Jenipapo dos Vieiras,MA,1962.362,1,jan,194.3420715903354,OK,1991,2020,30,CHIRPS_v2,UCSB-CHG/CHIRPS/DAILY,1991-2020,IBGE_2024
2105351,Itaipava do Grajaú,MA,1244.398,1,jan,188.4793026490669,OK,1991,2020,30,CHIRPS_v2,UCSB-CHG/CHIRPS/DAILY,1991-2020,IBGE_2024
2104800,Grajaú,MA,8861.696,1,jan,192.08275456981596,OK,1991,2020,30,CHIRPS_v2,UCSB-CHG/CHIRPS/DAILY,1991-2020,IBGE_2024
2104099,Formosa da Serra Negra,MA,3690.633,1,jan,200.84286442163346,OK,1991,2020,30,CHIRPS_v2,UCSB-CHG/CHIRPS/DAILY,1991-2020,IBGE_2024
2110856,São Francisco do Brejão,MA,745.357,1,jan,244.38669029162241,OK,1991,2020,30,CHIRPS_v2,UCSB-CHG/CHIRPS/DAILY,1991-2020,IBGE_2024
2102036,Bom Jesus das Selvas,MA,2676.93,1,jan,210.93214337132224,OK,1991,2020,30,CHIRPS_v2,UCSB-CHG/CHIRPS/DAILY,1991-2020,IBGE_2024
2102325,Buriticupu,MA,2553.663,1,jan,194.56073817611409,OK,1991,2020,30,CHIRPS_v2,UCSB-CHG/CHIRPS/DAILY,1991-2020,IBGE_2024
2100055,Açailândia,MA,5805.158,1,jan,244.33782030726383,OK,1991,2020,30,CHIRPS_v2,UCSB-CHG/CHIRPS/DAILY,1991-2020,IBGE_2024
2105427,Itinga do Maranhão,MA,3583.423,1,jan,231.3651822274293,OK,1991,2020,30,CHIRPS_v2,UCSB-CHG/CHIRPS/DAILY,1991-2020,IBGE_2024
2111607,São Raimundo das Mangabeiras,MA,3523.94,1,jan,212.6963092383165,OK,1991,2020,30,CHIRPS_v2,UCSB-CHG/CHIRPS/DAILY,1991-2020,IBGE_2024
2112001,Tasso Fragoso,MA,4369.318,1,jan,237.60828952265348,OK,1991,2020,30,CHIRPS_v2,UCSB-CHG/CHIRPS/DAILY,1991-2020,IBGE_2024
2102804,Carolina,MA,6267.601,1,jan,270.1544084458438,OK,1991,2020,30,CHIRPS_v2,UCSB-CHG/CHIRPS/DAILY,1991-2020,IBGE_2024
2109700,Sambaíba,MA,3015.086,1,jan,210.75245673734193,OK,1991,2020,30,CHIRPS_v2,UCSB-CHG/CHIRPS/DAILY,1991-2020,IBGE_2024
2101400,Balsas,MA,12601.976,1,jan,243.3005908474005,OK,1991,2020,30,CHIRPS_v2,UCSB-CHG/CHIRPS/DAILY,1991-2020,IBGE_2024
2109502,Riachão,MA,6402.83,1,jan,245.05687347217716,OK,1991,2020,30,CHIRPS_v2,UCSB-CHG/CHIRPS/DAILY,1991-2020,IBGE_2024
2100501,Alto Parnaíba,MA,11127.384,1,jan,239.8816008194516,OK,1991,2020,30,CHIRPS_v2,UCSB-CHG/CHIRPS/DAILY,1991-2020,IBGE_2024
2107258,Nova Colinas,MA,743.11,1,jan,217.69524461210958,OK,1991,2020,30,CHIRPS_v2,UCSB-CHG/CHIRPS/DAILY,1991-2020,IBGE_2024
2106102,Loreto,MA,3596.74,1,jan,199.33152531492112,OK,1991,2020,30,CHIRPS_v2,UCSB-CHG/CHIRPS/DAILY,1991-2020,IBGE_2024
2104107,Fortaleza dos Nogueiras,MA,1853.382,1,jan,216.80322077747869,OK,1991,2020,30,CHIRPS_v2,UCSB-CHG/CHIRPS/DAILY,1991-2020,IBGE_2024
2104073,Feira Nova do Maranhão,MA,1626.052,1,jan,225.1502184647762,OK,1991,2020,30,CHIRPS_v2,UCSB-CHG/CHIRPS/DAILY,1991-2020,IBGE_2024
2209203,Santa Filomena,PI,5293.693,1,jan,223.73138769759572,OK,1991,2020,30,CHIRPS_v2,UCSB-CHG/CHIRPS/DAILY,1991-2020,IBGE_2024
2201309,Barreiras do Piauí,PI,2168.713,1,jan,221.6135344426286,OK,1991,2020,30,CHIRPS_v2,UCSB-CHG/CHIRPS/DAILY,1991-2020,IBGE_2024
2209757,São Gonçalo do Gurguéia,PI,1385.259,1,jan,198.33813409981192,OK,1991,2020,30,CHIRPS_v2,UCSB-CHG/CHIRPS/DAILY,1991-2020,IBGE_2024
2919553,Luís Eduardo Magalhães,BA,4033.04,1,jan,231.49162480306896,OK,1991,2020,30,CHIRPS_v2,UCSB-CHG/CHIRPS/DAILY,1991-2020,IBGE_2024
2903201,Barreiras,BA,8059.305,1,jan,194.2746059756209,OK,1991,2020,30,CHIRPS_v2,UCSB-CHG/CHIRPS/DAILY,1991-2020,IBGE_2024
3157609,Santa Fé de Minas,MG,2917.448,1,jan,196.9012133100627,OK,1991,2020,30,CHIRPS_v2,UCSB-CHG/CHIRPS/DAILY,1991-2020,IBGE_2024
3150570,Pintópolis,MG,1228.736,1,jan,179.56747570635787,OK,1991,2020,30,CHIRPS_v2,UCSB-CHG/CHIRPS/DAILY,1991-2020,IBGE_2024
3116159,Chapada Gaúcha,MG,3255.189,1,jan,194.25247978396663,OK,1991,2020,30,CHIRPS_v2,UCSB-CHG/CHIRPS/DAILY,1991-2020,IBGE_2024
3164209,São Romão,MG,2434.004,1,jan,182.5693965078944,OK,1991,2020,30,CHIRPS_v2,UCSB-CHG/CHIRPS/DAILY,1991-2020,IBGE_2024
3108552,Brasilândia de Minas,MG,2509.694,1,jan,206.46884511862558,OK,1991,2020,30,CHIRPS_v2,UCSB-CHG/CHIRPS/DAILY,1991-2020,IBGE_2024
3147006,Paracatu,MG,8231.029,1,jan,246.21235198256494,OK,1991,2020,30,CHIRPS_v2,UCSB-CHG/CHIRPS/DAILY,1991-2020,IBGE_2024
3170529,Urucuia,MG,2076.942,1,jan,195.2533859806811,OK,1991,2020,30,CHIRPS_v2,UCSB-CHG/CHIRPS/DAILY,1991-2020,IBGE_2024
3170404,Unaí,MG,8445.432,1,jan,214.65286569766513,OK,1991,2020,30,CHIRPS_v2,UCSB-CHG/CHIRPS/DAILY,1991-2020,IBGE_2024
3170479,Uruana de Minas,MG,598.221,1,jan,209.21035392931074,OK,1991,2020,30,CHIRPS_v2,UCSB-CHG/CHIRPS/DAILY,1991-2020,IBGE_2024
3154457,Riachinho,MG,1719.266,1,jan,198.92040575054827,OK,1991,2020,30,CHIRPS_v2,UCSB-CHG/CHIRPS/DAILY,1991-2020,IBGE_2024
3104502,Arinos,MG,5279.419,1,jan,203.32544351090252,OK,1991,2020,30,CHIRPS_v2,UCSB-CHG/CHIRPS/DAILY,1991-2020,IBGE_2024
3144375,Natalândia,MG,468.66,1,jan,218.1171112011085,OK,1991,2020,30,CHIRPS_v2,UCSB-CHG/CHIRPS/DAILY,1991-2020,IBGE_2024
3109451,Cabeceira Grande,MG,1033.055,1,jan,196.64973936271528,OK,1991,2020,30,CHIRPS_v2,UCSB-CHG/CHIRPS/DAILY,1991-2020,IBGE_2024
3126208,Formoso,MG,3686.004,1,jan,185.64949196506507,OK,1991,2020,30,CHIRPS_v2,UCSB-CHG/CHIRPS/DAILY,1991-2020,IBGE_2024
3109303,Buritis,MG,5225.186,1,jan,192.06868253969512,OK,1991,2020,30,CHIRPS_v2,UCSB-CHG/CHIRPS/DAILY,1991-2020,IBGE_2024
3108206,Bonfinópolis de Minas,MG,1850.487,1,jan,208.64796003759344,OK,1991,2020,30,CHIRPS_v2,UCSB-CHG/CHIRPS/DAILY,1991-2020,IBGE_2024
3122470,Dom Bosco,MG,817.383,1,jan,212.57187054162355,OK,1991,2020,30,CHIRPS_v2,UCSB-CHG/CHIRPS/DAILY,1991-2020,IBGE_2024
4318101,São Francisco de Assis,RS,2534.789,1,jan,155.796708190871,OK,1991,2020,30,CHIRPS_v2,UCSB-CHG/CHIRPS/DAILY,1991-2020,IBGE_2024
4310553,Itacurubi,RS,1120.249,1,jan,161.57050896612932,OK,1991,2020,30,CHIRPS_v2,UCSB-CHG/CHIRPS/DAILY,1991-2020,IBGE_2024
4301875,Barra do Quaraí,RS,1055.937,1,jan,142.42757360016435,OK,1991,2020,30,CHIRPS_v2,UCSB-CHG/CHIRPS/DAILY,1991-2020,IBGE_2024
4322400,Uruguaiana,RS,5702.098,1,jan,139.9570117461796,OK,1991,2020,30,CHIRPS_v2,UCSB-CHG/CHIRPS/DAILY,1991-2020,IBGE_2024
4318002,São Borja,RS,3616.674,1,jan,152.14003012302638,OK,1991,2020,30,CHIRPS_v2,UCSB-CHG/CHIRPS/DAILY,1991-2020,IBGE_2024
4311718,Maçambará,RS,1682.676,1,jan,161.0858842520575,OK,1991,2020,30,CHIRPS_v2,UCSB-CHG/CHIRPS/DAILY,1991-2020,IBGE_2024
4310603,Itaqui,RS,3405.999,1,jan,153.90488178065814,OK,1991,2020,30,CHIRPS_v2,UCSB-CHG/CHIRPS/DAILY,1991-2020,IBGE_2024
4317707,Santo Antônio das Missões,RS,1710.466,1,jan,158.20564819564933,OK,1991,2020,30,CHIRPS_v2,UCSB-CHG/CHIRPS/DAILY,1991-2020,IBGE_2024
4308656,Garruchos,RS,803.97,1,jan,159.25207906516616,OK,1991,2020,30,CHIRPS_v2,UCSB-CHG/CHIRPS/DAILY,1991-2020,IBGE_2024
5007695,São Gabriel do Oeste,MS,3850.674,1,jan,242.95335924572996,OK,1991,2020,30,CHIRPS_v2,UCSB-CHG/CHIRPS/DAILY,1991-2020,IBGE_2024
5003488,Dois Irmãos do Buriti,MS,2430.3,1,jan,186.64401145221038,OK,1991,2020,30,CHIRPS_v2,UCSB-CHG/CHIRPS/DAILY,1991-2020,IBGE_2024
5000252,Alcinópolis,MS,4397.518,1,jan,281.13272934840796,OK,1991,2020,30,CHIRPS_v2,UCSB-CHG/CHIRPS/DAILY,1991-2020,IBGE_2024
5007935,Sonora,MS,4185.542,1,jan,261.1204683981781,OK,1991,2020,30,CHIRPS_v2,UCSB-CHG/CHIRPS/DAILY,1991-2020,IBGE_2024
5007406,Rio Verde de Mato Grosso,MS,8174.784,1,jan,231.3330066454062,OK,1991,2020,30,CHIRPS_v2,UCSB-CHG/CHIRPS/DAILY,1991-2020,IBGE_2024
5006408,Pedro Gomes,MS,3553.782,1,jan,277.0983082124999,OK,1991,2020,30,CHIRPS_v2,UCSB-CHG/CHIRPS/DAILY,1991-2020,IBGE_2024
5003900,Figueirão,MS,4880.736,1,jan,271.80081546920223,OK,1991,2020,30,CHIRPS_v2,UCSB-CHG/CHIRPS/DAILY,1991-2020,IBGE_2024
5003256,Costa Rica,MS,4159.384,1,jan,273.03507408324276,OK,1991,2020,30,CHIRPS_v2,UCSB-CHG/CHIRPS/DAILY,1991-2020,IBGE_2024
5003306,Coxim,MS,6390.663,1,jan,258.0642135722629,OK,1991,2020,30,CHIRPS_v2,UCSB-CHG/CHIRPS/DAILY,1991-2020,IBGE_2024
5005400,Maracaju,MS,5396.905,1,jan,183.63234928785516,OK,1991,2020,30,CHIRPS_v2,UCSB-CHG/CHIRPS/DAILY,1991-2020,IBGE_2024
5003702,Dourados,MS,4062.889,1,jan,174.52657413605786,OK,1991,2020,30,CHIRPS_v2,UCSB-CHG/CHIRPS/DAILY,1991-2020,IBGE_2024
5000906,Antônio João,MS,1095.9,1,jan,187.13630482775355,OK,1991,2020,30,CHIRPS_v2,UCSB-CHG/CHIRPS/DAILY,1991-2020,IBGE_2024
5001243,Aral Moreira,MS,1653.86,1,jan,185.64366655072484,OK,1991,2020,30,CHIRPS_v2,UCSB-CHG/CHIRPS/DAILY,1991-2020,IBGE_2024
5006606,Ponta Porã,MS,5359.274,1,jan,187.63092200831275,OK,1991,2020,30,CHIRPS_v2,UCSB-CHG/CHIRPS/DAILY,1991-2020,IBGE_2024
5006358,Paranhos,MS,1307.092,1,jan,175.6779465519823,OK,1991,2020,30,CHIRPS_v2,UCSB-CHG/CHIRPS/DAILY,1991-2020,IBGE_2024
5003157,Coronel Sapucaia,MS,1023.727,1,jan,185.9708408365722,OK,1991,2020,30,CHIRPS_v2,UCSB-CHG/CHIRPS/DAILY,1991-2020,IBGE_2024
5005202,Ladário,MS,354.255,1,jan,161.29774070398688,OK,1991,2020,30,CHIRPS_v2,UCSB-CHG/CHIRPS/DAILY,1991-2020,IBGE_2024
5003207,Corumbá,MS,64431.145,1,jan,184.55481430785707,OK,1991,2020,30,CHIRPS_v2,UCSB-CHG/CHIRPS/DAILY,1991-2020,IBGE_2024
5006903,Porto Murtinho,MS,17502.994,1,jan,171.00307118749683,OK,1991,2020,30,CHIRPS_v2,UCSB-CHG/CHIRPS/DAILY,1991-2020,IBGE_2024
5005806,Nioaque,MS,3909.738,1,jan,175.10297346745745,OK,1991,2020,30,CHIRPS_v2,UCSB-CHG/CHIRPS/DAILY,1991-2020,IBGE_2024
5005004,Jardim,MS,2130.068,1,jan,177.9037057276062,OK,1991,2020,30,CHIRPS_v2,UCSB-CHG/CHIRPS/DAILY,1991-2020,IBGE_2024
5004106,Guia Lopes da Laguna,MS,1225.426,1,jan,177.26610331311997,OK,1991,2020,30,CHIRPS_v2,UCSB-CHG/CHIRPS/DAILY,1991-2020,IBGE_2024
5002803,Caracol,MS,2928.706,1,jan,169.28936753277054,OK,1991,2020,30,CHIRPS_v2,UCSB-CHG/CHIRPS/DAILY,1991-2020,IBGE_2024
5002209,Bonito,MS,5378.723,1,jan,189.0387765435514,OK,1991,2020,30,CHIRPS_v2,UCSB-CHG/CHIRPS/DAILY,1991-2020,IBGE_2024
5002100,Bela Vista,MS,4956.473,1,jan,171.52009236940663,OK,1991,2020,30,CHIRPS_v2,UCSB-CHG/CHIRPS/DAILY,1991-2020,IBGE_2024
5001102,Aquidauana,MS,17087.976,1,jan,192.94803244277898,OK,1991,2020,30,CHIRPS_v2,UCSB-CHG/CHIRPS/DAILY,1991-2020,IBGE_2024
5000708,Anastácio,MS,2913.108,1,jan,187.71350374692702,OK,1991,2020,30,CHIRPS_v2,UCSB-CHG/CHIRPS/DAILY,1991-2020,IBGE_2024
5005608,Miranda,MS,5470.975,1,jan,193.99917380227504,OK,1991,2020,30,CHIRPS_v2,UCSB-CHG/CHIRPS/DAILY,1991-2020,IBGE_2024
5002159,Bodoquena,MS,2589.14,1,jan,194.7717826753388,OK,1991,2020,30,CHIRPS_v2,UCSB-CHG/CHIRPS/DAILY,1991-2020,IBGE_2024
5106455,Planalto da Serra,MT,2437.59,1,jan,334.38147782894237,OK,1991,2020,30,CHIRPS_v2,UCSB-CHG/CHIRPS/DAILY,1991-2020,IBGE_2024
5106505,Poconé,MT,17013.707,1,jan,206.19862331287618,OK,1991,2020,30,CHIRPS_v2,UCSB-CHG/CHIRPS/DAILY,1991-2020,IBGE_2024
5105903,Nobres,MT,3908.739,1,jan,307.2836389175978,OK,1991,2020,30,CHIRPS_v2,UCSB-CHG/CHIRPS/DAILY,1991-2020,IBGE_2024
5106208,Nova Brasilândia,MT,3289.572,1,jan,311.41705898348266,OK,1991,2020,30,CHIRPS_v2,UCSB-CHG/CHIRPS/DAILY,1991-2020,IBGE_2024
5106109,Nossa Senhora do Livramento,MT,5410.138,1,jan,228.22153849221436,OK,1991,2020,30,CHIRPS_v2,UCSB-CHG/CHIRPS/DAILY,1991-2020,IBGE_2024
5104906,Jangada,MT,1114.302,1,jan,198.15929164319093,OK,1991,2020,30,CHIRPS_v2,UCSB-CHG/CHIRPS/DAILY,1991-2020,IBGE_2024
5103403,Cuiabá,MT,4327.22,1,jan,240.41467255702233,OK,1991,2020,30,CHIRPS_v2,UCSB-CHG/CHIRPS/DAILY,1991-2020,IBGE_2024
5102678,Campo Verde,MT,4771.091,1,jan,260.32811335701297,OK,1991,2020,30,CHIRPS_v2,UCSB-CHG/CHIRPS/DAILY,1991-2020,IBGE_2024
5103007,Chapada dos Guimarães,MT,6603.253,1,jan,268.14874221753195,OK,1991,2020,30,CHIRPS_v2,UCSB-CHG/CHIRPS/DAILY,1991-2020,IBGE_2024
5101605,Barão de Melgaço,MT,11374.872,1,jan,228.60791495732016,OK,1991,2020,30,CHIRPS_v2,UCSB-CHG/CHIRPS/DAILY,1991-2020,IBGE_2024
5108402,Várzea Grande,MT,939.887,1,jan,217.4043578480119,OK,1991,2020,30,CHIRPS_v2,UCSB-CHG/CHIRPS/DAILY,1991-2020,IBGE_2024
5107800,Santo Antônio de Leverger,MT,9519.194,1,jan,245.12416073559322,OK,1991,2020,30,CHIRPS_v2,UCSB-CHG/CHIRPS/DAILY,1991-2020,IBGE_2024
5100102,Acorizal,MT,850.763,1,jan,161.63632089999192,OK,1991,2020,30,CHIRPS_v2,UCSB-CHG/CHIRPS/DAILY,1991-2020,IBGE_2024
5107701,Rosário Oeste,MT,7339.442,1,jan,265.6203417082482,OK,1991,2020,30,CHIRPS_v2,UCSB-CHG/CHIRPS/DAILY,1991-2020,IBGE_2024
5106851,Porto Estrela,MT,2045.467,1,jan,235.24856945811607,OK,1991,2020,30,CHIRPS_v2,UCSB-CHG/CHIRPS/DAILY,1991-2020,IBGE_2024
5106232,Nova Olímpia,MT,1327.266,1,jan,257.48574399827777,OK,1991,2020,30,CHIRPS_v2,UCSB-CHG/CHIRPS/DAILY,1991-2020,IBGE_2024
5103452,Denise,MT,1273.178,1,jan,274.10718669542604,OK,1991,2020,30,CHIRPS_v2,UCSB-CHG/CHIRPS/DAILY,1991-2020,IBGE_2024
5102637,Campo Novo do Parecis,MT,9428.585,1,jan,306.40240164803515,OK,1991,2020,30,CHIRPS_v2,UCSB-CHG/CHIRPS/DAILY,1991-2020,IBGE_2024
5101704,Barra do Bugres,MT,5976.863,1,jan,248.84283953726526,OK,1991,2020,30,CHIRPS_v2,UCSB-CHG/CHIRPS/DAILY,1991-2020,IBGE_2024
5101902,Brasnorte,MT,15968.355,1,jan,334.8968517039797,OK,1991,2020,30,CHIRPS_v2,UCSB-CHG/CHIRPS/DAILY,1991-2020,IBGE_2024
5107958,Tangará da Serra,MT,11636.262,1,jan,270.17075241125315,OK,1991,2020,30,CHIRPS_v2,UCSB-CHG/CHIRPS/DAILY,1991-2020,IBGE_2024
5107875,Sapezal,MT,13614.552,1,jan,314.56240995420427,OK,1991,2020,30,CHIRPS_v2,UCSB-CHG/CHIRPS/DAILY,1991-2020,IBGE_2024
5107263,Santo Afonso,MT,1166.382,1,jan,282.2322993914645,OK,1991,2020,30,CHIRPS_v2,UCSB-CHG/CHIRPS/DAILY,1991-2020,IBGE_2024
5106000,Nortelândia,MT,1336.754,1,jan,301.17667153578833,OK,1991,2020,30,CHIRPS_v2,UCSB-CHG/CHIRPS/DAILY,1991-2020,IBGE_2024
5103502,Diamantino,MT,8263.397,1,jan,330.97410158400066,OK,1991,2020,30,CHIRPS_v2,UCSB-CHG/CHIRPS/DAILY,1991-2020,IBGE_2024
5101308,Arenápolis,MT,417.337,1,jan,283.90340934236775,OK,1991,2020,30,CHIRPS_v2,UCSB-CHG/CHIRPS/DAILY,1991-2020,IBGE_2024
5108857,Nova Marilândia,MT,1905.744,1,jan,306.64461916045457,OK,1991,2020,30,CHIRPS_v2,UCSB-CHG/CHIRPS/DAILY,1991-2020,IBGE_2024
5108907,Nova Maringá,MT,11553.479,1,jan,334.91533501115845,OK,1991,2020,30,CHIRPS_v2,UCSB-CHG/CHIRPS/DAILY,1991-2020,IBGE_2024
5100508,Alto Paraguai,MT,1847.354,1,jan,245.19839696568243,OK,1991,2020,30,CHIRPS_v2,UCSB-CHG/CHIRPS/DAILY,1991-2020,IBGE_2024
5107305,São José do Rio Claro,MT,4525.304,1,jan,335.7484504738246,OK,1991,2020,30,CHIRPS_v2,UCSB-CHG/CHIRPS/DAILY,1991-2020,IBGE_2024
5107206,Rio Branco,MT,539.287,1,jan,240.2991342039343,OK,1991,2020,30,CHIRPS_v2,UCSB-CHG/CHIRPS/DAILY,1991-2020,IBGE_2024
5105234,Lambari D'Oeste,MT,1810.463,1,jan,239.4401318027807,OK,1991,2020,30,CHIRPS_v2,UCSB-CHG/CHIRPS/DAILY,1991-2020,IBGE_2024
5103437,Curvelândia,MT,357.212,1,jan,233.34570077857094,OK,1991,2020,30,CHIRPS_v2,UCSB-CHG/CHIRPS/DAILY,1991-2020,IBGE_2024
5102504,Cáceres,MT,24499.922,1,jan,208.66196963348017,OK,1991,2020,30,CHIRPS_v2,UCSB-CHG/CHIRPS/DAILY,1991-2020,IBGE_2024
5107750,Salto do Céu,MT,1753.38,1,jan,247.5882416144357,OK,1991,2020,30,CHIRPS_v2,UCSB-CHG/CHIRPS/DAILY,1991-2020,IBGE_2024
5106752,Pontes e Lacerda,MT,8545.292,1,jan,205.90085008060214,OK,1991,2020,30,CHIRPS_v2,UCSB-CHG/CHIRPS/DAILY,1991-2020,IBGE_2024
5106182,Nova Lacerda,MT,4780.426,1,jan,255.23013305623604,OK,1991,2020,30,CHIRPS_v2,UCSB-CHG/CHIRPS/DAILY,1991-2020,IBGE_2024
5105507,Vila Bela da Santíssima Trindade,MT,13484.71,1,jan,210.34634089335015,OK,1991,2020,30,CHIRPS_v2,UCSB-CHG/CHIRPS/DAILY,1991-2020,IBGE_2024
5103361,Conquista D'Oeste,MT,2684.676,1,jan,249.65952318860784,OK,1991,2020,30,CHIRPS_v2,UCSB-CHG/CHIRPS/DAILY,1991-2020,IBGE_2024
5103304,Comodoro,MT,21485.018,1,jan,318.0989542392732,OK,1991,2020,30,CHIRPS_v2,UCSB-CHG/CHIRPS/DAILY,1991-2020,IBGE_2024
5102686,Campos de Júlio,MT,6792.808,1,jan,312.2919110380074,OK,1991,2020,30,CHIRPS_v2,UCSB-CHG/CHIRPS/DAILY,1991-2020,IBGE_2024
5108352,Vale de São Domingos,MT,1902.108,1,jan,230.00866372319916,OK,1991,2020,30,CHIRPS_v2,UCSB-CHG/CHIRPS/DAILY,1991-2020,IBGE_2024
5106828,Porto Esperidião,MT,5835.276,1,jan,202.5992942087466,OK,1991,2020,30,CHIRPS_v2,UCSB-CHG/CHIRPS/DAILY,1991-2020,IBGE_2024
5107156,Reserva do Cabaçal,MT,1331.677,1,jan,253.61053282881727,OK,1991,2020,30,CHIRPS_v2,UCSB-CHG/CHIRPS/DAILY,1991-2020,IBGE_2024
5107107,São José dos Quatro Marcos,MT,1282.762,1,jan,235.27541696843426,OK,1991,2020,30,CHIRPS_v2,UCSB-CHG/CHIRPS/DAILY,1991-2020,IBGE_2024
5105622,Mirassol d'Oeste,MT,1085.488,1,jan,235.4103819268144,OK,1991,2020,30,CHIRPS_v2,UCSB-CHG/CHIRPS/DAILY,1991-2020,IBGE_2024
5105002,Jauru,MT,1345.411,1,jan,207.5443699007652,OK,1991,2020,30,CHIRPS_v2,UCSB-CHG/CHIRPS/DAILY,1991-2020,IBGE_2024
5104500,Indiavaí,MT,592.495,1,jan,222.6117806624366,OK,1991,2020,30,CHIRPS_v2,UCSB-CHG/CHIRPS/DAILY,1991-2020,IBGE_2024
5103809,Figueirópolis D'Oeste,MT,891.448,1,jan,220.2057595519179,OK,1991,2020,30,CHIRPS_v2,UCSB-CHG/CHIRPS/DAILY,1991-2020,IBGE_2024
5103957,Glória D'Oeste,MT,833.131,1,jan,243.1775183951111,OK,1991,2020,30,CHIRPS_v2,UCSB-CHG/CHIRPS/DAILY,1991-2020,IBGE_2024
5101258,Araputanga,MT,1639.731,1,jan,234.9434360876002,OK,1991,2020,30,CHIRPS_v2,UCSB-CHG/CHIRPS/DAILY,1991-2020,IBGE_2024
5107248,Santa Carmem,MT,3812.09,1,jan,334.10531128255803,OK,1991,2020,30,CHIRPS_v2,UCSB-CHG/CHIRPS/DAILY,1991-2020,IBGE_2024
5106216,Nova Canaã do Norte,MT,5953.099,1,jan,338.4556399813955,OK,1991,2020,30,CHIRPS_v2,UCSB-CHG/CHIRPS/DAILY,1991-2020,IBGE_2024
5106190,Nova Santa Helena,MT,2385.611,1,jan,341.2477565306527,OK,1991,2020,30,CHIRPS_v2,UCSB-CHG/CHIRPS/DAILY,1991-2020,IBGE_2024
5105580,Marcelândia,MT,12285.486,1,jan,321.1741743699557,OK,1991,2020,30,CHIRPS_v2,UCSB-CHG/CHIRPS/DAILY,1991-2020,IBGE_2024
5104559,Itaúba,MT,4521.79,1,jan,311.615262312033,OK,1991,2020,30,CHIRPS_v2,UCSB-CHG/CHIRPS/DAILY,1991-2020,IBGE_2024
5103700,Feliz Natal,MT,11661.514,1,jan,343.864974328533,OK,1991,2020,30,CHIRPS_v2,UCSB-CHG/CHIRPS/DAILY,1991-2020,IBGE_2024
5103205,Colíder,MT,3112.091,1,jan,351.95741736572506,OK,1991,2020,30,CHIRPS_v2,UCSB-CHG/CHIRPS/DAILY,1991-2020,IBGE_2024
5103056,Cláudia,MT,3843.562,1,jan,324.14273751215467,OK,1991,2020,30,CHIRPS_v2,UCSB-CHG/CHIRPS/DAILY,1991-2020,IBGE_2024
5108808,Nova Guarita,MT,1121.928,1,jan,379.65628749037813,OK,1991,2020,30,CHIRPS_v2,UCSB-CHG/CHIRPS/DAILY,1991-2020,IBGE_2024
5108303,União do Sul,MT,4590.628,1,jan,315.76014980856814,OK,1991,2020,30,CHIRPS_v2,UCSB-CHG/CHIRPS/DAILY,1991-2020,IBGE_2024
5107909,Sinop,MT,3990.87,1,jan,302.8853014458921,OK,1991,2020,30,CHIRPS_v2,UCSB-CHG/CHIRPS/DAILY,1991-2020,IBGE_2024
5108055,Terra Nova do Norte,MT,2399.737,1,jan,368.97376130319947,OK,1991,2020,30,CHIRPS_v2,UCSB-CHG/CHIRPS/DAILY,1991-2020,IBGE_2024
5106240,Nova Ubiratã,MT,8720.777,1,jan,326.4167521900753,OK,1991,2020,30,CHIRPS_v2,UCSB-CHG/CHIRPS/DAILY,1991-2020,IBGE_2024
5106224,Nova Mutum,MT,9536.814,1,jan,330.5434625817379,OK,1991,2020,30,CHIRPS_v2,UCSB-CHG/CHIRPS/DAILY,1991-2020,IBGE_2024
5105259,Lucas do Rio Verde,MT,3674.596,1,jan,314.4267699833592,OK,1991,2020,30,CHIRPS_v2,UCSB-CHG/CHIRPS/DAILY,1991-2020,IBGE_2024
5104542,Itanhangá,MT,2909.745,1,jan,340.37981686023556,OK,1991,2020,30,CHIRPS_v2,UCSB-CHG/CHIRPS/DAILY,1991-2020,IBGE_2024
5104526,Ipiranga do Norte,MT,3422.016,1,jan,310.70103785429137,OK,1991,2020,30,CHIRPS_v2,UCSB-CHG/CHIRPS/DAILY,1991-2020,IBGE_2024
5101837,Boa Esperança do Norte,MT,4704.488,1,jan,327.1972566127524,OK,1991,2020,30,CHIRPS_v2,UCSB-CHG/CHIRPS/DAILY,1991-2020,IBGE_2024
5108501,Vera,MT,2978.675,1,jan,305.9983580315606,OK,1991,2020,30,CHIRPS_v2,UCSB-CHG/CHIRPS/DAILY,1991-2020,IBGE_2024
5107925,Sorriso,MT,8454.83,1,jan,295.6204152823851,OK,1991,2020,30,CHIRPS_v2,UCSB-CHG/CHIRPS/DAILY,1991-2020,IBGE_2024
5108006,Tapurah,MT,4492.539,1,jan,323.4761493943102,OK,1991,2020,30,CHIRPS_v2,UCSB-CHG/CHIRPS/DAILY,1991-2020,IBGE_2024
5107768,Santa Rita do Trivelato,MT,4740.204,1,jan,320.5836401451717,OK,1991,2020,30,CHIRPS_v2,UCSB-CHG/CHIRPS/DAILY,1991-2020,IBGE_2024
5105150,Juína,MT,26397.173,1,jan,326.4239265024031,OK,1991,2020,30,CHIRPS_v2,UCSB-CHG/CHIRPS/DAILY,1991-2020,IBGE_2024
5105176,Juruena,MT,3207.837,1,jan,339.6634733300079,OK,1991,2020,30,CHIRPS_v2,UCSB-CHG/CHIRPS/DAILY,1991-2020,IBGE_2024
5103379,Cotriguaçu,MT,9469.956,1,jan,341.7963916100134,OK,1991,2020,30,CHIRPS_v2,UCSB-CHG/CHIRPS/DAILY,1991-2020,IBGE_2024
5103254,Colniza,MT,27960.244,1,jan,352.87579242400744,OK,1991,2020,30,CHIRPS_v2,UCSB-CHG/CHIRPS/DAILY,1991-2020,IBGE_2024
5102850,Castanheira,MT,3713.465,1,jan,323.5138562440389,OK,1991,2020,30,CHIRPS_v2,UCSB-CHG/CHIRPS/DAILY,1991-2020,IBGE_2024
5101407,Aripuanã,MT,24678.135,1,jan,349.12876464004376,OK,1991,2020,30,CHIRPS_v2,UCSB-CHG/CHIRPS/DAILY,1991-2020,IBGE_2024
5107578,Rondolândia,MT,12658.341,1,jan,349.5079571289208,OK,1991,2020,30,CHIRPS_v2,UCSB-CHG/CHIRPS/DAILY,1991-2020,IBGE_2024
5106299,Paranaíta,MT,4814.149,1,jan,310.0687297193626,OK,1991,2020,30,CHIRPS_v2,UCSB-CHG/CHIRPS/DAILY,1991-2020,IBGE_2024
5106158,Nova Bandeirantes,MT,9556.661,1,jan,339.01737294882724,OK,1991,2020,30,CHIRPS_v2,UCSB-CHG/CHIRPS/DAILY,1991-2020,IBGE_2024
5102793,Carlinda,MT,2421.788,1,jan,340.62776170101586,OK,1991,2020,30,CHIRPS_v2,UCSB-CHG/CHIRPS/DAILY,1991-2020,IBGE_2024
5100805,Apiacás,MT,20488.646,1,jan,325.03294798244576,OK,1991,2020,30,CHIRPS_v2,UCSB-CHG/CHIRPS/DAILY,1991-2020,IBGE_2024
5108956,Nova Monte Verde,MT,5139.307,1,jan,346.08412715017676,OK,1991,2020,30,CHIRPS_v2,UCSB-CHG/CHIRPS/DAILY,1991-2020,IBGE_2024
5100250,Alta Floresta,MT,8955.409,1,jan,331.89994527300934,OK,1991,2020,30,CHIRPS_v2,UCSB-CHG/CHIRPS/DAILY,1991-2020,IBGE_2024
5106422,Peixoto de Azevedo,MT,14433.774,1,jan,340.26666793824063,OK,1991,2020,30,CHIRPS_v2,UCSB-CHG/CHIRPS/DAILY,1991-2020,IBGE_2024
5106265,Novo Mundo,MT,5800.758,1,jan,373.47256923305054,OK,1991,2020,30,CHIRPS_v2,UCSB-CHG/CHIRPS/DAILY,1991-2020,IBGE_2024
5105606,Matupá,MT,5228.28,1,jan,345.6408309501966,OK,1991,2020,30,CHIRPS_v2,UCSB-CHG/CHIRPS/DAILY,1991-2020,IBGE_2024
5104104,Guarantã do Norte,MT,4725.273,1,jan,349.73117230803666,OK,1991,2020,30,CHIRPS_v2,UCSB-CHG/CHIRPS/DAILY,1991-2020,IBGE_2024
5106802,Porto dos Gaúchos,MT,6846.668,1,jan,343.1587043945023,OK,1991,2020,30,CHIRPS_v2,UCSB-CHG/CHIRPS/DAILY,1991-2020,IBGE_2024
5106273,Novo Horizonte do Norte,MT,920.048,1,jan,332.13292001287306,OK,1991,2020,30,CHIRPS_v2,UCSB-CHG/CHIRPS/DAILY,1991-2020,IBGE_2024
5105101,Juara,MT,22632.713,1,jan,329.2353709645804,OK,1991,2020,30,CHIRPS_v2,UCSB-CHG/CHIRPS/DAILY,1991-2020,IBGE_2024
5107941,Tabaporã,MT,8439.05,1,jan,322.75103633289655,OK,1991,2020,30,CHIRPS_v2,UCSB-CHG/CHIRPS/DAILY,1991-2020,IBGE_2024
5107198,Ribeirãozinho,MT,624.997,1,jan,280.67793185989655,OK,1991,2020,30,CHIRPS_v2,UCSB-CHG/CHIRPS/DAILY,1991-2020,IBGE_2024
5106281,Novo São Joaquim,MT,5225.595,1,jan,289.48136267397,OK,1991,2020,30,CHIRPS_v2,UCSB-CHG/CHIRPS/DAILY,1991-2020,IBGE_2024
5106257,Nova Xavantina,MT,5492.21,1,jan,288.1362540057603,OK,1991,2020,30,CHIRPS_v2,UCSB-CHG/CHIRPS/DAILY,1991-2020,IBGE_2024
5106653,Pontal do Araguaia,MT,2742.482,1,jan,281.9623668358487,OK,1991,2020,30,CHIRPS_v2,UCSB-CHG/CHIRPS/DAILY,1991-2020,IBGE_2024
5106703,Ponte Branca,MT,701.138,1,jan,283.1328350685387,OK,1991,2020,30,CHIRPS_v2,UCSB-CHG/CHIRPS/DAILY,1991-2020,IBGE_2024
5103908,General Carneiro,MT,4514.917,1,jan,300.9251578710511,OK,1991,2020,30,CHIRPS_v2,UCSB-CHG/CHIRPS/DAILY,1991-2020,IBGE_2024
5101803,Barra do Garças,MT,8362.912,1,jan,291.9866713702507,OK,1991,2020,30,CHIRPS_v2,UCSB-CHG/CHIRPS/DAILY,1991-2020,IBGE_2024
5101001,Araguaiana,MT,6380.7,1,jan,285.3953982858887,OK,1991,2020,30,CHIRPS_v2,UCSB-CHG/CHIRPS/DAILY,1991-2020,IBGE_2024
5108204,Torixoréu,MT,2398.383,1,jan,275.7852212029603,OK,1991,2020,30,CHIRPS_v2,UCSB-CHG/CHIRPS/DAILY,1991-2020,IBGE_2024
5106778,Porto Alegre do Norte,MT,3971.733,1,jan,321.5356528557366,OK,1991,2020,30,CHIRPS_v2,UCSB-CHG/CHIRPS/DAILY,1991-2020,IBGE_2024
5106315,Novo Santo Antônio,MT,4394.78,1,jan,280.9840028037456,OK,1991,2020,30,CHIRPS_v2,UCSB-CHG/CHIRPS/DAILY,1991-2020,IBGE_2024
5105309,Luciara,MT,4282.733,1,jan,300.0918486798398,OK,1991,2020,30,CHIRPS_v2,UCSB-CHG/CHIRPS/DAILY,1991-2020,IBGE_2024
5103353,Confresa,MT,5802.302,1,jan,322.91877860629853,OK,1991,2020,30,CHIRPS_v2,UCSB-CHG/CHIRPS/DAILY,1991-2020,IBGE_2024
5102694,Canabrava do Norte,MT,3449.037,1,jan,321.020356828289,OK,1991,2020,30,CHIRPS_v2,UCSB-CHG/CHIRPS/DAILY,1991-2020,IBGE_2024
5101852,Bom Jesus do Araguaia,MT,4266.636,1,jan,293.09318175023435,OK,1991,2020,30,CHIRPS_v2,UCSB-CHG/CHIRPS/DAILY,1991-2020,IBGE_2024
5108600,Vila Rica,MT,7436.42,1,jan,316.51994752305853,OK,1991,2020,30,CHIRPS_v2,UCSB-CHG/CHIRPS/DAILY,1991-2020,IBGE_2024
5100359,Alto Boa Vista,MT,2248.414,1,jan,319.33129990507206,OK,1991,2020,30,CHIRPS_v2,UCSB-CHG/CHIRPS/DAILY,1991-2020,IBGE_2024
5107883,Serra Nova Dourada,MT,1490.793,1,jan,301.02199788274896,OK,1991,2020,30,CHIRPS_v2,UCSB-CHG/CHIRPS/DAILY,1991-2020,IBGE_2024
5107859,São Félix do Araguaia,MT,16682.473,1,jan,312.5159427610922,OK,1991,2020,30,CHIRPS_v2,UCSB-CHG/CHIRPS/DAILY,1991-2020,IBGE_2024
5107354,São José do Xingu,MT,7465.563,1,jan,337.8719928962341,OK,1991,2020,30,CHIRPS_v2,UCSB-CHG/CHIRPS/DAILY,1991-2020,IBGE_2024
5107776,Santa Terezinha,MT,6466.228,1,jan,299.8113505877545,OK,1991,2020,30,CHIRPS_v2,UCSB-CHG/CHIRPS/DAILY,1991-2020,IBGE_2024
5107743,Santa Cruz do Xingu,MT,5623.39,1,jan,308.7653854606788,OK,1991,2020,30,CHIRPS_v2,UCSB-CHG/CHIRPS/DAILY,1991-2020,IBGE_2024
5107180,Ribeirão Cascalheira,MT,11354.555,1,jan,280.6095827108521,OK,1991,2020,30,CHIRPS_v2,UCSB-CHG/CHIRPS/DAILY,1991-2020,IBGE_2024
5107065,Querência,MT,17799.989,1,jan,331.8268534567398,OK,1991,2020,30,CHIRPS_v2,UCSB-CHG/CHIRPS/DAILY,1991-2020,IBGE_2024
5106174,Nova Nazaré,MT,4034.539,1,jan,292.57931699355424,OK,1991,2020,30,CHIRPS_v2,UCSB-CHG/CHIRPS/DAILY,1991-2020,IBGE_2024
5103858,Gaúcha do Norte,MT,16908.375,1,jan,338.589358440888,OK,1991,2020,30,CHIRPS_v2,UCSB-CHG/CHIRPS/DAILY,1991-2020,IBGE_2024
5102702,Canarana,MT,10855.181,1,jan,323.3136212968178,OK,1991,2020,30,CHIRPS_v2,UCSB-CHG/CHIRPS/DAILY,1991-2020,IBGE_2024
5103106,Cocalinho,MT,16563.136,1,jan,297.2566812954207,OK,1991,2020,30,CHIRPS_v2,UCSB-CHG/CHIRPS/DAILY,1991-2020,IBGE_2024
5102603,Campinápolis,MT,5978.984,1,jan,315.8086663505134,OK,1991,2020,30,CHIRPS_v2,UCSB-CHG/CHIRPS/DAILY,1991-2020,IBGE_2024
5100201,Água Boa,MT,7549.308,1,jan,315.7787653034552,OK,1991,2020,30,CHIRPS_v2,UCSB-CHG/CHIRPS/DAILY,1991-2020,IBGE_2024
5106372,Pedra Preta,MT,3841.672,1,jan,273.3969537427973,OK,1991,2020,30,CHIRPS_v2,UCSB-CHG/CHIRPS/DAILY,1991-2020,IBGE_2024
5104203,Guiratinga,MT,5044.493,1,jan,276.29416467269584,OK,1991,2020,30,CHIRPS_v2,UCSB-CHG/CHIRPS/DAILY,1991-2020,IBGE_2024
5104609,Itiquira,MT,8698.814,1,jan,254.51341388539274,OK,1991,2020,30,CHIRPS_v2,UCSB-CHG/CHIRPS/DAILY,1991-2020,IBGE_2024
5101209,Araguainha,MT,675.231,1,jan,280.8556169241287,OK,1991,2020,30,CHIRPS_v2,UCSB-CHG/CHIRPS/DAILY,1991-2020,IBGE_2024
5100300,Alto Araguaia,MT,5094.148,1,jan,274.96353105073825,OK,1991,2020,30,CHIRPS_v2,UCSB-CHG/CHIRPS/DAILY,1991-2020,IBGE_2024
5100607,Alto Taquari,MT,1744.743,1,jan,278.7259809430379,OK,1991,2020,30,CHIRPS_v2,UCSB-CHG/CHIRPS/DAILY,1991-2020,IBGE_2024
5100409,Alto Garças,MT,3857.559,1,jan,259.07479592329275,OK,1991,2020,30,CHIRPS_v2,UCSB-CHG/CHIRPS/DAILY,1991-2020,IBGE_2024
5108105,Tesouro,MT,4244.073,1,jan,290.26981882659913,OK,1991,2020,30,CHIRPS_v2,UCSB-CHG/CHIRPS/DAILY,1991-2020,IBGE_2024
5107297,São José do Povo,MT,489.737,1,jan,296.1409926578273,OK,1991,2020,30,CHIRPS_v2,UCSB-CHG/CHIRPS/DAILY,1991-2020,IBGE_2024
5107602,Rondonópolis,MT,4824.505,1,jan,265.5613188517041,OK,1991,2020,30,CHIRPS_v2,UCSB-CHG/CHIRPS/DAILY,1991-2020,IBGE_2024
5107008,Poxoréu,MT,6915.298,1,jan,313.8818015504841,OK,1991,2020,30,CHIRPS_v2,UCSB-CHG/CHIRPS/DAILY,1991-2020,IBGE_2024
5107040,Primavera do Leste,MT,5470.383,1,jan,288.0197118282979,OK,1991,2020,30,CHIRPS_v2,UCSB-CHG/CHIRPS/DAILY,1991-2020,IBGE_2024
5106307,Paranatinga,MT,24127.429,1,jan,325.049026643946,OK,1991,2020,30,CHIRPS_v2,UCSB-CHG/CHIRPS/DAILY,1991-2020,IBGE_2024
5107792,Santo Antônio do Leste,MT,3403.593,1,jan,309.2578307938191,OK,1991,2020,30,CHIRPS_v2,UCSB-CHG/CHIRPS/DAILY,1991-2020,IBGE_2024
5104807,Jaciara,MT,2429.678,1,jan,263.5497402776699,OK,1991,2020,30,CHIRPS_v2,UCSB-CHG/CHIRPS/DAILY,1991-2020,IBGE_2024
5105200,Juscimeira,MT,2291.301,1,jan,277.44945294215506,OK,1991,2020,30,CHIRPS_v2,UCSB-CHG/CHIRPS/DAILY,1991-2020,IBGE_2024
5103601,Dom Aquino,MT,2183.603,1,jan,282.75191303816,OK,1991,2020,30,CHIRPS_v2,UCSB-CHG/CHIRPS/DAILY,1991-2020,IBGE_2024
5107404,São Pedro da Cipa,MT,344.33,1,jan,284.5200179474129,OK,1991,2020,30,CHIRPS_v2,UCSB-CHG/CHIRPS/DAILY,1991-2020,IBGE_2024
5205208,Caturaí,GO,205.065,1,jan,248.26534407609947,OK,1991,2020,30,CHIRPS_v2,UCSB-CHG/CHIRPS/DAILY,1991-2020,IBGE_2024
5221908,Varjão,GO,517.402,1,jan,257.87426180632184,OK,1991,2020,30,CHIRPS_v2,UCSB-CHG/CHIRPS/DAILY,1991-2020,IBGE_2024
5204557,Caldazinha,GO,251.72,1,jan,247.9486003165428,OK,1991,2020,30,CHIRPS_v2,UCSB-CHG/CHIRPS/DAILY,1991-2020,IBGE_2024
5221403,Trindade,GO,712.69,1,jan,247.90033325913564,OK,1991,2020,30,CHIRPS_v2,UCSB-CHG/CHIRPS/DAILY,1991-2020,IBGE_2024
5221197,Terezópolis de Goiás,GO,107.407,1,jan,237.56496988701673,OK,1991,2020,30,CHIRPS_v2,UCSB-CHG/CHIRPS/DAILY,1991-2020,IBGE_2024
5220454,Senador Canedo,GO,247.005,1,jan,242.97055895495356,OK,1991,2020,30,CHIRPS_v2,UCSB-CHG/CHIRPS/DAILY,1991-2020,IBGE_2024
5203559,Bonfinópolis,GO,121.915,1,jan,241.05243245369286,OK,1991,2020,30,CHIRPS_v2,UCSB-CHG/CHIRPS/DAILY,1991-2020,IBGE_2024
5203609,Brazabrantes,GO,125.326,1,jan,244.15893672738673,OK,1991,2020,30,CHIRPS_v2,UCSB-CHG/CHIRPS/DAILY,1991-2020,IBGE_2024
5219738,Santo Antônio de Goiás,GO,135.022,1,jan,239.82215821506506,OK,1991,2020,30,CHIRPS_v2,UCSB-CHG/CHIRPS/DAILY,1991-2020,IBGE_2024
5203302,Bela Vista de Goiás,GO,1274.034,1,jan,262.79075396462775,OK,1991,2020,30,CHIRPS_v2,UCSB-CHG/CHIRPS/DAILY,1991-2020,IBGE_2024
5209705,Hidrolândia,GO,952.122,1,jan,253.58267769204414,OK,1991,2020,30,CHIRPS_v2,UCSB-CHG/CHIRPS/DAILY,1991-2020,IBGE_2024
5201801,Aragoiânia,GO,218.125,1,jan,249.55996003100768,OK,1991,2020,30,CHIRPS_v2,UCSB-CHG/CHIRPS/DAILY,1991-2020,IBGE_2024
5209200,Guapó,GO,514.178,1,jan,251.1558934525785,OK,1991,2020,30,CHIRPS_v2,UCSB-CHG/CHIRPS/DAILY,1991-2020,IBGE_2024
5201405,Aparecida de Goiânia,GO,279.954,1,jan,242.72689471375955,OK,1991,2020,30,CHIRPS_v2,UCSB-CHG/CHIRPS/DAILY,1991-2020,IBGE_2024
5208806,Goianira,GO,213.772,1,jan,243.2780759143622,OK,1991,2020,30,CHIRPS_v2,UCSB-CHG/CHIRPS/DAILY,1991-2020,IBGE_2024
5208707,Goiânia,GO,729.296,1,jan,240.87350623388127,OK,1991,2020,30,CHIRPS_v2,UCSB-CHG/CHIRPS/DAILY,1991-2020,IBGE_2024
5200050,Abadia de Goiás,GO,143.357,1,jan,247.3604858122144,OK,1991,2020,30,CHIRPS_v2,UCSB-CHG/CHIRPS/DAILY,1991-2020,IBGE_2024
5215009,Nova Veneza,GO,122.354,1,jan,245.30567719366837,OK,1991,2020,30,CHIRPS_v2,UCSB-CHG/CHIRPS/DAILY,1991-2020,IBGE_2024
5214507,Nerópolis,GO,204.713,1,jan,240.5998792222247,OK,1991,2020,30,CHIRPS_v2,UCSB-CHG/CHIRPS/DAILY,1991-2020,IBGE_2024
5205802,Corumbá de Goiás,GO,1064.833,1,jan,253.51131053627196,OK,1991,2020,30,CHIRPS_v2,UCSB-CHG/CHIRPS/DAILY,1991-2020,IBGE_2024
5220603,Silvânia,GO,2349.924,1,jan,255.0448315123486,OK,1991,2020,30,CHIRPS_v2,UCSB-CHG/CHIRPS/DAILY,1991-2020,IBGE_2024
5204854,Campo Limpo de Goiás,GO,156.113,1,jan,248.66807770882923,OK,1991,2020,30,CHIRPS_v2,UCSB-CHG/CHIRPS/DAILY,1991-2020,IBGE_2024
5212303,Leopoldo de Bulhões,GO,476.138,1,jan,243.77017045099353,OK,1991,2020,30,CHIRPS_v2,UCSB-CHG/CHIRPS/DAILY,1991-2020,IBGE_2024
5211800,Jaraguá,GO,1848.947,1,jan,275.93822041941195,OK,1991,2020,30,CHIRPS_v2,UCSB-CHG/CHIRPS/DAILY,1991-2020,IBGE_2024
5220264,São Miguel do Passa Quatro,GO,537.347,1,jan,267.67613582572596,OK,1991,2020,30,CHIRPS_v2,UCSB-CHG/CHIRPS/DAILY,1991-2020,IBGE_2024
5212055,Jesúpolis,GO,115.211,1,jan,269.17326065377006,OK,1991,2020,30,CHIRPS_v2,UCSB-CHG/CHIRPS/DAILY,1991-2020,IBGE_2024
5219506,Santa Rosa de Goiás,GO,166.44,1,jan,267.39502889591074,OK,1991,2020,30,CHIRPS_v2,UCSB-CHG/CHIRPS/DAILY,1991-2020,IBGE_2024
5219902,São Francisco de Goiás,GO,416.535,1,jan,269.3319870730441,OK,1991,2020,30,CHIRPS_v2,UCSB-CHG/CHIRPS/DAILY,1991-2020,IBGE_2024
5201108,Anápolis,GO,935.671,1,jan,244.42980513630553,OK,1991,2020,30,CHIRPS_v2,UCSB-CHG/CHIRPS/DAILY,1991-2020,IBGE_2024
5217302,Pirenópolis,GO,2200.369,1,jan,280.3476760051714,OK,1991,2020,30,CHIRPS_v2,UCSB-CHG/CHIRPS/DAILY,1991-2020,IBGE_2024
5200100,Abadiânia,GO,1044.555,1,jan,247.48749069687054,OK,1991,2020,30,CHIRPS_v2,UCSB-CHG/CHIRPS/DAILY,1991-2020,IBGE_2024
5208152,Gameleira de Goiás,GO,588.328,1,jan,248.91055306644319,OK,1991,2020,30,CHIRPS_v2,UCSB-CHG/CHIRPS/DAILY,1991-2020,IBGE_2024
5216809,Petrolina de Goiás,GO,530.49,1,jan,262.50952021956937,OK,1991,2020,30,CHIRPS_v2,UCSB-CHG/CHIRPS/DAILY,1991-2020,IBGE_2024
5208400,Goianápolis,GO,166.642,1,jan,237.3018843826325,OK,1991,2020,30,CHIRPS_v2,UCSB-CHG/CHIRPS/DAILY,1991-2020,IBGE_2024
5200308,Alexânia,GO,846.876,1,jan,238.41190793169318,OK,1991,2020,30,CHIRPS_v2,UCSB-CHG/CHIRPS/DAILY,1991-2020,IBGE_2024
5215405,Ouro Verde de Goiás,GO,208.804,1,jan,254.59905904803279,OK,1991,2020,30,CHIRPS_v2,UCSB-CHG/CHIRPS/DAILY,1991-2020,IBGE_2024
5222005,Vianópolis,GO,954.115,1,jan,261.92454970104916,OK,1991,2020,30,CHIRPS_v2,UCSB-CHG/CHIRPS/DAILY,1991-2020,IBGE_2024
5221007,Taquaral de Goiás,GO,205.665,1,jan,277.57080361510594,OK,1991,2020,30,CHIRPS_v2,UCSB-CHG/CHIRPS/DAILY,1991-2020,IBGE_2024
5211404,Itauçu,GO,383.064,1,jan,263.14780992957844,OK,1991,2020,30,CHIRPS_v2,UCSB-CHG/CHIRPS/DAILY,1991-2020,IBGE_2024
5202809,Avelinópolis,GO,170.228,1,jan,252.7845431790478,OK,1991,2020,30,CHIRPS_v2,UCSB-CHG/CHIRPS/DAILY,1991-2020,IBGE_2024
5210406,Itaberaí,GO,1461.916,1,jan,293.0602865093498,OK,1991,2020,30,CHIRPS_v2,UCSB-CHG/CHIRPS/DAILY,1991-2020,IBGE_2024
5210604,Itaguaru,GO,241.029,1,jan,290.0613935309547,OK,1991,2020,30,CHIRPS_v2,UCSB-CHG/CHIRPS/DAILY,1991-2020,IBGE_2024
5210562,Itaguari,GO,142.652,1,jan,291.8253653248676,OK,1991,2020,30,CHIRPS_v2,UCSB-CHG/CHIRPS/DAILY,1991-2020,IBGE_2024
5201603,Araçu,GO,149.776,1,jan,251.83281321259207,OK,1991,2020,30,CHIRPS_v2,UCSB-CHG/CHIRPS/DAILY,1991-2020,IBGE_2024
5210000,Inhumas,GO,614.889,1,jan,251.8693720545811,OK,1991,2020,30,CHIRPS_v2,UCSB-CHG/CHIRPS/DAILY,1991-2020,IBGE_2024
5209606,Heitoraí,GO,228.615,1,jan,314.90177435815707,OK,1991,2020,30,CHIRPS_v2,UCSB-CHG/CHIRPS/DAILY,1991-2020,IBGE_2024
5201306,Anicuns,GO,976.038,1,jan,271.1294774163626,OK,1991,2020,30,CHIRPS_v2,UCSB-CHG/CHIRPS/DAILY,1991-2020,IBGE_2024
5200852,Americano do Brasil,GO,133.834,1,jan,282.90661773126027,OK,1991,2020,30,CHIRPS_v2,UCSB-CHG/CHIRPS/DAILY,1991-2020,IBGE_2024
5200159,Adelândia,GO,115.385,1,jan,292.4813052123544,OK,1991,2020,30,CHIRPS_v2,UCSB-CHG/CHIRPS/DAILY,1991-2020,IBGE_2024
5206800,Damolândia,GO,86.057,1,jan,252.61038872741824,OK,1991,2020,30,CHIRPS_v2,UCSB-CHG/CHIRPS/DAILY,1991-2020,IBGE_2024
5210109,Ipameri,GO,4382.863,1,jan,266.0191121829881,OK,1991,2020,30,CHIRPS_v2,UCSB-CHG/CHIRPS/DAILY,1991-2020,IBGE_2024
5212956,Matrinchã,GO,1150.502,1,jan,317.43127103823406,OK,1991,2020,30,CHIRPS_v2,UCSB-CHG/CHIRPS/DAILY,1991-2020,IBGE_2024
5212204,Jussara,GO,4092.339,1,jan,291.8646689802163,OK,1991,2020,30,CHIRPS_v2,UCSB-CHG/CHIRPS/DAILY,1991-2020,IBGE_2024
5203807,Britânia,GO,1458.459,1,jan,294.7724086227842,OK,1991,2020,30,CHIRPS_v2,UCSB-CHG/CHIRPS/DAILY,1991-2020,IBGE_2024
5219258,Santa Fé de Goiás,GO,1164.186,1,jan,293.37377040678376,OK,1991,2020,30,CHIRPS_v2,UCSB-CHG/CHIRPS/DAILY,1991-2020,IBGE_2024
5211206,Itapuranga,GO,1281.404,1,jan,318.5011273317199,OK,1991,2020,30,CHIRPS_v2,UCSB-CHG/CHIRPS/DAILY,1991-2020,IBGE_2024
5211008,Itapirapuã,GO,2047.873,1,jan,301.49194492002374,OK,1991,2020,30,CHIRPS_v2,UCSB-CHG/CHIRPS/DAILY,1991-2020,IBGE_2024
5202155,Araguapaz,GO,2188.1,1,jan,325.07459684365995,OK,1991,2020,30,CHIRPS_v2,UCSB-CHG/CHIRPS/DAILY,1991-2020,IBGE_2024
5202502,Aruanã,GO,3054.773,1,jan,314.2391371702612,OK,1991,2020,30,CHIRPS_v2,UCSB-CHG/CHIRPS/DAILY,1991-2020,IBGE_2024
5209291,Guaraíta,GO,205.533,1,jan,344.34532167650815,OK,1991,2020,30,CHIRPS_v2,UCSB-CHG/CHIRPS/DAILY,1991-2020,IBGE_2024
5208905,Goiás,GO,3108.423,1,jan,332.3510218519839,OK,1991,2020,30,CHIRPS_v2,UCSB-CHG/CHIRPS/DAILY,1991-2020,IBGE_2024
5207535,Faina,GO,1949.685,1,jan,323.5080567533442,OK,1991,2020,30,CHIRPS_v2,UCSB-CHG/CHIRPS/DAILY,1991-2020,IBGE_2024
5214838,Nova Crixás,GO,7308.682,1,jan,298.0459794692529,OK,1991,2020,30,CHIRPS_v2,UCSB-CHG/CHIRPS/DAILY,1991-2020,IBGE_2024
5215207,Novo Brasil,GO,649.35,1,jan,304.33523639385936,OK,1991,2020,30,CHIRPS_v2,UCSB-CHG/CHIRPS/DAILY,1991-2020,IBGE_2024
5213905,Mossâmedes,GO,684.882,1,jan,308.64873677964977,OK,1991,2020,30,CHIRPS_v2,UCSB-CHG/CHIRPS/DAILY,1991-2020,IBGE_2024
5214002,Mozarlândia,GO,1738.516,1,jan,315.23722753843305,OK,1991,2020,30,CHIRPS_v2,UCSB-CHG/CHIRPS/DAILY,1991-2020,IBGE_2024
5219209,Santa Cruz de Goiás,GO,1109.007,1,jan,285.31679006891665,OK,1991,2020,30,CHIRPS_v2,UCSB-CHG/CHIRPS/DAILY,1991-2020,IBGE_2024
5217401,Pires do Rio,GO,1077.641,1,jan,279.04151504529193,OK,1991,2020,30,CHIRPS_v2,UCSB-CHG/CHIRPS/DAILY,1991-2020,IBGE_2024
5215306,Orizona,GO,1971.265,1,jan,260.9982013171568,OK,1991,2020,30,CHIRPS_v2,UCSB-CHG/CHIRPS/DAILY,1991-2020,IBGE_2024
5215801,Palmelo,GO,59.809,1,jan,283.17996913156225,OK,1991,2020,30,CHIRPS_v2,UCSB-CHG/CHIRPS/DAILY,1991-2020,IBGE_2024
5213806,Morrinhos,GO,2846.299,1,jan,275.1989784000057,OK,1991,2020,30,CHIRPS_v2,UCSB-CHG/CHIRPS/DAILY,1991-2020,IBGE_2024
5212600,Mairipotaba,GO,468.029,1,jan,268.6779497674365,OK,1991,2020,30,CHIRPS_v2,UCSB-CHG/CHIRPS/DAILY,1991-2020,IBGE_2024
5218391,Professor Jamil,GO,356.292,1,jan,268.54733429390564,OK,1991,2020,30,CHIRPS_v2,UCSB-CHG/CHIRPS/DAILY,1991-2020,IBGE_2024
5217708,Pontalina,GO,1434.289,1,jan,265.7003172306028,OK,1991,2020,30,CHIRPS_v2,UCSB-CHG/CHIRPS/DAILY,1991-2020,IBGE_2024
5217104,Piracanjuba,GO,2374.232,1,jan,276.559537378992,OK,1991,2020,30,CHIRPS_v2,UCSB-CHG/CHIRPS/DAILY,1991-2020,IBGE_2024
5207352,Edealina,GO,598.218,1,jan,264.91437360546695,OK,1991,2020,30,CHIRPS_v2,UCSB-CHG/CHIRPS/DAILY,1991-2020,IBGE_2024
5206305,Cristianópolis,GO,221.624,1,jan,279.15783080138664,OK,1991,2020,30,CHIRPS_v2,UCSB-CHG/CHIRPS/DAILY,1991-2020,IBGE_2024
5206503,Cromínia,GO,364.918,1,jan,267.11301376361996,OK,1991,2020,30,CHIRPS_v2,UCSB-CHG/CHIRPS/DAILY,1991-2020,IBGE_2024
5222054,Vicentinópolis,GO,733.794,1,jan,263.94803839136836,OK,1991,2020,30,CHIRPS_v2,UCSB-CHG/CHIRPS/DAILY,1991-2020,IBGE_2024
5221551,Turvelândia,GO,935.659,1,jan,249.43311788063085,OK,1991,2020,30,CHIRPS_v2,UCSB-CHG/CHIRPS/DAILY,1991-2020,IBGE_2024
5213756,Montividiu,GO,1869.581,1,jan,228.5023478713174,OK,1991,2020,30,CHIRPS_v2,UCSB-CHG/CHIRPS/DAILY,1991-2020,IBGE_2024
5219712,Santo Antônio da Barra,GO,450.336,1,jan,237.2874778284549,OK,1991,2020,30,CHIRPS_v2,UCSB-CHG/CHIRPS/DAILY,1991-2020,IBGE_2024
5219308,Santa Helena de Goiás,GO,1142.337,1,jan,244.57312853018652,OK,1991,2020,30,CHIRPS_v2,UCSB-CHG/CHIRPS/DAILY,1991-2020,IBGE_2024
5218805,Rio Verde,GO,8374.254,1,jan,242.48085917647603,OK,1991,2020,30,CHIRPS_v2,UCSB-CHG/CHIRPS/DAILY,1991-2020,IBGE_2024
5205471,Chapadão do Céu,GO,2184.077,1,jan,252.4685022039,OK,1991,2020,30,CHIRPS_v2,UCSB-CHG/CHIRPS/DAILY,1991-2020,IBGE_2024
5213103,Mineiros,GO,9042.844,1,jan,262.19495056740493,OK,1991,2020,30,CHIRPS_v2,UCSB-CHG/CHIRPS/DAILY,1991-2020,IBGE_2024
5220504,Serranópolis,GO,5521.775,1,jan,257.37456362636743,OK,1991,2020,30,CHIRPS_v2,UCSB-CHG/CHIRPS/DAILY,1991-2020,IBGE_2024
5211909,Jataí,GO,7178.792,1,jan,248.44272767090698,OK,1991,2020,30,CHIRPS_v2,UCSB-CHG/CHIRPS/DAILY,1991-2020,IBGE_2024
5204409,Caiapônia,GO,8627.961,1,jan,260.75318457588446,OK,1991,2020,30,CHIRPS_v2,UCSB-CHG/CHIRPS/DAILY,1991-2020,IBGE_2024
5219407,Santa Rita do Araguaia,GO,1357.197,1,jan,274.4278760423018,OK,1991,2020,30,CHIRPS_v2,UCSB-CHG/CHIRPS/DAILY,1991-2020,IBGE_2024
5218102,Portelândia,GO,553.411,1,jan,265.2092055050224,OK,1991,2020,30,CHIRPS_v2,UCSB-CHG/CHIRPS/DAILY,1991-2020,IBGE_2024
5216452,Perolândia,GO,1033.657,1,jan,240.02737778162538,OK,1991,2020,30,CHIRPS_v2,UCSB-CHG/CHIRPS/DAILY,1991-2020,IBGE_2024
5207253,Doverlândia,GO,3227.558,1,jan,277.5348662072426,OK,1991,2020,30,CHIRPS_v2,UCSB-CHG/CHIRPS/DAILY,1991-2020,IBGE_2024
5205703,Córrego do Ouro,GO,458.077,1,jan,295.10321546598124,OK,1991,2020,30,CHIRPS_v2,UCSB-CHG/CHIRPS/DAILY,1991-2020,IBGE_2024
5213400,Moiporá,GO,452.314,1,jan,295.13909750830993,OK,1991,2020,30,CHIRPS_v2,UCSB-CHG/CHIRPS/DAILY,1991-2020,IBGE_2024
5204201,Cachoeira de Goiás,GO,424.49,1,jan,270.51410219612063,OK,1991,2020,30,CHIRPS_v2,UCSB-CHG/CHIRPS/DAILY,1991-2020,IBGE_2024
5220108,São Luís de Montes Belos,GO,829.62,1,jan,286.83409587685304,OK,1991,2020,30,CHIRPS_v2,UCSB-CHG/CHIRPS/DAILY,1991-2020,IBGE_2024
5203939,Buriti de Goiás,GO,202.576,1,jan,307.1889392863181,OK,1991,2020,30,CHIRPS_v2,UCSB-CHG/CHIRPS/DAILY,1991-2020,IBGE_2024
5211602,Ivolândia,GO,1260.841,1,jan,280.54287409070156,OK,1991,2020,30,CHIRPS_v2,UCSB-CHG/CHIRPS/DAILY,1991-2020,IBGE_2024
5219001,Sanclerlândia,GO,509.402,1,jan,300.8752074437465,OK,1991,2020,30,CHIRPS_v2,UCSB-CHG/CHIRPS/DAILY,1991-2020,IBGE_2024
5202601,Aurilândia,GO,565.514,1,jan,269.91184081696343,OK,1991,2020,30,CHIRPS_v2,UCSB-CHG/CHIRPS/DAILY,1991-2020,IBGE_2024
5207600,Fazenda Nova,GO,1279.107,1,jan,305.17897536153964,OK,1991,2020,30,CHIRPS_v2,UCSB-CHG/CHIRPS/DAILY,1991-2020,IBGE_2024
5213707,Montes Claros de Goiás,GO,2900.397,1,jan,300.0696088079925,OK,1991,2020,30,CHIRPS_v2,UCSB-CHG/CHIRPS/DAILY,1991-2020,IBGE_2024
5212006,Jaupaci,GO,528.783,1,jan,302.6934792667106,OK,1991,2020,30,CHIRPS_v2,UCSB-CHG/CHIRPS/DAILY,1991-2020,IBGE_2024
5203104,Baliza,GO,1780.173,1,jan,287.64405615249007,OK,1991,2020,30,CHIRPS_v2,UCSB-CHG/CHIRPS/DAILY,1991-2020,IBGE_2024
5203401,Bom Jardim de Goiás,GO,1901.141,1,jan,302.6429805338547,OK,1991,2020,30,CHIRPS_v2,UCSB-CHG/CHIRPS/DAILY,1991-2020,IBGE_2024
5210208,Iporá,GO,1027.249,1,jan,294.9819718620759,OK,1991,2020,30,CHIRPS_v2,UCSB-CHG/CHIRPS/DAILY,1991-2020,IBGE_2024
5210307,Israelândia,GO,579.19,1,jan,302.0871107178925,OK,1991,2020,30,CHIRPS_v2,UCSB-CHG/CHIRPS/DAILY,1991-2020,IBGE_2024
5202353,Arenópolis,GO,1075.535,1,jan,295.0401325606035,OK,1991,2020,30,CHIRPS_v2,UCSB-CHG/CHIRPS/DAILY,1991-2020,IBGE_2024
5201702,Aragarças,GO,661.673,1,jan,296.23745662062606,OK,1991,2020,30,CHIRPS_v2,UCSB-CHG/CHIRPS/DAILY,1991-2020,IBGE_2024
5200902,Amorinópolis,GO,406.93,1,jan,284.38603081809026,OK,1991,2020,30,CHIRPS_v2,UCSB-CHG/CHIRPS/DAILY,1991-2020,IBGE_2024
5217203,Piranhas,GO,2045.088,1,jan,292.33345041947416,OK,1991,2020,30,CHIRPS_v2,UCSB-CHG/CHIRPS/DAILY,1991-2020,IBGE_2024
5215652,Palestina de Goiás,GO,1318.047,1,jan,281.0936651950831,OK,1991,2020,30,CHIRPS_v2,UCSB-CHG/CHIRPS/DAILY,1991-2020,IBGE_2024
5207105,Diorama,GO,685.382,1,jan,304.17340007715654,OK,1991,2020,30,CHIRPS_v2,UCSB-CHG/CHIRPS/DAILY,1991-2020,IBGE_2024
5221502,Turvânia,GO,482.317,1,jan,277.9079961629173,OK,1991,2020,30,CHIRPS_v2,UCSB-CHG/CHIRPS/DAILY,1991-2020,IBGE_2024
5205455,Cezarina,GO,417.08,1,jan,258.50458710951705,OK,1991,2020,30,CHIRPS_v2,UCSB-CHG/CHIRPS/DAILY,1991-2020,IBGE_2024
5204607,Campestre de Goiás,GO,272.734,1,jan,250.0162336698119,OK,1991,2020,30,CHIRPS_v2,UCSB-CHG/CHIRPS/DAILY,1991-2020,IBGE_2024
5220058,São João da Paraúna,GO,286.979,1,jan,258.6844064122089,OK,1991,2020,30,CHIRPS_v2,UCSB-CHG/CHIRPS/DAILY,1991-2020,IBGE_2024
5211701,Jandaia,GO,863.087,1,jan,256.76156932521434,OK,1991,2020,30,CHIRPS_v2,UCSB-CHG/CHIRPS/DAILY,1991-2020,IBGE_2024
5219100,Santa Bárbara de Goiás,GO,140.957,1,jan,251.87227395485354,OK,1991,2020,30,CHIRPS_v2,UCSB-CHG/CHIRPS/DAILY,1991-2020,IBGE_2024
5209952,Indiara,GO,955.419,1,jan,259.9903460107306,OK,1991,2020,30,CHIRPS_v2,UCSB-CHG/CHIRPS/DAILY,1991-2020,IBGE_2024
5200134,Acreúna,GO,1566.742,1,jan,246.2995303730863,OK,1991,2020,30,CHIRPS_v2,UCSB-CHG/CHIRPS/DAILY,1991-2020,IBGE_2024
5216403,Paraúna,GO,3786.578,1,jan,247.65779019124005,OK,1991,2020,30,CHIRPS_v2,UCSB-CHG/CHIRPS/DAILY,1991-2020,IBGE_2024
5207808,Firminópolis,GO,422.34,1,jan,272.05743964116647,OK,1991,2020,30,CHIRPS_v2,UCSB-CHG/CHIRPS/DAILY,1991-2020,IBGE_2024
5215900,Palminópolis,GO,393.326,1,jan,265.83169682279106,OK,1991,2020,30,CHIRPS_v2,UCSB-CHG/CHIRPS/DAILY,1991-2020,IBGE_2024
5215702,Palmeiras de Goiás,GO,1537.199,1,jan,257.553561189268,OK,1991,2020,30,CHIRPS_v2,UCSB-CHG/CHIRPS/DAILY,1991-2020,IBGE_2024
5207402,Edéia,GO,1469.099,1,jan,257.81951165426113,OK,1991,2020,30,CHIRPS_v2,UCSB-CHG/CHIRPS/DAILY,1991-2020,IBGE_2024
5214408,Nazário,GO,281.144,1,jan,256.01975191197755,OK,1991,2020,30,CHIRPS_v2,UCSB-CHG/CHIRPS/DAILY,1991-2020,IBGE_2024
5214051,Mundo Novo,GO,2141.534,1,jan,298.0570595607733,OK,1991,2020,30,CHIRPS_v2,UCSB-CHG/CHIRPS/DAILY,1991-2020,IBGE_2024
5214101,Mutunópolis,GO,955.069,1,jan,297.3975376525563,OK,1991,2020,30,CHIRPS_v2,UCSB-CHG/CHIRPS/DAILY,1991-2020,IBGE_2024
5221452,Trombas,GO,802.905,1,jan,338.17701647971313,OK,1991,2020,30,CHIRPS_v2,UCSB-CHG/CHIRPS/DAILY,1991-2020,IBGE_2024
5204656,Campinaçu,GO,1978.386,1,jan,289.271438552185,OK,1991,2020,30,CHIRPS_v2,UCSB-CHG/CHIRPS/DAILY,1991-2020,IBGE_2024
5213087,Minaçu,GO,2854.137,1,jan,294.31933482188686,OK,1991,2020,30,CHIRPS_v2,UCSB-CHG/CHIRPS/DAILY,1991-2020,IBGE_2024
5203575,Bonópolis,GO,1635.319,1,jan,283.7146004165111,OK,1991,2020,30,CHIRPS_v2,UCSB-CHG/CHIRPS/DAILY,1991-2020,IBGE_2024
5220207,São Miguel do Araguaia,GO,6150.179,1,jan,291.1511362640312,OK,1991,2020,30,CHIRPS_v2,UCSB-CHG/CHIRPS/DAILY,1991-2020,IBGE_2024
5219605,Santa Tereza de Goiás,GO,789.544,1,jan,323.2943722955633,OK,1991,2020,30,CHIRPS_v2,UCSB-CHG/CHIRPS/DAILY,1991-2020,IBGE_2024
5218003,Porangatu,GO,4825.287,1,jan,303.0605735681104,OK,1991,2020,30,CHIRPS_v2,UCSB-CHG/CHIRPS/DAILY,1991-2020,IBGE_2024
5208103,Formoso,GO,843.42,1,jan,315.3529396386602,OK,1991,2020,30,CHIRPS_v2,UCSB-CHG/CHIRPS/DAILY,1991-2020,IBGE_2024
5207501,Estrela do Norte,GO,301.139,1,jan,296.38744449717706,OK,1991,2020,30,CHIRPS_v2,UCSB-CHG/CHIRPS/DAILY,1991-2020,IBGE_2024
5215256,Novo Planalto,GO,1254.491,1,jan,287.74745128807933,OK,1991,2020,30,CHIRPS_v2,UCSB-CHG/CHIRPS/DAILY,1991-2020,IBGE_2024
5213772,Montividiu do Norte,GO,1337.232,1,jan,327.93251426234144,OK,1991,2020,30,CHIRPS_v2,UCSB-CHG/CHIRPS/DAILY,1991-2020,IBGE_2024
5221601,Uruaçu,GO,2142.498,1,jan,269.70228616872305,OK,1991,2020,30,CHIRPS_v2,UCSB-CHG/CHIRPS/DAILY,1991-2020,IBGE_2024
5205521,Colinas do Sul,GO,1707.52,1,jan,245.11500333690768,OK,1991,2020,30,CHIRPS_v2,UCSB-CHG/CHIRPS/DAILY,1991-2020,IBGE_2024
5204706,Campinorte,GO,1064.527,1,jan,281.9020758763073,OK,1991,2020,30,CHIRPS_v2,UCSB-CHG/CHIRPS/DAILY,1991-2020,IBGE_2024
5212808,Mara Rosa,GO,1695.463,1,jan,281.28195481039626,OK,1991,2020,30,CHIRPS_v2,UCSB-CHG/CHIRPS/DAILY,1991-2020,IBGE_2024
5220157,São Luiz do Norte,GO,583.832,1,jan,274.18825781393457,OK,1991,2020,30,CHIRPS_v2,UCSB-CHG/CHIRPS/DAILY,1991-2020,IBGE_2024
5209804,Hidrolina,GO,583.756,1,jan,278.37679157975487,OK,1991,2020,30,CHIRPS_v2,UCSB-CHG/CHIRPS/DAILY,1991-2020,IBGE_2024
5200555,Alto Horizonte,GO,500.342,1,jan,286.8372156866996,OK,1991,2020,30,CHIRPS_v2,UCSB-CHG/CHIRPS/DAILY,1991-2020,IBGE_2024
5200829,Amaralina,GO,1343.742,1,jan,279.9200068514766,OK,1991,2020,30,CHIRPS_v2,UCSB-CHG/CHIRPS/DAILY,1991-2020,IBGE_2024
5214879,Nova Iguaçu de Goiás,GO,625.625,1,jan,273.97575099052165,OK,1991,2020,30,CHIRPS_v2,UCSB-CHG/CHIRPS/DAILY,1991-2020,IBGE_2024
5214606,Niquelândia,GO,9846.293,1,jan,249.0686454295075,OK,1991,2020,30,CHIRPS_v2,UCSB-CHG/CHIRPS/DAILY,1991-2020,IBGE_2024
5213855,Morro Agudo de Goiás,GO,282.333,1,jan,310.01024374223806,OK,1991,2020,30,CHIRPS_v2,UCSB-CHG/CHIRPS/DAILY,1991-2020,IBGE_2024
5222302,Vila Propício,GO,2181.593,1,jan,261.0026076236657,OK,1991,2020,30,CHIRPS_v2,UCSB-CHG/CHIRPS/DAILY,1991-2020,IBGE_2024
5221577,Uirapuru,GO,1154.305,1,jan,301.9085450929278,OK,1991,2020,30,CHIRPS_v2,UCSB-CHG/CHIRPS/DAILY,1991-2020,IBGE_2024
5221700,Uruana,GO,522.904,1,jan,287.5793853681135,OK,1991,2020,30,CHIRPS_v2,UCSB-CHG/CHIRPS/DAILY,1991-2020,IBGE_2024
5205406,Ceres,GO,213.07,1,jan,278.0376710966403,OK,1991,2020,30,CHIRPS_v2,UCSB-CHG/CHIRPS/DAILY,1991-2020,IBGE_2024
5204953,Campos Verdes,GO,443.125,1,jan,294.6703740302688,OK,1991,2020,30,CHIRPS_v2,UCSB-CHG/CHIRPS/DAILY,1991-2020,IBGE_2024
5205000,Carmo do Rio Verde,GO,419.821,1,jan,290.7483201934729,OK,1991,2020,30,CHIRPS_v2,UCSB-CHG/CHIRPS/DAILY,1991-2020,IBGE_2024
5220280,São Patrício,GO,172.763,1,jan,299.3901286989504,OK,1991,2020,30,CHIRPS_v2,UCSB-CHG/CHIRPS/DAILY,1991-2020,IBGE_2024
5219456,Santa Rita do Novo Destino,GO,970.448,1,jan,265.0269261569632,OK,1991,2020,30,CHIRPS_v2,UCSB-CHG/CHIRPS/DAILY,1991-2020,IBGE_2024
5203203,Barro Alto,GO,1080.268,1,jan,257.8131815345632,OK,1991,2020,30,CHIRPS_v2,UCSB-CHG/CHIRPS/DAILY,1991-2020,IBGE_2024
5219704,Santa Terezinha de Goiás,GO,1206.601,1,jan,296.7304763332819,OK,1991,2020,30,CHIRPS_v2,UCSB-CHG/CHIRPS/DAILY,1991-2020,IBGE_2024
5218904,Rubiataba,GO,750.659,1,jan,302.37705479653727,OK,1991,2020,30,CHIRPS_v2,UCSB-CHG/CHIRPS/DAILY,1991-2020,IBGE_2024
5210901,Itapaci,GO,952.998,1,jan,294.10547392518384,OK,1991,2020,30,CHIRPS_v2,UCSB-CHG/CHIRPS/DAILY,1991-2020,IBGE_2024
5219357,Santa Isabel,GO,812.756,1,jan,267.96019315457113,OK,1991,2020,30,CHIRPS_v2,UCSB-CHG/CHIRPS/DAILY,1991-2020,IBGE_2024
5218607,Rialma,GO,268.291,1,jan,269.29426158985086,OK,1991,2020,30,CHIRPS_v2,UCSB-CHG/CHIRPS/DAILY,1991-2020,IBGE_2024
5218706,Rianápolis,GO,157.379,1,jan,268.48407812763514,OK,1991,2020,30,CHIRPS_v2,UCSB-CHG/CHIRPS/DAILY,1991-2020,IBGE_2024
5210158,Ipiranga de Goiás,GO,244.209,1,jan,283.1474485105336,OK,1991,2020,30,CHIRPS_v2,UCSB-CHG/CHIRPS/DAILY,1991-2020,IBGE_2024
5209457,Guarinos,GO,593.188,1,jan,304.02010419754566,OK,1991,2020,30,CHIRPS_v2,UCSB-CHG/CHIRPS/DAILY,1991-2020,IBGE_2024
5216908,Pilar de Goiás,GO,906.047,1,jan,289.8995844455103,OK,1991,2020,30,CHIRPS_v2,UCSB-CHG/CHIRPS/DAILY,1991-2020,IBGE_2024
5208608,Goianésia,GO,1547.319,1,jan,265.2317848933045,OK,1991,2020,30,CHIRPS_v2,UCSB-CHG/CHIRPS/DAILY,1991-2020,IBGE_2024
5214861,Nova Glória,GO,411.753,1,jan,276.75369369085985,OK,1991,2020,30,CHIRPS_v2,UCSB-CHG/CHIRPS/DAILY,1991-2020,IBGE_2024
5214705,Nova América,GO,209.432,1,jan,310.8443607851172,OK,1991,2020,30,CHIRPS_v2,UCSB-CHG/CHIRPS/DAILY,1991-2020,IBGE_2024
5206404,Crixás,GO,4673.037,1,jan,308.4165189385255,OK,1991,2020,30,CHIRPS_v2,UCSB-CHG/CHIRPS/DAILY,1991-2020,IBGE_2024
5221858,Valparaíso de Goiás,GO,61.488,1,jan,212.32723223137404,OK,1991,2020,30,CHIRPS_v2,UCSB-CHG/CHIRPS/DAILY,1991-2020,IBGE_2024
5205497,Cidade Ocidental,GO,389.985,1,jan,201.86745819302362,OK,1991,2020,30,CHIRPS_v2,UCSB-CHG/CHIRPS/DAILY,1991-2020,IBGE_2024
5212501,Luziânia,GO,3962.107,1,jan,232.36453391811688,OK,1991,2020,30,CHIRPS_v2,UCSB-CHG/CHIRPS/DAILY,1991-2020,IBGE_2024
5219753,Santo Antônio do Descoberto,GO,943.948,1,jan,232.56772932757355,OK,1991,2020,30,CHIRPS_v2,UCSB-CHG/CHIRPS/DAILY,1991-2020,IBGE_2024
5215231,Novo Gama,GO,192.285,1,jan,222.01565237965633,OK,1991,2020,30,CHIRPS_v2,UCSB-CHG/CHIRPS/DAILY,1991-2020,IBGE_2024
5206206,Cristalina,GO,6153.921,1,jan,227.84104895526377,OK,1991,2020,30,CHIRPS_v2,UCSB-CHG/CHIRPS/DAILY,1991-2020,IBGE_2024
5205513,Cocalzinho de Goiás,GO,1785.339,1,jan,253.42315164597738,OK,1991,2020,30,CHIRPS_v2,UCSB-CHG/CHIRPS/DAILY,1991-2020,IBGE_2024
5213053,Mimoso de Goiás,GO,1380.701,1,jan,227.712387536289,OK,1991,2020,30,CHIRPS_v2,UCSB-CHG/CHIRPS/DAILY,1991-2020,IBGE_2024
5204003,Cabeceiras,GO,1126.434,1,jan,185.73106586503312,OK,1991,2020,30,CHIRPS_v2,UCSB-CHG/CHIRPS/DAILY,1991-2020,IBGE_2024
5217609,Planaltina,GO,2558.922,1,jan,216.58403764520412,OK,1991,2020,30,CHIRPS_v2,UCSB-CHG/CHIRPS/DAILY,1991-2020,IBGE_2024
5200258,Águas Lindas de Goiás,GO,191.817,1,jan,227.57090762610537,OK,1991,2020,30,CHIRPS_v2,UCSB-CHG/CHIRPS/DAILY,1991-2020,IBGE_2024
5208004,Formosa,GO,5804.292,1,jan,216.40928636303232,OK,1991,2020,30,CHIRPS_v2,UCSB-CHG/CHIRPS/DAILY,1991-2020,IBGE_2024
5215603,Padre Bernardo,GO,3142.615,1,jan,234.73236919533824,OK,1991,2020,30,CHIRPS_v2,UCSB-CHG/CHIRPS/DAILY,1991-2020,IBGE_2024
5213509,Monte Alegre de Goiás,GO,3119.86,1,jan,210.07332744996933,OK,1991,2020,30,CHIRPS_v2,UCSB-CHG/CHIRPS/DAILY,1991-2020,IBGE_2024
5204904,Campos Belos,GO,735.128,1,jan,207.23525347182016,OK,1991,2020,30,CHIRPS_v2,UCSB-CHG/CHIRPS/DAILY,1991-2020,IBGE_2024
5212709,Mambaí,GO,858.27,1,jan,187.70248010863025,OK,1991,2020,30,CHIRPS_v2,UCSB-CHG/CHIRPS/DAILY,1991-2020,IBGE_2024
5220702,Sítio d'Abadia,GO,1611.851,1,jan,160.667955958944,OK,1991,2020,30,CHIRPS_v2,UCSB-CHG/CHIRPS/DAILY,1991-2020,IBGE_2024
5220686,Simolândia,GO,346.811,1,jan,205.3518490618155,OK,1991,2020,30,CHIRPS_v2,UCSB-CHG/CHIRPS/DAILY,1991-2020,IBGE_2024
5203962,Buritinópolis,GO,246.075,1,jan,198.91039235837627,OK,1991,2020,30,CHIRPS_v2,UCSB-CHG/CHIRPS/DAILY,1991-2020,IBGE_2024
5219803,São Domingos,GO,3335.999,1,jan,194.88982265263303,OK,1991,2020,30,CHIRPS_v2,UCSB-CHG/CHIRPS/DAILY,1991-2020,IBGE_2024
5209903,Iaciara,GO,1547.183,1,jan,196.2054478600267,OK,1991,2020,30,CHIRPS_v2,UCSB-CHG/CHIRPS/DAILY,1991-2020,IBGE_2024
5218300,Posse,GO,2076.99,1,jan,218.8234987037668,OK,1991,2020,30,CHIRPS_v2,UCSB-CHG/CHIRPS/DAILY,1991-2020,IBGE_2024
5209408,Guarani de Goiás,GO,1221.054,1,jan,211.3126250808397,OK,1991,2020,30,CHIRPS_v2,UCSB-CHG/CHIRPS/DAILY,1991-2020,IBGE_2024
5200803,Alvorada do Norte,GO,1268.347,1,jan,195.5298394201972,OK,1991,2020,30,CHIRPS_v2,UCSB-CHG/CHIRPS/DAILY,1991-2020,IBGE_2024
5208301,Divinópolis de Goiás,GO,828.874,1,jan,206.1476182672939,OK,1991,2020,30,CHIRPS_v2,UCSB-CHG/CHIRPS/DAILY,1991-2020,IBGE_2024
5214903,Nova Roma,GO,2136.725,1,jan,198.05280430992477,OK,1991,2020,30,CHIRPS_v2,UCSB-CHG/CHIRPS/DAILY,1991-2020,IBGE_2024
5206701,Damianópolis,GO,417.625,1,jan,173.61796641103777,OK,1991,2020,30,CHIRPS_v2,UCSB-CHG/CHIRPS/DAILY,1991-2020,IBGE_2024
5205307,Cavalcante,GO,6948.78,1,jan,239.40946813373068,OK,1991,2020,30,CHIRPS_v2,UCSB-CHG/CHIRPS/DAILY,1991-2020,IBGE_2024
5221080,Teresina de Goiás,GO,784.793,1,jan,207.49795125866459,OK,1991,2020,30,CHIRPS_v2,UCSB-CHG/CHIRPS/DAILY,1991-2020,IBGE_2024
5220009,São João d'Aliança,GO,3334.455,1,jan,215.0237992951993,OK,1991,2020,30,CHIRPS_v2,UCSB-CHG/CHIRPS/DAILY,1991-2020,IBGE_2024
5200605,Alto Paraíso de Goiás,GO,2594.998,1,jan,213.85221855270055,OK,1991,2020,30,CHIRPS_v2,UCSB-CHG/CHIRPS/DAILY,1991-2020,IBGE_2024
5200175,Água Fria de Goiás,GO,2023.636,1,jan,225.6752573564597,OK,1991,2020,30,CHIRPS_v2,UCSB-CHG/CHIRPS/DAILY,1991-2020,IBGE_2024
5207907,Flores de Goiás,GO,3695.106,1,jan,204.706288890045,OK,1991,2020,30,CHIRPS_v2,UCSB-CHG/CHIRPS/DAILY,1991-2020,IBGE_2024
5222203,Vila Boa,GO,1052.593,1,jan,216.12313488556234,OK,1991,2020,30,CHIRPS_v2,UCSB-CHG/CHIRPS/DAILY,1991-2020,IBGE_2024
5300108,Brasília,DF,5760.785,1,jan,211.97864291025502,OK,1991,2020,30,CHIRPS_v2,UCSB-CHG/CHIRPS/DAILY,1991-2020,IBGE_2024
4300001,"Área Operacional ""Lagoa Mirim""",RS,2884.34,1,jan,101.4312205998015,OK,1991,2020,30,CHIRPS_v2,UCSB-CHG/CHIRPS/DAILY,1991-2020,IBGE_2024
4300002,"Área Operacional ""Lagoa dos Patos""",RS,10199.391,1,jan,100.14770749056488,OK,1991,2020,30,CHIRPS_v2,UCSB-CHG/CHIRPS/DAILY,1991-2020,IBGE_2024
3169356,Três Marias,MG,2678.254,1,jan,213.91844932441404,OK,1991,2020,30,CHIRPS_v2,UCSB-CHG/CHIRPS/DAILY,1991-2020,IBGE_2024
3125705,Felixlândia,MG,1554.627,1,jan,218.80981032238736,OK,1991,2020,30,CHIRPS_v2,UCSB-CHG/CHIRPS/DAILY,1991-2020,IBGE_2024
3129608,Ibiaí,MG,874.76,1,jan,195.4003674974675,OK,1991,2020,30,CHIRPS_v2,UCSB-CHG/CHIRPS/DAILY,1991-2020,IBGE_2024
3138104,Lassance,MG,3204.217,1,jan,206.56802296657946,OK,1991,2020,30,CHIRPS_v2,UCSB-CHG/CHIRPS/DAILY,1991-2020,IBGE_2024
3170800,Várzea da Palma,MG,2220.279,1,jan,202.25243967620443,OK,1991,2020,30,CHIRPS_v2,UCSB-CHG/CHIRPS/DAILY,1991-2020,IBGE_2024
3152131,Ponto Chique,MG,602.799,1,jan,181.1570190234558,OK,1991,2020,30,CHIRPS_v2,UCSB-CHG/CHIRPS/DAILY,1991-2020,IBGE_2024
3109402,Buritizeiro,MG,7218.401,1,jan,202.40416405977302,OK,1991,2020,30,CHIRPS_v2,UCSB-CHG/CHIRPS/DAILY,1991-2020,IBGE_2024
3170701,Varginha,MG,395.396,1,jan,280.18646127403116,OK,1991,2020,30,CHIRPS_v2,UCSB-CHG/CHIRPS/DAILY,1991-2020,IBGE_2024
3162005,São Gonçalo do Sapucaí,MG,516.683,1,jan,293.32055284146395,OK,1991,2020,30,CHIRPS_v2,UCSB-CHG/CHIRPS/DAILY,1991-2020,IBGE_2024
3119005,Cordislândia,MG,179.543,1,jan,287.1806758810568,OK,1991,2020,30,CHIRPS_v2,UCSB-CHG/CHIRPS/DAILY,1991-2020,IBGE_2024
3142601,Monsenhor Paulo,MG,216.54,1,jan,285.35043232630426,OK,1991,2020,30,CHIRPS_v2,UCSB-CHG/CHIRPS/DAILY,1991-2020,IBGE_2024
3123601,Elói Mendes,MG,499.537,1,jan,280.14622362639454,OK,1991,2020,30,CHIRPS_v2,UCSB-CHG/CHIRPS/DAILY,1991-2020,IBGE_2024
3126307,Fortaleza de Minas,MG,218.792,1,jan,304.1450369949132,OK,1991,2020,30,CHIRPS_v2,UCSB-CHG/CHIRPS/DAILY,1991-2020,IBGE_2024
3116407,Claraval,MG,227.627,1,jan,307.6985927007244,OK,1991,2020,30,CHIRPS_v2,UCSB-CHG/CHIRPS/DAILY,1991-2020,IBGE_2024
3147907,Passos,MG,1338.07,1,jan,289.581722831009,OK,1991,2020,30,CHIRPS_v2,UCSB-CHG/CHIRPS/DAILY,1991-2020,IBGE_2024
3162203,São João Batista do Glória,MG,547.908,1,jan,300.3975848215815,OK,1991,2020,30,CHIRPS_v2,UCSB-CHG/CHIRPS/DAILY,1991-2020,IBGE_2024
3129707,Ibiraci,MG,562.095,1,jan,307.03945164456377,OK,1991,2020,30,CHIRPS_v2,UCSB-CHG/CHIRPS/DAILY,1991-2020,IBGE_2024
3121209,Delfinópolis,MG,1378.423,1,jan,302.01574663142844,OK,1991,2020,30,CHIRPS_v2,UCSB-CHG/CHIRPS/DAILY,1991-2020,IBGE_2024
3112406,Capetinga,MG,297.937,1,jan,294.2937272830263,OK,1991,2020,30,CHIRPS_v2,UCSB-CHG/CHIRPS/DAILY,1991-2020,IBGE_2024
3128105,Guapé,MG,934.345,1,jan,287.13164910245877,OK,1991,2020,30,CHIRPS_v2,UCSB-CHG/CHIRPS/DAILY,1991-2020,IBGE_2024
3152907,Pratápolis,MG,215.516,1,jan,294.9857672302326,OK,1991,2020,30,CHIRPS_v2,UCSB-CHG/CHIRPS/DAILY,1991-2020,IBGE_2024
3101904,Alpinópolis,MG,460.685,1,jan,288.0020792732465,OK,1991,2020,30,CHIRPS_v2,UCSB-CHG/CHIRPS/DAILY,1991-2020,IBGE_2024
3133758,Itaú de Minas,MG,153.421,1,jan,292.2930103763086,OK,1991,2020,30,CHIRPS_v2,UCSB-CHG/CHIRPS/DAILY,1991-2020,IBGE_2024
3107604,Bom Jesus da Penha,MG,208.349,1,jan,293.5215419342491,OK,1991,2020,30,CHIRPS_v2,UCSB-CHG/CHIRPS/DAILY,1991-2020,IBGE_2024
3115102,Cássia,MG,665.802,1,jan,293.7260592740794,OK,1991,2020,30,CHIRPS_v2,UCSB-CHG/CHIRPS/DAILY,1991-2020,IBGE_2024
3162948,São José da Barra,MG,308.319,1,jan,286.83505933798256,OK,1991,2020,30,CHIRPS_v2,UCSB-CHG/CHIRPS/DAILY,1991-2020,IBGE_2024
3114402,Carmo do Rio Claro,MG,1065.685,1,jan,279.83735770328013,OK,1991,2020,30,CHIRPS_v2,UCSB-CHG/CHIRPS/DAILY,1991-2020,IBGE_2024
3104304,Areado,MG,283.124,1,jan,277.522690232522,OK,1991,2020,30,CHIRPS_v2,UCSB-CHG/CHIRPS/DAILY,1991-2020,IBGE_2024
3111606,Campos Gerais,MG,769.504,1,jan,274.1171719891622,OK,1991,2020,30,CHIRPS_v2,UCSB-CHG/CHIRPS/DAILY,1991-2020,IBGE_2024
3111309,Campo do Meio,MG,275.426,1,jan,273.57463122150807,OK,1991,2020,30,CHIRPS_v2,UCSB-CHG/CHIRPS/DAILY,1991-2020,IBGE_2024
3151701,Poço Fundo,MG,474.244,1,jan,299.23319034343007,OK,1991,2020,30,CHIRPS_v2,UCSB-CHG/CHIRPS/DAILY,1991-2020,IBGE_2024
3102001,Alterosa,MG,362.01,1,jan,276.7096381686433,OK,1991,2020,30,CHIRPS_v2,UCSB-CHG/CHIRPS/DAILY,1991-2020,IBGE_2024
3166907,Serrania,MG,209.27,1,jan,279.03584641807555,OK,1991,2020,30,CHIRPS_v2,UCSB-CHG/CHIRPS/DAILY,1991-2020,IBGE_2024
3101607,Alfenas,MG,850.446,1,jan,272.4162091739339,OK,1991,2020,30,CHIRPS_v2,UCSB-CHG/CHIRPS/DAILY,1991-2020,IBGE_2024
3125200,Fama,MG,86.024,1,jan,270.2368182136929,OK,1991,2020,30,CHIRPS_v2,UCSB-CHG/CHIRPS/DAILY,1991-2020,IBGE_2024
3117108,Conceição da Aparecida,MG,352.521,1,jan,281.21004406816866,OK,1991,2020,30,CHIRPS_v2,UCSB-CHG/CHIRPS/DAILY,1991-2020,IBGE_2024
3114709,Carvalhópolis,MG,81.101,1,jan,287.24273557672933,OK,1991,2020,30,CHIRPS_v2,UCSB-CHG/CHIRPS/DAILY,1991-2020,IBGE_2024
3122405,Divisa Nova,MG,216.955,1,jan,282.6564843835417,OK,1991,2020,30,CHIRPS_v2,UCSB-CHG/CHIRPS/DAILY,1991-2020,IBGE_2024
3147204,Paraguaçu,MG,424.296,1,jan,274.2808625917968,OK,1991,2020,30,CHIRPS_v2,UCSB-CHG/CHIRPS/DAILY,1991-2020,IBGE_2024
3139003,Machado,MG,585.958,1,jan,285.48136816029506,OK,1991,2020,30,CHIRPS_v2,UCSB-CHG/CHIRPS/DAILY,1991-2020,IBGE_2024
3154705,Ribeirão Vermelho,MG,49.251,1,jan,294.74236377763054,OK,1991,2020,30,CHIRPS_v2,UCSB-CHG/CHIRPS/DAILY,1991-2020,IBGE_2024
3138203,Lavras,MG,564.744,1,jan,297.00341620749464,OK,1991,2020,30,CHIRPS_v2,UCSB-CHG/CHIRPS/DAILY,1991-2020,IBGE_2024
3144607,Nepomuceno,MG,582.553,1,jan,291.9323515546002,OK,1991,2020,30,CHIRPS_v2,UCSB-CHG/CHIRPS/DAILY,1991-2020,IBGE_2024
3111903,Cana Verde,MG,212.721,1,jan,291.28696234839185,OK,1991,2020,30,CHIRPS_v2,UCSB-CHG/CHIRPS/DAILY,1991-2020,IBGE_2024
3159902,Santo Antônio do Amparo,MG,488.885,1,jan,293.08304642727285,OK,1991,2020,30,CHIRPS_v2,UCSB-CHG/CHIRPS/DAILY,1991-2020,IBGE_2024
3149903,Perdões,MG,270.657,1,jan,293.50049570568154,OK,1991,2020,30,CHIRPS_v2,UCSB-CHG/CHIRPS/DAILY,1991-2020,IBGE_2024
3136900,Juruaia,MG,220.353,1,jan,287.64854477595924,OK,1991,2020,30,CHIRPS_v2,UCSB-CHG/CHIRPS/DAILY,1991-2020,IBGE_2024
3128709,Guaxupé,MG,286.398,1,jan,293.86112687684147,OK,1991,2020,30,CHIRPS_v2,UCSB-CHG/CHIRPS/DAILY,1991-2020,IBGE_2024
3145109,Nova Resende,MG,390.152,1,jan,297.6333736336842,OK,1991,2020,30,CHIRPS_v2,UCSB-CHG/CHIRPS/DAILY,1991-2020,IBGE_2024
3104106,Arceburgo,MG,162.875,1,jan,279.439137365244,OK,1991,2020,30,CHIRPS_v2,UCSB-CHG/CHIRPS/DAILY,1991-2020,IBGE_2024
3128303,Guaranésia,MG,294.828,1,jan,290.3480510876225,OK,1991,2020,30,CHIRPS_v2,UCSB-CHG/CHIRPS/DAILY,1991-2020,IBGE_2024
3144102,Muzambinho,MG,409.948,1,jan,282.7193583946215,OK,1991,2020,30,CHIRPS_v2,UCSB-CHG/CHIRPS/DAILY,1991-2020,IBGE_2024
3143005,Monte Belo,MG,421.283,1,jan,282.33293857042304,OK,1991,2020,30,CHIRPS_v2,UCSB-CHG/CHIRPS/DAILY,1991-2020,IBGE_2024
3109501,Cabo Verde,MG,368.206,1,jan,288.52706290992415,OK,1991,2020,30,CHIRPS_v2,UCSB-CHG/CHIRPS/DAILY,1991-2020,IBGE_2024
3163904,São Pedro da União,MG,260.827,1,jan,292.7549662463804,OK,1991,2020,30,CHIRPS_v2,UCSB-CHG/CHIRPS/DAILY,1991-2020,IBGE_2024
3113909,Carmo da Cachoeira,MG,506.333,1,jan,289.7478725226293,OK,1991,2020,30,CHIRPS_v2,UCSB-CHG/CHIRPS/DAILY,1991-2020,IBGE_2024
3160801,São Bento Abade,MG,80.403,1,jan,282.09974192221733,OK,1991,2020,30,CHIRPS_v2,UCSB-CHG/CHIRPS/DAILY,1991-2020,IBGE_2024
3169307,Três Corações,MG,828.038,1,jan,279.8498941887094,OK,1991,2020,30,CHIRPS_v2,UCSB-CHG/CHIRPS/DAILY,1991-2020,IBGE_2024
3110707,Cambuquira,MG,246.38,1,jan,279.6222224864429,OK,1991,2020,30,CHIRPS_v2,UCSB-CHG/CHIRPS/DAILY,1991-2020,IBGE_2024
3110905,Campanha,MG,335.587,1,jan,288.2276358069388,OK,1991,2020,30,CHIRPS_v2,UCSB-CHG/CHIRPS/DAILY,1991-2020,IBGE_2024
3169406,Três Pontas,MG,689.794,1,jan,278.35863801962034,OK,1991,2020,30,CHIRPS_v2,UCSB-CHG/CHIRPS/DAILY,1991-2020,IBGE_2024
3118700,Coqueiral,MG,296.163,1,jan,286.8674611640997,OK,1991,2020,30,CHIRPS_v2,UCSB-CHG/CHIRPS/DAILY,1991-2020,IBGE_2024
3158300,Santana da Vargem,MG,172.444,1,jan,280.6205278869176,OK,1991,2020,30,CHIRPS_v2,UCSB-CHG/CHIRPS/DAILY,1991-2020,IBGE_2024
3107109,Boa Esperança,MG,860.669,1,jan,284.53703787089484,OK,1991,2020,30,CHIRPS_v2,UCSB-CHG/CHIRPS/DAILY,1991-2020,IBGE_2024
3130507,Ilicínea,MG,376.341,1,jan,292.57485265856815,OK,1991,2020,30,CHIRPS_v2,UCSB-CHG/CHIRPS/DAILY,1991-2020,IBGE_2024
3143203,Monte Santo de Minas,MG,594.632,1,jan,295.3956055934229,OK,1991,2020,30,CHIRPS_v2,UCSB-CHG/CHIRPS/DAILY,1991-2020,IBGE_2024
3134806,Jacuí,MG,409.229,1,jan,295.80300215523624,OK,1991,2020,30,CHIRPS_v2,UCSB-CHG/CHIRPS/DAILY,1991-2020,IBGE_2024
3132909,Itamogi,MG,243.714,1,jan,295.95851825970425,OK,1991,2020,30,CHIRPS_v2,UCSB-CHG/CHIRPS/DAILY,1991-2020,IBGE_2024
3165107,São Tomás de Aquino,MG,277.928,1,jan,292.54250254347113,OK,1991,2020,30,CHIRPS_v2,UCSB-CHG/CHIRPS/DAILY,1991-2020,IBGE_2024
3164704,São Sebastião do Paraíso,MG,814.925,1,jan,297.2127137205925,OK,1991,2020,30,CHIRPS_v2,UCSB-CHG/CHIRPS/DAILY,1991-2020,IBGE_2024
3120201,Cristais,MG,628.434,1,jan,285.78614406533006,OK,1991,2020,30,CHIRPS_v2,UCSB-CHG/CHIRPS/DAILY,1991-2020,IBGE_2024
3112000,Candeias,MG,720.512,1,jan,293.6842018547402,OK,1991,2020,30,CHIRPS_v2,UCSB-CHG/CHIRPS/DAILY,1991-2020,IBGE_2024
3111200,Campo Belo,MG,528.225,1,jan,294.2167626999619,OK,1991,2020,30,CHIRPS_v2,UCSB-CHG/CHIRPS/DAILY,1991-2020,IBGE_2024
3158805,Santana do Jacaré,MG,106.169,1,jan,297.2416020948654,OK,1991,2020,30,CHIRPS_v2,UCSB-CHG/CHIRPS/DAILY,1991-2020,IBGE_2024
3100807,Aguanil,MG,232.091,1,jan,287.6276644868061,OK,1991,2020,30,CHIRPS_v2,UCSB-CHG/CHIRPS/DAILY,1991-2020,IBGE_2024
3170602,Vargem Bonita,MG,409.888,1,jan,324.57035116534325,OK,1991,2020,30,CHIRPS_v2,UCSB-CHG/CHIRPS/DAILY,1991-2020,IBGE_2024
3112802,Capitólio,MG,521.802,1,jan,306.6170483996412,OK,1991,2020,30,CHIRPS_v2,UCSB-CHG/CHIRPS/DAILY,1991-2020,IBGE_2024
3151503,Piumhi,MG,902.468,1,jan,302.11520856967314,OK,1991,2020,30,CHIRPS_v2,UCSB-CHG/CHIRPS/DAILY,1991-2020,IBGE_2024
3123403,Doresópolis,MG,152.912,1,jan,289.21926754019967,OK,1991,2020,30,CHIRPS_v2,UCSB-CHG/CHIRPS/DAILY,1991-2020,IBGE_2024
3164308,São Roque de Minas,MG,2098.867,1,jan,314.3331816263445,OK,1991,2020,30,CHIRPS_v2,UCSB-CHG/CHIRPS/DAILY,1991-2020,IBGE_2024
3152501,Pouso Alegre,MG,542.797,1,jan,275.08221930902954,OK,1991,2020,30,CHIRPS_v2,UCSB-CHG/CHIRPS/DAILY,1991-2020,IBGE_2024
3146008,Ouro Fino,MG,533.714,1,jan,287.1121398957818,OK,1991,2020,30,CHIRPS_v2,UCSB-CHG/CHIRPS/DAILY,1991-2020,IBGE_2024
3162302,São João da Mata,MG,120.536,1,jan,306.1137535902006,OK,1991,2020,30,CHIRPS_v2,UCSB-CHG/CHIRPS/DAILY,1991-2020,IBGE_2024
3129202,Heliodora,MG,153.95,1,jan,290.8528693726637,OK,1991,2020,30,CHIRPS_v2,UCSB-CHG/CHIRPS/DAILY,1991-2020,IBGE_2024
3169802,Turvolândia,MG,221.0,1,jan,289.06762872592327,OK,1991,2020,30,CHIRPS_v2,UCSB-CHG/CHIRPS/DAILY,1991-2020,IBGE_2024
3144409,Natércia,MG,188.719,1,jan,294.4705366125702,OK,1991,2020,30,CHIRPS_v2,UCSB-CHG/CHIRPS/DAILY,1991-2020,IBGE_2024
3119906,Córrego do Bom Jesus,MG,123.651,1,jan,272.3249167896195,OK,1991,2020,30,CHIRPS_v2,UCSB-CHG/CHIRPS/DAILY,1991-2020,IBGE_2024
3169059,Tocos do Moji,MG,114.705,1,jan,284.4214978795682,OK,1991,2020,30,CHIRPS_v2,UCSB-CHG/CHIRPS/DAILY,1991-2020,IBGE_2024
3169109,Toledo,MG,136.776,1,jan,286.95110987475175,OK,1991,2020,30,CHIRPS_v2,UCSB-CHG/CHIRPS/DAILY,1991-2020,IBGE_2024
3143807,Munhoz,MG,191.599,1,jan,296.1135318178838,OK,1991,2020,30,CHIRPS_v2,UCSB-CHG/CHIRPS/DAILY,1991-2020,IBGE_2024
3143401,Monte Sião,MG,291.594,1,jan,281.29409551382463,OK,1991,2020,30,CHIRPS_v2,UCSB-CHG/CHIRPS/DAILY,1991-2020,IBGE_2024
3110608,Cambuí,MG,244.567,1,jan,285.4937516624354,OK,1991,2020,30,CHIRPS_v2,UCSB-CHG/CHIRPS/DAILY,1991-2020,IBGE_2024
3110509,Camanducaia,MG,528.688,1,jan,294.35944623442373,OK,1991,2020,30,CHIRPS_v2,UCSB-CHG/CHIRPS/DAILY,1991-2020,IBGE_2024
3167400,Silvianópolis,MG,312.166,1,jan,287.16362915484035,OK,1991,2020,30,CHIRPS_v2,UCSB-CHG/CHIRPS/DAILY,1991-2020,IBGE_2024
3159605,Santa Rita do Sapucaí,MG,352.969,1,jan,279.6118157055857,OK,1991,2020,30,CHIRPS_v2,UCSB-CHG/CHIRPS/DAILY,1991-2020,IBGE_2024
3134905,Jacutinga,MG,347.667,1,jan,287.55562438287393,OK,1991,2020,30,CHIRPS_v2,UCSB-CHG/CHIRPS/DAILY,1991-2020,IBGE_2024
3118502,Consolação,MG,89.122,1,jan,277.33603210178313,OK,1991,2020,30,CHIRPS_v2,UCSB-CHG/CHIRPS/DAILY,1991-2020,IBGE_2024
3117801,Conceição dos Ouros,MG,180.236,1,jan,271.53425980148853,OK,1991,2020,30,CHIRPS_v2,UCSB-CHG/CHIRPS/DAILY,1991-2020,IBGE_2024
3101409,Albertina,MG,58.01,1,jan,293.8709686610738,OK,1991,2020,30,CHIRPS_v2,UCSB-CHG/CHIRPS/DAILY,1991-2020,IBGE_2024
3117900,Congonhal,MG,205.125,1,jan,284.83844525399536,OK,1991,2020,30,CHIRPS_v2,UCSB-CHG/CHIRPS/DAILY,1991-2020,IBGE_2024
3109709,Cachoeira de Minas,MG,304.243,1,jan,271.321541785966,OK,1991,2020,30,CHIRPS_v2,UCSB-CHG/CHIRPS/DAILY,1991-2020,IBGE_2024
3109105,Bueno Brandão,MG,356.15,1,jan,288.46667843087954,OK,1991,2020,30,CHIRPS_v2,UCSB-CHG/CHIRPS/DAILY,1991-2020,IBGE_2024
3133600,Itapeva,MG,177.312,1,jan,295.5012272047342,OK,1991,2020,30,CHIRPS_v2,UCSB-CHG/CHIRPS/DAILY,1991-2020,IBGE_2024
3165800,Senador José Bento,MG,93.892,1,jan,283.82623369271494,OK,1991,2020,30,CHIRPS_v2,UCSB-CHG/CHIRPS/DAILY,1991-2020,IBGE_2024
3125101,Extrema,MG,244.575,1,jan,287.17516810349673,OK,1991,2020,30,CHIRPS_v2,UCSB-CHG/CHIRPS/DAILY,1991-2020,IBGE_2024
3124500,Estiva,MG,243.872,1,jan,279.05953017186806,OK,1991,2020,30,CHIRPS_v2,UCSB-CHG/CHIRPS/DAILY,1991-2020,IBGE_2024
3124401,Espírito Santo do Dourado,MG,263.879,1,jan,305.46627752951986,OK,1991,2020,30,CHIRPS_v2,UCSB-CHG/CHIRPS/DAILY,1991-2020,IBGE_2024
3108305,Borda da Mata,MG,301.108,1,jan,275.5322610989317,OK,1991,2020,30,CHIRPS_v2,UCSB-CHG/CHIRPS/DAILY,1991-2020,IBGE_2024
3165578,Senador Amaral,MG,151.097,1,jan,305.7761475013194,OK,1991,2020,30,CHIRPS_v2,UCSB-CHG/CHIRPS/DAILY,1991-2020,IBGE_2024
3107901,Bom Repouso,MG,229.845,1,jan,301.0329826659895,OK,1991,2020,30,CHIRPS_v2,UCSB-CHG/CHIRPS/DAILY,1991-2020,IBGE_2024
3164407,São Sebastião da Bela Vista,MG,167.428,1,jan,279.8123015026888,OK,1991,2020,30,CHIRPS_v2,UCSB-CHG/CHIRPS/DAILY,1991-2020,IBGE_2024
3131505,Ipuiúna,MG,298.195,1,jan,303.64882829232346,OK,1991,2020,30,CHIRPS_v2,UCSB-CHG/CHIRPS/DAILY,1991-2020,IBGE_2024
3130606,Inconfidentes,MG,149.611,1,jan,277.82767645472256,OK,1991,2020,30,CHIRPS_v2,UCSB-CHG/CHIRPS/DAILY,1991-2020,IBGE_2024
3113602,Careaçu,MG,181.009,1,jan,287.17480006044974,OK,1991,2020,30,CHIRPS_v2,UCSB-CHG/CHIRPS/DAILY,1991-2020,IBGE_2024
3151800,Poços de Caldas,MG,546.958,1,jan,318.5882075742358,OK,1991,2020,30,CHIRPS_v2,UCSB-CHG/CHIRPS/DAILY,1991-2020,IBGE_2024
3129905,Ibitiúra de Minas,MG,68.316,1,jan,292.7329172984759,OK,1991,2020,30,CHIRPS_v2,UCSB-CHG/CHIRPS/DAILY,1991-2020,IBGE_2024
3105301,Bandeira do Sul,MG,47.266,1,jan,295.6482825207394,OK,1991,2020,30,CHIRPS_v2,UCSB-CHG/CHIRPS/DAILY,1991-2020,IBGE_2024
3111002,Campestre,MG,577.843,1,jan,298.11848262332876,OK,1991,2020,30,CHIRPS_v2,UCSB-CHG/CHIRPS/DAILY,1991-2020,IBGE_2024
3102605,Andradas,MG,469.396,1,jan,297.07333554167116,OK,1991,2020,30,CHIRPS_v2,UCSB-CHG/CHIRPS/DAILY,1991-2020,IBGE_2024
3159209,Santa Rita de Caldas,MG,503.011,1,jan,301.70285059838886,OK,1991,2020,30,CHIRPS_v2,UCSB-CHG/CHIRPS/DAILY,1991-2020,IBGE_2024
3110301,Caldas,MG,711.414,1,jan,307.9417546102155,OK,1991,2020,30,CHIRPS_v2,UCSB-CHG/CHIRPS/DAILY,1991-2020,IBGE_2024
3108404,Botelhos,MG,334.089,1,jan,292.8645439644862,OK,1991,2020,30,CHIRPS_v2,UCSB-CHG/CHIRPS/DAILY,1991-2020,IBGE_2024
3151008,Piranguinho,MG,124.803,1,jan,276.9680678113632,OK,1991,2020,30,CHIRPS_v2,UCSB-CHG/CHIRPS/DAILY,1991-2020,IBGE_2024
3150901,Piranguçu,MG,203.619,1,jan,307.574016939561,OK,1991,2020,30,CHIRPS_v2,UCSB-CHG/CHIRPS/DAILY,1991-2020,IBGE_2024
3132404,Itajubá,MG,294.835,1,jan,285.52227348116173,OK,1991,2020,30,CHIRPS_v2,UCSB-CHG/CHIRPS/DAILY,1991-2020,IBGE_2024
3172202,Wenceslau Braz,MG,102.487,1,jan,315.65049232791915,OK,1991,2020,30,CHIRPS_v2,UCSB-CHG/CHIRPS/DAILY,1991-2020,IBGE_2024
3163201,São José do Alegre,MG,88.794,1,jan,270.9610652697232,OK,1991,2020,30,CHIRPS_v2,UCSB-CHG/CHIRPS/DAILY,1991-2020,IBGE_2024
3121100,Delfim Moreira,MG,408.473,1,jan,327.26777604849303,OK,1991,2020,30,CHIRPS_v2,UCSB-CHG/CHIRPS/DAILY,1991-2020,IBGE_2024
3127404,Gonçalves,MG,187.353,1,jan,294.29938269549586,OK,1991,2020,30,CHIRPS_v2,UCSB-CHG/CHIRPS/DAILY,1991-2020,IBGE_2024
3117207,Conceição das Pedras,MG,102.206,1,jan,298.1017417346267,OK,1991,2020,30,CHIRPS_v2,UCSB-CHG/CHIRPS/DAILY,1991-2020,IBGE_2024
3108909,Brazópolis,MG,367.688,1,jan,283.9991760782002,OK,1991,2020,30,CHIRPS_v2,UCSB-CHG/CHIRPS/DAILY,1991-2020,IBGE_2024
3165404,Sapucaí-Mirim,MG,285.073,1,jan,304.96974010475907,OK,1991,2020,30,CHIRPS_v2,UCSB-CHG/CHIRPS/DAILY,1991-2020,IBGE_2024
3149101,Pedralva,MG,217.99,1,jan,276.6771213726347,OK,1991,2020,30,CHIRPS_v2,UCSB-CHG/CHIRPS/DAILY,1991-2020,IBGE_2024
3140407,Marmelópolis,MG,107.902,1,jan,329.5882923293219,OK,1991,2020,30,CHIRPS_v2,UCSB-CHG/CHIRPS/DAILY,1991-2020,IBGE_2024
3139904,Maria da Fé,MG,202.898,1,jan,302.8744518672145,OK,1991,2020,30,CHIRPS_v2,UCSB-CHG/CHIRPS/DAILY,1991-2020,IBGE_2024
3147303,Paraisópolis,MG,331.238,1,jan,277.1309885144435,OK,1991,2020,30,CHIRPS_v2,UCSB-CHG/CHIRPS/DAILY,1991-2020,IBGE_2024
3137809,Lambari,MG,213.11,1,jan,300.2987834430446,OK,1991,2020,30,CHIRPS_v2,UCSB-CHG/CHIRPS/DAILY,1991-2020,IBGE_2024
3145505,Olímpio Noronha,MG,54.633,1,jan,313.33089018474806,OK,1991,2020,30,CHIRPS_v2,UCSB-CHG/CHIRPS/DAILY,1991-2020,IBGE_2024
3120508,Cristina,MG,311.33,1,jan,312.27158689480046,OK,1991,2020,30,CHIRPS_v2,UCSB-CHG/CHIRPS/DAILY,1991-2020,IBGE_2024
3135902,Jesuânia,MG,153.852,1,jan,297.80679107129396,OK,1991,2020,30,CHIRPS_v2,UCSB-CHG/CHIRPS/DAILY,1991-2020,IBGE_2024
3122801,Dom Viçoso,MG,113.921,1,jan,325.78172687972625,OK,1991,2020,30,CHIRPS_v2,UCSB-CHG/CHIRPS/DAILY,1991-2020,IBGE_2024
3114105,Carmo de Minas,MG,322.285,1,jan,306.5738290060415,OK,1991,2020,30,CHIRPS_v2,UCSB-CHG/CHIRPS/DAILY,1991-2020,IBGE_2024
3171709,Virgínia,MG,326.515,1,jan,318.3359750789786,OK,1991,2020,30,CHIRPS_v2,UCSB-CHG/CHIRPS/DAILY,1991-2020,IBGE_2024
3170107,Uberaba,MG,4523.957,1,jan,285.4499569793417,OK,1991,2020,30,CHIRPS_v2,UCSB-CHG/CHIRPS/DAILY,1991-2020,IBGE_2024
3121258,Delta,MG,102.784,1,jan,300.35943130365155,OK,1991,2020,30,CHIRPS_v2,UCSB-CHG/CHIRPS/DAILY,1991-2020,IBGE_2024
3145000,Nova Ponte,MG,1111.011,1,jan,271.17467895946163,OK,1991,2020,30,CHIRPS_v2,UCSB-CHG/CHIRPS/DAILY,1991-2020,IBGE_2024
3111408,Campo Florido,MG,1264.245,1,jan,298.0743711675747,OK,1991,2020,30,CHIRPS_v2,UCSB-CHG/CHIRPS/DAILY,1991-2020,IBGE_2024
3118205,Conquista,MG,618.363,1,jan,296.28286263500576,OK,1991,2020,30,CHIRPS_v2,UCSB-CHG/CHIRPS/DAILY,1991-2020,IBGE_2024
3117306,Conceição das Alagoas,MG,1340.25,1,jan,295.2717954125065,OK,1991,2020,30,CHIRPS_v2,UCSB-CHG/CHIRPS/DAILY,1991-2020,IBGE_2024
3157708,Santa Juliana,MG,723.784,1,jan,279.1537218114747,OK,1991,2020,30,CHIRPS_v2,UCSB-CHG/CHIRPS/DAILY,1991-2020,IBGE_2024
3100708,Água Comprida,MG,492.167,1,jan,296.0708766119549,OK,1991,2020,30,CHIRPS_v2,UCSB-CHG/CHIRPS/DAILY,1991-2020,IBGE_2024
3156908,Sacramento,MG,3073.268,1,jan,301.4339102137604,OK,1991,2020,30,CHIRPS_v2,UCSB-CHG/CHIRPS/DAILY,1991-2020,IBGE_2024
3171105,Veríssimo,MG,1031.823,1,jan,294.906543286283,OK,1991,2020,30,CHIRPS_v2,UCSB-CHG/CHIRPS/DAILY,1991-2020,IBGE_2024
3129509,Ibiá,MG,2704.132,1,jan,278.9724890211142,OK,1991,2020,30,CHIRPS_v2,UCSB-CHG/CHIRPS/DAILY,1991-2020,IBGE_2024
3153004,Pratinha,MG,622.478,1,jan,292.07749167021433,OK,1991,2020,30,CHIRPS_v2,UCSB-CHG/CHIRPS/DAILY,1991-2020,IBGE_2024
3104007,Araxá,MG,1164.062,1,jan,298.2009137447508,OK,1991,2020,30,CHIRPS_v2,UCSB-CHG/CHIRPS/DAILY,1991-2020,IBGE_2024
3111507,Campos Altos,MG,710.645,1,jan,283.4741921827336,OK,1991,2020,30,CHIRPS_v2,UCSB-CHG/CHIRPS/DAILY,1991-2020,IBGE_2024
3159704,Santa Rosa da Serra,MG,284.334,1,jan,281.8078435140266,OK,1991,2020,30,CHIRPS_v2,UCSB-CHG/CHIRPS/DAILY,1991-2020,IBGE_2024
3168101,Tapira,MG,1179.248,1,jan,305.713327867705,OK,1991,2020,30,CHIRPS_v2,UCSB-CHG/CHIRPS/DAILY,1991-2020,IBGE_2024
3149804,Perdizes,MG,2451.112,1,jan,290.9351100669422,OK,1991,2020,30,CHIRPS_v2,UCSB-CHG/CHIRPS/DAILY,1991-2020,IBGE_2024
3149200,Pedrinópolis,MG,357.891,1,jan,273.1559822297403,OK,1991,2020,30,CHIRPS_v2,UCSB-CHG/CHIRPS/DAILY,1991-2020,IBGE_2024
3127008,Fronteira,MG,199.987,1,jan,268.68491068735176,OK,1991,2020,30,CHIRPS_v2,UCSB-CHG/CHIRPS/DAILY,1991-2020,IBGE_2024
3127107,Frutal,MG,2426.965,1,jan,282.01346888954936,OK,1991,2020,30,CHIRPS_v2,UCSB-CHG/CHIRPS/DAILY,1991-2020,IBGE_2024
3151602,Planura,MG,317.52,1,jan,288.8292769837641,OK,1991,2020,30,CHIRPS_v2,UCSB-CHG/CHIRPS/DAILY,1991-2020,IBGE_2024
3150703,Pirajuba,MG,337.98,1,jan,299.250104679782,OK,1991,2020,30,CHIRPS_v2,UCSB-CHG/CHIRPS/DAILY,1991-2020,IBGE_2024
3133402,Itapagipe,MG,1802.438,1,jan,269.32568746954655,OK,1991,2020,30,CHIRPS_v2,UCSB-CHG/CHIRPS/DAILY,1991-2020,IBGE_2024
3116902,Comendador Gomes,MG,1041.047,1,jan,290.50820114474124,OK,1991,2020,30,CHIRPS_v2,UCSB-CHG/CHIRPS/DAILY,1991-2020,IBGE_2024
3170438,União de Minas,MG,1147.407,1,jan,283.9300998564504,OK,1991,2020,30,CHIRPS_v2,UCSB-CHG/CHIRPS/DAILY,1991-2020,IBGE_2024
3161304,São Francisco de Sales,MG,1128.864,1,jan,269.63500636007996,OK,1991,2020,30,CHIRPS_v2,UCSB-CHG/CHIRPS/DAILY,1991-2020,IBGE_2024
3134400,Iturama,MG,1404.663,1,jan,278.8299475182332,OK,1991,2020,30,CHIRPS_v2,UCSB-CHG/CHIRPS/DAILY,1991-2020,IBGE_2024
3114550,Carneirinho,MG,2063.462,1,jan,277.1515743590757,OK,1991,2020,30,CHIRPS_v2,UCSB-CHG/CHIRPS/DAILY,1991-2020,IBGE_2024
3138625,Limeira do Oeste,MG,1317.153,1,jan,283.8792340442674,OK,1991,2020,30,CHIRPS_v2,UCSB-CHG/CHIRPS/DAILY,1991-2020,IBGE_2024
3170206,Uberlândia,MG,4115.206,1,jan,276.3560096617339,OK,1991,2020,30,CHIRPS_v2,UCSB-CHG/CHIRPS/DAILY,1991-2020,IBGE_2024
3103504,Araguari,MG,2729.777,1,jan,277.20625051203336,OK,1991,2020,30,CHIRPS_v2,UCSB-CHG/CHIRPS/DAILY,1991-2020,IBGE_2024
3169604,Tupaciguara,MG,1822.53,1,jan,266.3445703654246,OK,1991,2020,30,CHIRPS_v2,UCSB-CHG/CHIRPS/DAILY,1991-2020,IBGE_2024
3152808,Prata,MG,4847.544,1,jan,284.08097203451786,OK,1991,2020,30,CHIRPS_v2,UCSB-CHG/CHIRPS/DAILY,1991-2020,IBGE_2024
3111804,Canápolis,MG,843.599,1,jan,275.295378822793,OK,1991,2020,30,CHIRPS_v2,UCSB-CHG/CHIRPS/DAILY,1991-2020,IBGE_2024
3103751,Araporã,MG,294.354,1,jan,261.79349324285187,OK,1991,2020,30,CHIRPS_v2,UCSB-CHG/CHIRPS/DAILY,1991-2020,IBGE_2024
3111101,Campina Verde,MG,3650.749,1,jan,275.43253960223376,OK,1991,2020,30,CHIRPS_v2,UCSB-CHG/CHIRPS/DAILY,1991-2020,IBGE_2024
3142809,Monte Alegre de Minas,MG,2595.957,1,jan,262.84840180691486,OK,1991,2020,30,CHIRPS_v2,UCSB-CHG/CHIRPS/DAILY,1991-2020,IBGE_2024
3115805,Centralina,MG,322.385,1,jan,268.1680866384803,OK,1991,2020,30,CHIRPS_v2,UCSB-CHG/CHIRPS/DAILY,1991-2020,IBGE_2024
3115003,Cascalho Rico,MG,367.308,1,jan,281.7122096699301,OK,1991,2020,30,CHIRPS_v2,UCSB-CHG/CHIRPS/DAILY,1991-2020,IBGE_2024
3130705,Indianópolis,MG,830.03,1,jan,271.7402289680464,OK,1991,2020,30,CHIRPS_v2,UCSB-CHG/CHIRPS/DAILY,1991-2020,IBGE_2024
3129103,Gurinhatã,MG,1849.137,1,jan,270.23940309121105,OK,1991,2020,30,CHIRPS_v2,UCSB-CHG/CHIRPS/DAILY,1991-2020,IBGE_2024
3112604,Capinópolis,MG,620.716,1,jan,286.16145631322394,OK,1991,2020,30,CHIRPS_v2,UCSB-CHG/CHIRPS/DAILY,1991-2020,IBGE_2024
3159803,Santa Vitória,MG,2998.364,1,jan,272.8664095423006,OK,1991,2020,30,CHIRPS_v2,UCSB-CHG/CHIRPS/DAILY,1991-2020,IBGE_2024
3134202,Ituiutaba,MG,2598.046,1,jan,270.3579361481793,OK,1991,2020,30,CHIRPS_v2,UCSB-CHG/CHIRPS/DAILY,1991-2020,IBGE_2024
3109808,Cachoeira Dourada,MG,203.07,1,jan,291.26331216510005,OK,1991,2020,30,CHIRPS_v2,UCSB-CHG/CHIRPS/DAILY,1991-2020,IBGE_2024
3131406,Ipiaçu,MG,466.02,1,jan,269.1890608923549,OK,1991,2020,30,CHIRPS_v2,UCSB-CHG/CHIRPS/DAILY,1991-2020,IBGE_2024
3127909,Grupiara,MG,193.141,1,jan,285.4326621657165,OK,1991,2020,30,CHIRPS_v2,UCSB-CHG/CHIRPS/DAILY,1991-2020,IBGE_2024
3143104,Monte Carmelo,MG,1343.035,1,jan,291.27058756448963,OK,1991,2020,30,CHIRPS_v2,UCSB-CHG/CHIRPS/DAILY,1991-2020,IBGE_2024
3124807,Estrela do Sul,MG,822.454,1,jan,289.77119000911364,OK,1991,2020,30,CHIRPS_v2,UCSB-CHG/CHIRPS/DAILY,1991-2020,IBGE_2024
3100104,Abadia dos Dourados,MG,880.461,1,jan,293.4816375589396,OK,1991,2020,30,CHIRPS_v2,UCSB-CHG/CHIRPS/DAILY,1991-2020,IBGE_2024
3131604,Iraí de Minas,MG,356.264,1,jan,276.47367409773113,OK,1991,2020,30,CHIRPS_v2,UCSB-CHG/CHIRPS/DAILY,1991-2020,IBGE_2024
3123502,Douradoquara,MG,312.878,1,jan,290.46968134398236,OK,1991,2020,30,CHIRPS_v2,UCSB-CHG/CHIRPS/DAILY,1991-2020,IBGE_2024
3156403,Romaria,MG,407.557,1,jan,280.59853712332665,OK,1991,2020,30,CHIRPS_v2,UCSB-CHG/CHIRPS/DAILY,1991-2020,IBGE_2024
3148004,Patos de Minas,MG,3190.456,1,jan,254.26212049852413,OK,1991,2020,30,CHIRPS_v2,UCSB-CHG/CHIRPS/DAILY,1991-2020,IBGE_2024
3170750,Varjão de Minas,MG,651.505,1,jan,236.53629512647066,OK,1991,2020,30,CHIRPS_v2,UCSB-CHG/CHIRPS/DAILY,1991-2020,IBGE_2024
3137106,Lagamar,MG,1474.562,1,jan,276.5862328875851,OK,1991,2020,30,CHIRPS_v2,UCSB-CHG/CHIRPS/DAILY,1991-2020,IBGE_2024
3161700,São Gonçalo do Abaeté,MG,2692.545,1,jan,215.52571272343522,OK,1991,2020,30,CHIRPS_v2,UCSB-CHG/CHIRPS/DAILY,1991-2020,IBGE_2024
3137536,Lagoa Grande,MG,1236.301,1,jan,254.5004206547798,OK,1991,2020,30,CHIRPS_v2,UCSB-CHG/CHIRPS/DAILY,1991-2020,IBGE_2024
3137502,Lagoa Formosa,MG,840.92,1,jan,257.8148902246693,OK,1991,2020,30,CHIRPS_v2,UCSB-CHG/CHIRPS/DAILY,1991-2020,IBGE_2024
3162104,São Gotardo,MG,866.087,1,jan,271.65501402624375,OK,1991,2020,30,CHIRPS_v2,UCSB-CHG/CHIRPS/DAILY,1991-2020,IBGE_2024
3128600,Guarda-Mor,MG,2068.808,1,jan,277.14790110064814,OK,1991,2020,30,CHIRPS_v2,UCSB-CHG/CHIRPS/DAILY,1991-2020,IBGE_2024
3153400,Presidente Olegário,MG,3503.848,1,jan,251.44480803334736,OK,1991,2020,30,CHIRPS_v2,UCSB-CHG/CHIRPS/DAILY,1991-2020,IBGE_2024
3136306,João Pinheiro,MG,10727.097,1,jan,223.4340312086631,OK,1991,2020,30,CHIRPS_v2,UCSB-CHG/CHIRPS/DAILY,1991-2020,IBGE_2024
3168903,Tiros,MG,2091.774,1,jan,251.48091911492145,OK,1991,2020,30,CHIRPS_v2,UCSB-CHG/CHIRPS/DAILY,1991-2020,IBGE_2024
3103801,Arapuá,MG,173.894,1,jan,261.94099236872694,OK,1991,2020,30,CHIRPS_v2,UCSB-CHG/CHIRPS/DAILY,1991-2020,IBGE_2024
3141207,Matutina,MG,260.957,1,jan,265.1714069759142,OK,1991,2020,30,CHIRPS_v2,UCSB-CHG/CHIRPS/DAILY,1991-2020,IBGE_2024
3114303,Carmo do Paranaíba,MG,1307.862,1,jan,257.394553835321,OK,1991,2020,30,CHIRPS_v2,UCSB-CHG/CHIRPS/DAILY,1991-2020,IBGE_2024
3155504,Rio Paranaíba,MG,1352.353,1,jan,266.73000657870824,OK,1991,2020,30,CHIRPS_v2,UCSB-CHG/CHIRPS/DAILY,1991-2020,IBGE_2024
3171006,Vazante,MG,1913.396,1,jan,273.52273085848884,OK,1991,2020,30,CHIRPS_v2,UCSB-CHG/CHIRPS/DAILY,1991-2020,IBGE_2024
3128907,Guimarânia,MG,366.833,1,jan,265.9420769862901,OK,1991,2020,30,CHIRPS_v2,UCSB-CHG/CHIRPS/DAILY,1991-2020,IBGE_2024
3120706,Cruzeiro da Fortaleza,MG,187.446,1,jan,268.3515950628562,OK,1991,2020,30,CHIRPS_v2,UCSB-CHG/CHIRPS/DAILY,1991-2020,IBGE_2024
3119302,Coromandel,MG,3313.313,1,jan,287.1704810304766,OK,1991,2020,30,CHIRPS_v2,UCSB-CHG/CHIRPS/DAILY,1991-2020,IBGE_2024
3166808,Serra do Salitre,MG,1295.272,1,jan,273.1324525680245,OK,1991,2020,30,CHIRPS_v2,UCSB-CHG/CHIRPS/DAILY,1991-2020,IBGE_2024
3148103,Patrocínio,MG,2874.344,1,jan,280.3797475546579,OK,1991,2020,30,CHIRPS_v2,UCSB-CHG/CHIRPS/DAILY,1991-2020,IBGE_2024
3122306,Divinópolis,MG,708.115,1,jan,282.16440969733367,OK,1991,2020,30,CHIRPS_v2,UCSB-CHG/CHIRPS/DAILY,1991-2020,IBGE_2024
3114006,Carmo da Mata,MG,357.178,1,jan,290.58610992058544,OK,1991,2020,30,CHIRPS_v2,UCSB-CHG/CHIRPS/DAILY,1991-2020,IBGE_2024
3137205,Lagoa da Prata,MG,439.984,1,jan,283.75894243708046,OK,1991,2020,30,CHIRPS_v2,UCSB-CHG/CHIRPS/DAILY,1991-2020,IBGE_2024
3145208,Nova Serrana,MG,282.472,1,jan,265.58826110815903,OK,1991,2020,30,CHIRPS_v2,UCSB-CHG/CHIRPS/DAILY,1991-2020,IBGE_2024
3103900,Araújos,MG,245.522,1,jan,280.4570862239114,OK,1991,2020,30,CHIRPS_v2,UCSB-CHG/CHIRPS/DAILY,1991-2020,IBGE_2024
3160405,Santo Antônio do Monte,MG,1125.78,1,jan,289.15442476453177,OK,1991,2020,30,CHIRPS_v2,UCSB-CHG/CHIRPS/DAILY,1991-2020,IBGE_2024
3135308,Japaraíba,MG,172.141,1,jan,283.97232945719463,OK,1991,2020,30,CHIRPS_v2,UCSB-CHG/CHIRPS/DAILY,1991-2020,IBGE_2024
3151404,Pitangui,MG,569.636,1,jan,239.1201832024197,OK,1991,2020,30,CHIRPS_v2,UCSB-CHG/CHIRPS/DAILY,1991-2020,IBGE_2024
3110400,Camacho,MG,223.001,1,jan,302.11884920059606,OK,1991,2020,30,CHIRPS_v2,UCSB-CHG/CHIRPS/DAILY,1991-2020,IBGE_2024
3133501,Itapecerica,MG,1040.519,1,jan,293.26861698458526,OK,1991,2020,30,CHIRPS_v2,UCSB-CHG/CHIRPS/DAILY,1991-2020,IBGE_2024
3149705,Perdigão,MG,249.322,1,jan,276.29963609187854,OK,1991,2020,30,CHIRPS_v2,UCSB-CHG/CHIRPS/DAILY,1991-2020,IBGE_2024
3148905,Pedra do Indaiá,MG,347.92,1,jan,294.6548515230427,OK,1991,2020,30,CHIRPS_v2,UCSB-CHG/CHIRPS/DAILY,1991-2020,IBGE_2024
3164605,São Sebastião do Oeste,MG,408.09,1,jan,289.2956053739735,OK,1991,2020,30,CHIRPS_v2,UCSB-CHG/CHIRPS/DAILY,1991-2020,IBGE_2024
3138302,Leandro Ferreira,MG,352.005,1,jan,255.9158902582789,OK,1991,2020,30,CHIRPS_v2,UCSB-CHG/CHIRPS/DAILY,1991-2020,IBGE_2024
3105103,Bambuí,MG,1455.819,1,jan,294.15473799679677,OK,1991,2020,30,CHIRPS_v2,UCSB-CHG/CHIRPS/DAILY,1991-2020,IBGE_2024
3104205,Arcos,MG,509.873,1,jan,288.93051445601964,OK,1991,2020,30,CHIRPS_v2,UCSB-CHG/CHIRPS/DAILY,1991-2020,IBGE_2024
3119807,Córrego Danta,MG,657.425,1,jan,296.6163120535173,OK,1991,2020,30,CHIRPS_v2,UCSB-CHG/CHIRPS/DAILY,1991-2020,IBGE_2024
3119955,Córrego Fundo,MG,101.112,1,jan,291.3055785567431,OK,1991,2020,30,CHIRPS_v2,UCSB-CHG/CHIRPS/DAILY,1991-2020,IBGE_2024
3168200,Tapiraí,MG,407.92,1,jan,304.2716536472197,OK,1991,2020,30,CHIRPS_v2,UCSB-CHG/CHIRPS/DAILY,1991-2020,IBGE_2024
3150505,Pimenta,MG,414.969,1,jan,299.3988705449713,OK,1991,2020,30,CHIRPS_v2,UCSB-CHG/CHIRPS/DAILY,1991-2020,IBGE_2024
3126109,Formiga,MG,1501.915,1,jan,288.8893275186051,OK,1991,2020,30,CHIRPS_v2,UCSB-CHG/CHIRPS/DAILY,1991-2020,IBGE_2024
3141306,Medeiros,MG,946.437,1,jan,308.23588105176714,OK,1991,2020,30,CHIRPS_v2,UCSB-CHG/CHIRPS/DAILY,1991-2020,IBGE_2024
3146503,Pains,MG,421.862,1,jan,288.79404035339246,OK,1991,2020,30,CHIRPS_v2,UCSB-CHG/CHIRPS/DAILY,1991-2020,IBGE_2024
3130309,Iguatama,MG,628.2,1,jan,286.24604260409984,OK,1991,2020,30,CHIRPS_v2,UCSB-CHG/CHIRPS/DAILY,1991-2020,IBGE_2024
3153707,Quartel Geral,MG,556.436,1,jan,259.0905950947935,OK,1991,2020,30,CHIRPS_v2,UCSB-CHG/CHIRPS/DAILY,1991-2020,IBGE_2024
3152006,Pompéu,MG,2551.074,1,jan,231.71762905910947,OK,1991,2020,30,CHIRPS_v2,UCSB-CHG/CHIRPS/DAILY,1991-2020,IBGE_2024
3142403,Moema,MG,202.705,1,jan,279.65525229331035,OK,1991,2020,30,CHIRPS_v2,UCSB-CHG/CHIRPS/DAILY,1991-2020,IBGE_2024
3166600,Serra da Saudade,MG,335.659,1,jan,268.030968779528,OK,1991,2020,30,CHIRPS_v2,UCSB-CHG/CHIRPS/DAILY,1991-2020,IBGE_2024
3124708,Estrela do Indaiá,MG,635.981,1,jan,282.8244291927756,OK,1991,2020,30,CHIRPS_v2,UCSB-CHG/CHIRPS/DAILY,1991-2020,IBGE_2024
3107406,Bom Despacho,MG,1213.546,1,jan,271.70578209313663,OK,1991,2020,30,CHIRPS_v2,UCSB-CHG/CHIRPS/DAILY,1991-2020,IBGE_2024
3140506,Martinho Campos,MG,1058.418,1,jan,252.199164392278,OK,1991,2020,30,CHIRPS_v2,UCSB-CHG/CHIRPS/DAILY,1991-2020,IBGE_2024
3123205,Dores do Indaiá,MG,1111.202,1,jan,266.75224062395455,OK,1991,2020,30,CHIRPS_v2,UCSB-CHG/CHIRPS/DAILY,1991-2020,IBGE_2024
3138807,Luz,MG,1171.659,1,jan,287.28772879673636,OK,1991,2020,30,CHIRPS_v2,UCSB-CHG/CHIRPS/DAILY,1991-2020,IBGE_2024
3161205,São Francisco de Paula,MG,316.822,1,jan,298.3227957686342,OK,1991,2020,30,CHIRPS_v2,UCSB-CHG/CHIRPS/DAILY,1991-2020,IBGE_2024
3143500,Morada Nova de Minas,MG,2084.275,1,jan,227.73624209727862,OK,1991,2020,30,CHIRPS_v2,UCSB-CHG/CHIRPS/DAILY,1991-2020,IBGE_2024
3100203,Abaeté,MG,1817.067,1,jan,247.74542266551575,OK,1991,2020,30,CHIRPS_v2,UCSB-CHG/CHIRPS/DAILY,1991-2020,IBGE_2024
3115607,Cedro do Abaeté,MG,283.211,1,jan,258.637773368674,OK,1991,2020,30,CHIRPS_v2,UCSB-CHG/CHIRPS/DAILY,1991-2020,IBGE_2024
3107000,Biquinhas,MG,458.948,1,jan,246.0783847823083,OK,1991,2020,30,CHIRPS_v2,UCSB-CHG/CHIRPS/DAILY,1991-2020,IBGE_2024
3146404,Paineiras,MG,637.309,1,jan,252.3848246885366,OK,1991,2020,30,CHIRPS_v2,UCSB-CHG/CHIRPS/DAILY,1991-2020,IBGE_2024
3518305,Guararema,SP,270.816,1,jan,249.95806071685098,OK,1991,2020,30,CHIRPS_v2,UCSB-CHG/CHIRPS/DAILY,1991-2020,IBGE_2024
3526209,Juquitiba,SP,523.074,1,jan,279.0468376122727,OK,1991,2020,30,CHIRPS_v2,UCSB-CHG/CHIRPS/DAILY,1991-2020,IBGE_2024
3513801,Diadema,SP,30.806,1,jan,284.0648939389449,OK,1991,2020,30,CHIRPS_v2,UCSB-CHG/CHIRPS/DAILY,1991-2020,IBGE_2024
3505708,Barueri,SP,66.364,1,jan,277.01366647704765,OK,1991,2020,30,CHIRPS_v2,UCSB-CHG/CHIRPS/DAILY,1991-2020,IBGE_2024
3529401,Mauá,SP,62.034,1,jan,263.42297388350426,OK,1991,2020,30,CHIRPS_v2,UCSB-CHG/CHIRPS/DAILY,1991-2020,IBGE_2024
3513009,Cotia,SP,324.0,1,jan,285.9987561867883,OK,1991,2020,30,CHIRPS_v2,UCSB-CHG/CHIRPS/DAILY,1991-2020,IBGE_2024
3528502,Mairiporã,SP,320.492,1,jan,272.56611785951645,OK,1991,2020,30,CHIRPS_v2,UCSB-CHG/CHIRPS/DAILY,1991-2020,IBGE_2024
3503901,Arujá,SP,96.369,1,jan,265.0088516089239,OK,1991,2020,30,CHIRPS_v2,UCSB-CHG/CHIRPS/DAILY,1991-2020,IBGE_2024
3545001,Salesópolis,SP,424.997,1,jan,263.785291926384,OK,1991,2020,30,CHIRPS_v2,UCSB-CHG/CHIRPS/DAILY,1991-2020,IBGE_2024
3552502,Suzano,SP,206.236,1,jan,286.6880384125668,OK,1991,2020,30,CHIRPS_v2,UCSB-CHG/CHIRPS/DAILY,1991-2020,IBGE_2024
3552809,Taboão da Serra,SP,20.371,1,jan,276.4929579068453,OK,1991,2020,30,CHIRPS_v2,UCSB-CHG/CHIRPS/DAILY,1991-2020,IBGE_2024
3544103,Rio Grande da Serra,SP,36.341,1,jan,320.4489629451039,OK,1991,2020,30,CHIRPS_v2,UCSB-CHG/CHIRPS/DAILY,1991-2020,IBGE_2024
3543303,Ribeirão Pires,SP,98.972,1,jan,293.62123425819414,OK,1991,2020,30,CHIRPS_v2,UCSB-CHG/CHIRPS/DAILY,1991-2020,IBGE_2024
3518800,Guarulhos,SP,318.838,1,jan,276.2502692010232,OK,1991,2020,30,CHIRPS_v2,UCSB-CHG/CHIRPS/DAILY,1991-2020,IBGE_2024
3510609,Carapicuíba,SP,34.234,1,jan,275.18344042168724,OK,1991,2020,30,CHIRPS_v2,UCSB-CHG/CHIRPS/DAILY,1991-2020,IBGE_2024
3550308,São Paulo,SP,1522.683,1,jan,280.5753326991883,OK,1991,2020,30,CHIRPS_v2,UCSB-CHG/CHIRPS/DAILY,1991-2020,IBGE_2024
3534401,Osasco,SP,64.999,1,jan,277.81487060656957,OK,1991,2020,30,CHIRPS_v2,UCSB-CHG/CHIRPS/DAILY,1991-2020,IBGE_2024
3549953,São Lourenço da Serra,SP,186.353,1,jan,333.00208252198206,OK,1991,2020,30,CHIRPS_v2,UCSB-CHG/CHIRPS/DAILY,1991-2020,IBGE_2024
3509007,Caieiras,SP,97.745,1,jan,279.1546484672951,OK,1991,2020,30,CHIRPS_v2,UCSB-CHG/CHIRPS/DAILY,1991-2020,IBGE_2024
3509205,Cajamar,SP,131.521,1,jan,275.99555126073676,OK,1991,2020,30,CHIRPS_v2,UCSB-CHG/CHIRPS/DAILY,1991-2020,IBGE_2024
3525003,Jandira,SP,17.122,1,jan,272.19933152355765,OK,1991,2020,30,CHIRPS_v2,UCSB-CHG/CHIRPS/DAILY,1991-2020,IBGE_2024
3516408,Franco da Rocha,SP,132.775,1,jan,274.77779412739505,OK,1991,2020,30,CHIRPS_v2,UCSB-CHG/CHIRPS/DAILY,1991-2020,IBGE_2024
3548807,São Caetano do Sul,SP,15.421,1,jan,263.33035312936425,OK,1991,2020,30,CHIRPS_v2,UCSB-CHG/CHIRPS/DAILY,1991-2020,IBGE_2024
3516309,Francisco Morato,SP,49.001,1,jan,272.21606777485687,OK,1991,2020,30,CHIRPS_v2,UCSB-CHG/CHIRPS/DAILY,1991-2020,IBGE_2024
3515707,Ferraz de Vasconcelos,SP,29.58,1,jan,277.6250517008187,OK,1991,2020,30,CHIRPS_v2,UCSB-CHG/CHIRPS/DAILY,1991-2020,IBGE_2024
3556453,Vargem Grande Paulista,SP,42.489,1,jan,276.4807285940044,OK,1991,2020,30,CHIRPS_v2,UCSB-CHG/CHIRPS/DAILY,1991-2020,IBGE_2024
3548708,São Bernardo do Campo,SP,408.234,1,jan,324.5428799379581,OK,1991,2020,30,CHIRPS_v2,UCSB-CHG/CHIRPS/DAILY,1991-2020,IBGE_2024
3515103,Embu-Guaçu,SP,155.285,1,jan,272.8216676299912,OK,1991,2020,30,CHIRPS_v2,UCSB-CHG/CHIRPS/DAILY,1991-2020,IBGE_2024
3515004,Embu das Artes,SP,70.264,1,jan,267.4877043722236,OK,1991,2020,30,CHIRPS_v2,UCSB-CHG/CHIRPS/DAILY,1991-2020,IBGE_2024
3547809,Santo André,SP,175.801,1,jan,300.124501981715,OK,1991,2020,30,CHIRPS_v2,UCSB-CHG/CHIRPS/DAILY,1991-2020,IBGE_2024
3539806,Poá,SP,17.264,1,jan,270.411607416751,OK,1991,2020,30,CHIRPS_v2,UCSB-CHG/CHIRPS/DAILY,1991-2020,IBGE_2024
3539103,Pirapora do Bom Jesus,SP,108.304,1,jan,276.8717405927262,OK,1991,2020,30,CHIRPS_v2,UCSB-CHG/CHIRPS/DAILY,1991-2020,IBGE_2024
3547304,Santana de Parnaíba,SP,179.89,1,jan,279.42856840047517,OK,1991,2020,30,CHIRPS_v2,UCSB-CHG/CHIRPS/DAILY,1991-2020,IBGE_2024
3523107,Itaquaquecetuba,SP,82.575,1,jan,263.63710453873773,OK,1991,2020,30,CHIRPS_v2,UCSB-CHG/CHIRPS/DAILY,1991-2020,IBGE_2024
3506607,Biritiba Mirim,SP,317.406,1,jan,318.81946289329704,OK,1991,2020,30,CHIRPS_v2,UCSB-CHG/CHIRPS/DAILY,1991-2020,IBGE_2024
3522208,Itapecerica da Serra,SP,151.012,1,jan,278.3262544226867,OK,1991,2020,30,CHIRPS_v2,UCSB-CHG/CHIRPS/DAILY,1991-2020,IBGE_2024
3546801,Santa Isabel,SP,362.875,1,jan,258.9723852086364,OK,1991,2020,30,CHIRPS_v2,UCSB-CHG/CHIRPS/DAILY,1991-2020,IBGE_2024
3522505,Itapevi,SP,82.583,1,jan,274.28675296292545,OK,1991,2020,30,CHIRPS_v2,UCSB-CHG/CHIRPS/DAILY,1991-2020,IBGE_2024
3530607,Mogi das Cruzes,SP,712.532,1,jan,273.3473979623893,OK,1991,2020,30,CHIRPS_v2,UCSB-CHG/CHIRPS/DAILY,1991-2020,IBGE_2024
3522109,Itanhaém,SP,601.018,1,jan,283.22765152877105,OK,1991,2020,30,CHIRPS_v2,UCSB-CHG/CHIRPS/DAILY,1991-2020,IBGE_2024
3518701,Guarujá,SP,144.794,1,jan,331.33714004613216,OK,1991,2020,30,CHIRPS_v2,UCSB-CHG/CHIRPS/DAILY,1991-2020,IBGE_2024
3551009,São Vicente,SP,147.774,1,jan,350.9151967092016,OK,1991,2020,30,CHIRPS_v2,UCSB-CHG/CHIRPS/DAILY,1991-2020,IBGE_2024
3541000,Praia Grande,SP,149.652,1,jan,350.0598804191922,OK,1991,2020,30,CHIRPS_v2,UCSB-CHG/CHIRPS/DAILY,1991-2020,IBGE_2024
3548500,Santos,SP,281.033,1,jan,325.41433993808704,OK,1991,2020,30,CHIRPS_v2,UCSB-CHG/CHIRPS/DAILY,1991-2020,IBGE_2024
3531100,Mongaguá,SP,142.521,1,jan,321.44355822331477,OK,1991,2020,30,CHIRPS_v2,UCSB-CHG/CHIRPS/DAILY,1991-2020,IBGE_2024
3513504,Cubatão,SP,143.649,1,jan,354.39593579163716,OK,1991,2020,30,CHIRPS_v2,UCSB-CHG/CHIRPS/DAILY,1991-2020,IBGE_2024
3537602,Peruíbe,SP,323.331,1,jan,281.96233366622033,OK,1991,2020,30,CHIRPS_v2,UCSB-CHG/CHIRPS/DAILY,1991-2020,IBGE_2024
3537206,Pedro de Toledo,SP,672.83,1,jan,262.1733673806004,OK,1991,2020,30,CHIRPS_v2,UCSB-CHG/CHIRPS/DAILY,1991-2020,IBGE_2024
3523305,Itariri,SP,273.956,1,jan,283.4274258622123,OK,1991,2020,30,CHIRPS_v2,UCSB-CHG/CHIRPS/DAILY,1991-2020,IBGE_2024
3506359,Bertioga,SP,491.546,1,jan,337.0948464282533,OK,1991,2020,30,CHIRPS_v2,UCSB-CHG/CHIRPS/DAILY,1991-2020,IBGE_2024
3545308,Salto de Pirapora,SP,280.412,1,jan,221.61344417930036,OK,1991,2020,30,CHIRPS_v2,UCSB-CHG/CHIRPS/DAILY,1991-2020,IBGE_2024
3545209,Salto,SP,133.057,1,jan,249.6994747524145,OK,1991,2020,30,CHIRPS_v2,UCSB-CHG/CHIRPS/DAILY,1991-2020,IBGE_2024
3528403,Mairinque,SP,210.149,1,jan,268.016889733179,OK,1991,2020,30,CHIRPS_v2,UCSB-CHG/CHIRPS/DAILY,1991-2020,IBGE_2024
3502903,Araçoiaba da Serra,SP,255.305,1,jan,232.21364665367597,OK,1991,2020,30,CHIRPS_v2,UCSB-CHG/CHIRPS/DAILY,1991-2020,IBGE_2024
3552205,Sorocaba,SP,449.872,1,jan,249.02086417294606,OK,1991,2020,30,CHIRPS_v2,UCSB-CHG/CHIRPS/DAILY,1991-2020,IBGE_2024
3501152,Alumínio,SP,83.619,1,jan,271.65433998948026,OK,1991,2020,30,CHIRPS_v2,UCSB-CHG/CHIRPS/DAILY,1991-2020,IBGE_2024
3550605,São Roque,SP,306.899,1,jan,266.08051448310795,OK,1991,2020,30,CHIRPS_v2,UCSB-CHG/CHIRPS/DAILY,1991-2020,IBGE_2024
3557006,Votorantim,SP,184.186,1,jan,249.53580062236114,OK,1991,2020,30,CHIRPS_v2,UCSB-CHG/CHIRPS/DAILY,1991-2020,IBGE_2024
3523909,Itu,SP,640.719,1,jan,259.10737292153453,OK,1991,2020,30,CHIRPS_v2,UCSB-CHG/CHIRPS/DAILY,1991-2020,IBGE_2024
3537909,Pilar do Sul,SP,681.248,1,jan,235.57209158642945,OK,1991,2020,30,CHIRPS_v2,UCSB-CHG/CHIRPS/DAILY,1991-2020,IBGE_2024
3537800,Piedade,SP,746.903,1,jan,250.93624677510846,OK,1991,2020,30,CHIRPS_v2,UCSB-CHG/CHIRPS/DAILY,1991-2020,IBGE_2024
3553500,Tapiraí,SP,754.421,1,jan,265.9538046283577,OK,1991,2020,30,CHIRPS_v2,UCSB-CHG/CHIRPS/DAILY,1991-2020,IBGE_2024
3521002,Iperó,SP,170.289,1,jan,229.32081229097133,OK,1991,2020,30,CHIRPS_v2,UCSB-CHG/CHIRPS/DAILY,1991-2020,IBGE_2024
3519709,Ibiúna,SP,1058.01,1,jan,268.671683311564,OK,1991,2020,30,CHIRPS_v2,UCSB-CHG/CHIRPS/DAILY,1991-2020,IBGE_2024
3511508,Cerquilho,SP,127.803,1,jan,228.35945837918084,OK,1991,2020,30,CHIRPS_v2,UCSB-CHG/CHIRPS/DAILY,1991-2020,IBGE_2024
3502754,Araçariguama,SP,145.247,1,jan,274.85083518213935,OK,1991,2020,30,CHIRPS_v2,UCSB-CHG/CHIRPS/DAILY,1991-2020,IBGE_2024
3510302,Capela do Alto,SP,169.89,1,jan,221.08503559835117,OK,1991,2020,30,CHIRPS_v2,UCSB-CHG/CHIRPS/DAILY,1991-2020,IBGE_2024
3551108,Sarapuí,SP,352.592,1,jan,221.29550470985632,OK,1991,2020,30,CHIRPS_v2,UCSB-CHG/CHIRPS/DAILY,1991-2020,IBGE_2024
3525854,Jumirim,SP,56.685,1,jan,234.0696178373488,OK,1991,2020,30,CHIRPS_v2,UCSB-CHG/CHIRPS/DAILY,1991-2020,IBGE_2024
3540606,Porto Feliz,SP,556.706,1,jan,240.114158737811,OK,1991,2020,30,CHIRPS_v2,UCSB-CHG/CHIRPS/DAILY,1991-2020,IBGE_2024
3507001,Boituva,SP,248.954,1,jan,225.8264305051004,OK,1991,2020,30,CHIRPS_v2,UCSB-CHG/CHIRPS/DAILY,1991-2020,IBGE_2024
3554508,Tietê,SP,405.034,1,jan,231.228394650529,OK,1991,2020,30,CHIRPS_v2,UCSB-CHG/CHIRPS/DAILY,1991-2020,IBGE_2024
3505005,Barão de Antonina,SP,153.142,1,jan,221.36327003953522,OK,1991,2020,30,CHIRPS_v2,UCSB-CHG/CHIRPS/DAILY,1991-2020,IBGE_2024
3553856,Taquarivaí,SP,231.792,1,jan,233.55609351246054,OK,1991,2020,30,CHIRPS_v2,UCSB-CHG/CHIRPS/DAILY,1991-2020,IBGE_2024
3502705,Apiaí,SP,974.322,1,jan,231.84730834681977,OK,1991,2020,30,CHIRPS_v2,UCSB-CHG/CHIRPS/DAILY,1991-2020,IBGE_2024
3543253,Ribeirão Grande,SP,333.363,1,jan,237.96350371125524,OK,1991,2020,30,CHIRPS_v2,UCSB-CHG/CHIRPS/DAILY,1991-2020,IBGE_2024
3543501,Riversul,SP,385.878,1,jan,223.4863976340782,OK,1991,2020,30,CHIRPS_v2,UCSB-CHG/CHIRPS/DAILY,1991-2020,IBGE_2024
3542800,Ribeira,SP,335.759,1,jan,232.19115004107147,OK,1991,2020,30,CHIRPS_v2,UCSB-CHG/CHIRPS/DAILY,1991-2020,IBGE_2024
3543006,Ribeirão Branco,SP,697.5,1,jan,231.03664694654964,OK,1991,2020,30,CHIRPS_v2,UCSB-CHG/CHIRPS/DAILY,1991-2020,IBGE_2024
3510203,Capão Bonito,SP,1640.229,1,jan,235.36449539853538,OK,1991,2020,30,CHIRPS_v2,UCSB-CHG/CHIRPS/DAILY,1991-2020,IBGE_2024
3517604,Guapiara,SP,408.292,1,jan,239.39931964866298,OK,1991,2020,30,CHIRPS_v2,UCSB-CHG/CHIRPS/DAILY,1991-2020,IBGE_2024
3508009,Buri,SP,1196.463,1,jan,229.92758250378205,OK,1991,2020,30,CHIRPS_v2,UCSB-CHG/CHIRPS/DAILY,1991-2020,IBGE_2024
3532827,Nova Campina,SP,385.375,1,jan,233.65889022769974,OK,1991,2020,30,CHIRPS_v2,UCSB-CHG/CHIRPS/DAILY,1991-2020,IBGE_2024
3523206,Itararé,SP,1003.86,1,jan,237.80054594897925,OK,1991,2020,30,CHIRPS_v2,UCSB-CHG/CHIRPS/DAILY,1991-2020,IBGE_2024
3507159,Bom Sucesso de Itararé,SP,133.578,1,jan,234.120149464928,OK,1991,2020,30,CHIRPS_v2,UCSB-CHG/CHIRPS/DAILY,1991-2020,IBGE_2024
3522802,Itaporanga,SP,507.997,1,jan,220.63213758513908,OK,1991,2020,30,CHIRPS_v2,UCSB-CHG/CHIRPS/DAILY,1991-2020,IBGE_2024
3522653,Itapirapuã Paulista,SP,406.478,1,jan,238.5567788257875,OK,1991,2020,30,CHIRPS_v2,UCSB-CHG/CHIRPS/DAILY,1991-2020,IBGE_2024
3522158,Itaoca,SP,183.015,1,jan,239.21936610002945,OK,1991,2020,30,CHIRPS_v2,UCSB-CHG/CHIRPS/DAILY,1991-2020,IBGE_2024
3522406,Itapeva,SP,1826.258,1,jan,229.1968994534038,OK,1991,2020,30,CHIRPS_v2,UCSB-CHG/CHIRPS/DAILY,1991-2020,IBGE_2024
3521705,Itaberá,SP,1100.247,1,jan,223.02110185390646,OK,1991,2020,30,CHIRPS_v2,UCSB-CHG/CHIRPS/DAILY,1991-2020,IBGE_2024
3505351,Barra do Chapéu,SP,405.681,1,jan,233.5227678485568,OK,1991,2020,30,CHIRPS_v2,UCSB-CHG/CHIRPS/DAILY,1991-2020,IBGE_2024
3521200,Iporanga,SP,1152.059,1,jan,250.64765241699223,OK,1991,2020,30,CHIRPS_v2,UCSB-CHG/CHIRPS/DAILY,1991-2020,IBGE_2024
3520301,Iguape,SP,1978.329,1,jan,278.37789173895277,OK,1991,2020,30,CHIRPS_v2,UCSB-CHG/CHIRPS/DAILY,1991-2020,IBGE_2024
3520426,Ilha Comprida,SP,196.567,1,jan,302.7414145523923,OK,1991,2020,30,CHIRPS_v2,UCSB-CHG/CHIRPS/DAILY,1991-2020,IBGE_2024
3536208,Pariquera-Açu,SP,359.414,1,jan,270.52656494279154,OK,1991,2020,30,CHIRPS_v2,UCSB-CHG/CHIRPS/DAILY,1991-2020,IBGE_2024
3551801,Sete Barras,SP,1062.699,1,jan,276.53112021415626,OK,1991,2020,30,CHIRPS_v2,UCSB-CHG/CHIRPS/DAILY,1991-2020,IBGE_2024
3509908,Cananéia,SP,1237.354,1,jan,323.648783947321,OK,1991,2020,30,CHIRPS_v2,UCSB-CHG/CHIRPS/DAILY,1991-2020,IBGE_2024
3542602,Registro,SP,722.201,1,jan,273.95597132517713,OK,1991,2020,30,CHIRPS_v2,UCSB-CHG/CHIRPS/DAILY,1991-2020,IBGE_2024
3526100,Juquiá,SP,812.799,1,jan,269.4663182424376,OK,1991,2020,30,CHIRPS_v2,UCSB-CHG/CHIRPS/DAILY,1991-2020,IBGE_2024
3509254,Cajati,SP,454.489,1,jan,261.41580801970423,OK,1991,2020,30,CHIRPS_v2,UCSB-CHG/CHIRPS/DAILY,1991-2020,IBGE_2024
3524600,Jacupiranga,SP,704.136,1,jan,269.9123154946065,OK,1991,2020,30,CHIRPS_v2,UCSB-CHG/CHIRPS/DAILY,1991-2020,IBGE_2024
3514809,Eldorado,SP,1654.256,1,jan,259.65592475712634,OK,1991,2020,30,CHIRPS_v2,UCSB-CHG/CHIRPS/DAILY,1991-2020,IBGE_2024
3505401,Barra do Turvo,SP,1007.684,1,jan,265.34236116542115,OK,1991,2020,30,CHIRPS_v2,UCSB-CHG/CHIRPS/DAILY,1991-2020,IBGE_2024
3529906,Miracatu,SP,1002.2,1,jan,258.79546224408347,OK,1991,2020,30,CHIRPS_v2,UCSB-CHG/CHIRPS/DAILY,1991-2020,IBGE_2024
3500758,Alambari,SP,159.6,1,jan,227.17153383821625,OK,1991,2020,30,CHIRPS_v2,UCSB-CHG/CHIRPS/DAILY,1991-2020,IBGE_2024
3522307,Itapetininga,SP,1789.35,1,jan,232.1482830165417,OK,1991,2020,30,CHIRPS_v2,UCSB-CHG/CHIRPS/DAILY,1991-2020,IBGE_2024
3502200,Angatuba,SP,1028.104,1,jan,235.2094983655936,OK,1991,2020,30,CHIRPS_v2,UCSB-CHG/CHIRPS/DAILY,1991-2020,IBGE_2024
3518503,Guareí,SP,567.719,1,jan,235.15996538165595,OK,1991,2020,30,CHIRPS_v2,UCSB-CHG/CHIRPS/DAILY,1991-2020,IBGE_2024
3509452,Campina do Monte Alegre,SP,184.479,1,jan,235.81654536533784,OK,1991,2020,30,CHIRPS_v2,UCSB-CHG/CHIRPS/DAILY,1991-2020,IBGE_2024
3550209,São Miguel Arcanjo,SP,930.339,1,jan,228.51836939569287,OK,1991,2020,30,CHIRPS_v2,UCSB-CHG/CHIRPS/DAILY,1991-2020,IBGE_2024
3512605,Coronel Macedo,SP,303.83,1,jan,220.43511258413332,OK,1991,2020,30,CHIRPS_v2,UCSB-CHG/CHIRPS/DAILY,1991-2020,IBGE_2024
3553807,Taquarituba,SP,448.515,1,jan,218.40210935403036,OK,1991,2020,30,CHIRPS_v2,UCSB-CHG/CHIRPS/DAILY,1991-2020,IBGE_2024
3504503,Avaré,SP,1213.055,1,jan,243.6417724593858,OK,1991,2020,30,CHIRPS_v2,UCSB-CHG/CHIRPS/DAILY,1991-2020,IBGE_2024
3553005,Taguaí,SP,145.332,1,jan,222.5456360078976,OK,1991,2020,30,CHIRPS_v2,UCSB-CHG/CHIRPS/DAILY,1991-2020,IBGE_2024
3528601,Manduri,SP,229.046,1,jan,238.56710896891997,OK,1991,2020,30,CHIRPS_v2,UCSB-CHG/CHIRPS/DAILY,1991-2020,IBGE_2024
3511409,Cerqueira César,SP,511.621,1,jan,227.0289729324718,OK,1991,2020,30,CHIRPS_v2,UCSB-CHG/CHIRPS/DAILY,1991-2020,IBGE_2024
3519253,Iaras,SP,401.381,1,jan,252.82747968137235,OK,1991,2020,30,CHIRPS_v2,UCSB-CHG/CHIRPS/DAILY,1991-2020,IBGE_2024
3535804,Paranapanema,SP,1018.724,1,jan,237.11928294166052,OK,1991,2020,30,CHIRPS_v2,UCSB-CHG/CHIRPS/DAILY,1991-2020,IBGE_2024
3503109,Arandu,SP,285.908,1,jan,232.50700947709876,OK,1991,2020,30,CHIRPS_v2,UCSB-CHG/CHIRPS/DAILY,1991-2020,IBGE_2024
3533809,Óleo,SP,198.938,1,jan,244.386175969361,OK,1991,2020,30,CHIRPS_v2,UCSB-CHG/CHIRPS/DAILY,1991-2020,IBGE_2024
3500550,Águas de Santa Bárbara,SP,404.463,1,jan,249.06573099941306,OK,1991,2020,30,CHIRPS_v2,UCSB-CHG/CHIRPS/DAILY,1991-2020,IBGE_2024
3521804,Itaí,SP,1092.884,1,jan,228.25786986111964,OK,1991,2020,30,CHIRPS_v2,UCSB-CHG/CHIRPS/DAILY,1991-2020,IBGE_2024
3554003,Tatuí,SP,523.749,1,jan,227.54372683157573,OK,1991,2020,30,CHIRPS_v2,UCSB-CHG/CHIRPS/DAILY,1991-2020,IBGE_2024
3554656,Torre de Pedra,SP,71.506,1,jan,239.08412148448994,OK,1991,2020,30,CHIRPS_v2,UCSB-CHG/CHIRPS/DAILY,1991-2020,IBGE_2024
3537503,Pereiras,SP,223.136,1,jan,231.66204162906953,OK,1991,2020,30,CHIRPS_v2,UCSB-CHG/CHIRPS/DAILY,1991-2020,IBGE_2024
3511607,Cesário Lange,SP,190.392,1,jan,231.14538805546138,OK,1991,2020,30,CHIRPS_v2,UCSB-CHG/CHIRPS/DAILY,1991-2020,IBGE_2024
3541653,Quadra,SP,205.672,1,jan,235.39273255897032,OK,1991,2020,30,CHIRPS_v2,UCSB-CHG/CHIRPS/DAILY,1991-2020,IBGE_2024
3540507,Porangaba,SP,265.968,1,jan,237.9228992928257,OK,1991,2020,30,CHIRPS_v2,UCSB-CHG/CHIRPS/DAILY,1991-2020,IBGE_2024
3539400,Piratininga,SP,402.409,1,jan,246.28502310791595,OK,1991,2020,30,CHIRPS_v2,UCSB-CHG/CHIRPS/DAILY,1991-2020,IBGE_2024
3506003,Bauru,SP,667.684,1,jan,241.88754277665305,OK,1991,2020,30,CHIRPS_v2,UCSB-CHG/CHIRPS/DAILY,1991-2020,IBGE_2024
3504305,Avaí,SP,540.689,1,jan,236.38524801089278,OK,1991,2020,30,CHIRPS_v2,UCSB-CHG/CHIRPS/DAILY,1991-2020,IBGE_2024
3504701,Balbinos,SP,91.635,1,jan,228.79277215500798,OK,1991,2020,30,CHIRPS_v2,UCSB-CHG/CHIRPS/DAILY,1991-2020,IBGE_2024
3536703,Pederneiras,SP,727.482,1,jan,245.52670744911364,OK,1991,2020,30,CHIRPS_v2,UCSB-CHG/CHIRPS/DAILY,1991-2020,IBGE_2024
3536570,Paulistânia,SP,256.178,1,jan,249.72704084139497,OK,1991,2020,30,CHIRPS_v2,UCSB-CHG/CHIRPS/DAILY,1991-2020,IBGE_2024
3503406,Arealva,SP,506.226,1,jan,244.53991006232704,OK,1991,2020,30,CHIRPS_v2,UCSB-CHG/CHIRPS/DAILY,1991-2020,IBGE_2024
3528007,Macatuba,SP,224.514,1,jan,242.70136117889854,OK,1991,2020,30,CHIRPS_v2,UCSB-CHG/CHIRPS/DAILY,1991-2020,IBGE_2024
3519105,Iacanga,SP,547.393,1,jan,236.33140664997262,OK,1991,2020,30,CHIRPS_v2,UCSB-CHG/CHIRPS/DAILY,1991-2020,IBGE_2024
3527504,Lucianópolis,SP,189.536,1,jan,239.8635854734033,OK,1991,2020,30,CHIRPS_v2,UCSB-CHG/CHIRPS/DAILY,1991-2020,IBGE_2024
3526803,Lençóis Paulista,SP,809.541,1,jan,249.0555924545531,OK,1991,2020,30,CHIRPS_v2,UCSB-CHG/CHIRPS/DAILY,1991-2020,IBGE_2024
3542503,Reginópolis,SP,410.406,1,jan,230.6422262367761,OK,1991,2020,30,CHIRPS_v2,UCSB-CHG/CHIRPS/DAILY,1991-2020,IBGE_2024
3500709,Agudos,SP,966.708,1,jan,251.10481765793594,OK,1991,2020,30,CHIRPS_v2,UCSB-CHG/CHIRPS/DAILY,1991-2020,IBGE_2024
3508306,Cabrália Paulista,SP,239.974,1,jan,236.7936694602693,OK,1991,2020,30,CHIRPS_v2,UCSB-CHG/CHIRPS/DAILY,1991-2020,IBGE_2024
3541109,Presidente Alves,SP,286.642,1,jan,232.84457723504377,OK,1991,2020,30,CHIRPS_v2,UCSB-CHG/CHIRPS/DAILY,1991-2020,IBGE_2024
3507456,Borebi,SP,347.989,1,jan,252.27388094283825,OK,1991,2020,30,CHIRPS_v2,UCSB-CHG/CHIRPS/DAILY,1991-2020,IBGE_2024
3514502,Duartina,SP,264.557,1,jan,232.90669013503623,OK,1991,2020,30,CHIRPS_v2,UCSB-CHG/CHIRPS/DAILY,1991-2020,IBGE_2024
3555505,Ubirajara,SP,282.179,1,jan,236.4433725687898,OK,1991,2020,30,CHIRPS_v2,UCSB-CHG/CHIRPS/DAILY,1991-2020,IBGE_2024
3538907,Pirajuí,SP,823.758,1,jan,227.0762042094223,OK,1991,2020,30,CHIRPS_v2,UCSB-CHG/CHIRPS/DAILY,1991-2020,IBGE_2024
3525300,Jaú,SP,687.103,1,jan,248.0589317769813,OK,1991,2020,30,CHIRPS_v2,UCSB-CHG/CHIRPS/DAILY,1991-2020,IBGE_2024
3505302,Barra Bonita,SP,150.121,1,jan,250.24866375754172,OK,1991,2020,30,CHIRPS_v2,UCSB-CHG/CHIRPS/DAILY,1991-2020,IBGE_2024
3554706,Torrinha,SP,315.267,1,jan,265.2065538570434,OK,1991,2020,30,CHIRPS_v2,UCSB-CHG/CHIRPS/DAILY,1991-2020,IBGE_2024
3505203,Bariri,SP,444.405,1,jan,250.66238813471296,OK,1991,2020,30,CHIRPS_v2,UCSB-CHG/CHIRPS/DAILY,1991-2020,IBGE_2024
3520004,Igaraçu do Tietê,SP,97.747,1,jan,247.24708281992594,OK,1991,2020,30,CHIRPS_v2,UCSB-CHG/CHIRPS/DAILY,1991-2020,IBGE_2024
3507902,Brotas,SP,1101.373,1,jan,271.1786274317593,OK,1991,2020,30,CHIRPS_v2,UCSB-CHG/CHIRPS/DAILY,1991-2020,IBGE_2024
3507308,Boracéia,SP,122.11,1,jan,247.84426695144904,OK,1991,2020,30,CHIRPS_v2,UCSB-CHG/CHIRPS/DAILY,1991-2020,IBGE_2024
3506805,Bocaina,SP,363.926,1,jan,257.3254161776928,OK,1991,2020,30,CHIRPS_v2,UCSB-CHG/CHIRPS/DAILY,1991-2020,IBGE_2024
3522901,Itapuí,SP,140.023,1,jan,237.78416543605022,OK,1991,2020,30,CHIRPS_v2,UCSB-CHG/CHIRPS/DAILY,1991-2020,IBGE_2024
3514106,Dois Córregos,SP,632.972,1,jan,259.67352346089115,OK,1991,2020,30,CHIRPS_v2,UCSB-CHG/CHIRPS/DAILY,1991-2020,IBGE_2024
3529807,Mineiros do Tietê,SP,213.242,1,jan,255.19458783399713,OK,1991,2020,30,CHIRPS_v2,UCSB-CHG/CHIRPS/DAILY,1991-2020,IBGE_2024
3522000,Itaju,SP,230.355,1,jan,246.7125673783762,OK,1991,2020,30,CHIRPS_v2,UCSB-CHG/CHIRPS/DAILY,1991-2020,IBGE_2024
3507506,Botucatu,SP,1481.772,1,jan,255.48517802828573,OK,1991,2020,30,CHIRPS_v2,UCSB-CHG/CHIRPS/DAILY,1991-2020,IBGE_2024
3512308,Conchas,SP,467.327,1,jan,235.21366837989933,OK,1991,2020,30,CHIRPS_v2,UCSB-CHG/CHIRPS/DAILY,1991-2020,IBGE_2024
3536109,Pardinho,SP,208.223,1,jan,248.5276202124219,OK,1991,2020,30,CHIRPS_v2,UCSB-CHG/CHIRPS/DAILY,1991-2020,IBGE_2024
3503604,Areiópolis,SP,85.907,1,jan,249.8095024185649,OK,1991,2020,30,CHIRPS_v2,UCSB-CHG/CHIRPS/DAILY,1991-2020,IBGE_2024
3502309,Anhembi,SP,736.09,1,jan,247.15002673972555,OK,1991,2020,30,CHIRPS_v2,UCSB-CHG/CHIRPS/DAILY,1991-2020,IBGE_2024
3550100,São Manuel,SP,650.734,1,jan,257.31455486473726,OK,1991,2020,30,CHIRPS_v2,UCSB-CHG/CHIRPS/DAILY,1991-2020,IBGE_2024
3541059,Pratânia,SP,175.1,1,jan,255.21227460689107,OK,1991,2020,30,CHIRPS_v2,UCSB-CHG/CHIRPS/DAILY,1991-2020,IBGE_2024
3506904,Bofete,SP,654.546,1,jan,243.45591790621572,OK,1991,2020,30,CHIRPS_v2,UCSB-CHG/CHIRPS/DAILY,1991-2020,IBGE_2024
3523503,Itatinga,SP,979.526,1,jan,247.3801884474342,OK,1991,2020,30,CHIRPS_v2,UCSB-CHG/CHIRPS/DAILY,1991-2020,IBGE_2024
3544608,Sabino,SP,305.285,1,jan,211.90046840324524,OK,1991,2020,30,CHIRPS_v2,UCSB-CHG/CHIRPS/DAILY,1991-2020,IBGE_2024
3527108,Lins,SP,570.058,1,jan,222.735146697885,OK,1991,2020,30,CHIRPS_v2,UCSB-CHG/CHIRPS/DAILY,1991-2020,IBGE_2024
3518107,Guarantã,SP,461.746,1,jan,220.6381986592727,OK,1991,2020,30,CHIRPS_v2,UCSB-CHG/CHIRPS/DAILY,1991-2020,IBGE_2024
3517208,Guaiçara,SP,277.154,1,jan,222.58101099261395,OK,1991,2020,30,CHIRPS_v2,UCSB-CHG/CHIRPS/DAILY,1991-2020,IBGE_2024
3541604,Promissão,SP,779.2,1,jan,224.07231992841582,OK,1991,2020,30,CHIRPS_v2,UCSB-CHG/CHIRPS/DAILY,1991-2020,IBGE_2024
3508801,Cafelândia,SP,920.28,1,jan,225.2205000517525,OK,1991,2020,30,CHIRPS_v2,UCSB-CHG/CHIRPS/DAILY,1991-2020,IBGE_2024
3540101,Pongaí,SP,183.399,1,jan,229.73708280150376,OK,1991,2020,30,CHIRPS_v2,UCSB-CHG/CHIRPS/DAILY,1991-2020,IBGE_2024
3555901,Uru,SP,146.901,1,jan,230.56900112878094,OK,1991,2020,30,CHIRPS_v2,UCSB-CHG/CHIRPS/DAILY,1991-2020,IBGE_2024
3529005,Marília,SP,1170.515,1,jan,229.29243440579202,OK,1991,2020,30,CHIRPS_v2,UCSB-CHG/CHIRPS/DAILY,1991-2020,IBGE_2024
3534104,Oriente,SP,218.668,1,jan,219.47753345016451,OK,1991,2020,30,CHIRPS_v2,UCSB-CHG/CHIRPS/DAILY,1991-2020,IBGE_2024
3556602,Vera Cruz,SP,247.716,1,jan,244.76280917853447,OK,1991,2020,30,CHIRPS_v2,UCSB-CHG/CHIRPS/DAILY,1991-2020,IBGE_2024
3527801,Lupércio,SP,155.171,1,jan,234.21522125049904,OK,1991,2020,30,CHIRPS_v2,UCSB-CHG/CHIRPS/DAILY,1991-2020,IBGE_2024
3534500,Oscar Bressane,SP,222.13,1,jan,219.25379714227287,OK,1991,2020,30,CHIRPS_v2,UCSB-CHG/CHIRPS/DAILY,1991-2020,IBGE_2024
3525805,Júlio Mesquita,SP,128.183,1,jan,226.53374074749263,OK,1991,2020,30,CHIRPS_v2,UCSB-CHG/CHIRPS/DAILY,1991-2020,IBGE_2024
3509809,Campos Novos Paulista,SP,484.199,1,jan,223.06496353567982,OK,1991,2020,30,CHIRPS_v2,UCSB-CHG/CHIRPS/DAILY,1991-2020,IBGE_2024
3501400,Álvaro de Carvalho,SP,153.662,1,jan,220.5182927896007,OK,1991,2020,30,CHIRPS_v2,UCSB-CHG/CHIRPS/DAILY,1991-2020,IBGE_2024
3501509,Alvinlândia,SP,84.879,1,jan,236.63977482911764,OK,1991,2020,30,CHIRPS_v2,UCSB-CHG/CHIRPS/DAILY,1991-2020,IBGE_2024
3517000,Getulina,SP,676.755,1,jan,221.39256370249487,OK,1991,2020,30,CHIRPS_v2,UCSB-CHG/CHIRPS/DAILY,1991-2020,IBGE_2024
3533700,Ocauçu,SP,301.036,1,jan,229.70082940831637,OK,1991,2020,30,CHIRPS_v2,UCSB-CHG/CHIRPS/DAILY,1991-2020,IBGE_2024
3542008,Quintana,SP,318.937,1,jan,215.15664466257016,OK,1991,2020,30,CHIRPS_v2,UCSB-CHG/CHIRPS/DAILY,1991-2020,IBGE_2024
3517307,Guaimbê,SP,217.811,1,jan,227.87678421607276,OK,1991,2020,30,CHIRPS_v2,UCSB-CHG/CHIRPS/DAILY,1991-2020,IBGE_2024
3516705,Garça,SP,555.807,1,jan,235.99663962433704,OK,1991,2020,30,CHIRPS_v2,UCSB-CHG/CHIRPS/DAILY,1991-2020,IBGE_2024
3516606,Gália,SP,355.914,1,jan,233.964998597146,OK,1991,2020,30,CHIRPS_v2,UCSB-CHG/CHIRPS/DAILY,1991-2020,IBGE_2024
3515657,Fernão,SP,100.504,1,jan,233.26212810283656,OK,1991,2020,30,CHIRPS_v2,UCSB-CHG/CHIRPS/DAILY,1991-2020,IBGE_2024
3540002,Pompéia,SP,784.674,1,jan,215.0979244573594,OK,1991,2020,30,CHIRPS_v2,UCSB-CHG/CHIRPS/DAILY,1991-2020,IBGE_2024
3514700,Echaporã,SP,515.258,1,jan,224.32099218576735,OK,1991,2020,30,CHIRPS_v2,UCSB-CHG/CHIRPS/DAILY,1991-2020,IBGE_2024
3553955,Tarumã,SP,302.913,1,jan,223.15459393855397,OK,1991,2020,30,CHIRPS_v2,UCSB-CHG/CHIRPS/DAILY,1991-2020,IBGE_2024
3513306,Cruzália,SP,149.33,1,jan,216.43623725408798,OK,1991,2020,30,CHIRPS_v2,UCSB-CHG/CHIRPS/DAILY,1991-2020,IBGE_2024
3537156,Pedrinhas Paulista,SP,152.309,1,jan,217.16575286894295,OK,1991,2020,30,CHIRPS_v2,UCSB-CHG/CHIRPS/DAILY,1991-2020,IBGE_2024
3528809,Maracaí,SP,533.498,1,jan,217.95737878622793,OK,1991,2020,30,CHIRPS_v2,UCSB-CHG/CHIRPS/DAILY,1991-2020,IBGE_2024
3527900,Lutécia,SP,475.226,1,jan,220.62865085160783,OK,1991,2020,30,CHIRPS_v2,UCSB-CHG/CHIRPS/DAILY,1991-2020,IBGE_2024
3504008,Assis,SP,460.609,1,jan,231.45509677073636,OK,1991,2020,30,CHIRPS_v2,UCSB-CHG/CHIRPS/DAILY,1991-2020,IBGE_2024
3535507,Paraguaçu Paulista,SP,1001.492,1,jan,220.2879970643574,OK,1991,2020,30,CHIRPS_v2,UCSB-CHG/CHIRPS/DAILY,1991-2020,IBGE_2024
3535309,Palmital,SP,548.407,1,jan,221.0233638159831,OK,1991,2020,30,CHIRPS_v2,UCSB-CHG/CHIRPS/DAILY,1991-2020,IBGE_2024
3510005,Cândido Mota,SP,595.811,1,jan,225.55618587026106,OK,1991,2020,30,CHIRPS_v2,UCSB-CHG/CHIRPS/DAILY,1991-2020,IBGE_2024
3516101,Florínea,SP,225.886,1,jan,218.71251549102732,OK,1991,2020,30,CHIRPS_v2,UCSB-CHG/CHIRPS/DAILY,1991-2020,IBGE_2024
3539707,Platina,SP,327.48,1,jan,225.91316532043354,OK,1991,2020,30,CHIRPS_v2,UCSB-CHG/CHIRPS/DAILY,1991-2020,IBGE_2024
3507209,Borá,SP,118.951,1,jan,219.61059285029063,OK,1991,2020,30,CHIRPS_v2,UCSB-CHG/CHIRPS/DAILY,1991-2020,IBGE_2024
3534708,Ourinhos,SP,295.818,1,jan,230.27665208078523,OK,1991,2020,30,CHIRPS_v2,UCSB-CHG/CHIRPS/DAILY,1991-2020,IBGE_2024
3510153,Canitar,SP,57.459,1,jan,226.37884495116867,OK,1991,2020,30,CHIRPS_v2,UCSB-CHG/CHIRPS/DAILY,1991-2020,IBGE_2024
3545407,Salto Grande,SP,188.441,1,jan,229.86802299018805,OK,1991,2020,30,CHIRPS_v2,UCSB-CHG/CHIRPS/DAILY,1991-2020,IBGE_2024
3520905,Ipaussu,SP,209.554,1,jan,232.19807766343504,OK,1991,2020,30,CHIRPS_v2,UCSB-CHG/CHIRPS/DAILY,1991-2020,IBGE_2024
3519501,Ibirarema,SP,228.23,1,jan,223.2139941438816,OK,1991,2020,30,CHIRPS_v2,UCSB-CHG/CHIRPS/DAILY,1991-2020,IBGE_2024
3543204,Ribeirão do Sul,SP,203.208,1,jan,224.10699148942396,OK,1991,2020,30,CHIRPS_v2,UCSB-CHG/CHIRPS/DAILY,1991-2020,IBGE_2024
3550506,São Pedro do Turvo,SP,731.221,1,jan,232.02010371168598,OK,1991,2020,30,CHIRPS_v2,UCSB-CHG/CHIRPS/DAILY,1991-2020,IBGE_2024
3557204,Chavantes,SP,188.727,1,jan,227.64203280995767,OK,1991,2020,30,CHIRPS_v2,UCSB-CHG/CHIRPS/DAILY,1991-2020,IBGE_2024
3515194,Espírito Santo do Turvo,SP,193.666,1,jan,250.23098073347697,OK,1991,2020,30,CHIRPS_v2,UCSB-CHG/CHIRPS/DAILY,1991-2020,IBGE_2024
3506300,Bernardino de Campos,SP,244.158,1,jan,240.23689878033434,OK,1991,2020,30,CHIRPS_v2,UCSB-CHG/CHIRPS/DAILY,1991-2020,IBGE_2024
3546405,Santa Cruz do Rio Pardo,SP,1114.747,1,jan,244.23718392474518,OK,1991,2020,30,CHIRPS_v2,UCSB-CHG/CHIRPS/DAILY,1991-2020,IBGE_2024
3536000,Parapuã,SP,366.676,1,jan,224.41414868524262,OK,1991,2020,30,CHIRPS_v2,UCSB-CHG/CHIRPS/DAILY,1991-2020,IBGE_2024
3503356,Arco-Íris,SP,264.904,1,jan,231.87999799993716,OK,1991,2020,30,CHIRPS_v2,UCSB-CHG/CHIRPS/DAILY,1991-2020,IBGE_2024
3519204,Iacri,SP,321.948,1,jan,224.3670822653871,OK,1991,2020,30,CHIRPS_v2,UCSB-CHG/CHIRPS/DAILY,1991-2020,IBGE_2024
3543808,Rinópolis,SP,358.481,1,jan,222.85250793010388,OK,1991,2020,30,CHIRPS_v2,UCSB-CHG/CHIRPS/DAILY,1991-2020,IBGE_2024
3519006,Herculândia,SP,364.252,1,jan,228.65062706650986,OK,1991,2020,30,CHIRPS_v2,UCSB-CHG/CHIRPS/DAILY,1991-2020,IBGE_2024
3541802,Queiroz,SP,234.914,1,jan,213.616317907711,OK,1991,2020,30,CHIRPS_v2,UCSB-CHG/CHIRPS/DAILY,1991-2020,IBGE_2024
3555000,Tupã,SP,627.986,1,jan,228.12034596963355,OK,1991,2020,30,CHIRPS_v2,UCSB-CHG/CHIRPS/DAILY,1991-2020,IBGE_2024
3505807,Bastos,SP,170.912,1,jan,224.73833067469917,OK,1991,2020,30,CHIRPS_v2,UCSB-CHG/CHIRPS/DAILY,1991-2020,IBGE_2024
3554201,Tejupá,SP,296.189,1,jan,243.6277586463143,OK,1991,2020,30,CHIRPS_v2,UCSB-CHG/CHIRPS/DAILY,1991-2020,IBGE_2024
3551207,Sarutaiá,SP,141.608,1,jan,240.3745541566333,OK,1991,2020,30,CHIRPS_v2,UCSB-CHG/CHIRPS/DAILY,1991-2020,IBGE_2024
3515400,Fartura,SP,429.171,1,jan,236.62852456179024,OK,1991,2020,30,CHIRPS_v2,UCSB-CHG/CHIRPS/DAILY,1991-2020,IBGE_2024
3538808,Piraju,SP,504.591,1,jan,234.73690458833454,OK,1991,2020,30,CHIRPS_v2,UCSB-CHG/CHIRPS/DAILY,1991-2020,IBGE_2024
3554607,Timburi,SP,196.79,1,jan,232.3483668859104,OK,1991,2020,30,CHIRPS_v2,UCSB-CHG/CHIRPS/DAILY,1991-2020,IBGE_2024
3554300,Teodoro Sampaio,SP,1559.776,1,jan,188.88121978750053,OK,1991,2020,30,CHIRPS_v2,UCSB-CHG/CHIRPS/DAILY,1991-2020,IBGE_2024
3529203,Martinópolis,SP,1251.492,1,jan,239.17994566821858,OK,1991,2020,30,CHIRPS_v2,UCSB-CHG/CHIRPS/DAILY,1991-2020,IBGE_2024
3545506,Sandovalina,SP,455.856,1,jan,197.6464301381271,OK,1991,2020,30,CHIRPS_v2,UCSB-CHG/CHIRPS/DAILY,1991-2020,IBGE_2024
3544251,Rosana,SP,742.762,1,jan,171.46319162202062,OK,1991,2020,30,CHIRPS_v2,UCSB-CHG/CHIRPS/DAILY,1991-2020,IBGE_2024
3519907,Iepê,SP,594.985,1,jan,230.9639051523875,OK,1991,2020,30,CHIRPS_v2,UCSB-CHG/CHIRPS/DAILY,1991-2020,IBGE_2024
3543238,Ribeirão dos Índios,SP,196.467,1,jan,223.58955845645988,OK,1991,2020,30,CHIRPS_v2,UCSB-CHG/CHIRPS/DAILY,1991-2020,IBGE_2024
3542206,Rancharia,SP,1591.148,1,jan,231.00545846228044,OK,1991,2020,30,CHIRPS_v2,UCSB-CHG/CHIRPS/DAILY,1991-2020,IBGE_2024
3541703,Quatá,SP,651.341,1,jan,224.9069352233128,OK,1991,2020,30,CHIRPS_v2,UCSB-CHG/CHIRPS/DAILY,1991-2020,IBGE_2024
3525607,João Ramalho,SP,415.452,1,jan,233.6958799435099,OK,1991,2020,30,CHIRPS_v2,UCSB-CHG/CHIRPS/DAILY,1991-2020,IBGE_2024
3532157,Nantes,SP,286.444,1,jan,217.2334062112495,OK,1991,2020,30,CHIRPS_v2,UCSB-CHG/CHIRPS/DAILY,1991-2020,IBGE_2024
3515350,Euclides da Cunha Paulista,SP,571.169,1,jan,179.3721937014739,OK,1991,2020,30,CHIRPS_v2,UCSB-CHG/CHIRPS/DAILY,1991-2020,IBGE_2024
3547700,Santo Anastácio,SP,552.876,1,jan,221.92587597805968,OK,1991,2020,30,CHIRPS_v2,UCSB-CHG/CHIRPS/DAILY,1991-2020,IBGE_2024
3530201,Mirante do Paranapanema,SP,1238.931,1,jan,201.01099456447002,OK,1991,2020,30,CHIRPS_v2,UCSB-CHG/CHIRPS/DAILY,1991-2020,IBGE_2024
3553906,Tarabai,SP,201.385,1,jan,213.87109332166182,OK,1991,2020,30,CHIRPS_v2,UCSB-CHG/CHIRPS/DAILY,1991-2020,IBGE_2024
3520608,Indiana,SP,129.019,1,jan,252.18120995620714,OK,1991,2020,30,CHIRPS_v2,UCSB-CHG/CHIRPS/DAILY,1991-2020,IBGE_2024
3552908,Taciba,SP,606.755,1,jan,222.39904994191292,OK,1991,2020,30,CHIRPS_v2,UCSB-CHG/CHIRPS/DAILY,1991-2020,IBGE_2024
3502408,Anhumas,SP,320.84,1,jan,229.05487664654487,OK,1991,2020,30,CHIRPS_v2,UCSB-CHG/CHIRPS/DAILY,1991-2020,IBGE_2024
3501301,Álvares Machado,SP,347.647,1,jan,223.81278669860842,OK,1991,2020,30,CHIRPS_v2,UCSB-CHG/CHIRPS/DAILY,1991-2020,IBGE_2024
3542404,Regente Feijó,SP,263.426,1,jan,241.2526605021678,OK,1991,2020,30,CHIRPS_v2,UCSB-CHG/CHIRPS/DAILY,1991-2020,IBGE_2024
3508900,Caiabu,SP,252.704,1,jan,231.6973245473436,OK,1991,2020,30,CHIRPS_v2,UCSB-CHG/CHIRPS/DAILY,1991-2020,IBGE_2024
3500808,Alfredo Marcondes,SP,118.915,1,jan,226.2078122159319,OK,1991,2020,30,CHIRPS_v2,UCSB-CHG/CHIRPS/DAILY,1991-2020,IBGE_2024
3541208,Presidente Bernardes,SP,749.234,1,jan,219.09046855104842,OK,1991,2020,30,CHIRPS_v2,UCSB-CHG/CHIRPS/DAILY,1991-2020,IBGE_2024
3541406,Presidente Prudente,SP,560.637,1,jan,228.16751656599493,OK,1991,2020,30,CHIRPS_v2,UCSB-CHG/CHIRPS/DAILY,1991-2020,IBGE_2024
3548302,Santo Expedito,SP,94.465,1,jan,222.54413261410284,OK,1991,2020,30,CHIRPS_v2,UCSB-CHG/CHIRPS/DAILY,1991-2020,IBGE_2024
3532207,Narandiba,SP,357.325,1,jan,217.03574125173506,OK,1991,2020,30,CHIRPS_v2,UCSB-CHG/CHIRPS/DAILY,1991-2020,IBGE_2024
3515129,Emilianópolis,SP,225.177,1,jan,221.54544053997137,OK,1991,2020,30,CHIRPS_v2,UCSB-CHG/CHIRPS/DAILY,1991-2020,IBGE_2024
3539202,Pirapozinho,SP,477.673,1,jan,208.36858455465938,OK,1991,2020,30,CHIRPS_v2,UCSB-CHG/CHIRPS/DAILY,1991-2020,IBGE_2024
3515301,Estrela do Norte,SP,264.987,1,jan,204.9641922238704,OK,1991,2020,30,CHIRPS_v2,UCSB-CHG/CHIRPS/DAILY,1991-2020,IBGE_2024
3528908,Mariápolis,SP,186.432,1,jan,222.94752082535848,OK,1991,2020,30,CHIRPS_v2,UCSB-CHG/CHIRPS/DAILY,1991-2020,IBGE_2024
3520806,Inúbia Paulista,SP,87.119,1,jan,224.8997078414732,OK,1991,2020,30,CHIRPS_v2,UCSB-CHG/CHIRPS/DAILY,1991-2020,IBGE_2024
3544707,Sagres,SP,147.923,1,jan,232.61917317682077,OK,1991,2020,30,CHIRPS_v2,UCSB-CHG/CHIRPS/DAILY,1991-2020,IBGE_2024
3545100,Salmourão,SP,172.934,1,jan,227.65462509052998,OK,1991,2020,30,CHIRPS_v2,UCSB-CHG/CHIRPS/DAILY,1991-2020,IBGE_2024
3527405,Lucélia,SP,314.81,1,jan,226.27246023426105,OK,1991,2020,30,CHIRPS_v2,UCSB-CHG/CHIRPS/DAILY,1991-2020,IBGE_2024
3534609,Osvaldo Cruz,SP,248.038,1,jan,230.21659757549392,OK,1991,2020,30,CHIRPS_v2,UCSB-CHG/CHIRPS/DAILY,1991-2020,IBGE_2024
3534906,Pacaembu,SP,339.375,1,jan,224.20295165387498,OK,1991,2020,30,CHIRPS_v2,UCSB-CHG/CHIRPS/DAILY,1991-2020,IBGE_2024
3500105,Adamantina,SP,411.987,1,jan,230.5441666400921,OK,1991,2020,30,CHIRPS_v2,UCSB-CHG/CHIRPS/DAILY,1991-2020,IBGE_2024
3516002,Flórida Paulista,SP,524.138,1,jan,226.56579629853098,OK,1991,2020,30,CHIRPS_v2,UCSB-CHG/CHIRPS/DAILY,1991-2020,IBGE_2024
3540853,Pracinha,SP,63.141,1,jan,225.1320949133459,OK,1991,2020,30,CHIRPS_v2,UCSB-CHG/CHIRPS/DAILY,1991-2020,IBGE_2024
3521606,Irapuru,SP,214.078,1,jan,222.30711967458132,OK,1991,2020,30,CHIRPS_v2,UCSB-CHG/CHIRPS/DAILY,1991-2020,IBGE_2024
3536406,Paulicéia,SP,374.091,1,jan,210.30461669977493,OK,1991,2020,30,CHIRPS_v2,UCSB-CHG/CHIRPS/DAILY,1991-2020,IBGE_2024
3535408,Panorama,SP,356.05,1,jan,212.4883490266376,OK,1991,2020,30,CHIRPS_v2,UCSB-CHG/CHIRPS/DAILY,1991-2020,IBGE_2024
3534807,Ouro Verde,SP,266.778,1,jan,214.26335170708035,OK,1991,2020,30,CHIRPS_v2,UCSB-CHG/CHIRPS/DAILY,1991-2020,IBGE_2024
3526001,Junqueirópolis,SP,583.273,1,jan,217.96155676910817,OK,1991,2020,30,CHIRPS_v2,UCSB-CHG/CHIRPS/DAILY,1991-2020,IBGE_2024
3533106,Nova Guataporanga,SP,34.675,1,jan,215.85156423380687,OK,1991,2020,30,CHIRPS_v2,UCSB-CHG/CHIRPS/DAILY,1991-2020,IBGE_2024
3549300,São João do Pau d'Alho,SP,117.514,1,jan,213.05465116222356,OK,1991,2020,30,CHIRPS_v2,UCSB-CHG/CHIRPS/DAILY,1991-2020,IBGE_2024
3515806,Flora Rica,SP,224.619,1,jan,225.42970132063223,OK,1991,2020,30,CHIRPS_v2,UCSB-CHG/CHIRPS/DAILY,1991-2020,IBGE_2024
3531605,Monte Castelo,SP,233.289,1,jan,203.34266339991822,OK,1991,2020,30,CHIRPS_v2,UCSB-CHG/CHIRPS/DAILY,1991-2020,IBGE_2024
3555109,Tupi Paulista,SP,244.663,1,jan,213.158016193945,OK,1991,2020,30,CHIRPS_v2,UCSB-CHG/CHIRPS/DAILY,1991-2020,IBGE_2024
3514403,Dracena,SP,487.271,1,jan,223.96354197048353,OK,1991,2020,30,CHIRPS_v2,UCSB-CHG/CHIRPS/DAILY,1991-2020,IBGE_2024
3547106,Santa Mercedes,SP,166.884,1,jan,216.18209578970664,OK,1991,2020,30,CHIRPS_v2,UCSB-CHG/CHIRPS/DAILY,1991-2020,IBGE_2024
3538303,Piquerobi,SP,482.769,1,jan,224.69415308100494,OK,1991,2020,30,CHIRPS_v2,UCSB-CHG/CHIRPS/DAILY,1991-2020,IBGE_2024
3528700,Marabá Paulista,SP,919.519,1,jan,204.40524134316206,OK,1991,2020,30,CHIRPS_v2,UCSB-CHG/CHIRPS/DAILY,1991-2020,IBGE_2024
3509106,Caiuá,SP,551.159,1,jan,209.3713761137265,OK,1991,2020,30,CHIRPS_v2,UCSB-CHG/CHIRPS/DAILY,1991-2020,IBGE_2024
3541307,Presidente Epitácio,SP,1260.281,1,jan,198.13215872120634,OK,1991,2020,30,CHIRPS_v2,UCSB-CHG/CHIRPS/DAILY,1991-2020,IBGE_2024
3541505,Presidente Venceslau,SP,755.203,1,jan,220.29545412283272,OK,1991,2020,30,CHIRPS_v2,UCSB-CHG/CHIRPS/DAILY,1991-2020,IBGE_2024
3502804,Araçatuba,SP,1167.126,1,jan,235.94512210535288,OK,1991,2020,30,CHIRPS_v2,UCSB-CHG/CHIRPS/DAILY,1991-2020,IBGE_2024
3504206,Auriflama,SP,434.117,1,jan,245.50949770588335,OK,1991,2020,30,CHIRPS_v2,UCSB-CHG/CHIRPS/DAILY,1991-2020,IBGE_2024
3528304,Magda,SP,312.282,1,jan,264.49549257926213,OK,1991,2020,30,CHIRPS_v2,UCSB-CHG/CHIRPS/DAILY,1991-2020,IBGE_2024
3544400,Rubiácea,SP,236.484,1,jan,226.05639471464175,OK,1991,2020,30,CHIRPS_v2,UCSB-CHG/CHIRPS/DAILY,1991-2020,IBGE_2024
3518909,Guzolândia,SP,252.722,1,jan,244.06507782354225,OK,1991,2020,30,CHIRPS_v2,UCSB-CHG/CHIRPS/DAILY,1991-2020,IBGE_2024
3518206,Guararapes,SP,955.637,1,jan,232.44138072724084,OK,1991,2020,30,CHIRPS_v2,UCSB-CHG/CHIRPS/DAILY,1991-2020,IBGE_2024
3533304,Nova Luzitânia,SP,73.69,1,jan,259.15928816504925,OK,1991,2020,30,CHIRPS_v2,UCSB-CHG/CHIRPS/DAILY,1991-2020,IBGE_2024
3516903,General Salgado,SP,493.88,1,jan,255.95727572241788,OK,1991,2020,30,CHIRPS_v2,UCSB-CHG/CHIRPS/DAILY,1991-2020,IBGE_2024
3516804,Gastão Vidigal,SP,180.569,1,jan,259.1656936503286,OK,1991,2020,30,CHIRPS_v2,UCSB-CHG/CHIRPS/DAILY,1991-2020,IBGE_2024
3532868,Nova Castilho,SP,183.396,1,jan,257.0525295032387,OK,1991,2020,30,CHIRPS_v2,UCSB-CHG/CHIRPS/DAILY,1991-2020,IBGE_2024
3556305,Valparaíso,SP,857.661,1,jan,219.7244026435188,OK,1991,2020,30,CHIRPS_v2,UCSB-CHG/CHIRPS/DAILY,1991-2020,IBGE_2024
3531001,Monções,SP,104.352,1,jan,256.3736497139706,OK,1991,2020,30,CHIRPS_v2,UCSB-CHG/CHIRPS/DAILY,1991-2020,IBGE_2024
3548054,Santo Antônio do Aracanguá,SP,1308.889,1,jan,240.32707028349287,OK,1991,2020,30,CHIRPS_v2,UCSB-CHG/CHIRPS/DAILY,1991-2020,IBGE_2024
3506201,Bento de Abreu,SP,301.687,1,jan,224.09131244422676,OK,1991,2020,30,CHIRPS_v2,UCSB-CHG/CHIRPS/DAILY,1991-2020,IBGE_2024
3512506,Coroados,SP,246.826,1,jan,235.19844311604328,OK,1991,2020,30,CHIRPS_v2,UCSB-CHG/CHIRPS/DAILY,1991-2020,IBGE_2024
3507704,Braúna,SP,195.176,1,jan,236.09183852475715,OK,1991,2020,30,CHIRPS_v2,UCSB-CHG/CHIRPS/DAILY,1991-2020,IBGE_2024
3507753,Brejo Alegre,SP,105.689,1,jan,231.6733401189941,OK,1991,2020,30,CHIRPS_v2,UCSB-CHG/CHIRPS/DAILY,1991-2020,IBGE_2024
3506508,Birigui,SP,530.031,1,jan,237.30511789616844,OK,1991,2020,30,CHIRPS_v2,UCSB-CHG/CHIRPS/DAILY,1991-2020,IBGE_2024
3537701,Piacatu,SP,232.488,1,jan,229.26019128473067,OK,1991,2020,30,CHIRPS_v2,UCSB-CHG/CHIRPS/DAILY,1991-2020,IBGE_2024
3505104,Barbosa,SP,205.212,1,jan,219.66262682018845,OK,1991,2020,30,CHIRPS_v2,UCSB-CHG/CHIRPS/DAILY,1991-2020,IBGE_2024
3504404,Avanhandava,SP,338.37,1,jan,227.1208585542089,OK,1991,2020,30,CHIRPS_v2,UCSB-CHG/CHIRPS/DAILY,1991-2020,IBGE_2024
3537305,Penápolis,SP,711.315,1,jan,231.6645412704575,OK,1991,2020,30,CHIRPS_v2,UCSB-CHG/CHIRPS/DAILY,1991-2020,IBGE_2024
3511904,Clementina,SP,168.59,1,jan,230.02294530304403,OK,1991,2020,30,CHIRPS_v2,UCSB-CHG/CHIRPS/DAILY,1991-2020,IBGE_2024
3527256,Lourdes,SP,113.808,1,jan,252.8827114148891,OK,1991,2020,30,CHIRPS_v2,UCSB-CHG/CHIRPS/DAILY,1991-2020,IBGE_2024
3527702,Luiziânia,SP,166.576,1,jan,231.2510718926351,OK,1991,2020,30,CHIRPS_v2,UCSB-CHG/CHIRPS/DAILY,1991-2020,IBGE_2024
3517109,Glicério,SP,272.8,1,jan,228.57695797662743,OK,1991,2020,30,CHIRPS_v2,UCSB-CHG/CHIRPS/DAILY,1991-2020,IBGE_2024
3501103,Alto Alegre,SP,318.574,1,jan,240.3872076651684,OK,1991,2020,30,CHIRPS_v2,UCSB-CHG/CHIRPS/DAILY,1991-2020,IBGE_2024
3516507,Gabriel Monteiro,SP,138.681,1,jan,238.5818106792652,OK,1991,2020,30,CHIRPS_v2,UCSB-CHG/CHIRPS/DAILY,1991-2020,IBGE_2024
3557154,Zacarias,SP,319.056,1,jan,230.20764263813456,OK,1991,2020,30,CHIRPS_v2,UCSB-CHG/CHIRPS/DAILY,1991-2020,IBGE_2024
3508108,Buritama,SP,327.344,1,jan,239.98148978388372,OK,1991,2020,30,CHIRPS_v2,UCSB-CHG/CHIRPS/DAILY,1991-2020,IBGE_2024
3548401,Santópolis do Aguapeí,SP,128.026,1,jan,226.36016231387705,OK,1991,2020,30,CHIRPS_v2,UCSB-CHG/CHIRPS/DAILY,1991-2020,IBGE_2024
3506409,Bilac,SP,158.025,1,jan,238.07536998976747,OK,1991,2020,30,CHIRPS_v2,UCSB-CHG/CHIRPS/DAILY,1991-2020,IBGE_2024
3555208,Turiúba,SP,153.492,1,jan,254.78025779964244,OK,1991,2020,30,CHIRPS_v2,UCSB-CHG/CHIRPS/DAILY,1991-2020,IBGE_2024
3530102,Mirandópolis,SP,917.692,1,jan,213.5881245696799,OK,1991,2020,30,CHIRPS_v2,UCSB-CHG/CHIRPS/DAILY,1991-2020,IBGE_2024
3537404,Pereira Barreto,SP,974.248,1,jan,223.93370540266935,OK,1991,2020,30,CHIRPS_v2,UCSB-CHG/CHIRPS/DAILY,1991-2020,IBGE_2024
3520442,Ilha Solteira,SP,652.641,1,jan,230.61268957882956,OK,1991,2020,30,CHIRPS_v2,UCSB-CHG/CHIRPS/DAILY,1991-2020,IBGE_2024
3511003,Castilho,SP,1065.318,1,jan,216.30017270594874,OK,1991,2020,30,CHIRPS_v2,UCSB-CHG/CHIRPS/DAILY,1991-2020,IBGE_2024
3552304,Sud Mennucci,SP,594.543,1,jan,234.0112326489949,OK,1991,2020,30,CHIRPS_v2,UCSB-CHG/CHIRPS/DAILY,1991-2020,IBGE_2024
3526506,Lavínia,SP,537.675,1,jan,213.51340673266535,OK,1991,2020,30,CHIRPS_v2,UCSB-CHG/CHIRPS/DAILY,1991-2020,IBGE_2024
3502101,Andradina,SP,964.226,1,jan,219.12984155912991,OK,1991,2020,30,CHIRPS_v2,UCSB-CHG/CHIRPS/DAILY,1991-2020,IBGE_2024
3517802,Guaraçaí,SP,569.222,1,jan,214.38877818494905,OK,1991,2020,30,CHIRPS_v2,UCSB-CHG/CHIRPS/DAILY,1991-2020,IBGE_2024
3533205,Nova Independência,SP,265.028,1,jan,209.35630182337385,OK,1991,2020,30,CHIRPS_v2,UCSB-CHG/CHIRPS/DAILY,1991-2020,IBGE_2024
3532108,Murutinga do Sul,SP,250.873,1,jan,220.08232601481694,OK,1991,2020,30,CHIRPS_v2,UCSB-CHG/CHIRPS/DAILY,1991-2020,IBGE_2024
3523008,Itapura,SP,301.653,1,jan,221.89228246055632,OK,1991,2020,30,CHIRPS_v2,UCSB-CHG/CHIRPS/DAILY,1991-2020,IBGE_2024
3529500,Mendonça,SP,195.151,1,jan,215.23767647598083,OK,1991,2020,30,CHIRPS_v2,UCSB-CHG/CHIRPS/DAILY,1991-2020,IBGE_2024
3521507,Irapuã,SP,257.611,1,jan,224.17415514111187,OK,1991,2020,30,CHIRPS_v2,UCSB-CHG/CHIRPS/DAILY,1991-2020,IBGE_2024
3553401,Tanabi,SP,747.218,1,jan,266.0275515499659,OK,1991,2020,30,CHIRPS_v2,UCSB-CHG/CHIRPS/DAILY,1991-2020,IBGE_2024
3536604,Paulo de Faria,SP,737.986,1,jan,269.0861880593007,OK,1991,2020,30,CHIRPS_v2,UCSB-CHG/CHIRPS/DAILY,1991-2020,IBGE_2024
3544806,Sales,SP,308.555,1,jan,212.21692695823094,OK,1991,2020,30,CHIRPS_v2,UCSB-CHG/CHIRPS/DAILY,1991-2020,IBGE_2024
3519808,Icém,SP,362.355,1,jan,260.8461099382849,OK,1991,2020,30,CHIRPS_v2,UCSB-CHG/CHIRPS/DAILY,1991-2020,IBGE_2024
3528106,Macaubal,SP,248.087,1,jan,259.06703068790915,OK,1991,2020,30,CHIRPS_v2,UCSB-CHG/CHIRPS/DAILY,1991-2020,IBGE_2024
3519402,Ibirá,SP,268.9,1,jan,241.35202649229345,OK,1991,2020,30,CHIRPS_v2,UCSB-CHG/CHIRPS/DAILY,1991-2020,IBGE_2024
3535002,Palestina,SP,697.701,1,jan,262.89710056129263,OK,1991,2020,30,CHIRPS_v2,UCSB-CHG/CHIRPS/DAILY,1991-2020,IBGE_2024
3525706,José Bonifácio,SP,860.2,1,jan,227.37942161203182,OK,1991,2020,30,CHIRPS_v2,UCSB-CHG/CHIRPS/DAILY,1991-2020,IBGE_2024
3534005,Onda Verde,SP,242.946,1,jan,259.788830718663,OK,1991,2020,30,CHIRPS_v2,UCSB-CHG/CHIRPS/DAILY,1991-2020,IBGE_2024
3534203,Orindiúva,SP,247.378,1,jan,268.0487043860307,OK,1991,2020,30,CHIRPS_v2,UCSB-CHG/CHIRPS/DAILY,1991-2020,IBGE_2024
3533502,Novo Horizonte,SP,931.743,1,jan,226.74646203290575,OK,1991,2020,30,CHIRPS_v2,UCSB-CHG/CHIRPS/DAILY,1991-2020,IBGE_2024
3533007,Nova Granada,SP,531.796,1,jan,258.9476362732142,OK,1991,2020,30,CHIRPS_v2,UCSB-CHG/CHIRPS/DAILY,1991-2020,IBGE_2024
3500907,Altair,SP,313.007,1,jan,254.21448914368372,OK,1991,2020,30,CHIRPS_v2,UCSB-CHG/CHIRPS/DAILY,1991-2020,IBGE_2024
3500204,Adolfo,SP,211.055,1,jan,206.39491017377884,OK,1991,2020,30,CHIRPS_v2,UCSB-CHG/CHIRPS/DAILY,1991-2020,IBGE_2024
3540804,Potirendaba,SP,342.492,1,jan,232.6724973575572,OK,1991,2020,30,CHIRPS_v2,UCSB-CHG/CHIRPS/DAILY,1991-2020,IBGE_2024
3532702,Nipoã,SP,137.609,1,jan,249.9183140180357,OK,1991,2020,30,CHIRPS_v2,UCSB-CHG/CHIRPS/DAILY,1991-2020,IBGE_2024
3539608,Planalto,SP,289.825,1,jan,241.06508665717533,OK,1991,2020,30,CHIRPS_v2,UCSB-CHG/CHIRPS/DAILY,1991-2020,IBGE_2024
3531407,Monte Aprazível,SP,495.559,1,jan,260.06579549190354,OK,1991,2020,30,CHIRPS_v2,UCSB-CHG/CHIRPS/DAILY,1991-2020,IBGE_2024
3556008,Urupês,SP,323.916,1,jan,231.54475072978522,OK,1991,2020,30,CHIRPS_v2,UCSB-CHG/CHIRPS/DAILY,1991-2020,IBGE_2024
3539905,Poloni,SP,135.119,1,jan,259.80567881025803,OK,1991,2020,30,CHIRPS_v2,UCSB-CHG/CHIRPS/DAILY,1991-2020,IBGE_2024
3555703,União Paulista,SP,79.056,1,jan,252.18993019853355,OK,1991,2020,30,CHIRPS_v2,UCSB-CHG/CHIRPS/DAILY,1991-2020,IBGE_2024
3555356,Ubarana,SP,209.861,1,jan,212.87128541651177,OK,1991,2020,30,CHIRPS_v2,UCSB-CHG/CHIRPS/DAILY,1991-2020,IBGE_2024
3521150,Ipiguá,SP,136.028,1,jan,259.3793421430522,OK,1991,2020,30,CHIRPS_v2,UCSB-CHG/CHIRPS/DAILY,1991-2020,IBGE_2024
3504800,Bálsamo,SP,149.881,1,jan,265.0810388291608,OK,1991,2020,30,CHIRPS_v2,UCSB-CHG/CHIRPS/DAILY,1991-2020,IBGE_2024
3504602,Bady Bassitt,SP,110.372,1,jan,247.8826675428677,OK,1991,2020,30,CHIRPS_v2,UCSB-CHG/CHIRPS/DAILY,1991-2020,IBGE_2024
3511300,Cedral,SP,197.099,1,jan,250.46685968291453,OK,1991,2020,30,CHIRPS_v2,UCSB-CHG/CHIRPS/DAILY,1991-2020,IBGE_2024
3549805,São José do Rio Preto,SP,431.944,1,jan,253.61187633828263,OK,1991,2020,30,CHIRPS_v2,UCSB-CHG/CHIRPS/DAILY,1991-2020,IBGE_2024
3517505,Guapiaçu,SP,324.752,1,jan,253.7256635240764,OK,1991,2020,30,CHIRPS_v2,UCSB-CHG/CHIRPS/DAILY,1991-2020,IBGE_2024
3532504,Neves Paulista,SP,219.05,1,jan,249.94026850346052,OK,1991,2020,30,CHIRPS_v2,UCSB-CHG/CHIRPS/DAILY,1991-2020,IBGE_2024
3532801,Nova Aliança,SP,217.515,1,jan,232.4797446317722,OK,1991,2020,30,CHIRPS_v2,UCSB-CHG/CHIRPS/DAILY,1991-2020,IBGE_2024
3524501,Jaci,SP,145.133,1,jan,243.17401200919755,OK,1991,2020,30,CHIRPS_v2,UCSB-CHG/CHIRPS/DAILY,1991-2020,IBGE_2024
3555604,Uchoa,SP,256.982,1,jan,248.87952385625363,OK,1991,2020,30,CHIRPS_v2,UCSB-CHG/CHIRPS/DAILY,1991-2020,IBGE_2024
3530409,Mirassolândia,SP,166.125,1,jan,263.81268483212887,OK,1991,2020,30,CHIRPS_v2,UCSB-CHG/CHIRPS/DAILY,1991-2020,IBGE_2024
3530300,Mirassol,SP,243.228,1,jan,251.70278098169243,OK,1991,2020,30,CHIRPS_v2,UCSB-CHG/CHIRPS/DAILY,1991-2020,IBGE_2024
3528858,Marapoama,SP,111.267,1,jan,240.5997616501681,OK,1991,2020,30,CHIRPS_v2,UCSB-CHG/CHIRPS/DAILY,1991-2020,IBGE_2024
3511102,Catanduva,SP,291.926,1,jan,247.72006490553483,OK,1991,2020,30,CHIRPS_v2,UCSB-CHG/CHIRPS/DAILY,1991-2020,IBGE_2024
3511201,Catiguá,SP,146.568,1,jan,251.4848313193543,OK,1991,2020,30,CHIRPS_v2,UCSB-CHG/CHIRPS/DAILY,1991-2020,IBGE_2024
3533254,Novais,SP,117.772,1,jan,249.04227741835243,OK,1991,2020,30,CHIRPS_v2,UCSB-CHG/CHIRPS/DAILY,1991-2020,IBGE_2024
3514957,Embaúba,SP,83.129,1,jan,245.36217466458538,OK,1991,2020,30,CHIRPS_v2,UCSB-CHG/CHIRPS/DAILY,1991-2020,IBGE_2024
3514924,Elisiário,SP,93.314,1,jan,248.6241441455624,OK,1991,2020,30,CHIRPS_v2,UCSB-CHG/CHIRPS/DAILY,1991-2020,IBGE_2024
3538105,Pindorama,SP,184.825,1,jan,243.30131552993828,OK,1991,2020,30,CHIRPS_v2,UCSB-CHG/CHIRPS/DAILY,1991-2020,IBGE_2024
3521903,Itajobi,SP,502.066,1,jan,242.98534596419034,OK,1991,2020,30,CHIRPS_v2,UCSB-CHG/CHIRPS/DAILY,1991-2020,IBGE_2024
3545605,Santa Adélia,SP,330.269,1,jan,244.61966365689744,OK,1991,2020,30,CHIRPS_v2,UCSB-CHG/CHIRPS/DAILY,1991-2020,IBGE_2024
3503703,Ariranha,SP,132.624,1,jan,248.90759226283114,OK,1991,2020,30,CHIRPS_v2,UCSB-CHG/CHIRPS/DAILY,1991-2020,IBGE_2024
3552601,Tabapuã,SP,346.692,1,jan,247.43340394979512,OK,1991,2020,30,CHIRPS_v2,UCSB-CHG/CHIRPS/DAILY,1991-2020,IBGE_2024
3535705,Paraíso,SP,155.186,1,jan,247.9059588376941,OK,1991,2020,30,CHIRPS_v2,UCSB-CHG/CHIRPS/DAILY,1991-2020,IBGE_2024
3535101,Palmares Paulista,SP,82.125,1,jan,251.55426822430167,OK,1991,2020,30,CHIRPS_v2,UCSB-CHG/CHIRPS/DAILY,1991-2020,IBGE_2024
3515608,Fernando Prestes,SP,169.99,1,jan,249.95723288948147,OK,1991,2020,30,CHIRPS_v2,UCSB-CHG/CHIRPS/DAILY,1991-2020,IBGE_2024
3556909,Vista Alegre do Alto,SP,95.429,1,jan,253.13144703828078,OK,1991,2020,30,CHIRPS_v2,UCSB-CHG/CHIRPS/DAILY,1991-2020,IBGE_2024
3539004,Pirangi,SP,215.809,1,jan,255.18479878535962,OK,1991,2020,30,CHIRPS_v2,UCSB-CHG/CHIRPS/DAILY,1991-2020,IBGE_2024
3512902,Cosmorama,SP,441.68,1,jan,265.93781849367474,OK,1991,2020,30,CHIRPS_v2,UCSB-CHG/CHIRPS/DAILY,1991-2020,IBGE_2024
3544202,Riolândia,SP,631.897,1,jan,263.55547845128405,OK,1991,2020,30,CHIRPS_v2,UCSB-CHG/CHIRPS/DAILY,1991-2020,IBGE_2024
3536257,Parisi,SP,84.737,1,jan,257.2268689522849,OK,1991,2020,30,CHIRPS_v2,UCSB-CHG/CHIRPS/DAILY,1991-2020,IBGE_2024
3551306,Sebastianópolis do Sul,SP,167.848,1,jan,263.524962968965,OK,1991,2020,30,CHIRPS_v2,UCSB-CHG/CHIRPS/DAILY,1991-2020,IBGE_2024
3510708,Cardoso,SP,639.248,1,jan,258.8183098225163,OK,1991,2020,30,CHIRPS_v2,UCSB-CHG/CHIRPS/DAILY,1991-2020,IBGE_2024
3501806,Américo de Campos,SP,252.876,1,jan,271.34245163244105,OK,1991,2020,30,CHIRPS_v2,UCSB-CHG/CHIRPS/DAILY,1991-2020,IBGE_2024
3501202,Álvares Florence,SP,362.411,1,jan,264.71040310674755,OK,1991,2020,30,CHIRPS_v2,UCSB-CHG/CHIRPS/DAILY,1991-2020,IBGE_2024
3532603,Nhandeara,SP,436.159,1,jan,264.4102481246871,OK,1991,2020,30,CHIRPS_v2,UCSB-CHG/CHIRPS/DAILY,1991-2020,IBGE_2024
3557105,Votuporanga,SP,420.703,1,jan,262.13125464672254,OK,1991,2020,30,CHIRPS_v2,UCSB-CHG/CHIRPS/DAILY,1991-2020,IBGE_2024
3515905,Floreal,SP,204.236,1,jan,265.6448820435161,OK,1991,2020,30,CHIRPS_v2,UCSB-CHG/CHIRPS/DAILY,1991-2020,IBGE_2024
3540309,Pontes Gestal,SP,217.505,1,jan,267.273612077392,OK,1991,2020,30,CHIRPS_v2,UCSB-CHG/CHIRPS/DAILY,1991-2020,IBGE_2024
3556107,Valentim Gentil,SP,149.741,1,jan,257.5121014552576,OK,1991,2020,30,CHIRPS_v2,UCSB-CHG/CHIRPS/DAILY,1991-2020,IBGE_2024
3545704,Santa Albertina,SP,272.692,1,jan,257.0434216753797,OK,1991,2020,30,CHIRPS_v2,UCSB-CHG/CHIRPS/DAILY,1991-2020,IBGE_2024
3529658,Mesópolis,SP,148.636,1,jan,266.87217573808044,OK,1991,2020,30,CHIRPS_v2,UCSB-CHG/CHIRPS/DAILY,1991-2020,IBGE_2024
3529104,Marinópolis,SP,77.827,1,jan,251.610121519139,OK,1991,2020,30,CHIRPS_v2,UCSB-CHG/CHIRPS/DAILY,1991-2020,IBGE_2024
3503950,Aspásia,SP,69.373,1,jan,248.50739791439878,OK,1991,2020,30,CHIRPS_v2,UCSB-CHG/CHIRPS/DAILY,1991-2020,IBGE_2024
3552551,Suzanápolis,SP,330.587,1,jan,232.2978885298635,OK,1991,2020,30,CHIRPS_v2,UCSB-CHG/CHIRPS/DAILY,1991-2020,IBGE_2024
3535903,Paranapuã,SP,140.354,1,jan,258.82443459661863,OK,1991,2020,30,CHIRPS_v2,UCSB-CHG/CHIRPS/DAILY,1991-2020,IBGE_2024
3535200,Palmeira d'Oeste,SP,318.696,1,jan,256.59069677249806,OK,1991,2020,30,CHIRPS_v2,UCSB-CHG/CHIRPS/DAILY,1991-2020,IBGE_2024
3502606,Aparecida d'Oeste,SP,179.004,1,jan,243.77945662311788,OK,1991,2020,30,CHIRPS_v2,UCSB-CHG/CHIRPS/DAILY,1991-2020,IBGE_2024
3524808,Jales,SP,368.574,1,jan,252.9032823774198,OK,1991,2020,30,CHIRPS_v2,UCSB-CHG/CHIRPS/DAILY,1991-2020,IBGE_2024
3556958,Vitória Brasil,SP,49.832,1,jan,254.2123725930132,OK,1991,2020,30,CHIRPS_v2,UCSB-CHG/CHIRPS/DAILY,1991-2020,IBGE_2024
3549003,São Francisco,SP,75.579,1,jan,258.15609174762403,OK,1991,2020,30,CHIRPS_v2,UCSB-CHG/CHIRPS/DAILY,1991-2020,IBGE_2024
3540259,Pontalinda,SP,209.504,1,jan,257.6159375946996,OK,1991,2020,30,CHIRPS_v2,UCSB-CHG/CHIRPS/DAILY,1991-2020,IBGE_2024
3540408,Populina,SP,315.938,1,jan,272.138611859353,OK,1991,2020,30,CHIRPS_v2,UCSB-CHG/CHIRPS/DAILY,1991-2020,IBGE_2024
3547650,Santa Salete,SP,79.192,1,jan,249.73855078107573,OK,1991,2020,30,CHIRPS_v2,UCSB-CHG/CHIRPS/DAILY,1991-2020,IBGE_2024
3555802,Urânia,SP,209.262,1,jan,251.3415610710026,OK,1991,2020,30,CHIRPS_v2,UCSB-CHG/CHIRPS/DAILY,1991-2020,IBGE_2024
3555307,Turmalina,SP,147.797,1,jan,261.00833817546913,OK,1991,2020,30,CHIRPS_v2,UCSB-CHG/CHIRPS/DAILY,1991-2020,IBGE_2024
3514205,Dolcinópolis,SP,77.939,1,jan,257.8418653573045,OK,1991,2020,30,CHIRPS_v2,UCSB-CHG/CHIRPS/DAILY,1991-2020,IBGE_2024
3513850,Dirce Reis,SP,88.152,1,jan,259.94927276199985,OK,1991,2020,30,CHIRPS_v2,UCSB-CHG/CHIRPS/DAILY,1991-2020,IBGE_2024
3529609,Meridiano,SP,228.199,1,jan,262.8335039483767,OK,1991,2020,30,CHIRPS_v2,UCSB-CHG/CHIRPS/DAILY,1991-2020,IBGE_2024
3520707,Indiaporã,SP,279.606,1,jan,257.651872613511,OK,1991,2020,30,CHIRPS_v2,UCSB-CHG/CHIRPS/DAILY,1991-2020,IBGE_2024
3536901,Pedranópolis,SP,260.101,1,jan,253.71227512751236,OK,1991,2020,30,CHIRPS_v2,UCSB-CHG/CHIRPS/DAILY,1991-2020,IBGE_2024
3528205,Macedônia,SP,327.567,1,jan,244.80578067564352,OK,1991,2020,30,CHIRPS_v2,UCSB-CHG/CHIRPS/DAILY,1991-2020,IBGE_2024
3534757,Ouroeste,SP,288.648,1,jan,267.78362920672106,OK,1991,2020,30,CHIRPS_v2,UCSB-CHG/CHIRPS/DAILY,1991-2020,IBGE_2024
3518008,Guarani d'Oeste,SP,85.7,1,jan,254.0998420938843,OK,1991,2020,30,CHIRPS_v2,UCSB-CHG/CHIRPS/DAILY,1991-2020,IBGE_2024
3549250,São João de Iracema,SP,178.396,1,jan,260.6906359808195,OK,1991,2020,30,CHIRPS_v2,UCSB-CHG/CHIRPS/DAILY,1991-2020,IBGE_2024
3549201,São João das Duas Pontes,SP,129.462,1,jan,263.5437437756786,OK,1991,2020,30,CHIRPS_v2,UCSB-CHG/CHIRPS/DAILY,1991-2020,IBGE_2024
3515509,Fernandópolis,SP,549.797,1,jan,260.669937347518,OK,1991,2020,30,CHIRPS_v2,UCSB-CHG/CHIRPS/DAILY,1991-2020,IBGE_2024
3515202,Estrela d'Oeste,SP,296.281,1,jan,259.76956479268136,OK,1991,2020,30,CHIRPS_v2,UCSB-CHG/CHIRPS/DAILY,1991-2020,IBGE_2024
3530003,Mira Estrela,SP,216.825,1,jan,257.0138455994422,OK,1991,2020,30,CHIRPS_v2,UCSB-CHG/CHIRPS/DAILY,1991-2020,IBGE_2024
3546603,Santa Fé do Sul,SP,206.537,1,jan,238.08657349884965,OK,1991,2020,30,CHIRPS_v2,UCSB-CHG/CHIRPS/DAILY,1991-2020,IBGE_2024
3546108,Santa Clara d'Oeste,SP,183.458,1,jan,244.63407983057894,OK,1991,2020,30,CHIRPS_v2,UCSB-CHG/CHIRPS/DAILY,1991-2020,IBGE_2024
3544509,Rubinéia,SP,242.877,1,jan,239.04679048622006,OK,1991,2020,30,CHIRPS_v2,UCSB-CHG/CHIRPS/DAILY,1991-2020,IBGE_2024
3532843,Nova Canaã Paulista,SP,124.473,1,jan,245.13259334215525,OK,1991,2020,30,CHIRPS_v2,UCSB-CHG/CHIRPS/DAILY,1991-2020,IBGE_2024
3547403,Santa Rita d'Oeste,SP,209.8,1,jan,244.8444677686226,OK,1991,2020,30,CHIRPS_v2,UCSB-CHG/CHIRPS/DAILY,1991-2020,IBGE_2024
3554904,Três Fronteiras,SP,151.594,1,jan,242.2696321491713,OK,1991,2020,30,CHIRPS_v2,UCSB-CHG/CHIRPS/DAILY,1991-2020,IBGE_2024
3547205,Santana da Ponte Pensa,SP,129.888,1,jan,247.60734410377754,OK,1991,2020,30,CHIRPS_v2,UCSB-CHG/CHIRPS/DAILY,1991-2020,IBGE_2024
3546256,Santa Cruz da Esperança,SP,148.062,1,jan,276.6429923057737,OK,1991,2020,30,CHIRPS_v2,UCSB-CHG/CHIRPS/DAILY,1991-2020,IBGE_2024
3513108,Cravinhos,SP,311.423,1,jan,283.12581069713343,OK,1991,2020,30,CHIRPS_v2,UCSB-CHG/CHIRPS/DAILY,1991-2020,IBGE_2024
3551504,Serrana,SP,126.046,1,jan,280.6997161220416,OK,1991,2020,30,CHIRPS_v2,UCSB-CHG/CHIRPS/DAILY,1991-2020,IBGE_2024
3551405,Serra Azul,SP,283.144,1,jan,280.81063083688036,OK,1991,2020,30,CHIRPS_v2,UCSB-CHG/CHIRPS/DAILY,1991-2020,IBGE_2024
3551702,Sertãozinho,SP,403.089,1,jan,272.1467904307357,OK,1991,2020,30,CHIRPS_v2,UCSB-CHG/CHIRPS/DAILY,1991-2020,IBGE_2024
3543402,Ribeirão Preto,SP,650.916,1,jan,279.10935227285415,OK,1991,2020,30,CHIRPS_v2,UCSB-CHG/CHIRPS/DAILY,1991-2020,IBGE_2024
3525102,Jardinópolis,SP,501.87,1,jan,282.18655660508585,OK,1991,2020,30,CHIRPS_v2,UCSB-CHG/CHIRPS/DAILY,1991-2020,IBGE_2024
3507803,Brodowski,SP,278.458,1,jan,285.53989012741624,OK,1991,2020,30,CHIRPS_v2,UCSB-CHG/CHIRPS/DAILY,1991-2020,IBGE_2024
3505609,Barrinha,SP,148.756,1,jan,263.19031172324327,OK,1991,2020,30,CHIRPS_v2,UCSB-CHG/CHIRPS/DAILY,1991-2020,IBGE_2024
3546504,Santa Ernestina,SP,134.421,1,jan,262.4884656676191,OK,1991,2020,30,CHIRPS_v2,UCSB-CHG/CHIRPS/DAILY,1991-2020,IBGE_2024
3510906,Cássia dos Coqueiros,SP,191.683,1,jan,297.9178218894955,OK,1991,2020,30,CHIRPS_v2,UCSB-CHG/CHIRPS/DAILY,1991-2020,IBGE_2024
3527603,Luís Antônio,SP,598.257,1,jan,267.0195521193266,OK,1991,2020,30,CHIRPS_v2,UCSB-CHG/CHIRPS/DAILY,1991-2020,IBGE_2024
3518602,Guariba,SP,270.408,1,jan,257.07395246352957,OK,1991,2020,30,CHIRPS_v2,UCSB-CHG/CHIRPS/DAILY,1991-2020,IBGE_2024
3518859,Guatapará,SP,413.653,1,jan,261.03454988976165,OK,1991,2020,30,CHIRPS_v2,UCSB-CHG/CHIRPS/DAILY,1991-2020,IBGE_2024
3550902,São Simão,SP,617.252,1,jan,282.55345558679386,OK,1991,2020,30,CHIRPS_v2,UCSB-CHG/CHIRPS/DAILY,1991-2020,IBGE_2024
3509403,Cajuru,SP,660.088,1,jan,280.0457627402989,OK,1991,2020,30,CHIRPS_v2,UCSB-CHG/CHIRPS/DAILY,1991-2020,IBGE_2024
3501004,Altinópolis,SP,928.956,1,jan,289.42028287029734,OK,1991,2020,30,CHIRPS_v2,UCSB-CHG/CHIRPS/DAILY,1991-2020,IBGE_2024
3524303,Jaboticabal,SP,706.722,1,jan,258.21108851630976,OK,1991,2020,30,CHIRPS_v2,UCSB-CHG/CHIRPS/DAILY,1991-2020,IBGE_2024
3540200,Pontal,SP,356.371,1,jan,270.11396251659846,OK,1991,2020,30,CHIRPS_v2,UCSB-CHG/CHIRPS/DAILY,1991-2020,IBGE_2024
3540903,Pradópolis,SP,164.386,1,jan,258.27557150259963,OK,1991,2020,30,CHIRPS_v2,UCSB-CHG/CHIRPS/DAILY,1991-2020,IBGE_2024
3547908,Santo Antônio da Alegria,SP,310.311,1,jan,290.6156857092567,OK,1991,2020,30,CHIRPS_v2,UCSB-CHG/CHIRPS/DAILY,1991-2020,IBGE_2024
3514601,Dumont,SP,111.361,1,jan,269.90220987337784,OK,1991,2020,30,CHIRPS_v2,UCSB-CHG/CHIRPS/DAILY,1991-2020,IBGE_2024
3539509,Pitangueiras,SP,430.638,1,jan,265.6466496310041,OK,1991,2020,30,CHIRPS_v2,UCSB-CHG/CHIRPS/DAILY,1991-2020,IBGE_2024
3531308,Monte Alto,SP,346.95,1,jan,254.40786688418572,OK,1991,2020,30,CHIRPS_v2,UCSB-CHG/CHIRPS/DAILY,1991-2020,IBGE_2024
3547601,Santa Rosa de Viterbo,SP,288.576,1,jan,281.11693321639854,OK,1991,2020,30,CHIRPS_v2,UCSB-CHG/CHIRPS/DAILY,1991-2020,IBGE_2024
3505906,Batatais,SP,849.526,1,jan,294.9986424696258,OK,1991,2020,30,CHIRPS_v2,UCSB-CHG/CHIRPS/DAILY,1991-2020,IBGE_2024
3505500,Barretos,SP,1566.161,1,jan,259.9936705675774,OK,1991,2020,30,CHIRPS_v2,UCSB-CHG/CHIRPS/DAILY,1991-2020,IBGE_2024
3553658,Taquaral,SP,53.892,1,jan,249.89620000807312,OK,1991,2020,30,CHIRPS_v2,UCSB-CHG/CHIRPS/DAILY,1991-2020,IBGE_2024
3512100,Colômbia,SP,728.648,1,jan,266.87030399705947,OK,1991,2020,30,CHIRPS_v2,UCSB-CHG/CHIRPS/DAILY,1991-2020,IBGE_2024
3512001,Colina,SP,422.303,1,jan,257.1574231597978,OK,1991,2020,30,CHIRPS_v2,UCSB-CHG/CHIRPS/DAILY,1991-2020,IBGE_2024
3553104,Taiaçu,SP,107.059,1,jan,254.15255358421197,OK,1991,2020,30,CHIRPS_v2,UCSB-CHG/CHIRPS/DAILY,1991-2020,IBGE_2024
3553203,Taiúva,SP,132.459,1,jan,250.87562853390807,OK,1991,2020,30,CHIRPS_v2,UCSB-CHG/CHIRPS/DAILY,1991-2020,IBGE_2024
3551900,Severínia,SP,140.46,1,jan,252.7261172425431,OK,1991,2020,30,CHIRPS_v2,UCSB-CHG/CHIRPS/DAILY,1991-2020,IBGE_2024
3533908,Olímpia,SP,802.393,1,jan,253.08836105020748,OK,1991,2020,30,CHIRPS_v2,UCSB-CHG/CHIRPS/DAILY,1991-2020,IBGE_2024
3517901,Guaraci,SP,641.501,1,jan,261.01343584096816,OK,1991,2020,30,CHIRPS_v2,UCSB-CHG/CHIRPS/DAILY,1991-2020,IBGE_2024
3517406,Guaíra,SP,1258.465,1,jan,278.7119531427593,OK,1991,2020,30,CHIRPS_v2,UCSB-CHG/CHIRPS/DAILY,1991-2020,IBGE_2024
3509304,Cajobi,SP,176.929,1,jan,249.37074618130939,OK,1991,2020,30,CHIRPS_v2,UCSB-CHG/CHIRPS/DAILY,1991-2020,IBGE_2024
3524204,Jaborandi,SP,273.438,1,jan,266.31246563371894,OK,1991,2020,30,CHIRPS_v2,UCSB-CHG/CHIRPS/DAILY,1991-2020,IBGE_2024
3531506,Monte Azul Paulista,SP,263.463,1,jan,258.7211141777454,OK,1991,2020,30,CHIRPS_v2,UCSB-CHG/CHIRPS/DAILY,1991-2020,IBGE_2024
3556800,Viradouro,SP,217.726,1,jan,267.416925698491,OK,1991,2020,30,CHIRPS_v2,UCSB-CHG/CHIRPS/DAILY,1991-2020,IBGE_2024
3506102,Bebedouro,SP,683.192,1,jan,260.985330032805,OK,1991,2020,30,CHIRPS_v2,UCSB-CHG/CHIRPS/DAILY,1991-2020,IBGE_2024
3554409,Terra Roxa,SP,221.54,1,jan,261.74060817464556,OK,1991,2020,30,CHIRPS_v2,UCSB-CHG/CHIRPS/DAILY,1991-2020,IBGE_2024
3513207,Cristais Paulista,SP,385.23,1,jan,320.78866937872573,OK,1991,2020,30,CHIRPS_v2,UCSB-CHG/CHIRPS/DAILY,1991-2020,IBGE_2024
3536307,Patrocínio Paulista,SP,602.848,1,jan,293.70996291325145,OK,1991,2020,30,CHIRPS_v2,UCSB-CHG/CHIRPS/DAILY,1991-2020,IBGE_2024
3542701,Restinga,SP,245.746,1,jan,306.9352479049591,OK,1991,2020,30,CHIRPS_v2,UCSB-CHG/CHIRPS/DAILY,1991-2020,IBGE_2024
3543105,Ribeirão Corrente,SP,148.332,1,jan,315.9471539460673,OK,1991,2020,30,CHIRPS_v2,UCSB-CHG/CHIRPS/DAILY,1991-2020,IBGE_2024
3516200,Franca,SP,605.679,1,jan,312.97906209334525,OK,1991,2020,30,CHIRPS_v2,UCSB-CHG/CHIRPS/DAILY,1991-2020,IBGE_2024
3523701,Itirapuã,SP,161.118,1,jan,295.6856248997275,OK,1991,2020,30,CHIRPS_v2,UCSB-CHG/CHIRPS/DAILY,1991-2020,IBGE_2024
3537008,Pedregulho,SP,712.604,1,jan,316.37351696365187,OK,1991,2020,30,CHIRPS_v2,UCSB-CHG/CHIRPS/DAILY,1991-2020,IBGE_2024
3543600,Rifaina,SP,162.508,1,jan,300.2301228288189,OK,1991,2020,30,CHIRPS_v2,UCSB-CHG/CHIRPS/DAILY,1991-2020,IBGE_2024
3525409,Jeriquara,SP,141.971,1,jan,312.76848821849177,OK,1991,2020,30,CHIRPS_v2,UCSB-CHG/CHIRPS/DAILY,1991-2020,IBGE_2024
3549508,São José da Bela Vista,SP,276.952,1,jan,308.48755086791107,OK,1991,2020,30,CHIRPS_v2,UCSB-CHG/CHIRPS/DAILY,1991-2020,IBGE_2024
3521309,Ipuã,SP,466.461,1,jan,298.91088453403586,OK,1991,2020,30,CHIRPS_v2,UCSB-CHG/CHIRPS/DAILY,1991-2020,IBGE_2024
3544905,Sales Oliveira,SP,305.776,1,jan,293.18150834486676,OK,1991,2020,30,CHIRPS_v2,UCSB-CHG/CHIRPS/DAILY,1991-2020,IBGE_2024
3534302,Orlândia,SP,291.765,1,jan,309.64957307385407,OK,1991,2020,30,CHIRPS_v2,UCSB-CHG/CHIRPS/DAILY,1991-2020,IBGE_2024
3533601,Nuporanga,SP,348.265,1,jan,300.5414612662533,OK,1991,2020,30,CHIRPS_v2,UCSB-CHG/CHIRPS/DAILY,1991-2020,IBGE_2024
3549409,São Joaquim da Barra,SP,410.863,1,jan,307.9418675584635,OK,1991,2020,30,CHIRPS_v2,UCSB-CHG/CHIRPS/DAILY,1991-2020,IBGE_2024
3531902,Morro Agudo,SP,1388.127,1,jan,279.1733377002254,OK,1991,2020,30,CHIRPS_v2,UCSB-CHG/CHIRPS/DAILY,1991-2020,IBGE_2024
3529708,Miguelópolis,SP,820.849,1,jan,295.13050075014206,OK,1991,2020,30,CHIRPS_v2,UCSB-CHG/CHIRPS/DAILY,1991-2020,IBGE_2024
3520103,Igarapava,SP,468.355,1,jan,308.9131259217715,OK,1991,2020,30,CHIRPS_v2,UCSB-CHG/CHIRPS/DAILY,1991-2020,IBGE_2024
3503000,Aramina,SP,202.829,1,jan,312.5697584137218,OK,1991,2020,30,CHIRPS_v2,UCSB-CHG/CHIRPS/DAILY,1991-2020,IBGE_2024
3517703,Guará,SP,362.183,1,jan,315.8994317683364,OK,1991,2020,30,CHIRPS_v2,UCSB-CHG/CHIRPS/DAILY,1991-2020,IBGE_2024
3508207,Buritizal,SP,266.42,1,jan,326.6867577875788,OK,1991,2020,30,CHIRPS_v2,UCSB-CHG/CHIRPS/DAILY,1991-2020,IBGE_2024
3524105,Ituverava,SP,704.659,1,jan,309.7550262456513,OK,1991,2020,30,CHIRPS_v2,UCSB-CHG/CHIRPS/DAILY,1991-2020,IBGE_2024
3503208,Araraquara,SP,1003.626,1,jan,259.70611274587117,OK,1991,2020,30,CHIRPS_v2,UCSB-CHG/CHIRPS/DAILY,1991-2020,IBGE_2024
3543709,Rincão,SP,316.639,1,jan,259.33826038697254,OK,1991,2020,30,CHIRPS_v2,UCSB-CHG/CHIRPS/DAILY,1991-2020,IBGE_2024
3501707,Américo Brasiliense,SP,122.958,1,jan,258.73621788975686,OK,1991,2020,30,CHIRPS_v2,UCSB-CHG/CHIRPS/DAILY,1991-2020,IBGE_2024
3516853,Gavião Peixoto,SP,243.766,1,jan,260.28612978569595,OK,1991,2020,30,CHIRPS_v2,UCSB-CHG/CHIRPS/DAILY,1991-2020,IBGE_2024
3546900,Santa Lúcia,SP,153.86,1,jan,257.6599742444965,OK,1991,2020,30,CHIRPS_v2,UCSB-CHG/CHIRPS/DAILY,1991-2020,IBGE_2024
3554755,Trabiju,SP,63.421,1,jan,258.8200307130247,OK,1991,2020,30,CHIRPS_v2,UCSB-CHG/CHIRPS/DAILY,1991-2020,IBGE_2024
3529302,Matão,SP,524.899,1,jan,261.0347137930392,OK,1991,2020,30,CHIRPS_v2,UCSB-CHG/CHIRPS/DAILY,1991-2020,IBGE_2024
3553708,Taquaritinga,SP,594.335,1,jan,255.76758713859175,OK,1991,2020,30,CHIRPS_v2,UCSB-CHG/CHIRPS/DAILY,1991-2020,IBGE_2024
3519600,Ibitinga,SP,689.391,1,jan,241.58961274019492,OK,1991,2020,30,CHIRPS_v2,UCSB-CHG/CHIRPS/DAILY,1991-2020,IBGE_2024
3552700,Tabatinga,SP,368.604,1,jan,255.19638286237065,OK,1991,2020,30,CHIRPS_v2,UCSB-CHG/CHIRPS/DAILY,1991-2020,IBGE_2024
3510104,Cândido Rodrigues,SP,70.892,1,jan,254.27717575494358,OK,1991,2020,30,CHIRPS_v2,UCSB-CHG/CHIRPS/DAILY,1991-2020,IBGE_2024
3532900,Nova Europa,SP,160.25,1,jan,261.02843853731605,OK,1991,2020,30,CHIRPS_v2,UCSB-CHG/CHIRPS/DAILY,1991-2020,IBGE_2024
3532058,Motuca,SP,228.651,1,jan,258.5790502806426,OK,1991,2020,30,CHIRPS_v2,UCSB-CHG/CHIRPS/DAILY,1991-2020,IBGE_2024
3507407,Borborema,SP,552.256,1,jan,238.5746347113877,OK,1991,2020,30,CHIRPS_v2,UCSB-CHG/CHIRPS/DAILY,1991-2020,IBGE_2024
3522703,Itápolis,SP,996.747,1,jan,243.6232952087846,OK,1991,2020,30,CHIRPS_v2,UCSB-CHG/CHIRPS/DAILY,1991-2020,IBGE_2024
3506706,Boa Esperança do Sul,SP,690.748,1,jan,257.40909999367864,OK,1991,2020,30,CHIRPS_v2,UCSB-CHG/CHIRPS/DAILY,1991-2020,IBGE_2024
3514007,Dobrada,SP,149.729,1,jan,263.6529966622501,OK,1991,2020,30,CHIRPS_v2,UCSB-CHG/CHIRPS/DAILY,1991-2020,IBGE_2024
3519303,Ibaté,SP,290.977,1,jan,266.2282359387546,OK,1991,2020,30,CHIRPS_v2,UCSB-CHG/CHIRPS/DAILY,1991-2020,IBGE_2024
3548906,São Carlos,SP,1136.907,1,jan,269.60959110863604,OK,1991,2020,30,CHIRPS_v2,UCSB-CHG/CHIRPS/DAILY,1991-2020,IBGE_2024
3513702,Descalvado,SP,753.926,1,jan,266.61276902957394,OK,1991,2020,30,CHIRPS_v2,UCSB-CHG/CHIRPS/DAILY,1991-2020,IBGE_2024
3542909,Ribeirão Bonito,SP,471.553,1,jan,266.22963029493604,OK,1991,2020,30,CHIRPS_v2,UCSB-CHG/CHIRPS/DAILY,1991-2020,IBGE_2024
3540705,Porto Ferreira,SP,245.327,1,jan,270.6387357561632,OK,1991,2020,30,CHIRPS_v2,UCSB-CHG/CHIRPS/DAILY,1991-2020,IBGE_2024
3523602,Itirapina,SP,564.603,1,jan,277.89978961302694,OK,1991,2020,30,CHIRPS_v2,UCSB-CHG/CHIRPS/DAILY,1991-2020,IBGE_2024
3539301,Pirassununga,SP,727.714,1,jan,258.0065191781674,OK,1991,2020,30,CHIRPS_v2,UCSB-CHG/CHIRPS/DAILY,1991-2020,IBGE_2024
3547502,Santa Rita do Passa Quatro,SP,752.911,1,jan,276.4234032876092,OK,1991,2020,30,CHIRPS_v2,UCSB-CHG/CHIRPS/DAILY,1991-2020,IBGE_2024
3514304,Dourado,SP,205.874,1,jan,263.4644434698063,OK,1991,2020,30,CHIRPS_v2,UCSB-CHG/CHIRPS/DAILY,1991-2020,IBGE_2024
3545803,Santa Bárbara d'Oeste,SP,271.03,1,jan,252.77280534245315,OK,1991,2020,30,CHIRPS_v2,UCSB-CHG/CHIRPS/DAILY,1991-2020,IBGE_2024
3512803,Cosmópolis,SP,151.645,1,jan,255.94124227667754,OK,1991,2020,30,CHIRPS_v2,UCSB-CHG/CHIRPS/DAILY,1991-2020,IBGE_2024
3536505,Paulínia,SP,138.777,1,jan,257.80440267522806,OK,1991,2020,30,CHIRPS_v2,UCSB-CHG/CHIRPS/DAILY,1991-2020,IBGE_2024
3520509,Indaiatuba,SP,311.545,1,jan,251.70846615892722,OK,1991,2020,30,CHIRPS_v2,UCSB-CHG/CHIRPS/DAILY,1991-2020,IBGE_2024
3552403,Sumaré,SP,153.465,1,jan,251.48161354198461,OK,1991,2020,30,CHIRPS_v2,UCSB-CHG/CHIRPS/DAILY,1991-2020,IBGE_2024
3519071,Hortolândia,SP,62.416,1,jan,254.74087955345513,OK,1991,2020,30,CHIRPS_v2,UCSB-CHG/CHIRPS/DAILY,1991-2020,IBGE_2024
3509502,Campinas,SP,794.57,1,jan,259.72733716247706,OK,1991,2020,30,CHIRPS_v2,UCSB-CHG/CHIRPS/DAILY,1991-2020,IBGE_2024
3501608,Americana,SP,133.912,1,jan,258.6389404302835,OK,1991,2020,30,CHIRPS_v2,UCSB-CHG/CHIRPS/DAILY,1991-2020,IBGE_2024
3533403,Nova Odessa,SP,73.788,1,jan,254.60532210486033,OK,1991,2020,30,CHIRPS_v2,UCSB-CHG/CHIRPS/DAILY,1991-2020,IBGE_2024
3556701,Vinhedo,SP,80.208,1,jan,258.9674538031082,OK,1991,2020,30,CHIRPS_v2,UCSB-CHG/CHIRPS/DAILY,1991-2020,IBGE_2024
3531803,Monte Mor,SP,240.566,1,jan,247.94914840755416,OK,1991,2020,30,CHIRPS_v2,UCSB-CHG/CHIRPS/DAILY,1991-2020,IBGE_2024
3556206,Valinhos,SP,148.72,1,jan,261.38165440793904,OK,1991,2020,30,CHIRPS_v2,UCSB-CHG/CHIRPS/DAILY,1991-2020,IBGE_2024
3537107,Pedreira,SP,108.817,1,jan,259.71300816071334,OK,1991,2020,30,CHIRPS_v2,UCSB-CHG/CHIRPS/DAILY,1991-2020,IBGE_2024
3503802,Artur Nogueira,SP,181.786,1,jan,254.95487872882654,OK,1991,2020,30,CHIRPS_v2,UCSB-CHG/CHIRPS/DAILY,1991-2020,IBGE_2024
3519055,Holambra,SP,65.337,1,jan,256.0441815744497,OK,1991,2020,30,CHIRPS_v2,UCSB-CHG/CHIRPS/DAILY,1991-2020,IBGE_2024
3524709,Jaguariúna,SP,141.391,1,jan,257.80758516411606,OK,1991,2020,30,CHIRPS_v2,UCSB-CHG/CHIRPS/DAILY,1991-2020,IBGE_2024
3548005,Santo Antônio de Posse,SP,154.133,1,jan,258.615333847784,OK,1991,2020,30,CHIRPS_v2,UCSB-CHG/CHIRPS/DAILY,1991-2020,IBGE_2024
3514908,Elias Fausto,SP,202.36,1,jan,238.12827344792603,OK,1991,2020,30,CHIRPS_v2,UCSB-CHG/CHIRPS/DAILY,1991-2020,IBGE_2024
3527306,Louveira,SP,55.989,1,jan,259.2474089235878,OK,1991,2020,30,CHIRPS_v2,UCSB-CHG/CHIRPS/DAILY,1991-2020,IBGE_2024
3525904,Jundiaí,SP,431.162,1,jan,268.45348910453384,OK,1991,2020,30,CHIRPS_v2,UCSB-CHG/CHIRPS/DAILY,1991-2020,IBGE_2024
3509601,Campo Limpo Paulista,SP,79.504,1,jan,272.4514600041542,OK,1991,2020,30,CHIRPS_v2,UCSB-CHG/CHIRPS/DAILY,1991-2020,IBGE_2024
3525201,Jarinu,SP,207.549,1,jan,267.35856368002464,OK,1991,2020,30,CHIRPS_v2,UCSB-CHG/CHIRPS/DAILY,1991-2020,IBGE_2024
3508405,Cabreúva,SP,260.234,1,jan,272.02776161859856,OK,1991,2020,30,CHIRPS_v2,UCSB-CHG/CHIRPS/DAILY,1991-2020,IBGE_2024
3556503,Várzea Paulista,SP,35.048,1,jan,264.4440551370702,OK,1991,2020,30,CHIRPS_v2,UCSB-CHG/CHIRPS/DAILY,1991-2020,IBGE_2024
3524006,Itupeva,SP,201.214,1,jan,265.7876116275437,OK,1991,2020,30,CHIRPS_v2,UCSB-CHG/CHIRPS/DAILY,1991-2020,IBGE_2024
3523404,Itatiba,SP,322.253,1,jan,257.52688778571013,OK,1991,2020,30,CHIRPS_v2,UCSB-CHG/CHIRPS/DAILY,1991-2020,IBGE_2024
3532009,Morungaba,SP,146.752,1,jan,271.08950458594217,OK,1991,2020,30,CHIRPS_v2,UCSB-CHG/CHIRPS/DAILY,1991-2020,IBGE_2024
3545159,Saltinho,SP,99.924,1,jan,235.89939555303044,OK,1991,2020,30,CHIRPS_v2,UCSB-CHG/CHIRPS/DAILY,1991-2020,IBGE_2024
3511706,Charqueada,SP,175.846,1,jan,265.88142002634527,OK,1991,2020,30,CHIRPS_v2,UCSB-CHG/CHIRPS/DAILY,1991-2020,IBGE_2024
3544004,Rio das Pedras,SP,226.729,1,jan,244.334017917807,OK,1991,2020,30,CHIRPS_v2,UCSB-CHG/CHIRPS/DAILY,1991-2020,IBGE_2024
3538709,Piracicaba,SP,1377.173,1,jan,246.82170738124725,OK,1991,2020,30,CHIRPS_v2,UCSB-CHG/CHIRPS/DAILY,1991-2020,IBGE_2024
3510401,Capivari,SP,322.878,1,jan,243.69960920584342,OK,1991,2020,30,CHIRPS_v2,UCSB-CHG/CHIRPS/DAILY,1991-2020,IBGE_2024
3526407,Laranjal Paulista,SP,384.274,1,jan,234.35675136966015,OK,1991,2020,30,CHIRPS_v2,UCSB-CHG/CHIRPS/DAILY,1991-2020,IBGE_2024
3550407,São Pedro,SP,611.51,1,jan,255.35067630585687,OK,1991,2020,30,CHIRPS_v2,UCSB-CHG/CHIRPS/DAILY,1991-2020,IBGE_2024
3542107,Rafard,SP,121.645,1,jan,236.6431181337504,OK,1991,2020,30,CHIRPS_v2,UCSB-CHG/CHIRPS/DAILY,1991-2020,IBGE_2024
3500600,Águas de São Pedro,SP,3.38,1,jan,249.3787463620305,OK,1991,2020,30,CHIRPS_v2,UCSB-CHG/CHIRPS/DAILY,1991-2020,IBGE_2024
3530904,Mombuca,SP,133.698,1,jan,235.64831955941895,OK,1991,2020,30,CHIRPS_v2,UCSB-CHG/CHIRPS/DAILY,1991-2020,IBGE_2024
3547007,Santa Maria da Serra,SP,252.621,1,jan,253.0939931923732,OK,1991,2020,30,CHIRPS_v2,UCSB-CHG/CHIRPS/DAILY,1991-2020,IBGE_2024
3504107,Atibaia,SP,478.52,1,jan,266.91557859668256,OK,1991,2020,30,CHIRPS_v2,UCSB-CHG/CHIRPS/DAILY,1991-2020,IBGE_2024
3507605,Bragança Paulista,SP,512.584,1,jan,270.1475040284306,OK,1991,2020,30,CHIRPS_v2,UCSB-CHG/CHIRPS/DAILY,1991-2020,IBGE_2024
3507100,Bom Jesus dos Perdões,SP,108.366,1,jan,270.9315145816871,OK,1991,2020,30,CHIRPS_v2,UCSB-CHG/CHIRPS/DAILY,1991-2020,IBGE_2024
3536802,Pedra Bela,SP,158.588,1,jan,279.0554065196668,OK,1991,2020,30,CHIRPS_v2,UCSB-CHG/CHIRPS/DAILY,1991-2020,IBGE_2024
3552106,Socorro,SP,448.894,1,jan,273.32434896054195,OK,1991,2020,30,CHIRPS_v2,UCSB-CHG/CHIRPS/DAILY,1991-2020,IBGE_2024
3525508,Joanópolis,SP,374.346,1,jan,285.77955689784113,OK,1991,2020,30,CHIRPS_v2,UCSB-CHG/CHIRPS/DAILY,1991-2020,IBGE_2024
3532405,Nazaré Paulista,SP,326.392,1,jan,266.21976792600253,OK,1991,2020,30,CHIRPS_v2,UCSB-CHG/CHIRPS/DAILY,1991-2020,IBGE_2024
3556354,Vargem,SP,142.595,1,jan,272.32728426326076,OK,1991,2020,30,CHIRPS_v2,UCSB-CHG/CHIRPS/DAILY,1991-2020,IBGE_2024
3538600,Piracaia,SP,385.64,1,jan,271.8023237338191,OK,1991,2020,30,CHIRPS_v2,UCSB-CHG/CHIRPS/DAILY,1991-2020,IBGE_2024
3554953,Tuiuti,SP,126.731,1,jan,271.6616502607771,OK,1991,2020,30,CHIRPS_v2,UCSB-CHG/CHIRPS/DAILY,1991-2020,IBGE_2024
3538204,Pinhalzinho,SP,154.529,1,jan,272.73776617411414,OK,1991,2020,30,CHIRPS_v2,UCSB-CHG/CHIRPS/DAILY,1991-2020,IBGE_2024
3521408,Iracemápolis,SP,115.31,1,jan,258.80918186375374,OK,1991,2020,30,CHIRPS_v2,UCSB-CHG/CHIRPS/DAILY,1991-2020,IBGE_2024
3526902,Limeira,SP,580.577,1,jan,258.82260452664616,OK,1991,2020,30,CHIRPS_v2,UCSB-CHG/CHIRPS/DAILY,1991-2020,IBGE_2024
3512407,Cordeirópolis,SP,137.678,1,jan,263.03703631424975,OK,1991,2020,30,CHIRPS_v2,UCSB-CHG/CHIRPS/DAILY,1991-2020,IBGE_2024
3515152,Engenheiro Coelho,SP,109.574,1,jan,256.8714333980443,OK,1991,2020,30,CHIRPS_v2,UCSB-CHG/CHIRPS/DAILY,1991-2020,IBGE_2024
3557303,Estiva Gerbi,SP,74.144,1,jan,258.1606414447259,OK,1991,2020,30,CHIRPS_v2,UCSB-CHG/CHIRPS/DAILY,1991-2020,IBGE_2024
3530706,Mogi Guaçu,SP,812.753,1,jan,256.59422000726886,OK,1991,2020,30,CHIRPS_v2,UCSB-CHG/CHIRPS/DAILY,1991-2020,IBGE_2024
3530805,Mogi Mirim,SP,497.709,1,jan,259.763736049612,OK,1991,2020,30,CHIRPS_v2,UCSB-CHG/CHIRPS/DAILY,1991-2020,IBGE_2024
3522604,Itapira,SP,518.431,1,jan,268.8899641109161,OK,1991,2020,30,CHIRPS_v2,UCSB-CHG/CHIRPS/DAILY,1991-2020,IBGE_2024
3553302,Tambaú,SP,561.788,1,jan,277.1862833080072,OK,1991,2020,30,CHIRPS_v2,UCSB-CHG/CHIRPS/DAILY,1991-2020,IBGE_2024
3510807,Casa Branca,SP,864.225,1,jan,262.11212223139205,OK,1991,2020,30,CHIRPS_v2,UCSB-CHG/CHIRPS/DAILY,1991-2020,IBGE_2024
3500303,Aguaí,SP,474.554,1,jan,256.3065894812011,OK,1991,2020,30,CHIRPS_v2,UCSB-CHG/CHIRPS/DAILY,1991-2020,IBGE_2024
3500402,Águas da Prata,SP,142.673,1,jan,299.00355138773045,OK,1991,2020,30,CHIRPS_v2,UCSB-CHG/CHIRPS/DAILY,1991-2020,IBGE_2024
3549102,São João da Boa Vista,SP,516.399,1,jan,269.36900091603223,OK,1991,2020,30,CHIRPS_v2,UCSB-CHG/CHIRPS/DAILY,1991-2020,IBGE_2024
3515186,Espírito Santo do Pinhal,SP,389.235,1,jan,275.1955772197744,OK,1991,2020,30,CHIRPS_v2,UCSB-CHG/CHIRPS/DAILY,1991-2020,IBGE_2024
3548104,Santo Antônio do Jardim,SP,109.956,1,jan,282.52251296627065,OK,1991,2020,30,CHIRPS_v2,UCSB-CHG/CHIRPS/DAILY,1991-2020,IBGE_2024
3556404,Vargem Grande do Sul,SP,267.178,1,jan,269.6791294966358,OK,1991,2020,30,CHIRPS_v2,UCSB-CHG/CHIRPS/DAILY,1991-2020,IBGE_2024
3546306,Santa Cruz das Palmeiras,SP,295.33,1,jan,265.2182239921441,OK,1991,2020,30,CHIRPS_v2,UCSB-CHG/CHIRPS/DAILY,1991-2020,IBGE_2024
3503307,Araras,SP,644.805,1,jan,265.2143057698482,OK,1991,2020,30,CHIRPS_v2,UCSB-CHG/CHIRPS/DAILY,1991-2020,IBGE_2024
3512209,Conchal,SP,182.793,1,jan,256.86196732436173,OK,1991,2020,30,CHIRPS_v2,UCSB-CHG/CHIRPS/DAILY,1991-2020,IBGE_2024
3526704,Leme,SP,402.871,1,jan,256.1520509605556,OK,1991,2020,30,CHIRPS_v2,UCSB-CHG/CHIRPS/DAILY,1991-2020,IBGE_2024
3546207,Santa Cruz da Conceição,SP,150.13,1,jan,260.10674394648817,OK,1991,2020,30,CHIRPS_v2,UCSB-CHG/CHIRPS/DAILY,1991-2020,IBGE_2024
3521101,Ipeúna,SP,190.01,1,jan,271.62517438394747,OK,1991,2020,30,CHIRPS_v2,UCSB-CHG/CHIRPS/DAILY,1991-2020,IBGE_2024
3543907,Rio Claro,SP,498.403,1,jan,263.45063785650336,OK,1991,2020,30,CHIRPS_v2,UCSB-CHG/CHIRPS/DAILY,1991-2020,IBGE_2024
3546702,Santa Gertrudes,SP,98.045,1,jan,258.01182476848686,OK,1991,2020,30,CHIRPS_v2,UCSB-CHG/CHIRPS/DAILY,1991-2020,IBGE_2024
3512704,Corumbataí,SP,278.622,1,jan,270.5060091757398,OK,1991,2020,30,CHIRPS_v2,UCSB-CHG/CHIRPS/DAILY,1991-2020,IBGE_2024
3502002,Analândia,SP,325.953,1,jan,272.0191327920645,OK,1991,2020,30,CHIRPS_v2,UCSB-CHG/CHIRPS/DAILY,1991-2020,IBGE_2024
3513900,Divinolândia,SP,223.749,1,jan,309.549591941016,OK,1991,2020,30,CHIRPS_v2,UCSB-CHG/CHIRPS/DAILY,1991-2020,IBGE_2024
3553609,Tapiratiba,SP,220.518,1,jan,289.2672825919488,OK,1991,2020,30,CHIRPS_v2,UCSB-CHG/CHIRPS/DAILY,1991-2020,IBGE_2024
3550803,São Sebastião da Grama,SP,252.41,1,jan,301.80843035087884,OK,1991,2020,30,CHIRPS_v2,UCSB-CHG/CHIRPS/DAILY,1991-2020,IBGE_2024
3508702,Caconde,SP,468.998,1,jan,295.8152928290387,OK,1991,2020,30,CHIRPS_v2,UCSB-CHG/CHIRPS/DAILY,1991-2020,IBGE_2024
3549706,São José do Rio Pardo,SP,419.729,1,jan,277.2356788589095,OK,1991,2020,30,CHIRPS_v2,UCSB-CHG/CHIRPS/DAILY,1991-2020,IBGE_2024
3523800,Itobi,SP,138.986,1,jan,270.6277366757329,OK,1991,2020,30,CHIRPS_v2,UCSB-CHG/CHIRPS/DAILY,1991-2020,IBGE_2024
3530508,Mococa,SP,855.701,1,jan,280.3327154049874,OK,1991,2020,30,CHIRPS_v2,UCSB-CHG/CHIRPS/DAILY,1991-2020,IBGE_2024
3527009,Lindóia,SP,48.321,1,jan,275.2366066526151,OK,1991,2020,30,CHIRPS_v2,UCSB-CHG/CHIRPS/DAILY,1991-2020,IBGE_2024
3551603,Serra Negra,SP,204.542,1,jan,282.85705645554526,OK,1991,2020,30,CHIRPS_v2,UCSB-CHG/CHIRPS/DAILY,1991-2020,IBGE_2024
3501905,Amparo,SP,445.323,1,jan,268.6060171857926,OK,1991,2020,30,CHIRPS_v2,UCSB-CHG/CHIRPS/DAILY,1991-2020,IBGE_2024
3500501,Águas de Lindóia,SP,59.872,1,jan,276.7421747917828,OK,1991,2020,30,CHIRPS_v2,UCSB-CHG/CHIRPS/DAILY,1991-2020,IBGE_2024
3531209,Monte Alegre do Sul,SP,110.308,1,jan,274.2690676546339,OK,1991,2020,30,CHIRPS_v2,UCSB-CHG/CHIRPS/DAILY,1991-2020,IBGE_2024
3520202,Igaratá,SP,293.002,1,jan,273.9370741148177,OK,1991,2020,30,CHIRPS_v2,UCSB-CHG/CHIRPS/DAILY,1991-2020,IBGE_2024
3535606,Paraibuna,SP,809.576,1,jan,260.6714614662387,OK,1991,2020,30,CHIRPS_v2,UCSB-CHG/CHIRPS/DAILY,1991-2020,IBGE_2024
3546009,Santa Branca,SP,272.238,1,jan,245.56735966881413,OK,1991,2020,30,CHIRPS_v2,UCSB-CHG/CHIRPS/DAILY,1991-2020,IBGE_2024
3549904,São José dos Campos,SP,1099.494,1,jan,259.75661071468454,OK,1991,2020,30,CHIRPS_v2,UCSB-CHG/CHIRPS/DAILY,1991-2020,IBGE_2024
3524907,Jambeiro,SP,184.413,1,jan,240.3662772181427,OK,1991,2020,30,CHIRPS_v2,UCSB-CHG/CHIRPS/DAILY,1991-2020,IBGE_2024
3508504,Caçapava,SP,369.558,1,jan,247.60361654784796,OK,1991,2020,30,CHIRPS_v2,UCSB-CHG/CHIRPS/DAILY,1991-2020,IBGE_2024
3524402,Jacareí,SP,464.252,1,jan,247.63381004312,OK,1991,2020,30,CHIRPS_v2,UCSB-CHG/CHIRPS/DAILY,1991-2020,IBGE_2024
3531704,Monteiro Lobato,SP,332.408,1,jan,301.9982803005057,OK,1991,2020,30,CHIRPS_v2,UCSB-CHG/CHIRPS/DAILY,1991-2020,IBGE_2024
3526308,Lagoinha,SP,254.454,1,jan,243.99316676996705,OK,1991,2020,30,CHIRPS_v2,UCSB-CHG/CHIRPS/DAILY,1991-2020,IBGE_2024
3509700,Campos do Jordão,SP,289.981,1,jan,318.9409341839845,OK,1991,2020,30,CHIRPS_v2,UCSB-CHG/CHIRPS/DAILY,1991-2020,IBGE_2024
3550001,São Luiz do Paraitinga,SP,618.126,1,jan,253.59450212186906,OK,1991,2020,30,CHIRPS_v2,UCSB-CHG/CHIRPS/DAILY,1991-2020,IBGE_2024
3532306,Natividade da Serra,SP,834.281,1,jan,260.1001746227388,OK,1991,2020,30,CHIRPS_v2,UCSB-CHG/CHIRPS/DAILY,1991-2020,IBGE_2024
3548609,São Bento do Sapucaí,SP,252.579,1,jan,286.3759749285524,OK,1991,2020,30,CHIRPS_v2,UCSB-CHG/CHIRPS/DAILY,1991-2020,IBGE_2024
3548203,Santo Antônio do Pinhal,SP,132.966,1,jan,309.7479119586073,OK,1991,2020,30,CHIRPS_v2,UCSB-CHG/CHIRPS/DAILY,1991-2020,IBGE_2024
3554805,Tremembé,SP,190.93,1,jan,261.72942006995635,OK,1991,2020,30,CHIRPS_v2,UCSB-CHG/CHIRPS/DAILY,1991-2020,IBGE_2024
3554102,Taubaté,SP,624.924,1,jan,232.79663120142027,OK,1991,2020,30,CHIRPS_v2,UCSB-CHG/CHIRPS/DAILY,1991-2020,IBGE_2024
3542305,Redenção da Serra,SP,309.322,1,jan,243.90767764488305,OK,1991,2020,30,CHIRPS_v2,UCSB-CHG/CHIRPS/DAILY,1991-2020,IBGE_2024
3538006,Pindamonhangaba,SP,731.356,1,jan,272.30316595032866,OK,1991,2020,30,CHIRPS_v2,UCSB-CHG/CHIRPS/DAILY,1991-2020,IBGE_2024
3520400,Ilhabela,SP,346.389,1,jan,253.9631228500007,OK,1991,2020,30,CHIRPS_v2,UCSB-CHG/CHIRPS/DAILY,1991-2020,IBGE_2024
3510500,Caraguatatuba,SP,484.947,1,jan,266.8734387806571,OK,1991,2020,30,CHIRPS_v2,UCSB-CHG/CHIRPS/DAILY,1991-2020,IBGE_2024
3550704,São Sebastião,SP,402.395,1,jan,269.4775558046252,OK,1991,2020,30,CHIRPS_v2,UCSB-CHG/CHIRPS/DAILY,1991-2020,IBGE_2024
3544301,Roseira,SP,129.847,1,jan,243.309965680912,OK,1991,2020,30,CHIRPS_v2,UCSB-CHG/CHIRPS/DAILY,1991-2020,IBGE_2024
3502507,Aparecida,SP,120.89,1,jan,243.57680481060308,OK,1991,2020,30,CHIRPS_v2,UCSB-CHG/CHIRPS/DAILY,1991-2020,IBGE_2024
3518404,Guaratinguetá,SP,752.636,1,jan,291.0491976380872,OK,1991,2020,30,CHIRPS_v2,UCSB-CHG/CHIRPS/DAILY,1991-2020,IBGE_2024
3540754,Potim,SP,44.644,1,jan,246.80670043234036,OK,1991,2020,30,CHIRPS_v2,UCSB-CHG/CHIRPS/DAILY,1991-2020,IBGE_2024
3538501,Piquete,SP,175.996,1,jan,316.5007672049713,OK,1991,2020,30,CHIRPS_v2,UCSB-CHG/CHIRPS/DAILY,1991-2020,IBGE_2024
4122305,Rio Negro,PR,604.477,1,jan,188.4973012673692,OK,1991,2020,30,CHIRPS_v2,UCSB-CHG/CHIRPS/DAILY,1991-2020,IBGE_2024
4113205,Lapa,PR,2100.392,1,jan,185.06503435437216,OK,1991,2020,30,CHIRPS_v2,UCSB-CHG/CHIRPS/DAILY,1991-2020,IBGE_2024
4121208,Quitandinha,PR,446.597,1,jan,193.77507678623817,OK,1991,2020,30,CHIRPS_v2,UCSB-CHG/CHIRPS/DAILY,1991-2020,IBGE_2024
4105201,Cerro Azul,PR,1353.255,1,jan,218.43673326756166,OK,1991,2020,30,CHIRPS_v2,UCSB-CHG/CHIRPS/DAILY,1991-2020,IBGE_2024
4128633,Doutor Ulysses,PR,779.628,1,jan,233.78484419202164,OK,1991,2020,30,CHIRPS_v2,UCSB-CHG/CHIRPS/DAILY,1991-2020,IBGE_2024
4104105,Campo do Tenente,PR,303.956,1,jan,186.9375521583512,OK,1991,2020,30,CHIRPS_v2,UCSB-CHG/CHIRPS/DAILY,1991-2020,IBGE_2024
4127882,Tunas do Paraná,PR,670.899,1,jan,223.009673023112,OK,1991,2020,30,CHIRPS_v2,UCSB-CHG/CHIRPS/DAILY,1991-2020,IBGE_2024
4127601,Tijucas do Sul,PR,672.599,1,jan,231.66238088906312,OK,1991,2020,30,CHIRPS_v2,UCSB-CHG/CHIRPS/DAILY,1991-2020,IBGE_2024
4119103,Piên,PR,256.501,1,jan,198.1155639190364,OK,1991,2020,30,CHIRPS_v2,UCSB-CHG/CHIRPS/DAILY,1991-2020,IBGE_2024
4100301,Agudos do Sul,PR,191.336,1,jan,208.08716369358876,OK,1991,2020,30,CHIRPS_v2,UCSB-CHG/CHIRPS/DAILY,1991-2020,IBGE_2024
4100202,Adrianópolis,PR,1343.898,1,jan,233.11608976248792,OK,1991,2020,30,CHIRPS_v2,UCSB-CHG/CHIRPS/DAILY,1991-2020,IBGE_2024
4122206,Rio Branco do Sul,PR,820.071,1,jan,232.95334297588315,OK,1991,2020,30,CHIRPS_v2,UCSB-CHG/CHIRPS/DAILY,1991-2020,IBGE_2024
4105805,Colombo,PR,197.369,1,jan,211.08007862715152,OK,1991,2020,30,CHIRPS_v2,UCSB-CHG/CHIRPS/DAILY,1991-2020,IBGE_2024
4106209,Contenda,PR,296.488,1,jan,190.34915529613303,OK,1991,2020,30,CHIRPS_v2,UCSB-CHG/CHIRPS/DAILY,1991-2020,IBGE_2024
4114302,Mandirituba,PR,378.818,1,jan,189.8668006043635,OK,1991,2020,30,CHIRPS_v2,UCSB-CHG/CHIRPS/DAILY,1991-2020,IBGE_2024
4120804,Quatro Barras,PR,181.565,1,jan,240.98196995510483,OK,1991,2020,30,CHIRPS_v2,UCSB-CHG/CHIRPS/DAILY,1991-2020,IBGE_2024
4104006,Campina Grande do Sul,PR,542.239,1,jan,242.47367814113466,OK,1991,2020,30,CHIRPS_v2,UCSB-CHG/CHIRPS/DAILY,1991-2020,IBGE_2024
4104253,Campo Magro,PR,275.423,1,jan,233.45883533736873,OK,1991,2020,30,CHIRPS_v2,UCSB-CHG/CHIRPS/DAILY,1991-2020,IBGE_2024
4104204,Campo Largo,PR,1239.801,1,jan,213.14841145037343,OK,1991,2020,30,CHIRPS_v2,UCSB-CHG/CHIRPS/DAILY,1991-2020,IBGE_2024
4119152,Pinhais,PR,61.008,1,jan,208.46829383716735,OK,1991,2020,30,CHIRPS_v2,UCSB-CHG/CHIRPS/DAILY,1991-2020,IBGE_2024
4119509,Piraquara,PR,225.065,1,jan,242.69573103014196,OK,1991,2020,30,CHIRPS_v2,UCSB-CHG/CHIRPS/DAILY,1991-2020,IBGE_2024
4103107,Bocaiúva do Sul,PR,809.682,1,jan,224.26809386644894,OK,1991,2020,30,CHIRPS_v2,UCSB-CHG/CHIRPS/DAILY,1991-2020,IBGE_2024
4111258,Itaperuçu,PR,322.553,1,jan,249.44896023166896,OK,1991,2020,30,CHIRPS_v2,UCSB-CHG/CHIRPS/DAILY,1991-2020,IBGE_2024
4102307,Balsa Nova,PR,347.588,1,jan,179.51945979884349,OK,1991,2020,30,CHIRPS_v2,UCSB-CHG/CHIRPS/DAILY,1991-2020,IBGE_2024
4101804,Araucária,PR,469.549,1,jan,201.191463384472,OK,1991,2020,30,CHIRPS_v2,UCSB-CHG/CHIRPS/DAILY,1991-2020,IBGE_2024
4125506,São José dos Pinhais,PR,945.509,1,jan,225.49914008816194,OK,1991,2020,30,CHIRPS_v2,UCSB-CHG/CHIRPS/DAILY,1991-2020,IBGE_2024
4100400,Almirante Tamandaré,PR,193.736,1,jan,218.81520813754904,OK,1991,2020,30,CHIRPS_v2,UCSB-CHG/CHIRPS/DAILY,1991-2020,IBGE_2024
4107652,Fazenda Rio Grande,PR,116.41,1,jan,195.08608632055737,OK,1991,2020,30,CHIRPS_v2,UCSB-CHG/CHIRPS/DAILY,1991-2020,IBGE_2024
4106902,Curitiba,PR,435.406,1,jan,201.0158260164391,OK,1991,2020,30,CHIRPS_v2,UCSB-CHG/CHIRPS/DAILY,1991-2020,IBGE_2024
4118204,Paranaguá,PR,821.427,1,jan,323.2177572526377,OK,1991,2020,30,CHIRPS_v2,UCSB-CHG/CHIRPS/DAILY,1991-2020,IBGE_2024
4119954,Pontal do Paraná,PR,202.242,1,jan,317.1113363016534,OK,1991,2020,30,CHIRPS_v2,UCSB-CHG/CHIRPS/DAILY,1991-2020,IBGE_2024
4109609,Guaratuba,PR,1320.951,1,jan,295.88755364306354,OK,1991,2020,30,CHIRPS_v2,UCSB-CHG/CHIRPS/DAILY,1991-2020,IBGE_2024
4101200,Antonina,PR,890.065,1,jan,319.91497026212005,OK,1991,2020,30,CHIRPS_v2,UCSB-CHG/CHIRPS/DAILY,1991-2020,IBGE_2024
4109500,Guaraqueçaba,PR,2011.256,1,jan,317.714432717319,OK,1991,2020,30,CHIRPS_v2,UCSB-CHG/CHIRPS/DAILY,1991-2020,IBGE_2024
4116208,Morretes,PR,686.489,1,jan,288.7247015958721,OK,1991,2020,30,CHIRPS_v2,UCSB-CHG/CHIRPS/DAILY,1991-2020,IBGE_2024
4115705,Matinhos,PR,117.479,1,jan,301.7814502071386,OK,1991,2020,30,CHIRPS_v2,UCSB-CHG/CHIRPS/DAILY,1991-2020,IBGE_2024
4106803,Cruz Machado,PR,1474.202,1,jan,192.707043914816,OK,1991,2020,30,CHIRPS_v2,UCSB-CHG/CHIRPS/DAILY,1991-2020,IBGE_2024
4120309,Porto Vitória,PR,210.236,1,jan,177.0483508388242,OK,1991,2020,30,CHIRPS_v2,UCSB-CHG/CHIRPS/DAILY,1991-2020,IBGE_2024
4128203,União da Vitória,PR,727.443,1,jan,177.90349409146367,OK,1991,2020,30,CHIRPS_v2,UCSB-CHG/CHIRPS/DAILY,1991-2020,IBGE_2024
4102901,Bituruna,PR,1280.76,1,jan,195.14564385883378,OK,1991,2020,30,CHIRPS_v2,UCSB-CHG/CHIRPS/DAILY,1991-2020,IBGE_2024
4118600,Paula Freitas,PR,417.829,1,jan,180.58542350787255,OK,1991,2020,30,CHIRPS_v2,UCSB-CHG/CHIRPS/DAILY,1991-2020,IBGE_2024
4118709,Paulo Frontin,PR,363.169,1,jan,187.06679677310802,OK,1991,2020,30,CHIRPS_v2,UCSB-CHG/CHIRPS/DAILY,1991-2020,IBGE_2024
4101309,Antônio Olinto,PR,463.694,1,jan,196.9895490992132,OK,1991,2020,30,CHIRPS_v2,UCSB-CHG/CHIRPS/DAILY,1991-2020,IBGE_2024
4125605,São Mateus do Sul,PR,1344.742,1,jan,194.4412730013015,OK,1991,2020,30,CHIRPS_v2,UCSB-CHG/CHIRPS/DAILY,1991-2020,IBGE_2024
4108502,General Carneiro,PR,1068.369,1,jan,182.47683665389889,OK,1991,2020,30,CHIRPS_v2,UCSB-CHG/CHIRPS/DAILY,1991-2020,IBGE_2024
4109401,Guarapuava,PR,3163.893,1,jan,200.54751324747832,OK,1991,2020,30,CHIRPS_v2,UCSB-CHG/CHIRPS/DAILY,1991-2020,IBGE_2024
4121752,Reserva do Iguaçu,PR,833.085,1,jan,202.97580420537716,OK,1991,2020,30,CHIRPS_v2,UCSB-CHG/CHIRPS/DAILY,1991-2020,IBGE_2024
4104451,Cantagalo,PR,568.929,1,jan,211.59246305948892,OK,1991,2020,30,CHIRPS_v2,UCSB-CHG/CHIRPS/DAILY,1991-2020,IBGE_2024
4104428,Candói,PR,1509.719,1,jan,201.29755234775502,OK,1991,2020,30,CHIRPS_v2,UCSB-CHG/CHIRPS/DAILY,1991-2020,IBGE_2024
4103958,Campina do Simão,PR,448.033,1,jan,202.98458928796464,OK,1991,2020,30,CHIRPS_v2,UCSB-CHG/CHIRPS/DAILY,1991-2020,IBGE_2024
4120606,Prudentópolis,PR,2257.861,1,jan,196.00751791799766,OK,1991,2020,30,CHIRPS_v2,UCSB-CHG/CHIRPS/DAILY,1991-2020,IBGE_2024
4127965,Turvo,PR,936.038,1,jan,199.28702749201835,OK,1991,2020,30,CHIRPS_v2,UCSB-CHG/CHIRPS/DAILY,1991-2020,IBGE_2024
4119301,Pinhão,PR,2003.799,1,jan,200.5402186658836,OK,1991,2020,30,CHIRPS_v2,UCSB-CHG/CHIRPS/DAILY,1991-2020,IBGE_2024
4110201,Inácio Martins,PR,938.126,1,jan,197.0479232283214,OK,1991,2020,30,CHIRPS_v2,UCSB-CHG/CHIRPS/DAILY,1991-2020,IBGE_2024
4108957,Guamiranga,PR,244.592,1,jan,183.98643029651376,OK,1991,2020,30,CHIRPS_v2,UCSB-CHG/CHIRPS/DAILY,1991-2020,IBGE_2024
4108452,Foz do Jordão,PR,230.716,1,jan,203.3689067762558,OK,1991,2020,30,CHIRPS_v2,UCSB-CHG/CHIRPS/DAILY,1991-2020,IBGE_2024
4108650,Goioxim,PR,702.284,1,jan,211.00560019726444,OK,1991,2020,30,CHIRPS_v2,UCSB-CHG/CHIRPS/DAILY,1991-2020,IBGE_2024
4113254,Laranjal,PR,559.439,1,jan,228.936073124372,OK,1991,2020,30,CHIRPS_v2,UCSB-CHG/CHIRPS/DAILY,1991-2020,IBGE_2024
4119608,Pitanga,PR,1687.454,1,jan,232.31366627643484,OK,1991,2020,30,CHIRPS_v2,UCSB-CHG/CHIRPS/DAILY,1991-2020,IBGE_2024
4103040,Boa Ventura de São Roque,PR,606.94,1,jan,207.19982106098448,OK,1991,2020,30,CHIRPS_v2,UCSB-CHG/CHIRPS/DAILY,1991-2020,IBGE_2024
4117800,Palmital,PR,821.733,1,jan,222.1537859949635,OK,1991,2020,30,CHIRPS_v2,UCSB-CHG/CHIRPS/DAILY,1991-2020,IBGE_2024
4117271,Nova Tebas,PR,545.662,1,jan,217.78272400699646,OK,1991,2020,30,CHIRPS_v2,UCSB-CHG/CHIRPS/DAILY,1991-2020,IBGE_2024
4123857,Santa Maria do Oeste,PR,815.151,1,jan,217.12237358137136,OK,1991,2020,30,CHIRPS_v2,UCSB-CHG/CHIRPS/DAILY,1991-2020,IBGE_2024
4115739,Mato Rico,PR,402.533,1,jan,240.3991454044641,OK,1991,2020,30,CHIRPS_v2,UCSB-CHG/CHIRPS/DAILY,1991-2020,IBGE_2024
4104808,Cascavel,PR,2094.263,1,jan,208.5439133410009,OK,1991,2020,30,CHIRPS_v2,UCSB-CHG/CHIRPS/DAILY,1991-2020,IBGE_2024
4124020,Santa Tereza do Oeste,PR,327.737,1,jan,206.8725708413819,OK,1991,2020,30,CHIRPS_v2,UCSB-CHG/CHIRPS/DAILY,1991-2020,IBGE_2024
4107124,Diamante do Sul,PR,347.233,1,jan,222.95063954659378,OK,1991,2020,30,CHIRPS_v2,UCSB-CHG/CHIRPS/DAILY,1991-2020,IBGE_2024
4107157,Diamante D'Oeste,PR,310.624,1,jan,187.58711075113337,OK,1991,2020,30,CHIRPS_v2,UCSB-CHG/CHIRPS/DAILY,1991-2020,IBGE_2024
4106308,Corbélia,PR,527.607,1,jan,214.94772476286442,OK,1991,2020,30,CHIRPS_v2,UCSB-CHG/CHIRPS/DAILY,1991-2020,IBGE_2024
4105300,Céu Azul,PR,1176.523,1,jan,209.22420843356457,OK,1991,2020,30,CHIRPS_v2,UCSB-CHG/CHIRPS/DAILY,1991-2020,IBGE_2024
4105003,Catanduvas,PR,578.494,1,jan,212.62757585911658,OK,1991,2020,30,CHIRPS_v2,UCSB-CHG/CHIRPS/DAILY,1991-2020,IBGE_2024
4121257,Ramilândia,PR,235.418,1,jan,195.0269804216333,OK,1991,2020,30,CHIRPS_v2,UCSB-CHG/CHIRPS/DAILY,1991-2020,IBGE_2024
4113452,Lindoeste,PR,344.691,1,jan,207.4207871342974,OK,1991,2020,30,CHIRPS_v2,UCSB-CHG/CHIRPS/DAILY,1991-2020,IBGE_2024
4104600,Capitão Leônidas Marques,PR,280.109,1,jan,196.08493760554435,OK,1991,2020,30,CHIRPS_v2,UCSB-CHG/CHIRPS/DAILY,1991-2020,IBGE_2024
4128559,Vera Cruz do Oeste,PR,330.602,1,jan,206.34779446846215,OK,1991,2020,30,CHIRPS_v2,UCSB-CHG/CHIRPS/DAILY,1991-2020,IBGE_2024
4104055,Campo Bonito,PR,434.124,1,jan,216.97000348423282,OK,1991,2020,30,CHIRPS_v2,UCSB-CHG/CHIRPS/DAILY,1991-2020,IBGE_2024
4127858,Três Barras do Paraná,PR,506.963,1,jan,201.5724802064179,OK,1991,2020,30,CHIRPS_v2,UCSB-CHG/CHIRPS/DAILY,1991-2020,IBGE_2024
4103453,Cafelândia,PR,275.17,1,jan,210.59446815812322,OK,1991,2020,30,CHIRPS_v2,UCSB-CHG/CHIRPS/DAILY,1991-2020,IBGE_2024
4103354,Braganey,PR,343.26,1,jan,214.20585306683247,OK,1991,2020,30,CHIRPS_v2,UCSB-CHG/CHIRPS/DAILY,1991-2020,IBGE_2024
4103057,Boa Vista da Aparecida,PR,265.636,1,jan,199.59598701851016,OK,1991,2020,30,CHIRPS_v2,UCSB-CHG/CHIRPS/DAILY,1991-2020,IBGE_2024
4110052,Iguatu,PR,106.937,1,jan,206.6752130641069,OK,1991,2020,30,CHIRPS_v2,UCSB-CHG/CHIRPS/DAILY,1991-2020,IBGE_2024
4109757,Ibema,PR,146.547,1,jan,214.4645586551727,OK,1991,2020,30,CHIRPS_v2,UCSB-CHG/CHIRPS/DAILY,1991-2020,IBGE_2024
4109302,Guaraniaçu,PR,1237.77,1,jan,218.61420615063778,OK,1991,2020,30,CHIRPS_v2,UCSB-CHG/CHIRPS/DAILY,1991-2020,IBGE_2024
4101051,Anahy,PR,104.09,1,jan,202.81373835200745,OK,1991,2020,30,CHIRPS_v2,UCSB-CHG/CHIRPS/DAILY,1991-2020,IBGE_2024
4116703,Nova Aurora,PR,471.176,1,jan,197.4864499920152,OK,1991,2020,30,CHIRPS_v2,UCSB-CHG/CHIRPS/DAILY,1991-2020,IBGE_2024
4123824,Santa Lúcia,PR,126.813,1,jan,200.7310420832079,OK,1991,2020,30,CHIRPS_v2,UCSB-CHG/CHIRPS/DAILY,1991-2020,IBGE_2024
4115606,Matelândia,PR,642.123,1,jan,199.72945120205517,OK,1991,2020,30,CHIRPS_v2,UCSB-CHG/CHIRPS/DAILY,1991-2020,IBGE_2024
4108304,Foz do Iguaçu,PR,606.501,1,jan,173.77120851467078,OK,1991,2020,30,CHIRPS_v2,UCSB-CHG/CHIRPS/DAILY,1991-2020,IBGE_2024
4124053,Santa Terezinha de Itaipu,PR,270.949,1,jan,176.92903490898684,OK,1991,2020,30,CHIRPS_v2,UCSB-CHG/CHIRPS/DAILY,1991-2020,IBGE_2024
4110953,Itaipulândia,PR,328.207,1,jan,174.43486323952263,OK,1991,2020,30,CHIRPS_v2,UCSB-CHG/CHIRPS/DAILY,1991-2020,IBGE_2024
4126355,Serranópolis do Iguaçu,PR,482.987,1,jan,190.46835190621732,OK,1991,2020,30,CHIRPS_v2,UCSB-CHG/CHIRPS/DAILY,1991-2020,IBGE_2024
4125704,São Miguel do Iguaçu,PR,852.133,1,jan,181.52225226040082,OK,1991,2020,30,CHIRPS_v2,UCSB-CHG/CHIRPS/DAILY,1991-2020,IBGE_2024
4116059,Missal,PR,326.214,1,jan,178.70610780307575,OK,1991,2020,30,CHIRPS_v2,UCSB-CHG/CHIRPS/DAILY,1991-2020,IBGE_2024
4115804,Medianeira,PR,326.67,1,jan,198.53092815297467,OK,1991,2020,30,CHIRPS_v2,UCSB-CHG/CHIRPS/DAILY,1991-2020,IBGE_2024
4127700,Toledo,PR,1197.223,1,jan,184.82824731280246,OK,1991,2020,30,CHIRPS_v2,UCSB-CHG/CHIRPS/DAILY,1991-2020,IBGE_2024
4117453,Ouro Verde do Oeste,PR,293.042,1,jan,194.33127577883886,OK,1991,2020,30,CHIRPS_v2,UCSB-CHG/CHIRPS/DAILY,1991-2020,IBGE_2024
4123501,Santa Helena,PR,753.997,1,jan,171.48908559615822,OK,1991,2020,30,CHIRPS_v2,UCSB-CHG/CHIRPS/DAILY,1991-2020,IBGE_2024
4115358,Maripá,PR,283.794,1,jan,186.15535039035456,OK,1991,2020,30,CHIRPS_v2,UCSB-CHG/CHIRPS/DAILY,1991-2020,IBGE_2024
4112751,Jesuítas,PR,246.606,1,jan,197.21650618571078,OK,1991,2020,30,CHIRPS_v2,UCSB-CHG/CHIRPS/DAILY,1991-2020,IBGE_2024
4127957,Tupãssi,PR,299.093,1,jan,204.65299378914844,OK,1991,2020,30,CHIRPS_v2,UCSB-CHG/CHIRPS/DAILY,1991-2020,IBGE_2024
4127403,Terra Roxa,PR,801.135,1,jan,167.0059722720207,OK,1991,2020,30,CHIRPS_v2,UCSB-CHG/CHIRPS/DAILY,1991-2020,IBGE_2024
4110656,Iracema do Oeste,PR,81.538,1,jan,196.30112306387545,OK,1991,2020,30,CHIRPS_v2,UCSB-CHG/CHIRPS/DAILY,1991-2020,IBGE_2024
4102000,Assis Chateaubriand,PR,980.816,1,jan,190.82613937769162,OK,1991,2020,30,CHIRPS_v2,UCSB-CHG/CHIRPS/DAILY,1991-2020,IBGE_2024
4117909,Palotina,PR,651.237,1,jan,174.8332688345384,OK,1991,2020,30,CHIRPS_v2,UCSB-CHG/CHIRPS/DAILY,1991-2020,IBGE_2024
4125456,São José das Palmeiras,PR,182.627,1,jan,187.04157096537904,OK,1991,2020,30,CHIRPS_v2,UCSB-CHG/CHIRPS/DAILY,1991-2020,IBGE_2024
4125753,São Pedro do Iguaçu,PR,309.1,1,jan,199.92657277374013,OK,1991,2020,30,CHIRPS_v2,UCSB-CHG/CHIRPS/DAILY,1991-2020,IBGE_2024
4108809,Guaíra,PR,563.414,1,jan,167.0605991568808,OK,1991,2020,30,CHIRPS_v2,UCSB-CHG/CHIRPS/DAILY,1991-2020,IBGE_2024
4108205,Formosa do Oeste,PR,275.651,1,jan,190.01651314050454,OK,1991,2020,30,CHIRPS_v2,UCSB-CHG/CHIRPS/DAILY,1991-2020,IBGE_2024
4115408,Marmeleiro,PR,388.538,1,jan,202.8302026091295,OK,1991,2020,30,CHIRPS_v2,UCSB-CHG/CHIRPS/DAILY,1991-2020,IBGE_2024
4122800,Salgado Filho,PR,182.616,1,jan,209.99304528140658,OK,1991,2020,30,CHIRPS_v2,UCSB-CHG/CHIRPS/DAILY,1991-2020,IBGE_2024
4114351,Manfrinópolis,PR,214.758,1,jan,212.4608378701767,OK,1991,2020,30,CHIRPS_v2,UCSB-CHG/CHIRPS/DAILY,1991-2020,IBGE_2024
4121406,Realeza,PR,353.922,1,jan,196.71974117239068,OK,1991,2020,30,CHIRPS_v2,UCSB-CHG/CHIRPS/DAILY,1991-2020,IBGE_2024
4121604,Renascença,PR,425.947,1,jan,201.4866698254982,OK,1991,2020,30,CHIRPS_v2,UCSB-CHG/CHIRPS/DAILY,1991-2020,IBGE_2024
4104501,Capanema,PR,415.961,1,jan,194.45630963644123,OK,1991,2020,30,CHIRPS_v2,UCSB-CHG/CHIRPS/DAILY,1991-2020,IBGE_2024
4120358,Pranchita,PR,226.089,1,jan,212.20482364598905,OK,1991,2020,30,CHIRPS_v2,UCSB-CHG/CHIRPS/DAILY,1991-2020,IBGE_2024
4128609,Verê,PR,312.744,1,jan,206.79209953254767,OK,1991,2020,30,CHIRPS_v2,UCSB-CHG/CHIRPS/DAILY,1991-2020,IBGE_2024
4119806,Planalto,PR,347.974,1,jan,198.58766184500547,OK,1991,2020,30,CHIRPS_v2,UCSB-CHG/CHIRPS/DAILY,1991-2020,IBGE_2024
4119251,Pinhal de São Bento,PR,98.062,1,jan,212.15143022836693,OK,1991,2020,30,CHIRPS_v2,UCSB-CHG/CHIRPS/DAILY,1991-2020,IBGE_2024
4102752,Bela Vista da Caroba,PR,148.859,1,jan,210.99697564095288,OK,1991,2020,30,CHIRPS_v2,UCSB-CHG/CHIRPS/DAILY,1991-2020,IBGE_2024
4103156,Bom Jesus do Sul,PR,175.536,1,jan,205.60864211020103,OK,1991,2020,30,CHIRPS_v2,UCSB-CHG/CHIRPS/DAILY,1991-2020,IBGE_2024
4119004,Pérola d'Oeste,PR,204.331,1,jan,206.01259313256156,OK,1991,2020,30,CHIRPS_v2,UCSB-CHG/CHIRPS/DAILY,1991-2020,IBGE_2024
4102604,Barracão,PR,161.806,1,jan,195.73111061424706,OK,1991,2020,30,CHIRPS_v2,UCSB-CHG/CHIRPS/DAILY,1991-2020,IBGE_2024
4101002,Ampére,PR,297.174,1,jan,214.97959171858187,OK,1991,2020,30,CHIRPS_v2,UCSB-CHG/CHIRPS/DAILY,1991-2020,IBGE_2024
4108403,Francisco Beltrão,PR,731.379,1,jan,206.9328231981282,OK,1991,2020,30,CHIRPS_v2,UCSB-CHG/CHIRPS/DAILY,1991-2020,IBGE_2024
4116950,Nova Esperança do Sudoeste,PR,207.849,1,jan,212.78686431323686,OK,1991,2020,30,CHIRPS_v2,UCSB-CHG/CHIRPS/DAILY,1991-2020,IBGE_2024
4124400,Santo Antônio do Sudoeste,PR,327.008,1,jan,217.32770462155284,OK,1991,2020,30,CHIRPS_v2,UCSB-CHG/CHIRPS/DAILY,1991-2020,IBGE_2024
4107850,Flor da Serra do Sul,PR,256.157,1,jan,207.4751626151033,OK,1991,2020,30,CHIRPS_v2,UCSB-CHG/CHIRPS/DAILY,1991-2020,IBGE_2024
4123808,Santa Izabel do Oeste,PR,321.003,1,jan,209.2422532329764,OK,1991,2020,30,CHIRPS_v2,UCSB-CHG/CHIRPS/DAILY,1991-2020,IBGE_2024
4107405,Enéas Marques,PR,196.238,1,jan,211.04496300660426,OK,1991,2020,30,CHIRPS_v2,UCSB-CHG/CHIRPS/DAILY,1991-2020,IBGE_2024
4115309,Mariópolis,PR,229.894,1,jan,197.24565585438918,OK,1991,2020,30,CHIRPS_v2,UCSB-CHG/CHIRPS/DAILY,1991-2020,IBGE_2024
4106456,Coronel Domingos Soares,PR,1511.972,1,jan,198.80769288663433,OK,1991,2020,30,CHIRPS_v2,UCSB-CHG/CHIRPS/DAILY,1991-2020,IBGE_2024
4106506,Coronel Vivida,PR,683.799,1,jan,204.36621404481303,OK,1991,2020,30,CHIRPS_v2,UCSB-CHG/CHIRPS/DAILY,1991-2020,IBGE_2024
4114401,Mangueirinha,PR,1058.357,1,jan,193.06244534031444,OK,1991,2020,30,CHIRPS_v2,UCSB-CHG/CHIRPS/DAILY,1991-2020,IBGE_2024
4105409,Chopinzinho,PR,961.682,1,jan,204.96427049807556,OK,1991,2020,30,CHIRPS_v2,UCSB-CHG/CHIRPS/DAILY,1991-2020,IBGE_2024
4105706,Clevelândia,PR,703.973,1,jan,191.31936122997834,OK,1991,2020,30,CHIRPS_v2,UCSB-CHG/CHIRPS/DAILY,1991-2020,IBGE_2024
4128708,Vitorino,PR,308.08,1,jan,202.02829759232677,OK,1991,2020,30,CHIRPS_v2,UCSB-CHG/CHIRPS/DAILY,1991-2020,IBGE_2024
4103222,Bom Sucesso do Sul,PR,198.58,1,jan,203.77368420950626,OK,1991,2020,30,CHIRPS_v2,UCSB-CHG/CHIRPS/DAILY,1991-2020,IBGE_2024
4111209,Itapejara d'Oeste,PR,251.364,1,jan,206.1779215676479,OK,1991,2020,30,CHIRPS_v2,UCSB-CHG/CHIRPS/DAILY,1991-2020,IBGE_2024
4118501,Pato Branco,PR,539.154,1,jan,200.6421770774027,OK,1991,2020,30,CHIRPS_v2,UCSB-CHG/CHIRPS/DAILY,1991-2020,IBGE_2024
4126652,Sulina,PR,170.759,1,jan,210.41835006890142,OK,1991,2020,30,CHIRPS_v2,UCSB-CHG/CHIRPS/DAILY,1991-2020,IBGE_2024
4117602,Palmas,PR,1561.474,1,jan,187.5149084572911,OK,1991,2020,30,CHIRPS_v2,UCSB-CHG/CHIRPS/DAILY,1991-2020,IBGE_2024
4126272,Saudade do Iguaçu,PR,152.084,1,jan,208.98462990214082,OK,1991,2020,30,CHIRPS_v2,UCSB-CHG/CHIRPS/DAILY,1991-2020,IBGE_2024
4109658,Honório Serpa,PR,503.896,1,jan,188.98985592414346,OK,1991,2020,30,CHIRPS_v2,UCSB-CHG/CHIRPS/DAILY,1991-2020,IBGE_2024
4124806,São João,PR,387.15,1,jan,210.11038973998652,OK,1991,2020,30,CHIRPS_v2,UCSB-CHG/CHIRPS/DAILY,1991-2020,IBGE_2024
4122156,Rio Bonito do Iguaçu,PR,684.695,1,jan,215.18958674482096,OK,1991,2020,30,CHIRPS_v2,UCSB-CHG/CHIRPS/DAILY,1991-2020,IBGE_2024
4113304,Laranjeiras do Sul,PR,677.933,1,jan,219.5126791615525,OK,1991,2020,30,CHIRPS_v2,UCSB-CHG/CHIRPS/DAILY,1991-2020,IBGE_2024
4120903,Quedas do Iguaçu,PR,822.345,1,jan,203.75663849304752,OK,1991,2020,30,CHIRPS_v2,UCSB-CHG/CHIRPS/DAILY,1991-2020,IBGE_2024
4120150,Porto Barreiro,PR,363.547,1,jan,209.12497420452527,OK,1991,2020,30,CHIRPS_v2,UCSB-CHG/CHIRPS/DAILY,1991-2020,IBGE_2024
4128658,Virmond,PR,248.583,1,jan,213.56511758362078,OK,1991,2020,30,CHIRPS_v2,UCSB-CHG/CHIRPS/DAILY,1991-2020,IBGE_2024
4117057,Nova Laranjeiras,PR,1201.246,1,jan,222.24939759165977,OK,1991,2020,30,CHIRPS_v2,UCSB-CHG/CHIRPS/DAILY,1991-2020,IBGE_2024
4107546,Espigão Alto do Iguaçu,PR,325.584,1,jan,218.66905421485123,OK,1991,2020,30,CHIRPS_v2,UCSB-CHG/CHIRPS/DAILY,1991-2020,IBGE_2024
4115457,Marquinho,PR,518.147,1,jan,217.8727346588947,OK,1991,2020,30,CHIRPS_v2,UCSB-CHG/CHIRPS/DAILY,1991-2020,IBGE_2024
4107207,Dois Vizinhos,PR,418.162,1,jan,211.514171164586,OK,1991,2020,30,CHIRPS_v2,UCSB-CHG/CHIRPS/DAILY,1991-2020,IBGE_2024
4123006,Salto do Lontra,PR,311.974,1,jan,210.55565442100965,OK,1991,2020,30,CHIRPS_v2,UCSB-CHG/CHIRPS/DAILY,1991-2020,IBGE_2024
4106571,Cruzeiro do Iguaçu,PR,161.293,1,jan,214.8283513131594,OK,1991,2020,30,CHIRPS_v2,UCSB-CHG/CHIRPS/DAILY,1991-2020,IBGE_2024
4103024,Boa Esperança do Iguaçu,PR,152.252,1,jan,201.08859445389467,OK,1991,2020,30,CHIRPS_v2,UCSB-CHG/CHIRPS/DAILY,1991-2020,IBGE_2024
4117255,Nova Prata do Iguaçu,PR,352.055,1,jan,195.41790037117704,OK,1991,2020,30,CHIRPS_v2,UCSB-CHG/CHIRPS/DAILY,1991-2020,IBGE_2024
4125209,São Jorge d'Oeste,PR,379.442,1,jan,203.7633865166115,OK,1991,2020,30,CHIRPS_v2,UCSB-CHG/CHIRPS/DAILY,1991-2020,IBGE_2024
4114609,Marechal Cândido Rondon,PR,743.593,1,jan,175.110958419895,OK,1991,2020,30,CHIRPS_v2,UCSB-CHG/CHIRPS/DAILY,1991-2020,IBGE_2024
4120853,Quatro Pontes,PR,115.665,1,jan,179.75470184916642,OK,1991,2020,30,CHIRPS_v2,UCSB-CHG/CHIRPS/DAILY,1991-2020,IBGE_2024
4118451,Pato Bragado,PR,136.483,1,jan,170.92914339406508,OK,1991,2020,30,CHIRPS_v2,UCSB-CHG/CHIRPS/DAILY,1991-2020,IBGE_2024
4117222,Nova Santa Rosa,PR,204.665,1,jan,177.40179901848526,OK,1991,2020,30,CHIRPS_v2,UCSB-CHG/CHIRPS/DAILY,1991-2020,IBGE_2024
4107538,Entre Rios do Oeste,PR,120.294,1,jan,175.2597134739134,OK,1991,2020,30,CHIRPS_v2,UCSB-CHG/CHIRPS/DAILY,1991-2020,IBGE_2024
4115853,Mercedes,PR,197.136,1,jan,170.73945469215434,OK,1991,2020,30,CHIRPS_v2,UCSB-CHG/CHIRPS/DAILY,1991-2020,IBGE_2024
4107306,Doutor Camargo,PR,118.286,1,jan,193.42406028580498,OK,1991,2020,30,CHIRPS_v2,UCSB-CHG/CHIRPS/DAILY,1991-2020,IBGE_2024
4114203,Mandaguari,PR,335.912,1,jan,210.66887166859436,OK,1991,2020,30,CHIRPS_v2,UCSB-CHG/CHIRPS/DAILY,1991-2020,IBGE_2024
4111605,Ivatuba,PR,96.427,1,jan,193.80282102648619,OK,1991,2020,30,CHIRPS_v2,UCSB-CHG/CHIRPS/DAILY,1991-2020,IBGE_2024
4128302,Uniflor,PR,95.731,1,jan,198.49114186792545,OK,1991,2020,30,CHIRPS_v2,UCSB-CHG/CHIRPS/DAILY,1991-2020,IBGE_2024
4102109,Astorga,PR,435.21,1,jan,217.31265956531314,OK,1991,2020,30,CHIRPS_v2,UCSB-CHG/CHIRPS/DAILY,1991-2020,IBGE_2024
4102208,Atalaia,PR,137.075,1,jan,204.21030608217896,OK,1991,2020,30,CHIRPS_v2,UCSB-CHG/CHIRPS/DAILY,1991-2020,IBGE_2024
4125308,São Jorge do Ivaí,PR,315.088,1,jan,194.9395337466263,OK,1991,2020,30,CHIRPS_v2,UCSB-CHG/CHIRPS/DAILY,1991-2020,IBGE_2024
4101150,Ângulo,PR,106.021,1,jan,217.83486771911723,OK,1991,2020,30,CHIRPS_v2,UCSB-CHG/CHIRPS/DAILY,1991-2020,IBGE_2024
4116901,Nova Esperança,PR,402.051,1,jan,198.2796734879414,OK,1991,2020,30,CHIRPS_v2,UCSB-CHG/CHIRPS/DAILY,1991-2020,IBGE_2024
4116307,Munhoz de Melo,PR,137.03,1,jan,214.34356502693848,OK,1991,2020,30,CHIRPS_v2,UCSB-CHG/CHIRPS/DAILY,1991-2020,IBGE_2024
4108106,Flórida,PR,83.046,1,jan,204.56920575664483,OK,1991,2020,30,CHIRPS_v2,UCSB-CHG/CHIRPS/DAILY,1991-2020,IBGE_2024
4107801,Floraí,PR,190.812,1,jan,196.1440429069109,OK,1991,2020,30,CHIRPS_v2,UCSB-CHG/CHIRPS/DAILY,1991-2020,IBGE_2024
4123402,Santa Fé,PR,276.262,1,jan,210.43294592982292,OK,1991,2020,30,CHIRPS_v2,UCSB-CHG/CHIRPS/DAILY,1991-2020,IBGE_2024
4114807,Marialva,PR,474.954,1,jan,202.96323599477915,OK,1991,2020,30,CHIRPS_v2,UCSB-CHG/CHIRPS/DAILY,1991-2020,IBGE_2024
4114104,Mandaguaçu,PR,293.792,1,jan,209.98947130911077,OK,1991,2020,30,CHIRPS_v2,UCSB-CHG/CHIRPS/DAILY,1991-2020,IBGE_2024
4120408,Presidente Castelo Branco,PR,155.631,1,jan,205.49327487903582,OK,1991,2020,30,CHIRPS_v2,UCSB-CHG/CHIRPS/DAILY,1991-2020,IBGE_2024
4111100,Itambé,PR,244.495,1,jan,197.57713506226557,OK,1991,2020,30,CHIRPS_v2,UCSB-CHG/CHIRPS/DAILY,1991-2020,IBGE_2024
4110003,Iguaraçu,PR,164.54,1,jan,219.6143297600117,OK,1991,2020,30,CHIRPS_v2,UCSB-CHG/CHIRPS/DAILY,1991-2020,IBGE_2024
4126256,Sarandi,PR,103.942,1,jan,197.5591550252199,OK,1991,2020,30,CHIRPS_v2,UCSB-CHG/CHIRPS/DAILY,1991-2020,IBGE_2024
4117503,Paiçandu,PR,170.824,1,jan,195.71838634658292,OK,1991,2020,30,CHIRPS_v2,UCSB-CHG/CHIRPS/DAILY,1991-2020,IBGE_2024
4117404,Ourizona,PR,176.457,1,jan,195.7015961535267,OK,1991,2020,30,CHIRPS_v2,UCSB-CHG/CHIRPS/DAILY,1991-2020,IBGE_2024
4107900,Floresta,PR,158.334,1,jan,193.8391801389838,OK,1991,2020,30,CHIRPS_v2,UCSB-CHG/CHIRPS/DAILY,1991-2020,IBGE_2024
4115200,Maringá,PR,487.912,1,jan,199.53182181201342,OK,1991,2020,30,CHIRPS_v2,UCSB-CHG/CHIRPS/DAILY,1991-2020,IBGE_2024
4106555,Corumbataí do Sul,PR,167.921,1,jan,218.5196419366774,OK,1991,2020,30,CHIRPS_v2,UCSB-CHG/CHIRPS/DAILY,1991-2020,IBGE_2024
4114005,Mamborê,PR,787.33,1,jan,215.16489779365307,OK,1991,2020,30,CHIRPS_v2,UCSB-CHG/CHIRPS/DAILY,1991-2020,IBGE_2024
4122503,Roncador,PR,741.709,1,jan,238.66332818901148,OK,1991,2020,30,CHIRPS_v2,UCSB-CHG/CHIRPS/DAILY,1991-2020,IBGE_2024
4113734,Luiziana,PR,915.604,1,jan,227.63648081528353,OK,1991,2020,30,CHIRPS_v2,UCSB-CHG/CHIRPS/DAILY,1991-2020,IBGE_2024
4121356,Rancho Alegre D'Oeste,PR,241.185,1,jan,191.65686858414077,OK,1991,2020,30,CHIRPS_v2,UCSB-CHG/CHIRPS/DAILY,1991-2020,IBGE_2024
4120655,Quarto Centenário,PR,320.779,1,jan,190.17146457309224,OK,1991,2020,30,CHIRPS_v2,UCSB-CHG/CHIRPS/DAILY,1991-2020,IBGE_2024
4104303,Campo Mourão,PR,748.054,1,jan,212.47890231695456,OK,1991,2020,30,CHIRPS_v2,UCSB-CHG/CHIRPS/DAILY,1991-2020,IBGE_2024
4112959,Juranda,PR,354.522,1,jan,206.73050330578255,OK,1991,2020,30,CHIRPS_v2,UCSB-CHG/CHIRPS/DAILY,1991-2020,IBGE_2024
4121109,Quinta do Sol,PR,326.137,1,jan,201.35344148414313,OK,1991,2020,30,CHIRPS_v2,UCSB-CHG/CHIRPS/DAILY,1991-2020,IBGE_2024
4103909,Campina da Lagoa,PR,798.991,1,jan,236.0968638873924,OK,1991,2020,30,CHIRPS_v2,UCSB-CHG/CHIRPS/DAILY,1991-2020,IBGE_2024
4112207,Janiópolis,PR,337.91,1,jan,185.7213307984753,OK,1991,2020,30,CHIRPS_v2,UCSB-CHG/CHIRPS/DAILY,1991-2020,IBGE_2024
4128005,Ubiratã,PR,653.097,1,jan,201.63787689569875,OK,1991,2020,30,CHIRPS_v2,UCSB-CHG/CHIRPS/DAILY,1991-2020,IBGE_2024
4103008,Boa Esperança,PR,301.131,1,jan,194.53875568199302,OK,1991,2020,30,CHIRPS_v2,UCSB-CHG/CHIRPS/DAILY,1991-2020,IBGE_2024
4118808,Peabiru,PR,467.542,1,jan,207.6939334346379,OK,1991,2020,30,CHIRPS_v2,UCSB-CHG/CHIRPS/DAILY,1991-2020,IBGE_2024
4110805,Iretama,PR,570.716,1,jan,215.83201162841155,OK,1991,2020,30,CHIRPS_v2,UCSB-CHG/CHIRPS/DAILY,1991-2020,IBGE_2024
4102505,Barbosa Ferraz,PR,536.101,1,jan,217.44719059100072,OK,1991,2020,30,CHIRPS_v2,UCSB-CHG/CHIRPS/DAILY,1991-2020,IBGE_2024
4101705,Araruna,PR,492.521,1,jan,204.4317975967841,OK,1991,2020,30,CHIRPS_v2,UCSB-CHG/CHIRPS/DAILY,1991-2020,IBGE_2024
4116802,Nova Cantu,PR,552.873,1,jan,250.07514447518028,OK,1991,2020,30,CHIRPS_v2,UCSB-CHG/CHIRPS/DAILY,1991-2020,IBGE_2024
4108601,Goioerê,PR,563.954,1,jan,190.73738662440576,OK,1991,2020,30,CHIRPS_v2,UCSB-CHG/CHIRPS/DAILY,1991-2020,IBGE_2024
4100459,Altamira do Paraná,PR,386.952,1,jan,227.36423924715604,OK,1991,2020,30,CHIRPS_v2,UCSB-CHG/CHIRPS/DAILY,1991-2020,IBGE_2024
4116109,Moreira Sales,PR,356.711,1,jan,179.09807775568225,OK,1991,2020,30,CHIRPS_v2,UCSB-CHG/CHIRPS/DAILY,1991-2020,IBGE_2024
4107504,Engenheiro Beltrão,PR,470.825,1,jan,200.27460777233293,OK,1991,2020,30,CHIRPS_v2,UCSB-CHG/CHIRPS/DAILY,1991-2020,IBGE_2024
4107553,Farol,PR,289.232,1,jan,196.08209490378235,OK,1991,2020,30,CHIRPS_v2,UCSB-CHG/CHIRPS/DAILY,1991-2020,IBGE_2024
4107702,Fênix,PR,232.209,1,jan,215.16016991398897,OK,1991,2020,30,CHIRPS_v2,UCSB-CHG/CHIRPS/DAILY,1991-2020,IBGE_2024
4114708,Maria Helena,PR,486.539,1,jan,177.15391598098537,OK,1991,2020,30,CHIRPS_v2,UCSB-CHG/CHIRPS/DAILY,1991-2020,IBGE_2024
4128104,Umuarama,PR,1233.997,1,jan,169.31294258970445,OK,1991,2020,30,CHIRPS_v2,UCSB-CHG/CHIRPS/DAILY,1991-2020,IBGE_2024
4107256,Douradina,PR,420.525,1,jan,168.20894376334041,OK,1991,2020,30,CHIRPS_v2,UCSB-CHG/CHIRPS/DAILY,1991-2020,IBGE_2024
4106605,Cruzeiro do Oeste,PR,776.101,1,jan,175.94264486465508,OK,1991,2020,30,CHIRPS_v2,UCSB-CHG/CHIRPS/DAILY,1991-2020,IBGE_2024
4105607,Cidade Gaúcha,PR,402.241,1,jan,184.77111199468285,OK,1991,2020,30,CHIRPS_v2,UCSB-CHG/CHIRPS/DAILY,1991-2020,IBGE_2024
4128807,Xambrê,PR,360.044,1,jan,161.47919183265455,OK,1991,2020,30,CHIRPS_v2,UCSB-CHG/CHIRPS/DAILY,1991-2020,IBGE_2024
4128625,Alto Paraíso,PR,967.763,1,jan,167.0259998906248,OK,1991,2020,30,CHIRPS_v2,UCSB-CHG/CHIRPS/DAILY,1991-2020,IBGE_2024
4103370,Brasilândia do Sul,PR,291.036,1,jan,162.1628512158928,OK,1991,2020,30,CHIRPS_v2,UCSB-CHG/CHIRPS/DAILY,1991-2020,IBGE_2024
4103479,Cafezal do Sul,PR,335.728,1,jan,147.5114695337014,OK,1991,2020,30,CHIRPS_v2,UCSB-CHG/CHIRPS/DAILY,1991-2020,IBGE_2024
4111555,Ivaté,PR,410.221,1,jan,166.0378562479033,OK,1991,2020,30,CHIRPS_v2,UCSB-CHG/CHIRPS/DAILY,1991-2020,IBGE_2024
4110607,Iporã,PR,648.624,1,jan,152.79287244559444,OK,1991,2020,30,CHIRPS_v2,UCSB-CHG/CHIRPS/DAILY,1991-2020,IBGE_2024
4126900,Tapira,PR,434.371,1,jan,173.10620582853144,OK,1991,2020,30,CHIRPS_v2,UCSB-CHG/CHIRPS/DAILY,1991-2020,IBGE_2024
4118907,Pérola,PR,236.07,1,jan,160.19155262210143,OK,1991,2020,30,CHIRPS_v2,UCSB-CHG/CHIRPS/DAILY,1991-2020,IBGE_2024
4118857,Perobal,PR,409.062,1,jan,169.44412697549,OK,1991,2020,30,CHIRPS_v2,UCSB-CHG/CHIRPS/DAILY,1991-2020,IBGE_2024
4109906,Icaraíma,PR,675.24,1,jan,166.93248286408098,OK,1991,2020,30,CHIRPS_v2,UCSB-CHG/CHIRPS/DAILY,1991-2020,IBGE_2024
4117206,Nova Olímpia,PR,136.347,1,jan,179.36980014240964,OK,1991,2020,30,CHIRPS_v2,UCSB-CHG/CHIRPS/DAILY,1991-2020,IBGE_2024
4100707,Alto Piquiri,PR,448.373,1,jan,172.15149441490863,OK,1991,2020,30,CHIRPS_v2,UCSB-CHG/CHIRPS/DAILY,1991-2020,IBGE_2024
4125357,São Jorge do Patrocínio,PR,404.018,1,jan,160.04819861728666,OK,1991,2020,30,CHIRPS_v2,UCSB-CHG/CHIRPS/DAILY,1991-2020,IBGE_2024
4100509,Altônia,PR,663.955,1,jan,158.4558737584347,OK,1991,2020,30,CHIRPS_v2,UCSB-CHG/CHIRPS/DAILY,1991-2020,IBGE_2024
4108320,Francisco Alves,PR,320.119,1,jan,166.3250892648728,OK,1991,2020,30,CHIRPS_v2,UCSB-CHG/CHIRPS/DAILY,1991-2020,IBGE_2024
4107520,Esperança Nova,PR,141.317,1,jan,162.4407050844439,OK,1991,2020,30,CHIRPS_v2,UCSB-CHG/CHIRPS/DAILY,1991-2020,IBGE_2024
4115101,Mariluz,PR,430.432,1,jan,175.9962529151757,OK,1991,2020,30,CHIRPS_v2,UCSB-CHG/CHIRPS/DAILY,1991-2020,IBGE_2024
4107108,Diamante do Norte,PR,242.887,1,jan,170.96368735875924,OK,1991,2020,30,CHIRPS_v2,UCSB-CHG/CHIRPS/DAILY,1991-2020,IBGE_2024
4115002,Marilena,PR,231.349,1,jan,169.3921918783827,OK,1991,2020,30,CHIRPS_v2,UCSB-CHG/CHIRPS/DAILY,1991-2020,IBGE_2024
4119707,Planaltina do Paraná,PR,356.276,1,jan,178.99226873390737,OK,1991,2020,30,CHIRPS_v2,UCSB-CHG/CHIRPS/DAILY,1991-2020,IBGE_2024
4127304,Terra Rica,PR,698.25,1,jan,178.933804359463,OK,1991,2020,30,CHIRPS_v2,UCSB-CHG/CHIRPS/DAILY,1991-2020,IBGE_2024
4111308,Itaúna do Sul,PR,127.002,1,jan,173.65824045094428,OK,1991,2020,30,CHIRPS_v2,UCSB-CHG/CHIRPS/DAILY,1991-2020,IBGE_2024
4126702,Tamboara,PR,193.316,1,jan,192.10000481799477,OK,1991,2020,30,CHIRPS_v2,UCSB-CHG/CHIRPS/DAILY,1991-2020,IBGE_2024
4118402,Paranavaí,PR,1197.394,1,jan,189.31715352522568,OK,1991,2020,30,CHIRPS_v2,UCSB-CHG/CHIRPS/DAILY,1991-2020,IBGE_2024
4118006,Paraíso do Norte,PR,205.222,1,jan,189.52614974072117,OK,1991,2020,30,CHIRPS_v2,UCSB-CHG/CHIRPS/DAILY,1991-2020,IBGE_2024
4100905,Amaporã,PR,384.91,1,jan,184.80808389863458,OK,1991,2020,30,CHIRPS_v2,UCSB-CHG/CHIRPS/DAILY,1991-2020,IBGE_2024
4117107,Nova Londrina,PR,272.27,1,jan,174.0459063816181,OK,1991,2020,30,CHIRPS_v2,UCSB-CHG/CHIRPS/DAILY,1991-2020,IBGE_2024
4108908,Guairaçá,PR,496.289,1,jan,183.76107722841687,OK,1991,2020,30,CHIRPS_v2,UCSB-CHG/CHIRPS/DAILY,1991-2020,IBGE_2024
4124905,São João do Caiuá,PR,305.388,1,jan,192.42115680470988,OK,1991,2020,30,CHIRPS_v2,UCSB-CHG/CHIRPS/DAILY,1991-2020,IBGE_2024
4100608,Alto Paraná,PR,409.014,1,jan,197.06766844327927,OK,1991,2020,30,CHIRPS_v2,UCSB-CHG/CHIRPS/DAILY,1991-2020,IBGE_2024
4116505,Nova Aliança do Ivaí,PR,130.614,1,jan,190.0915849275756,OK,1991,2020,30,CHIRPS_v2,UCSB-CHG/CHIRPS/DAILY,1991-2020,IBGE_2024
4124608,São Carlos do Ivaí,PR,225.079,1,jan,195.21333032856893,OK,1991,2020,30,CHIRPS_v2,UCSB-CHG/CHIRPS/DAILY,1991-2020,IBGE_2024
4124202,Santo Antônio do Caiuá,PR,221.391,1,jan,188.1361292444559,OK,1991,2020,30,CHIRPS_v2,UCSB-CHG/CHIRPS/DAILY,1991-2020,IBGE_2024
4115903,Mirador,PR,222.016,1,jan,188.1358435940268,OK,1991,2020,30,CHIRPS_v2,UCSB-CHG/CHIRPS/DAILY,1991-2020,IBGE_2024
4122602,Rondon,PR,557.257,1,jan,194.15855042063038,OK,1991,2020,30,CHIRPS_v2,UCSB-CHG/CHIRPS/DAILY,1991-2020,IBGE_2024
4105508,Cianorte,PR,807.796,1,jan,199.74681450579803,OK,1991,2020,30,CHIRPS_v2,UCSB-CHG/CHIRPS/DAILY,1991-2020,IBGE_2024
4113007,Jussara,PR,207.013,1,jan,191.31438773493977,OK,1991,2020,30,CHIRPS_v2,UCSB-CHG/CHIRPS/DAILY,1991-2020,IBGE_2024
4112405,Japurá,PR,165.185,1,jan,199.59379661610942,OK,1991,2020,30,CHIRPS_v2,UCSB-CHG/CHIRPS/DAILY,1991-2020,IBGE_2024
4127908,Tuneiras do Oeste,PR,705.229,1,jan,185.63617588631593,OK,1991,2020,30,CHIRPS_v2,UCSB-CHG/CHIRPS/DAILY,1991-2020,IBGE_2024
4126801,Tapejara,PR,590.927,1,jan,189.192750719234,OK,1991,2020,30,CHIRPS_v2,UCSB-CHG/CHIRPS/DAILY,1991-2020,IBGE_2024
4110409,Indianópolis,PR,122.392,1,jan,200.02492267153337,OK,1991,2020,30,CHIRPS_v2,UCSB-CHG/CHIRPS/DAILY,1991-2020,IBGE_2024
4127205,Terra Boa,PR,323.63,1,jan,196.87312159733207,OK,1991,2020,30,CHIRPS_v2,UCSB-CHG/CHIRPS/DAILY,1991-2020,IBGE_2024
4126108,São Tomé,PR,218.623,1,jan,198.10118216706007,OK,1991,2020,30,CHIRPS_v2,UCSB-CHG/CHIRPS/DAILY,1991-2020,IBGE_2024
4109104,Guaporema,PR,200.407,1,jan,191.34147998132406,OK,1991,2020,30,CHIRPS_v2,UCSB-CHG/CHIRPS/DAILY,1991-2020,IBGE_2024
4125555,São Manoel do Paraná,PR,95.381,1,jan,195.37589399819743,OK,1991,2020,30,CHIRPS_v2,UCSB-CHG/CHIRPS/DAILY,1991-2020,IBGE_2024
4123600,Santa Inês,PR,156.422,1,jan,198.52510665482126,OK,1991,2020,30,CHIRPS_v2,UCSB-CHG/CHIRPS/DAILY,1991-2020,IBGE_2024
4106704,Cruzeiro do Sul,PR,259.115,1,jan,192.33957739542475,OK,1991,2020,30,CHIRPS_v2,UCSB-CHG/CHIRPS/DAILY,1991-2020,IBGE_2024
4105904,Colorado,PR,408.533,1,jan,195.0454450778198,OK,1991,2020,30,CHIRPS_v2,UCSB-CHG/CHIRPS/DAILY,1991-2020,IBGE_2024
4113601,Lobato,PR,240.904,1,jan,196.5251995255284,OK,1991,2020,30,CHIRPS_v2,UCSB-CHG/CHIRPS/DAILY,1991-2020,IBGE_2024
4112603,Jardim Olinda,PR,128.515,1,jan,189.39375544956408,OK,1991,2020,30,CHIRPS_v2,UCSB-CHG/CHIRPS/DAILY,1991-2020,IBGE_2024
4110904,Itaguajé,PR,195.493,1,jan,193.08985926333546,OK,1991,2020,30,CHIRPS_v2,UCSB-CHG/CHIRPS/DAILY,1991-2020,IBGE_2024
4118303,Paranapoema,PR,175.875,1,jan,190.80166470669792,OK,1991,2020,30,CHIRPS_v2,UCSB-CHG/CHIRPS/DAILY,1991-2020,IBGE_2024
4118105,Paranacity,PR,348.152,1,jan,186.2712913686728,OK,1991,2020,30,CHIRPS_v2,UCSB-CHG/CHIRPS/DAILY,1991-2020,IBGE_2024
4110300,Inajá,PR,194.704,1,jan,188.29379817850165,OK,1991,2020,30,CHIRPS_v2,UCSB-CHG/CHIRPS/DAILY,1991-2020,IBGE_2024
4124509,Santo Inácio,PR,278.541,1,jan,199.7764364759405,OK,1991,2020,30,CHIRPS_v2,UCSB-CHG/CHIRPS/DAILY,1991-2020,IBGE_2024
4116406,Nossa Senhora das Graças,PR,186.259,1,jan,206.85522011598093,OK,1991,2020,30,CHIRPS_v2,UCSB-CHG/CHIRPS/DAILY,1991-2020,IBGE_2024
4123709,Santa Isabel do Ivaí,PR,349.425,1,jan,157.99534206357615,OK,1991,2020,30,CHIRPS_v2,UCSB-CHG/CHIRPS/DAILY,1991-2020,IBGE_2024
4113502,Loanda,PR,722.091,1,jan,165.1470188861478,OK,1991,2020,30,CHIRPS_v2,UCSB-CHG/CHIRPS/DAILY,1991-2020,IBGE_2024
4121000,Querência do Norte,PR,911.72,1,jan,165.45812522355118,OK,1991,2020,30,CHIRPS_v2,UCSB-CHG/CHIRPS/DAILY,1991-2020,IBGE_2024
4120200,Porto Rico,PR,219.242,1,jan,165.41922350190038,OK,1991,2020,30,CHIRPS_v2,UCSB-CHG/CHIRPS/DAILY,1991-2020,IBGE_2024
4125902,São Pedro do Paraná,PR,248.865,1,jan,166.22315057834118,OK,1991,2020,30,CHIRPS_v2,UCSB-CHG/CHIRPS/DAILY,1991-2020,IBGE_2024
4123956,Santa Mônica,PR,260.488,1,jan,162.25035163524313,OK,1991,2020,30,CHIRPS_v2,UCSB-CHG/CHIRPS/DAILY,1991-2020,IBGE_2024
4123303,Santa Cruz de Monte Castelo,PR,444.966,1,jan,164.4637069612022,OK,1991,2020,30,CHIRPS_v2,UCSB-CHG/CHIRPS/DAILY,1991-2020,IBGE_2024
4113700,Londrina,PR,1647.796,1,jan,230.9297502814284,OK,1991,2020,30,CHIRPS_v2,UCSB-CHG/CHIRPS/DAILY,1991-2020,IBGE_2024
4112702,Jataizinho,PR,161.132,1,jan,216.55492711399899,OK,1991,2020,30,CHIRPS_v2,UCSB-CHG/CHIRPS/DAILY,1991-2020,IBGE_2024
4103701,Cambé,PR,499.583,1,jan,222.02557624851593,OK,1991,2020,30,CHIRPS_v2,UCSB-CHG/CHIRPS/DAILY,1991-2020,IBGE_2024
4109807,Ibiporã,PR,298.998,1,jan,220.275266407645,OK,1991,2020,30,CHIRPS_v2,UCSB-CHG/CHIRPS/DAILY,1991-2020,IBGE_2024
4101507,Arapongas,PR,383.37,1,jan,217.98628472643438,OK,1991,2020,30,CHIRPS_v2,UCSB-CHG/CHIRPS/DAILY,1991-2020,IBGE_2024
4122701,Sabáudia,PR,191.252,1,jan,214.8452849505106,OK,1991,2020,30,CHIRPS_v2,UCSB-CHG/CHIRPS/DAILY,1991-2020,IBGE_2024
4122404,Rolândia,PR,456.228,1,jan,220.4761221134864,OK,1991,2020,30,CHIRPS_v2,UCSB-CHG/CHIRPS/DAILY,1991-2020,IBGE_2024
4113809,Lupionópolis,PR,121.661,1,jan,204.36850759489639,OK,1991,2020,30,CHIRPS_v2,UCSB-CHG/CHIRPS/DAILY,1991-2020,IBGE_2024
4105102,Centenário do Sul,PR,370.629,1,jan,212.90558695083476,OK,1991,2020,30,CHIRPS_v2,UCSB-CHG/CHIRPS/DAILY,1991-2020,IBGE_2024
4120333,Prado Ferreira,PR,152.876,1,jan,221.76721210331272,OK,1991,2020,30,CHIRPS_v2,UCSB-CHG/CHIRPS/DAILY,1991-2020,IBGE_2024
4120507,Primeiro de Maio,PR,410.378,1,jan,217.281638169293,OK,1991,2020,30,CHIRPS_v2,UCSB-CHG/CHIRPS/DAILY,1991-2020,IBGE_2024
4103404,Cafeara,PR,184.255,1,jan,205.5482564867919,OK,1991,2020,30,CHIRPS_v2,UCSB-CHG/CHIRPS/DAILY,1991-2020,IBGE_2024
4119657,Pitangueiras,PR,123.081,1,jan,218.79436664877522,OK,1991,2020,30,CHIRPS_v2,UCSB-CHG/CHIRPS/DAILY,1991-2020,IBGE_2024
4111902,Jaguapitã,PR,475.004,1,jan,218.79940029694063,OK,1991,2020,30,CHIRPS_v2,UCSB-CHG/CHIRPS/DAILY,1991-2020,IBGE_2024
4120002,Porecatu,PR,291.663,1,jan,209.42125007455545,OK,1991,2020,30,CHIRPS_v2,UCSB-CHG/CHIRPS/DAILY,1991-2020,IBGE_2024
4102802,Bela Vista do Paraíso,PR,246.225,1,jan,220.2543739020135,OK,1991,2020,30,CHIRPS_v2,UCSB-CHG/CHIRPS/DAILY,1991-2020,IBGE_2024
4126504,Sertanópolis,PR,505.489,1,jan,215.3546346002868,OK,1991,2020,30,CHIRPS_v2,UCSB-CHG/CHIRPS/DAILY,1991-2020,IBGE_2024
4101903,Assaí,PR,440.347,1,jan,221.48020848165862,OK,1991,2020,30,CHIRPS_v2,UCSB-CHG/CHIRPS/DAILY,1991-2020,IBGE_2024
4126678,Tamarana,PR,473.283,1,jan,232.2121418939476,OK,1991,2020,30,CHIRPS_v2,UCSB-CHG/CHIRPS/DAILY,1991-2020,IBGE_2024
4100806,Alvorada do Sul,PR,424.25,1,jan,209.79073706225205,OK,1991,2020,30,CHIRPS_v2,UCSB-CHG/CHIRPS/DAILY,1991-2020,IBGE_2024
4109203,Guaraci,PR,213.067,1,jan,214.73292201570993,OK,1991,2020,30,CHIRPS_v2,UCSB-CHG/CHIRPS/DAILY,1991-2020,IBGE_2024
4108007,Florestópolis,PR,246.853,1,jan,214.91381579053015,OK,1991,2020,30,CHIRPS_v2,UCSB-CHG/CHIRPS/DAILY,1991-2020,IBGE_2024
4116000,Miraselva,PR,90.572,1,jan,219.75174922118242,OK,1991,2020,30,CHIRPS_v2,UCSB-CHG/CHIRPS/DAILY,1991-2020,IBGE_2024
4122909,Salto do Itararé,PR,200.897,1,jan,217.69408251998206,OK,1991,2020,30,CHIRPS_v2,UCSB-CHG/CHIRPS/DAILY,1991-2020,IBGE_2024
4121802,Ribeirão Claro,PR,625.874,1,jan,231.98272746967373,OK,1991,2020,30,CHIRPS_v2,UCSB-CHG/CHIRPS/DAILY,1991-2020,IBGE_2024
4121901,Ribeirão do Pinhal,PR,374.754,1,jan,214.0325631133039,OK,1991,2020,30,CHIRPS_v2,UCSB-CHG/CHIRPS/DAILY,1991-2020,IBGE_2024
4120705,Quatiguá,PR,112.567,1,jan,208.37626694815913,OK,1991,2020,30,CHIRPS_v2,UCSB-CHG/CHIRPS/DAILY,1991-2020,IBGE_2024
4112900,Jundiaí do Sul,PR,316.748,1,jan,218.03428748491103,OK,1991,2020,30,CHIRPS_v2,UCSB-CHG/CHIRPS/DAILY,1991-2020,IBGE_2024
4104709,Carlópolis,PR,454.169,1,jan,227.95262590945663,OK,1991,2020,30,CHIRPS_v2,UCSB-CHG/CHIRPS/DAILY,1991-2020,IBGE_2024
4112801,Joaquim Távora,PR,288.922,1,jan,207.39309007360234,OK,1991,2020,30,CHIRPS_v2,UCSB-CHG/CHIRPS/DAILY,1991-2020,IBGE_2024
4128500,Wenceslau Braz,PR,397.685,1,jan,212.72354364723012,OK,1991,2020,30,CHIRPS_v2,UCSB-CHG/CHIRPS/DAILY,1991-2020,IBGE_2024
4111803,Jacarezinho,PR,603.383,1,jan,237.08758308919337,OK,1991,2020,30,CHIRPS_v2,UCSB-CHG/CHIRPS/DAILY,1991-2020,IBGE_2024
4103602,Cambará,PR,367.462,1,jan,235.88889822133075,OK,1991,2020,30,CHIRPS_v2,UCSB-CHG/CHIRPS/DAILY,1991-2020,IBGE_2024
4127809,Tomazina,PR,591.939,1,jan,219.5885022305308,OK,1991,2020,30,CHIRPS_v2,UCSB-CHG/CHIRPS/DAILY,1991-2020,IBGE_2024
4102703,Barra do Jacaré,PR,115.855,1,jan,202.09070354594684,OK,1991,2020,30,CHIRPS_v2,UCSB-CHG/CHIRPS/DAILY,1991-2020,IBGE_2024
4126603,Siqueira Campos,PR,277.112,1,jan,214.15138203382975,OK,1991,2020,30,CHIRPS_v2,UCSB-CHG/CHIRPS/DAILY,1991-2020,IBGE_2024
4125407,São José da Boa Vista,PR,399.886,1,jan,222.47129007291426,OK,1991,2020,30,CHIRPS_v2,UCSB-CHG/CHIRPS/DAILY,1991-2020,IBGE_2024
4109005,Guapirama,PR,189.372,1,jan,215.30999823498246,OK,1991,2020,30,CHIRPS_v2,UCSB-CHG/CHIRPS/DAILY,1991-2020,IBGE_2024
4101101,Andirá,PR,234.635,1,jan,207.19612749800987,OK,1991,2020,30,CHIRPS_v2,UCSB-CHG/CHIRPS/DAILY,1991-2020,IBGE_2024
4100103,Abatiá,PR,227.923,1,jan,214.95655547822554,OK,1991,2020,30,CHIRPS_v2,UCSB-CHG/CHIRPS/DAILY,1991-2020,IBGE_2024
4124103,Santo Antônio da Platina,PR,720.385,1,jan,215.8111974782173,OK,1991,2020,30,CHIRPS_v2,UCSB-CHG/CHIRPS/DAILY,1991-2020,IBGE_2024
4124004,Santana do Itararé,PR,251.831,1,jan,221.73555124758414,OK,1991,2020,30,CHIRPS_v2,UCSB-CHG/CHIRPS/DAILY,1991-2020,IBGE_2024
4101408,Apucarana,PR,556.771,1,jan,216.37442941640472,OK,1991,2020,30,CHIRPS_v2,UCSB-CHG/CHIRPS/DAILY,1991-2020,IBGE_2024
4115507,Marumbi,PR,207.687,1,jan,204.77794037903865,OK,1991,2020,30,CHIRPS_v2,UCSB-CHG/CHIRPS/DAILY,1991-2020,IBGE_2024
4114906,Marilândia do Sul,PR,384.42,1,jan,221.04400939438656,OK,1991,2020,30,CHIRPS_v2,UCSB-CHG/CHIRPS/DAILY,1991-2020,IBGE_2024
4122107,Rio Bom,PR,177.836,1,jan,212.32393780574793,OK,1991,2020,30,CHIRPS_v2,UCSB-CHG/CHIRPS/DAILY,1991-2020,IBGE_2024
4113106,Kaloré,PR,194.081,1,jan,204.13673404090312,OK,1991,2020,30,CHIRPS_v2,UCSB-CHG/CHIRPS/DAILY,1991-2020,IBGE_2024
4112108,Jandaia do Sul,PR,188.103,1,jan,205.53672175866532,OK,1991,2020,30,CHIRPS_v2,UCSB-CHG/CHIRPS/DAILY,1991-2020,IBGE_2024
4103800,Cambira,PR,166.274,1,jan,210.71672749413173,OK,1991,2020,30,CHIRPS_v2,UCSB-CHG/CHIRPS/DAILY,1991-2020,IBGE_2024
4103305,Borrazópolis,PR,338.354,1,jan,205.3992620806206,OK,1991,2020,30,CHIRPS_v2,UCSB-CHG/CHIRPS/DAILY,1991-2020,IBGE_2024
4103503,Califórnia,PR,141.817,1,jan,221.85940995548916,OK,1991,2020,30,CHIRPS_v2,UCSB-CHG/CHIRPS/DAILY,1991-2020,IBGE_2024
4103206,Bom Sucesso,PR,321.56,1,jan,202.4074960386118,OK,1991,2020,30,CHIRPS_v2,UCSB-CHG/CHIRPS/DAILY,1991-2020,IBGE_2024
4125803,São Pedro do Ivaí,PR,323.213,1,jan,211.52814619805267,OK,1991,2020,30,CHIRPS_v2,UCSB-CHG/CHIRPS/DAILY,1991-2020,IBGE_2024
4117297,Novo Itacolomi,PR,159.639,1,jan,210.19885268857112,OK,1991,2020,30,CHIRPS_v2,UCSB-CHG/CHIRPS/DAILY,1991-2020,IBGE_2024
4115754,Mauá da Serra,PR,107.535,1,jan,229.6024445104753,OK,1991,2020,30,CHIRPS_v2,UCSB-CHG/CHIRPS/DAILY,1991-2020,IBGE_2024
4106407,Cornélio Procópio,PR,636.59,1,jan,212.074959734376,OK,1991,2020,30,CHIRPS_v2,UCSB-CHG/CHIRPS/DAILY,1991-2020,IBGE_2024
4123105,Santa Amélia,PR,77.849,1,jan,208.23197371336136,OK,1991,2020,30,CHIRPS_v2,UCSB-CHG/CHIRPS/DAILY,1991-2020,IBGE_2024
4123204,Santa Cecília do Pavão,PR,105.076,1,jan,228.62800091646443,OK,1991,2020,30,CHIRPS_v2,UCSB-CHG/CHIRPS/DAILY,1991-2020,IBGE_2024
4106001,Congonhinhas,PR,535.963,1,jan,218.7710679212876,OK,1991,2020,30,CHIRPS_v2,UCSB-CHG/CHIRPS/DAILY,1991-2020,IBGE_2024
4121307,Rancho Alegre,PR,167.646,1,jan,207.2958150345611,OK,1991,2020,30,CHIRPS_v2,UCSB-CHG/CHIRPS/DAILY,1991-2020,IBGE_2024
4113403,Leópolis,PR,344.918,1,jan,213.48655169995658,OK,1991,2020,30,CHIRPS_v2,UCSB-CHG/CHIRPS/DAILY,1991-2020,IBGE_2024
4128401,Uraí,PR,235.855,1,jan,214.47606250108672,OK,1991,2020,30,CHIRPS_v2,UCSB-CHG/CHIRPS/DAILY,1991-2020,IBGE_2024
4111001,Itambaracá,PR,207.342,1,jan,215.4844922868347,OK,1991,2020,30,CHIRPS_v2,UCSB-CHG/CHIRPS/DAILY,1991-2020,IBGE_2024
4102406,Bandeirantes,PR,445.192,1,jan,206.86741177525548,OK,1991,2020,30,CHIRPS_v2,UCSB-CHG/CHIRPS/DAILY,1991-2020,IBGE_2024
4126405,Sertaneja,PR,444.492,1,jan,212.02896115666096,OK,1991,2020,30,CHIRPS_v2,UCSB-CHG/CHIRPS/DAILY,1991-2020,IBGE_2024
4126009,São Sebastião da Amoreira,PR,226.872,1,jan,220.6570189968901,OK,1991,2020,30,CHIRPS_v2,UCSB-CHG/CHIRPS/DAILY,1991-2020,IBGE_2024
4126207,Sapopema,PR,677.588,1,jan,224.6365739643048,OK,1991,2020,30,CHIRPS_v2,UCSB-CHG/CHIRPS/DAILY,1991-2020,IBGE_2024
4117214,Nova Santa Bárbara,PR,80.783,1,jan,232.53925363255598,OK,1991,2020,30,CHIRPS_v2,UCSB-CHG/CHIRPS/DAILY,1991-2020,IBGE_2024
4116604,Nova América da Colina,PR,129.476,1,jan,216.56218774704362,OK,1991,2020,30,CHIRPS_v2,UCSB-CHG/CHIRPS/DAILY,1991-2020,IBGE_2024
4117008,Nova Fátima,PR,283.423,1,jan,204.3124655894437,OK,1991,2020,30,CHIRPS_v2,UCSB-CHG/CHIRPS/DAILY,1991-2020,IBGE_2024
4124301,Santo Antônio do Paraíso,PR,162.647,1,jan,224.52084940974095,OK,1991,2020,30,CHIRPS_v2,UCSB-CHG/CHIRPS/DAILY,1991-2020,IBGE_2024
4124707,São Jerônimo da Serra,PR,824.268,1,jan,238.07942718682116,OK,1991,2020,30,CHIRPS_v2,UCSB-CHG/CHIRPS/DAILY,1991-2020,IBGE_2024
4123907,Santa Mariana,PR,425.703,1,jan,211.46354361268033,OK,1991,2020,30,CHIRPS_v2,UCSB-CHG/CHIRPS/DAILY,1991-2020,IBGE_2024
4114500,Manoel Ribas,PR,571.451,1,jan,207.67402810273651,OK,1991,2020,30,CHIRPS_v2,UCSB-CHG/CHIRPS/DAILY,1991-2020,IBGE_2024
4122651,Rosário do Ivaí,PR,377.625,1,jan,215.81349109176443,OK,1991,2020,30,CHIRPS_v2,UCSB-CHG/CHIRPS/DAILY,1991-2020,IBGE_2024
4122172,Rio Branco do Ivaí,PR,378.04,1,jan,220.34848321582626,OK,1991,2020,30,CHIRPS_v2,UCSB-CHG/CHIRPS/DAILY,1991-2020,IBGE_2024
4113759,Lunardelli,PR,191.062,1,jan,213.33182608990296,OK,1991,2020,30,CHIRPS_v2,UCSB-CHG/CHIRPS/DAILY,1991-2020,IBGE_2024
4113429,Lidianópolis,PR,151.779,1,jan,211.49339073783915,OK,1991,2020,30,CHIRPS_v2,UCSB-CHG/CHIRPS/DAILY,1991-2020,IBGE_2024
4104402,Cândido de Abreu,PR,1506.15,1,jan,206.75851413701048,OK,1991,2020,30,CHIRPS_v2,UCSB-CHG/CHIRPS/DAILY,1991-2020,IBGE_2024
4112504,Jardim Alegre,PR,425.371,1,jan,218.1321354361042,OK,1991,2020,30,CHIRPS_v2,UCSB-CHG/CHIRPS/DAILY,1991-2020,IBGE_2024
4111506,Ivaiporã,PR,436.378,1,jan,213.93113015022047,OK,1991,2020,30,CHIRPS_v2,UCSB-CHG/CHIRPS/DAILY,1991-2020,IBGE_2024
4101853,Ariranha do Ivaí,PR,236.039,1,jan,216.4868669377943,OK,1991,2020,30,CHIRPS_v2,UCSB-CHG/CHIRPS/DAILY,1991-2020,IBGE_2024
4101655,Arapuã,PR,217.599,1,jan,226.73313640267483,OK,1991,2020,30,CHIRPS_v2,UCSB-CHG/CHIRPS/DAILY,1991-2020,IBGE_2024
4108551,Godoy Moreira,PR,126.956,1,jan,219.33451531908915,OK,1991,2020,30,CHIRPS_v2,UCSB-CHG/CHIRPS/DAILY,1991-2020,IBGE_2024
4125001,São João do Ivaí,PR,351.885,1,jan,212.96709124047368,OK,1991,2020,30,CHIRPS_v2,UCSB-CHG/CHIRPS/DAILY,1991-2020,IBGE_2024
4108700,Grandes Rios,PR,311.512,1,jan,210.92004967833503,OK,1991,2020,30,CHIRPS_v2,UCSB-CHG/CHIRPS/DAILY,1991-2020,IBGE_2024
4107603,Faxinal,PR,716.804,1,jan,217.98559113372508,OK,1991,2020,30,CHIRPS_v2,UCSB-CHG/CHIRPS/DAILY,1991-2020,IBGE_2024
4106852,Cruzmaltina,PR,306.237,1,jan,207.9643625116428,OK,1991,2020,30,CHIRPS_v2,UCSB-CHG/CHIRPS/DAILY,1991-2020,IBGE_2024
4106100,Conselheiro Mairinck,PR,204.443,1,jan,219.4110574713479,OK,1991,2020,30,CHIRPS_v2,UCSB-CHG/CHIRPS/DAILY,1991-2020,IBGE_2024
4112306,Japira,PR,189.291,1,jan,222.42466069616054,OK,1991,2020,30,CHIRPS_v2,UCSB-CHG/CHIRPS/DAILY,1991-2020,IBGE_2024
4111704,Jaboti,PR,139.217,1,jan,225.64963158855656,OK,1991,2020,30,CHIRPS_v2,UCSB-CHG/CHIRPS/DAILY,1991-2020,IBGE_2024
4119202,Pinhalão,PR,220.049,1,jan,223.5183014256093,OK,1991,2020,30,CHIRPS_v2,UCSB-CHG/CHIRPS/DAILY,1991-2020,IBGE_2024
4109708,Ibaiti,PR,902.797,1,jan,224.8304823192079,OK,1991,2020,30,CHIRPS_v2,UCSB-CHG/CHIRPS/DAILY,1991-2020,IBGE_2024
4107751,Figueira,PR,129.769,1,jan,222.57915045894174,OK,1991,2020,30,CHIRPS_v2,UCSB-CHG/CHIRPS/DAILY,1991-2020,IBGE_2024
4104659,Carambeí,PR,647.021,1,jan,194.6976019129084,OK,1991,2020,30,CHIRPS_v2,UCSB-CHG/CHIRPS/DAILY,1991-2020,IBGE_2024
4119905,Ponta Grossa,PR,2044.902,1,jan,196.05817795197555,OK,1991,2020,30,CHIRPS_v2,UCSB-CHG/CHIRPS/DAILY,1991-2020,IBGE_2024
4104907,Castro,PR,2526.498,1,jan,212.54167355963565,OK,1991,2020,30,CHIRPS_v2,UCSB-CHG/CHIRPS/DAILY,1991-2020,IBGE_2024
4112009,Jaguariaíva,PR,1443.264,1,jan,236.71549467590407,OK,1991,2020,30,CHIRPS_v2,UCSB-CHG/CHIRPS/DAILY,1991-2020,IBGE_2024
4120101,Porto Amazonas,PR,186.581,1,jan,186.57281752410879,OK,1991,2020,30,CHIRPS_v2,UCSB-CHG/CHIRPS/DAILY,1991-2020,IBGE_2024
4111407,Ivaí,PR,600.209,1,jan,200.65637290687218,OK,1991,2020,30,CHIRPS_v2,UCSB-CHG/CHIRPS/DAILY,1991-2020,IBGE_2024
4119400,Piraí do Sul,PR,1349.154,1,jan,224.12996579884864,OK,1991,2020,30,CHIRPS_v2,UCSB-CHG/CHIRPS/DAILY,1991-2020,IBGE_2024
4110508,Ipiranga,PR,902.385,1,jan,194.99843195404767,OK,1991,2020,30,CHIRPS_v2,UCSB-CHG/CHIRPS/DAILY,1991-2020,IBGE_2024
4126306,Sengés,PR,1438.17,1,jan,232.38598185196545,OK,1991,2020,30,CHIRPS_v2,UCSB-CHG/CHIRPS/DAILY,1991-2020,IBGE_2024
4117701,Palmeira,PR,1473.233,1,jan,195.11546478054353,OK,1991,2020,30,CHIRPS_v2,UCSB-CHG/CHIRPS/DAILY,1991-2020,IBGE_2024
4101606,Arapoti,PR,1363.843,1,jan,229.19050658994658,OK,1991,2020,30,CHIRPS_v2,UCSB-CHG/CHIRPS/DAILY,1991-2020,IBGE_2024
4125100,São João do Triunfo,PR,718.68,1,jan,198.6906543492034,OK,1991,2020,30,CHIRPS_v2,UCSB-CHG/CHIRPS/DAILY,1991-2020,IBGE_2024
4121703,Reserva,PR,1646.103,1,jan,211.6056038681735,OK,1991,2020,30,CHIRPS_v2,UCSB-CHG/CHIRPS/DAILY,1991-2020,IBGE_2024
4128534,Ventania,PR,819.334,1,jan,226.1029247419975,OK,1991,2020,30,CHIRPS_v2,UCSB-CHG/CHIRPS/DAILY,1991-2020,IBGE_2024
4127502,Tibagi,PR,2996.47,1,jan,197.71675594052834,OK,1991,2020,30,CHIRPS_v2,UCSB-CHG/CHIRPS/DAILY,1991-2020,IBGE_2024
4127106,Telêmaco Borba,PR,1379.02,1,jan,210.40329958971475,OK,1991,2020,30,CHIRPS_v2,UCSB-CHG/CHIRPS/DAILY,1991-2020,IBGE_2024
4110078,Imbaú,PR,331.94,1,jan,215.6617954146208,OK,1991,2020,30,CHIRPS_v2,UCSB-CHG/CHIRPS/DAILY,1991-2020,IBGE_2024
4117305,Ortigueira,PR,2431.67,1,jan,221.62165001735548,OK,1991,2020,30,CHIRPS_v2,UCSB-CHG/CHIRPS/DAILY,1991-2020,IBGE_2024
4107009,Curiúva,PR,576.263,1,jan,221.67415303712835,OK,1991,2020,30,CHIRPS_v2,UCSB-CHG/CHIRPS/DAILY,1991-2020,IBGE_2024
4113908,Mallet,PR,758.509,1,jan,189.72245437726892,OK,1991,2020,30,CHIRPS_v2,UCSB-CHG/CHIRPS/DAILY,1991-2020,IBGE_2024
4122008,Rio Azul,PR,596.17,1,jan,193.06086865285366,OK,1991,2020,30,CHIRPS_v2,UCSB-CHG/CHIRPS/DAILY,1991-2020,IBGE_2024
4121505,Rebouças,PR,485.184,1,jan,192.96171743502873,OK,1991,2020,30,CHIRPS_v2,UCSB-CHG/CHIRPS/DAILY,1991-2020,IBGE_2024
4127007,Teixeira Soares,PR,902.334,1,jan,201.52676817495583,OK,1991,2020,30,CHIRPS_v2,UCSB-CHG/CHIRPS/DAILY,1991-2020,IBGE_2024
4110706,Irati,PR,1000.188,1,jan,195.21787730270432,OK,1991,2020,30,CHIRPS_v2,UCSB-CHG/CHIRPS/DAILY,1991-2020,IBGE_2024
4110102,Imbituva,PR,758.099,1,jan,195.19044347294118,OK,1991,2020,30,CHIRPS_v2,UCSB-CHG/CHIRPS/DAILY,1991-2020,IBGE_2024
4107736,Fernandes Pinheiro,PR,405.489,1,jan,190.82008621462234,OK,1991,2020,30,CHIRPS_v2,UCSB-CHG/CHIRPS/DAILY,1991-2020,IBGE_2024
4201109,Anitápolis,SC,540.636,1,jan,228.27730092612103,OK,1991,2020,30,CHIRPS_v2,UCSB-CHG/CHIRPS/DAILY,1991-2020,IBGE_2024
4200705,Alfredo Wagner,SC,733.489,1,jan,199.29233423590995,OK,1991,2020,30,CHIRPS_v2,UCSB-CHG/CHIRPS/DAILY,1991-2020,IBGE_2024
4200903,Angelina,SC,499.998,1,jan,224.71681862261576,OK,1991,2020,30,CHIRPS_v2,UCSB-CHG/CHIRPS/DAILY,1991-2020,IBGE_2024
4215901,São Bonifácio,SC,461.438,1,jan,239.23775860413699,OK,1991,2020,30,CHIRPS_v2,UCSB-CHG/CHIRPS/DAILY,1991-2020,IBGE_2024
4207304,Imbituba,SC,181.577,1,jan,196.0445811734085,OK,1991,2020,30,CHIRPS_v2,UCSB-CHG/CHIRPS/DAILY,1991-2020,IBGE_2024
4205704,Garopaba,SC,114.773,1,jan,219.13301406273587,OK,1991,2020,30,CHIRPS_v2,UCSB-CHG/CHIRPS/DAILY,1991-2020,IBGE_2024
4214300,Rancho Queimado,SC,286.461,1,jan,230.13874176619038,OK,1991,2020,30,CHIRPS_v2,UCSB-CHG/CHIRPS/DAILY,1991-2020,IBGE_2024
4205407,Florianópolis,SC,674.844,1,jan,221.6611603311198,OK,1991,2020,30,CHIRPS_v2,UCSB-CHG/CHIRPS/DAILY,1991-2020,IBGE_2024
4212304,Paulo Lopes,SC,446.165,1,jan,245.8584769509831,OK,1991,2020,30,CHIRPS_v2,UCSB-CHG/CHIRPS/DAILY,1991-2020,IBGE_2024
4211900,Palhoça,SC,394.85,1,jan,267.4521902073536,OK,1991,2020,30,CHIRPS_v2,UCSB-CHG/CHIRPS/DAILY,1991-2020,IBGE_2024
4202305,Biguaçu,SC,365.755,1,jan,226.66635957829465,OK,1991,2020,30,CHIRPS_v2,UCSB-CHG/CHIRPS/DAILY,1991-2020,IBGE_2024
4201208,Antônio Carlos,SC,234.422,1,jan,234.17704184295567,OK,1991,2020,30,CHIRPS_v2,UCSB-CHG/CHIRPS/DAILY,1991-2020,IBGE_2024
4200606,Águas Mornas,SC,326.66,1,jan,247.11189916524611,OK,1991,2020,30,CHIRPS_v2,UCSB-CHG/CHIRPS/DAILY,1991-2020,IBGE_2024
4217253,São Pedro de Alcântara,SC,139.196,1,jan,242.26160645973772,OK,1991,2020,30,CHIRPS_v2,UCSB-CHG/CHIRPS/DAILY,1991-2020,IBGE_2024
4216602,São José,SC,150.499,1,jan,231.3296627632201,OK,1991,2020,30,CHIRPS_v2,UCSB-CHG/CHIRPS/DAILY,1991-2020,IBGE_2024
4215703,Santo Amaro da Imperatriz,SC,344.236,1,jan,275.2749359954613,OK,1991,2020,30,CHIRPS_v2,UCSB-CHG/CHIRPS/DAILY,1991-2020,IBGE_2024
4206009,Governador Celso Ramos,SC,127.556,1,jan,225.26219133995912,OK,1991,2020,30,CHIRPS_v2,UCSB-CHG/CHIRPS/DAILY,1991-2020,IBGE_2024
4211702,Orleans,SC,549.859,1,jan,205.06473228264977,OK,1991,2020,30,CHIRPS_v2,UCSB-CHG/CHIRPS/DAILY,1991-2020,IBGE_2024
4209607,Lauro Müller,SC,271.852,1,jan,206.58799469537408,OK,1991,2020,30,CHIRPS_v2,UCSB-CHG/CHIRPS/DAILY,1991-2020,IBGE_2024
4205456,Forquilhinha,SC,183.351,1,jan,198.79521889111692,OK,1991,2020,30,CHIRPS_v2,UCSB-CHG/CHIRPS/DAILY,1991-2020,IBGE_2024
4204251,Cocal do Sul,SC,70.965,1,jan,211.438845534237,OK,1991,2020,30,CHIRPS_v2,UCSB-CHG/CHIRPS/DAILY,1991-2020,IBGE_2024
4204608,Criciúma,SC,234.794,1,jan,196.7539900265225,OK,1991,2020,30,CHIRPS_v2,UCSB-CHG/CHIRPS/DAILY,1991-2020,IBGE_2024
4220000,Balneário Rincão,SC,63.512,1,jan,184.8045480793021,OK,1991,2020,30,CHIRPS_v2,UCSB-CHG/CHIRPS/DAILY,1991-2020,IBGE_2024
4211603,Nova Veneza,SC,295.063,1,jan,205.13172203007454,OK,1991,2020,30,CHIRPS_v2,UCSB-CHG/CHIRPS/DAILY,1991-2020,IBGE_2024
4219002,Urussanga,SC,254.954,1,jan,216.68084109435748,OK,1991,2020,30,CHIRPS_v2,UCSB-CHG/CHIRPS/DAILY,1991-2020,IBGE_2024
4211256,Morro Grande,SC,260.143,1,jan,205.94831747058052,OK,1991,2020,30,CHIRPS_v2,UCSB-CHG/CHIRPS/DAILY,1991-2020,IBGE_2024
4211207,Morro da Fumaça,SC,82.878,1,jan,206.22005827499626,OK,1991,2020,30,CHIRPS_v2,UCSB-CHG/CHIRPS/DAILY,1991-2020,IBGE_2024
4218350,Treviso,SC,156.61,1,jan,209.92667390824658,OK,1991,2020,30,CHIRPS_v2,UCSB-CHG/CHIRPS/DAILY,1991-2020,IBGE_2024
4217600,Siderópolis,SC,262.002,1,jan,208.08570127393165,OK,1991,2020,30,CHIRPS_v2,UCSB-CHG/CHIRPS/DAILY,1991-2020,IBGE_2024
4207007,Içara,SC,230.487,1,jan,193.38003675315954,OK,1991,2020,30,CHIRPS_v2,UCSB-CHG/CHIRPS/DAILY,1991-2020,IBGE_2024
4212650,Pescaria Brava,SC,106.853,1,jan,178.49140081229692,OK,1991,2020,30,CHIRPS_v2,UCSB-CHG/CHIRPS/DAILY,1991-2020,IBGE_2024
4203956,Capivari de Baixo,SC,53.222,1,jan,183.0936891469067,OK,1991,2020,30,CHIRPS_v2,UCSB-CHG/CHIRPS/DAILY,1991-2020,IBGE_2024
4218707,Tubarão,SC,301.485,1,jan,191.42701558060094,OK,1991,2020,30,CHIRPS_v2,UCSB-CHG/CHIRPS/DAILY,1991-2020,IBGE_2024
4209409,Laguna,SC,333.259,1,jan,161.1623418003589,OK,1991,2020,30,CHIRPS_v2,UCSB-CHG/CHIRPS/DAILY,1991-2020,IBGE_2024
4206207,Gravatal,SC,165.718,1,jan,194.34659439454458,OK,1991,2020,30,CHIRPS_v2,UCSB-CHG/CHIRPS/DAILY,1991-2020,IBGE_2024
4212403,Pedras Grandes,SC,159.892,1,jan,213.65790549814898,OK,1991,2020,30,CHIRPS_v2,UCSB-CHG/CHIRPS/DAILY,1991-2020,IBGE_2024
4202800,Braço do Norte,SC,212.045,1,jan,211.57467950400112,OK,1991,2020,30,CHIRPS_v2,UCSB-CHG/CHIRPS/DAILY,1991-2020,IBGE_2024
4218400,Treze de Maio,SC,159.833,1,jan,206.19296667798443,OK,1991,2020,30,CHIRPS_v2,UCSB-CHG/CHIRPS/DAILY,1991-2020,IBGE_2024
4201505,Armazém,SC,173.958,1,jan,204.71681453957174,OK,1991,2020,30,CHIRPS_v2,UCSB-CHG/CHIRPS/DAILY,1991-2020,IBGE_2024
4217105,São Martinho,SC,224.566,1,jan,220.34257691588317,OK,1991,2020,30,CHIRPS_v2,UCSB-CHG/CHIRPS/DAILY,1991-2020,IBGE_2024
4217006,São Ludgero,SC,106.765,1,jan,207.1020857674378,OK,1991,2020,30,CHIRPS_v2,UCSB-CHG/CHIRPS/DAILY,1991-2020,IBGE_2024
4208807,Jaguaruna,SC,326.362,1,jan,184.7512555721717,OK,1991,2020,30,CHIRPS_v2,UCSB-CHG/CHIRPS/DAILY,1991-2020,IBGE_2024
4215604,Santa Rosa de Lima,SC,203.218,1,jan,224.80366465334248,OK,1991,2020,30,CHIRPS_v2,UCSB-CHG/CHIRPS/DAILY,1991-2020,IBGE_2024
4207205,Imaruí,SC,542.238,1,jan,195.05766744182756,OK,1991,2020,30,CHIRPS_v2,UCSB-CHG/CHIRPS/DAILY,1991-2020,IBGE_2024
4215455,Sangão,SC,82.984,1,jan,195.1958276030302,OK,1991,2020,30,CHIRPS_v2,UCSB-CHG/CHIRPS/DAILY,1991-2020,IBGE_2024
4214904,Rio Fortuna,SC,302.39,1,jan,220.84492851956782,OK,1991,2020,30,CHIRPS_v2,UCSB-CHG/CHIRPS/DAILY,1991-2020,IBGE_2024
4206108,Grão-Pará,SC,334.362,1,jan,208.10385860330362,OK,1991,2020,30,CHIRPS_v2,UCSB-CHG/CHIRPS/DAILY,1991-2020,IBGE_2024
4212254,Passo de Torres,SC,92.638,1,jan,153.32574160485558,OK,1991,2020,30,CHIRPS_v2,UCSB-CHG/CHIRPS/DAILY,1991-2020,IBGE_2024
4210803,Meleiro,SC,186.439,1,jan,202.04474595310518,OK,1991,2020,30,CHIRPS_v2,UCSB-CHG/CHIRPS/DAILY,1991-2020,IBGE_2024
4210407,Maracajá,SC,62.901,1,jan,189.5524570135256,OK,1991,2020,30,CHIRPS_v2,UCSB-CHG/CHIRPS/DAILY,1991-2020,IBGE_2024
4202073,Balneário Gaivota,SC,146.486,1,jan,165.8664976346691,OK,1991,2020,30,CHIRPS_v2,UCSB-CHG/CHIRPS/DAILY,1991-2020,IBGE_2024
4218806,Turvo,SC,235.104,1,jan,196.24198142760022,OK,1991,2020,30,CHIRPS_v2,UCSB-CHG/CHIRPS/DAILY,1991-2020,IBGE_2024
4218103,Timbé do Sul,SC,328.507,1,jan,203.32547788675421,OK,1991,2020,30,CHIRPS_v2,UCSB-CHG/CHIRPS/DAILY,1991-2020,IBGE_2024
4201950,Balneário Arroio do Silva,SC,94.662,1,jan,177.12610461369312,OK,1991,2020,30,CHIRPS_v2,UCSB-CHG/CHIRPS/DAILY,1991-2020,IBGE_2024
4217709,Sombrio,SC,143.428,1,jan,178.18315991297277,OK,1991,2020,30,CHIRPS_v2,UCSB-CHG/CHIRPS/DAILY,1991-2020,IBGE_2024
4201406,Araranguá,SC,302.003,1,jan,183.6536866032549,OK,1991,2020,30,CHIRPS_v2,UCSB-CHG/CHIRPS/DAILY,1991-2020,IBGE_2024
4216404,São João do Sul,SC,184.375,1,jan,167.32146310589528,OK,1991,2020,30,CHIRPS_v2,UCSB-CHG/CHIRPS/DAILY,1991-2020,IBGE_2024
4208708,Jacinto Machado,SC,430.704,1,jan,195.34165465566747,OK,1991,2020,30,CHIRPS_v2,UCSB-CHG/CHIRPS/DAILY,1991-2020,IBGE_2024
4215653,Santa Rosa do Sul,SC,150.299,1,jan,173.44400831729686,OK,1991,2020,30,CHIRPS_v2,UCSB-CHG/CHIRPS/DAILY,1991-2020,IBGE_2024
4205191,Ermo,SC,65.144,1,jan,187.9373529115279,OK,1991,2020,30,CHIRPS_v2,UCSB-CHG/CHIRPS/DAILY,1991-2020,IBGE_2024
4213807,Praia Grande,SC,284.36,1,jan,190.80187414340625,OK,1991,2020,30,CHIRPS_v2,UCSB-CHG/CHIRPS/DAILY,1991-2020,IBGE_2024
4209300,Lages,SC,2637.66,1,jan,176.9694485068526,OK,1991,2020,30,CHIRPS_v2,UCSB-CHG/CHIRPS/DAILY,1991-2020,IBGE_2024
4213302,Ponte Alta,SC,575.17,1,jan,190.79398041195378,OK,1991,2020,30,CHIRPS_v2,UCSB-CHG/CHIRPS/DAILY,1991-2020,IBGE_2024
4204178,Cerro Negro,SC,418.544,1,jan,189.05613994816812,OK,1991,2020,30,CHIRPS_v2,UCSB-CHG/CHIRPS/DAILY,1991-2020,IBGE_2024
4204558,Correia Pinto,SC,647.388,1,jan,184.35407630900232,OK,1991,2020,30,CHIRPS_v2,UCSB-CHG/CHIRPS/DAILY,1991-2020,IBGE_2024
4211892,Painel,SC,738.331,1,jan,183.59265515868844,OK,1991,2020,30,CHIRPS_v2,UCSB-CHG/CHIRPS/DAILY,1991-2020,IBGE_2024
4212056,Palmeira,SC,289.097,1,jan,186.30170172600256,OK,1991,2020,30,CHIRPS_v2,UCSB-CHG/CHIRPS/DAILY,1991-2020,IBGE_2024
4203253,Capão Alto,SC,1331.962,1,jan,179.9226224446284,OK,1991,2020,30,CHIRPS_v2,UCSB-CHG/CHIRPS/DAILY,1991-2020,IBGE_2024
4211751,Otacílio Costa,SC,847.253,1,jan,188.5708618255071,OK,1991,2020,30,CHIRPS_v2,UCSB-CHG/CHIRPS/DAILY,1991-2020,IBGE_2024
4203402,Campo Belo do Sul,SC,1025.638,1,jan,186.92841866937235,OK,1991,2020,30,CHIRPS_v2,UCSB-CHG/CHIRPS/DAILY,1991-2020,IBGE_2024
4218954,Urupema,SC,350.472,1,jan,183.77133932662096,OK,1991,2020,30,CHIRPS_v2,UCSB-CHG/CHIRPS/DAILY,1991-2020,IBGE_2024
4202602,Bom Retiro,SC,1057.034,1,jan,184.9764518614154,OK,1991,2020,30,CHIRPS_v2,UCSB-CHG/CHIRPS/DAILY,1991-2020,IBGE_2024
4218905,Urubici,SC,1021.371,1,jan,184.39707963379928,OK,1991,2020,30,CHIRPS_v2,UCSB-CHG/CHIRPS/DAILY,1991-2020,IBGE_2024
4202503,Bom Jardim da Serra,SC,938.524,1,jan,196.89960264073395,OK,1991,2020,30,CHIRPS_v2,UCSB-CHG/CHIRPS/DAILY,1991-2020,IBGE_2024
4202438,Bocaina do Sul,SC,510.673,1,jan,184.3635573698689,OK,1991,2020,30,CHIRPS_v2,UCSB-CHG/CHIRPS/DAILY,1991-2020,IBGE_2024
4201000,Anita Garibaldi,SC,589.812,1,jan,191.16903686771568,OK,1991,2020,30,CHIRPS_v2,UCSB-CHG/CHIRPS/DAILY,1991-2020,IBGE_2024
4216503,São Joaquim,SC,1888.627,1,jan,183.6025759275546,OK,1991,2020,30,CHIRPS_v2,UCSB-CHG/CHIRPS/DAILY,1991-2020,IBGE_2024
4216800,São José do Cerrito,SC,948.714,1,jan,188.68072930866202,OK,1991,2020,30,CHIRPS_v2,UCSB-CHG/CHIRPS/DAILY,1991-2020,IBGE_2024
4215059,Rio Rufino,SC,282.571,1,jan,182.17683014008412,OK,1991,2020,30,CHIRPS_v2,UCSB-CHG/CHIRPS/DAILY,1991-2020,IBGE_2024
4204806,Curitibanos,SC,949.994,1,jan,189.9632802781123,OK,1991,2020,30,CHIRPS_v2,UCSB-CHG/CHIRPS/DAILY,1991-2020,IBGE_2024
4202875,Brunópolis,SC,336.439,1,jan,190.84887926137782,OK,1991,2020,30,CHIRPS_v2,UCSB-CHG/CHIRPS/DAILY,1991-2020,IBGE_2024
4216057,São Cristóvão do Sul,SC,345.902,1,jan,188.51219959462162,OK,1991,2020,30,CHIRPS_v2,UCSB-CHG/CHIRPS/DAILY,1991-2020,IBGE_2024
4215505,Santa Cecília,SC,1145.716,1,jan,185.68834210296455,OK,1991,2020,30,CHIRPS_v2,UCSB-CHG/CHIRPS/DAILY,1991-2020,IBGE_2024
4213351,Ponte Alta do Norte,SC,396.882,1,jan,194.0371541206276,OK,1991,2020,30,CHIRPS_v2,UCSB-CHG/CHIRPS/DAILY,1991-2020,IBGE_2024
4205555,Frei Rogério,SC,158.775,1,jan,190.9076212608331,OK,1991,2020,30,CHIRPS_v2,UCSB-CHG/CHIRPS/DAILY,1991-2020,IBGE_2024
4204350,Cordilheira Alta,SC,85.276,1,jan,189.9601152660026,OK,1991,2020,30,CHIRPS_v2,UCSB-CHG/CHIRPS/DAILY,1991-2020,IBGE_2024
4204202,Chapecó,SC,624.673,1,jan,178.56923257656632,OK,1991,2020,30,CHIRPS_v2,UCSB-CHG/CHIRPS/DAILY,1991-2020,IBGE_2024
4206652,Guatambú,SC,206.196,1,jan,184.3505747136533,OK,1991,2020,30,CHIRPS_v2,UCSB-CHG/CHIRPS/DAILY,1991-2020,IBGE_2024
4205431,Formosa do Sul,SC,100.408,1,jan,198.84119514773772,OK,1991,2020,30,CHIRPS_v2,UCSB-CHG/CHIRPS/DAILY,1991-2020,IBGE_2024
4204756,Cunhataí,SC,54.811,1,jan,200.59272538230803,OK,1991,2020,30,CHIRPS_v2,UCSB-CHG/CHIRPS/DAILY,1991-2020,IBGE_2024
4212908,Pinhalzinho,SC,128.726,1,jan,196.8451596011376,OK,1991,2020,30,CHIRPS_v2,UCSB-CHG/CHIRPS/DAILY,1991-2020,IBGE_2024
4213153,Planalto Alegre,SC,63.1,1,jan,189.72076347088526,OK,1991,2020,30,CHIRPS_v2,UCSB-CHG/CHIRPS/DAILY,1991-2020,IBGE_2024
4204103,Caxambu do Sul,SC,140.873,1,jan,186.48994081813865,OK,1991,2020,30,CHIRPS_v2,UCSB-CHG/CHIRPS/DAILY,1991-2020,IBGE_2024
4204400,Coronel Freitas,SC,232.47,1,jan,189.98089207467734,OK,1991,2020,30,CHIRPS_v2,UCSB-CHG/CHIRPS/DAILY,1991-2020,IBGE_2024
4211876,Paial,SC,86.049,1,jan,182.77193993990946,OK,1991,2020,30,CHIRPS_v2,UCSB-CHG/CHIRPS/DAILY,1991-2020,IBGE_2024
4212106,Palmitos,SC,351.051,1,jan,180.62864857029453,OK,1991,2020,30,CHIRPS_v2,UCSB-CHG/CHIRPS/DAILY,1991-2020,IBGE_2024
4211454,Nova Itaberaba,SC,137.069,1,jan,188.52494440829483,OK,1991,2020,30,CHIRPS_v2,UCSB-CHG/CHIRPS/DAILY,1991-2020,IBGE_2024
4211405,Nova Erechim,SC,65.087,1,jan,190.1654442809347,OK,1991,2020,30,CHIRPS_v2,UCSB-CHG/CHIRPS/DAILY,1991-2020,IBGE_2024
4219705,Xaxim,SC,293.628,1,jan,201.06324500349388,OK,1991,2020,30,CHIRPS_v2,UCSB-CHG/CHIRPS/DAILY,1991-2020,IBGE_2024
4203105,Caibi,SC,173.079,1,jan,189.56300035430488,OK,1991,2020,30,CHIRPS_v2,UCSB-CHG/CHIRPS/DAILY,1991-2020,IBGE_2024
4210902,Modelo,SC,92.346,1,jan,199.53960057319551,OK,1991,2020,30,CHIRPS_v2,UCSB-CHG/CHIRPS/DAILY,1991-2020,IBGE_2024
4211009,Mondaí,SC,200.275,1,jan,188.4803565877474,OK,1991,2020,30,CHIRPS_v2,UCSB-CHG/CHIRPS/DAILY,1991-2020,IBGE_2024
4218855,União do Oeste,SC,92.857,1,jan,193.17837233643436,OK,1991,2020,30,CHIRPS_v2,UCSB-CHG/CHIRPS/DAILY,1991-2020,IBGE_2024
4210555,Marema,SC,104.184,1,jan,197.91710209784253,OK,1991,2020,30,CHIRPS_v2,UCSB-CHG/CHIRPS/DAILY,1991-2020,IBGE_2024
4201653,Arvoredo,SC,90.503,1,jan,195.05665667676223,OK,1991,2020,30,CHIRPS_v2,UCSB-CHG/CHIRPS/DAILY,1991-2020,IBGE_2024
4217550,Serra Alta,SC,90.564,1,jan,195.91166264189965,OK,1991,2020,30,CHIRPS_v2,UCSB-CHG/CHIRPS/DAILY,1991-2020,IBGE_2024
4209458,Lajeado Grande,SC,65.348,1,jan,210.00706953007315,OK,1991,2020,30,CHIRPS_v2,UCSB-CHG/CHIRPS/DAILY,1991-2020,IBGE_2024
4217758,Sul Brasil,SC,113.125,1,jan,195.6291492439085,OK,1991,2020,30,CHIRPS_v2,UCSB-CHG/CHIRPS/DAILY,1991-2020,IBGE_2024
4208955,Jardinópolis,SC,68.499,1,jan,195.24211088020968,OK,1991,2020,30,CHIRPS_v2,UCSB-CHG/CHIRPS/DAILY,1991-2020,IBGE_2024
4200556,Águas Frias,SC,76.631,1,jan,190.1620300433044,OK,1991,2020,30,CHIRPS_v2,UCSB-CHG/CHIRPS/DAILY,1991-2020,IBGE_2024
4217303,Saudades,SC,205.78,1,jan,199.25099591758092,OK,1991,2020,30,CHIRPS_v2,UCSB-CHG/CHIRPS/DAILY,1991-2020,IBGE_2024
4200507,Águas de Chapecó,SC,139.511,1,jan,187.72096734298262,OK,1991,2020,30,CHIRPS_v2,UCSB-CHG/CHIRPS/DAILY,1991-2020,IBGE_2024
4207858,Irati,SC,77.912,1,jan,197.02690129896146,OK,1991,2020,30,CHIRPS_v2,UCSB-CHG/CHIRPS/DAILY,1991-2020,IBGE_2024
4216008,São Carlos,SC,162.12,1,jan,189.27073954314608,OK,1991,2020,30,CHIRPS_v2,UCSB-CHG/CHIRPS/DAILY,1991-2020,IBGE_2024
4215695,Santiago do Sul,SC,73.335,1,jan,196.20251281320273,OK,1991,2020,30,CHIRPS_v2,UCSB-CHG/CHIRPS/DAILY,1991-2020,IBGE_2024
4215075,Riqueza,SC,191.061,1,jan,192.32736105553477,OK,1991,2020,30,CHIRPS_v2,UCSB-CHG/CHIRPS/DAILY,1991-2020,IBGE_2024
4214201,Quilombo,SC,278.983,1,jan,194.7823668460874,OK,1991,2020,30,CHIRPS_v2,UCSB-CHG/CHIRPS/DAILY,1991-2020,IBGE_2024
4204152,Celso Ramos,SC,208.391,1,jan,187.78547887824493,OK,1991,2020,30,CHIRPS_v2,UCSB-CHG/CHIRPS/DAILY,1991-2020,IBGE_2024
4211801,Ouro,SC,213.543,1,jan,180.86692076051241,OK,1991,2020,30,CHIRPS_v2,UCSB-CHG/CHIRPS/DAILY,1991-2020,IBGE_2024
4203600,Campos Novos,SC,1717.579,1,jan,190.5800826433306,OK,1991,2020,30,CHIRPS_v2,UCSB-CHG/CHIRPS/DAILY,1991-2020,IBGE_2024
4204004,Catanduvas,SC,199.166,1,jan,208.08426578596044,OK,1991,2020,30,CHIRPS_v2,UCSB-CHG/CHIRPS/DAILY,1991-2020,IBGE_2024
4203907,Capinzal,SC,244.326,1,jan,176.30493259900658,OK,1991,2020,30,CHIRPS_v2,UCSB-CHG/CHIRPS/DAILY,1991-2020,IBGE_2024
4219853,Zortéa,SC,190.028,1,jan,181.43994173307595,OK,1991,2020,30,CHIRPS_v2,UCSB-CHG/CHIRPS/DAILY,1991-2020,IBGE_2024
4219176,Vargem Bonita,SC,299.807,1,jan,208.59345129615446,OK,1991,2020,30,CHIRPS_v2,UCSB-CHG/CHIRPS/DAILY,1991-2020,IBGE_2024
4219150,Vargem,SC,350.606,1,jan,191.61845444585074,OK,1991,2020,30,CHIRPS_v2,UCSB-CHG/CHIRPS/DAILY,1991-2020,IBGE_2024
4218509,Treze Tílias,SC,176.922,1,jan,200.3766025677532,OK,1991,2020,30,CHIRPS_v2,UCSB-CHG/CHIRPS/DAILY,1991-2020,IBGE_2024
4210035,Luzerna,SC,117.099,1,jan,199.48493982289187,OK,1991,2020,30,CHIRPS_v2,UCSB-CHG/CHIRPS/DAILY,1991-2020,IBGE_2024
4209201,Lacerdópolis,SC,69.036,1,jan,179.93990330064992,OK,1991,2020,30,CHIRPS_v2,UCSB-CHG/CHIRPS/DAILY,1991-2020,IBGE_2024
4209003,Joaçaba,SC,241.637,1,jan,193.251013926334,OK,1991,2020,30,CHIRPS_v2,UCSB-CHG/CHIRPS/DAILY,1991-2020,IBGE_2024
4200051,Abdon Batista,SC,237.517,1,jan,193.4151538986927,OK,1991,2020,30,CHIRPS_v2,UCSB-CHG/CHIRPS/DAILY,1991-2020,IBGE_2024
4208609,Jaborá,SC,182.483,1,jan,204.5654492854931,OK,1991,2020,30,CHIRPS_v2,UCSB-CHG/CHIRPS/DAILY,1991-2020,IBGE_2024
4200408,Água Doce,SC,1327.921,1,jan,199.5435210629146,OK,1991,2020,30,CHIRPS_v2,UCSB-CHG/CHIRPS/DAILY,1991-2020,IBGE_2024
4206801,Ibicaré,SC,156.226,1,jan,198.42629669180525,OK,1991,2020,30,CHIRPS_v2,UCSB-CHG/CHIRPS/DAILY,1991-2020,IBGE_2024
4206702,Herval d'Oeste,SC,216.581,1,jan,191.67790018180324,OK,1991,2020,30,CHIRPS_v2,UCSB-CHG/CHIRPS/DAILY,1991-2020,IBGE_2024
4205209,Erval Velho,SC,208.841,1,jan,186.43696697922536,OK,1991,2020,30,CHIRPS_v2,UCSB-CHG/CHIRPS/DAILY,1991-2020,IBGE_2024
4205001,Dionísio Cerqueira,SC,378.843,1,jan,200.40224469882205,OK,1991,2020,30,CHIRPS_v2,UCSB-CHG/CHIRPS/DAILY,1991-2020,IBGE_2024
4204905,Descanso,SC,287.057,1,jan,200.25754075265874,OK,1991,2020,30,CHIRPS_v2,UCSB-CHG/CHIRPS/DAILY,1991-2020,IBGE_2024
4212007,Palma Sola,SC,330.878,1,jan,201.22206123105525,OK,1991,2020,30,CHIRPS_v2,UCSB-CHG/CHIRPS/DAILY,1991-2020,IBGE_2024
4212239,Paraíso,SC,180.338,1,jan,197.29877362612524,OK,1991,2020,30,CHIRPS_v2,UCSB-CHG/CHIRPS/DAILY,1991-2020,IBGE_2024
4202099,Barra Bonita,SC,92.934,1,jan,200.65503569534982,OK,1991,2020,30,CHIRPS_v2,UCSB-CHG/CHIRPS/DAILY,1991-2020,IBGE_2024
4202081,Bandeirante,SC,148.074,1,jan,192.73934104149424,OK,1991,2020,30,CHIRPS_v2,UCSB-CHG/CHIRPS/DAILY,1991-2020,IBGE_2024
4202156,Belmonte,SC,93.852,1,jan,191.80231849096316,OK,1991,2020,30,CHIRPS_v2,UCSB-CHG/CHIRPS/DAILY,1991-2020,IBGE_2024
4218756,Tunápolis,SC,132.939,1,jan,184.2688401635335,OK,1991,2020,30,CHIRPS_v2,UCSB-CHG/CHIRPS/DAILY,1991-2020,IBGE_2024
4217204,São Miguel do Oeste,SC,233.83,1,jan,202.91178576273907,OK,1991,2020,30,CHIRPS_v2,UCSB-CHG/CHIRPS/DAILY,1991-2020,IBGE_2024
4200804,Anchieta,SC,232.348,1,jan,198.90722016538146,OK,1991,2020,30,CHIRPS_v2,UCSB-CHG/CHIRPS/DAILY,1991-2020,IBGE_2024
4208401,Itapiranga,SC,281.782,1,jan,178.34877002282565,OK,1991,2020,30,CHIRPS_v2,UCSB-CHG/CHIRPS/DAILY,1991-2020,IBGE_2024
4216701,São José do Cedro,SC,280.76,1,jan,204.0386730323435,OK,1991,2020,30,CHIRPS_v2,UCSB-CHG/CHIRPS/DAILY,1991-2020,IBGE_2024
4216255,São João do Oeste,SC,163.589,1,jan,186.7329701019183,OK,1991,2020,30,CHIRPS_v2,UCSB-CHG/CHIRPS/DAILY,1991-2020,IBGE_2024
4215554,Santa Helena,SC,81.004,1,jan,188.15535213451813,OK,1991,2020,30,CHIRPS_v2,UCSB-CHG/CHIRPS/DAILY,1991-2020,IBGE_2024
4207650,Iporã do Oeste,SC,201.118,1,jan,196.24095997074636,OK,1991,2020,30,CHIRPS_v2,UCSB-CHG/CHIRPS/DAILY,1991-2020,IBGE_2024
4215208,Romelândia,SC,223.333,1,jan,196.5934781271429,OK,1991,2020,30,CHIRPS_v2,UCSB-CHG/CHIRPS/DAILY,1991-2020,IBGE_2024
4206405,Guaraciaba,SC,331.766,1,jan,202.73451088277918,OK,1991,2020,30,CHIRPS_v2,UCSB-CHG/CHIRPS/DAILY,1991-2020,IBGE_2024
4206603,Guarujá do Sul,SC,100.63,1,jan,201.26679809909433,OK,1991,2020,30,CHIRPS_v2,UCSB-CHG/CHIRPS/DAILY,1991-2020,IBGE_2024
4214151,Princesa,SC,85.598,1,jan,205.5005737210301,OK,1991,2020,30,CHIRPS_v2,UCSB-CHG/CHIRPS/DAILY,1991-2020,IBGE_2024
4205357,Flor do Sertão,SC,58.457,1,jan,190.76251549567985,OK,1991,2020,30,CHIRPS_v2,UCSB-CHG/CHIRPS/DAILY,1991-2020,IBGE_2024
4213104,Piratuba,SC,146.088,1,jan,185.777552850782,OK,1991,2020,30,CHIRPS_v2,UCSB-CHG/CHIRPS/DAILY,1991-2020,IBGE_2024
4204301,Concórdia,SC,799.195,1,jan,198.3058333582192,OK,1991,2020,30,CHIRPS_v2,UCSB-CHG/CHIRPS/DAILY,1991-2020,IBGE_2024
4212601,Peritiba,SC,95.632,1,jan,191.15483078903443,OK,1991,2020,30,CHIRPS_v2,UCSB-CHG/CHIRPS/DAILY,1991-2020,IBGE_2024
4209854,Lindóia do Sul,SC,190.171,1,jan,211.66448308631806,OK,1991,2020,30,CHIRPS_v2,UCSB-CHG/CHIRPS/DAILY,1991-2020,IBGE_2024
4201273,Arabutã,SC,132.585,1,jan,202.6698733077561,OK,1991,2020,30,CHIRPS_v2,UCSB-CHG/CHIRPS/DAILY,1991-2020,IBGE_2024
4217501,Seara,SC,309.627,1,jan,197.67907690591917,OK,1991,2020,30,CHIRPS_v2,UCSB-CHG/CHIRPS/DAILY,1991-2020,IBGE_2024
4200754,Alto Bela Vista,SC,103.433,1,jan,187.0329279479339,OK,1991,2020,30,CHIRPS_v2,UCSB-CHG/CHIRPS/DAILY,1991-2020,IBGE_2024
4207700,Ipumirim,SC,246.115,1,jan,210.1564440973331,OK,1991,2020,30,CHIRPS_v2,UCSB-CHG/CHIRPS/DAILY,1991-2020,IBGE_2024
4207809,Irani,SC,325.862,1,jan,212.35719525151785,OK,1991,2020,30,CHIRPS_v2,UCSB-CHG/CHIRPS/DAILY,1991-2020,IBGE_2024
4208005,Itá,SC,166.265,1,jan,193.38874208738875,OK,1991,2020,30,CHIRPS_v2,UCSB-CHG/CHIRPS/DAILY,1991-2020,IBGE_2024
4207601,Ipira,SC,156.187,1,jan,187.2042813372405,OK,1991,2020,30,CHIRPS_v2,UCSB-CHG/CHIRPS/DAILY,1991-2020,IBGE_2024
4213906,Presidente Castello Branco,SC,65.433,1,jan,193.41909762235403,OK,1991,2020,30,CHIRPS_v2,UCSB-CHG/CHIRPS/DAILY,1991-2020,IBGE_2024
4204459,Coronel Martins,SC,107.502,1,jan,194.2337339886904,OK,1991,2020,30,CHIRPS_v2,UCSB-CHG/CHIRPS/DAILY,1991-2020,IBGE_2024
4211850,Ouro Verde,SC,188.568,1,jan,209.83672217996295,OK,1991,2020,30,CHIRPS_v2,UCSB-CHG/CHIRPS/DAILY,1991-2020,IBGE_2024
4212270,Passos Maia,SC,617.092,1,jan,201.55047394193582,OK,1991,2020,30,CHIRPS_v2,UCSB-CHG/CHIRPS/DAILY,1991-2020,IBGE_2024
4219606,Xavantina,SC,218.032,1,jan,214.4052114962587,OK,1991,2020,30,CHIRPS_v2,UCSB-CHG/CHIRPS/DAILY,1991-2020,IBGE_2024
4219507,Xanxerê,SC,377.426,1,jan,228.48376715813117,OK,1991,2020,30,CHIRPS_v2,UCSB-CHG/CHIRPS/DAILY,1991-2020,IBGE_2024
4219101,Vargeão,SC,166.685,1,jan,206.52041659717298,OK,1991,2020,30,CHIRPS_v2,UCSB-CHG/CHIRPS/DAILY,1991-2020,IBGE_2024
4202537,Bom Jesus,SC,63.883,1,jan,217.76422904437726,OK,1991,2020,30,CHIRPS_v2,UCSB-CHG/CHIRPS/DAILY,1991-2020,IBGE_2024
4200101,Abelardo Luz,SC,953.991,1,jan,196.29770825009098,OK,1991,2020,30,CHIRPS_v2,UCSB-CHG/CHIRPS/DAILY,1991-2020,IBGE_2024
4216107,São Domingos,SC,367.525,1,jan,195.74169104880914,OK,1991,2020,30,CHIRPS_v2,UCSB-CHG/CHIRPS/DAILY,1991-2020,IBGE_2024
4207684,Ipuaçu,SC,261.13,1,jan,202.3636160221943,OK,1991,2020,30,CHIRPS_v2,UCSB-CHG/CHIRPS/DAILY,1991-2020,IBGE_2024
4205308,Faxinal dos Guedes,SC,340.07,1,jan,220.60049289403176,OK,1991,2020,30,CHIRPS_v2,UCSB-CHG/CHIRPS/DAILY,1991-2020,IBGE_2024
4205175,Entre Rios,SC,103.838,1,jan,201.4310176476266,OK,1991,2020,30,CHIRPS_v2,UCSB-CHG/CHIRPS/DAILY,1991-2020,IBGE_2024
4213401,Ponte Serrada,SC,560.731,1,jan,208.91639606258465,OK,1991,2020,30,CHIRPS_v2,UCSB-CHG/CHIRPS/DAILY,1991-2020,IBGE_2024
4204707,Cunha Porã,SC,220.099,1,jan,204.33365171050022,OK,1991,2020,30,CHIRPS_v2,UCSB-CHG/CHIRPS/DAILY,1991-2020,IBGE_2024
4202578,Bom Jesus do Oeste,SC,67.777,1,jan,196.4279411581919,OK,1991,2020,30,CHIRPS_v2,UCSB-CHG/CHIRPS/DAILY,1991-2020,IBGE_2024
4210506,Maravilha,SC,170.339,1,jan,198.6278342363759,OK,1991,2020,30,CHIRPS_v2,UCSB-CHG/CHIRPS/DAILY,1991-2020,IBGE_2024
4217956,Tigrinhos,SC,56.962,1,jan,196.9725814313449,OK,1991,2020,30,CHIRPS_v2,UCSB-CHG/CHIRPS/DAILY,1991-2020,IBGE_2024
4217154,São Miguel da Boa Vista,SC,72.755,1,jan,192.3802292961427,OK,1991,2020,30,CHIRPS_v2,UCSB-CHG/CHIRPS/DAILY,1991-2020,IBGE_2024
4207759,Iraceminha,SC,165.147,1,jan,193.33006408406598,OK,1991,2020,30,CHIRPS_v2,UCSB-CHG/CHIRPS/DAILY,1991-2020,IBGE_2024
4215687,Santa Terezinha do Progresso,SC,119.653,1,jan,196.5137018844655,OK,1991,2020,30,CHIRPS_v2,UCSB-CHG/CHIRPS/DAILY,1991-2020,IBGE_2024
4215356,Saltinho,SC,156.568,1,jan,200.52606516200197,OK,1991,2020,30,CHIRPS_v2,UCSB-CHG/CHIRPS/DAILY,1991-2020,IBGE_2024
4205605,Galvão,SC,139.836,1,jan,194.35092588429484,OK,1991,2020,30,CHIRPS_v2,UCSB-CHG/CHIRPS/DAILY,1991-2020,IBGE_2024
4203501,Campo Erê,SC,479.161,1,jan,202.8007117881995,OK,1991,2020,30,CHIRPS_v2,UCSB-CHG/CHIRPS/DAILY,1991-2020,IBGE_2024
4211652,Novo Horizonte,SC,151.722,1,jan,197.21616344553735,OK,1991,2020,30,CHIRPS_v2,UCSB-CHG/CHIRPS/DAILY,1991-2020,IBGE_2024
4216909,São Lourenço do Oeste,SC,356.193,1,jan,199.40861484548694,OK,1991,2020,30,CHIRPS_v2,UCSB-CHG/CHIRPS/DAILY,1991-2020,IBGE_2024
4209177,Jupiá,SC,91.448,1,jan,196.4026942530138,OK,1991,2020,30,CHIRPS_v2,UCSB-CHG/CHIRPS/DAILY,1991-2020,IBGE_2024
4215752,São Bernardino,SC,149.891,1,jan,202.0375161337624,OK,1991,2020,30,CHIRPS_v2,UCSB-CHG/CHIRPS/DAILY,1991-2020,IBGE_2024
4203154,Calmon,SC,636.208,1,jan,176.82327033419722,OK,1991,2020,30,CHIRPS_v2,UCSB-CHG/CHIRPS/DAILY,1991-2020,IBGE_2024
4203006,Caçador,SC,983.424,1,jan,185.62976165412059,OK,1991,2020,30,CHIRPS_v2,UCSB-CHG/CHIRPS/DAILY,1991-2020,IBGE_2024
4210704,Matos Costa,SC,435.391,1,jan,172.60882912331007,OK,1991,2020,30,CHIRPS_v2,UCSB-CHG/CHIRPS/DAILY,1991-2020,IBGE_2024
4210050,Macieira,SC,261.208,1,jan,193.03531569610593,OK,1991,2020,30,CHIRPS_v2,UCSB-CHG/CHIRPS/DAILY,1991-2020,IBGE_2024
4218251,Timbó Grande,SC,596.343,1,jan,174.80618166894777,OK,1991,2020,30,CHIRPS_v2,UCSB-CHG/CHIRPS/DAILY,1991-2020,IBGE_2024
4209706,Lebon Régis,SC,941.641,1,jan,180.17721315475393,OK,1991,2020,30,CHIRPS_v2,UCSB-CHG/CHIRPS/DAILY,1991-2020,IBGE_2024
4205506,Fraiburgo,SC,549.188,1,jan,189.32300933298208,OK,1991,2020,30,CHIRPS_v2,UCSB-CHG/CHIRPS/DAILY,1991-2020,IBGE_2024
4213005,Pinheiro Preto,SC,61.012,1,jan,195.35623051959044,OK,1991,2020,30,CHIRPS_v2,UCSB-CHG/CHIRPS/DAILY,1991-2020,IBGE_2024
4211058,Monte Carlo,SC,191.278,1,jan,193.83558397676353,OK,1991,2020,30,CHIRPS_v2,UCSB-CHG/CHIRPS/DAILY,1991-2020,IBGE_2024
4219309,Videira,SC,384.127,1,jan,192.95513226773318,OK,1991,2020,30,CHIRPS_v2,UCSB-CHG/CHIRPS/DAILY,1991-2020,IBGE_2024
4201604,Arroio Trinta,SC,93.53,1,jan,197.85132712195627,OK,1991,2020,30,CHIRPS_v2,UCSB-CHG/CHIRPS/DAILY,1991-2020,IBGE_2024
4217907,Tangará,SC,390.044,1,jan,194.09469538293374,OK,1991,2020,30,CHIRPS_v2,UCSB-CHG/CHIRPS/DAILY,1991-2020,IBGE_2024
4215406,Salto Veloso,SC,104.974,1,jan,198.84860804076908,OK,1991,2020,30,CHIRPS_v2,UCSB-CHG/CHIRPS/DAILY,1991-2020,IBGE_2024
4207577,Iomerê,SC,113.986,1,jan,195.8835707065779,OK,1991,2020,30,CHIRPS_v2,UCSB-CHG/CHIRPS/DAILY,1991-2020,IBGE_2024
4206751,Ibiam,SC,146.009,1,jan,193.2509575300473,OK,1991,2020,30,CHIRPS_v2,UCSB-CHG/CHIRPS/DAILY,1991-2020,IBGE_2024
4214409,Rio das Antas,SC,314.913,1,jan,189.93070227680707,OK,1991,2020,30,CHIRPS_v2,UCSB-CHG/CHIRPS/DAILY,1991-2020,IBGE_2024
4204509,Corupá,SC,405.761,1,jan,240.94367641537235,OK,1991,2020,30,CHIRPS_v2,UCSB-CHG/CHIRPS/DAILY,1991-2020,IBGE_2024
4201307,Araquari,SC,386.693,1,jan,283.86405353919645,OK,1991,2020,30,CHIRPS_v2,UCSB-CHG/CHIRPS/DAILY,1991-2020,IBGE_2024
4208906,Jaraguá do Sul,SC,530.825,1,jan,267.48218777070895,OK,1991,2020,30,CHIRPS_v2,UCSB-CHG/CHIRPS/DAILY,1991-2020,IBGE_2024
4209102,Joinville,SC,1127.837,1,jan,296.8334748338097,OK,1991,2020,30,CHIRPS_v2,UCSB-CHG/CHIRPS/DAILY,1991-2020,IBGE_2024
4217402,Schroeder,SC,165.237,1,jan,290.54497239971704,OK,1991,2020,30,CHIRPS_v2,UCSB-CHG/CHIRPS/DAILY,1991-2020,IBGE_2024
4206504,Guaramirim,SC,267.514,1,jan,283.8879500236647,OK,1991,2020,30,CHIRPS_v2,UCSB-CHG/CHIRPS/DAILY,1991-2020,IBGE_2024
4202057,Balneário Barra do Sul,SC,108.914,1,jan,286.7218910806136,OK,1991,2020,30,CHIRPS_v2,UCSB-CHG/CHIRPS/DAILY,1991-2020,IBGE_2024
4210605,Massaranduba,SC,374.452,1,jan,258.6398290882943,OK,1991,2020,30,CHIRPS_v2,UCSB-CHG/CHIRPS/DAILY,1991-2020,IBGE_2024
4208450,Itapoá,SC,245.529,1,jan,334.8516962408949,OK,1991,2020,30,CHIRPS_v2,UCSB-CHG/CHIRPS/DAILY,1991-2020,IBGE_2024
4216354,São João do Itaperiú,SC,151.885,1,jan,257.1849584927903,OK,1991,2020,30,CHIRPS_v2,UCSB-CHG/CHIRPS/DAILY,1991-2020,IBGE_2024
4216206,São Francisco do Sul,SC,493.266,1,jan,318.2488688522785,OK,1991,2020,30,CHIRPS_v2,UCSB-CHG/CHIRPS/DAILY,1991-2020,IBGE_2024
4205803,Garuva,SC,508.635,1,jan,308.73743077663727,OK,1991,2020,30,CHIRPS_v2,UCSB-CHG/CHIRPS/DAILY,1991-2020,IBGE_2024
4213609,Porto União,SC,849.014,1,jan,165.51377915773145,OK,1991,2020,30,CHIRPS_v2,UCSB-CHG/CHIRPS/DAILY,1991-2020,IBGE_2024
4203808,Canoinhas,SC,1148.036,1,jan,183.88253440919482,OK,1991,2020,30,CHIRPS_v2,UCSB-CHG/CHIRPS/DAILY,1991-2020,IBGE_2024
4212205,Papanduva,SC,764.737,1,jan,186.50655005142957,OK,1991,2020,30,CHIRPS_v2,UCSB-CHG/CHIRPS/DAILY,1991-2020,IBGE_2024
4211108,Monte Castelo,SC,560.743,1,jan,183.00407766818046,OK,1991,2020,30,CHIRPS_v2,UCSB-CHG/CHIRPS/DAILY,1991-2020,IBGE_2024
4210308,Major Vieira,SC,520.816,1,jan,181.07192990142383,OK,1991,2020,30,CHIRPS_v2,UCSB-CHG/CHIRPS/DAILY,1991-2020,IBGE_2024
4202131,Bela Vista do Toldo,SC,535.682,1,jan,176.87780896080312,OK,1991,2020,30,CHIRPS_v2,UCSB-CHG/CHIRPS/DAILY,1991-2020,IBGE_2024
4218301,Três Barras,SC,436.496,1,jan,188.95839948757126,OK,1991,2020,30,CHIRPS_v2,UCSB-CHG/CHIRPS/DAILY,1991-2020,IBGE_2024
4210100,Mafra,SC,1404.084,1,jan,183.8352940674439,OK,1991,2020,30,CHIRPS_v2,UCSB-CHG/CHIRPS/DAILY,1991-2020,IBGE_2024
4207908,Irineópolis,SC,589.698,1,jan,174.33478585996352,OK,1991,2020,30,CHIRPS_v2,UCSB-CHG/CHIRPS/DAILY,1991-2020,IBGE_2024
4208104,Itaiópolis,SC,1297.543,1,jan,188.5493843893491,OK,1991,2020,30,CHIRPS_v2,UCSB-CHG/CHIRPS/DAILY,1991-2020,IBGE_2024
4215802,São Bento do Sul,SC,495.001,1,jan,227.0390616080221,OK,1991,2020,30,CHIRPS_v2,UCSB-CHG/CHIRPS/DAILY,1991-2020,IBGE_2024
4215000,Rio Negrinho,SC,907.42,1,jan,194.41355633201655,OK,1991,2020,30,CHIRPS_v2,UCSB-CHG/CHIRPS/DAILY,1991-2020,IBGE_2024
4203303,Campo Alegre,SC,500.174,1,jan,234.55428729897014,OK,1991,2020,30,CHIRPS_v2,UCSB-CHG/CHIRPS/DAILY,1991-2020,IBGE_2024
4202404,Blumenau,SC,518.635,1,jan,244.6817465079344,OK,1991,2020,30,CHIRPS_v2,UCSB-CHG/CHIRPS/DAILY,1991-2020,IBGE_2024
4207502,Indaial,SC,430.799,1,jan,211.93363438534777,OK,1991,2020,30,CHIRPS_v2,UCSB-CHG/CHIRPS/DAILY,1991-2020,IBGE_2024
4207106,Ilhota,SC,253.024,1,jan,240.33089586677315,OK,1991,2020,30,CHIRPS_v2,UCSB-CHG/CHIRPS/DAILY,1991-2020,IBGE_2024
4205902,Gaspar,SC,386.599,1,jan,250.0993899781778,OK,1991,2020,30,CHIRPS_v2,UCSB-CHG/CHIRPS/DAILY,1991-2020,IBGE_2024
4213203,Pomerode,SC,214.299,1,jan,259.218923074012,OK,1991,2020,30,CHIRPS_v2,UCSB-CHG/CHIRPS/DAILY,1991-2020,IBGE_2024
4202206,Benedito Novo,SC,388.291,1,jan,222.43176911634106,OK,1991,2020,30,CHIRPS_v2,UCSB-CHG/CHIRPS/DAILY,1991-2020,IBGE_2024
4201703,Ascurra,SC,112.884,1,jan,220.38860488498776,OK,1991,2020,30,CHIRPS_v2,UCSB-CHG/CHIRPS/DAILY,1991-2020,IBGE_2024
4218202,Timbó,SC,128.313,1,jan,240.94328672059746,OK,1991,2020,30,CHIRPS_v2,UCSB-CHG/CHIRPS/DAILY,1991-2020,IBGE_2024
4201257,Apiúna,SC,493.49,1,jan,208.3223520883869,OK,1991,2020,30,CHIRPS_v2,UCSB-CHG/CHIRPS/DAILY,1991-2020,IBGE_2024
4215109,Rodeio,SC,129.001,1,jan,226.86398989503306,OK,1991,2020,30,CHIRPS_v2,UCSB-CHG/CHIRPS/DAILY,1991-2020,IBGE_2024
4214706,Rio dos Cedros,SC,555.473,1,jan,235.91763809849976,OK,1991,2020,30,CHIRPS_v2,UCSB-CHG/CHIRPS/DAILY,1991-2020,IBGE_2024
4205159,Doutor Pedrinho,SC,374.205,1,jan,208.89284982398556,OK,1991,2020,30,CHIRPS_v2,UCSB-CHG/CHIRPS/DAILY,1991-2020,IBGE_2024
4212809,Balneário Piçarras,SC,99.11,1,jan,238.7356534052052,OK,1991,2020,30,CHIRPS_v2,UCSB-CHG/CHIRPS/DAILY,1991-2020,IBGE_2024
4212502,Penha,SC,57.997,1,jan,236.8610956151003,OK,1991,2020,30,CHIRPS_v2,UCSB-CHG/CHIRPS/DAILY,1991-2020,IBGE_2024
4211306,Navegantes,SC,111.377,1,jan,235.6060579144909,OK,1991,2020,30,CHIRPS_v2,UCSB-CHG/CHIRPS/DAILY,1991-2020,IBGE_2024
4203204,Camboriú,SC,210.568,1,jan,215.82869457856447,OK,1991,2020,30,CHIRPS_v2,UCSB-CHG/CHIRPS/DAILY,1991-2020,IBGE_2024
4202107,Barra Velha,SC,138.947,1,jan,247.438981856673,OK,1991,2020,30,CHIRPS_v2,UCSB-CHG/CHIRPS/DAILY,1991-2020,IBGE_2024
4202008,Balneário Camboriú,SC,45.214,1,jan,209.82867582364184,OK,1991,2020,30,CHIRPS_v2,UCSB-CHG/CHIRPS/DAILY,1991-2020,IBGE_2024
4208203,Itajaí,SC,289.215,1,jan,227.32911962617644,OK,1991,2020,30,CHIRPS_v2,UCSB-CHG/CHIRPS/DAILY,1991-2020,IBGE_2024
4202453,Bombinhas,SC,35.143,1,jan,219.3694801856601,OK,1991,2020,30,CHIRPS_v2,UCSB-CHG/CHIRPS/DAILY,1991-2020,IBGE_2024
4218004,Tijucas,SC,279.262,1,jan,222.1202341453861,OK,1991,2020,30,CHIRPS_v2,UCSB-CHG/CHIRPS/DAILY,1991-2020,IBGE_2024
4210001,Luiz Alves,SC,260.106,1,jan,246.0027531147136,OK,1991,2020,30,CHIRPS_v2,UCSB-CHG/CHIRPS/DAILY,1991-2020,IBGE_2024
4208302,Itapema,SC,58.21,1,jan,212.78533664141702,OK,1991,2020,30,CHIRPS_v2,UCSB-CHG/CHIRPS/DAILY,1991-2020,IBGE_2024
4213500,Porto Belo,SC,93.674,1,jan,219.67913716869214,OK,1991,2020,30,CHIRPS_v2,UCSB-CHG/CHIRPS/DAILY,1991-2020,IBGE_2024
4202701,Botuverá,SC,296.256,1,jan,209.40166783275976,OK,1991,2020,30,CHIRPS_v2,UCSB-CHG/CHIRPS/DAILY,1991-2020,IBGE_2024
4202909,Brusque,SC,284.675,1,jan,224.04101667040575,OK,1991,2020,30,CHIRPS_v2,UCSB-CHG/CHIRPS/DAILY,1991-2020,IBGE_2024
4206306,Guabiruba,SC,172.173,1,jan,218.12253134281707,OK,1991,2020,30,CHIRPS_v2,UCSB-CHG/CHIRPS/DAILY,1991-2020,IBGE_2024
4203709,Canelinha,SC,150.904,1,jan,221.15607922906972,OK,1991,2020,30,CHIRPS_v2,UCSB-CHG/CHIRPS/DAILY,1991-2020,IBGE_2024
4211504,Nova Trento,SC,402.852,1,jan,211.73983458258274,OK,1991,2020,30,CHIRPS_v2,UCSB-CHG/CHIRPS/DAILY,1991-2020,IBGE_2024
4210209,Major Gercino,SC,306.058,1,jan,216.45057851626723,OK,1991,2020,30,CHIRPS_v2,UCSB-CHG/CHIRPS/DAILY,1991-2020,IBGE_2024
4216305,São João Batista,SC,200.765,1,jan,225.4517841868232,OK,1991,2020,30,CHIRPS_v2,UCSB-CHG/CHIRPS/DAILY,1991-2020,IBGE_2024
4210852,Mirim Doce,SC,337.991,1,jan,197.52878647035064,OK,1991,2020,30,CHIRPS_v2,UCSB-CHG/CHIRPS/DAILY,1991-2020,IBGE_2024
4202859,Braço do Trombudo,SC,89.411,1,jan,195.42322983935645,OK,1991,2020,30,CHIRPS_v2,UCSB-CHG/CHIRPS/DAILY,1991-2020,IBGE_2024
4218608,Trombudo Central,SC,109.648,1,jan,196.2262805035203,OK,1991,2020,30,CHIRPS_v2,UCSB-CHG/CHIRPS/DAILY,1991-2020,IBGE_2024
4209904,Lontras,SC,197.586,1,jan,199.88408957504907,OK,1991,2020,30,CHIRPS_v2,UCSB-CHG/CHIRPS/DAILY,1991-2020,IBGE_2024
4201802,Atalanta,SC,94.383,1,jan,187.55522182579986,OK,1991,2020,30,CHIRPS_v2,UCSB-CHG/CHIRPS/DAILY,1991-2020,IBGE_2024
4201901,Aurora,SC,207.045,1,jan,193.88422491181618,OK,1991,2020,30,CHIRPS_v2,UCSB-CHG/CHIRPS/DAILY,1991-2020,IBGE_2024
4217808,Taió,SC,693.847,1,jan,201.12538052974574,OK,1991,2020,30,CHIRPS_v2,UCSB-CHG/CHIRPS/DAILY,1991-2020,IBGE_2024
4209508,Laurentino,SC,79.333,1,jan,195.8032890099522,OK,1991,2020,30,CHIRPS_v2,UCSB-CHG/CHIRPS/DAILY,1991-2020,IBGE_2024
4200200,Agrolândia,SC,206.815,1,jan,189.9616200802544,OK,1991,2020,30,CHIRPS_v2,UCSB-CHG/CHIRPS/DAILY,1991-2020,IBGE_2024
4200309,Agronômica,SC,129.774,1,jan,191.80037902735054,OK,1991,2020,30,CHIRPS_v2,UCSB-CHG/CHIRPS/DAILY,1991-2020,IBGE_2024
4215679,Santa Terezinha,SC,715.551,1,jan,193.64395014263118,OK,1991,2020,30,CHIRPS_v2,UCSB-CHG/CHIRPS/DAILY,1991-2020,IBGE_2024
4215307,Salete,SC,177.887,1,jan,195.65350137114623,OK,1991,2020,30,CHIRPS_v2,UCSB-CHG/CHIRPS/DAILY,1991-2020,IBGE_2024
4214508,Rio do Campo,SC,502.095,1,jan,192.5975840364291,OK,1991,2020,30,CHIRPS_v2,UCSB-CHG/CHIRPS/DAILY,1991-2020,IBGE_2024
4214805,Rio do Sul,SC,260.817,1,jan,196.16687392006423,OK,1991,2020,30,CHIRPS_v2,UCSB-CHG/CHIRPS/DAILY,1991-2020,IBGE_2024
4214607,Rio do Oeste,SC,245.057,1,jan,197.64629662813016,OK,1991,2020,30,CHIRPS_v2,UCSB-CHG/CHIRPS/DAILY,1991-2020,IBGE_2024
4214102,Presidente Nereu,SC,224.748,1,jan,196.8860259306201,OK,1991,2020,30,CHIRPS_v2,UCSB-CHG/CHIRPS/DAILY,1991-2020,IBGE_2024
4213708,Pouso Redondo,SC,356.539,1,jan,196.40721904355792,OK,1991,2020,30,CHIRPS_v2,UCSB-CHG/CHIRPS/DAILY,1991-2020,IBGE_2024
4205100,Dona Emma,SC,178.157,1,jan,195.11974350982786,OK,1991,2020,30,CHIRPS_v2,UCSB-CHG/CHIRPS/DAILY,1991-2020,IBGE_2024
4219358,Vitor Meireles,SC,370.414,1,jan,198.15831648563835,OK,1991,2020,30,CHIRPS_v2,UCSB-CHG/CHIRPS/DAILY,1991-2020,IBGE_2024
4219408,Witmarsum,SC,153.776,1,jan,194.93376946544487,OK,1991,2020,30,CHIRPS_v2,UCSB-CHG/CHIRPS/DAILY,1991-2020,IBGE_2024
4209151,José Boiteux,SC,405.552,1,jan,205.29815198500884,OK,1991,2020,30,CHIRPS_v2,UCSB-CHG/CHIRPS/DAILY,1991-2020,IBGE_2024
4206900,Ibirama,SC,247.102,1,jan,207.02731722771867,OK,1991,2020,30,CHIRPS_v2,UCSB-CHG/CHIRPS/DAILY,1991-2020,IBGE_2024
4214003,Presidente Getúlio,SC,297.16,1,jan,196.497377093936,OK,1991,2020,30,CHIRPS_v2,UCSB-CHG/CHIRPS/DAILY,1991-2020,IBGE_2024
4204194,Chapadão do Lageado,SC,124.866,1,jan,182.81867976937124,OK,1991,2020,30,CHIRPS_v2,UCSB-CHG/CHIRPS/DAILY,1991-2020,IBGE_2024
4212700,Petrolândia,SC,306.76,1,jan,184.76959236116798,OK,1991,2020,30,CHIRPS_v2,UCSB-CHG/CHIRPS/DAILY,1991-2020,IBGE_2024
4219200,Vidal Ramos,SC,346.932,1,jan,193.73429269057544,OK,1991,2020,30,CHIRPS_v2,UCSB-CHG/CHIRPS/DAILY,1991-2020,IBGE_2024
4209805,Leoberto Leal,SC,293.6,1,jan,201.83907111469202,OK,1991,2020,30,CHIRPS_v2,UCSB-CHG/CHIRPS/DAILY,1991-2020,IBGE_2024
4208500,Ituporanga,SC,336.588,1,jan,189.19814227644792,OK,1991,2020,30,CHIRPS_v2,UCSB-CHG/CHIRPS/DAILY,1991-2020,IBGE_2024
4207403,Imbuia,SC,119.113,1,jan,191.77302525187562,OK,1991,2020,30,CHIRPS_v2,UCSB-CHG/CHIRPS/DAILY,1991-2020,IBGE_2024
4301909,Barra do Ribeiro,RS,729.316,1,jan,127.628512294348,OK,1991,2020,30,CHIRPS_v2,UCSB-CHG/CHIRPS/DAILY,1991-2020,IBGE_2024
4301750,Barão do Triunfo,RS,436.101,1,jan,142.70910084998138,OK,1991,2020,30,CHIRPS_v2,UCSB-CHG/CHIRPS/DAILY,1991-2020,IBGE_2024
4301107,Arroio dos Ratos,RS,425.791,1,jan,130.3285696020121,OK,1991,2020,30,CHIRPS_v2,UCSB-CHG/CHIRPS/DAILY,1991-2020,IBGE_2024
4317608,Santo Antônio da Patrulha,RS,1049.583,1,jan,138.01542990048745,OK,1991,2020,30,CHIRPS_v2,UCSB-CHG/CHIRPS/DAILY,1991-2020,IBGE_2024
4321352,Tavares,RS,610.107,1,jan,112.1926416758703,OK,1991,2020,30,CHIRPS_v2,UCSB-CHG/CHIRPS/DAILY,1991-2020,IBGE_2024
4313656,Palmares do Sul,RS,949.201,1,jan,117.94979537580952,OK,1991,2020,30,CHIRPS_v2,UCSB-CHG/CHIRPS/DAILY,1991-2020,IBGE_2024
4304671,Capivari do Sul,RS,412.889,1,jan,126.29294479118754,OK,1991,2020,30,CHIRPS_v2,UCSB-CHG/CHIRPS/DAILY,1991-2020,IBGE_2024
4304713,Caraá,RS,294.606,1,jan,155.446759692852,OK,1991,2020,30,CHIRPS_v2,UCSB-CHG/CHIRPS/DAILY,1991-2020,IBGE_2024
4320552,Sertão Santana,RS,252.013,1,jan,136.94906526652827,OK,1991,2020,30,CHIRPS_v2,UCSB-CHG/CHIRPS/DAILY,1991-2020,IBGE_2024
4312500,Mostardas,RS,1977.442,1,jan,114.35790470753508,OK,1991,2020,30,CHIRPS_v2,UCSB-CHG/CHIRPS/DAILY,1991-2020,IBGE_2024
4311981,Mariana Pimentel,RS,338.45,1,jan,131.6288133986035,OK,1991,2020,30,CHIRPS_v2,UCSB-CHG/CHIRPS/DAILY,1991-2020,IBGE_2024
4309209,Gravataí,RS,468.288,1,jan,134.4044856945905,OK,1991,2020,30,CHIRPS_v2,UCSB-CHG/CHIRPS/DAILY,1991-2020,IBGE_2024
4309308,Guaíba,RS,377.664,1,jan,128.11972279144467,OK,1991,2020,30,CHIRPS_v2,UCSB-CHG/CHIRPS/DAILY,1991-2020,IBGE_2024
4300604,Alvorada,RS,71.702,1,jan,125.17270630989003,OK,1991,2020,30,CHIRPS_v2,UCSB-CHG/CHIRPS/DAILY,1991-2020,IBGE_2024
4309050,Glorinha,RS,323.955,1,jan,137.6231252323089,OK,1991,2020,30,CHIRPS_v2,UCSB-CHG/CHIRPS/DAILY,1991-2020,IBGE_2024
4307708,Esteio,RS,27.676,1,jan,128.9433955253628,OK,1991,2020,30,CHIRPS_v2,UCSB-CHG/CHIRPS/DAILY,1991-2020,IBGE_2024
4314902,Porto Alegre,RS,495.977,1,jan,117.42115414363167,OK,1991,2020,30,CHIRPS_v2,UCSB-CHG/CHIRPS/DAILY,1991-2020,IBGE_2024
4323002,Viamão,RS,1496.019,1,jan,128.89081320605092,OK,1991,2020,30,CHIRPS_v2,UCSB-CHG/CHIRPS/DAILY,1991-2020,IBGE_2024
4306767,Eldorado do Sul,RS,509.632,1,jan,127.1355263914094,OK,1991,2020,30,CHIRPS_v2,UCSB-CHG/CHIRPS/DAILY,1991-2020,IBGE_2024
4313375,Nova Santa Rita,RS,217.636,1,jan,131.75965043902684,OK,1991,2020,30,CHIRPS_v2,UCSB-CHG/CHIRPS/DAILY,1991-2020,IBGE_2024
4304606,Canoas,RS,130.774,1,jan,122.43075178703566,OK,1991,2020,30,CHIRPS_v2,UCSB-CHG/CHIRPS/DAILY,1991-2020,IBGE_2024
4320008,Sapucaia do Sul,RS,58.247,1,jan,132.06242037681733,OK,1991,2020,30,CHIRPS_v2,UCSB-CHG/CHIRPS/DAILY,1991-2020,IBGE_2024
4303103,Cachoeirinha,RS,43.76,1,jan,124.5375100381166,OK,1991,2020,30,CHIRPS_v2,UCSB-CHG/CHIRPS/DAILY,1991-2020,IBGE_2024
4302352,Bom Princípio,RS,90.023,1,jan,149.80213919169128,OK,1991,2020,30,CHIRPS_v2,UCSB-CHG/CHIRPS/DAILY,1991-2020,IBGE_2024
4309555,Harmonia,RS,48.547,1,jan,146.04425125959656,OK,1991,2020,30,CHIRPS_v2,UCSB-CHG/CHIRPS/DAILY,1991-2020,IBGE_2024
4316956,Santa Maria do Herval,RS,140.442,1,jan,164.273982759143,OK,1991,2020,30,CHIRPS_v2,UCSB-CHG/CHIRPS/DAILY,1991-2020,IBGE_2024
4322251,Tupandi,RS,59.406,1,jan,151.99967186331887,OK,1991,2020,30,CHIRPS_v2,UCSB-CHG/CHIRPS/DAILY,1991-2020,IBGE_2024
4311643,Linha Nova,RS,63.46,1,jan,150.93710175363316,OK,1991,2020,30,CHIRPS_v2,UCSB-CHG/CHIRPS/DAILY,1991-2020,IBGE_2024
4319752,São Vendelino,RS,31.899,1,jan,159.12663895011337,OK,1991,2020,30,CHIRPS_v2,UCSB-CHG/CHIRPS/DAILY,1991-2020,IBGE_2024
4318481,São José do Hortêncio,RS,63.705,1,jan,148.18411221254703,OK,1991,2020,30,CHIRPS_v2,UCSB-CHG/CHIRPS/DAILY,1991-2020,IBGE_2024
4318705,São Leopoldo,RS,103.009,1,jan,138.5451771508649,OK,1991,2020,30,CHIRPS_v2,UCSB-CHG/CHIRPS/DAILY,1991-2020,IBGE_2024
4300877,Araricá,RS,35.195,1,jan,141.30535289045613,OK,1991,2020,30,CHIRPS_v2,UCSB-CHG/CHIRPS/DAILY,1991-2020,IBGE_2024
4307609,Estância Velha,RS,51.779,1,jan,147.2774117066608,OK,1991,2020,30,CHIRPS_v2,UCSB-CHG/CHIRPS/DAILY,1991-2020,IBGE_2024
4314803,Portão,RS,159.307,1,jan,145.07160054666844,OK,1991,2020,30,CHIRPS_v2,UCSB-CHG/CHIRPS/DAILY,1991-2020,IBGE_2024
4315149,Presidente Lucena,RS,49.625,1,jan,150.5367077458605,OK,1991,2020,30,CHIRPS_v2,UCSB-CHG/CHIRPS/DAILY,1991-2020,IBGE_2024
4306403,Dois Irmãos,RS,67.509,1,jan,148.7324934122068,OK,1991,2020,30,CHIRPS_v2,UCSB-CHG/CHIRPS/DAILY,1991-2020,IBGE_2024
4313409,Novo Hamburgo,RS,222.548,1,jan,138.9186344315576,OK,1991,2020,30,CHIRPS_v2,UCSB-CHG/CHIRPS/DAILY,1991-2020,IBGE_2024
4304689,Capela de Santana,RS,182.672,1,jan,144.41920380163432,OK,1991,2020,30,CHIRPS_v2,UCSB-CHG/CHIRPS/DAILY,1991-2020,IBGE_2024
4313060,Nova Hartz,RS,62.088,1,jan,149.66100477970534,OK,1991,2020,30,CHIRPS_v2,UCSB-CHG/CHIRPS/DAILY,1991-2020,IBGE_2024
4312476,Morro Reuter,RS,87.032,1,jan,160.28093456541907,OK,1991,2020,30,CHIRPS_v2,UCSB-CHG/CHIRPS/DAILY,1991-2020,IBGE_2024
4311627,Lindolfo Collor,RS,33.348,1,jan,147.26285566983734,OK,1991,2020,30,CHIRPS_v2,UCSB-CHG/CHIRPS/DAILY,1991-2020,IBGE_2024
4319901,Sapiranga,RS,137.759,1,jan,146.57224072541507,OK,1991,2020,30,CHIRPS_v2,UCSB-CHG/CHIRPS/DAILY,1991-2020,IBGE_2024
4303905,Campo Bom,RS,60.562,1,jan,141.94976287855135,OK,1991,2020,30,CHIRPS_v2,UCSB-CHG/CHIRPS/DAILY,1991-2020,IBGE_2024
4319505,São Sebastião do Caí,RS,113.067,1,jan,145.77894064431123,OK,1991,2020,30,CHIRPS_v2,UCSB-CHG/CHIRPS/DAILY,1991-2020,IBGE_2024
4310801,Ivoti,RS,63.092,1,jan,148.66964973827982,OK,1991,2020,30,CHIRPS_v2,UCSB-CHG/CHIRPS/DAILY,1991-2020,IBGE_2024
4310330,Imbé,RS,39.766,1,jan,134.54928851287386,OK,1991,2020,30,CHIRPS_v2,UCSB-CHG/CHIRPS/DAILY,1991-2020,IBGE_2024
4321600,Tramandaí,RS,142.878,1,jan,130.50591901112855,OK,1991,2020,30,CHIRPS_v2,UCSB-CHG/CHIRPS/DAILY,1991-2020,IBGE_2024
4313508,Osório,RS,663.878,1,jan,139.79307420457505,OK,1991,2020,30,CHIRPS_v2,UCSB-CHG/CHIRPS/DAILY,1991-2020,IBGE_2024
4301636,Balneário Pinhal,RS,102.387,1,jan,120.41053950949315,OK,1991,2020,30,CHIRPS_v2,UCSB-CHG/CHIRPS/DAILY,1991-2020,IBGE_2024
4323804,Xangri-lá,RS,60.756,1,jan,147.29058909893308,OK,1991,2020,30,CHIRPS_v2,UCSB-CHG/CHIRPS/DAILY,1991-2020,IBGE_2024
4321436,Terra de Areia,RS,142.304,1,jan,173.13970844077994,OK,1991,2020,30,CHIRPS_v2,UCSB-CHG/CHIRPS/DAILY,1991-2020,IBGE_2024
4305454,Cidreira,RS,243.419,1,jan,124.7078036373297,OK,1991,2020,30,CHIRPS_v2,UCSB-CHG/CHIRPS/DAILY,1991-2020,IBGE_2024
4304630,Capão da Canoa,RS,98.383,1,jan,159.33594402713848,OK,1991,2020,30,CHIRPS_v2,UCSB-CHG/CHIRPS/DAILY,1991-2020,IBGE_2024
4311775,Maquiné,RS,613.58,1,jan,176.78264507372242,OK,1991,2020,30,CHIRPS_v2,UCSB-CHG/CHIRPS/DAILY,1991-2020,IBGE_2024
4310652,Itati,RS,205.06,1,jan,198.85060502894376,OK,1991,2020,30,CHIRPS_v2,UCSB-CHG/CHIRPS/DAILY,1991-2020,IBGE_2024
4310108,Igrejinha,RS,138.116,1,jan,150.95435240635206,OK,1991,2020,30,CHIRPS_v2,UCSB-CHG/CHIRPS/DAILY,1991-2020,IBGE_2024
4314050,Parobé,RS,108.56,1,jan,139.19201409647158,OK,1991,2020,30,CHIRPS_v2,UCSB-CHG/CHIRPS/DAILY,1991-2020,IBGE_2024
4321709,Três Coroas,RS,168.124,1,jan,158.72498444719125,OK,1991,2020,30,CHIRPS_v2,UCSB-CHG/CHIRPS/DAILY,1991-2020,IBGE_2024
4321204,Taquara,RS,450.195,1,jan,142.61453224933996,OK,1991,2020,30,CHIRPS_v2,UCSB-CHG/CHIRPS/DAILY,1991-2020,IBGE_2024
4315750,Riozinho,RS,239.09,1,jan,172.18649429957424,OK,1991,2020,30,CHIRPS_v2,UCSB-CHG/CHIRPS/DAILY,1991-2020,IBGE_2024
4316006,Rolante,RS,296.09,1,jan,154.37229898622397,OK,1991,2020,30,CHIRPS_v2,UCSB-CHG/CHIRPS/DAILY,1991-2020,IBGE_2024
4300851,Arambaré,RS,518.193,1,jan,125.67906833795033,OK,1991,2020,30,CHIRPS_v2,UCSB-CHG/CHIRPS/DAILY,1991-2020,IBGE_2024
4300638,Amaral Ferrador,RS,506.071,1,jan,130.2148524638904,OK,1991,2020,30,CHIRPS_v2,UCSB-CHG/CHIRPS/DAILY,1991-2020,IBGE_2024
4306056,Cristal,RS,679.743,1,jan,128.87650123293065,OK,1991,2020,30,CHIRPS_v2,UCSB-CHG/CHIRPS/DAILY,1991-2020,IBGE_2024
4306502,Dom Feliciano,RS,1355.195,1,jan,136.67173019249833,OK,1991,2020,30,CHIRPS_v2,UCSB-CHG/CHIRPS/DAILY,1991-2020,IBGE_2024
4305173,Cerro Grande do Sul,RS,324.908,1,jan,141.71946703173677,OK,1991,2020,30,CHIRPS_v2,UCSB-CHG/CHIRPS/DAILY,1991-2020,IBGE_2024
4305447,Chuvisca,RS,220.471,1,jan,137.1715584830828,OK,1991,2020,30,CHIRPS_v2,UCSB-CHG/CHIRPS/DAILY,1991-2020,IBGE_2024
4321105,Tapes,RS,805.452,1,jan,129.24764346677267,OK,1991,2020,30,CHIRPS_v2,UCSB-CHG/CHIRPS/DAILY,1991-2020,IBGE_2024
4320354,Sentinela do Sul,RS,282.13,1,jan,135.42910419525796,OK,1991,2020,30,CHIRPS_v2,UCSB-CHG/CHIRPS/DAILY,1991-2020,IBGE_2024
4303509,Camaquã,RS,1678.991,1,jan,130.9758185302185,OK,1991,2020,30,CHIRPS_v2,UCSB-CHG/CHIRPS/DAILY,1991-2020,IBGE_2024
4302709,Butiá,RS,752.187,1,jan,130.07920326116445,OK,1991,2020,30,CHIRPS_v2,UCSB-CHG/CHIRPS/DAILY,1991-2020,IBGE_2024
4318408,São Jerônimo,RS,935.595,1,jan,137.53072480136248,OK,1991,2020,30,CHIRPS_v2,UCSB-CHG/CHIRPS/DAILY,1991-2020,IBGE_2024
4308805,General Câmara,RS,510.01,1,jan,132.91243414849518,OK,1991,2020,30,CHIRPS_v2,UCSB-CHG/CHIRPS/DAILY,1991-2020,IBGE_2024
4322004,Triunfo,RS,818.221,1,jan,133.31566984541692,OK,1991,2020,30,CHIRPS_v2,UCSB-CHG/CHIRPS/DAILY,1991-2020,IBGE_2024
4305355,Charqueadas,RS,217.362,1,jan,129.76561768632936,OK,1991,2020,30,CHIRPS_v2,UCSB-CHG/CHIRPS/DAILY,1991-2020,IBGE_2024
4312252,Minas do Leão,RS,424.339,1,jan,127.50712437679628,OK,1991,2020,30,CHIRPS_v2,UCSB-CHG/CHIRPS/DAILY,1991-2020,IBGE_2024
4318614,São José do Sul,RS,54.764,1,jan,145.74007564689143,OK,1991,2020,30,CHIRPS_v2,UCSB-CHG/CHIRPS/DAILY,1991-2020,IBGE_2024
4316501,Salvador do Sul,RS,99.026,1,jan,152.1648126789148,OK,1991,2020,30,CHIRPS_v2,UCSB-CHG/CHIRPS/DAILY,1991-2020,IBGE_2024
4314035,Pareci Novo,RS,57.5,1,jan,144.3774744598129,OK,1991,2020,30,CHIRPS_v2,UCSB-CHG/CHIRPS/DAILY,1991-2020,IBGE_2024
4312401,Montenegro,RS,425.159,1,jan,141.88407840819008,OK,1991,2020,30,CHIRPS_v2,UCSB-CHG/CHIRPS/DAILY,1991-2020,IBGE_2024
4311791,Maratá,RS,82.063,1,jan,145.09373163732465,OK,1991,2020,30,CHIRPS_v2,UCSB-CHG/CHIRPS/DAILY,1991-2020,IBGE_2024
4319356,São Pedro da Serra,RS,37.631,1,jan,156.88174925952245,OK,1991,2020,30,CHIRPS_v2,UCSB-CHG/CHIRPS/DAILY,1991-2020,IBGE_2024
4302659,Brochier,RS,105.353,1,jan,146.32811277165126,OK,1991,2020,30,CHIRPS_v2,UCSB-CHG/CHIRPS/DAILY,1991-2020,IBGE_2024
4301057,Arroio do Sal,RS,119.161,1,jan,158.7275332778754,OK,1991,2020,30,CHIRPS_v2,UCSB-CHG/CHIRPS/DAILY,1991-2020,IBGE_2024
4306551,Dom Pedro de Alcântara,RS,78.216,1,jan,159.0002919509754,OK,1991,2020,30,CHIRPS_v2,UCSB-CHG/CHIRPS/DAILY,1991-2020,IBGE_2024
4321501,Torres,RS,161.63,1,jan,156.86715848013492,OK,1991,2020,30,CHIRPS_v2,UCSB-CHG/CHIRPS/DAILY,1991-2020,IBGE_2024
4321832,Três Forquilhas,RS,217.386,1,jan,187.48681720195705,OK,1991,2020,30,CHIRPS_v2,UCSB-CHG/CHIRPS/DAILY,1991-2020,IBGE_2024
4321667,Três Cachoeiras,RS,251.483,1,jan,169.97553496541067,OK,1991,2020,30,CHIRPS_v2,UCSB-CHG/CHIRPS/DAILY,1991-2020,IBGE_2024
4312443,Morrinhos do Sul,RS,166.224,1,jan,180.9666854419091,OK,1991,2020,30,CHIRPS_v2,UCSB-CHG/CHIRPS/DAILY,1991-2020,IBGE_2024
4311734,Mampituba,RS,156.653,1,jan,187.16161962966194,OK,1991,2020,30,CHIRPS_v2,UCSB-CHG/CHIRPS/DAILY,1991-2020,IBGE_2024
4301073,Arroio do Padre,RS,124.693,1,jan,135.062720993404,OK,1991,2020,30,CHIRPS_v2,UCSB-CHG/CHIRPS/DAILY,1991-2020,IBGE_2024
4315602,Rio Grande,RS,2682.85,1,jan,110.97281281486856,OK,1991,2020,30,CHIRPS_v2,UCSB-CHG/CHIRPS/DAILY,1991-2020,IBGE_2024
4314407,Pelotas,RS,1608.78,1,jan,129.5592453203175,OK,1991,2020,30,CHIRPS_v2,UCSB-CHG/CHIRPS/DAILY,1991-2020,IBGE_2024
4304663,Capão do Leão,RS,783.197,1,jan,127.93279120788822,OK,1991,2020,30,CHIRPS_v2,UCSB-CHG/CHIRPS/DAILY,1991-2020,IBGE_2024
4311007,Jaguarão,RS,2051.845,1,jan,103.5261855865968,OK,1991,2020,30,CHIRPS_v2,UCSB-CHG/CHIRPS/DAILY,1991-2020,IBGE_2024
4318507,São José do Norte,RS,1072.338,1,jan,109.1768712528822,OK,1991,2020,30,CHIRPS_v2,UCSB-CHG/CHIRPS/DAILY,1991-2020,IBGE_2024
4317301,Santa Vitória do Palmar,RS,5206.977,1,jan,95.08067970048033,OK,1991,2020,30,CHIRPS_v2,UCSB-CHG/CHIRPS/DAILY,1991-2020,IBGE_2024
4301305,Arroio Grande,RS,2508.557,1,jan,111.49829933974203,OK,1991,2020,30,CHIRPS_v2,UCSB-CHG/CHIRPS/DAILY,1991-2020,IBGE_2024
4307104,Herval,RS,1759.717,1,jan,114.38541745252853,OK,1991,2020,30,CHIRPS_v2,UCSB-CHG/CHIRPS/DAILY,1991-2020,IBGE_2024
4314209,Pedro Osório,RS,603.757,1,jan,121.37256256494696,OK,1991,2020,30,CHIRPS_v2,UCSB-CHG/CHIRPS/DAILY,1991-2020,IBGE_2024
4314605,Piratini,RS,3539.343,1,jan,132.00907249258435,OK,1991,2020,30,CHIRPS_v2,UCSB-CHG/CHIRPS/DAILY,1991-2020,IBGE_2024
4322327,Turuçu,RS,253.635,1,jan,120.39663460619525,OK,1991,2020,30,CHIRPS_v2,UCSB-CHG/CHIRPS/DAILY,1991-2020,IBGE_2024
4305124,Cerrito,RS,451.699,1,jan,128.62280894568926,OK,1991,2020,30,CHIRPS_v2,UCSB-CHG/CHIRPS/DAILY,1991-2020,IBGE_2024
4305439,Chuí,RS,202.387,1,jan,90.49518223279259,OK,1991,2020,30,CHIRPS_v2,UCSB-CHG/CHIRPS/DAILY,1991-2020,IBGE_2024
4304507,Canguçu,RS,3527.541,1,jan,140.12661166659728,OK,1991,2020,30,CHIRPS_v2,UCSB-CHG/CHIRPS/DAILY,1991-2020,IBGE_2024
4312450,Morro Redondo,RS,244.644,1,jan,131.45976781695867,OK,1991,2020,30,CHIRPS_v2,UCSB-CHG/CHIRPS/DAILY,1991-2020,IBGE_2024
4318804,São Lourenço do Sul,RS,2039.434,1,jan,128.14599207132846,OK,1991,2020,30,CHIRPS_v2,UCSB-CHG/CHIRPS/DAILY,1991-2020,IBGE_2024
4301602,Bagé,RS,4091.554,1,jan,128.8574952701704,OK,1991,2020,30,CHIRPS_v2,UCSB-CHG/CHIRPS/DAILY,1991-2020,IBGE_2024
4309654,Hulha Negra,RS,822.608,1,jan,120.67742119272096,OK,1991,2020,30,CHIRPS_v2,UCSB-CHG/CHIRPS/DAILY,1991-2020,IBGE_2024
4300034,Aceguá,RS,1551.339,1,jan,112.2425258617075,OK,1991,2020,30,CHIRPS_v2,UCSB-CHG/CHIRPS/DAILY,1991-2020,IBGE_2024
4304358,Candiota,RS,933.628,1,jan,118.60327781501859,OK,1991,2020,30,CHIRPS_v2,UCSB-CHG/CHIRPS/DAILY,1991-2020,IBGE_2024
4306601,Dom Pedrito,RS,5194.051,1,jan,131.72269481529386,OK,1991,2020,30,CHIRPS_v2,UCSB-CHG/CHIRPS/DAILY,1991-2020,IBGE_2024
4314506,Pinheiro Machado,RS,2249.324,1,jan,128.33910253258117,OK,1991,2020,30,CHIRPS_v2,UCSB-CHG/CHIRPS/DAILY,1991-2020,IBGE_2024
4314175,Pedras Altas,RS,1373.985,1,jan,113.04321547994101,OK,1991,2020,30,CHIRPS_v2,UCSB-CHG/CHIRPS/DAILY,1991-2020,IBGE_2024
4310538,Itaara,RS,172.801,1,jan,166.2448401990006,OK,1991,2020,30,CHIRPS_v2,UCSB-CHG/CHIRPS/DAILY,1991-2020,IBGE_2024
4316907,Santa Maria,RS,1780.194,1,jan,153.90129929685935,OK,1991,2020,30,CHIRPS_v2,UCSB-CHG/CHIRPS/DAILY,1991-2020,IBGE_2024
4311106,Jaguari,RS,675.108,1,jan,158.84576838674636,OK,1991,2020,30,CHIRPS_v2,UCSB-CHG/CHIRPS/DAILY,1991-2020,IBGE_2024
4302907,Cacequi,RS,2373.513,1,jan,146.34744904818797,OK,1991,2020,30,CHIRPS_v2,UCSB-CHG/CHIRPS/DAILY,1991-2020,IBGE_2024
4319125,São Martinho da Serra,RS,669.547,1,jan,165.0849293072931,OK,1991,2020,30,CHIRPS_v2,UCSB-CHG/CHIRPS/DAILY,1991-2020,IBGE_2024
4318432,São João do Polêsine,RS,78.32,1,jan,164.85165749043486,OK,1991,2020,30,CHIRPS_v2,UCSB-CHG/CHIRPS/DAILY,1991-2020,IBGE_2024
4300109,Agudo,RS,534.624,1,jan,160.4401253813419,OK,1991,2020,30,CHIRPS_v2,UCSB-CHG/CHIRPS/DAILY,1991-2020,IBGE_2024
4308409,Formigueiro,RS,578.875,1,jan,147.87778545267352,OK,1991,2020,30,CHIRPS_v2,UCSB-CHG/CHIRPS/DAILY,1991-2020,IBGE_2024
4308003,Faxinal do Soturno,RS,169.514,1,jan,163.04496204623865,OK,1991,2020,30,CHIRPS_v2,UCSB-CHG/CHIRPS/DAILY,1991-2020,IBGE_2024
4315321,Quevedos,RS,543.359,1,jan,165.66136413954422,OK,1991,2020,30,CHIRPS_v2,UCSB-CHG/CHIRPS/DAILY,1991-2020,IBGE_2024
4315503,Restinga Sêca,RS,968.62,1,jan,151.57322731857855,OK,1991,2020,30,CHIRPS_v2,UCSB-CHG/CHIRPS/DAILY,1991-2020,IBGE_2024
4306700,Dona Francisca,RS,114.149,1,jan,162.0046003768805,OK,1991,2020,30,CHIRPS_v2,UCSB-CHG/CHIRPS/DAILY,1991-2020,IBGE_2024
4306379,Dilermando de Aguiar,RS,600.518,1,jan,148.00347370199552,OK,1991,2020,30,CHIRPS_v2,UCSB-CHG/CHIRPS/DAILY,1991-2020,IBGE_2024
4314472,Pinhal Grande,RS,478.11,1,jan,168.70317683713074,OK,1991,2020,30,CHIRPS_v2,UCSB-CHG/CHIRPS/DAILY,1991-2020,IBGE_2024
4321493,Toropi,RS,198.316,1,jan,163.43305063205807,OK,1991,2020,30,CHIRPS_v2,UCSB-CHG/CHIRPS/DAILY,1991-2020,IBGE_2024
4313102,Nova Palma,RS,314.613,1,jan,165.01826165665346,OK,1991,2020,30,CHIRPS_v2,UCSB-CHG/CHIRPS/DAILY,1991-2020,IBGE_2024
4320651,Silveira Martins,RS,119.285,1,jan,166.801289236111,OK,1991,2020,30,CHIRPS_v2,UCSB-CHG/CHIRPS/DAILY,1991-2020,IBGE_2024
4312104,Mata,RS,316.121,1,jan,153.9996520011867,OK,1991,2020,30,CHIRPS_v2,UCSB-CHG/CHIRPS/DAILY,1991-2020,IBGE_2024
4311130,Jari,RS,853.08,1,jan,169.01677344636573,OK,1991,2020,30,CHIRPS_v2,UCSB-CHG/CHIRPS/DAILY,1991-2020,IBGE_2024
4319406,São Pedro do Sul,RS,873.394,1,jan,152.18961434425916,OK,1991,2020,30,CHIRPS_v2,UCSB-CHG/CHIRPS/DAILY,1991-2020,IBGE_2024
4311205,Júlio de Castilhos,RS,1929.544,1,jan,166.64012873310864,OK,1991,2020,30,CHIRPS_v2,UCSB-CHG/CHIRPS/DAILY,1991-2020,IBGE_2024
4319802,São Vicente do Sul,RS,1174.225,1,jan,145.49757268190112,OK,1991,2020,30,CHIRPS_v2,UCSB-CHG/CHIRPS/DAILY,1991-2020,IBGE_2024
4319604,São Sepé,RS,2204.779,1,jan,148.8588464986826,OK,1991,2020,30,CHIRPS_v2,UCSB-CHG/CHIRPS/DAILY,1991-2020,IBGE_2024
4310751,Ivorá,RS,122.93,1,jan,167.42668594687566,OK,1991,2020,30,CHIRPS_v2,UCSB-CHG/CHIRPS/DAILY,1991-2020,IBGE_2024
4302808,Caçapava do Sul,RS,3046.787,1,jan,145.07230425672577,OK,1991,2020,30,CHIRPS_v2,UCSB-CHG/CHIRPS/DAILY,1991-2020,IBGE_2024
4318309,São Gabriel,RS,5053.459,1,jan,143.8945551648468,OK,1991,2020,30,CHIRPS_v2,UCSB-CHG/CHIRPS/DAILY,1991-2020,IBGE_2024
4316972,Santa Margarida do Sul,RS,955.299,1,jan,144.59605619279577,OK,1991,2020,30,CHIRPS_v2,UCSB-CHG/CHIRPS/DAILY,1991-2020,IBGE_2024
4317004,Santana da Boa Vista,RS,1418.758,1,jan,138.92940450126557,OK,1991,2020,30,CHIRPS_v2,UCSB-CHG/CHIRPS/DAILY,1991-2020,IBGE_2024
4323457,Vila Nova do Sul,RS,508.278,1,jan,150.74917747749663,OK,1991,2020,30,CHIRPS_v2,UCSB-CHG/CHIRPS/DAILY,1991-2020,IBGE_2024
4311502,Lavras do Sul,RS,2600.991,1,jan,143.49441953457548,OK,1991,2020,30,CHIRPS_v2,UCSB-CHG/CHIRPS/DAILY,1991-2020,IBGE_2024
4314027,Paraíso do Sul,RS,337.534,1,jan,158.1715020417945,OK,1991,2020,30,CHIRPS_v2,UCSB-CHG/CHIRPS/DAILY,1991-2020,IBGE_2024
4305132,Cerro Branco,RS,158.025,1,jan,167.06655899141165,OK,1991,2020,30,CHIRPS_v2,UCSB-CHG/CHIRPS/DAILY,1991-2020,IBGE_2024
4313391,Novo Cabrais,RS,192.998,1,jan,152.87602556492206,OK,1991,2020,30,CHIRPS_v2,UCSB-CHG/CHIRPS/DAILY,1991-2020,IBGE_2024
4303004,Cachoeira do Sul,RS,3736.064,1,jan,141.23166778529438,OK,1991,2020,30,CHIRPS_v2,UCSB-CHG/CHIRPS/DAILY,1991-2020,IBGE_2024
4317400,Santiago,RS,2413.419,1,jan,170.71673996077817,OK,1991,2020,30,CHIRPS_v2,UCSB-CHG/CHIRPS/DAILY,1991-2020,IBGE_2024
4322376,Unistalda,RS,602.26,1,jan,166.1954097113063,OK,1991,2020,30,CHIRPS_v2,UCSB-CHG/CHIRPS/DAILY,1991-2020,IBGE_2024
4304655,Capão do Cipó,RS,1007.796,1,jan,167.55898316412734,OK,1991,2020,30,CHIRPS_v2,UCSB-CHG/CHIRPS/DAILY,1991-2020,IBGE_2024
4313037,Nova Esperança do Sul,RS,191.772,1,jan,167.98889086169612,OK,1991,2020,30,CHIRPS_v2,UCSB-CHG/CHIRPS/DAILY,1991-2020,IBGE_2024
4300406,Alegrete,RS,7800.552,1,jan,149.4609361631104,OK,1991,2020,30,CHIRPS_v2,UCSB-CHG/CHIRPS/DAILY,1991-2020,IBGE_2024
4311759,Manoel Viana,RS,1365.086,1,jan,155.36586707709296,OK,1991,2020,30,CHIRPS_v2,UCSB-CHG/CHIRPS/DAILY,1991-2020,IBGE_2024
4317103,Sant'Ana do Livramento,RS,6946.407,1,jan,145.77673339267147,OK,1991,2020,30,CHIRPS_v2,UCSB-CHG/CHIRPS/DAILY,1991-2020,IBGE_2024
4316402,Rosário do Sul,RS,4343.651,1,jan,144.1012684803774,OK,1991,2020,30,CHIRPS_v2,UCSB-CHG/CHIRPS/DAILY,1991-2020,IBGE_2024
4315305,Quaraí,RS,3139.995,1,jan,149.83708628535678,OK,1991,2020,30,CHIRPS_v2,UCSB-CHG/CHIRPS/DAILY,1991-2020,IBGE_2024
4310207,Ijuí,RS,688.982,1,jan,173.8405648673244,OK,1991,2020,30,CHIRPS_v2,UCSB-CHG/CHIRPS/DAILY,1991-2020,IBGE_2024
4310413,Inhacorá,RS,113.703,1,jan,170.5109674905405,OK,1991,2020,30,CHIRPS_v2,UCSB-CHG/CHIRPS/DAILY,1991-2020,IBGE_2024
4317806,Santo Augusto,RS,467.775,1,jan,174.39796251211723,OK,1991,2020,30,CHIRPS_v2,UCSB-CHG/CHIRPS/DAILY,1991-2020,IBGE_2024
4301503,Augusto Pestana,RS,348.219,1,jan,168.9160720958283,OK,1991,2020,30,CHIRPS_v2,UCSB-CHG/CHIRPS/DAILY,1991-2020,IBGE_2024
4300208,Ajuricaba,RS,322.674,1,jan,172.40563785977255,OK,1991,2020,30,CHIRPS_v2,UCSB-CHG/CHIRPS/DAILY,1991-2020,IBGE_2024
4314308,Pejuçara,RS,414.106,1,jan,169.13072985945834,OK,1991,2020,30,CHIRPS_v2,UCSB-CHG/CHIRPS/DAILY,1991-2020,IBGE_2024
4313904,Panambi,RS,491.57,1,jan,171.66356887272175,OK,1991,2020,30,CHIRPS_v2,UCSB-CHG/CHIRPS/DAILY,1991-2020,IBGE_2024
4305702,Condor,RS,463.568,1,jan,173.1492114708026,OK,1991,2020,30,CHIRPS_v2,UCSB-CHG/CHIRPS/DAILY,1991-2020,IBGE_2024
4305900,Coronel Bicaco,RS,492.303,1,jan,176.147394058831,OK,1991,2020,30,CHIRPS_v2,UCSB-CHG/CHIRPS/DAILY,1991-2020,IBGE_2024
4305871,Coronel Barros,RS,163.716,1,jan,173.41485013818047,OK,1991,2020,30,CHIRPS_v2,UCSB-CHG/CHIRPS/DAILY,1991-2020,IBGE_2024
4313334,Nova Ramada,RS,255.264,1,jan,171.92901293274673,OK,1991,2020,30,CHIRPS_v2,UCSB-CHG/CHIRPS/DAILY,1991-2020,IBGE_2024
4305009,Catuípe,RS,583.18,1,jan,175.77187438008988,OK,1991,2020,30,CHIRPS_v2,UCSB-CHG/CHIRPS/DAILY,1991-2020,IBGE_2024
4305405,Chiapetta,RS,397.179,1,jan,172.78911662108064,OK,1991,2020,30,CHIRPS_v2,UCSB-CHG/CHIRPS/DAILY,1991-2020,IBGE_2024
4311155,Jóia,RS,1238.709,1,jan,163.30327022828791,OK,1991,2020,30,CHIRPS_v2,UCSB-CHG/CHIRPS/DAILY,1991-2020,IBGE_2024
4319737,São Valério do Sul,RS,107.402,1,jan,171.10278696324443,OK,1991,2020,30,CHIRPS_v2,UCSB-CHG/CHIRPS/DAILY,1991-2020,IBGE_2024
4302584,Bozano,RS,200.497,1,jan,173.05277203254593,OK,1991,2020,30,CHIRPS_v2,UCSB-CHG/CHIRPS/DAILY,1991-2020,IBGE_2024
4317905,Santo Cristo,RS,367.069,1,jan,169.03800003159122,OK,1991,2020,30,CHIRPS_v2,UCSB-CHG/CHIRPS/DAILY,1991-2020,IBGE_2024
4317202,Santa Rosa,RS,489.303,1,jan,168.79240999611613,OK,1991,2020,30,CHIRPS_v2,UCSB-CHG/CHIRPS/DAILY,1991-2020,IBGE_2024
4300307,Alecrim,RS,316.394,1,jan,167.92588573438744,OK,1991,2020,30,CHIRPS_v2,UCSB-CHG/CHIRPS/DAILY,1991-2020,IBGE_2024
4315008,Porto Lucena,RS,250.809,1,jan,166.87574537499387,OK,1991,2020,30,CHIRPS_v2,UCSB-CHG/CHIRPS/DAILY,1991-2020,IBGE_2024
4315073,Porto Vera Cruz,RS,114.349,1,jan,166.29978723823464,OK,1991,2020,30,CHIRPS_v2,UCSB-CHG/CHIRPS/DAILY,1991-2020,IBGE_2024
4315057,Porto Mauá,RS,105.811,1,jan,163.72317319621033,OK,1991,2020,30,CHIRPS_v2,UCSB-CHG/CHIRPS/DAILY,1991-2020,IBGE_2024
4322103,Tucunduva,RS,181.198,1,jan,162.23049450682697,OK,1991,2020,30,CHIRPS_v2,UCSB-CHG/CHIRPS/DAILY,1991-2020,IBGE_2024
4322301,Tuparendi,RS,307.71,1,jan,166.8882516703949,OK,1991,2020,30,CHIRPS_v2,UCSB-CHG/CHIRPS/DAILY,1991-2020,IBGE_2024
4313425,Novo Machado,RS,218.836,1,jan,161.82123043109732,OK,1991,2020,30,CHIRPS_v2,UCSB-CHG/CHIRPS/DAILY,1991-2020,IBGE_2024
4304309,Cândido Godói,RS,247.196,1,jan,169.35496579969745,OK,1991,2020,30,CHIRPS_v2,UCSB-CHG/CHIRPS/DAILY,1991-2020,IBGE_2024
4320321,Senador Salgado Filho,RS,147.086,1,jan,170.02269104398414,OK,1991,2020,30,CHIRPS_v2,UCSB-CHG/CHIRPS/DAILY,1991-2020,IBGE_2024
4303707,Campina das Missões,RS,224.792,1,jan,167.01006548677714,OK,1991,2020,30,CHIRPS_v2,UCSB-CHG/CHIRPS/DAILY,1991-2020,IBGE_2024
4319158,São Miguel das Missões,RS,1228.91,1,jan,161.0580615983372,OK,1991,2020,30,CHIRPS_v2,UCSB-CHG/CHIRPS/DAILY,1991-2020,IBGE_2024
4317509,Santo Ângelo,RS,678.501,1,jan,170.29317615548908,OK,1991,2020,30,CHIRPS_v2,UCSB-CHG/CHIRPS/DAILY,1991-2020,IBGE_2024
4309506,Guarani das Missões,RS,289.515,1,jan,166.50348154033216,OK,1991,2020,30,CHIRPS_v2,UCSB-CHG/CHIRPS/DAILY,1991-2020,IBGE_2024
4309001,Giruá,RS,855.56,1,jan,173.67385849802756,OK,1991,2020,30,CHIRPS_v2,UCSB-CHG/CHIRPS/DAILY,1991-2020,IBGE_2024
4307831,Eugênio de Castro,RS,417.821,1,jan,166.20006199708578,OK,1991,2020,30,CHIRPS_v2,UCSB-CHG/CHIRPS/DAILY,1991-2020,IBGE_2024
4323754,Vitória das Missões,RS,258.454,1,jan,163.02262920719951,OK,1991,2020,30,CHIRPS_v2,UCSB-CHG/CHIRPS/DAILY,1991-2020,IBGE_2024
4306932,Entre-Ijuís,RS,553.915,1,jan,167.32728659245882,OK,1991,2020,30,CHIRPS_v2,UCSB-CHG/CHIRPS/DAILY,1991-2020,IBGE_2024
4320578,Sete de Setembro,RS,131.66,1,jan,170.76228997086025,OK,1991,2020,30,CHIRPS_v2,UCSB-CHG/CHIRPS/DAILY,1991-2020,IBGE_2024
4319109,São Martinho,RS,171.245,1,jan,169.81060905065445,OK,1991,2020,30,CHIRPS_v2,UCSB-CHG/CHIRPS/DAILY,1991-2020,IBGE_2024
4302378,Bom Progresso,RS,89.206,1,jan,175.43364784914556,OK,1991,2020,30,CHIRPS_v2,UCSB-CHG/CHIRPS/DAILY,1991-2020,IBGE_2024
4309704,Humaitá,RS,135.01,1,jan,170.93598388058558,OK,1991,2020,30,CHIRPS_v2,UCSB-CHG/CHIRPS/DAILY,1991-2020,IBGE_2024
4301859,Barra do Guarita,RS,62.801,1,jan,181.19200203099186,OK,1991,2020,30,CHIRPS_v2,UCSB-CHG/CHIRPS/DAILY,1991-2020,IBGE_2024
4315404,Redentora,RS,303.705,1,jan,178.94341133051412,OK,1991,2020,30,CHIRPS_v2,UCSB-CHG/CHIRPS/DAILY,1991-2020,IBGE_2024
4307450,Esperança do Sul,RS,148.909,1,jan,174.57993459679383,OK,1991,2020,30,CHIRPS_v2,UCSB-CHG/CHIRPS/DAILY,1991-2020,IBGE_2024
4323705,Vista Gaúcha,RS,90.022,1,jan,181.69158684047125,OK,1991,2020,30,CHIRPS_v2,UCSB-CHG/CHIRPS/DAILY,1991-2020,IBGE_2024
4306007,Crissiumal,RS,362.032,1,jan,164.6031470790623,OK,1991,2020,30,CHIRPS_v2,UCSB-CHG/CHIRPS/DAILY,1991-2020,IBGE_2024
4306320,Derrubadas,RS,360.851,1,jan,181.82262781522687,OK,1991,2020,30,CHIRPS_v2,UCSB-CHG/CHIRPS/DAILY,1991-2020,IBGE_2024
4321907,Três Passos,RS,268.902,1,jan,175.01120768587188,OK,1991,2020,30,CHIRPS_v2,UCSB-CHG/CHIRPS/DAILY,1991-2020,IBGE_2024
4321402,Tenente Portela,RS,337.495,1,jan,179.1199167493362,OK,1991,2020,30,CHIRPS_v2,UCSB-CHG/CHIRPS/DAILY,1991-2020,IBGE_2024
4321477,Tiradentes do Sul,RS,236.653,1,jan,168.65326431442168,OK,1991,2020,30,CHIRPS_v2,UCSB-CHG/CHIRPS/DAILY,1991-2020,IBGE_2024
4312302,Miraguaí,RS,131.236,1,jan,179.04563859547224,OK,1991,2020,30,CHIRPS_v2,UCSB-CHG/CHIRPS/DAILY,1991-2020,IBGE_2024
4304002,Campo Novo,RS,220.719,1,jan,175.24911742161876,OK,1991,2020,30,CHIRPS_v2,UCSB-CHG/CHIRPS/DAILY,1991-2020,IBGE_2024
4320230,Sede Nova,RS,119.312,1,jan,173.19162447071218,OK,1991,2020,30,CHIRPS_v2,UCSB-CHG/CHIRPS/DAILY,1991-2020,IBGE_2024
4302600,Braga,RS,132.044,1,jan,176.86383395913683,OK,1991,2020,30,CHIRPS_v2,UCSB-CHG/CHIRPS/DAILY,1991-2020,IBGE_2024
4302501,Bossoroca,RS,1610.056,1,jan,163.17476685287699,OK,1991,2020,30,CHIRPS_v2,UCSB-CHG/CHIRPS/DAILY,1991-2020,IBGE_2024
4319208,São Nicolau,RS,497.446,1,jan,163.68533165671258,OK,1991,2020,30,CHIRPS_v2,UCSB-CHG/CHIRPS/DAILY,1991-2020,IBGE_2024
4315958,Rolador,RS,295.201,1,jan,171.6044235734698,OK,1991,2020,30,CHIRPS_v2,UCSB-CHG/CHIRPS/DAILY,1991-2020,IBGE_2024
4314555,Pirapó,RS,281.794,1,jan,168.61877078082398,OK,1991,2020,30,CHIRPS_v2,UCSB-CHG/CHIRPS/DAILY,1991-2020,IBGE_2024
4306353,Dezesseis de Novembro,RS,216.341,1,jan,172.0252778411786,OK,1991,2020,30,CHIRPS_v2,UCSB-CHG/CHIRPS/DAILY,1991-2020,IBGE_2024
4303301,Caibaté,RS,261.28,1,jan,166.7706840481135,OK,1991,2020,30,CHIRPS_v2,UCSB-CHG/CHIRPS/DAILY,1991-2020,IBGE_2024
4318903,São Luiz Gonzaga,RS,1296.773,1,jan,169.74258537903944,OK,1991,2020,30,CHIRPS_v2,UCSB-CHG/CHIRPS/DAILY,1991-2020,IBGE_2024
4318499,São José do Inhacorá,RS,77.743,1,jan,165.49593618428017,OK,1991,2020,30,CHIRPS_v2,UCSB-CHG/CHIRPS/DAILY,1991-2020,IBGE_2024
4310405,Independência,RS,358.397,1,jan,168.94810676532293,OK,1991,2020,30,CHIRPS_v2,UCSB-CHG/CHIRPS/DAILY,1991-2020,IBGE_2024
4302204,Boa Vista do Buricá,RS,109.498,1,jan,164.22860040248165,OK,1991,2020,30,CHIRPS_v2,UCSB-CHG/CHIRPS/DAILY,1991-2020,IBGE_2024
4309605,Horizontina,RS,229.798,1,jan,162.779256672097,OK,1991,2020,30,CHIRPS_v2,UCSB-CHG/CHIRPS/DAILY,1991-2020,IBGE_2024
4300455,Alegria,RS,172.686,1,jan,167.95481350526262,OK,1991,2020,30,CHIRPS_v2,UCSB-CHG/CHIRPS/DAILY,1991-2020,IBGE_2024
4306734,Doutor Maurício Cardoso,RS,255.799,1,jan,160.57087370725475,OK,1991,2020,30,CHIRPS_v2,UCSB-CHG/CHIRPS/DAILY,1991-2020,IBGE_2024
4321808,Três de Maio,RS,421.604,1,jan,166.41805516029004,OK,1991,2020,30,CHIRPS_v2,UCSB-CHG/CHIRPS/DAILY,1991-2020,IBGE_2024
4313011,Nova Candelária,RS,97.5,1,jan,162.89692560850008,OK,1991,2020,30,CHIRPS_v2,UCSB-CHG/CHIRPS/DAILY,1991-2020,IBGE_2024
4316477,Salvador das Missões,RS,95.952,1,jan,168.44250199193638,OK,1991,2020,30,CHIRPS_v2,UCSB-CHG/CHIRPS/DAILY,1991-2020,IBGE_2024
4316303,Roque Gonzales,RS,349.084,1,jan,167.99833747036976,OK,1991,2020,30,CHIRPS_v2,UCSB-CHG/CHIRPS/DAILY,1991-2020,IBGE_2024
4315107,Porto Xavier,RS,281.497,1,jan,169.69688669866642,OK,1991,2020,30,CHIRPS_v2,UCSB-CHG/CHIRPS/DAILY,1991-2020,IBGE_2024
4322343,Ubiretama,RS,125.95,1,jan,167.51968701048318,OK,1991,2020,30,CHIRPS_v2,UCSB-CHG/CHIRPS/DAILY,1991-2020,IBGE_2024
4305207,Cerro Largo,RS,176.742,1,jan,167.03179767525555,OK,1991,2020,30,CHIRPS_v2,UCSB-CHG/CHIRPS/DAILY,1991-2020,IBGE_2024
4312179,Mato Queimado,RS,114.653,1,jan,165.89748020993247,OK,1991,2020,30,CHIRPS_v2,UCSB-CHG/CHIRPS/DAILY,1991-2020,IBGE_2024
4319307,São Paulo das Missões,RS,222.504,1,jan,173.0183795662354,OK,1991,2020,30,CHIRPS_v2,UCSB-CHG/CHIRPS/DAILY,1991-2020,IBGE_2024
4319372,São Pedro do Butiá,RS,107.394,1,jan,169.0740052146214,OK,1991,2020,30,CHIRPS_v2,UCSB-CHG/CHIRPS/DAILY,1991-2020,IBGE_2024
4314100,Passo Fundo,RS,784.406,1,jan,162.25193907386114,OK,1991,2020,30,CHIRPS_v2,UCSB-CHG/CHIRPS/DAILY,1991-2020,IBGE_2024
4300554,Alto Alegre,RS,115.335,1,jan,159.08270617317672,OK,1991,2020,30,CHIRPS_v2,UCSB-CHG/CHIRPS/DAILY,1991-2020,IBGE_2024
4316105,Ronda Alta,RS,418.675,1,jan,175.40902630613147,OK,1991,2020,30,CHIRPS_v2,UCSB-CHG/CHIRPS/DAILY,1991-2020,IBGE_2024
4307054,Ernestina,RS,238.558,1,jan,166.11988850833222,OK,1991,2020,30,CHIRPS_v2,UCSB-CHG/CHIRPS/DAILY,1991-2020,IBGE_2024
4307500,Espumoso,RS,783.642,1,jan,164.83385875215907,OK,1991,2020,30,CHIRPS_v2,UCSB-CHG/CHIRPS/DAILY,1991-2020,IBGE_2024
4314779,Pontão,RS,502.709,1,jan,175.22359909301986,OK,1991,2020,30,CHIRPS_v2,UCSB-CHG/CHIRPS/DAILY,1991-2020,IBGE_2024
4323200,Victor Graeff,RS,238.133,1,jan,169.55326919244212,OK,1991,2020,30,CHIRPS_v2,UCSB-CHG/CHIRPS/DAILY,1991-2020,IBGE_2024
4305975,Coxilha,RS,422.101,1,jan,168.63310356858184,OK,1991,2020,30,CHIRPS_v2,UCSB-CHG/CHIRPS/DAILY,1991-2020,IBGE_2024
4321469,Tio Hugo,RS,113.944,1,jan,165.61007516125466,OK,1991,2020,30,CHIRPS_v2,UCSB-CHG/CHIRPS/DAILY,1991-2020,IBGE_2024
4321857,Três Palmeiras,RS,180.599,1,jan,174.53064289159283,OK,1991,2020,30,CHIRPS_v2,UCSB-CHG/CHIRPS/DAILY,1991-2020,IBGE_2024
4321006,Tapera,RS,179.935,1,jan,166.3786300635854,OK,1991,2020,30,CHIRPS_v2,UCSB-CHG/CHIRPS/DAILY,1991-2020,IBGE_2024
4312674,Nicolau Vergueiro,RS,154.995,1,jan,165.98645228743692,OK,1991,2020,30,CHIRPS_v2,UCSB-CHG/CHIRPS/DAILY,1991-2020,IBGE_2024
4320503,Sertão,RS,440.631,1,jan,173.44472044580272,OK,1991,2020,30,CHIRPS_v2,UCSB-CHG/CHIRPS/DAILY,1991-2020,IBGE_2024
4304101,Campos Borges,RS,226.202,1,jan,155.60692729722206,OK,1991,2020,30,CHIRPS_v2,UCSB-CHG/CHIRPS/DAILY,1991-2020,IBGE_2024
4312138,Mato Castelhano,RS,238.268,1,jan,166.41958993409932,OK,1991,2020,30,CHIRPS_v2,UCSB-CHG/CHIRPS/DAILY,1991-2020,IBGE_2024
4311270,Lagoa dos Três Cantos,RS,138.602,1,jan,169.71439126409322,OK,1991,2020,30,CHIRPS_v2,UCSB-CHG/CHIRPS/DAILY,1991-2020,IBGE_2024
4310702,Itatiba do Sul,RS,212.669,1,jan,185.16941258719518,OK,1991,2020,30,CHIRPS_v2,UCSB-CHG/CHIRPS/DAILY,1991-2020,IBGE_2024
4310900,Jacutinga,RS,178.009,1,jan,174.41706755636008,OK,1991,2020,30,CHIRPS_v2,UCSB-CHG/CHIRPS/DAILY,1991-2020,IBGE_2024
4302055,Benjamin Constant do Sul,RS,132.351,1,jan,175.47706195684628,OK,1991,2020,30,CHIRPS_v2,UCSB-CHG/CHIRPS/DAILY,1991-2020,IBGE_2024
4301925,Barra do Rio Azul,RS,146.995,1,jan,186.7211763111434,OK,1991,2020,30,CHIRPS_v2,UCSB-CHG/CHIRPS/DAILY,1991-2020,IBGE_2024
4310462,Ipiranga do Sul,RS,158.71,1,jan,174.59430636144972,OK,1991,2020,30,CHIRPS_v2,UCSB-CHG/CHIRPS/DAILY,1991-2020,IBGE_2024
4301552,Áurea,RS,156.727,1,jan,182.90521866367837,OK,1991,2020,30,CHIRPS_v2,UCSB-CHG/CHIRPS/DAILY,1991-2020,IBGE_2024
4301701,Barão de Cotegipe,RS,260.505,1,jan,179.85640746772071,OK,1991,2020,30,CHIRPS_v2,UCSB-CHG/CHIRPS/DAILY,1991-2020,IBGE_2024
4300901,Aratiba,RS,342.279,1,jan,188.1613705985687,OK,1991,2020,30,CHIRPS_v2,UCSB-CHG/CHIRPS/DAILY,1991-2020,IBGE_2024
4308706,Gaurama,RS,204.428,1,jan,183.7603316313133,OK,1991,2020,30,CHIRPS_v2,UCSB-CHG/CHIRPS/DAILY,1991-2020,IBGE_2024
4308904,Getúlio Vargas,RS,287.466,1,jan,176.99475883678898,OK,1991,2020,30,CHIRPS_v2,UCSB-CHG/CHIRPS/DAILY,1991-2020,IBGE_2024
4308250,Floriano Peixoto,RS,168.521,1,jan,178.88619887522427,OK,1991,2020,30,CHIRPS_v2,UCSB-CHG/CHIRPS/DAILY,1991-2020,IBGE_2024
4308052,Faxinalzinho,RS,143.321,1,jan,177.73691125878636,OK,1991,2020,30,CHIRPS_v2,UCSB-CHG/CHIRPS/DAILY,1991-2020,IBGE_2024
4307559,Estação,RS,99.757,1,jan,176.15056551382713,OK,1991,2020,30,CHIRPS_v2,UCSB-CHG/CHIRPS/DAILY,1991-2020,IBGE_2024
4307203,Erval Grande,RS,285.677,1,jan,181.43702537517242,OK,1991,2020,30,CHIRPS_v2,UCSB-CHG/CHIRPS/DAILY,1991-2020,IBGE_2024
4315313,Quatro Irmãos,RS,268.971,1,jan,174.49013389341394,OK,1991,2020,30,CHIRPS_v2,UCSB-CHG/CHIRPS/DAILY,1991-2020,IBGE_2024
4322905,Viadutos,RS,266.67,1,jan,186.40159362196215,OK,1991,2020,30,CHIRPS_v2,UCSB-CHG/CHIRPS/DAILY,1991-2020,IBGE_2024
4314787,Ponte Preta,RS,99.504,1,jan,175.09594256262807,OK,1991,2020,30,CHIRPS_v2,UCSB-CHG/CHIRPS/DAILY,1991-2020,IBGE_2024
4307005,Erechim,RS,429.164,1,jan,181.19223643323116,OK,1991,2020,30,CHIRPS_v2,UCSB-CHG/CHIRPS/DAILY,1991-2020,IBGE_2024
4306973,Erebango,RS,152.793,1,jan,177.0199745496395,OK,1991,2020,30,CHIRPS_v2,UCSB-CHG/CHIRPS/DAILY,1991-2020,IBGE_2024
4306957,Entre Rios do Sul,RS,119.912,1,jan,172.1280064198883,OK,1991,2020,30,CHIRPS_v2,UCSB-CHG/CHIRPS/DAILY,1991-2020,IBGE_2024
4306130,Cruzaltense,RS,166.883,1,jan,171.68626885051358,OK,1991,2020,30,CHIRPS_v2,UCSB-CHG/CHIRPS/DAILY,1991-2020,IBGE_2024
4314134,Paulo Bento,RS,149.669,1,jan,177.01029151301861,OK,1991,2020,30,CHIRPS_v2,UCSB-CHG/CHIRPS/DAILY,1991-2020,IBGE_2024
4305116,Centenário,RS,134.78,1,jan,180.92982778402194,OK,1991,2020,30,CHIRPS_v2,UCSB-CHG/CHIRPS/DAILY,1991-2020,IBGE_2024
4321634,Três Arroios,RS,148.601,1,jan,184.68473874003482,OK,1991,2020,30,CHIRPS_v2,UCSB-CHG/CHIRPS/DAILY,1991-2020,IBGE_2024
4304853,Carlos Gomes,RS,83.196,1,jan,181.2083685144139,OK,1991,2020,30,CHIRPS_v2,UCSB-CHG/CHIRPS/DAILY,1991-2020,IBGE_2024
4320602,Severiano de Almeida,RS,167.598,1,jan,189.48694908922556,OK,1991,2020,30,CHIRPS_v2,UCSB-CHG/CHIRPS/DAILY,1991-2020,IBGE_2024
4311908,Marcelino Ramos,RS,229.551,1,jan,187.92660134586157,OK,1991,2020,30,CHIRPS_v2,UCSB-CHG/CHIRPS/DAILY,1991-2020,IBGE_2024
4312005,Mariano Moro,RS,98.727,1,jan,190.10145244358245,OK,1991,2020,30,CHIRPS_v2,UCSB-CHG/CHIRPS/DAILY,1991-2020,IBGE_2024
4303806,Campinas do Sul,RS,276.162,1,jan,173.0945117875606,OK,1991,2020,30,CHIRPS_v2,UCSB-CHG/CHIRPS/DAILY,1991-2020,IBGE_2024
4319703,São Valentim,RS,154.45,1,jan,176.35337832061776,OK,1991,2020,30,CHIRPS_v2,UCSB-CHG/CHIRPS/DAILY,1991-2020,IBGE_2024
4310876,Jacuizinho,RS,339.399,1,jan,159.31754076106193,OK,1991,2020,30,CHIRPS_v2,UCSB-CHG/CHIRPS/DAILY,1991-2020,IBGE_2024
4302238,Boa Vista do Incra,RS,504.114,1,jan,155.72927828768613,OK,1991,2020,30,CHIRPS_v2,UCSB-CHG/CHIRPS/DAILY,1991-2020,IBGE_2024
4302220,Boa Vista do Cadeado,RS,701.221,1,jan,165.00596658517998,OK,1991,2020,30,CHIRPS_v2,UCSB-CHG/CHIRPS/DAILY,1991-2020,IBGE_2024
4310009,Ibirubá,RS,607.185,1,jan,161.61390922519817,OK,1991,2020,30,CHIRPS_v2,UCSB-CHG/CHIRPS/DAILY,1991-2020,IBGE_2024
4316451,Salto do Jacuí,RS,507.698,1,jan,159.425117985441,OK,1991,2020,30,CHIRPS_v2,UCSB-CHG/CHIRPS/DAILY,1991-2020,IBGE_2024
4308458,Fortaleza dos Valos,RS,650.512,1,jan,155.4322163880066,OK,1991,2020,30,CHIRPS_v2,UCSB-CHG/CHIRPS/DAILY,1991-2020,IBGE_2024
4316709,Santa Bárbara do Sul,RS,975.799,1,jan,171.40234607544028,OK,1991,2020,30,CHIRPS_v2,UCSB-CHG/CHIRPS/DAILY,1991-2020,IBGE_2024
4315354,Quinze de Novembro,RS,223.072,1,jan,155.6500656670602,OK,1991,2020,30,CHIRPS_v2,UCSB-CHG/CHIRPS/DAILY,1991-2020,IBGE_2024
4306106,Cruz Alta,RS,1360.548,1,jan,161.64909595992538,OK,1991,2020,30,CHIRPS_v2,UCSB-CHG/CHIRPS/DAILY,1991-2020,IBGE_2024
4322202,Tupanciretã,RS,2253.234,1,jan,165.91133640689898,OK,1991,2020,30,CHIRPS_v2,UCSB-CHG/CHIRPS/DAILY,1991-2020,IBGE_2024
4320305,Selbach,RS,176.47,1,jan,161.57512164308457,OK,1991,2020,30,CHIRPS_v2,UCSB-CHG/CHIRPS/DAILY,1991-2020,IBGE_2024
4301958,Barra Funda,RS,60.437,1,jan,169.5312968075346,OK,1991,2020,30,CHIRPS_v2,UCSB-CHG/CHIRPS/DAILY,1991-2020,IBGE_2024
4317756,Santo Antônio do Planalto,RS,203.44,1,jan,168.10386281681326,OK,1991,2020,30,CHIRPS_v2,UCSB-CHG/CHIRPS/DAILY,1991-2020,IBGE_2024
4300471,Almirante Tamandaré do Sul,RS,265.042,1,jan,170.7269602785168,OK,1991,2020,30,CHIRPS_v2,UCSB-CHG/CHIRPS/DAILY,1991-2020,IBGE_2024
4316436,Saldanha Marinho,RS,221.554,1,jan,174.78399491816222,OK,1991,2020,30,CHIRPS_v2,UCSB-CHG/CHIRPS/DAILY,1991-2020,IBGE_2024
4316204,Rondinha,RS,252.454,1,jan,173.67694865981753,OK,1991,2020,30,CHIRPS_v2,UCSB-CHG/CHIRPS/DAILY,1991-2020,IBGE_2024
4306924,Engenho Velho,RS,71.191,1,jan,174.8938681398777,OK,1991,2020,30,CHIRPS_v2,UCSB-CHG/CHIRPS/DAILY,1991-2020,IBGE_2024
4305603,Colorado,RS,286.295,1,jan,171.66639998661836,OK,1991,2020,30,CHIRPS_v2,UCSB-CHG/CHIRPS/DAILY,1991-2020,IBGE_2024
4305850,Coqueiros do Sul,RS,277.147,1,jan,174.03546305952023,OK,1991,2020,30,CHIRPS_v2,UCSB-CHG/CHIRPS/DAILY,1991-2020,IBGE_2024
4305801,Constantina,RS,203.614,1,jan,170.26037667960486,OK,1991,2020,30,CHIRPS_v2,UCSB-CHG/CHIRPS/DAILY,1991-2020,IBGE_2024
4313466,Novo Xingu,RS,79.851,1,jan,166.5878375981443,OK,1991,2020,30,CHIRPS_v2,UCSB-CHG/CHIRPS/DAILY,1991-2020,IBGE_2024
4305306,Chapada,RS,684.247,1,jan,173.14507946883003,OK,1991,2020,30,CHIRPS_v2,UCSB-CHG/CHIRPS/DAILY,1991-2020,IBGE_2024
4304705,Carazinho,RS,666.694,1,jan,170.64052457611118,OK,1991,2020,30,CHIRPS_v2,UCSB-CHG/CHIRPS/DAILY,1991-2020,IBGE_2024
4312658,Não-Me-Toque,RS,361.689,1,jan,170.84667131142405,OK,1991,2020,30,CHIRPS_v2,UCSB-CHG/CHIRPS/DAILY,1991-2020,IBGE_2024
4312955,Nova Boa Vista,RS,93.733,1,jan,170.23465818273257,OK,1991,2020,30,CHIRPS_v2,UCSB-CHG/CHIRPS/DAILY,1991-2020,IBGE_2024
4320107,Sarandi,RS,351.718,1,jan,174.67864171500545,OK,1991,2020,30,CHIRPS_v2,UCSB-CHG/CHIRPS/DAILY,1991-2020,IBGE_2024
4310504,Iraí,RS,181.85,1,jan,167.02073113519998,OK,1991,2020,30,CHIRPS_v2,UCSB-CHG/CHIRPS/DAILY,1991-2020,IBGE_2024
4302154,Boa Vista das Missões,RS,196.064,1,jan,173.57081068674677,OK,1991,2020,30,CHIRPS_v2,UCSB-CHG/CHIRPS/DAILY,1991-2020,IBGE_2024
4300646,Ametista do Sul,RS,93.605,1,jan,167.92780066112954,OK,1991,2020,30,CHIRPS_v2,UCSB-CHG/CHIRPS/DAILY,1991-2020,IBGE_2024
4308508,Frederico Westphalen,RS,264.876,1,jan,175.22910331597637,OK,1991,2020,30,CHIRPS_v2,UCSB-CHG/CHIRPS/DAILY,1991-2020,IBGE_2024
4315909,Rodeio Bonito,RS,83.278,1,jan,164.75953628732896,OK,1991,2020,30,CHIRPS_v2,UCSB-CHG/CHIRPS/DAILY,1991-2020,IBGE_2024
4323507,Vista Alegre,RS,77.656,1,jan,181.34016568750158,OK,1991,2020,30,CHIRPS_v2,UCSB-CHG/CHIRPS/DAILY,1991-2020,IBGE_2024
4307302,Erval Seco,RS,357.181,1,jan,176.83530221172293,OK,1991,2020,30,CHIRPS_v2,UCSB-CHG/CHIRPS/DAILY,1991-2020,IBGE_2024
4323101,Vicente Dutra,RS,193.023,1,jan,178.82728212253622,OK,1991,2020,30,CHIRPS_v2,UCSB-CHG/CHIRPS/DAILY,1991-2020,IBGE_2024
4306072,Cristal do Sul,RS,97.073,1,jan,167.98224958434815,OK,1991,2020,30,CHIRPS_v2,UCSB-CHG/CHIRPS/DAILY,1991-2020,IBGE_2024
4314498,Pinheirinho do Vale,RS,105.385,1,jan,180.08140711354085,OK,1991,2020,30,CHIRPS_v2,UCSB-CHG/CHIRPS/DAILY,1991-2020,IBGE_2024
4314456,Pinhal,RS,68.222,1,jan,166.08218052038058,OK,1991,2020,30,CHIRPS_v2,UCSB-CHG/CHIRPS/DAILY,1991-2020,IBGE_2024
4313805,Palmitinho,RS,144.181,1,jan,180.20061799746705,OK,1991,2020,30,CHIRPS_v2,UCSB-CHG/CHIRPS/DAILY,1991-2020,IBGE_2024
4313441,Novo Tiradentes,RS,75.428,1,jan,163.9544868003351,OK,1991,2020,30,CHIRPS_v2,UCSB-CHG/CHIRPS/DAILY,1991-2020,IBGE_2024
4321329,Taquaruçu do Sul,RS,76.917,1,jan,177.22027064096682,OK,1991,2020,30,CHIRPS_v2,UCSB-CHG/CHIRPS/DAILY,1991-2020,IBGE_2024
4320206,Seberi,RS,301.032,1,jan,173.31207878124167,OK,1991,2020,30,CHIRPS_v2,UCSB-CHG/CHIRPS/DAILY,1991-2020,IBGE_2024
4311601,Liberato Salzano,RS,245.627,1,jan,167.5136044531166,OK,1991,2020,30,CHIRPS_v2,UCSB-CHG/CHIRPS/DAILY,1991-2020,IBGE_2024
4303400,Caiçara,RS,189.071,1,jan,180.58187930240422,OK,1991,2020,30,CHIRPS_v2,UCSB-CHG/CHIRPS/DAILY,1991-2020,IBGE_2024
4310850,Jaboticaba,RS,127.589,1,jan,168.63963929891315,OK,1991,2020,30,CHIRPS_v2,UCSB-CHG/CHIRPS/DAILY,1991-2020,IBGE_2024
4318051,São Domingos do Sul,RS,78.67,1,jan,180.80652817164335,OK,1991,2020,30,CHIRPS_v2,UCSB-CHG/CHIRPS/DAILY,1991-2020,IBGE_2024
4317558,Santo Antônio do Palma,RS,126.094,1,jan,178.0106574371888,OK,1991,2020,30,CHIRPS_v2,UCSB-CHG/CHIRPS/DAILY,1991-2020,IBGE_2024
4308854,Gentil,RS,184.715,1,jan,176.63188007576622,OK,1991,2020,30,CHIRPS_v2,UCSB-CHG/CHIRPS/DAILY,1991-2020,IBGE_2024
4323408,Vila Maria,RS,181.061,1,jan,175.03539032913108,OK,1991,2020,30,CHIRPS_v2,UCSB-CHG/CHIRPS/DAILY,1991-2020,IBGE_2024
4322558,Vanini,RS,64.905,1,jan,179.22080606641106,OK,1991,2020,30,CHIRPS_v2,UCSB-CHG/CHIRPS/DAILY,1991-2020,IBGE_2024
4306304,David Canabarro,RS,174.172,1,jan,177.8850446288415,OK,1991,2020,30,CHIRPS_v2,UCSB-CHG/CHIRPS/DAILY,1991-2020,IBGE_2024
4305504,Ciríaco,RS,274.35,1,jan,176.5975653511191,OK,1991,2020,30,CHIRPS_v2,UCSB-CHG/CHIRPS/DAILY,1991-2020,IBGE_2024
4312757,Nova Alvorada,RS,148.861,1,jan,177.7505016593339,OK,1991,2020,30,CHIRPS_v2,UCSB-CHG/CHIRPS/DAILY,1991-2020,IBGE_2024
4304903,Casca,RS,272.041,1,jan,180.32909876979053,OK,1991,2020,30,CHIRPS_v2,UCSB-CHG/CHIRPS/DAILY,1991-2020,IBGE_2024
4312625,Muliterno,RS,110.969,1,jan,177.83442929567678,OK,1991,2020,30,CHIRPS_v2,UCSB-CHG/CHIRPS/DAILY,1991-2020,IBGE_2024
4311809,Marau,RS,649.77,1,jan,167.68215359204436,OK,1991,2020,30,CHIRPS_v2,UCSB-CHG/CHIRPS/DAILY,1991-2020,IBGE_2024
4303558,Camargo,RS,138.069,1,jan,174.9226298460068,OK,1991,2020,30,CHIRPS_v2,UCSB-CHG/CHIRPS/DAILY,1991-2020,IBGE_2024
4318465,São José do Herval,RS,102.912,1,jan,176.4327777072572,OK,1991,2020,30,CHIRPS_v2,UCSB-CHG/CHIRPS/DAILY,1991-2020,IBGE_2024
4302006,Barros Cassal,RS,647.994,1,jan,175.47314299500326,OK,1991,2020,30,CHIRPS_v2,UCSB-CHG/CHIRPS/DAILY,1991-2020,IBGE_2024
4310579,Itapuca,RS,184.673,1,jan,176.2205880995629,OK,1991,2020,30,CHIRPS_v2,UCSB-CHG/CHIRPS/DAILY,1991-2020,IBGE_2024
4301404,Arvorezinha,RS,269.31,1,jan,174.61528442665738,OK,1991,2020,30,CHIRPS_v2,UCSB-CHG/CHIRPS/DAILY,1991-2020,IBGE_2024
4309951,Ibirapuitã,RS,307.164,1,jan,169.5022210980085,OK,1991,2020,30,CHIRPS_v2,UCSB-CHG/CHIRPS/DAILY,1991-2020,IBGE_2024
4308300,Fontoura Xavier,RS,583.239,1,jan,176.19961561970905,OK,1991,2020,30,CHIRPS_v2,UCSB-CHG/CHIRPS/DAILY,1991-2020,IBGE_2024
4320800,Soledade,RS,1215.056,1,jan,170.39664203152864,OK,1991,2020,30,CHIRPS_v2,UCSB-CHG/CHIRPS/DAILY,1991-2020,IBGE_2024
4312427,Mormaço,RS,146.191,1,jan,165.98345701093123,OK,1991,2020,30,CHIRPS_v2,UCSB-CHG/CHIRPS/DAILY,1991-2020,IBGE_2024
4318424,São João da Urtiga,RS,171.504,1,jan,182.7711205654041,OK,1991,2020,30,CHIRPS_v2,UCSB-CHG/CHIRPS/DAILY,1991-2020,IBGE_2024
4317954,Santo Expedito do Sul,RS,125.334,1,jan,183.342443664794,OK,1991,2020,30,CHIRPS_v2,UCSB-CHG/CHIRPS/DAILY,1991-2020,IBGE_2024
4309803,Ibiaçá,RS,348.778,1,jan,179.39033462420318,OK,1991,2020,30,CHIRPS_v2,UCSB-CHG/CHIRPS/DAILY,1991-2020,IBGE_2024
4300059,Água Santa,RS,291.526,1,jan,172.84731555757938,OK,1991,2020,30,CHIRPS_v2,UCSB-CHG/CHIRPS/DAILY,1991-2020,IBGE_2024
4316733,Santa Cecília do Sul,RS,200.056,1,jan,176.0912561424841,OK,1991,2020,30,CHIRPS_v2,UCSB-CHG/CHIRPS/DAILY,1991-2020,IBGE_2024
4316600,Sananduva,RS,504.499,1,jan,182.17479187214087,OK,1991,2020,30,CHIRPS_v2,UCSB-CHG/CHIRPS/DAILY,1991-2020,IBGE_2024
4323358,Vila Lângaro,RS,151.673,1,jan,170.24852695693798,OK,1991,2020,30,CHIRPS_v2,UCSB-CHG/CHIRPS/DAILY,1991-2020,IBGE_2024
4305371,Charrua,RS,198.748,1,jan,180.762611944013,OK,1991,2020,30,CHIRPS_v2,UCSB-CHG/CHIRPS/DAILY,1991-2020,IBGE_2024
4313607,Paim Filho,RS,181.998,1,jan,183.96602443557572,OK,1991,2020,30,CHIRPS_v2,UCSB-CHG/CHIRPS/DAILY,1991-2020,IBGE_2024
4320909,Tapejara,RS,238.082,1,jan,175.78639123441215,OK,1991,2020,30,CHIRPS_v2,UCSB-CHG/CHIRPS/DAILY,1991-2020,IBGE_2024
4312203,Maximiliano de Almeida,RS,208.955,1,jan,186.73693884471479,OK,1991,2020,30,CHIRPS_v2,UCSB-CHG/CHIRPS/DAILY,1991-2020,IBGE_2024
4318606,São José do Ouro,RS,335.215,1,jan,186.4714623282618,OK,1991,2020,30,CHIRPS_v2,UCSB-CHG/CHIRPS/DAILY,1991-2020,IBGE_2024
4301800,Barracão,RS,515.469,1,jan,185.9839395758716,OK,1991,2020,30,CHIRPS_v2,UCSB-CHG/CHIRPS/DAILY,1991-2020,IBGE_2024
4309902,Ibiraiaras,RS,280.816,1,jan,178.79852520821132,OK,1991,2020,30,CHIRPS_v2,UCSB-CHG/CHIRPS/DAILY,1991-2020,IBGE_2024
4322186,Tupanci do Sul,RS,135.664,1,jan,185.28082173858874,OK,1991,2020,30,CHIRPS_v2,UCSB-CHG/CHIRPS/DAILY,1991-2020,IBGE_2024
4304622,Capão Bonito do Sul,RS,526.85,1,jan,177.4622727537968,OK,1991,2020,30,CHIRPS_v2,UCSB-CHG/CHIRPS/DAILY,1991-2020,IBGE_2024
4304952,Caseiros,RS,235.649,1,jan,178.14980499996503,OK,1991,2020,30,CHIRPS_v2,UCSB-CHG/CHIRPS/DAILY,1991-2020,IBGE_2024
4311700,Machadinho,RS,335.344,1,jan,185.80371899458243,OK,1991,2020,30,CHIRPS_v2,UCSB-CHG/CHIRPS/DAILY,1991-2020,IBGE_2024
4311304,Lagoa Vermelha,RS,1272.725,1,jan,179.43077507791216,OK,1991,2020,30,CHIRPS_v2,UCSB-CHG/CHIRPS/DAILY,1991-2020,IBGE_2024
4303202,Cacique Doble,RS,203.582,1,jan,184.09560349628887,OK,1991,2020,30,CHIRPS_v2,UCSB-CHG/CHIRPS/DAILY,1991-2020,IBGE_2024
4318457,São José das Missões,RS,98.125,1,jan,167.85410079396425,OK,1991,2020,30,CHIRPS_v2,UCSB-CHG/CHIRPS/DAILY,1991-2020,IBGE_2024
4316428,Sagrada Família,RS,77.889,1,jan,167.67494502253695,OK,1991,2020,30,CHIRPS_v2,UCSB-CHG/CHIRPS/DAILY,1991-2020,IBGE_2024
4306429,Dois Irmãos das Missões,RS,226.072,1,jan,178.36859999439082,OK,1991,2020,30,CHIRPS_v2,UCSB-CHG/CHIRPS/DAILY,1991-2020,IBGE_2024
4313706,Palmeira das Missões,RS,1421.101,1,jan,173.55096003758004,OK,1991,2020,30,CHIRPS_v2,UCSB-CHG/CHIRPS/DAILY,1991-2020,IBGE_2024
4305157,Cerro Grande,RS,73.438,1,jan,164.86961091361218,OK,1991,2020,30,CHIRPS_v2,UCSB-CHG/CHIRPS/DAILY,1991-2020,IBGE_2024
4313490,Novo Barreiro,RS,123.344,1,jan,169.2166649267146,OK,1991,2020,30,CHIRPS_v2,UCSB-CHG/CHIRPS/DAILY,1991-2020,IBGE_2024
4319364,São Pedro das Missões,RS,79.894,1,jan,170.27882215464155,OK,1991,2020,30,CHIRPS_v2,UCSB-CHG/CHIRPS/DAILY,1991-2020,IBGE_2024
4311429,Lajeado do Bugre,RS,67.947,1,jan,168.8135661639124,OK,1991,2020,30,CHIRPS_v2,UCSB-CHG/CHIRPS/DAILY,1991-2020,IBGE_2024
4309126,Gramado dos Loureiros,RS,131.396,1,jan,180.81223189283187,OK,1991,2020,30,CHIRPS_v2,UCSB-CHG/CHIRPS/DAILY,1991-2020,IBGE_2024
4300505,Alpestre,RS,325.979,1,jan,178.23936309499013,OK,1991,2020,30,CHIRPS_v2,UCSB-CHG/CHIRPS/DAILY,1991-2020,IBGE_2024
4315552,Rio dos Índios,RS,235.854,1,jan,185.47434062252313,OK,1991,2020,30,CHIRPS_v2,UCSB-CHG/CHIRPS/DAILY,1991-2020,IBGE_2024
4314704,Planalto,RS,228.552,1,jan,176.35798011355936,OK,1991,2020,30,CHIRPS_v2,UCSB-CHG/CHIRPS/DAILY,1991-2020,IBGE_2024
4321956,Trindade do Sul,RS,268.417,1,jan,174.13871056564736,OK,1991,2020,30,CHIRPS_v2,UCSB-CHG/CHIRPS/DAILY,1991-2020,IBGE_2024
4312708,Nonoai,RS,468.962,1,jan,180.5915938078266,OK,1991,2020,30,CHIRPS_v2,UCSB-CHG/CHIRPS/DAILY,1991-2020,IBGE_2024
4307906,Farroupilha,RS,361.338,1,jan,161.78260037821036,OK,1991,2020,30,CHIRPS_v2,UCSB-CHG/CHIRPS/DAILY,1991-2020,IBGE_2024
4322541,Vale Real,RS,44.688,1,jan,153.2401153749326,OK,1991,2020,30,CHIRPS_v2,UCSB-CHG/CHIRPS/DAILY,1991-2020,IBGE_2024
4305108,Caxias do Sul,RS,1651.336,1,jan,170.3003636185417,OK,1991,2020,30,CHIRPS_v2,UCSB-CHG/CHIRPS/DAILY,1991-2020,IBGE_2024
4310439,Ipê,RS,599.032,1,jan,176.28417567427843,OK,1991,2020,30,CHIRPS_v2,UCSB-CHG/CHIRPS/DAILY,1991-2020,IBGE_2024
4318200,São Francisco de Paula,RS,3317.825,1,jan,190.85693839312196,OK,1991,2020,30,CHIRPS_v2,UCSB-CHG/CHIRPS/DAILY,1991-2020,IBGE_2024
4309100,Gramado,RS,239.433,1,jan,166.35024555077246,OK,1991,2020,30,CHIRPS_v2,UCSB-CHG/CHIRPS/DAILY,1991-2020,IBGE_2024
4300570,Alto Feliz,RS,78.17,1,jan,154.82537738541308,OK,1991,2020,30,CHIRPS_v2,UCSB-CHG/CHIRPS/DAILY,1991-2020,IBGE_2024
4300802,Antônio Prado,RS,347.507,1,jan,174.22921850795876,OK,1991,2020,30,CHIRPS_v2,UCSB-CHG/CHIRPS/DAILY,1991-2020,IBGE_2024
4308201,Flores da Cunha,RS,276.255,1,jan,168.89287413226634,OK,1991,2020,30,CHIRPS_v2,UCSB-CHG/CHIRPS/DAILY,1991-2020,IBGE_2024
4308102,Feliz,RS,94.96,1,jan,148.27865280692242,OK,1991,2020,30,CHIRPS_v2,UCSB-CHG/CHIRPS/DAILY,1991-2020,IBGE_2024
4313359,Nova Roma do Sul,RS,149.753,1,jan,168.73841175319558,OK,1991,2020,30,CHIRPS_v2,UCSB-CHG/CHIRPS/DAILY,1991-2020,IBGE_2024
4313201,Nova Petrópolis,RS,291.538,1,jan,158.3052050657748,OK,1991,2020,30,CHIRPS_v2,UCSB-CHG/CHIRPS/DAILY,1991-2020,IBGE_2024
4313086,Nova Pádua,RS,102.648,1,jan,168.1728705018338,OK,1991,2020,30,CHIRPS_v2,UCSB-CHG/CHIRPS/DAILY,1991-2020,IBGE_2024
4304408,Canela,RS,253.05,1,jan,169.9895747804037,OK,1991,2020,30,CHIRPS_v2,UCSB-CHG/CHIRPS/DAILY,1991-2020,IBGE_2024
4303608,Cambará do Sul,RS,1182.679,1,jan,198.60242201730765,OK,1991,2020,30,CHIRPS_v2,UCSB-CHG/CHIRPS/DAILY,1991-2020,IBGE_2024
4303673,Campestre da Serra,RS,538.436,1,jan,182.4442979168396,OK,1991,2020,30,CHIRPS_v2,UCSB-CHG/CHIRPS/DAILY,1991-2020,IBGE_2024
4319000,São Marcos,RS,256.225,1,jan,174.24314316932947,OK,1991,2020,30,CHIRPS_v2,UCSB-CHG/CHIRPS/DAILY,1991-2020,IBGE_2024
4314423,Picada Café,RS,84.322,1,jan,153.8365987857574,OK,1991,2020,30,CHIRPS_v2,UCSB-CHG/CHIRPS/DAILY,1991-2020,IBGE_2024
4302105,Bento Gonçalves,RS,272.217,1,jan,161.39000701041604,OK,1991,2020,30,CHIRPS_v2,UCSB-CHG/CHIRPS/DAILY,1991-2020,IBGE_2024
4308607,Garibaldi,RS,168.492,1,jan,160.92441763028137,OK,1991,2020,30,CHIRPS_v2,UCSB-CHG/CHIRPS/DAILY,1991-2020,IBGE_2024
4314548,Pinto Bandeira,RS,104.802,1,jan,165.0088034249619,OK,1991,2020,30,CHIRPS_v2,UCSB-CHG/CHIRPS/DAILY,1991-2020,IBGE_2024
4304804,Carlos Barbosa,RS,230.061,1,jan,161.65107026743394,OK,1991,2020,30,CHIRPS_v2,UCSB-CHG/CHIRPS/DAILY,1991-2020,IBGE_2024
4312385,Monte Belo do Sul,RS,69.763,1,jan,157.10829563892048,OK,1991,2020,30,CHIRPS_v2,UCSB-CHG/CHIRPS/DAILY,1991-2020,IBGE_2024
4302253,Boa Vista do Sul,RS,93.108,1,jan,154.15799805848104,OK,1991,2020,30,CHIRPS_v2,UCSB-CHG/CHIRPS/DAILY,1991-2020,IBGE_2024
4301651,Barão,RS,122.567,1,jan,162.0952244953565,OK,1991,2020,30,CHIRPS_v2,UCSB-CHG/CHIRPS/DAILY,1991-2020,IBGE_2024
4317251,Santa Tereza,RS,73.677,1,jan,156.410831031896,OK,1991,2020,30,CHIRPS_v2,UCSB-CHG/CHIRPS/DAILY,1991-2020,IBGE_2024
4307864,Fagundes Varela,RS,134.476,1,jan,172.56095862301308,OK,1991,2020,30,CHIRPS_v2,UCSB-CHG/CHIRPS/DAILY,1991-2020,IBGE_2024
4323309,Vila Flores,RS,107.704,1,jan,174.10958390088703,OK,1991,2020,30,CHIRPS_v2,UCSB-CHG/CHIRPS/DAILY,1991-2020,IBGE_2024
4322806,Veranópolis,RS,289.361,1,jan,170.89383748880527,OK,1991,2020,30,CHIRPS_v2,UCSB-CHG/CHIRPS/DAILY,1991-2020,IBGE_2024
4305959,Cotiporã,RS,173.262,1,jan,164.77351701815678,OK,1991,2020,30,CHIRPS_v2,UCSB-CHG/CHIRPS/DAILY,1991-2020,IBGE_2024
4305934,Coronel Pilar,RS,105.668,1,jan,155.92893754021213,OK,1991,2020,30,CHIRPS_v2,UCSB-CHG/CHIRPS/DAILY,1991-2020,IBGE_2024
4319711,São Valentim do Sul,RS,91.899,1,jan,165.2305979291415,OK,1991,2020,30,CHIRPS_v2,UCSB-CHG/CHIRPS/DAILY,1991-2020,IBGE_2024
4318440,São Jorge,RS,125.731,1,jan,178.81964209714852,OK,1991,2020,30,CHIRPS_v2,UCSB-CHG/CHIRPS/DAILY,1991-2020,IBGE_2024
4309258,Guabiju,RS,146.925,1,jan,181.20952867006724,OK,1991,2020,30,CHIRPS_v2,UCSB-CHG/CHIRPS/DAILY,1991-2020,IBGE_2024
4309407,Guaporé,RS,297.743,1,jan,175.73637600578382,OK,1991,2020,30,CHIRPS_v2,UCSB-CHG/CHIRPS/DAILY,1991-2020,IBGE_2024
4300661,André da Rocha,RS,331.208,1,jan,177.3114669360244,OK,1991,2020,30,CHIRPS_v2,UCSB-CHG/CHIRPS/DAILY,1991-2020,IBGE_2024
4323606,Vista Alegre do Prata,RS,120.234,1,jan,175.75899577101143,OK,1991,2020,30,CHIRPS_v2,UCSB-CHG/CHIRPS/DAILY,1991-2020,IBGE_2024
4315172,Protásio Alves,RS,171.994,1,jan,173.15400743926068,OK,1991,2020,30,CHIRPS_v2,UCSB-CHG/CHIRPS/DAILY,1991-2020,IBGE_2024
4306452,Dois Lajeados,RS,133.535,1,jan,170.64175242746225,OK,1991,2020,30,CHIRPS_v2,UCSB-CHG/CHIRPS/DAILY,1991-2020,IBGE_2024
4322350,União da Serra,RS,131.154,1,jan,176.91022170951555,OK,1991,2020,30,CHIRPS_v2,UCSB-CHG/CHIRPS/DAILY,1991-2020,IBGE_2024
4314001,Paraí,RS,121.745,1,jan,180.90309796439604,OK,1991,2020,30,CHIRPS_v2,UCSB-CHG/CHIRPS/DAILY,1991-2020,IBGE_2024
4313300,Nova Prata,RS,259.237,1,jan,176.43879680447876,OK,1991,2020,30,CHIRPS_v2,UCSB-CHG/CHIRPS/DAILY,1991-2020,IBGE_2024
4312807,Nova Araçá,RS,74.623,1,jan,179.91498637464503,OK,1991,2020,30,CHIRPS_v2,UCSB-CHG/CHIRPS/DAILY,1991-2020,IBGE_2024
4312906,Nova Bassano,RS,211.727,1,jan,178.62187252376043,OK,1991,2020,30,CHIRPS_v2,UCSB-CHG/CHIRPS/DAILY,1991-2020,IBGE_2024
4312351,Montauri,RS,82.23,1,jan,180.53132145656227,OK,1991,2020,30,CHIRPS_v2,UCSB-CHG/CHIRPS/DAILY,1991-2020,IBGE_2024
4320404,Serafina Corrêa,RS,163.503,1,jan,180.88071762754527,OK,1991,2020,30,CHIRPS_v2,UCSB-CHG/CHIRPS/DAILY,1991-2020,IBGE_2024
4302303,Bom Jesus,RS,2622.847,1,jan,177.99315983666,OK,1991,2020,30,CHIRPS_v2,UCSB-CHG/CHIRPS/DAILY,1991-2020,IBGE_2024
4318622,São José dos Ausentes,RS,1173.047,1,jan,199.48481549112208,OK,1991,2020,30,CHIRPS_v2,UCSB-CHG/CHIRPS/DAILY,1991-2020,IBGE_2024
4307401,Esmeralda,RS,829.587,1,jan,178.86011978258855,OK,1991,2020,30,CHIRPS_v2,UCSB-CHG/CHIRPS/DAILY,1991-2020,IBGE_2024
4322509,Vacaria,RS,2124.492,1,jan,174.51128698718605,OK,1991,2020,30,CHIRPS_v2,UCSB-CHG/CHIRPS/DAILY,1991-2020,IBGE_2024
4314464,Pinhal da Serra,RS,438.11,1,jan,186.9141600816319,OK,1991,2020,30,CHIRPS_v2,UCSB-CHG/CHIRPS/DAILY,1991-2020,IBGE_2024
4312377,Monte Alegre dos Campos,RS,549.031,1,jan,177.30955852059816,OK,1991,2020,30,CHIRPS_v2,UCSB-CHG/CHIRPS/DAILY,1991-2020,IBGE_2024
4312617,Muitos Capões,RS,1193.23,1,jan,174.83705019143235,OK,1991,2020,30,CHIRPS_v2,UCSB-CHG/CHIRPS/DAILY,1991-2020,IBGE_2024
4311122,Jaquirana,RS,908.842,1,jan,183.12956572739452,OK,1991,2020,30,CHIRPS_v2,UCSB-CHG/CHIRPS/DAILY,1991-2020,IBGE_2024
4316808,Santa Cruz do Sul,RS,734.516,1,jan,158.41203285405317,OK,1991,2020,30,CHIRPS_v2,UCSB-CHG/CHIRPS/DAILY,1991-2020,IBGE_2024
4322707,Vera Cruz,RS,309.994,1,jan,153.72850704981232,OK,1991,2020,30,CHIRPS_v2,UCSB-CHG/CHIRPS/DAILY,1991-2020,IBGE_2024
4309159,Gramado Xavier,RS,216.79,1,jan,178.3829064418494,OK,1991,2020,30,CHIRPS_v2,UCSB-CHG/CHIRPS/DAILY,1991-2020,IBGE_2024
4309571,Herveiras,RS,117.981,1,jan,182.71895892171236,OK,1991,2020,30,CHIRPS_v2,UCSB-CHG/CHIRPS/DAILY,1991-2020,IBGE_2024
4315701,Rio Pardo,RS,2051.112,1,jan,133.95565403269586,OK,1991,2020,30,CHIRPS_v2,UCSB-CHG/CHIRPS/DAILY,1991-2020,IBGE_2024
4306908,Encruzilhada do Sul,RS,3345.675,1,jan,133.39925071694626,OK,1991,2020,30,CHIRPS_v2,UCSB-CHG/CHIRPS/DAILY,1991-2020,IBGE_2024
4322533,Vale do Sol,RS,329.389,1,jan,168.339032755889,OK,1991,2020,30,CHIRPS_v2,UCSB-CHG/CHIRPS/DAILY,1991-2020,IBGE_2024
4322525,Vale Verde,RS,329.727,1,jan,138.79542467573202,OK,1991,2020,30,CHIRPS_v2,UCSB-CHG/CHIRPS/DAILY,1991-2020,IBGE_2024
4322608,Venâncio Aires,RS,772.701,1,jan,152.72187177627524,OK,1991,2020,30,CHIRPS_v2,UCSB-CHG/CHIRPS/DAILY,1991-2020,IBGE_2024
4314076,Passo do Sobrado,RS,265.133,1,jan,146.0586166941823,OK,1991,2020,30,CHIRPS_v2,UCSB-CHG/CHIRPS/DAILY,1991-2020,IBGE_2024
4313953,Pantano Grande,RS,841.225,1,jan,127.45570537270072,OK,1991,2020,30,CHIRPS_v2,UCSB-CHG/CHIRPS/DAILY,1991-2020,IBGE_2024
4312153,Mato Leitão,RS,46.799,1,jan,149.1763016940405,OK,1991,2020,30,CHIRPS_v2,UCSB-CHG/CHIRPS/DAILY,1991-2020,IBGE_2024
4304200,Candelária,RS,944.735,1,jan,158.93415908866407,OK,1991,2020,30,CHIRPS_v2,UCSB-CHG/CHIRPS/DAILY,1991-2020,IBGE_2024
4320677,Sinimbu,RS,509.778,1,jan,174.20025120608616,OK,1991,2020,30,CHIRPS_v2,UCSB-CHG/CHIRPS/DAILY,1991-2020,IBGE_2024
4302402,Bom Retiro do Sul,RS,102.54,1,jan,141.43189828311282,OK,1991,2020,30,CHIRPS_v2,UCSB-CHG/CHIRPS/DAILY,1991-2020,IBGE_2024
4301008,Arroio do Meio,RS,157.087,1,jan,147.8934232031894,OK,1991,2020,30,CHIRPS_v2,UCSB-CHG/CHIRPS/DAILY,1991-2020,IBGE_2024
4316758,Santa Clara do Sul,RS,86.491,1,jan,155.39555264069335,OK,1991,2020,30,CHIRPS_v2,UCSB-CHG/CHIRPS/DAILY,1991-2020,IBGE_2024
4308078,Fazenda Vilanova,RS,84.794,1,jan,145.73135286997564,OK,1991,2020,30,CHIRPS_v2,UCSB-CHG/CHIRPS/DAILY,1991-2020,IBGE_2024
4308433,Forquetinha,RS,93.278,1,jan,159.70322971624145,OK,1991,2020,30,CHIRPS_v2,UCSB-CHG/CHIRPS/DAILY,1991-2020,IBGE_2024
4307807,Estrela,RS,185.032,1,jan,143.107762808787,OK,1991,2020,30,CHIRPS_v2,UCSB-CHG/CHIRPS/DAILY,1991-2020,IBGE_2024
4306205,Cruzeiro do Sul,RS,155.482,1,jan,143.39285773200368,OK,1991,2020,30,CHIRPS_v2,UCSB-CHG/CHIRPS/DAILY,1991-2020,IBGE_2024
4311403,Lajeado,RS,90.801,1,jan,147.59101620199988,OK,1991,2020,30,CHIRPS_v2,UCSB-CHG/CHIRPS/DAILY,1991-2020,IBGE_2024
4310363,Imigrante,RS,71.718,1,jan,147.177611778999,OK,1991,2020,30,CHIRPS_v2,UCSB-CHG/CHIRPS/DAILY,1991-2020,IBGE_2024
4323770,Westfália,RS,66.875,1,jan,146.84571513132406,OK,1991,2020,30,CHIRPS_v2,UCSB-CHG/CHIRPS/DAILY,1991-2020,IBGE_2024
4314753,Poço das Antas,RS,67.618,1,jan,147.29483305600522,OK,1991,2020,30,CHIRPS_v2,UCSB-CHG/CHIRPS/DAILY,1991-2020,IBGE_2024
4315131,Pouso Novo,RS,105.338,1,jan,172.22621638250476,OK,1991,2020,30,CHIRPS_v2,UCSB-CHG/CHIRPS/DAILY,1991-2020,IBGE_2024
4315156,Progresso,RS,256.039,1,jan,177.3301896152113,OK,1991,2020,30,CHIRPS_v2,UCSB-CHG/CHIRPS/DAILY,1991-2020,IBGE_2024
4305587,Colinas,RS,60.732,1,jan,143.0496182936953,OK,1991,2020,30,CHIRPS_v2,UCSB-CHG/CHIRPS/DAILY,1991-2020,IBGE_2024
4314159,Paverama,RS,171.863,1,jan,143.4200538604932,OK,1991,2020,30,CHIRPS_v2,UCSB-CHG/CHIRPS/DAILY,1991-2020,IBGE_2024
4305835,Coqueiro Baixo,RS,112.638,1,jan,165.25976269813566,OK,1991,2020,30,CHIRPS_v2,UCSB-CHG/CHIRPS/DAILY,1991-2020,IBGE_2024
4321451,Teutônia,RS,175.875,1,jan,143.694853310337,OK,1991,2020,30,CHIRPS_v2,UCSB-CHG/CHIRPS/DAILY,1991-2020,IBGE_2024
4321626,Travesseiro,RS,80.681,1,jan,154.96582013840572,OK,1991,2020,30,CHIRPS_v2,UCSB-CHG/CHIRPS/DAILY,1991-2020,IBGE_2024
4304614,Canudos do Vale,RS,82.943,1,jan,171.85138522518673,OK,1991,2020,30,CHIRPS_v2,UCSB-CHG/CHIRPS/DAILY,1991-2020,IBGE_2024
4304697,Capitão,RS,73.967,1,jan,155.6120753346401,OK,1991,2020,30,CHIRPS_v2,UCSB-CHG/CHIRPS/DAILY,1991-2020,IBGE_2024
4320859,Tabaí,RS,94.754,1,jan,142.47512962047207,OK,1991,2020,30,CHIRPS_v2,UCSB-CHG/CHIRPS/DAILY,1991-2020,IBGE_2024
4321303,Taquari,RS,349.967,1,jan,139.63838631254742,OK,1991,2020,30,CHIRPS_v2,UCSB-CHG/CHIRPS/DAILY,1991-2020,IBGE_2024
4320453,Sério,RS,105.428,1,jan,174.7319425454178,OK,1991,2020,30,CHIRPS_v2,UCSB-CHG/CHIRPS/DAILY,1991-2020,IBGE_2024
4312054,Marques de Souza,RS,125.714,1,jan,160.12917767903852,OK,1991,2020,30,CHIRPS_v2,UCSB-CHG/CHIRPS/DAILY,1991-2020,IBGE_2024
4302451,Boqueirão do Leão,RS,257.789,1,jan,183.5256110142331,OK,1991,2020,30,CHIRPS_v2,UCSB-CHG/CHIRPS/DAILY,1991-2020,IBGE_2024
4309753,Ibarama,RS,195.426,1,jan,169.21559333547913,OK,1991,2020,30,CHIRPS_v2,UCSB-CHG/CHIRPS/DAILY,1991-2020,IBGE_2024
4301206,Arroio do Tigre,RS,315.132,1,jan,168.87997095421366,OK,1991,2020,30,CHIRPS_v2,UCSB-CHG/CHIRPS/DAILY,1991-2020,IBGE_2024
4307815,Estrela Velha,RS,281.613,1,jan,166.05131522815404,OK,1991,2020,30,CHIRPS_v2,UCSB-CHG/CHIRPS/DAILY,1991-2020,IBGE_2024
4314068,Passa Sete,RS,304.299,1,jan,181.04958531615694,OK,1991,2020,30,CHIRPS_v2,UCSB-CHG/CHIRPS/DAILY,1991-2020,IBGE_2024
4322152,Tunas,RS,217.302,1,jan,166.44661849458643,OK,1991,2020,30,CHIRPS_v2,UCSB-CHG/CHIRPS/DAILY,1991-2020,IBGE_2024
4320701,Sobradinho,RS,128.823,1,jan,171.54882940792623,OK,1991,2020,30,CHIRPS_v2,UCSB-CHG/CHIRPS/DAILY,1991-2020,IBGE_2024
4320263,Segredo,RS,245.17,1,jan,173.90687487093302,OK,1991,2020,30,CHIRPS_v2,UCSB-CHG/CHIRPS/DAILY,1991-2020,IBGE_2024
4311254,Lagoão,RS,387.453,1,jan,177.82249214052558,OK,1991,2020,30,CHIRPS_v2,UCSB-CHG/CHIRPS/DAILY,1991-2020,IBGE_2024
4311239,Lagoa Bonita do Sul,RS,109.758,1,jan,171.7797028716796,OK,1991,2020,30,CHIRPS_v2,UCSB-CHG/CHIRPS/DAILY,1991-2020,IBGE_2024
4310306,Ilópolis,RS,123.602,1,jan,175.0663512855896,OK,1991,2020,30,CHIRPS_v2,UCSB-CHG/CHIRPS/DAILY,1991-2020,IBGE_2024
4300703,Anta Gorda,RS,242.1,1,jan,173.3149063766342,OK,1991,2020,30,CHIRPS_v2,UCSB-CHG/CHIRPS/DAILY,1991-2020,IBGE_2024
4315800,Roca Sales,RS,208.108,1,jan,150.4251584203048,OK,1991,2020,30,CHIRPS_v2,UCSB-CHG/CHIRPS/DAILY,1991-2020,IBGE_2024
4315453,Relvado,RS,108.188,1,jan,170.6948499320853,OK,1991,2020,30,CHIRPS_v2,UCSB-CHG/CHIRPS/DAILY,1991-2020,IBGE_2024
4315206,Putinga,RS,216.159,1,jan,173.93847870209578,OK,1991,2020,30,CHIRPS_v2,UCSB-CHG/CHIRPS/DAILY,1991-2020,IBGE_2024
4306809,Encantado,RS,140.006,1,jan,157.09613305445623,OK,1991,2020,30,CHIRPS_v2,UCSB-CHG/CHIRPS/DAILY,1991-2020,IBGE_2024
4306759,Doutor Ricardo,RS,107.96,1,jan,165.88254570812816,OK,1991,2020,30,CHIRPS_v2,UCSB-CHG/CHIRPS/DAILY,1991-2020,IBGE_2024
4322855,Vespasiano Corrêa,RS,113.622,1,jan,164.98681791792623,OK,1991,2020,30,CHIRPS_v2,UCSB-CHG/CHIRPS/DAILY,1991-2020,IBGE_2024
4313003,Nova Bréscia,RS,102.994,1,jan,161.09744068192242,OK,1991,2020,30,CHIRPS_v2,UCSB-CHG/CHIRPS/DAILY,1991-2020,IBGE_2024
4312609,Muçum,RS,111.247,1,jan,157.89810886128956,OK,1991,2020,30,CHIRPS_v2,UCSB-CHG/CHIRPS/DAILY,1991-2020,IBGE_2024
5002704,Campo Grande,MS,8082.327,1,jan,208.932074933302,OK,1991,2020,30,CHIRPS_v2,UCSB-CHG/CHIRPS/DAILY,1991-2020,IBGE_2024
5008008,Terenos,MS,2845.653,1,jan,196.967464753022,OK,1991,2020,30,CHIRPS_v2,UCSB-CHG/CHIRPS/DAILY,1991-2020,IBGE_2024
5007505,Rochedo,MS,1304.755,1,jan,212.72222178770068,OK,1991,2020,30,CHIRPS_v2,UCSB-CHG/CHIRPS/DAILY,1991-2020,IBGE_2024
5007901,Sidrolândia,MS,5265.695,1,jan,190.2805012916738,OK,1991,2020,30,CHIRPS_v2,UCSB-CHG/CHIRPS/DAILY,1991-2020,IBGE_2024
5007109,Ribas do Rio Pardo,MS,17315.212,1,jan,226.10980297016934,OK,1991,2020,30,CHIRPS_v2,UCSB-CHG/CHIRPS/DAILY,1991-2020,IBGE_2024
5007307,Rio Negro,MS,1828.8,1,jan,212.70694401726152,OK,1991,2020,30,CHIRPS_v2,UCSB-CHG/CHIRPS/DAILY,1991-2020,IBGE_2024
5006002,Nova Alvorada do Sul,MS,4027.647,1,jan,188.23290582832811,OK,1991,2020,30,CHIRPS_v2,UCSB-CHG/CHIRPS/DAILY,1991-2020,IBGE_2024
5004908,Jaraguari,MS,2913.558,1,jan,232.04662380326354,OK,1991,2020,30,CHIRPS_v2,UCSB-CHG/CHIRPS/DAILY,1991-2020,IBGE_2024
5003108,Corguinho,MS,2638.923,1,jan,198.9658254344879,OK,1991,2020,30,CHIRPS_v2,UCSB-CHG/CHIRPS/DAILY,1991-2020,IBGE_2024
5002605,Camapuã,MS,6238.127,1,jan,247.09770941934926,OK,1991,2020,30,CHIRPS_v2,UCSB-CHG/CHIRPS/DAILY,1991-2020,IBGE_2024
5001508,Bandeirantes,MS,3363.487,1,jan,236.52908636003278,OK,1991,2020,30,CHIRPS_v2,UCSB-CHG/CHIRPS/DAILY,1991-2020,IBGE_2024
5008305,Três Lagoas,MS,10217.071,1,jan,240.29044941865575,OK,1991,2020,30,CHIRPS_v2,UCSB-CHG/CHIRPS/DAILY,1991-2020,IBGE_2024
5000203,Água Clara,MS,7781.558,1,jan,253.3347606317142,OK,1991,2020,30,CHIRPS_v2,UCSB-CHG/CHIRPS/DAILY,1991-2020,IBGE_2024
5007554,Santa Rita do Pardo,MS,6142.001,1,jan,215.57348055535624,OK,1991,2020,30,CHIRPS_v2,UCSB-CHG/CHIRPS/DAILY,1991-2020,IBGE_2024
5007802,Selvíria,MS,3254.917,1,jan,237.68414614147062,OK,1991,2020,30,CHIRPS_v2,UCSB-CHG/CHIRPS/DAILY,1991-2020,IBGE_2024
5001904,Bataguassu,MS,2392.476,1,jan,202.3268040581526,OK,1991,2020,30,CHIRPS_v2,UCSB-CHG/CHIRPS/DAILY,1991-2020,IBGE_2024
5002308,Brasilândia,MS,5803.542,1,jan,217.41955358007024,OK,1991,2020,30,CHIRPS_v2,UCSB-CHG/CHIRPS/DAILY,1991-2020,IBGE_2024
5001003,Aparecida do Taboado,MS,2751.485,1,jan,255.29550254862144,OK,1991,2020,30,CHIRPS_v2,UCSB-CHG/CHIRPS/DAILY,1991-2020,IBGE_2024
5006309,Paranaíba,MS,5352.02,1,jan,292.6507844485091,OK,1991,2020,30,CHIRPS_v2,UCSB-CHG/CHIRPS/DAILY,1991-2020,IBGE_2024
5006275,Paraíso das Águas,MS,5061.433,1,jan,262.9479699055623,OK,1991,2020,30,CHIRPS_v2,UCSB-CHG/CHIRPS/DAILY,1991-2020,IBGE_2024
5004403,Inocência,MS,5761.186,1,jan,273.2131853783703,OK,1991,2020,30,CHIRPS_v2,UCSB-CHG/CHIRPS/DAILY,1991-2020,IBGE_2024
5002951,Chapadão do Sul,MS,3252.327,1,jan,270.14378519463503,OK,1991,2020,30,CHIRPS_v2,UCSB-CHG/CHIRPS/DAILY,1991-2020,IBGE_2024
5002902,Cassilândia,MS,3711.715,1,jan,279.0482827848079,OK,1991,2020,30,CHIRPS_v2,UCSB-CHG/CHIRPS/DAILY,1991-2020,IBGE_2024
5008404,Vicentina,MS,302.542,1,jan,174.3910595093041,OK,1991,2020,30,CHIRPS_v2,UCSB-CHG/CHIRPS/DAILY,1991-2020,IBGE_2024
5007208,Rio Brilhante,MS,3983.507,1,jan,182.6329305499218,OK,1991,2020,30,CHIRPS_v2,UCSB-CHG/CHIRPS/DAILY,1991-2020,IBGE_2024
5005103,Jateí,MS,1933.316,1,jan,170.40443626899508,OK,1991,2020,30,CHIRPS_v2,UCSB-CHG/CHIRPS/DAILY,1991-2020,IBGE_2024
5005152,Juti,MS,1569.176,1,jan,172.2278725651481,OK,1991,2020,30,CHIRPS_v2,UCSB-CHG/CHIRPS/DAILY,1991-2020,IBGE_2024
5005251,Laguna Carapã,MS,1725.78,1,jan,182.0134523491262,OK,1991,2020,30,CHIRPS_v2,UCSB-CHG/CHIRPS/DAILY,1991-2020,IBGE_2024
5004502,Itaporã,MS,1342.389,1,jan,175.25586005276617,OK,1991,2020,30,CHIRPS_v2,UCSB-CHG/CHIRPS/DAILY,1991-2020,IBGE_2024
5004007,Glória de Dourados,MS,493.105,1,jan,175.6263933785,OK,1991,2020,30,CHIRPS_v2,UCSB-CHG/CHIRPS/DAILY,1991-2020,IBGE_2024
5003504,Douradina,MS,280.235,1,jan,176.0755229536895,OK,1991,2020,30,CHIRPS_v2,UCSB-CHG/CHIRPS/DAILY,1991-2020,IBGE_2024
5003454,Deodápolis,MS,828.45,1,jan,180.52087941681543,OK,1991,2020,30,CHIRPS_v2,UCSB-CHG/CHIRPS/DAILY,1991-2020,IBGE_2024
5003801,Fátima do Sul,MS,325.631,1,jan,174.20649825384785,OK,1991,2020,30,CHIRPS_v2,UCSB-CHG/CHIRPS/DAILY,1991-2020,IBGE_2024
5002407,Caarapó,MS,2115.73,1,jan,178.45733508568443,OK,1991,2020,30,CHIRPS_v2,UCSB-CHG/CHIRPS/DAILY,1991-2020,IBGE_2024
5005681,Mundo Novo,MS,478.38,1,jan,161.1342400379423,OK,1991,2020,30,CHIRPS_v2,UCSB-CHG/CHIRPS/DAILY,1991-2020,IBGE_2024
5005707,Naviraí,MS,3189.667,1,jan,167.84939899929253,OK,1991,2020,30,CHIRPS_v2,UCSB-CHG/CHIRPS/DAILY,1991-2020,IBGE_2024
5004601,Itaquiraí,MS,2063.717,1,jan,168.32174692050913,OK,1991,2020,30,CHIRPS_v2,UCSB-CHG/CHIRPS/DAILY,1991-2020,IBGE_2024
5004809,Japorã,MS,416.605,1,jan,166.6980144986868,OK,1991,2020,30,CHIRPS_v2,UCSB-CHG/CHIRPS/DAILY,1991-2020,IBGE_2024
5004304,Iguatemi,MS,2957.41,1,jan,171.04380298617588,OK,1991,2020,30,CHIRPS_v2,UCSB-CHG/CHIRPS/DAILY,1991-2020,IBGE_2024
5003751,Eldorado,MS,1012.796,1,jan,169.230962408392,OK,1991,2020,30,CHIRPS_v2,UCSB-CHG/CHIRPS/DAILY,1991-2020,IBGE_2024
5000807,Anaurilândia,MS,3415.657,1,jan,189.39647479979064,OK,1991,2020,30,CHIRPS_v2,UCSB-CHG/CHIRPS/DAILY,1991-2020,IBGE_2024
5000856,Angélica,MS,1283.629,1,jan,178.570596050093,OK,1991,2020,30,CHIRPS_v2,UCSB-CHG/CHIRPS/DAILY,1991-2020,IBGE_2024
5007976,Taquarussu,MS,1052.232,1,jan,165.7973827099918,OK,1991,2020,30,CHIRPS_v2,UCSB-CHG/CHIRPS/DAILY,1991-2020,IBGE_2024
5006200,Nova Andradina,MS,4768.118,1,jan,183.26986917773624,OK,1991,2020,30,CHIRPS_v2,UCSB-CHG/CHIRPS/DAILY,1991-2020,IBGE_2024
5006259,Novo Horizonte do Sul,MS,849.19,1,jan,173.09934701300438,OK,1991,2020,30,CHIRPS_v2,UCSB-CHG/CHIRPS/DAILY,1991-2020,IBGE_2024
5004700,Ivinhema,MS,2003.43,1,jan,178.27801409646656,OK,1991,2020,30,CHIRPS_v2,UCSB-CHG/CHIRPS/DAILY,1991-2020,IBGE_2024
5002001,Batayporã,MS,1826.578,1,jan,170.99971737103075,OK,1991,2020,30,CHIRPS_v2,UCSB-CHG/CHIRPS/DAILY,1991-2020,IBGE_2024
5000609,Amambai,MS,4193.742,1,jan,178.4349648965158,OK,1991,2020,30,CHIRPS_v2,UCSB-CHG/CHIRPS/DAILY,1991-2020,IBGE_2024
5007950,Tacuru,MS,1784.207,1,jan,172.59231632849793,OK,1991,2020,30,CHIRPS_v2,UCSB-CHG/CHIRPS/DAILY,1991-2020,IBGE_2024
5007703,Sete Quedas,MS,839.117,1,jan,172.0272929003683,OK,1991,2020,30,CHIRPS_v2,UCSB-CHG/CHIRPS/DAILY,1991-2020,IBGE_2024
5205109,Catalão,GO,3826.37,1,jan,277.34553080463525,OK,1991,2020,30,CHIRPS_v2,UCSB-CHG/CHIRPS/DAILY,1991-2020,IBGE_2024
5221304,Três Ranchos,GO,284.034,1,jan,279.9927415993816,OK,1991,2020,30,CHIRPS_v2,UCSB-CHG/CHIRPS/DAILY,1991-2020,IBGE_2024
5208509,Goiandira,GO,569.917,1,jan,279.2772759069981,OK,1991,2020,30,CHIRPS_v2,UCSB-CHG/CHIRPS/DAILY,1991-2020,IBGE_2024
5215504,Ouvidor,GO,411.318,1,jan,279.29952177104707,OK,1991,2020,30,CHIRPS_v2,UCSB-CHG/CHIRPS/DAILY,1991-2020,IBGE_2024
5204805,Campo Alegre de Goiás,GO,2450.111,1,jan,263.4515567673205,OK,1991,2020,30,CHIRPS_v2,UCSB-CHG/CHIRPS/DAILY,1991-2020,IBGE_2024
5201207,Anhanguera,GO,55.569,1,jan,279.3907832935276,OK,1991,2020,30,CHIRPS_v2,UCSB-CHG/CHIRPS/DAILY,1991-2020,IBGE_2024
5214804,Nova Aurora,GO,307.335,1,jan,276.10220470846036,OK,1991,2020,30,CHIRPS_v2,UCSB-CHG/CHIRPS/DAILY,1991-2020,IBGE_2024
5206602,Cumari,GO,568.365,1,jan,279.0006219368447,OK,1991,2020,30,CHIRPS_v2,UCSB-CHG/CHIRPS/DAILY,1991-2020,IBGE_2024
5206909,Davinópolis,GO,482.857,1,jan,284.02090360402053,OK,1991,2020,30,CHIRPS_v2,UCSB-CHG/CHIRPS/DAILY,1991-2020,IBGE_2024
5221809,Urutaí,GO,623.821,1,jan,275.557084562773,OK,1991,2020,30,CHIRPS_v2,UCSB-CHG/CHIRPS/DAILY,1991-2020,IBGE_2024
5204250,Cachoeira Dourada,GO,528.281,1,jan,277.48737387107883,OK,1991,2020,30,CHIRPS_v2,UCSB-CHG/CHIRPS/DAILY,1991-2020,IBGE_2024
5212105,Joviânia,GO,446.258,1,jan,265.77782279033744,OK,1991,2020,30,CHIRPS_v2,UCSB-CHG/CHIRPS/DAILY,1991-2020,IBGE_2024
5203906,Buriti Alegre,GO,901.932,1,jan,274.40105831469003,OK,1991,2020,30,CHIRPS_v2,UCSB-CHG/CHIRPS/DAILY,1991-2020,IBGE_2024
5203500,Bom Jesus de Goiás,GO,1405.605,1,jan,263.4977211057531,OK,1991,2020,30,CHIRPS_v2,UCSB-CHG/CHIRPS/DAILY,1991-2020,IBGE_2024
5211503,Itumbiara,GO,2447.014,1,jan,270.3769336597417,OK,1991,2020,30,CHIRPS_v2,UCSB-CHG/CHIRPS/DAILY,1991-2020,IBGE_2024
5200506,Aloândia,GO,102.094,1,jan,266.036960086241,OK,1991,2020,30,CHIRPS_v2,UCSB-CHG/CHIRPS/DAILY,1991-2020,IBGE_2024
5209101,Goiatuba,GO,2479.58,1,jan,264.06479824608147,OK,1991,2020,30,CHIRPS_v2,UCSB-CHG/CHIRPS/DAILY,1991-2020,IBGE_2024
5216007,Panamá,GO,432.204,1,jan,266.5329676238173,OK,1991,2020,30,CHIRPS_v2,UCSB-CHG/CHIRPS/DAILY,1991-2020,IBGE_2024
5205901,Corumbaíba,GO,1864.277,1,jan,274.1108825061083,OK,1991,2020,30,CHIRPS_v2,UCSB-CHG/CHIRPS/DAILY,1991-2020,IBGE_2024
5212907,Marzagão,GO,225.518,1,jan,284.4547921950914,OK,1991,2020,30,CHIRPS_v2,UCSB-CHG/CHIRPS/DAILY,1991-2020,IBGE_2024
5204508,Caldas Novas,GO,1608.523,1,jan,287.55417683477856,OK,1991,2020,30,CHIRPS_v2,UCSB-CHG/CHIRPS/DAILY,1991-2020,IBGE_2024
5218789,Rio Quente,GO,244.655,1,jan,283.98679332442964,OK,1991,2020,30,CHIRPS_v2,UCSB-CHG/CHIRPS/DAILY,1991-2020,IBGE_2024
5200209,Água Limpa,GO,458.836,1,jan,282.91556790374744,OK,1991,2020,30,CHIRPS_v2,UCSB-CHG/CHIRPS/DAILY,1991-2020,IBGE_2024
5213004,Maurilândia,GO,389.959,1,jan,250.45740024070187,OK,1991,2020,30,CHIRPS_v2,UCSB-CHG/CHIRPS/DAILY,1991-2020,IBGE_2024
5205059,Castelândia,GO,299.228,1,jan,253.33395710827952,OK,1991,2020,30,CHIRPS_v2,UCSB-CHG/CHIRPS/DAILY,1991-2020,IBGE_2024
5212253,Lagoa Santa,GO,463.289,1,jan,274.5150638515312,OK,1991,2020,30,CHIRPS_v2,UCSB-CHG/CHIRPS/DAILY,1991-2020,IBGE_2024
5204102,Cachoeira Alta,GO,1657.226,1,jan,268.30388480374575,OK,1991,2020,30,CHIRPS_v2,UCSB-CHG/CHIRPS/DAILY,1991-2020,IBGE_2024
5204300,Caçu,GO,2254.34,1,jan,273.27072288559714,OK,1991,2020,30,CHIRPS_v2,UCSB-CHG/CHIRPS/DAILY,1991-2020,IBGE_2024
5211305,Itarumã,GO,3437.367,1,jan,274.7957700274181,OK,1991,2020,30,CHIRPS_v2,UCSB-CHG/CHIRPS/DAILY,1991-2020,IBGE_2024
5210802,Itajá,GO,2082.737,1,jan,276.40296112588607,OK,1991,2020,30,CHIRPS_v2,UCSB-CHG/CHIRPS/DAILY,1991-2020,IBGE_2024
5218052,Porteirão,GO,606.273,1,jan,255.5553004438108,OK,1991,2020,30,CHIRPS_v2,UCSB-CHG/CHIRPS/DAILY,1991-2020,IBGE_2024
5201454,Aparecida do Rio Doce,GO,603.254,1,jan,257.05182491729596,OK,1991,2020,30,CHIRPS_v2,UCSB-CHG/CHIRPS/DAILY,1991-2020,IBGE_2024
5201504,Aporé,GO,2899.237,1,jan,268.97941799493424,OK,1991,2020,30,CHIRPS_v2,UCSB-CHG/CHIRPS/DAILY,1991-2020,IBGE_2024
5220405,São Simão,GO,415.015,1,jan,270.3327747330353,OK,1991,2020,30,CHIRPS_v2,UCSB-CHG/CHIRPS/DAILY,1991-2020,IBGE_2024
5218508,Quirinópolis,GO,3786.026,1,jan,260.98657464352436,OK,1991,2020,30,CHIRPS_v2,UCSB-CHG/CHIRPS/DAILY,1991-2020,IBGE_2024
5209937,Inaciolândia,GO,689.201,1,jan,265.1670597857415,OK,1991,2020,30,CHIRPS_v2,UCSB-CHG/CHIRPS/DAILY,1991-2020,IBGE_2024
5209150,Gouvelândia,GO,827.373,1,jan,264.45271839861215,OK,1991,2020,30,CHIRPS_v2,UCSB-CHG/CHIRPS/DAILY,1991-2020,IBGE_2024
5216304,Paranaiguara,GO,1153.415,1,jan,267.9951426666169,OK,1991,2020,30,CHIRPS_v2,UCSB-CHG/CHIRPS/DAILY,1991-2020,IBGE_2024
